a alz alt alw amb alx als ama alr alu alv aly xa (zf pz or xj ra jt ww)
b alu alr alw alt als alv adw id ty cf nx (ot afb aip bq bk ur gk ry)
c mz qt acc xp dm cc ws aci qh iv qq xq
d alv als alw alt alr alu wp wg ey ew hj gk aal ahc ez ns n gn (pa adk)
e alr als alt zu fq aha cs cf ku pd agz ez
f ama amf alw amd amh alu alz alx amb amg als ami ame alv aly amc alt alr amj ada jd adc ku sn rd ahq am (afy xb oh pn)
g alu alt alr als aiy (alr og abx lh afj) jc cm ake alk ya po oc acn (pw akw adx vo nm akq)
h alu alz amh alt amb ame ama ami amc alx amj amd aly alr als amg amf alv alw hw xb ob abf ng alr sk ahx ft j ajx cq agi aai xg
i amj alz amh alr alu amb ame amc ama alt ami amd aly amg als amf alx alv alw jp va or tn ajz xo zl vb ajl ahx ou
j amc alw aly amb alu alx alr alt alv als ama alz akl yk aat rs acr zz vw (ajb afb ga ut jk ib) am vo pp zq akm alj ip
k alt amg ama alv alr amf ame amb amc alw alz amd als alu aly amh alx lk mj ex abc pc
l alv alt als aly alz alr alu ama alw alx pk qq
m alz alv alu alx ama aly alr als amc alt amb alw amd sn aau nl gf aab ud bw
n amd alv amb alu als alz ama ame alt alw amj amg alx aly amf amh amc ami alr gp i ala co oo aeo f acu eo lt go aip cj ez adq ajw kc akr yy oc
o alu alt alv als alr yk il pa md wm acj yq uc bm om lg aeb cl qt ok
p alt alr alx alv alu alw als z l ig ml (wb rb aiz)
q alx alu alv alw aly alz alt alr als ama zl dn aft jv oy xi ago
r aly alu alz amd alw alt alr ama als amb amc alx ame alv bh aio d aeo mi af akl
s amf amb alv alz amc alw amg ama aly ami amj als alu ame alx amk alt alr amh amd nc hc gw abu aii vo xj sb yf iw qo agw gl oi aet rd ba ajp
t alv alt als alu alr xp
u alr alw amc alx alu amb alv ama aly alz amd alt als ame oc nh (ku afs oc fo sw agq ahg) adj rb
v amb amf alr alu alw amc alt ama amd alz als alv alx ame aly aky ak pg akf ahk mn c zq adr
w alv alt als aly alu alr alx alw aid dh eb alp cy
x amf ami amh amd alv alr amc alt als alw alz ame amj amb amg aly alx alu ama aax xk ac tw
y alu alv alr als alt zq vm bb ml hx all nb ti agh ty afu el add alo es ce aac zm
z ama alz alt amc amb alw alr alv alu aly alx als akf gt kx adb zy akt pg abz
aa als aly alt alr alw alx alu alz alv qa p d bc acz (u xh bo)
ab alr als zs ln jd lx (adj eg (yh jw h ik (xj hn afq (zk aiw om ut tb ei))))
ac abx afp er
ad amb amc alv als ame alz alt alu aly amf amd alw ama amg alx alr o ob ais xs nv ajh aax abw jk aim hg abz lp r km lr uo
ae als alr alt aas sc jk df ge qt jy afy
af alu als alr alw alx alt aly alv ob ald aeu ada yf aju (gj aig) yf zx tx wz co abt jg es afm st rt
ag alr als ym ss tl aew ajy ps adw alb js ags akq jo tj mp aag aby
ah ais h ie (fr eo ka id qj n aez (ajb aah adp zo ul jx fg))
ai alr als alt ic acs aei nx
aj alr als ph rn v fd zd agw akc a
ak alt als alr alu cy mk abr y jf abi ij ji ob yq abg tg ajf qj (afa vq)
al ame amf aly alv alu amb als alw alz alt ama amd amc amg alx alr amh aav mc adn cy abv mz hh ahc alm qy bn
am alw alx amb als aly alt alu ama alv alr alz op agv is bh fa
an alv als alu alw alt alr pu iv aeh
ao alr als d jc qu dn aje ahm (aa pi) py qi ay ci ahy go
ap alr ge mz pv
aq alx alw alu aly als alz alt alv alr oy g tb ajc ik ul sr vd id v adr wt pm ck ri nz jc kd aca
ar als amc amd alz alw ama alx amb alt ame alv aly alu alr ox aj km gr lc pw acs ud aja ahd acf aid ajf agi
at ama alx amh amg alu ame amd alt alz amj amf amb alw amc alv aly ami als alr cj wf cu abw aib lf aki acm dj oi yg akw ahx ala
au als alv alt alw alr alu ru cv ed bf
av als ama alr ami amd aly ame amj alu amf alv amc alt alz amh alw alx amg amb gq ky fa lz ur kj
aw alt als alr alu aa dm abv agj rr (it aju ld acs ys)
ax alx als alu alt alv alr alw aed iz agr ahx dd eq fh yw ace f ads nl kx aaj xz sq
ay alr alt alx als alu alv alw eo cw afq xa ej rj aef afv mu xh
az alz alt aly alu alv alx alr alw als by ajc sb bq ta aai
ba alu amg aly alv alz alx amh ame als ami alr amf amc ama amk amd amj alt alw amb afz lp jw uv ee th alc alh ake
bb alu alv alx alw alr alt als ajk es aeo y
bc als alv alw alt alr alu mz (qh lg rv bw eb oy qn xq ahc t xh ha afx dc)
bd alt alx alv als alw alr aly alu alz uy ij ix
be alx als aly ame alw alu amb ama amc amd alt alz alv alr ac acc
bf alw alt amc alz alv aly als amd amb alu alx alr ama kf ld xx pb sz eg yg ahs pv ahc il agq re aic ck kx
bg alt alv als alx ama alu alw aly alr amb alz agw kc yf aay adl wa
bh amb alz amc als amf alx alr alw alt ame ama alv alu aly amd lt rq yy uq hw hg agq ey fo vi hw b yp
bi als alr akz et he afg fp agn aez adw zi eg ma
bj alu alw alv als alr alt ajw mz yw ajb
bk kx xx iw wq ax ek rh p rm kq md vz si zu vu abe aaw
bl aly alw alr ama als alu alt alv amb amd alz amc alx ls
bm alr alu aly alw als alv alt alz alx ama aku alg cg wz bc age ze akc kp wd w
bn als alt alr qe fk tu iu ab nk
bo als alw alr alv alt alu mt xg pf acp aax jb zq dh lv vi akh ha
bp alv als amb aly alr ama alu alx alz alt alw tc alm us rw xh yp tt se
bq alw alr alu alx aly alt als alv aff
br alv alt alx amb ame amf amd amg alz alr alu amc aly als alw ama akh zq xa akk tf ack aaj gp aaa hp fe ve vj be df sv nl er ab adr
bs alu alv alr als alt ep pj zd sm ta akq ez qx ajd bj ok uf eq d fw acp zz wq gs
bt als amg alt alz alu aly ame ama alv alr alx alw amd amh amf amc amb eo eb ay (hx jv id ah (bj kb) yf ws xo qr) aa (st um te sd)
bu alr als ul
bv alz alr amf alx ama amd als alt aly alv ame amb alw amc alu afh vo di ys afe (aew lv dv tj gw agf yj (aaq ii bf ti))
bw alt aly alx alw alr alu alv als wp afe zh aay ha ki vv eh bm ajt ahe mg aho va pw ako le akm abc
bx ama alu amd ame alv aly alx alr alt alw amg amb als alz amf amc ou j iz mv nd zq mk en agj rq n pc uc dt ahz aay bm
by alr als aaz
bz amb amd alr als alv alt alu aly alw amc alz ama alx pe vc ln jj ajt ap po
ca ame alx alr ama als alv alu amc alz amd alw alt aly amb aq nx ta qu agl aag c m ain aaa pg afz wc ach agk yt be dt vw dv
cb als alr aes afn abu rg ie ahq jd da xo aaf de rl aaq (av (zt ake bk ajj sr agh))
cc amd amc alz alx alu alr als ama aly amb alt alv alw abh ch pf ws oq cd ih akd agz ahv
cd alt alv alr alu alw als afn
ce aly alt alx ama alv alz alu alr als alw kz ic nu ph ui oj hl
cf amg amd alv aly als ame alr alt alx alu alz amc alw ama amb amf k zo ady na adh cl oh ago sk qo iq aby
cg alr als me hz fy acs fv dn abs ajy cv hp aah re j zl bf ahk uo jt st bx
ch alt alx als ama aly alu ame alw alr amb alz amd alv amc hu aha w bs gf hq np dq adr (gn nv ot aaj) ha hu lw aem ahg t
ci als alv alr alt alu alw gg dw wx abw y ou fi io rn aad xc
cj als alr ex a (aka hw aam gd) rf kk a zx mo aba ags akw xq td tu bu
ck als alr alz amc ama amd alu alw ame alx amb alt aly alv aib mk dq aho nd kg aih tk ds bk
cl als amf ama alt alx alz ame alw alv alu amg alr amd aly amb amc ro pd acg agz pg (aio wl aiz cx zm)
cm alx aly alw alt als alv alr alu qz gd uh ak ajj yb ec
cn amb alv alz amc alw alr aly ama alu amd ame alt alx als jx abh afy hz qz oy oy um bf ahi vu
co alu alx alv aly ama amb alt alw als ame amf amc alz amd alr ba aib vh aff wj gg ct dm
cp alx amc ama alv als amb alw alt alr alz aly alu mt afc ha mt agc cx aee gy pi ka uq afp ti
cq alx amd alv alw amb amf alr amc amg ame als ama alt aly alu alz amh vs adi sr gd aju j nd (jl aau)
cr adk vb sl pr jz akb aec js ahf um ail aaj lb hx
cs als alr zi lu zk afh ahh ef zi gf jt adk (iq jz oi tt (afi zl agb ah aid))
ct alu alt als alv alr lt nj d cf w
cu aly alz als alw alx alv alu alr alt it aht rn adw ge ei hv
cv alr alw alu alt alz alv als alx aly yy el hn mn alh aeb pn (tz bt) lp (iw wq ey afe bd mi)
cw ama alz amb ame alw als aly alu amc alv alr amd alx alt tk kn yp fr afe ay hr ft sg
cx ik sj qw sy aiw sb hr yc im aim b gg ah akw mq aci jq aes ks on
cy alu alx alt alr als alv alw aly ahd xk tb mg ke (ea nf ti aho)
cz alr als az
da alt alu amd alx alw ama amb alz alr alv ame aly als amc zr rm cy lx eu ajw zj fk i pz ael ez jk sm mk fd afj
db alr alt als alv alu ly dx jr ahk kg jq le el wx kk fu yj bp xm rn ahk ta af aer
dc alt alw als alv alx alu alr aly alz ama py bn dd akj cf jg gh adi hp cb afy up mu cx
dd alz alw ame alu alv amb amd amf aly als alr ama amc alx alt jj wo ada uf re rf hw ft ahf akf jz add ut agu
de alr alv als alt alx alu alw ac no (ajo vl)
df alr su yc th hb ajg (adr s gt sp)
dg amb alx amg amh amd amc aly ama amf alr alz ame alv als alu alt alw yb ako aic afg ajb
dh alt alr als aeq (yq jh rh aev sy)
di alz ame aly alx amc ama alr alt alv amd alw als alu amb ll
dj alv amf amc alu amh alt aly amg amd ama ame alx als alw ami alz amb alr ahe akp aig fm mt aif si yu eq hf zl kg aba aam ty qn aad df iv fd
dk alt als alv alu alr lt agb vc ey (tf dw af nm)
dl amk amh ama amg ami ame alt alz alv amj amb alw amc alu amd als alr alx amf aly acr mm es ale ais alj dp yl mi v vo qw yi bt sl fq abt
dm amb amd alz alx alu alv aly als ama amh amf amc alr alw alt amg ame acl aet agi vq
dn alr alt als alu alx alv alw ov s aah ic vv wk bt i fx hi vd ot
dp alv alw alx als aly alu alt alr ama alz qv aaf fb le jm agj lj my ao cb kd af
dq alu alw alt amc alx als alz aly ama alr amb alv px ft aak fd aez sl au adg um av uf zy
dr ame amc alr amb amj alu ami amh amk amd alv alt als alw aly ama amg alx amf alz afl fh aew da aeu aci pn jb wn ako tb uj bx g tp adg dq pn hc
ds amc alx amb alu amj alw als amd alz ama amg amh aly amf alt ame alr ami alv afy xc akg xa ajn yh afo qr ajw xw aav np ch ki
dt alr aly alw als alv alt alx alz alu agc agc xq ady gi vb yc yk hy adr fi yy agy qi yt (v ajm afc)
du alt als alu alv alr rd (on vp ajj ap fo agb ali pr)
dv aly alv ama alu als amc alx amf alr alz amb alw alt amd ame adu qw acb aw alo
dw amc amb alx alv aly alu alr alw alz alt als ama agq ajj xv mg um cc aca zn aeu aaz ne alp tg jo ku ace hj aak akb bh
dx alr uw py pt jp ox aeh nu gj afo a dg aaw
dy alu aly alt alr amf amc alz als amg alv amb ama amd ame alw alx pr (ago abh aea) hz ko ib adv
dz alu alv alw alt alr als aet adz
ea als alt alr alu ob wq om ahf acl pi jr all vf lx wf vt sl ahy hi os
eb alr ym dk bz ajg aev
ec alz alr aly alv alu alx alt als alw aar ee cn rw aeo aib rq
ed alw amc alv alu amh ame ama aly amf alx als amg alr alz alt amd amb tw kz act uv cy xd aam tz ajk ai
ee alw alt alx alr alv alu als aly bk zs bb vo mi la ali lm (mc aft)
ef ama alx als alw alu amc amb alv amd ame alr alt alz aly wf pr re ale pf aif te gr acc abl
eg alu alw alt alr als alv abz iz se agm aaw ro om jd adq gj vh qd bn
eh alr ai dz xz yx dy zl dl acs aha
ei alt alr als ahc wc aac to zq abh eq iy hs lm (xy afd aca dd oy)
ej amc ama alz alt amb alr alv amf amd amh aly ame alu alx alw amg als qb ls ais tr xw wv
ek als alw alt alr alv alu nv (aii aib) lo bb ahg jh hx afh abl
el alw alt alu als alv alr alx is wn zw acf
em alr m abg ys ca yk pj jz to rh
en amd ame amh aly ama ami amc amf amg als alw alz amb alu alt alv alr alx ij
eo alu alt alv als alr gi mt aez ake afh agt aw act
ep amd alv amg alr alz alt ame aly alu amb alw amf amc als ama alx dj bh sq hq hi
eq alt alu amb ama amc amf als aly ame alw alr alz amd alv alx yp pm yc
er alv amg ami amf amb ama alx ame amh amc alr alt alw alu amd als aly alz adz ahr agg ag uy kt ajz cq qc fa xq od ed agm ql cx pz rp fz
es alv ama alu amb als alw alt alr aly alx alz ks agk aim zl ep ym ht uv ht aau akt alc kc
et als alr fb aal q rh aba xd sn wb afv lc kq
eu alr vk df
ev als alr akk
ew aly alz alu alx ama alv alw alr als alt adg (ld vo we ajh te (dz acm aay xt aiz cg pw ju) tg qi uf fi qw aiu)
ex alv alr alw als alu aly alz alt alx ry bt pf ve vd nc ys no zb di abq qq
ey amb alr ama alz aly alw alx alt alv alu als fs to ay ln bk sa ng vg ei (lm alk zb fz ry afs wg xo)
ez alr als ub tx uf ph eb a ch
fa als alr alw ama alz alx alv aly alu alt sj (abh aad wm alb (ng zl bm cp ajx))
fb alr alw alu alx alt alv als q bz iv (alk (ajo akg acw oj pg xy))
fc alx amc alt alu amd ama ame als aly amb amg amh alr alv amf alz alw ly abs ig abh aeb pk fq dw ld hr ald bc cw aas mj ait gi
fd alt alv alu als alw alr vr qk xr aah tq zb up ahc ha alm
fe alv alx ama alw als alu alz aly alt amc alr amb amd ajj qg ow kp ael aka aej bi pn zx xp afg akh wd qp xz
ff ama amg alw alu ame aly alz alv alt amb alr als amc alx amf amh ami amd aed pw hi fh ev me ain hy abd ajf ov up aex ox add nl
fg alv alw alr alt alu als alx b
fh alz alr als alu alx alv alt aly alw amb ama aer wt qo et abr bg uh fb akb v
fi ame amg alv amc amf ama alr amb aly alu alz als amd alw amh alt alx fp ge pq (qy sk oy d sy gq (sw ds aau yb lm agk))
fj als alu alt alv alw alr pb jw afo tz os sg ms pe ly xj rm vc ain dt ahc
fk aly alv alr alx amd alw amc alu alz alt ame amb als ama bv ail js ag on ip aek gq it jj zn cf wp tl
fl alt alr als wr lt yh jq ajb
fm aly amb alx alr als alz alt alv ama alu amc alw jy aj aeu ajj pl qz ahe mb afu ahq afa ia agp (ue qe gl)
fn alt amd alw ama alr amb alu amc als alx ame alv alz amf aly wn yq us
fo ama alw als aly amb alu alr alv alt alz alx dg ako aeg ajm
fp alr als nt gw kk rv ko agh ww n rf ie xf tu
fq ama alu amc alz amb alr alt alw amf amg ame als amd alx alv aly od v ve hn ee zz zl nc zk fa bf
fr alu als alr alt abn
fs amc als aly alx amb ama alv alu alw alt alr alz akr agv ahe vi gg abz (nx zm aln du aht ro)
ft ama aly alx alu als alr alv amb alt alw alz gr (abv pz od ln alf acr sk acm bc abg le agw fh)
fu alw ami amh amd aly amf alt amb ama amg alz alx amc als alv alr ame alu agv ki afk
fv alt alu aly als alw alz alr alv alx pw pw ale akx th mk aip zd xv
fw alu alr alv alz alw alx als alt aly aq lx abw bl (iz u ze)
fx alt als alu alr alx alw alv vz adb tq afp ws agi
fy amg alu alt alw amd als alz amb ami ama alx amh alv ame amf alr amc aly alm sb aab zk ahg aee gp ags
fz als aly alt alz alr alx alw alv alu wf ci aht tb bg
ga alu ama aly alr amb ame alv als amc alw alz amg alx amd alt amf afh mp bc mx fe aiy alq yb tc aim (ij aav)
gb alt alv aly alw als alr alx alu oy aen wf aem
gc alv ama alu alw alz amd amb alx als alr alt amc aly ajt agl mj hv ajx mm sh hg
gd alv alu amb als alz alx alt alr ama alw aly ud vg adg rf agx ih all ou
ge acc (dk gj nz (qm aaw fv dj) ahq agf ij ax) fs akj na oc afl xm
gf alr alw alu amc alz alt alv amb amf ama amd amg alx als aly ame hw adb fa adq ru qn kb ahh df ww wo acu akv act ahi qx ke ajr afj
gg alr als alv amd amb alw alt aly ama alz amc alu alx dy dt is aga xg akw zd mn ajs ro ago
gh agi qg dz lt alh wt aas aic
gi alt als alu alv alr ak aft acx
gj alt als alr aw xw
gk ami alw alr amg alt aly amh ama alx amb amc alu alz als ame amd amf alv amj bv act (bd qt agy kv mf js gh lh pk uo kp pf me aal mi ts)
gl alu alt alr alv als cx ze (aao vn acf df kn cr aih ahx cj uj ot adh akc lu zo aei bo io)
gm alu alv alr alt als alw aeg add cv abt za acc ale q uk aep aiz
gn als amg alx alv alz amh amf aly amc alr amb ama ami amk amj ame alt amd alw alu gk c wk km aei m aag lj cm jc (aka oy bw (wg agi) kl ih)
go als alv aly ama alx alu alw alz alt alr fq ql tt af tk bt wk op vf adw vh alg vd i dx us abg agz
gp alt ame amf aly alx alr alu amb amd ama amg alw amc alz alv als yh xc mh fo jp qh aa abz aji eo ij
gq alu alx alr alz amb amg amc alv aly amf ame amj alw amh als alt ama amd amk ami afn uo te zc so yo vy ajx yw xz ahq jv afp ajc za
gr alw amf amg als alt alv amb ama alr amd aly ame amh alx amc alu alz jk dz eq sx xe sw jz ru jt xj ui acd afe mj (qv jv)
gs als aly alz alx alt alw amb alu alv ama alr yi
gt iw ahl (bu acm ej ra de yc xv (xy hp agk vp acv gj acf))
gu alz als alr alx alt alv aly amb alw alu ama ajj bp zz de sg hf (ahf nk (aip zr ko aem mh ahf))
gv alv amg alw amd alr alx amc als alz amh ama amf aly ame alu alt amb afm akk vu vm adz aaw j (yi oc alm oy (sc akr zv) akh aik lu)
gw als alt alr adz xn w
gx alt alv alw alr alu als bt xn hw ca ahn alh ic
gy alw alr als alv alt alu vh aia v lh
gz alt alr als xg ca bp ax rq ahg wg bi sq (vc afu pg aep ahj agj bz abo) afh
ha als alt alr alu vt agj agv np yj dg cq qh aeh qn abi rh
hb aly alu alr alz alx ame ama amf amd amc als alw amk alt amg ami amj amb alv amh gy t agj ef ajv pq aen (ec je fg ald gf ru (aai zt la yb aee zx) yk)
hc amb als alw alv alt alr ama aly alz alx alu rv oe adj zc me mj i gp ia agf ako lc agr oz hu am iz
hd ama ame alx aly amb als alu amc alv alt amf alz alr alw amd qu zn aco u agj dz (ts abb acb nm yn aaz)
he alr als ajp yz xy jj yu wx mx gs xa aim mj zt hy ex st (kj pm)
hf amf amb alz amd alt alv alr alw als aly ama ame alx alu amc ala aiv aht wt alj le mq ke nf xr s (akw yv aff)
hg alv amb amf als amc ami amh amd alu ame ama amg alt alx aly alr alz alw amj gt aht afe cn (ahq wu)
hh amb alv amd als amh alr alx alt ama alu amf aly amg alw ame amc ami alz aas ok ajn ais aka tz tv ej afq ej pt qz wh xp bp vv m
hi alx alu aly alw alt alr alv als ua aeh ako
hj alr alw alv als alt alu iz sc ajj zs ajw vd aau ake wf ik aic
hk alt alu alr alw alv als ne
hl als aly alr alt alv alx alu alw alz cf tx ov jb adr
hm als alu alw alr alt ama alv alx alz aly wp yo rx afa lg vk b ha (lk mv hr fc aex au xy lv xf rn ajs)
hn amd aly alu amh alr alz amf ame amb amc amg alv ama alt alx als alw rr ry fw cg gc uy ut ue gb afj qb ago
ho alr alt als lf agv aap ee aw afz ahb ahf pp sh pg afo
hp alr sx ji mn af uj db xs agw
hq amd amc amf alt alr als alv alx ama aly alz alw amb ame alu acs
hr alt aly amf amb alz alu ama als alx amd alw ame alv amg alr amc im tw rc ez cb yk ahm aai abe dc akc
hs als alt alr alw alv alu alx ws adw ahp ii xl va ig zz afp pc fo adn aee fn akc
ht amb alx ama amd amg alu amc amf ami alz alw ame amh alt alr alv aly als gp om dh aeo lj cw vm pf im
hu alv amf alw amc alt alx alz als alr aly amg amd amh amb alu ama ame hf yw
hv alz ama alx amc alu alw alv aly amb als alt alr afy afs kp acf (uk ale h qb lb ey hh abq bi)
hw aij aci kl aq uk hv sc
hx alr alw alx als alv alt alu ma uw ajq jt cu aig jk u abn dk gb yi qr hz vb aep
hy amd amc ama alz amb alx alt aly als alr alv alu alw ach bo adp aep agy (xa wt ss)
hz aly alu alz alv alw amc ama alt amb amd alr als alx ame kj cs aae rr
ia als alr gu
ib amk alt amd ami alx alu alr amb alw ama aly als amh amj amc ame alv alz amf amg wp zz hz tn t mp all zl (adf ahf fr agx) (qy akl acm) abp ee xy adh
ic aen pe yy go ra ao nf agy xp iv
id alx alz amb ama amc alt alr amd als alw aly alu alv ame aea akc ds ajh kk (aha wh aip iz vd (afi ip yu lb) aaz)
ie alt als alr alu alv od em dl gu zs
ig alv aly als alx alr alz alt alw ama alu aa wz xk alc afh sb el eu ald ck bg ce aed alb akc kz ahz
ih alr yc lt ady ai nm dj th pd
ii alt alx als alw alr ama alv alz alu aly wp ady ajz (adv lr wg va de cy ml ao aie ai yb (at aag alg uy))
ij alu ame amc als alx alv ama amb alw aly amd alt alz alr rr zt wp abr wr aib mz o no acr mv zw (rc av (nd kl uu ss dl hy))
ik ama alu amc alr als alt amd amb alv aly alz alw alx acz d gm ad ui or bs fx
il amh alx alv alt amf alu alz amd alr amb als alw amc ama amg ame aly oy
im amg alr alz amh alt amc alu amd ame alw alv amf amb amj alx als aly ami amk ama ags sh og nj aay ach lh
io ama amb alz alx alr alu aly alw alt alv als qx bi ku ajq
ip alu alv alx alr alw alt als abi ef ke um ez yq afa qn zv xp agl uz afb
iq alr als amd alt alz alw amb ama amc alu aly alv alx wq akg rw fq nr lh aho al c ahj aky yn j cf
ir amg amd ame alt ami alv amb ama amj als amh alu alx alz aly alr amf amc alw amk ahj ox ad e ao kb at
is amd alv alt alu alx amb aly alw ama amf amg amh amc alz alr ame als ahf (ael ub ajm hx agk qi xg fj mq) kx adq aib agk oh op ls
it alz alr ama alx alv alu amb als alt amc alw aly ajm aiz rh ahu qc abj mv aaz ajq
iu als alr alw aly alv alx alu alt afv afd ry sl afo gk fr iw aec adl ahj lh adn abw fe gj dc
iv amb ama alr alx alz aly amc alu als alt alv alw amd cb ahw aim ajj kn vd h ss (abq agp aby yu zi aew ajd)
iw alu alz ama alv alt amb alx amc alw ame amd als aly alr kk jx y at wu gh wr jp aax (bn dd ajb ajb alb jf alq) pk zt aaw
ix alr alz aly alu alx alv ama alw alt als amb fo bw hi cu yv (ael aea acc acu afr ph dt) abq hm
iy ama amc amd alr alt als alu ame alx aly alw alv amb alz mu cd tt abh bx ws adu ade (o ft lc)
iz als alt alr gl os adn yz mx adq nh bi uy ex lf agz vw mi
ja alu alv als alt alr akj eq yd po oz ahb tb er wx acn dx (ac be) ajl rk kp bo bs
jb ama alt alx alu aly alz alw als alr amc alv amb xc vo vv ya agp ie (cn au (alq gc sw hz acs ahq hs afx ax oj))
jc alz ami alr alx alu amh amf ama amd alt alw amc amb als amj aly ame amg alv qb ahy ajl cu yi zj qz nj ff aex
jd als alx alw alr alu alv alt hm afc y uh qx zr vu pr fj vu afm ee jz vw (agc ir vc aeo)
je alw alu ama alx aly alz alr alt alv als abh kr tg et jb aao gq aaj ahs aic ahr
jf alv alw alt alx alu alr als bb vo kp ajt ahe nx
jg alu alv alt als alr nq (gv kx)
jh als alw alu alv alr amc alt ama amd alx aly alz amb ado xf ms cr rw ti aay d jo n ain zf acf is ns
ji alw alv alr alt alu als pg adv wr ih (jx (bx kt gz (x ml) bq (od qz abm nz su vz)))
jj alr ahu
jk amc amd alx alr alu alv alt ama amb als alw aly alz bj sw ux ws st (ahz vp aak cf w) ap aap qw tc kf ald sq tq
jl als alt alr alx alu aly ama alz alv amb alw pw id bz
jm alu alw alx alr alt als aly ama alz alv ga ko aih j agu
jn als amb aly alw ama alv alx alu alz alr alt acp d yt afe px vk hd
jo amb alw aly ame alr amh ama alu amf alt alv amc alx amd alz als amg vn akj hc
jp ama aly alu alr alx alz als alv amg amd amb alt ame amc amf amh alw aio yh cf ua ti abt ww ek sh aih ns aek aai (ale ku) hy l wp up akr
jq alw alr ami amf ama ame alz alx alu amb amj alv amg als amd alt amh aly amc iy zj ax ml ahc uq ahc agg acc akd sv aiq alu hu yc agm aif cd
jr vh xy agn kf ia ado dn qm wx ac ko ii dm vo akl aef afv yf mv gc
js alr ama amb amh ame aly alz ami alx amf als amc amd amg alu alv amj amk alt alw fc abp yf
jt alu alx amb ame amg aly amc amd als amh ami alw amj alz alt alr amf ama alv abm uy pf zr ke zo aio
ju aly alv amd ama alr alw alu amb amc alz alx amf alt als ame uo aev ady bq na afc aak wm nt (jb aio qq aci ia)
jv alr amc ami amd amf alu amg als ame amh ama alw aly alt amb alz alv alx vx
jw amd als ame alw aly amb amf amh alv alz ami alr amc amj amk alx amg alu alt ama va akc aeo adt sl afj aef yu abq cv
jx alr amc aly alz als amd alv amb alu ama alx alt alw jg ru ads rv ahd (mq aao) ee xv yy aem afv px abk adc hx
jy aly amc amh alv alx amf amg alw alz alu alr amb amd als ame ami alt ama he yq acl aec aiz ko pg yj ld kc rw xh akz wy
jz alr alt als bx cd zg afh rx nd pw (aal sy bx) iw yt gz alp kv
ka alx als alv alw amc ama alt alu amb amd alr alz aly ahr gl (gg qe abh aij) da (pm js wu)
kb alt alu aly alv amc alr ame alw amd als alz amg amf alx ama amb pv fg oq adg nl l
kc ame alw ama alr alz als amf amd alx alu alv amb amg alt amc aly vq
kd alu als alr alt alz aly alw alx alv ru kb aig akk za (eo adg lv ahc bs aae aft ahx df ep ci fe ao)
ke ama alx alv alt amb alz amc amd alr als aly alu ame alw aao aim kf va afz (aen ack) dl ahy tl xg aah afl age afb ui adh ajj xb fh
kf alz amd alw alu alr aly alt ama als amc ame amb alx alv bc uy
kg alr alu alz alx amd ama alw amb ame als alt aly amf alv amc ws ms hd ic g cb ib dh agb mj acz ajo fz cz fb alp ph dr al ca
kh alv alz amf amh als amc alt amb alx ama aly ami amg alu alr ame alw amd ik ajl
ki amb als alv alu alw alt alr alx aly ama alz ahp xu akl (aap rc qy gf ue afw acf rl tp) mg aim hb vv afd ahm nt
kj mx ey at aix (ox ym hz um)
kk alt als aly alu alx alr alv alw acp el abx
kl amd alw alz amb als alu amh aly amg ame alx ama amf alt alv amj ami alr amc nr aea
km alr alw alu alx alt als aly alv jg jg ajz aec (vr akw acj hg ma agb adz wf fx ahv mh nm acw)
kn aly amb alz alr alx alw als alu ama alv amc alt da dk adz yr ep (zc ali ags aeu) agv akq hc dc ll re mz
ko als amd amb alw alu alz alr aly alt amc ama alv alx acn
kp alr alv als amc alt amd amh aly amb ama amf ame alx alz amg alw alu all uw kl aaq fn za
kq alt als alr vn yx vs jk af xv (ke me hq kb ai alf fn) aan aji wh
kr alt alr als qv fp agl yu abf ahx (aac adn vy (tz ajx afx))
ks aly ame amf alu amg amc amd alv alz alw amh alx alt amb ami alr ama als jn cl gz zj jl zh qx gl wl ce fo py
kt als alr alt abg ale vb pt
ku alw alr alv alt alu als amb alz ama alx aly pi aar ck xy zr nq fw qn eg lg tb zo w ro
kv alt alu als alv alr acv ix akc abg az abv ij (es (f va abw ev fm fv g yt ko) aal adv ajx)
kw xo
kx alr alt alu als aim aay el zl dw afn afr rk wq db aay rs adb ry ady
ky alt alr als ku ags
kz aly amd alr alz alw als amc ama amb alx alt alu alv yu ev lb fi ai
la als alt alu alz alw alr alv alx aly cw
lb alu alr alv als alw alt alx jp aci ack wu (xz jt vu dk kz vy agd sm an kd lp ek)
lc aly alt als alr alz alw alv alx alu akb
ld ao gu qa afy sp el sl db ak th tf aaq
le alt alr alv als alu kx abx t
lf alx aly alu alw amc alv als ame alr alz ama amd alt amb rm
lg alu ame amc amg als amd alx alr alw amf alv alz aly amb alt ama aq wo adj jr jw pt bc aaa afq
lh alr als alt rl (nw ali ob tl sj jl afj yh tn aah aid ay vm aiz fd)
li alt als ama alx alz aly alw alu alr alv amb ff s hp gd qc
lj alt als alr ug zy ul wp kf agp alh qj aic yp gw dm
lk alt alv alr als alu ja
ll alv alt alr aly alw alx alu als akm akt tn gz lk xb aav sj t up
lm als alt alr tj ajh lh alp hc ahg all (rs gj abl kd ej akk mp ajm aex aim bc ca)
ln alr als ui yd afb sy wi yl nd agy lr pz ho aft aal fq hv va ep
lo alr als alu alt bi gt qf aho py (dc vc vf oe pf oq ru t ahp abu aim) ty rt ajr it
lp alv alx ama amb alz alt alr alw aly als alu be dl uk ab xx jj kt km
lq alz alw alx als alt aly alr alv alu ty aii pm ve aex ce yy gd mh iz ajo hk
lr alz aly alu alx alv alr alt als alw or td (ha xy aeh ik jh akw cq p ys ar abp oc) ahp kx adx ou y
ls alr cf wp ul ws aiu nm akr hx sw qs
lt alw aly alu ama alr alt amb alx als alz alv su aji bl afj de yf jt zv afd ea akl pz (yd adk (gp xx c gs gs))
lu als aly ama amc alt alr alu amb alx alz alv alw aft sf abr ev pg aad tr (vq ij xl qt) de adq hd zu sk hh gt
lv uk uo aae gb adh at pn yh km mi (ajj gl) y ij mn
lw als alz ama aly alt alw amc alv alu alx alr amb cp ge vr (qu ajb lf fe os he aft ri)
lx alr us aep qi
ly alr aju kh vh zu vf
lz alw amd alv ama amb alz amf als alt alx aly alr amc alu ame bi tx zd fn tj ajp oi bu ar xs afc adb us sd pk ahf yu zi
ma als alt alr alv alu ln adb afe yc ov ci abp (hc zf)
mb alr als alu alt gg lo sg agy bh uj dp ci
mc aly amb alu amf ama ami amd alv amc alx ame amg alt alw alz amh als alr gd rl rq afg acn ig aao it oh cl (ai nc wt qq jz yc)
md alv alu alt als alr el
me alx amd alv ame ama amb alu amf amj alw ami alz als alt amg aly amh amc alr abn zw wq
mf alu als alv alt alr aju acj agn ii afz ad vi (af adb xp (hv jp rv aen mi mk oy cj))
mg alu alx alv alr als alt alw aly or afm air aiu xp aaf gn bh ne rf dk ru pk jg dn
mh ame alt alr ama amg amc alx amb amh als alz ami amf aly alw amd alv alu akk
mi alr als na ew adx aeo sb yn sx aga gr wu bt xk hi afh ks hs
mj alv alr alw alu als alt is afh sr nb aa ak jr zl
mk alt als alu alr hz ki agp kb my vs ps acu acx wf adc la my aed nk
ml amc ama alx ame alt amd alr amf alv alz alw als amb aly alu f akc un lk dw zt agq
mm alw amb amj alr amh alu ami amf ame alz ama amc alt als alv amd amg aly alx nn (ys ahx zn ot afh ti aao yq gh zp aft gp vp zo ajd akx oz em zi)
mn ama alz als alu alv alw alt alr aly alx xk ki t dh qp nx cf mz oz mf wu ww t afx afo aku ue
mo alt alz amb ama amg aly ame als amf amd alr amc amh alw alu alx alv gw sx aku abm lq ahn gm adx acu all gg yo aiq ct z vf
mp alr sj aer gz ih
mq alz alx alw amb ama als alu aly alv alr alt vd ez cr afw nx vr (xt dl xq ih) abv
mr alu aly alv alw als alr alx alt np aga yz ux bl x akf aad adg
ms als alr alt aie ww acj qn wa ku
mt oy
mu aly alx alt alr alz alv alu als alw abh dd cp p ir bn ob bi tr wm bs xt vl sm lk em (pf akc ahi tm)
mv amg amh amf aly alx ama alu ami amd alr ame als amb alw amc alv alt alz rc wi ys hm aff (rg (bi afh) (lx to) bj iu fw kb rq aed ll wf)
mw alr qi vv ahw bf ajp jb (ba (aci aef aam gr) ac tg aan aes rw) ub aka aax cx
mx als alr alu alt aef
my als alr alt aba d aec ah ch lh jj gr hu hg ok vm ec by air afn rl
mz aly alt alv alu als alr amb alx alw amh ame alz amg amf amd amc ami ama un
na alt alr als mz adw agl qz xw hq la air nf em qz ne kg aiu wz aa agj fz
nb alr on lf fh xt io am rb abb ah au ob ahs afg (hx ii ur)
nc alr alu amd als alz amf amg amb alt amj aly alv amh amc ame ami alx alw ama pb hq op aeo jj adg aju tm ald uu ok
nd als amd amc ame alu aly alr amg alx alt alz amb alw amf amh amj ami alv ama vc yg gn bp ir om aeq ux ajr ji gb tu fy
ne amb alt amd aly als alr alz alu alx amc alv ama alw nr (aaa zy vt yh) lp rg aip np qp gk xm akb zy ro va ka bv acb alg
nf alr als pz afh dl vw ic ge lm zc ajd (xw vu ug xr lh akm ht aez)
ng als alt alr ck (gv he uo aka) jl h zm ahv il
nh amd alx alr ame alv alw aly amc alt ama alz amb als alu aby fy kc alg ach az bz hg aaf qs adl ke aaa
ni alu als alr alw alt alv q jb yw ait
nj alr alt als qj yu ali rv ahx py da hl w tj ni fa zd akz rm pu hq
nk alr aba rh rv xg aal
nl aly alt alr alv alw alu alz alx ama als iq aew fv is jh xz abe ol wf (qu ve) le
nm als aly amc alw amb alz alx alt alv alu ama alr kw xo kf ny yx lg j agx (lv bu om jo bk ajc ajb agj va)
nn alx als alt alw alr alu alv ake aiq akk ahm
no alr als alt akr agt zs (ra fy mz hz kt akt agr np)
np te akc jd eh lz akd abb ael qy zr sw ail cg eh jt ajm bj
nq aly alw alz alv als alt alu alr alx ij
nr alr alv alt als alu aji aie jz ajp aan (aaj aeo akm pc xm tj dx aie)
ns alr als aac wz sr nt
nt alt aly amb ama alu alv alx alw als alr alz fn dv xe sv fb uh afp aap zh ue dj vn nj ji vi
nu alz ama amb amg amd aly alv amc amf alt ame alx alw als alu alr aec wd mr ot adj ahw ahu ahf aks rd acj ahh
nv ama alv amc alx alw alz alt als aly amd alr alu amb ahu wv akn (pa l bm ki ng kl)
nw alu alr alv alw als aly alt alx alz nf aho su fm md ajt
nx alt als alv alw alx alu alr aly la fs wq agt em sg
ny aiu (dq nd ky ajd nt lw pu it uf)
nz alz alw ame aly alx amc alu alt amg alr amf alv ama amb als amd sq afb adu ju adm zv
oa amb amh ami alv amc amf alu alt ame amg ama alz amj alw als aly alx alr amd amk alp gw ie ajs aig xt pb agh ce gh fy
ob alv als alu alt alr alw ly uk cr acb bd ae sh hk sf hh ty gh abs
oc aly alr amd alv amb alw als alx ama alz amc alu alt ame bd j aej uv xp uh d o sr rr gf pi qw ld wi nb ju
od alz amb amc alw alv als alr ama aly alx alt ame amf alu amd aby lv ha jr lj qe yv lg ck lu td te
oe alu aly ami amf alt ama amc alr alx amh amg alz ame amj amd alw alv amb als yp to rb jg (pa oa) wm afb aak xf ahk
og amc amd alr alw alu ama alt aly als amb ame alv alz alx aj ar re
oh amf alz amd ame amg amh als ama alw alu alv alt alr aly alx amb ami amc mk re pg (aft xu rz (ha alg afb lk abq vo qj lm ael))
oi alr als alt nv yo nq sa ajz xm dx yl hf ub aav
oj als alr alw aly alz alu ama alt alv alx afu sz
ok ami alx alv amg amb amj alw als alr amh amd ame ama alt amf aly amc alz alu uz wh rh aeh tk qm pl alb kz gp adp sh og nn rw
ol alr oi qs akh iu rd pj acv at mz akz oq ago ajx wq ahg hr yh
om ame alw alr amc als ama amb alt alx amf alu amd alz aly alv cj aiz aag dd vu dm ud abo et
on alx alu amg ama aly amh alv alw amb alr alt als ame amd alz amf amc ako ij fw oq mt sv cx abz lk za
oo ama alx amg amb amc amd alt aly alw ame alu alr alv als amf alz xf aaj aaz yy aeb aih abt sy mi tc rz aep eg aem akf acp
op ama alv alw alz alx amf amc alr ame amd aly amb als alu alt fe abt uv abz sc wi (ahs sv a) cf py wt ng aen fv fo
oq alr fw acc ug ar lz fg jx et rv kn ajy hq aia tu ajs ain aiz
or alu als alr alv alt fl agn afm nk aai ot xo yb gg gy jc aaf
os alv alr alt als alu by
ot als alr alt ms az cq
ou alx alt aly alr alw alu alv alz als rq vj hw ol agy x dj ade ada tl fg tr (fr nv ph pm ahv)
ov alt als alr mf agf t jm aah aav wj ho h ady rd (ml ep xm oc alb ez)
ow ama amb alt alu alv alw aly alx als alz alr ahj bh afd ajl ob hw afg (aem nq)
ox ay ahv ov aeg akf afw ahz afc qm jr ahd wm
oy als alr alt alu ay (lh dw) px yr gw ahl
oz alw alz als amf amj amk ami alt alr amb amd amh ame amc aly amg alu alx alv ama ku aei acz fz (zw ca hr abz aa ec d afa ahz aci)
pa amj amh ama alu alx ami aly alw amg alt alr alz amc amf amd als amb ame alv uf ajw ck za ajj aaf adl zg sg alo
pb alw alz aly alr alx alv als alt alu ach ad xf aev adq fo gv adh an s fx av aak
pc alu alr als alt afw kg ue el rz ft mj agu acp he aet acl m ia zj sq dd eb
pd alr ahs (e afp ahb np gq ail) co adg xk mm rj aaz un wk kl hi
pe alu alr alt als ake cp io bz adb hp zu fp gn aid qs
pf alr ih fd oj akq ni (akt gs alg ain fp pd)
pg amf alx alr amg ama amh als alv alu amd aly ami alw alt alz amj amc amb ame fo aih mr qq qo qx rg (i age tf)
ph alv ama alt aly alr alx alu als alw alz m mv afb alp di afw rx
pi ama alt alv alw als alu alx alr aly alz aau ada acg uk dk gl gd ahg ib vj wv kl hn
pj amg alr alv amd alu amf amb amh alz ama ame alx ami amc alw aly als alt yr ahd fn pb gl aeq acd qu ajj te sm zi fk zk acc
pk alv alr alw ama als alx alz alt alu aly amb aie dg
pl aly alu alv alx amb alt ama alr alz als alw ec aje zj xg xa wt ay xh cn abc acz sa op ia zl rd
pm amd aly alt alr ama ame alx alw amf alv amc als alu amb alz pk gr sc hq (ny zw aiy oy ps su) sd
pn alw alv ame ama alr amg amc alt als alx amf amd aly amb alz amh alu w pj qo zc sk mg ale bu mc aiv uh
po ami alu ame aly amc alz amj alr amb amf amg als alx amh alt alv alw ama amd jv mz i nv yf ake aes
pp als alu alx aly alv ama alz alr amc alt alw amb abb ahi ads ahc vs hl qp or pc sx u wi rt ahm ze cg
pq alr alt als tb xc wf aaf ajg akl afj wa wy ty wp du qu
pr als alr px br ot id aaf ahs ajo (eq ay lw jr ft ajd)
ps aly ama als alt alv alw amd amg alr amh alz alx amf amb alu amc ame fx cq jh
pt amb amg alv alu amf amk alr ama aly alz amh alw alx amd ami ame amc alt amj als jg wz f xv
pu alv ama alw alt aly alr amb alx alz als alu amd amc l act aeg afh ok alc alj aaq od vg zc sq ajz
pv alu ama alv alz als alw aly alr alt amb alx afr nv adm fj ed jk ni ig ln tw agb oy nl eq gm aew aex yj
pw alu alz ama alv amc alt als amd alx amb alr aly alw gn eq hd cy ir aac jm yj aab us ahc afh aff nk ri
px alu alr als alt tb aba si aki ais ay rg pf
py als ama alu amb amd alv amc alw aly alx alt alr alz uf (mm lp an aeo go qk ai dh ah)
pz alx ami alt alu amd alr amf alv alw ama ame amb amg alz aly als amc amh hg akp acq qx alh aag ajk zz (aiy add y ako aez sa ahp ky t jr es)
qa alr agr so
qb alr kj
qc alr aly alu alv alx alw alt als wq
qd amh ame amd amf alu alw amb amc alr amg ama als alx aly alz alt alv fn xp hf hk ahu ww vm ahn cq aar oo
qe alx alr alv als alw alt alu pv sc xp ahz iz qd sy bn bi og q ig aav jp xb alf adw ahh yc
qf als alx alw aly alu alt alv alz amb amc ama alr agb
qg amj alv ami alz alw alr amh amc aly ame amd amf amb alx amg als ama alu alt wk za wm e
qh amg alw alt amc amh amd alu aly amj amf ami alv alz als ame amb ama alx alr aga sd ge qk fe aiy tt aad acv ahm aif aez aaw aag
qi alr aks aix abx adt aai lp
qj alr alt als alu alv rt ajp gq jn ra
qk alt alx alw alr alu alv als z
ql alx alt amb alr alu als ame aly alv amc alw alz ama amd fh qy t aal akb k kg ake fu ae aes jx aq bx aer cm dh aak br
qm ama als alz alu alx alv alr amb alw alt aly ajn ajj aef vo ok
qn alt amc ama alr alx alw alz alv amb als alu aly amd vf gj ais iz abf qi acd lp
qo als aly alw alt alx alv alz alr ama amb alu jr wg rb vo no k ako adc oh ts
qp alt alx alv alr alu alw als afa adi nr gt az vp bv aci cu agm
qq ama amc amb alr als amh alu alv ame aly amg amd alx alt amf alw alz agy v abf (abb abe ok) yt acx gn sr nh fk sb agm vn af hd
qr alx alu alz alt als amb ama alr amd alw amc alv aly afd od fb uk ol aal bp akq gg sf ait lj ha sr yh rp oh oq
qs alr als alv alu alt afw ke acf aba yf sr
qt ama alx amd alw amb alt alv ame alz aly amf alu amc alr als ok ajz gg kb tx pl ly fz rk mc x
qu amd alt alx amk amh ama amj alv amb als alu amc alz amg alw ame amf ami alr aly yx ti (q yq eh abh alg hp pz xk bj)
qv alu als alt alr mt (mn gv aai qy act)
qw als amf ama alu aly alw amg ame ami alv amc alx amd amb alt alz amh alr amj gd agw id sc sx zq dp abo
qx alw alr aly alx alv als amf ama amb amd alz amc ame alt alu akm bg ln alk adx zm iy sk abb abp
qy alx amh ame ama amg amj alz aly amd alv amc alr amf alu alw amb ami als alt amk ny aa
qz alr alu als alt ey xh ww sf ajn q
ra aly alt alx alr ame amf alu alv amc amd als amg ama alz alw amb ts all di
rb als alr ta jz vs cx aag qx ql ak abm ne wf xv aac ald
rc alu alw alv alr alx alt als yq agv nt
rd alr ty adj
re amg ame ama aly amj amd alx alz alv alu amc alw ami alt amf amb als amk amh alr ao mw kj pn ace
rf ame amc alw amf amh alt alv alu amd amb alz alr als aly amg ama alx ln pg x an ab mz akj agb bw mh hk rl un zv
rg alv alt alu als alr fo
rh gy
ri als alt alr hw afw cc aiy bd lp aid gi wn iq alc pc gb vx l
rj alr va xp lk
rk alr alu alt als alw alv alx aly jh hz
rl alx alr alt aly alw alv alu als ey kj ai
rm als alu alx alz amd alr amb ama alw alv ame alt amc aly et sd bz iw afj yb
rn alu alw alt alx aly alr alv als ahf adp si aih aeq ahy agb fj akc dm oi ie akg adr abb oe f ads
ro alt alr als au alk agq tr ajq lr sk aio xi yt agb bi sr fj cs nc hr
rp alw alx alt als amd alr alv amb amc alz alu aly ama uy de ao afn qn agd fl bz gy rd mm ajt adc alf ix mq eg
rq alr als alt alu ags
rr alt als alr ol
rs aly amf amd alv ama alw ame als amc amg alu alz alx alt amb alr hq (uo bh cn (et xl ws hk akf es) alm a (aia akf ht tj))
rt alw alt als amj ame amd alx alr ami amg amb alz amc alu alv amh aly amf ama my rd it xg afa zq qq (aip ed cz fi pl (ago xl akg ov))
ru amf ama amg aly alw ame amc amh amj amb als ami amd alr alt alx alv alu alz gp ml bm h wx wc adp ag ael
rv alr cu ajn hb lu zz afj zj nh je adp ada
rw alw alv alu alz aly als ama alx amf alt ame amd amg amb amc alr wg ajv
rx alw alv alz alu alr alt alx ama aly als oi
ry amd aly als alw alr amc alz ame alt alx alu ama amb alv aie ge nx yk px
rz alv alx alu alw als alt alr xl jk pe abs hy bl alm (nq vp wy my abq zc)
sa alx amb ame alv amc alw amd als ama alz aly alr alu amg alt amf tc pb qy xv acp hi pw
sb alu alv als alt alr adv alj
sc alz amc alu amb amg ama amf ame amd alr alt amh alw alx als aly alv la aa ig jj vw id ft ajv aaz bg
sd alr xk
se alt amc alw ama alz alx alr alv als alu amb aly amd ue bh akr (qa nh akx xx pj)
sf alr ps je xq kr yj sz sr jk pi
sg alr als kq gu
sh amc amd alz alw als amf aly ama amg amb alr alx alv alt ame alu gz afq fv bv ahm aab oh
si alx als aly alr alt alv alu alw akt aie dw
sj aiy act rb de mk xz
sk alr alu alv als alt tb aef acc pt kk (zx ajj)
sl alu aly alr amc alv ame amf amg alx als ami alw ama alt amj amd amb alz amh aeb uw adx fp
sm ama als aly alr alv alz amb alx alt alu alw qq fg adt wa vc lo tg ke xk zt ajk ou kb hm
sn alt alr als un hc ta wo (f pp)
so amc alx aly ama alr alt alv alw amb alz amd alu als zx mk ads abq qa
sp alw alr alx alv aly alu alt als alz ama qs qc adm
sq alw alt alr alv alx als aly alu fi yx akz (fi mz acb) ajh je ov fy sn or
sr adh
ss alv alr alw ama alx alu alz alt amb aly als ahk aag (aan ake ka ym ek afj adz jm)
st alw alr alt alv alu als wa ki hz gt adc tl ll ke aeg nn et ahj gx
su ama alr alu alw aly alt alv alz als amb alx jf hm mv rl abl aew on nb oa no abm zo ahq
sv alv alr alu als alt aeb agj ix alh aih ce gb xe rj de uo (jo als wy yv)
sw amb amc alw alx ama alv alz alt alr alu als aly aal sz zh
sx alr alu alt als zf aib adj ld wi gc tv (adp oi hd aja aab td on sn ahu)
sy alz alu alr als alv alx alw alt ama aly qm sd ald s afy akr jn ne
sz alv alt als alr alu alw sh ahm xa aar ui acr jp aco te aap qs vd lg aet rs fp mh
ta aly als alx amb amd amj alz amh alu ama alw alv ame alt amg alr ami amf amc ez akm ads zp aw uf agn vk av xh gi zj ah
tb alv aly amb alt als alw alx ame amc amd ama alr alu alz tx
tc alr alt als eg tr wl aej abx ajr (xh vi iy fj tb ei)
td alu alv alw ama alz als alr alt alx aly ri vt ado aek tq ih ub
te alz alv alr alt amc ame alu amd als aly ama alx amf alw amb sf le iu qa j o cb agj nj agl ok sv rk
tf alr alt als mh zg kf akl eu aij kk rg aft cz ie os ya abp aez wf o
tg amb alw alt alr als alu ama amd amc aly alx alv alz pa all fe tx aib pu ex ajc acu
th ame alz amd alv amf aly als alu alr ama alx alw amb amc alt ajz akw sg alc yh xm alu alk aln abk jf fx ads ke ahd akj
ti alx als alt alr alu alv alw ih pm id cz ack
tj amf ama amh ame als alx amg alr amc alt aly ami alz alu alw amb alv amd ka ag zr je tz sw bh aft aap qw acb mg uj aie lt oe alm ali kk
tk alr als alv alw alx alu alt ade lv cl
tl alr alw als aly alx alv alu alt rw dm fx gc mr sw pg
tm alx aly alr alw alv alu als alt amb alz ama p md fn sh aid b
tn alw amb alt amd ami amc als alu amg ama alv ame amf alx alz alr amh aly ev qh ak uu sl kz bx xd aif gm bz ci cq
to alr als be eq jr (qr aax lo ai zw akx gw hr agk) bd abg ajy sq he h
tp alr als alt alw alv alu kd zy tu ahw fr ch aaw eq ik acd w tg
tq alt alx amc ama als alz alr alu aly alv alw amb ajx uc vq ru wx hj i cw k abw pp zn nb ags tl ua da zg
tr ama alz als alu alt alw alv alr alx aly lt xl jd
ts alw aly alt alr ame amb alx ama alv alz amf amd als alu amc fk aco yc ajh
tt alr ame alv ama alt alx alu aly als amb amc amd alz alw adb
tu als alt alr alu ja adl ay ahe qv afg bs afh aat q alp kl ajs
tv amb amg alv ame amd alt alz amf amh ama alu aly amj alr amc alx alw als ami zp
tw alu als alv alx alw alr ama alz aly alt qd akz y ap km abe alm (xq alj aiz qo pj pw aku)
tx alr alt als gg (acq ux (abz fm aax wo lq abw))
ty alx als amb alu alv ama alz amc amd alr alt aly alw aak ahs jj gs hz my ph aat ri pj aei (uh jj)
tz ama alv amd amb alz alw alt alr als aly alu alx amc aft vm zd (ji ake xg dg aby sp afn rq hf)
ua alv amb ame aly alx amc alt alr als alw amf amd alz alu amg ama amh rz aby aks uu nl qk
ub ami amf ama alv amd alr amb amh alt alz alx alu ame amg amj amc alw aly als amk eu ale aao ix vr rg abr cn fs aw sb cg aaz aav xs ze
uc ama alv amc als alu amb amf aly amh ame alt alz alr alx alw amg amd kq kh rm abz (wd wb bv abf)
ud alt alr als gd ahe aco yu afu xl ve vv im lh
ue alu als alv alt alx alr alw zo (tc ti q fn (afn pl ys od))
uf ama alx alr alz alt amb alu alw alv aly als hi pg aaf nv
ug alr afo
uh alw als alv alt alu aly alz ama alx alr ahq dw rz xa sn akf gy ql aft bh ahv ul jb mi v qa v
ui amf alx alz alv ami alt ame amb alu alr alw amd amc aly als ama amg amh mu kc af cc jz aac acs tp akf ok ot
uj alx alr als alt alu alv alw ahv dj aad aib kg eh ads dq ajq wq bl kz ahd ali ahm yu afd
uk cg wy sv aca ca ju qd afw
ul alr alv als alw alt alu qr zi no hy ajd ka du
um alx als alw alr alv aly ama alz alu amb alt rk zp acp ug bx aaz yw (ih (adq dd agl))
un ama alx alr alu alv als aly alt alw alz po ed hf ys pp zr
uo aly alv alu ama alw als alz alr amb alx alt e rx acb hj sv alh ml yf ty ff bv wc cj uz ahh mx abs lk
up alr als jp ll aes aap wl fr yk
uq ama amj amh amd ami amb amf ame amc alv alu alr alw alx als aly amg alt alz uv aco gf xj ada li xl ae
ur yz aeo fk xu hn vt adi kl fk aih ro ajz acm mz lk
us kl yp wu da fz sn akh bm ack nk dq akr akw ko jw aae
ut amb alv amf alw amg als alr amd aly ama ami alz alt ame alx amh alu amc yj (abh lv akp qm hm zh yf (ajj aaw gl ob))
uu alx alz aly amd amj ami alw alu ama amh amc amg alv amb ame amf als alr alt wj sl wy ajx ahe au j abx bl gt wu ajq zq hu aez wx acu
uv aly alw alv ama alu als alx amb alz alr alt adm abf mt hz ahe
uw alr cf rm aej abe js nv aag alc adh ade aew aki abu ajg ct afi vp qt
ux amc ame ama alw alv amf alt alr amg alu alz alx amb aly als amd aht aai ce xq gg agv sl ce
uy alu alv alx aly alz alr alw alt als afl ne vp hf
uz alw als alx alt alv alr alu alb ib aij nb ig adc
va ama alu als aly amd alz alw alt alv amb alx alr amc zl aan gq sj eu ahq aae abh mz ajd
vb alr zx ff yk bx aak
vc alv alx alw alu alt alr als abo kh xr acy alp rt np fb ae akm (gl alh j cb ya)
vd alu alt alw alv alr als wf wg afr wn ru mv ako tn afa aah pg oe ajp aab be rp adt lx
ve alt alw alx als aly alz alu alv alr mr aje wd pz ke afy yu acj
vf alu amb aly alz alv alx als alr amc alt ama alw ns cv mb ep
vg alu aly alv alt alz als alx alr alw qh tw js ho oj ed aga fy (gx tv abx ahu)
vh alr aip ua xk agc (qk ahf ahm afm ro) afy (hl tw kh akx)
vi alt als alu alr ajo fy id wt aji ia akd aap by
vj ame amc ama amb alv amd alu alt alw alz alr aly als alx oe sr rx ahr zk jl abz cv st im agv yy qj acu om adm io (aja yk)
vk alt alw alu alx aly als amb alv alr alz ama uh qz abr ye jm aat yk aiu pj adt zz fl up lx ya gs ix aax
vl alr alu als alt ajl ak ic bv jt ada ey br aip
vm alr ald go mi mu
vn amb amg amf alx ami amj aly alu amd ame amh als alz ama alv amc amk alt alr alw afx vj ajq kv aem m yy pm ake vw ft (aen km uw mj jw mi xx xy alq)
vo agk lv ac oo alh cs ale rt
vp amc alz alw als aly amb alu alt alv ama alr alx hb un ob dm (uf aeb aah fv) aco (lk zz zd) aiz td pv dl e sd nw hj
vq amd aly amc ame als ama alr alw alz alt amb alx alu alv cz rt hm rr alr cl aiw le aio et vx sk acd c xs aj
vr aly ama alz alu alr alw alt alx alv als acn ic oo (mk aam ajw ahc kd (ti acp (agn ds hm re)) (ais gv rk ba))
vs als alr pj rm nc aks ajw (ajf md (fn lz ajg st fy gu akc qp ahn xf wc))
vt alr alu alv als alt es hr gl op xq akx fb ku gk cc
vu alt alv alu alr als aab aej fh
vv gq iu cz rj (ed zz adh lt tk tt pr aez pz) aeo
vw amf alx ama als alv amb amc amd alz alw alt aly alu alr ame af aig za ahz zq qr ei agf akk afm pu
vx alu als alr alv alt fh acw gb to l k aaa
vy alr alu als alt aei
vz alx alu als amb alv alw amc aly alt ama alr alz kx adi lc ra mq acl lw se bj zb aet (nn lk qn) jv bp
wa alu alz alv alr alx als alt aly alw fv abh ek ik tt aaf akl me aav gt hp pv zk np fb ug afr
wb amb als alt amc ame alw aly alz alr alu amd ama alv alx zf adc wx yp acb akl ty sd abx yr kv ox si wr
wc alr ba je afy adn ady lq bl ib kg age yd
wd aly alr alt alw als alu alv alx akk qm ru si it lm agq uh ke ik dp
we amc amd alt als ama alx alr amb amf alu alw alz alv aly ame bi rd az ahm aeb fu aeq jk bm (oq cz)
wf akc aan ll agm aia
wg aly alz alw amc amb als amd ame ama alx alr alv alt alu add te au ys wc vl aky
wh alt alv alu alr alx als alw lf jh lp wx sw wj de all kk cd iv aio aao bg vb
wi als alr alt alu aiq ys zs kk hk fg
wj als alt alr alu alv aho aec jc wx abk yg ahh ix jj sa alf wl hr tz gu ng rr rj
wk amc amb als ame alr amd alw alz alu alx alt aly ama alv he (ahh ajy) ahe aim qq ajv xw aeo ahk tq bf
wl ama aly als alw alt alx alu alr alz amb alv sb kv sq cj gz lp sn bb vp zw aal ce jk
wm amd alu ami ama alx alt amc amj aly ame alv amh amb amf als alz alw alr amg ml
wn alu alt alw aly alv amb alr amc ama alx als alz mg ny dv aw ya
wo bp qs aar agw aai tn tj aje zv ajn di mj ca ds qj sh ahw ade mp
wp alx amc alu alr alw alz als alv alt aly ama amb zu dw jl ahc vi
wq alt ama alx aly alr alw alu alz amb alv amd als amc abw akv yz (km xd) rq dv aly aip (ef ya uq qe)
wr als alu alr alt alj oq oq ba xv qq aij hz hw wy ao afh ahh fe ru s
ws alr alt ama alw alu amb alz als alx aly amd alv amc mh bw
wt alw alr als alt alu alv bc tv ou xk kc og gf ald aig ak alo vh
wu aly amc amd ama alt ame alx amb amf alr als alz alu alv alw ajk
wv alx als alr alu alv alw alt qd aeu aip hm ahv ko dx zb dm ut
ww alr zf ua mn zg aij agp jg yq wl
wx alt als alr alu qk lh
wy alv als ama amc alz alr alx alu alw ame alt aly amb amd amf uf gf qq ahr
wz alw alx alu alr alv alt als hx aaj acf ky hy sj abl
xa ame amb aly alx alv amd alw ama als alu amc amf alz alr alt dp oh kx ald mc abp afd qs
xb als alr kd mx vt lm
xc als alr aav
xd als alt alr alu je la vf mt afy ado (xc rg aeb aje ds)
xe alu alv aly ama amb alt amc als alw amd alz alx alr hr jd adw
xf amb alu aly alt ama alz alv alw alr als alx ud
xg qi vq zm (qr hn gl ri mq p bd yc)
xh amc alw alv als amb alu alz ame amd alr ama alx amf alt aly ajy hh
xi alw alv alu alt alr als aiu ale tw aeu afb agm va ss ur afe pv ud pm ako yi ahk xz gn sn
xj als alw alr alu alx alv alt xe aak sx (my afe) agn
xk ame alz amj amc alr amb ami alu ama amh amk alx alv aly amf amg amd alt als alw cy us afn qh abm lc pm f vs abi ya ya on (ajw ie rd) zv mu xd
xl alr jg cq zt aae akf abh sp ajd ajv ago ta ad
xm alx amd ama ame alv alr alu amc alz amb alw als alt aly dm oe aff pp aef (nb qa fg rb) aba q te abx mt rg mc
xn als alw aly alv alr alt alx alu ve qk ul
xo amc alt aly alw ama amb alz alu alv alr als alx lu (sj dp abo ne ib qd qs g tu (uc akv vi akd))
xp ami als alz aly alw alu amd amj amf amk amh alv ama amc amb amg alx alt alr ame aha lp bh
xq amb alt als amg alz alv ami alr amf alw alx amd ama aly ame amh alu amc gd yo nk abh (agf pb (yz no bo))
xr alt alv ama amc alr aly amb ame amd als alu alx alw alz agr aft abo xu ug bd adb ci agw aix aik dk ka rq ald k jh aff
xs alx als alv alu alt aly alr alw s vh aec ail hu ki aez ar mh ev qm hv ma xo aao ph og fc qy
xt alu alr alt als alw alv ait ru og ax mo vk (ads aej qr po nj w ia jh aab jq abs cc bp)
xu alz alx amf aly alw amh amd amj alv alt ame ami amb alu amc alr amg als ama wj ev rt aaf yo (no (aei ur fx jt) ut alh adq aeu)
xv alt alu ama als amd alw ame alv alz amb alx alr aly amc oc sg qj iz rm ls e
xw alu als alr alt zp pu agp ln qa bz sp oz aaj abj
xx alx alr alu alw alt alv als zr ax ng jn dv oi afm ls uk vs adv nl lj rp qp sx vf sa abx
xy alt als alr pi ajl aj vj lh wd aio qy j akx za v afy cr (acq uk av it)
xz alu alw alr ama alv amb alx aly amd amc alz als alt kn adl mz cj ajn ajy akp aai dw alh et adx sd
ya alr als alt hr akz ja aeu ajy nu ir gv aau rf ex aim sd pe
yb alr ds qz agy yx
yc amc aly ama amd alx alz als amb alu alv alr alw alt rr ahq ali acz is acs iz lo zd
yd alt alw als alr aly alv alu alx kp vc aep mq me xf ei bf wa aip aer aka zl hf jq dx bm
ye alu amb amg amf ama amc alv aly alt ame alr amd alx alw alz als amh ami mj tc yb bw
yf ame amb amg amd amh amf alu alr ama alx alv alz amc alw ami als aly alt hk d aay yw rb aio
yg aly amf alx ame alv amb ami amd ama alu amg alr amh amj alw als alz alt amc agl ax vf
yh ama alx ame aly amc alz alw alr alu alt alv amb als amd dn na aec ay afq rn iy to
yi als alt alr rd ek gd qh st ch aeq aq afo ff a gx
yj amc als alr aly amd amf amg alw amh amb alu ama alv alz ami ame alt alx aib lf agz sh qm tj mk so
yk als alt alu alr gw zr abb ho lv gj x (gz (jj ub qe aba aji gt))
yl alu alv alw alt alr als alz alx aly aby mt vn lj cu en br js rw agi rr
ym alu alr als alt acv (by cf add ahu aec cx le nz tx sn)
yn alz aly alw amb alv als alr amc alt alu amd ame alx ama f cd rf wb ty aen xs gm cj
yo alr dp (mc tk) aad ut hz yj dj ds mc at
yp aly ama alz amc alt alr alu als alx alv amd alw amb ff abz
yq alt alr als alu agg aay (le cl fc) ca vx au acm aiy (pc sw) zv pr tr ed vd
yr alu alx alw alr ama aly alt alz amb alv als afg akq aid uc fg ahg (og akx) my ue tm ach iu
ys alz als alu alw alt alr alx aly alv adv (pp xs aag) dr ia id ais adf su aiw qq akq aeu adu zv vb
yt alr go xh
yu alx alr als alv alt alu alw afl aep ra nv ahb fw agz gq k jp acg yq aip qz oi
yv alu alr alz alw alv alt alx als aly akg me od kf de air zb mb tx ako
yw alr alw als amc alx alv ama alu alz amb alt aly sf ty dw ij jt agw sl mi bw aes (agc sn agr bz uo zb gr)
yx als alr aci ef
yy alu amc ame als alr alw amf alz alt alv amd amb alx aly ama ahb xs ik g af ahw sg og h b
yz ama amf alr alv amg alx amc alz amb alt als alu alw ame aly amd sk y ob yo abs iu zx ft lg cs
za abk
zb ama alr amb als alv alz alu alw alx alt aly mp ajj ahh fy os afy no po rx afs qy
zc ama alv alt aly alr alx alw alz als amb alu mp iu ye ma tn aab em ais aai ak dg tf mw hw ea pu pp fs
zd als alr alt alu alv qd rx aep s adl acf afp
ze als alu alr alt alv et vi ey
zf mz (afm sm) aam hz qr ui ji go fe afx kq afm acn fr bk
zg alz amf amd amb aly alw ama amc ame alx alr als alu alt alv nx agi xs sf qf nt
zh alu als alt alr a tw pw (bp cg wz ajj ko k br)
zi alv alu alt alr als wk yf lz alk (tp am aa du hm dq rf akt wy) en et pm
zj alt alr alw als alv alu wj vv lc (ug kl ajq mp abi vr ha)
zk alu alr alt als alp jz abl kp mo cb
zl alt amf alz aly amc alv ama amb alx amg alw amd ame alr als alu ar be un vr hq fj acr ei ki aix bz oc ahh vz
zm amd aly alz als ama alv alu amc alw alx alr amb alt akx yc zd tt ait dc agt afx yj alc go wv (agl ln) aas dy kb qw vv
zn alr alt als xu ahh aab abh fu uz wq q kr
zo alr aaw acx agg wz afw x nm s gg lf akd
zp als alu alr alt sj t aje aja zf vz i pf xy or md xh ajr
zq alx alz aly amc alw alt alr amg alu als ame amb ama amh amf alv amd ws vu rb wa dy
zr alw alx als alr alt aly alv alu li tt lv ads (rp oq uo kw) akp de
zs alv ame alz amb alx alt amc alu als aly alw ama alr amd dy vn afl zo qi bx bn
zt alv alr alw aly alz als amd amc alx amb ama alu alt ir zk oj qc xx bl pg kx
zu alz alx amc alv ame amf als alw amd ama aly amh alt amg amb alu alr aex akz al ev jw dw
zv alx aly ama alt alw alu als amb ame alz amd alv amc alr amf na
zw ain ox ft ql ta ao rk wy aaj (br afj)
zx alz als alx alw amb alv alr ama amc alt alu aly cj akp acg gj cq pr rl (ax bc)
zy als alt alr rf aaq no rc bd zq pt yq (alq fj qy si k ail uw de)
zz alv alr aly alx alz alt alw als alu aeu (ai bb ady adj mj akg th dt ta)
aaa aly amf ama alt alx amc ame als alr alw amb alv alu alz amd ea q mw hh cc adk kx
aab alt alx amf alz alr alv alw als amb ama alu aly amd amc ame afk da dx hp vo (xu hm fi jr aia akn yj um mc)
aac alz amd alt alx ama alw alu ame amc alv aly als amb alr qd am th qc bo vk
aad alt alx alw alz alu amb ama alv aly als alr yr acl to li yj adx hm yi xa ec
aae als alu alr alt alw alv aw xb rp ch r gr aja zg ajk yp el alc agt adr aab
aaf alu als alr alt bm nd rj no tr agf
aag alr aly alu alx alv als alz alt alw lk mp wu tv ahz qv ahd alb cb
aah als alt alu alv alr abs ff rh ue tr li ip ajv
aai alt aly alx alw alu als alr alv ez li aeq wp agq dk (ajv ajt) xi rr
aaj alv alw alz alr amd alu aly alx alt ame als amb ama amc nh zs r add un ng ahj nd ib ny abu aal ho mk br
aak alr alv als alx alu alw alt alk aip ain od ob ahw bf aew vw (fm dp (jj df um abo))
aal alv alw alx alt alr alu als uk
aam amh amj alr alt alz alx amb ame amk als alw amf aly alu amg ama alv amd amc ami sk yw wl ade lq ra bk acu od nk ll ig jo rs cw gs
aan alr alz ama alv aly alx als alt alw alu aio fm ia bh aax ge sh abb ub ie px afx
aao alt alz als alv amb ama aly alu alx alw alr cw pr aip gb ld ck
aap alv amd amb alr aly ame alz ama amg ami als alt amj alu amf alx alw amc amh us ii ahs akt xz af ft qy rm alk td ir yk tg
aaq als alr alv alu alt jf nb lo jy te bp aiz akl ds adh mv
aar ama alu amd alw als aly amb alx amg alz amf ame alt alr amc alv abb io ahm fa mn ahw ip ss ls nx
aas als alr alt alu alv adh bf za vy
aat alt als alw alx alv alu alr wu no ahq alh aja mv
aau als alt amc aly ama alr alw alx amb alz alv alu hh ajs akb vs acz lw acl (vh rv mx zw gf oo mt agn jz ve akk)
aav alv alu aly alt alr als alx alw alz mx p mc ahr oq zv cl wm ob ye hp xc wy aij tb ra abf
aaw alx als amk alt amb ame ami alr alv alw amh amf amc amd amg alz amj alu ama aly uq aai si aii ih ak
aax als alr alt act or qv ga aak afb mw ga aiz ne eg hx ty sn ju qt gi ajq ef dz
aay alw alu als aly alr alv alt alx xy
aaz amb amg ami alz amc alt alr alu ama aly als amh amd alv ame amf alw alx agy abu ako vk (nx el nv afv fi is acg yv afw (mc mc aec iq ti aw))
aba alr als alt adp
abb alx alw alv als ama alt alr alz alu aly rb cx ow aib cw oa ld ail cb nl ala sf agi afk ek
abc aly alt alx alv alr alu alw als pl uv (ach aer ej bc (agu (cv pl js) aki adw ir gx))
abd alv alt als alu alr la sl xt abx (ge ajs)
abe alu alt als alr aff ai vi uj (ya vh afy lu acq bj fl) zm np abh
abf alt alu aly ama amb alx alw alr alv amc als alz va afa xp aap cb aaz rx (ft aia aki fm)
abg alt alv als alr alu rh jm aht afv jy cb aff
abh amf amg alx amb amd aly alz als amh alt alv alr ama amc alw ame alu dq ys akr alj gy dg mj adv gv aha me na aaw
abi alv amd amb alx alt alr amg amh ama alu ame alw ami aly amj amf als amc alz bl ix ty mr rb aa aiq aeb nm s fr
abj alt alv alz alr als alw alu ama alx aly akz te zi pm ea
abk alt alr alu alv als yz ake aaa cz kl agv
abl alt alu alr alv als zm abd aer la ix adn yy jz aky ym acg cr ym ug
abm als ama amc alz amd aly alx alr alv amb alt alw alu ame qk agw om ahx adu jt rz mx mb xa cv
abn als alt alr nu agi us ws acj xn abp adw jv ahb vl
abo alx alw amh alr ama amf amd alz alv amb aly als amg alt amc ame alu ld yk ado fm ahp vz bm kq rt ml
abp kh vk jo ahq
abq alv alr alw amc ama amf als alz alx alu amb amd ame alt aly aig kx abr afv zk ws nf ho aag lm afy uh pa ay cl
abr alw alu als alv alt alr yy zs xh oo alq wd adq (yk xp age (bx ma hw ya))
abs amc alw als alr alt ama alu alv ame alx amd aly alz amb db qp om
abt alr alt als alu hp bl (agh xz (kq zy op mk ahk xi aep agh abh bt df hc))
abu alt alu alw als ama amd alv amb alr alx amc aly alz fp acd ww wp un xh bs abj vm
abv alr qw acn ft aks
abw alu amd alv alw alz ami amb als alr amh alt aly amj amf amc ame ama alx amg xp akv uh ud afs afn aao ada kg uw im ku ge ym
abx ame amb alr ama alz alt alw amf amh amg alx als aly alv amc amd alu ami yk ahy ah is
aby amb alz alv alw alx alu aly ame amc alt ama alr amd als bx acz ms
abz alx ama alv alu amb alt amc ame als aly alw alz amd alr cp pj (tr nz vj) alf jp zf abn aim ot abo afu aih vz aex
aca alz ama alv alr amb alx alu als alw alt aly mp s adi qn bk acz
acb alu alt alv aly als alx alw alr dg
acc als alt alr eq
acd als alt alu alv alr n acc aep ay rn akb akg
ace amb alu amf alx aly als ama ame amj amh ami amg amc alr alt alv alw alz amd ajq
acf als alu alv alr alt afz uw akg (yc er adi pg ip)
acg amd alu alw als alt alx alr alz amb aly ama alv amc py cu qp aiv ub js am ml aaj wl abc
ach alr oa ko oz aj
aci amf amc amd amh aly amg als alt ama alw alu alx alz alr alv ame ami amb gc ys hf
acj als alr alz alx alv alw amg alt ama amf amc amb aly ame amd alu aj ar agc ly acf aid td kh aau g alg agx adk cg
ack amc amf aly amd ama alt alz ame alr amb als alx alu alw alv aee ox ajf gs oq akg ye
acl alx alw alz amf als alv amb amc alt amg ama ame aly amd alu alr kf i akl kc uo te ail agm
acm ama alx alv als alr alu aly alt alz alw amb bs afz ajp ve mv es bn ahz
acn alr amd als ame alu amc amb alv alx alz alw ama alt aly ajo acv aew
aco alx alu als alw alv aly alr alz alt ail vs tp aej fk mv qy am (wz vl nd) im aeb ajf ahp cl ada bb qp
acp alv alw alr alu alt als ez ads is ny ajr ahb bn zm gg
acq aly alx alw amb als alt alr alu ama alv alz pt gi ib agy ta fz eu wc cv kd lh ng qo abe
acr als alr alu alw alx alv alt bs oq hq jl td agk ac ol o agv adr agx pc hb tf bb ex ng nj
acs alx ama alw als amd alt alu alr alz amb amc aly alv aht ah aer ais (vl om ed kj adn zs afz (ajf ajo si tv) fj) bj
act alr als alw alu alv alt hu afi ach ab (ald vu tw vj oo rm ale sn)
acu alv alt alw alr aly alu als alx ym ln zz re xu ct aak ik hd agz ali cd aba ic
acv mo
acw alx alw alt alz alu alv alr aly als nx vh akw zw de g vg cj
acx alr ama als alt alz alw alv alx aly alu abw agr us cm ef abw ns wv og gx
acy als alw alr alv alt alu wk ajd abw fs
acz alt alw alr ama alv amf amb alz als alu ame alx amd aly amc qk aaq
ada ame ama als amg alu amd alw amc amb alz aly amh alr alx alv amf alt yu ahm wg acy aif lw agi ait iq ci abf rn
adb alr kj
adc alz alr alv aly amd amb amc als ama alx alu alw alt afx iu ti hx (aap aca wp)
add alx alv aly alw alt alu als alr wo ud ob adp ajv aif ea ads acs ct yc ve ux
ade alu alr alw alz amd alv alx aly als amb amc alt ama no dc ka ya hf ae oe hk
adf alr als alx aly alw ama alu alz alv alt amb cs yg (fn agq te xj ahu ti aju pm afm ye nf nn) gd (kv ga ajy gn lu)
adg als alr adv dm ko alg jh (ou ks) kx acq dv f ahw hu aki agw ac iw xv gb
adh alr alt als alx alw alu alv afz
adi alr alt alv alu alw aly als alx wt acr os qn ais it afi ld vg os il th hx rv im xw i adj afz
adj als alr fl age mt vj km aet abt aeq agp ab vh td ja ah (lo oi)
adk ama amb als amf alv amk amh aly alx amc alr alu ame ami amd alw alt amg alz amj hs ae vo wd ya alq cs hh aes aku aco sm pc mx
adl alw amb alt als alv ama alr alz alu aly alx ud cn cp (aaw afz sg fw afg fl v hj yr kl abl aep hj abl fo ajd) mo
adm alt alu alr alv alx als alw gq tx nm lc nb op aev aac aat zn ne ald ik pn rw ajx acz yv ik
adn amb alx ama amd aly alw alz alr alu alt als alv amc gz acp ahz vw abm nw nf
ado alr alv alu als alt alw jk hq
adp alw alx als alu aly alv alr alz alt zs os jr aim ajs alf pk acu kl ald dl bg qq r zu
adq ama alv amg aly alx amd alw amh amb ame alr amc amf alu alt als alz dg au zv nz aiq sf ws sq (zt lr (ak abb (cx hi ag) gn qc ajw c ajc))
adr alu ama alr amd alt amc als alv amb alw ame aly alx alz p acr bo ali bq qv xa yi aas yx g e xm aiq io
ads als alr kl nl ax aii adb ada aax aag ra tn ot vv rq aho ns hj sn nb ey pc
adt ama alv ame alw alx amg amb aly alt amj amd amc alr amh alu amf als alz ami aif (up zl ch w) pp dm
adu amc alw alt ame amg amd als alu amf alz amb aly amh alx alv ama alr y jt e ahw ack (mj (dz qh alp))
adv alr di gd vx iq jb ww a (aix aad nf)
adw alt alx alz amf aly alu amg alv alw amd amb amj ama als ame amh alr ami amc amk ahs akm xt lj sz ub so yk nv
adx amk alz alx amd amh amc amb als alw ame amf ama alr aly alv amj amg ami alt alu acv aiw nm nc oh mr fl pi tp hv sb hw (cy tl)
ady alr alw alv aly alz alt als alu alx jy jd dq kq iz xw vq age zi yl mw ajc (fg ny zc)
adz alr afm akt (oi abh (vc qr mu uz vn en) fb ac gc zp ql abm)
aea alw alz aly alv alx alu alr alt als alx
aeb alt als alu alr vm om cb ld (afc qi tj fn yi)
aec alt aly alw alx ama alr alz alv alu als er gc sf kd adr ym agq ahe aka jj xu cb (ee i aki) (ue go ms) ahg yb
aed amd amh ama alr amf amb alu alz als ame alt amg aly amc alw alv alx ami uo acz aq cq um sx
aee ama amb alu alr alz ame amc als alv aly alt alw alx amd adh akd (agq ms)
aef ama alt alw aly als amc alv amb alx alz alu alr afc ub px iy qs ahs lu cu ua nc
aeg alr alt als vs kp aiw ir (gb acg bt oo agj aek pd ahg ahu hg uv hi aaz ca)
aeh als alr agb agz u aet wl oi he alc di aen abe afw nx ps hq pf q
aei ama amd alz aly als amg alr amc amh amf ame alu alw alx ami amb alt amj alv amk agf ajr ft qc aft jr dl cg ahw ajd ux yk pq mv xh ds sp xt ahk
aej alu alr amd alx alw alv amb alz amg ami ama amc ame alt amh amj amf aly als ed lt mg ee pp aae oo ace
aek alt alr alu als ju ac mn (ez yk akh) cj ah
ael ama alt als alx alv alz alr alu alw aly dm (aie xv uf abd acz pw uk sl aai em)
aem als alu alr alt aiq
aen ame alr amb alz alu ama amd aly amh alt als alv alx amc amf amg alw af (ace rw aiq agn)
aeo alr als aky ju nq
aep als alt alr ay aac acq als aco zu aiv z adz no
aeq aly amc ame amf alt ama alv amd alu alr alx alz amb alw amg als og
aer alv amd als alu alt alr amb amc alz amf aly ame alx alw amh amg ama ami dk zv uh akx oy adm sa tx b iz aic abl ob abg
aes aly alt alv alw alz amb ama alu ame alx als amc alr amd abf akk wm hx zs be mx
aet als aly alu alr alv alw alt alx sf xd ahg uv tw (an gp to yv pi ajn fs lw abr ku jq gq)
aeu aly alt amb als alw alv alz alu alx alr ama adj il gw ct v bp zl ky aib ade ahx sv agr
aev alw alr alx als alu alv alt aly rv jh agw ws (aam ajf) ii
aew ama amk ami alw alv alt alx amd amh alu amj ame alr als amf amg amc aly amb alz en ahk vt md afv mz qi afi
aex amd amh alr alx ama alu alw als alv ame amc aly alt amb alz amg amf ahh ma akr fq ul wa ajb rb adl cp
aey alr alu alt alx alv alw als cq zf ajx alp jj vw
aez alu alv alx als alw alr alt ec aik dg akj nv oc afq alj dn vx aaa cm en acs sz ahp vu
afa alx alu als alr alv alw alt ady akh pf ahg
afb alr als abu aet ct
afc als alu alv alt amb aly alx ama alz alw alr im c iz jt co kj abv ey aga qm wu age jg act ail xs ey ahd
afd alx ama alu als aly alv alz alr alw alt adp acj zm rd
afe alr als alt alu alv alx alw aiu ake rx agn ql jc hp
aff alr alw aly alu alv alt alz als alx aer he ds aen adp acu bw aac oe yd ahv afd jw aaz fg ahr gn sv
afg alu aly alz alv ama als alx alr alw alt ei acf ow
afh als alr aiy qe kv kh em sa oo alk ls lh lr av (aks aaq nq)
afi alv alw amb ama aly alz amd alr alx ame alt als amc alu ks rf id sm lo fn o jy jq ld aj pi aiz hn bc ob
afj ame amd alx alt amh alr ama amg alz alw amf amc alv amb alu als aly fc ap agf
afk alu alr aly amg alw alt alz amf alv amd amh amb als amc ame alx ama abo dq lm agn rj
afl amc amg alu alr alz aly amf alt amd amb alx alv als alw ama ame tu ajl rw zq ha fv ahn aln gq afg hm gs ua be
afm ur
afn alr als aaq zv is rh wl aem kf oh alf ahd bk aln mc yc aft
afo amb alv alr alw ama alz alt alx als aly alu adx abs je hs xy
afp amf alu amc amb alz amh amg alt als ami ame amj alr aly amk alx amd ama alw alv xe
afq alr alz alv alt alu alw amb als ama alx aly zs bo sh ab ps zx qf
afr alx alz alr amk alv ami aly alw amc amg ama ame amd amf amb alu alt amj als amh abw o al
afs aly alu alt alx alw alz als amc ama amb alr alv km agh et aie mw acz (zj rj)
aft alr cb iy ake ss agg adb vr ly afu gb aht acj (ajd cr w ahp) ahq
afu als alt amc alw amj ame alv amd aly alx alu ami alz ama amf amb alr amh amg gb kj acs aig
afv alt alu alr alw alv als acp (xl cx ft)
afw aly alu alx alt alz amb alv alr als alw ama alj mk cs ii ahs (nx agw jg kd sp xi lb df)
afx alr als alx alw alt alu alv vv akf kt aay dl fp eq zb adl rm ad vc lp pg rj (od sf)
afy als alr aeu kp
afz alr als alt akg afj hw sj jk zb dj wh qy aiw ow yl oi t ta ec al (gl pj)
aga alr alv als alu alt ajh aeu bv je zt ak ed ahg (dz aim dg xr)
agb alu alt alr alz aly alv als alw amh amg amb amf ama amj ame ami amd amc alx ads aw pc kx afd jx (fn bt kq lw r tg yf (adu wu hp))
agc rd ug afk md nl (ahs bi lp tx sp aaa im xh) agg
agd alr alt alu als pm bu (eo agw afz mo acf gu ge ka ajo mj pm om mz xz gr)
age amg aly alv als amd alt alw alr ame ama amb alz amc amh amf alu alx alq alf
agf alu alz alw alv aly amb als alx alt ama alr amd amc afy (hu qc d ya)
agg aly alv alt alw als alr alu alx ads tu ff op mp
agh ait po aaa lx es yn afb yw ub pm ky t xt ft kz
agi alr als alu alt cn ct ez tk kv ea akv nw bp qz tn (alg ajj jm qb)
agj alr amb alv amd ame amh alx als aly amg amf alu amc alz alw ama alt ox it zu gi hh (bj abj zg pc sv)
agk amb alu als ama aly alv alz alr amc alw alx alt cx xd kx gq dn akb adn ab nv sp mo acc ajb oh akc
agl alt alz alv alw aly alx als alu alr zz
agm alr als so adj hs
agn alt als alr alu io v dn me xs (ab rm)
ago alw alx alu als alr alt alv yl (le yo oq wx wy bt tb ig pf) aji (afe x hg ald qz aez ph yq)
agp ama alz amd amc alr alu amb ame aly alw alt alv alx als cu (na dj)
agq alo ak ahz wn kz pg acu rf fs gn ps alm ajm
agr als alr afa is ajg bw il akx kq ae afn vq dz
ags wb oc qe xi ow adr kh vi ul az ix ain ny ry pd
agt alv alr alt als alu xr gg aar kq aev gn na um yu
agu alu als alr alw alv alt bl ago acf adc (te tz) zh xc po ft qs si fr bw aeo yb tu ek
agv als alr alt ahw pn
agw amg alw amh amf aly amb alr ama als amc alu alz amd ame alt alx alv fi ajo acn zv os (nu sp nm dz uv ad pb)
agx alx amc amb alz alv ame amg alr alw amf aly alu ama amd alt als amh e bo j bm
agy alv aly amd als ama alz amb alt alu alw alx amc ame alr mr se afy aig (rz vf) xu pf vk aiv afh pd agu et afq
agz alx alw alr als alv alu alt xx sj vj alc vr pa rc gv nj ao afp aft agt zv jh bz vh o
aha alr amg amf ame amd amb amj amh als ami alw alz alx amk ama amc alu alt alv aly hc zr hb
ahb amb amc amd alv amh alz ama aly alw ame alt als alr alx amg amf alu kg no rc ld ahs afc oi wz dq ut lx (ss tu ej adx aja tt am aik)
ahc als alr alt adq sv uy
ahd alt alr als qm ng uk vz ba abl abz gn
ahe adz ji
ahf alx alu alt alv als alr alw zl bg yh wy ahk abl xz kh oq es j ta afm afn vm aan (ajj aaz)
ahg alr ln ob me agg ln sb zd uc adc gu hh hb ga rz alp ee aiv
ahh ame alr ama amh alt alv als amg amd alx alw alz amc amf amb aly alu ami hj wt mx pu el tu qb eo dk afb
ahi als alr bm vm up cw ako w rz xu akx nz su
ahj alz alw aly als alt alr alx ama alu alv qe kk ai lm lk qr nb bo ic
ahk alz amd amc amh ami ama alu alv alt als alx alw aly ame amf alr amg amb xu
ahl amf ama alz alv ame aly alr amd amb alt alu als alx amc alw ais re mj
ahm als alr gt agl (cz fl aky xf yb zj)
ahn dt ov dp ac xx acy aax (gj afp jc nq aii vv yv s) ma zf rj (alb bl)
aho als alr aew yb sj akq agg afv
ahp alt alv alu alw alz alx amf alr amd aly ama amb als amc ame ey jq (ahu mt dg) px xa xu mb wo acl jp (vl akf) bs ye vh om adq
ahq als aly alw amb alz amd alr amh alt amg alu alx alv amf amc ama ame eb
ahr alr als jg ajt hb jb oa vg
ahs amf amc ama alw amb als alv aly alu alr amd ame alx alz alt aji aff
aht alr wr aio am
ahu oj gl oe vr
ahv als alt alr sg (uq ts gt ms acu ln akl) cz s adb
ahw ua ajk mc nc lh vy
ahx amb als alz amc alu amd alv alr alt alw alx ama aly alf ajl kf adw pi aex
ahy alu als alt amh amg aly amb alv amc alw amd amf ame alz alr alx ama ii cc zt (sx fk afi agy aht) rk acn hg w xo afg aet ci aq
ahz alz ama alx aly amb alu alt alw alr als alv ff
aia ami alx ama als alr amh aly amf alt ame amg alu alw alv amb amj alz amd amc il gg lf alg an (kk xn aiw)
aib als alr ady jj ajw kj xx adf vi bl adx dn aeb ym
aic alt alw amd amc ame alu als alx alv alz aly alr amf amb ama amg bm l cr bt qi yg ajk zi aha
aid alr als ajm aes no yx alm (aif ew ajt yu ali aby ny) mm aio aeo nk
aie alr akz alg abl alj re abl aff mx acz
aif alr su aq aft aex ahs
aig ama amd alr alw als alt amg amb alu alx ame alv amc aly alz amf jo ij nn aam dv aiy ym (rm rd dn abf abm nf mn (zu ajy) dr uw zx)
aih ame amd alw als alr alx alt amb alz ama alu aly amc alv vi yc
aii alv ame amc amh amd alw amk aly amg alz ama alu alx alr als amj alt ami amb amf alk afw t ade xe kr tt mr ahv aad k vy le ny ez aaq gx (t bd)
aij als alu alt alr afh dl es tb aaz agp ow eh
aik ami amf alu alx aly amh ame amg alt ama amc alw als alv alz amb alr amd acg afe aec
ail ami amd alv amg ame aly alt amf als alu alx alw amk amj alr alz ama amb amc amh ah gm ts oo aep qm qp
aim als ama alu amb alv alx alt alr aly alz alw nm km ob hp sq st xr ab bs jb ajs acc sf
ain amh alx als amc alt ame ama alr amf amd alw aly amb alv alu amg alz uw fy
aio alu alt alw alr als alv dj qe jw aev aia ke lh iz sb cv afs hp nv pp
aip cy sm
aiq alv alr als alt alu alw gk aer pt xx rc ub ym ns og sz ade (rc qx fe ho)
air aly amf alx alr als ama amg ami alw amc alz alu amb alv alt amh amd ame tn aek afg afl ut uc eb mr agv ajt gw
ais aly alv alu ame amb amf ama amc alw alt amd als alr alx alz t ajy dt lp pg nx yb ain aca bi aew kq az jl adz ou km sl jv kc
ait alr tv mh
aiu ym ig yf eg dz pa
aiv alx alz alu ama alt alw amh ame amc als amg amj alv amd amf aly alr amb amk ami adn
aiw alt alu ama alx alz alv alr alw amc aly amb als zy ze aib ui e aim hy cm aep ait mz ny ub
aix alw amf aly alv ame ama alx alz alu ami amb als amd amh alr amg alt amc iw adc aka ce rg hq pj fo
aiy als alz aly alv alx ama alt alu alr alw yu ln vl eg ahy tz ik
aiz alt alr als alv alu eg (dt fh xv agp akc kt so md akw dq qs ln ahu abu) agr (le alc) adc fz
aja als alr aej yn vw qi qu (yk aba)
ajb alv alr alt alu alw als gb aaj (al akv mj nc vn hv ds aff) cw q lx
ajc amd aly alr alw amb alu alz amc ama alv alt als alx bz ev alq qd bt aax nt hv iu jy
ajd amd alt alu alw amb als alr alx ame alv ama amc aly alz aev kh wd sf gv zb ku ba xx sn qo
aje alr alt alu alx alw als alv kj fi lt ez abw ru (gt zv hk sz)
ajf alr alu als alt alk
ajg alr alt alu als sr
ajh als alr alt alu xl ea p aep gh qm oz wg ze cg dy hf afp up fe de qy rq mj
aji aly amc alw amf ama alz alu ame alr alt alv amb alx als amd abk ra yi ra hz jb aif pl aja hh abq ym cz zl eb afq
ajj alv amb alw alz ama alu als alr aly alx alt aaj agj xj ic et
ajk aly alt alr alz alw als alu alv alx ama eu adu wu hq dy af adt oe cr bw hb dk wf xp
ajl als alw alu amj ami ama amh alz amc amd amf ame alr amk amb alx aly alv amg alt tr uc wu e nb ma
ajm alt alu alr alx alw alv aly als aai ni sz vo au ga akb sk pa po ud sz (b kp (bo oc rt))
ajn alr ago g gu ad alg mb ag oa akc
ajo als alr fg
ajp alr als mc hf zm
ajq amg amd alx ama alz als amb alr amf alw alt alv alu aly ame amc cg ue um yu ma l aew hn
ajr alt alr als alu lw ags ce ul os fy pg si vk uh uk alo
ajs alt aly alv alw alr alz alx alu als yy uu akw d acp ahr aao
ajt alt alu alw alv alr als ay hi afy adq fs bz aw uu zr fc gq lb wk (ou zy nn oj vo il aef)
aju aly alx alu alv amb ame als alz amd amf amc alr alt ama alw aei (fu afo tp fe ws xq ado) fl sd qy afl fh ql akh akw ca
ajv ama alu alt alx aly alz amb alv alr alw als wo a vp wy xr
ajw alz als ame ama alv amc amd aly alt alr alx amb alw alu ls qz jz aip dm jh th ahx za aky ry so ja ahm go ali
ajx alz amb alu alx alw amc ame ama aly als alv alr amf amd alt nr afi (qy me aab pv ko) la wu abc alj tw hw ke agh fl qt fb ig fe
ajy alz ame alr alv amg amc alu amf alt amd amb ama alw amh aly als alx af zx
ajz alw ama amc alr alx als amb amd alv alt ame aly alu alz akv bv nv aki om ez abx kw ws tj qx acs lu alf aey
aka alv ame amb amd aly amf amc alx amh alt als alr alu alz amg alw ama lz au aia ya ox wi ahe akm ik
akb als alr jg xw qm akn agl ii acr ajv vj
akc alt alx als alu alr aly alw alv il ait qd (ahi aep ij eo aet ax aio hc ahz jy aar) xl zg
akd alt als alr alu x akj ii yv acl o zn aeu pl adx hm (ik fs)
ake alr afj
akf alw aly amh alr alx amg alv amc ami als ama ame amd alu amf alz alt amb agq qz ci ajc ko aav afa yb he akp lz aae xt aay hh m tv ug
akg amk alt amj alz amg ame alu amd als aly ama amc ami amf amh alv alr alw alx amb acz pt qu afe oo akp aju nf lz qb (aaf nx gv nb adn)
akh alt alu aly als amc alx amf alz ama amb alr alv ame amd alw am nx vt q dz zg pv
aki alr amb alv alw als alx aly amd alu ama alz amc alt zt abs aka acg afw eh ajm afy an aju aid (ma adc gs aca)
akj amg alv alz ame aly alr als amc ama amh alt amb amf ami amk alw alx alu amj amd ho abl sn fu sm de (ak (aif wl tn adk akb za tb vx ags to gp))
akk alr alu als alt mh oy gi afd qw ahj af zq oq nd (alj ac dx)
akl alt alr alv alz amb alu als ama alx amc aly alw wn sy ao px
akm alt alx alv ama amb alz amd aly alu amf ame alw alr amc amg als ags (aff mz ox ms)
akn alu alw als alt alr alv agu xk agb aev lk
ako alt alr als ajd uv h ahx adj gm te pt
akp alv alx alu alw alt als alr bl b
akq alt als alr xc sk abx
akr aly ami alr amh ama amd amc ame alx als amf alu alw amg alt alz amb alv af
aks alr alt als gv si hr va ea aen x ajv
akt amc ama alr alw als alx alu alz aly alv alt amd amb cg en (ct ap hs nk nj rf sc fs zw pa)
aku alt alw alr alv aly alu alx als ama alz qz
akv alt als alr alv alu alx alw aha oh sx aik cf k
akw alu als alw alt alr alv zz aej kp ack
akx als alu ama alr alv amd amc amb alt alw aly alz alx mm om dr vn ud za ach ut bi wi kg ajw w ah
aky alt als alr alu ox
akz aly alt alx alw alz ama alu alv amb alr als nb (il qo aey ahm abf) by kw yg aap xt ahc zb up xh cc
ala als alz ama alu aly alt alw amb alr alv alx xa (mw ahl gu als agb io mf jh agc qt aib ahf xn)
alb ama amb aly als alv alt alz alu alx alw alr afj rp
alc alx amb amc alv ama amd als alw alt alu alz alr aly wj gv zn
ald als alt alu alw alz alx aly alr alv fd ajo
ale alr als tk
alf alr alt als aeg fm xw (hx tj adk n)
alg amb aly amd alw amc alu alr alv als ama alt alz alx vp tc va abj oz vj h hs cq (ahi acm dq u ay)
alh alx amh alv amf amg alt ama alw aly als alz amc amd ame alr alu amb adq akg ik ahk qq agq wf qb aq oo mf (aju rz aia aix ul kp ahl)
ali alz alr ami als alv alu alw amf amj ame amd amg aly amh amb amc alt ama alx mf rb afv pm mm qa sq zg po wm (xv wq lr)
alj amb alt aly alx alz ama alr alv alu als alw fb ly agb eb qp afk aia bg adb dt ua yw add gi co agm
alk alw alr amb alu aly als alx alv ama alz alt kl
all als alu alv alr alt ahi
alm alr amb aly ama alu alt amd alv amf alw amc als alz ame alx lb ajz aea ov ih qz
aln ami alw alv als amd ame amc alu alt amb amf alz amj alr amh alx ama aly amg aej ajq ti vd vy lx wf ku yi ud rz wc po afk fk nx to dl
alo alu alv alt alr aly als alw alz alx la abk re us (sy akn oc) mh abx qv adi
alp ami alw amf amg alt ame aly amb ama amj alz alu alv als alr amc amd alx amh ht cy aah abd fp bb afp aeb (fm fa agw pp an)
alq alu als alr alt kf hw xj ne akh du acm pc ld ul os bb ht afg la lz eq
main wx nr afn or A B aez sq aem aei xw dw ajb en ajr aeq ajc xv ol kp aji C ads ew xy (af D aim) (aew alk aih xh (ahu ut qm zq zd hq cc sc xt nm pa jt E ady abl zc ajf agp ia) az oi) ahz aiz F wv G H I ais J og mc K L M vc wd bg N eg ph akn os qe qz aec O P hm Q zg ib R S wm abs yl qb ss kp dl T ads bb oc yb (U V W aga dr ada agf pu X aio Y tf Z AA) AB ajq hx (yq AC alb alb AD sk abj wd ajw aku) agq vc sy yu AE id ij rj vc (hz ait hf (zz qn mm ms mv et mp kl AF AG hg qr) aan AH AI aew ajr um aar abl (av si ahi my iu aew mn hp xt xh AJ qq gu ja sj aaz dt ack alb (AK un AL (AM AN al ach pa)) AO gf yy ae ar acp ain AP qf zf ub aat hl aiz AQ tu AR hr abk yf ael AT AU ny w ks bx up wl aaw ag aca um bg AV ug) ma (ms adj ep) AW xk ug AX zw eb ajm im aff qf ahz cf akb ahh ahw oe ail aix (wy qp (AY AZ iu af agq zz) BA BB vm agr ax gt ll BC cf aai) ahf tj yd BD) jz BE BF akp (ev ke gz gf pf aim BG (dx BH ahz (qt aaj co mz wd dk) BI acn abb BJ qc lf ft BK aja BL mt BM wh) ci rb cx zt aej BN BO rx BP ws ui zi ht BQ hb BR aed BS uc) gv afu BT afh acj mh aai BU nh BV ov wk sr pr fr BW BX nz ot ww aky yx lj BY jo BZ CA kr abr afi qd CB zx mf uf CC ws mq ma he ba (ty kj wf) kp xc st CD CE fk tb CF xa vb CG CH vx CI aks CJ alp abg (ajp mo (xi CK bk af) CL (CM cj CN) CO zn ra ke on CP) aam afv adv ajn ff gx
------------------------------------------------------------
wx nr afn or A B aez sq aem aei xw dw ajb en ajr aeq ajc xv ol kp aji C ads ew xy (af D aim) (aew alk aih xh (ahu ut qm zq zd hq cc sc xt nm pa jt E ady abl zc ajf agp ia) az oi) ahz aiz F wv G H I ais J og mc K L M vc wd bg N eg ph akn os qe qz aec O P hm Q zg ib R S wm abs yl qb ss kp dl T ads bb oc yb (U V W aga dr ada agf pu X aio Y tf Z AA) AB ajq hx (yq AC alb alb AD sk abj wd ajw aku) agq vc sy yu AE id ij rj vc (hz ait hf (zz qn mm ms mv et mp kl AF AG hg qr) aan AH AI aew ajr um aar abl (av si ahi my iu aew mn hp xt xh AJ qq gu ja sj aaz dt ack alb (AK un AL (AM AN al ach pa)) AO gf yy ae ar acp ain AP qf zf ub aat hl aiz AQ tu AR hr abk yf ael AT AU ny w ks bx up wl aaw ag aca um bg AV ug) ma (ms adj ep) AW xk ug AX zw eb ajm im aff qf ahz cf akb ahh ahw oe ail aix (wy qp (AY AZ iu af agq zz) BA BB vm agr ax gt ll BC cf aai) ahf tj yd BD) jz BE BF akp (ev ke gz gf pf aim BG (dx BH ahz (qt aaj co mz wd dk) BI acn abb BJ qc lf ft BK aja BL mt BM wh) ci rb cx zt aej BN BO rx BP ws ui zi ht BQ hb BR aed BS uc) gv afu BT afh acj mh aai BU nh BV ov wk sr pr fr BW BX nz ot ww aky yx lj BY jo BZ CA kr abr afi qd CB zx mf uf CC ws mq ma he ba (ty kj wf) kp xc st CD CE fk tb CF xa vb CG CH vx CI aks CJ alp abg (ajp mo (xi CK bk af) CL (CM cj CN) CO zn ra ke on CP) aam afv adv ajn ff gx
qk lh B aez sq aem aei xw dw ajb en ajr aeq ajc xv ol kp aji C ads ew xy (af D aim) (aew alk aih xh (ahu ut qm zq zd hq cc sc xt nm pa jt E ady abl zc ajf agp ia) az oi) ahz aiz F wv G H I ais J og mc K L M vc wd bg N eg ph akn os qe qz aec O P hm Q zg ib R S wm abs yl qb ss kp dl T ads bb oc yb (U V W aga dr ada agf pu X aio Y tf Z AA) AB ajq hx (yq AC alb alb AD sk abj wd ajw aku) agq vc sy yu AE id ij rj vc (hz ait hf (zz qn mm ms mv et mp kl AF AG hg qr) aan AH AI aew ajr um aar abl (av si ahi my iu aew mn hp xt xh AJ qq gu ja sj aaz dt ack alb (AK un AL (AM AN al ach pa)) AO gf yy ae ar acp ain AP qf zf ub aat hl aiz AQ tu AR hr abk yf ael AT AU ny w ks bx up wl aaw ag aca um bg AV ug) ma (ms adj ep) AW xk ug AX zw eb ajm im aff qf ahz cf akb ahh ahw oe ail aix (wy qp (AY AZ iu af agq zz) BA BB vm agr ax gt ll BC cf aai) ahf tj yd BD) jz BE BF akp (ev ke gz gf pf aim BG (dx BH ahz (qt aaj co mz wd dk) BI acn abb BJ qc lf ft BK aja BL mt BM wh) ci rb cx zt aej BN BO rx BP ws ui zi ht BQ hb BR aed BS uc) gv afu BT afh acj mh aai BU nh BV ov wk sr pr fr BW BX nz ot ww aky yx lj BY jo BZ CA kr abr afi qd CB zx mf uf CC ws mq ma he ba (ty kj wf) kp xc st CD CE fk tb CF xa vb CG CH vx CI aks CJ alp abg (ajp mo (xi CK bk af) CL (CM cj CN) CO zn ra ke on CP) aam afv adv ajn ff gx
z dw ajb en ajr aeq ajc xv ol kp aji C ads ew xy (af D aim) (aew alk aih xh (ahu ut qm zq zd hq cc sc xt nm pa jt E ady abl zc ajf agp ia) az oi) ahz aiz F wv G H I ais J og mc K L M vc wd bg N eg ph akn os qe qz aec O P hm Q zg ib R S wm abs yl qb ss kp dl T ads bb oc yb (U V W aga dr ada agf pu X aio Y tf Z AA) AB ajq hx (yq AC alb alb AD sk abj wd ajw aku) agq vc sy yu AE id ij rj vc (hz ait hf (zz qn mm ms mv et mp kl AF AG hg qr) aan AH AI aew ajr um aar abl (av si ahi my iu aew mn hp xt xh AJ qq gu ja sj aaz dt ack alb (AK un AL (AM AN al ach pa)) AO gf yy ae ar acp ain AP qf zf ub aat hl aiz AQ tu AR hr abk yf ael AT AU ny w ks bx up wl aaw ag aca um bg AV ug) ma (ms adj ep) AW xk ug AX zw eb ajm im aff qf ahz cf akb ahh ahw oe ail aix (wy qp (AY AZ iu af agq zz) BA BB vm agr ax gt ll BC cf aai) ahf tj yd BD) jz BE BF akp (ev ke gz gf pf aim BG (dx BH ahz (qt aaj co mz wd dk) BI acn abb BJ qc lf ft BK aja BL mt BM wh) ci rb cx zt aej BN BO rx BP ws ui zi ht BQ hb BR aed BS uc) gv afu BT afh acj mh aai BU nh BV ov wk sr pr fr BW BX nz ot ww aky yx lj BY jo BZ CA kr abr afi qd CB zx mf uf CC ws mq ma he ba (ty kj wf) kp xc st CD CE fk tb CF xa vb CG CH vx CI aks CJ alp abg (ajp mo (xi CK bk af) CL (CM cj CN) CO zn ra ke on CP) aam afv adv ajn ff gx
akf gt kx adb zy akt pg abz ew xy (af D aim) (aew alk aih xh (ahu ut qm zq zd hq cc sc xt nm pa jt E ady abl zc ajf agp ia) az oi) ahz aiz F wv G H I ais J og mc K L M vc wd bg N eg ph akn os qe qz aec O P hm Q zg ib R S wm abs yl qb ss kp dl T ads bb oc yb (U V W aga dr ada agf pu X aio Y tf Z AA) AB ajq hx (yq AC alb alb AD sk abj wd ajw aku) agq vc sy yu AE id ij rj vc (hz ait hf (zz qn mm ms mv et mp kl AF AG hg qr) aan AH AI aew ajr um aar abl (av si ahi my iu aew mn hp xt xh AJ qq gu ja sj aaz dt ack alb (AK un AL (AM AN al ach pa)) AO gf yy ae ar acp ain AP qf zf ub aat hl aiz AQ tu AR hr abk yf ael AT AU ny w ks bx up wl aaw ag aca um bg AV ug) ma (ms adj ep) AW xk ug AX zw eb ajm im aff qf ahz cf akb ahh ahw oe ail aix (wy qp (AY AZ iu af agq zz) BA BB vm agr ax gt ll BC cf aai) ahf tj yd BD) jz BE BF akp (ev ke gz gf pf aim BG (dx BH ahz (qt aaj co mz wd dk) BI acn abb BJ qc lf ft BK aja BL mt BM wh) ci rb cx zt aej BN BO rx BP ws ui zi ht BQ hb BR aed BS uc) gv afu BT afh acj mh aai BU nh BV ov wk sr pr fr BW BX nz ot ww aky yx lj BY jo BZ CA kr abr afi qd CB zx mf uf CC ws mq ma he ba (ty kj wf) kp xc st CD CE fk tb CF xa vb CG CH vx CI aks CJ alp abg (ajp mo (xi CK bk af) CL (CM cj CN) CO zn ra ke on CP) aam afv adv ajn ff gx
agq qz ci ajc ko aav afa yb he akp lz aae xt aay hh m tv ug ais J og mc K L M vc wd bg N eg ph akn os qe qz aec O P hm Q zg ib R S wm abs yl qb ss kp dl T ads bb oc yb (U V W aga dr ada agf pu X aio Y tf Z AA) AB ajq hx (yq AC alb alb AD sk abj wd ajw aku) agq vc sy yu AE id ij rj vc (hz ait hf (zz qn mm ms mv et mp kl AF AG hg qr) aan AH AI aew ajr um aar abl (av si ahi my iu aew mn hp xt xh AJ qq gu ja sj aaz dt ack alb (AK un AL (AM AN al ach pa)) AO gf yy ae ar acp ain AP qf zf ub aat hl aiz AQ tu AR hr abk yf ael AT AU ny w ks bx up wl aaw ag aca um bg AV ug) ma (ms adj ep) AW xk ug AX zw eb ajm im aff qf ahz cf akb ahh ahw oe ail aix (wy qp (AY AZ iu af agq zz) BA BB vm agr ax gt ll BC cf aai) ahf tj yd BD) jz BE BF akp (ev ke gz gf pf aim BG (dx BH ahz (qt aaj co mz wd dk) BI acn abb BJ qc lf ft BK aja BL mt BM wh) ci rb cx zt aej BN BO rx BP ws ui zi ht BQ hb BR aed BS uc) gv afu BT afh acj mh aai BU nh BV ov wk sr pr fr BW BX nz ot ww aky yx lj BY jo BZ CA kr abr afi qd CB zx mf uf CC ws mq ma he ba (ty kj wf) kp xc st CD CE fk tb CF xa vb CG CH vx CI aks CJ alp abg (ajp mo (xi CK bk af) CL (CM cj CN) CO zn ra ke on CP) aam afv adv ajn ff gx
alo ak ahz wn kz pg acu rf fs gn ps alm ajm qz ci ajc ko aav afa yb he akp lz aae xt aay hh m tv ug ais J og mc K L M vc wd bg N eg ph akn os qe qz aec O P hm Q zg ib R S wm abs yl qb ss kp dl T ads bb oc yb (U V W aga dr ada agf pu X aio Y tf Z AA) AB ajq hx (yq AC alb alb AD sk abj wd ajw aku) agq vc sy yu AE id ij rj vc (hz ait hf (zz qn mm ms mv et mp kl AF AG hg qr) aan AH AI aew ajr um aar abl (av si ahi my iu aew mn hp xt xh AJ qq gu ja sj aaz dt ack alb (AK un AL (AM AN al ach pa)) AO gf yy ae ar acp ain AP qf zf ub aat hl aiz AQ tu AR hr abk yf ael AT AU ny w ks bx up wl aaw ag aca um bg AV ug) ma (ms adj ep) AW xk ug AX zw eb ajm im aff qf ahz cf akb ahh ahw oe ail aix (wy qp (AY AZ iu af agq zz) BA BB vm agr ax gt ll BC cf aai) ahf tj yd BD) jz BE BF akp (ev ke gz gf pf aim BG (dx BH ahz (qt aaj co mz wd dk) BI acn abb BJ qc lf ft BK aja BL mt BM wh) ci rb cx zt aej BN BO rx BP ws ui zi ht BQ hb BR aed BS uc) gv afu BT afh acj mh aai BU nh BV ov wk sr pr fr BW BX nz ot ww aky yx lj BY jo BZ CA kr abr afi qd CB zx mf uf CC ws mq ma he ba (ty kj wf) kp xc st CD CE fk tb CF xa vb CG CH vx CI aks CJ alp abg (ajp mo (xi CK bk af) CL (CM cj CN) CO zn ra ke on CP) aam afv adv ajn ff gx
la abk re us (sy akn oc) mh abx qv adi ps alm ajm qz ci ajc ko aav afa yb he akp lz aae xt aay hh m tv ug ais J og mc K L M vc wd bg N eg ph akn os qe qz aec O P hm Q zg ib R S wm abs yl qb ss kp dl T ads bb oc yb (U V W aga dr ada agf pu X aio Y tf Z AA) AB ajq hx (yq AC alb alb AD sk abj wd ajw aku) agq vc sy yu AE id ij rj vc (hz ait hf (zz qn mm ms mv et mp kl AF AG hg qr) aan AH AI aew ajr um aar abl (av si ahi my iu aew mn hp xt xh AJ qq gu ja sj aaz dt ack alb (AK un AL (AM AN al ach pa)) AO gf yy ae ar acp ain AP qf zf ub aat hl aiz AQ tu AR hr abk yf ael AT AU ny w ks bx up wl aaw ag aca um bg AV ug) ma (ms adj ep) AW xk ug AX zw eb ajm im aff qf ahz cf akb ahh ahw oe ail aix (wy qp (AY AZ iu af agq zz) BA BB vm agr ax gt ll BC cf aai) ahf tj yd BD) jz BE BF akp (ev ke gz gf pf aim BG (dx BH ahz (qt aaj co mz wd dk) BI acn abb BJ qc lf ft BK aja BL mt BM wh) ci rb cx zt aej BN BO rx BP ws ui zi ht BQ hb BR aed BS uc) gv afu BT afh acj mh aai BU nh BV ov wk sr pr fr BW BX nz ot ww aky yx lj BY jo BZ CA kr abr afi qd CB zx mf uf CC ws mq ma he ba (ty kj wf) kp xc st CD CE fk tb CF xa vb CG CH vx CI aks CJ alp abg (ajp mo (xi CK bk af) CL (CM cj CN) CO zn ra ke on CP) aam afv adv ajn ff gx
cw alm ajm qz ci ajc ko aav afa yb he akp lz aae xt aay hh m tv ug ais J og mc K L M vc wd bg N eg ph akn os qe qz aec O P hm Q zg ib R S wm abs yl qb ss kp dl T ads bb oc yb (U V W aga dr ada agf pu X aio Y tf Z AA) AB ajq hx (yq AC alb alb AD sk abj wd ajw aku) agq vc sy yu AE id ij rj vc (hz ait hf (zz qn mm ms mv et mp kl AF AG hg qr) aan AH AI aew ajr um aar abl (av si ahi my iu aew mn hp xt xh AJ qq gu ja sj aaz dt ack alb (AK un AL (AM AN al ach pa)) AO gf yy ae ar acp ain AP qf zf ub aat hl aiz AQ tu AR hr abk yf ael AT AU ny w ks bx up wl aaw ag aca um bg AV ug) ma (ms adj ep) AW xk ug AX zw eb ajm im aff qf ahz cf akb ahh ahw oe ail aix (wy qp (AY AZ iu af agq zz) BA BB vm agr ax gt ll BC cf aai) ahf tj yd BD) jz BE BF akp (ev ke gz gf pf aim BG (dx BH ahz (qt aaj co mz wd dk) BI acn abb BJ qc lf ft BK aja BL mt BM wh) ci rb cx zt aej BN BO rx BP ws ui zi ht BQ hb BR aed BS uc) gv afu BT afh acj mh aai BU nh BV ov wk sr pr fr BW BX nz ot ww aky yx lj BY jo BZ CA kr abr afi qd CB zx mf uf CC ws mq ma he ba (ty kj wf) kp xc st CD CE fk tb CF xa vb CG CH vx CI aks CJ alp abg (ajp mo (xi CK bk af) CL (CM cj CN) CO zn ra ke on CP) aam afv adv ajn ff gx
tk kn yp fr afe ay hr ft sg aay hh m tv ug ais J og mc K L M vc wd bg N eg ph akn os qe qz aec O P hm Q zg ib R S wm abs yl qb ss kp dl T ads bb oc yb (U V W aga dr ada agf pu X aio Y tf Z AA) AB ajq hx (yq AC alb alb AD sk abj wd ajw aku) agq vc sy yu AE id ij rj vc (hz ait hf (zz qn mm ms mv et mp kl AF AG hg qr) aan AH AI aew ajr um aar abl (av si ahi my iu aew mn hp xt xh AJ qq gu ja sj aaz dt ack alb (AK un AL (AM AN al ach pa)) AO gf yy ae ar acp ain AP qf zf ub aat hl aiz AQ tu AR hr abk yf ael AT AU ny w ks bx up wl aaw ag aca um bg AV ug) ma (ms adj ep) AW xk ug AX zw eb ajm im aff qf ahz cf akb ahh ahw oe ail aix (wy qp (AY AZ iu af agq zz) BA BB vm agr ax gt ll BC cf aai) ahf tj yd BD) jz BE BF akp (ev ke gz gf pf aim BG (dx BH ahz (qt aaj co mz wd dk) BI acn abb BJ qc lf ft BK aja BL mt BM wh) ci rb cx zt aej BN BO rx BP ws ui zi ht BQ hb BR aed BS uc) gv afu BT afh acj mh aai BU nh BV ov wk sr pr fr BW BX nz ot ww aky yx lj BY jo BZ CA kr abr afi qd CB zx mf uf CC ws mq ma he ba (ty kj wf) kp xc st CD CE fk tb CF xa vb CG CH vx CI aks CJ alp abg (ajp mo (xi CK bk af) CL (CM cj CN) CO zn ra ke on CP) aam afv adv ajn ff gx
ade lv cl sg aay hh m tv ug ais J og mc K L M vc wd bg N eg ph akn os qe qz aec O P hm Q zg ib R S wm abs yl qb ss kp dl T ads bb oc yb (U V W aga dr ada agf pu X aio Y tf Z AA) AB ajq hx (yq AC alb alb AD sk abj wd ajw aku) agq vc sy yu AE id ij rj vc (hz ait hf (zz qn mm ms mv et mp kl AF AG hg qr) aan AH AI aew ajr um aar abl (av si ahi my iu aew mn hp xt xh AJ qq gu ja sj aaz dt ack alb (AK un AL (AM AN al ach pa)) AO gf yy ae ar acp ain AP qf zf ub aat hl aiz AQ tu AR hr abk yf ael AT AU ny w ks bx up wl aaw ag aca um bg AV ug) ma (ms adj ep) AW xk ug AX zw eb ajm im aff qf ahz cf akb ahh ahw oe ail aix (wy qp (AY AZ iu af agq zz) BA BB vm agr ax gt ll BC cf aai) ahf tj yd BD) jz BE BF akp (ev ke gz gf pf aim BG (dx BH ahz (qt aaj co mz wd dk) BI acn abb BJ qc lf ft BK aja BL mt BM wh) ci rb cx zt aej BN BO rx BP ws ui zi ht BQ hb BR aed BS uc) gv afu BT afh acj mh aai BU nh BV ov wk sr pr fr BW BX nz ot ww aky yx lj BY jo BZ CA kr abr afi qd CB zx mf uf CC ws mq ma he ba (ty kj wf) kp xc st CD CE fk tb CF xa vb CG CH vx CI aks CJ alp abg (ajp mo (xi CK bk af) CL (CM cj CN) CO zn ra ke on CP) aam afv adv ajn ff gx
no dc ka ya hf ae oe hk L M vc wd bg N eg ph akn os qe qz aec O P hm Q zg ib R S wm abs yl qb ss kp dl T ads bb oc yb (U V W aga dr ada agf pu X aio Y tf Z AA) AB ajq hx (yq AC alb alb AD sk abj wd ajw aku) agq vc sy yu AE id ij rj vc (hz ait hf (zz qn mm ms mv et mp kl AF AG hg qr) aan AH AI aew ajr um aar abl (av si ahi my iu aew mn hp xt xh AJ qq gu ja sj aaz dt ack alb (AK un AL (AM AN al ach pa)) AO gf yy ae ar acp ain AP qf zf ub aat hl aiz AQ tu AR hr abk yf ael AT AU ny w ks bx up wl aaw ag aca um bg AV ug) ma (ms adj ep) AW xk ug AX zw eb ajm im aff qf ahz cf akb ahh ahw oe ail aix (wy qp (AY AZ iu af agq zz) BA BB vm agr ax gt ll BC cf aai) ahf tj yd BD) jz BE BF akp (ev ke gz gf pf aim BG (dx BH ahz (qt aaj co mz wd dk) BI acn abb BJ qc lf ft BK aja BL mt BM wh) ci rb cx zt aej BN BO rx BP ws ui zi ht BQ hb BR aed BS uc) gv afu BT afh acj mh aai BU nh BV ov wk sr pr fr BW BX nz ot ww aky yx lj BY jo BZ CA kr abr afi qd CB zx mf uf CC ws mq ma he ba (ty kj wf) kp xc st CD CE fk tb CF xa vb CG CH vx CI aks CJ alp abg (ajp mo (xi CK bk af) CL (CM cj CN) CO zn ra ke on CP) aam afv adv ajn ff gx
akr agt zs (ra fy mz hz kt akt agr np) hf ae oe hk L M vc wd bg N eg ph akn os qe qz aec O P hm Q zg ib R S wm abs yl qb ss kp dl T ads bb oc yb (U V W aga dr ada agf pu X aio Y tf Z AA) AB ajq hx (yq AC alb alb AD sk abj wd ajw aku) agq vc sy yu AE id ij rj vc (hz ait hf (zz qn mm ms mv et mp kl AF AG hg qr) aan AH AI aew ajr um aar abl (av si ahi my iu aew mn hp xt xh AJ qq gu ja sj aaz dt ack alb (AK un AL (AM AN al ach pa)) AO gf yy ae ar acp ain AP qf zf ub aat hl aiz AQ tu AR hr abk yf ael AT AU ny w ks bx up wl aaw ag aca um bg AV ug) ma (ms adj ep) AW xk ug AX zw eb ajm im aff qf ahz cf akb ahh ahw oe ail aix (wy qp (AY AZ iu af agq zz) BA BB vm agr ax gt ll BC cf aai) ahf tj yd BD) jz BE BF akp (ev ke gz gf pf aim BG (dx BH ahz (qt aaj co mz wd dk) BI acn abb BJ qc lf ft BK aja BL mt BM wh) ci rb cx zt aej BN BO rx BP ws ui zi ht BQ hb BR aed BS uc) gv afu BT afh acj mh aai BU nh BV ov wk sr pr fr BW BX nz ot ww aky yx lj BY jo BZ CA kr abr afi qd CB zx mf uf CC ws mq ma he ba (ty kj wf) kp xc st CD CE fk tb CF xa vb CG CH vx CI aks CJ alp abg (ajp mo (xi CK bk af) CL (CM cj CN) CO zn ra ke on CP) aam afv adv ajn ff gx
af qz aec O P hm Q zg ib R S wm abs yl qb ss kp dl T ads bb oc yb (U V W aga dr ada agf pu X aio Y tf Z AA) AB ajq hx (yq AC alb alb AD sk abj wd ajw aku) agq vc sy yu AE id ij rj vc (hz ait hf (zz qn mm ms mv et mp kl AF AG hg qr) aan AH AI aew ajr um aar abl (av si ahi my iu aew mn hp xt xh AJ qq gu ja sj aaz dt ack alb (AK un AL (AM AN al ach pa)) AO gf yy ae ar acp ain AP qf zf ub aat hl aiz AQ tu AR hr abk yf ael AT AU ny w ks bx up wl aaw ag aca um bg AV ug) ma (ms adj ep) AW xk ug AX zw eb ajm im aff qf ahz cf akb ahh ahw oe ail aix (wy qp (AY AZ iu af agq zz) BA BB vm agr ax gt ll BC cf aai) ahf tj yd BD) jz BE BF akp (ev ke gz gf pf aim BG (dx BH ahz (qt aaj co mz wd dk) BI acn abb BJ qc lf ft BK aja BL mt BM wh) ci rb cx zt aej BN BO rx BP ws ui zi ht BQ hb BR aed BS uc) gv afu BT afh acj mh aai BU nh BV ov wk sr pr fr BW BX nz ot ww aky yx lj BY jo BZ CA kr abr afi qd CB zx mf uf CC ws mq ma he ba (ty kj wf) kp xc st CD CE fk tb CF xa vb CG CH vx CI aks CJ alp abg (ajp mo (xi CK bk af) CL (CM cj CN) CO zn ra ke on CP) aam afv adv ajn ff gx
ob ald aeu ada yf aju (gj aig) yf zx tx wz co abt jg es afm st rt R S wm abs yl qb ss kp dl T ads bb oc yb (U V W aga dr ada agf pu X aio Y tf Z AA) AB ajq hx (yq AC alb alb AD sk abj wd ajw aku) agq vc sy yu AE id ij rj vc (hz ait hf (zz qn mm ms mv et mp kl AF AG hg qr) aan AH AI aew ajr um aar abl (av si ahi my iu aew mn hp xt xh AJ qq gu ja sj aaz dt ack alb (AK un AL (AM AN al ach pa)) AO gf yy ae ar acp ain AP qf zf ub aat hl aiz AQ tu AR hr abk yf ael AT AU ny w ks bx up wl aaw ag aca um bg AV ug) ma (ms adj ep) AW xk ug AX zw eb ajm im aff qf ahz cf akb ahh ahw oe ail aix (wy qp (AY AZ iu af agq zz) BA BB vm agr ax gt ll BC cf aai) ahf tj yd BD) jz BE BF akp (ev ke gz gf pf aim BG (dx BH ahz (qt aaj co mz wd dk) BI acn abb BJ qc lf ft BK aja BL mt BM wh) ci rb cx zt aej BN BO rx BP ws ui zi ht BQ hb BR aed BS uc) gv afu BT afh acj mh aai BU nh BV ov wk sr pr fr BW BX nz ot ww aky yx lj BY jo BZ CA kr abr afi qd CB zx mf uf CC ws mq ma he ba (ty kj wf) kp xc st CD CE fk tb CF xa vb CG CH vx CI aks CJ alp abg (ajp mo (xi CK bk af) CL (CM cj CN) CO zn ra ke on CP) aam afv adv ajn ff gx
ly uk cr acb bd ae sh hk sf hh ty gh abs yf zx tx wz co abt jg es afm st rt R S wm abs yl qb ss kp dl T ads bb oc yb (U V W aga dr ada agf pu X aio Y tf Z AA) AB ajq hx (yq AC alb alb AD sk abj wd ajw aku) agq vc sy yu AE id ij rj vc (hz ait hf (zz qn mm ms mv et mp kl AF AG hg qr) aan AH AI aew ajr um aar abl (av si ahi my iu aew mn hp xt xh AJ qq gu ja sj aaz dt ack alb (AK un AL (AM AN al ach pa)) AO gf yy ae ar acp ain AP qf zf ub aat hl aiz AQ tu AR hr abk yf ael AT AU ny w ks bx up wl aaw ag aca um bg AV ug) ma (ms adj ep) AW xk ug AX zw eb ajm im aff qf ahz cf akb ahh ahw oe ail aix (wy qp (AY AZ iu af agq zz) BA BB vm agr ax gt ll BC cf aai) ahf tj yd BD) jz BE BF akp (ev ke gz gf pf aim BG (dx BH ahz (qt aaj co mz wd dk) BI acn abb BJ qc lf ft BK aja BL mt BM wh) ci rb cx zt aej BN BO rx BP ws ui zi ht BQ hb BR aed BS uc) gv afu BT afh acj mh aai BU nh BV ov wk sr pr fr BW BX nz ot ww aky yx lj BY jo BZ CA kr abr afi qd CB zx mf uf CC ws mq ma he ba (ty kj wf) kp xc st CD CE fk tb CF xa vb CG CH vx CI aks CJ alp abg (ajp mo (xi CK bk af) CL (CM cj CN) CO zn ra ke on CP) aam afv adv ajn ff gx
aju kh vh zu vf cr acb bd ae sh hk sf hh ty gh abs yf zx tx wz co abt jg es afm st rt R S wm abs yl qb ss kp dl T ads bb oc yb (U V W aga dr ada agf pu X aio Y tf Z AA) AB ajq hx (yq AC alb alb AD sk abj wd ajw aku) agq vc sy yu AE id ij rj vc (hz ait hf (zz qn mm ms mv et mp kl AF AG hg qr) aan AH AI aew ajr um aar abl (av si ahi my iu aew mn hp xt xh AJ qq gu ja sj aaz dt ack alb (AK un AL (AM AN al ach pa)) AO gf yy ae ar acp ain AP qf zf ub aat hl aiz AQ tu AR hr abk yf ael AT AU ny w ks bx up wl aaw ag aca um bg AV ug) ma (ms adj ep) AW xk ug AX zw eb ajm im aff qf ahz cf akb ahh ahw oe ail aix (wy qp (AY AZ iu af agq zz) BA BB vm agr ax gt ll BC cf aai) ahf tj yd BD) jz BE BF akp (ev ke gz gf pf aim BG (dx BH ahz (qt aaj co mz wd dk) BI acn abb BJ qc lf ft BK aja BL mt BM wh) ci rb cx zt aej BN BO rx BP ws ui zi ht BQ hb BR aed BS uc) gv afu BT afh acj mh aai BU nh BV ov wk sr pr fr BW BX nz ot ww aky yx lj BY jo BZ CA kr abr afi qd CB zx mf uf CC ws mq ma he ba (ty kj wf) kp xc st CD CE fk tb CF xa vb CG CH vx CI aks CJ alp abg (ajp mo (xi CK bk af) CL (CM cj CN) CO zn ra ke on CP) aam afv adv ajn ff gx
aei (fu afo tp fe ws xq ado) fl sd qy afl fh ql akh akw ca yf zx tx wz co abt jg es afm st rt R S wm abs yl qb ss kp dl T ads bb oc yb (U V W aga dr ada agf pu X aio Y tf Z AA) AB ajq hx (yq AC alb alb AD sk abj wd ajw aku) agq vc sy yu AE id ij rj vc (hz ait hf (zz qn mm ms mv et mp kl AF AG hg qr) aan AH AI aew ajr um aar abl (av si ahi my iu aew mn hp xt xh AJ qq gu ja sj aaz dt ack alb (AK un AL (AM AN al ach pa)) AO gf yy ae ar acp ain AP qf zf ub aat hl aiz AQ tu AR hr abk yf ael AT AU ny w ks bx up wl aaw ag aca um bg AV ug) ma (ms adj ep) AW xk ug AX zw eb ajm im aff qf ahz cf akb ahh ahw oe ail aix (wy qp (AY AZ iu af agq zz) BA BB vm agr ax gt ll BC cf aai) ahf tj yd BD) jz BE BF akp (ev ke gz gf pf aim BG (dx BH ahz (qt aaj co mz wd dk) BI acn abb BJ qc lf ft BK aja BL mt BM wh) ci rb cx zt aej BN BO rx BP ws ui zi ht BQ hb BR aed BS uc) gv afu BT afh acj mh aai BU nh BV ov wk sr pr fr BW BX nz ot ww aky yx lj BY jo BZ CA kr abr afi qd CB zx mf uf CC ws mq ma he ba (ty kj wf) kp xc st CD CE fk tb CF xa vb CG CH vx CI aks CJ alp abg (ajp mo (xi CK bk af) CL (CM cj CN) CO zn ra ke on CP) aam afv adv ajn ff gx
agf ajr ft qc aft jr dl cg ahw ajd ux yk pq mv xh ds sp xt ahk rt R S wm abs yl qb ss kp dl T ads bb oc yb (U V W aga dr ada agf pu X aio Y tf Z AA) AB ajq hx (yq AC alb alb AD sk abj wd ajw aku) agq vc sy yu AE id ij rj vc (hz ait hf (zz qn mm ms mv et mp kl AF AG hg qr) aan AH AI aew ajr um aar abl (av si ahi my iu aew mn hp xt xh AJ qq gu ja sj aaz dt ack alb (AK un AL (AM AN al ach pa)) AO gf yy ae ar acp ain AP qf zf ub aat hl aiz AQ tu AR hr abk yf ael AT AU ny w ks bx up wl aaw ag aca um bg AV ug) ma (ms adj ep) AW xk ug AX zw eb ajm im aff qf ahz cf akb ahh ahw oe ail aix (wy qp (AY AZ iu af agq zz) BA BB vm agr ax gt ll BC cf aai) ahf tj yd BD) jz BE BF akp (ev ke gz gf pf aim BG (dx BH ahz (qt aaj co mz wd dk) BI acn abb BJ qc lf ft BK aja BL mt BM wh) ci rb cx zt aej BN BO rx BP ws ui zi ht BQ hb BR aed BS uc) gv afu BT afh acj mh aai BU nh BV ov wk sr pr fr BW BX nz ot ww aky yx lj BY jo BZ CA kr abr afi qd CB zx mf uf CC ws mq ma he ba (ty kj wf) kp xc st CD CE fk tb CF xa vb CG CH vx CI aks CJ alp abg (ajp mo (xi CK bk af) CL (CM cj CN) CO zn ra ke on CP) aam afv adv ajn ff gx
afy (hu qc d ya) xh ds sp xt ahk rt R S wm abs yl qb ss kp dl T ads bb oc yb (U V W aga dr ada agf pu X aio Y tf Z AA) AB ajq hx (yq AC alb alb AD sk abj wd ajw aku) agq vc sy yu AE id ij rj vc (hz ait hf (zz qn mm ms mv et mp kl AF AG hg qr) aan AH AI aew ajr um aar abl (av si ahi my iu aew mn hp xt xh AJ qq gu ja sj aaz dt ack alb (AK un AL (AM AN al ach pa)) AO gf yy ae ar acp ain AP qf zf ub aat hl aiz AQ tu AR hr abk yf ael AT AU ny w ks bx up wl aaw ag aca um bg AV ug) ma (ms adj ep) AW xk ug AX zw eb ajm im aff qf ahz cf akb ahh ahw oe ail aix (wy qp (AY AZ iu af agq zz) BA BB vm agr ax gt ll BC cf aai) ahf tj yd BD) jz BE BF akp (ev ke gz gf pf aim BG (dx BH ahz (qt aaj co mz wd dk) BI acn abb BJ qc lf ft BK aja BL mt BM wh) ci rb cx zt aej BN BO rx BP ws ui zi ht BQ hb BR aed BS uc) gv afu BT afh acj mh aai BU nh BV ov wk sr pr fr BW BX nz ot ww aky yx lj BY jo BZ CA kr abr afi qd CB zx mf uf CC ws mq ma he ba (ty kj wf) kp xc st CD CE fk tb CF xa vb CG CH vx CI aks CJ alp abg (ajp mo (xi CK bk af) CL (CM cj CN) CO zn ra ke on CP) aam afv adv ajn ff gx
aeu kp ds sp xt ahk rt R S wm abs yl qb ss kp dl T ads bb oc yb (U V W aga dr ada agf pu X aio Y tf Z AA) AB ajq hx (yq AC alb alb AD sk abj wd ajw aku) agq vc sy yu AE id ij rj vc (hz ait hf (zz qn mm ms mv et mp kl AF AG hg qr) aan AH AI aew ajr um aar abl (av si ahi my iu aew mn hp xt xh AJ qq gu ja sj aaz dt ack alb (AK un AL (AM AN al ach pa)) AO gf yy ae ar acp ain AP qf zf ub aat hl aiz AQ tu AR hr abk yf ael AT AU ny w ks bx up wl aaw ag aca um bg AV ug) ma (ms adj ep) AW xk ug AX zw eb ajm im aff qf ahz cf akb ahh ahw oe ail aix (wy qp (AY AZ iu af agq zz) BA BB vm agr ax gt ll BC cf aai) ahf tj yd BD) jz BE BF akp (ev ke gz gf pf aim BG (dx BH ahz (qt aaj co mz wd dk) BI acn abb BJ qc lf ft BK aja BL mt BM wh) ci rb cx zt aej BN BO rx BP ws ui zi ht BQ hb BR aed BS uc) gv afu BT afh acj mh aai BU nh BV ov wk sr pr fr BW BX nz ot ww aky yx lj BY jo BZ CA kr abr afi qd CB zx mf uf CC ws mq ma he ba (ty kj wf) kp xc st CD CE fk tb CF xa vb CG CH vx CI aks CJ alp abg (ajp mo (xi CK bk af) CL (CM cj CN) CO zn ra ke on CP) aam afv adv ajn ff gx
adj il gw ct v bp zl ky aib ade ahx sv agr qb ss kp dl T ads bb oc yb (U V W aga dr ada agf pu X aio Y tf Z AA) AB ajq hx (yq AC alb alb AD sk abj wd ajw aku) agq vc sy yu AE id ij rj vc (hz ait hf (zz qn mm ms mv et mp kl AF AG hg qr) aan AH AI aew ajr um aar abl (av si ahi my iu aew mn hp xt xh AJ qq gu ja sj aaz dt ack alb (AK un AL (AM AN al ach pa)) AO gf yy ae ar acp ain AP qf zf ub aat hl aiz AQ tu AR hr abk yf ael AT AU ny w ks bx up wl aaw ag aca um bg AV ug) ma (ms adj ep) AW xk ug AX zw eb ajm im aff qf ahz cf akb ahh ahw oe ail aix (wy qp (AY AZ iu af agq zz) BA BB vm agr ax gt ll BC cf aai) ahf tj yd BD) jz BE BF akp (ev ke gz gf pf aim BG (dx BH ahz (qt aaj co mz wd dk) BI acn abb BJ qc lf ft BK aja BL mt BM wh) ci rb cx zt aej BN BO rx BP ws ui zi ht BQ hb BR aed BS uc) gv afu BT afh acj mh aai BU nh BV ov wk sr pr fr BW BX nz ot ww aky yx lj BY jo BZ CA kr abr afi qd CB zx mf uf CC ws mq ma he ba (ty kj wf) kp xc st CD CE fk tb CF xa vb CG CH vx CI aks CJ alp abg (ajp mo (xi CK bk af) CL (CM cj CN) CO zn ra ke on CP) aam afv adv ajn ff gx
fl age mt vj km aet abt aeq agp ab vh td ja ah (lo oi) ct v bp zl ky aib ade ahx sv agr qb ss kp dl T ads bb oc yb (U V W aga dr ada agf pu X aio Y tf Z AA) AB ajq hx (yq AC alb alb AD sk abj wd ajw aku) agq vc sy yu AE id ij rj vc (hz ait hf (zz qn mm ms mv et mp kl AF AG hg qr) aan AH AI aew ajr um aar abl (av si ahi my iu aew mn hp xt xh AJ qq gu ja sj aaz dt ack alb (AK un AL (AM AN al ach pa)) AO gf yy ae ar acp ain AP qf zf ub aat hl aiz AQ tu AR hr abk yf ael AT AU ny w ks bx up wl aaw ag aca um bg AV ug) ma (ms adj ep) AW xk ug AX zw eb ajm im aff qf ahz cf akb ahh ahw oe ail aix (wy qp (AY AZ iu af agq zz) BA BB vm agr ax gt ll BC cf aai) ahf tj yd BD) jz BE BF akp (ev ke gz gf pf aim BG (dx BH ahz (qt aaj co mz wd dk) BI acn abb BJ qc lf ft BK aja BL mt BM wh) ci rb cx zt aej BN BO rx BP ws ui zi ht BQ hb BR aed BS uc) gv afu BT afh acj mh aai BU nh BV ov wk sr pr fr BW BX nz ot ww aky yx lj BY jo BZ CA kr abr afi qd CB zx mf uf CC ws mq ma he ba (ty kj wf) kp xc st CD CE fk tb CF xa vb CG CH vx CI aks CJ alp abg (ajp mo (xi CK bk af) CL (CM cj CN) CO zn ra ke on CP) aam afv adv ajn ff gx
wr lt yh jq ajb km aet abt aeq agp ab vh td ja ah (lo oi) ct v bp zl ky aib ade ahx sv agr qb ss kp dl T ads bb oc yb (U V W aga dr ada agf pu X aio Y tf Z AA) AB ajq hx (yq AC alb alb AD sk abj wd ajw aku) agq vc sy yu AE id ij rj vc (hz ait hf (zz qn mm ms mv et mp kl AF AG hg qr) aan AH AI aew ajr um aar abl (av si ahi my iu aew mn hp xt xh AJ qq gu ja sj aaz dt ack alb (AK un AL (AM AN al ach pa)) AO gf yy ae ar acp ain AP qf zf ub aat hl aiz AQ tu AR hr abk yf ael AT AU ny w ks bx up wl aaw ag aca um bg AV ug) ma (ms adj ep) AW xk ug AX zw eb ajm im aff qf ahz cf akb ahh ahw oe ail aix (wy qp (AY AZ iu af agq zz) BA BB vm agr ax gt ll BC cf aai) ahf tj yd BD) jz BE BF akp (ev ke gz gf pf aim BG (dx BH ahz (qt aaj co mz wd dk) BI acn abb BJ qc lf ft BK aja BL mt BM wh) ci rb cx zt aej BN BO rx BP ws ui zi ht BQ hb BR aed BS uc) gv afu BT afh acj mh aai BU nh BV ov wk sr pr fr BW BX nz ot ww aky yx lj BY jo BZ CA kr abr afi qd CB zx mf uf CC ws mq ma he ba (ty kj wf) kp xc st CD CE fk tb CF xa vb CG CH vx CI aks CJ alp abg (ajp mo (xi CK bk af) CL (CM cj CN) CO zn ra ke on CP) aam afv adv ajn ff gx
alj oq oq ba xv qq aij hz hw wy ao afh ahh fe ru s km aet abt aeq agp ab vh td ja ah (lo oi) ct v bp zl ky aib ade ahx sv agr qb ss kp dl T ads bb oc yb (U V W aga dr ada agf pu X aio Y tf Z AA) AB ajq hx (yq AC alb alb AD sk abj wd ajw aku) agq vc sy yu AE id ij rj vc (hz ait hf (zz qn mm ms mv et mp kl AF AG hg qr) aan AH AI aew ajr um aar abl (av si ahi my iu aew mn hp xt xh AJ qq gu ja sj aaz dt ack alb (AK un AL (AM AN al ach pa)) AO gf yy ae ar acp ain AP qf zf ub aat hl aiz AQ tu AR hr abk yf ael AT AU ny w ks bx up wl aaw ag aca um bg AV ug) ma (ms adj ep) AW xk ug AX zw eb ajm im aff qf ahz cf akb ahh ahw oe ail aix (wy qp (AY AZ iu af agq zz) BA BB vm agr ax gt ll BC cf aai) ahf tj yd BD) jz BE BF akp (ev ke gz gf pf aim BG (dx BH ahz (qt aaj co mz wd dk) BI acn abb BJ qc lf ft BK aja BL mt BM wh) ci rb cx zt aej BN BO rx BP ws ui zi ht BQ hb BR aed BS uc) gv afu BT afh acj mh aai BU nh BV ov wk sr pr fr BW BX nz ot ww aky yx lj BY jo BZ CA kr abr afi qd CB zx mf uf CC ws mq ma he ba (ty kj wf) kp xc st CD CE fk tb CF xa vb CG CH vx CI aks CJ alp abg (ajp mo (xi CK bk af) CL (CM cj CN) CO zn ra ke on CP) aam afv adv ajn ff gx
fb ly agb eb qp afk aia bg adb dt ua yw add gi co agm ahh fe ru s km aet abt aeq agp ab vh td ja ah (lo oi) ct v bp zl ky aib ade ahx sv agr qb ss kp dl T ads bb oc yb (U V W aga dr ada agf pu X aio Y tf Z AA) AB ajq hx (yq AC alb alb AD sk abj wd ajw aku) agq vc sy yu AE id ij rj vc (hz ait hf (zz qn mm ms mv et mp kl AF AG hg qr) aan AH AI aew ajr um aar abl (av si ahi my iu aew mn hp xt xh AJ qq gu ja sj aaz dt ack alb (AK un AL (AM AN al ach pa)) AO gf yy ae ar acp ain AP qf zf ub aat hl aiz AQ tu AR hr abk yf ael AT AU ny w ks bx up wl aaw ag aca um bg AV ug) ma (ms adj ep) AW xk ug AX zw eb ajm im aff qf ahz cf akb ahh ahw oe ail aix (wy qp (AY AZ iu af agq zz) BA BB vm agr ax gt ll BC cf aai) ahf tj yd BD) jz BE BF akp (ev ke gz gf pf aim BG (dx BH ahz (qt aaj co mz wd dk) BI acn abb BJ qc lf ft BK aja BL mt BM wh) ci rb cx zt aej BN BO rx BP ws ui zi ht BQ hb BR aed BS uc) gv afu BT afh acj mh aai BU nh BV ov wk sr pr fr BW BX nz ot ww aky yx lj BY jo BZ CA kr abr afi qd CB zx mf uf CC ws mq ma he ba (ty kj wf) kp xc st CD CE fk tb CF xa vb CG CH vx CI aks CJ alp abg (ajp mo (xi CK bk af) CL (CM cj CN) CO zn ra ke on CP) aam afv adv ajn ff gx
q bz iv (alk (ajo akg acw oj pg xy)) adb dt ua yw add gi co agm ahh fe ru s km aet abt aeq agp ab vh td ja ah (lo oi) ct v bp zl ky aib ade ahx sv agr qb ss kp dl T ads bb oc yb (U V W aga dr ada agf pu X aio Y tf Z AA) AB ajq hx (yq AC alb alb AD sk abj wd ajw aku) agq vc sy yu AE id ij rj vc (hz ait hf (zz qn mm ms mv et mp kl AF AG hg qr) aan AH AI aew ajr um aar abl (av si ahi my iu aew mn hp xt xh AJ qq gu ja sj aaz dt ack alb (AK un AL (AM AN al ach pa)) AO gf yy ae ar acp ain AP qf zf ub aat hl aiz AQ tu AR hr abk yf ael AT AU ny w ks bx up wl aaw ag aca um bg AV ug) ma (ms adj ep) AW xk ug AX zw eb ajm im aff qf ahz cf akb ahh ahw oe ail aix (wy qp (AY AZ iu af agq zz) BA BB vm agr ax gt ll BC cf aai) ahf tj yd BD) jz BE BF akp (ev ke gz gf pf aim BG (dx BH ahz (qt aaj co mz wd dk) BI acn abb BJ qc lf ft BK aja BL mt BM wh) ci rb cx zt aej BN BO rx BP ws ui zi ht BQ hb BR aed BS uc) gv afu BT afh acj mh aai BU nh BV ov wk sr pr fr BW BX nz ot ww aky yx lj BY jo BZ CA kr abr afi qd CB zx mf uf CC ws mq ma he ba (ty kj wf) kp xc st CD CE fk tb CF xa vb CG CH vx CI aks CJ alp abg (ajp mo (xi CK bk af) CL (CM cj CN) CO zn ra ke on CP) aam afv adv ajn ff gx
zl dn aft jv oy xi ago agm ahh fe ru s km aet abt aeq agp ab vh td ja ah (lo oi) ct v bp zl ky aib ade ahx sv agr qb ss kp dl T ads bb oc yb (U V W aga dr ada agf pu X aio Y tf Z AA) AB ajq hx (yq AC alb alb AD sk abj wd ajw aku) agq vc sy yu AE id ij rj vc (hz ait hf (zz qn mm ms mv et mp kl AF AG hg qr) aan AH AI aew ajr um aar abl (av si ahi my iu aew mn hp xt xh AJ qq gu ja sj aaz dt ack alb (AK un AL (AM AN al ach pa)) AO gf yy ae ar acp ain AP qf zf ub aat hl aiz AQ tu AR hr abk yf ael AT AU ny w ks bx up wl aaw ag aca um bg AV ug) ma (ms adj ep) AW xk ug AX zw eb ajm im aff qf ahz cf akb ahh ahw oe ail aix (wy qp (AY AZ iu af agq zz) BA BB vm agr ax gt ll BC cf aai) ahf tj yd BD) jz BE BF akp (ev ke gz gf pf aim BG (dx BH ahz (qt aaj co mz wd dk) BI acn abb BJ qc lf ft BK aja BL mt BM wh) ci rb cx zt aej BN BO rx BP ws ui zi ht BQ hb BR aed BS uc) gv afu BT afh acj mh aai BU nh BV ov wk sr pr fr BW BX nz ot ww aky yx lj BY jo BZ CA kr abr afi qd CB zx mf uf CC ws mq ma he ba (ty kj wf) kp xc st CD CE fk tb CF xa vb CG CH vx CI aks CJ alp abg (ajp mo (xi CK bk af) CL (CM cj CN) CO zn ra ke on CP) aam afv adv ajn ff gx
ar be un vr hq fj acr ei ki aix bz oc ahh vz ab vh td ja ah (lo oi) ct v bp zl ky aib ade ahx sv agr qb ss kp dl T ads bb oc yb (U V W aga dr ada agf pu X aio Y tf Z AA) AB ajq hx (yq AC alb alb AD sk abj wd ajw aku) agq vc sy yu AE id ij rj vc (hz ait hf (zz qn mm ms mv et mp kl AF AG hg qr) aan AH AI aew ajr um aar abl (av si ahi my iu aew mn hp xt xh AJ qq gu ja sj aaz dt ack alb (AK un AL (AM AN al ach pa)) AO gf yy ae ar acp ain AP qf zf ub aat hl aiz AQ tu AR hr abk yf ael AT AU ny w ks bx up wl aaw ag aca um bg AV ug) ma (ms adj ep) AW xk ug AX zw eb ajm im aff qf ahz cf akb ahh ahw oe ail aix (wy qp (AY AZ iu af agq zz) BA BB vm agr ax gt ll BC cf aai) ahf tj yd BD) jz BE BF akp (ev ke gz gf pf aim BG (dx BH ahz (qt aaj co mz wd dk) BI acn abb BJ qc lf ft BK aja BL mt BM wh) ci rb cx zt aej BN BO rx BP ws ui zi ht BQ hb BR aed BS uc) gv afu BT afh acj mh aai BU nh BV ov wk sr pr fr BW BX nz ot ww aky yx lj BY jo BZ CA kr abr afi qd CB zx mf uf CC ws mq ma he ba (ty kj wf) kp xc st CD CE fk tb CF xa vb CG CH vx CI aks CJ alp abg (ajp mo (xi CK bk af) CL (CM cj CN) CO zn ra ke on CP) aam afv adv ajn ff gx
ox aj km gr lc pw acs ud aja ahd acf aid ajf agi vh td ja ah (lo oi) ct v bp zl ky aib ade ahx sv agr qb ss kp dl T ads bb oc yb (U V W aga dr ada agf pu X aio Y tf Z AA) AB ajq hx (yq AC alb alb AD sk abj wd ajw aku) agq vc sy yu AE id ij rj vc (hz ait hf (zz qn mm ms mv et mp kl AF AG hg qr) aan AH AI aew ajr um aar abl (av si ahi my iu aew mn hp xt xh AJ qq gu ja sj aaz dt ack alb (AK un AL (AM AN al ach pa)) AO gf yy ae ar acp ain AP qf zf ub aat hl aiz AQ tu AR hr abk yf ael AT AU ny w ks bx up wl aaw ag aca um bg AV ug) ma (ms adj ep) AW xk ug AX zw eb ajm im aff qf ahz cf akb ahh ahw oe ail aix (wy qp (AY AZ iu af agq zz) BA BB vm agr ax gt ll BC cf aai) ahf tj yd BD) jz BE BF akp (ev ke gz gf pf aim BG (dx BH ahz (qt aaj co mz wd dk) BI acn abb BJ qc lf ft BK aja BL mt BM wh) ci rb cx zt aej BN BO rx BP ws ui zi ht BQ hb BR aed BS uc) gv afu BT afh acj mh aai BU nh BV ov wk sr pr fr BW BX nz ot ww aky yx lj BY jo BZ CA kr abr afi qd CB zx mf uf CC ws mq ma he ba (ty kj wf) kp xc st CD CE fk tb CF xa vb CG CH vx CI aks CJ alp abg (ajp mo (xi CK bk af) CL (CM cj CN) CO zn ra ke on CP) aam afv adv ajn ff gx
ay ahv ov aeg akf afw ahz afc qm jr ahd wm aj km gr lc pw acs ud aja ahd acf aid ajf agi vh td ja ah (lo oi) ct v bp zl ky aib ade ahx sv agr qb ss kp dl T ads bb oc yb (U V W aga dr ada agf pu X aio Y tf Z AA) AB ajq hx (yq AC alb alb AD sk abj wd ajw aku) agq vc sy yu AE id ij rj vc (hz ait hf (zz qn mm ms mv et mp kl AF AG hg qr) aan AH AI aew ajr um aar abl (av si ahi my iu aew mn hp xt xh AJ qq gu ja sj aaz dt ack alb (AK un AL (AM AN al ach pa)) AO gf yy ae ar acp ain AP qf zf ub aat hl aiz AQ tu AR hr abk yf ael AT AU ny w ks bx up wl aaw ag aca um bg AV ug) ma (ms adj ep) AW xk ug AX zw eb ajm im aff qf ahz cf akb ahh ahw oe ail aix (wy qp (AY AZ iu af agq zz) BA BB vm agr ax gt ll BC cf aai) ahf tj yd BD) jz BE BF akp (ev ke gz gf pf aim BG (dx BH ahz (qt aaj co mz wd dk) BI acn abb BJ qc lf ft BK aja BL mt BM wh) ci rb cx zt aej BN BO rx BP ws ui zi ht BQ hb BR aed BS uc) gv afu BT afh acj mh aai BU nh BV ov wk sr pr fr BW BX nz ot ww aky yx lj BY jo BZ CA kr abr afi qd CB zx mf uf CC ws mq ma he ba (ty kj wf) kp xc st CD CE fk tb CF xa vb CG CH vx CI aks CJ alp abg (ajp mo (xi CK bk af) CL (CM cj CN) CO zn ra ke on CP) aam afv adv ajn ff gx


