a als alv alu alr alt er kc aej al adj abf zz it dv bd ej aif kt akk aix ak wx agv rr
b alv alt alr alx alw alu als po afd qp afc
c als ame alu alv ami amh amb alz amd ama alt amg alr amc alx amf aly alw el kt fm dy fi yv rt afd ale uz sw ado e ge (all afr ajs it akw)
d alu als alr alt m e kh aed lt su cb pr vt
e alx alw alt als alz aly alu alr alv mi cm ep kd alq ll ajf fq ajo ta tn aiq c (di sb)
f alt alw alr alv alx alu als aly zw ald alg hs alf adx af sb qz oq ul km fd vf
g aly alz alv amd alw alx amc ame alr alu ama alt amb als mg fu yk qn acq ag yj cu ahj iq ib dg nt hf lk yp
h alw aly alr alv alx alu als alt vg jo cz bv dw cn ps go alm bl wc ahd qi uf go xe qg
i amk alv ami alu amb amj alz ama alx amg alr aly als alt amc amf amd alw ame amh acv uh ako afl uo xh tv rr nq
j ami amd alt amg alu alx alr alw alz aly als alv amb amf ama amh ame amc wn pk ade jg abo fa ahi fz ajs l abd dq ce aiv mp hj hn ao alj wc
k aly alv alx alu alr als ama alt alw alz hy ot yq tr agu df acu dd ain ald og hc abp
l amd amk ami aly alr ama alx alv amj alz ame amf amc alt amb amh amg alw alu als ajv ts adi tr abk
m alu alr alt als bl rj sm zp abe acn ki ii by ny adw acb qp yi
n aly alv alt als alu alw amb alr alx alz ama ca te (gd nn) adf ahl aje hy vf cb lb ahf acs ve jq nk
o alw alr alx als alt alv alu agz acq xf hn akg zc um ahw lv sp n hs ab adt sn vp acu vn tn
p alw alv alt amb alz alu amc ama aly alx alr als ze zb gy aih si we em bc vz
q dc is xm xy
r alr ame aly amc alu amf amg alw alt amb alx alz amd alv als ama adr vp ww eo k sy afo hs je
s als alt alu alr abh abd tv dq ahz
t amf amh amb alr alw alt alu amg amd als aly alv ama alz ami amj ame amc alx xl vy ar (ya kk) bb rm acq gd ach
u alv alz amd alw als alr amb amc alu alt alx ama aly acn air ze er eo akh akx al sj ep hx df
v alx als alr aly alu alw alv alt akl
w aly alv alz amb alr alw ama alt alx als alu abo hg ot ux wb wl abo wz ss aju cl cc xc ahf hx
x alr vl ago pt mg (nb mh) tx aiv un ajx
y alw als alr alu alt alv alx ng fd alr qg fu dv abo abs kd s
z alt alz aly alx alw ama als amc alv alu amb alr aby bp ia aka sw qa pn vn (mc on)
aa als amh ame amb alw ama alx alt amf amc amg aly amd alz amj ami alr alv alu or gr (acx pp vx) dk agd lk si xr
ab alt alr als akz
ac amc ama amb alx alz alr alt alv alw als aly alu adn aic ke agy
ad alw alz alx alr aly alt als ama alv alu tj aid c ajd fr t th acj av je nq ahf lc sj
ae alr dk aco afp wy
af amg alx amd alr ami amf ame alw als amj ama aly alu amh amc alz amb alt alv dx uz ze aah ex no pq afy sk zi kk vm gy wz aay iq akj mo
ag alv als alu alt alw alr aje (ev sd jy md jb afn akp (hb np)) ir vo oz
ah alu alz alr aly alw amb als alt amc ama alx alv jp et hv
ai alx alr alu aly alw alv als alt tp (lt cz)
aj amf ame alw aly amd alz amg alu amc amb alx alt als alr alv ama kx fh zv aeo al rc pt agk aet
ak alr alz alt alx als aly alu alv alw aix (vt agq nx fm aa) zj vq nt kn acr oq
al als amd alt ama alz alr alv ame alx aly amc alu amb alw adm sb ajp alk ql aiw kz ff gt bj adw aay wo ahz xr agd ed
am aly alu alx amb alv alz alw als alr ama alt cn rq pe yu vu hq lq ed tg (um (acx pj aht) zr) afg hu qs cj zt
an amh amb amf amc ami alx alt alr ame ama alv als alw alz aly amd amg alu ue ny dx py ux dq afs kw le sm dq aeg acz ain yw gk
ao als alv amb ame alt aly amc alw amd ama alr alz alu alx abb q sf sw vi ln alj uj oc acc wu un (dz go fy)
ap alw ama alt alz alv amc als amb aly alx alr alu lo mz akw afx ag tl abt qx zl ge akv
aq or ex lp aeg mt
ar alx als alw amb aly ama alu alt alv alz alr lk yh
at alr alw alv alt alx als alu tq act aif ads nk dl
au als alr alt nc ls
av als alt alu alr alv q gm q ahe
aw aly alx alw alr amb alu alt alv alz ama als abw afj zs
ax amc ame alw alr alu alz ama amb aly amd alv alt alx amf als ahv aam yz aft cx he kw
ay alv ame alr ama amf alx als alw alt amc alz amd amb alu aly au dj zb ht xx aam yq jf ne il ky ks afb pr aft alg
az amj alx ama amc amb amk amd alw alv als amh ami amg amf alr aly alu ame alt alz air ajf ajx uu abf aiv sx ajd gp xm zg iy hc abv aio
ba alx alr alu amd aly amg alv ama alt alz alw amc amf amh ame ami amb als jl (agw xm pk ca) hn qk gx
bb alr alt als alz alx alv alu aly alw uz il mn agh
bc alr br ace acx fz
bd als alw alv alr alt alx alu aly alz ib cs fd ew pc ale
be ama alv aly amb alz alt alx als alw alu alr amc pm akl lk eu akt ako
bf als amb amh amf ama amd amk ami amj alz alt alv amc amg aly alr alx alw ame alu ajh
bg aly alu amf amc ame amg amk amj ama alz alt als alw amh alx amb alr alv amd ami gz aeh ajq va aij acw jk ol cr
bh alw alt aly alu als alv alx alz alr qj vl abw agu
bi alz als alu aly ami alt alw amf amb amh alx amd amg alv alr amj ame amc ama gl ck aji zy kd lr dj tv
bj alv alt alu alr als alw agh ch akf
bk amf alw amd amb aly ame alv alz alx als alu alr alt ama amg amc oj vz xo je
bl amd alx aly alu ama als amc amg alw alz alt alr ame amb alv amf tl aca w by ex ahw jc qw bp
bm alx aly alt als alv alu alr alz alw aij
bn aly als amd alv alt amc alw ama alx amb alu alz alr akh ajj ei mv ahh (kp no)
bo alt alr alv alu alw alx als abi aer aje hu aci ba agv vy ahe
bp alr alv alz alt alu aly als alw alx amb amc ama amd ag ag kt
bq amd ame als alt alx ama alu aly amc alz alr alv alw amb aim vb sc mu afw ads iz afu aip adz ahk ahe k hu fy akv alp ee
br alt alv alw alx alu als aly alz alr ald
bs alv amb alz ama alx alw aly alt alu alr als aeh dp hf xx yl pp (dz abi pt ajy pw c wf adg)
bt alt alr alu als mt add rq le cp cc abr kt bx fb dt xs aip dn
bu amc alw alt amb alu ama als alr alx aly amd alv alz ame sc xo ty ahe aj uj aaw y xc
bv alr adp jf ahu aif xz ks oy aev ahx zv (yn sm gh zg aaa dz)
bw alw alv alu alr alt als alx ft hw alk adt
bx amc amd alw ame alz alx alt amb alv als aly alr amf ama alu amg alg pm acv jq tv jg yu aeu tv yj rs aaj ct (yt om agg ajw pu aiq)
by alr als qp ju aln (fl hz ph)
bz amg ama alv amc amb ame alt alw als alx aly alz alr amf amd alu ti afq yo tp aaw lj
ca amd alz ama alt alx alr amb alw amc alu ame alv aly als uk
cb amj alt alz amb aly amf ama alx amc als ame alw amh ami amd alu alr alv amg fu ek ado alc ah br su dy kz akv abn ro (akr fo qc ja aim adr il)
cc agm zv jp ady av nq wx adc aer aky zx
cd alv alu alw als alt alr ur
ce alr alw alu alx alz aly alt alv als akd acz
cf alv alr alx alw alu als alt lp lx
cg amc alu aly alv alt alz amb alx als alw alr ama agm
ch alz aly alu als alw alx alt alv alr lk aio aq ais afl eg ux pe rd lv yh fc wa ds bb
ci amd alt als alz alu alx amb ame aly alv amc amg alr amf alw ama kh yg xu iq ma oc ru xl lh nn os
cj amg amf ame alr alw alx amc ami ama amh als amb amd alz alu alv alt aly rj acu yw pa tr aeu cg wu adn xa acn
ck alw alx alv alr alt alu als jr qn fq or gh qp ajn wq w aq xy ar (uj xl) jd xi ajf yn ys
cl alr alt aly als alv alx alu alw abu (sm ki kc gm c ef rj) (vc wo ek) eg
cm xc m aho aah
cn amb ama alu aly als alw alz amc alt alr alv alx u zt qf nj rc wc ie
co alz alv als alr alw alx aly ama alu alt dd akt cp kt ue j vi ajk aav lw vs wl
cp aly alx alr alu alw alt als alz alv aey ahf ake cx sh abq dx mj to gg zq (e kp qr aed yr afc adu nl)
cq amg alv amj alu amf alt ama aly amb amc alx als amd amk alz alw amh ami alr ame aw gx aaq lp adz aad qx zf (db az aiv akp w jp ld adi nn) ago
cr alx amc amd alv amb alr ama alw amf alt als aly alz ame alu xl
cs als alr alt alv alu agc px uw afv a
ct alu alr als alt sx agd aej xs t xv (nv aef mc alj gn aby ui jh aez ox yh cv)
cu als alu aly alz ama alx amf alv alt amb ame alw amg amd amc alr lu tv em
cv amb als ame alx alz alw alu alr amd aly ama amc alv alt dw pp ja adq js (d aln)
cw amb aly alr alx amf amc alt amd alw ame alv ama als alu alz zf r oq ajh sb
cx alx amd aly alv ame alz alr alt alw amb amf als amc ama amg alu kv ih adr zx uy uc jd e ez lw ma
cy alr alu alw aly alx alt alv als qd zj adj aca rw qu akx pr qy ah
cz aly alz ame amb alv amd alt als ama alu amc alr alx alw ml es sv ahd ci fk ajb ts adv alj rz c e (acc ahi ii)
da alx alt alw alz alr alu als aly alv sr fy aeb fw zj afq uw nt aiz aau ab bj uc t
db alu ami alv ame alw alx amd amf alz alr amg amc amh ama amj aly alt amb als fm adt fn an ta rq cf dv tk ye al (agm ys os zc ux)
dc als alu alt alr adh u agv
dd alt alv alr amd ami alu alx aly amc amj alw ame alz amh amg amb amf als ama hy au v ajh cj adt aht lr abh aio ub km mu ajy jh pj afc xn ajj vm
de alr is ady aem (yr al az ss ge nu)
df amf ami alz alx amk amb alr ame alv als ama alt amj alu aly amh amd amg amc alw qp
dg als alr fb (cv aaw co aac fw sx ct tu)
dh als amf alw ame amd amc ama alt amh amb alr alv amg alu alz alx aly rs no agf et ry rt akb fa ako ux wa qp rp ba
di als alr aiz ri qs ajt je eb vq (gk ay cu md) yn aat (vs pj) hh dc (ajm agi jk)
dj alr ux ue an gb ch akm ym
dk alr ng ni acl
dl alt amb alw amc alv ama alz alu alr aly amd alx als ame ol nr nt jd az acd dc jt (acm ar aem ahq hl el ob aeg abe az)
dm aam abk n aba a ags aeg aka a ajz gq aji iq ae yd qi
dn ame alr alz aly alv alw alt ama amd alx amb amc alu als xk gz (dq mu jl (hd akk xg dg abg alg yz vx ct xf aii aha aaj ef))
dp alu aly alw alr alx alv alt als mr oj ahi hj vr afz agn jv yz wi adu (ach xh)
dq alr alu als alt sv ada pj ti acz
dr alt alx alw alv als alu alr aly jw dk adn rz
ds amc alr alw amd alv ama ame alt alz alu alx als aly amb zv zq xz yo
dt amb aly amf amg ame alr alt als amc alw alu alx alv ama amd alz ro px gw
du alz alr alx aly alt alv alw als alu ama afv aae zw abd aek aea wa agu w ph ky vv gs ale akc sp hu pg
dv alr alu alt als alv iv
dw alt als alr es kk zu sy ne xx yt hc ba adr aik uk ahu by
dx alu alv alw alr als alt aly alx pb air bw ahf sl sg et
dy als alr tv oa acm yx fy hm lw me tv alc ql hc ap ul gu ob sz pi ma kk
dz aly alx alv alw als alu alt alr gs yl yb ql acr iy mx yy pq abw rk ajr xw nv
ea alr aly alz alt als alw alu alx alv lm an akl abf gg vl jw
eb aly als alu alz alr alv alt alw alx dl adl
ec alt alr als alu ix sr ve ue ki abb
ed qd db fl dq ajf vj jh zb
ee ame als amg alw ama alx aly alv amb amf amc alr alt amd alu alz vm alu we sb acn aiw (jo zo oy ag agj ei ah)
ef alx alu alz alv als aly alw alt alr ajv aao dt df he lz aln ca abk ald
eg alr alv alu als aly alx alw amb ama alz amc amd alt afj yl js ahe ale tt wd vw df cw ug agk k aen cf agq
eh alr als alt ahm hs gk sk mb pz y ij xq ahj xs j yy (ug aei dl tn nm adc)
ei amh alv aly alz amb als ame amg alr ama alx amf amc amd alu alw alt ok aef tz l cd tu
ej alu amj amg ame amc alw amf amh ami alz amk alx alt als aly alv ama amd amb alr qw ahj aho lm
ek alw alu alr alv alt als alx acf
el als alr gl yd sb afh sz zl
em alx alr als alw alu alt alv cw (lv yj ph aia xe qz)
en yv afi xe
eo alt alw alu als alv alr tu tl acp aar rx ags yo
ep alu amd amb amc ami amf alr amh ama amg amj alv alz aly alw alx alt ame als ak aab (tk ajo su ma ve aew)
eq alr alu als alt alw alv pu sr wg ajw li wl nr (acy zc ud sd yq r) ajp us (c c)
er alt amb alr aly ama amc alx alu als alz alw alv xf kp ph jd pb ajo cq (aae bp akb dv ajh) gg ahw mq
es als alv alr alt alu alw abl ai (hk ajn) acg aeh ada kp hd
et mq my nv oc er tx mt rb km gt tt np abu ti
eu aly alz alu alv amh alx ame alr alt ama alw amd amf amc amb als amg dj zy afg adu afm
ev alx alr alw amc alv amb aly alt amd ama alu als alz abo dk wk akb zf yf on mq ls de nx ra (mf adl)
ew alw alv alr als alx alt alz ama alu aly adt ti aid aw xr af agm afh ade acn xh ahc zn io afe ge ms em
ex alw als alv alx alr aly alu alt ajn agd op acv va
ey ame alr alw alu amb amd alx amc alt aly amf alv alz als ama xj aj afg wu cy uo fs abx aeb acy
ez ama amh alr amg amf ame amc alt amd alz alx alu als alv ami aly alw amb sg xe sr gi aar bb agb
fa alt alu als alr km nk kv by ago xs (ai xw)
fb alx als alv aly amb alw alt alr alu alz ama rg dr akm
fc alu alw alt alr alx als alv akw jv ju vb afk akb cg (agf ale)
fd amc ama amg alt alz amh amb alw aly amd ame alr alv als alx alu amf ami acx ahz agp ael iv ni xt
fe alt alu als alv alr agg
ff vo akh afv
fg aly ama alr amd alv alz alu amb als alx amc alw alt ih ow aem kz ajs nu akw akp ajf
fh als alw alx alv ame amd alz alu amk amh amj alr ami ama amb aly amg amc amf alt ar ki ahs i ex lm ti aes
fi alv alt als alr alu oy gn afe aff wj ch kb afq ka dj ds afh aln pa
fj amd alw aly alx amc amh ame alr ami ama alz alu alt amb als amf amg alv amj adq acu uc oj mg aig nb yg adr zu lq jq ek
fk alr alx alv aly alw amb alz als alt alu ama akx fv air rx cs pz yk aas ic aln agr akg bd yd ajf (ex z rc)
fl alu alr als alv alx alt alw hl ahn aae nf (qi wt an) jh agv ail hw jb sa ds vk adt hk uu ot tz
fm alw alt alu alr alv als f act zp aeo fs qx ur ajh ace (acx de)
fn alw als alt alu amb alv alz ama alr alx aly aef
fo alt alr als kv nd lv ako akk lf bd ir
fp alr als acw xt
fq alw alv amd amg alt als alu aly alx ami amb amc alr alz ama ame amf amh agh gr ss uw hd dq qq ha it ag afb sw aeh ago ck aio da acg
fr als alt alu alr fx uj aar wn ahk (agx np qb (tj q adf))
fs alw ama alz alu als alt aly alr amc alv amb alx yv fr ma lx akl pn dy cd uy abs oq ls akx acw (iw rf la ci aer)
ft alv alt alx alu als aly alr alw ie ki aj ahs
fu alr als alu alt alv alw cd alm mv akw vt qs db mw
fv als ame amg alw alx alz alt amf aly amb ama alu amc alr amd alv uv acc fm ep yt ys uo ss afo dq rd acf adh aky
fw als alw alx alr alv alt ama aly alz alu aew pk abz aiq ail k uy
fx alt als alu alv alw alx alr qh lm adk wv y aib wh aex ww bz jv ak fi uy o lz aiy
fy alx alu alt alv als alr aly alw aah
fz ama aly amb alt alu amd als alv amc alr alw alz alx uc bo adz pn gf kw air ajz qe rj adh adt ig cd di ig
ga alr alx als alt alu alv alw mk
gb alr sh
gc ff h fc ho pb pp ou adw c at ww (o uw fu aav ov acf ad)
gd alw alx alu aly ama alt alz amb als alv alr amc vg by akf afk vo fv dl sj acc zr acs ub xj agv adc abz gv ib
ge alv alu amb alt als alr alz aly ame amf ama amg alx alw amc amd vd afd it
gf alx alt ama als alr amc aly alv alz alw amb amd alu jq cy ue ms dk aaw ow ch rh iv air
gg aly alw ama als alt amb ame amf alz alx amd alv amc alu alr pu ei wf dn ako tu (bv (agp aij afp xl aiw ei eu aif))
gh als alu alr alt yj aa agx ln aab ea alq aaw ed ajx gl akt pg adi
gi alv alu alt amd amf alw amc amb ama aly alz ame als alx alr ub
gj aly ama alv amg amd alt ami alw alz amc amh amf alr als alx alu amb ame pc ph gn um yo
gk alr hy aia
gl alr alu amc alx alt aly alw als ame ama amf alz alv amb amd oe ti ei wy ob fy he an nq
gm alv alr als alu alt alw zp jy hj akd tw ail st ko gs vg zh zf ic zp lt tv eu
gn alx als alr amd alt amc alv amb alw ama alu aly alz lx ec jz rh
go alr alu alw als alt alx alv ln qf zk sb lv aci eb yy wr zo ds qo nq aac g vs yf aic ck aeq
gp als alv alt alx alr alw alu aly gv akh vl nu ale cd qr zu sl fb ef eu ada me acl
gq alr amd amf ama amb alv ame alu alz amc alt alx alw als aly js cd
gr alz als alt alu aly alr alx amb ama alv alw ju hu acm xt agv wk
gs alr lw zd ea lu adq (cl ah kd yp sj mc zq)
gt als alr bj aaj (oe wp ib kz zz iy bo to kx)
gu alx alt alw alr aly alu alv alz als cv bx gf lt ln
gv alw alx alz alv alr aly alu alt ama als akr az ls afn rq adg au gz li xe
gw alz alt alr aly ama amb alu alx alw als alv aff qq aac ev df ajj
gx amg ami amd amc alx als amb amj ama alv amk aly amf ame amh alr alw alu alz alt ex afu er (bv bh ags jp mh ce ahx ya akt wz aeg np bm)
gy ame amd alu amb als alx alr ama amc alt alz alw amf alv aly mj kb
gz alr als ald agn ra fd
ha alr aan adz oc
hb aly alu amf alw amb amh alv alt ama alr ame als amc alz amg alx amd rb om wy
hc alt als alu alr iz yy aiv aki i nz qq gm aw mo (vd vd afr aaf fn dn)
hd als alr alv alx alw alt aly alz alu on ag oz qb acg afb acq iz zh ra (eh te ajo)
he amc alr alv amh amd amg alw als amb ami ame alu amf alt ama aly alx amk amj alz fe ea ado aib aax tn hf ot agm ajc fb fg agr fp
hf alt amg amb amh amd alx alu amc alr alw alv ama ame aly amf als alz tw cy cy de aem od
hg amd alx ame amg alv aly amb alr amf alw amj alz amh amc ama alt als ami alu az
hh alx amd alz aly alu alt ama als amb alv alw ame amc alr ut tm qv rq gu zn lg akr lq (acj yx)
hi als alt alr dk agj
hj als alr alv alw alt alu xz hr uk cx abb
hk br nw (dd qj adl afs alh jb ex) afg acj ew
hl alx alt ama alw alv alu alz alr aly amb als xl ti kk
hm alr als ahf st ip ko up vl aar ajp ti y go
hn alx alr alz als ama alv alw alu aly alt amb aak ajt aak
ho alz amb alu alx ami ame alv ama als alr alw amd amj amf amh amk amc amg alt aly gq ajn fd ln ahe ahm oj nb abv su aif akn wa ajc tg ay
hp als alr alt pn kw s zq abh
hq alu amg alv amc aly alr amb amh amd alx ama alz amf ame alt als alw akn abl oy (akr (rr mw db up ajs vc aco aam tr yq aga))
hr als alr ds ww ef td yd gt ir e f fj bt nd kj ajq bo aaw ajl so xf aao
hs alr alv alw aly alu als alt alx th pb uz vu ahs acr vu aha pz bo qb ajd om aah xc jx
ht kj ho aez
hu alt alx alu als amc alv alw alr alz ama aly amb aik ki rk da acc akm dx ps akb cq ys acw ma nc aip qe
hv amc alz alr ama alx aly alt amb als alv ame amd alu alw amf eq aks yf eg adq
hw alu amf ame amd alz als alt amc alw alv amg amj ami alx aly amb ama alr amh ad ajg adu aff ad acf ys iy akr nf aez aio qg (aay aas) ako oq alo hs
hx alw alz amd als ama amc aly alv alr alt alu amb alx akz ir ue adk ake rg na l adu hc afj aji uz wp abs ed abj aec cn akw
hy alt alu als alr alw aly alx alv au abi wn hi aew mz kv
hz alr ad uf (yx aig jd adq qm abi) vc dt agl vg
ia alu alv alr als alw alt alh je agu fb bb si vc io rs kf zf ku
ib aly alw alx alv amc als alz alt ama alu alr amb bq ii aac cn bs dc px
ic als alt alr aek
id aly alt ama als alw alr alz alu alv amb alx px (ve lv acu ol afm afq vw q fh nd cd zx) aae io aau add qb tr xy
ie alr alt als alu alv lf akr (du abe eg zz bf uz ajr iw acl ae bw yk ld zk)
ig amc alw amh alv als amb amf ame alx alt aly amg ama alu amd ami alz alr agy tm yv
ih alv alw alr alt alu als afs yv n ahd dv bx zo bw yo bn xz agl uu
ii amc als alt alz alr alu alv alw amb aly alx ama agw lk aap tx aki afm dn dl dg hv yl alh ado hd
ij als alx alt alr alw alu alv qt ny xa ol nd ajv add adk ajl ahs hh ags
ik alw alv amb alx als aly ama alr alu alz alt ya akh ahf agn xk aln lb mo jl ks vd dz la afn aea tw cu jg tn
il alu alt alr als alv alw mk ox jw oq wj qg mj ga uv qj du agq ait age qf aip aif
im alr alu alz ama amb alw aly alt als alx alv sx gf bv aaf yq
io alu als alr alt alv alw xu acz acz dm px ps dg nz il ms tq aft acj y aiz cj aff nw aeq af
ip alx alw aly alt ama alz amb als alu alr alv qv
iq amc alw alz alv aly amb alx alu alr als alt amd ama akx e va aku ym ajf sg aaw aam mi aai abn kq zh ir wp oo wk
ir alt alu als alr vl t yx aji xq (l pv zj sn sc alq akx adx ue akp (uc qp ala))
is alu als alr alt cs acg et vz
it alt alw alu alx als ama alz alr aly alv n aes aip sz ahc ry alj bc aav
iu alv alz amc amb amd amg alx ami amh ama alr alt aly als amf alw alu ame eo aii qx fb fa mt ags yy tp nl fb abb aeu aja
iv ama amj als alx alr ami amk amf amh alv aly alt amb alz alw amc alu amg amd ame alo nm fq ec gh acn ahs ld dq agw bi yq mj agt vg
iw alt als alr oi wu ju ox ahf adu sf ft d vx ada ail
ix alt als alr alu qs qy fm kc afi wj ok tk
iy alx alw alt als amc alz aly amf alr ame amd amg ama alv alu amb ahg ahx nz aha mg fn zx vs
iz alw aly alz alt alv alr als alx alu aga ju ub aby hy cw agn ou gs adq
ja alr alt als agm zk bo
jb aly ama alx als amb alv alu alr alw alt alz ds gf z uj bi ahd re lk gc sf gr aaz aiq tc cn aas alq
jc alr als amg amb alu amc amj alz amh aly alv amd amf amk alt ami alw ame ama alx aeq
jd als alr alt wi sf (qz aez ee fu rr agh wd tl)
je alw als alx alr alv alu alt it
jf alw alx ama aly alz amc amg amb alu alt alv als amf amd ame alr aau ady ts agh qd (g ho)
jg amf als alw amd alv amh amc ame ama amk alu amb alr alx alt alz amg amj ami aly me dn ue acf xx
jh aly alr alv alt alu alw als alx py tx aee alf afg abg yg hy (o wm acs na)
ji alx alw alu alr amd ama aly alv amb als amc alz ame amf alt dh sk
jj amd ami als alw amf amj amc alu aly alz alx amh amb ama alt amg alr ame alv im nl aap qs ne dp gm alb
jk alx als alz ama amc amb ame alv alr amf amh alw amd alu alt aly amg pg rk ahq dj ajw ajc ay lb zx pt nr
jl alz alt alw ama alu alr alv alx amd aly amc amb als rn
jm amb aly alx alu als alt ame alz ama alw amc alv alr amd vt abq ld hh dm tl ge alb mu ak agu cc fd v ua ti m rt aej
jn amk amg als ami amj amb alv ama alu alw amd alt amf amh aly alr amc alx alz ame aiw aef mv ed akl ack fl iy agd eg uz vi adb hl py tr aby
jo alt alr alw alu alv als dh aeg yq ya rd alg ft sf ps
jp aly ama ame alv als alr alx amd amb alz alt alw alu amc iz
jq alu alv als alt alr afo oi bp xm (adf acy iw)
jr als alr alt aai zi oe rb oo afc v adv yr qu aet lg ne be yh aca pb at
js alt amc ama amb alu aly alr amd amk als amg alx amh ame amj alw alv ami alz amf aj ih ahz
jt ami alz alt ame alw aly amg amd ama amj alu amh alx als alr amf amk amc alv amb te ajw hl adr afs ih af
ju als alr aey th lp la eu akb hu dn dk sw ahe vu ws lh
jv amd alw ama ame amb alr alt alv alz aly alx als amc alu gf aky qd aer abl adj nm ww vm acq (agi we)
jw alr us od ug yz uc gg kr yd aaj fs ajj aeb aev ys up gt ag agm aas al
jx ame als amb alv alw ama alx alt amd amf alr alu amc aly alz afa wq ua zz li aix ay ahl qa hl
jy alu alr alv alz alw aly als ama alx alt amb xn gi (so qd aef da mk df u ef (acv agn xk bi hl jg pz nz ot))
jz alr alu als alw alt alv alx acs
ka alr als qe kq afp hy (fb c)
kb als alr uv aea
kc als alu alt alr aeu tt (yx es aq acr bf hl vx ot mj vf akv jd jj)
kd alr als sy zw ym hc br aas afr ho rq ki (abq aji)
ke alv alz ama amb alt alu aly alw als alr alx xa zc ne kq acp y ks sf
kf alr u c sl acr gu lb cn ajw agj e ahl (cz ts qr)
kg als amb alz alu alr alw alx ama aly alv alt cu vn wc r ut fs aiz p ajt yx ajq rc abq ow qt
kh alr amc amg amd alv ami alu alt ama amf alx amb alw amj aly als ame amh alz nb acp tm ue qp sy aif aeb ajp agc us alf aid ahg xi acj vz
ki amg amd amj ama alw alz amh als alv alt alr amf ami alx ame aly amc alu amb ke ck gd aaq af sn cn ui gt alq rj rq su aiv agp lq aez dc agt bv
kj aly amb amd alx ama alz alw alv alr alu amc alt als ex
kk alu als alt alr yq fe jd alb ky xd pc aej ex aam cq afs zi ax oz
kl alt alv alr alu als alw mi j aec gr fd nf akz pw ic nl acu
km ame amg alr amh als alw aly alz ama amc alx alu amb ami alt amf amd alv eo ov acy om mq
kn amb als ama alu aly alr amd alv ame amc amf alz alx alw amg alt gy aq gp no zq ve lp cm ajd
ko alv alx als amb alw alt aly ama alz alr alu fr
kp alv amh amb alt ama amc amf ami als alr alu alw amd ame alx amg alz aly ie dr
kq alx amd ame ama amb amc alz amf alt alv als amg alu aly alr alw lg bl nd mb jn acv us alq rj adv sq aar ao ke afa add ph cj
kr alu als alt alx amb alv alz amc alr ama ame alw amd aly bg ajz ve qv abe ol ge r ali dj
ks amc alz alu alt alw ama aly als alv alx alr amb mz aj oy adm ep ph (to vk qm) gh ay aiv
kt alt aly als alx alu alw alr alv yt tj uq afn qi zu ado (aep ll er fh ss kr ajx us vp (agk aat aas ea))
ku als alt alr ty g abu aki ajo vr lk hz
kv als alt aly amd alr alu alz ame amb alw amf alv ama amc alx mx ags vu kw yn wd ia he nx an aec alq nh qi jv
kw alx ama aly amc alv amb alu als alz alt alr alw cm fb aew ih tf ao afv f aep ph wm bb fe vt afx
kx alt alu als alv alr eb i xs yx acv (m wl ee zk gn ra ahu)
ky alw alr alv alx ama aly alu als alz amb alt afm
kz amc amb alu alv als alw aly ama alr alz alx alt li agg (aib bg sp qf kn abe)
la alv aly alr alt alu alw als alx ly yl ed (adq aao (afj adi g) (akc sg ur abc qf hm bk afd ks aav agq))
lb alu alz alw alr alv alt alx als aly adu se ys bb (kp aky) us aer sx agv jc pn aj
lc alr alu alt als yh
ld alr als mi
le alv ama alw als aly alx amb ame alz alr alt alu amc amd amf abx ug abh aaa ahe aje ab mg io xl agr xt
lf alx alv alt alr als alw alu qd wr alj (abs abq)
lg alw alt alx als alr ama aly alz alu alv afk agk rp jv tc ais adg et ex wa (ali fx cz agj ar agl aby)
lh yc
li alr amg alv amj ama alu alx amd amb alt als aly alw amh ame amf ami alz amc te aau aiz fy ais ahh el bk kb acc
lj alr aly alx als alu alw alt alv alz ya po vp oo hj yn
lk alz aly alr als ama alt alw alu alv alx amb xw adt ha uj xh ia aar (ags cu it nz ade zd)
ll ama alu alx als alv aly alz alr alw alt ahe jk pg go ake ahf hv ge ga rs mk mp lc qd aeg
lm alw alv alt als alr alu ue ep ya afl eu adt (ajz bi aio zr agk dq id) fd wx aep
ln amf alw alx amg als alr ame alt aly ama amb amh alz alu amd alv amc yt lk b fv di agt id zk ck
lo aly alx amc alu alw als alz amb alt ama ame alr amd alv kx jh akq (cw pr al dk ul) su abd
lp alr yc ahg ya ye st rl zo xl aef po hu afa rb ef vk
lq alr als alt alv alu alw na jl pq pl
lr ame amb alt alx aly als alw amd ama amg amf alu amc alv alz alr afw nn lm rj aja e hi eb uu vq acn
ls adu tx xp aib sc hf zh uw dj jp ko gc
lt rq
lu alt alz alv alu ama alx amb amc ame ami amd amf alw amh aly amg als alr e aka (acg lk rz is alf)
lv alt als alr alu jx
lw alr alt amd alu amc alv amh alx ame amk als alw alz aly amb ami amg amj amf ama co aki aai zu qs
lx alr als dp wl
ly als alw alv alr alz alx alu alt aly ama yd xx ld la zx rp vq u js wr akm iv aks px
lz ama als alw amc alu alr amj amd aly amg ami ame amk amh alv amb amf alx alz alt zm km adi aez li
ma alr agb pe
mb alr rc ei mm wr bq zc dh jo tg afj hm ah fo tc hl co gg
mc alr nw alf hs aw vy hk by hr aiq yy
md ame ama amd als amc alu alv alt alr alw alx alz amb aly aky aeq akw add
me aly alw alv alx alz alu amg amh amb ami ama alr amd ame alt amf als amc an afq acr all
mf alu alx alr amb alt alz ama alw als aly alv acn
mg alr amg amb ama alu amj alx alw amf ame als alz alv ami aly amh alt amd amk amc akp qw mz xw ro (ef wu afm zb ns aht aem ajf aab ais ij ali alh)
mh alt als alr an dz yz ajs acq afh
mi als alr iw tu qh az jp sa ahd lf kq oi zb aid fe
mj alu alt alr alv als alw mt di yo lm afz ts (ve lq ns (mm abc sr aku aam)) pb xx rz om
mk alw alu alt alr alv als dc fc cb rv nk aft p ju jt aal sm (qw jm zk bm)
ml alu alw amc alz als alt amb aly alx ama alv alr yb
mm alw alu amj ama amb als aly amc alt amf amk alz alv alx ami ame alr amh amd amg ot xo ab vw aim la th gw aft sq vk (aav zz akd cz)
mn uj aep
mo alu alx alr aly alt alz alv als alw akp wr ip al
mp alr aly alz ama alw amb alu alv alt als alx amc afr (gy fm sz ajp ail xf si vr jj jd)
mq alw alx ame aly amf amb ama amg alr alv amc als amd alz alt alu ih ph
mr alz alr als alu ama alx amg aly amd amh amf ami amb alt amk amj alw alv ame amc ou xn aaz aim ds fl sl ql
ms ame alt amg ama amf alx alu alz aly alv amc ami amd alr amb als alw amh abs vi ajd air qf kf ic acb afz aah ajk di ii alf tj dx ks aik aby
mt alr alt als ama amb alx aly alv alu alz alw vy ags
mu als alr alt alu acy jv ajp ez afu rh (afo h mz cd nc bu ajn jg (oz adk aea hk) hi)
mv alw amd alv amf ame alu aly alr alx amb alz ama alt amc als yw gb afk kc kw
mw alv alu ame alr alx als amd alt alz alw amc aly amb ama aau zk fe ajp po abk (so aea ds cr jq (ady (akv bm ve) te wd cx))
mx als alt alu alr amb alv amc alw amd ame alz aly ama alx yx ns (by sh ng ahr) cs ahu wn lm zr xz ai (ec vu o hi xj hn)
my amf amj alw aly ama alx amh alu alz ame alt amc alv amd amb alr ami als amg cc afx dw
mz alu alt alr alv als ww
na amd aly alw amc alv alz ame alt alx als amb alr alu ama abm ty
nb aly alt alw alx als alu alr alv es adl mo ph (cz co nn adh)
nc alt alr ama alv alz aly alx alu als amb alw aho bj (xp at to at hj qo)
nd alt amk ame amj alu ama amc aly ami alr als alx amh alw alz amb amg alv amd amf ie (aa oq) (tl agk te (la sb alo ajf))
ne alu amb als alw ama alv aly alx alt alr alz fr bo iw abl dr aev (nk cc ako lx (acr me fe akg agl lo gz k))
nf als alx alv alr alu alt alw aeu aci zk gl uw jd sp (acn iw pe nh yj aii afq rz ii zw)
ng ama alt aly als alw alu amb alv amc alr alz alx ym uk lz (iw pj zq qn af tt ct)
nh alr alw aly alt amd alu alv amb amc als alz alx ama cw akd tm acz jg pm qr io hn cw (tv (ro pq ty))
ni alt alv alx amc alr als amd amb aly alz ama alw alu dv ahq go
nj aly amc alu alx ama alz alw amd amb alv als alt alr ahp ajr ui ajs hr bo cy dm acr rr aep acd fe kj dw zp afu dz afb hu
nk alv amc als amb alw ama aly amf ame alt alz alr amd alu alx alo agl zw ni np ml alz vn alj fu yh vh
nl amc alz alt alu ama amb alv alw als aly alr alx acs la qa abr akf lf va (jh fg abr adi aes jk)
nm alr alu alt als fu sr adj xj (uk ip rd aih cz hy)
nn alw alx als ame amf alz aly alu alt amd alv amc ama amb alr agu eh xy hx ajn mt zo akw pi xv xq fe rw akk t
no alt als alr uv ahx ajb ql rp
np amc amd ami amj ama amf amg alt amh amb alv als alz alu alx amk ame alw alr aly ap
nq alr alx als alu alw alv alt c pu ja acl tp
nr alw alx als alv alu aly alr alt fy rl
ns alu alt alw alr als alv lw qc fl ahh zz si
nt amf ama aly alv amg alz amd als alx alr amc alt ame alu amb alw yd ajs ahw gp mw sw fn mf sv kr hn ahm se cp
nu amh amb amj ama alr ami ame aly alz amf alu alv amd alx alt amg alw als amc aei abd agd adj io kp agn cc afp adb aaf
nv amb ama amd amc ame alv amf alu alt als alz alw aly alx alr ad kz i cx eo rf il vd ahq ajh wj
nw alt amc amb ama aly alr alv alu als alz alx alw qn ui kz ql agn zb ci agc
nx alw alx alr alv als aly alt alu dl vw ahe fu zn te aji
ny alx alw als alu alt alv alr aly n uu aex agr ch wf vr
nz alx alv alu alr als alw alt aha vg
oa alv alx alz amb aly alu alr alw alt als ama amc aat uz aae acl aeg ajr acc e cr (hl yu cu aav) cm (fu gf abe)
ob alx alt amc alr als alw amb ama alv alz amd aly alu vj abc lp jk il agn zt agi qu
oc alu alx alw alv amb aly ama als alr alz alt eo
od alr ga qs aiv aha ajb dr ca (nk aan g act ho aeo rj vi ek un) cv
oe aly alu alz alt als alw alr alv amb alx ama jw is tr abk r kg vn
og alr alt als alv alx alu alw agr abr qw aae adg gj
oh alx aly alw alr alz alt alu alv als agp jq tg kg ma aky abp
oi als alu alv alr alt oz
oj alv alt alr alz aly alw alu alx als vh cn br ww an yh aaw aio acn qq aby pk ako uf ge kb jj ft
ok alv alt alr alu als yg ht adf ahm acd n aex
ol se
om amc amb ama alx ami amf als ame alu alr amg amd alw alv alt alz amh aly ajk ajd afx xe aia
on alr aly alv ama als ame alw alt alu alx amf alz amd amb amc amg oh afn aba pb ar aia ww nb aha sl
oo als amc amb amd ama alu alv alt alz alr alw aly alx ame xa aex xx aki pm ry
op aly als alu alv ama alx alw alt alz alr sg ahv ex aac dl lk nb abm uq ahb akt ua nw (acb eq oy ajy hw qu)
oq alv alt als aly alx alr alw alu nt jc sk jw aij yn ajx alg ajz tp rp (dw uu np)
or alw amd amb alv ama alu alr amf alt amj aly als amc ame ami amg alx alz amh nd aca tm ul
os amb ame alx ami amf aly amh alt alw amj ama amk als alr amc alu amd amg alz alv adu cc da aiv alk cl ft mt aac ft si aka hk uc bn
ot alr als cl
ou alu amd alx ama alv amc als aly alz amf ame alw alr amb amg alt dd ajr
ov als alt alr adf
ow alr als alv alx alt alw alu aec afj tp ci aix lz aal et cu qy ala nz
ox amc alv amd alz alw amh amb als alx amf ami ame aly ama alt amg alu alr ep wp ob vt jg ac aih
oy als alr ake aje
oz alz alw alr ama alx alv als aly alt alu zl
pa alx aly amc alu ama alw amd amb als alv alt alz alr agg
pb amd alz alr alu amc amb alv alx ama alt alw aly als aar qk lw aep aeb gw mo u pv zl kn wv iz xz
pc alz amc aly ama alr alw alu amg alx ame als amh alv alt amd amb amf be
pd alt alu alr aly alv als alx alw alz ah (st rg qs xh vd)
pe alr vn na ih sk ms hh ks ju aau aaa
pf alt alu alv alr als he abu afv ajc age ake gv eg vb m (dl zk ahm)
pg als alw alr alv alu alt or ra adz el yd
ph aia alh ir ahl ox zw mb mg d dh qb ea rf xx el ok abo ajl es
pi als alr sv
pj als alr alt aib ko qc gu zh agy zc aif agp aie ca agv wy ahi vq f afd
pk alr als alu aly alw alx alt alv nx ahc
pl amd amc aly alz amg alv ami alr amf alw ama ame amh amb alt amj als alx alu lv adf t mw bn k wf zr abf tx aio akz aeg io jy
pm alw alu als alx alr aly alv alt bv aca oy
pn als alt alr es
po alw alv alz alx amb ama aly alt alr als amc alu wz pc cd aas fz aku go acu nb ajt air fa ae afo akr ea
pp alw ama alv alt amb alz amc alx aly alu als alr amd afz
pq ame amc aly alt alu alw alz als amb amd alx amf ama alr alv ep xl aim te aig we
pr alt als alr alu nh afz bi agq gv ow il
ps alt als amg amd alr amc amh ama aly ami ame amf amj alz amb alv alx amk alu alw mg (mj xm zd iy)
pt ama amc aly alz ame alv amb amd als alt alx alw alu alr act ajv aac aki zl aai dl nd
pu amj amd alu amf amh alw amc alt aly alz amg amb alr als alv alx ame ama ami ic rr gz rm aj pp ajk
pv alr als nj jh pu ga aer jn zr rp aep yg aae
pw alt amb alv alu alr aly als alw ama alz alx wx np wk aaf lt nj aeh zi acr (mh afx ahf (ht ge akd ck akx ab))
px alz ama alu alr amb alw alx aly alv alt als iz u ahu mw xd acf qc ajb ahw lf rr xv agq wx aee pr bz ie
py oa nw qf al op jw sp qs aky lk cs dn ed gj iu wt sc
pz alx alv amd ame amf ama amb aly alz alr amh alu als alw alt amg amc aw vv vs gf aad bu qe gu bk
qa ama alx alv alt alw alz alu aly als alr jj ud sn ty
qb alr amb amd ama ame als amc alu alt alz alv aly alw alx b (sm qm aeu sd sx aad ma adk is) wk ahq vw qi
qc als alr vz nj
qd als alt alr mi lv we ahz ee
qe alx alv alz als aly ami alw amb amj ama amd alt amc amh alr amf amg ame alu sn rb yh uq alh zd uw lx cj so dv akm aaj zl qc hj zm adw
qf ame alw alv alt alz ama aly amc amd alu als alx alr amb akl aih adb
qg alu alz amg amd alv alr ame alw amc ama amb alx alt amf aly als ajr gl pk bz
qh amc aly als alt alr alx alz alv alu ama alw amb aau afz jb
qi pn mb alm yc fw ec ao aal
qj amh alu ame ama amg aly amf als alv alx alt amk alz amj amb alw amc amd ami alr ahr
qk aly amg amb ama als alz alr alu alx alw amf amh ami alt amc ame alv amd afa (aim wh ni akp aav)
ql als alv alr alt alu ye rd iv ajo
qm alv alx amb ama als amc alu alw alt alz alr aly uf k yr xf aci gi dr fj qs rk iz xz at qe vn adi zm ahx qf acs
qn akq gs
qo amb als amf ame alr amh amc alu alx amk amj alt alw ami alz ama alv amd amg aly yr fe kp nj px dq ex (aak xj nm)
qp alr als gi
qq alu amf ama ami alz amg alv aly als alr alw amb alt ame amd amh alx amc ajw hw sk
qr wg so yc akk wv adl dt ahc agw
qs alv alu alt alr als ju akq mg wv tr acp ug jf abl fr hw jm agl sv afw jw tj xj
qt alx alu alr als alw ama amb alt alz ame amd aly alv amc ex zu gq abk qx acc
qu alw alv alt alr als alu wx wk mo gm fv eh ih abl zr
qv als alr aao tu aia pk vq aar bc adm my uk vl abm
qw alu alr alw alx als alt alv bf cx jx qi afg pc ahv acz qv f wp zw dd acl vb
qx alr als nk we hc (xd aby lm pt bq aev ajv) iq vk xe ko ey
qy amc alx aly als alw alr alv amf alz alt alu amd ama ame amb aeg aag aek gf xs aho bz km ko abe ax abq acq bk akd aci cm aep pq
qz alu alv als alt alr alx aly alw v od og uy
ra alv als ama amd alw ame alx alt amf amc alz amb aly alr alu eb afm xw wm lw mr vf alh zs
rb alr alu als alt je aiw ur xf acp wf mk afm nj oq adc g agj aht (aan aip wk cv fs)
rc ame alv amd alx amb alw als ama alz alu alt alr amc amf aly aah aj aga wn ov je
rd amb amk ami alz alr alt amg amh amd ame alw ama alu amc aly als amj amf alx alv aao mf es pz rh gx agh cv ix (wo nn cs)
re alr als alt alv alu ad (co qm mz sc ade aaf kw rx)
rf amg alt alz amd amb amf ame aly amh alx alv alu alr ama ami amc als alw lu alg aau agr rp ahq eu alo pt zs ke age fx aic hh gx akh ma tu
rg alv als alt alu alr ci aic ado gx alu aeh acx tk zq cm ags fc agu pt rr ug fy ko bp aft
rh aly alr amb alu alw alz alx als alv ama alt tm alc nr
ri alx aly alt alv alu alz als alw alr ado tx sk bc zq mz adk sn ib ox ks adg wq
rj alr als zk yd mv zk wz g adr bv
rk alv alr alu alt alw als gz cc zt abq fl rz ah alw rf ais
rl alt alr alv alz alx aly alu alw als ld
rm alu ame alz ama amg amd amh alw alr alv amb aly alt amc alx amf als wl ahf acf ado ais ho aeg nk akc am
rn amd amf alu ami alr amj alx alw alz aly alv als ama alt amc amh ame amb amg aey ss go ra ab adj ais nz abm aac di ad fe bv yx ajn cn qe afh ajx
ro als alt alu alr gw zt agi qh oj hb afi aim
rp alt alu alw aly ama alz als alx amb alr alv jw fb wr afa aaj ajx nl ie akb dt afw rs bt ada agb qh wd
rq alu alr als alw alv alz aly alt alx cp
rr alw alx alv alr als alt alu aly a aeb ahi mz aer abu ez li abi
rs als aly amf alw ame amb alu ami amh amg ama alx amd alv amc alt alr alz amj vp afr gq zj
rt alw ama amg amh alz amc aly ame alt alv amb als alx amd amf alu alr ami pe ff mh zs abz kr pa aco xh gx br qq ahx aeq wr ahu ahj fj aeo aeb
ru alr gq jf ta ex ig akv dn ac rx w agh am
rv als alu alr alt jf qc dc kj afz ach abr ajp vs cd sr tr so aaf
rw alx alw aly als alt alv alu alr ahr nz re zq ke adh aga sm qh zz re xx akw jn abh bn jv
rx alr als um yl mb ng fi xu wz aal aky wj aln we ys
ry aly amg als alr amc alx alt ame amb amf alw alz alu ama alv amd f ig aew ajh (zt bm aap abl ee acu)
rz als alu ama alw alv alr alt aly alx alz te (aca adm it ahp aic mb) nq vf ks
sa ei (k uz qr zo tl (il sz) gg ahc vi pr)
sb ry agz um (we rx)
sc ama alt aly alx alr alv als alz alu alw aeh
sd alr alv alu alw alt als aea hq iu tz uy gg it
se alt ama aly alu alr alx amb amd amf alv ame alz amc alw als vt bw
sf amc aly amd alv amb ama alw alz alu als alr alx alt je adk kj al
sg amb alr amc als aly amd alx ame alv alw alu alz alt ama aie xx ajv fl km aga adw aif qg sn zv gg hx adb
sh als alt alr te ky ar afo
si alr alt als aid aal th aja ael hc afx wc (adq tt bv ta agx)
sj alr aly alx alv als alw alu alt no ep bl sw ty ra uf adp (py eq wx acm hu lb t pl agy aky)
sk alz als alt ama alu amb alx alr alv aly alw zi pn ads sx dj js vu afi n sf hk wz aah aib alb
sl ama alt aly alz alv alr alu alw amb alx als ajv ey cg alh (aau aem xq fc)
sm als alt alr amf ama alw ame alx alv amb aly amd alu alz amc ajz rl (ad (fc ou cs afy aj ej))
sn alr alv alt alu aly alx amb als alw alz amc ama ahf bx abn agy
so amh alw amj amc als alt alx amb amg ame ama amf ami alz alu aly alr amd alv gw agr aee ti adu akl kb tx cg akl al aii qq hn
sp alt aly alr amc amb als ama alz alu amd alw alv alx ci xq aax mz
sq alr alt als vn sg er u (ue rn f od wu sb uv xy wv no uz sz mc)
sr alu alv alr aly alt alw alx alz amb ama als ij hv ie fy fd aiv fh mm
ss alr hq aiv jl hi aat uy uo
st alz amj als alv ama alw alu amk alr amg ame aly ami alt amf amh alx amb amc amd xx wh fl mn cb tu gz
su jd vs aib ahx e gc adl
sv alt alu alw alr aly alv alz als alx fu (qr we)
sw amd aly alt alv ame amb alw alu amf alx als amc alr alz ama agx ho xb aax bs ake xl (qh akj yl ev qp)
sx alw amd amg alu amf alr als amb aly alz amh alv alx amc ama alt ame th akf (aat ap abm xw ajg wf bw pr ajc) hf xt aei sm yb ado
sy alr als aah alc acj afb qd aix agm aao wy lm ti ajf ajs acu pe ny t
sz aly alw amc ama alv amb alr alt amg als ami ame amf amd alu alx amh alz ka nc au fw abe (ei abx zx zf zq acl rb po ahm rj qo jh) aav
ta amb aly amg alt alx amf alr alw als amh ama amd alz ame amc alv alu wr se hn qn (aba zt id f akq yd nm gx so nw vx)
tb alr als lx ax (ff da kc aer ahs aii (hh yx aiw nv rp cw nn yu cz ez ake aca))
tc alr als uk
td alw ama amh alu amc alt amb als aly amg alv alz amf alx ame amd alr xk
te vi il nh aah ajw gx afu mv hr ahe yy acq abo pp alo
tf alt alw alv alu als alr afw qs bx di ajb aai aec
tg ama als alu alr alz aly alw alv alt alx amb aap (qc ajg akj qd alm) uk aiz hj ph u aky nf adk abw afm (li tn)
th amg ama aly amh alx alr als amd alu amf amb alw alv alt ame amc alz wv aih afl qk (wc alm zq cy (afh aad ap xe cq ee) vk)
ti alr aee qo akm hs lv ak to afh pa aha my gy ll fn om os dh eu zr aen
tj alr amc aly alz amd alt als alw alx ama alu amb ame alv pp ahe mn uv fc rl aen aif ry agj xn hx xm aim dl
tk alv alu alw amd ame amh alt ama amj alr aly amf amc amg alz als ami amk alx amb uv afv aam akj aex adt xa abw
tl als alr alu alt alv tg aho (agw xm ajh ahu)
tm alt alr aly alw als alv alx alu alz aav
tn ama alx alr aly alw amc alv alz alt amg ami als ame amb amf amd alu amh ke vz ev yl dp pn ld ek th air f be av acv afq me zr aju eh
to aly alv alu alr alx alt als alw agi bg aln adx (ib ajq nx li uv oi)
tp als alt amd ame alv amb alw aly alx ama amf amc alu alz alr ym wj agv aau vz qu (akw aje kw jf rg fs)
tq aly amf alx amc alt alu als ama ame alw amg amb alv alz amh alr amd oy u ahw kv gl agi vx cv di vi zq aeg aa xs yo vq fn av ef ix
tr alv alu alx alt alr als aly alw zd rf aau aaw qs bu gt
ts ame amh alx alt ami amj amc amg amb als alz amf alv alr alw aly amd alu ama aeg
tt alt alr als er
tu alu amd alr amg alt ame als amc ami amb alv alx ama amf alw alz amh amj aly to sn vd all (ud kr ahu ag os ks) ey ln adg tb adr abt nl akm oq
tv alt amg alw amd amc alv alu alz ama als ame alr amb amf alx aly p acd ahj ake all
tw alx als alr alw alv alt alu aly zm rx aeh ai ol alb akn zg aij xz sg hi cv ra wn ww ajc cy
tx alr gx afx ee age ru sv gg aeg
ty adu aes ny kf re ec akq xh z il zn akw ne dd agc aeo fa zg dh
tz alw alt amd ame amb ama amc alu alv alx alz alr als amh aly amg amf aei js ade ow qe ls aeo
ua alr als yh acx alf gm abv aet po gx ri xu ady gj
ub alu alr alt als pp xm nk ns sq aer cd kb xw (afp kq hp pm abq ax et io)
uc alt alr als lt yw eu ta gy uq xh aab (jk zd by ef zi alh nj ale oo) agi
ud alv alx aly ama alr alt alz alw als alu fy
ue alr als aly alz alw alx alu alt alv vh mx ei wh acn aep ahy abs aey zl aew ax gj
uf alt alr alv als alu kn
ug alv alz alt alx alu als aly alr alw my
uh alw amb ama ame alz alv amg alu alx aly alr amf als amh alt amc amd aak nz rv ahc (aei bt pf pg yd ci ahm pw cu zt)
ui alu ama alz alw alv alx alr aly alt als h
uj alr als afq aej abq vw act cw ju uu agi ky akz alf alq wv
uk alv ama alr amd alz alt amc alx alu ame amb als alw aly uf abm aha nt aim pm aci fn agw akp akv
ul alr alt aly alw alx als alv alu ama alz hu adg mu (hd kv cw pi agz) abd aga afb
um alu alr alt als alv afb aba ajw afp bp uw
un alv alx alw alt als alu alr pt abl ahe afq hd
uo aly alt alr alx alu amg amh ame alz ama amb amf alw amd alv als amc acr acc
up alv alt alu als alx alr aly alw ama alz jz ld akh pt
uq als alt alw alr alv alx alu aez eo tq (lz aal)
ur ahf gl qa is se (akm bd aid te zu qp aih (hh (xn os adn fc) ajm))
us ama alz alt alr alx alv alu amc aly als alw amb aio (ail abq) lt acn nr xm afj agp agz
ut alr als alt xx mx aat ki iq abe hb ci vq aeh wq afq
uu amb alr als alw alz amc alv alu alx ama aly alt tp
uv alx amd alz alr alt amc alv aly alu alw ama als amb vi jc adh zc ads bm alj (sm adc dw sn acn js oc ym pf) alp xo agx ahw
uw alt alu alv alr als sv acg mq ts no ahw cu ace xv aft ahj ue kj abs nf dc qs
ux als alr alt alw alv alu wd yu agm ij pp xa ok yv el
uy alt alv alu alr alx alw ama als amb alz aly zk ajn up aja es ro al hx qx ho
uz amg aly alt als alw alz amd ame amf alx amc alu amb ama amh alr alv ti aku abi (tb ajn xf ql ajw)
va alt alr als nb bo ry tm pm pe lj lq py ax ns wp kv we aip agf aak acs add
vb aly amc amf alx alr amh ame amd alv alt alw alz ama als amg alu amb nd ac wm an lw abf p aci jt ho nl q ag afk vs aco bb xt
vc alr hh add uv bl mq nn fs
vd als alt alu alr alv ahx gp
ve alr alu alt als alv alw kv agy abi ale vl mh mh fo gy la rp tv mr alj js ri
vf alu als alr alt pr xm hl qc uj
vg alr alu als alt alv ajs aem ux yv ru vx (adw yz bm aks jb cb or ain vq) kg
vh alv amc alx ame alt alu amh amb alz aly alw amf alr amd als ama amg cd fh aek aec aat dk ek rp et iu lp (pv agu uz adx ada)
vi aly alt alu alz ame amk alw alr ama als amc amh ami alv amj alx amb amg amd amf fy kz ahj dn vf ajv agk op
vj qd jf pj os
vk alx alv als alt alw alr alu yl lc wj adf oi ui mr au cf ald fi ij
vl alv alr alu als alt ew jf mz aeq rg ka aff vp
vm als alr zl yd aip aib tc ft dg id ko qr gn lo ia agu zw ai sv wh
vn alr alt alu als alp rt afp acb vw up
vo alr alw alu als alv alt acb ali r pa akr ake rh agd fk aei xt (zn xk abb agz aaf la)
vp alt alu als alr hp xf afn
vq alw amb amd als alx aly amh alv alt amg ama amc amf alr ame amj ami alz alu yi vr adn
vr amc alx alw alz amb alv als aly alr alu alt ama aeq hc uv ahw x fn kw
vs als alt alu alr acz (au agb ma)
vt alu alw alx amc ama alr alz aly als alt amb alv yk ahx abd ya le rt hy
vu ama alz aly als alu alw amc alx alv amb amd alr ame alt zn ajv agx (nt ajm abc ada aex hk rj)
vv alz alv alu aly alw alr alx als ama alt aau bh agn db o tg
vw aly alr alx alt alw alu alv als be aia su sm zo za fp xc
vx alw alu alt als alr alv adj zi di acz ajq ahq fx eb cp tf
vy amc amf amd alw alr alx alv aly amb ama als alt alz alu ame jp yi
vz alz als amg amb alw alt aly alu alr ame alx amf amc amd alv amh ama aw (ajv gs (ko rf hg) vs ais va tb aho ahe uz jj)
wa alt alu amh amf amc alr amg alx amd alz alv ame aly amb alw ama als aek
wb amf ama alz alv alw aly ami amd amb amg alx amc alu als alt amh alr ame cl aas sy cc jr bz xt ke cr
wc als alr abz tk ex aie
wd alu alx alw alv alt alr aly als afs tj
we alu amh alr alv ami amd alw als amc alz alt ama amf amb amg ame aly amk alx amj dc agm ahu dy cp agc sj ajo zl ud po na za ael ci ahz gt gn un dp
wf aly als alz alt alv alw alr alu alx acs aes vx
wg alu amb alw alt alr ama aly als alv alx alz kc gm a ek sn ao hf rj ca ahc sf bt ps (vc el ru ajg qy is akf)
wh aly alz alx alu alv alw alr alt als mh
wi als amb amc amg alt alr aly alx alz amj ame amh amd ama amk alw amf alu ami alv acx kv dz xi lt te re agf oh
wj alu alz alr alw als alv ama alx alt aly mb ahl kb uu yc vi zq bu ne sy
wk alr agh
wl alv alt als alx alr amc ama alz alw amd amb alu aly tj fb jf hf ub f ud acy yi p
wm alr alt als alu du ahp tq tn
wn alt amd alz amc amb alw alu alv aly alr alx als ama abu
wo alu aly amc ama als alx alz ame amg alw amf alr amb alt amd alv yq bg ks ab a aej aiw aae fn md ex add tm aad (afg afb sk or nj)
wp ama alt amd alz alx amc amb alv als aly alr alw alu nn km
wq als amc alz alt alw alu ame alv amb alx amd alr ama aly pf
wr amd alv ama alu ame alw aly als alt alz amb alr amc alx ahl abg ig fr adt abn akd yk ajl ac fb ma gn aiv
ws alv ama amd alw alu als alz alt amb amc aly alx alr zc hv av aea qt ay agr
wt amj alv ami amh amf aly amd alu amb ama alw alx ame als alr amg alz amc alt sl
wu alw alu alt als alx alv alr aaj up lf ve ko acf um op akc
wv als alu alv alr alt wx qy adh xd nv ny oe
ww alu alv alt als alr tz rr ye ci tj aei alr agt
wx amh alx amb alz amg amk ami alr ama alu alv aly alt ame als alw amd amc amf amj yw us (aku t wt) ahm agm
wy ama ami ame amg alu alv amd alz alt amb als amh alr amc amj alx aly amf alw akf ee sx (ga aef an)
wz alz ama alr alu amb alx aly amc alv alt alw als on agw lu wh aai aad ahq
xa alr alu ama aly alv alt ame alx amc amb alz amd als alw eh akg ll nx zq vm ae ajw
xb aly ami alu alx amj amb amd amg alr alt amh ama ame alz alw amc alv amf als gh (ajj wz dn av bj te qq akp pb ml)
xc als alr alu alt alv fa afv ajr rd aat
xd amb alw amf amc ame alu alt als alr ama alv alx amg alz aly amd uv ja
xe alu alx als alt alv alw alr aez fq gb e aez agm ug ahv
xf alv ame amc alr als amd amf alx aly ama alw alz alu alt amb nc ig pb ac si gw gz aha sz fh xw dr ca
xg alr alz ama alx alt als amg ame amf alv amb aly alw alu amd amh amc bt mb ov fb sv wb xv ma ll lz hh jp aeu xd eb aid df
xh aeo lr aav acj xg sv akg tr cl cn sr alj cc adz zl aw
xi amc alv als amb alt alz amd alw alx alu ama alr aly ame abw ald agz ala aic cj aeg ej im
xj alr abr kk zq aa yz lr zo pj bd is qu (az hy iq adl akk rw qe)
xk amf alw amj aly amg alv amc amk amb alr amh ami amd alz ame alx alt ama alu als ael acm
xl alu alr alt alw als alv adh bi aka qh k
xm ame amd alr alt alu amg alz ama amh alx amb als aly ami amc amj alw amf alv acl tx (uk adm is xs cf rp nx) nz ym ahu
xn als alt ame alx aly amc amd amf alr alz ama alv amb alw alu aba ng lj xf aaj aaz pf
xo alu alr alv alt alz ama aly alx alw als oo alc ahv
xp aly amg amj alr als alv alu alw amh alz amc amd alt amk ame ami ama amf amb alx yn acy rn ip ain fg zi cj jo
xq aly alx alt alv ama alr alz als alu alw fd afo kn y kv ra
xr alt als alr it ud uc rk (ek rq (lk hv tq (ar aau) ajd hn ds alk u acu nx dj wy))
xs alt als alv alw alr alu bg ja agl hr aw fo dk
xt als alt alv alw alz alr alx alu ama amc aly amb yb is so bx nj fg hq xz pl oa g ju abf oa
xu alx alv alt aly amb amd alw als alu alz ama alr amc ame ma aaw mq la js pk abf alf hp uz abl aix my
xv als alu alt alw alr alv adm ye mh fb adq ags bm zt aar aaj aji
xw amd alr alx als alz alu amc alt alw ame alv amb aly ama cq
xx als amc amj ama amd ami ame amg alv amh alz alx alu amf alt alw alr amb aly aeo av ze ic aac af dt kt fv abt abq ge
xy alt alr als alu ga fi hy aib lo akk akl bo id
xz alx amb amf alr ame alu amd als ama alv alz aly amg alw amc alt gn is e bl vc lj ajs np it xm
ya als amc alr alw amg alu ame amd alv ama alx amf aly amb alz alt rv ga akm (hy agj su v acm aki aez abo qf vn su ur ez)
yb alr alw alx alt als alv alu akj ux aex ea xc da
yc als amc alt aly alz alv alr alw amb alu ama alx k zj acg su
yd als amb ama alu alz amc alv alw aly alx alt alr akv dq kp pu wa
ye alt alx alr alz aly ama alw alv alu als ain le ahs sm us agq
yf alw alt alz alx alu als alv alr aly iw (kd bh hs im)
yg alz alr ama amb alw aly alu alv als alt alx op mv qm rx mc
yh alt alw alu alr alv als ain ahz aiq ge aaw aey sl aht lz ahl c aiz bt akg
yi alw alu alx ama alt alr alz alv als aly jq wp bt ou abh
yj alt aly alv als alr alx alw alz alu ls rf zc afv aej ip ado m abi sr mg za io ako agh xc hw adm
yk alz amf alv als amg ama alw alx amb ami ame alr amh alu aly amc amd alt yu bo xf aju aho adn os zs adk al tm afi us cv ajc jl aad
yl alt als alr oe afw kx lc rn be um afk ade n jh ace
ym alr dv jd qk xc ti rp xr afu hj uw gu aez ads ze adk adr agj agn mm
yn alv alx alz ama amd alt alw amb als alr amc aly alu all ny ahh xc aah
yo alr alt alv alu als alw ih (si agx vl ajz tj wj cc ue)
yp alu alw als alt aly alx alr alv aly aao sy
yq alw alt alx alr als alv alu ny fz qk yd afp acf aak aiu abf eb (nd ax aje pp ln wk ap rs vc)
yr alz als alt alx alv alw aly alu alr sv wz (ajz dc agv aew ajm)
ys aig kl bb aw (uh ha air wi) (qq ags fo lp g ahz nr mm wv)
yt amf alt amd alx alv alw ama amg alz alu amb amc alr aly als ame pd xw kv ajh
yu alr yq agf ahb ye alh os
yv alx amd ama alr alu alt amb alz als alv aly amc alw aid rb xd th
yw aly alr alw alx ama alu alt amd als alv alz amb amc ls y my iw ahl vo
yx alr aly amc alt alv alu amd ame amb alw ama alz alx als acn ak xb rc xe
yy als alt alv alx alu aly ama alr alw alz tr ir abl kk adk fl oe aht rp sl vp bj (acl adw le ajj jw)
yz alz alv alw amc alt aly als alr alu ama amd amb alx aip sc rw aed oy aaf aq tg qz nr abc aaw
za alr adx ahu acg nl ahq qq hc gf nb ut agj
zb ama alv als alu alt ame aly amb alw alz alr amf amd alx amc aby aad tx ac au agp afa aah akz
zc alr aev cp acj br sc qc by hn rl aag aau ao vd wu
zd alr als alt ec ul aim nr acl abg mp (bw mm gw pt lk (ahc xw ajm) gc ao jk rw xd)
ze alv amc ama amf alz alr alx ame amd alw aly als alu alt amg amb mz uh c ags (adt tf aat) lo bx mc nr tp
zf alu alt ama alv amc alw amb aly alx als alz alr ajt
zg alr jt ajr adn pg vu
zh alt ame aly amb alv alw alr amc alz alx ama als alu amf amg amd ahl hk (nf jx afd ace us gm aw ex fi abe aha rl kl tl nb x)
zi ama alz alv alt amc alx alw als aly alr amg ame ami amf amd amb alu amh acw aj lt bf le f ht
zj alu alx alt alw als aly alv alr ahb ne aio ib go aeo bd ako afk
zk ame aly amh ami amg alx alz amb alt alr als alu alv amf alw amd amc ama sw lb jz oq aku mw (rp qa ahq ka aai dj ir akq kh)
zl alx als alu aly alr alv alw alt zw ct zm gp
zm alz amd alv alw als alr alx alt aly alu ama amb amc ame aie hh ajd to vw sj (ne akq)
zn alw amf alt als amg alz ami alv amb alu ama amc alx ame alr amh amj amd aly jj aeo adt nr qo akr (nn mg (ahx aas agn))
zo alu alx alz alv alt amb amc ama alw aly alr als bu ie pc bs fh gl uv vt lt jm cf agb ul md
zp alt ama alx alw alv alr amf aly amd amc alz amb amg alu ame als acf (alc adr y bj fj (nf on uj aim (ty re qj ahb)))
zq amb ama alx amc als amd aly alv alw alr alt alz alu ahd wx ahh fu abo aco qu ie aer ed qp zn pg abr ud mw ajj aal
zr alx alr amd ama alv alz amb als aly alw alt amc alu aac cl ze aab nu kx mq pw acg sw jh ws
zs alr alz alw alt amf aly als amc alx alu ami amh amd ama ame alv amj amg amb yz gh ck bg la qf gj
zt als alu alr alw alv alx aly alt alz aig ho qu (xc kc age ze aeg on alb bt ee mv nf afd oy ait)
zu alw alt alz ama amc alu als amb alx alr alv aly aij akt eb ve sr afp afe nw fr eg aha ny km jg hd iz ek
zv amc amd aly ame als amh alv alt alx amg alu alz ami ama amb alw amf alr bg agm be adf aim aea akv ch dh bj r ul
zw als alu alx alt amb ama alr alz alv alw aly amc hv pf wt jt vt abf nn aem et uh aku vq kr ph li su gs aig agq tr
zx alr abu aaw nf aaa akg ga akk aca py
zy alv alt als alw alu alx alr fm xy ri adr xd afi aer cp qp agj aiy
zz alr amf amd ame amg als aly alw amb alv amc alt ama alz alu alx abp acc mr all hi xv xc agz
aaa amc aly alu alx alv als alw amd alr amb ame alt alz amf ama uj ya o op dk xe mo wr mr od gn fw sw aes iu ev hz zr
aab alu alt alx als alz aly alw alr alv ama iq afv p afs h afw dr aex ajq adu yu adf la ru te bf yi (tw ahe wi)
aac alr eb aey bd aic nv aa dr aik agt agy ko aq kr nt lh uk
aad alx alt aly alv ama alw alr alz amb alu als agn ajb dw akm wi
aae alt alr als alu abp xn aao ajh qa rx akq adf ada afs akf adl oz eu
aaf alv alw als alu alr alt os
aag alt alw als alr alu alx alv pa us qh (ags we qi by aab uc ur o eb vb)
aah amb alr aly alv alx alu als alz ama amd alw alt amc aky va vc dl afn bd la adt xo
aai alr als alu alt alw aly alv alx dc ahp
aaj als alr vo jp sa ly
aak alr ef ala vj bm afq adf me xl nv bv (ny ox bi og aar gj)
aal amh alz amc alw amf alv amd amb alx als alu alr aly amg alt ama ami ame agx kk hd vi ik lv fk aam bi mu ro
aam aly alx amb ama alw alz ame amf alr alu alt als alv amc amd c k rs xp mi ql xb hn ep
aan ame alx amf alz amd als alr ama amh amb amc alt amj amk alv alw ami aly amg alu alg qo rl adz aim ags gf dm da adg kf ol
aao ama aly alv alt amb alr alu alz amg alw amf amh als amd ame amc alx ad
aap alv als ama amb alr alz alx alt aly alw alu add
aaq amc alz aly alv als alr alx amd alt amb alu alw ama ame cn aje pi vl yj zy yd st t (vq aid ahx yj d)
aar amd alw ame aly als amg alz amh ami amf amb alu alx amc alv alt alr amj ama j pn op zt hg
aas amf ami alr amc amh alw amg als amb alv alz aly alt alu ame alx amd ama ado y ez yh aij abc aix tg abw hu nn aku aw jo acs ah wq hw (bp ha)
aat alt alr als alu ll fw jb ot
aau alw alr alz amc alv alt als alx alu ama aly amb ade sf (acb ru mg kl ww jy ji akl)
aav alr alv alu alx alz alw alt aly als aaa aaq nk yd si gj wd at mj va
aaw alw alt alv alr alx als alu ar afg yv
aax aly alu alw alt alr alx als alv alz ajc adp akh aag
aay alt alr alu als adm pj hn uc xb ed rt ot sl yv xb to
aaz aly ama alv als alz alu alt alw alx alr nq afl d ahy me yg adr
aba als alx alt alw alv alu alr pp vg akf gs bo yf xq aiz rn aar (os pm nc cl ou) alc aep vl pt
abb als alr alt tr
abc alt als alr ama alw alu alz alv alx aly amb uy (gy uf wy oi ai) aem
abd alt alr als jc vd
abe alr alv alw alu als alt alx aeo am ez np abu ael sv yt adn sn ajt ah zf bv
abf alx alw amb ame aly alr amf amc alt ama alv amg amd alz als alu zp ts rj (iv nf) bi pn abh me aid nv mc fq agp ado gw acm mo jx zl
abg alv alw alu als alr alt akb (tg (aer kc ahx) aha ahf acp sn ar age (zf agr aek))
abh alx amd alu amh ame als alr alz ama amf amc alv aly alw alt amb amg xt (ajt (za fu ts ahx))
abi als ame alv alu amc alx ama alw alt amd aly alz amb alr mh wa he ajm bg
abj alr alw alu amf alv alt amd amb als amh ama amc alx alz amg aly ame dc adm
abk alt alr alv als alu v
abl alx alw alu aly alt alr alv als mc id gr mw tu afe gz aev adx agv ahe wl sg uv we hh vm
abm amc aly amj alu als amb alx alv ama ami amg alz alt ame alr alw amh amd amf sn
abn ama alu alt als alw alr alz alv alx aly od abr (akw gc acz)
abo als alu alv alr alt tb akj py iv akx afh bf lq act hi ih bl aer
abp amb alz alu alw aly alv alx ama amc alt als alr nb ajw ep aib aii aia px xl amb pf adp bw ajp
abq alt als alr fg ir agr sq mj rk abr aab oc
abr amg amh alw alu ame amf alt aly amc amb alx amd als alv alr ama alz ke afq mo os xp wy yj
abs yr om yu az acb zp aki rd ahx ye wc tx he hx alq afr ze jf ew cn
abt alt amc aly alu alw alz alr alv ama alx amb als ajt fu abb hu dy wo ty (agc pf) pv ak qv abo ls afx aju xv zb fx ae
abu alr alu aly ama amb alz amd alw alt amc alx alv ame als agd adv nr zd ur aia sz xv bu gf du xo ib zz kg
abv alr nd gy cy op aix yf
abw qo cz re np jy (cx jl ug km jx ay)
abx alr alv alu alt als az ajk jy kn zh ala lw adl tw ni sm ajg dc
aby alw alx alr als alu alv alt bw ne rz lb
abz alv alu alz alx alt aly alr als alw lk agv mm aez nq li zc ahz ahj sn afn ou ut (sk w adb)
aca alt alv alw amc amb alr alu ama als aly alx alz sr ow abz ke ms rh jq
acb alv alt alu als alr gb aek dd lh alc vr aj br adf tq n aev
acc alt amg aly amh alv amb ama alx amc alw ame als amf ami alu alz amd alr lg
acd alr ajs
ace alw amb alt alv alx ame amd als amc ama amh aly amg alu amf alz alr k md
acf als alt alw alr alu alv ahu gb
acg a us
ach amd aly als amc alw alz alv alr amb alx alu alt ame amg ama amf jv ep tr nd aat aiv hy abs lt xa mc iz ahx ab zn sd oh nm
aci alx ama alz als aly amb alu alr alt alv alw jk ae cc agr hi vc ny agf lp wh fa abz oz
acj alr id aiq tn zp br jw adu acn an lv
ack alx amf alr als amb amc ame alt alv aly ama alw alu amd alz wk cu nr bh aey zm xm aba
acl alr amf amk amd amh aly alz als ama alu amj amb ami alt alw ame amc alv alx amg tq qm xx aku ph lu hk pw afl jl hd abd vf px ajb hd mv x
acm alu amj ame alv amc alt amd ama amb alz als alw ami amg amf aly alx alr amh ne aci fc ahc nb aid zl ako tm vf zd aig pp jl
acn alv amg alu alr alz aly amh amb alx alw amd amc alt ami amf ama als ame zq gg ado rx qn xg cs ho agq eh n xw to afv ul cd (act acx)
aco alz amb amc aly alu alx alw ami ame als alt alr amh amg amd amf ama alv nt
acp alw als alt alv alu alr ahq xw wy ql qw iy ahn en av aa aef uo
acq als alr ry aif (jz zq akf pb ahd ca abi bl aex)
acr alr aah uk vc gd du ie ahu (akc act akj d abd abi py jb)
acs alt alr als ou rj aif wv jr th qw wk xo uv aea ny aej
act alr ama alv alt alw alz aly alu alx als ala aeu di oi gk cy nk afx k gf bd ahc
acu alu als alr alt vg
acv alt amc alv alw amd amh als amg alz aly ame alr amf amb alu alx ama xi kv aaz f lp js gg xd ru wq cu abe
acw amf alu amc alv alt als amg ama aly alw amk alx ami alz amh alr amb ame amj amd td gn yf ny mq hl kr aes aq aci lq aku b fv
acx alr alx alu alw als alv alt afq mc aez an gu adi vr cc aki jn id (dr xg o zh) cv bx (qw ns aeh)
acy alr alu alv als alt dr ahr lx afj me xx adl ac ah re hj ajw ty nj kp jt aal akf
acz alr alu alw alt alz aly als alx alv akc adv
ada alz alv amb ama als alt amc alr alx aly alw alu agx lq d ki oj mk kg bl aav pi
adb amd alv amc als alw alt amg amf alz alx alr ama alu aly ame amb ajm
adc alx alr alz alu alw als alt aly alv ack akx ya (ru ko nr hd kz ajs ahd abt tz aif)
add amd amb alw als alv alu alr alz alx aly alt amc amf ama ame af vq hu agu ls al br ls pu
ade amf ami alu ama amb alw alt amj alz amh amg amc aly alr amk amd als alx alv ame mh bk ajc lb (bn ds zs) et co
adf amc als aly amf ame alu alr amb alw alt amd alv alx ama alz adj alg wr gz (ot akw su dh ic op) qp (qw aey zz jd tq pp wd abx ad)
adg als alt alr alu lk abd pl xl (aeb on bx tp aev) b acs ca (tx akq ei) acf aau
adh alu alt ame amb amd ama alr alw als amc alx alz aly alv ahy
adi als alu alr alt ajr gp z nf km qu mg mq akt pe
adj als alv alt alw aly alz alu alr alx ama vy akd ix go rk ch wk it fl bp vb akk
adk alt alu alv alw alr als aiy aex cq aki zf ais eo g ed zs yl wa xw zj kn mp
adl alv als alr alx alu alw amb alz alt ama aly acd qm oo jq aah rp
adm alu ama alt alr alx alv als alw alz aly jn us cc dc ea sd fj yo
adn aly als alu alx alt alv alw alz amc amb ama alr qb adu cb
ado aly alz alv ama alw alr alt alu alx als acc y pw zk np co
adp alw aly alu alv als alt alr ama alz alx dw kc afo akr wy (oz ir cd acd rb gl aak xj adr) q
adq amc ama aly alr alz amd alx amb alv als ame alt amf alw alu amg amh aff acj ik (afg xs cw) gb aix ahe
adr alu alv ama alx als alz aly amb amd ame amc alt alw alr xz akw ir co yf wu (qe mm gl jz acl afp) zf xx
ads als alr oy jt bu abe mo aej bv ez pv ahv l ut
adt alu alw alx als alr alz alt aly alv akx
adu amh amf alv als amc alu alr amd amj alw amb alz ama amk alt ame aly amg ami alx gw aef ju fg acl bn
adv alu alz alw alx ama ame aly amd amc als alt amb alr alv tj akn vl yk (jd afd dg akj) zv (ao ay (wr wl abt abs))
adw alr alz alv ame amf amh alt ami amd als alu amb aly amg amj alx amc ama alw ne br wv aji vk agt afl jd
adx aly ama alr alt alv alx als alu alz amb alw amc amd tu
ady ame amh als alz amf alv aly ama alr alu amc alw alx alt amb amg amd mj aw td ox vr fh aed r vg bw cl js (so nj py)
adz alr alu als alt w zx zk qv ws ul acf ahw um kf pi en (o iy)
aea alr als alt ff
aeb als alt alx alr alv alu alw tz abh qy hg xo fn hl jn eg sg no gi vg ahw akm adw ahw tl
aec alv alr alu als alt bh
aed alr alx alv alu alw als alt zv acy abn tm akm rx yt aec cp ly ahv ri aab kg alj bz agk afj
aee aly ama als alr alx alv alz alt alu alw alj yd qi tq qm fc agm ahc aeq aal ajj oi nd ri ac
aef alr als em ajs kh qy rz (xf aau xb)
aeg alu als amj amg ami alv alr amf alx ame alw amd aly alt ama amc alz amh amb lg agv io uc iq xm ahe og kc hp abc acs qg qb ch ahp nr aii xh uj
aeh alt alv alr als alu xz
aei alt alw alu alv alx als alr adw bl
aej alu alt alv als alr alw gv sp (abr md) alk agt kg abn cj tf
aek alz als alu alw aly alr alv alx alt ago
ael amd alt alx alw aly alz als alv amb alu alr amc ama ur xi ca aaj acr os zv kn gr akr
aem ama amb amk amh amc alu ame alz aly alw amf alx amj amg alv ami als alr amd alt agw
aen oz ne ags aft
aeo ama amb alx alu amd alv alr alt als alz aly alw amc hw rs aez
aep alt amf amd ame als alz alr ama amg alv aly amb alw amc alu alx he pf ahk dc kz yw sb te ais
aeq aly alu amd amb alr alv ama alt alx alw als alz amc aeu si ahk ig ln aku tc afd qh db ik
aer amd amc ame amh amg ama aly alv alt als amb alx alz alw alr amf alu dc ahi gh bv zy f sx hq og
aes amb alv amc alz ami alx aly amg ame amh alw ama alt amd amf alu alr als akf
aet alw ami amg amb aly alz amc ama alx alu alv amd amf alt alr amh ame als re aey bi ji akx akk so alh cn zt (jq nj rt ajp adl ri) aja
aeu amh alr alu alv alx alt ame aly amc alw ama amg amd alz ami amj amf als amb hm
aev bn sv mf
aew alt amb ame ama alx als alv amc aly alr amf alz amd alw alu fh cl uc sz xi air ww
aex amb alt amf alw alz amj amh amk als alv alu amg ami ame amc amd alr ama alx aly yh ez xj a agn
aey aly als amc amh ame amk alr alu amd amb amg amj alz alx alw alt ami amf ama alv hg pj yw ado akg amc xi wi pd abi agc ud bg js ch dg is lq nw d
aez alu amd ama aly alv alt alr als alx amb amc alw alz ame hj aff aca uj aim ky il tp (ix akv nw adq ez zp lr aav)
afa ama amg alz amd amj alx ami alv amk amb amc alw als alr alt amh ame alu amf aly aah gt ael oc fk at od akg jo cl pz
afb alr als rp ty ya aiz ajw
afc alw als alr ama alz amb aly alu alt alx alv ku akx acl dm alf aas
afd alu alx amd amg alv amf amb als aly alt ame amh ama alz alw alr amc xj mh uk ln ow nc fw lx d (vm je)
afe alv aly alu alw als alx alr alt rv ahz ub (dp id os zs)
aff alx alz alw als aly alt alu alv alr aaa adh fw fi (aks zs agw wb cz aez xg fo mz ez by aq adz dj)
afg alw alu alv alr als alt adv adx j nc jh yp mb act akg alm aiq eb aba kw
afh alr abl aht zw pw ze pc gd jq akw sf fs bv hk
afi als alr uy hu (wg ags abt) k aba acp ahk oe mw td bp an eu
afj amb als amg alu ame amj amd amh amk alz amc alv alr ami ama aly amf alx alt alw vw aao le kb xf qz id nd zf wr akx afl jj aeg abd sp nf ex
afk alx amb alw alv als amd ama alu alt aly amc alr alz afs bu ga lr zu xl xt abj yt ak fb hp ss ei
afl als amb alr alu aly amd alz alw ama alt alv amc alx ame aca so ajz adn adm agy acq jm al os wx kx za qx
afm alr als alw alu alv alt ey ahe hp ko ci
afn alv alx alu alw alr als alt rs ad dx akp cr jf yi agf no mu ahr aai di gy aer vp aej
afo amk alu alw ami amf alt amd amg amh amj aly als amb amc alx ama alv ame alr alz aim aca ay ajr aav lh qc ox
afp alu als alw alv alx alt alz alr aly ik ajn wg wh up aln agx wb uv ajo
afq amg als amb alx alw amd alu alr ame amf alt ama aly amc alz alv ay em ee ep cp nh vd pd ay sv dt abe a hh dj afc agu mf nh
afr aad dc aec uo ri ka aba ut adw ajg aak (pe afy pf bx)
afs alu alr alt als alv ll uf ar acq afu (by eo) dg id ey agc gc
aft amb alr alt alz alx amf ama ame alw aly alv alu amc amd als cu aff wv alb (sb ahc hx hh) nm (xu ta uh akr abq lj abc adl g wd)
afu ame alx amf ami aly als amc alw alr amd ama alt alu alv amb amg alz amh aey (mh ye bp akd bd di hh tg fn hq ll)
afv alr als aeu aem ady c abh ky zj tp yr sf agm iq ve rj (zd f nq ep aam)
afw als alu alt alr ahm ri iy nz gj (hf bp mi ht alk my) dl akw ahv
afx ame alx amd alv aly als ama alw alu amf amc alr amb amg alt alz pl
afy qg
afz aly alx amb amc alv ama als alt alr alu alw alz aeg
aga amc alu amf amh alr amg ame als alv ama alt alx aly alw amd amb alz oa mh cx agn ajh rj
agb alt alu alw als alv alr ei aba pg vd aln en ee jd qk fz hd agx bo xi pp qy
agc alw als alr alt alv alu kq ex ri akx agh xl acd ajm qj
agd amb amk ami amg amj alx aly alw ama amh alu amd alz als ame alt alv alr amc amf mb ajm aio vj aee hf vm uj v
age alt alr alw als alv alu ade nw ya aaf ja
agf amb alu alz amf ame amc alx ama alv amd aly als alr alw alt akd agh agz
agg amf ama amc als amg aly alu alt alr amd alz alv amb ame alx alw gy aae lh fa ud aiv
agh amd als alt alx alr amb alu amc aly alw alz alv amf ame ama amg amh c ajv afi abw bs lt fn mc aez
agi alv alt alx alw alu alr als nw
agj alw alt als alx alu alv alr agi md aey up ale gi su ov
agk alx amg alv alr ame alt amf amd als amb amc alw alu aly ama alz amh lq uc abt tu oq x zn ra (agg aw)
agl amd amb alz amf alr alw alx alt ame amc als aly alv ama alu hx mv rl vy
agm alw als alt alu alv alr ya wx wv hb aky wg ep ef pw am
agn alw aly alt alu als alx alr alv ama alz aew wx ss na ahb (aal (ajd oe jn zt lg mm lv cd tg fb ou))
ago alr als aii jz bv ahb abc fh
agp aly alw alz alt alu alr alx als alv st nm gt aby tk aji
agq alv alt amb als amc alx amf aly alw ama amd amg alr alu alz ame dq
agr ama alt als amb alu amd amc aly alz alr alx alv alw za fu jo nx hc bd ajl acy zw qs ja qk (jf w)
ags alr als ms agm lu adr e aae pb
agt xz
agu alr sj kj lm ahh lh es cq kj uh adc al nf jh ox zu
agv alr abu ve aau de or gh zr fb aee oi es tr
agw agt afl el kv ajm ue
agx alv ama alr alx als aly amb alu alw alz alt mv ahj yo afi agh ub aif
agy alt alw alx amb ama alz amc aly alu alr als alv afd
agz ama amc alv amg amb aly als amf alr ame alx amd alu alt alw alz bz cz adh qb ph ow am yv aha kj
aha alt alr als alv alu lf
ahb alt ame amd aly als alx alr alv alz amc ama alw alu amb aal qh zp kf kx tm ajd mg gs r ach td ys
ahc alw alt alr alx ama alv alu aly als alz amb is k gq ys tn pt bv nh ov ts qr act az ap tj aln
ahd alx als alv aly alr alu alt alw tn wd rd agf wp gj de kv r ajf ft vw (ew gv rf)
ahe amd alu amg ame alx ami amj ama als alt alv amc amb alr amf alw alz amk amh aly pk ju aih yz uh sp rg fi op akx ace vv q
ahf amb als alr amg ame alx alz amh amc ama alu alv amf amd aly ami alw alt dy abv abf zq afx aiv abp aw wo bg adr
ahg alw alt amb ame ama amc alu alz amd alv aly als alx alr hc
ahh alw amb als alv ama alr alz ame amf amc alt amd aly amg alu alx mn zi tx abt rf xb abp zq (aah fo dv) c aas ur jy z pb ht pz
ahi alw alx amc amd als ama alt alz alu amb aly alr alv ajl acf gx ade fm bs ry (oh vr ajr ul gu mq ajq ft h) vz nr xq ajo
ahj alv alw alu alx als alr alt ea abb t fv
ahk als alr wl qj ic
ahl ame alw amg alx ama amh als amb alv aly amc amf alr alu alt amd alz ami ej sc ajo afa ne gu ahs aeq pe ahm fv mm agx it ahe ahb xn il wg hk
ahm aly alw alr alx alt alu ama alz als alv aik rg ny ql qv fe aan rs
ahn alt als alu alr ex io kt nb uf acf mx
aho alv alu alr als alt xl ci nr nr abf akm agk abe rh adp fx ed m kv
ahp alt alr als ahw
ahq alx ame als alu alr ama amc amh alt amb amf alv amd alz alw aly amg agm fy rx dp zl rm jb afq agn xj
ahr alt alu alx als alv alr alw aiu agz ov abc xp io y im adh so
ahs alr ama als alx alw aly alu alz alv alt ajl aiu jm ma mg adc gr ih yl yh afv
aht alv alu alz amf ame amd ama amc amb alx alr alt amg alw als aly ajz og ahr yz dq agw iq ald adt zg
ahu aly alx ama alu amb alt amh alv amf ami alz ame alw amg amc als amd alr fw abe (fj aga nx mq)
ahv alx alr alu als alt alv alw aly acy ai go qx mh qe ha we gc adv dy acb aao afx md gy ft aaz xn nd
ahw alu alw aly alx alr alv alt als qc j alj sk aav
ahx alx alw alu als alr alv alt xg ld by ei abx fj ajn ajo tb zd acb fg w pg (yn oc lq sm)
ahy alr als adu aai adx si abz (la er aca ix agu ail vk aam ajw)
ahz alr aly alx amd als amc amb ama alw alz alv alu alt pu
aia fd mv aev ir wc afk
aib alv alw alz alu alr alx als alt aly alp kq js ol aio pt ajl ia ade xa bd wl
aic alx alu alw alr alv alt als sr (aq py acn) ll ait lf tu ym um hj adw ii zb pn agg ym aix
aid amh als alt ami alx amg alr ame amc amk amd amj aly alz amf alu ama alw amb alv acd nc aiy hf rp (jm alc abg (uv zk od))
aie amj amh als ami amf amc alw aly ame amb alt amd alx amg alu ama alz alv alr jz sw (ek zb wm (um adp ho akd abm))
aif alr alu als alt lc gw rd
aig alr ab ady ady abr bw
aih als alr aiu ty
aii alv amg amb amh als alw ama amf ame ami amc alx alt aly alz alu alr amd aim au aci aah rg ci ago qj fb agm wu b ale ri ss qc rn jr
aij alx alt ama alw aly alr ame alz amg als amc amb alu alv amf amd rv agz gt mq
aik alw alx alz ama alv alr aly alt alu als amb av eh ajf ud oy th aan gt zs aal aj afq mh
ail als alu alr alt aat nd ks ei aeb es aim afx ww ob aky hb co xa l
aim alr alw alv alu alt als ms ahg nn mk (nf sr qi rw kq cf adc mr akq va cm gj)
ain alz alv alx alw ama alu aly als alt alr dj nz rm mq hu ao agr ajk al qe am aaa afw ud cy dg tx jj afk ec
aio alv alr alt alz alx als aly alu alw ml es sx ak ail ca acb ahr mq wq kn h eo
aip alx alz alr alu ama amb als aly alw ame alt alv amc amd bd alc (kw ajq ra ji ls akv adi fo ahz qm)
aiq alw alv amg ame ama ami aly alt alx amb amd amc alz alu alr amh amf als eh (yy x acu ih) rs afg fu ym nm (hf tt)
air als alt alr ri aji (sa fo ajn aik)
ais alu alv als alr alt alw ahe aje dw rp dc cx q nc aeu vb gh cc
ait alx amb alu alw alr ama alt als alv aly amc alz ny aen acc adq fh de cq afc pl aew nh tb nw g ail iw zo
aiu alw alx alu alv als aly alr alt wb td
aiv alw amf alu ama amb amg alr amd aly alz als alx amc alv ame amh alt aj
aiw ame alx alr aly amc amf alt als amb alw amd alu alz alv ama rw dt ajo wu ul alo eg cv alm ep
aix als amb alw amg alz aly amd alr ama alu alv amh alt ame amc amf alx aei ado pq g eb nq kt (akz xt to oq ahu aie v pv adm bh ni)
aiy amd alx amg ami alz ama amc alw amb alv alu amf alt amj als aly amh alr ame afz ks hu acl (aam aaa acp adx (rv akf) ag tu (rc od zv aja rp age))
aiz alw alv amc alu alr alx amb alz als ama aly alt hi zk aen us tm ud gt rd py
aja ama alt amb alz aly alx als alu alv alw alr amc iy
ajb alw alt als aly alz alu alv alx alr wx vw kl oe dw po qx jw aar ais aat akx lb (ex agf is oh tb afc)
ajc alt alz amd ame alv amf amc alx als amb alu alr ama aly alw wp qm ro vw gv ahv xf tl jz
ajd als aly alz alx amd amk amg alu amc ami amb ame alr ama amh alw alt amj alv amf gj xx n akp ed cp aid zl vc wk iz (rp de)
aje als alr ow cl rr ba aes
ajf ama alt alr alz alu alv als amc aly alw amb alx aeg ur tc ux cg ns aky agy rj fd hl (fz qq yi xj nh alc vj zp)
ajg alt alu aly amd alz als alx ama ame amb amc alv alr alw un afq hu (fm tl nw md du ace) aw zs ny bz es
ajh alr cw qe od (aii ait acc aec)
aji alt alu alv alr als bk add eu cm eh ah aja mz aba
ajj alw alx alt alu als alv alr aly es (ex ge aic uz) afe eh ajn acd zy oe lg hp ha adn dy xk adp yp
ajk alr fs qo
ajl amh aly alr als amb amd amf amc alz amg alu alw alx alv ama ame alt ami lp rl add tm kj ez kb ix wf om aaj afw abw it qe kn acp
ajm ame amb amd als amc alr alv aly alu alw alz alx ama alt ak aq adi acg
ajn alr als alt aix agn mp yq abp ln cw ox
ajo alw amc ame amj alu amg amb alx aly amd amh amf alt alr ami alv als ama alz akq (lw ahs cl ajr aap su hu xz) iy aju ou dh qt xv wc ev cw
ajp amf als amk amb amh alx ami ame alw amj alu aly amd amc alr alv alz alt ama amg bs by fs ami zf fw y ia mr zv zh afv qe rg cg aas aaa
ajq alz als alu aly alr ama alx amb alw alv alt akw hx bn em xy tt
ajr amb alt amc alv ame alw als alz alr ami amh ama aly amd alx amg amf alu ud oa agf mk on sf oe fo zj ky wp we tl dv
ajs alt amc amf aly ame amb alu alr alw amd als alx amg ama alz alv rk ju ado na bb
ajt aly alr alx amb als ama alt amc alu alz alw alv ft mt vk abt alc rd akv fr fu lw xl ajz aag vk aau wr (em yk)
aju alr fu bn aef
ajv alr alt alu alv alx alw als sk aif
ajw ama alv alw alu alr alz alt als alx amb aly jk dn jj yo (zh yj jc fd pl) acu aho uz af so jk mt aes ia zg ajo
ajx als alr alu alt ir gi ri adj
ajy ama amd alu alw alv amb alx amf aly alt als alr ame amc alz pp adn abj iq alh pf wz agl afd eu bg ajz rl zj ajk hj kt bg
ajz alr alu alt als cm ek ea rw yo agu tu yo fc qz aka aja cw qn gu
aka als alv alu alt alr nc wr d aiq qw (fl acj alb ada ol adf yn ao cp aaq ym vo) xf
akb aly als alw alx alu alt alv alr jn ww agg um je ajr bz
akc als ame alv alx alw alz alu alt amd alr amc ama aly amb aki hu afw wj po wd aar ahc ey kd yi acr afi bp qk sg
akd aly alz amc amd alv amb alu alw alr ame amf ama alx alt als alg
ake alu alw als alv alz aly alt alx alr su co qv
akf alw alt alr als alu alz alx aly alv gs ru a sp iz acp id vq akm bl bp afx
akg alz als alx alu alv ama aly alw alr alt pj
akh alx amd amb alw aly amc amh alr als alt alv alu amg amf ami alz ame ama t cp qv ce aln adk pm tn kt afv kn os adp vp agn (an td)
aki alu amd ama als amb alr amh amc alw amf alz alt ame amg amj aly alv ami alx ac ny
akj amd alt alr ame amb amh alw alv amf ama alx alz ami als amc aly alu amg io ad w abh aea ali bc jr aku zz aet aej adg ja agz
akk agg tv uw pq xm ee abo aee sp ea hw (aad akd bz sg acx ce x)
akl alt alr alv alw als alu mx jk ic kt
akm alt alr alx alu alw als alv aem
akn alr alz aly als alt alv alw alx alu ama uh adj tc pk kz ahc bs
ako alt alr als alv alw alu alx le lq abz kh (ru aih) ade (kk (lv jv abo wo us kx jo bg vd zg akx))
akp alr alv aly alt als alw alx alu ot jn (ok hb aac) zn fx oq zf ahu et aat ms am jc gl hb aah afm
akq amj amf alv alu amb aly amk alt als alr ami alw alx amg ama amh amc ame alz amd akc po kf
akr amd alt alx amc alw ama amf alu alz alr aly als amb amh alv ame amg xp dw pe sr sa gv ps fz le mb akd fz eo acw g aif vx
aks als alw alv alu alr alt uv d qw zo ii aee uw wh yf ft acq (js zz aad)
akt ami aly als alz alw alu alv alx amf amh amc alr amd alt amg amb ame ama aar
aku ama amb alr amg alt ami amf alv alw aly alz als amc amd alu ame amh alx mk pe (it wm gz jv jt) w aii akl akz afj zd afr hy
akv amg alx ama als alu alz amf alr amc amb alw alt alv aly amh amd ame aar aje bo ea ha ve
akw alu alv als aly alt ama alw alr alz alx amb yz tb ahe aan lt ale ys aao ci lv na fs he oz wh my aeb ji wp
akx alw alr ame ama alu alz amf amd aly als alx alt amc alv amb nm
aky mp ajp fw ro (ka akk ak akx)
akz ami amg ama alt als amh alw amb alz amf alv alu amd alr alx ame amc aly vf ka ace ach rt (ct aen acn aa (acv jp afx xl tl (qa ob ahf js ne)))
ala alw als aly ame amd amb alv amf amc alx alr alz alt ama alu qb mx aeg hj
alb alt alr als alu akb ahb nj yd bf agb nj qs l wx alk bs
alc fr xj pd ru zu aio xv akm aek aia (ry pq nt cd uz zz) ha gx
ald alu alt alv als alr akq ala aic ok cp mt gz te adq ph tx aiv tf ko
ale als alu alt alr alv alw vj ja aar lc dt aek hj
alf ame alv ama alu amc als alt amd aly amb alz alw alr alx fr aeh ahk (g ja alg mn aih) yd (ald en)
alg alr alv amd alz amc aly amb alx amg alw als alu ama amh ame ami alt amk amf amj zw uy ig oh jk pa (ui di uz my agl sv ki bj alf afw oj)
alh als alr hw ia aax aln ng eh bp zl dh ub gh xl acy ni nh
ali alw alz ama amd amb alv alx als ami alr amf amg alt aly ame alu amh amc ahw rb bp (df gu agi ny aba rk zd ahw aln oh ny tl sq ajj) akp aao qg
alj yy
alk alz alr alt als alx ama alv aly alw alu iq (ab lq vy (abr aji ags (ns zh ef xk cz) dn kc xn))
all alv alz als alu amb amc alt aly ama alr alw alx hq ad ru adz aik or sv bt su hx dh (dy akc ly fi sg) up ajw
alm als ama aly alu alv alt alx alw alz alr amb ait
aln alv alt alr als alx alw alu akj hw ajg zc bi ch fu pw or ahr oc xu (wi vs ahd mp)
alo ahr (pa yc ji) mx ew ajn th ahc (ala bg ux aic)
alp alt alw alv aly alu ama alx als alr alz ala jz vn alk qs iu agu ms hv
alq alw aly alx alt amb ama alv als alr alz alu afu
main alf ax A B bx si yk C (e fd a qx) wh ex D uu (tx lc ao) ajm xo ajn alp hg E F xo ew aie wc G wg ahu gg pe wn H jf akb aed kx ch aay I du ahz gr acc aes (J K aes (mz qa gu ru aga us pp mi nq mm L yu mt aij mp M) rf ug N ajo O yw ahg P ae alj) o hp ii fi Q R aed lp mx ir S T cg jt (U xm afs (V W X ao dl aa sj cg ka vd zd afz Y Z) aax hg fw cx AA AB ca abr bo AC iq wi aim AD hu ol ma zz xj oh ge gl ix) AE (AF aap th p AG uy (rh (or adq akr hh rn abe AH ik ajx h ng aee fd AI uv AJ za) acu) ahy zr bk AK vh wv aag) agl ij ps akz lc xl AL AM (un xy (ri jv fn (kk rf oe xx abc abw zw nm ajb AN y AO agd xn (AP ef qs (wk tb alc AQ AR mi vm agz jm) (AT xz ju aif) AU ahe aht) vn kr jl ags ub AV AW qy AX AY) ha aex z wj ct nz AZ vi BA ags aed nx BB oz (BC xs mm es ajx sd sl iv gi aeo fb kn (jy wc mj (aat acg zh ma rs ah vh us cl io cj gj gx aft (alp l io fh aht cd acc mg pe BD li ui ug bi) BE BF abr se) cx ait gr BG xv (ou fu (BH zg BI qd ack BJ uy kv aku iq BK BL ya hh ez go n ir pc BM kr zl li j uq aca abr xu BN vm ss dt) ju tf ahl de (aae lf d nc aeb dm aeh lx sx BO aeu BP r ou ds BQ ahr ao sz ek tr BR an adr vb (mk ajf BS yu lc BT)) ff vq ru (pl vl (mh BU wm BV ba mp kt sd) fq gw ik cn ma rf zr uv im afp BW vp ay BX (aet abk ahh aeq alm oy lu fh (ob adl sf eu acb BY pr) zr ys)))))))
------------------------------------------------------------
alf ax A B bx si yk C (e fd a qx) wh ex D uu (tx lc ao) ajm xo ajn alp hg E F xo ew aie wc G wg ahu gg pe wn H jf akb aed kx ch aay I du ahz gr acc aes (J K aes (mz qa gu ru aga us pp mi nq mm L yu mt aij mp M) rf ug N ajo O yw ahg P ae alj) o hp ii fi Q R aed lp mx ir S T cg jt (U xm afs (V W X ao dl aa sj cg ka vd zd afz Y Z) aax hg fw cx AA AB ca abr bo AC iq wi aim AD hu ol ma zz xj oh ge gl ix) AE (AF aap th p AG uy (rh (or adq akr hh rn abe AH ik ajx h ng aee fd AI uv AJ za) acu) ahy zr bk AK vh wv aag) agl ij ps akz lc xl AL AM (un xy (ri jv fn (kk rf oe xx abc abw zw nm ajb AN y AO agd xn (AP ef qs (wk tb alc AQ AR mi vm agz jm) (AT xz ju aif) AU ahe aht) vn kr jl ags ub AV AW qy AX AY) ha aex z wj ct nz AZ vi BA ags aed nx BB oz (BC xs mm es ajx sd sl iv gi aeo fb kn (jy wc mj (aat acg zh ma rs ah vh us cl io cj gj gx aft (alp l io fh aht cd acc mg pe BD li ui ug bi) BE BF abr se) cx ait gr BG xv (ou fu (BH zg BI qd ack BJ uy kv aku iq BK BL ya hh ez go n ir pc BM kr zl li j uq aca abr xu BN vm ss dt) ju tf ahl de (aae lf d nc aeb dm aeh lx sx BO aeu BP r ou ds BQ ahr ao sz ek tr BR an adr vb (mk ajf BS yu lc BT)) ff vq ru (pl vl (mh BU wm BV ba mp kt sd) fq gw ik cn ma rf zr uv im afp BW vp ay BX (aet abk ahh aeq alm oy lu fh (ob adl sf eu acb BY pr) zr ys)))))))
fr aeh ahk (g ja alg mn aih) yd (ald en) xo ajn alp hg E F xo ew aie wc G wg ahu gg pe wn H jf akb aed kx ch aay I du ahz gr acc aes (J K aes (mz qa gu ru aga us pp mi nq mm L yu mt aij mp M) rf ug N ajo O yw ahg P ae alj) o hp ii fi Q R aed lp mx ir S T cg jt (U xm afs (V W X ao dl aa sj cg ka vd zd afz Y Z) aax hg fw cx AA AB ca abr bo AC iq wi aim AD hu ol ma zz xj oh ge gl ix) AE (AF aap th p AG uy (rh (or adq akr hh rn abe AH ik ajx h ng aee fd AI uv AJ za) acu) ahy zr bk AK vh wv aag) agl ij ps akz lc xl AL AM (un xy (ri jv fn (kk rf oe xx abc abw zw nm ajb AN y AO agd xn (AP ef qs (wk tb alc AQ AR mi vm agz jm) (AT xz ju aif) AU ahe aht) vn kr jl ags ub AV AW qy AX AY) ha aex z wj ct nz AZ vi BA ags aed nx BB oz (BC xs mm es ajx sd sl iv gi aeo fb kn (jy wc mj (aat acg zh ma rs ah vh us cl io cj gj gx aft (alp l io fh aht cd acc mg pe BD li ui ug bi) BE BF abr se) cx ait gr BG xv (ou fu (BH zg BI qd ack BJ uy kv aku iq BK BL ya hh ez go n ir pc BM kr zl li j uq aca abr xu BN vm ss dt) ju tf ahl de (aae lf d nc aeb dm aeh lx sx BO aeu BP r ou ds BQ ahr ao sz ek tr BR an adr vb (mk ajf BS yu lc BT)) ff vq ru (pl vl (mh BU wm BV ba mp kt sd) fq gw ik cn ma rf zr uv im afp BW vp ay BX (aet abk ahh aeq alm oy lu fh (ob adl sf eu acb BY pr) zr ys)))))))
fx uj aar wn ahk (agx np qb (tj q adf)) (ald en) xo ajn alp hg E F xo ew aie wc G wg ahu gg pe wn H jf akb aed kx ch aay I du ahz gr acc aes (J K aes (mz qa gu ru aga us pp mi nq mm L yu mt aij mp M) rf ug N ajo O yw ahg P ae alj) o hp ii fi Q R aed lp mx ir S T cg jt (U xm afs (V W X ao dl aa sj cg ka vd zd afz Y Z) aax hg fw cx AA AB ca abr bo AC iq wi aim AD hu ol ma zz xj oh ge gl ix) AE (AF aap th p AG uy (rh (or adq akr hh rn abe AH ik ajx h ng aee fd AI uv AJ za) acu) ahy zr bk AK vh wv aag) agl ij ps akz lc xl AL AM (un xy (ri jv fn (kk rf oe xx abc abw zw nm ajb AN y AO agd xn (AP ef qs (wk tb alc AQ AR mi vm agz jm) (AT xz ju aif) AU ahe aht) vn kr jl ags ub AV AW qy AX AY) ha aex z wj ct nz AZ vi BA ags aed nx BB oz (BC xs mm es ajx sd sl iv gi aeo fb kn (jy wc mj (aat acg zh ma rs ah vh us cl io cj gj gx aft (alp l io fh aht cd acc mg pe BD li ui ug bi) BE BF abr se) cx ait gr BG xv (ou fu (BH zg BI qd ack BJ uy kv aku iq BK BL ya hh ez go n ir pc BM kr zl li j uq aca abr xu BN vm ss dt) ju tf ahl de (aae lf d nc aeb dm aeh lx sx BO aeu BP r ou ds BQ ahr ao sz ek tr BR an adr vb (mk ajf BS yu lc BT)) ff vq ru (pl vl (mh BU wm BV ba mp kt sd) fq gw ik cn ma rf zr uv im afp BW vp ay BX (aet abk ahh aeq alm oy lu fh (ob adl sf eu acb BY pr) zr ys)))))))
qh lm adk wv y aib wh aex ww bz jv ak fi uy o lz aiy ajn alp hg E F xo ew aie wc G wg ahu gg pe wn H jf akb aed kx ch aay I du ahz gr acc aes (J K aes (mz qa gu ru aga us pp mi nq mm L yu mt aij mp M) rf ug N ajo O yw ahg P ae alj) o hp ii fi Q R aed lp mx ir S T cg jt (U xm afs (V W X ao dl aa sj cg ka vd zd afz Y Z) aax hg fw cx AA AB ca abr bo AC iq wi aim AD hu ol ma zz xj oh ge gl ix) AE (AF aap th p AG uy (rh (or adq akr hh rn abe AH ik ajx h ng aee fd AI uv AJ za) acu) ahy zr bk AK vh wv aag) agl ij ps akz lc xl AL AM (un xy (ri jv fn (kk rf oe xx abc abw zw nm ajb AN y AO agd xn (AP ef qs (wk tb alc AQ AR mi vm agz jm) (AT xz ju aif) AU ahe aht) vn kr jl ags ub AV AW qy AX AY) ha aex z wj ct nz AZ vi BA ags aed nx BB oz (BC xs mm es ajx sd sl iv gi aeo fb kn (jy wc mj (aat acg zh ma rs ah vh us cl io cj gj gx aft (alp l io fh aht cd acc mg pe BD li ui ug bi) BE BF abr se) cx ait gr BG xv (ou fu (BH zg BI qd ack BJ uy kv aku iq BK BL ya hh ez go n ir pc BM kr zl li j uq aca abr xu BN vm ss dt) ju tf ahl de (aae lf d nc aeb dm aeh lx sx BO aeu BP r ou ds BQ ahr ao sz ek tr BR an adr vb (mk ajf BS yu lc BT)) ff vq ru (pl vl (mh BU wm BV ba mp kt sd) fq gw ik cn ma rf zr uv im afp BW vp ay BX (aet abk ahh aeq alm oy lu fh (ob adl sf eu acb BY pr) zr ys)))))))
aau afz jb uy o lz aiy ajn alp hg E F xo ew aie wc G wg ahu gg pe wn H jf akb aed kx ch aay I du ahz gr acc aes (J K aes (mz qa gu ru aga us pp mi nq mm L yu mt aij mp M) rf ug N ajo O yw ahg P ae alj) o hp ii fi Q R aed lp mx ir S T cg jt (U xm afs (V W X ao dl aa sj cg ka vd zd afz Y Z) aax hg fw cx AA AB ca abr bo AC iq wi aim AD hu ol ma zz xj oh ge gl ix) AE (AF aap th p AG uy (rh (or adq akr hh rn abe AH ik ajx h ng aee fd AI uv AJ za) acu) ahy zr bk AK vh wv aag) agl ij ps akz lc xl AL AM (un xy (ri jv fn (kk rf oe xx abc abw zw nm ajb AN y AO agd xn (AP ef qs (wk tb alc AQ AR mi vm agz jm) (AT xz ju aif) AU ahe aht) vn kr jl ags ub AV AW qy AX AY) ha aex z wj ct nz AZ vi BA ags aed nx BB oz (BC xs mm es ajx sd sl iv gi aeo fb kn (jy wc mj (aat acg zh ma rs ah vh us cl io cj gj gx aft (alp l io fh aht cd acc mg pe BD li ui ug bi) BE BF abr se) cx ait gr BG xv (ou fu (BH zg BI qd ack BJ uy kv aku iq BK BL ya hh ez go n ir pc BM kr zl li j uq aca abr xu BN vm ss dt) ju tf ahl de (aae lf d nc aeb dm aeh lx sx BO aeu BP r ou ds BQ ahr ao sz ek tr BR an adr vb (mk ajf BS yu lc BT)) ff vq ru (pl vl (mh BU wm BV ba mp kt sd) fq gw ik cn ma rf zr uv im afp BW vp ay BX (aet abk ahh aeq alm oy lu fh (ob adl sf eu acb BY pr) zr ys)))))))
ade sf (acb ru mg kl ww jy ji akl) ew aie wc G wg ahu gg pe wn H jf akb aed kx ch aay I du ahz gr acc aes (J K aes (mz qa gu ru aga us pp mi nq mm L yu mt aij mp M) rf ug N ajo O yw ahg P ae alj) o hp ii fi Q R aed lp mx ir S T cg jt (U xm afs (V W X ao dl aa sj cg ka vd zd afz Y Z) aax hg fw cx AA AB ca abr bo AC iq wi aim AD hu ol ma zz xj oh ge gl ix) AE (AF aap th p AG uy (rh (or adq akr hh rn abe AH ik ajx h ng aee fd AI uv AJ za) acu) ahy zr bk AK vh wv aag) agl ij ps akz lc xl AL AM (un xy (ri jv fn (kk rf oe xx abc abw zw nm ajb AN y AO agd xn (AP ef qs (wk tb alc AQ AR mi vm agz jm) (AT xz ju aif) AU ahe aht) vn kr jl ags ub AV AW qy AX AY) ha aex z wj ct nz AZ vi BA ags aed nx BB oz (BC xs mm es ajx sd sl iv gi aeo fb kn (jy wc mj (aat acg zh ma rs ah vh us cl io cj gj gx aft (alp l io fh aht cd acc mg pe BD li ui ug bi) BE BF abr se) cx ait gr BG xv (ou fu (BH zg BI qd ack BJ uy kv aku iq BK BL ya hh ez go n ir pc BM kr zl li j uq aca abr xu BN vm ss dt) ju tf ahl de (aae lf d nc aeb dm aeh lx sx BO aeu BP r ou ds BQ ahr ao sz ek tr BR an adr vb (mk ajf BS yu lc BT)) ff vq ru (pl vl (mh BU wm BV ba mp kt sd) fq gw ik cn ma rf zr uv im afp BW vp ay BX (aet abk ahh aeq alm oy lu fh (ob adl sf eu acb BY pr) zr ys)))))))
mh bk ajc lb (bn ds zs) et co ahz gr acc aes (J K aes (mz qa gu ru aga us pp mi nq mm L yu mt aij mp M) rf ug N ajo O yw ahg P ae alj) o hp ii fi Q R aed lp mx ir S T cg jt (U xm afs (V W X ao dl aa sj cg ka vd zd afz Y Z) aax hg fw cx AA AB ca abr bo AC iq wi aim AD hu ol ma zz xj oh ge gl ix) AE (AF aap th p AG uy (rh (or adq akr hh rn abe AH ik ajx h ng aee fd AI uv AJ za) acu) ahy zr bk AK vh wv aag) agl ij ps akz lc xl AL AM (un xy (ri jv fn (kk rf oe xx abc abw zw nm ajb AN y AO agd xn (AP ef qs (wk tb alc AQ AR mi vm agz jm) (AT xz ju aif) AU ahe aht) vn kr jl ags ub AV AW qy AX AY) ha aex z wj ct nz AZ vi BA ags aed nx BB oz (BC xs mm es ajx sd sl iv gi aeo fb kn (jy wc mj (aat acg zh ma rs ah vh us cl io cj gj gx aft (alp l io fh aht cd acc mg pe BD li ui ug bi) BE BF abr se) cx ait gr BG xv (ou fu (BH zg BI qd ack BJ uy kv aku iq BK BL ya hh ez go n ir pc BM kr zl li j uq aca abr xu BN vm ss dt) ju tf ahl de (aae lf d nc aeb dm aeh lx sx BO aeu BP r ou ds BQ ahr ao sz ek tr BR an adr vb (mk ajf BS yu lc BT)) ff vq ru (pl vl (mh BU wm BV ba mp kt sd) fq gw ik cn ma rf zr uv im afp BW vp ay BX (aet abk ahh aeq alm oy lu fh (ob adl sf eu acb BY pr) zr ys)))))))
an dz yz ajs acq afh (bn ds zs) et co ahz gr acc aes (J K aes (mz qa gu ru aga us pp mi nq mm L yu mt aij mp M) rf ug N ajo O yw ahg P ae alj) o hp ii fi Q R aed lp mx ir S T cg jt (U xm afs (V W X ao dl aa sj cg ka vd zd afz Y Z) aax hg fw cx AA AB ca abr bo AC iq wi aim AD hu ol ma zz xj oh ge gl ix) AE (AF aap th p AG uy (rh (or adq akr hh rn abe AH ik ajx h ng aee fd AI uv AJ za) acu) ahy zr bk AK vh wv aag) agl ij ps akz lc xl AL AM (un xy (ri jv fn (kk rf oe xx abc abw zw nm ajb AN y AO agd xn (AP ef qs (wk tb alc AQ AR mi vm agz jm) (AT xz ju aif) AU ahe aht) vn kr jl ags ub AV AW qy AX AY) ha aex z wj ct nz AZ vi BA ags aed nx BB oz (BC xs mm es ajx sd sl iv gi aeo fb kn (jy wc mj (aat acg zh ma rs ah vh us cl io cj gj gx aft (alp l io fh aht cd acc mg pe BD li ui ug bi) BE BF abr se) cx ait gr BG xv (ou fu (BH zg BI qd ack BJ uy kv aku iq BK BL ya hh ez go n ir pc BM kr zl li j uq aca abr xu BN vm ss dt) ju tf ahl de (aae lf d nc aeb dm aeh lx sx BO aeu BP r ou ds BQ ahr ao sz ek tr BR an adr vb (mk ajf BS yu lc BT)) ff vq ru (pl vl (mh BU wm BV ba mp kt sd) fq gw ik cn ma rf zr uv im afp BW vp ay BX (aet abk ahh aeq alm oy lu fh (ob adl sf eu acb BY pr) zr ys)))))))
ue ny dx py ux dq afs kw le sm dq aeg acz ain yw gk R aed lp mx ir S T cg jt (U xm afs (V W X ao dl aa sj cg ka vd zd afz Y Z) aax hg fw cx AA AB ca abr bo AC iq wi aim AD hu ol ma zz xj oh ge gl ix) AE (AF aap th p AG uy (rh (or adq akr hh rn abe AH ik ajx h ng aee fd AI uv AJ za) acu) ahy zr bk AK vh wv aag) agl ij ps akz lc xl AL AM (un xy (ri jv fn (kk rf oe xx abc abw zw nm ajb AN y AO agd xn (AP ef qs (wk tb alc AQ AR mi vm agz jm) (AT xz ju aif) AU ahe aht) vn kr jl ags ub AV AW qy AX AY) ha aex z wj ct nz AZ vi BA ags aed nx BB oz (BC xs mm es ajx sd sl iv gi aeo fb kn (jy wc mj (aat acg zh ma rs ah vh us cl io cj gj gx aft (alp l io fh aht cd acc mg pe BD li ui ug bi) BE BF abr se) cx ait gr BG xv (ou fu (BH zg BI qd ack BJ uy kv aku iq BK BL ya hh ez go n ir pc BM kr zl li j uq aca abr xu BN vm ss dt) ju tf ahl de (aae lf d nc aeb dm aeh lx sx BO aeu BP r ou ds BQ ahr ao sz ek tr BR an adr vb (mk ajf BS yu lc BT)) ff vq ru (pl vl (mh BU wm BV ba mp kt sd) fq gw ik cn ma rf zr uv im afp BW vp ay BX (aet abk ahh aeq alm oy lu fh (ob adl sf eu acb BY pr) zr ys)))))))
vh mx ei wh acn aep ahy abs aey zl aew ax gj dq aeg acz ain yw gk R aed lp mx ir S T cg jt (U xm afs (V W X ao dl aa sj cg ka vd zd afz Y Z) aax hg fw cx AA AB ca abr bo AC iq wi aim AD hu ol ma zz xj oh ge gl ix) AE (AF aap th p AG uy (rh (or adq akr hh rn abe AH ik ajx h ng aee fd AI uv AJ za) acu) ahy zr bk AK vh wv aag) agl ij ps akz lc xl AL AM (un xy (ri jv fn (kk rf oe xx abc abw zw nm ajb AN y AO agd xn (AP ef qs (wk tb alc AQ AR mi vm agz jm) (AT xz ju aif) AU ahe aht) vn kr jl ags ub AV AW qy AX AY) ha aex z wj ct nz AZ vi BA ags aed nx BB oz (BC xs mm es ajx sd sl iv gi aeo fb kn (jy wc mj (aat acg zh ma rs ah vh us cl io cj gj gx aft (alp l io fh aht cd acc mg pe BD li ui ug bi) BE BF abr se) cx ait gr BG xv (ou fu (BH zg BI qd ack BJ uy kv aku iq BK BL ya hh ez go n ir pc BM kr zl li j uq aca abr xu BN vm ss dt) ju tf ahl de (aae lf d nc aeb dm aeh lx sx BO aeu BP r ou ds BQ ahr ao sz ek tr BR an adr vb (mk ajf BS yu lc BT)) ff vq ru (pl vl (mh BU wm BV ba mp kt sd) fq gw ik cn ma rf zr uv im afp BW vp ay BX (aet abk ahh aeq alm oy lu fh (ob adl sf eu acb BY pr) zr ys)))))))
cd fh aek aec aat dk ek rp et iu lp (pv agu uz adx ada) gk R aed lp mx ir S T cg jt (U xm afs (V W X ao dl aa sj cg ka vd zd afz Y Z) aax hg fw cx AA AB ca abr bo AC iq wi aim AD hu ol ma zz xj oh ge gl ix) AE (AF aap th p AG uy (rh (or adq akr hh rn abe AH ik ajx h ng aee fd AI uv AJ za) acu) ahy zr bk AK vh wv aag) agl ij ps akz lc xl AL AM (un xy (ri jv fn (kk rf oe xx abc abw zw nm ajb AN y AO agd xn (AP ef qs (wk tb alc AQ AR mi vm agz jm) (AT xz ju aif) AU ahe aht) vn kr jl ags ub AV AW qy AX AY) ha aex z wj ct nz AZ vi BA ags aed nx BB oz (BC xs mm es ajx sd sl iv gi aeo fb kn (jy wc mj (aat acg zh ma rs ah vh us cl io cj gj gx aft (alp l io fh aht cd acc mg pe BD li ui ug bi) BE BF abr se) cx ait gr BG xv (ou fu (BH zg BI qd ack BJ uy kv aku iq BK BL ya hh ez go n ir pc BM kr zl li j uq aca abr xu BN vm ss dt) ju tf ahl de (aae lf d nc aeb dm aeh lx sx BO aeu BP r ou ds BQ ahr ao sz ek tr BR an adr vb (mk ajf BS yu lc BT)) ff vq ru (pl vl (mh BU wm BV ba mp kt sd) fq gw ik cn ma rf zr uv im afp BW vp ay BX (aet abk ahh aeq alm oy lu fh (ob adl sf eu acb BY pr) zr ys)))))))
ur rp et iu lp (pv agu uz adx ada) gk R aed lp mx ir S T cg jt (U xm afs (V W X ao dl aa sj cg ka vd zd afz Y Z) aax hg fw cx AA AB ca abr bo AC iq wi aim AD hu ol ma zz xj oh ge gl ix) AE (AF aap th p AG uy (rh (or adq akr hh rn abe AH ik ajx h ng aee fd AI uv AJ za) acu) ahy zr bk AK vh wv aag) agl ij ps akz lc xl AL AM (un xy (ri jv fn (kk rf oe xx abc abw zw nm ajb AN y AO agd xn (AP ef qs (wk tb alc AQ AR mi vm agz jm) (AT xz ju aif) AU ahe aht) vn kr jl ags ub AV AW qy AX AY) ha aex z wj ct nz AZ vi BA ags aed nx BB oz (BC xs mm es ajx sd sl iv gi aeo fb kn (jy wc mj (aat acg zh ma rs ah vh us cl io cj gj gx aft (alp l io fh aht cd acc mg pe BD li ui ug bi) BE BF abr se) cx ait gr BG xv (ou fu (BH zg BI qd ack BJ uy kv aku iq BK BL ya hh ez go n ir pc BM kr zl li j uq aca abr xu BN vm ss dt) ju tf ahl de (aae lf d nc aeb dm aeh lx sx BO aeu BP r ou ds BQ ahr ao sz ek tr BR an adr vb (mk ajf BS yu lc BT)) ff vq ru (pl vl (mh BU wm BV ba mp kt sd) fq gw ik cn ma rf zr uv im afp BW vp ay BX (aet abk ahh aeq alm oy lu fh (ob adl sf eu acb BY pr) zr ys)))))))
ahf gl qa is se (akm bd aid te zu qp aih (hh (xn os adn fc) ajm)) rp et iu lp (pv agu uz adx ada) gk R aed lp mx ir S T cg jt (U xm afs (V W X ao dl aa sj cg ka vd zd afz Y Z) aax hg fw cx AA AB ca abr bo AC iq wi aim AD hu ol ma zz xj oh ge gl ix) AE (AF aap th p AG uy (rh (or adq akr hh rn abe AH ik ajx h ng aee fd AI uv AJ za) acu) ahy zr bk AK vh wv aag) agl ij ps akz lc xl AL AM (un xy (ri jv fn (kk rf oe xx abc abw zw nm ajb AN y AO agd xn (AP ef qs (wk tb alc AQ AR mi vm agz jm) (AT xz ju aif) AU ahe aht) vn kr jl ags ub AV AW qy AX AY) ha aex z wj ct nz AZ vi BA ags aed nx BB oz (BC xs mm es ajx sd sl iv gi aeo fb kn (jy wc mj (aat acg zh ma rs ah vh us cl io cj gj gx aft (alp l io fh aht cd acc mg pe BD li ui ug bi) BE BF abr se) cx ait gr BG xv (ou fu (BH zg BI qd ack BJ uy kv aku iq BK BL ya hh ez go n ir pc BM kr zl li j uq aca abr xu BN vm ss dt) ju tf ahl de (aae lf d nc aeb dm aeh lx sx BO aeu BP r ou ds BQ ahr ao sz ek tr BR an adr vb (mk ajf BS yu lc BT)) ff vq ru (pl vl (mh BU wm BV ba mp kt sd) fq gw ik cn ma rf zr uv im afp BW vp ay BX (aet abk ahh aeq alm oy lu fh (ob adl sf eu acb BY pr) zr ys)))))))
dy abv abf zq afx aiv abp aw wo bg adr cg jt (U xm afs (V W X ao dl aa sj cg ka vd zd afz Y Z) aax hg fw cx AA AB ca abr bo AC iq wi aim AD hu ol ma zz xj oh ge gl ix) AE (AF aap th p AG uy (rh (or adq akr hh rn abe AH ik ajx h ng aee fd AI uv AJ za) acu) ahy zr bk AK vh wv aag) agl ij ps akz lc xl AL AM (un xy (ri jv fn (kk rf oe xx abc abw zw nm ajb AN y AO agd xn (AP ef qs (wk tb alc AQ AR mi vm agz jm) (AT xz ju aif) AU ahe aht) vn kr jl ags ub AV AW qy AX AY) ha aex z wj ct nz AZ vi BA ags aed nx BB oz (BC xs mm es ajx sd sl iv gi aeo fb kn (jy wc mj (aat acg zh ma rs ah vh us cl io cj gj gx aft (alp l io fh aht cd acc mg pe BD li ui ug bi) BE BF abr se) cx ait gr BG xv (ou fu (BH zg BI qd ack BJ uy kv aku iq BK BL ya hh ez go n ir pc BM kr zl li j uq aca abr xu BN vm ss dt) ju tf ahl de (aae lf d nc aeb dm aeh lx sx BO aeu BP r ou ds BQ ahr ao sz ek tr BR an adr vb (mk ajf BS yu lc BT)) ff vq ru (pl vl (mh BU wm BV ba mp kt sd) fq gw ik cn ma rf zr uv im afp BW vp ay BX (aet abk ahh aeq alm oy lu fh (ob adl sf eu acb BY pr) zr ys)))))))
tv oa acm yx fy hm lw me tv alc ql hc ap ul gu ob sz pi ma kk zq afx aiv abp aw wo bg adr cg jt (U xm afs (V W X ao dl aa sj cg ka vd zd afz Y Z) aax hg fw cx AA AB ca abr bo AC iq wi aim AD hu ol ma zz xj oh ge gl ix) AE (AF aap th p AG uy (rh (or adq akr hh rn abe AH ik ajx h ng aee fd AI uv AJ za) acu) ahy zr bk AK vh wv aag) agl ij ps akz lc xl AL AM (un xy (ri jv fn (kk rf oe xx abc abw zw nm ajb AN y AO agd xn (AP ef qs (wk tb alc AQ AR mi vm agz jm) (AT xz ju aif) AU ahe aht) vn kr jl ags ub AV AW qy AX AY) ha aex z wj ct nz AZ vi BA ags aed nx BB oz (BC xs mm es ajx sd sl iv gi aeo fb kn (jy wc mj (aat acg zh ma rs ah vh us cl io cj gj gx aft (alp l io fh aht cd acc mg pe BD li ui ug bi) BE BF abr se) cx ait gr BG xv (ou fu (BH zg BI qd ack BJ uy kv aku iq BK BL ya hh ez go n ir pc BM kr zl li j uq aca abr xu BN vm ss dt) ju tf ahl de (aae lf d nc aeb dm aeh lx sx BO aeu BP r ou ds BQ ahr ao sz ek tr BR an adr vb (mk ajf BS yu lc BT)) ff vq ru (pl vl (mh BU wm BV ba mp kt sd) fq gw ik cn ma rf zr uv im afp BW vp ay BX (aet abk ahh aeq alm oy lu fh (ob adl sf eu acb BY pr) zr ys)))))))
p acd ahj ake all pi ma kk zq afx aiv abp aw wo bg adr cg jt (U xm afs (V W X ao dl aa sj cg ka vd zd afz Y Z) aax hg fw cx AA AB ca abr bo AC iq wi aim AD hu ol ma zz xj oh ge gl ix) AE (AF aap th p AG uy (rh (or adq akr hh rn abe AH ik ajx h ng aee fd AI uv AJ za) acu) ahy zr bk AK vh wv aag) agl ij ps akz lc xl AL AM (un xy (ri jv fn (kk rf oe xx abc abw zw nm ajb AN y AO agd xn (AP ef qs (wk tb alc AQ AR mi vm agz jm) (AT xz ju aif) AU ahe aht) vn kr jl ags ub AV AW qy AX AY) ha aex z wj ct nz AZ vi BA ags aed nx BB oz (BC xs mm es ajx sd sl iv gi aeo fb kn (jy wc mj (aat acg zh ma rs ah vh us cl io cj gj gx aft (alp l io fh aht cd acc mg pe BD li ui ug bi) BE BF abr se) cx ait gr BG xv (ou fu (BH zg BI qd ack BJ uy kv aku iq BK BL ya hh ez go n ir pc BM kr zl li j uq aca abr xu BN vm ss dt) ju tf ahl de (aae lf d nc aeb dm aeh lx sx BO aeu BP r ou ds BQ ahr ao sz ek tr BR an adr vb (mk ajf BS yu lc BT)) ff vq ru (pl vl (mh BU wm BV ba mp kt sd) fq gw ik cn ma rf zr uv im afp BW vp ay BX (aet abk ahh aeq alm oy lu fh (ob adl sf eu acb BY pr) zr ys)))))))
ze zb gy aih si we em bc vz wo bg adr cg jt (U xm afs (V W X ao dl aa sj cg ka vd zd afz Y Z) aax hg fw cx AA AB ca abr bo AC iq wi aim AD hu ol ma zz xj oh ge gl ix) AE (AF aap th p AG uy (rh (or adq akr hh rn abe AH ik ajx h ng aee fd AI uv AJ za) acu) ahy zr bk AK vh wv aag) agl ij ps akz lc xl AL AM (un xy (ri jv fn (kk rf oe xx abc abw zw nm ajb AN y AO agd xn (AP ef qs (wk tb alc AQ AR mi vm agz jm) (AT xz ju aif) AU ahe aht) vn kr jl ags ub AV AW qy AX AY) ha aex z wj ct nz AZ vi BA ags aed nx BB oz (BC xs mm es ajx sd sl iv gi aeo fb kn (jy wc mj (aat acg zh ma rs ah vh us cl io cj gj gx aft (alp l io fh aht cd acc mg pe BD li ui ug bi) BE BF abr se) cx ait gr BG xv (ou fu (BH zg BI qd ack BJ uy kv aku iq BK BL ya hh ez go n ir pc BM kr zl li j uq aca abr xu BN vm ss dt) ju tf ahl de (aae lf d nc aeb dm aeh lx sx BO aeu BP r ou ds BQ ahr ao sz ek tr BR an adr vb (mk ajf BS yu lc BT)) ff vq ru (pl vl (mh BU wm BV ba mp kt sd) fq gw ik cn ma rf zr uv im afp BW vp ay BX (aet abk ahh aeq alm oy lu fh (ob adl sf eu acb BY pr) zr ys)))))))
mz uh c ags (adt tf aat) lo bx mc nr tp agl ij ps akz lc xl AL AM (un xy (ri jv fn (kk rf oe xx abc abw zw nm ajb AN y AO agd xn (AP ef qs (wk tb alc AQ AR mi vm agz jm) (AT xz ju aif) AU ahe aht) vn kr jl ags ub AV AW qy AX AY) ha aex z wj ct nz AZ vi BA ags aed nx BB oz (BC xs mm es ajx sd sl iv gi aeo fb kn (jy wc mj (aat acg zh ma rs ah vh us cl io cj gj gx aft (alp l io fh aht cd acc mg pe BD li ui ug bi) BE BF abr se) cx ait gr BG xv (ou fu (BH zg BI qd ack BJ uy kv aku iq BK BL ya hh ez go n ir pc BM kr zl li j uq aca abr xu BN vm ss dt) ju tf ahl de (aae lf d nc aeb dm aeh lx sx BO aeu BP r ou ds BQ ahr ao sz ek tr BR an adr vb (mk ajf BS yu lc BT)) ff vq ru (pl vl (mh BU wm BV ba mp kt sd) fq gw ik cn ma rf zr uv im afp BW vp ay BX (aet abk ahh aeq alm oy lu fh (ob adl sf eu acb BY pr) zr ys)))))))
ww bx mc nr tp agl ij ps akz lc xl AL AM (un xy (ri jv fn (kk rf oe xx abc abw zw nm ajb AN y AO agd xn (AP ef qs (wk tb alc AQ AR mi vm agz jm) (AT xz ju aif) AU ahe aht) vn kr jl ags ub AV AW qy AX AY) ha aex z wj ct nz AZ vi BA ags aed nx BB oz (BC xs mm es ajx sd sl iv gi aeo fb kn (jy wc mj (aat acg zh ma rs ah vh us cl io cj gj gx aft (alp l io fh aht cd acc mg pe BD li ui ug bi) BE BF abr se) cx ait gr BG xv (ou fu (BH zg BI qd ack BJ uy kv aku iq BK BL ya hh ez go n ir pc BM kr zl li j uq aca abr xu BN vm ss dt) ju tf ahl de (aae lf d nc aeb dm aeh lx sx BO aeu BP r ou ds BQ ahr ao sz ek tr BR an adr vb (mk ajf BS yu lc BT)) ff vq ru (pl vl (mh BU wm BV ba mp kt sd) fq gw ik cn ma rf zr uv im afp BW vp ay BX (aet abk ahh aeq alm oy lu fh (ob adl sf eu acb BY pr) zr ys)))))))
tz rr ye ci tj aei agl agt ij ps akz lc xl AL AM (un xy (ri jv fn (kk rf oe xx abc abw zw nm ajb AN y AO agd xn (AP ef qs (wk tb alc AQ AR mi vm agz jm) (AT xz ju aif) AU ahe aht) vn kr jl ags ub AV AW qy AX AY) ha aex z wj ct nz AZ vi BA ags aed nx BB oz (BC xs mm es ajx sd sl iv gi aeo fb kn (jy wc mj (aat acg zh ma rs ah vh us cl io cj gj gx aft (alp l io fh aht cd acc mg pe BD li ui ug bi) BE BF abr se) cx ait gr BG xv (ou fu (BH zg BI qd ack BJ uy kv aku iq BK BL ya hh ez go n ir pc BM kr zl li j uq aca abr xu BN vm ss dt) ju tf ahl de (aae lf d nc aeb dm aeh lx sx BO aeu BP r ou ds BQ ahr ao sz ek tr BR an adr vb (mk ajf BS yu lc BT)) ff vq ru (pl vl (mh BU wm BV ba mp kt sd) fq gw ik cn ma rf zr uv im afp BW vp ay BX (aet abk ahh aeq alm oy lu fh (ob adl sf eu acb BY pr) zr ys)))))))
tz rr ye ci tj aei agl agt ij ps akz lc xl AL AM (un xy (ado tx sk bc zq mz adk sn ib ox ks adg wq AZ vi BA ags aed nx BB oz (BC xs mm es ajx sd sl iv gi aeo fb kn (jy wc mj (aat acg zh ma rs ah vh us cl io cj gj gx aft (alp l io fh aht cd acc mg pe BD li ui ug bi) BE BF abr se) cx ait gr BG xv (ou fu (BH zg BI qd ack BJ uy kv aku iq BK BL ya hh ez go n ir pc BM kr zl li j uq aca abr xu BN vm ss dt) ju tf ahl de (aae lf d nc aeb dm aeh lx sx BO aeu BP r ou ds BQ ahr ao sz ek tr BR an adr vb (mk ajf BS yu lc BT)) ff vq ru (pl vl (mh BU wm BV ba mp kt sd) fq gw ik cn ma rf zr uv im afp BW vp ay BX (aet abk ahh aeq alm oy lu fh (ob adl sf eu acb BY pr) zr ys)))))))
tz rr ye ci tj aei agl agt ij ps akz lc xl AL AM (un xy (acc y pw zk np co adg wq AZ vi BA ags aed nx BB oz (BC xs mm es ajx sd sl iv gi aeo fb kn (jy wc mj (aat acg zh ma rs ah vh us cl io cj gj gx aft (alp l io fh aht cd acc mg pe BD li ui ug bi) BE BF abr se) cx ait gr BG xv (ou fu (BH zg BI qd ack BJ uy kv aku iq BK BL ya hh ez go n ir pc BM kr zl li j uq aca abr xu BN vm ss dt) ju tf ahl de (aae lf d nc aeb dm aeh lx sx BO aeu BP r ou ds BQ ahr ao sz ek tr BR an adr vb (mk ajf BS yu lc BT)) ff vq ru (pl vl (mh BU wm BV ba mp kt sd) fq gw ik cn ma rf zr uv im afp BW vp ay BX (aet abk ahh aeq alm oy lu fh (ob adl sf eu acb BY pr) zr ys)))))))
tz rr ye ci tj aei agl agt ij ps akz lc xl AL AM (un xy (acc y pw zk np co adg wq AZ vi BA ags aed nx BB oz (BC xs mm es ajx sd sl iv gi aeo fb kn (jy wc mj (ll fw jb ot ah vh us cl io cj gj gx aft (alp l io fh aht cd acc mg pe BD li ui ug bi) BE BF abr se) cx ait gr BG xv (ou fu (BH zg BI qd ack BJ uy kv aku iq BK BL ya hh ez go n ir pc BM kr zl li j uq aca abr xu BN vm ss dt) ju tf ahl de (aae lf d nc aeb dm aeh lx sx BO aeu BP r ou ds BQ ahr ao sz ek tr BR an adr vb (mk ajf BS yu lc BT)) ff vq ru (pl vl (mh BU wm BV ba mp kt sd) fq gw ik cn ma rf zr uv im afp BW vp ay BX (aet abk ahh aeq alm oy lu fh (ob adl sf eu acb BY pr) zr ys)))))))
tz rr ye ci tj aei agl agt ij ps akz lc xl AL AM (un xy (acc y pw zk np co adg wq AZ vi BA ags aed nx BB oz (BC xs mm es ajx sd sl iv gi aeo fb kn (jy wc mj (ahe jk pg go ake ahf hv ge ga rs mk mp lc qd aeg gx aft (alp l io fh aht cd acc mg pe BD li ui ug bi) BE BF abr se) cx ait gr BG xv (ou fu (BH zg BI qd ack BJ uy kv aku iq BK BL ya hh ez go n ir pc BM kr zl li j uq aca abr xu BN vm ss dt) ju tf ahl de (aae lf d nc aeb dm aeh lx sx BO aeu BP r ou ds BQ ahr ao sz ek tr BR an adr vb (mk ajf BS yu lc BT)) ff vq ru (pl vl (mh BU wm BV ba mp kt sd) fq gw ik cn ma rf zr uv im afp BW vp ay BX (aet abk ahh aeq alm oy lu fh (ob adl sf eu acb BY pr) zr ys)))))))
tz rr ye ci tj aei agl agt ij ps akz lc xl AL AM (un xy (acc y pw zk np co adg wq AZ vi BA ags aed nx BB oz (BC xs mm es ajx sd sl iv gi aeo fb kn (jy wc mj (pk ju aih yz uh sp rg fi op akx ace vv q se) cx ait gr BG xv (ou fu (BH zg BI qd ack BJ uy kv aku iq BK BL ya hh ez go n ir pc BM kr zl li j uq aca abr xu BN vm ss dt) ju tf ahl de (aae lf d nc aeb dm aeh lx sx BO aeu BP r ou ds BQ ahr ao sz ek tr BR an adr vb (mk ajf BS yu lc BT)) ff vq ru (pl vl (mh BU wm BV ba mp kt sd) fq gw ik cn ma rf zr uv im afp BW vp ay BX (aet abk ahh aeq alm oy lu fh (ob adl sf eu acb BY pr) zr ys)))))))
tz rr ye ci tj aei agl agt ij ps akz lc xl AL AM (un xy (acc y pw zk np co adg wq AZ vi BA ags aed nx BB oz (BC xs mm es ajx sd sl iv gi aeo fb kn (jy wc mj (nx ahc akx ace vv q se) cx ait gr BG xv (ou fu (BH zg BI qd ack BJ uy kv aku iq BK BL ya hh ez go n ir pc BM kr zl li j uq aca abr xu BN vm ss dt) ju tf ahl de (aae lf d nc aeb dm aeh lx sx BO aeu BP r ou ds BQ ahr ao sz ek tr BR an adr vb (mk ajf BS yu lc BT)) ff vq ru (pl vl (mh BU wm BV ba mp kt sd) fq gw ik cn ma rf zr uv im afp BW vp ay BX (aet abk ahh aeq alm oy lu fh (ob adl sf eu acb BY pr) zr ys)))))))
tz rr ye ci tj aei agl agt ij ps akz lc xl AL AM (un xy (acc y pw zk np co adg wq AZ vi BA ags aed nx BB oz (BC xs mm es ajx sd sl iv gi aeo fb kn (jy wc mj (nx ahc akx ace vv q se) cx ait gr BG xv (ou fu (BH zg BI qd ack BJ uy kv aku iq BK BL ya hh ez go n ir pc BM kr zl li j uq aca abr xu BN vm ss dt) ju tf ahl de (abp xn aao ajh qa rx akq adf ada afs akf adl oz eu dm aeh lx sx BO aeu BP r ou ds BQ ahr ao sz ek tr BR an adr vb (mk ajf BS yu lc BT)) ff vq ru (pl vl (mh BU wm BV ba mp kt sd) fq gw ik cn ma rf zr uv im afp BW vp ay BX (aet abk ahh aeq alm oy lu fh (ob adl sf eu acb BY pr) zr ys)))))))
tz rr ye ci tj aei agl agt ij ps akz lc xl AL AM (un xy (acc y pw zk np co adg wq AZ vi BA ags aed nx BB oz (BC xs mm es ajx sd sl iv gi aeo fb kn (jy wc mj (nx ahc akx ace vv q se) cx ait gr BG xv (ou fu (BH zg BI qd ack BJ uy kv aku iq BK BL ya hh ez go n ir pc BM kr zl li j uq aca abr xu BN vm ss dt) ju tf ahl de (nb ajw ep aib aii aia px xl xn pf adp bw ajp eu dm aeh lx sx BO aeu BP r ou ds BQ ahr ao sz ek tr BR an adr vb (mk ajf BS yu lc BT)) ff vq ru (pl vl (mh BU wm BV ba mp kt sd) fq gw ik cn ma rf zr uv im afp BW vp ay BX (aet abk ahh aeq alm oy lu fh (ob adl sf eu acb BY pr) zr ys)))))))
tz rr ye ci tj aei agl agt ij ps akz lc xl AL AM (un xy (acc y pw zk np co adg wq AZ vi BA ags aed nx BB oz (BC xs mm es ajx sd sl iv gi aeo fb kn (jy wc mj (nx ahc akx ace vv q se) cx ait gr BG xv (ou fu (BH zg BI qd ack BJ uy kv aku iq BK BL ya hh ez go n ir pc BM kr zl li j uq aca abr xu BN vm ss dt) ju tf ahl de (es adl mo ph (cz co nn adh) pf adp bw ajp eu dm aeh lx sx BO aeu BP r ou ds BQ ahr ao sz ek tr BR an adr vb (mk ajf BS yu lc BT)) ff vq ru (pl vl (mh BU wm BV ba mp kt sd) fq gw ik cn ma rf zr uv im afp BW vp ay BX (aet abk ahh aeq alm oy lu fh (ob adl sf eu acb BY pr) zr ys)))))))
tz rr ye ci tj aei agl agt ij ps akz lc xl AL AM (un xy (acc y pw zk np co adg wq AZ vi BA ags aed nx BB oz (BC xs mm es ajx sd sl iv gi aeo fb kn (jy wc mj (nx ahc akx ace vv q se) cx ait gr BG xv (ou fu (BH zg BI qd ack BJ uy kv aku iq BK BL ya hh ez go n ir pc BM kr zl li j uq aca abr xu BN vm ss dt) ju tf ahl de (abl ai (hk ajn) acg aeh ada kp hd bw ajp eu dm aeh lx sx BO aeu BP r ou ds BQ ahr ao sz ek tr BR an adr vb (mk ajf BS yu lc BT)) ff vq ru (pl vl (mh BU wm BV ba mp kt sd) fq gw ik cn ma rf zr uv im afp BW vp ay BX (aet abk ahh aeq alm oy lu fh (ob adl sf eu acb BY pr) zr ys)))))))


