a = aci
b amb als ame amc ami ama alv amf amg alw alr alt alz alx amd alu amh aly = ob gd qn alc jd hs hh im ot eg pz
c aly alv alu als ama alw alz amb alx alt alr = ady
d amb ama ame alx amc alt alz amd als alu alw alv aly alr = fe mm xc rt ih fi ty aie v
e als alr = ri an ls uk ql ake ajx vv rl kv la db ia oc (xq sp ack ro agh ajs)
f amj ami amh amg aly alu ama amf amc alv amd als amb alt ame alw alz alr alx = ac (ad sq acr ht ags) aev vx bi (se vo) ki yj ql qg dw ajw ea
g alu alt aly alx alw alv als alr = cf aeu aby
h alu ama alz amc alt alw als alv aly alx alr amb = bb
i als alt alu ama alz amd amc alr amg ame amf alw alx alv amb aly = wm db rl jv ale (adk lq)
j alr alz alx alt alv aly alu als alw = akb (mx vs kk se agn)
k alv alz aly als alt alu alr alx alw = lp va
l als alr = ais fa ajk adz si yi ud vq ox
m ama als alu aly alw alv alz alt alx alr = aeh adl alh wm vo mb sz agt aed nm hq ss pe qo no (cy xc ky acp mf)
n amc alr amd amb amf alw alx aly ama alt alv als ame alz alu = adl uy gi gg hw ajd
o alu alt als alv alw alr = wb km vr adr tr (agt (sb aec dr) agt add) all aea yf
p alx alu amc alz amd alw aly alv ama alt amb alr als = mk agh
q alz alx als amb alt amg aly ame alu alv amf amc ama alr alw amd = zj kz adn add (kx iu yt wk adl zm zh tu er)
r alr als = mu aem yt gm
s amj amb amd alw alx ame alz ama als amg alv amc amf alt aly ami amh alr alu = uu by vp wn (bk dl xb) aeo ja wh od
t amc amf ame ama als amg alx aly amb ami alu alz alv amd amh alt alw alr = tc fh tu vp agz vf rl akp ws sn yl qo th bn
u amb ame alv amc alx alt amf aly alz amd alw ama amh alu alr als amg = abt ex aem eo ake aaz nm
v alw amb aly amd ame alv alr als amf amc ama alt alz alx alu = acn bs
w = rd lv lf jj add ail hi kh ajx aes sv
x alr alv ama als alz alu amc ame alw amb alx amd aly amf alt = rg lm aad
y ama ami aly amb alw amg als alt amf amd alz alx ame alr amh amc alv alu = aj yj
z alr = ua afh ta er ma abb hr es ct gn xb agb me
aa alz alr alv aly amc ama amd alx alu als alw alt amb = aek afn
ab alw alt alr alx alu alv als = ob dw kj bf kb hn ads na nc rc cc ahg akv abr aas dh nr alg aky
ac alu alv alr als aly alt alx alz alw = dn
ad = air acj
ae amg ami ame amd amf alw alu alr ama amc alx alt alv aly amb alz als amh = di vd afp
af alr alu aly ama als alt alw alx amb alv alz = gg dr ok acv yp oe acb hu
ag aly alu alv alx alr alt alz alw als ama = aft air pf cj wm ay aba ajl uh pu bo add vc zh
ah alr = bq h aie ajw xd oq aaw ajr acf fp vk gc gj pq dx bu fl ee go rw
ai = om am abw fq (z kn we mz aci iv lm ul em ra agr re)
aj alr als alt alu = wz abn ads fd yl aci qc vh is pk aq mo akd lg xr dv kw
ak alr amd alx amb ama alt aly alw alv alu amc als alz = ahw bb xm rm abq ht (hh aif adh aiy aie) xt md fu
al amc ame alr alw alz alx alv ama alu amd alt als aly amb = wx acf agv aiv wc iz nd alg aib mx vv fy aka ao
am alr = ajf bz vw my lq si pb b aas zd aes su jm oe a q
an alu alv alt alr als alx aly alw = ahm (gl pd (ns vm aay aej) sb cu jj yt aar im)
ao als alt alr = adq ye me af oi sw b jc ws cy ie qk gh adu ht nr
ap als alx ama alw amg ami alz amd alu amb alv amf amh alr amj amk aly amc alt ame = yw (cx aes (wa ny aem ks adt eq sy ada kv vp adz vv afj afx aek kk zs))
aq als alr alt = alc
ar alx aly ame alr alt amc amf alu alw amh alz alv als amb amd ama amg = tw dm ci adi tq g
at alt alr alu als alv alw = dz cs qz vp al ta fw acu ahk r acg ob aal an an
au als alx alu alz alw amd alv amc alr aly alt ama amb = dl on adz agz dm abe abh lr ub vf
av als alt alr = py tl tp gx kl aas ir jg pa ph ajq ajl ci wy aep qf
aw alx amb alt alv alu ama alw alz alr als aly = hx afa aio st akf zn xs ajg (ce dc wp be io xl)
ax amh alx alu aly als alr amb amg amj alz amd alw ame amf alv ama amc amk ami alt = alc vq dl ab ww ac aew tv zt ags fo no xm aid xi aif dx
ay amb aly als amf alz ame amd alr alt ama alu amc alw alv alx = bl
az alr = fk (ajp acf xk sn fx)
ba alz alr als alx alw amb alt alu alv aly ama = fr dg jt wr yc abc aem ni oo aka adt
bb ama amc aly alw alr alv alx amb alu alt als alz = px agd lu tv ajm akj pi wp act xe vc gv ajr
bc alr alu als alv alt = ul dq
bd alr alt als alu = afm dv aeu ahq yv aef
be aly alr amc ama alu alt alv ame alz als amb alx amd alw = yl
bf alz alt alr ama alw alx als aly alu alv = hc kc pq bi
bg ama alx alw aly alr als alu alz alt alv = qj qs acm aj ir aar xl go ew sg ec uq vz za qa tv alq ei ago rb
bh alt als alr alw alu alv = adg zs wt hi aes hx air j qx du wl gt acy yn ds (bp zt sw qf) agn
bi alr amb alx amf alu alz amg alv alt als ama amk ame amc aly amj alw ami amh amd = afu wm iv hc ow hv gk abu lh agn uy afs aho jw
bj alr amd alz alv aly alx ama amc alw alu alt als amb = jw az ahr (aks ny ge wn hz qa aid bb)
bk alr alt als = ali eh bm pb oj sc adb ac hl di
bl alz alv ama aly alw alx alt alr als alu = abq ajl ou ru ww abf akw gz abt ti pj nf pb aax xa
bm = adt ew mj sz lh (acx jf akj aga su aay act)
bn alv alx alr alz alw ama als alu amb alt aly = py
bo = zs lp gv gw g qt ail uh
bp amb ami amf alu ame alz alw amd amg aly als amh amc alr alv alx alt ama = dm se wd aki ik nt tb wr aic qb
bq alv alt alr alz amc aly alu alw ama alx als amb = jr se ajf ade wl la afq vj ack zn cn ip ns aat vk aap ajp uz
br ama alr amh alv amg als alx amb ame aly alt alz alw amf amc alu amd = bc ag aad aim an dz adq fk adu jm dl aet ct aeu ajb
bs ama amc amd amf alv alt alz alu amb alr amg als amh alw aly alx ame = ajz ls lh eu aet ls wk zh vf cg pk py
bt ami amb alw amd als ame ama alz aly alt alr amh alu alv alx amk amg amj amf amc = hm gk jo abv adm ach yn mi ahj pz xh dj fl py
bu alr als = iu agb lu kj oa
bv alt alr alv aly ama alx amb alz amc alw alu als = aie pi vj afs vx tu afp x gc aca hv
bw alx alv aly alw alz alu alt ama alr als = lm nh ahc z rj dz bh aba uh go mk
bx ami amh amf amc ame alv alr amd amb als alu alw amg alz alx aly alt ama = od aik hk dc gf abu
by alu alt als alr = uz ali pi sd vt (co um acg xa)
bz alt alx alr alw alv als alu = aka (gu kj ajm dz xs sr vb fs alk aif cv) tm aii
ca ama alr alu als alv alx alt alz aly alw = aks yt aan jv yz
cb alt alx alw alr amb alv ama amc alu als aly alz = ga aka afg aaj ais ahq jr ax cj mm pq ade pa st gg (uj sf)
cc alr = hw xy aiq at (kx ahx)
cd alu alw alv amb alx ama als alr aly amc alt alz = agf ai so akg jb ux xz pd abs zb
ce aly alu amj amb amc amh ame ama alt alz alx als amf alr alv ami amd amg alw = qc jn hq aei za
cf als amf amb amd amg alt amc alr ame amh alz alv ama alu alw aly alx = abq sw ba pf zg xs y cb fw zh alb qy
cg amk alt ami amd alr alz ama ame amc alw als amh alv alu amf amb alx aly amg amj = ald aak agd b ack yj aho aiw no
ch alr = ew
ci alr = oa aca aix vv
cj alr alv amc als aly alx ame alu alz alt ama amd amb alw = agv ze bw ok ajc ahb ut
ck ama alu alz alx alt alw alr alv amc amb aly als = ahx db pb ahs aky
cl alr als alv alu alx alw alt aly = ahx ge iy qj yx uv
cm alu alt als alr = yx lx hp es afs xv abq ahn dm
cn als alv alt alw alx alu alr = io
co als alr = k wt zq
cp amd ama alw aly alr als alt ame alz amc alu amb alx alv = akq ahr ajq
cq alr alw alu alz alt aly als alx alv = nl aeo alq to ajq cw lv abz ajn tp cl rw
cr alu amd alw ama alt amc alx alz amb alv als alr aly ame = wi (m fh aas cd)
cs ama aly alw amc amf amd alt ame ami als amg alx amb alr alv alz amh alu = aaf aa adm mp nu gc aft tj nk jw pd s
ct alx alu als alr alw alv aly alt = acp ajq mg tv ajv xh i aiu
cu amg aly amh amc alz amb als alx alv alt amf ame alw alr amd alu ama = abg ij afu acj ts (bj wv) (xb ur aby afy aau) ju agw hu xj
cv alu ame alw alz als alr alt alx aly ama amc amf alv amd amb = yz ro qi nj (us sq)
cw alr als alt = nt w hl aia kg (sq (oo w ado))
cx = adi jb
cy alt alw alv alu als alr alx = pb aei adr nw afr cx akz yo je aki alm dx abs
cz alr alw aly als alx alv alz alu alt = aho
da alu alw alv alt als alr alx = afj vx gr mk abh cc dk acy adb (uj agv yr zy aix zf ajh) hl
db alu aly alt alv alx alw als alr = acj acp fv jy ajn xr po mm
dc alt alv aly alu ama alz als amc alx alr alw amb = qi
dd alu alx alv alt aly als alr alz ama alw = aiv yi jt ll aho alf aje ado (up jv fh mo kx)
de alt alr als alu = py yh aep iv lt sb nq xj ql
df alr als = rd jj akh
dg als alt alr = t ad rx wb uk vp qe sg rq lz hr oa fn zz lq
dh ama alz als alx alt alu aly amb alv alw alr = lh gv (akr mu ua aei) jb an et (ci ln)
di alr amg als alu amc ami alz amf amd amb ame ama alt alx amj aly amh alv alw = yq
dj alz amc alt amb als alx aly alv ame alr alw ama amd alu = aey fs ajc mp by gc akd xl akj lm aid zv aar cr hu ado mw og wa abn
dk alw alu alr alt alx alv ama alz als aly = zu rn hv vm ahz agm agw alh va ak xo aet bl xm nd ku pz fx
dl alu alt alr als = wu ml aih abo fy aia ic iz so (aki kk cl acr fy aek gf il abb)
dm alt alx alw alv aly als alu alz alr = bw pt gr akh ux qe xy aes adk ti afm su yt gd abt
dn ama alv alw amb aly alt amd amf alr alz amc alx als alu ame = ub alb pc
dp alr als = sj
dq alr alt als = dz zx ro agw (oi aew ae) age vh ahd
dr als aly alv alt alu alw alx alr alz = nv qu ww zp abv os lh dk li agd rx
ds alr als alt = vd l ahs ju be aq it ajn adv
dt alr = dh rk zf ub alk nm sz ba oi aad acp an hb aes akn ev afp
du als alv ama alz alt alx amb aly amc alw alu alr = dj ck yk aho aao aef z aih bi aej (afp aey mm)
dv alv aly alt alx alz ama alw alr alu als = aeu fm acu m ajj rp da rw rq mx uw ahp
dw alz amf alr ami ame amg alu aly alt amd ama amb als alx amh alv alw amc = sk vd ar kc akv adv gx zw bm
dx alw alv ama alt als amb alr alx alz alu aly amc = mj vv aaj ahf
dy amc amb alv alx alz ame aly alw alu alt amd als ama alr = b alk agd xd ea ol on afx at vm bm dq am xi adg nz
dz alr als alu alt alv = aci afp cp cp ap ld ms vc f aey
ea aly amb als amf amd alr alw alx ama alv alt ame alu alz amc = nm si xd lt zd qo zv io hi rx iv akn aal tk (afp ajb akr)
eb alw alu alv aly alt alr alx als = mu ki xm ahu akx sr afc yf ahw at rk f
ec alr = hd ajn ba c lw akh
ed alu alv als alr alt = hl mf afg akr hh wm bt qw a ajx yu
ee alw amb alz amd alt alv alr alu als ame ama alx aly amc = ro
ef alr alu alt alw alx aly alv als alz = ais aas (pb tf alo vs gf ed ako) zt mg akc ys ia ahq aek alc aj
eg alr als = jg za abm fw
eh alz alr amb ama als alu alt alw alx aly alv = afh z ce zx aw cw cx (wm zt jr xj by (ab zh na (at hv) lx abs))
ei alr alu ama alv als amb alx alw alz alt aly = it
ej alr als = ko vl oh aie ako adp zs ado be aig ha
ek alu als alw alv alt alx alr = qz aiy kv cx v uo qa vk bj db ajk ze
el alr als alz aly alw alx alv alu alt ama = afo mx hf ajx aks iv
em = adl hk vu akg jb qf agv tx dh kb
en alt alz aly alx als amb ama ame amf amg amc alw alu alv amd alr = kd pi ol er afg qf od vo nb w g oc
eo alz amb alu alx amd ama amf als amc alv alr ame alw alt aly = zp ek ys mh bp ad adn xy yj sj ce akp aes ro fh
ep alt als alr = hc alo dq we gs zo ip wc
eq alu als alt alr = aii to acz jg vr mk mc adm cf cy acd cq cv afu jq yj sx
er = abf ba
es alx ame alv amb amg amf als amc alw alz alt ama alu aly alr amd = acu it jb ada wj
et alw alx alu als alr alt alz alv amc amb ama aly = pr ady dz (ch kz) lq
eu alw aly alt alr alx alu alv alz als = cn acr afz
ev alw alr amf als alv alz amb ame alt aly alu amd alx ama amh amg amc = pz ho amg aem kk aci (mr abe adl adk tu rj dt)
ew alt alr als alu = ld uw (aed sg eq ju) bc v rr wu xh nj ms alb aij oy afu
ex alx alt aly alz ama alw als alv alu alr amb = ek zn ul tw rv aej (me abp ay gm)
ey alw alv aly alt als alx alr alu = qw
ez alx alw alz ame alu alr amd amf amg aly als alt alv ama amb amc = tt bz ek ri agw ot yq li en wc yt vm
fa = aea eb qa
fb alz alx alw alv ama alr als aly alu alt = abc u abt sq agj agf oy acb zp dt od td aea o (alb vf qj)
fc alv alz alr alw alt ama alx aly als alu = sz abs aez ahq ald yi agv zf ye
fd alr als = jj ns aan tj ajh kt dc ahj adu aef zg wc (bs cm) yy xu (abq aaj lm fy)
fe alv als amb alz amc alt amd aly ama alu alx alw alr = xn gx wj ma
ff amd alv ame aly amg alu alt als alz ama amf alx alr amb amc amh alw = kk
fg alz alv amb ama alw amf alt alr ame als amc alx alu amd aly = ig
fh alu alr als alz alw aly alt alv ama alx = aau lb me hv ma lb pe dm aln vp sc acd ui oo xs
fi alr als = iq mv fq bk dt (ahm adb xe sl acv zp) yq eb bc rc dz afa act
fj alr = de lt (ajf je uc wp za abs bp) (afu pq sj ll fh agk po gn)
fk alt als alv alr alw alu = hy aam pa bh rr
fl alr alt als = hr r ah (ka ahh gw ni wa aeq po la hu ahw qz)
fm alt alu als alr alw alv = afs nu es ajf sh akp alb ya ml lr
fn alz amd als alv alu alr aly alx alt amb alw amc ama = rf xs akj
fo alx alu aly alt alv als alw alr = mm zv ep fa wk ux aak df aaz en ff yg adp adq (vo aln (ahl wo uf))
fp alw als amc alx amd amb aly alt ama alu alv alz alr ame = pu
fq alr = ur pp uk xd
fr alt alx alr als alw alz ama alu aly alv amd amc amb = oe aif nj sk ajj aff bg t aen jl (ait abm ep uk js cb au cc)
fs alv als alt alz alr aly alw alx alu = iv ajs yg rv oi ro aat cg ace ez ve dx mt k ol yb ay aeh vg
ft als alt alr = xc ajr kk mg ahs nj xc (acu di fz it)
fu amb amg alt alu alz ama alw amd amc amf ame alr amh als aly alx alv = or (my u) or afc rf bl dl afd fm hu bz bc
fv alu als alt alv alr alw = agh ahs fs rd aau kw no gd ki kg wh kg kh adu bs bx aey m abq aco
fw amd amh ama als amb alu amc alw ame ami amf alv aly alr alt amg alx alz amj = oz mx kq ahm (pg aee) py ig ht aic rm gy ko aih aip
fx alt alr alu als = tl eq mk yg aht rh xo ji wk qb alb ya fy el
fy alt amb amc ama alr alz aly als alu alx alw amd alv = aez acb (zf aau yy ako rn kl agw aer la be)
fz alr alz als alu alv alt alw alx aly = wy vn kd all bc fk t ne dx afn nc ew dy iv zv
ga alr alv alt alu als = fi ld abv os hn agj fs qw kh fn (dc pn agb) akt mz acp
gb alu alv als alw alr alx alt = nk act abf aiw
gc als alr alt = abo aku abj xq aap
gd alv alt amk ami amc alr alz amh amf ame als alu amd amg amb amj ama aly alw alx = ady
ge alr alx ama alw alt alv amc alu alz amb als aly = rm uk adv ajl zj yj bq yn qj aao ka re iy qm by ajw ui tq dj
gf aly amb amd alw alt als ame alr alx amc alz alv alu ama = afp xi cs sh zh mm iv agd xc tn zd th aep agf aft afy adk
gg alu amb ame alx alz ama amf amc als alw amg alv aly amd alt alr = aar dg (ahm ic) qc agx mm agz aay abo og qk
gh alu als alt alw alr alv = aci ajm wx hr alh abw pc xs agk wv abz sx im akp qi qe
gi alu als alw alt alv alx alr = wy (gc ace)
gj alv als alt alr alu alw = zx iz ht qe aiv acj
gk als alr alu alt = hf
gl alw alt ama alv alx alr amd amc als aly amb alu alz = ko oz qn aah agq
gm alu alw alz aly als alt alx alr alv = wd cd vv qq agh
gn alu alr als alt alv = kl sp bi xe dt ok eh db ts zd jc pg cn gw oq bw cc fu pz cg
go als alv alt alu alr = add ach ky
gp alv alu alx alr alw als alt = hl ro ec tr zt ld ajt ade
gq als alr alt alv aly alx alw alu = afh eq kv zu ev adj ii hz adc sn rs cn wv uu ll adk yk oa ajq
gr aly alz alv amb ama alu alw alt als alr alx = rd acl up yo agp gj kl di jl adn uk oi nb pj adl aef alq nh
gs amd amc alt amb alw ama alr amf als alz alv alx ame alu aly amg = afz ty zn gf agv (r xq ph m aff abk eh) f lv h agh
gt alt alw alr alv alu aly als alx = ahy w dl aix alr act ns aeo afv dt ib dm wt tv to ahc nd akx iz dv
gu alx alr alu alt als alv alw = ik p be mk mr zr gf aij
gv ame amf amd alr alt amh alw ama amk amg alz alx ami amj aly amb alu als alv amc = ala (sj akx) pu yd wv mh ce vx iv agb ags xh acs alo
gw amd amb alt alu ame amg alv ama aly amc als alx alr amf alz alw = xv aes yb w agd lv jk hj ux gh
gx alz ami ama amb amh amf aly amc amg ame alx amd alv alt alw alu amj alr als = fl wx np adx nf ko jg tj bb ake ajn wj agt ll aal
gy = nw fr fm jo lu jh
gz aly amd alv alz amb alr alw amf alu alx alt als amc ame ama = il rt pd hs gu cq bt tv abm px
ha amc amj als aly amh ame alw alt amb ama alz amd alu alv alx amf amg ami alr = agd age lw cg gu fa rm (rd vu os jx mv ya r)
hb alu alx amb aly alt als alr ama alz alv alw = jn pn kt ui adf ki tp ajo rb
hc amb alr aly alx ama alu alv alz als alw alt amc = aeq xo yn pp akl gc rl ia li ahe hw dh agp wy aao rv qw
hd alw alv alr als alu alt = h nk od yt dx sq ako kp ym aih nz xk aet acq aln ps rw agy fh dq
he alt als alr = oa on adf
hf als alx alv alt aly alz ama alu alw alr = sr ns tt aju uk ho bm kk abo aio ahs pl kv ts xl kt mi aiv afj gr
hg alr = zu bq qe qq wt ji fg st wt aat ch air ahm jz qc
hh alr = th jj nm aht py aed cn ff hf ta ub ah ek aid afm aag akp lb agp wl
hi alt alr alv alx alw alu als = rk
hj alw alu aly alx alt alr als alz alv = ahi
hk alw alu alz alr alv alx alt aly als = fz fm aax (alq nc sl aae aig aac alz hm il) wo afx afr sd na
hl = akh ajb bq jj ub ui bi un
hm alt alw alu alr als alv = xz ee dh aeq yz m o op ds (td oe gx ji ty ce) uf ud
hn alr alt als = gr gs cu tv dr ho
ho amb amg ame alu alx alt amj alv amc alw alz aly als amd amh ami alr ama amf = hy (rk td) (ajn afb abi f ael cn) kw xm (c xd (zr zs il dh jn pk))
hp amc alw alt amd als aly alu amb alz alr alx ama ame alv = abe me qt akv ks afz nu bj cc aen yn py xh rd ar xo ahk
hq ama alx alu ami aly alz amf amg ame amd alw als amb amh alv alr amc alt = bm ao vk nt alq alg
hr alu als alv alt alr = zs
hs alw als ama alt amd alu alr alv alz amb amc aly alx = aff alt ru uk tc agn by rz ajn aih gg gn gw gl adb ny aln gh
ht alv alt aly amf als alx alz amc ame alu amb alw amd alr ama = ace ais oj (adc (by rq adp) ado ain ug ajo nj aw)
hu alu alv als alr alw alx aly alt = ho ajs pe jm ko bv vx ago jj afr zt fj
hv alv aly alr amc alx amh alw amf ama ame alu als amb alz amg amd alt = oo yw fz ako ma gq e dg ln ada zz xu ak (qz agx)
hw amd alu amc amg ama alv alt alr aly alw ame als amf alx amb alz = xg
hx alx ama alt aly alv als alr alu alz alw amb amc = ca xg adt agr dd gi alm fv je air fv ot hk (aq ab ajn mv)
hy alw alu alr als alt alv = w agi w nw xc agg aae ij ju bd adf zt uc
hz ami ama amc alx alt amb amd amg alv als ame alu alz amh alw alr amf aly = agd zg pq jm nz yn gw afu agl ale pj acg agj ym agk wj aq nq aax aig
ia alv als alr alu alx alt alw aly = yt xo ahx ahs yr aiz agx rg
ib ama alz alx als alr alv amb alw alu aly alt = f (acm acq vw rg jg ajw db akc bb)
ic alt alx ama alr amd alw amb als amh amg amc ami alv aly ame alz alu amf = jh rd zq kb aaf gv aln xr
id alu als alz alw alv alt ama alr amb amc alx amd aly = od adj od
ie alr alt als alu = fx ce ew ka aaa jo ap
ig alz alx alr alt aly als alv alw alu = rj fn kg ay acn gh agf pz hb
ih ama alz alt als alu alx alr alw aly alv = sl yj aiw a (aia pu gp aho tf ln)
ii aly als alx alw ama alt alr alu alv alz = jn aee yw afm rw jn t ev agq iz ajx abl xb (alg mx afj) qn
ij alr amc aly alw alt alx alv als amb alz alu ami ame amh amd amg ama amf = um
ik alw alr alv als alu alt aly alx = iz ahg afw aga yo aa zv pb gw
il alw alv als alz alu aly alt alr alx = abd mw
im als alr = pt sd pt fc zw (lo bu agk lw rt xd sy pq) aff
io amd als amg alr amf ama amc alv alu alx alw ame alt ami aly amb amj alz amh = dz pd q (xw kj jq eo tv) dw gg adt akn akc
ip alt alx als amg ama aly amb alr alz amd amf alw amc alv ame alu = dm ea pa ajx (mz qp)
iq alt amg aly ami ame amh amd alv amf alx alw alr ama als alz alu amc amb = adj hl cl mx kw ub abq lb tz afl kn gx cg rb
ir alv alu alz aly alt amf alx als ama alw amc amd amh amg alr ame amb = vs aaq akp
is als alr alv alt alu = ajg ajr gy w tv agj ajd it kd abc eu aee ahx bw vt lq ale ajd
it alr = qp abe ake
iu ama amd als alv alx ame alr alt alw alz aly amb amc alu = akp cw fc ajy bc um
iv amd alw amg amh ama amf alx alr alu amc alz aly ame alv alt als amb = hr aq z co zo bu vy aex ki jk ago cg ou at
iw alv alz alw ama alr als alt alu alx aly = jr gh ajs adv eb acj (ack abc du bs hk rr alh) (adr iq)
ix alr alv als alt alu alw alx = vl sw en ys ge xv ap eh em ts ack
iy als alu alt alr alv = nx sy pf xp abp aht gy dp vh ahl km ail xv
iz alu alv alt als alw alx alr = bu zt
ja alr alv als alu alt = adj fb ajt qk
jb = ww afr pc t vt (yz kk) nc x (agb ea hg)
jc alt alx alv alw aly alz alr als alu = abg ug ss sp (afb wr aip) hm ya aho aki (aen zk abq)
jd alt alu als amc alx amd ama aly alw ame alr alz amb alv = qo vf oq ue afl abi
je alv alx ama alt aly alz alw alu alr als = ale aeo aal du nt acm aig pq ahd (aet mb fm) ju abd up nb aj wf ol acd
jf alw alr alx alv als alu alt = n rb yo aad um iw wp akz acx add ahr qc uc (agg mj ar aci ais te ed)
jg amg ama ame amh alv alr als aly alt alx amk alw amf amc amd ami alu alz amj amb = ad bp (ail abg (xi ala hf))
jh amc amd aly ame amf alw alu ama als alv alr alz amb alx alt = wv id sy oa yl aht hw abj ahh i qe abv abo xz
ji alz alv amf als ame ami aly alx amc alt alw amg alr ama amd alu amh amb = ahk abx akv bg gd qh hh zz (kh ys fh) aet zd aq vv lz
jj als alu alz alv amd aly amc amb alx ama alr alt alw = km jz wg ry nu
jk alt alw alv alz als alu amh alx ama ame amc aly amf alr amd amb amg = zk dm yz iq zy wv mm li afa bc abd jl
jl ama alw amd alu alx ame alr alt alv amb alz als amg aly amc amf = ach cw (qm bm afx ajo aht acq) mq (dt (cf at ajb ko nx))
jm alx als amf alz amh alt ami amd ame alr amc amg aly ama alu alv amb alw = adj ri eq ly
jn alt alx als alv alw alu alz aly alr = ml iu ph mj ll ad
jo alr amd alu alz amc ame alt alv alw aly alx amb amf als ama = ais ki ajo xi aw bw agx
jp alx alu amb ama aly alz als alr alt alw amc alv = ed wd afr abj gl tq cn pn ys qz zd gy sl aiz
jq alw aly alt als amh ame amf amg alr alx ama amc amd alu amb alv alz = ck he or
jr aly alv alu alw alr alx amb alz ama als alt = vg yf lj we w aek uw cc ef aib ll fn aij dz to aej nx ph kg
js alr alu als alv alt alw alx = bt akp ar ps afc dd wc zx cw fl dg alm lb rj pq bc rz ge mf ka
jt alr als alz alw alu aly alv alx alt = bn jp ld hj
ju amg alz alu amj alr aly ami amd amb amf alx als amc alv ame amh alt ama alw amk = lj gr ed zk hv aci akt bm hv fa acq
jv alr als = abm
jw alw amg alu amj alx amf ami ama ame alv alt amd aly amb amc als amh alz alr = afy op akw oe (nw iq ta aeq vb ca pg oh alj)
jx alw amb alx ama alt alv alz als alr aly alu = yp zh no bp cq jy wv cj
jy = ul nv ag pn vj agl ahp dh qa abn ce qd
jz alr als alv ama alw aly alt alz alx alu = aeg ahn
ka als amf amb ama alv alu ami aly alr alt amg amd ame alw alz amj amc alx amh = xn ip jx (all ti afe rn w (ml wj) ol)
kb als amf alz amh ame alx alr alw alv amc ama alu amd alt amb amg aly = nn ads akh lu ahh bc gu nf aa fp mk xt vk agy ce
kc alr als = sg ng fb ahv abg ee ae akc tn ahv dn pg
kd als aly alu alw alv alx alr alt = no tu
ke alr als = pu ry aaw acu alg tp aan aam aiv
kf alu alt als alr = ja acm ze aiz j
kg als alr = dx ol akc adi hs im (yh is ajf agr ky)
kh alz aly alt alr als ama alw alv alx alu = adv acp ui yu we fo ue po ld qu yh ri ha zs yk lu aih yj
ki alt alu alz alx ama alr als aly alv alw amb = gf age rl acw it wr xm uj v aar po rr adn aby ny qd
kj alv amb aly alt alw amd amc alx ama als alu alr alz = va xh wh ar we
kk amc amd ame ama als amb alz alt alx alr amg alu amf alw amh alv aly = pz adt dd os ek (amg zf py gc ch w wh wv n dt wj)
kl als ama alz amb alt alu alw alr alv alx aly = aaf rx ie lf aan bt ahq xa n
km als alu alw alv alt alx alr aly = afd iv sh nz mb adc bg pf tc wd (nm tu) p bx all
kn amf alu ami amc alt alr amh alx amb aly amj ame amk alv alw amd als ama amg alz = vu ka wt agg akq es bs tz ik ace aiq ht di tz abp aag aao
ko alx aly amc als alr alz alw alt ama alv amb alu = abd
kp aly amd alz amg ame alw amb alx alv alr alu amh amc amf als alt ama = fj afi ajg cg ib xa rn afs bq ajw adn
kq amb ama alw alu alt als alz aly alr alv alx = fy tp en akv zf akm
kr alw alv alr ama alt als alz alu aly alx = aig acr h (adg az akq) ny (qq wu wr e) qu zi lx aex ck acm gh bv wk
ks alu alz amg alx aly alw ama amd amc alv amf als alt ame alr amb = de vk ags lv sk fx ic he mu afa mx sq hr afr wz gp
kt alt alr alx alu als alv alw = ed
ku aly alu amg ame alv amb alw alt alx amc alz alr ama amf amd als = aia pc vc bt zn qo cc jm jh ajq acj aco vj aer qu afp aal br yn
kv amb alw ama als amf alx alr ame alu amd amg aly alv alz amc alt = agl iq aln bh lv
kw alt alw amb als ame alz alx aly amd amc alr amf ama alu alv = aaf acb pq ahy oe ox ace acw dy r agv ia ahs vz rb aha adv
kx alt alu alr alv als = ry bt hx zo nz vq agf dn aej bp ij wf ug acq p abh akx adp aka
ky alw alz amc alv alt alr alu alx amb ama aly als = lp qa aic acw rt dz vl dc adu zo mp ajj mg (aee pa afc)
kz alt alv alr alu als = lq qu ue yq yf akp aaw ir hz aey om mj afx aai zw y ach
la aly alv alu alt als alr alw alx = q ti ns ro iw qw ahe (kf ahb ze dz) agi ww rz
lb alw alr alz alx aly alt alv alu ama als = akb go pu xw aen afh pm akj ry aih bi akz ahq aby
lc alr alw alz ama amc amd amb ame alu alt amf alv aly alx als = yz vz aew akw ajm aiw aip jk wi oo
ld als alr alt = lb ue gv abl ahf acd kn akq cb aeg mv
le alv als alt alr alu = im kj akz
lf amb amd ame amh alr amg alu alw alv als aly amc ama alx alz amf ami alt = ny akq aap aaz dq bb h iy ub ii gs gx xy ald qr jh st
lg alr als alt alu = akd ha ps kd li pr zi ee wd ks ec jk
lh alr = lp ada ls yy (pi wo abi ta ce)
li ama alv alu alr alz amb aly als alx alw alt = fj aei ju all aft (aax gp)
lj alt alv alw alu als alr = ye rw acw tj ox aiu bi go wr ps gl aey zd kv aiq acz kj xl kg
lk alt alw alu als alv alr = ns ka cb ay gk wq jk ail ut
ll amb alt alu alr alv als alz alx alw aly ama = ib va mf gt ou se vb t adt iu acn (afe akg pm mc tr tl) mp wp ajg
lm alr = alb xl nc ok ah lg
ln alx amb alv amd alz alt alw aly amc als alr alu ama = er eu ki (gf akg) or (el kx pc)
lo amd aly alv alr alx als amf amb ame alz alu alt amc ama alw = aes akv wt m aib z fd mp uz zg fa aka agq adq
lp alz alx ame alw alu amc ama alv als alr amb alt amd aly = alx uo aio so zc aec el op hq akk w ao iu er akb ajp (all kh)
lq alv alw als ame alu amd amb alt amc alr amf ama aly alx alz = abj mc ais adu qo afk oj cs (nm rv jt) abu
lr amf alu alx alt amb alr aly ame alv ama alw alz amd als amc = gz ek uf ox abw aj cv eg adn es vu afp
ls alt alr als alz aly alw alx alv alu = vt ub mi agj l ue em abs qv agl cw ua vl jm abi np
lt alv ami amb amg ame alx alr alt amh alu amk amc alw amj amf als amd aly alz ama = vy ajh iz agw akk (nk fj vz br pg dr adb pp xi sv)
lu alr = alk mr ahz ru yk aav aga ha ago ahz aho sz ua ahm
lv alv alx alu alw als alt alr = nk ajx qu wv vt pq wk adq wc z aka md fj ag kx acw gd adl
lw = jc ar aks pz ph ais xv qm ur akz xv ae zn
lx alw alz alv amb aly alu alr alt als ama amd amc alx ame = vm
ly alr alt als alw alv alu = by ajo ael ae ck aau aco ahk acs (afp ms abe tw) jx gk ajd
lz amg alu alv aly als alr amc amd ama amf alx amb ami alz alt ame alw amj amh = iu vm abp (rm jj agh mx lt uh rd agu aaj uy po)
ma alv alw als alu alr alt = td aff ki cy ok dp ajp aeo ahp
mb aly alv alu ama alw alr amc als amb alx amd alz alt = lk av el kv uw vl ace ahz akm mx cg acm
mc alr als = nw akn aal age ih nd dd aw lb it
md amc alx alr alv ama alw alt amd amb alz ame alu aly als = aie w tz ht tz ajb mp ab xi ft rv aab abm
me alr als = ahx cn jn wo yf (afv ah sh)
mf als alr = dd (ch aco yn og) (adz pa pp wn akw agp ach by kv aib)
mg alz ama alt amf alw alr alu alx amd aly ame amh amg als alv amb amc = cn oh tz abp dc aae gk (nj ags x) dg rf va eo (wj au aaj)
mh alu als alt alr = wl acm fl jb vi lw acp ym tf aja
mi alt alv alx aly alr alu als ama alz alw = aif dw agp sp
mj alr als alt = uk bu aeg acd ajf cu ua fl aax afy vs akc fl qg ts
mk alr als alt = hl ec ee gr gg zz er ow afp ace ey dk aka xu qq
ml alx alw alv alr als aly alu alt = yx
mm alv alr alt als alu = dq aen pn yn
mn alv amd alz aly alr alt als alu alw ame amb alx ama amc = os aiq akr jj gd zx ru qe hs xa xm yy qr
mo als alt alr = ahc ij pq ajd im jm ax abk zo agz bp
mp alr als alv amb alx alt aly amc alz alw alu ama = sr ajq lj (hq vs ahn un fh) xu qj adq nw m aes zu zg
mq alu alr als alw alt alv = yu ni rl ml kv
mr als alu alr alt = sk yc no qk
ms alv amb alz ame alt amd alx als amf alr ama alw aly alu amc = ady nk adf d afp ik aas fu aef yb wf dz io cz wr ajz
mt als alw alv alr alu alt = dp qs hh qr qv
mu alv aly alt alr alx als alu alz ama alw = cv ah
mv amc ama amd alr alt alz amb alv ame als alw aly alu alx = agw (ce acp afk)
mw alx alw alr als amd amb alz alu aly ama alt alv amc = gw aba va (aeb gc abu)
mx als alt alr = qc nf aab alp ace gn ao adf go ak hp st wx adc fy
my alz alt amc amb aly alr amk amf als amg ama alx alv amd alu amj amh alw ame ami = ca
mz amd ame amc amg als alz amb aly ama alu alw alv amh alt amf alr alx = cy io
na ami alv amb amd amf als alz alx amh amg alw amj ama alu alt ame aly alr amc = aah qp kj adb od aio ags (aaj lz ch)
nb alr alu alt als = jb ee xx ik w ahp adc le nd qh akf tz adj iy afm
nc amb alt alx alr amd alv als aly amf ama ame alz alu amc alw = aip xn aet gu pc qd am hx abe uy alm
nd alv alw alu aly alx alr alt als = qi aba km bl sf zf abg abw rg xa ahv ajl at vv vo rc cv ko iv alo
ne alt als alz alr alw alu alx aly alv = ahj fh az
nf = aio (og ahb ajy agn (akd qb (aig xy m ajk wp) ajg (abj ns dm aiz bj sd)))
ng alv alw alt alu als alr = bz
nh amf amb alw ama alr alu amg amh alz alx ame alv amd alt amc aly als = bd xc lp je alg ii ag agi rx br jv
ni alr als alt = to kv ch tk alp nf (ajy on) adf ce sc acg
nj alr = qj nz fd hq us alb kt ci no j nb ff xp ra alj jl av
nk alu alt als alr = agp aij ja yv xw ua qx kq vc
nl alr alt alv alu als alw = cc qq h ajv qm ag zd sx gs ajw aci jv xa akn
nm alu ame alx ama alr als aly alz alw amb alt amc alv amd = rv ahh
nn amd alv ami ama amh alt amb ame alz amc als aly alr amg alu alw alx amf = de (akq ho agd yu afy) eh nf ks dw ch lx (nf cj eq)
no alw alv amd als alx amb alu alr alz ama alt aly amc = qn ac xp bk ck bw iq ne bz tl (qs ak ru et hh iw ux ry akb zg)
np alu alx alr als alw alv aly alt = zb adq qy aem xh akn ahq
nq alt als alv alu alr = bx
nr ama alt alz amf amg amc alw als aly amd ame alr alv alu alx amb = rm aa go vy sv f na ajq abe agw ajc x fl ald
ns alr = gb aaq vd agu rr
nt = ep ck oa aj ajz uc sz lm nx vk uh gl ju zq ja aci
nu ama alu amf alv amg alz alr alw alt amh amc alx amb als amd ame aly = gy aij ais bd mo adr tj agm sz lp
nv alx alt alu als alr alw alv = lf zg wr uz wg ui dt nw oz acw acc to acm
nw als alt alr = kh ce fg adi rn age cb mc qh
nx alt alr alv alu amc alw alz aly amd ame ama amb alx als = ael fx ajy tc ok lv acy hz add aij fz alh
ny alr als = rq xo vk alc abx r xs ey ob agk me
nz amf alr amc alv ama alx amd alw alz als aly ame alu alt amg amb = air ael lg kb gy
oa alu alr alv alz alt alx alw aly als = aee aif t up w abe afu ja nr agw tu zn vv (du td)
ob ama ame amh amc alx alw alr als alz alt ami amd amj alu amb alv amg amf aly = ajh vl sx yt qe xf zg ok ew aiv wc my ye gw tb ks aht bo
oc amb amc als alz aly ame alv ama amg alr amf alw alx alt alu amd = yj fc e ajq aaw pz afm ax bf xi io pf xu dn alo sf nd (bg dj nc)
od ama alx aly als alu alz alr alv alw alt = adu iy ar ll ee aab ix rt bq je (adj mu) bi jd
oe aly alx alv alt alr als alu alw = agd aea ua nf n ok vg ach an ajn ut ado (aeg u cr (dz gp rk acy rr))
og alr als = eu px
oh alr alt als = jd jm ajm acm op ot abc jt qd zn xf xt gp add aat
oi alt alv ama alw alz aly alu als alr alx = alg tf vx tc pl ip rj qk sr bk pt adv aex uk (s ao ajr sd tm)
oj alu alx als alz alt alv alr aly amb alw ama = t vu wz aeq az dk az aea acb gm akh wf sj afa adb we ajq aku
ok alu alr ame alv alw amb alx als amc ama alt amf aly amd alz = aik pc wc yw z alp th ry jj ad xz lm gx aji gw agw zd bu sw
ol amd alr alu aly amj ame ami alv alx alt amf amh amc alz alw amg amb als ama = ahj z (af (qg aev) (aam na qs ve no hn acs akr))
om als alr = b um uy yj adr iy (abd oe iq)
on alt als alr = ho aaq a by fc fv
oo als alr alt alu = va gc
op alr ame alv amh amc amb amj alw als amg alu amd alt ami alz amk aly alx amf ama = mz mk aiq gc qs aew tv sc aed ade mi akn
oq alt alr alw alv alx als alu = adw afm ajs im nu rw aak aht ig (ajc hg fl fr aae)
or als alt aly alu alx amb alv ama alz alr alw amc = gs jk mj (lb rc lt ps akf fz pf rv abh mn wy) akj pz kt akg ahd ajd
os alz ama alr alw als ame amc amd alx aly alu amb alt alv = vr uh vu bl jh cz ako lk zx aet qh ajz adt ajv
ot amb alu alr aly alz alv ama alw alt alx als = abu h cw rw os aic po aim aq pk dv sj db lx tp agn zu acz rx
ou als alt ama alw aly alz alv alx amb alu amc alr = cn (xo ale aeu eu hl) ox gr agm aca ly vm ado
ov alw alr als alt alu alv alx = eg agc adk se br rq dk hr abn gn xl aea bu akf ajj aaj nl ahs
ow alw alv als alr alt alu alx = mi
ox alv alw alu alx alr als alt = ir re iu ug afw aez
oy aly ama amb alt alr alw als amc alv alx alz alu = adp (aee y (vr aek all vp acr agg ags hj abz aim ng xn vb (nu agt) ka oz))
oz alr = aji
pa alx alr ama alz alt alw als aly alu alv = b ajz hw abp afv qi uy ox ga (de aed cc aff ja)
pb alv alu alw alt als alr = gd zh agv akg agv vy ahr ch age rz re
pc alr alu als alt alv = abc qb cr u pl rl alj ox ait dc aaj aa ada xe eu op or
pd alv amd alu alr ame aly amc amb ama amf alw alx alz als alt = mj akd ge bt uk ig
pe als alv alx alu alw alt alr = ags ht aim po je ku ahe ad pv agw hw acn alj bq mj
pf amf alt amg amd amb ama amc alv alx alw amh als ami aly alr ame alu alz = cy zl ahn dv el aha yc sc uo kw aip dd (vl px lf oo ajx nd fd)
pg alx aly alu alv alr als alw alt = b acu ws cb kw eb aaz mq all oo acp (sr acl ahd wa ajo aem ada)
ph alu als alx amc amf alv alz alt alr aly amb ami ama alw amg ame amd amh = alb afl sc py qr ta nv nr oi wp ow
pi als alv alu alw alr alt = ajl oq hs hj adb nm sy wg wi cw alh uz fo zw dz yo na
pj alr alt alu als = gk fd yl pv wk aea agv aha am qs ait jg
pk alz alw alx alt als aly alv alu alr = is
pl alw als alr alx alv alt aly alz alu = qh
pm als alr = jm un adt pf sr sz wc eb aht ack abq mq qm ajk bg aad
pn ama alv amd amb als alw alz alt alx aly alr amc alu = i us jo aex n ads ce acf is aaw wo kj ip
po alr = rn
pp alv ame amg als alt amb alw ami alu alz amd ama amh alx aly alr amc amf = vu ci zc akh eh agp nq ale rn nt ahm la akd aif yq ako
pq amc amb alt amf alu amh alw ame alr aly ami alz alv als ama alx amd amg amj = adv
pr alz alr alt alx ama alw als amc alu alv aly amb = aix ama (acd py xq ik db abt qx adg afc gs ej gc pb aiw jk bs)
ps amj als ami alv amd ama amg alr amf aly alu alw amk alz alx alt amc ame amh amb = ua e aej vt bq pn ss afx fi qb
pt ame aly alt ama alu amf alx amb amd alw alv amc alz alr als = om px bu sv lx
pu alr als = tq pp aiq pf wl
pv als alt alr = rj se eh aap aay sm aef ku ri abj qz nq ub yg js qy akh akw hg m
pw ama amb alu alx aly als alv alr alz alt alw = ac tw rs kq abe acz ef abc ba an acf wg tg aie so qo rq qh
px ame alz aly als amb ama alu alv alw amc alx amg alr amf amd alt = ge ii
py alt alw als alr alv alu = adj aab adq aif mv yt agk sc qz ai zf wi dj ek gr ajh db afc e
pz ame ama amh amc alz alt alx als alw amb aly alv amd amg alu alr amf = pt xf wb eu yr lm jl acu gb alp adp adk rp gh x h
qa alr alz alw alx alv alt aly amd amc alu als amb ama = n qy afl akh aku qq ajx uq bx jq aay aco cp vq qd vb eh adk af zn
qb alr als alt alu = abj wv ajl vd adg mh ax ic
qc amc ama alx alt alz alw als aly alr alu amb alv = sf
qd als amf aly alx amh ama amd ami alz alt alu amc amg alw ame alr alv amb = ho l agr nf dp nr uz aai hf af uc fz ij afv
qe als alt amg ama alr amc alx ame alv amb alz alu amh amf aly amd alw = rc ca yf yc ajb px hi ua
qf alr alt als = wl tp go adg gr aer ew adf aig ik gv fs yx sc aa g
qg alv alx alu als alr alw alt = aei jy uj ha fa el ail (zk hn aau)
qh alr als alt alu alv = ik nu pr vc xs sq ahy no qt mv fd aak vb alk vm
qi alt alu alr als = cv
qj alu amc alv alx amg amf aly ame amh alt alz als ami ama amk alw alr amj amb amd = yh ahp ug oq
qk amb aly amd ami ama amc alw alv amh amj als ame alz alt alr amg alu amk amf alx = aan yd st xf xd og f uf yk sy
ql alt alr als = aep ajb ve od yj afe qe aq ls od (afe jr le acg tq wq aco)
qm alt als alr = nb hk gm s acq jj
qn alz amc amh alu amb als aly ama amf alr ame alw amj alt amd amg alx ami alv = mo
qo als alr = zq
qp ami alx amd amb alu amc als alr amf alz amh amj ama ame aly amg alt alw alv = ajp dz aeo f abc ain jm av hz fb hh
qq alr als = ea ais fm rt aat qa yy cs ahi qx wp ro akh lo
qr alr aly alx als amc alt alu ami alz amh alw amf ame amb amd alv amg ama = qh adw xm vq acl ael n ou jl ao wh hi
qs = ya acb aeq (on ach ji dv bp wb aig)
qt amf amg alw alt amc alv ame amb alx amd alr aly alu ama alz als = acy oi ahc acf vi ee nm ahx xt du ss jc si mt ajx fv rt
qu amb amk amg alw amc alr ama aly alt alu alv alx ami amf amj ame als amd amh alz = zw jl cl oj ue (ig yj em rs zw)
qv ama amd amg als alv alr ami alu alz amb alw ame alt aly alx amc amf amh = mg abs (gv mx hi fw fh sl) ht ul db aii ala
qw alt als amc alw alu amb alz alv amd ama aly alr alx = agv or iw pg o akw aks ss oh adw kv
qx amd amc alr alu alx alt ame alz alw als amb ama aly alv = ais no og fq abt hy pw gi ct bd pv eg (tq gw jl ck acn akt)
qy alr alt alv alu als = afk (dz vf oa am (zq dl nl))
qz alt aly amd ami amc ame amg ama alw alx als amb alv alu alz amh alr amf = hw adx hu abv mh ey eb iw alf afv ri pe aci agm
ra alr alz alv als aly alx alw alt alu = iv ais ap za jw me
rb ame alz ama amc alu alv amb als alr amf aly amd alx alt alw amh amg = wj qj sd sg rv abd aee us wf az xo hm rs adm gs ee
rc = dj hz jl tj aes or ck tc aag gz ld nc acl
rd = ace ua acm
re alu alx alr alv alw als alt = vh (pu ym aak jr au aal xz abx ll xx ail ee wk)
rf alr amc alu amb alv aly alw als amg ame alx ama amf alt alz amd = bd zm tw o hi ahy aea tg bh dc dq agz (abj ye pa) aaz aco
rg als alu alt alv alr = lr akt bh ne yg fi pm gv cc oe ajd st afv fe zo yd ahl
rh alr als alw alv alx amb alu alt alz ama aly = gc r (ajj ais akn aeb fq ss (afh tw)) acn aan jv ai kh
ri als alu alr alt alv = nz (agw xf) yn xg aln km rc ny (ce (ys is lt))
rj alr als = afp xr hw qz ael re ec ey wf
rk alu aly ame alv amd amc amb ama alz amf alx als alr alt alw = fx lu wl
rl alt aly alw alu ame ama amc amb alz alx amd alr als alv = pe agr aiz ia jq aiu vl aba aag vh qm xl ii yc sw
rm alx alt amb ame alz amd alr amf amg amh aly als amc ama alv alw alu = by aai ek akc ba ms br rg ajh g jo wi
rn alr = fh jn ly rr aij fv zu (su jk)
ro alt als alx alr alv aly alu alw = ob rb adk cx (yg ahe km yj sp ua np afb) nz iz ahe adk na lq ge
rp ami alt alz amg amf alw alr amd alx alu alv ama amb aly amc als amh amj ame = e akr nf ul ahj pt pp
rq alr = en aw ahr si he afs pn aav ah
rr alv alt alu alr als = hv nb alc aeu ta ajr (cm age)
rs alt alr als = dm fm cr ka uk rd vm abn (aim ajg aei sk mz aav vb aap lo)
rt als aly amc amb ama alv alr alu alt alx alw alz = tp md wj rm qn abk alq ql oa ua fw aaz aix t acc tj na dd
ru alw ama ame alu alv amc als amj amb amf amd aly ami alx alr alt amh alz amg = oo er iz mq gf
rv alw alt alu als alv alx ame amd amb aly ama amc alz amf alr = vs jo vh agm wj acn aay me ahe aip (ll jd zd)
rw alr alw alv als alt alu = bh ha (ia ed cz acd ua afm akq gq vz hn) ahv
rx amg alz amc ama amd amj amb alu als alr alt ami ame alw amh alx amf aly alv = fe hu xv ug cu eo x sp ahg oo ry ge fd rz
ry amd alx alv ama amf aly amg alz ame alw amh amb alr amc als alt alu = qt ns mj uw aec abc kw kq abx ks lt zl aca ajt vq i px
rz alz alr alt amb alx alu alv als aly ama amc alw = agk ahn yy xu jt oz aks ds bc adb
sa alr alt als alu alw alv = abi ig bu hn qh
sb alw alv als alu alx alz alr amb ama aly amc alt = lt aaw aco ip re alk ba mv aaq yq zu rr (zc jq hp)
sc als alr amb aly alu ama alv alt alw amc alx alz = ahg ny cn (qz gc aln tp m ur akd ain adl aeu u age ap el ig ou)
sd als aly alt alx alv alr alw alu = zk
se alr alt als alv alu = qw adh xi ul j cq ej zc dy ac js ws afp aga jm sw pl rl hm
sf alr als = akn ie rx qw bn qd dp ahj mb pg fd vb mv aeh ir aq
sg alr als alv alu alt = dm pc km alp wc vf ne fc bf alh cl nt
sh alr alz aly alw alt alx alu alv als = ais afv yj ags aiz bk zi tu yc ww ake
si als alt alr = yb kl vr ab ail aaj ms bn tr gd tl zg acw uo abp
sj alt alr alu alv als = pi ajm vn all lg aed e nm ajj hx g cm sk oj ahn qf ri
sk amh alt amc alz alw alx amd amf alu ame alv alr amb ama amg als aly = ko aga aia kq bn em tw sq dy ze qe dn aht ct aew
sl alw alv alr alu alt als = ds ib (pu pc aea ao gu ma fj (ajh aar k ku bi))
sm als alz alv alu aly ama amb amf amd alr amc alx ame alt alw = akq om adg ajw en aec co nf y e
sn alt ame amc amg amb alz alr amf alv alx als alu aly alw ama amh amd = adc ft abr adg og we xs gk kg (xw ss)
so amf alx amh amb amg aly als alr alu ami amj alz alv amd alt ama amc ame alw = ce
sp ame alw amb alr alx ama amc aly als amd alu alt alz alv = zf ix
sq alt alw alr als alv alu = afc ay sh r agl ajn xv nu
sr = gh od er ey aku pb bj jv zt
ss alr = cq ajv abz yk lz pk lc qi aat ae rn am bf zu afn
st amd alz alu amc alr ama als alx alv amb alt alw aly = jn hu zk zq xn abl wy alb
su alu alr alt als = xn db nd th lj abd adv qt ald dq sp aej tq agv rn sj afd dx
sv alz ami als alu alx amj amh aly amb amg alr alt amf alv ama ame amc amd alw = fg rt
sw als alr alt = ahs ym ait sz yd wg aeg du sm hi aem
sx ame alv alx als amb alu alz alr alw amd amc amf amg alt ama aly = pa fa xm afj aid
sy amf alu alv als amb ama alt amg ame alw amd alr alx amc aly amh alz = afm tk oy akd rn bs wr aaq aix ch alm ahs pv dh agh ahc aig
sz ama alv aly ami amj alt alz alu amc alw alx alr amd amf amb amh amk amg als ame = ad (hf bs ado sm)
ta alv alr alu alt alw als = vo mn add
tb amb amc alz alt amd alx ama alu als alv aly alr alw = gx ago aet ap fv ws bc aie alq abc (aaj aaq (xo za aaf qc))
tc ame alw alt alz amg alx alu amc amb amf ama alr amd aly als alv = aiq ahb nt
td alu als alt alr alv alw = akj oy wl mr uj px ce
te alw alx alv alt ama alu als alr aly amb alz = ta vc
tf alr = acg ed qh qy pq rm ade ne es wh yz ajt ff hc pj xy ael mx dj ahe
tg alz alt alr alv alu aly ama alw alx als = pt ng vx ajq ee afv bq akc yb lw aem tt abc hb
th alv alu ama alz amc amg alw amf amd ame alx aly alt amb amh alr als = gb afw su zw ahj aej hg aai gm jt wt pf
ti alz aly alw alv alu alx alr ama als alt = afl oi acb bl ps tz afp (kd (am xs xl yq pn) agd jn fq)
tj alr alt als = aej aiu vg li sw pm
tk alv ama aly alx alr alz als alw amb alu alt = lh adt so lh abm acs bc mc ait sr adi bq aij (po aem) bx
tl alt alw alv alr aly alx als ama alu alz = aip vy v ds ajb fl ap sh
tm alr = ve vd bv yy ze ow dn aip ae cu agz am yf cm nn akp akp agu wo
tn alu alv alr als alt = aq ahp oj rc ajd vn (agq rt nd) tr rp pm cq ml
to alx als aly alr alw alt amb alz alu amc ama alv = bw aab mt acc ld wd pt acm
tp alw aly alz alr als alv alu alx alt = afu ry ie aha cv sn aer
tq alv amh amf alr alt amg aly amd amb ami alu ama alz als amj amc ame alx alw = hp uo ali jn (ni um it sb fg aje)
tr alu alv als alt alr = el mz iy acf iz vo pq mz (wn akx aln vo aan)
ts alx alt als alu alw alr alv aly = adj dh la v qy aay dd yg
tt alv aly alu amb ama als alr alx alw alt alz = xb ei aet ri lg qi gb nq c nd ajv qp qe all kw aat tx
tu = agj ahb kc hz aic rd acv fk aaa rf du ri pj afq acb
tv alw alt ama amb alv alr alx alz aly als alu = cw
tw amb alz alv als amc alt aly alr alx alu ama alw = ahj
tx alr alt als = aee y
ty alt alx amb aly alu als alw ama alz alv alr = tg wv xf ck
tz ame alu aly alr amd amf alt amg alw alx amc alz alv als amh amb ama = og uq ka (aag abb) pw lp fx aab agl pk ze acd qq
ua alw als alr alx alt alu alv aly alz = rz rf agf r rn he am aem aif dg
ub alv ama alz ame amd alr alu amc amb alt alx amg alw aly als amf = pc dc us afi afu da abq adw yg rw abj ck cf
uc als alz alv alx aly alt alu alw alr = adt akj ahy tc ahl kb ait tu hx xd qw bh aal
ud amd alw ama alu alv ame aly amc amg amb alt amj alr ami als alz alx amf amh = ur aad sn se amh fq abx nt (qz alr)
ue alw amg alx alv als amb alt alr amd amc amf ama ame alu aly alz = fv (tm fw) hn aiq gy afc fd aa ro lg gz ji fa
uf alr = kd agy ajq aal ar cn ti kt zz aaa ajt acu (ay ni aem) pr adr ki afj
ug amf amj ame amd alw amk alr alu amh ami alt alx ama aly alv alz amc amb als amg = kg alm aku qx afw agh zm qx vi he sq ij aao ahe oc acj ow mk fk zi
uh als alw alr alu alv alt = od gn pn akk
ui = ki qh cd pw abd gu pw ns ba po qq ol wu hn rc
uj alt alv alu als alr = ahj nv (bi wr pq afe xt ur gh ly v nq hd ri) je zj yb
uk alr als alt = gg ez hi tk (r rf) ahg zr
ul alt alv alr alu als = fh ig lt fh aez ik q
um amf amg alv amb als ama ami alx alz alw alu amd amc alt alr amh aly ame = ahp l (aiz fy lw ey am yh)
un alx amc alt alw aly ama alr alu alv amd ame amf alz amg als amh amb = acv acl aex um s aij ro ct od kt ahw ads (alm dc ni im akt rh ajt ow)
uo alx alt alv aly alz alu alr als alw = ju
up alv amb alt amh amc alz alr alu alx aly alw ame ama amg amd amf als = ahk ht aed
uq alu alt alx aly alw alr als alv ama amb alz = alf
ur als alt alv alr alu alx alz alw aly ama = lg nd xp aj
us alr alx amc amd alu ama aly alt alz alw amb alv ame als amf = abe wd aet acx ir bf kf acv acu aeh dk cv xc abx wf nz afr
ut alu alz alt alx alw als alv aly alr = aha ol gm cf fk (fh iu ci sj at va afb tk gw li)
uu aly alw alx alu alt ama alv alz alr als = qw alc ahm akd mb ly ajw aht akq alg tw
uv amd alx alu amb aly alv ama alt alz amc als alw alr = l gf gr ww mq sj sw aih aap afa acl ai acq agp bm hb nf xa um aeu
uw alr alt alv als alu = sp bq xr ako pb ali xm fh hc bw abc fz
ux alv alz amc alt alu amg alw alr amb ame alx ama amd als amf aly = jb ur
uy alu alw alz amb als alt aly ama alr alv alx = mr acy pc ix nk ky agj yq sw mn id zj gj aiy vr rr zb fb ade pm
uz alt alv ama als alu alr alz alx alw aly = abz
va alr alt alu als = wh acs ta ug hc aaq ady adj adm a c fh px mu bt wd lc aks
vb alu alt alr als = hb cb (age yc jm nn zz aet tu)
vc alv alw alr aly alu alx alz als alt ama = us af jo gu
vd ama ami alw amg amk alr amh amb amc amj alz ame alu als alt aly alx amf alv amd = hu
ve amg alz alx ama amd alu alv amb ame amf alt amc als aly alr alw = bb fd br fj rc rs tg aeg dc g xa adp aju (ez ai yl hi np fa kg)
vf als alz aly ama alr alw alx amb alu alt alv = qv vv acn vw ahp p ti bo
vg alr = wr mp lh r ix ale akl hv we abg is qj ix pt sm tc hc vh abk
vh amc alv alt aly amb alr alx amd als alu ama alw alz = dg mf aje agv ajp fp da lh cs dq bb mh xa
vi alw amc alt amf alv alr amb als amd ama alu ame aly alx alz = hu tm vf yj lm lh aid hz lk yn zn ze jo gi qq kk
vj alu als aly alv alz amb amj ami alt amg amk alw amh amd amf ama alx amc alr ame = vd ro ahf ajj abi v aja
vk amb alt amc alr alv alu ama alx amd als aly alz alw = agy qw ls mc (agb zz dm dn)
vl alu als ama alt alz aly alr alx alw alv amb = gi yt uu sb add ai (st gf nn)
vm alu alr alt alw aly alz als alx alv = acg akz ku so
vn = xb (dx aip agp an be gu iv bz) ahs aab ky abv alf hg
vo alz amd alv alt alu alr als alw ama aly alx amb amc = sj ji sz zd aec mv mo sg
vp alr = ea jn bq (nh akq)
vq alr = ajo ik afv ajo wy aau bl lz (mq fy aac tc su) iv aag
vr alr als alt = aab
vs alr = zg lv adj hc dr ld afa xh
vt = xy zg hf zk se zk (mn hz xr ac ajn aeg ok) akj zn zn gb cc ld afe
vu als alr = wx jd lq nv ahf akt wd
vv alx ama alt alv als alz amb alw alr aly alu = ns ake (ej r nk) bd aiw afh bw eb abw ar lm
vw ama alu alt alw alx alz als aly alv alr = tx py adc afb acq akx ma afh v
vx alr = ahu ahy agi
vy amd alv alx aly alw als ama alr alu alt ame amb alz amc = abs rq wh ahp qt adn mj wc aeb rl kn ur na adf akm aar fn rp aku ix
vz als alu alt alr = ako vi fk aby nc ky ahy abd
wa amc alx ama aly alw alu ame als amh alr alv amd amg ami amj amk alt alz amb amf = mo uq vv jf ajg pc aaa dg ai vy am fg gl adh nd co ih dq ii
wb = av go acb afe ub aal np ar ael ach
wc alx alt alv alr alw alu als alz aly = ap cc ahl ahr v vd oy aen yd sx vt aay
wd aly ama alv alu alz alx alr alt alw als = mw yl rp akd eg ui ake cv
we alr = jb ee c adr ajy ap jb tq aav az aia tr ih cf ic
wf alw alt alx alu alv als alr = ys jm jj li
wg alv als alr alu alt = x ajo agh mv abd ix yn oj aix agd aaq o jw
wh alr alt als = ajx rb un (tl qn qz aas xw gm aix aal ca)
wi als alr alt = abq qu wn aao agt aap ya alm
wj alv alu alr amg alw amf alt amc alx als ame amd aly alz ama amb = aar vv alb yh alp hp sw afm fw dn hi
wk alv alt als alx alu alw alr = zj afi (ma air xg abi ze aez kd k si xh)
wl alt alu als alr = cl aa ba py zk si alo agw abt al td uo akm
wm alr alt als = adp dj nk uf zt acn
wn alt alu alw aly alx alz ama alr als alv = ds (aae hu ahm adc pq) agu bb adw kg (qq ab)
wo alv alz amd alr alu aly alw alt als alx amb amc ama = agq qj adp qv aiu zx yl ny ale ba dp ru agk
wp als alu alt alv alw alr = qe akl aat ns acn aao kf ah qx aey agm ahb ahf akt aak ey vi ajm
wq = wf ajv il afk ov (ajn acf)
wr alu als alx aly ama alz alt alr alw alv = ll bl aka aw acr vc ua bh p ql afc de lg pn uq ajg ty aal
ws alz amk amb als amg alt ame amj amh alr alu ama amd ami alw amf aly alx alv amc = jm wq yw aix gm xq aej xj adg agi rn ix ti
wt als alr alu alt = aam (abo sa) uo alt
wu alr alx aly alz ama als alw alu alv alt = akt dz adt xd uw hv gy ahe afl (rh sy) mp l
wv als alr alu alt = uf agy mm zb (sp nk cp ye aaa io age acb ajf fw la)
ww alx amh alr alz ama amc amg als amd ame alw amf amb alu alv aly alt = gh agc bl aff kq ix ke
wx alx ame ami alz alt amd alv amc amb aly ama amh alw als amf alu amg alr = pp ft wu
wy alr als = adb ec cw acz eu ft qu si gr aal
wz alr = akj ok yf hr aey adm df aip afh qg bf adf bb dj
xa alu alw amb ama alt amc ame amg amh alx alr aly alv alz amf als amd = ti (xc ut adi e i aji aim me)
xb alv alr alt alw alx als ama amc aly alz amb alu = ahs acu hy vh qo rw ot ail agn ajc jq ahf mp
xc alx alr aly als alu alt alv alw = hd hs akz ako zq ox op ap im yr
xd alr ame als alu alz amg alt amd alw alv alx amb amf aly ama amc = dc pk alh abu pk gd bn zr it (ic kl abj kf no)
xe als alt alr = me ahr wa ge aja bg yr pv ky xr
xf ame alw alv alr alx amd alz ama als amb amc alu aly alt = ke zv jf aih ob (uc kh tc)
xg ame alx als aly amf ami alz amb amc amh amj amg alv alw ama amk alu alr alt amd = mb js du mh ia kk dh ei li (xf aey fh tc nz adm) aiw aar aal ew
xh ame alv alr alz alx amd alt alw alu aly ama amb als amc = afy sp oi aki xl acf ju ack aee (aii jq z te bb og aky zw rq)
xi alr als = ue ax (akp mv vu d) lz acd ti dx cd afv
xj amk amj als ami alu amg alw ame amf amd alx amc amb alz aly ama amh alt alr alv = hp it ahg akq afs abh n ng bc zp abb rr
xk alr als alt = oq sg nm rw z qu ia
xl amc ame amg amb ami alt amj alu alz alr alw amd aly alv alx ama als amk amh amf = dk et sw pv acc agb
xm alw alt alv alu amc aly alx ama alr alz als amb = gj gz wh rf ff gs afs abr rg re yq aii lv
xn alz alr amd aly alt ama alu als alv alw amb alx amc = jt bl ep pa dl vv cz aic ajm afw nf cc afy qf dc
xo = agj h hh aax sz sm afi
xp = bn iq ze ro ajj kt kx
xq alr alu alt als = tq hy c
xr alt alr als alv alu = lz mp zf agw fl tl ie cb
xs alx alv alt als ama aly alz alu alr alw amb = nk ij cm oc
xt alr ama alx als amb alv alt alu alw alz aly = abo rn ajt ajh tq xs adj afq th
xu alr = zd jx wf xm tv yp fc yi st wt wi aha j jo i oj
xv ama alt alu alw als alv amb aly alr alz alx amc = nn pb acj rj afr eu aeo
xw amg alt aly alv alx alr ami amc ame amj als amf alw amd amb alu alz ama amh = aac ahh ahp h sd vk mp nn
xx alt amb amf amc ama amd ame alw alu alx alv alz aly alr als = tm
xy amb als ama alt amc aly alr alu alw alx amd alz alv = st y abn lh sr
xz alr alt ami alx ame als aly alw ama amk alu amg amj amd alv alz amc amf amh amb = g agu hw dd cx aiq akw nq ry
ya amc alx alr aly amh ame amf alt alu alw ama alz ami alv amd amb als amg = kh m agx (ahc rg (ld aej aiw gn ex en t ox))
yb alv alr alt alw alu als = vh ne ke to bu jd aev ahc tz he pz xu eb bb le akb uy hr rq au
yc alr alt als = xi qk aic tv em alj uv ko jq gu tj ajs hu
yd alt amb amh alr amd ami alx amf amg als amc alu alw alz aly ama alv ame = en pp ox c cl agp
ye alx aly ama ame als amf alz alt alr alu amd alv amc alw amb = agf go p
yf amc alt aly alw ama alz alu als alr alv alx amb = ki abu ic fy wt alf sx aaw acy sy abl tc ff ahp yu ajc jh adc (vz db)
yg als alv alx alu aly alw alt alr = add gy (aad yv nm aaf afu) zo (vr afm bj aee vi hb qc abe)
yh aly als alr alv alt alx alw ama alz alu = aio zg pc qs aev
yi als alr = ja ob kp aq aew qh vj rt pt tg wc aik alo ho yl sk ka ix ade cp
yj als alw alr alv alt alu = jj ee ajh ir rw ajb ee ge rw uk
yk als alt alv alw alr alu = dg yw dl xr es ck sz alb ft
yl alu alt alr als = acr oi nd
ym alu alr alx als alv alz alw alt aly = alq zj ajn (abm nf aex ft tj aaf ix)
yn ama alz alw alt alv aly alr als alx alu = aij ajd xm ck yi afr xh bb yr fz ot su gi ajw fl yz wt aiy ajf nq
yo alu alw alv als alt alz alr alx aly = bo lj pf nf mp xs akv akp aje yf abu wp
yp alr alz alx alv als amg ame amd amb ama amc alw aly amf alt alu = ts bu ja aai zj aau xw li vx aam ky
yq alt alr als alu = aca qw lc ajx tq (cg alj fp ahr)
yr aly alv ama alw alr amb amd alx als amc alt alu alz = oz jd
ys ame ami amg alt alr aly alw amf amd amh alx amc amj ama alz als alu amb alv = ak xn rc nn (aej ahv)
yt alr alz ama amd amb alu als alt alv aly alw ame amc amf alx = hl io aj rw
yu = gx gp ir rv ahs ke om uq aar abr ajk fr (uz pu) qd jr mm
yv aly alw amb amf als alz alv amh alr alu ami amc amk amg ame alt amj ama amd alx = ut ti ajv za av afb agz ef sd ig
yw amh amc alu alz alt amf als alr amd ame amg alw alx aly amb ama alv = vx
yx alr = rw n abu (pm tn j sm iz nb (adr cc) nv)
yy als alu alt alr = acw aln (rt ee aan eg lq pe s at ajk)
yz amf alz amd alt aly als amh amb amc alr alu alw ami alv amg ame ama alx = yt wf aal ajq gw ho ri xq vt agu
za alr als = di afr uf ek lc rk we bv gn ah oa qg bm abu afz bs fb afl vr
zb als alr alt = fh akh te fu i sf pd ev vx oa aaa ajn
zc alr als alt = ahu la uk aix uj acu lw wa ug
zd alv aly alw alz als alr alu alt alx = abp mn c es ahl z ay aic ahz uk mb ia nn afe
ze alz alx aly als alu amf amh ama alr alv alw alt amg amb ame amc amd = ajr lu ky bh jx wi alf adw qo tg ht pw aci
zf alr alw alt alu als alv = ip lw ip ef (yu aix aja fe)
zg aly alr als alx alt alv alw alu = ev acv cr pz cg (aka jq ach mh wk aad) vw (xn kj aee afv er fo tx oe)
zh alv alw alt als alr alu = qp bc zw (oj vd ay lt ev xw on ru)
zi alz alr alx ama alv als alt alw aly alu = tj ja vb sf mq dl aht aae lz abj
zj alu alt alr alw als alv = ap me
zk alw alx alr alu als alt alv = vi abq eq hf bm g xb go
zl alv alt alu alr als = aet ot aq xv aih rl zn jl aiy
zm alr amf ama alu als amc amd amb alx alw alz alt aly ame alv = afd zd kb nb ji hp wb
zn als alr = oz x acy sz t pn ac vm (rj il oo jp gf agq wx ady aig ux) ww zi
zo als alr alw alv alt alu = sm acj xf tr ahi en wu hr agk aid gj zi
zp alv amd alu alr alt alx amh amf alw alz amc amb ama ame als aly amg = aif ako vj jj aao ajh by adp gn me rx
zq alr als = agd add oe nu mb abu afq akc yp aia (xu xv (eq al ip))
zr als alr = ab aav wa mm tr jk zf ja ic akb
zs alv alt alw als alx alr alu = dg akk qh afg er jo ne lx abv aht akf wa aae tw nd aft wl kf jr
zt alx alw alv alr als alt alu = iv qq sg ap
zu alu alt alv alw alr als = a rx akc mj abm
zv amb alw aly alv alt alz alu ama alr alx als = au eq uq lx
zw alu alv alw alx alz alt amb ama als aly alr = st n ht mz gh er ut agv q aad aii jc
zx alr = nu ix n ach akq afk
zy als alr alu alt = nt yh tg
zz alx amd als amc alt alu alz alv aly amb alr alw ama ame = cp gr hs wp ald de dq el ut sk kt aeu ap va agh si mo wl
aaa alz alw alt alr aly alu amb als alv ama alx = vl el fm so qj jy ada bt acb (aaf cv bv) hy bt
aab alx alw amb alu amh aly alr alt ama amf amd alz amc alv ame amg als = kk pm vn ag ih ij ui lc d yk afy
aac alr alt alv als alu = sw sw zg ali
aad alv alr alw als alt alu = afs aas qg ais adn iq aeu
aae alz alw als alx amd amb alu ame aly amf amg alr ama alv amc amh alt = r kp afx aer fw lt yo aej aca qo adz ux br aak oh
aaf alu alr als alv alw aly alx alt = aia afi rq afl xv aif cv adn dx rv ox adp fc
aag amf amb alv alr alz aly alt alu ame alx alw amc als ama amd = yo gz ij yo hj jk
aah alx aly ame amf amj ami amc als alz alt alr alw ama amg amh alv amb amk amd alu = io iy ct ho ahv sa gb
aai alr als = zx xk pc hc alc agm ahn abo jq kt ya um
aaj alr = uj xw ga adg
aak alt alv alr alu als = kd iz ea ahy rt ajl zq
aal alw alu alv als alx alt alr = wx jn afk agm sq aki sz yx (wb aga th rc vl wi acq eb abj lm jm uw)
aam als alt alv alx alu alr alw = bl (abq sy yy) yw
aan alu alx aly alz alr alt ama alw als alv = dt wl dn (xr vl yp zo mf ch vy a)
aao alu ame als alx alt ama amc alz amb alw aly amd alr amf alv = pi hu xx su akf aed kc ti aaq ss ce o (qu qv ro abx)
aap alt amb als aly alw alx alz alv alu ama amc alr = jj rn pa hl yv jc hw
aaq alr als aly alw alv ama alz ame amc ami amd amb alx amh amg alt alu amf = kl ct tx ln afc agx tv tk b bm bn
aar als alr alu alt = aem (th vf aj) akr agf (xx td fm afq)
aas alw alu aly alv amb alt amj ami amf alx alr amg ame amh amd ama alz amk als amc = ahj nh bn vk dq vb nv de ql kk adk kr lm
aat alv alr alt alu als = wi m ua xh adj
aau amf alu ama amc aly amh alz alr alw ame amj als amd ami amg alv amb alx alt = aba
aav alv alr alx aly als alu alz alt alw ama = fi bi agt fx ws ja aiu hf vf go co qt aw ahc
aaw als alw alr alu alt alv = dh
aax alx alr alz ami alu aly amf amd amk amb alw alv amh als amc amj amg ame alt ama = ahd z un xe eb mf all
aay alu aly ame als amf alw alt ama amd amb alx alr alz alv amc amg = vb ef lg aew vl du ajh mz vs (jn xl cq akx aar ty xy ahf eo aid ae)
aaz alt als alr = lq vx qk aiv ni td lb fv wu dn ln xu adw ajs z ajr op
aba amd alz alu amg aly alv alw alr amh ami amj als amk alx alt ame amf amc amb ama = uy vn aap aeg aep bs alg js kj ec dp sl rg ii
abb amg amf alu ame als alx amb amc alr aly ama alw alz alt alv amd = rb vj
abc alt als alr = df si zo
abd als alr = ox qf ay ec ahc
abe alw alr alt alx alu als alv aly = hz fn so pz aas ajl adf acc p qz zl la af qc ut ahh eq nt
abf alv alu alt alw alr als = ahn ajn ajl qc aes ahj afu
abg alr als alt alu = ja zx mg dk (ui abv) agp bb da qx ty ve
abh alr alt alu alx alw alv als = aib ro ik aav zb dh uz
abi alt als alr = wu aq um mn aco jz ajc hl oj zo cx (mg aiw ia zk)
abj alu amb alx alw alr alz aly alt als alv ama = afj
abk alw alr als alz alt aly alv alu alx = pm aal pq ax je ako hk mk ap yy ahs
abl alr = adl p
abm alu alt als alr alw alv alx aly alz ama = xd eh aci cs yo sm (ea adi ait cf cy pv cf aen ix s bs)
abn alu als alr alt = aai aff vn gj (th dd dx acv lv agd)
abo alz alr amd alu alv aly ama amc alx alt als amb alw = bc (ub kt alf (ju akp is cy ww ahs lp))
abp alr = md adg pm aid xr g bg abb aev yt jh cz (uc bs)
abq = ahy ahp ala adt lm mf agu agx aip nk yv jc s za na vd
abr alr alw als alv alu alx alt = cs
abs alw amf alu alr ama amc alt alv ame amb alz alx als amd aly = ya lm yu alb ll fw (fw aid gy) ps fy ti rg aio ajf ha akd xl
abt aly alv amd alx ama amc alw als alz alr alt amb alu = rk lt
abu amd amh als alw alx amf aly alz ame amb alt alu alr amg ama amc alv = tb
abv alr = tj alj xo kv uz vz cw aam bq alr ado dv l gi
abw amg amd als alz amc ama alu ami alw alv amj amb alx alt amf alr ame amh aly = fn abq fl ia yh cl aki tp acf gc
abx alx alr amc amb amd alw alu alt als aly alv alz ama = uo hp uw wo vr bf aia bw
aby amd alx alt amc als aly alr amh amg alw amf amb alv alu ama ame alz = ue qp akv aep ni it eb air fv aiz fn aem fd rs acb
abz alz ame aly amd alu ama amc alw amb alt amf als alv alx alr = afz si alj ga ajv nx kw cj zc aij vw
aca alv alu alr alw ami ame amc amd amf alx alz ama aly als alt amh amb amg = qn aac sj bl gp ml alf rp aaj aeu (zk alo ox hx ajc yl pn or yu abr)
acb alt amc amb amd als ama alx alw aly alu alz alr alv = ig wf iq zy w aet (tg (hw nq ald mh ru akq uo ki qk aeu vm fx ym))
acc alu alx alr als alw aly ama alt alv alz = iy hy ow alb ali xo ado cv je ge
acd als alt alr = ri agy hi afi ul dx fx kl cz
ace als alt alr = afh afq io ul (ka adn ds ii all mi aki xv kx afg)
acf alw amb als ama alv alt aly amc alx alz alu amd alr = ada he nq ab wv aig ahx
acg als alv alw ame ama amc alr amd alx alu alt aly amb alz = aal ki hh aiw agj (vy yb ow my wu) wi aeo px gk abq
ach alr = on px agy ala ya yt sa mu ga agn akr aif yh
aci alv alr alu alt als = ao afl ct ahl ds ahy oz zn
acj alz als amj amk alx amh amd ama amc aly alt amg alv alw alu amb amf alr ame ami = aju yc acs
ack amg alu ame amb alt alw alr amf aly amd als alz alv amc ama alx = fa rv sh (afb aah)
acl alw ame alv amf alx alt amd amg ami amj amc aly alr amb alz ama als alu amh = gw
acm als alr alx alw alt alv alu = dk ajz adt afy afv adc ajv (ky pq cz ajp afu) cn fh adb ajc zl alm dj
acn alz alr ama alx als alw aly alv alu amd ame alt amc amb amf = hi aem nr ek alo ns mz ge yy acq aak hr ahf adm (pm ahx) afj (aic eb)
aco alt amf alz alx amb alr als ame amd ama aly alu alv amc alw = ba xm zt aba bf ajq lw abw xa ge abu nj cs ab ais
acp als alw ama ame aly alz alu amc amd alx alr alt amb alv = n nj mf qk pc aed jc gb ka acj
acq aly amc alr alw alu ame alv amj ama amh ami alt amd amb als alx alz amf amg = hf jp afu ts ajo qs aeh bm zk ig rn akb
acr alr als alu alw alt alv = lr qf kj aev
acs alr als = vt fp oq aeo jv mr qc wy ado cm us agz vp aki hf hf qr
act ama amd alz als alw alv aly ame alt alx amc alu amb alr = tm ahx yf adi kb (ja kn uo te iu ia rv)
acu alw als alx alt alr alu alv = vq aim gx acj rh
acv als alr = mz iz ao aek ek afj na ya mk fy afs ie va ajr pd wp xt oz rf afj
acw alz alv alx alr ama als alu alw aly alt = yx pq akk mm np ct ir dd
acx alu alt ama aly alz alw alv amb alr als alx = sw alb afc alk tz
acy alu alv alt als alr = ze ry aw acz bm fg ch aei c afh qa je aju mj
acz amd alz aly ama alu amb amc amg amf amh alw ame alv alr alx als alt = uy ra (vf mz) ud fw yv v vp
ada aly amc alu amb alt alx alv ame ama als alw alz alr amd = agx fn acc aae ald ow du mm ahr abn (np ahg dm lp agr n q aco jm eu)
adb alt als alr = afw ba aen zj aew sd acx aba qu mz dm oa jo hi sv ug
adc alw ama alu alv alz amc aly amb amh alx amd ame amf alt amg ami als alr = mg
add alx ame ama amc alt amj amd aly amb amg alu als alv amh ami amf alr alw alz amk = eg mc akz wo aj nu aac (tx ag xv xe)
ade alr alt als = aaa aah ake mb zu eo afo rn afh
adf alr = dk gb
adg alw amd alt amf ama alz amb alv ame alr aly alu amc alx als = fl os ahw
adh als alt alr = adl aan agh (bo ve aaw bl bu dx ue pm qh ait jo zv akx aif)
adi ama alx alv aly alt amb alu alr alw alz als = adg
adj amd alw ama alr amc alv alu alz als alx alt amb aly ame = md u ade lh dj akr
adk aly alt alw alz alv alr alu amb als ama alx = aju akp jf kb uj kb nb xa adw jl bn nx vw aek ev rq qi rn ajv ace
adl alt alx alv als alu alw alr aly = dy fl bq adi xw yc xe cb
adm alw alu als alv alr alt alx = br fe
adn alv alr alt alu alw als = d mq sj gb qm mz
ado alt alz als alu alr aly amb ama alw alv alx = vu ay (afc po afg agy ec bv ft (ty ahj bm il yt lb gm xx))
adp alt alw alv amb alr amf amd als alz alu amc alx ame ama amg aly = aam ns y ys zg jn xr oa en vj ri ahv
adq alz alx alu aly amj amd amk amg alw alv amc ami alr ame amh amb als ama alt amf = yw aga fm ma aap nq hy ii xw mr aeb fu jk ei lg
adr alt alz ama alu ame aly als amd amb amg amc alw alv alx amf alr = ju fx kz (vl pw br vg ip pg afj cz hq)
ads als alt alw alz alr alu alx alv aly = rc km ne ls zv pq ip aao ail acs (ax ajv tf ach tj alm aft pd)
adt = acd ep zp rx pr pq
adu ame alu amg ama amb alr amh amf amd aly alw alx alt als amc alv alz = xb akf ajn vd
adv als alw alt alr alx aly alu alv = aca zq lu agl ue gl jf uy fc (zu yh pk hz ei ako eo lk gm mj)
adw = se az ww eg ky acp aie yq yf qq ub ahg
adx als alt alw alx aly alv alz alr alu = kx nu akb aio bt zb qf agw ab
ady amd als alv amf alr amc amg alx ami amh amb ame alw aly alz ama alt alu = zp alk abs zb acm aby (pu ly adz id)
adz amd als alv amf alz alt alu ama amj alx alw amh ami ame aly alr amg amb amc = gh oq adh aav i jg oz up mz wx (xa pg aec gf rv) ado je
aea alr alt alu als = afx di ajc bh
aeb alx alz alu amf amc alv alr als amh amg amb alt ame aly alw amd ama = kk gf aeu py ke ac xw aln
aec amb amc ame amh alx ami alu amd amg alv alw ama als alz alr alt aly amf = qi ads oh rr (zz eo eg ih hv hs aap akn qo)
aed als alv alt alr alu = acs gj (akh ka adn vz fj zs lb vr pu ahl)
aee als alt alv alu alr = qh ji aac kc wf agu wz ak
aef ame amc alw ama amh amd amg alv alt alu alr alx amb aly amf als alz = su ali kf kl ma zr ug lm hu
aeg alr = uq
aeh alt aly amd ame ama amc als amb alu alw alr alx alv alz = tm nw tm
aei alu als alr alt alv = akc abh ala
aej alv ame ama amb amd aly amh ami alx alz amf als alw amg amc alu alt alr = ajj sn aeu xv cc ajx pn ib pr ami air ajj hf aep vg
aek alr als = ib
ael aly alr alw alt alu als alv alx = vi po aee ce qh aif no bi kn afk mf iu akp aap aay qj
aem alr als = aiz fs acg wi ep lv uc hq ail xr acw ur ah (ajt aa acf)
aen alu alv alt alw alx alr ama amb alz als aly = agz agv
aeo alv alt alu alx alw als aly alr = aju av pn rl rl gx mq lu aew ajo ahp uv aag cm acs
aep amb aly alu alr alt alw als amc alx ama alz alv = abv abl alg pn az nq ql lo aci (ajz gw alj (th yp zk ahp aix aeb ahf))
aeq alt als alr = adr aie (ry fl an oz jk vj jx br abq gh yp aey kp dl) cd
aer alv alr alu alt als = aez ne
aes alw alx alz ama alu als alr alv alt aly = vq afo aab agv qm (ajg du cb) fm aha ez aal eg aef adc abr (dy go tz)
aet amk amc amb amd alt alx alz alu aly als amh alw ami ame ama amj amf alr alv amg = dz acd ig alj ny
aeu als alt amc alx alz alw alu alv aly amd ama alr amb = ael aj agc ix aeo ao yc ea fp ei
aev alr alu alx alw als alt alv = aaq sj bq ob tw yu wg ss ue ra lx el ut abc vh abd un zg
aew als alz alr ama ame amc alx alt alu alw amd amb alv aly = cw ue sk af kh sp nx afn cw
aex aly alw alr amd alv amf amc alz ama alu alx alt ame amb als = xt rh afz lf iw kb (hy mm ajs lp pj aey iz yt aio rn akb li)
aey alr = acv ajf fj wr gi za cs
aez alr = eq (gs mq wh ye aj nw abq)
afa amd amj alt amb ame alv aly alu amg alw amf alr ama amh amc alz als alx ami = lz js cw yz sx wo hc aea fj fw kd akz aiw om afh xh aii xr rq
afb amc alt amb alu alw als alz ame alr alv alx ama amd aly = nq aa agq abr km aif kf ok gz afm zi adx mp
afc ami alr alt amh alw ame amk alz als amb amg amj alu aly amc alx amf amd alv ama = aif
afd ama alv alr aly alw alt amf amb als amd ame alz alu amc alx amg = rs aks p alk gz na kz (aiq abz (acj uq acb jv abm sh rg yq pr bs))
afe alx alv alw alt alu alr als = ais adl ahr alg ej
aff alu alv alt alx alw aly alr als = ih qk xd ps aht mb zy
afg ami amg alx amd amb ame aly alt amj alv amh alz als amc alw alu amf ama alr = xk jq hl th ajc rj ef ac mq
afh alw alv alt alu alx alr als = ck hy
afi alv alz ama amc als alr aly ame amf alu alt amb alw amd alx = jl
afj alw alt amd aly als amc alv alz alx amg amf alr ame amb ama amh ami alu = vl vz ka si
afk ami alr als alx amd alw aly amh alt amb alv ama amg ame alu amf alz amc = abm abr aep aiy kh ahl iu pd cb cc hx uu ahe
afl alw alr alu alz alx alv alt aly als = ex ps (cs uh aiy) xp cr oc oh agf uk akh ae oc kj fv il
afm alr aly ama als amc amd alu alv alx ame alt amb alw alz = pv
afn = yx el s hj bn ka jn aai kj ep adb akh ja yl ais du (abq go akk ahu)
afo als aly alw alt alu alr alx alv = wz agz ahk adw
afp = aiy ahc ca va akr yy sn xd fd oa aak
afq alr alt als aly alw alx alv alu = up
afr alu alt ama als alx alr alv alw amb alz aly = jx ady mg
afs alz ama als alw alt alx alr alu alv aly = ach un afn ut ct a aij ci te yc co
aft alt alu alw als alv alr = adr (b adl lf j qx aae (afq pn dw ne bc rh fz uv bw hm nk))
afu alx amb alv aly ama als alz alu alw alt alr = bx tx w zi xk tg agq
afv aly alw alx alz amb amc alr alv alt ama als alu amd = ow ul dh ro ve aer wf ajj dd
afw alt alu alr alv als alw = bo ly aew xg jd mo tz ed aaf abq afn (w (cp agt) kf ahu bd ahz cc)
afx alt alv aly alr alw alx als alu alz = ej
afy als alv alu alw alt alr = mv gn
afz alt alu alr als = th ak iu aew qx
aga alu alv alt aly alx alr alz alw als = akl du nc ch za agq alp aam acy all bt afq (g ni vb abl (aes ie na))
agb amb amf als aly alt ame alr alv ama amg alw alz alu amc amh amd alx = z ez iy
agc aly alz alv alx ama als alw alt alu alr = bu aal ea ss
agd amc ama alw alz alr amb alv alt aly alu als alx = ys ld mi aba pu ajs agp abp ahy yu sl ll
age alx als alz alr alw aly alu alt alv ama = xe ui zh xr ix aac bu mw vw ei
agf ama aly alr alt amb alv als alw alu alx alz = qo is agv k akf ir aax za bl se df qz akn dk aeo
agg alt alx alv als alr alw alu = aby bd (zs ca abc ck alq aex bp d nl g io)
agh als alr alt = aba zg afe eu xu de fu av hl mb mz s yl kg pl pu ci va rl zd
agi alt amd amf amc alv als amh amg alu ama alr ame alx aly alz amb alw = sp nq ia mr qc dy abc ce uy ajk tb mt m ia va xc aek ait dq ajg
agj alu aly ama alw alr alv alt alz alx ame als amb amd amc = akp wy rp ln lc uu wi dq rx wo
agk alu alr alt als = pi jb mp mq iv abw ahu ph agd sm aae
agl alr = abt tl rd ks akc aet zo
agm als aly alr alv alw alt alu amf amd ama ami alx amb alz ame amc amh amg = abm gq ajt ah xm yq afe ow yn k wj afa wa cf akg fv ua sx
agn alr als = acj zg en vr ne
ago alu alr alv als alt = akk aln aca up aj ym alg (alo fk zh aix gz) xt fi
agp alv amg alx als amh alr ama ami amf amd alz amc amb alw alt alu aly ame = aer mn kn yp aep m aib rz jc ako xq xt sh cp r s akg
agq alv alt alw alr als alu = aiq alm jr ky bd bc ahf br (fq co pa yh zx im ju acq akl at aiu ahy)
agr als alw alu alt alv alr alx = yg ng vn vp rb adc px kh mq pq abx lq aid vb all jx ix rb l lg
ags alz amb alr alt alw alx aly als alu ama alv = is wv ov aed ade zm ce dl ais cq yw
agt amd alw ama alx alt alu amf als amc amb ame alz alr alv aly amg = aey us k wf
agu alt alz amg ami amd aly amk amh amj amc als ama amf amb alv alu alr alx alw ame = gq z akd cr yc afh ahh akr xp xk aax ph lk t mg rt aif
agv alv alu alt alr alw als = aix fu vy ev vo abh ib abb og abn
agw alx alz alt amc alr alu amb alv aly alw ama als amd ame amf = ab v aaq sx yt nf xf qo afd xy bo nk ku eh aem
agx alr = aga g qt xq adl ny
agy amc alx alw amh alv aly alu ame amj amb alz alr als amd amf ama amg ami alt = aks alg gv fz cp uf alg ahe th xj vk abl rg
agz alx ame alz amb alt aly amd amf alv alw alr ama alu amc als = nr lp jv rt oq lg cl sc n aej aar tx
aha alr als alt = gk ajn kv aln pj go aie tr ali ahv dt rn gn aab
ahb alv amh alz alw aly ame amc alx als alr amg alt amf alu amd amb ama ami = nh (abh aax qm mr agr qr) ra aie
ahc alu alr alt alz aly als alx alw alv = rc ap agh xc ha yq mi ai mu yp ek akn aaq ml rl abj hq ms abn aen
ahd alr alw ama alx als alz alu aly alt amb alv = ak akd zh
ahe alu amb alt alz alx alv amc aly amg ame alw amh amd als ama alr amf = adk
ahf alt alu alr als = afx ajj wb fw aez fe aln (kq agb aa afu ct dx dt eo lp xo)
ahg alr alu alt als alv = akg hd aas oe fp aaq ga fb acf
ahh alw amf ama amg alr amk alx amb alt amd als ami alv alu amc amh ame aly amj alz = ahu gl aad acx lc bu aew agq og ajc
ahi als alu alt alr = ni aib hi qh (aib abr) ij vb vl gv af bm xs gd jj aig aad
ahj alr als alu alt = tl om adc kh bb abz wy aag age vd acl (ud ih)
ahk alt alr als = fx nu gz aai aks md dx gc em rf afb is akv
ahl amb alr alz ama als alw alv aly amd amc alu alt alx = au
ahm ame als amb alt aly amf alz amc amg ama alw amd alu alr alv alx = tg ma
ahn alx alt alr alw aly als alv alu = uw jp nf hu
aho amc alw ama alz aly alv alx alu alr amb amd alt als = aci aag og ld alg qf a sa sw ug xo ake
ahp alt alr als alv alu aly alx alz amb ama alw = aiy qi lp abp tq ls
ahq alt alu alr als = xn aan gn bg ack hk agw acj ps aln r rk tl aeb fb ff ahb zd it ajj
ahr als alr alt = qz gn adq adw ac fy zi ba alp cb du adv vg abs akw
ahs als alr alx amc amb alw ama alv alt alu aly alz = xv vx sb qm yx (sy ua fs gn) wp ws sd
aht alr = afq kl vy dp ne gn zo kj d vc afa rd c gs aki kz uh
ahu alt als alw alz aly alx alu ama alv alr = lp lh gs ef mf wj qj
ahv alt alr als alv alw alu = xd akp mg cw aer alo (ie uo bo alo aav on jf oe ags ye fc (pl xt vb))
ahw alr = ab ajg ej pv ld wj le zl ye ajk aje fn ads ql (tx ez)
ahx als alr alu alt alv alw = gy
ahy alv alr alx amb alt alu ame alw amc amf als alz amd ama aly = tg bm hm kb ub yt au afp ajq ou zg
ahz alv alt ame amk aly amj alu als alx amc ami amh amf ama amg alw alr alz amb amd = agk vr
aia = cc fy ub qp hp ax dc ago el op ay fw nn xw zj adm
aib amg alw alv aly amf alu alr ame alz amh amc alt amd als amb alx ama = ajp gs or ky aca pb ako xa
aic alr als alt = ago sd
aid alw amb amk amh alr amc amf alu ama amg ame amj alx alt als alz aly alv amd ami = ld uv wg aat ahw acj kj aw adp xr ac je vq op
aie alu alr alt als alv = cq nw cv dp ug pf
aif alz amd alr alt aly als alu ama ame amb alw amc amf alx alv = acs ait jn mp afo afy (xg aed) zx
aig als alv alx alt alw alr aly alu = od afb lf vv ep abt pd nf
aih alr amb alu als ama alx ame amc alz amf alt alw alv aly amd = aiu tm abi ax ng cy vj kh afq
aii als amg amb amh amf amk ame alv amd ami alz alt ama alu alx amc aly amj alw alr = ds bf cw pr ajt agx ajf aiq au yh
aij amh alu amc alr ama alx amf alw alv als amd alz amj aly amb alt amk ame amg ami = ach ahk aar vf aff afg wn bc i ajp abq uc abr
aik alv als alz alr ama alw alt aly alu alx = mo qs
ail alv amd ama alu alw amb als aly amc alt alz alx alr = le am id co vc qi fa aln aec hd vi bs hd acx adm zw zi ci gr rr
aim alv alr alu alt alw als = tu vt (mg g aes) ala uc (bu rl)
ain alr als alv alx alt alw alu = aed
aio ama als alu alx alt alr amb alv aly alw alz = nu agi lh afg ip
aip als alz amb amf amc alx ama alu aly alt alv ame alw amd alr = zh ed gh aci nn nx ab aeo agb fq vx sy (adw ih aio py)
aiq alu alw aly alx als alt alz alr amc ama ame amd alv amb = ads aiv ka ahq acj vo bx xv kc xe
air als alv alz alr alx alw alt aly alu = alb ro mz ck wp yv alf aeo sr aio hr agc dc jt lv
ais amb alr alw ama aly alz alx alt amc als alu ame alv amd = dc xv vt abg el abs qn ey tj agx ey aix ms
ait ama als aly alr amc alv alw alx amb alu alt alz = qd
aiu als alu alx alv aly alr alw alt = vq nw va aao zy adj ud
aiv alw alt alr alx alz alv aly ama als alu amb = vi vj
aiw alw alt alv amb alz als alx alu ama aly alr = zc abi hj (hj ay yw aah jq de vq dh re (aev qi ef sy ww))
aix alr = kq jo ago cp ago wv aao xg qb yd ag aaz ga
aiy alu amd alx aly alr alw amb ama alt amc als alv alz ame = akj ic ij (ahq gz ky) zv zd pl aji adu aku hs afg acu vp ki
aiz alr aly alz alx alv als alw alu alt = th
aja aly als alt alv alr alw alu alx = afi abw ea ahj de qk ne ajb afl h aap ql dg wg jq ku aco
ajb alv alt als alu alr alw = vq hn dc aci om agy tv qw cc jl aja ec vr ajj p sh
ajc alu alv amb ame alx als alz ama aly alw alt amd amc alr = oz ma adl il vy kc ih ir nn gz
ajd amg aly amh amb alx ami alu amf ama alv amc als ame alw alz amd alr alt = il az be jb vv alq ahe uu ug acf lh vv lm pn ahi ajn
aje alr als = me aeu
ajf amh alr alx alw alz ama amg amb aly ame alt alu amf amd als alv amc = abb la oa ty ajl co sd fp yy aai
ajg = xt mv nz it fc dz dn nx ahs ags vt ae akd ho akv agj ki kl xc js
ajh amc aly alz alv ama amb als amd alt alr alx alw alu = afg ny lw we pr aky bk hd cn fg cx afu ix abv bi cq aio bm
aji amc amf ama alu amb aly amg alz amd alt alx als alv ame alw alr = id agl vv
ajj alw alr als alu aly alt alv alx alz = yq xh yk (eq (acj oy afi cs fk e ub gm pu alq us))
ajk alx alu amd aly amb als alv ame alw ama amh ami amg alt amf alz alr amc = agn fq ahe
ajl amg ami alt amc alu aly alv alw ama amd ame amb alx amf alr amh amj als alz = abm ajg bk fx alj tj go pm ga acm cp sa uq akq (xk (gs sx ih))
ajm als alr = di kf j add akz md le cr aip f sk ou i alm pa tj kg ol ep act
ajn alu amc als amd ame alx alr amf aly alw amb alz alv ama alt = va adz
ajo als alr alt = ua us pf he iw ahi ap qp ek aew aka ig aeq adb aj uu akp
ajp ame alv amc alz alx amg als amd aly ama alt alr amf alw alu amb amh = jy wd (zy ahg aiv adg fi (h qu) ji zm mo jf agi ho adm aea nl xs lf)
ajq als alr = cf
ajr alr alt alv alw als alu = qq
ajs alx alw alz amd alt alu als ama amb alv alr ame amc aly = wc
ajt ama alx aly alu alw als alt alz amc alv amb alr = pl
aju alt alx amb alr alu aly alz als alv alw ama = xq tn ahv ol pq abq
ajv als alr = vq fw abl abg az fn vq kg ale el fv lp by (ev abq akx ajh no)
ajw alr = aij wz yd fc aaa bs ml oc ajr afe
ajx als alr = ng qg aep gk aic ack wp ajt tf (agr ahp sr mb hh acz)
ajy aly alv alw alx alr alt alu als alz ama = aaa kv nm so afe tv jj aae vi ld abl ait kh aeu aiw me ww ut zx aim
ajz als alx alu alw ama amb aly alv alr alt alz = vz hx aen afo vc yq akl tn nj ef ud adl jw
aka alr amh amc alu alz amf ami aly ame alw ama als amg amb alv amj alx alt amd = y ed afs rp ge
akb ama alx alt alw alu als aly alr amb alz alv amc = alm nd ig adc cf ie
akc alv alr alu alt als = px adz ali ae ahf fw yy ir aek afe ajq zn kf nj bu pd
akd alr alu amb alx aly amf ame als alv amc alt alz alw amd amg ama = jn akp acs aah
ake aly amd alw ama alz alt alu amc amb alr alx als alv = ud acz ov akh ahx sk d ni ait tu alg aat bs zg te
akf alu aly alz alt alv ama alr alw alx als = eu adz lw afq aiy ake (u abz eg bh aw alg ahy (aco hq agm) alg)
akg alt ami aly ama amc alr alw amh amf als amd amb amg alu alz alx ame alv = qf vc bo yn aje nm kb kl ahj vi rf dk bs zt mv c afn afi ii adb
akh alv alz aly alt als alx alw amc alu ama amd alr amb = gz es aam yr np fe pb fz
aki alw alu alv aly alz ama alr alx amc amb als alt = fe ahg f nk acz rs yq e ada mh agb wd ads
akj alu amg amd amh alz amb amk amf alt alw alx ame amj aly als alr alv ama ami amc = cr hn akq aho mk uk
akk ame amg alz amk amf amc alt alw alu ami amd ama aly als alv amb alx amh amj alr = re
akl alt amf alr amd als alu alz alv amc alw aly amb ame ama alx = ta s dh z gq hf gw xy rv ew aiy hg sb (sw afk)
akm ama amh amb alv alu aly alw amf amd alt als amc amj amg alx amk alz ame ami alr = lb ka gc ot uu aby (ff rw eb pa fq) akl fj gg ys lh
akn aly als amb amc amd alv alz alu alt alx alr amg ama ami alw amh ame amf = ql alk tc aab tz ads
ako alv alu als alt alw alr = wn fn gn pk akc si agp nv vg aeh nz gj xu d (agb it yy (rx nc oo))
akp alu alr alt als = tl nn jp gu aad sc aau g tx t
akq alu alt alr alv als = gb ala go agc mq du aeo aiq ii iy abo ajt zm ako agg yf qu d
akr als alu alr alt = be akd qk tf r cd aib lj ae nn
aks alw alx amc alr ame alz amd ama amb amf alu alt amg alv als amh aly = w iv
akt alr alt als = sv pk aln aaa nw kn fy ajr uu fq mb jo nv ajw zp jz oq
aku alu alr alt alx als amb alz alw aly ama alv = ir wg sb ni afw adh j xy ajf au acx
akv alr als = vo mf gf (ail (ns kb gv cs ra pj am) ajn ajl ix s rg abk rf) agp
akw ama amd alw alt ame alz amj ami amb alx amf alr aly amg alv alu als amc amh = k jc acw ov ajl oe iu lj aeh qq
akx alu als alt alr = wv hu afu zk ko
aky alr = akk aiw li akx ny ae wd xf bc bs
akz alr alw alx alu als aly alv alt = db (lq tf wj) kh or un cv adg ajl (mi bq (pt hw aey agm es tf no) av)
ala alw alu alz aly alx alv alr alt als amb ama = cb ach tw jl eg tr abw iw agy ub nw
alb alr als = lv sm ado (hg iu ok em im akq)
alc alw als alu amc amf amb alz alr aly ama alt alx ame amd alv = cz e mu aq (au nd md aib akz md ma uh rx ahg)
ald alv alt als alz alu alr alx ama amb aly amc alw = pb ur
ale alw alt als alv alr alx alu = ec ajq ajp xg afn dj il abp aim ajt vj aey zt fn ho sr aho dn ug
alf aly als alr alt alz alx ama alv alu alw = cq aad (wt agk) ue aem ca ev wl fl bd ack fh ro alh (pv wa ik aet)
alg als alu alv alr alt = aci rj s (oh dc ip abv aam) qd av wd by yl (ags ec wd adp hc zw agq)
alh als alv alw alt alu alr alx = tu yd su adj sa gi akv rm (vt nr)
ali alr als alt = vi ws xq cd (gi xr (fq yh tu ev am rz pl))
alj amk amg alu ama ami alz als amc alt amh amb amd amj amf alr aly alv alw ame alx = vj afn agz yu uc rj akj iv ij lc ma ta abm ns
alk alr = aju da eq xr jt tr sn nt u nb aar ads ea acw cw ah
all alr als alu alw alt alv = zw ads us zv pw zx alh ww b zq
alm alx alv aly als alw alr alz alt alu = abn zb ei qq ke p hs add yz
aln alu aly alr alz alv als alt alx alw = yw ig xx gq eo bz (gu acq) qe ut acm (bz acx sw tb)
alo alv alu alr als alw alt alx = ahi ij et pm hh u id ud
alp als alu amf alr ama amd amh ami alt alv ame amj alx amg aly amc alz amb alw = li hi ajp ni js
alq amc amd amh alr alx aly alz alu amg alt ame ami alv als amb ama alw amf = sy
main = bh afv alc A B C D vp aei E cp ku yi hf F sc c ub G H ub I J ht ys zi mg jq (zl xf) no akz aew jv K aep alm L fy fq pt ql un jy pz ahd y zu vp yw (adx zm M (ee x aas N aex ni vf O zh ahj P kr ev Q gz qy jq agd su bg R fs S agj cg fz fi tb fv ws) age ak act gg zq T oj yq xm dq U ei ali dv kt uj ahn sb) aci bx ep ajm (ju vn ky aid cr aje mn akb hs be h V) fc ob mh acm lz aew iy ax ch cc W X Y Z gw AA ajr hv AB ol akx kv AC AD AE mv il dd pq aiv AF AG nu (we AH) us aht cy (te AI pb rn ald akg hq AJ xb cu fp) ss AK (abm pc AL) AM aca (to vr ajy wk air yj wl) kn qe afu (AN AO AP AQ aem vj zq ar sh nu AR eg ql lz zt qv fw hu aak AT AU) ada AV xo ti es ql agg AW AX kf xy AY bb AZ b xl go act sy acv oq rh (y ky aby xv aay (aca fy a dt acq lm BA) BB afz ade afd BC afd (ahk qi aaj (df de) aln agg (BD ex aik fc ho w ahx BE wv abh pj agf rl ty aiy mo wm BF td aim (cc aic aip tt bc wp c fy ew jd hp wd bn BG aei add) BH aib ry pz BI BJ) ym aex akz)) ff ip BK oy tv BL aha et yq BM hk z afd BN cj eq ajr hh aee BO BP adv (aez md BQ xx ajs jt uw aby ii adp BR ni vc abu BS s ajh ahr BT akv jn my) aak acz jc tv ahw cx cc hx BU afu sz ny BV kv alk zr ff uu hn ix ads gs BW jw acu aca wd abx BX bs tr BY adm wm aco acl BZ gd aq CA (alo oe) dm CB CC ud iv CD CE uj yj CF CG eh (CH (sf rk ir ali) CI)
------------------------------------------------------------
bh afv alc A B C D vp aei E cp ku yi hf F sc c ub G H ub I J ht ys zi mg jq (zl xf) no akz aew jv K aep alm L fy fq pt ql un jy pz ahd y zu vp yw (adx zm M (ee x aas N aex ni vf O zh ahj P kr ev Q gz qy jq agd su bg R fs S agj cg fz fi tb fv ws) age ak act gg zq T oj yq xm dq U ei ali dv kt uj ahn sb) aci bx ep ajm (ju vn ky aid cr aje mn akb hs be h V) fc ob mh acm lz aew iy ax ch cc W X Y Z gw AA ajr hv AB ol akx kv AC AD AE mv il dd pq aiv AF AG nu (we AH) us aht cy (te AI pb rn ald akg hq AJ xb cu fp) ss AK (abm pc AL) AM aca (to vr ajy wk air yj wl) kn qe afu (AN AO AP AQ aem vj zq ar sh nu AR eg ql lz zt qv fw hu aak AT AU) ada AV xo ti es ql agg AW AX kf xy AY bb AZ b xl go act sy acv oq rh (y ky aby xv aay (aca fy a dt acq lm BA) BB afz ade afd BC afd (ahk qi aaj (df de) aln agg (BD ex aik fc ho w ahx BE wv abh pj agf rl ty aiy mo wm BF td aim (cc aic aip tt bc wp c fy ew jd hp wd bn BG aei add) BH aib ry pz BI BJ) ym aex akz)) ff ip BK oy tv BL aha et yq BM hk z afd BN cj eq ajr hh aee BO BP adv (aez md BQ xx ajs jt uw aby ii adp BR ni vc abu BS s ajh ahr BT akv jn my) aak acz jc tv ahw cx cc hx BU afu sz ny BV kv alk zr ff uu hn ix ads gs BW jw acu aca wd abx BX bs tr BY adm wm aco acl BZ gd aq CA (alo oe) dm CB CC ud iv CD CE uj yj CF CG eh (CH (sf rk ir ali) CI)
adg zs wt hi aes hx air j qx du wl gt acy yn ds (bp zt sw qf) agn vp aei E cp ku yi hf F sc c ub G H ub I J ht ys zi mg jq (zl xf) no akz aew jv K aep alm L fy fq pt ql un jy pz ahd y zu vp yw (adx zm M (ee x aas N aex ni vf O zh ahj P kr ev Q gz qy jq agd su bg R fs S agj cg fz fi tb fv ws) age ak act gg zq T oj yq xm dq U ei ali dv kt uj ahn sb) aci bx ep ajm (ju vn ky aid cr aje mn akb hs be h V) fc ob mh acm lz aew iy ax ch cc W X Y Z gw AA ajr hv AB ol akx kv AC AD AE mv il dd pq aiv AF AG nu (we AH) us aht cy (te AI pb rn ald akg hq AJ xb cu fp) ss AK (abm pc AL) AM aca (to vr ajy wk air yj wl) kn qe afu (AN AO AP AQ aem vj zq ar sh nu AR eg ql lz zt qv fw hu aak AT AU) ada AV xo ti es ql agg AW AX kf xy AY bb AZ b xl go act sy acv oq rh (y ky aby xv aay (aca fy a dt acq lm BA) BB afz ade afd BC afd (ahk qi aaj (df de) aln agg (BD ex aik fc ho w ahx BE wv abh pj agf rl ty aiy mo wm BF td aim (cc aic aip tt bc wp c fy ew jd hp wd bn BG aei add) BH aib ry pz BI BJ) ym aex akz)) ff ip BK oy tv BL aha et yq BM hk z afd BN cj eq ajr hh aee BO BP adv (aez md BQ xx ajs jt uw aby ii adp BR ni vc abu BS s ajh ahr BT akv jn my) aak acz jc tv ahw cx cc hx BU afu sz ny BV kv alk zr ff uu hn ix ads gs BW jw acu aca wd abx BX bs tr BY adm wm aco acl BZ gd aq CA (alo oe) dm CB CC ud iv CD CE uj yj CF CG eh (CH (sf rk ir ali) CI)
fl os ahw agn vp aei E cp ku yi hf F sc c ub G H ub I J ht ys zi mg jq (zl xf) no akz aew jv K aep alm L fy fq pt ql un jy pz ahd y zu vp yw (adx zm M (ee x aas N aex ni vf O zh ahj P kr ev Q gz qy jq agd su bg R fs S agj cg fz fi tb fv ws) age ak act gg zq T oj yq xm dq U ei ali dv kt uj ahn sb) aci bx ep ajm (ju vn ky aid cr aje mn akb hs be h V) fc ob mh acm lz aew iy ax ch cc W X Y Z gw AA ajr hv AB ol akx kv AC AD AE mv il dd pq aiv AF AG nu (we AH) us aht cy (te AI pb rn ald akg hq AJ xb cu fp) ss AK (abm pc AL) AM aca (to vr ajy wk air yj wl) kn qe afu (AN AO AP AQ aem vj zq ar sh nu AR eg ql lz zt qv fw hu aak AT AU) ada AV xo ti es ql agg AW AX kf xy AY bb AZ b xl go act sy acv oq rh (y ky aby xv aay (aca fy a dt acq lm BA) BB afz ade afd BC afd (ahk qi aaj (df de) aln agg (BD ex aik fc ho w ahx BE wv abh pj agf rl ty aiy mo wm BF td aim (cc aic aip tt bc wp c fy ew jd hp wd bn BG aei add) BH aib ry pz BI BJ) ym aex akz)) ff ip BK oy tv BL aha et yq BM hk z afd BN cj eq ajr hh aee BO BP adv (aez md BQ xx ajs jt uw aby ii adp BR ni vc abu BS s ajh ahr BT akv jn my) aak acz jc tv ahw cx cc hx BU afu sz ny BV kv alk zr ff uu hn ix ads gs BW jw acu aca wd abx BX bs tr BY adm wm aco acl BZ gd aq CA (alo oe) dm CB CC ud iv CD CE uj yj CF CG eh (CH (sf rk ir ali) CI)
hr r ah (ka ahh gw ni wa aeq po la hu ahw qz) vp aei E cp ku yi hf F sc c ub G H ub I J ht ys zi mg jq (zl xf) no akz aew jv K aep alm L fy fq pt ql un jy pz ahd y zu vp yw (adx zm M (ee x aas N aex ni vf O zh ahj P kr ev Q gz qy jq agd su bg R fs S agj cg fz fi tb fv ws) age ak act gg zq T oj yq xm dq U ei ali dv kt uj ahn sb) aci bx ep ajm (ju vn ky aid cr aje mn akb hs be h V) fc ob mh acm lz aew iy ax ch cc W X Y Z gw AA ajr hv AB ol akx kv AC AD AE mv il dd pq aiv AF AG nu (we AH) us aht cy (te AI pb rn ald akg hq AJ xb cu fp) ss AK (abm pc AL) AM aca (to vr ajy wk air yj wl) kn qe afu (AN AO AP AQ aem vj zq ar sh nu AR eg ql lz zt qv fw hu aak AT AU) ada AV xo ti es ql agg AW AX kf xy AY bb AZ b xl go act sy acv oq rh (y ky aby xv aay (aca fy a dt acq lm BA) BB afz ade afd BC afd (ahk qi aaj (df de) aln agg (BD ex aik fc ho w ahx BE wv abh pj agf rl ty aiy mo wm BF td aim (cc aic aip tt bc wp c fy ew jd hp wd bn BG aei add) BH aib ry pz BI BJ) ym aex akz)) ff ip BK oy tv BL aha et yq BM hk z afd BN cj eq ajr hh aee BO BP adv (aez md BQ xx ajs jt uw aby ii adp BR ni vc abu BS s ajh ahr BT akv jn my) aak acz jc tv ahw cx cc hx BU afu sz ny BV kv alk zr ff uu hn ix ads gs BW jw acu aca wd abx BX bs tr BY adm wm aco acl BZ gd aq CA (alo oe) dm CB CC ud iv CD CE uj yj CF CG eh (CH (sf rk ir ali) CI)
zs E cp ku yi hf F sc c ub G H ub I J ht ys zi mg jq (zl xf) no akz aew jv K aep alm L fy fq pt ql un jy pz ahd y zu vp yw (adx zm M (ee x aas N aex ni vf O zh ahj P kr ev Q gz qy jq agd su bg R fs S agj cg fz fi tb fv ws) age ak act gg zq T oj yq xm dq U ei ali dv kt uj ahn sb) aci bx ep ajm (ju vn ky aid cr aje mn akb hs be h V) fc ob mh acm lz aew iy ax ch cc W X Y Z gw AA ajr hv AB ol akx kv AC AD AE mv il dd pq aiv AF AG nu (we AH) us aht cy (te AI pb rn ald akg hq AJ xb cu fp) ss AK (abm pc AL) AM aca (to vr ajy wk air yj wl) kn qe afu (AN AO AP AQ aem vj zq ar sh nu AR eg ql lz zt qv fw hu aak AT AU) ada AV xo ti es ql agg AW AX kf xy AY bb AZ b xl go act sy acv oq rh (y ky aby xv aay (aca fy a dt acq lm BA) BB afz ade afd BC afd (ahk qi aaj (df de) aln agg (BD ex aik fc ho w ahx BE wv abh pj agf rl ty aiy mo wm BF td aim (cc aic aip tt bc wp c fy ew jd hp wd bn BG aei add) BH aib ry pz BI BJ) ym aex akz)) ff ip BK oy tv BL aha et yq BM hk z afd BN cj eq ajr hh aee BO BP adv (aez md BQ xx ajs jt uw aby ii adp BR ni vc abu BS s ajh ahr BT akv jn my) aak acz jc tv ahw cx cc hx BU afu sz ny BV kv alk zr ff uu hn ix ads gs BW jw acu aca wd abx BX bs tr BY adm wm aco acl BZ gd aq CA (alo oe) dm CB CC ud iv CD CE uj yj CF CG eh (CH (sf rk ir ali) CI)
dg akk qh afg er jo ne lx abv aht akf wa aae tw nd aft wl kf jr c ub G H ub I J ht ys zi mg jq (zl xf) no akz aew jv K aep alm L fy fq pt ql un jy pz ahd y zu vp yw (adx zm M (ee x aas N aex ni vf O zh ahj P kr ev Q gz qy jq agd su bg R fs S agj cg fz fi tb fv ws) age ak act gg zq T oj yq xm dq U ei ali dv kt uj ahn sb) aci bx ep ajm (ju vn ky aid cr aje mn akb hs be h V) fc ob mh acm lz aew iy ax ch cc W X Y Z gw AA ajr hv AB ol akx kv AC AD AE mv il dd pq aiv AF AG nu (we AH) us aht cy (te AI pb rn ald akg hq AJ xb cu fp) ss AK (abm pc AL) AM aca (to vr ajy wk air yj wl) kn qe afu (AN AO AP AQ aem vj zq ar sh nu AR eg ql lz zt qv fw hu aak AT AU) ada AV xo ti es ql agg AW AX kf xy AY bb AZ b xl go act sy acv oq rh (y ky aby xv aay (aca fy a dt acq lm BA) BB afz ade afd BC afd (ahk qi aaj (df de) aln agg (BD ex aik fc ho w ahx BE wv abh pj agf rl ty aiy mo wm BF td aim (cc aic aip tt bc wp c fy ew jd hp wd bn BG aei add) BH aib ry pz BI BJ) ym aex akz)) ff ip BK oy tv BL aha et yq BM hk z afd BN cj eq ajr hh aee BO BP adv (aez md BQ xx ajs jt uw aby ii adp BR ni vc abu BS s ajh ahr BT akv jn my) aak acz jc tv ahw cx cc hx BU afu sz ny BV kv alk zr ff uu hn ix ads gs BW jw acu aca wd abx BX bs tr BY adm wm aco acl BZ gd aq CA (alo oe) dm CB CC ud iv CD CE uj yj CF CG eh (CH (sf rk ir ali) CI)
t ad rx wb uk vp qe sg rq lz hr oa fn zz lq er jo ne lx abv aht akf wa aae tw nd aft wl kf jr c ub G H ub I J ht ys zi mg jq (zl xf) no akz aew jv K aep alm L fy fq pt ql un jy pz ahd y zu vp yw (adx zm M (ee x aas N aex ni vf O zh ahj P kr ev Q gz qy jq agd su bg R fs S agj cg fz fi tb fv ws) age ak act gg zq T oj yq xm dq U ei ali dv kt uj ahn sb) aci bx ep ajm (ju vn ky aid cr aje mn akb hs be h V) fc ob mh acm lz aew iy ax ch cc W X Y Z gw AA ajr hv AB ol akx kv AC AD AE mv il dd pq aiv AF AG nu (we AH) us aht cy (te AI pb rn ald akg hq AJ xb cu fp) ss AK (abm pc AL) AM aca (to vr ajy wk air yj wl) kn qe afu (AN AO AP AQ aem vj zq ar sh nu AR eg ql lz zt qv fw hu aak AT AU) ada AV xo ti es ql agg AW AX kf xy AY bb AZ b xl go act sy acv oq rh (y ky aby xv aay (aca fy a dt acq lm BA) BB afz ade afd BC afd (ahk qi aaj (df de) aln agg (BD ex aik fc ho w ahx BE wv abh pj agf rl ty aiy mo wm BF td aim (cc aic aip tt bc wp c fy ew jd hp wd bn BG aei add) BH aib ry pz BI BJ) ym aex akz)) ff ip BK oy tv BL aha et yq BM hk z afd BN cj eq ajr hh aee BO BP adv (aez md BQ xx ajs jt uw aby ii adp BR ni vc abu BS s ajh ahr BT akv jn my) aak acz jc tv ahw cx cc hx BU afu sz ny BV kv alk zr ff uu hn ix ads gs BW jw acu aca wd abx BX bs tr BY adm wm aco acl BZ gd aq CA (alo oe) dm CB CC ud iv CD CE uj yj CF CG eh (CH (sf rk ir ali) CI)
tc fh tu vp agz vf rl akp ws sn yl qo th bn abv aht akf wa aae tw nd aft wl kf jr c ub G H ub I J ht ys zi mg jq (zl xf) no akz aew jv K aep alm L fy fq pt ql un jy pz ahd y zu vp yw (adx zm M (ee x aas N aex ni vf O zh ahj P kr ev Q gz qy jq agd su bg R fs S agj cg fz fi tb fv ws) age ak act gg zq T oj yq xm dq U ei ali dv kt uj ahn sb) aci bx ep ajm (ju vn ky aid cr aje mn akb hs be h V) fc ob mh acm lz aew iy ax ch cc W X Y Z gw AA ajr hv AB ol akx kv AC AD AE mv il dd pq aiv AF AG nu (we AH) us aht cy (te AI pb rn ald akg hq AJ xb cu fp) ss AK (abm pc AL) AM aca (to vr ajy wk air yj wl) kn qe afu (AN AO AP AQ aem vj zq ar sh nu AR eg ql lz zt qv fw hu aak AT AU) ada AV xo ti es ql agg AW AX kf xy AY bb AZ b xl go act sy acv oq rh (y ky aby xv aay (aca fy a dt acq lm BA) BB afz ade afd BC afd (ahk qi aaj (df de) aln agg (BD ex aik fc ho w ahx BE wv abh pj agf rl ty aiy mo wm BF td aim (cc aic aip tt bc wp c fy ew jd hp wd bn BG aei add) BH aib ry pz BI BJ) ym aex akz)) ff ip BK oy tv BL aha et yq BM hk z afd BN cj eq ajr hh aee BO BP adv (aez md BQ xx ajs jt uw aby ii adp BR ni vc abu BS s ajh ahr BT akv jn my) aak acz jc tv ahw cx cc hx BU afu sz ny BV kv alk zr ff uu hn ix ads gs BW jw acu aca wd abx BX bs tr BY adm wm aco acl BZ gd aq CA (alo oe) dm CB CC ud iv CD CE uj yj CF CG eh (CH (sf rk ir ali) CI)
aiq ahb nt wa aae tw nd aft wl kf jr c ub G H ub I J ht ys zi mg jq (zl xf) no akz aew jv K aep alm L fy fq pt ql un jy pz ahd y zu vp yw (adx zm M (ee x aas N aex ni vf O zh ahj P kr ev Q gz qy jq agd su bg R fs S agj cg fz fi tb fv ws) age ak act gg zq T oj yq xm dq U ei ali dv kt uj ahn sb) aci bx ep ajm (ju vn ky aid cr aje mn akb hs be h V) fc ob mh acm lz aew iy ax ch cc W X Y Z gw AA ajr hv AB ol akx kv AC AD AE mv il dd pq aiv AF AG nu (we AH) us aht cy (te AI pb rn ald akg hq AJ xb cu fp) ss AK (abm pc AL) AM aca (to vr ajy wk air yj wl) kn qe afu (AN AO AP AQ aem vj zq ar sh nu AR eg ql lz zt qv fw hu aak AT AU) ada AV xo ti es ql agg AW AX kf xy AY bb AZ b xl go act sy acv oq rh (y ky aby xv aay (aca fy a dt acq lm BA) BB afz ade afd BC afd (ahk qi aaj (df de) aln agg (BD ex aik fc ho w ahx BE wv abh pj agf rl ty aiy mo wm BF td aim (cc aic aip tt bc wp c fy ew jd hp wd bn BG aei add) BH aib ry pz BI BJ) ym aex akz)) ff ip BK oy tv BL aha et yq BM hk z afd BN cj eq ajr hh aee BO BP adv (aez md BQ xx ajs jt uw aby ii adp BR ni vc abu BS s ajh ahr BT akv jn my) aak acz jc tv ahw cx cc hx BU afu sz ny BV kv alk zr ff uu hn ix ads gs BW jw acu aca wd abx BX bs tr BY adm wm aco acl BZ gd aq CA (alo oe) dm CB CC ud iv CD CE uj yj CF CG eh (CH (sf rk ir ali) CI)
ads aiv ka ahq acj vo bx xv kc xe ub I J ht ys zi mg jq (zl xf) no akz aew jv K aep alm L fy fq pt ql un jy pz ahd y zu vp yw (adx zm M (ee x aas N aex ni vf O zh ahj P kr ev Q gz qy jq agd su bg R fs S agj cg fz fi tb fv ws) age ak act gg zq T oj yq xm dq U ei ali dv kt uj ahn sb) aci bx ep ajm (ju vn ky aid cr aje mn akb hs be h V) fc ob mh acm lz aew iy ax ch cc W X Y Z gw AA ajr hv AB ol akx kv AC AD AE mv il dd pq aiv AF AG nu (we AH) us aht cy (te AI pb rn ald akg hq AJ xb cu fp) ss AK (abm pc AL) AM aca (to vr ajy wk air yj wl) kn qe afu (AN AO AP AQ aem vj zq ar sh nu AR eg ql lz zt qv fw hu aak AT AU) ada AV xo ti es ql agg AW AX kf xy AY bb AZ b xl go act sy acv oq rh (y ky aby xv aay (aca fy a dt acq lm BA) BB afz ade afd BC afd (ahk qi aaj (df de) aln agg (BD ex aik fc ho w ahx BE wv abh pj agf rl ty aiy mo wm BF td aim (cc aic aip tt bc wp c fy ew jd hp wd bn BG aei add) BH aib ry pz BI BJ) ym aex akz)) ff ip BK oy tv BL aha et yq BM hk z afd BN cj eq ajr hh aee BO BP adv (aez md BQ xx ajs jt uw aby ii adp BR ni vc abu BS s ajh ahr BT akv jn my) aak acz jc tv ahw cx cc hx BU afu sz ny BV kv alk zr ff uu hn ix ads gs BW jw acu aca wd abx BX bs tr BY adm wm aco acl BZ gd aq CA (alo oe) dm CB CC ud iv CD CE uj yj CF CG eh (CH (sf rk ir ali) CI)
rc km ne ls zv pq ip aao ail acs (ax ajv tf ach tj alm aft pd) ub I J ht ys zi mg jq (zl xf) no akz aew jv K aep alm L fy fq pt ql un jy pz ahd y zu vp yw (adx zm M (ee x aas N aex ni vf O zh ahj P kr ev Q gz qy jq agd su bg R fs S agj cg fz fi tb fv ws) age ak act gg zq T oj yq xm dq U ei ali dv kt uj ahn sb) aci bx ep ajm (ju vn ky aid cr aje mn akb hs be h V) fc ob mh acm lz aew iy ax ch cc W X Y Z gw AA ajr hv AB ol akx kv AC AD AE mv il dd pq aiv AF AG nu (we AH) us aht cy (te AI pb rn ald akg hq AJ xb cu fp) ss AK (abm pc AL) AM aca (to vr ajy wk air yj wl) kn qe afu (AN AO AP AQ aem vj zq ar sh nu AR eg ql lz zt qv fw hu aak AT AU) ada AV xo ti es ql agg AW AX kf xy AY bb AZ b xl go act sy acv oq rh (y ky aby xv aay (aca fy a dt acq lm BA) BB afz ade afd BC afd (ahk qi aaj (df de) aln agg (BD ex aik fc ho w ahx BE wv abh pj agf rl ty aiy mo wm BF td aim (cc aic aip tt bc wp c fy ew jd hp wd bn BG aei add) BH aib ry pz BI BJ) ym aex akz)) ff ip BK oy tv BL aha et yq BM hk z afd BN cj eq ajr hh aee BO BP adv (aez md BQ xx ajs jt uw aby ii adp BR ni vc abu BS s ajh ahr BT akv jn my) aak acz jc tv ahw cx cc hx BU afu sz ny BV kv alk zr ff uu hn ix ads gs BW jw acu aca wd abx BX bs tr BY adm wm aco acl BZ gd aq CA (alo oe) dm CB CC ud iv CD CE uj yj CF CG eh (CH (sf rk ir ali) CI)
dj hz jl tj aes or ck tc aag gz ld nc acl km ne ls zv pq ip aao ail acs (ax ajv tf ach tj alm aft pd) ub I J ht ys zi mg jq (zl xf) no akz aew jv K aep alm L fy fq pt ql un jy pz ahd y zu vp yw (adx zm M (ee x aas N aex ni vf O zh ahj P kr ev Q gz qy jq agd su bg R fs S agj cg fz fi tb fv ws) age ak act gg zq T oj yq xm dq U ei ali dv kt uj ahn sb) aci bx ep ajm (ju vn ky aid cr aje mn akb hs be h V) fc ob mh acm lz aew iy ax ch cc W X Y Z gw AA ajr hv AB ol akx kv AC AD AE mv il dd pq aiv AF AG nu (we AH) us aht cy (te AI pb rn ald akg hq AJ xb cu fp) ss AK (abm pc AL) AM aca (to vr ajy wk air yj wl) kn qe afu (AN AO AP AQ aem vj zq ar sh nu AR eg ql lz zt qv fw hu aak AT AU) ada AV xo ti es ql agg AW AX kf xy AY bb AZ b xl go act sy acv oq rh (y ky aby xv aay (aca fy a dt acq lm BA) BB afz ade afd BC afd (ahk qi aaj (df de) aln agg (BD ex aik fc ho w ahx BE wv abh pj agf rl ty aiy mo wm BF td aim (cc aic aip tt bc wp c fy ew jd hp wd bn BG aei add) BH aib ry pz BI BJ) ym aex akz)) ff ip BK oy tv BL aha et yq BM hk z afd BN cj eq ajr hh aee BO BP adv (aez md BQ xx ajs jt uw aby ii adp BR ni vc abu BS s ajh ahr BT akv jn my) aak acz jc tv ahw cx cc hx BU afu sz ny BV kv alk zr ff uu hn ix ads gs BW jw acu aca wd abx BX bs tr BY adm wm aco acl BZ gd aq CA (alo oe) dm CB CC ud iv CD CE uj yj CF CG eh (CH (sf rk ir ali) CI)
aey fs ajc mp by gc akd xl akj lm aid zv aar cr hu ado mw og wa abn ls zv pq ip aao ail acs (ax ajv tf ach tj alm aft pd) ub I J ht ys zi mg jq (zl xf) no akz aew jv K aep alm L fy fq pt ql un jy pz ahd y zu vp yw (adx zm M (ee x aas N aex ni vf O zh ahj P kr ev Q gz qy jq agd su bg R fs S agj cg fz fi tb fv ws) age ak act gg zq T oj yq xm dq U ei ali dv kt uj ahn sb) aci bx ep ajm (ju vn ky aid cr aje mn akb hs be h V) fc ob mh acm lz aew iy ax ch cc W X Y Z gw AA ajr hv AB ol akx kv AC AD AE mv il dd pq aiv AF AG nu (we AH) us aht cy (te AI pb rn ald akg hq AJ xb cu fp) ss AK (abm pc AL) AM aca (to vr ajy wk air yj wl) kn qe afu (AN AO AP AQ aem vj zq ar sh nu AR eg ql lz zt qv fw hu aak AT AU) ada AV xo ti es ql agg AW AX kf xy AY bb AZ b xl go act sy acv oq rh (y ky aby xv aay (aca fy a dt acq lm BA) BB afz ade afd BC afd (ahk qi aaj (df de) aln agg (BD ex aik fc ho w ahx BE wv abh pj agf rl ty aiy mo wm BF td aim (cc aic aip tt bc wp c fy ew jd hp wd bn BG aei add) BH aib ry pz BI BJ) ym aex akz)) ff ip BK oy tv BL aha et yq BM hk z afd BN cj eq ajr hh aee BO BP adv (aez md BQ xx ajs jt uw aby ii adp BR ni vc abu BS s ajh ahr BT akv jn my) aak acz jc tv ahw cx cc hx BU afu sz ny BV kv alk zr ff uu hn ix ads gs BW jw acu aca wd abx BX bs tr BY adm wm aco acl BZ gd aq CA (alo oe) dm CB CC ud iv CD CE uj yj CF CG eh (CH (sf rk ir ali) CI)
acv ajf fj wr gi za cs ajc mp by gc akd xl akj lm aid zv aar cr hu ado mw og wa abn ls zv pq ip aao ail acs (ax ajv tf ach tj alm aft pd) ub I J ht ys zi mg jq (zl xf) no akz aew jv K aep alm L fy fq pt ql un jy pz ahd y zu vp yw (adx zm M (ee x aas N aex ni vf O zh ahj P kr ev Q gz qy jq agd su bg R fs S agj cg fz fi tb fv ws) age ak act gg zq T oj yq xm dq U ei ali dv kt uj ahn sb) aci bx ep ajm (ju vn ky aid cr aje mn akb hs be h V) fc ob mh acm lz aew iy ax ch cc W X Y Z gw AA ajr hv AB ol akx kv AC AD AE mv il dd pq aiv AF AG nu (we AH) us aht cy (te AI pb rn ald akg hq AJ xb cu fp) ss AK (abm pc AL) AM aca (to vr ajy wk air yj wl) kn qe afu (AN AO AP AQ aem vj zq ar sh nu AR eg ql lz zt qv fw hu aak AT AU) ada AV xo ti es ql agg AW AX kf xy AY bb AZ b xl go act sy acv oq rh (y ky aby xv aay (aca fy a dt acq lm BA) BB afz ade afd BC afd (ahk qi aaj (df de) aln agg (BD ex aik fc ho w ahx BE wv abh pj agf rl ty aiy mo wm BF td aim (cc aic aip tt bc wp c fy ew jd hp wd bn BG aei add) BH aib ry pz BI BJ) ym aex akz)) ff ip BK oy tv BL aha et yq BM hk z afd BN cj eq ajr hh aee BO BP adv (aez md BQ xx ajs jt uw aby ii adp BR ni vc abu BS s ajh ahr BT akv jn my) aak acz jc tv ahw cx cc hx BU afu sz ny BV kv alk zr ff uu hn ix ads gs BW jw acu aca wd abx BX bs tr BY adm wm aco acl BZ gd aq CA (alo oe) dm CB CC ud iv CD CE uj yj CF CG eh (CH (sf rk ir ali) CI)
mz iz ao aek ek afj na ya mk fy afs ie va ajr pd wp xt oz rf afj wr gi za cs ajc mp by gc akd xl akj lm aid zv aar cr hu ado mw og wa abn ls zv pq ip aao ail acs (ax ajv tf ach tj alm aft pd) ub I J ht ys zi mg jq (zl xf) no akz aew jv K aep alm L fy fq pt ql un jy pz ahd y zu vp yw (adx zm M (ee x aas N aex ni vf O zh ahj P kr ev Q gz qy jq agd su bg R fs S agj cg fz fi tb fv ws) age ak act gg zq T oj yq xm dq U ei ali dv kt uj ahn sb) aci bx ep ajm (ju vn ky aid cr aje mn akb hs be h V) fc ob mh acm lz aew iy ax ch cc W X Y Z gw AA ajr hv AB ol akx kv AC AD AE mv il dd pq aiv AF AG nu (we AH) us aht cy (te AI pb rn ald akg hq AJ xb cu fp) ss AK (abm pc AL) AM aca (to vr ajy wk air yj wl) kn qe afu (AN AO AP AQ aem vj zq ar sh nu AR eg ql lz zt qv fw hu aak AT AU) ada AV xo ti es ql agg AW AX kf xy AY bb AZ b xl go act sy acv oq rh (y ky aby xv aay (aca fy a dt acq lm BA) BB afz ade afd BC afd (ahk qi aaj (df de) aln agg (BD ex aik fc ho w ahx BE wv abh pj agf rl ty aiy mo wm BF td aim (cc aic aip tt bc wp c fy ew jd hp wd bn BG aei add) BH aib ry pz BI BJ) ym aex akz)) ff ip BK oy tv BL aha et yq BM hk z afd BN cj eq ajr hh aee BO BP adv (aez md BQ xx ajs jt uw aby ii adp BR ni vc abu BS s ajh ahr BT akv jn my) aak acz jc tv ahw cx cc hx BU afu sz ny BV kv alk zr ff uu hn ix ads gs BW jw acu aca wd abx BX bs tr BY adm wm aco acl BZ gd aq CA (alo oe) dm CB CC ud iv CD CE uj yj CF CG eh (CH (sf rk ir ali) CI)
cy io rf afj wr gi za cs ajc mp by gc akd xl akj lm aid zv aar cr hu ado mw og wa abn ls zv pq ip aao ail acs (ax ajv tf ach tj alm aft pd) ub I J ht ys zi mg jq (zl xf) no akz aew jv K aep alm L fy fq pt ql un jy pz ahd y zu vp yw (adx zm M (ee x aas N aex ni vf O zh ahj P kr ev Q gz qy jq agd su bg R fs S agj cg fz fi tb fv ws) age ak act gg zq T oj yq xm dq U ei ali dv kt uj ahn sb) aci bx ep ajm (ju vn ky aid cr aje mn akb hs be h V) fc ob mh acm lz aew iy ax ch cc W X Y Z gw AA ajr hv AB ol akx kv AC AD AE mv il dd pq aiv AF AG nu (we AH) us aht cy (te AI pb rn ald akg hq AJ xb cu fp) ss AK (abm pc AL) AM aca (to vr ajy wk air yj wl) kn qe afu (AN AO AP AQ aem vj zq ar sh nu AR eg ql lz zt qv fw hu aak AT AU) ada AV xo ti es ql agg AW AX kf xy AY bb AZ b xl go act sy acv oq rh (y ky aby xv aay (aca fy a dt acq lm BA) BB afz ade afd BC afd (ahk qi aaj (df de) aln agg (BD ex aik fc ho w ahx BE wv abh pj agf rl ty aiy mo wm BF td aim (cc aic aip tt bc wp c fy ew jd hp wd bn BG aei add) BH aib ry pz BI BJ) ym aex akz)) ff ip BK oy tv BL aha et yq BM hk z afd BN cj eq ajr hh aee BO BP adv (aez md BQ xx ajs jt uw aby ii adp BR ni vc abu BS s ajh ahr BT akv jn my) aak acz jc tv ahw cx cc hx BU afu sz ny BV kv alk zr ff uu hn ix ads gs BW jw acu aca wd abx BX bs tr BY adm wm aco acl BZ gd aq CA (alo oe) dm CB CC ud iv CD CE uj yj CF CG eh (CH (sf rk ir ali) CI)
pb aei adr nw afr cx akz yo je aki alm dx abs ajc mp by gc akd xl akj lm aid zv aar cr hu ado mw og wa abn ls zv pq ip aao ail acs (ax ajv tf ach tj alm aft pd) ub I J ht ys zi mg jq (zl xf) no akz aew jv K aep alm L fy fq pt ql un jy pz ahd y zu vp yw (adx zm M (ee x aas N aex ni vf O zh ahj P kr ev Q gz qy jq agd su bg R fs S agj cg fz fi tb fv ws) age ak act gg zq T oj yq xm dq U ei ali dv kt uj ahn sb) aci bx ep ajm (ju vn ky aid cr aje mn akb hs be h V) fc ob mh acm lz aew iy ax ch cc W X Y Z gw AA ajr hv AB ol akx kv AC AD AE mv il dd pq aiv AF AG nu (we AH) us aht cy (te AI pb rn ald akg hq AJ xb cu fp) ss AK (abm pc AL) AM aca (to vr ajy wk air yj wl) kn qe afu (AN AO AP AQ aem vj zq ar sh nu AR eg ql lz zt qv fw hu aak AT AU) ada AV xo ti es ql agg AW AX kf xy AY bb AZ b xl go act sy acv oq rh (y ky aby xv aay (aca fy a dt acq lm BA) BB afz ade afd BC afd (ahk qi aaj (df de) aln agg (BD ex aik fc ho w ahx BE wv abh pj agf rl ty aiy mo wm BF td aim (cc aic aip tt bc wp c fy ew jd hp wd bn BG aei add) BH aib ry pz BI BJ) ym aex akz)) ff ip BK oy tv BL aha et yq BM hk z afd BN cj eq ajr hh aee BO BP adv (aez md BQ xx ajs jt uw aby ii adp BR ni vc abu BS s ajh ahr BT akv jn my) aak acz jc tv ahw cx cc hx BU afu sz ny BV kv alk zr ff uu hn ix ads gs BW jw acu aca wd abx BX bs tr BY adm wm aco acl BZ gd aq CA (alo oe) dm CB CC ud iv CD CE uj yj CF CG eh (CH (sf rk ir ali) CI)
gd zh agv akg agv vy ahr ch age rz re yo je aki alm dx abs ajc mp by gc akd xl akj lm aid zv aar cr hu ado mw og wa abn ls zv pq ip aao ail acs (ax ajv tf ach tj alm aft pd) ub I J ht ys zi mg jq (zl xf) no akz aew jv K aep alm L fy fq pt ql un jy pz ahd y zu vp yw (adx zm M (ee x aas N aex ni vf O zh ahj P kr ev Q gz qy jq agd su bg R fs S agj cg fz fi tb fv ws) age ak act gg zq T oj yq xm dq U ei ali dv kt uj ahn sb) aci bx ep ajm (ju vn ky aid cr aje mn akb hs be h V) fc ob mh acm lz aew iy ax ch cc W X Y Z gw AA ajr hv AB ol akx kv AC AD AE mv il dd pq aiv AF AG nu (we AH) us aht cy (te AI pb rn ald akg hq AJ xb cu fp) ss AK (abm pc AL) AM aca (to vr ajy wk air yj wl) kn qe afu (AN AO AP AQ aem vj zq ar sh nu AR eg ql lz zt qv fw hu aak AT AU) ada AV xo ti es ql agg AW AX kf xy AY bb AZ b xl go act sy acv oq rh (y ky aby xv aay (aca fy a dt acq lm BA) BB afz ade afd BC afd (ahk qi aaj (df de) aln agg (BD ex aik fc ho w ahx BE wv abh pj agf rl ty aiy mo wm BF td aim (cc aic aip tt bc wp c fy ew jd hp wd bn BG aei add) BH aib ry pz BI BJ) ym aex akz)) ff ip BK oy tv BL aha et yq BM hk z afd BN cj eq ajr hh aee BO BP adv (aez md BQ xx ajs jt uw aby ii adp BR ni vc abu BS s ajh ahr BT akv jn my) aak acz jc tv ahw cx cc hx BU afu sz ny BV kv alk zr ff uu hn ix ads gs BW jw acu aca wd abx BX bs tr BY adm wm aco acl BZ gd aq CA (alo oe) dm CB CC ud iv CD CE uj yj CF CG eh (CH (sf rk ir ali) CI)
ady akd xl akj lm aid zv aar cr hu ado mw og wa abn ls zv pq ip aao ail acs (ax ajv tf ach tj alm aft pd) ub I J ht ys zi mg jq (zl xf) no akz aew jv K aep alm L fy fq pt ql un jy pz ahd y zu vp yw (adx zm M (ee x aas N aex ni vf O zh ahj P kr ev Q gz qy jq agd su bg R fs S agj cg fz fi tb fv ws) age ak act gg zq T oj yq xm dq U ei ali dv kt uj ahn sb) aci bx ep ajm (ju vn ky aid cr aje mn akb hs be h V) fc ob mh acm lz aew iy ax ch cc W X Y Z gw AA ajr hv AB ol akx kv AC AD AE mv il dd pq aiv AF AG nu (we AH) us aht cy (te AI pb rn ald akg hq AJ xb cu fp) ss AK (abm pc AL) AM aca (to vr ajy wk air yj wl) kn qe afu (AN AO AP AQ aem vj zq ar sh nu AR eg ql lz zt qv fw hu aak AT AU) ada AV xo ti es ql agg AW AX kf xy AY bb AZ b xl go act sy acv oq rh (y ky aby xv aay (aca fy a dt acq lm BA) BB afz ade afd BC afd (ahk qi aaj (df de) aln agg (BD ex aik fc ho w ahx BE wv abh pj agf rl ty aiy mo wm BF td aim (cc aic aip tt bc wp c fy ew jd hp wd bn BG aei add) BH aib ry pz BI BJ) ym aex akz)) ff ip BK oy tv BL aha et yq BM hk z afd BN cj eq ajr hh aee BO BP adv (aez md BQ xx ajs jt uw aby ii adp BR ni vc abu BS s ajh ahr BT akv jn my) aak acz jc tv ahw cx cc hx BU afu sz ny BV kv alk zr ff uu hn ix ads gs BW jw acu aca wd abx BX bs tr BY adm wm aco acl BZ gd aq CA (alo oe) dm CB CC ud iv CD CE uj yj CF CG eh (CH (sf rk ir ali) CI)
zp alk abs zb acm aby (pu ly adz id) aao ail acs (ax ajv tf ach tj alm aft pd) ub I J ht ys zi mg jq (zl xf) no akz aew jv K aep alm L fy fq pt ql un jy pz ahd y zu vp yw (adx zm M (ee x aas N aex ni vf O zh ahj P kr ev Q gz qy jq agd su bg R fs S agj cg fz fi tb fv ws) age ak act gg zq T oj yq xm dq U ei ali dv kt uj ahn sb) aci bx ep ajm (ju vn ky aid cr aje mn akb hs be h V) fc ob mh acm lz aew iy ax ch cc W X Y Z gw AA ajr hv AB ol akx kv AC AD AE mv il dd pq aiv AF AG nu (we AH) us aht cy (te AI pb rn ald akg hq AJ xb cu fp) ss AK (abm pc AL) AM aca (to vr ajy wk air yj wl) kn qe afu (AN AO AP AQ aem vj zq ar sh nu AR eg ql lz zt qv fw hu aak AT AU) ada AV xo ti es ql agg AW AX kf xy AY bb AZ b xl go act sy acv oq rh (y ky aby xv aay (aca fy a dt acq lm BA) BB afz ade afd BC afd (ahk qi aaj (df de) aln agg (BD ex aik fc ho w ahx BE wv abh pj agf rl ty aiy mo wm BF td aim (cc aic aip tt bc wp c fy ew jd hp wd bn BG aei add) BH aib ry pz BI BJ) ym aex akz)) ff ip BK oy tv BL aha et yq BM hk z afd BN cj eq ajr hh aee BO BP adv (aez md BQ xx ajs jt uw aby ii adp BR ni vc abu BS s ajh ahr BT akv jn my) aak acz jc tv ahw cx cc hx BU afu sz ny BV kv alk zr ff uu hn ix ads gs BW jw acu aca wd abx BX bs tr BY adm wm aco acl BZ gd aq CA (alo oe) dm CB CC ud iv CD CE uj yj CF CG eh (CH (sf rk ir ali) CI)
aif ako vj jj aao ajh by adp gn me rx jq (zl xf) no akz aew jv K aep alm L fy fq pt ql un jy pz ahd y zu vp yw (adx zm M (ee x aas N aex ni vf O zh ahj P kr ev Q gz qy jq agd su bg R fs S agj cg fz fi tb fv ws) age ak act gg zq T oj yq xm dq U ei ali dv kt uj ahn sb) aci bx ep ajm (ju vn ky aid cr aje mn akb hs be h V) fc ob mh acm lz aew iy ax ch cc W X Y Z gw AA ajr hv AB ol akx kv AC AD AE mv il dd pq aiv AF AG nu (we AH) us aht cy (te AI pb rn ald akg hq AJ xb cu fp) ss AK (abm pc AL) AM aca (to vr ajy wk air yj wl) kn qe afu (AN AO AP AQ aem vj zq ar sh nu AR eg ql lz zt qv fw hu aak AT AU) ada AV xo ti es ql agg AW AX kf xy AY bb AZ b xl go act sy acv oq rh (y ky aby xv aay (aca fy a dt acq lm BA) BB afz ade afd BC afd (ahk qi aaj (df de) aln agg (BD ex aik fc ho w ahx BE wv abh pj agf rl ty aiy mo wm BF td aim (cc aic aip tt bc wp c fy ew jd hp wd bn BG aei add) BH aib ry pz BI BJ) ym aex akz)) ff ip BK oy tv BL aha et yq BM hk z afd BN cj eq ajr hh aee BO BP adv (aez md BQ xx ajs jt uw aby ii adp BR ni vc abu BS s ajh ahr BT akv jn my) aak acz jc tv ahw cx cc hx BU afu sz ny BV kv alk zr ff uu hn ix ads gs BW jw acu aca wd abx BX bs tr BY adm wm aco acl BZ gd aq CA (alo oe) dm CB CC ud iv CD CE uj yj CF CG eh (CH (sf rk ir ali) CI)
acs ait jn mp afo afy (xg aed) zx jv K aep alm L fy fq pt ql un jy pz ahd y zu vp yw (adx zm M (ee x aas N aex ni vf O zh ahj P kr ev Q gz qy jq agd su bg R fs S agj cg fz fi tb fv ws) age ak act gg zq T oj yq xm dq U ei ali dv kt uj ahn sb) aci bx ep ajm (ju vn ky aid cr aje mn akb hs be h V) fc ob mh acm lz aew iy ax ch cc W X Y Z gw AA ajr hv AB ol akx kv AC AD AE mv il dd pq aiv AF AG nu (we AH) us aht cy (te AI pb rn ald akg hq AJ xb cu fp) ss AK (abm pc AL) AM aca (to vr ajy wk air yj wl) kn qe afu (AN AO AP AQ aem vj zq ar sh nu AR eg ql lz zt qv fw hu aak AT AU) ada AV xo ti es ql agg AW AX kf xy AY bb AZ b xl go act sy acv oq rh (y ky aby xv aay (aca fy a dt acq lm BA) BB afz ade afd BC afd (ahk qi aaj (df de) aln agg (BD ex aik fc ho w ahx BE wv abh pj agf rl ty aiy mo wm BF td aim (cc aic aip tt bc wp c fy ew jd hp wd bn BG aei add) BH aib ry pz BI BJ) ym aex akz)) ff ip BK oy tv BL aha et yq BM hk z afd BN cj eq ajr hh aee BO BP adv (aez md BQ xx ajs jt uw aby ii adp BR ni vc abu BS s ajh ahr BT akv jn my) aak acz jc tv ahw cx cc hx BU afu sz ny BV kv alk zr ff uu hn ix ads gs BW jw acu aca wd abx BX bs tr BY adm wm aco acl BZ gd aq CA (alo oe) dm CB CC ud iv CD CE uj yj CF CG eh (CH (sf rk ir ali) CI)
vt fp oq aeo jv mr qc wy ado cm us agz vp aki hf hf qr mp afo afy (xg aed) zx jv K aep alm L fy fq pt ql un jy pz ahd y zu vp yw (adx zm M (ee x aas N aex ni vf O zh ahj P kr ev Q gz qy jq agd su bg R fs S agj cg fz fi tb fv ws) age ak act gg zq T oj yq xm dq U ei ali dv kt uj ahn sb) aci bx ep ajm (ju vn ky aid cr aje mn akb hs be h V) fc ob mh acm lz aew iy ax ch cc W X Y Z gw AA ajr hv AB ol akx kv AC AD AE mv il dd pq aiv AF AG nu (we AH) us aht cy (te AI pb rn ald akg hq AJ xb cu fp) ss AK (abm pc AL) AM aca (to vr ajy wk air yj wl) kn qe afu (AN AO AP AQ aem vj zq ar sh nu AR eg ql lz zt qv fw hu aak AT AU) ada AV xo ti es ql agg AW AX kf xy AY bb AZ b xl go act sy acv oq rh (y ky aby xv aay (aca fy a dt acq lm BA) BB afz ade afd BC afd (ahk qi aaj (df de) aln agg (BD ex aik fc ho w ahx BE wv abh pj agf rl ty aiy mo wm BF td aim (cc aic aip tt bc wp c fy ew jd hp wd bn BG aei add) BH aib ry pz BI BJ) ym aex akz)) ff ip BK oy tv BL aha et yq BM hk z afd BN cj eq ajr hh aee BO BP adv (aez md BQ xx ajs jt uw aby ii adp BR ni vc abu BS s ajh ahr BT akv jn my) aak acz jc tv ahw cx cc hx BU afu sz ny BV kv alk zr ff uu hn ix ads gs BW jw acu aca wd abx BX bs tr BY adm wm aco acl BZ gd aq CA (alo oe) dm CB CC ud iv CD CE uj yj CF CG eh (CH (sf rk ir ali) CI)
xy zg hf zk se zk (mn hz xr ac ajn aeg ok) akj zn zn gb cc ld afe fp oq aeo jv mr qc wy ado cm us agz vp aki hf hf qr mp afo afy (xg aed) zx jv K aep alm L fy fq pt ql un jy pz ahd y zu vp yw (adx zm M (ee x aas N aex ni vf O zh ahj P kr ev Q gz qy jq agd su bg R fs S agj cg fz fi tb fv ws) age ak act gg zq T oj yq xm dq U ei ali dv kt uj ahn sb) aci bx ep ajm (ju vn ky aid cr aje mn akb hs be h V) fc ob mh acm lz aew iy ax ch cc W X Y Z gw AA ajr hv AB ol akx kv AC AD AE mv il dd pq aiv AF AG nu (we AH) us aht cy (te AI pb rn ald akg hq AJ xb cu fp) ss AK (abm pc AL) AM aca (to vr ajy wk air yj wl) kn qe afu (AN AO AP AQ aem vj zq ar sh nu AR eg ql lz zt qv fw hu aak AT AU) ada AV xo ti es ql agg AW AX kf xy AY bb AZ b xl go act sy acv oq rh (y ky aby xv aay (aca fy a dt acq lm BA) BB afz ade afd BC afd (ahk qi aaj (df de) aln agg (BD ex aik fc ho w ahx BE wv abh pj agf rl ty aiy mo wm BF td aim (cc aic aip tt bc wp c fy ew jd hp wd bn BG aei add) BH aib ry pz BI BJ) ym aex akz)) ff ip BK oy tv BL aha et yq BM hk z afd BN cj eq ajr hh aee BO BP adv (aez md BQ xx ajs jt uw aby ii adp BR ni vc abu BS s ajh ahr BT akv jn my) aak acz jc tv ahw cx cc hx BU afu sz ny BV kv alk zr ff uu hn ix ads gs BW jw acu aca wd abx BX bs tr BY adm wm aco acl BZ gd aq CA (alo oe) dm CB CC ud iv CD CE uj yj CF CG eh (CH (sf rk ir ali) CI)
st y abn lh sr fp oq aeo jv mr qc wy ado cm us agz vp aki hf hf qr mp afo afy (xg aed) zx jv K aep alm L fy fq pt ql un jy pz ahd y zu vp yw (adx zm M (ee x aas N aex ni vf O zh ahj P kr ev Q gz qy jq agd su bg R fs S agj cg fz fi tb fv ws) age ak act gg zq T oj yq xm dq U ei ali dv kt uj ahn sb) aci bx ep ajm (ju vn ky aid cr aje mn akb hs be h V) fc ob mh acm lz aew iy ax ch cc W X Y Z gw AA ajr hv AB ol akx kv AC AD AE mv il dd pq aiv AF AG nu (we AH) us aht cy (te AI pb rn ald akg hq AJ xb cu fp) ss AK (abm pc AL) AM aca (to vr ajy wk air yj wl) kn qe afu (AN AO AP AQ aem vj zq ar sh nu AR eg ql lz zt qv fw hu aak AT AU) ada AV xo ti es ql agg AW AX kf xy AY bb AZ b xl go act sy acv oq rh (y ky aby xv aay (aca fy a dt acq lm BA) BB afz ade afd BC afd (ahk qi aaj (df de) aln agg (BD ex aik fc ho w ahx BE wv abh pj agf rl ty aiy mo wm BF td aim (cc aic aip tt bc wp c fy ew jd hp wd bn BG aei add) BH aib ry pz BI BJ) ym aex akz)) ff ip BK oy tv BL aha et yq BM hk z afd BN cj eq ajr hh aee BO BP adv (aez md BQ xx ajs jt uw aby ii adp BR ni vc abu BS s ajh ahr BT akv jn my) aak acz jc tv ahw cx cc hx BU afu sz ny BV kv alk zr ff uu hn ix ads gs BW jw acu aca wd abx BX bs tr BY adm wm aco acl BZ gd aq CA (alo oe) dm CB CC ud iv CD CE uj yj CF CG eh (CH (sf rk ir ali) CI)
jn hu zk zq xn abl wy alb us agz vp aki hf hf qr mp afo afy (xg aed) zx jv K aep alm L fy fq pt ql un jy pz ahd y zu vp yw (adx zm M (ee x aas N aex ni vf O zh ahj P kr ev Q gz qy jq agd su bg R fs S agj cg fz fi tb fv ws) age ak act gg zq T oj yq xm dq U ei ali dv kt uj ahn sb) aci bx ep ajm (ju vn ky aid cr aje mn akb hs be h V) fc ob mh acm lz aew iy ax ch cc W X Y Z gw AA ajr hv AB ol akx kv AC AD AE mv il dd pq aiv AF AG nu (we AH) us aht cy (te AI pb rn ald akg hq AJ xb cu fp) ss AK (abm pc AL) AM aca (to vr ajy wk air yj wl) kn qe afu (AN AO AP AQ aem vj zq ar sh nu AR eg ql lz zt qv fw hu aak AT AU) ada AV xo ti es ql agg AW AX kf xy AY bb AZ b xl go act sy acv oq rh (y ky aby xv aay (aca fy a dt acq lm BA) BB afz ade afd BC afd (ahk qi aaj (df de) aln agg (BD ex aik fc ho w ahx BE wv abh pj agf rl ty aiy mo wm BF td aim (cc aic aip tt bc wp c fy ew jd hp wd bn BG aei add) BH aib ry pz BI BJ) ym aex akz)) ff ip BK oy tv BL aha et yq BM hk z afd BN cj eq ajr hh aee BO BP adv (aez md BQ xx ajs jt uw aby ii adp BR ni vc abu BS s ajh ahr BT akv jn my) aak acz jc tv ahw cx cc hx BU afu sz ny BV kv alk zr ff uu hn ix ads gs BW jw acu aca wd abx BX bs tr BY adm wm aco acl BZ gd aq CA (alo oe) dm CB CC ud iv CD CE uj yj CF CG eh (CH (sf rk ir ali) CI)
ml iu ph mj ll ad vp aki hf hf qr mp afo afy (xg aed) zx jv K aep alm L fy fq pt ql un jy pz ahd y zu vp yw (adx zm M (ee x aas N aex ni vf O zh ahj P kr ev Q gz qy jq agd su bg R fs S agj cg fz fi tb fv ws) age ak act gg zq T oj yq xm dq U ei ali dv kt uj ahn sb) aci bx ep ajm (ju vn ky aid cr aje mn akb hs be h V) fc ob mh acm lz aew iy ax ch cc W X Y Z gw AA ajr hv AB ol akx kv AC AD AE mv il dd pq aiv AF AG nu (we AH) us aht cy (te AI pb rn ald akg hq AJ xb cu fp) ss AK (abm pc AL) AM aca (to vr ajy wk air yj wl) kn qe afu (AN AO AP AQ aem vj zq ar sh nu AR eg ql lz zt qv fw hu aak AT AU) ada AV xo ti es ql agg AW AX kf xy AY bb AZ b xl go act sy acv oq rh (y ky aby xv aay (aca fy a dt acq lm BA) BB afz ade afd BC afd (ahk qi aaj (df de) aln agg (BD ex aik fc ho w ahx BE wv abh pj agf rl ty aiy mo wm BF td aim (cc aic aip tt bc wp c fy ew jd hp wd bn BG aei add) BH aib ry pz BI BJ) ym aex akz)) ff ip BK oy tv BL aha et yq BM hk z afd BN cj eq ajr hh aee BO BP adv (aez md BQ xx ajs jt uw aby ii adp BR ni vc abu BS s ajh ahr BT akv jn my) aak acz jc tv ahw cx cc hx BU afu sz ny BV kv alk zr ff uu hn ix ads gs BW jw acu aca wd abx BX bs tr BY adm wm aco acl BZ gd aq CA (alo oe) dm CB CC ud iv CD CE uj yj CF CG eh (CH (sf rk ir ali) CI)
yx hf qr mp afo afy (xg aed) zx jv K aep alm L fy fq pt ql un jy pz ahd y zu vp yw (adx zm M (ee x aas N aex ni vf O zh ahj P kr ev Q gz qy jq agd su bg R fs S agj cg fz fi tb fv ws) age ak act gg zq T oj yq xm dq U ei ali dv kt uj ahn sb) aci bx ep ajm (ju vn ky aid cr aje mn akb hs be h V) fc ob mh acm lz aew iy ax ch cc W X Y Z gw AA ajr hv AB ol akx kv AC AD AE mv il dd pq aiv AF AG nu (we AH) us aht cy (te AI pb rn ald akg hq AJ xb cu fp) ss AK (abm pc AL) AM aca (to vr ajy wk air yj wl) kn qe afu (AN AO AP AQ aem vj zq ar sh nu AR eg ql lz zt qv fw hu aak AT AU) ada AV xo ti es ql agg AW AX kf xy AY bb AZ b xl go act sy acv oq rh (y ky aby xv aay (aca fy a dt acq lm BA) BB afz ade afd BC afd (ahk qi aaj (df de) aln agg (BD ex aik fc ho w ahx BE wv abh pj agf rl ty aiy mo wm BF td aim (cc aic aip tt bc wp c fy ew jd hp wd bn BG aei add) BH aib ry pz BI BJ) ym aex akz)) ff ip BK oy tv BL aha et yq BM hk z afd BN cj eq ajr hh aee BO BP adv (aez md BQ xx ajs jt uw aby ii adp BR ni vc abu BS s ajh ahr BT akv jn my) aak acz jc tv ahw cx cc hx BU afu sz ny BV kv alk zr ff uu hn ix ads gs BW jw acu aca wd abx BX bs tr BY adm wm aco acl BZ gd aq CA (alo oe) dm CB CC ud iv CD CE uj yj CF CG eh (CH (sf rk ir ali) CI)
rw n abu (pm tn j sm iz nb (adr cc) nv) qr mp afo afy (xg aed) zx jv K aep alm L fy fq pt ql un jy pz ahd y zu vp yw (adx zm M (ee x aas N aex ni vf O zh ahj P kr ev Q gz qy jq agd su bg R fs S agj cg fz fi tb fv ws) age ak act gg zq T oj yq xm dq U ei ali dv kt uj ahn sb) aci bx ep ajm (ju vn ky aid cr aje mn akb hs be h V) fc ob mh acm lz aew iy ax ch cc W X Y Z gw AA ajr hv AB ol akx kv AC AD AE mv il dd pq aiv AF AG nu (we AH) us aht cy (te AI pb rn ald akg hq AJ xb cu fp) ss AK (abm pc AL) AM aca (to vr ajy wk air yj wl) kn qe afu (AN AO AP AQ aem vj zq ar sh nu AR eg ql lz zt qv fw hu aak AT AU) ada AV xo ti es ql agg AW AX kf xy AY bb AZ b xl go act sy acv oq rh (y ky aby xv aay (aca fy a dt acq lm BA) BB afz ade afd BC afd (ahk qi aaj (df de) aln agg (BD ex aik fc ho w ahx BE wv abh pj agf rl ty aiy mo wm BF td aim (cc aic aip tt bc wp c fy ew jd hp wd bn BG aei add) BH aib ry pz BI BJ) ym aex akz)) ff ip BK oy tv BL aha et yq BM hk z afd BN cj eq ajr hh aee BO BP adv (aez md BQ xx ajs jt uw aby ii adp BR ni vc abu BS s ajh ahr BT akv jn my) aak acz jc tv ahw cx cc hx BU afu sz ny BV kv alk zr ff uu hn ix ads gs BW jw acu aca wd abx BX bs tr BY adm wm aco acl BZ gd aq CA (alo oe) dm CB CC ud iv CD CE uj yj CF CG eh (CH (sf rk ir ali) CI)
bh ha (ia ed cz acd ua afm akq gq vz hn) ahv afy (xg aed) zx jv K aep alm L fy fq pt ql un jy pz ahd y zu vp yw (adx zm M (ee x aas N aex ni vf O zh ahj P kr ev Q gz qy jq agd su bg R fs S agj cg fz fi tb fv ws) age ak act gg zq T oj yq xm dq U ei ali dv kt uj ahn sb) aci bx ep ajm (ju vn ky aid cr aje mn akb hs be h V) fc ob mh acm lz aew iy ax ch cc W X Y Z gw AA ajr hv AB ol akx kv AC AD AE mv il dd pq aiv AF AG nu (we AH) us aht cy (te AI pb rn ald akg hq AJ xb cu fp) ss AK (abm pc AL) AM aca (to vr ajy wk air yj wl) kn qe afu (AN AO AP AQ aem vj zq ar sh nu AR eg ql lz zt qv fw hu aak AT AU) ada AV xo ti es ql agg AW AX kf xy AY bb AZ b xl go act sy acv oq rh (y ky aby xv aay (aca fy a dt acq lm BA) BB afz ade afd BC afd (ahk qi aaj (df de) aln agg (BD ex aik fc ho w ahx BE wv abh pj agf rl ty aiy mo wm BF td aim (cc aic aip tt bc wp c fy ew jd hp wd bn BG aei add) BH aib ry pz BI BJ) ym aex akz)) ff ip BK oy tv BL aha et yq BM hk z afd BN cj eq ajr hh aee BO BP adv (aez md BQ xx ajs jt uw aby ii adp BR ni vc abu BS s ajh ahr BT akv jn my) aak acz jc tv ahw cx cc hx BU afu sz ny BV kv alk zr ff uu hn ix ads gs BW jw acu aca wd abx BX bs tr BY adm wm aco acl BZ gd aq CA (alo oe) dm CB CC ud iv CD CE uj yj CF CG eh (CH (sf rk ir ali) CI)


