a als alu alz alx aly alw alr alv alt mv ix ow
b alt alx alu alz alv alr ama aly alw als fy ol yj td zp
c als amb alw ame alr alu amd alv alt alz alx amc aly ama eo dh adb ahv hm
d ama alv alw amg alx alu alt alr alz amh ame ami amd amf amb als aly amc cw
e alr alu alw als alt alx alv ce afx (acj alo ww qe fl adi tn agm adx ais)
f ame amh alz amd alt als alv amf alr amc amb amg alw aly alu ama alx xw fr k qv aag (lt z xi)
g alw amd alu aly amf als amc amb alz ame ama amg alt alx alr alv ahi ag (jk ve (agz zd hl akf en jq aiy wt cp nn))
h dy afp agr ml ais e aba zr nc aiu di wj jk
i als aly alw alt alx alr alv alu pc e nq kq xb
j ame ama alz alx alu amd amb aly alr amg amc amf als alv alt alw ajt vf
k alu aly alr alv alx alz als alt alw ajw hc aaf gs es wn alo g yu
l alt als alr alu ut rg bp ajp dq aee mk xf (iq z fn)
m alx amg alw alr aly ame amd amb alt amh amf ama alz alu als amc alv km (zn ne gh ajd vl jo l fi adp dp) ha
n alu aly alw alx alr ame ama amd amc amf amb als alv alz alt amg akj ag ou km afe jp bq su fv abg (em afd ade lx aja (iy nf cq))
o alr als alw alu alv alx alt af hs jq lk pa ki gj
p alu alt als alr op ajj aiz jx kb uz qx zm tt ah bp
q alv alw alz alr alu alt aly als alx lf agi qz kb aca sz wg nb uq ax gw acu abv xq pb dk kp aad
r alv alr als alx alu alt alw kv cz vh df kw aad aa ke vy iv agr sv tu
s alu alt alv als alr ir
t alu alr alt amd amb alx amc als aly ame alv alz ama alw wa ot ui aez ci adt ix sv jh lc ais sf
u amg amd ama aly alr alw amb als alu alt ame amf amc alx alz alv qv (ul bx bo mt rs zz) kj aaj vt
v alr alt alu als vt (eg rb abe xq)
w ami amg amd alz amb amj amf als alr alw alt alv alx ame ama aly amc amh alu agx aci is vi aaa aac ev agv aiu
x alr ahz tu mq at (aec jp gq qk (ul bj kt acj afr nu acc aec xr aex ajn))
y alr amj alx amf alw alt amc ame amh aly ami alv als amk amg amb ama amd alu alz kh bg ua tm nz nz bq ca ajx ea ahx aew cq kk (xr gb ck ky mx sd)
z alv alt amf ame aly amj alz amk alw ami als alx alu amb amc alr amh ama amd amg g rl aaf go ro qd xr adv cl ht afw wi sl ke jt aez ajp ahh ake
aa alr als alt ff ace vy sy vk
ab als alu alt alr wx mg cr vg cf cs v abb jw ay
ac pj ao (agy ua ug) nf aax (gt aih xp kd ajf)
ad alr ih cy sp vr (ahv bd aai tb)
ae alv alr alu alt als jr nj afg gv akg agu aki kl abw kr vl ui aaj xt
af alr agx acr alo cq cc iv jx
ag alr alx alw alv als alu alt fa dy
ah alt alu alx alv als alw aly alr qs rk
ai alr ace afa (nq acn oy nw r) jl wn aew
aj alv als alr alu alt alw aio xx hx
ak alt amd alx ame alr aly als ama alw amc alu alv amb alz vd ahp
al alz alv aly amh ami amg amc alx ama alt alw ame als alu amd amb amf alr ln s nx hu zv g fh ud ui (pp aku ajg)
am x afr mk lc gl aic mo bm nm aef tz qw df agt
an alx amb alr alz amc als alu ama aly alw alv alt ky os aeg aav kg aeu ih ky alo kc oy bh li lv sx da sg ws
ao amc alt ama amd amf amh alu amb als amg alv alr alw aly ame alz alx sj hu aja jl rv adm nl
ap alx amd amg alz alw amf amb alv alt ame alu als alr amc ama aly gl adf qd fl akg sh zg (zb ahm ahp oh oo) act aaz za xu ur nf yf gw
aq alr amc alt alz alw ama als amb aly alx alu alv vz ji hn cg afz jx
ar alr alx als alt aly alw alv alu alz ajk aen so tu og
at alr amd alz amb amc als ama alt ame alx alw alu alv aly ep alm aff akd age tc zc qv xx xn qj
au ama alx amg alr amd alz amf amh alt als amb alv alu amc ame alw aly bu
av als alu amc ama alt alz ame alx amd alr amb alv alw aly ahn adv alm wx dr op ps age tv kp xq am xf
aw alr alw alt alv alz aly alu alx als zi afc abb eo vy xz afa abi ou ajf wl adx ts afx bo ud akz
ax aly alr alu alx ama als alt alw alz amb alv wb (qx acm rl aba akl) (ib wd) lz abp qf pw rn a nh an ad
ay alz amb alv ama alw alu alr alt aly als alx adb eo gn ht abp
az alz amc amd als amb alv alx aly ame alt alw alu alr ama amf nv q (ne bu jq (agu kj) li qn pv aab agr xr hi ahw ii x ym sd)
ba alt alr als aln eb afn hj cz qw pi adi
bb alt aly alw alz alu alv als alr alx sj aac rh ca sl ade av abq jn ds qg add ui agh aev fo hk
bc ama ami amb amc ame amg alz alr alv alw amh aly amf als amj amd alx alu alt aev ef ux (yk yr adh wy dy nh gd uo fj vn qh ox)
bd aly alz ama alt alu amc alr amd alv alw amb als alx xb acq pz abl akm zi wv vq jr ak de rb lh ho agl
be alu als alr alv alt alw n aje cg abo aah adm akd uv fi ai qv (xj fe fm qt ky aer oq ahu)
bf ame amb alu alv alz alt als amg alr aly ama amc alw alx amd amh amf ami ain acd fk lc km aco aal adw ade mx adw abm ajg yi abg pj po
bg alr als jk
bh als alx alu amb amf alv alw alt ame aly alr amc amd ama alz aai ty ahc aks tp (adt og wj) cj adv af ac zq uf aiw aee
bi aly alu als alt alr alv alz alw alx amb ama aap zx iu ajk aek aco hl aeg lo (av aej op je yc adk)
bj alv alt als alu alx alr ama aly alz alw zn ml agx
bk alr alt alu alv als aho bs op xv ua cc fj kr (ti q gs ks)
bl alt alw alu als alr alv alx le qt am jw
bm amg alt ami alz amf alu alx ame aly amj alw als ama alv amh amc alr amb amd vf adr zf
bn alu alv als alz alw alx aly alr alt aq
bo alu aly alr als alw alx alv alt bx hy aes
bp als alr aah dw kk oa ags io akt bf ahu lr gq tv zb (ahm ii kr aea nf)
bq alr alw alt alx alv alu als kt aci mz aez co aap lx aka xm us ao aij pi gw (ki aeq acv kt ru)
br alv als alx aly alw ama alz alu alt alr ce (yj gz ahb ia av ug hx wr zg aip dq aeh tn hy aar el us)
bs alu alx alr aly alw alv alz alt als pl afz ajz ala aee aim no eh ahb ahx bx te ajd alc adw iv lm lz
bt alw alt aly alu alv ama alx alz als alr gn ip hq
bu alu alt alv alw als alr lj adc jh cn afm
bv alw alt als alx alv alr aly alu av dx acc ad aew aiv pe od zl aae agi ap
bw alr alt als alu is adu dh
bx t xe aaw lf kh sw dj afh hm rm li wr rz akv tm adv
by alv alx alu alt alw als alr aly aiy
bz alu als alz alw alx amb alv aly ama amd alr ame amc alt lk tw ajr c q aav hq ahv aee
ca alt als alr agl ws ba jw bo tj alp (lx acc vx bl ke yx g t (rh bn ch))
cb amj alv alu amh amb aly alw amd als alt ame amc ama ami amg alx amf alr alz adh ms it uf adf ca aih (uy c vs adg)
cc ame alr amg aly als alw alu ama alz alx amf amc amh alv ami amd alt amb ar
cd alx alv alz ama alr amc alu amd als amb alw alt amh amg ame amf aly un ol abf ug so tn we (cs bx zi aja)
ce alr alu alt als aky lw ahp tj afk xo abl ahp
cf alv alx aly ama amc alt alr alu alz als amb alw xa ags qw mx yb aae (qi zr rt adr dt kl zo)
cg amd alv amc alz amf als alx amb ama alt amg ame alr alu aly alw afe ma
ch alx alw alt als alu alv alr ll lm wt rn kq eq uz k ow bd (bx hp) ais
ci aly alz amd alu amf alw alv ame ama amc als amb alr ami alt amg amh alx sm aaj aex afz afx qn mz dk
cj als alr cy qj uh afh dw
ck alx alz als amb ama aly alv amd amg ame amf alw alr amc amh alu alt ti h ci zn fb ahj hk xw aq
cl als alu alt alr hi aji yl sk tq aav sj hk
cm alu alx alt als alw alz alr aly alv hf o akq afe el ako qg wp mw ln bx bg kh jj fy ael afb ajh
cn amd als amc alr alu alx ama alw ame amf alv aly alz alt amb ds akj ale km dd ael iq vg s ahf
co alx alt als alr alv alu alw tf abg ais ro ahk di ajd bq rr es age
cp alr alv alw alu als alt afg ry mw kc cq aci fl aby aiu ahi oe sq ez
cq alt alu als alr ahf abd ahi ur vc (yi qx lz za ut lm dx)
cr amf aly amh alu alx alz als alt amd alw amb amg alr alv ama amc ame qc lb agk (qv ny (rr qc vx zl gf alj fp gj eb))
cs alu als amf ame amd alt alr amb aly alx amc alz amg ama alv alw cv ajr mh qe ais du (dr ev) gt ahc xy afy
ct als alv alr alu alt co
cu alr dv uh aac ahk yt (lz ala ajy ay ur kg lo qu jb ru rl)
cv alr afz yq rh aag cn tz ti fs zg aes qq aho jq aaa ajj v
cw alt alu alw als aly alv alx alr iz bx xr ze qr
cx amf alr alx amd amb alu amc ama alv amg aly als alz alw alt ame zc jd hu oo js xo
cy alv als alr alu alz aly alt ama alw alx zd im
cz alr alt als vp pt agl nc gw acx fy aex fj nx
da alt alv ama alw alz als alx alr aly alu hf xm
db alr alv alx alt als alu alw agx ab ey rm bx acz lh t px ali
dc als alw alv aly alr alz alu alx amb alt ama qy jy afz un
dd alr als alu alv alt alo jl rw ajs aht ael nu bb bz lw fb
de als alx alw alu alr aly alv alt ww hp br vh aau agw kj g zf ff aka adm ae zu ga ux adl
df alw alz amd alu als ame alv amg alr amf alx aly ama amb alt amc gd oj aey afw vt gz acl qi afc wp ib kw
dg amb alx ama alv amc alu alw als alz aly alr alt afp i agf s ca acd aia aco aai
dh alr alw alv alt als alu vf gg aco zc gv zf akz (p rw vs aem aat bg st pm hz gs (agq sp af))
di alr als x
dj alz ama alw alx als amd alu alr aly amc alt amb alv akr w zr mu abw hw vb kb
dk alu alr als alt alx alw alv aly ye nc vv sa aq
dl amb alt ama alu alx als amc alv alw amd aly alr alz co cj m lt zk xr ex agj ael ux vc acq iu aaq ik (qt bx afd aan) cx
dm alr alt alw alv alu als hq cl th fc jo yz il kv ru agu yd
dn amb amg alr ama alx aly alt alu amh als amc alv amd alz amf alw ame kj tu alq od al nk aaw qr nj cz sv cp mq
dp amf als ami alu alr aly amd amg ame amb amh alw alv alt alz alx amc amj ama aep ph (aka aik kn akl lh ov)
dq alr als alt aay kz (aip ajr gk fy agn ct kg)
dr alx als alw alr alt alv alu agn t iv om (wr rp (od akh (av hn zq lm acq ajd)))
ds alu alt als alr tc bi bh hp vs nc jn np qu ev cd ev zw nz il (aif akt an ur)
dt alw alt alr alu als alv tz gb ws (adm lp io ii ik vy mx xi)
du alt ama alw aly als alz alx alr amb alv alu tm
dv amd ame amh amg alx alr alv amf ami amb als ama amj amk alu amc aly alt alw alz xl wc zx abi
dw alv alt alx als alu ama alr alw alz aly agf ady hj aik rf qe dc th mi kx uv gc dq alh tq agk ck sq zn
dx alw alr alv als alz alt alu aly ama alx wx iz akz aeo zz ajd hq xd md alc cr se lw pg ar pj fc uq rk ads
dy alt alr alu als alz alw alx aly alv iw adv os rd abz xf qa ta jz mo ti zf wq dp
dz als alt alv alr alu rd jb xh xq aaq ack ao aem
ea als alr alt alu dt aci uf (cp ok) im (yh xh zv)
eb alr alz amb amg ame amh alt aly amd amj alu alw alx alv als ama amc amf ami vg rd dj gu acb zl agq ac (lq ahd pt) je at ji lp
ec o akn
ed alt alv alu alr als alw alm hu agv aes hc ajb wr afj wc abc alc aet po fz ic
ee alr als alu alt ou aiv aav kd ajj tr ql (aks xp act iy cb ajx)
ef alu als alv alr alt ace oz dv xl up afh agg adx jj (vf afd adz aaz ns aid akt adm)
eg alx amh alt amk alz alr ami ama amg amj alv als alw amf aly alu ame amb amd amc io ll alm ld fg wt tw rr aa vt nz co adf dt ajs gt abm
eh alv alt alz alr alx aly als alw alu bp kv adc ha zi xm kh cu aib zq pe
ei alw ama alx aly alr alv alu als amc amd amb alt alz ajc pq (kc ev yq fn (ew ahz zt bu aef dt agh fh pw bx))
ej amg alu als alx amf alz aly amj alr amh ama amc amb amd ami alw ame alv alt akd ade ajc aag ajd wi abm ut yr iz pa jy
ek alt alz alv alw alu als aly alr alx fe op (qt rm xx adu abt akq akc kz) ach aiw fg wb adf ku wq
el alt amc ame amf alx alw alz alr alu amg amb als amd alv aly ama ts aeu
em amh amb amd amf amj alx ama alt ami alw alr alz amc als ame alv amg alu aly uf yh ado fu ajm hq ju aeh akn zh dh re bb aks qk wy acl el
en alr yi fq ly (qr ali vg yt aeh ahp re)
eo alv ama alz alw alr aly alu alx als alt ex (alo xf rf kx agi) dh ld acv kw ho afb bo alm akm aae
ep alr amc amb aly alt amh amf alu ama alw als amg ami alx ame alv alz amd gh aes akf ox xg it mf yy mr rb yb ii aie uy aaa ub qa abv akh
eq als alv alu ama alt amc amg amj alx amf aly alz ame alr amh amd alw ami amb aal ql gp
er alu alt alx alz aly amb alw als alr alv ama xu adi bt ahf vg yx mu aim vq bv fp ge hs wd aag abe lq
es amc alt amb amg aly alx alz als ame alw alv alr amd ama amf alu hm cg alb aav ot agh hw
et ame alu alx amb amg alz alv alr ama aly alt amc amd als alw amf qs
eu alw alz amb alu alx amd alr als amc alv alt aly ama aas
ev alq aee (gt cu ly om abk db eg oy xp (qb acf zy qw tl agn fh))
ew alv alz amc alr alx alu amb ama alt alw als ame aly amd ei mz fy zr
ex alu als alt alr ka nb (iw pi rd yq (abr ca ky ec yo zv akd lc uu qr rc))
ey alu alt alr als ajx
ez alw als alt alv alr alx alz aly alu mz aio akq ok aad ef aab wk nl acs
fa alr alz alv amc ame aly amf alu alx ama alt amh ami als alw amd amg amb abc tz fg a fb
fb alv alt als alu alr alw lb aic ws akz kt rc (em (sz ff xa))
fc alv alr alu als alt ry zp we sm so acz vd rj
fd amb alu aly alz alv ama alt alx als alw alr aaq ka cl aib cs nl xu adh yp (pb cr (jl aie ho) ach fh ed vo yc)
fe als alv alu alr alw alt cr or yn ph xp fg
ff ama amj alx amh als aly amf ami alt alr alu amb amc amg alv alw amd ame alz aet akd acw va (ie ic) ab aks pu ov wh uk ts ip oa aig ahf
fg alr aaf afx pc ly zx hj akh vm eu aj acf ci pb akk adv
fh alr als alv alt alu bm fj aax qw v aeh hf ch qn me nx za aee jb aex de akg le
fi alz alw alt alu alr alv ama als aly alx eb pi hy zh om rx ce
fj alt alr als alu alv uo aio f qd
fk amb ama alr amc alx alz amh ame amd alu amg amf aly alv alt alw als ph
fl als alu alr alt alx alw aly alv pv ze agz ug akk agc kk my adi lw
fm alt alu alr als alv mx aes ev kg fq (xu aak oo ft akn ady qf ft bu qr fc ub bo)
fn alv ama alz amb alt alr amg als amd ame alu amc alw ami aly amf alx amh gh
fo alz alx alv alw aly ama amc alr amd amb als alt alu is mg acy rl tj (co aee cu ahq aea gs fg) ad
fp als alr alt alu akw pm afl (afh aet ou aah jo hv aja akv abf)
fq alu alv alz amc alr alx alt als ama amd aly alw amb gp dr zt (mt ait)
fr alr als pj aln xr
fs als alv alt alu alr ix gl akw acy hj lr ci (aid rt ax av yv wv gm wu l qm ji)
ft alr als lt p br aby aio aen ji bp lh ala x aij
fu alw alt als alr alu alv ls adh fo uj lq
fv alu alz ama alw aly alv alr alx als alt adu adp ow s agc hf fs rd xq lo zy ry gi akv bk py
fw alr alw alu alt aly alv alz alx als ama amb fj ul xw (hu (aaf zp ms ahz akj xo abe))
fx alx amd amc ame alr alt als alu alv amf amb aly alz ama alw am (kp agk py ux lb ob afw ct)
fy alr als alt akw aiu aff bh qa jh fr (ki cm gr)
fz alz amg alt amf amc alw amd amb als alu alr aly ama amh alx alv ame xz ze akr abi rw aae og wd aem aiw ws di afd aey ik afl hs abx wr
ga alv alw aly alx alr als alt alz alu hq aaq ok aho tx qk ar agb ahr jg fh adw so
gb alw als alr alx aly alt alv ama alz alu amb qu ni ahm aq aea
gc alt als alr zm rd vy sw nq agh pr aka ks qk abt dp vt agh lj alo lh bn tp
gd alu ama alr alz als amd amg ame alv alx amf alw amc alt amh aly amb on bg fb
ge alx alu alr alt als alw alv na im uj vl wk aja sv az ae xl va xx no ib ke aff
gf alv alr alt alw alx als alu aib ud pi wh jq uu x vw lh mi ake yi nl ic cv jm co alt dj hm
gg aly ama amc alt amb alw amd alv alr alz alu als alx aka afh os hl gf rz
gh als alx alv alw alr alu alt ue alc pd agb
gi alw alu ami aly ama alv amg ame alt als amb alz alx alr amd amk amj amc amh amf wn
gj aly alx alr amc amf als ama amh ami amb amj alz ame alt alv alu alw amd amg cp aca fc wo ka sc cd eu my hz sr (og tb rh (ey sm g ady oy sj))
gk alv aly als alz ame alw amk amc amf amd alx amg alu alr amj ama ami alt amh amb mv
gl alr mn jk
gm alv alr alu alt als alw js vy (ix kq agz re) bc aja me zf (alj nt) cf aaz kn ad sr aeo ajb af
gn alu alv alt als alw alr ly
go alr adb ft ar fl add ahz abg qx agk zd lt jk agy us ajs nb av is fl
gp aap aam go fw lp
gq alr ahd ahd na acn aiv qa ahw aiq xi aj md
gr ama alx aly alr alw als alu alt alz alv afg pj gv wf zl fg
gs alr alu alt als qx rr aci uw (xg gt) afx
gt ama alv amg alr ame alx als amd alu alz aly alw alt amb amh amf amc pv mm yr akv kx adx aak us
gu amd aly alu alz alv amg ami amc alx amb amj ama alr ame amh alt alw als amf zf
gv alx als alu alr alw alv alt lz jr aed ru adj aq
gw amb alx ama alr alu alt alw als amd alv ame alz amc aly mr aex gg
gx alv ama amh ame als amj alz amg alx alr alu aly amf ami amb alw amd alt amc xb lr wu qa go ajs aax hp hb fd t abs
gy alx alv amb ama alt alw alz aly als alr alu so ajh gt aka aku ajs mu alh dy akm oo
gz amg amf alu ame amd alr amc alx alt amh als alv aly alz alw amb ami ama de ad fi
ha als alt alr alx alv alw alu aaw vf (vr fg sq rs) lh ajf ty nh abf ls ym ach cu ce aiv bz je kk
hb ama alv alz alw alr aly alt als alu alx aax (afv ug mf se gb aks) aif ajb ajj nu mh ou
hc amd alx alu als aly ame amh alt alr alv alz amf amg amb ama alw amc aaz ap acg cl ey rz kc iq w jn lm ns mc nm
hd alt alr alu alv als aiu oz en pj rf ro aas q vp adr
he als alu amf ami alr aly amj amb alw ame alx ama alt alv alz amc amh amd amg h ss eh ajn yk adn lk se ev ajm ajj vd ws
hf amg amd alv amf alr alw als alx ama alu alt aly ame amb alz amc li (bf aib xm gv qn) uq fi act ky (lj aaf zw acf) mn zy ack
hg alz alw amc ame amg amf alr alu ama amd alv alt als amb aly alx yn bs acf hh agq mg at age afj
hh als alr alw alt alx alz aly alu alv oz ic aka yf dn adn aee zx gz afh aan yc aac (sf aiu ve cg wm dw)
hi amg amf alu alz amc alt alr aly amd als alv amh amb alw alx ame ama ajx fo pg ajd aan kk fh (du gd acu ajf iq) yo ee kk qh qg xq wf
hj alu amf alx amd amb ama amj alv amg alz ame aly als amh alt alw amc ami alr amk s ay aja aft agq ajh ls mg
hk aly als amb alt alz alv alu alr amc alw alx amd ama ml yl afx acl pu ml ck aai (aeq wz yf age afb ale rg)
hl ame ama amb alv amd aly alr als alw alt amg alz alx amc amf alu aga gh le abu ca ahs vw ng aff (aka ts (us ft wn yy))
hm als alr ua aka ahe akm hn nd uo xj nu ok aax rd afr yq ix aeo
hn alx amd als amf alu aly alz alr alv ama amb alw ame alt amc ap aca (aen sj)
ho alx als alv alz alt aly alw alr alu ye (oj eb) cy lj afy lh su wj lc vi qj ao fe aco oo oj
hp als amb amh alz amg ama alr amc ame alv amf alu amd alx alt aly alw x ahe jv add fm (ea aeh) ru ce
hq alv ama alz als alw alt alx alr aly alu tt akc ala adz
hr alr als aay afx afp vp
hs amf alw als alr alt amb amg alu alz aly amd alv alx amc ama ame aar
ht alv alr aly als alt alw alx alu alz pe
hu alz alv alx ama alt alu alr als aly alw amb nt aj pn (akt ny xd hx aez xa nx)
hv alz alr als alt alu alv alx aly alw ky xb (n zw yq dq) ak oi pa
hw alu amf alw ami amb amh amc alt als alx amg amd alr aly ame alz ama alv agg qz vn aaj alo ln akq qg alb is ov acb
hx wh qv eo bu (af ul aby aaa fl zy pk abp mj kg acg qh z aee)
hy alx amb ama aly alw alv alt als alz alr alu yq (vf zq kn jb)
hz qa ade bu wr qz hs ajw ajm fg pc fn ach
ia aly alx alz alv als amb alt ama alr alu alw aff akv cn
ib alr uw ch pg
ic alv alt alr alu als k hg bw et ws gw wb adp ro mn
id alr alu als ama alv alz aly alt alw alx c rh ahr sc uh aak tm ck kn fo aib ad oh rj ps ut afl
ie alr abx
ig ami amf alr ama amd amg alx alu amb amc amh alw alv aly ame als alz alt le dn aq afq fg (uh adz)
ih alw alv alx alr alu alt als jz ahw de zn id lq mt xq xn zq db pk all
ii als alr ro agg uk nj
ij amc alz ama als alr alx ame alw amd aly alv amb alt alu ht eb kl uv dw ake akk g jb afg (fp vu) ade rq (ha cq aew q)
ik alr aly alx alv alt alu alz als alw ha
il als alv amh ame ami amb ama alt alx amc alw aly alr amg amd alu alz amf yr om afn cf ng qg hw lr ajy adm adb xs at jn je ne (ot ahq ahu ik)
im alr alx alz als ame alt alw alu amg amf amb amd aly ama alv amc akd
io amc amj alx amd alw ami alz alt amf alv alr amb amk amg aly ame als alu amh ama aen tc pd gx aan il ake yn aje abs adl afi ajn abr hs
ip alr als oz aal aej afs rr hm tc zd pl akb ia dd
iq alt aly alz als ama alu alr alv alw alx aea ady vb ah oi ui ke an ajo
ir ama als alv amc alu alr amb aly alz alw alx alt amd agh qo kc oy ahz tj yv dw ajn oo ki yo jx pv zc rh ra uk
is als alz alv alw ama alx aly amb alt alu alr amc gg
it amb aly alx alt alw amd als alz alv alr amc alu ama wc
iu alr amb alx als alu alz alw aly alt ama alv hd pi qd aeu hn oa dk dx adr nv kz
iv alu als alt alv alr ahv aij agb ga (xy zq qe wb kx rj dl vy j akr gb rw ajo bf)
iw xp agg abu (aib ir pl)
ix alr alv alu als alt j mk aeb ep
iy eg abj (zh iw ko ic akz add lf mv jf op yx qp sv)
iz alr alu ame alw alx amd als amf amb alv alz amc aly alt amg amh ama bp
ja alr als aak nd afo adf mt (jc mg) afp mp he ps ahk xu tw fw gq qv kw
jb alx ami aly amj alw alu amf amd ama amb alr alt als amk amc ame alv amg amh alz cu qd fo aip yc hv ahg yh ab agx pm uy ajk
jc alt alr als bf tu c
jd alv ame aly amb alr alx alt amd alw als alz amc alu ama ael agg sb su hq afz ug se
je aly als alw alr alz alu alt alx amb ama amc alv aic he hn u uw ht lu ux hp qx dh l ahi lr
jf als alr alt alu iv wo afg td adg ajc aid zm ala sb ahx qf yv acl zj cv xo
jg als alt alr qj zz tt aiv agb dp cw rj (hx akg) pl sa aiu xk ain cs
jh alu alv alt als alr rr bi hx et on akm
ji alr amc alx als alz alv ama alu ame alw amd aly amb alt amf qz nv (adm yk ajp aef n uc) bt cg zl wm acs uz ed jw ahb (ij ade)
jj alr als agx th zn rs gu aeg akg lj pg cn ip (adl nw bz) aft aku
jk alt amb aly als alv alz alw alr ama alu alx amc kx es nm fd age ada wb zu ad bu ail is av ml mj ua jp
jl alz alt ama alu alv alx alr alw aly als vo qt ee ala sv de afe gv be xc uj afx (kd (wu ol up))
jm als ami amd alx amg amc amh alt alz amf ame aly ama alr amb alu alw alv aw bz acs ed tv qz
jn alx alv alw als alr alu alt aly zh qf fl nx dr ahk
jo ame alr alz als alw alv amf alx alt amd alu amc aly ama amb vr cx ahp no aco zl
jp alv alr alx amc alw amd alt alu alz aly als amb ama pv
jq amf amc amd als alv ame alu alt ama alr amb alw amg aly alz alx t hm lx ajn mn afi kk ja zt
jr alr alt alu alv alw alx als ada aiw ur ahw ir ir adk qn cz zf abz aic cs xe nq akl gb yh ee s
js als alr alt acr yd ku uk acg afg tm acg ale gl ml aq rc hm agx
jt als alr alt aag ql xj xp ace vw fv vf jw aac pt ja oi tf ms uk ale ail tg
ju alz amc alt ama alu amg amk ame alx alr amj amf als alv ami amh aly amb alw amd bb ot vw ach zt
jv amf amg als alx ama amh amd alw alu alz amb aly amc alt alr alv ame cx bc lf ji lz akz td aal afq alk cj (act iu tp po)
jw als alt alr alu py ym jx id qv to og nc adj (hc (air pe nm fb aix eg rj))
jx alz ama amb als alv alu amd alw aly alt alx alr ame amc acs ajz bj ml zt cy rn th gl afn gi
jy alu alt alv ame alx amd amb amf alw ama amc amg alz alr als aly sc yq nx akj yb gw xj aaz
jz alu alv amb ame aly alx ama amf alt amc alr amd als alw amg alz rp ahx th ga wa he ls an al ds oe wl cf yj alj
ka amb aly alv amc als ame amf alr alt alz alu amd ama alx alw jx yy kk vk ld br ta qg tt xs ake rg ahr zk aca
kb alu alv alt als alw alx aly alr aq fl wa u nu afr ni pd y mk pi aih ajg ln zs cn cs zi zm ajj
kc alr als alt alu os ss agx mp
kd amb alu alz alr aly ame amc alt alv alw als alx ama amd yl fo rr ea ajz jf eo hb zy vj ru je vj adk hm
ke alr alw alu aly alt als ama alx alz alv adt gn
kf als alv alx alu alw ama alt aly amb alr alz mx su a acj ba ox agc ady nz jj aij aby adp abw ajh
kg als alr i akp v adv sm (v aho aej rr pp)
kh alt amb amg alr alz als amf amd alu aly amc ama alw ame alv alx ts abf jr aic ef gk ic
ki als amb alw ama ame amc alx alu amf alr alz alv aly alt amd lh gx akh hr hh op od eu
kj alu alw alx als alv alt alr kn
kk ami alr aly alw amd amh amg amc als alx alu ame alt amb amj ama amf alv alz hd py uf acb aal aaf xs ze nf ql bp oo aeb zq alh og ux m yv j
kl alx amd alr ama ame ami amc amg amb als alt amf aly alu alz alw amj alv amh fr ajm
km als alr kr zx (uw vo ge u yb j afu acl xz mi aip mm dt)
kn alr als kl wv rj abe t aln aeb
ko alu alx alr alw als alt alv vy akw agz hq je ee xf aiy agd (yz ev gt ib acn xy pe gi rx aic nz)
kp alr amg alu als alz amb aly alt alw alx amd ame ama alv amf amc aae aco sw (ko (alb jh kc ph)) kr
kq alv alu als alr alt alw is ajx eu ahq nh aaj oo fx jr
kr amf alt alx amc alu aly ama amd alv als alw ame amb alr alz aln ajk alm
ks amk alt amc amh amb amd alz amf alv amg alu alr ama amj ame ami alx alw aly als to os
kt amd alt amh aly amb alv als amc alz amg ami alx alw alu ama amf ame amj alr amk nw ahs ke em xj qv bm on zw (qj mw d) rs un nq aee ng
ku amd alw ama amb amc als alx alv alz alu alt aly alr np cn hb gf jf vp uz hf aew
kv alw alv ama alz alt aly alu als alx alr xb aiq za
kw aly als alx amb ama alw amc alz alr alt alu alv ake acb ua (afm aas afz adt alf ns yc nh aay eq)
kx alt alu alx ama als alz aly alw alv amb alr ws yn id afz
ky alt alr als ajz ia aas gq ahl h aip abl qs aid aab afi
kz amb aly alt alu amf alr alz ame als amd alw ama alx alv amg amc tx ajb jt ij
la als alt alr lc rl aga mr vo alb ale ade aip ot ck ez um fi ck xa zc ev
lb als alw alx alu alr alv alt xo
lc alr amd als amb alt aly alx alv alz alu alw ama amc on aix yd li jr agy adb mo agw afi mn xz aec aag bx jy pt
ld amc alv alu alx als alw aly amb alr alt ama alz uu ex
le alt alx alu ama alz als aly amb amc ame alv alr alw amd mm oe ts vc ys to aar ks jk jj
lf alu ame als alv alz amc amd aly alr alw alx alt amb ama sc
lg als alw alu alr alv alt xz tw (afp acq yo akw)
lh alr aae ake iy eu yh cf xn vz oz wh be vs ahg aby abo ahw fn wm ka hi
li alw ama alv alt alr alx aly alz als alu lg
lj alr aln
lk alr als alv alt alu alx aly alw alz ago (mo alo xq od abl ht yn nz) ll gn ajp mh agz aba oh
ll alx amf amg ama als amd amb alt amh amc alw alz alr aly alu alv ame is hw uv ajz aci tz qe ue ajt ajf abv adr lv g fw ahk (ahi cb)
lm ame amf alz amc alv ami alr amh amd amb aly alu amj alw amk ama als alx amg alt acn kd
ln alr aly alv alz alu amc alt alw alx amb als amd ame ama an adm ahq o ek yg
lo alw alt alv alr als alu aly alx en abf
lp alt alu als alr hc cc akk akc er bl afx nq ahs ps bo vb fn fk gi acc
lq alv amg ama amf amd amc alw als amk amb ame alr aly ami amj alt alu alz alx amh afk wu aff afp ws vf nq afu hv
lr alr aly alx alt alz amj amb ama amc alw alv ami amd als alu amh amf amg ame di po ahp lm yw aha lp abc ox ed akr ot iy ue cq rv nj cr
ls amf als alv alz amd amb aly amh amc amj alt ami alw alr alu amg ama amk ame alx vo ajy wc rk mk akm lc ch ahd
lt als alu alr alt ahm zh sl yi (ve on) ss ai aje ei ahd adp mc agb
lu fy ty adu ajc aq hb fd wl nu wa afa alb x yj ev aie ajs (fw afb)
lv alx als ama amc amh amj amd alz aly alr amg amf amb alv ami alt ame alw alu ael py aik wc i em iu
lw alv amc ame alw amg amf alz als amd alt alu ama aly alx amb alr amh abq ahv ot eu adk acb jj lu
lx alr un pv um er hp ep agx mf cu p
ly als alr alu alt amh amb amj amk alx ama amd amg alz amf ami ame alw amc aly alv hg ul
lz amf alx alt alw alz amb als aly ame alv amh amg alr amd amc ami alu ama so be ef wg yp agx nn agv v qr zo yq mm tu ad sa aln abj lg
ma als alw alv ama alz amb alt aly alx alu alr amc i abo gl ao ql pb dn vr oq akf
mb als alt alr akw adu acy sk afy qw sk xf pw d gy aaw abf
mc alr als alt alu be ps aw akp
md alv alu amf alr als amh ama aly amg alx amc amd alw alt amb ame alz ql xw ja au ze afm nl dg ct aga ao b tz ea ot aeb (fo vs mz)
me aly als alx amb alu ame ama alr amf amc alw alt alz alv amd bh (aat jl gv aad jy ib aer dc aga by afa hn lg et ady)
mf alr alt alv amd amg als alz alw alx amf aly ama ame amb alu amc abt y sp qa abb adg (sy aiu ls py akl bw jm gh gj ez aat) adv
mg alz amc amg als alt ama ame aly alv alw amf amd alu amb alr amh alx afz vo
mh alx alt amc amb alw alu amf ame als aly alr alv alz ama amd adh aec mj qp jh air aay
mi alr alw alv alu alt als cp gu ahe adw nb xm
mj alu alx alr alt als alw alv sj oq zv yw xx we yq afj wd akd aex aep
mk alr amb alx aly ama alu alw amf als alv amd ame alz alt amc au qk
ml aly amc alz alu alx amb als alw alv alr ama amd alt aeg xz cg vd az tf afg (ss iz qr pv ajs km aav abe afm) aa aea zc aea
mm als alu alw alr alt alv alx kw rg i oy iz ajr fd
mn aly alx amb alw amh amf ami amg als ama ame alt amc alz alv amj alr alu amd wc y akl us y fp ach qb wy he aeq afz zz yn adt
mo alv alr alw alu alt als aem abn zc kf cv ql zq kj wy ot we pz cg ym (ahn acb it zq pi ny)
mp alt als alu alr afq ly kx ajj vu am aas aja it ce rz acb dt op lv ajt
mq amb aly alu als ame alt alx ama amh alv amd amg alz amc alw amf alr sa eu yb (bq og sy om um jf) agz ai op aeh
mr amd aly alw amc alu alx alt alz alr alv ama als amb qb (ym aht ajx alg) tf alh it ajr la gm ob ju alf
ms amj amb amd alz alx ame alv aly amg alr amk als amh amf alw alt ami alu amc ama fd acg jp afe le fa
mt alr als pr ajl ajr st m bx oe afj aak
mu alt als alr zm
mv aly alx alt alw als alz alv ama alr amd amb amc alu gu
mw alx alt alw ama amc alu alv alz aly alr als amb dr dr aao aef ahh
mx amf alv als alr ama amd amb aly alx amh alw alu alz amg amc ame alt bi fr acs (al adb) aef xj ff ep qd bs aak id rj aim mf aln nf
my alt alu alv als alr xm acn wv cn aix aiy ji tx em alu ys
mz alu als alr alz alw amc amf ama amb ame alx alv alt aly amd mx gj dq ow ja jv sg zg
na als alr akf
nb ame alu alz ami amf alx amg amd alt amb aly alr alv amj amh alw amc ama als bx pw tf agf aln mn zk
nc ama alv alx als amf alr amd alw amb aly amc alu alz alt ame kv
nd alw ame alu amf als ami alz amg ama amd amc alv aly alr amb alt alx amh bi abz tp mq em ajh aaz mg
ne alu alt als alr fq vu abu qm wk afj agf ajd hh
nf alw alr alx aly alt alv alu als akz alq aef (au adc dl jw ga wc abx ay kk gg ee ado aez xr)
ng alr rw jc alp xj abf my
nh amc alt alv aly ama alr alw amb alx alu alz als nk nu eg ov dd
ni alw als alr alv alt alu su xv vn
nj xe acf alf rg
nk als alv alz aly ama amb alu alt alx amc alw alr bs dy air vl aal ui aat afp akt hw eg akm kr adv ro bj hy
nl alv alz alt aly alr alu alw alx als ty kh
nm aly alw alt als alu alx amb amc alv ama alz alr lz ga qg adk cu agq wf mg ps agn bv mi yb
nn alr fc hd ace acg aln bq dk bt acx up aec j zm
no alt amc alu ame ami amf aly alx alr alz amd amb amg alw amh als ama alv jm abh aaa h wq cz mi cq wv
np acs pb ag ahc dn ng aby qd
nq alt alr als vi hg dv u xd lc mx e akc
nr alr alt alz aly ama alx alv als alw amd amc ami amg amf amj amh alu ame amb ky aek iu ba hc aej abm zm ig lx dh i ajs jm ajf abd y ki
ns alt amc amd alx ama amb amf alz amg aly alu alw als ame alv alr tw aci wk ajq (jc ri kz kt (sz alg nb bi gu vq ro aao ls zf vr gh))
nt ame amg amd alt alz alx amb als ama ami alv alw aly alr amk amf amc alu amh amj zu bu em adr ov ub wn hu zb
nu amj ami alx amd alv amb amg amh aly alw alt alu ama amf alz amc alr ame als ed al qd
nv alz ama amk aly amg alw alu alt amb als ame amh alx amd amc amj amf alv ami alr ue sq akx aak co ade ael aap hf gq ahq cx jc
nw amb alx alw aly als alv amg alz ame alr ama amc alu alt amd amf yr zn (oc ni)
nx alr als ot al gh all yc akn ca (nu t vs u ec) gi ry adh aem st
ny alw amc alr aly ama alu alt alz alx alv als amb un hz fu na qy te vu dj alm
nz alv alt als alu alr abp ol agn ahf aeb rk abt
oa alt amb alr amg alx ama amc aly alv amf amh alw alz amj als ame amd ami alu ajm ais
ob alz alu amg alr ama amb amd amf alt aly ame alv amc als alw alx amh pv lb pw xd yh hh
oc ama alt alv alw alz alx aly alu alr als pb gs hk af zh aac
od alu als alr alt sl wa bh pq zw
oe alr alu alx alv alw als aly alt qt mg fh
og alt aly alw alu alr als alx alz alv ajo ff xo gg or afu om ahx mz akk lv (dv yv)
oh alv als alu amb ama alw aly alx alt alz alr cv na jc aat aku adb t (cz acu hb iv yn (ju pz jh))
oi alr als alt dz on (gj re ajl abl) jn rp dn abv ks acy ap lg oe qt uv
oj alt alr ama aly amb alz alx als alv alw amc alu cy abf adx ack ob alh (ako uw fu mg le)
ok alt als alz alw alv alx alu alr aly xq (tw za lk ee agb bf vw sp fa tu ajy alc az)
ol alr als abc ou af agh ajs
om alv amc alu alx alr alw ama amd alz amf als aly amg ame alt amb adg aam nj ahv agq ox adf kq v va pr ar lk xg nc l ix fx wl aco
on alv alu alt als alr alw fq abd aka aiv km aeh qz
oo als alv alw alt alr alu alx aae xq afk sh dp us aai abu th uk gi dw
op alz alu als ama alr alw aly alx alv alt nb (age agp nt yp ahg yx (nj aal alj))
oq alz aly alt amb alu alr alv als alx ama alw jk ahi ep wy ww ys rk cg air
or amb alw alt amf ama alx aly alr alv alz amc alu amd als ame ada zi kh all akb ahk zb ng
os alv alt alr alw alu als we zy qh yb fo ih qx aaf akv
ot alw amg amb alt alx aly amd amf als alr alz alu ama ame amh alv amc h ca aif sl ajy uh aco cr we xt ala or z aez ry cl alk
ou ais (aat (vc gb oq aka adh))
ov alr als ft va ol no acp
ow alt alr als alu rv
ox alr alv alu als alw alt alx qr afm gv xa
oy amc alu amb alv als alz alt alx alw alr aly ama ps yg (aau er ht ye ge (il gx oq agv bs iy up e ady yu acj to))
oz alx aly alt alu alv alw als alr qr rp qo co fc mw fm kh id tt zp ng
pa als alt alr um abi du zx jw ajp aei ek
pb alx amb alv alz alw amd alt aly amc ama als alu alr nt cs co vc (aar aao)
pc alw amc alz alt alv amd aly alr alu alx ama ame amb als amf bv afm hy ada aci t ci jn (rn ps) jt no abp lv rx nj
pd alt alw alv als alu alr aic agj n so qo
pe aly alz alw ama alr alv alu alx alt als qs agp (aex du aee ko nf (nj ql afl hs))
pf gm jb ads ud rj id gj
pg vk th qk aco ju lg i tl pl aeo
ph alu alv alw alt als alr hl ze (yi ca rn ak akr)
pi amj amc ami alu alw amb alv ama amk amh als aly amd alz amg amf alx alr ame alt vl ago gp ec px xr wb ex gx nn sf sz qp wc f acr aag
pj alx alu amb amd alr als amc aly ame alt ama alv alz alw vx fz zm qv pf ax iq xj afl iw ft ii zg
pk als alt alu alr va tv (py ali)
pl alt alz aly alu amc alw ame alr alx alv amf amb als amd ama ww xq lp oc ade a ale
pm alr ahp ol dn zj aai se vp ai agw wo co hz
pn alz amh alv amg alw alu amc als amb alx aly amf amd alt alr ama ami ame adh zr agt sr sm aav mj oe he jw adj kc dd ek hb
po alr alt als gl je ahz qh (fp aft vr ym lm (tn fr aaf abb) sm)
pp ama alw alr amb als alt alu alz alx alv aly sy aem un ii f abh (rn aku nv uc afi)
pq amc alw alv alr amb aly alt alz alx als alu ama afu co ey jj ot se aev abu alf
pr alr aly ame amb alx als alt alz alw ama alv amd alu amc dy acs (ahh cs vg fp)
ps amh amf alw amc alz alr alv alx alu amd ama ame amb amg aly alt als alt qr aig dx
pt alt aly amg alv amh alz amb amc als alr amf ama alx alu alw amd ame afn
pu alr ama alx alz alu als alt alv aly alw i wb lm aja vd agj oh ow ny er
pv ame als amd amc alx ama alr alz alv amg amh alu amf aly alt alw amb lx
pw alx aly ami ama alt amf alr amb ame amh alv amc amd alz alw amg amj als alu wf ait us aiv ags abk aid dc (aen adx afk ael kz ix ajo ck)
px amb alx ame als alr alt amc ama amf amd alw alu alv aly alz lu
py alu alr als alt lr mn
pz alx aly alz alv alr alw alt als alu bt qk
qa amj amf alw amc amg ami amb alz alv amd amh alt aly alr ama als alu alx ame zi pa lk rg v rv lk xd xd uu fw pm ace hj
qb amb amh aly amf amg alu alw alx alr amc ame als alz alv amd ama alt po jo aer akt acb tf zn ait mc agh ws dh afc mv xr aii agc afx
qc amb als alw alv alt alx ama alr alu amc aly alz wq ym hu wl afn yf xm ih fg akk km gi dd to akd lo agb rn qq er
qd amg alu amc alz als amf aly ama ame amb alx alt alw alr amd amh alv yq abs adl ig
qe amc alw amh alt ame ami amd aly alv ama alx amb amg alr amf amj alz als alu aju xq tg nq lo aha yb acv abb aia ow ab le qw dx aeg ahp
qf ahi lu ahe bl
qg ama alw alr alu alx alz aly als alt alv ik (ua dj)
qh ama alz alu alt amc aly alw als amb ame alr alx amd alv aio ez
qi alu alr alv alt als alw mz akr
qj alu alw ama alx alz alt alv alr als aly aet mh xw zb afj fx (ail gw em js m) is zi lt ako
qk als alu alv alz alx aly alt alr alw acj akj gl uw agr k acq kr aem xo aha (kk qe aeg aie ud)
ql alx alv alz amd alw alr ama amc als alt alu amb aly gm agc aep ut aih ip be x ik (eb xq aap zx tu adb bc)
qm amh alr alx alv alt amc amg alu ami alw amf amb als aly ama alz ame amd ahd abp td di ql jj (su u id jc nw ps) qc aev aef ee aeg
qn als amf alv alt alz amc amb ame amd aly alx alw alr alu ama fs w adf aiv sk ahk aho zi gv agj yh la av lk
qo alr amc alv als amd ama ame amg alx alu alt aly alw amf alz amb agd
qp als alu alt alr jz jz uh xo aad ale rw is aas acc wg mn jn lb ace ags fy zk adj ot
qq alr als nc
qr alw ama alx alz alv alu alt amb alr als aly fn abq ov yj dq agz fk adm dl xe aan ug lx
qs alr up
qt alr dx
qu alt als aly alv alw alu alx alr alg rg wi aay
qv amb amd amc amj alu als alt alv aly amf alx alr ami ama ame alz alw amg amk amh ms ie ob az yk vi rm lt cp md
qw alv als aly alr alt alz alu alw alx akf kp aiw xm dz gy abm xk aea adz aev ags wl pd afp xe vw hc ahd fh
qx alr amb amd alt amf aly alw alz alv alu amc alx als ama ame amg qf uv ach ahz (aka adf ada ald fq ajt abo ek hb (va yj xv xo aen))
qy alz alt amh ami ama alr amc alv amg amb alu ame als amd amf aly alx alw rw aec agx aev ags og ty ez ajk zf cq af yc ai acu nw
qz alu alt als alr qf ajc aat tm bj ahu alo cx mf km ok tv
ra alw alu als alt alx alv alr yw sr ec tz cm et tv ww wi
rb als alu alt alw alr alv alx vo tz (akt ud cd)
rc ama amc alx amb ame aly alr amh amg als alt alu alw alz amf alv amd oz aak bk zw si kw nf vx agy cw ahl zo aag zg ada bg aga
rd als alr co zr ps ah qq vi rb ej tn u te agr ais agd ahd acn
re amh alr alw amj amb alz als alx alv ame ama amf amg aly amc amd ami alu alt akg rg xm ms (aav ct wm yl yd cl)
rf ama alz alt alu als amb amc ame alv aly alr alx amd alw ad
rg alu amc alz ama alx alv aly alt als alw amb alr vq wh ais zv xg afu alj vb tb vw agt aln jc cm ajq ld
rh alr als alu alt alv fy ds ali b qz aen pd qj
ri alt alw alx als alv alu alr pg zv (mx ow fe)
rj alu ama amc aly ame alx alr alt als amb amd alz alw alv nq wy aki ii bs ahh qf rq hj ue fs xd ez ahg aeu ci
rk alr alw alx aly alu alv alz alt als ok abb fu ug ajl acw os gs nd ajn ajt so alh ih
rl alt alu als alr yi th (ff akv eg jw nd adt je) afv qk il
rm amc alw amh alv ama amb aly alx als amd alr alz ame alt amg amf alu ct ado uh tc g agr mn ahg afn afr ai ss (ov yu abg oh)
rn alr alv alw aly ama als alz amc alx alt amb alu amd wp aer qp ar mg nc adn akt so ni kc rt ji afu (rz tr qc tm pf ajj)
ro als alw alt aly alv alx alu alr afv qu rx fq ay cb hs ajk wg aba cp ajx f rh ia cy so uu
rp amb ame alx aly alr alz alu alw als alt amd amc alv ama pt ge wq ay ny (sd hb) hu abx aam tr
rq aly alt ama alv alw amd alu ame amb amc alz als alx alr amh amf amg ami iu ait mn abo sg pm xo gs ed ln db a cy yp
rr aly als alr alt alx alw alu alv ho alm agu abd ve kt si wk abv akt (agf kk ux qu gg) lw
rs alu alr alw als alt alv kc ko h acj ac vx agf abv fw pg aka wv hx sr akv ov
rt alu alt alv als alr ib qd aiz pq ady va ajs ace abc akv aih qn
ru alu alt alv alr alw als aik on dn c (mx gv adi vn adh wa rx di (akq abh td de ga) a)
rv alu alw amg alv amf alx ame amj alt amh amd ami amc aly alr alz ama amb als aks
rw amf alt alr ame alz alw amb als alu amd amc alx aly alv ama aju mb l pl mx it ao eq bh wv eb hb cs rl mp ci afc t adt
rx alt amg aly ame alr alz ama als alw alv alx alu amd amf amc amb mh yg aez acf abd
ry als alr alt alv alu rn zl aaz
rz alu amd alz amg amf alr ami aly ama als amj amc alt amb alx alw amh amk alv ame ahg fc ju is aek zm wa
sa alt alr alw als alu alv alx aly zg la e fa aka nn
sb alv alz amc alu alr aly ama alw alx als amb alt hk mb pb gw nt (ig akj akm sf vd ud age aj ahp ala aka ce cu)
sc als alv alw alr alt alu pj up pm ahg ajk h agx afw
sd amd alz alw amc als alx ame aly amb alr alv alt amf ama alu afe afc aba
se alu ama aly amh alz als alt alw amc alv ame amb amf alx alr amg ami amd jm agu rk ry bf uv mh zk ee akq ahd pf
sf alv aly alz amd amg alr amb alw alu ame alt alx amc als amf ama og
sg alu alx als alt alw alr alv sy rj zx fy at ae add uo fd akh yq xu rf cv agm
sh alt als alr alu ia ago qm og ea aju xk alj fo acd zh abp yh no fp
si alx alz alt aly alr alu ama als alw alv hk uw acd xg aey tl jz
sj alr alz amb alw ama amc alx alt alu alv als aly ahg sq (gg ajn qr fe) oc mj vf kp wt afz adg abf agp es
sk alv amb als alx alt alr alu ama ame alw amc amd alz aly ze aik sa
sl als alt alr alu c yi is
sm alr uf aee ady abr vk ajj fz acn zg aei jm agc tk acj gk pe (afi hh)
sn alr als alu alt pa afu au
so amg alx alu ame alv alw aly alr amh alz als amf ami amb amc amd alt ama to v aq be ajg kh ob ahs ny qo gw pc kk (aep np mw)
sp alt alu als alv alr rh ajf ez bs
sq alr oj age (pp uc pc p adc ox cg) ly adt ac (ade ye ahe) lf aee
sr alu alr alt als alv qs akr t h abt gk db ajh aq sn ra oa (qz dn de nj)
ss alt alr alv alz alu ama amc alx amb amd als aly alw acv (cm wo n dt kk cr al vv) wz aed ajf qw ake
st aly alr alv alx als alw alu alt qi gd xn sq sx rk aek bl ajn aar lh eg mi ji ih pz qh afi ahf
su alx aly alz alv alu alt alw als alr re aix kn vb cf ch aex cj adn adt wp aam ic agv lu dv abh aie vp
sv als alu ama amc alt alr alw alv alx aly alz amb cq acq pn yu gk ru aiq ff acs aio
sw alv aly alu alr alw alz amb ama alx alt als xv ahu ajx wt abj agp
sx alu alt als alr aii afh afi adj aeq alq qu fe
sy xt yn vt afo ly a hv afc abl kz rh
sz alr aew jp adp aic ack ko aen
ta alu als alx alr alt alw alv acp
tb als alx aly amd ami amb alr amg amf alu alz amc ame amh alv alt ama alw akt aau akk ada (hl hg hj aek dg qc agv ut nj ud ot fs) ahy xh
tc alx als aly alu alz ame amd amg alw alv ama alr amc amb alt amf cc wc sj aec kf qz r ahn ko
td alv als amd alw amb ama amg alx alz amc amh ami aly alu amj alt alr amf ame ih ajt zz acs km aga gj vd ov bh h rg xm aiu
te amd alz alx ama amb alt amc alu alv alw aly alr als hl jq ew acf kv jw agg js ael hy (lg aeh th mk zv ce abd)
tf amc alw alr alx alt amb alz ame amg aly amf alu amh amd ama alv als aby aib ix jg (br pz sl)
tg alu alv alt als alr pm pd tq gm qr akb jx ea nc
th alw alu alv alx alr alz als aly amc amb alt ama tl ry ry ajo
ti als alt alr alu agk ih zw qe nj ge ta od aey age uf br akd cg dd
tj alx alv aly alu alw alr als alt aeo pt dn aer rq acb pn (hl fs akh ib dz re) cf aju ja qf nb
tk als amc ame alw alz amd ama amh ami alu aly alx amb alr alv amf alt amg px oe abf yd by
tl alt alx alw alr als alu alv zb lw afd se akf s aip afu afu gs abz tm (jk ng nv)
tm ama aly alt alu alv alz alw alx alr als vn
tn alw alx alv alz ama alt alr amb alu aly als air eg jy vx ait ahw hz os pp gx uu lm (ahs acg)
to ama alz alu aly alw alt als amd alv amc amb alx alr lj no ay ot zi fv aic nu jq de aik
tp aly alu ama amb alw alr ame alz amd alx amc amg als amf alt alv alp xn ajk agy kg ty uy fs agh dv aag oq fb co agd wi ajq kg aga
tq alz amd alx alt amb als amf alv ama alr ame amc aly alu alw ej
tr ami amd alu amc aly als alw alv amg ame amb amh alz alr ama alx amf alt akq afn xw agc jx zi rp bu gl ml sx rl abc ug ws alg aex acf
ts aly ama alv alz alx als alw alr alt alu ff fr ahh dt zl zw so ke abt ahz ahz abg zj
tt als aly alt ama alw amb alx alr alz alv alu acr kz agh be h vf qc mm xn ee qm fd akx wx
tu als alr sl gr yh xr cs nn fi xs ti
tv aly ama alx amd alw amb alr alt amc alv alz als ame alu ov ajr la ka ald acu p yz fs (rr aeb qn) ky abj
tw als alw alu alt alr alv rw
tx amb aly alz alu alt als amg alw amd ame ama alx amc alr amf alv abo yq gb aec
ty alt alv aly alr ama alz alu alw amb amc als amd alx ame afa mg afi adr tt sg agf aln je pb adx aln xz ih alj afi o b vs
tz akl ags (o iy)
ua ame amc alw amb alz alx alu alt alr aly amd als ama alv amf rk
ub alr alt alu aly alv alx alw als akl vq aan ek aho agj agt zu jt
uc ami als amh amg amj alt alu alv aly amk ama amf amd amc amb alx alw alz alr ame adn ue (abu aev xs pr (uo agt) rn lf) hn ey co ed ch ye ql lw (er adb)
ud amc amj ami als amf alr ama alu aly amk alx alz alt ame alw amg alv amh amb amd pd zc abb alb ve ub eb cp abo pe sh iz aeb ki kc gj aer qm uv
ue alt alv alx alu alr alw als aan ba
uf amg amc ama amh amb alx amk alt ame alz alv amj ami alr amf alu als alw amd aly vu bi cg agi ahg afs ut es gk adl vg si td aih ro
ug amg als alv alr ame amh amd amc alt alz amf alw alx ami aly alu ama amb oa gv (y ed wc rp hw aht dd ags) ado uv (aai ajm aaj tl bz dy to)
uh alw alv alx als amc alt alz alu aly alr amb ama aih
ui alr alu alx alw alt alv als alz aly aco
uj amf ame amd amb alv alt als alr alw ama alu alx amc alz aly fl ds aby uw ug ut gr l uf aid (gr aam aal)
uk ci cc lz nl ep il di dn afr aj zq alf ab acc aic
ul alr alu als alt alv jg rc wd by ahe wb aao agh (ck ace ads i ch) aem fc vo mp
um alr als agy aab mt ii mr io ux hd wj jf
un alw alu alv als alt alr alx ra aaj eb jh yq alu vr ahg py kh gq aan gy pz
uo amh ama alu alv ame alz als aly alx amf amc alw alt amd amb alr amg kb aio q kj nz kn nz ys nq ju dz db agc kj vb tc
up alu ame amd amc als alv alt ama aly alr alx alz alw amb om pt eu my aec
uq aly alv alt alw alx alu als alr alz hl ph aen hk yp yb
ur amg alw alt alu amh amc amb als alv amd ama alz ami amf alx alr amj aly ame amk wg xm aim ac hn
us alr alv alx alw alt als aly alu rz qg gv jy ail (te au wy adb rf oj agi fx ade vd aag)
ut alr ame alx alz alt alw ama alu amb amd als amc aly alv by us s sa vf t (zi (sx mr ci aac afk aeb))
uu alu alr alv alt alw als cs oh mx aie po
uv alw alr amg ama als alt amd amf alu ame alx alv amb aly amc alz xf cs lc aah zv hv agd dg uc akk sb ps agh ql bc qd vl afp gr aig
uw amk amj amb alt alv alx alz amc ama alu amg amh amd ame aly ami alw amf alr als lk sa jw qm ij (ahs (eh or vk rj afb qu uk ba aeo))
ux aly alx amb amc ama alr alv als alz alw alt alu amd id cj aai afp alh cp dq fy le nr
uy alr als jo jf jl ss aeg (wr agp bv xe fe li tk cu ct iw za) (ahl ln)
uz alu als alr alt ajg qv nq ed ala aar
va als alu alr alw alt alx alv aab sl xr mx z jx bj ake ia adp alf cj
vb alx alt alv alw als alr alu aly aap ge abd ahd ahk adv en ez (ns wn et ro cl)
vc als alu alt alr alv du ad aeq aes
vd als alr alt lk ajm aay ba ty uo wk di ahg agc
ve alr als alu alt dt agv ey abq jq di aab ed (fr nb wj il ms yy) em ze gp agj o
vf ame alt amd alx alv alw amg alu ama als aly amb alz amf alr amc qn ee uz eb ail yt gm ahu ry yd wb agr
vg amc alx alu alw aly alz alr als alv amb alt ama amd ame hm ua aab zp (vr xd dk wc)
vh alt alv alr alu alw als cc ajs abp kd
vi amh amc alz alu alw ame alx aly ama amg als alt alv amd amf amb alr ain
vj alv ame alw alx als aly amd amg alu amc alz amb ami ama alt alr amh amf ul fw
vk aly alr als alz ama alv alt alu alx alw kd qo hl acg vt pt sg fi ls cj ahu afi adi ni xl fx adl
vl alt als alr vy ci ye vo er ajr ow nu ki mi z xz
vm aly alx alu alv als alw alr alt ajh ej aao oe alm vl tg fl br abt air li bc lf kx li aet ahi
vn amd ama aly amc amb alt alv alu alr alx alw als alz ir dr ail t xu ts ds bc iu la zj am ti nj alm adp
vo alt als alr qk afw
vp als alt alr ym yt mp eq
vq alu alw alr alx alz amb als ame aly ama amd amc alv alt abe uu te qo aky mf fe agf aac ys wi uu adw ha br ok nf tn
vr alw als alr alx alu alz alt alv aly lc un
vs alv alt alr alu als alw aic va mi ada agc ahz qq jd afe qn ro ac alm ke
vt ame amc alu als alx alr alz alt alv alw amf ama amd amb aly dq ajy aib uu ve l afv es acr px en kn dv go aik ul
vu alu als alr alt tw nq sk gq aae fm aav akq ait vo tj afu
vv alu alt als alr pd pm qi pg bg t rh adv ags fm aa (je kq gz)
vw alu amc amg alr ame alw als aly alt alz ama alx amh amb amf amd alv aha jp ju aih rq adc sh eb pd zo mc
vx als alr zo akn abv pm
vy alu alx alr aly alz alv alt alw als ama ux fr uk
vz alw aly alv alt alx als alr alu vs (e wh)
wa alu alv alw alt alr als px mr ba te oq
wb amb alw alr aly amd alz ame als ama alv amc alx alt alu ajj (xm pl) af acz
wc als alr alv alx alu alt alw mz aei bi
wd alv ama als alw amd ame amf amb amc alt ami amg alx alu alz aly alr amh zd gp ph
we ama amj alv alw amc aly alu ami als ame alt amd amk amg amb amh alz alr alx amf vb vy pq xe fg en rl aib lp acm oc aij (ada xp kt nk yd acc)
wf amg amc alv amj ame amf ami aly alr als alt amh alu alz amd ama alx amb alw ahp wg bx akf er (xc mf dc adv bq aiz ed)
wg alr alw als alz alu alt aly alv alx ama amb akg bc la vg agy sj wc (lh zc km)
wh alw alu alt als alv alx alr aax ye lp mv ajy acx aay
wi als alx alr alu alt alv alw rp alb oj xp wh uy kg zg abk alc
wj alt ama amc ame alu als alv alr aly alw amb alx amd alz ajh wy bt aju et tk vb al aiy rc be di p uf gd
wk alw als alv alr aly alt alx alu ai uu wf tv y uq aeg al gq yq st jd ft agh jr aky ajk im
wl als alr ahu fa cl afm v alo
wm alt als alr cm ajb et tl aeq afm ws pw ag my dj qk rm akj akq aeh
wn alv alw alt als alu alr agv w rg
wo alz ama alr alu alt amf amb ame aly amh amj alw alv alx amg amd ami amc als wq de (alg ajx mm) mc dg xf
wp als alt alr alu di afz pa ahv ahs ade rs akz afv cn pe aka alp acg zi yn k acu hr sn
wq alt aly alz ama alu alw alr alx alv als ajy yh aae cr afc aig aft mo (abu act fg) bl wa us ny agj dp gu vv ms
wr alr alx ama alu alv als alw alz alt aly mz kf aha al mj
ws alv alu amd amb alr ama amf ame amc als alx alz aly alt alw amg ax
wt alw alx amh alu alr ama alz alt alv amd amg ame als amf amb amc aly aby rt ux qx
wu als alu alt alv alr alw zo
wv als alr alv alx alz aly alt alu alw rm th kc adv (ahe gw bq nt fu eb vr kz yj sv aav qa mw)
ww als alw alr alt alu alv akp qa zd ff kv aci co wo akb
wx amg amh alx alr alz alt ame aly amd amf amb ama alu amc als alv alw gx uf nn ahu akx adg ahl ki fi mg acg hk oy vh
wy alt alv als ame amd amb alr amc aly ama amf alu alw alz alx lz
wz aly amd ame alt amg alr alz alu amf alv alx als amc ama alw amb kg
xa als amd amk alr aly alv alw ama alx amh amb alt amg alu amc amj amf ame alz ami acs uw jn jn vv ajb ev ir ug acx rw ws agx
xb alv alu amf als ama amj amb alw alz amc alt ame ami aly amd alx amg alr amh afw lw we wr aff pv (sk fl ahw ahe wn om (alj uy uf ji tf))
xc als alt alr abo adq tz
xd alx alv alw alu amb ama alt als alr alz aly tt ed
xe o xc bg ajr aaq vs aga sz vz aat aeh ajg qs xj tc ia fb ss ph
xf alv aly ama alx alz als amb alu ame alt amg amd alr amf alw amc ry re ug pt
xg amc alr alu alw alx als alt amb ama amd alv alz ame amf aly acw ei pe qv dn ow adb mj ul nw nm ain zo yr
xh alv als alt alr alu bj sc xd ao ld er (lr nm) te aki ar uu sf aaa vm my cs sv tv by
xi alw alz ame alu alt alx aly amd amc als alv alr ama amb mh abj acd ym ako pa agk ow kq
xj alw aly alu alx als ama alv alt alz amb alr aet zt ym uz aet fj ahy ajd ajm zu adj aax abt um (aen jf sb)
xk alv amd amb ama aly amc alw alu alz als alr alx alt oe du dq abg adf (qh rw) acu dk zo vu by aid pu wg mf
xl aly alw alu alv als alx alt alr alz jg aij ahb adp xy (om pj afz) aeb ph aie ajx add ia
xm hi tv ac ip ns ca ro qb to agg ur vh ay ja sw yo
xn alu alt alv als alr adc ft
xo amc alz alx alt ama amd aly alu alw alv amb alr als rg so aig adg
xp alt als alr alv alu alw wf ia aaa yq fc pd xs tv lw ow ael (qr ck ly wy rf) akn sw aci
xq als alt amd ame alr alz alu amc aly alv ama alx amf amb alw ri e
xr ama alz alu amb alx alw alt aly alr alv als dk
xs als alr alu aly alv alz alx ama alw alt amb kp tt gt acz alz (akl vx wp yz agm)
xt alx als aly alr alv alu alt alw oe abs agz g sa adu ahn
xu alt alr als zb go jm wd kh acs aio pk lr agi vo qk dr gs afp
xv alv amg alr alz amf als ami alx amj alu alt amk aly amb ama amd amh amc alw ame adw qo afk gj aju qa sw (cc aie xl)
xw als alu alt alv alr bd kv aev nq yv tc b za sn aks adk oa ahr acr qf (jh alu uc nu xm)
xx alr als abq
xy alx alv alu alr alt als alw akd lo adr sz ws kk gb he ahs
xz hg zi s wz jw cq ro el (xf ft) sg dg air ce aau ee rb cq qw
ya aly alv alr alt alx amb amc alu alz alw als ama amd ol
yb alt amb ame amg ami amj aly alw ama amc alu alx als alz amd alr amf alv amh ia xl aju aad io ez abw yd ho tu
yc alu alt aly als amb ama amd alr alv alx ame alw alz amc akq gh afp ro ro
yd amc alz alt alr amb alv ama amd amf alx alw aly alu ame als ahn jm ci aam qg aga tc ja ahh ack ahc aby
ye alr als bt kb aay tu ake afa aa oh lc ajs
yf alr als nr afb ali vt je ko aq
yg amd alx aly alz alu alt ama amb ame alv amg als alr amc alw amf ajd kz ajv
yh ame alw alt ami amc amg amb alu alz als amh alv amd aly alx amf alr ama amj aii sl ck jf ee (aav ajy jn lz zx yt afb)
yi alz alx alv alw alt alu aly als alr ry cd su zv vt no so hi ajg acz adw he km t bn ae
yj alr alt als alu rw ajw qy al ro gp kv (wd im aff aki) aek qb ajx afg gt aio adl xw li
yk amd als ama alx amg ami alu amb amj alr amc alz ame alw alt amk amh amf aly alv lb nm ht ajw ps fl aht aht (zh adr aik aky fj jd ro en zd lm js)
yl amg alz amb amf amc alx ami amd alt alr amh alu ama als aly ame alv alw co acn oj ed akf xv fb
ym alr alx aly alw als alz ama alu alt alv aew md nx rz afv ahy kt ahd vh aji uk ajj
yn amb alt ama alr als alu alz aly alv alw alx qu mv alo nb aar ahd alv jh et ug ki abs
yo als alt alr alu ahw aha ck my aay ci agw da fm mj mv jf vr
yp aly alv alr ama alt alx alz als alw alu va co la tl mv alm vi qr hr aiu (dz na afa abt ea aba aq lf aca)
yq als alu alx alz alr ama aly alt alv alw yd pw dv agh aiy ll agc yu aep bn tp rj eb abg akb aiv acx ic abw
yr als alt alr alu et gl er ra ic abi ok rn xe ph
ys alv aly als alw alt alr alu alx fv uo aak qi (ay w)
yt alw alr alt alv alx alu als aad ec acl fq
yu dw zs ahd wa mb xy kr hg np mh ahm at ra ali ry aks fw
yv alx alr alw als alu alt alz aly alv dk tm
yw alu als alr alv alt dr tm adp pl nn lu
yx acr af ha aax aay xb ft (afl ph agw am afq)
yy alr als rv jl bd dp ou adw il vk ahr (akx aie ub yr ls) wn kj
yz amf alt ama als amd amc amb alr alz alv ame aly alw alx alu amg aha adi ne aic he agn acy afe ws ip ake ald wb alp fb uf
za ama alx amc alv alt als amf alr aly alz alu amg ame amd alw amb alm j lb sx aap vj ny aff pa (lp ud qn ee up)
zb amc alw amb alx alr ame alt ama amg amf alv als amh alu alz amd aly en aax akh dy bc lx eg sb aaj xt aho ug dk afy ack
zc alu alt alv amd alz aly alr alw amb ama alx als amc dx ajm ck afb mx im acd ajp hx afi
zd alv alr alw ama alz amb alt alx als alu amc amd aly ni afk adb fj eg
ze alr amf alw amg aly alv alz ame amc alu alx amd alt als amb ama afh xd ge (ahi ii aih aat nc kk h us ob) ahr agn an fc ake
zf sh zc bn uk pz (uh agi agk us ajx ai kd afc adb zl ca vy yj)
zg alu ama alw alv alt amb amc als amd alx alz alr aly mk akb (aiq akl tz hr kz cq agx un) sm ga
zh alr als alt aec qj uc hn uf hh
zi amd alw amb alr ame alv aly ama als amg amc amf alx alt alu amh alz agn aho agn ahm (rr (sm ex aaa aep))
zj alr qo aho ex uk nx my aih
zk ama als alt alw ame alu alr amh alz amf alv amc aly alx amg amd amb ro (wm (xs ahn pu kz) ajq) zx sx nu ajq adf nv xz is rn ck ih abb acu
zl alx alv aly alz amf alt alr als alw amb amd amc ame alu amh amg ama ade no wr j fx nv (fa ajf pv ac aca abv oj gu jj iy)
zm amf aly alu alw amc amd ama alx amg alt ame alr alv amb als amh alz gj le ach pg (ahv aha ajv ajj hl akl) sk xh vq
zn zg abu aci akw aij sy ajm gh xp aap rx bf dw aec vr ack gs dg wx du
zo p acv ajt abi st kt adm tm el uz abh l lq qz (vv afg df)
zp alv als alt alu alr dx jc mb all aid qd
zq alr als alt alu oq av fk ii zr oj rz ahy acl np acl ml lb
zr alu alx als alw alv alr alt gr
zs ame alt aly amc alr alw alz alv amb als amd alx ama alu ahj
zt alw alv alu alr als alt alx aly aie afg ts mh km
zu als alr afu qc mb kl
zv alr acp aav xu
zw als alr ade xz pz ai fc ul ia yn aau bf afl eb
zx alr als aca hy r agl acs gv ns aie
zy alt alr als alx alz ama alu aly amb alw alv gw (ajk ul ags) me co zc hg lq agn cw
zz alt als alu alv alx alr alw alo adp ahx nq aca r kf
aaa alr als pe kw ajx abc od xx aid aki ahk (age fp) aeq uq afu kl ace
aab aly alx alw alu amb als alv ama alz alr alt aev aii it l iy xd mg ajn aib fj f gn ps fi db rh ou ahj tt ahh
aac alr aae hh pe alo iv ba px zl hn pi aje
aad alu alt alx alz alr alw aly als alv qh kf qt qc mu qh ng pv
aae alt aly alv alz alw alr als alx alu qn ach alc agf o rg
aaf alv alr als alt alu jr agq aey ail rr dm ft kt fu
aag alu alv alx alw als alr alt zd px acz v ug ks wk aia g yi hr
aah ama alx alu aly ame amf als alz alt amc alw amg amd amb alr alv vb (yy nf afr nf ni) un uz lw qp adk aek
aai aly als alz alw alu alr ama alt alx alv su ir aay (p zk qg agt pd hz (cq py zr))
aaj amj amd alu ama amh als amb ami amf ame alx alz alr amg aly alw alv alt amc ako bn er mr zr ll lf kj hs dy pd qm
aak ama alu aly amb alv ame als alr amd amc alw alt alx alz ahw aax up ac q nw go ka ps cy ua afm ja
aal alu amc aly als alz alx amb ama alr alt alv alw yr ajy (gq aff) ld sp aia pc wk au ahw aew jh (akt ot)
aam amd alr alw alz aly ame amc amh alv alu amb amg alx amf alt als ama zk (lr mg kd oi gb tl kw) hc adh aik yc
aan alv amk als amb amc alz alx alt amh amd ame aly alu amf ama amg alw amj ami alr sx afw ack tb fn ou pb sk ml
aao alv alr alx alu alw alt als hb akq tx mg mw vt rk eo xh bx yf abr ach zt bs ih agq
aap alz alu amb ama als alv aly alr alx alw alt aar cu po cl aex nd dx uq yq ahb (yu xi ahl ix zn ry rh)
aaq alv alu alz ame amb alr als amd alx ama alt aly alw amc yz
aar alt amc amd ame amf als alu amb ama alx alw alv alr aly amg alz ob te vc acl os sn aca
aas alw alx amb alv ama alr ame aly alz amd alu alt als amc id abr rq aha ph fl je dl abf ty (acr yu akx aft ct aky)
aat alx amj als alz alu alw ama ame alt amh aly amb amf alr amc alv amg amd ami adw sf aab kj wp pf
aau amj als aly alx alv amc alr amg ami amb alw amd ame ama alt amh amf alu alz fl hw m iv zf ahu bv jq (aam (so fd nb xp cc lu))
aav alr alw alu alv als alz alx ama alt aly xm zt
aaw alt amb alv alx alr amc amg aly ame alu alz als amf amd ama alw sm z agw vv ach sp aek ajq vc aas
aax amf alx alu amg ama alw amd alv alr ame als alt aly amc alz amb amh agf fs gz acz fv aia ii aen re be rc wh (yb aad lx ei yl) agm ho dv
aay alx amc ama ame amb alv amd aly alt alr als alu alz alw aka yo pk aac agd aib oi agh gy
aaz als alw alv alt alr alu alx hb bo agq md ay
aba alr als mi ix ahr afd qy ni afx la (ot aji og (aed cm fc agi ar))
abb alt alr alu alx als alw alv wu alq ale ady abj nw aif zr yv cv w tx up dw aji ahb gh dl kf
abc alt alr als rg ti (qr be vj akd ay acr ajt bc rc agg ku it ml)
abd alu alw alz alt alv alr alx als aly gw agt yd agh hz ri la hr qt abs kw pj qc ne ca us sx kv
abe als alr alt zf agk aep aaf gj sv js lq td adk de acx
abf amc alx alu alz amd ama amb alt alr als ame amf alw aly alv adp nt lz aak
abg ami ama alr alv ame amh aly amc amf alw alt alu alx amd amb als alz amg aiw ua bl iy ali al is afv nv nc
abh aly amc alw alr als amd alt alv amb alu ama alx alz aab dp xd pf ji lq vt fy akr bt un fi fd wx adw
abi alr lo abf ye wu fm afp co fb aio zf
abj alu alw als alt alv alr add yx ajm iv ajv
abk als alr alx alt alv alw alu ud kt zi ajn afi
abl alx ami amh alu als ama ame alv alt alr alz amg amf amc aly alw amd amb aay (hq gk)
abm alt alu als alr jp gz aju rq yl
abn alr alx als amb alw aly alz alt ama alv alu abh ym
abo amf amg amd amh amb ame aly ama alx ami alr alw alz amc alu als alv alt amj px ok ym nm zw mh agu yb pa sl az afd qs ajz dn hf
abp alr aep cu fa zf ie ea acw aap ok mf ahz iz mm jw aei kt
abq amb ama alz alx ame alu alv amg amc alt ami alw amf alr amd als aly amj amh yh pi (f na jb aiy uc xo bd qu) ir abu afi rq abu ahu
abr alv ama amb alx alu alz alw alt als aly alr fc
abs alx alu aly alw alt als alr alv ka (tv qm akp pj)
abt alr als pz pq wz nu ado (gc akb agr bg xd yk vx)
abu als amd amb alv amf amg alz alx alr ama ame alt amc alu alw aly cp ep alk zu qh rx pe hh
abv alz alu amb alv amc als alx amd amf amg alr alw ame aly ama alt aep ij ec abp rv ay om dx sp oq agp aea xx ut mp ahf (qp ahz uo aaz)
abw alr als alv alt alw alx alu lr gg (ajy fo) yl akc
abx alt alr alx alu alz aly als alw alv oq aax aac aie acc nw ka abb fp aio nt gv vi afs
aby aly alw alx alv alr als alu alt ael kd
abz amb als alu alt alv alr alx aly alz ame alw amc amf amd ama alh zm yy yx
aca alr als alu alt os ld pn gn ajs wf abm nm nd xo nn hx oq sx hu fw acr
acb amg amb alx amd alt aly amf alz alv ama alw ame als alu amc alr ky ahc xd co bq
acc alu ame alt amf als alw alz alx aly amc amg alr ama alv amb amd mx aeu (aca afh) qv akk pt aeu xg lc zx f
acd als alr er qq rn cy wo afd sr qe mh zx adf
ace amc alz alr alw ame alu ama alv amh alt ami amd amg alx aly amb als amf xg abm (ajm zx tp abo oz) ald ajn (afx by jv alm aga)
acf alr aju zk sr r a abs yc pd (su fd vv qd k akl acj em air nl ajs)
acg aly ame alv alu alt amh alz amc amd ama alw als amb alr alx amf amg aje dv jx abm
ach alx alt alv als alw alu alr akw fr lv rq ez kd po
aci amf amd amb alx alw ame als aly alu alz alv alt amc alr ama oz ago yq
acj als alr alt xp yh e gq abn
ack alu als alr alt adw yc qo an adl pm zq rc zx ail
acl alt alw alv alu alz ama als amd amb alr aly alx amf amc ame bo ct acm zf nf rm tt kx ala dq kl (ix ais kz er vm ai ri)
acm alv amf alz alr amd ami alw amc als aly ama ame amg alt alu amh amb alx sk re va lf ld fj eg
acn alu alr ama alx aly alz amc alw ame als amd amb alt alv by mc aid aje bd alp bf
aco alw ame amh alt alv alz amf amg alx ami amc alr ama als amj amd amk amb aly alu ajm adw na aix f hn wl ahe ac dz bj nz ny e abx
acp alr sl ajy aad pg at qo aap wo mw ajg ajl aba agl ql
acq amb amf amc alt alr alu aly alv alw alz alx amd als ame ama nt (ajl ajz) sq dc agi ajc aja
acr amb alw ama amc alr aly alz als alv alx alt alu xb zp cg (jk ty akq) co ux bh
acs alu alr ama alx als alv alz amc aly alt amb alw uj mj er adw akd fv adp (rl eu)
act ama als alz alt alw alx alr alu alv aly lo
acu alt aly amj amh als alv ame amg amf ami amb alw alz amk ama alx alr amd alu amc kf ahu ade bf yz kw aey
acv ama alu alr alv amc alx amd alz als amb aly alw alt ix
acw amc ama alu amb amg alx alz ame amf aly amd alv alr alw alt als th agz bg ll te is hw aak ht aia (aas op aee) dg aex
acx tm mx d ca
acy alv amd alw alu amb amc als aly alz alr ama alx alt ya q adf ox ne se my uc lf mg afn it gt ajo mp a ng
acz alu alt alw alr als alv zz
ada alt alw alz amb alu amd ame aly amc alr alx als ama alv aip afi aed aff nh ake om lk mc akr ahd wd ax acl
adb amh alv amf als ami amc amd alt aly alr amg alu alx amj ame alw amb ama alz ld lk xd jm hq yh afc acy yh ew (ot ws mg ait zy fh ahz gt lq hf)
adc alr als aeu xm
add em fl (abo ado aig fr agi agg vv aea jx)
ade als alr hv vh gs tg aap vu ajg fv ml aks ro dv ou wp br
adf alu alt alv amb alw amc alz ama aly alx als amd alr iu pk ajq v yu i ig gf jf bu agk xf hv yq ji ak yn hs
adg alt als alx alw alu alr alv mj
adh amf als alt alv alw alu amc amb alz amd aly alx ama alr ame dd gh ph
adi aly amc amg amd alu alv ame alz amb amf ama alt als amh alr alw alx id jw (ey ame ed kj zq ei yx oo)
adj alv alw alu alt als alr ss ahz kk yu by agg ago fd xq tu yy afh aks (jq aeo ck)
adk als alt alr mb nu gu
adl xr ks agr xy q fj hw lg vo fu xy
adm alz ama amc amg alr amb alt aly als amf alw alx alu ame amd ami amh alv gk mj zx afy qz ne aby fv xb bd nx ah ne
adn alv alt alu als alr ait c oz cl mm je aem
ado alt alr alv alx alw als alu abk
adp alr alu aly amc ama amf amb alz alw als amd alv alt amg ame alx lr zm amd ez aeu aks (ik mx)
adq ye (bb (bk abz nr nb))
adr als alr wz wo hb ox abt (he aen) vw iu jk rh ahk
ads alr alt als xf xe hl aes xj ry aas nu rs x lq za akw vh
adt ame alv alx als alu aly amc amd ama alt alz amf alr alw amb agj
adu alu alr ame als alt alw amb amd amc alv alx aly amg alz amf ama amh no ns nb bu ag ue aem fg zz
adv alt alv alw alu amd alz amf ama ame als ami amh alx amj aly amc amb amg alr hd (abt pq (agn ok aam ado adn zr))
adw als alr alu alt ge aej gq acc aax vo rv acn ada bc ahy go tl agt alj
adx alw alu als alt alr alv e (abz pt yg ala alq ahd si wq abn zc ed iw cj (id cv dl))
ady als alt alr alu ui afx (wy sg zp be xs) ou (zg agv afl)
adz alv als alx alt alu alw alr aik pn nw yd ajs aby km mm kc ahc
aea alx alz ama amb amh aly als amd amc amf alu amg alr alt ame alw alv rl ajy rt ajn ig add sg ig au aet fa hu akh (o ba zt)
aeb amc als alt alx amd ama amb alv alz aly alu alw alr acy lu qj gh iu mq ra ajo sh ajw (gw mp ahy) xh vd
aec alw ama alz alu amb alv alr als aly alx alt hl by cs adt se (aag sx abq zs aek ll fg) ais yq ou abh ui
aed alt als alr alu uo aic ajj st aeq adr
aee als alu alr alt at xw
aef alt alw alx ama alz aly amc alr amb alv als alu ahh
aeg alr aly amb ama amd amc alx ame alt alw ami alu alz alv amf als amg amh afq nc wq xv hs pk mp md ahj ne uo ye ael dh
aeh alz ame alr ama amd als alx aly amg amf alv ami amh amc alu alw amb alt tn zb d jc ez acm ajs adx mp afp aet rw
aei alr alt als om fx aeg agb wx ev gz acd aex (sw sq)
aej amh alt amb ame alr ama amf aly amd als alv alx alw amc alu alz amg gt sj dp
aek ama alz ame amb alu aly amd amc alx alt alv als alr alw aim vs abd
ael amf alt aly alv alw alx alu ame amg alz amb ama amd alr amc als kx adh ace df ls gl ail dk
aem ama alx alv alr alu aly als alz alt alw qu afy iw gs mo (el bq sk ec vt) afn zn
aen ama alt ame alr alz aly alu amf als alv alw amc amd alx amb ek lq ju zf vb vo e adb adf aeq pf
aeo alt als alu alr alv os abt (kw gq adn ala) xu ait it am aij aii jf
aep alx amb amh amc ame alw alt ama amg ami amd als alz amf alv amj alr amk alu aly xg za ys mm
aeq alu alw alr alt alx als alv og it alx ml aei nw xe adq wk zk x vh gs acm ia zb tl akh ib hn
aer alu alt amb alw aly alx alr alv ama als alz qa yh so da uy gu ne
aes als alt alx alr alw alu alv agc rb ahf ia alj vx abd n agx mz sl
aet alv alu alz alw als ama alr aly amb alt alx wo acp aep gc kp aey dl
aeu aly als amk amj amf amg amh ama alr alz alx alv amb amc alt ame alu amd ami alw h ui tw sw akb akv pr ags pt ib ja jt ahp st ajp ya xj hk mo
aev alu amc als alw amd amg amb amh alt ame aly alz amf alv alx ami ama alr aau ail id vf aaf aaq df am or oc ak afa we aba ff (q bc lw aes)
aew alv alr als alu alt agu uj air qp qg ll jk ee agt aha aio fy
aex als ama alu amd amb alt alw alx alv amg amf alz amh amj aly amk amc ami ame alr yf agc amh aco rx vb ajz
aey alw amc alr ame alv amg aly alz alx alt als amd amf ama alu amb fi fq
aez ama amh ame als alx amg alv alu alr amc amf alz amd aly alt amb alw fr sx u bu qs ez ua ct lu hr gt ml aga tf gi iz aap xi n lf
afa alt als alr acu xp aci uu pg ts (km pn)
afb amb aly amf alw alt ama amg amd alv alr alz als alx alu amc amh ame um jv
afc alr nt
afd alx alw alr aly als alu alt alv afq vx alv sj ww tj vq (cs pq aky) adk ng ajk yr oy (qa dl aam ez)
afe alr alt als dr lv
aff alx alz alu als amc ame alv amb aly amd amf amg alt ama alw alr fl jv rv ahy
afg als alr alt pq (sp we ls tl di alm) sg aer ld us agm zb
afh als alu alt alr tz xg akr ael st ex uw akp afk qr sw yy sk pc adf kr u abh
afi amc alt ama amg alu ame aly amd alx als alz amb amf alv alr alw dy ht ur sd wz nr afv kh lt yg cg wv kl ol eu wo ve yl yy
afj als alr aio cn adp
afk alv als alz alr alu aly alw alt amb amc ama alx agv tq
afl alt alv alu alr als aee le
afm als alr alt k acz abl dv aag hq afh ew ajp md hl ds adz af aad dk abp gg acd
afn als alt alv aly alr alx alu alz alw aic hz
afo alv amc aly amg amf ame alr ama alt alw als alz alu amb alx amd ajp (aeo akw) ay aks ki ga
afp alr als ama alt alx alz amb aly alu ame alv amf alw amd amc qo age wl akj akr ht acr kr abn (aca he yk)
afq alu alz amb aly alv alr als amc alx ama alw alt ht ia ey ahm w vs ajt ajg df ll jk abq td agl iv alq hp
afr alr hf gd ml agc adi zt rr al be lr xc dv gz fm cj alf xn
afs alw alv alr als alt alu it mf ajg to bh (il jn agh zc adw ck)
aft amg alz alx alt als ama amj alv alr alu alw amf amc amd amh ame amb amk aly ami mk sd yx tf az xk
afu alr alt als agn ajg px lr aaf qn vz cp ug wa ajr akz kt xb aet ze yf
afv alr alt alu alv als aiq
afw afe (acs ha lc ic) dj zw ahk hz du zh qm (ky aax ap le ry)
afx amb alt alv alx aly als amc ama alw alu alr alz iw ht eg bm abb
afy alr jq di sv lo ti aan jo iv pq jn all aiy nb agp
afz alr als ri wa (nh ga (aen akw wv afm) aey lo vl ev aic agv gm akp)
aga ama alu alv als alt aly alr alz alw alx jy sw uw (tz yd ry (wv tt vx xr pp ei dw))
agb als alr alt s du hd akg aia vv abi go (le hk dj agn ahh) ix
agc amg alu alw ame ama alt ami amf als amc amh aly alv alz alr amd amb alx qh ae bj iu aeo ny abv ud bl (yt uj tf abz il qf aaw) wa aao fx ps
agd alw alv als alr alx alu alt pp yc pt aif mo vb gw ale agb kz xs ip
age alu als alw alr alv alt hf to vg rf ahz jp mj aes zi zr ahu ne (yc ahj aif eb po kq tl)
agf alx alt alw ama als amd alu alz amb alv amc alr ame aly li cn ju mh jw
agg ama amh alr amc alx alw ami amb alu alt amf als ame amg aly alv alz amd uq cj uy io li dw aet wu dz oe afr (gw yo bc uw me acg)
agh als amd alx amg alu amf aly alv alt alr amc amh alw amb alz ame ami ama ala (iy yd sx) xk xf afx v cw oz yg tc x agi
agi yi oz xf aar ln hq qc yv age aib aey je ni afa ba wm vz aix aai oc
agj alv ami alt amh alz amb amc alx amg ame alu amf als amj alw aly amd ama alr os ajt aiq jm aap wl aih zy qu
agk alu amb alw aly als amf amd alr amg alv alz ama ame alx amh amc alt ma
agl amc alw amh amb amd aly ame als alx alt ama alu alz amg alv amf alr ox qj aih ky aig (so nr aaw wc ahi) agg
agm alw als alz alx alt alv ama aly alu alr ajm tl dn fr gq yr lc acq iu ael mt
agn amc ama alr alx amf alw als alt alv alu alz amd ame aly amb ax xi cr qh ads zn akv lf
ago alv als alu alt alw alr cx alj vb vx all qn du hq nv
agp alu alt alr als aes acm zy ic bb abn xr iu
agq ama alw amk amg amd alr als alx amc aly alv ami amb ame alz amf alu amj amh alt ajr nq pg alq agp zf aam kz yh abo
agr alr alz alv amf ama amg alu ame aly amc als alx alw alt amd amb amh us km acy ahl uz en aek yb (tw abg acj dm zt ig acl fw uo cp)
ags alt als amc alx alw aly alv amb alr ama alu amd alz av iq ahz akb dx c ajh
agt als alr alu alt abi b u oa ahr il
agu alw aly alv alr alx alt alu als xy ms
agv alr aly alv als alw alu alx alt oo oe yx cc ee qq xr kw tc eu ahn aid ln
agw als alt alr tb fu ahc kz tf hw bs qb xa iw qi ei air dw jf d ka ahc (ea aei)
agx alr alu alt als akf ig xw bz aac un tz eg fm ab tz ce dm
agy alr als df pg sx aa yy qx
agz alt alr alu als lv uz ajb ln q uz le ace pd adk lo qa zq acq
aha bf vw kv
ahb alr alv alu als alt alw zz (fi xv fe sl)
ahc aly amd ame alu ama amf alz als alw amc amb alv alx alr alt dx
ahd alt alw amf ami aly als amc ama alx amb amd alv ame amg alr amh alz alu ll
ahe amb amj als ama amd amg ami alx amh alv amf alz alu ame alw aly alt alr amc aim aez rr ajh gy zq abl ajk ts afx dd zq wi ua afx
ahf alr qo ap kl abm ajm akq xz
ahg alr alt aly als alw alu alz alv alx uu st lf add aah (cd kp) ajp ahl i qc aez ol afj aju
ahh alv amc alz amb ama amd alr aly ame alw alt alx als alu ahu hj om adt ay pf gg nh ft vt acn
ahi als alu alz ami ame amh alx ama amb alr amk alv alt amc aly amg amj alw amf amd ju vo
ahj ama amb amc alu alr ami ame als alv alz aly amg amj amd amh alx amf alt alw od ln nb qe aah gm wp
ahk amb alv alr alw alx als aly ama alt alu amc alz sh am aba abz ik jp hd ajq ed ajt ad afq ku
ahl alx alv alz alu als alt ama aly alw alr aho pj
ahm amg amc alx als amb amf ami ama amd alz alw alr amh aly ame alv alt alu mt aau ry zd dt aav zv (vv l zn be aef qs akc)
ahn alx als amc amf amh amb ama amg alt alr amd alu aly alv ame alw alz n hj ax gd dy ac tv agb pe ow
aho ame alx aly alt amc ami amf ama alz als alr alw alv amg alu amb amd amh vr db rk rs jy fh aai
ahp aly amc alv ame alx alt alr amg amd amf amb amh alw ami als alz ama alu ds
ahq alw alx amf alz aly amc alr ame alt amb ama alv amd alu als us uw ve bg aim ajd kd
ahr aly alu amc alz alr alw ame amb alt als ama amd alv alx yz aiw agg alq az akd lg akx to abz hm mq df jh afh
ahs ame amc alx alt ama amh aly alr amg alw alz amf amd als alv amb alu acm ek jc ko yh wl gj na my aes
aht alv amd amh ami alr ame amf alu alw ama aly als amb alz alt amc amg alx pr hu aer yn aaq we ua da
ahu amc alv alz ama alx amf aly als amd alu amb ame alr alw alt cp
ahv alr alx alw alt alv alu als ag oe rp px ajc aaw mq akh gq ck
ahw amh alv ami alx alz amc amd amf alw ame amb alu als alt aly alr amg ama eq ada sh pk ajm eb oh qo aeu eq c acj vi oj vf
ahx alu alv alr alw alz alt als alx amb aly ama amc sq age aja zs (agw zn)
ahy amg als alw alt amc alz aly ame amd amf alx amb amh alv ama alu alr dd xw ay (ajt iy (rk ls ahx mq (av eb dv acj by)))
ahz alt alr als xa aha dz sp ud ez jh (bj adm)
aia alr als alu alw alx alt alv acr xj aju aag ads xw cs ajt au yr ab hi
aib alr vu jw aaf ni qr akk ri wb cg ip ez mv abp aj hd
aic als alv alu alr alt alw lo afl fh k acl aaq (oc cd lv jr he acq (ro dg zl) mj ki)
aid alt alr alu als h
aie ama alw amc alr amb amd alz alt alv aly als ame alu alx alc on yq ha t aha fa dp zf
aif alt als alr qh aip agi wq abv e ms kz wz um hm aq aei adq pe kl alm
aig amh amg amf alx alt alr alz als aly amd amb alv alw amc ame ama alu ami ahl re fh qz bj aes b ez p akj dl ahz us agk ba cw
aih bl hc agy afc afw zs v aj cb ns
aii alt aly alu alw als alv alr alz alx ml eo abi hu nr alk agj agi ru dm ep fl abj mc afn abf ajb
aij alr acz aco rt adv (uu i sc akc (dy adl ajl lh py aim mx zp sa io))
aik aly alv alx alw alr amb ama als amc alt alu alz fd ajw jq cz co ha qa
ail alr als alu alx aly alt alv alz alw sd o wn aid adv (aem ce ajj sq abz) aes (br (cz acm fu pj xv bt aji))
aim alr alu alz als ama alt aly alx alw alv ni jj abh y pn
ain alx alu alr alt als alv alw acr zm ahd (adt xu aei) gk xf hq ef gp (tk gf wu pu)
aio alv alr amc amb als alw alt alx alu ama alz aly agu uj afj qe br mj acv adz cv tc ade ajh cc ud mt mq xe qo cj
aip amf alt amb alu alw aly ama alr amc amh amd alv als alx amg ame alz ss
aiq amc als alv amg amb amf alu alw aly ame ami amh alx amd alz amj alr amk ama alt gm bc kk (aga bk alg iq aen bw abu)
air kq uk fy ih ln qz ts acf (gc mn gd) sz hm
ais aly ama ame alr amb als amd amc alw ami alv alt alu amg alz amf amh amj alx agx agu xq me ub nk ado rn
ait alz ama alv alw als alu alr alt alx amb aly d id
aiu aly amb alz als ame amc amd alv amg alx amh ama alw alt alr alu amf aax ey dx sd im bp mp uy amf zs f vv (ako rs) agj hr aff vp
aiv alx amb amc amd alu alt alr aly alw als alv ama alz nl td sp agd mt bj sa r dk fw abc go ws adg pj uj
aiw alr als alt alg mu acb agr dd jl (uu xe no px ek) agb ms tz yr hr sp hb
aix alr xt cl gk kc
aiy amc als alu ama alv alx amb alt aly alw alr alz amd ct ev ajs me lu yt (adt dh adb fl tn vi hb nr ct aiw vm ait aam yd)
aiz alt aly amc alz ami alw alv ama amf ame amh alx amg alu alr amj amb als amd acl lm dm rw tg mm xv
aja alt als alr yv
ajb alz alx alt alw amb alu aly ama alv alr als fh wt rg (hw ais aby fv mz vw ahv di bv ix wf bz cg)
ajc alv als alt alu alr aly alw alx yv aga ay fu (vd (cv jj aw oz ix))
ajd alv ame alt amb amf alz als alr aly alw amh amj amc amg ama ami amd alx alu ib (aky ahz tf ss)
aje ame amd alv alw aly alx als amc alt ama alz alr amb alu ale dn (fg hf hz sa aiy kq yk ps sj abz lo)
ajf alt alr als ake
ajg als alt alr ku bm ahi aa ahi
ajh als alr tw dy hk aig
aji als aly alv alt alr alu alw ama alz alx rf zm ey sq on agr nd (kx fg aiq hb abw aa akb k pe)
ajj ama alx alw amc aly als amd alz alv alu alr ame alt amb fo fu afw ady jk pw (adm ez lf yd ahc fl yy rb ut vz mo pv bz gj)
ajk amf alz amc amb ami alw amk alx alr amj amh ame amd alt ama alu amg alv aly als nm aed nj abu pt jl au aiy bu aii kn zp
ajl alr alx alz aly alv alu alw als alt jj afw ago
ajm als alt alr alu alw aly alx alv aey
ajn ame amg amf alv alw amd als amc alu alr aly alx ama alz amb alt amh cb py ar g vb agq nm aka pw c adt gv wf aef gh ahk
ajo alt amf alx alz alv alu amc ama amd amb aly alr als ame alw aky gp wo dh ym kc adh aeu dm by bv it sm lj aai
ajp alx alr ama alt alz als alu alv alw aly adg afu (dc adv ajf aix abw) aih bg xc hq aef
ajq als alr afm
ajr amd alv alt alu alw alr ama alx als amb alz amc aly ak agb qt qc xb ajg tq ajw aig zw vp gg hl
ajs alr alv als alu alt alw wz qt yb yi en ahi zt dk pt adh
ajt alv aly alw alr amb als amc ama alt alz alx alu gc (ay to zy (ty dn ai)) xg xx nr zl xi cm alk adz aap jt ajr
aju alr als alu alt alv cs b afo tm aac sf aq agw fo bh kh xj aby fx fm ahx aat pa (yn hj)
ajv alw amc alr alz als alv aly amd alt amb alx alu ama wx id aci ek akc yx aee (zs afl fg aff) ch my adx ahy
ajw alr alt alu als mg akc yp ku nt cc pc aep pm ahl ahv ais ef afl ajc gr ald ajy
ajx alr als adt cy ng xq ln th ajn jr ni nh ajl (wd mi v agm en oz)
ajy amb ama alw aly amd alx alt alu amc alz als alr alv abk ahc gb aka tm rz gg aby iq su acb rz
ajz als alt amf ame alu amh amg amc alx alr alw amb amd ami alz aly alv ama ln f rr agc ea hl ol aip aeh to xr jl
aka alw ame aly amc amb alv ama amd amf alx alt als alr amg alu alz acp ahj (ma ef ru db rb mq aw acc abr)
akb ami amb alw amg als alx alr alz amj alu amf amc alt ame aly amd alv amh ama acl agz
akc alx aly alv alu alw alt als alz alr acz uo ait yp jp vo cd akq abt aiu co
akd alu alx alv als aly alr alt alw cq
ake alu alx ama alz als alt alr aly alv alw uj
akf agr en abn cl rs nu
akg alx alw aly alt als alr alu alv aek aio alj
akh alt alr alz als amb amc amd alx ame ama alu aly alv alw oa hw adc jj fi ajc aef dy ca zr
aki als alr ahx xx jo lj nc vv io wa fk dp aie ahk aeo
akj alx alv alz ama amb alw alu amc alr alt als aly kj acp wf ji yb kg iy add
akk ama amj amg amf amc amd ame alz alu alr alt aly amh alw amb alv ami alx als cr
akl alt alr als bg rh ko ra ain aba hd kl akt bd pt nj aib ps aia lh
akm alt alr amj ame alx alu amg amf amc als alz alw ami amd amh amb aly ama alv ho
akn amb ame ama alz alu als amf alt amd amg alv aly alw alr amh amc alx uq tl aej mu vb acf fx
ako alt alr als aem ot afj ads jd lr aaw ael ah aht ns
akp alu ama alv alr amb alw alz alx alt amc amf als ame amd aly aka
akq alt amd alx alv ama als amc ame alz amb alw alu alr aly qa jm ta ia ho cy yg hn ace agm ago hx aiw rj abc dl h bv cs
akr alv amd alz alr alt alw aly alu amb ama alx als amc oi cr cd ai dh th pd vm ev m afm
aks alc
akt alw alv alr als alu alt vp xr tz aaf nv (hs dg afk)
aku ama alr alw amb alx ame aly alt amc alz alu als alv amd yk adi pi (uw agd yx yh (aka (ob agl bu gb gz ud ba) lj ob qf) akv)
akv als alr fp fk ml wa ph cr rw ag ca
akw amb alu alv alx amg amc amd alr alz amf alt alw aly ama ame als yl bc (qb aku yf qd av aex) aib h k ajn cc
akx als aly alw amb alr alu alv alx ama alz alt amb pk lw sp zf
aky alv als alr alu alt alw ald ia g j tw aeq qe dm ajd wr aef sa uv adu zc age xz xt
akz amf alr alw ame alu ami als alx amc amh alv amd amb amg aly alz ama alt gn aks abm je uz oz lf abl wj qc xc
ala amf amd als ama amg amh amc aly alt alz amj alu ami amb alv alw alx ame alr acd cs ahl mk
alb alu alw als alx alr alt alv vh agg fo iy abs ahu ui rh pu afh (yh js adh (t kq abd qg ym))
alc alr alt alx alv aly alz alu als alw td (qz ci cp) kp ph je qn
ald alr gy sw ql (oq fw (k ui na aky yz bn uj aej y) lw f gg ajn)
ale als alr zm sh bv aay
alf amb als alx alz alv alt alr ama aly alu alw aje lo adv c pk afv rb io aif o tb fs go
alg ama amb amc alu aly alz alt als alx alr alw alv ui afs bc mv dm abl ph tx ca hg oj
alh als amc amb aly alu ama alw alz alv alr amd ame alx alt dv abi aeo jt iy ajs
ali alt alr alu als nf alg im ahr adj gr qm rq zx ahk
alj alu alt alv alw als alz alx alr aly aai aey gc tu lv xi jx jz xw afn
alk alw alu aly alr alv alt als alx gc by qa afd aee wl aaq bz agd akw aal ahp adc gx
all als alr ahg akr
alm alt alz amb alx aly alr amc alw ama alu alv als adb ri akh ajy (te tx wi abn ale dv) yy or eq afi yf hq tq db sb ke
aln alv als alw alt alx alr alu afm qt ue alf vn yy lp lj aib db ev ry alf ajd dk aeg
alo amc ama alt alw ame amh amd als amf alx amb alu aly alv ami amg alr alz aax n ln ahw us aal vc ie ajr kf (lp (alb agy rj us ags za))
alp alv amc alu aly alw ama alz alx amd als amb alr alt yn acq ww go zy aew gz oz an fp adg aeo abe rf ake dt abk et vf sk
alq amf ami alr alt aly ama alw amb alz alu alx alv amc ame amh amj amg amd als aiq adr ba cp cv aga sn alj cl ym
main aff A alc rc oa li B fo ta zk C yd gt D E F sa G H pr I J ql K L afh am ao ahl M N df ahj yi (aac O aap le ain il qa aib ald uo agv aco ako aaa wl P) xc ade akp adz xh f hw qf zy sk afp Q ul akp aeh R S aad ge ca T cd sg tm hp qe jy U xv (xp V) W qt sa ze jp aar ay mh X adk Y Z AA bz fh vz kw AB xp abv aed AC wa AD yj ez ze kk vr abo ahw AE re AF agv akp ahc mw AG fb aea adj aib hv AH ef ka AI qx lo dv (abg yi ny abs ov mp ny ky) AJ vb jv AK AL aar rj gv AM AN bo hk ahw zf jc (kg akx k ma (AO agv AP ahi my ael ack abm) nj) gl rt aiv sw dg iq rg ok ai h AQ pk AR xs aix is aam uo fs AT AU AV AW ur pg ajs qt mv bi AX AY wn ci (AZ nn nw ut agt akh ahu BA (BB g ed lb alc uv abp (om ej hu ex bs nr gz (nj aey by el)) ago gq aex ew ig zp mv) BC cj agk (eo akl BD fk) agd ex aho sh sk BE adn BF aae BG px aeu) aiz BH akx zk agz nf rl cd n BI afi ob BJ tk (ck hn eu ahs BK BL aev agc BM vj) BN oc nl BO kx qh (ahu qf ahz BP fv qz) k cj si abt no ago qc aga acc BQ ps qe BR aec BS ga fe xj aj BT lu xr ol se ail qs ka ge cs BU ajp ni pn ahr BV jo aht sa acz gj afl BW fm aab BX yx vc fd jv ci acd adj iw aed ae u BY BZ abl km CA ags vy py CB ai gy afw CC (br lf) (me CD rv mv mo CE CF CG agy mg ajo ls (CH CI op mr jf yx rj) zq akt gr CJ aha CK abx xd lp aca ail wl eb ux am) ajs kr akw ahd akt oc
------------------------------------------------------------
aff A alc rc oa li B fo ta zk C yd gt D E F sa G H pr I J ql K L afh am ao ahl M N df ahj yi (aac O aap le ain il qa aib ald uo agv aco ako aaa wl P) xc ade akp adz xh f hw qf zy sk afp Q ul akp aeh R S aad ge ca T cd sg tm hp qe jy U xv (xp V) W qt sa ze jp aar ay mh X adk Y Z AA bz fh vz kw AB xp abv aed AC wa AD yj ez ze kk vr abo ahw AE re AF agv akp ahc mw AG fb aea adj aib hv AH ef ka AI qx lo dv (abg yi ny abs ov mp ny ky) AJ vb jv AK AL aar rj gv AM AN bo hk ahw zf jc (kg akx k ma (AO agv AP ahi my ael ack abm) nj) gl rt aiv sw dg iq rg ok ai h AQ pk AR xs aix is aam uo fs AT AU AV AW ur pg ajs qt mv bi AX AY wn ci (AZ nn nw ut agt akh ahu BA (BB g ed lb alc uv abp (om ej hu ex bs nr gz (nj aey by el)) ago gq aex ew ig zp mv) BC cj agk (eo akl BD fk) agd ex aho sh sk BE adn BF aae BG px aeu) aiz BH akx zk agz nf rl cd n BI afi ob BJ tk (ck hn eu ahs BK BL aev agc BM vj) BN oc nl BO kx qh (ahu qf ahz BP fv qz) k cj si abt no ago qc aga acc BQ ps qe BR aec BS ga fe xj aj BT lu xr ol se ail qs ka ge cs BU ajp ni pn ahr BV jo aht sa acz gj afl BW fm aab BX yx vc fd jv ci acd adj iw aed ae u BY BZ abl km CA ags vy py CB ai gy afw CC (br lf) (me CD rv mv mo CE CF CG agy mg ajo ls (CH CI op mr jf yx rj) zq akt gr CJ aha CK abx xd lp aca ail wl eb ux am) ajs kr akw ahd akt oc
fl jv rv ahy G H pr I J ql K L afh am ao ahl M N df ahj yi (aac O aap le ain il qa aib ald uo agv aco ako aaa wl P) xc ade akp adz xh f hw qf zy sk afp Q ul akp aeh R S aad ge ca T cd sg tm hp qe jy U xv (xp V) W qt sa ze jp aar ay mh X adk Y Z AA bz fh vz kw AB xp abv aed AC wa AD yj ez ze kk vr abo ahw AE re AF agv akp ahc mw AG fb aea adj aib hv AH ef ka AI qx lo dv (abg yi ny abs ov mp ny ky) AJ vb jv AK AL aar rj gv AM AN bo hk ahw zf jc (kg akx k ma (AO agv AP ahi my ael ack abm) nj) gl rt aiv sw dg iq rg ok ai h AQ pk AR xs aix is aam uo fs AT AU AV AW ur pg ajs qt mv bi AX AY wn ci (AZ nn nw ut agt akh ahu BA (BB g ed lb alc uv abp (om ej hu ex bs nr gz (nj aey by el)) ago gq aex ew ig zp mv) BC cj agk (eo akl BD fk) agd ex aho sh sk BE adn BF aae BG px aeu) aiz BH akx zk agz nf rl cd n BI afi ob BJ tk (ck hn eu ahs BK BL aev agc BM vj) BN oc nl BO kx qh (ahu qf ahz BP fv qz) k cj si abt no ago qc aga acc BQ ps qe BR aec BS ga fe xj aj BT lu xr ol se ail qs ka ge cs BU ajp ni pn ahr BV jo aht sa acz gj afl BW fm aab BX yx vc fd jv ci acd adj iw aed ae u BY BZ abl km CA ags vy py CB ai gy afw CC (br lf) (me CD rv mv mo CE CF CG agy mg ajo ls (CH CI op mr jf yx rj) zq akt gr CJ aha CK abx xd lp aca ail wl eb ux am) ajs kr akw ahd akt oc
pv ze agz ug akk agc kk my adi lw ql K L afh am ao ahl M N df ahj yi (aac O aap le ain il qa aib ald uo agv aco ako aaa wl P) xc ade akp adz xh f hw qf zy sk afp Q ul akp aeh R S aad ge ca T cd sg tm hp qe jy U xv (xp V) W qt sa ze jp aar ay mh X adk Y Z AA bz fh vz kw AB xp abv aed AC wa AD yj ez ze kk vr abo ahw AE re AF agv akp ahc mw AG fb aea adj aib hv AH ef ka AI qx lo dv (abg yi ny abs ov mp ny ky) AJ vb jv AK AL aar rj gv AM AN bo hk ahw zf jc (kg akx k ma (AO agv AP ahi my ael ack abm) nj) gl rt aiv sw dg iq rg ok ai h AQ pk AR xs aix is aam uo fs AT AU AV AW ur pg ajs qt mv bi AX AY wn ci (AZ nn nw ut agt akh ahu BA (BB g ed lb alc uv abp (om ej hu ex bs nr gz (nj aey by el)) ago gq aex ew ig zp mv) BC cj agk (eo akl BD fk) agd ex aho sh sk BE adn BF aae BG px aeu) aiz BH akx zk agz nf rl cd n BI afi ob BJ tk (ck hn eu ahs BK BL aev agc BM vj) BN oc nl BO kx qh (ahu qf ahz BP fv qz) k cj si abt no ago qc aga acc BQ ps qe BR aec BS ga fe xj aj BT lu xr ol se ail qs ka ge cs BU ajp ni pn ahr BV jo aht sa acz gj afl BW fm aab BX yx vc fd jv ci acd adj iw aed ae u BY BZ abl km CA ags vy py CB ai gy afw CC (br lf) (me CD rv mv mo CE CF CG agy mg ajo ls (CH CI op mr jf yx rj) zq akt gr CJ aha CK abx xd lp aca ail wl eb ux am) ajs kr akw ahd akt oc
lx N df ahj yi (aac O aap le ain il qa aib ald uo agv aco ako aaa wl P) xc ade akp adz xh f hw qf zy sk afp Q ul akp aeh R S aad ge ca T cd sg tm hp qe jy U xv (xp V) W qt sa ze jp aar ay mh X adk Y Z AA bz fh vz kw AB xp abv aed AC wa AD yj ez ze kk vr abo ahw AE re AF agv akp ahc mw AG fb aea adj aib hv AH ef ka AI qx lo dv (abg yi ny abs ov mp ny ky) AJ vb jv AK AL aar rj gv AM AN bo hk ahw zf jc (kg akx k ma (AO agv AP ahi my ael ack abm) nj) gl rt aiv sw dg iq rg ok ai h AQ pk AR xs aix is aam uo fs AT AU AV AW ur pg ajs qt mv bi AX AY wn ci (AZ nn nw ut agt akh ahu BA (BB g ed lb alc uv abp (om ej hu ex bs nr gz (nj aey by el)) ago gq aex ew ig zp mv) BC cj agk (eo akl BD fk) agd ex aho sh sk BE adn BF aae BG px aeu) aiz BH akx zk agz nf rl cd n BI afi ob BJ tk (ck hn eu ahs BK BL aev agc BM vj) BN oc nl BO kx qh (ahu qf ahz BP fv qz) k cj si abt no ago qc aga acc BQ ps qe BR aec BS ga fe xj aj BT lu xr ol se ail qs ka ge cs BU ajp ni pn ahr BV jo aht sa acz gj afl BW fm aab BX yx vc fd jv ci acd adj iw aed ae u BY BZ abl km CA ags vy py CB ai gy afw CC (br lf) (me CD rv mv mo CE CF CG agy mg ajo ls (CH CI op mr jf yx rj) zq akt gr CJ aha CK abx xd lp aca ail wl eb ux am) ajs kr akw ahd akt oc
un pv um er hp ep agx mf cu p df ahj yi (aac O aap le ain il qa aib ald uo agv aco ako aaa wl P) xc ade akp adz xh f hw qf zy sk afp Q ul akp aeh R S aad ge ca T cd sg tm hp qe jy U xv (xp V) W qt sa ze jp aar ay mh X adk Y Z AA bz fh vz kw AB xp abv aed AC wa AD yj ez ze kk vr abo ahw AE re AF agv akp ahc mw AG fb aea adj aib hv AH ef ka AI qx lo dv (abg yi ny abs ov mp ny ky) AJ vb jv AK AL aar rj gv AM AN bo hk ahw zf jc (kg akx k ma (AO agv AP ahi my ael ack abm) nj) gl rt aiv sw dg iq rg ok ai h AQ pk AR xs aix is aam uo fs AT AU AV AW ur pg ajs qt mv bi AX AY wn ci (AZ nn nw ut agt akh ahu BA (BB g ed lb alc uv abp (om ej hu ex bs nr gz (nj aey by el)) ago gq aex ew ig zp mv) BC cj agk (eo akl BD fk) agd ex aho sh sk BE adn BF aae BG px aeu) aiz BH akx zk agz nf rl cd n BI afi ob BJ tk (ck hn eu ahs BK BL aev agc BM vj) BN oc nl BO kx qh (ahu qf ahz BP fv qz) k cj si abt no ago qc aga acc BQ ps qe BR aec BS ga fe xj aj BT lu xr ol se ail qs ka ge cs BU ajp ni pn ahr BV jo aht sa acz gj afl BW fm aab BX yx vc fd jv ci acd adj iw aed ae u BY BZ abl km CA ags vy py CB ai gy afw CC (br lf) (me CD rv mv mo CE CF CG agy mg ajo ls (CH CI op mr jf yx rj) zq akt gr CJ aha CK abx xd lp aca ail wl eb ux am) ajs kr akw ahd akt oc
ra aaj eb jh yq um vr ahg py kh gq aan gy pz cu p df ahj yi (aac O aap le ain il qa aib ald uo agv aco ako aaa wl P) xc ade akp adz xh f hw qf zy sk afp Q ul akp aeh R S aad ge ca T cd sg tm hp qe jy U xv (xp V) W qt sa ze jp aar ay mh X adk Y Z AA bz fh vz kw AB xp abv aed AC wa AD yj ez ze kk vr abo ahw AE re AF agv akp ahc mw AG fb aea adj aib hv AH ef ka AI qx lo dv (abg yi ny abs ov mp ny ky) AJ vb jv AK AL aar rj gv AM AN bo hk ahw zf jc (kg akx k ma (AO agv AP ahi my ael ack abm) nj) gl rt aiv sw dg iq rg ok ai h AQ pk AR xs aix is aam uo fs AT AU AV AW ur pg ajs qt mv bi AX AY wn ci (AZ nn nw ut agt akh ahu BA (BB g ed lb alc uv abp (om ej hu ex bs nr gz (nj aey by el)) ago gq aex ew ig zp mv) BC cj agk (eo akl BD fk) agd ex aho sh sk BE adn BF aae BG px aeu) aiz BH akx zk agz nf rl cd n BI afi ob BJ tk (ck hn eu ahs BK BL aev agc BM vj) BN oc nl BO kx qh (ahu qf ahz BP fv qz) k cj si abt no ago qc aga acc BQ ps qe BR aec BS ga fe xj aj BT lu xr ol se ail qs ka ge cs BU ajp ni pn ahr BV jo aht sa acz gj afl BW fm aab BX yx vc fd jv ci acd adj iw aed ae u BY BZ abl km CA ags vy py CB ai gy afw CC (br lf) (me CD rv mv mo CE CF CG agy mg ajo ls (CH CI op mr jf yx rj) zq akt gr CJ aha CK abx xd lp aca ail wl eb ux am) ajs kr akw ahd akt oc
yw sr ec tz cm et tv ww wi py kh gq aan gy pz cu p df ahj yi (aac O aap le ain il qa aib ald uo agv aco ako aaa wl P) xc ade akp adz xh f hw qf zy sk afp Q ul akp aeh R S aad ge ca T cd sg tm hp qe jy U xv (xp V) W qt sa ze jp aar ay mh X adk Y Z AA bz fh vz kw AB xp abv aed AC wa AD yj ez ze kk vr abo ahw AE re AF agv akp ahc mw AG fb aea adj aib hv AH ef ka AI qx lo dv (abg yi ny abs ov mp ny ky) AJ vb jv AK AL aar rj gv AM AN bo hk ahw zf jc (kg akx k ma (AO agv AP ahi my ael ack abm) nj) gl rt aiv sw dg iq rg ok ai h AQ pk AR xs aix is aam uo fs AT AU AV AW ur pg ajs qt mv bi AX AY wn ci (AZ nn nw ut agt akh ahu BA (BB g ed lb alc uv abp (om ej hu ex bs nr gz (nj aey by el)) ago gq aex ew ig zp mv) BC cj agk (eo akl BD fk) agd ex aho sh sk BE adn BF aae BG px aeu) aiz BH akx zk agz nf rl cd n BI afi ob BJ tk (ck hn eu ahs BK BL aev agc BM vj) BN oc nl BO kx qh (ahu qf ahz BP fv qz) k cj si abt no ago qc aga acc BQ ps qe BR aec BS ga fe xj aj BT lu xr ol se ail qs ka ge cs BU ajp ni pn ahr BV jo aht sa acz gj afl BW fm aab BX yx vc fd jv ci acd adj iw aed ae u BY BZ abl km CA ags vy py CB ai gy afw CC (br lf) (me CD rv mv mo CE CF CG agy mg ajo ls (CH CI op mr jf yx rj) zq akt gr CJ aha CK abx xd lp aca ail wl eb ux am) ajs kr akw ahd akt oc
dr tm adp pl nn lu tv ww wi py kh gq aan gy pz cu p df ahj yi (aac O aap le ain il qa aib ald uo agv aco ako aaa wl P) xc ade akp adz xh f hw qf zy sk afp Q ul akp aeh R S aad ge ca T cd sg tm hp qe jy U xv (xp V) W qt sa ze jp aar ay mh X adk Y Z AA bz fh vz kw AB xp abv aed AC wa AD yj ez ze kk vr abo ahw AE re AF agv akp ahc mw AG fb aea adj aib hv AH ef ka AI qx lo dv (abg yi ny abs ov mp ny ky) AJ vb jv AK AL aar rj gv AM AN bo hk ahw zf jc (kg akx k ma (AO agv AP ahi my ael ack abm) nj) gl rt aiv sw dg iq rg ok ai h AQ pk AR xs aix is aam uo fs AT AU AV AW ur pg ajs qt mv bi AX AY wn ci (AZ nn nw ut agt akh ahu BA (BB g ed lb alc uv abp (om ej hu ex bs nr gz (nj aey by el)) ago gq aex ew ig zp mv) BC cj agk (eo akl BD fk) agd ex aho sh sk BE adn BF aae BG px aeu) aiz BH akx zk agz nf rl cd n BI afi ob BJ tk (ck hn eu ahs BK BL aev agc BM vj) BN oc nl BO kx qh (ahu qf ahz BP fv qz) k cj si abt no ago qc aga acc BQ ps qe BR aec BS ga fe xj aj BT lu xr ol se ail qs ka ge cs BU ajp ni pn ahr BV jo aht sa acz gj afl BW fm aab BX yx vc fd jv ci acd adj iw aed ae u BY BZ abl km CA ags vy py CB ai gy afw CC (br lf) (me CD rv mv mo CE CF CG agy mg ajo ls (CH CI op mr jf yx rj) zq akt gr CJ aha CK abx xd lp aca ail wl eb ux am) ajs kr akw ahd akt oc
agn t iv om (wr rp (od akh (av hn zq lm acq ajd))) wi py kh gq aan gy pz cu p df ahj yi (aac O aap le ain il qa aib ald uo agv aco ako aaa wl P) xc ade akp adz xh f hw qf zy sk afp Q ul akp aeh R S aad ge ca T cd sg tm hp qe jy U xv (xp V) W qt sa ze jp aar ay mh X adk Y Z AA bz fh vz kw AB xp abv aed AC wa AD yj ez ze kk vr abo ahw AE re AF agv akp ahc mw AG fb aea adj aib hv AH ef ka AI qx lo dv (abg yi ny abs ov mp ny ky) AJ vb jv AK AL aar rj gv AM AN bo hk ahw zf jc (kg akx k ma (AO agv AP ahi my ael ack abm) nj) gl rt aiv sw dg iq rg ok ai h AQ pk AR xs aix is aam uo fs AT AU AV AW ur pg ajs qt mv bi AX AY wn ci (AZ nn nw ut agt akh ahu BA (BB g ed lb alc uv abp (om ej hu ex bs nr gz (nj aey by el)) ago gq aex ew ig zp mv) BC cj agk (eo akl BD fk) agd ex aho sh sk BE adn BF aae BG px aeu) aiz BH akx zk agz nf rl cd n BI afi ob BJ tk (ck hn eu ahs BK BL aev agc BM vj) BN oc nl BO kx qh (ahu qf ahz BP fv qz) k cj si abt no ago qc aga acc BQ ps qe BR aec BS ga fe xj aj BT lu xr ol se ail qs ka ge cs BU ajp ni pn ahr BV jo aht sa acz gj afl BW fm aab BX yx vc fd jv ci acd adj iw aed ae u BY BZ abl km CA ags vy py CB ai gy afw CC (br lf) (me CD rv mv mo CE CF CG agy mg ajo ls (CH CI op mr jf yx rj) zq akt gr CJ aha CK abx xd lp aca ail wl eb ux am) ajs kr akw ahd akt oc
ax xi cr qh ads zn akv lf yi (aac O aap le ain il qa aib ald uo agv aco ako aaa wl P) xc ade akp adz xh f hw qf zy sk afp Q ul akp aeh R S aad ge ca T cd sg tm hp qe jy U xv (xp V) W qt sa ze jp aar ay mh X adk Y Z AA bz fh vz kw AB xp abv aed AC wa AD yj ez ze kk vr abo ahw AE re AF agv akp ahc mw AG fb aea adj aib hv AH ef ka AI qx lo dv (abg yi ny abs ov mp ny ky) AJ vb jv AK AL aar rj gv AM AN bo hk ahw zf jc (kg akx k ma (AO agv AP ahi my ael ack abm) nj) gl rt aiv sw dg iq rg ok ai h AQ pk AR xs aix is aam uo fs AT AU AV AW ur pg ajs qt mv bi AX AY wn ci (AZ nn nw ut agt akh ahu BA (BB g ed lb alc uv abp (om ej hu ex bs nr gz (nj aey by el)) ago gq aex ew ig zp mv) BC cj agk (eo akl BD fk) agd ex aho sh sk BE adn BF aae BG px aeu) aiz BH akx zk agz nf rl cd n BI afi ob BJ tk (ck hn eu ahs BK BL aev agc BM vj) BN oc nl BO kx qh (ahu qf ahz BP fv qz) k cj si abt no ago qc aga acc BQ ps qe BR aec BS ga fe xj aj BT lu xr ol se ail qs ka ge cs BU ajp ni pn ahr BV jo aht sa acz gj afl BW fm aab BX yx vc fd jv ci acd adj iw aed ae u BY BZ abl km CA ags vy py CB ai gy afw CC (br lf) (me CD rv mv mo CE CF CG agy mg ajo ls (CH CI op mr jf yx rj) zq akt gr CJ aha CK abx xd lp aca ail wl eb ux am) ajs kr akw ahd akt oc
wb (qx acm rl aba akl) (ib wd) lz abp qf pw rn a nh an ad akp adz xh f hw qf zy sk afp Q ul akp aeh R S aad ge ca T cd sg tm hp qe jy U xv (xp V) W qt sa ze jp aar ay mh X adk Y Z AA bz fh vz kw AB xp abv aed AC wa AD yj ez ze kk vr abo ahw AE re AF agv akp ahc mw AG fb aea adj aib hv AH ef ka AI qx lo dv (abg yi ny abs ov mp ny ky) AJ vb jv AK AL aar rj gv AM AN bo hk ahw zf jc (kg akx k ma (AO agv AP ahi my ael ack abm) nj) gl rt aiv sw dg iq rg ok ai h AQ pk AR xs aix is aam uo fs AT AU AV AW ur pg ajs qt mv bi AX AY wn ci (AZ nn nw ut agt akh ahu BA (BB g ed lb alc uv abp (om ej hu ex bs nr gz (nj aey by el)) ago gq aex ew ig zp mv) BC cj agk (eo akl BD fk) agd ex aho sh sk BE adn BF aae BG px aeu) aiz BH akx zk agz nf rl cd n BI afi ob BJ tk (ck hn eu ahs BK BL aev agc BM vj) BN oc nl BO kx qh (ahu qf ahz BP fv qz) k cj si abt no ago qc aga acc BQ ps qe BR aec BS ga fe xj aj BT lu xr ol se ail qs ka ge cs BU ajp ni pn ahr BV jo aht sa acz gj afl BW fm aab BX yx vc fd jv ci acd adj iw aed ae u BY BZ abl km CA ags vy py CB ai gy afw CC (br lf) (me CD rv mv mo CE CF CG agy mg ajo ls (CH CI op mr jf yx rj) zq akt gr CJ aha CK abx xd lp aca ail wl eb ux am) ajs kr akw ahd akt oc
ajj (xm pl) af acz f hw qf zy sk afp Q ul akp aeh R S aad ge ca T cd sg tm hp qe jy U xv (xp V) W qt sa ze jp aar ay mh X adk Y Z AA bz fh vz kw AB xp abv aed AC wa AD yj ez ze kk vr abo ahw AE re AF agv akp ahc mw AG fb aea adj aib hv AH ef ka AI qx lo dv (abg yi ny abs ov mp ny ky) AJ vb jv AK AL aar rj gv AM AN bo hk ahw zf jc (kg akx k ma (AO agv AP ahi my ael ack abm) nj) gl rt aiv sw dg iq rg ok ai h AQ pk AR xs aix is aam uo fs AT AU AV AW ur pg ajs qt mv bi AX AY wn ci (AZ nn nw ut agt akh ahu BA (BB g ed lb alc uv abp (om ej hu ex bs nr gz (nj aey by el)) ago gq aex ew ig zp mv) BC cj agk (eo akl BD fk) agd ex aho sh sk BE adn BF aae BG px aeu) aiz BH akx zk agz nf rl cd n BI afi ob BJ tk (ck hn eu ahs BK BL aev agc BM vj) BN oc nl BO kx qh (ahu qf ahz BP fv qz) k cj si abt no ago qc aga acc BQ ps qe BR aec BS ga fe xj aj BT lu xr ol se ail qs ka ge cs BU ajp ni pn ahr BV jo aht sa acz gj afl BW fm aab BX yx vc fd jv ci acd adj iw aed ae u BY BZ abl km CA ags vy py CB ai gy afw CC (br lf) (me CD rv mv mo CE CF CG agy mg ajo ls (CH CI op mr jf yx rj) zq akt gr CJ aha CK abx xd lp aca ail wl eb ux am) ajs kr akw ahd akt oc
fo fu afw ady jk pw (adm ez lf yd ahc fl yy rb ut vz mo pv bz gj) S aad ge ca T cd sg tm hp qe jy U xv (xp V) W qt sa ze jp aar ay mh X adk Y Z AA bz fh vz kw AB xp abv aed AC wa AD yj ez ze kk vr abo ahw AE re AF agv akp ahc mw AG fb aea adj aib hv AH ef ka AI qx lo dv (abg yi ny abs ov mp ny ky) AJ vb jv AK AL aar rj gv AM AN bo hk ahw zf jc (kg akx k ma (AO agv AP ahi my ael ack abm) nj) gl rt aiv sw dg iq rg ok ai h AQ pk AR xs aix is aam uo fs AT AU AV AW ur pg ajs qt mv bi AX AY wn ci (AZ nn nw ut agt akh ahu BA (BB g ed lb alc uv abp (om ej hu ex bs nr gz (nj aey by el)) ago gq aex ew ig zp mv) BC cj agk (eo akl BD fk) agd ex aho sh sk BE adn BF aae BG px aeu) aiz BH akx zk agz nf rl cd n BI afi ob BJ tk (ck hn eu ahs BK BL aev agc BM vj) BN oc nl BO kx qh (ahu qf ahz BP fv qz) k cj si abt no ago qc aga acc BQ ps qe BR aec BS ga fe xj aj BT lu xr ol se ail qs ka ge cs BU ajp ni pn ahr BV jo aht sa acz gj afl BW fm aab BX yx vc fd jv ci acd adj iw aed ae u BY BZ abl km CA ags vy py CB ai gy afw CC (br lf) (me CD rv mv mo CE CF CG agy mg ajo ls (CH CI op mr jf yx rj) zq akt gr CJ aha CK abx xd lp aca ail wl eb ux am) ajs kr akw ahd akt oc
is mg acy rl tj (co aee cu ahq aea gs fg) ad tm hp qe jy U xv (xp V) W qt sa ze jp aar ay mh X adk Y Z AA bz fh vz kw AB xp abv aed AC wa AD yj ez ze kk vr abo ahw AE re AF agv akp ahc mw AG fb aea adj aib hv AH ef ka AI qx lo dv (abg yi ny abs ov mp ny ky) AJ vb jv AK AL aar rj gv AM AN bo hk ahw zf jc (kg akx k ma (AO agv AP ahi my ael ack abm) nj) gl rt aiv sw dg iq rg ok ai h AQ pk AR xs aix is aam uo fs AT AU AV AW ur pg ajs qt mv bi AX AY wn ci (AZ nn nw ut agt akh ahu BA (BB g ed lb alc uv abp (om ej hu ex bs nr gz (nj aey by el)) ago gq aex ew ig zp mv) BC cj agk (eo akl BD fk) agd ex aho sh sk BE adn BF aae BG px aeu) aiz BH akx zk agz nf rl cd n BI afi ob BJ tk (ck hn eu ahs BK BL aev agc BM vj) BN oc nl BO kx qh (ahu qf ahz BP fv qz) k cj si abt no ago qc aga acc BQ ps qe BR aec BS ga fe xj aj BT lu xr ol se ail qs ka ge cs BU ajp ni pn ahr BV jo aht sa acz gj afl BW fm aab BX yx vc fd jv ci acd adj iw aed ae u BY BZ abl km CA ags vy py CB ai gy afw CC (br lf) (me CD rv mv mo CE CF CG agy mg ajo ls (CH CI op mr jf yx rj) zq akt gr CJ aha CK abx xd lp aca ail wl eb ux am) ajs kr akw ahd akt oc
gg (xp V) W qt sa ze jp aar ay mh X adk Y Z AA bz fh vz kw AB xp abv aed AC wa AD yj ez ze kk vr abo ahw AE re AF agv akp ahc mw AG fb aea adj aib hv AH ef ka AI qx lo dv (abg yi ny abs ov mp ny ky) AJ vb jv AK AL aar rj gv AM AN bo hk ahw zf jc (kg akx k ma (AO agv AP ahi my ael ack abm) nj) gl rt aiv sw dg iq rg ok ai h AQ pk AR xs aix is aam uo fs AT AU AV AW ur pg ajs qt mv bi AX AY wn ci (AZ nn nw ut agt akh ahu BA (BB g ed lb alc uv abp (om ej hu ex bs nr gz (nj aey by el)) ago gq aex ew ig zp mv) BC cj agk (eo akl BD fk) agd ex aho sh sk BE adn BF aae BG px aeu) aiz BH akx zk agz nf rl cd n BI afi ob BJ tk (ck hn eu ahs BK BL aev agc BM vj) BN oc nl BO kx qh (ahu qf ahz BP fv qz) k cj si abt no ago qc aga acc BQ ps qe BR aec BS ga fe xj aj BT lu xr ol se ail qs ka ge cs BU ajp ni pn ahr BV jo aht sa acz gj afl BW fm aab BX yx vc fd jv ci acd adj iw aed ae u BY BZ abl km CA ags vy py CB ai gy afw CC (br lf) (me CD rv mv mo CE CF CG agy mg ajo ls (CH CI op mr jf yx rj) zq akt gr CJ aha CK abx xd lp aca ail wl eb ux am) ajs kr akw ahd akt oc
aka afh os hl gf rz AA bz fh vz kw AB xp abv aed AC wa AD yj ez ze kk vr abo ahw AE re AF agv akp ahc mw AG fb aea adj aib hv AH ef ka AI qx lo dv (abg yi ny abs ov mp ny ky) AJ vb jv AK AL aar rj gv AM AN bo hk ahw zf jc (kg akx k ma (AO agv AP ahi my ael ack abm) nj) gl rt aiv sw dg iq rg ok ai h AQ pk AR xs aix is aam uo fs AT AU AV AW ur pg ajs qt mv bi AX AY wn ci (AZ nn nw ut agt akh ahu BA (BB g ed lb alc uv abp (om ej hu ex bs nr gz (nj aey by el)) ago gq aex ew ig zp mv) BC cj agk (eo akl BD fk) agd ex aho sh sk BE adn BF aae BG px aeu) aiz BH akx zk agz nf rl cd n BI afi ob BJ tk (ck hn eu ahs BK BL aev agc BM vj) BN oc nl BO kx qh (ahu qf ahz BP fv qz) k cj si abt no ago qc aga acc BQ ps qe BR aec BS ga fe xj aj BT lu xr ol se ail qs ka ge cs BU ajp ni pn ahr BV jo aht sa acz gj afl BW fm aab BX yx vc fd jv ci acd adj iw aed ae u BY BZ abl km CA ags vy py CB ai gy afw CC (br lf) (me CD rv mv mo CE CF CG agy mg ajo ls (CH CI op mr jf yx rj) zq akt gr CJ aha CK abx xd lp aca ail wl eb ux am) ajs kr akw ahd akt oc
acp ahj (ma ef ru db rb mq aw acc abr) AD yj ez ze kk vr abo ahw AE re AF agv akp ahc mw AG fb aea adj aib hv AH ef ka AI qx lo dv (abg yi ny abs ov mp ny ky) AJ vb jv AK AL aar rj gv AM AN bo hk ahw zf jc (kg akx k ma (AO agv AP ahi my ael ack abm) nj) gl rt aiv sw dg iq rg ok ai h AQ pk AR xs aix is aam uo fs AT AU AV AW ur pg ajs qt mv bi AX AY wn ci (AZ nn nw ut agt akh ahu BA (BB g ed lb alc uv abp (om ej hu ex bs nr gz (nj aey by el)) ago gq aex ew ig zp mv) BC cj agk (eo akl BD fk) agd ex aho sh sk BE adn BF aae BG px aeu) aiz BH akx zk agz nf rl cd n BI afi ob BJ tk (ck hn eu ahs BK BL aev agc BM vj) BN oc nl BO kx qh (ahu qf ahz BP fv qz) k cj si abt no ago qc aga acc BQ ps qe BR aec BS ga fe xj aj BT lu xr ol se ail qs ka ge cs BU ajp ni pn ahr BV jo aht sa acz gj afl BW fm aab BX yx vc fd jv ci acd adj iw aed ae u BY BZ abl km CA ags vy py CB ai gy afw CC (br lf) (me CD rv mv mo CE CF CG agy mg ajo ls (CH CI op mr jf yx rj) zq akt gr CJ aha CK abx xd lp aca ail wl eb ux am) ajs kr akw ahd akt oc
sl ajy aad pg at qo aap wo mw ajg ajl aba agl ql (ma ef ru db rb mq aw acc abr) AD yj ez ze kk vr abo ahw AE re AF agv akp ahc mw AG fb aea adj aib hv AH ef ka AI qx lo dv (abg yi ny abs ov mp ny ky) AJ vb jv AK AL aar rj gv AM AN bo hk ahw zf jc (kg akx k ma (AO agv AP ahi my ael ack abm) nj) gl rt aiv sw dg iq rg ok ai h AQ pk AR xs aix is aam uo fs AT AU AV AW ur pg ajs qt mv bi AX AY wn ci (AZ nn nw ut agt akh ahu BA (BB g ed lb alc uv abp (om ej hu ex bs nr gz (nj aey by el)) ago gq aex ew ig zp mv) BC cj agk (eo akl BD fk) agd ex aho sh sk BE adn BF aae BG px aeu) aiz BH akx zk agz nf rl cd n BI afi ob BJ tk (ck hn eu ahs BK BL aev agc BM vj) BN oc nl BO kx qh (ahu qf ahz BP fv qz) k cj si abt no ago qc aga acc BQ ps qe BR aec BS ga fe xj aj BT lu xr ol se ail qs ka ge cs BU ajp ni pn ahr BV jo aht sa acz gj afl BW fm aab BX yx vc fd jv ci acd adj iw aed ae u BY BZ abl km CA ags vy py CB ai gy afw CC (br lf) (me CD rv mv mo CE CF CG agy mg ajo ls (CH CI op mr jf yx rj) zq akt gr CJ aha CK abx xd lp aca ail wl eb ux am) ajs kr akw ahd akt oc
c yi is qo aap wo mw ajg ajl aba agl ql (ma ef ru db rb mq aw acc abr) AD yj ez ze kk vr abo ahw AE re AF agv akp ahc mw AG fb aea adj aib hv AH ef ka AI qx lo dv (abg yi ny abs ov mp ny ky) AJ vb jv AK AL aar rj gv AM AN bo hk ahw zf jc (kg akx k ma (AO agv AP ahi my ael ack abm) nj) gl rt aiv sw dg iq rg ok ai h AQ pk AR xs aix is aam uo fs AT AU AV AW ur pg ajs qt mv bi AX AY wn ci (AZ nn nw ut agt akh ahu BA (BB g ed lb alc uv abp (om ej hu ex bs nr gz (nj aey by el)) ago gq aex ew ig zp mv) BC cj agk (eo akl BD fk) agd ex aho sh sk BE adn BF aae BG px aeu) aiz BH akx zk agz nf rl cd n BI afi ob BJ tk (ck hn eu ahs BK BL aev agc BM vj) BN oc nl BO kx qh (ahu qf ahz BP fv qz) k cj si abt no ago qc aga acc BQ ps qe BR aec BS ga fe xj aj BT lu xr ol se ail qs ka ge cs BU ajp ni pn ahr BV jo aht sa acz gj afl BW fm aab BX yx vc fd jv ci acd adj iw aed ae u BY BZ abl km CA ags vy py CB ai gy afw CC (br lf) (me CD rv mv mo CE CF CG agy mg ajo ls (CH CI op mr jf yx rj) zq akt gr CJ aha CK abx xd lp aca ail wl eb ux am) ajs kr akw ahd akt oc
eo dh adb ahv hm ez ze kk vr abo ahw AE re AF agv akp ahc mw AG fb aea adj aib hv AH ef ka AI qx lo dv (abg yi ny abs ov mp ny ky) AJ vb jv AK AL aar rj gv AM AN bo hk ahw zf jc (kg akx k ma (AO agv AP ahi my ael ack abm) nj) gl rt aiv sw dg iq rg ok ai h AQ pk AR xs aix is aam uo fs AT AU AV AW ur pg ajs qt mv bi AX AY wn ci (AZ nn nw ut agt akh ahu BA (BB g ed lb alc uv abp (om ej hu ex bs nr gz (nj aey by el)) ago gq aex ew ig zp mv) BC cj agk (eo akl BD fk) agd ex aho sh sk BE adn BF aae BG px aeu) aiz BH akx zk agz nf rl cd n BI afi ob BJ tk (ck hn eu ahs BK BL aev agc BM vj) BN oc nl BO kx qh (ahu qf ahz BP fv qz) k cj si abt no ago qc aga acc BQ ps qe BR aec BS ga fe xj aj BT lu xr ol se ail qs ka ge cs BU ajp ni pn ahr BV jo aht sa acz gj afl BW fm aab BX yx vc fd jv ci acd adj iw aed ae u BY BZ abl km CA ags vy py CB ai gy afw CC (br lf) (me CD rv mv mo CE CF CG agy mg ajo ls (CH CI op mr jf yx rj) zq akt gr CJ aha CK abx xd lp aca ail wl eb ux am) ajs kr akw ahd akt oc
ex (alo xf rf kx agi) dh ld acv kw ho afb bo alm akm aae AE re AF agv akp ahc mw AG fb aea adj aib hv AH ef ka AI qx lo dv (abg yi ny abs ov mp ny ky) AJ vb jv AK AL aar rj gv AM AN bo hk ahw zf jc (kg akx k ma (AO agv AP ahi my ael ack abm) nj) gl rt aiv sw dg iq rg ok ai h AQ pk AR xs aix is aam uo fs AT AU AV AW ur pg ajs qt mv bi AX AY wn ci (AZ nn nw ut agt akh ahu BA (BB g ed lb alc uv abp (om ej hu ex bs nr gz (nj aey by el)) ago gq aex ew ig zp mv) BC cj agk (eo akl BD fk) agd ex aho sh sk BE adn BF aae BG px aeu) aiz BH akx zk agz nf rl cd n BI afi ob BJ tk (ck hn eu ahs BK BL aev agc BM vj) BN oc nl BO kx qh (ahu qf ahz BP fv qz) k cj si abt no ago qc aga acc BQ ps qe BR aec BS ga fe xj aj BT lu xr ol se ail qs ka ge cs BU ajp ni pn ahr BV jo aht sa acz gj afl BW fm aab BX yx vc fd jv ci acd adj iw aed ae u BY BZ abl km CA ags vy py CB ai gy afw CC (br lf) (me CD rv mv mo CE CF CG agy mg ajo ls (CH CI op mr jf yx rj) zq akt gr CJ aha CK abx xd lp aca ail wl eb ux am) ajs kr akw ahd akt oc
ka nb (iw pi rd yq (abr ca ky ec yo zv akd lc uu qr rc)) kw ho afb bo alm akm aae AE re AF agv akp ahc mw AG fb aea adj aib hv AH ef ka AI qx lo dv (abg yi ny abs ov mp ny ky) AJ vb jv AK AL aar rj gv AM AN bo hk ahw zf jc (kg akx k ma (AO agv AP ahi my ael ack abm) nj) gl rt aiv sw dg iq rg ok ai h AQ pk AR xs aix is aam uo fs AT AU AV AW ur pg ajs qt mv bi AX AY wn ci (AZ nn nw ut agt akh ahu BA (BB g ed lb alc uv abp (om ej hu ex bs nr gz (nj aey by el)) ago gq aex ew ig zp mv) BC cj agk (eo akl BD fk) agd ex aho sh sk BE adn BF aae BG px aeu) aiz BH akx zk agz nf rl cd n BI afi ob BJ tk (ck hn eu ahs BK BL aev agc BM vj) BN oc nl BO kx qh (ahu qf ahz BP fv qz) k cj si abt no ago qc aga acc BQ ps qe BR aec BS ga fe xj aj BT lu xr ol se ail qs ka ge cs BU ajp ni pn ahr BV jo aht sa acz gj afl BW fm aab BX yx vc fd jv ci acd adj iw aed ae u BY BZ abl km CA ags vy py CB ai gy afw CC (br lf) (me CD rv mv mo CE CF CG agy mg ajo ls (CH CI op mr jf yx rj) zq akt gr CJ aha CK abx xd lp aca ail wl eb ux am) ajs kr akw ahd akt oc
jx yy kk vk ld br ta qg tt xs ake rg ahr zk aca mw AG fb aea adj aib hv AH ef ka AI qx lo dv (abg yi ny abs ov mp ny ky) AJ vb jv AK AL aar rj gv AM AN bo hk ahw zf jc (kg akx k ma (AO agv AP ahi my ael ack abm) nj) gl rt aiv sw dg iq rg ok ai h AQ pk AR xs aix is aam uo fs AT AU AV AW ur pg ajs qt mv bi AX AY wn ci (AZ nn nw ut agt akh ahu BA (BB g ed lb alc uv abp (om ej hu ex bs nr gz (nj aey by el)) ago gq aex ew ig zp mv) BC cj agk (eo akl BD fk) agd ex aho sh sk BE adn BF aae BG px aeu) aiz BH akx zk agz nf rl cd n BI afi ob BJ tk (ck hn eu ahs BK BL aev agc BM vj) BN oc nl BO kx qh (ahu qf ahz BP fv qz) k cj si abt no ago qc aga acc BQ ps qe BR aec BS ga fe xj aj BT lu xr ol se ail qs ka ge cs BU ajp ni pn ahr BV jo aht sa acz gj afl BW fm aab BX yx vc fd jv ci acd adj iw aed ae u BY BZ abl km CA ags vy py CB ai gy afw CC (br lf) (me CD rv mv mo CE CF CG agy mg ajo ls (CH CI op mr jf yx rj) zq akt gr CJ aha CK abx xd lp aca ail wl eb ux am) ajs kr akw ahd akt oc
acs ajz bj ml zt cy rn th gl afn gi mw AG fb aea adj aib hv AH ef ka AI qx lo dv (abg yi ny abs ov mp ny ky) AJ vb jv AK AL aar rj gv AM AN bo hk ahw zf jc (kg akx k ma (AO agv AP ahi my ael ack abm) nj) gl rt aiv sw dg iq rg ok ai h AQ pk AR xs aix is aam uo fs AT AU AV AW ur pg ajs qt mv bi AX AY wn ci (AZ nn nw ut agt akh ahu BA (BB g ed lb alc uv abp (om ej hu ex bs nr gz (nj aey by el)) ago gq aex ew ig zp mv) BC cj agk (eo akl BD fk) agd ex aho sh sk BE adn BF aae BG px aeu) aiz BH akx zk agz nf rl cd n BI afi ob BJ tk (ck hn eu ahs BK BL aev agc BM vj) BN oc nl BO kx qh (ahu qf ahz BP fv qz) k cj si abt no ago qc aga acc BQ ps qe BR aec BS ga fe xj aj BT lu xr ol se ail qs ka ge cs BU ajp ni pn ahr BV jo aht sa acz gj afl BW fm aab BX yx vc fd jv ci acd adj iw aed ae u BY BZ abl km CA ags vy py CB ai gy afw CC (br lf) (me CD rv mv mo CE CF CG agy mg ajo ls (CH CI op mr jf yx rj) zq akt gr CJ aha CK abx xd lp aca ail wl eb ux am) ajs kr akw ahd akt oc
uj mj er adw akd fv adp (rl eu) fb aea adj aib hv AH ef ka AI qx lo dv (abg yi ny abs ov mp ny ky) AJ vb jv AK AL aar rj gv AM AN bo hk ahw zf jc (kg akx k ma (AO agv AP ahi my ael ack abm) nj) gl rt aiv sw dg iq rg ok ai h AQ pk AR xs aix is aam uo fs AT AU AV AW ur pg ajs qt mv bi AX AY wn ci (AZ nn nw ut agt akh ahu BA (BB g ed lb alc uv abp (om ej hu ex bs nr gz (nj aey by el)) ago gq aex ew ig zp mv) BC cj agk (eo akl BD fk) agd ex aho sh sk BE adn BF aae BG px aeu) aiz BH akx zk agz nf rl cd n BI afi ob BJ tk (ck hn eu ahs BK BL aev agc BM vj) BN oc nl BO kx qh (ahu qf ahz BP fv qz) k cj si abt no ago qc aga acc BQ ps qe BR aec BS ga fe xj aj BT lu xr ol se ail qs ka ge cs BU ajp ni pn ahr BV jo aht sa acz gj afl BW fm aab BX yx vc fd jv ci acd adj iw aed ae u BY BZ abl km CA ags vy py CB ai gy afw CC (br lf) (me CD rv mv mo CE CF CG agy mg ajo ls (CH CI op mr jf yx rj) zq akt gr CJ aha CK abx xd lp aca ail wl eb ux am) ajs kr akw ahd akt oc
fl ds aby uw ug ut gr l uf aid (gr aam aal) AI qx lo dv (abg yi ny abs ov mp ny ky) AJ vb jv AK AL aar rj gv AM AN bo hk ahw zf jc (kg akx k ma (AO agv AP ahi my ael ack abm) nj) gl rt aiv sw dg iq rg ok ai h AQ pk AR xs aix is aam uo fs AT AU AV AW ur pg ajs qt mv bi AX AY wn ci (AZ nn nw ut agt akh ahu BA (BB g ed lb alc uv abp (om ej hu ex bs nr gz (nj aey by el)) ago gq aex ew ig zp mv) BC cj agk (eo akl BD fk) agd ex aho sh sk BE adn BF aae BG px aeu) aiz BH akx zk agz nf rl cd n BI afi ob BJ tk (ck hn eu ahs BK BL aev agc BM vj) BN oc nl BO kx qh (ahu qf ahz BP fv qz) k cj si abt no ago qc aga acc BQ ps qe BR aec BS ga fe xj aj BT lu xr ol se ail qs ka ge cs BU ajp ni pn ahr BV jo aht sa acz gj afl BW fm aab BX yx vc fd jv ci acd adj iw aed ae u BY BZ abl km CA ags vy py CB ai gy afw CC (br lf) (me CD rv mv mo CE CF CG agy mg ajo ls (CH CI op mr jf yx rj) zq akt gr CJ aha CK abx xd lp aca ail wl eb ux am) ajs kr akw ahd akt oc
pv ze agz ug akk agc kk my adi lw aid (gr aam aal) AI qx lo dv (abg yi ny abs ov mp ny ky) AJ vb jv AK AL aar rj gv AM AN bo hk ahw zf jc (kg akx k ma (AO agv AP ahi my ael ack abm) nj) gl rt aiv sw dg iq rg ok ai h AQ pk AR xs aix is aam uo fs AT AU AV AW ur pg ajs qt mv bi AX AY wn ci (AZ nn nw ut agt akh ahu BA (BB g ed lb alc uv abp (om ej hu ex bs nr gz (nj aey by el)) ago gq aex ew ig zp mv) BC cj agk (eo akl BD fk) agd ex aho sh sk BE adn BF aae BG px aeu) aiz BH akx zk agz nf rl cd n BI afi ob BJ tk (ck hn eu ahs BK BL aev agc BM vj) BN oc nl BO kx qh (ahu qf ahz BP fv qz) k cj si abt no ago qc aga acc BQ ps qe BR aec BS ga fe xj aj BT lu xr ol se ail qs ka ge cs BU ajp ni pn ahr BV jo aht sa acz gj afl BW fm aab BX yx vc fd jv ci acd adj iw aed ae u BY BZ abl km CA ags vy py CB ai gy afw CC (br lf) (me CD rv mv mo CE CF CG agy mg ajo ls (CH CI op mr jf yx rj) zq akt gr CJ aha CK abx xd lp aca ail wl eb ux am) ajs kr akw ahd akt oc
lx vb jv AK AL aar rj gv AM AN bo hk ahw zf jc (kg akx k ma (AO agv AP ahi my ael ack abm) nj) gl rt aiv sw dg iq rg ok ai h AQ pk AR xs aix is aam uo fs AT AU AV AW ur pg ajs qt mv bi AX AY wn ci (AZ nn nw ut agt akh ahu BA (BB g ed lb alc uv abp (om ej hu ex bs nr gz (nj aey by el)) ago gq aex ew ig zp mv) BC cj agk (eo akl BD fk) agd ex aho sh sk BE adn BF aae BG px aeu) aiz BH akx zk agz nf rl cd n BI afi ob BJ tk (ck hn eu ahs BK BL aev agc BM vj) BN oc nl BO kx qh (ahu qf ahz BP fv qz) k cj si abt no ago qc aga acc BQ ps qe BR aec BS ga fe xj aj BT lu xr ol se ail qs ka ge cs BU ajp ni pn ahr BV jo aht sa acz gj afl BW fm aab BX yx vc fd jv ci acd adj iw aed ae u BY BZ abl km CA ags vy py CB ai gy afw CC (br lf) (me CD rv mv mo CE CF CG agy mg ajo ls (CH CI op mr jf yx rj) zq akt gr CJ aha CK abx xd lp aca ail wl eb ux am) ajs kr akw ahd akt oc
un pv um er hp ep agx mf cu p jv AK AL aar rj gv AM AN bo hk ahw zf jc (kg akx k ma (AO agv AP ahi my ael ack abm) nj) gl rt aiv sw dg iq rg ok ai h AQ pk AR xs aix is aam uo fs AT AU AV AW ur pg ajs qt mv bi AX AY wn ci (AZ nn nw ut agt akh ahu BA (BB g ed lb alc uv abp (om ej hu ex bs nr gz (nj aey by el)) ago gq aex ew ig zp mv) BC cj agk (eo akl BD fk) agd ex aho sh sk BE adn BF aae BG px aeu) aiz BH akx zk agz nf rl cd n BI afi ob BJ tk (ck hn eu ahs BK BL aev agc BM vj) BN oc nl BO kx qh (ahu qf ahz BP fv qz) k cj si abt no ago qc aga acc BQ ps qe BR aec BS ga fe xj aj BT lu xr ol se ail qs ka ge cs BU ajp ni pn ahr BV jo aht sa acz gj afl BW fm aab BX yx vc fd jv ci acd adj iw aed ae u BY BZ abl km CA ags vy py CB ai gy afw CC (br lf) (me CD rv mv mo CE CF CG agy mg ajo ls (CH CI op mr jf yx rj) zq akt gr CJ aha CK abx xd lp aca ail wl eb ux am) ajs kr akw ahd akt oc
ra aaj eb jh yq um vr ahg py kh gq aan gy pz cu p jv AK AL aar rj gv AM AN bo hk ahw zf jc (kg akx k ma (AO agv AP ahi my ael ack abm) nj) gl rt aiv sw dg iq rg ok ai h AQ pk AR xs aix is aam uo fs AT AU AV AW ur pg ajs qt mv bi AX AY wn ci (AZ nn nw ut agt akh ahu BA (BB g ed lb alc uv abp (om ej hu ex bs nr gz (nj aey by el)) ago gq aex ew ig zp mv) BC cj agk (eo akl BD fk) agd ex aho sh sk BE adn BF aae BG px aeu) aiz BH akx zk agz nf rl cd n BI afi ob BJ tk (ck hn eu ahs BK BL aev agc BM vj) BN oc nl BO kx qh (ahu qf ahz BP fv qz) k cj si abt no ago qc aga acc BQ ps qe BR aec BS ga fe xj aj BT lu xr ol se ail qs ka ge cs BU ajp ni pn ahr BV jo aht sa acz gj afl BW fm aab BX yx vc fd jv ci acd adj iw aed ae u BY BZ abl km CA ags vy py CB ai gy afw CC (br lf) (me CD rv mv mo CE CF CG agy mg ajo ls (CH CI op mr jf yx rj) zq akt gr CJ aha CK abx xd lp aca ail wl eb ux am) ajs kr akw ahd akt oc


