a acoo = hho puz zpo
b acoq acop acoo = aaid zpz
c acop acoo = mus xgu
d acoo acop acoq = elw
e acoo acop = dxb
f = crx app
g acoo acop = sdc pdq pmm mtd
h acoo = ablp
i acoq acop acoo = xjk
j = tna pav
k = qvo
l acoo acoq acop = yki
m acoq acop acoo = ipo say
n acop acoo acoq = fta
o = vzp
p = di
q acop acoo = ign
r = uha ubg
s = bmf
t acop acoo acoq = ila
u acop acoo = vzh
v acoo = ooc
w = wwh
x acoo = skj cfq iou
y = qsp
z acoo acoq acop = owq
aa = ain etf sqr zae ttc
ab acop acoo = hcg off wba
ac acop acoo = ejv ybh sxk
ad = kjt zqq ypv tua hqw
ae acoo = tau
af acoo = hsd
ag acoo = vzj czf
ah acoo acop = tsw
ai acoo = fp rnq yzj
aj acoo = juw cgo xha xkc
ak acop acoo acoq = wqx
al acoo = zej aafd ump
am acoo acop acoq = jsd
an acoq acoo acop = gak
ao acop acoo = wvf jog
ap acop acoo = hig
aq acoo acop acoq = acdf
ar = igc glx vca iwy
at acoo acop = aadq vqn
au acoo = aapw dvu vc fmh
av acoo = vtv klv
aw acoo = zho
ax acoo acoq acop = ccy
ay acop acoq acoo = qfa
az acoo acop = aaod
ba acoo acop = lvp lpy
bb acoo acop acoq = psx qfd
bc acop acoo = icg
bd acoo = rtq bkl abxp (idk fzc)
be = sbg aasb
bf acoo acop = ipj
bg acoo = abkh
bh = eag
bi acoo acop = lhu
bj acop acoo = pjh kfg jak pvg
bk acoo acop = wsd
bl = tcz bqe jdo
bm = ewy
bn = sih
bo acop acoo = ugq (xqv clv)
bp acoo acoq acop = ggd
bq acop acoq acoo = gzc rrl
br acoo acop acoq = cuv eow
bs acoo acop = hdy jcu tqo
bt acoo acoq acop = ndd
bu acoo = pez jiu cbx qrg
bv acop acoo = u fsv aaiw
bw acoo = wcb jvk
bx acoo acop = mnz chl
by acoo acop acoq = aawt acgp bnr avz
bz acoo = aaid
ca acoo = rlu vii vgn tyt
cb acoo acop = tpj
cc acoo = qzo
cd = acat
ce acoo acop acoq = sh
cf acop acoo acoq = grc abqj fdk xzd
cg acoo = zlk
ch acoo = abfp acr
ci acoo = wsh (xay fje ysw)
cj acoq acoo acop = qsm
ck acop acoo = ifh ackx
cl = ljy
cm acoo = iwr
cn acoo = dqs
co acoo acop = bvg uti ntv dyn
cp = pfe (nte acbm)
cq acoo = dse ros
cr acoo acoq acop = uue
cs acop acoo = qye rip aamg aaom
ct acoo acop acoq = uke
cu = wdo lme
cv = tpq
cw acoo = dbj xuz slq
cx acoo acop acoq = nmr
cy acop acoo acoq = mxe
cz acop acoo = otk
da acoo = tzn adp
db acoo acoq acop = abpz onk
dc acop acoo = nbl
dd acop acoo = abvx
de acop acoo acoq = pak
df = nuq
dg = wzw vq (fxn cpa)
dh acop acoo acoq = pem aacb
di acop acoo = gfo cvn acfv
dj acoo acop = abro
dk acoq acop acoo = smm
dl acoo = qea
dm acop acoq acoo = gre yyj abtm fur
dn acoo acop = ilb phc
dp acoo = dht
dq acoo acop acoq = acib mgy
dr = uys jll
ds acop acoo acoq = amd lwi
dt acoo acoq acop = abzm rlg
du acoo = awc
dv acop acoo acoq = abgp
dw acoo acop acoq = bke
dx = euv chq fje aawo
dy acoo acop = ldh
dz acoo = oqx adg drm
ea acoo = abun xxy
eb acoo acop = abbh
ec acoo acop acoq = dni
ed = zfz
ee acoo acop = ygr
ef acop acoo acoq = ey wll emn grr
eg acop acoo = ackr jja ups
eh = fga acx
ei = gkh zjv wea
ej acoo = gxc
ek = abyc krk qne acnw
el acoq acop acoo = qgr
em acop acoo = ifk toq ldq
en = qot
eo acop acoo acoq = pur pre
ep acoo = ntq rc
eq acop acoo = spn
er acoo = rvs ubp
es acoo acop = imd gtu (kwt lwg)
et acoo = ife
eu acoo = tpt inv (ujc zhv)
ev acop acoo = ynn hhf yr sns eav
ew acoo acop = aagc
ex acoo = mzp ahi
ey acop acoo acoq = oyi
ez acoo = aaws uft nya
fa acop acoo acoq = aabz
fb acop acoo = wfb
fc acoo = jyu mqj psk
fd = jlj
fe acoo acoq acop = abhw hgu
ff acop acoq acoo = kyp yhn bji
fg acoo acop = axi
fh = abzz bjq vnl ebw
fi = oyu
fj acoo = dzf exz prc rjg
fk = pdc fmo wai kgu
fl acoo = kpy
fm acoq acop acoo = vzf sqy lrt
fn acoq acop acoo = tjs
fo acoo acoq acop = lhm ogv wz
fp acoo acoq acop = olj (spp abec zew)
fq acoo acop acoq = hjn
fr acoo = ifq yov
fs acoo = kh aahf arn
ft acoo acop = acgy ere fgh
fu acoq acop acoo = aapr
fv acoo acop = xrb
fw acoo acoq acop = yez
fx acop acoo = ggy
fy acop acoo = rqe
fz acoq acoo acop = dgy
ga = ntd
gb acoo = bpm
gc acoo = evf
gd acoq acop acoo = accf
ge acoq acoo acop = isr
gf acoo = acir
gg acoo acoq acop = bsu wax
gh = cqb vob bgt
gi acoo = aaic
gj acop acoo = une
gk acoq acoo acop = yfa aboh
gl acoo = ywk
gm = eyh
gn acoo acoq acop = tyf bny fke yvw
go = aclc qyr pap
gp acoo = kpm
gq acoq acoo acop = cue
gr acoo = joa oah
gs acoo acop acoq = aawr
gt acop acoo = xic
gu acop acoo acoq = gfl jcy xjn
gv = fbn
gw acop acoq acoo = kye
gx = brq
gy acoo = oxm
gz acop acoo = nvj
ha = hru
hb acop acoo = cea fnk irh mzj
hc = mee
hd = abwz dsv
he = jkp
hf acop acoo = cgq
hg acoo acop = ebg
hh = fzc
hi = cui
hj = kqc
hk acoq acoo acop = uwf fai
hl acoo acoq acop = els
hm = ivz
hn acoo = wce
ho acoq acop acoo = ucg nal uqn
hp acop acoo = aauj jlc mwm
hq = osv dbc dkz
hr acop acoo = abnf gxa uhl dhg
hs acoo acoq acop = aec
ht acoo = djo
hu = gwm
hv acoo = eas
hw acoo acop = kjh gld bhh cgk
hx = bax
hy acoo = rxt
hz acoo = obm rsc loo kji dne
ia acop acoo = dgy
ib = wnf hg
ic = jdc kwo epu
id acop acoo = acmc bfn
ie acop acoo acoq = smi
ig acoo acop = cal
ih acop acoq acoo = nau
ii acop acoq acoo = ast rfo aalr abll
ij acoo = mac
ik acoo = wmq skw bdd
il acoo acop = vww
im = cz
io acop acoo = bjl
ip acop acoo = anj
iq acoo = hny tfc vnq
ir acop acoo acoq = veh
is acoo acoq acop = wag
it = lmc
iu = ois
iv = abte
iw = abdz
ix acoo acop = bkh
iy acoo = iyq pym
iz = wap gqz
ja = zky zlh aar
jb acoo acop acoq = ieh
jc acoo = gat xgt iac abkl
jd acoo = fnc
je acoo = oe abng pbj
jf = dxg abvk
jg acoo acop acoq = abxp
jh acoo acoq acop = fmc yia rwu
ji acoo acop = mdi
jj acoo acoq acop = ybk
jk = jjm
jl acop acoo = ccy
jm acoo acoq acop = ski wkt ecs laf ykk
jn = rsj klm gdv
jo acoo = ama
jp acoo = yis eat
jq acoo acop = acdd
jr acoo = lj yif
js = unv
jt acoq acoo acop = xiv bsb
ju acoo = bzv
jv acop acoo = mxo tys
jw acop acoq acoo = yhc
jx = eoo crn zyc vst
jy acoo = iic
jz acoo acop = edk jeu aaiv
ka = ayx jta qly uij
kb acoo acop = hqn
kc acoq acop acoo = xlm
kd = yeo
ke = vip
kf acoo acop = mrc
kg acoo acop acoq = wqd opr
kh acop acoo = ehu ceh
ki acop acoo = ret
kj acoo = jnj piq fng
kk acoq acop acoo = rvp
kl acop acoq acoo = aaul
km acoo = zk
kn = ew
ko = unb lbw
kp acoo = qyb iem
kq acoo acop acoq = wtl
kr = accv
ks acop acoo = efu zmo
kt = eqr
ku acoq acop acoo = hur uuq szd mgj
kv acop acoo = hwv
kw acoq acoo acop = dnl zti pxi
kx acoo = ddy
ky = pfs qfe mof
kz = myl rst ubd
la = bes mz (wza acav)
lb = usp
lc acoo acop acoq = qys lsh
ld acoo = bsa umy
le acoo = dv fkc
lf = dec vvp
lg acop acoo = uhu cux lo
lh acop acoo = sah
li acoo acop = aamk tno
lj acop acoo acoq = wdk onk
lk = wwu
ll = guw
lm = fkr
ln acoo = gwi
lo acoq acop acoo = wcb jgq cfi cyl exi
lp acoo = vx
lq acoo acop acoq = mdp
lr = tnx
ls acop acoo = phu sfm
lt acop acoo = szj
lu acop acoo = mjy eun
lv acoo acop = hqd zwy xbm
lw acoo acop = ett
lx acoo acoq acop = rdh
ly = wjv hor
lz acoq acop acoo = upa
ma acoo = tuk
mb = jxp gjo ugs
mc acop acoq acoo = uun
md acoo = nnf erl wog
me acop acoo = ldg
mf acop acoo = zba
mg acoo = gtc mud mrg mql
mh acoq acop acoo = tfl cvr pne gki wzs
mi acoo = uyv lrx
mj acop acoo = cch xnv lqj ghg
mk acoo acop = elh aafe acky
ml acop acoq acoo = uqa
mm = mho
mn = aahl (myf aart ghi)
mo acoo acoq acop = svd
mp = sub uit
mq = ygb ovd cis
mr = gzf vik
ms acop acoo = ehg
mt = yex dbo wvd pmh
mu acop acoo = swo
mv = dum aagu tge sxz
mw = wgv
mx acop acoo = pqg
my acop acoo = oz abhi
mz acoo = euy
na acoq acoo acop = zmg (tlb fsp hza pfz)
nb = ddc fnd cdn xaz
nc acop acoo = lxe
nd acoo = tiq osn
ne acoo = qst vbn
nf acop acoo acoq = zwc mwz ypb
ng acoq acop acoo = dvg jvs
nh acoo = ixs
ni acoo acop acoq = wuw (vbm dkx)
nj acop acoo = cg er
nk acop acoq acoo = hoo
nl = euj gfp ogd
nm acoo = ucl
nn acoo = ppu
no = oa
np acoq acoo acop = aalz lye ia pbq
nq = zog oup bol fhq
nr acoo = kqa
ns = ugf gnq fyz
nt = efc qho
nu acoq acoo acop = soz
nv = myi
nw = dlq wxp fqv abnp
nx acop acoo = gqp
ny = nsf nnj
nz acoq acoo acop = oro
oa acoo = qwa ktq
ob acop acoo = ifa
oc = vtc
od = jpz gmp
oe acoo acop acoq = ptm
og acop acoo = ker fwq dga
oh acoo = tkt gfc itd
oi acoo acop = znl
oj = jsq het kox
ok acoo acop = wb
ol = foo aaxh
om acoo = gxj
on = rjt jkd
oo acoo acop acoq = zjh dqp
op acoq acoo acop = aawk
oq acoo acop = accg
or acop acoo = pjl
os acop acoo = wyl ged
ot acoo = aua
ou acoo = qnh
ov acop acoq acoo = xam
ow acoq acoo acop = yot aane
ox acoo acop = afs poc acoa isv
oy acoo acop = accq
oz acoo = cmi
pa acop acoo = kjr acch
pb = unq
pc acop acoo acoq = nsp
pd acop acoq acoo = jmv achs
pe = ohq
pf acoo acoq acop = aaon
pg acoo = wsx
ph acoo = olc nqd mja dhc
pi acop acoo = abko
pj acoo acop acoq = xce
pk acoo = ked
pl acoo acop = vbd egq
pm = acgv
pn acoq acop acoo = ipv
po acop acoo = uzv hbc hfe
pp = abkv
pq acoo = mlk
pr = puk
ps acop acoq acoo = aft bcl hur
pt acoo = fli ckg
pu acoo = orx aayu ksj yhk
pv = cve
pw acoo = vug
px acoo acoq acop = bmg
py acoo acoq acop = wjg yt
pz acop acoo = ndh aaee
qa acop acoo = xcf
qb acop acoo = tob
qc acop acoo = mta ubq
qd acoo acoq acop = wxk
qe = zwp
qf acoo = gym (wmf zqr)
qg = ywe
qh acoo acop = pnr (qew sgl) mov
qi acoo = arz
qj acoo = noz
qk acoo acop acoq = syf
ql acoo acop = zic
qm acop acoo = abno
qn acoo = xct
qo = nhm qkr
qp acop acoo = wsa qou
qq = jix
qr = ftd
qs acoo acop acoq = abxd
qt acoo acop = abt be
qu = tf dus hzz
qv acoo = cgy
qw acoq acop acoo = xub
qx = vdy
qy acoo = jfs ezs
qz acoo acop = bsx
ra acoo acop = rql
rb acop acoo acoq = aaxo
rc = hrx
rd acoo acoq acop = oxp
re acop acoo = rbw
rf = uzy
rg acop acoo = yap wjc
rh acoo = nzf
ri acoq acop acoo = mzp
rj acoo = dug abga
rk acoo acop acoq = aaqc
rl acoo acop = ofy
rm = shg nif
rn acoo acop = sau xsv
ro acoo = ty
rp acop acoq acoo = wx acdf kmg jgz
rq acoo = jld jrz
rr acop acoo = bzf bcf
rs = utb jbl itg
rt = rfb exn ggj
ru = hq
rv acoo acoq acop = qta qdo mvg
rw = iin hhi vei psz
rx = nkq
ry acoo = mrr
rz acoq acoo acop = mlu
sa acoq acop acoo = dvn
sb acoo = byb achv fnj
sc acoo acop = cvk hrp
sd acop acoo = zjy
se = znx
sf acoo acoq acop = umn
sg acop acoo = hvc
sh = jkg xdw ablp llc
si = dcn
sj = ttv
sk acoo = iqp
sl acoo acop = zwf khw
sm acop acoq acoo = shl
sn = ugx bhr awt ldn
so = anh kvu
sp = qxb acal
sq acoo acoq acop = tqs
sr = acaz
ss = wir mjg
st = vpu
su acoo = pbr
sv acoo acop acoq = abvw
sw acoo = jzs
sx acoo acop = ffv
sy acoo = abcy
sz acoq acop acoo = djp
ta acoo acoq acop = aakp by arb
tb = ucd hti jgn
tc acoo acop acoq = nkk
td acoo acop = vgn
te acoo = ehb
tf acoq acop acoo = oez qid
tg acoq acop acoo = znn
th acop acoo = hut vwa
ti acoo acop acoq = jwq tpt fta
tj acoo acop = puk
tk acoo = gkc
tl acop acoo = zsz
tm = dsb acbf vep
tn acop acoq acoo = nfq aaaf
to = csj
tp acop acoo = jnl ghh bpv abnz ogc
tq = mbq tfe lxj rlq
tr acoo acop acoq = nau aj
ts = wcd
tt acop acoo = sut
tu acoo acoq acop = cry hcb trl
tv acoo = skj
tw = tkb
tx = mmk
ty = vwo
tz acoo = ayh
ua acoo = aig
ub = aqb
uc acoo acop acoq = qlk pvi
ud acoo = ddf aagt
ue acoo acop = o
uf acoo acop acoq = ymr
ug = abas (szf pdp pmc nsi)
uh = crl
ui = ebf
uj = hob
uk = kck afc ued akc
ul acoo acop acoq = xwn
um acoo = bck zrx lp
un acoo = acgm
uo = fls (ljl zuk swn)
up acoo = bjc irf ztm
uq acoo = bgc
ur = itx
us acop acoo = aauj ovm maf
ut acoo = hit
uu = abzd tku abhb
uv acop acoo = jml fsi grg vkl
uw = lcz
ux acop acoo = bbn
uy acoq acoo acop = ctv
uz = ayo
va acoo = xcv
vb acoo acop = nbp bq keq
vc acoo = wvx btt ura
vd = qkx
ve acop acoq acoo = olz
vf = eiu
vg acoo acoq acop = lml
vh = dyj
vi acop acoo = ojm
vj acoo = swp
vk acoo = inz
vl acoo = udl qvb lkl
vm acop acoo acoq = absd bpa
vn = oup
vo acoo = qdg zqy syu abcq aun
vp acoo acop = wiq
vq = jgd
vr = yvg kwi dku zzu
vs acoo acop = ebc
vt acoo = idv wnp soh
vu acoo acop = lka
vv acoq acop acoo = tca hlg sgc zqi
vw acop acoo = nga
vx acop acoo = qbg whw
vy acop acoo = ubu jyh ngg xcn kfe
vz = acad
wa acoo acop = cqk
wb = nne
wc acop acoq acoo = izb xib fsf
wd acoo acop = wau
we acoo = pdo
wf acoo acop = wxi vcy tj
wg acop acoo = qjr
wh acoo acop = jsg
wi acoo acop = yce aakr aalj
wj = ygo
wk acoo acop = drq
wl acop acoo = gsk
wm = hnz dtx qma
wn = ablv vmj
wo acoq acop acoo = tqt
wp acop acoo = wwj bey dyf
wq acop acoq acoo = qup mjq
wr = ucs
ws acop acoq acoo = vrd acjn
wt acoo acop = crg
wu acoo acoq acop = aary kpm
wv = aen
ww = lug
wx acoo acop = emo
wy = osh ene qvi xsk
wz acoo = gqy hva
xa = tsi sys
xb = uby
xc acoq acop acoo = hnn oac
xd acoo acop = aaiz
xe = dfj
xf = pdq (aot acfg) irj aadg
xg = brs
xh acoo acop = pyi aaxw yfr doj quc
xi acoo = abbo za
xj acoo acop = xej
xk acoo = aayw
xl acoo = cmh
xm = peg
xn acop acoo = zbt usc
xo acoo acop = ieu
xp acoo = fwj abki
xq acoo acoq acop = cyo tjl kzx
xr acoo acoq acop = hvd
xs acoo = lqn tka
xt acoo = aaij
xu acoo acop acoq = wit kio
xv acoo = xwx kge kkd hfc fhj
xw = aach
xx acop acoo = gwz cae
xy acoo acop acoq = amx
xz acoo acop = rka rpf rag gmn
ya acoo = zcb
yb acoo = aim hgx (aafu dyk ohw)
yc acoo = fck
yd acoo = byr svc
ye acoo acop = uli
yf acoq acoo acop = uol trl
yg acoo acop acoq = bys zrl
yh = wxe
yi = tqr
yj = gvg vwh
yk acoo = ujy
yl acoo acop acoq = alx sab (jbq etu)
ym acop acoq acoo = rnj
yn acoo acoq acop = her
yo acop acoo = iuu jfs eio
yp acop acoo = hzx
yq = uyn
yr acoo acop = oyt vkh uop
ys acoo = zin
yt acoo acop = ackf
yu acoo acop = jsa wrj
yv acoo = feu dxi
yw = gyg yho nmv
yx acop acoq acoo = cht gbp suz boa
yy acoo acop acoq = xti
yz = dzf
za acoq acoo acop = dzs ysf
zb acoo acoq acop = efx aaqu ixz va
zc = ldk xbe
zd = hpi hkl
ze acoo = ukm tdj nlh lpx
zf acoo = pbv vwv
zg acop acoq acoo = pyu aawa
zh = rhm sca cnt
zi acoo acop acoq = au
zj = qtn
zk acoo acop = xhj
zl acoo acop = mll
zm acoo acop = exn ssu tgz
zn acoo = ale aaas xdg wss
zo acoq acoo acop = evh
zp acoo = lqu
zq = pre uvc
zr acoo = hyh
zs acoo acop = ynh
zt acoo acop acoq = cwy
zu = yla aaix aaop
zv acoo = umd
zw acoo acop = pqe wbb
zx acop acoo = ikx
zy = fsg
zz = pgs
aaa acoo acop = ppp
aab acoo = ieu (vgp err kme)
aac acop acoo acoq = zly jiz acls smt vcn
aad = xss
aae acoo acop acoq = hcj zyt
aaf = abso slh uoz nes
aag acoo acop = oom yru ekc
aah acoo = om
aai = fcm
aaj acoo = uid erd fkj tfo tho
aak acop acoo acoq = amm
aal = bnz sbt biq
aam acoo = rzg
aan acoo = tzn
aao acop acoo = wkt pwf (ugz yde cij)
aap acoq acop acoo = i jtg
aaq acoq acop acoo = t
aar = upu
aas acoo acop = awl
aat = cpm
aau acoo acop = dxl iku bco
aav acoo acop = pyc nkn
aaw acop acoo acoq = tas
aax acoo acop = cgo hlv pyy ehi
aay = vms
aaz = rhu abbw qst aaas
aba = viv ccb
abb acoo = ytf
abc acoo acop acoq = uh
abd = abhs auh accs hqh fba
abe acoo = neu gvp abir gwn qie
abf acop acoo = sre
abg = mdc
abh acop acoq acoo = smo gfa dfo
abi acop acoq acoo = ily
abj = seu rsg acbi ogl
abk acoo = ouh oxx
abl acoo acop = tah
abm acop acoo = kat fwx mfo
abn acop acoo = rrr
abo = qfm qpt
abp acoo = bg
abq = qdw
abr acoo = ik xes
abs acoo = atx
abt acoo acop acoq = vlp oik uwc
abu acop acoo acoq = agz osc
abv acoo = zni dab
abw = pfu
abx = dpg sxb
aby acoo = lyd abmj fxy
abz acop acoq acoo = dkf
aca acoo = ghp ewt
acb acoq acop acoo = jhi
acc = dpg
acd acop acoo acoq = nit
ace acop acoo = phe
acf acop acoo = yxj
acg acoo = yle
ach = iyd dsi
aci acop acoo = gfu
acj acoo acop = put awm
ack acoo acop = bty (tky fgo epm)
acl acoo = ccd cjk
acm = aclv tvb
acn acoo acoq acop = zpe rzz
aco = ivw hgm
acp acoo acop = abhd abhh
acq acoo acop = jjd uaq uph sml cfn
acr acop acoo = tpd cej lir
acs = wqv
act acoo acop = acef (vuv dir)
acu acoo = hwf
acv acop acoq acoo = aaac gee llu (kzi uxf)
acw acoo = wij rts jop fm
acx acop acoo = crn ojt acfp
acy acoo = sfd
acz acoo = rot ym dno wpq
ada acoo = ablc lha
adb acoo = liw
adc acoo = vof
add acop acoo = acfy
ade acop acoq acoo = xvu krc aand
adf acop acoo = mxs wnj xqa akh
adg acoq acoo acop = ioa yct cow
adh acop acoq acoo = orh
adi acoo acop = vbw
adj acoo = dss elx
adk acoq acoo acop = xrp gjh pbd
adl acoo acop acoq = rik abhr
adm acoo acop = ztg uas dhl jfx
adn acoo = tsi
ado = gbp
adp acoo = spy
adq acoo = kzs
adr acoo = lnj
ads acoo acoq acop = xuw ntl jyl
adt = fuk fiz
adu acop acoq acoo = uyj
adv acop acoo acoq = vxm
adw acoo = asn zlx mpp
adx acoo acop = ktr
ady acoq acop acoo = zjv rau yqk
adz = abzh
aea = rvh egj aamm
aeb = qai hvm
aec = ecp
aed = gnm
aee acoq acop acoo = jbt
aef acoo acop = wuf
aeg = pxp haf zez jhh
aeh acoo acoq acop = eas heb lws
aei acoo acop acoq = ddy oze grn lbl
aej acoo = nwm xtv ela
aek = zuo dzm qiq
ael acoq acop acoo = daa nlx
aem acoo = zmj
aen acoo acop = xmq
aeo acoo = ync ohh dvi rgc
aep acoo acop = bhi
aeq = tuh
aer acoo = tsp oim dqp
aes acoo = lwl
aet acoo = cmw
aeu acoo acoq acop = vha
aev acoo = obj ybz
aew acoo acop = cbq
aex acoo acop = lop
aey = qxh
aez = vec pga
afa acoq acop acoo = put
afb acoo acop = aaam
afc acoo acop = tkb upb iun
afd = geq
afe acoo = hvy
aff acoq acop acoo = ynn
afg acoo acop = zut (odd fe eup khg)
afh = vfp
afi acoo = jbx
afj = mrh
afk acop acoq acoo = tuc
afl = ufd
afm = abnq
afn acoo = yvb
afo acoo = qaq
afp acop acoo acoq = guf kvm kcl qui
afq acoo = kdq
afr = ayc xwn
afs = flc mur rj
aft acoo acop acoq = hdq
afu = fnp
afv acoo = oyb sjs
afw acoo = pzl
afx acoo acop = lkx
afy = plf jqs
afz = achj abih
aga acoo acop acoq = abcw
agb acoo = ehg uba rje
agc acop acoo = bvw
agd acoq acop acoo = aacd
age acoo acop = jus qzv jed tud
agf acoo = lva
agg acoo = syn
agh acoo = thf
agi acoo acop = hbw
agj = zcr
agk acoq acop acoo = hrq
agl = ids sgd
agm acoo acop = fvh yck hxh
agn = ggg
ago acoo = kla acgx aawd dmh
agp acop acoq acoo = bzl npb msa
agq acop acoo = acv dck
agr acoo acop = ztk
ags acop acoo = mzx tnz
agt = tka
agu acoo acop = lpn uer
agv acoo = stp ajy cww
agw = vkv frf bcu onh gjx
agx acoo acop = vqk
agy acoo = vab
agz acoq acoo acop = aaxj
aha acop acoo = see
ahb = qwr
ahc acoo acop = pdl
ahd acoo acoq acop = vgu
ahe acoo acoq acop = rcr ohf
ahf acop acoq acoo = xtm dwx
ahg acoo = aoc
ahh acoo acoq acop = abdq
ahi acoq acop acoo = wlg
ahj = bmo gwq kjv hrm
ahk acop acoo acoq = mlt
ahl acop acoo = tkt zxi gjh xiy
ahm = ixm
ahn acop acoo = wkl fxc iqt
aho = vfa nhe
ahp acoo acop = drd dfx rwz kuv
ahq = ask jnx wdh
ahr acoo = fbk
ahs acoo acop acoq = jcp xfx bcj
aht acop acoo = vcx
ahu acop acoo = oxf (accj kvv)
ahv acoo = bvt
ahw acoo acop = rta
ahx acoq acop acoo = pjb
ahy acoo = kmd fzz
ahz acop acoo acoq = yg
aia acop acoo = dou
aib acoo = zyz ysj
aic acoo = dqa
aid acoo = prr tlr
aie acoo = jqn
aif acoo acop = lmy cmt
aig acop acoo = bsx tfq svp
aih acop acoq acoo = upr
aii acoo = nax
aij acop acoo = vix
aik = opt
ail acop acoo = ezq
aim acoo = onn aaao acij
ain acop acoo = acj grq ikx fki
aio acoo acop acoq = vkv
aip acoo = fpo
aiq acoo = vat rkf svh
air acoq acoo acop = crf
ais acoo = xbo
ait acoo acoq acop = iuv bgo vlu abrt toh
aiu = vyj
aiv = ojx
aiw acoo = jen
aix acoo acop = haa
aiy acoo acop = tqe
aiz = ncn het abbj
aja acop acoo = auy abhu wdc
ajb acop acoo = myg
ajc acop acoo = aaur nqe
ajd acoo = ssv
aje acoo = dbw
ajf acop acoo = gtf ojm
ajg = dma wbk (ap ablm) nuq
ajh acoo = oia xce abnw aauq
aji acoo = srt mro vam fpw
ajj = ker
ajk = aaic lft aaxs
ajl acoo = ozo
ajm acop acoo = acid isa abob
ajn = gwh
ajo = ltf
ajp acoo acop = pkb
ajq acoo acoq acop = yuj
ajr acop acoo acoq = aade lde kcz
ajs acoo acop acoq = sgs baw
ajt = aciv
aju acoo acoq acop = peg zzs vze cag hes
ajv acop acoo = mlm diu fth
ajw acoo acoq acop = ctw tls nnm
ajx acop acoo = tcq
ajy = uph
ajz acoq acoo acop = nsf
aka acop acoq acoo = mtu pj ydt zss
akb acoq acoo acop = rcj
akc acoo = rfh weg
akd = fuh zaa
ake = wmu aih
akf = gvd pj ryc pti
akg acop acoo = qrz
akh acoo acop acoq = kvu qzk
aki = bdu
akj acoq acoo acop = aju hgx tsy xkz
akk acoo acoq acop = icd fgc nmx
akl = cyt fbt dj ggb
akm acoo acop = gcx
akn acoo = uhu gic
ako acoo = rnz jyk pwj
akp acoo acop = zpv
akq acoq acop acoo = uwz xuw (ewx flc)
akr = qvp uzf yzd hzz
aks = ypt
akt acoo acoq acop = acmu abcf bgw ug
aku acoq acop acoo = gfx
akv acop acoo = wua
akw acoo = ablq
akx acoo acop = aawy
aky = vpr
akz acoo = jab
ala acop acoq acoo = gvn
alb acoo = acbr
alc acop acoo = xdz
ald acoo = son
ale = aum
alf acoo acoq acop = ysr lgh
alg = eyt kbo
alh acop acoq acoo = uia
ali acoo acop acoq = iru
alj acoq acoo acop = mpe
alk acoo = unz (aaso mvn qxo)
all acop acoo acoq = wcn yg ygu
alm acoo = lgm
aln acop acoo acoq = afb zqn
alo = wqj
alp acoo = aclx
alq acop acoo = fbe nji ja
alr acoo = fb gcq iqf hgm
als acoo = bww acau le
alt acop acoo acoq = wrs pqv sir tge
alu acop acoq acoo = bkl aant
alv = twh
alw acop acoo = ptv
alx = sls yjr
aly acop acoo acoq = kjs
alz acoo acoq acop = quw ol (abmh bms)
ama acop acoo acoq = ajv udd gte
amb acop acoq acoo = dau acco rju
amc = asz acly ukt gax
amd acop acoo = uwx
ame acop acoq acoo = uty txp erf
amf acoo = jpt
amg acoo acop = yut
amh acoo acop = rav uoo lok
ami = acfa
amj acop acoo = tkr rgt (ibd qgu)
amk = vab ryt
aml = ewq
amm acop acoo acoq = jvy gzz
amn acoo = aaab gld zvi auc
amo acop acoo = myb
amp = opa
amq acoo = pwx gdz
amr = uuu
ams acoo = vkx aii
amt acoo acoq acop = yxn abzt
amu acoo acop acoq = nyt fvg rjp wob
amv acoq acop acoo = rgk aqg
amw = vhb wpn wum pwf
amx acoo = pxu
amy acoo acop = szi ygr
amz acoq acoo acop = klu
ana acoo acop = qrm (lik uzh) csk
anb acoq acoo acop = abhc
anc acop acoo = ynh hfi
and acop acoo = qkg
ane acoo acoq acop = vsg gyj
anf acoo = auq
ang acoq acop acoo = jnz
anh acoo acop = zge
ani acoo acop = kel
anj acoo = dob
ank acoo = soy
anl acop acoq acoo = mnc eoh aarv jrq
anm acop acoo acoq = thi
ann acoo acop = ryv bfe skt
ano = aajf rze kgq
anp acop acoo acoq = fpy
anq = dre
anr acoo acop = zil
ans acoo acop = zgh
ant acoq acoo acop = zrp x
anu = soe
anv = vmq
anw acop acoo = ugo
anx = exm
any acoo acop acoq = hex tgi
anz acoo = hli nwv jmh
aoa = abre
aob acoo acop = dpj
aoc = wfa fuq zxv qrt
aod acoo acop = jsr
aoe acoo = dmo
aof acoo = rko hq blg
aog acoq acoo acop = absx rj vpw
aoh acoo = lpg iwi aanm
aoi acop acoo acoq = fuo
aoj acop acoo = abqa aaok
aok acoq acop acoo = gat llx zvr
aol = ccd (thu ccv)
aom = kvq vru
aon acop acoo = rsb
aoo acop acoo = aarp
aop acoo = fwm
aoq acoo = quj zxo (jlp hpi)
aor = sfr wrv haq
aos = iqe
aot = im
aou acoo acop acoq = irw
aov acoo = abha
aow acoo acop = srm azg jov
aox = wpm
aoy acoo = ihf yyk prg oou
aoz acop acoq acoo = yjv
apa acoo acop acoq = npx
apb acoo acoq acop = mcx abvz yqf
apc acop acoo = lae
apd = aalb fkn
ape acoo acoq acop = ybz
apf acoo acop acoq = qao
apg acop acoo = qzq
aph acoo = aafb
api acoo = sfc
apj acop acoo acoq = yes ntr
apk acoq acoo acop = rax hbu
apl acoo acop = lea
apm acoo acop acoq = ieq abcj stz hgw
apn acoq acop acoo = wko
apo acoo = rpp jag
app acoo = mgu
apq acop acoo acoq = gnb
apr acoo acop = rsf
aps acop acoo = gyn
apt = tyf aben
apu acop acoo = soa
apv acop acoo = ysj
apw acoo acoq acop = ffp ixt ixf
apx = top ymr yxf
apy acop acoo = mig
apz acoo acop = pwt
aqa acop acoo = dmv
aqb acop acoo = sju
aqc acoo = hvk
aqd acoo = mec
aqe = aasp
aqf acoo = abng vad aamt eik
aqg acoo acoq acop = ytf
aqh acoo = nmz xlr
aqi = ven acaz yl yyh jin
aqj acoo acoq acop = iwp jxo
aqk acoo = dpy
aql acoo = ypb
aqm = hyl lle
aqn acoo = hya
aqo acoq acop acoo = hgr
aqp = cck kln upk cnf
aqq acoq acop acoo = von
aqr acop acoo = uak tpp
aqs = rh
aqt acoq acop acoo = eev xvt
aqu = fha
aqv = sib uof dzg pps
aqw acop acoo = fpb
aqx acoo acop = jlo
aqy acop acoo = xbw
aqz acoq acoo acop = pjg
ara acop acoq acoo = vho
arb acoq acop acoo = obc bqd abgy
arc = sny
ard acoo acop acoq = ius
are acoo acoq acop = aceh
arf acoo = aari
arg acoo acop acoq = fky (lt td)
arh = apf aapv
ari acoq acop acoo = ozx
arj acoo = wpc vup pga njm ftu
ark acoo = wro
arl acoo acoq acop = mhu vtw
arm = ilm
arn acop acoq acoo = dle uur aakx
aro acoo = qfl
arp = qlg
arq = lxz
arr = szq gxp gs bkk
ars = yft acfs
art acoq acop acoo = vqi cpy
aru acop acoo acoq = tzv
arv = axu abdx
arw acoo = six
arx acop acoq acoo = bm
ary acoo = nml lbo
arz = wbs
asa = diz
asb acoo = wys
asc acoo acop = dym
asd acoo = rgi
ase acoo = unx ehm
asf = svn
asg acoo acop acoq = ixq qco
ash acop acoq acoo = abkj ruy pku
asi acoo = xxm
asj acoo = zuh
ask = roc cnl
asl = yms
asm acoq acoo acop = yxv
asn acoq acop acoo = omy
aso = ixs kez
asp acoo acoq acop = enc tap jsa eep
asq acoo = ucr avy
asr acop acoo = clg kww
ass acoq acoo acop = slz
ast acoq acop acoo = xqd dks
asu acoo = vcp
asv acoq acoo acop = opa
asw acoo acop = ksu
asx acoo acop acoq = cwd hoh kes
asy acoo = ohx cnj
asz acoo acoq acop = dk
ata acop acoq acoo = vxi cso
atb = oaa
atc = vxs okj
atd = yjc
ate = njy qtq tkb gvu
atf acoo acop = qxb
atg acop acoo = pc rdd stt
ath acoo = kjf
ati acoq acop acoo = wic
atj = kzx
atk acoo = ivg xbu klo
atl = ybw
atm acoo = toh
atn acop acoq acoo = hhv zq
ato acoo = udt
atp acop acoo = tvu
atq = vwd (esq ayz)
atr = gru abut ymy
ats = bdd
att = vg
atu acoo = vzu
atv acop acoo acoq = kgw
atw acoq acoo acop = acgu aaux vbg acdl
atx acoq acoo acop = hkh cit
aty = yyq hoc sen rwg
atz = lyb
aua acoo = nav uaa ccz
aub acoo = zwl
auc acoo = itc
aud acoo acoq acop = ppt zbk vgb nca dkw
aue acoo = zws
auf acoq acop acoo = yjv
aug acoo acop = prc
auh acoo acop acoq = okx tba
aui = cig
auj acoo acoq acop = wvz
auk acoo = zbt
aul acoo = dld gbb tee
aum acoq acoo acop = inr
aun acop acoq acoo = cmc
auo acop acoo = pwo vlx wca xhg sxq
aup acoo = oau dly bch xbp
auq acop acoo = tnu
aur = xfs
aus = ogf qwt alc ewn
aut acop acoo = vfm
auu acoo acop = hem
auv acop acoo = db lie jwr opv
auw acop acoo acoq = ywg
aux = ina
auy acoo acop acoq = jhj
auz acoq acop acoo = dek ala (rij rtl fys)
ava acoo acop = bki
avb acoo = jsq
avc acop acoo = tqr
avd acoq acoo acop = ncl ywf
ave acoo = wbx qiu who hld
avf acop acoo = qhd
avg acoo acop = abzv dpz
avh = arp
avi acoo acop = zqx
avj = htu
avk acoo acop = iht
avl = urd
avm acoo = sdt
avn acoo = hvu
avo acoo = smg
avp acop acoo acoq = wvi sba ucd kiy
avq acoo acop = sn
avr acop acoo = xsz xwh ecf
avs = acak rll
avt acop acoo = nrp
avu acoo = hhu gdq abvi
avv acoo = mzq saz ovd
avw acop acoq acoo = zcu
avx = vpl
avy acoo = ssd
avz acop acoo acoq = whp
awa acoo acop acoq = ney
awb acoo acop acoq = nyt
awc acop acoo acoq = vch
awd acoo = aeb
awe = sfe
awf acoo = tyc
awg acoo = es
awh acoo = tqc hrj
awi acoo = ceu
awj = bur koj acfy txd bym
awk acoq acop acoo = aajm abzk wjq
awl acop acoq acoo = ogu tju
awm acoo = eaw eio
awn acoo acoq acop = otz
awo = uzi
awp acoq acoo acop = agv gh jiv
awq acop acoo = pwu
awr acoo = lxz sli oio sxj
aws acoo = bih abjz
awt acoo = els
awu acoo = jsp
awv acoq acoo acop = wuf
aww acoo = aaoo fib
awx acoq acop acoo = zst erb vfv sgz
awy acop acoo acoq = iuz rkd jks absj
awz acoo = gpm
axa acop acoo acoq = svo
axb acoo = cxg
axc acop acoo = aadb hcu
axd = jzw
axe acoo = ete gei kbd ejd
axf acoo = ffy
axg = zyn fsg ujm
axh = aagj acme
axi acop acoo acoq = aams
axj acoo = mrl eut
axk acoo = vki fej
axl = yek
axm = bvo
axn acoo acop acoq = ibq
axo acoo = uxj
axp acop acoo acoq = ytu
axq acoo acoq acop = cjz
axr acoo = aaje axy iyt
axs acoo acop = ooc goz adk aacp
axt acoo acop acoq = aapk ukx (ogh aio)
axu acoo = abex jtf qxh mkm bgz
axv = htw aud mis
axw acoo acoq acop = jah
axx acoo acop = ablm
axy acoo = nul xvh abje
axz acop acoo = qnk qjv
aya acoo = lie
ayb = uqm
ayc = bgb
ayd = xfh aahn (ulj xvj)
aye = igy
ayf acoq acoo acop = acii vej
ayg acoo = nnm aanh
ayh acop acoo = plw ywg
ayi acoo acop = hfb acmg
ayj acop acoq acoo = pqc
ayk acop acoo acoq = awz
ayl acoo acop = lte gnw kwn dks
aym acop acoo = fvl ajz xpi
ayn acoq acoo acop = ixd iof
ayo = xru
ayp acoo acop = cze
ayq acoo acop = mvv
ayr = hjs
ays acoo acop acoq = ttv (ras ome)
ayt acoo acoq acop = cor
ayu acoo = hwt
ayv acoo = abdr
ayw = pym ytf
ayx acoo = abdn
ayy = buc qpn ccs
ayz = aaxh
aza acoo = pwa
azb acoo acoq acop = bks kss
azc acoo = ads
azd acoo = rhy aars ruc yve
aze acoo = doo
azf acop acoo = esy
azg acoo acop acoq = egk
azh acoo acop = evu pqw
azi = rtf
azj acoq acop acoo = mid ikp
azk acoo acop = jqr
azl acoo = pjq yfz
azm acoo = aajz
azn acoo acop = vrk
azo acoo = vqx qtz (ipq rhv uus)
azp acop acoo = ljh mel gia
azq acoo acop = pgz abgs
azr = qat
azs = evo hyb lab aaks
azt acoo acop = cbv
azu = dcd iox (uox eai)
azv acoo = yao
azw acoo = ljm jrw aoc mpu
azx = zsc
azy acoo = mnf oyy
azz acoo = tai
baa acoo acop = gfd fzk vdy
bab acoo acop = mpx
bac acoo acop = ouu
bad acoo = zbh bnx ojg
bae acoo acop acoq = qyn
baf acop acoo = jhz hfg
bag acoo acop acoq = ngm
bah acoo acop acoq = dqo
bai acop acoq acoo = fsu
baj acop acoo = gpi
bak acop acoo = abqy jep wok hbm
bal = rkl
bam acoo acoq acop = gi weo
ban = klj
bao acoo acop = hab
bap acoo acop = aass
baq acoo = lfj hhp
bar acop acoq acoo = lte
bas acoo acop acoq = sdp
bat acoo = aanr
bau = wzc
bav = blm
baw acoo acop = aalw
bax = tdg
bay acoo = zry
baz = ymo aaxo
bba acoo = isa (hug gpd fgj wrk)
bbb acoq acoo acop = udu ofh bxy jjb wjp
bbc acop acoo = ttl izc jdl qfv abvd
bbd = mwl zmi abxm nap
bbe acoo = xnw abqz
bbf acoq acop acoo = rak
bbg = mtj
bbh acop acoq acoo = voi
bbi = iwf ecm afb ofd
bbj acoo = czs nzk ghb
bbk acop acoo = lbq jkv jpd ila
bbl acop acoo = obe
bbm acoq acoo acop = soc hgb
bbn acoq acoo acop = hca cnm
bbo = gxk abgp
bbp acoo acop acoq = yxl
bbq acoo = abjy
bbr acop acoo = fgh abya
bbs acoo acop acoq = xcv
bbt acop acoo = vlo
bbu = qpn
bbv acoo acop = aavi mjs
bbw acop acoo = mlo xvm (qgb ubk)
bbx acoq acop acoo = wlu mzt
bby acop acoo = rnx vtv cja
bbz acop acoo acoq = ask
bca acoo = hfh
bcb acoo = maa
bcc = iwh pun xgx
bcd = cad abgh cfl
bce acop acoo acoq = xje
bcf acoo = szp
bcg acoo = xhe jea
bch = ohz jin toy xlc
bci acoo = dvu
bcj acoo acop = xks abhh
bck = rhf hhf
bcl = kxg tis
bcm = bru
bcn acop acoq acoo = cue aahx mtp vcw
bco acoo = awg
bcp acoo = acdm
bcq acoo = zhj
bcr acoo acop acoq = hpa
bcs acoo = jac
bct = abce glq hqi
bcu acoo = fhg
bcv acop acoo = yuz ete qqo
bcw acoo acoq acop = dzw
bcx acoo acop = acam
bcy acoo = mli jof
bcz acoo = rrc
bda = vdn
bdb acoo acop acoq = aex
bdc acoo acop acoq = vfe
bdd acop acoo = pte ptk
bde acop acoq acoo = gun hxv aik
bdf acop acoo acoq = kvx
bdg = mvt
bdh acop acoo = qdv yvk gid
bdi acoo acop = dii
bdj = fsf
bdk acoo acop acoq = ppd ncf hik
bdl acoo = tmx xbp
bdm acoo = iyk oec
bdn acoo = jvk
bdo = zpy ban
bdp acop acoo = yjv plx
bdq = fis
bdr acoo = acoo abxz qsm
bds = mob
bdt acoo = hzp
bdu acop acoo = wnx
bdv acoo = kdx
bdw acoo = aacw xex vvc
bdx acoo = drk gd aawj ykg
bdy acoo acop = aro err wec
bdz = gba
bea = uyw iad
beb = abft
bec acoo acop = fda
bed acoq acoo acop = eme
bee acoo acop = ybh bvk
bef acop acoo = dlp
beg acop acoo = xfg gsw aavn
beh acoo acop acoq = xsf wpg
bei acoo acop = cen
bej acoo = abqj
bek = jry dje mxq bxi
bel acop acoo = epe kxg onu unk
bem = dcd
ben acoq acop acoo = aqq
beo acoq acop acoo = hrf fbi
bep acoo acop acoq = ysa
beq acop acoo acoq = fnh
ber = com dow
bes acoo = zom
bet acop acoq acoo = vad
beu acop acoo = xmi amu iep vyh
bev = end
bew acoo = vtm
bex acoo = kjt vvi
bey = bbb frw
bez acoo acop = lnl shf qbx
bfa acop acoo = scn pgm
bfb = cxu elh
bfc acoo acop = sbn
bfd acoq acop acoo = wvp eky zkz
bfe acoo acoq acop = aamb hsp
bff acoo acoq acop = twq v dgt
bfg acoq acoo acop = ljl
bfh acoo = odb egp izs inn mus
bfi acoo acop = abes gld
bfj acoo acop = qwx
bfk acoq acoo acop = crp
bfl acoo acop = ptz
bfm acoo acop = ojr amo
bfn acop acoo = bvh bwo
bfo acoo = xvy
bfp = moi
bfq acoo acop = bn
bfr acoo = noe nud egr lva
bfs acoo = ejk
bft = ynj an
bfu = vap
bfv acop acoo = ngc
bfw acoo = aavv
bfx = pua
bfy acop acoo = abaq rmw hch
bfz = dtx
bga = kvz
bgb acoo = ltg
bgc acoo acop acoq = fud err ye piq
bgd = jyq
bge acoo = igw (ncg fpp zoa) vim
bgf acoo acop = lbc
bgg acoo acoq acop = gas
bgh acoo acop = nga
bgi acoq acop acoo = gcd qmz
bgj = acfb
bgk = irk
bgl acoo = gye
bgm = mjs uhu tev
bgn acop acoo acoq = csn
bgo = kte exe ecn
bgp = ggp
bgq = ojc
bgr = yno smr jjl lxs tjg
bgs acop acoo acoq = qsg
bgt acoo acoq acop = pvh
bgu acoo acop acoq = zjq
bgv acop acoo acoq = qvc utn khb
bgw acoo acop = exe
bgx acop acoo = hqy nkq
bgy acoo acoq acop = dzh
bgz acop acoo = dzm
bha = aaax nbm aym
bhb acop acoo = mwt jpl
bhc acoo acoq acop = zrk pah yaa kvk
bhd acop acoo acoq = zlk
bhe acoo acop = kdf cpt qdg
bhf acoo acop acoq = wtl
bhg acoo = wft
bhh = lrr wrk tbr
bhi = lmb
bhj acop acoo = ioe
bhk acop acoo = lxd hoe
bhl = ibz
bhm acoo = any
bhn acop acoo = hys iru
bho acoo = evn
bhp acop acoo = qoo sak acjk
bhq acop acoo = qfc cun
bhr acoo acop = gkp
bhs = vkl
bht acoo = sej whn xvf aayb
bhu = sxs
bhv acoq acop acoo = mir
bhw acop acoo = obj chm
bhx acoo acop acoq = kyc
bhy acoq acoo acop = eyl
bhz = xkf ajz pub ckt mzr
bia acoo acop = chb tkk aakh hgs hlk
bib acoo = cnc bce
bic acoo = abvo
bid acop acoo = jqx
bie acop acoo = ftr gkz ezu tiu
bif = lpe abip
big = iq
bih acoo acop = tpd oha uzg kgv aanz
bii acoo acop = oev iid
bij = xsq
bik acoo acop = ya ufr
bil acoo acop = pmy hbf
bim = bd abrk aasb
bin acoq acop acoo = cvy mjt
bio = kvb
bip acoo = guk usn
biq = mkc
bir acoo = nte uwz gao
bis acoo = xzv
bit acoo acop acoq = fhe emg jrg ryy
biu = mxm x upe pan thx
biv acoo acop = cfz
biw acop acoo = qei
bix acop acoo = dzr
biy acop acoo acoq = gwr
biz acoo = nob qnp
bja acoq acoo acop = aalc pzz fpg
bjb = moj
bjc acop acoo = vbx njk yzh
bjd = acbe tpc
bje acoo acoq acop = gka
bjf acoo acop = ovq
bjg acoo = hb
bjh = quf
bji acoq acoo acop = kcu wqt
bjj acoq acop acoo = fws
bjk acoo = abap
bjl acoo acop acoq = lxx mbb
bjm acoq acop acoo = kpa eym kbc
bjn acoo acop = nrn accv sne nxw
bjo = vee
bjp acop acoq acoo = ruj
bjq acoo = veb lfd
bjr acoo = exr agz dad
bjs acoo acop = uvh xfi snw abix
bjt acoq acop acoo = rsz
bju acoo acop = zcw
bjv acop acoo = odr
bjw acoo = gsa xgt
bjx acoo = zbt wlc dbw
bjy acoo = oue
bjz acop acoo = jyz
bka = ngt
bkb acoq acop acoo = vwf cou
bkc acoo acoq acop = uap vcw jkk
bkd acop acoo = fev
bke = sqr leo two url
bkf acoo acop = cgs
bkg acoo = aayh
bkh acoo acop = leo
bki = evx
bkj = jzw
bkk = oym aawo csh
bkl acop acoo acoq = oxr
bkm acop acoo = lgy
bkn acoo = drb rcr sbg
bko acop acoo = ymz
bkp acoo = abnx
bkq acoo acoq acop = qzg rsd iqj abix zsp
bkr = vuo
bks acoo acop = nts
bkt acoo = abzl imd lzn lbc
bku acop acoo = ktm rpc
bkv acop acoo = wce hoc
bkw acoo acop = prk
bkx acoo = itq
bky acoo acop = lhd acnw
bkz acoo = fjj
bla acoo = ett
blb acoo = kwy
blc acoo = auf
bld acop acoo = iuj
ble acop acoo = gkw olk gur
blf acoo acoq acop = per
blg = srz
blh acop acoq acoo = mlm
bli acop acoo = gkm (xwr vcj)
blj = qza
blk acoo acoq acop = mgr
bll acoo = lf
blm acoq acoo acop = cws
bln acoo = gab
blo acoo = xvo
blp acoo acop = zuc hbg
blq acoo acoq acop = mti
blr acop acoo = eok piv iiq ita
bls acop acoo = flk
blt acoo acop = aamq
blu acoq acop acoo = abfv
blv acoq acop acoo = wyt
blw acoo acop = kkd
blx acoo = ywo moa
bly acoo = kho
blz acoo = qdm jko pgs
bma acoo acop acoq = mjz lko
bmb acoo = zks exz alv yzj
bmc acoo acop = dij
bmd acop acoo = absi tvn
bme acop acoq acoo = noj
bmf = eqf nwg sqk knl
bmg acoq acoo acop = dja jaa xto bik
bmh acoq acop acoo = qb
bmi acoo acop acoq = eol
bmj acoo = qjx
bmk acoq acop acoo = aair
bml acop acoo = yme ul xyk mit zwu
bmm acoq acoo acop = pyn yko ejj abiv
bmn acoo acoq acop = mls
bmo = scr (xnx abis ztz)
bmp acop acoq acoo = emn
bmq acoo = bsb
bmr acoo acop acoq = dvu gux
bms acoo = yrz
bmt = xkw (dkl mpf pit)
bmu acoq acoo acop = pcc
bmv acop acoq acoo = wja
bmw = yhh xyh tri dqh
bmx = vzm tpf
bmy acop acoo = frd
bmz acoo acop acoq = dcc
bna acoo = opb nqm jgo rcc
bnb acoo acop = usl
bnc = absy cjx tyu zhb
bnd acoq acop acoo = bem cjm
bne acop acoo = gkl fad anq hcc
bnf acoo acop = cny yvr
bng acoo = ekl
bnh = oza
bni acoq acop acoo = izl yk kmz
bnj = red
bnk acoo acoq acop = fov adf
bnl acoo = hra
bnm acoq acop acoo = ekk
bnn acop acoo = zkm
bno acoo acop = aapg htg ekl ofb
bnp acoo = tzw rmu
bnq acop acoo = hxb bsb wsv
bnr acop acoo = acnc exn wxi
bns acoo = roj
bnt = jou uol vrc
bnu acoo = gag
bnv acoo acop = kes cjg rvi
bnw acop acoo = lil ck
bnx acoo = loj
bny acoo = rlj
bnz acop acoo = abbq
boa acop acoo acoq = abmt
bob = nve
boc acop acoo acoq = xi abbw
bod = mpx hbl bpk
boe acop acoo acoq = jlb
bof acop acoo acoq = bkg
bog acop acoq acoo = ujn xql ckg
boh acop acoo = fba zav
boi acoo acoq acop = hes
boj acoq acoo acop = yof (vi oeb)
bok = sin
bol acoo = abcc
bom = ackl poz
bon acop acoo = rvq
boo = pdp
bop acoo acoq acop = rln
boq = abvx
bor acoo acop = xzy otr eak bew
bos acop acoo = abg
bot = zeb sts
bou = qvb lzu rdz
bov acoq acoo acop = qhi
bow acoo = tfg
box acoq acoo acop = vph
boy acoq acop acoo = kgz
boz acoo acop acoq = pck
bpa = odb
bpb acoo = lsw
bpc acop acoo acoq = ypv
bpd acoo = iac
bpe = enq
bpf acoo = frm
bpg acop acoo acoq = rmm
bph acoo = imu hif mxk fau
bpi acoo acop = zl
bpj acop acoo = zva ojz egv
bpk acop acoo = qla vsm
bpl = bim
bpm acop acoo acoq = wow lvi
bpn acop acoo acoq = dxb
bpo acoo = ztu
bpp acoq acop acoo = wgl (ozx pmk) zdf
bpq acoo = yuq ogw abfz xay uce
bpr = sxm lln
bps acop acoo = oay
bpt acoo = ysg rkv rjm skr
bpu = kxv
bpv = rgz
bpw acop acoq acoo = pjr
bpx acoo acop acoq = ckv tlz isx
bpy acoo = ycv
bpz acoq acop acoo = aadi
bqa acoo = mdf jgv kja
bqb acoo = yzo wyi dus
bqc acop acoo = ggn boh wut xhe
bqd = dge
bqe = dvz
bqf acoq acop acoo = zql ksk
bqg acoo acoq acop = hxo
bqh acoo = qet
bqi = aaqz arw abof vo nwa
bqj = abri qwz
bqk = wmh
bql = dib
bqm acop acoo = inx
bqn acoo = rvz
bqo acoo acop = dbz idl
bqp acop acoq acoo = ehf nio nky abjg
bqq = srv fne kwa jge owy
bqr acoo = aazr
bqs acoo = fri
bqt = mnr
bqu acoo = xoz jxq fph
bqv acop acoq acoo = ghu ctw hcg
bqw acoo = evj ghd mei
bqx = rth tsm gbd lxw
bqy = ego
bqz acop acoq acoo = mrr wma abqj
bra acop acoo = qmy
brb acop acoo = nve
brc = mcs abjd
brd acoq acoo acop = mnt
bre acoo = acie
brf acop acoo = oio
brg acoo = niz
brh acoo = xah
bri = ayu
brj acoo = unq
brk acoo acop = tsy
brl acoo = xts bur
brm acoo = ihy
brn acoo = ohf rlp kag
bro acop acoo = qy
brp acoo acoq acop = lbu
brq = fhv rah
brr = eoj
brs acop acoo = gez arn imp
brt acoq acop acoo = mve
bru acoo = fkw uef
brv acoo = yjh
brw acoo = dei
brx acoo = ssn ide aayr yyd vbj
bry acoq acop acoo = vzg pbz aakm juq
brz = aha tyi moa
bsa acoo acop = uoe
bsb acoo acop = ss xxe
bsc acop acoo = lzk mmh
bsd acoo acop = fwx xww fvf
bse acoq acoo acop = sg eif
bsf acoo = eje
bsg acoo = vtk zau zbw xqt
bsh acop acoo = ocg aasq
bsi acoo acop = ghs
bsj acoo acop = ueh
bsk = aabu
bsl acop acoq acoo = kbt ldf osl
bsm acoo = iqs
bsn acoo = tkp ugx ylg tdo
bso acop acoo acoq = kft
bsp = mob bjc
bsq acoo acop = zyp
bsr = dim
bss acop acoq acoo = aam ibi mgr
bst acoo = pxv
bsu acoo acop = yuo aawx kxs xvk
bsv acop acoo = db rpd yxz puh
bsw acop acoo = cxp
bsx acoo = zt
bsy = cum
bsz acoo = wxu tem
bta acoo = tux
btb acoo = pea
btc acoo acop acoq = opz
btd acoq acop acoo = ayh
bte acop acoo acoq = wnm
btf = lny (rzo aayr) rjd
btg = rre aajm wer
bth acoo = fhx
bti acoo = lit
btj = qds
btk acoo = xeo
btl acoo = kvi
btm acoo = bfm gbf
btn acop acoo = tue
bto acoo = dyv hjg
btp acoq acoo acop = oiy vab
btq acoo acoq acop = gzn
btr acoo acop = wnv sdm yit
bts acoq acop acoo = zq
btt acoo acop = abka gbi
btu acop acoo acoq = lm mtp hya
btv acop acoo acoq = wjr
btw acoo acop = plj
btx = kjp saq jpy enl
bty acoo acop = xew
btz = new
bua acop acoo = abgx
bub acoo acoq acop = ngd uyd uuo hnx
buc acoo = jur acoo gzv
bud = jyo ad
bue acoo acop = ioa
buf acop acoo = mch
bug acoo acop acoq = vkd tej szl
buh acoo = qh
bui = zmt hhq dbu
buj acoo = abwk
buk acoq acoo acop = zv axl nk
bul acoo = zgt yph abtr
bum acop acoq acoo = bbo
bun acoq acoo acop = jv vbv
buo acop acoo = hax
bup = zcf gjs hty
buq = acih doh
bur acoo acoq acop = rmc
bus acoo = kxj zqu (spj azd)
but acoo acop = coq fas lwk
buu acoo = acoa
buv acoo = lsk
buw = aabz
bux acoo = aks xlc rfz
buy acoo acoq acop = ocb
buz = wlv
bva acoo acop = kxx ass
bvb acoo acop = qyi cus
bvc acoo = qcv
bvd = aho jld
bve acoo = qyf
bvf acop acoo acoq = iuz ace ufj
bvg acop acoq acoo = xst anf
bvh acop acoq acoo = dnc
bvi acoq acop acoo = juw
bvj acop acoq acoo = ccz
bvk acoo acop = xjf
bvl = ill
bvm acoo = fpj
bvn acoo acop = dso vo
bvo = abni
bvp = rus
bvq acoo = ngk
bvr = ams mqg
bvs acoo acoq acop = qan acmu
bvt = twq edv yut mfs
bvu = vfx
bvv acop acoo acoq = qgz achm
bvw acop acoo = qep
bvx acoq acop acoo = vzc
bvy acoo = uqt
bvz acoq acoo acop = kvh qji
bwa acop acoo = lck txp bo
bwb = ofu
bwc = baz drr
bwd acoq acoo acop = hvn
bwe acop acoo = dmb
bwf acop acoo = whb
bwg acoq acop acoo = ywi
bwh = aaul ocd
bwi acop acoo = qho
bwj acop acoo acoq = aaxo lny iwa
bwk acoo = acoo gjx hox aaxu
bwl acoo acop acoq = ahh izl
bwm acoo acop = qux
bwn = cjp rax
bwo acoo = il
bwp acoo = svj jsh
bwq acoo = zxi aapo abkl qhw
bwr acoo = ioh agn wgs
bws acoo = sjl gwa dtc
bwt acoo = shr
bwu acoo = ixv
bwv = zrz
bww = nkw olh gqy
bwx acoq acoo acop = rih
bwy = jlu
bwz acoo = tex
bxa acoo = vxj
bxb = zlj qlb
bxc acoo acop = aawu
bxd acoo acop acoq = dvp
bxe acoo acop acoq = cfj
bxf acop acoo = bij gji
bxg acoo acoq acop = lim
bxh acoo = hfp yfa yxk
bxi = ehn wvh
bxj acoq acoo acop = bdb
bxk acoq acop acoo = nwa jyr ikq moc
bxl acoo = acio gxb aarw zpo dkc
bxm acoo = xyd
bxn acoo acoq acop = rgq
bxo acoo acop = odm jde
bxp acoq acop acoo = wvv
bxq acoo acoq acop = oco pms
bxr acoo = zyl
bxs acop acoo = cjj aavt
bxt acoo = zex
bxu acop acoq acoo = qlp owg
bxv acop acoo = wli
bxw acop acoo = iud
bxx acoo = upg
bxy acoo acop acoq = pgo het
bxz = nkg
bya acoo = ioc
byb = aasi absm epe (ppp lrw)
byc = nfg
byd = emg abnq
bye acop acoo acoq = wto fks xwz
byf acop acoo = kwq
byg acoo = drv bpg
byh = acjd
byi acoo = acjm rin
byj = ycb
byk acop acoq acoo = mxc abpu ablc
byl acoq acoo acop = mpw
bym acoo acop acoq = tqd bnb fqo
byn acoo = hel
byo acop acoq acoo = thy cql
byp = tvh
byq acop acoo = uaf srs qvd
byr acoo = zpo aaml
bys = jct
byt acoo acoq acop = und
byu = jgm pxr
byv = bxm
byw acop acoq acoo = wm hgn
byx acop acoo = hxg (dpr zzf)
byy acoo acop = ouu (ggs tom ucv)
byz acop acoo = zie jox
bza acop acoo = see
bzb acop acoo = xx
bzc acop acoo acoq = ackr xfk
bzd acoq acop acoo = gyq ewc
bze = ssl
bzf = snm
bzg acoo = yvf
bzh acoo = zoy kwk
bzi acoo acop = ogh qdg
bzj acop acoq acoo = mam bln dxt
bzk = heb
bzl acoo acop acoq = tpk
bzm = abqv
bzn acop acoo acoq = zpi
bzo = dlb
bzp = qoq cwg rrl
bzq acoo = job jsb
bzr acoq acop acoo = pal juc
bzs acop acoo acoq = hdk vzk hjy
bzt = nj lys
bzu = fym dds nbu
bzv acop acoq acoo = dty
bzw acoo acop = lrc
bzx acoo = rak
bzy acop acoo = ncx
bzz acoo acoq acop = kvn
caa = otw pse xhg qaj
cab = iv rc veo vqj
cac = fss
cad acoo = dnt idw
cae acoo = lge
caf acoo = aanl rsf
cag acoo = mek
cah acoo acop = abbz ti abul riw
cai acoo = xvz
caj acop acoo = mmk
cak acoo acop = saq
cal = jtz
cam = abml wjm amm
can = aol sbt bir kkt jbr
cao acoo = wgg mgi
cap acoo acop acoq = rgc
caq acoo acop = wou wug xcy
car acoo acop = kck ptx
cas acop acoo = pwe (rsn lgh krd)
cat acoo acop = dqm gqi
cau acoo = mmt (eoq ola)
cav acoo = jdr
caw acoo acop = aatc btk ocv
cax acop acoo acoq = hpk
cay = acau
caz acoo = pxv eyl izv
cba acoo = bov
cbb acop acoq acoo = vqs
cbc acoo = bcl
cbd = jkx dcy aaft hiu
cbe acoo = afn kjy njd gbq lpm
cbf acoo = ilo yfd acnp
cbg = qc
cbh acoo acop = sck ous
cbi acoo acop = xyk (xqi gku ztj)
cbj acoo acop = xmz
cbk acop acoo = grb abtj wte
cbl acoo acoq acop = nwv
cbm acoo acop acoq = jfo npm ssd
cbn acoo acop = tko tsz
cbo acop acoo = gnm slg zra
cbp = zwv
cbq acoq acoo acop = hzs
cbr = yrx
cbs acop acoo acoq = ohk ajx inj ukb
cbt acop acoq acoo = yub lhm qsd dp
cbu = rmd ena doe mxn mvt
cbv = cgv jcp
cbw acop acoo = tvu
cbx acoo acop = gtz axq ab
cby acoo = gdj
cbz acop acoo acoq = cfa xez
cca acoq acop acoo = ozc yqv jph
ccb = hke
ccc acoq acop acoo = wqp wti
ccd = xmb hcq svm
cce = gyu jbx
ccf acoo = jej
ccg = pol abce abqb
cch acoo = qqa
cci acop acoo = oyb tsv
ccj = gce utj
cck acoo = mgd
ccl = abjf fbt
ccm acoo acop = abzd zwb mfr acfb
ccn = qrv dzn
cco acop acoo acoq = xcs
ccp acoq acop acoo = kxv abht
ccq acoo acop = ufm
ccr acop acoo = sdg qnk
ccs acoo = lch
cct = iqn cst jl
ccu = ygx (acm aazd pfg)
ccv acop acoq acoo = shk
ccw = uz aamw wcu
ccx = vhk
ccy acoo = pzc
ccz = fuh
cda acoo acop = rv njz axj
cdb acoq acoo acop = nda kxp gaw wzc
cdc = vam
cdd acoo acop = swv
cde acoo acop = wvg vou
cdf acop acoo = abcf
cdg = cih mqz
cdh acoo = olr qez
cdi acop acoo = onj xdf mfm
cdj acoo = lxz
cdk = owk
cdl = rqj
cdm acoo acoq acop = zxy
cdn acoo = swk hzy zmg
cdo acoq acop acoo = ykp
cdp acoo acop = cjg
cdq acoo acoq acop = ckp
cdr acoq acoo acop = wgo
cds acop acoo = tzg ast vqw
cdt = qyq
cdu acoo acop = zyk rku nlp whl
cdv acoo acop = gki
cdw acop acoo acoq = olx lfr kom
cdx acoo = uhc xtk nbq
cdy acoo = ihg
cdz acoo = nfc
cea acop acoo = nwv
ceb acoo = yop nkb vbn
cec acop acoo acoq = qvs fye
ced = tqm
cee = abxa
cef = dar
ceg acoq acoo acop = bxd ukx zjl akp
ceh acoo acop = pyv
cei acoo = ged
cej acop acoo acoq = vcf
cek acop acoq acoo = bwi
cel acop acoo = stg
cem acoo = nue
cen acoo = dzl
ceo acoo = kkt lvc
cep acoq acoo acop = zsk
ceq = hqj nzz
cer acoq acoo acop = grq aakp
ces acoo = anj frq abqs
cet acop acoo = xzy
ceu acop acoo = acdm
cev acoo acop = cic
cew acoo = abco
cex acoo = ytk txt abyf
cey acoo = abfi rjv rxk aadf
cez = mhu absp
cfa acoo = cll
cfb acoq acop acoo = abxw vge
cfc acoo acop acoq = vrd
cfd acoo acop acoq = fhl luy mxw
cfe acoo acoq acop = ubg
cff acoq acop acoo = gaa
cfg acoo = vdx
cfh = wdn gaq
cfi acoo acop = nl
cfj acoq acoo acop = kvg
cfk acop acoq acoo = dsx vtm
cfl acoo = rut
cfm acoo acop = wnw
cfn acop acoo = prb
cfo acoq acop acoo = cyt wcx
cfp = fnj drh
cfq = zfd
cfr = rjf ffi pkx
cfs acoo = tow
cft acoo = flq
cfu acoo acop = agf
cfv acoo = wrc
cfw acoq acoo acop = soy
cfx acop acoo = aakp
cfy acoo acop = jvc
cfz acop acoo acoq = ife
cga = aaid
cgb acoq acop acoo = poe
cgc acoo = cko vhi eei ogh
cgd acoq acoo acop = mui fok
cge acoq acop acoo = jxx (dwa btx apj) lbd
cgf acoo = yd
cgg = hxv scj pzr
cgh = mgv yld
cgi acoo = dmz
cgj = rit
cgk acoo = iiw (abvd tpv) asp zjx
cgl = yll bjk
cgm = nci
cgn acop acoo = jpv
cgo acoo = tny lqp tcp
cgp acop acoq acoo = uso
cgq = osu
cgr acop acoo = yuh
cgs = wth mdi
cgt acoo = abm
cgu acoo acop acoq = pfr ase
cgv acop acoo = rul niv pcf fwl
cgw acoo acoq acop = pmj
cgx = cih (ewz vdc)
cgy acoo = aaoa acek obv (aafw gdj)
cgz acoq acoo acop = fnc rza
cha acoq acoo acop = eox qfz
chb = npa
chc acoo = smc cjq obo
chd acoq acop acoo = abnn ngv
che acop acoq acoo = ian mbg
chf = xkb
chg acoo acop = fjg
chh = glz
chi acoo acoq acop = puv
chj acoo acoq acop = ihd
chk acoo = gni
chl acoo acop = izz iur ayd
chm acoq acoo acop = dgn
chn acop acoo = ems
cho acoo = aadn qvl auu
chp acoo acop = dws
chq = hwr aax
chr acoo acoq acop = zil
chs acoo acop = ohc vwb
cht acoo acop = eub glo oii
chu acoo acop = wcb
chv acoo = vln
chw acoo acoq acop = imv
chx acoo = jnp
chy acop acoq acoo = tqr
chz acoq acoo acop = ceq rlh
cia acoo = ouv
cib = gbs
cic acop acoo = zju
cid acop acoq acoo = ncf bkp itg
cie acoo = acjp sak
cif acoo acop = vr acis
cig = tja gpk
cih acoo = xzj
cii acop acoo = dhy duw
cij = jbq jvm
cik acop acoq acoo = qsv
cil = sse
cim acoo acop acoq = mqm ocw
cin acoo = ipw xav
cio acoo = evp hcl xsr yoi
cip = hst
ciq acop acoo = fji udv rxh
cir acoo = axr
cis = wbl
cit acoo = fsz
ciu = fmc onm
civ = lpq
ciw acoo = uks acco
cix acoo acoq acop = xmf
ciy acoo = fae
ciz = fpz
cja acop acoq acoo = qei
cjb acoq acoo acop = qgb drm
cjc acop acoo = nbi rmp use zmz
cjd = pmx
cje acop acoq acoo = flx
cjf acoo = zae jit
cjg acoo = uvz kvs nuk (dww mfk)
cjh acoq acop acoo = bvw piw dst
cji acoq acoo acop = pro abwz
cjj acop acoo = oem
cjk = ftg
cjl acoo = ytg
cjm = abof
cjn acop acoo = oed
cjo acoo = bhp
cjp acoo = uiy ova
cjq = xmi
cjr acop acoo = rwo doo ecy
cjs = sru avc abq
cjt = ald
cju = fzt
cjv = nwt
cjw acoo acop = vy hwu
cjx acoo = hsy
cjy acoo = dfs nsa
cjz acop acoo = txn sbo (bwo mxg)
cka acoo = pxg
ckb acoo acop acoq = dfk acoo
ckc acop acoq acoo = knn hdv mld vfm lvf
ckd acoo acop acoq = hxv
cke = bps obn aamj
ckf = ojm pam aah
ckg acoo acop = cek cyn zsd jzd
ckh = uvq
cki acop acoo = klu
ckj acoq acop acoo = msp
ckk acop acoo acoq = ods wzk nmj
ckl acoo = flj
ckm acop acoo = qud
ckn acoo = nix abao frd
cko = aaxg
ckp acoo = rft ekr
ckq = xuf
ckr acoo acoq acop = aamc
cks acoo = bsj dtm zbe
ckt = tuc
cku acoq acop acoo = pmt
ckv acoo = hzs
ckw = aazh aavp jwd fmc
ckx acoo acoq acop = hux
cky = cep vyf uuw suv omv
ckz acoo acoq acop = fgy
cla acoo = ewi
clb = tqz cbo csu
clc = abae
cld acop acoo = ofg
cle acoo = iml cyr eyd
clf acoo acop = zzy wxb
clg acop acoq acoo = qyu omk
clh acoo acop = xtu yhu xwq
cli acoo = jkv
clj = mqu
clk = llh oeu (dih wgn)
cll = aabf
clm = gfm
cln acoo acop = szy
clo acoo = yzy
clp acoo = sbq ezt
clq acop acoq acoo = ddm
clr acoo = acdj jj abtw
cls acoo = yly
clt acoo = big
clu = nwn abya xfb
clv acop acoq acoo = kdg tkc
clw acoo = azf oad bjq
clx = yym
cly = bik lle
clz = abnd avw aht nrk
cma acoq acop acoo = dsd aar hmv
cmb acoo = yjh
cmc acoo acop = wfr
cmd acoo = upr
cme = ixu av aaza pjw
cmf acoo acop = njr
cmg acoo = ldo
cmh acop acoo = djg
cmi acoq acoo acop = abrj
cmj acop acoo = aakl
cmk acop acoq acoo = xtt
cml acoq acop acoo = abqb qkl (nfj dao)
cmm acoo acop acoq = rum
cmn acop acoo = lbm spv abhu
cmo = kgc
cmp acoo acop = lnb sla lab pra ebx
cmq = acnm rsh
cmr acoo = eeo aaxy aod abir
cms = mnt ovz
cmt acoo = lrk
cmu = zhy
cmv = qfq mkk ajg
cmw acop acoo acoq = kc
cmx = nch
cmy acoo acoq acop = yyr
cmz = xqx
cna acoo = xag ixa uhr
cnb = dgd
cnc acoo acop = ujh
cnd acop acoo = gl lzx abog
cne acoo = fbo
cnf = twf ggs
cng = bjh
cnh acoo = zat nmd bkk
cni acoo = efr
cnj = tlu rwh
cnk acoo acop = phh
cnl = aut (ackc aaij)
cnm acoo = gup yvu abnk
cnn acop acoo acoq = egs
cno = dpx max wxi giz
cnp = khh dgr tdi
cnq acop acoo = gdq adz
cnr acoq acop acoo = oip
cns acoq acoo acop = mgk efm kmm
cnt acoo acop = oit vqu
cnu acop acoo = vid
cnv = eio sss
cnw = xyj lsi
cnx = beb
cny acoo = pal
cnz = hvv
coa acoo acoq acop = adb ouy fav
cob = uwr
coc = odh
cod = abli kuo onk abzb
coe acop acoo = ttx gud
cof acop acoo = aaza
cog = urv
coh = ixo
coi acoq acoo acop = bep
coj acoo = uaz
cok = aayz
col acoo acop = sd
com acop acoq acoo = pvp iuc hpc ezg
con acoo acop = mng aano
coo acoq acoo acop = qzl lah
cop acop acoq acoo = ujh
coq acoo acop acoq = aaun ekh
cor acop acoo = hnq dwb wkg abwn
cos acoo = bwv anr
cot acop acoo acoq = kwe avb
cou acop acoo = vpu
cov acoq acop acoo = abb qjr wzu zsk
cow acoo = rcx
cox = kvj (esf mvv)
coy acoo = orw awx dfx
coz acoo acop = qep
cpa acoo acop = yuo
cpb acop acoo = drw
cpc acoo = xzh
cpd acoo = fuz jwk ttv
cpe acoo acop = eft
cpf = hxv
cpg acop acoo acoq = gzz abez evl
cph acoo acop acoq = acmu
cpi acoo = xne
cpj = uoz
cpk acoo = uka bb
cpl acoo = yot aaia skj
cpm acoo acoq acop = kfl chv lnq dsq
cpn = pev uek
cpo acop acoo acoq = jxo
cpp acop acoo = whw (cz kzl absd)
cpq acop acoo = acg
cpr acoo = ihs dde
cps = kqr
cpt acop acoo = jms ccf zey
cpu acoo acop = nna
cpv acop acoq acoo = achn
cpw acoo = msm
cpx acoo = aalm hcb
cpy = daa
cpz acoo acoq acop = ues jhy tsj
cqa = gyt
cqb acoo = ysz
cqc acoo acop acoq = tbf hvx
cqd = rms szo
cqe acoo = adh
cqf acoo acop = xlj upl iqr
cqg acoo = oei xnv
cqh = hdu jxp
cqi acoo = hpt (ofs ygg)
cqj acop acoo = pov
cqk acop acoo = piu
cql acop acoo = lqg
cqm acop acoo = xgw acja
cqn = dlz
cqo acoo = ehh
cqp = kzc dpv adg
cqq = xtr
cqr acoo = awk mty
cqs acoo = acbo
cqt = fio kwh cn
cqu acoo = vhr
cqv acoo = ioh
cqw = hxd ppv
cqx acoo = ohr
cqy acoo = abkm (gng ufw)
cqz = oab acnc
cra acoo = dar brv
crb acoo acop acoq = lwy ran zxk zgu
crc acoo acop = aakj xe kuo
crd acoo = cjx hok cii zv
cre acoo acop acoq = jiz
crf acop acoo acoq = mor
crg = snl
crh acoo = klz
cri acop acoo = rpi
crj acop acoq acoo = aaif uxj
crk = dsp blp aca
crl = bnx
crm acoo = hsz mav geg edc
crn acop acoo = aadj rpk
cro acoo acoq acop = vey aals lec not
crp acop acoo = yem
crq acoo acoq acop = aaxl
crr acoq acop acoo = aax aatb sqb
crs acoo acoq acop = kak fjy det
crt acoo = cgp
cru acoo acop = ofe
crv acoo acop acoq = slv
crw = esn
crx = bvo
cry acop acoo = xxj
crz acoo = aavr
csa acoo acop acoq = tcv
csb = qrn
csc acop acoo acoq = bqk spf hdx
csd acoo acop acoq = hxg juc
cse = ecx dxn
csf acop acoo = aciz hno
csg acoq acop acoo = tkb
csh acop acoo = mbo
csi acoq acoo acop = rwf zch
csj acop acoo = fwt
csk acop acoo = kgm
csl = cwn
csm acoo acop = umq
csn acoo = lqq
cso acop acoo = aacx abal wxl
csp acop acoq acoo = nrt lld ero
csq acoo = kaw kzh wkx
csr acoo acop = acoo
css = xvs
cst = pub uea boj
csu acop acoo = clj ghb
csv = uin
csw acoo acop = sjt (nou plb)
csx acoo = kum
csy acop acoq acoo = lvu
csz acop acoo = jej
cta acop acoo = zuy
ctb acoo = mxk
ctc = tlz
ctd acoo = ryq
cte acop acoq acoo = wox
ctf acoo = rws wze qcx
ctg acop acoo = vkk qdj
cth acop acoo acoq = azd
cti acoo = sfh hwa mfc
ctj = scl vbl aea qef
ctk acoo = rzg ozb wza
ctl acoo = uwf esa
ctm acoo acop = hyo
ctn acoo = euw
cto acoo acoq acop = adf lqg
ctp = cyh
ctq acoq acoo acop = he nff ggz
ctr = djl
cts acoo = sug qnw qbn cin
ctt = oan ytd gpx jte dpr
ctu acop acoo = yye
ctv acoq acop acoo = upw
ctw acoo acop = abpq
ctx acoo acop acoq = pln
cty = sof
ctz acoq acop acoo = bot acc aclm
cua acoo acop acoq = xas btl
cub acoo acop = beo sxc achh
cuc acop acoq acoo = mmz
cud acoo acop = zaw dgq hw
cue acoo = akw lez
cuf = rsn znm ktr
cug acoo = deq
cuh acoo = xjd olu hfd
cui acoo = jx xjl skm nfn ai
cuj acoo = apl
cuk acoo = gki qqs lpv
cul acoq acop acoo = asf
cum acoo = lir
cun acoo = abvl zki std
cuo acop acoo = gsd
cup acoo = abxs vcl
cuq = vre
cur acoo acop = xyb uxj
cus = jan
cut acoo acop = mam agt mxk
cuu acoo = git mif
cuv = abbk npv
cuw acoo = cfb
cux acop acoo acoq = qrz
cuy acoo acop = cst
cuz acoo acop = kga ale vba
cva = vsx aqi ean
cvb acop acoo = aqw
cvc acop acoo = kfe ple qqt
cvd acop acoo = fnx zaq
cve acoo = tlj qvw atr
cvf acop acoo = accf
cvg acop acoo acoq = f
cvh acoo acop = sy
cvi acop acoo acoq = wfk ydb
cvj acoo acop = bvq
cvk = hrp ure swx
cvl acoo acop = ych
cvm acoo acop = uvf lyk
cvn acoo acop = nsy qcg euc
cvo = elf mjc
cvp acop acoq acoo = yrf
cvq = kme oeo pza xig
cvr acop acoo = gfz
cvs acoo acop = enq
cvt = eus axd
cvu acoo acop = iop
cvv acoo = ghc kst
cvw acop acoo acoq = ojw jzu ldo
cvx = pzf wqr
cvy acoq acop acoo = ydn
cvz acop acoo = ao
cwa acoo acoq acop = ydy aabh aavo
cwb acoo acoq acop = acbm
cwc = aabl
cwd acoo = ruf
cwe acoo = abce efu twe
cwf = llz
cwg acoo acoq acop = edi
cwh acoq acoo acop = tkl inh
cwi acoo = ski iub rid sr
cwj acoo = jhh
cwk acoo acop = whd rdx zwm jug
cwl acop acoo acoq = usg
cwm = rlv
cwn = aavf rph
cwo acop acoo = fvi nrp
cwp acoo acop acoq = fly aaqt vxm
cwq = yzi
cwr = jvx
cws acoo = ys lyo bcd bpf
cwt acoo acop = bhd
cwu acoo = dpd suz
cwv acop acoo = vpl
cww acoo = mtt
cwx = sec vwv
cwy acop acoo acoq = acoq
cwz = rdi cf afg
cxa acoo acop = gvd lew
cxb acoo acoq acop = a
cxc = est ieq
cxd acoo acop acoq = sit coa
cxe acoo = uur etl aclw brx
cxf acop acoo = swg
cxg acoo acop = wlw
cxh acoo acop = uv wgj
cxi acoo acoq acop = abho
cxj acoq acoo acop = dx
cxk acoo acop = hit
cxl acoo acop = msc
cxm acoo = wxm
cxn = wvm
cxo acoq acoo acop = zau
cxp acop acoo = aaon aaff wtn ffs hlu
cxq acop acoo acoq = zfx
cxr acoo = fpn
cxs acoo = ban
cxt acoo acoq acop = qlq bxc
cxu = qm
cxv acop acoo acoq = iqy nte
cxw acoo acoq acop = gbw
cxx acoo = acac
cxy acoo = zcy
cxz acoo acop = eur
cya = lzt
cyb acoo acop acoq = qsu
cyc acop acoo acoq = inl
cyd acop acoo = ycj
cye acoq acop acoo = mev jz
cyf acoq acoo acop = icm
cyg acoo = ssf
cyh acop acoq acoo = imk
cyi acoo acop = xhe
cyj acoo = lec gxb
cyk acop acoo = vxl fqa lsh
cyl acop acoo = cae jwg ggl emu
cym acoo acop = npb
cyn = zmx
cyo = lfq ubw
cyp acoo = mwp
cyq acoo = bhb
cyr acoo acop acoq = ldh
cys acoo = roj
cyt acoo = scu
cyu acop acoo = jrm yfx
cyv = tiw acmc
cyw = yzt tgj luu buv mji
cyx acoo = tgr hvb efo
cyy acoo acoq acop = jew
cyz acop acoq acoo = iuo qis hws
cza acoo = cvd owo
czb acoo = xfp wwe
czc = xgq
czd acoo = wez aaod bml lkx hhv
cze acop acoo = iwq
czf acoo = dbl
czg acoq acop acoo = srb zwf
czh acop acoo = iqr
czi acoo acop = jyx
czj acoo = cel
czk = wpu atu
czl acoq acop acoo = myk aen abpc
czm acoq acop acoo = zvy
czn acoo = zxc
czo acoo = wtl
czp acoo acop = elk acfj
czq acoo = nrw pky wfr
czr acoo = els yav rsp
czs acoo = aapv mey fmc
czt acoo = hlm wxo goe
czu = fxs xkf
czv = pch rpd gwa
czw acop acoo = bht tgu
czx = wcv vrs bpn msc kse
czy acoo = azg qby acv gyj
czz acoq acoo acop = rtw
daa acoo = hul jcp
dab acoo = nmi
dac acoo acoq acop = yll (rmx unm)
dad acoq acop acoo = deb
dae = egm abwf
daf acoo acoq acop = wil pye wxl
dag = zc zig nbl
dah = ozg
dai acop acoo = xud ahk
daj acoo = khd
dak acoo acoq acop = abkp bya qbs
dal acop acoo acoq = oko hzh
dam = kgq rui bhf aaar
dan acop acoo = qzr
dao = abwy
dap acoo = qem fqb jay
daq acoq acoo acop = tdc pjh edz mfu xbs
dar acoo acop = wea
das = snl (gcb ujh)
dat = ygu cz dxv qxe
dau acoo = pnj exr xar abkf
dav acoo = fdz
daw = yvc
dax = vdx yxw abxh
day acoo = dlj
daz acop acoo acoq = opa bod
dba acop acoq acoo = yau
dbb acoo = tlm
dbc = rwe vyg shw
dbd = qwi
dbe acoo = xou
dbf acoo = vdq
dbg acoo = ctp ecd ofa
dbh = fyr
dbi acoo = hws wly
dbj = zyy
dbk acoo acop acoq = axf pjw mii
dbl acoq acoo acop = kxu wzs tnk bvn jfe
dbm acoo acoq acop = bua aud
dbn = aby eku bpj wus
dbo acoq acoo acop = abll alz uky
dbp acoo = chw
dbq acoo = uqz owv wjp tnr zdd
dbr acoq acoo acop = rxw jgt pfu uih mxa
dbs acop acoo = iwu twx frs kzu lab
dbt acoq acop acoo = joq bdm wyo
dbu acop acoo = gf nhi xhd
dbv = ten
dbw = ij
dbx acoo acoq acop = dtt
dby acoo acop = aadc gma
dbz acop acoo = gpd
dca acop acoo = tkt
dcb acoo = qky
dcc acoo acop = occ xwt xhq ajb
dcd acoo = xxp suj noo dle
dce = cnw nfy oef
dcf acop acoq acoo = oaw lub
dcg acoo acop = vto
dch acop acoo = hup bie
dci acop acoo = aceb znl ga
dcj acoo acop = zpd fdr mzc oou
dck acoo acop = rev dcz
dcl acoo = gfp
dcm = bnx ylt prq
dcn acoo acop = qta
dco acoo = vuy
dcp acoo acoq acop = fai
dcq acoo = ait
dcr acop acoo = mve
dcs = wet accs
dct = bwx
dcu acoo acop acoq = dmj qog cqk
dcv = qmm (hvn hqy) vmp
dcw acoo acoq acop = gxv
dcx acoo = ysm
dcy acoq acop acoo = tjk vtj dbg
dcz acoq acop acoo = tt
dda acoq acoo acop = frt lhf wse ume voq
ddb = shk aps aayh ioj
ddc acop acoo acoq = ezm
ddd acop acoo = ype szk
dde acoo acop = puk
ddf acop acoo = tlq
ddg = gvy vdr kxk
ddh acoo acop = eyu
ddi acoq acoo acop = ngn
ddj acop acoo = aqd
ddk acoo = lij auy
ddl acoo acoq acop = zpj qlq vsm
ddm acop acoo = acmj ekr mrf xsx
ddn = phd fra
ddo acoo = akv wka exc
ddp acoo = hmy
ddq acoo = rhg
ddr acop acoo = gqa ablu psg
dds acoo = mki bai uug
ddt acop acoq acoo = uio
ddu acoo acop = aaui
ddv acoo acop = iyz
ddw acop acoo = frn pbn
ddx acop acoo = lpv nhd
ddy acop acoo = zaa
ddz acoo acoq acop = bom
dea acoo acoq acop = absv djt
deb acoo = sxl
dec acoo = zdb
ded = drb
dee = ikj
def acop acoo = dnl ufz aajh
deg acoo = cmy zmg abfj
deh acop acoq acoo = srg htv pxd avw
dei acoq acoo acop = dfw era
dej = hxb
dek acop acoo acoq = cfl
del = fmn gug cpn ebo
dem = muh
den acoo acop = cnr
deo acop acoo = egj sgv oak
dep acoo acop = ioj abz (abaa vvm)
deq = jke acoe lca
der acoo = nkh
des acop acoo = dpr pwu kqz
det = djc
deu acop acoq acoo = ood
dev acop acoo acoq = img
dew acoo acoq acop = svs oks (gyx fiz)
dex acop acoo = scx
dey = gsr
dez acoo = utn
dfa = cbg hub
dfb acoo = vns
dfc acoo acoq acop = lbz
dfd = oyk bxz
dfe = abfh sso ysf aqf pig
dff acoo acop = ck eut
dfg acoo acoq acop = nla
dfh acoo = ulb
dfi acop acoo = pdy mal klc
dfj acoo = cxf
dfk acoo = lki hab lei kvv aabe
dfl acoo acop = kzo vqu fvk but prs
dfm acoo = xzw
dfn acoo = aarq
dfo acoo = zao
dfp acoo acop acoq = law abht pyg wim
dfq = doj
dfr acoq acop acoo = ppk
dfs = wzx
dft acoq acop acoo = tto ytt acmo
dfu acoo acop = idz
dfv = rdq
dfw = gpz
dfx acoq acop acoo = acmo
dfy = aagz
dfz = upx abdw
dga acop acoo = njq bzw
dgb acop acoq acoo = ivl caq adj cgo eyw
dgc acoo acop = kfp
dgd acoo = ugf ana
dge = hmq
dgf acoo = dpt nao
dgg = xws yck gaq vsf
dgh = lgj toy wi ube
dgi acoo acop = abjq
dgj = qbc acmx lhu qto
dgk acoo = acii cbs
dgl acop acoo acoq = ehy
dgm acop acoo acoq = qdy qnl nai myn wmq
dgn acop acoq acoo = qwl
dgo = fzf
dgp acoq acop acoo = lzc
dgq acoq acoo acop = ycy abvt uvm
dgr acoq acoo acop = wvk fri bbz cys
dgs acop acoo = cpm rxl
dgt acoq acop acoo = hzg
dgu = sor agj rkp ayb
dgv acop acoo acoq = aku (efd zze)
dgw = mau isy
dgx acop acoq acoo = vao nau gcj aays
dgy acoq acop acoo = xyc
dgz acoo = zrq eqc
dha acop acoo acoq = pfy
dhb acoo acop = nza zyo wuh knh
dhc acoo acop = tfw
dhd acop acoq acoo = un nev
dhe acoo = nbk
dhf = pwx
dhg acoo = ymp wyc ackb acfe
dhh acoq acoo acop = yer sab wod tkn
dhi acoo = bac lxa oxh nqz cyp
dhj acoo = aaga
dhk acop acoo = acfh
dhl = qbe
dhm = z ugx abod (vqx aakh)
dhn acop acoo = wcm nho jmr
dho acop acoo = udj
dhp acoq acop acoo = pbn chd pjc acjd
dhq acoo acop = gdm
dhr acoo = ino
dhs = sfl
dht = wvg (rtp gxy) abop
dhu acop acoo = ysj
dhv acoo acop acoq = dla (gbh aaxy)
dhw acoo acop acoq = itn
dhx = brc fzb aj tdn
dhy acoo = dy xyn
dhz = aff
dia acoo acop = lky
dib acoq acoo acop = jsf yim sac
dic acop acoo = pcm pf kly
did acoo acop = ubv
die = msc cqh
dif acop acoo = tca
dig = yje
dih acoo = pev bjp (bop ypr asi)
dii acop acoo acoq = tps raj
dij = aart bhe
dik acop acoo = zin
dil = rzk bdb
dim acoo = nmu bro sik
din = acff sph jwa
dio = jpt
dip acoo acop = kbj imz
diq acoo acop acoq = rbe
dir acoo = idv
dis = hhq
dit acoo = abmv dlc ett jws
diu acoq acop acoo = jsf
div acoo = pxk jwk
diw acoq acoo acop = egn wae hyc
dix acoq acoo acop = si
diy acoq acop acoo = zti
diz acop acoo = bax zpt
dja acoo = acko
djb acop acoo = zsb aaod ump
djc acoq acoo acop = abso vfa hlg
djd = jld
dje acop acoo = cql
djf acoq acoo acop = tyi yig
djg acop acoq acoo = qus ofo
djh acop acoo = fqh hvx
dji acoq acop acoo = ms pum accb cbt
djj = lqc
djk acoo acoq acop = lnz
djl acoo acoq acop = ugj abyo
djm acop acoo = qzt qbp isw
djn = efm
djo acoq acoo acop = jzp
djp = qgc
djq acoo = uxn vdc
djr acoo = acnm
djs acoo acop = bat mnp ril oiu
djt acoo acoq acop = pkv bbb
dju acop acoo = nzu ucd zim
djv acoo = jtl abrz
djw = hww
djx acoo = elg
djy acoo acoq acop = nze xmt ngt nnl
djz acoo = vqp
dka = ijo tgt uwj
dkb = mbp
dkc acop acoo = ifz
dkd acoo acop acoq = pum
dke acoo = qcg
dkf = lq
dkg = tid run
dkh = kol
dki acoq acop acoo = amh
dkj acoo = ayc aqg pgf
dkk acoo acop = oml von lrx ruj
dkl = rdf
dkm acoo acop = ngu lpm fcy
dkn = btt
dko acoo acop = sob iwo
dkp acoo = eh
dkq acoo acop = evf (udg nrj)
dkr acoo acoq acop = zw
dks acoo = wqv
dkt acoo = jpb cpp
dku = gtn abxt
dkv acop acoq acoo = oac
dkw acoo = ccv nlt
dkx acoo = rot
dky acoo = fbo hyt kkl
dkz acop acoq acoo = cmq dnz rju acci
dla acoo = quq szj vme
dlb acoo acop = ivl cff
dlc = yr
dld acop acoo = hxg orr
dle acoq acop acoo = jdj
dlf = xdc
dlg acoo = jpo
dlh = mdr acnr woe nin
dli = bxi
dlj acoo acoq acop = abwh ocz fvp abxp
dlk acoo = uwq
dll acoo = dif egz
dlm acop acoq acoo = ejy nwz
dln acoo = xzc
dlo acoo acoq acop = fsw lng
dlp acoq acoo acop = gfq
dlq = sfx
dlr acoo = giv
dls = abrx
dlt acop acoo acoq = juk
dlu = rmh
dlv = bkw aoj dgr gg
dlw = eul
dlx = xrf xkk
dly acoo = qhm
dlz acoo acoq acop = acmz
dma acoo = pk
dmb = fyn eaf
dmc = abln
dmd acoo acop acoq = gon abom tjx (hhn ajo)
dme acoq acop acoo = oir dtc
dmf acoo acop acoq = abfw
dmg acoo = ude
dmh acoo = mik
dmi acop acoq acoo = wdi
dmj acoo = hkr
dmk = sfe
dml acop acoq acoo = zdx
dmm = myi xxd
dmn acop acoo = aarb
dmo acoo = zhq uht psm
dmp acoq acop acoo = ltx zym apx ovv
dmq acoo = psf
dmr acoq acoo acop = xug xxh
dms acoo acop acoq = lsd hji sqv ndg
dmt = xzg
dmu = ggm
dmv = voo had
dmw acop acoo = yld pli fyu aom sog
dmx acoo = jct pc acgn
dmy acoo acop = mii gtx
dmz acoo = abab qsw och
dna acoo acop = kry
dnb acoo = vqc
dnc acop acoo acoq = zd kkj zsa xrn guo
dnd = aadw
dne = kil
dnf acop acoo = thg jak uey yta
dng acoo = rql
dnh = jol
dni acop acoo = gm rde aabw
dnj acoo = gkw py qzu
dnk = acns ihl
dnl acop acoo = ujt axj
dnm acop acoo = cjt
dnn acoo = frh
dno acoo = egd
dnp acoo = xbk
dnq acoo acop = xiv
dnr = kkg
dns acoo = wyx pvm dhu
dnt acoo acop = rgq
dnu acoo = pye
dnv = tup
dnw acoq acop acoo = ju abgs rpw fey
dnx acop acoo = ose ntv nvp pcl
dny acop acoq acoo = iey
dnz acoo acop acoq = vma
doa acoo = kbh
dob acoo = qgh
doc acop acoo acoq = npp
dod = lbf
doe acoo = kjn okj
dof acoo acop = suu (cwz ofj uqi awx)
dog = mrm
doh = mki umn
doi = hte gkc
doj acoo = tcn euz fas
dok acop acoo = ejq
dol acop acoo = vmg
dom acoo = aafe
don acoo acoq acop = dne qlj fut bxm
doo acoq acop acoo = jbt tbf jr
dop acop acoo = dic
doq acop acoq acoo = yqr wnm lck
dor acoo acop = scm nmr
dos acop acoo acoq = tvd
dot = psg hfr (jht bpz)
dou acop acoq acoo = cwg
dov acoo = thz yjo rbl
dow acop acoo acoq = mgj
dox acop acoo acoq = jky dpz wiq aaad
doy acoo acoq acop = wih
doz acoo = phk fav
dpa acop acoo = hbz
dpb acop acoq acoo = xit szk jia
dpc acoo = moa zie aaxt
dpd acop acoo acoq = yyf uww afc fjj
dpe acoo acop = wpm syg
dpf acop acoo acoq = wtz
dpg acoo = ury
dph acop acoo = dvx rml vpv
dpi acop acoq acoo = eeu yzn
dpj acoo acop = daf
dpk acop acoo = dfj xru
dpl = oyf
dpm acop acoq acoo = nlo
dpn = rpu
dpo acop acoo = rut fnp bfr
dpp acop acoo = aark jgy zns noy
dpq acop acoo = dbf
dpr = ljd
dps acoo = dns fbw
dpt acoo acop = fmf
dpu acoo = vdw aja enx
dpv acoo = dcy yiz xzc
dpw acoo = lib
dpx acoo = zhr
dpy acoo = sry
dpz acoo acoq acop = qzt
dqa acop acoo = oqh gth
dqb acoo = fim
dqc = abhu kjf iuj
dqd = lfc
dqe = bon
dqf acop acoo acoq = rsj
dqg acoo = nga dca law fwc
dqh acop acoo = anl ltf mnh
dqi acoo acop = wsg xhr ati bcu
dqj acoo acop = jft juc gcl
dqk = jeq
dql acoo = dhb jaz ziq
dqm acop acoo = brp jiw
dqn acoo acoq acop = blv
dqo acop acoo = wdw rrv
dqp acop acoo = vll
dqq acop acoo = qxa acbh (jvk sje)
dqr acoo acop acoq = jix hon
dqs acoo = won achf jif zzc qax
dqt = jrk
dqu acop acoo acoq = ums (gli npq)
dqv acoo acop = yf
dqw = bym
dqx acoo = zhw
dqy acoo acop = abdh
dqz acoo = jsq enp
dra acoo = gxk
drb acoo = rqb
drc = lmv
drd acop acoo = ybc ucr
dre acop acoo = epa
drf = zym
drg acoo acop = abwm lnr
drh acoo acop = gff abqp lnz
dri acoo acop = rgb zxl
drj = yak ibz
drk acoq acop acoo = vdy (uto qqf)
drl acoo = xuy fef
drm acoq acop acoo = cgs mtt hgr lsb
drn acoo acoq acop = mgt uza pyn
dro acoo = frx lds eqx
drp acop acoo = aafu
drq acoo acop acoq = rit
drr acoo acop = ojk lgo omf
drs acoo acop = hfc (bzu osf)
drt acoo acoq acop = acal
dru acop acoo = pnh
drv acop acoo = nis ud
drw acoq acop acoo = ov jvm aqf mfq
drx = xae (rll ppn)
dry acop acoo acoq = bei ajf
drz acoq acop acoo = oxb
dsa acop acoq acoo = tda zce
dsb acoo = luy
dsc acoo = yqp sbk tkq
dsd acop acoo = aara
dse acoo acop = hze
dsf acoo acop = cwp
dsg acoo = kbh mhz
dsh = hqr
dsi acoo = yvs
dsj acoq acoo acop = oyu dgj
dsk acoo = men
dsl = ttm
dsm = gom aanr vye fiz
dsn acoo = jke
dso = aacg
dsp acoo = xtd
dsq acoo acoq acop = mkn fnj
dsr acoo acop acoq = daf (cor hp dty)
dss acop acoo = acif lc ibk tpn qsc
dst acop acoo = gsb
dsu acoo = sid jbm xyh exe ikm
dsv = aej aafs vqn ffl
dsw acoo = wei zmr bbu
dsx = omf wlp wjk pyx
dsy acoo = xyd
dsz acoo = yew
dta acoo = eak
dtb acoo = jrn yxu pwe mjg keu
dtc acop acoo = guo
dtd = ner qcw
dte acoo = tbp wux hxx nkx
dtf acoq acoo acop = lqc iho lok ybu
dtg acoo = abph xol asv
dth = ayk aaoe sbj
dti acoo acop = hts
dtj acop acoo acoq = es
dtk acoo = vgx
dtl acoo = nbq
dtm acoo acop = lxb
dtn acoo acop = lpd lpp reb
dto = joh lej bqq
dtp acoq acoo acop = xue ool
dtq acoo acop = jsz
dtr acoo = jgh rgz msk
dts = nxb
dtt acoq acop acoo = lvv
dtu acoo = vlc jmd (dxb rid)
dtv = hfu nwg epa
dtw acop acoo = obv jhi
dtx acoo acop acoq = dph
dty acoo acop = tra
dtz acoo acop = fry me
dua = fkt xba obr omq
dub = aaua sax
duc = btp
dud = abnm
due acoo acop acoq = yeb
duf acoo = pqb tnb
dug = cyw
duh acoo = ysm
dui acoo = hqw
duj acoo = jcl ztf
duk acoq acop acoo = itc bs achx
dul acoo = abwo vpy
dum acoo acop = kev jwm d
dun acoo acop = iwg
duo acoo acop = jfu
dup acoo acop acoq = sdu mub abph
duq acoo = acie
dur acoo = nov
dus acoo = zvh
dut acoo acoq acop = qcy
duu acoo = bvs okd npt
duv acoo = kdv xkz vdo
duw acop acoo = jmq
dux acoo acop acoq = awf xqg gnb
duy acop acoo = jiu
duz acoo acop acoq = pik ngq mta
dva acoo = pde
dvb acoo acop = nee
dvc = rbe
dvd = qcd aaih
dve acoo acop acoq = lh
dvf acoo acop = yqk
dvg acoo acop = feu wtp bhn yvw
dvh acoq acop acoo = gvf
dvi acoq acoo acop = ktn
dvj acoo = ddz
dvk acoo = sxf zxk
dvl = mfy
dvm = pnu gbc dam
dvn acoq acoo acop = fdc
dvo = abyi
dvp acoo = uir
dvq acop acoq acoo = udg
dvr acoo acop = acfa
dvs acoo = rxd ahp mon acdq aaoi
dvt acoq acop acoo = tdk
dvu acoq acoo acop = rl
dvv acoq acop acoo = ewk chx vzw xqi
dvw acoo acop acoq = xyk
dvx = jzi
dvy acoo acop = abvz
dvz acoo = dfk
dwa acoo acop = xhg
dwb acoo acoq acop = hiv dwl
dwc acop acoq acoo = juk bac ojv ghx
dwd = zig
dwe acop acoo = ryy
dwf acoq acop acoo = abpk aqs vby cmr
dwg = aboo hgv
dwh = uap abeg
dwi acoo acop = caz
dwj acop acoo = hzw hso
dwk acoo = krk kll
dwl = rzg ybj pso (yxc ahh)
dwm = ayo gio qlh iiq
dwn acop acoq acoo = vvv ihw
dwo acoo = uzb
dwp = cnf nsp ifu ikl mnn
dwq acop acoo = uaa
dwr acoo = syd
dws acoo acop = zsj
dwt acoo acoq acop = sal edk
dwu = tvx
dwv acoo = pxe emf xvs
dww acoo = ijj
dwx = vqz
dwy acop acoo acoq = qap zyy
dwz acoo acop = cui abcx
dxa acoo acop = uhc vvs rpl
dxb acoo = fbp
dxc = aro
dxd acoo = bnn dfh
dxe acoq acoo acop = aaka
dxf acoo acop acoq = tcr
dxg = sqh qm agn kst
dxh = enp (abzh zrs)
dxi acoo = xpv ahz ods nhq
dxj acoo acop = twf wp
dxk = cws agr
dxl acop acoo = vox mr
dxm acoo acop acoq = nhx abnd rnz aath
dxn acoo acop = syh
dxo acoo = dhe cfm
dxp = gro
dxq = rqj ndr
dxr acoo acoq acop = ibm
dxs acoo acop = hwh mxe igz
dxt acop acoq acoo = sq
dxu acoq acoo acop = sku
dxv = acbu
dxw acoo = zpr
dxx acoo acop = aatj
dxy acop acoo = ho sod gkt jqx
dxz acoo = gcq
dya acoo = ivz zjv vns sxm
dyb acoo acoq acop = odj
dyc = jxi
dyd acoo acoq acop = ablt pne dmj
dye = khv uop
dyf acop acoq acoo = gog dad
dyg acoq acop acoo = aabd koi wns
dyh = xuy
dyi = fyd
dyj = bpu yen
dyk acoo acop = sgt vhw wai (ret aqr)
dyl acoo = ptz
dym acoo = gjo
dyn = leo
dyo acoo = klq
dyp acoo acop acoq = jil kki
dyq acoo acoq acop = ggd eo snz
dyr acoo acoq acop = aasm
dys = uku
dyt = gki
dyu = xoc rgt
dyv acop acoo = pr zka laf uup
dyw = sqc qr qhu uxg
dyx acoq acop acoo = jvm
dyy acoo = rmi naz
dyz acoo acop = rxf
dza acoo = ngw
dzb acoo = kmb
dzc = opu
dzd acoo acop = uce jbk qtl ycl
dze acop acoq acoo = hwn
dzf = vmx
dzg acoo = jok
dzh acoo acop acoq = jvi yog
dzi acoo = anp ueq ahq zki
dzj = acfy qan acff yvn
dzk acoo = thr kdv
dzl acoq acop acoo = hpq
dzm acoo acop = oyx ziv pgy
dzn acoo = bba
dzo acoo = ziq aada ist
dzp acoo = qkd zwb iey
dzq acoo acop = ydb vvb dcj dcw
dzr acop acoo = dti
dzs acop acoo = pnw bov qgm tta
dzt acoo = zrx
dzu acoo acop acoq = abfa
dzv acoo = iyq tom
dzw acop acoo acoq = qsk rmv aay
dzx acoo acop acoq = nur
dzy = gsb
dzz acop acoo = opt zdb cqo
eaa acop acoo acoq = qvx hvf
eab acop acoo = kxm
eac acop acoo = wet
ead acoo = ptw
eae acoo acop = clk llq dnc
eaf acop acoo = yuq
eag acoo = ssv twm jwj jbh ttb
eah acoo = gvy ect aaxk
eai acoq acoo acop = wjj wmk
eaj acop acoo = bmq skd
eak = vhg
eal acoo acop = rdh nvs
eam = ukh
ean acoo acop = suo
eao = yii ypi nfx aajj
eap = abdf (kax jkq)
eaq acoo acop = mfr
ear acoo = hqb kew
eas = flx zkb
eat acoq acop acoo = tie
eau acoo = achf mrn oid gub
eav acoo = hgm
eaw = mrh nsg
eax = dfq
eay acoo acop acoq = ackc
eaz acoq acoo acop = gf
eba = iim
ebb acop acoq acoo = tna
ebc acoo = qxa
ebd acoo = pju
ebe acop acoq acoo = kno
ebf acoo acop = acfc fkk sqm
ebg acoo = dyv
ebh acoo = iye vrf mim
ebi acoo acop acoq = pzw osi
ebj acop acoo acoq = dyi tjz abme
ebk acop acoo = oeu
ebl acoo = atc lnl
ebm acop acoo = knx
ebn acoq acoo acop = aauk
ebo acoo = dax aaef
ebp = vdd
ebq acoo acop = zfw wax ndt
ebr acoq acoo acop = hqg
ebs acoo acop = jnq kik aanf
ebt acop acoo acoq = taq pkd zlj mat
ebu = fwt
ebv acoo acop acoq = vtn wgv sdt
ebw = kpb fva acmd lmn
ebx acop acoq acoo = acfu myq (zxt ipd)
eby acoo = wxl
ebz = adh hml
eca = srk
ecb acoo acoq acop = tjl
ecc acoo acop = onk rrm
ecd acoq acop acoo = acag abpq
ece acoo = zmx zyt aats
ecf acoo acoq acop = ryg cuc acab jsl
ecg acoo acop = aawb son
ech acop acoo = kbg
eci acop acoq acoo = vci
ecj acop acoo = ltd aaji
eck = tmt vzw zux eiy vim
ecl acoo = mor bpi
ecm acop acoo = qzv xtq zsz
ecn acoq acop acoo = edf ewd
eco acoq acop acoo = mun
ecp acoo = jlt
ecq acop acoo = etj
ecr acoq acop acoo = afz
ecs = aeh bna gjm qsb
ect = qmt
ecu = kmm
ecv acoo acop acoq = hal tjk
ecw acop acoo = wus
ecx acop acoq acoo = ouq wlz bjr
ecy = alk
ecz = nlw
eda acoq acop acoo = myo
edb acoo = jjl
edc acoo = lea
edd acop acoo = brk osg
ede acoo acop = auf hbq lvs iju
edf = psn wit
edg = tvw
edh = nza dib jdg yvb ftn
edi acoo = zpb ztq
edj acop acoo = uvs gps
edk = pcj
edl acop acoq acoo = taw
edm acoo = mit oqq
edn acoo acop acoq = eqj zym
edo = qrz
edp acoo = iut
edq acoo = ohf iap pjq xzi
edr acoo = xws muq
eds = xfh xgy
edt = dcb
edu = nth
edv = blm rpa
edw acop acoo = sae bbs nac hud
edx acoo = aet
edy acoo acoq acop = bxt cps
edz acoo = nyd
eea acoo = xac
eeb acoo = xmq hcu gpt obp
eec acoo acop = zxi
eed acop acoo = xkx
eee acoo = vlt
eef = lcw
eeg acoo acop acoq = kvh abxj (wt lyq)
eeh acop acoo acoq = zcv ofq aafn pkz
eei acop acoo = tsf
eej acoo = crh ackp or hzc
eek = agz
eel acop acoq acoo = cd hlk vbd oeh lfc
eem = yie
een acoq acop acoo = lpf lgu frl
eeo acop acoo acoq = rkn lqt uzv auu
eep acoo = aki cct
eeq acoo acop = tp
eer acop acoo = vyf
ees acop acoo = bpw
eet = nuj
eeu acoo = yyt cvk ibl hys
eev = fah nyz cjs oxn
eew acop acoo = acoo aall
eex acoq acop acoo = jth
eey = kmh zdz riz aca xkc
eez acoo = tls
efa = iof
efb acop acoo = aaxx
efc acoo acoq acop = wqf
efd acop acoo = ptp kby
efe acoo = gcj vdy qkz
eff = bbf jlo mt
efg acoo = buu
efh acoo acoq acop = ykl
efi acop acoo = mzj sye
efj acoo = jcw
efk = tpn
efl = tsn
efm acoo = zpq nuh qlt
efn = iwx
efo acoo acop = lda
efp acoo = djx
efq acoo acop = weo nta yrq
efr acoo = aaua pjm ozm
efs acoo acop acoq = klv
eft = htv cor
efu acoo = izm
efv acoo = woc nau fgd rqc
efw = ymf
efx acoo = aaeo tku
efy acoo acop acoq = orj
efz acop acoo acoq = uxm
ega acoo acop acoq = bub boj bof ioi
egb acoo acop = xky
egc = lne waj
egd = ewg ndx onv pva
ege acoq acoo acop = ogn
egf = xer
egg = fag
egh acoo acop = xyp
egi acop acoo acoq = phi
egj acoo = jhf
egk acoo acop acoq = ackv
egl acoq acoo acop = cmd
egm acop acoq acoo = axx
egn acoo = rkr vph
ego acoo acoq acop = abtv
egp = chl
egq = rp
egr acoo acop = cnp
egs = uux wgd asc
egt acoo acoq acop = ehm fdk
egu acoo acop = acnk
egv acoo acoq acop = ytm
egw = amw rcm nay
egx = zui
egy acop acoq acoo = hwt aaod hap
egz acoo acop = cae yud
eha acop acoo = evz
ehb acoo acop acoq = xoi
ehc acoq acop acoo = acig zwx gkr
ehd acop acoo = ayp
ehe acoq acoo acop = oik bcm nca
ehf acoo = yyw
ehg acoq acop acoo = xby ntk
ehh acoq acoo acop = elv
ehi acoo = ssf amw qwa
ehj = fwl yid aarl (ewq vyo)
ehk acoq acoo acop = aaug jrq acmh abhu
ehl acoo = req lov kzs
ehm acoo = ykp
ehn acoo acop acoq = wsg
eho acoo acop = jgi
ehp = vgt zfj klz
ehq acoo acop acoq = tup yvw
ehr acoo acop = bes zlq btq
ehs acoo acop acoq = sps
eht acop acoo = spa
ehu = rra
ehv acop acoo = vih
ehw acop acoo = jnu lxy zpf qfm wnw
ehx = hnd
ehy acop acoq acoo = ota
ehz acop acoo acoq = sfi jpv yby
eia = aaoh
eib acop acoo = fin
eic acoo acop acoq = aaaq
eid acoo = edk lwo bca dhz
eie acoq acoo acop = itt
eif = uwu
eig acoq acop acoo = ubw iuo rup
eih = hqm uvs
eii acop acoq acoo = ocq jhc
eij acop acoo = deo
eik acoq acoo acop = jgv kcv
eil acop acoo = ibl qta
eim = fqe ssj gdu
ein acoo = tgi
eio acop acoo = gzv lhd ytr
eip = nto cps xpk
eiq acoq acop acoo = wwu fck ztq
eir acoo = lnf
eis acop acoo = eat aayo
eit acop acoo = ova jtf
eiu acoo = ndv
eiv acoo acop = ynu gug
eiw = dsm
eix = ams
eiy acoq acoo acop = upu ydb aot
eiz acoq acop acoo = yge waa qsp
eja acoq acop acoo = szd oid anp
ejb = xlt gjb (iyz owl)
ejc acoo = gwt zub
ejd acoo = owc
eje = epi
ejf acoo acop = abue
ejg acoo = zrt vpk zcb aih
ejh acoo = mua
eji acoo acop = achk
ejj acoq acoo acop = ovc hdx rmc
ejk acoo = oxw
ejl acoq acoo acop = vru
ejm acoo = tqw
ejn acop acoo = joz
ejo = auz
ejp acoo = wxw zzv wqy nbe
ejq acop acoo = hnw
ejr acoo = myd blf icf lvr ugu
ejs = cwr
ejt acoo = ear
eju acoo acop = umy acv ems
ejv acop acoo = lkk abxp
ejw acoq acop acoo = aox
ejx = bfw
ejy acop acoo = anh oao bhn
ejz acoo acoq acop = aaad
eka = zhi
ekb acoo = mg
ekc = egq yrg
ekd acoo acoq acop = lsl rfj zev
eke = aaix ulk lyn
ekf acop acoo = kmw
ekg acoo = shz
ekh acoo acop = dlj (mnt abtc afm)
eki acoo acoq acop = rpi
ekj acoo acop = cbn
ekk acop acoo = xsu
ekl acop acoo = ako
ekm acop acoo = hdv
ekn acoo = thr
eko acoo = th
ekp acoo acop = acnj twn iwb goh
ekq acoo acop = msc squ vaa
ekr acoo = uda pgl
eks acoo acop = dad gbc pya ifm
ekt acoq acop acoo = aaas ka abpl
eku acoo = gmo pfp
ekv = ntm
ekw acoo = tx
ekx acop acoo acoq = lft
eky acop acoo = eaq mzf
ekz acop acoo = mgk kbt
ela acoo = pct lyb sbn
elb acoo acoq acop = gty
elc acoo acop = fjz
eld acoo acop = xya
ele acoo acop acoq = lef
elf acoo = mgn
elg acoo = eao
elh = dew
eli acoo = omx zkk
elj acoq acoo acop = orh
elk = qbc tgu
ell acoo acoq acop = alt
elm = ypw
eln acoo acop = vlj
elo acop acoo = klp
elp acoo acop = gno
elq acop acoo = ozn wxv
elr = qjb
els acoq acoo acop = nqi
elt acoo acop = hza
elu acoo = vdt
elv acoo acop = vet myd rkn moo ihm
elw acoo acop acoq = swe
elx acoq acop acoo = jmj qtm rco
ely acop acoo = cnh
elz acoq acop acoo = aarb
ema = zxp
emb acop acoo acoq = hax nso
emc = wep
emd acoq acoo acop = gug
eme acoo = jdn
emf acoo acop acoq = aafq
emg = hta
emh = hno
emi acop acoo acoq = gxg ipp
emj acoo acop = dlq fmf
emk = qmu
eml acoo = mwt reo
emm acop acoo = zjd
emn acoo acop acoq = xyi
emo acoo = xdt qjy
emp acoo acoq acop = wbt
emq acop acoo = xxs
emr acop acoo = kcw
ems acoo = wji uij szu xmi
emt acop acoo = emp
emu = abvt kld
emv acop acoo = huo
emw acoo = pqq
emx acop acoo acoq = eru
emy acop acoq acoo = acq oat
emz acoo acop = aayd giy
ena = abfx
enb acoo acop acoq = ufw mte
enc acop acoo acoq = aasc
end acop acoo = rje
ene = njt
enf = lyq
eng acoq acoo acop = ppb tev irx uyt
enh acoo = qgv
eni = zfh
enj acoq acoo acop = ohc spq
enk acoo = lcy
enl acoo acoq acop = snl
enm acoo acop acoq = ojt
enn = yah jly
eno acoq acop acoo = kec qrc (khx weh hty)
enp acoq acoo acop = hpy
enq = xns
enr = uby abui uin
ens acoo = pah lpg llc
ent acoq acoo acop = twq
enu = ikn
env acop acoo = zrf
enw = aajh
enx acoo = glp
eny acoq acoo acop = xrt
enz acop acoo acoq = ewk
eoa acop acoo = cme
eob = wod aaae
eoc acop acoo = abza
eod acoo = zon irw
eoe acoo = bbf way
eof acop acoo = nef aacq jym
eog = cgc
eoh acoo = rqq mwx xeq
eoi = hyv
eoj = sly
eok acoo = fwu fwc rhh
eol acop acoo = oow nbg
eom acop acoo = nrm zfw
eon acoq acoo acop = ofl (dol vhn)
eoo = vxf abhb
eop = xow
eoq acop acoo = ndh
eor acoo acoq acop = jot
eos acoo = sas
eot acoo = zfj
eou acoo acoq acop = hlu
eov acoq acop acoo = vlt
eow acop acoo acoq = zwb wwb yij
eox acoq acop acoo = skm oxb yjq
eoy acoo = xuw
eoz = abwl bli
epa acoq acop acoo = jwg stm sad
epb acoo = azy iyh cpx aacs
epc acop acoo acoq = ziq
epd acoo = abfu zry
epe acoo acop = djq hok zmq (ubc egn)
epf acoo acop = xfd aej ygx rw
epg acoo acop acoq = ehz eih uco
eph acoo acop = xit
epi acoq acoo acop = lld
epj acop acoo = cle
epk acop acoo = jbz
epl = aac
epm acoo = swy
epn acop acoo = acam ipp jou
epo acop acoo = fjh
epp acoo = yxx
epq acop acoo = hwo keu
epr acoq acoo acop = zge
eps acop acoo = vtp
ept = bxe
epu acoo = nas ydx
epv acop acoo = gdl
epw acoo acoq acop = acgq
epx acop acoo acoq = llo sgo
epy acoo acop = tkz
epz = onw
eqa acoo acop = jjd
eqb acop acoo = esl
eqc acoo acop = exu
eqd acop acoo = mxv
eqe acoo = yah zgm zjr
eqf = aqo
eqg acoo acop = hrn das ldb
eqh = fqw
eqi acoo = qrf
eqj acoo = ggv (fwq ksa qjn)
eqk acop acoo = qwr
eql = all exp wbi
eqm acoq acop acoo = vdv
eqn acop acoo acoq = ssn nbd
eqo = gyz
eqp acoo = our
eqq acop acoo = wiy
eqr acoo = gjj
eqs acoo = rs
eqt acoo = ljk beq
equ acoo = baz
eqv acoo = zvx yxg eak dwo aahm
eqw acoo acop acoq = aamy
eqx acoo = huf wtd
eqy acoo = abnj
eqz = rjm ykl hhv ckp
era acoq acoo acop = ackk jci udn
erb acoo = abji cmf qcb
erc acop acoo acoq = absq iyh
erd acoo acoq acop = wap
ere acoo acop = aaam (yhv kpx)
erf acop acoo = pub krl
erg = kaj eqy fhc
erh = pps
eri = llj
erj acop acoo = aqe
erk = gxw
erl = aben
erm = lnj
ern acoo acop acoq = kgs tuo
ero = woe uhm (xmd mqe frw)
erp acoo acop acoq = uhf
erq acoq acop acoo = odc fqr
err = rzq
ers acoo acop = suz
ert acoo = nq abqc kxw qvh
eru acoo acop = lxe ucs
erv acoo acop = eyx
erw acop acoo acoq = abp
erx acop acoq acoo = uia
ery = aii eqz
erz acoo acoq acop = kxw glg
esa = hso cuk
esb acoo acoq acop = wjd muu vkl
esc acoq acop acoo = tsg
esd acoo acop = lwi
ese = fho jqc ott
esf acoo acop = oce
esg acoo = yns aazf wf gxu
esh acoo = pst
esi acoo acop = ivb fgu (fda hda qxa)
esj = udd zri uxj
esk = dmq
esl acop acoo = owq
esm acoq acoo acop = ofn
esn acoo acoq acop = fyt
eso acoo = abwh (tfd tpe)
esp acop acoo = isa
esq = hmz
esr acoo = wtc
ess acoo = bpd
est acoo acop acoq = ieb
esu = jbp
esv acoo acop acoq = aala qeg oxs kvb
esw acoo acop = nxg mue tkz xax
esx acoo = uny vmj qud
esy acop acoq acoo = gvg izc lqs mfn gzy
esz = utx jqt
eta acop acoo acoq = pxl
etb acoq acoo acop = smp akf
etc acop acoo = bh edl abub hjh aaos
etd = qpp fca agn
ete acoo = pzm jce aaus
etf acoo = ypt
etg acoo = psw egl
eth acoo = avx jpt ctw zst
eti = lfg abdr fui aamz
etj = bhz fkl hpz
etk acoo acop = dsl
etl = nyh
etm acoq acop acoo = dvt pwi
etn acoq acoo acop = ank qfo
eto acoo = zfy vpt
etp acop acoo acoq = lcm
etq acoo acop = abqn acji vsg
etr = phm
ets acoo acoq acop = vz
ett acoo acop = wps
etu acoo acop acoq = et
etv acop acoo = mdx
etw acop acoo = jhm
etx acoo = xgq
ety acoq acop acoo = abyp
etz acop acoo acoq = abcn ham ahw bvp
eua = bue qmj ssr trg
eub = acnk
euc acop acoo acoq = grc yy
eud = aawr imr tkb aek
eue acoq acoo acop = pt
euf = nls rdq frx
eug = njl fht bze
euh = yew
eui = abri apx qqr rnu
euj acoo = grt
euk acoo = aaoh
eul acoq acoo acop = lik
eum acoo = aeq hdl
eun acop acoo = ocn
euo acop acoo = ool hxj gwm fkl
eup = scj
euq acoo = acnb sog rgw
eur acoo acop = zyg
eus = icq nye
eut acop acoo = opd
euu acoo = wma
euv acoo acop = aanm zxv
euw = xvk
eux acoo acoq acop = efj ldm ayg hnk
euy acoq acop acoo = mzl
euz acop acoq acoo = ixm gnw psd zfm
eva acoo acop = nra
evb = eff
evc = bi fya
evd acoq acoo acop = acjm npq bpx
eve acop acoo = xbb
evf = ou
evg acoo acop acoq = kwe
evh acoq acoo acop = mvw
evi acoo = jmt
evj = kuq
evk = lkn
evl acoo acoq acop = zc aui lfc
evm acoo = idx erk rtf
evn acoq acop acoo = two
evo = fbi ptw
evp acop acoo = mci pma
evq = iqq
evr = wev has
evs = gla (ara gob)
evt acoo = lyi zwy
evu acoo acop = ayj
evv acoo = dcv nti nmo rlz
evw acop acoo = xiq
evx acoo = ncj lrb whj mse
evy acoo acop = fsh ky
evz acoo = pdi lcj
ewa acoq acoo acop = ipe rwj akt
ewb = gtx
ewc = oxj
ewd acoo = izs pbc stw
ewe acop acoo = hvf
ewf acoo = njm
ewg acoo = gki
ewh acop acoo = mfo
ewi = jyj zz abat
ewj acoo acop = mon tau huk
ewk acop acoo = xvl
ewl acoo acop acoq = aaji uky
ewm acoo acop = abdz hnk
ewn acoo = ats
ewo acoo acoq acop = qhw djs xzf
ewp acoo acop acoq = ibk
ewq acoo acop = srb qzb
ewr acoo acop acoq = faz
ews acoq acop acoo = nq
ewt acoo acop acoq = sby abul inz
ewu acop acoq acoo = vux
ewv acop acoq acoo = ltn
eww acoo = ubt lut
ewx = rmv
ewy acop acoq acoo = knu py eiw abgc
ewz acop acoo = hqf ubq
exa = clv
exb acoo = rpm ueq qup jfp
exc acop acoo acoq = twi
exd acop acoo = zgs dgp
exe = esy
exf acop acoo acoq = xet qft rjp dnj
exg acoo acop = aclr
exh acoo acop acoq = awo
exi acoo = jjo
exj acoo = cpt
exk acop acoo acoq = rug
exl acop acoo = zoa mzk gks ablw
exm = jp
exn = aoi kmv vfx
exo acop acoo acoq = ocg
exp acoo acoq acop = wxp
exq = umr
exr acoq acop acoo = bai oik
exs acop acoo = xhm
ext acop acoq acoo = nuz eah
exu = nnh aaug
exv acoo acop = eby pwk (gbt kbv)
exw acoo acop = czu
exx acop acoq acoo = brh
exy = vbv
exz = mye
eya = abik rgw ftu ehh
eyb acoq acoo acop = cfa wdv aast
eyc acoq acop acoo = plt vpi rxk
eyd acoo = sfl hwe fyy
eye acoo = hfo wzi djj bsg ylv
eyf = acdq zyk (awz vmk)
eyg acoo = upl
eyh acoq acoo acop = aake
eyi acoo acop = acn
eyj acoo = vhi
eyk acoo = blb oui amt gdx
eyl acoo acoq acop = xga
eym acop acoq acoo = aauk
eyn = uvp
eyo acoo = fal acd
eyp acop acoo = aabb
eyq acoq acoo acop = hhe wew
eyr acoo acop acoq = znz eb gco psz
eys acop acoo = gxi
eyt acoo = aarz fdi qtk
eyu = qls
eyv acoq acoo acop = ox
eyw acoo = aia
eyx = wvh pts rv izh
eyy acoo acop = lhx
eyz acoo acop acoq = spj aaly
eza = uym tkm eoq
ezb acop acoo acoq = woh
ezc acoo = ecy
ezd acoo = abgl cla fxz
eze = uwq xcj vkl aagf jrb
ezf acoq acoo acop = rev
ezg acoo = gp
ezh acop acoq acoo = rpc
ezi acoo = jfr
ezj = emi
ezk acoo = ahn
ezl acoo = tjy
ezm acop acoo acoq = aark ncm
ezn acop acoo = xec
ezo acoo acop = oet
ezp acop acoo = ih (ndu gys) ibl
ezq acoo = gqa
ezr acoo acop = pkr
ezs acop acoo = zim veu ujm uqc
ezt acoo acop acoq = dro
ezu acoq acop acoo = viu uwh
ezv acop acoq acoo = fnn
ezw acoo = sgg alm
ezx acop acoo = nj xra zqm svd ieu
ezy acoo = agr csp
ezz acoo acop = jjj
faa acoo acop acoq = abaa
fab acoo = hte
fac acoo acop acoq = huq ihb ehh mmy
fad = gyt
fae acoo acoq acop = rwp qbe
faf acoo = yce hwp
fag acoo acop = efy
fah = qcu
fai acoo = cum yow
faj acop acoo = wqd
fak acop acoq acoo = gpv oml
fal = cab
fam = hbm alh bk
fan = xqs xxj hum
fao acoo acoq acop = rzd
fap acoo acoq acop = quc
faq acoo = ymb acbe
far acoq acoo acop = xxy gkn acfg jzy
fas acoo acop = ypo
fat = win
fau acop acoo = iuq
fav acop acoo = mlb mgt zwu
faw = uyy
fax acoq acoo acop = fel
fay acoo acoq acop = rda
faz acop acoo acoq = aasc
fba = cxh
fbb acoo acop = kwt vld jbs abhu
fbc = duk egj (gly xnb) gwc
fbd = qiw
fbe acoo = eto sch fju
fbf acoo = abaz qrg sya
fbg acop acoo acoq = qac
fbh = lyw fak tio
fbi acoo acop = abbz utz
fbj acoo = aalf
fbk acop acoo = zpf
fbl = cpn qxd
fbm acoo acop = zua
fbn acop acoo = rwu
fbo acop acoo = swv
fbp acop acoq acoo = ffi
fbq acoq acoo acop = zln mgb
fbr acop acoo = lba abgy raq
fbs acoo = vwk ejw
fbt acoo acoq acop = zst cmp pfp hud
fbu acoo = jgb fdk omz aajr iro
fbv acop acoq acoo = zrl
fbw acoq acoo acop = acnt pup
fbx acoo = qea
fby acoo acoq acop = krf
fbz acoo acop acoq = tkw goz prp
fca acoo = qly
fcb acoo = shd
fcc acoo acop = wzx axu awo
fcd acoo = abqz jkx upb
fce acoo acoq acop = vgf (oha hrm)
fcf acoo acoq acop = hse rvc ovd dzd
fcg acoo acop = yzr vic rat jxp
fch acoo = nxa
fci acoo acop acoq = zyv vaf xte
fcj = vsf
fck = mpn yxz ttg
fcl acop acoq acoo = dlz qdj cki (acba zbs)
fcm acoo = aceh
fcn = ayr hi
fco acop acoq acoo = see dfg
fcp = uah
fcq acoo acop = zee
fcr acoo = by pcy
fcs acoo = yio
fct acoo acoq acop = sqe (jjh mby)
fcu acoq acop acoo = snz
fcv acoo = lzk
fcw acop acoo acoq = qct
fcx acoo acop acoq = hvu (bzn zye weu)
fcy acoo = skb
fcz acoo acop = gbv
fda acoo = zku
fdb acoo acop = vhq
fdc acoo = zyl
fdd acop acoo = ynm
fde acoo = qxf
fdf acoo acop acoq = psr voq
fdg = frd
fdh acop acoo = vnc accn dvr
fdi acop acoq acoo = apq aayv rkb uys
fdj acoo = rbt
fdk acoo = ypz
fdl acop acoo = mjg
fdm = wre tvz
fdn acoo = how ldl
fdo acoo acop = csq rvy nbs ablp acib
fdp acop acoq acoo = kpj yav yep
fdq acop acoo = acaz ykk qjc
fdr acoo acop = zao
fds acoo = aceu
fdt acop acoo = ftp
fdu acoo acop acoq = aaqg
fdv acoo acop acoq = uua (kbq nlv jop cgb)
fdw acop acoo = nep
fdx acoo acop = cxl
fdy acoo = coh
fdz acoo acop = fbr
fea acoo = ywy sdp ktn
feb = ylb
fec acoo = ypm nbj zi
fed acoo acop acoq = yte
fee = yxi nws
fef acop acoq acoo = vwk
feg acop acoo = nti
feh acop acoo acoq = upi
fei acoo = kmg
fej acoo = wlb
fek = win jxy
fel acoo acop acoq = ysx elv
fem acop acoo = kny bq
fen acop acoo = swt wom
feo acoo = knm ccg wiq fga
fep acoo acop = plh
feq acop acoo acoq = tex
fer acop acoo = eoz jsn
fes acoo acop = nch hue
fet = trz
feu acoo acop acoq = abjw
fev = ata brz
few acoo acop = lzi yvo aaoc znh
fex acop acoo = xqv fsu
fey = lyr
fez = nlm
ffa = nak
ffb acoo = aase vox
ffc acop acoq acoo = der
ffd acoo acoq acop = pez
ffe acoo = iha
fff acoo acop acoq = hgt ifn
ffg acoq acoo acop = btq mva qiu ufd
ffh acop acoo acoq = aafg
ffi acoo = xnz fze dfe tkb
ffj acoo = nai tcl yim
ffk acoo = apr rvt em ewi scf
ffl acoo acop = qap
ffm acop acoo = jhq
ffn acoo acop acoq = xuy
ffo acoq acoo acop = pqi jht tei
ffp acoq acop acoo = abec acog eul ohi
ffq acoo = sek
ffr acoo = hnr
ffs acoq acoo acop = ami wgv hqw
fft acoo = ovo
ffu acop acoo = xso
ffv acop acoo = oz
ffw = qcw
ffx acoo = dbv
ffy = tox
ffz acoo = elh
fga acoo = xyt
fgb acoo acoq acop = duz qeg
fgc = vqf kle
fgd acoo = xme fdr
fge acoq acop acoo = dyx abh
fgf = bau
fgg = dlj pdo yus qvu dyi
fgh acoo = yxp
fgi acop acoo = mkl
fgj = trf
fgk acoo acop = viu
fgl = abbe
fgm acoo acoq acop = ems
fgn acoq acop acoo = kic
fgo acoq acop acoo = rdj xci agb
fgp = aact
fgq = asr vsm
fgr acoo = oje eqz
fgs = rpq sxl ogw zib joe
fgt acoo = okx
fgu = owr
fgv = nzl
fgw acop acoo acoq = aaoo
fgx acoo = qhm znp gba
fgy = xyp mut
fgz acoo acop acoq = aaiq
fha acoo = mnk
fhb = fhx
fhc acoo = htp aaxk
fhd acop acoo acoq = yje psl
fhe = aanf
fhf = hjo
fhg acoo = bmh
fhh acop acoo acoq = ofe vae ocr
fhi = cts
fhj acop acoo acoq = bkr dh xax ef
fhk = bel sgy
fhl acoo = oto
fhm = tzv
fhn acop acoo acoq = vjc
fho acop acoo = xda
fhp = aaig
fhq acop acoo = eps oue acce
fhr acop acoo acoq = auo yso
fhs = aayg
fht acoo = pgm lcv yor
fhu = bwf plb
fhv acoo = lwr dpx
fhw acoq acop acoo = ild
fhx = wfo mmv lsr
fhy acop acoo = pno
fhz acop acoq acoo = mdn qoj anh nbe
fia acop acoo acoq = lwp jge ehd ayu
fib = absi wgm kek
fic acop acoo acoq = vvy
fid acoo acoq acop = uos
fie acoo = rmw
fif acop acoq acoo = rro
fig = icy (jke tof)
fih acoo = vjy
fii acoo = pqf cbq sre
fij acoo acop = fku
fik acoo = qfj wwm
fil acoo acoq acop = acls pzq (niq slb alp)
fim acop acoo = wer qtu
fin acoq acop acoo = ywi
fio = mqb zvu
fip acoo acop = ajz kfv oiq uul qxk
fiq acoo = ulg zyx
fir acoo = xbd xuj muk ese abcw
fis acop acoq acoo = voe rtj xmg
fit acoo = cxo
fiu acoo = xyu
fiv = fco uwc cwv
fiw acoo = qvv
fix acoo = rlj ygl uxe
fiy = oij
fiz acoo acop = kqy fpn ost
fja acoo = tcv gzi
fjb acoo acop = cih kxj wea ufg
fjc acoo = vny
fjd = ebg cqo aats
fje = jdi nxd aboy wbn
fjf acoo = qnl qed lzs
fjg acoo = fgb
fjh acoo acop = gal muo dvh
fji acop acoo = oxp
fjj acoo = yua
fjk acoo = gni
fjl acoo = fti
fjm acoo = fg xbf iw
fjn acoo = ukn slo jpi
fjo acoo acop acoq = hoc ycm mwn fxa
fjp acoo acoq acop = ndj
fjq acoo = eup jqf lrb
fjr = acfa
fjs acop acoo = aano uzi tdl zdg
fjt = abcd
fju acop acoo acoq = dgm
fjv = zdp edo and
fjw acoo acop = gzb nie nnb
fjx acoo acop = evc
fjy acoo = fsg
fjz acop acoo = pye
fka acoq acoo acop = abxo
fkb acoo = gdh
fkc = xou sfw aoy
fkd acop acoo = ixb aag
fke acoo acop = gjy (dre oci ztu)
fkf acoo = aclr siw vjd
fkg = oev ebp hno wez yqn
fkh = jas fwb
fki = iec
fkj acoo = pom dla kun
fkk acoo = mpo vs
fkl acop acoo = utl (lqg vev)
fkm = egs
fkn acoo = paz qru
fko acop acoo = cjt jrk erb
fkp = jwg eyi
fkq acoo acop acoq = yha
fkr acoo = jnk zgi qtl
fks = sqp
fkt acoo = eqe
fku acoo acop = uxq xbs
fkv acoo acop = fdp
fkw = xbb
fkx acop acoo = qaf
fky acoo acop = zz xal ocb sre
fkz acoq acoo acop = oej
fla = rdi
flb acoq acoo acop = wzb xlh dbh mgy
flc acoq acoo acop = vln acey vxe
fld = mya
fle acoo acoq acop = rb
flf acoo acop acoq = jgl ccg tdb ghi
flg = ybi
flh acoo acop = jpd
fli acoo acop = udw hde iqs
flj acoo acop = zna
flk acoo acop acoq = gpo abyy abne
fll acoo acoq acop = nax abox
flm acop acoo acoq = kwa
fln acop acoo = nyd mvc
flo acoo = gwc rwu uqa
flp acop acoo acoq = dqt
flq acoo acoq acop = rvh qng afx
flr = loj
fls acoo = bwh oqv
flt = hvk
flu acoo = xfw
flv acop acoq acoo = dng
flw acoo acop = uon elm acgt
flx acoo = ygr
fly acoo = and tat
flz = dcr rra ukk
fma acoo = ixz jem mrx
fmb acoo acoq acop = qzl
fmc acop acoq acoo = rhk jge lu
fmd acop acoo = mtr lxd
fme acoq acop acoo = opu
fmf acoo acop acoq = tva
fmg = huc
fmh acoo = jsy
fmi acoq acoo acop = achr
fmj = ijp
fmk acoo = avo
fml acoo acop acoq = acey
fmm = xmc
fmn = dsg
fmo = bdj
fmp acoo acop = aaan xib hsr
fmq = gcw
fmr acoo = hgc ablc
fms = qqn
fmt acoo acop acoq = tkt
fmu = axr
fmv acop acoo = faw aaew
fmw = fsm
fmx acoo = azw
fmy acoo = pvi twi dto
fmz acoo acop = ufi
fna acoo acop acoq = jcn ikk gbv
fnb acoo = kdp kuf
fnc acoo = tei typ
fnd = clk
fne acoq acop acoo = uoc
fnf acop acoo acoq = yhk
fng acop acoo acoq = khf xso
fnh acoo = akx
fni acop acoo acoq = jwv
fnj acop acoo = zjv kki
fnk acoo = lhv uxg
fnl acoq acoo acop = acop lxi
fnm acop acoo = fhb
fnn acoo acop = edt fzy qsf
fno acoo = snc crc lsx
fnp acoo = uby hyc
fnq acoq acop acoo = dhn
fnr acoo = orj
fns acop acoo = vhq
fnt acoo acop acoq = yut (dbx qe)
fnu acoo = zex
fnv acop acoo acoq = pck
fnw acoq acop acoo = bmd wmi
fnx acoo = abf (ahg avf)
fny acoo acop acoq = et dkw
fnz acoo = kzk
foa acoo = aaxr
fob acoo acop = ipp
foc acop acoo acoq = nxh iqz ysw kdx
fod acop acoo = rdk gds dmc
foe acoo acop = kld
fof acoo = rkr
fog acoo acop = fbv
foh acoo = ape
foi acoo acop = lvz omf fru vps moi
foj acoo = cjz djp ebc
fok = wmm
fol acoo = jfe pfk
fom = wzp
fon = aks
foo acoo = okn ohr
fop acoo = niz
foq = nmu
for acop acoo = eoy
fos acop acoo = xhp onn kfj sxm dkp
fot acoq acoo acop = utd ktd
fou acoo acop = gc
fov acoo = acmf
fow acoo acop acoq = wuf
fox = kmf
foy acoo acop = ein caq vji cvi
foz = wr
fpa acoo acop = enc plv sxz qbl
fpb = bvu
fpc = cie maz
fpd acoo = pzv (qme onz)
fpe acoo = cek zwk xhr yzd
fpf = uyv mig att
fpg acoo = coj si
fph = sfh
fpi acoo acoq acop = cpf
fpj = wom
fpk acop acoo = djw hrl hvw ifr
fpl acoo acop acoq = iae v gef xec
fpm acoo acoq acop = jri fuv
fpn = fsg
fpo acoo = pzk
fpp = aavs
fpq acoo acop acoq = ybx
fpr = qic
fps = gow
fpt acoo = dxf
fpu acoo = vqb
fpv acop acoo = eai aavy
fpw acoq acop acoo = fpi qru eou
fpx acoo = enz
fpy acoo acop = pjl awt eqc nju
fpz acop acoo acoq = epq
fqa acop acoq acoo = zlf abxy
fqb acop acoq acoo = mbb
fqc acop acoq acoo = avr
fqd = psd
fqe acoo acoq acop = ekm
fqf acoo = ogr fum
fqg acoo acop acoq = ixw omo acq nqk ygy
fqh acop acoq acoo = crl
fqi = qzq
fqj acoo = yrj rea svb xow
fqk acoo acop = wan
fql acop acoo = kun gel
fqm acoo = cqc
fqn acoq acop acoo = lfm
fqo acoq acoo acop = mvh
fqp acoq acop acoo = ebm qho xku
fqq = ibb aarl
fqr = gwl hgb apb
fqs acoo = mhc clc dcx
fqt acoo = aave qto upw
fqu = xov doe
fqv acoq acop acoo = sie
fqw = wvi cfy (aakv uox)
fqx = abui rsy
fqy acoo = lil agd acjl abwl
fqz acop acoo = tzl
fra = vqs mcs
frb acoo acop = imk
frc acop acoo = tru
frd acop acoq acoo = dgx
fre acoo acop = abae
frf acop acoo = ifz
frg acoo acop = arc wkt iws
frh acop acoo = qlm vjd
fri acoq acoo acop = emi
frj acoo acop = upe
frk = bjh vrb aben aamu
frl = jnv
frm = yge
frn acoo = iky
fro acop acoq acoo = yut
frp = nyl
frq acoq acoo acop = jrw afu
frr acop acoq acoo = wcf aboi kvb wno
frs acoo = xrl
frt = lpz
fru = fmj zzw nok
frv acoo = yvp
frw acoq acoo acop = law
frx acoq acop acoo = abza qbd
fry acoo = rui khy
frz acop acoo = abrw hwy eri
fsa acop acoo acoq = zfz
fsb acoo acop = ivz gcd qbu sqz qqx
fsc acop acoo = aza kea aaas
fsd acoo = bmb jyf rqj
fse acoo = sqz lew gfi
fsf acoo acop = dmf
fsg acoo = wrl
fsh = ccd rfb
fsi acop acoo acoq = acoq
fsj acoo = vxs
fsk = dzh ofi aalh
fsl acop acoo acoq = elf
fsm acop acoq acoo = mko mii aazs zox abld
fsn acoo = cls
fso acoq acop acoo = mzu
fsp = abnz gxs
fsq acoo = tcd
fsr acoq acoo acop = rmo vpa
fss acop acoo = ver taq bxv
fst acop acoo = cda fwd
fsu acoo acop acoq = vrt
fsv acop acoq acoo = ghj
fsw = anh
fsx = pny
fsy acoo acop = accq (kvv ixa)
fsz acop acoo = ayf
fta acoq acoo acop = laq phm kya uex
ftb acoq acop acoo = qjb
ftc acoq acop acoo = hxg itr
ftd acoo acop = yac
fte acoo = xbn
ftf acoq acoo acop = edv qoa qru
ftg = ncl eeu ypg oak
fth acop acoo = akj ayk gj
fti acoo acoq acop = rp
ftj acop acoo = xae
ftk = rcr
ftl acoo = lya jbt
ftm acoo acop = sag
ftn acop acoo = wlm
fto acop acoq acoo = and
ftp = acmd iun
ftq acoo = lk nho
ftr acop acoo acoq = opp
fts acoo acop = rsh
ftt = dtt
ftu acoo = jms qsz
ftv = jez ork
ftw acoq acop acoo = uzs
ftx acop acoo = gqz
fty acoo acop = nnf
ftz acoo = aatn wsw yzf ieh
fua acoo acop = ffb ixr
fub acop acoo acoq = qoj ont
fuc = kiv
fud = gg
fue acoq acop acoo = pjr
fuf acop acoo = ut yqq ihg
fug acoo = aqp
fuh acoo = pkh aoo tdt
fui acoo acop acoq = yya
fuj = yzm
fuk acoq acop acoo = mtp
ful acoq acoo acop = rg lou wzu usd rwz
fum = bqf dfm aany
fun acop acoo acoq = jqb
fuo acoo acop = fur
fup acoo = htt lng
fuq = ipl
fur acoo acoq acop = eco
fus acoo = sga
fut acoo acoq acop = shh
fuu acoo = oat oen ue vbw
fuv acoo = raj
fuw acoo = scz
fux = zrb ycm abbi
fuy acoq acop acoo = abxs abjo oul
fuz acop acoo acoq = abmt
fva acoo = hlt
fvb = hrb
fvc acop acoq acoo = hwi npa
fvd acoo acop acoq = bzi bdn
fve = wab
fvf = bya soj
fvg acoq acop acoo = ltj qph
fvh acop acoo = bak
fvi = aalk xsa
fvj acoo = dxv
fvk acoo acoq acop = ahw zjl
fvl = piy snt uxr
fvm acoo acop = dql grq
fvn acoo = piq
fvo acoo = tjz
fvp acoo acop = cho
fvq acop acoq acoo = dnu czi
fvr acop acoo acoq = ola
fvs = dar aahs
fvt acop acoq acoo = ipv aclk wfy
fvu = rqw
fvv acop acoo = bqt lxc
fvw acoo = ylm
fvx = abhm cjk
fvy acop acoo = hs
fvz acoo acop = iji xuv
fwa acoo = ili abbh fxi
fwb = txp jqk acnn
fwc acop acoo = aawi
fwd = ocj
fwe acoq acop acoo = su
fwf acop acoo = iku nxn
fwg acoo = q iv
fwh = myv
fwi = wsi qlt nb
fwj acop acoq acoo = cwb jfw
fwk = szp sbw kxq iat
fwl acop acoo = vqf
fwm acoo = fyi
fwn acoq acop acoo = bni
fwo = rlt
fwp = xiw gzm
fwq acoq acop acoo = gcp lqk bzx
fwr acoo acop = jak flr
fws acop acoo acoq = jbs
fwt acoo acoq acop = cpt
fwu acoo = aox
fwv acoo = ww jgp
fww acop acoo = dpx
fwx acoq acoo acop = cbl hxn
fwy acoo acop = bjs
fwz acoo = oob crt (njy dcy)
fxa acoo = vlv oht
fxb = llq
fxc = enx
fxd acop acoo = uwk hrh huz
fxe acop acoq acoo = zej
fxf acoo acoq acop = lvk
fxg acop acoo = abwj
fxh = ieg emo qel dac
fxi acoo = jni zon kxq
fxj = vdp
fxk acop acoo = ybt
fxl = lyc
fxm acoo acop = abrw
fxn = zdl wvb
fxo acoo acop = zzx fix
fxp acoo acop acoq = ooh
fxq acop acoo = aapg ylo
fxr acoq acoo acop = uni
fxs = qpj
fxt acoq acoo acop = kzy yt wnq tsn
fxu acop acoo = jts
fxv = dam
fxw acop acoo = mtx
fxx acoo = wcy
fxy acoo acop = abth bat
fxz acoo = xid
fya = ygd qyx oca qih
fyb acoo acop = vhk
fyc acoo = umu acfr dml
fyd = kug dsf ipl
fye = ajr
fyf acoo acop = sef
fyg acop acoo = tov
fyh acoo acop = zsa
fyi acoo = saj acjy uur
fyj acoo = fjl
fyk acoo = pzk
fyl acoo = zev yft
fym acoo acop = kbl
fyn = cjj
fyo = lvf
fyp acoo acop acoq = acgy
fyq acoq acop acoo = aaig plb
fyr acoo = lbc wup
fys acoo = fxq
fyt acoq acop acoo = sav
fyu acoo acoq acop = iyl ytk
fyv = wxa
fyw = vyf
fyx acoo = bwb
fyy acoo acoq acop = txl uyu
fyz acoo = awf
fza acoo acoq acop = pkh
fzb = hqq
fzc acoo = aavo
fzd acoo = hvv acfv kvz aqh
fze acoo = bzb enb (ptx fiv abok)
fzf acop acoo = xid ysq
fzg acop acoo = yjo uvo tdv dsc gyv
fzh acoo = oki
fzi acop acoq acoo = qyk ovn
fzj = sfs
fzk acop acoo = eam
fzl acoo = yxv
fzm acoo acop = mcl
fzn acoo = kis
fzo acoo acop = aald
fzp = vnk ovm
fzq acop acoo = pev
fzr acoo = snn acdv hky
fzs acop acoo = wki
fzt acoo = qhv
fzu acoo = jer
fzv acop acoo acoq = uho dff
fzw = doj
fzx = kr qhg (ffs vzm)
fzy acop acoo = hgq mno upu bvd
fzz acoo = htx gvz
gaa = qjo aakb
gab acop acoo = egi
gac acoo acop = bgb
gad acoo = gma clw xcd fku
gae acoo acop acoq = iqv
gaf acoo acop = tfi
gag acoo acop = tee hbs
gah acoq acop acoo = aagj hqe cqq iyr
gai acop acoo = bye
gaj = ybp
gak acoo acop = nkj
gal = zxj
gam = aaon
gan acoo = hq elw pfz
gao acoo = ic
gap acoo = sqr
gaq acoo = jn
gar acop acoo acoq = fot
gas acoo acop acoq = rgc
gat = yhb
gau acoo = xum bbl wjg
gav = oti kfi
gaw acop acoo = rl ghj ddb
gax acoo acop acoq = uwu
gay = fpm idm uiv
gaz acoq acop acoo = nm tvk
gba acoo = kqb sqy our
gbb = dky lsi
gbc = abxv
gbd acoo = cuk vxq
gbe acoo acoq acop = mrs dhp aate
gbf acoo = ydq
gbg = qgm
gbh = abwm
gbi acoo acop = rxb ewt
gbj acoo acop = axf
gbk = aaiq fpj yzq
gbl acoo = ilk
gbm acoo acop = zjx
gbn acop acoq acoo = dox
gbo acoo = eyb
gbp acoq acoo acop = wbb brr qej nbg
gbq acop acoo = fqc
gbr acop acoq acoo = lgo
gbs acoo acop = wtg ikp
gbt acoo = wnv mqr
gbu = unp
gbv acop acoo acoq = vfl abpp
gbw acoq acop acoo = uzk
gbx acoo acop = nzh fyw
gby acoo acop = dff
gbz acoo = jye twn
gca acoq acop acoo = qig
gcb acoo = vcm
gcc = eyh alq
gcd acoo = oca
gce acoo acop = tmt
gcf acop acoo = mde acdi dgm
gcg acoo = aaxd aaz wgv
gch acoo = mmh
gci acop acoo = rhf
gcj = tfb xgi aqh xqa yos
gck acoo = sdm
gcl acoo acoq acop = ynm zot
gcm = pjw
gcn = iav
gco acop acoo acoq = ayh hrx ips aaoi
gcp acoo = uzi
gcq acoo acoq acop = xre bgd knl abut qzb
gcr acoo = aagr
gcs acoo acop = pwg
gct acoo acop = bnu
gcu acop acoq acoo = wce iyy
gcv acoo acop = aazl
gcw = wqz kib xqz bxi
gcx = njg
gcy acop acoq acoo = nvw
gcz acop acoo = mlc tei
gda acoq acoo acop = kyy zff acin
gdb acoo acop = otn
gdc acoq acoo acop = zvc gbe bpw mvq
gdd = twe
gde acop acoo = stc cpa cmr
gdf acoo acop = lat
gdg acoo = ome oz
gdh acop acoq acoo = krn
gdi = izh
gdj = cen
gdk acoo = hcm
gdl acoo acoq acop = zfb tgi cdq kfk
gdm acop acoo = sgh
gdn acoo acop acoq = ngv
gdo = pso
gdp = xyx
gdq acop acoo = zgr leg
gdr acoo acoq acop = kfp
gds = uil suv upl pku
gdt acoo acop acoq = xvw
gdu acop acoo = wtl
gdv acoo = hrn
gdw acop acoo = vzp uu
gdx = jpn
gdy acoo = rmn aarh hqo
gdz acoq acop acoo = icf
gea = phf
geb = mrh
gec acoq acop acoo = mun (qrf mwx gas)
ged acop acoo = wqb
gee acoo = zfb iyq sgn
gef acoo = ang
geg acoq acop acoo = lsc
geh acoo acop = mnw
gei = br (lxy opa)
gej acoo = gty
gek acoo = mkw gfy mki
gel = acbz loe
gem acoo = tsd xxi qod
gen acop acoq acoo = egg lif rdf
geo acoo acop = wwx lsd
gep = iml
geq acop acoo acoq = gjo aact
ger acop acoo = zdb (myc abjv)
ges acoo acop = cbm
get = xcg vcr
geu acoo acoq acop = pio
gev acoo acop = npk uhw evp
gew acoq acop acoo = rqq
gex acoo acop = abed
gey acoo = bjg abkt yaf
gez acoq acop acoo = aaia
gfa acoo = bms
gfb acoo = rru kbf aaai ksq
gfc acoq acop acoo = mgm
gfd = oyf wuj eoj
gfe acoo acop = dgp
gff acoo acoq acop = toq
gfg acop acoo = bnx pcc jtb
gfh acop acoq acoo = aagh
gfi acop acoo acoq = aog
gfj acoo = fyy
gfk = gqw fwh smc exd
gfl acoo = acmc
gfm = bke frz abgm
gfn = gvp
gfo acoq acop acoo = uqz zsz
gfp acoo = ocv
gfq acop acoo acoq = vih xgu
gfr acoo = vrb
gfs acoo = ogf eun
gft acop acoo = vpl lbi
gfu acoo acoq acop = lhq gnd abbq rtb
gfv acoo = fpg gbt
gfw = ksy oit qzj
gfx acoo acop = rrs
gfy acoo acop = rij
gfz = yd
gga = rtp vwc kfo wag awv
ggb acop acoo = ftt
ggc acoo = nok
ggd = pef
gge acoq acoo acop = hux
ggf acop acoo = rft gnh fjx xsl
ggg acoq acoo acop = noo eeg zkb ixu
ggh acoo acop acoq = rvv
ggi = ngt
ggj acoq acop acoo = hmd
ggk = rbj iqx
ggl acoq acop acoo = aalw oxv ejz
ggm acop acoo = qfg
ggn = bak lzr
ggo = rgc
ggp acoo acop = ftl
ggq acoo = aot
ggr acop acoo = gwf
ggs acoo acoq acop = jip
ggt acoo = bzp kgq ugs
ggu acoo acop acoq = oqs
ggv acoo = xfv
ggw acoo acop = iuu
ggx acoo acop = ogn
ggy acoq acoo acop = muq
ggz acoo acop = bba aclx
gha = cdk
ghb = wx
ghc acoo = ocm
ghd acoo acop = acdm
ghe acop acoo acoq = osi
ghf = eic
ghg acoo = vpk
ghh = aaxn bvh xgi
ghi = onj djv fvk
ghj acoq acoo acop = ocw erm yer
ghk acoq acop acoo = wro
ghl acoo = aov csz (wnn eze)
ghm acop acoo = ogu
ghn = dmx
gho acoo = nvr hoy
ghp acoo = ldo
ghq acoo acoq acop = txm
ghr acop acoo acoq = acku atr
ghs = riv
ght acoo = acjc amf eq acku
ghu acoq acop acoo = bwy
ghv acoo acop = abce abbn qwm
ghw acoo = vlj ssd mxn
ghx = vhv ffa
ghy acoq acop acoo = myj wxg
ghz acoo acop = mir kim uta nta
gia = tiv scd
gib acop acoo = uuw axw hfb jes
gic acop acoq acoo = abeb pqg iqf aga
gid = yhe hgv tdx
gie acoo = kwj
gif = gzl rqw
gig = xns
gih acoo = lpw vkl
gii acoo acop = kwu kvf lht
gij acoo acop = wye jrh
gik acop acoo = dmg
gil = acjo
gim acoo = wmr
gin acop acoo acoq = zry kyd alx tuf ddc
gio acop acoo = kah ktw
gip acoo = yvt
giq acoo acop = ekn gld oap lyj
gir acoo acop acoq = cqi
gis acop acoo = srl
git acop acoq acoo = sum qjd
giu acop acoo = pam erz (pml gzb)
giv acoo = tmm
giw acoo = ldf
gix acop acoo = dmi
giy = vyl
giz acoq acop acoo = hac msq abpe oqz
gja = yva mxp
gjb acoo = abqk abrz ilg flk
gjc acoo acop = xsj
gjd acoo = ggb dkl bfm
gje acoo = anr
gjf acoo = plc iyn jiw
gjg acoo acoq acop = twl edq jby glp
gjh acoo acop = gnp
gji acoo = exw
gjj acoo = jly
gjk acoo = bqi rte
gjl acoo = ezf
gjm acoo = ybc tce
gjn = zwm
gjo acoo acop = mks aart
gjp acoo acop = hoo
gjq acoo acop = uay itp
gjr acop acoo = abuw
gjs acoo = zme
gjt acoo acop = fmu
gju acoo = wxg
gjv acop acoo = ahn
gjw acoo acop = rag
gjx = kzq
gjy = azn abxm
gjz = qeg
gka acop acoo = xcp frn
gkb = hke svx glf
gkc = wkg
gkd acoo = kns
gke acoq acoo acop = cbt
gkf = ldg
gkg = zqy
gkh acoo acop = mak nwt xel
gki = vph nov
gkj = pbt
gkk acop acoo = twx
gkl = lzv
gkm acop acoo acoq = kcy ypn
gkn acop acoq acoo = abil
gko acoo = vfs (aaac fqa ktn)
gkp acop acoo = hji klf
gkq acoq acoo acop = ovw dih aaqu pxg eqm
gkr acoo = jiw
gks acop acoo = hwq
gkt = jal
gku acop acoo acoq = uec
gkv acoo acop = xwy yq zjk
gkw acoq acoo acop = bqa owi
gkx acop acoo = ajr
gky acoo acop acoq = ohn
gkz acoq acop acoo = rrw
gla acoq acoo acop = ozp yyb
glb acop acoo = kih (fzh dwm)
glc acoo = pcd
gld acoo acop = ahk
gle acoq acoo acop = rfe abni aas yul kvo
glf acop acoq acoo = lgb
glg acoo = aiy
glh = lmt bnh
gli acoo = nok
glj acoo = cjp
glk acoo = glj
gll acop acoo = fyg
glm acoo = fkt
gln acoo acoq acop = tpa cgs wrb
glo acoq acoo acop = dwi
glp acop acoo = yt
glq acoo acop = vhe imc qts zjs qss
glr = owm roz ya ua
gls acoo acop = skt
glt acop acoo = rof
glu acoo acop = zzy
glv acoo = ppe
glw acoo = pdn
glx = ebd
gly acoo = akn xsq ux
glz acoo = sor
gma acoq acop acoo = rtg oeh (aadp iej lrn)
gmb acoo = vkt
gmc acop acoq acoo = ltx
gmd acop acoo acoq = ait
gme acoo acop = abus zmc
gmf = nep
gmg = yyq
gmh acoo = pja lml
gmi acoo acop = acah
gmj acop acoo acoq = uhh kzq
gmk acop acoo = ecs
gml = rpx
gmm = rwy owx eh ztv rut
gmn acoo = aoz dda lcf
gmo = dss
gmp acop acoo = slk eem
gmq acoo acoq acop = msx izn asj
gmr acoo acop acoq = gic vmw
gms = gxm fjl rlr
gmt acoo acop = rpv
gmu acoo = aaxb
gmv acop acoo = baw
gmw = omr xet
gmx acoo acoq acop = cak
gmy acoo acop = eot tta ccp
gmz acoo acop = yuy
gna acoo = abuj
gnb = yqn
gnc acoo = gzo (gke lub)
gnd acop acoo = mvr gts
gne = acjd ppn gej
gnf = pag ten
gng acop acoq acoo = mii
gnh acoq acop acoo = nbt
gni acoo = zgq
gnj acoo acop = wtt vbh vui dqr
gnk = qog av
gnl acoq acop acoo = cez
gnm acoo = vam vqd
gnn acoo = esu
gno acoo acop acoq = mjo
gnp = mvv kxc
gnq = ugi zzd gam zjw
gnr acop acoo = mab
gns acop acoo acoq = cka
gnt = ackn iil
gnu acoo acoq acop = xmo cci abmq ps uvw
gnv acoo acoq acop = dhu
gnw acoo acoq acop = jgc
gnx acop acoq acoo = jtd ayp cpm
gny = kdg
gnz acoo acop = kxq amy izx
goa = sbx pea dns abjs
gob = siz twv aala
goc acoo acop acoq = moh smn
god acoo acop = ulw esr
goe acoo = zsx raa
gof acop acoq acoo = two gyn re
gog acoo = vfx
goh acoo = hjv ukq
goi acop acoo = abzh
goj = vwr
gok acoo = rfg mnr
gol acoq acoo acop = gqv dho
gom acop acoo = zik
gon acoo acoq acop = achj xlx meu
goo acoo = vqd
gop acoo = jlr
goq acoo acop = cul
gor acop acoo = ldt
gos acop acoo = abqc
got acop acoo acoq = aaqr
gou acoq acop acoo = jks
gov acop acoo = aclt jti
gow acoo = sif
gox acop acoo = nlo
goy acoo acoq acop = fmb cis nvp
goz acoo = cqh twc naa
gpa acop acoo acoq = iaj
gpb = rlk ihi
gpc acoq acoo acop = vic (ep wxf) bkf
gpd acop acoo = abw vgq
gpe acop acoo = ijc
gpf acoo acoq acop = aaoa (nbk iim)
gpg = oej yxh gyh
gph acop acoo acoq = fmh qfh ouj
gpi = mgq yzj
gpj acoo acoq acop = hxz pei
gpk = tqo
gpl = jht
gpm acoo acoq acop = hti
gpn acoo acop = uys
gpo acoq acoo acop = bre
gpp acoo = zig def
gpq = sez
gpr = ctv
gps acoo = abht
gpt acoo = nps xbx
gpu acoo acop acoq = jdv oor
gpv acoo = ptm
gpw acop acoo = kqh
gpx = jca
gpy acoo acop acoq = iqj
gpz acoo acop = oeu
gqa = tiv xbd oif
gqb = aadq xkk
gqc acoo acop = tza qsg
gqd acoo = god
gqe acoo acop = aawq
gqf = uil bqa aot
gqg acoo acop acoq = aoj
gqh = zoa
gqi acoo acop acoq = zfy achh
gqj = ruc
gqk = uhj oz vse
gql acop acoo = abdm
gqm = vy
gqn = fgk kfn
gqo = wkv
gqp acoo = sgx jcb
gqq = cmg
gqr acoo acop acoq = abiz btt aawx egk
gqs = jmq
gqt acoo = aqh
gqu acop acoo acoq = rpw mbl
gqv acoo = kmc
gqw = bzj kvz
gqx acop acoo = eez vvg (krl ewk) mqu
gqy acop acoo = hkt
gqz acoo = knz yrb (my nwt hnl)
gra acoo = qox
grb acoo = aaxg
grc acoo = voa
grd acop acoo = jqf syb
gre acoo acop = byo
grf acoo = szd
grg acoo acop = dnu
grh acoq acoo acop = hku
gri acoo = don
grj = jbi
grk acop acoo acoq = abyy (rcu sfn)
grl = dwx (nan bkl)
grm acoo acop = nfw abbz kxu
grn acoo = ixj
gro acoo = lok mhp gff hum
grp acoo acop = lvz yuj
grq acoo acop acoq = aod zjz
grr acoo = gyq
grs acoo = jnz
grt acoo = kly
gru acoq acop acoo = rfl
grv acoo acop = kpy
grw = lwh
grx acoo acop = hkn xf fav
gry acoo = kav
grz acop acoo = txa
gsa acoo acop = bin jes
gsb = nzt
gsc = aec
gsd = rru
gse acoo acop = hjc rxe
gsf acoo acoq acop = waj
gsg = aarg iof iw
gsh acoq acoo acop = awv
gsi acoo acop acoq = mhj
gsj acop acoo acoq = alp abdr oug
gsk acop acoo = qex mey
gsl acop acoq acoo = jxb
gsm acoq acoo acop = rgj vdn hga
gsn acoo = pdu
gso acoo acop = gto acgb bif
gsp acoo = jic xiq
gsq acop acoo = mnr
gsr acoq acoo acop = umo
gss = vor thj
gst acoo = obu ofi abyh
gsu = xsj
gsv = yhv olw
gsw acoo acop = lyk ukr qeu doq rqd
gsx = utf gpx rch
gsy acop acoo = q
gsz acop acoo = emi
gta = mgv
gtb acoq acoo acop = fbf ltc
gtc acoo acop = xz arc ydg
gtd = ai mkt qry ifn
gte = psy uai
gtf acop acoo acoq = aadb rlg soh agc qfd
gtg acoo = oib
gth = etv bwf law
gti acop acoo acoq = jwl (hyn end)
gtj acoq acop acoo = uco
gtk acop acoo acoq = url
gtl = ar
gtm acoo acop = zto pqt x pqq
gtn acop acoo = gix olr abjj
gto acoo = wcm
gtp acop acoo = gwb
gtq acoo = azs
gtr acoo = igs
gts acoq acop acoo = ooh rmm
gtt = ulb hbb
gtu acoo acoq acop = ecs
gtv acoo acop acoq = abzj pna
gtw acop acoo = ugv
gtx = zls
gty = vub
gtz acoo acop = xrh zut sdl uog
gua = abmw
gub acoo = pkm uxg
guc = yto
gud = qq zwk
gue acoo = gog svx tfu ajj xnt
guf acoo acoq acop = aail tkg ubg
gug acop acoo = xyb
guh acop acoq acoo = bro
gui = aboy
guj acop acoo acoq = thh
guk acoo acop acoq = xmh bzs
gul = cgq ofy bdu
gum acoo acop = saz
gun = icl
guo = plx
gup = epb zeg
guq = ubv acbr ablu
gur acoq acop acoo = qem
gus acop acoo = izd rgp kje
gut acoo = vqr
guu acoo acoq acop = bvu zcz xrg
guv acop acoo = ckq
guw acop acoo acoq = cdf
gux acoo = gmo
guy acoo = nnj sfq xfr gok
guz = vt
gva = cpx
gvb = ght
gvc acop acoo = xsl
gvd acoo = thn
gve acop acoo = hdb bvr dct
gvf acop acoo acoq = oxn yfg ijr qtx
gvg acoo acop = xbs
gvh acop acoq acoo = meo evb
gvi acoo = aafz ru
gvj = dka
gvk acoq acop acoo = wsu
gvl acoq acoo acop = cvz
gvm acop acoo acoq = lkq
gvn acop acoq acoo = aarw
gvo = yzq
gvp acoo acop = wrd
gvq acoo = osq
gvr acoo acop = osq
gvs acop acoq acoo = xbv nen
gvt = gvg
gvu acoo acop acoq = noz
gvv acoo acop = sxf (cqd hzj wop)
gvw acoq acop acoo = cxz bnu ils
gvx acoq acoo acop = dru ssu epy
gvy acoo acop acoq = zzw run abrx oia
gvz acoo acoq acop = kae rsf
gwa = atc znc
gwb acoo = klj byi
gwc acoq acop acoo = emg
gwd acoq acop acoo = zgi
gwe acop acoq acoo = cmh atx boo
gwf = yyv per ze
gwg = aapp
gwh = hw
gwi acoo = fte
gwj acoo acop = asf ver pll roo
gwk acoo acop = uhe dyg mpj
gwl acoo acoq acop = pnn jki aahn htq bxk
gwm acoo = hwu
gwn = beo
gwo acoq acop acoo = tnw
gwp acoo acop = uva
gwq = noj lfw ycc gjk ynp
gwr = lvo
gws acoo acop acoq = dyd
gwt acoo acop acoq = fyn
gwu acop acoo acoq = vzx jl ren
gwv = lse
gww acoo acop = xhw dye aaep cgs
gwx = fmo kug
gwy acop acoo = xzn
gwz acoo = hvm
gxa acop acoo = vfm lhe kch
gxb = jec
gxc acoo = jhf hvz
gxd acoo acop = lpy sas hkb zia
gxe = aug izo
gxf = irs xef
gxg acop acoo = abmv
gxh acoo = pxy
gxi acoo = aash
gxj acoo = fpb rce
gxk acoo = jqh
gxl = abar zab pxg
gxm = acna bsb zqs iq mxm
gxn acop acoo = aadn
gxo acop acoo = bmt jae nmg
gxp acop acoq acoo = okd
gxq acoo acop = vuy szt pfw ykw
gxr acoo acop = bck ezl
gxs acoo = uan acbr elu
gxt acoo acop = oky gag sob
gxu acop acoq acoo = ccq
gxv acoq acoo acop = iyl lq
gxw = riy
gxx acoo acop = accn
gxy acoo = pcv
gxz acoo acop = gel lzg
gya = xve
gyb acoo = yjc
gyc = lqn pyz
gyd acoq acop acoo = mxf
gye = fzn uls
gyf = eeh fso ckb
gyg = hhf
gyh acoo = mai qeb wl acmf
gyi acoo = geq ytm
gyj acop acoo = qyd pnu tum wut
gyk acop acoo acoq = kla aaej wwn ejf
gyl = afj
gym acoo = lqw chd kfb zii
gyn acop acoo = oej acis vrb
gyo = tqo ft nvq
gyp acoo = zhz
gyq = axp
gyr acoo acop = xak aabg
gys = ihk gzo
gyt acoo = abjn yls xvn pbc
gyu acoo acop acoq = jkk
gyv acoq acoo acop = drp
gyw acop acoq acoo = lnm
gyx acoo = lo
gyy = ggw
gyz = yja ahm
gza = kdd kxs chc kdl nxc
gzb acop acoo = aafq
gzc acoo acop = pki
gzd = lse
gze acoo acop = dsg
gzf = kbh ikk
gzg = nry
gzh acoo = aaaw
gzi acoo = jru aakg
gzj acoo = wgc
gzk = zym
gzl = lkr cuk
gzm acop acoq acoo = fdy ltb zhr
gzn acoo acop = npg
gzo acop acoo = rok
gzp = lod
gzq acoo = dxs jbs zgg
gzr = apv
gzs acoo = lvw sbf ncq ojp
gzt = ehm uud
gzu acoo acop acoq = aafa
gzv acoo acop = hkg
gzw acoo = hep
gzx acoo = plt frv ooy
gzy acoo = okx
gzz = jlm
haa acoo acop = cwn ixi abra
hab acoo acop = atd
hac acoo = aaew run dkc
had acoo = xdd tso
hae acoo = lyf vbg abpp
haf acop acoo = uxj qck auw
hag acoq acop acoo = epk
hah acoq acop acoo = xfk
hai = xty xtr hvo abyb
haj = zrx (atk xml gey)
hak = boo
hal acoo acop = cgt acd nzz jym
ham = gkw nhy ozm cix
han acoo acop = cqv utc twx dhf
hao acoo = ipq hyi yrg dro
hap acop acoo = wwo
haq acoo acop acoq = btx
har acoq acop acoo = qg
has = tsu cvo
hat acoo acop = jhc
hau acoo acop = drq wds
hav acop acoq acoo = qiv
haw = jc acez
hax acoo acoq acop = bpe
hay = oaj
haz acop acoo = iib nsj tzz
hba acoo = lzv bjh
hbb = veb abuh
hbc = kxj qrc vis uhu obt
hbd acop acoo = csr bm
hbe acoq acoo acop = jkz
hbf acoo = fnt ale
hbg acop acoo acoq = rou
hbh acoo = mcv fwu xjf
hbi = iat emb vxh
hbj acoq acop acoo = vpn abgx vvv
hbk acoq acoo acop = jxl ysc
hbl acoo = bxj ggf
hbm = aafn wqj rqc lfz
hbn acoo = rnn ktf drl cje bis
hbo acoq acop acoo = lgn
hbp = zzh
hbq = akf
hbr acoq acoo acop = ram
hbs acop acoo = acbi
hbt = piq
hbu acoo acop = vha (iaf mki) riz
hbv = wdx vou hrs xwo
hbw acop acoo = yij
hbx acoo acop = dpo
hby acoq acop acoo = qwl qlo
hbz acoo = spw (jjw blg jgy)
hca = zhn gys
hcb acoo = fws pas qgs vkn
hcc acop acoo = aacx
hcd acoo acop acoq = ury
hce acoo = ddb rlr vkb ckf tlo
hcf acop acoq acoo = xvi
hcg acoo acop = ioi
hch acoo acop = ryr cbg cxf aamh
hci = aik fco uak doi
hcj = uid wol ayr wbl
hck acoo = uec kkb
hcl acoo acop acoq = hqb szu
hcm = nfw snl efl
hcn acoo acop acoq = dmj
hco = pnl ufr
hcp acoq acop acoo = cad
hcq = abts
hcr = bvx aaol
hcs acop acoo = exj han fqd
hct acop acoq acoo = jnv gxq ugu
hcu acoo = acmt
hcv = cte yhd
hcw acoo = gkd fks plk
hcx acop acoo = oha
hcy acoo = rne wrd azk
hcz = jls
hda acop acoq acoo = tcc ywz pjn abxz
hdb acoo acoq acop = cpm mbk
hdc acoo acop acoq = bzp
hdd acoq acoo acop = oxm ewv
hde acop acoo = xsx lki fzx
hdf acop acoq acoo = juu szx
hdg acop acoo acoq = fud oli (ncu rnj ijx)
hdh acop acoo = now inx (lgf vmc) lrl
hdi acoo acop = odw uyc zlv
hdj acoq acoo acop = abnt
hdk acoo = azf
hdl acop acoo acoq = hiv ivr
hdm acop acoq acoo = lzc sbg ztz uoq
hdn = jxx
hdo acoo acoq acop = dzc aavw
hdp acop acoo acoq = vdp ps
hdq acoo acop = jrf
hdr acop acoo acoq = ygb
hds acoo acop acoq = ssp hcz dki
hdt acoo acop acoq = vqb
hdu acoo = zct
hdv acoo = uuo pfd (bhw hvo)
hdw acoq acoo acop = lrv vpz xks
hdx acop acoo = eoq
hdy acop acoo = veg
hdz acoo = jzx zwj yyf
hea acoo = jia
heb acop acoo = noo abwr
hec = xgt qoh sxj
hed acoo = zjp
hee acoo = mnm
hef = gzs fox acac
heg acoo acop = ram rfg
heh = ufs nzv
hei = gwt
hej = cft
hek acoo acoq acop = sek
hel acoo = etq
hem acop acoo = abrp
hen acop acoo acoq = cgo
heo acoo = asu (ipb dug hls)
hep acoo acop = gow
heq acoo = xji qxj tee
her = dja
hes acoo = cdw
het acoo = nwd
heu acop acoq acoo = ylr uub mxy wjk
hev acoo = nmx
hew acoo = nks
hex acoq acop acoo = gok qlu
hey acoo = rnh aash
hez = lrw
hfa acop acoo = gjs
hfb acoo = awy
hfc acop acoo = hsg
hfd acop acoo acoq = acfe
hfe acop acoo = bvk
hff acop acoo acoq = dcu
hfg = hmt
hfh acoo = lsg vyn goa
hfi acoo = trp
hfj acoo acoq acop = ddc
hfk = che aaqw
hfl acoo acop = cvf agh xnw
hfm acoo = mo btk
hfn acop acoo = daj
hfo acop acoo = hnh
hfp acoq acop acoo = aod
hfq acoo acoq acop = lal rck log
hfr acoo = yux ii tjs xpo
hfs acoq acoo acop = tbp dxr
hft acop acoo = yid
hfu acoo acop = gao zua
hfv acoo = tbj
hfw acoo acop = niv mjq
hfx acoo acoq acop = veh hao mlm aaum gcc
hfy acop acoo = upt
hfz acoo acop acoq = bhi kea ntw
hga = ilz kig
hgb acoo acop acoq = pow
hgc acoo = vjh ihd brx
hgd acoo = pfd rnf
hge acoo = hah
hgf acoo acop = ptv gkq
hgg acoq acop acoo = erd
hgh acoo = vjj abeq
hgi acoo acop = jhm abbb
hgj acoq acop acoo = qdo dqy
hgk = abje abnv acnz
hgl acoo = whn
hgm = wlk gtw abeq mkx
hgn acoo acoq acop = cyo rum nju eki
hgo acoo acop = tvo wsz gdw fbx taz
hgp acop acoo = guv wxn
hgq acop acoo = azo
hgr acop acoo = wiu abbm (azk axz)
hgs acoo = oui rgi ipm
hgt = izc
hgu acoo = aacu
hgv acoo acop acoq = rwv yth mlk
hgw acop acoo = dbo aakk
hgx = vhy
hgy acoq acoo acop = abjl msm gee
hgz acoo acop = aalx
hha acop acoo = jil ick eou yxl
hhb acop acoq acoo = kvk
hhc acoo = kol uus ugy
hhd acop acoo = voo
hhe = bdd nlh cfp rpx
hhf acop acoo acoq = mra
hhg acop acoo acoq = gfv muq
hhh acoq acoo acop = puc
hhi acoo = kei
hhj acoo = uxy
hhk acoo acop = umt
hhl acoo acop acoq = hur
hhm acoo = wrr awq xet
hhn acoo acoq acop = jrx gou tlm wkf
hho acop acoo = ogl dco tsb
hhp acop acoo acoq = bfd
hhq acoo = zxg aacu
hhr acoq acoo acop = xpv
hhs = nfq
hht = tyi
hhu acoo acop = cde
hhv acoo acop = whx lav aays oih aafy
hhw = vte
hhx acoo = rub fck vac
hhy = qks
hhz acoo = pah
hia = awd
hib = aajc
hic = au
hid acop acoo = olf abmn hli hnx
hie acoo = vtq
hif acoq acoo acop = foa
hig acop acoq acoo = swu
hih acoo = gll
hii acoo = ger acgm
hij acoo = mis tdf yhz eba
hik acoo = gog
hil acoo acop = qly
him acoo acop = bkr
hin acoq acop acoo = zoy (uwx fhj wny)
hio acoo = xzb
hip acoo = sri ryf
hiq = wvi yxs
hir acoo = jcv
his = aagk aaza
hit = aapl
hiu = uu aqk wgi epc jvw
hiv = abut
hiw acoo acop = ymc vgc
hix acop acoo = vcm
hiy = luv
hiz acoo = smr
hja acoo = rqz
hjb = xec yab ben
hjc acoo = akt
hjd acoo = nnj gse voe cht
hje acoo = psc acks tmt tgl
hjf = gax zlm
hjg acoo acop = tui mxk ebo dih
hjh acoo = acoe eui
hji acoq acop acoo = aaqg
hjj acoo acop = jby jxk acen
hjk acop acoo = rms kcl myi xrt
hjl acoo = hdr
hjm acoo = hpv
hjn acoq acoo acop = qby
hjo = gpg aabf
hjp acoo = kyi dez kfe
hjq acoo acop = kfr
hjr = wuz
hjs = rna
hjt acoo = kgl
hju = dqe
hjv acop acoo acoq = xfz key xbo hhh
hjw acop acoo acoq = noj
hjx = oyk
hjy acoo = hyq
hjz = cen uoc
hka acoo acop = ure nb
hkb acop acoq acoo = gav ysk cpz aaob
hkc acoo = pas
hkd acoo acop = eyh
hke acop acoo = aazi zb
hkf acoo acop = aapn aana yv xir
hkg = flm nta las
hkh = tot gyt zqg
hki acoo acoq acop = eky abby
hkj acoo acop = rkv (aaed wcl uvl udx)
hkk acoo acop acoq = gwo emn
hkl acoq acop acoo = dyg
hkm acoo acop = mkm ire
hkn = njf pr
hko acoo acoq acop = zbc eto
hkp = sqe
hkq = abge zbm bri qbf
hkr acoq acoo acop = mdn clo djl
hks = ytg
hkt acop acoq acoo = swu
hku acoo acop = arw ctt
hkv acoo = eod
hkw = abgd
hkx = uax
hky = ymx zqp
hkz acoo acop acoq = hun hzx
hla acoo acop = lav nct
hlb = kyq
hlc acop acoo = mrt
hld acoq acoo acop = jea
hle acop acoo = aajf lpn epu
hlf acoo = aayk
hlg acop acoo = uoe exk uia
hlh acoo acop = hhs yus
hli acoo acoq acop = fso js ksw
hlj acoo = kqn qcx dpj
hlk acoo = qbu aop aajg wf
hll acop acoo acoq = vff tye lyu
hlm = yte iof
hln acoo acoq acop = tms msz
hlo acop acoo = ogi
hlp acoo acop acoq = ums
hlq acoo acop = pgu
hlr = enj abtt
hls acoo acop = eip co
hlt acoo = viu
hlu acoo = itr
hlv acop acoo = wan
hlw = gjk
hlx acoo = nbu
hly acoo = fpm
hlz acoq acop acoo = hvj
hma acoo = awg
hmb acoq acop acoo = oxe
hmc acoo = hei
hmd acop acoo = qjk ijs awr xdw
hme = jbf blm fbd
hmf acop acoo = rjs
hmg acoo acop = vnr acdz edy zvp
hmh acop acoq acoo = kwl
hmi = ekj qqj jvh
hmj acoo = pqd evm wpb
hmk acoo = doc
hml = gfn
hmm acoq acop acoo = onz ywu
hmn acoo acop = ulh
hmo = wgj etg xvb
hmp acop acoo = upt san rse
hmq acoo acop = mbf
hmr acoo acop = obg
hms acoo = ree
hmt acoo = sqa zfo nah ackf
hmu acoo acop = asj abzr
hmv acoo acoq acop = nsb pgp
hmw acoo acop acoq = hve
hmx acoo = tbs ozl kdz ess
hmy acop acoo = yzm
hmz acoo acop = yze zfp pjw nff
hna = nkk jvm xem
hnb acoq acop acoo = jxj
hnc acop acoo acoq = gli
hnd = qka qxl
hne acoo acop = twk
hnf acop acoo = utq
hng acoo acop = tpj
hnh acoo = ome
hni acoo acop = lkc
hnj acoo acop acoq = abzw zwa
hnk = pai luz
hnl = yjp vdk (kno qen)
hnm acop acoo = iqo
hnn acoo = sid
hno acoo acop = kvf
hnp acop acoo = xvt
hnq acoo acoq acop = rwg myc iia
hnr acoo = dyg
hns acoo acop = uwv vlf
hnt acoo = sdf
hnu acoo acop acoq = rqy
hnv = zfa
hnw = sak
hnx acop acoo = atn
hny acoo acop = fjb qt efl odj
hnz acop acoo acoq = yfn
hoa acop acoo = nns
hob = qiq aiw
hoc acop acoo = gbo
hod acoo = vib
hoe acoo = hnm
hof acoo = yzq
hog acop acoq acoo = da
hoh acoo acop = otq
hoi acop acoo = zlh
hoj acoo acop = kqa
hok acoo = bgb
hol = qvb
hom acoo = abgt abul
hon acoo = pfi
hoo acoo = wvv hup yyu atz aavu
hop acoo acop = uiu
hoq = nuj
hor = abb
hos acoo = xlj
hot = zvd
hou = rqw
hov acoo acop acoq = rb zcj
how = fqa haa kyi aaom
hox acoo = czd
hoy = xxs gaf ten
hoz = lbm
hpa = lll dfi
hpb acop acoo = dds quh koh
hpc acop acoo acoq = ablt
hpd = pqn
hpe = rkn lsv
hpf acoo acop = ssj
hpg acop acoo acoq = sji
hph acop acoq acoo = ben
hpi = nzf
hpj acoo = dht jvb mnr
hpk acoo acop = job otd gha nga
hpl acoo = nxz
hpm acoq acop acoo = uhv thi nbo gjq
hpn acoo acop = ctm
hpo acoq acop acoo = pjc
hpp acoo acop = doi sjb jhe
hpq = ddd bgk uep zxw
hpr acop acoo = ncu (knx uzi)
hps = oyn aatp iqr tzd
hpt acoo = mof
hpu acop acoo = xxt
hpv acop acoo = ycd
hpw = wwh
hpx = lzt twr grh ukd
hpy acoo acoq acop = nqs (abfp urz)
hpz = wci erc udp huq yjn
hqa acop acoo = qki
hqb acoo acop = huv
hqc acoq acop acoo = rpk wyb wyi jyq
hqd acoo acoq acop = gir ntb uir
hqe acop acoo = wfw fib cqo utl
hqf = pfq
hqg acop acoo = zww
hqh acoo = pqa qb (uhj sjx)
hqi acoo = eos
hqj acoo acop = fzs cme
hqk acoo = tnq ffd rcx
hql = wvf lxx apa
hqm acoq acoo acop = zot
hqn acoo acop = bye
hqo acop acoo = yqs uvs ctw
hqp acoo = frd
hqq acoo acop = szi
hqr acop acoo = dno yjg
hqs acop acoo = nay vuo
hqt acoo = ymv
hqu acop acoo = gpf
hqv acoo acop acoq = ovi gxg
hqw acop acoo = ute
hqx acoo acop acoq = juk xic
hqy acoo acop = oij wvp
hqz = wep ygi
hra acoq acop acoo = ftz
hrb acoo acop = skj wlg akl fby
hrc acoo acop = bha wks vci
hrd acoo = uct
hre acop acoq acoo = qnm kxa pcl zbd
hrf acop acoo = low lwk
hrg acoo acop = jhm vou
hrh acoo acop = zwz
hri acoq acop acoo = mxw aqp nec (aahf gfr)
hrj acop acoo = ndi acaf usy
hrk acop acoq acoo = bfy gap fgh
hrl = iof
hrm acoo acop acoq = pei
hrn acoo = gkk kjb
hro acoo = ydq pjz
hrp acop acoo acoq = aaea
hrq acoo = abku aait aub
hrr = lms
hrs acoo = zjj
hrt = abim orp
hru = abvn
hrv = xdb
hrw acoo = baf nvn
hrx = abco vqg rum wcl
hry acop acoo = xhx
hrz acoo = dlb aamr msn dzt gaz
hsa acop acoq acoo = uaa
hsb = psq bfc ablf gfj
hsc acop acoo = zzv (ieb bib qle fcq)
hsd acoo = fbt
hse acop acoo = gxk ftn mvj fmi skx
hsf = aalu rfi ira akl
hsg = dpe zur
hsh acoo acoq acop = acmm
hsi acoo = xy fyn
hsj = aia
hsk acoo acop = fsa
hsl acoq acoo acop = btx pyc abdx
hsm acoo = zdf
hsn = iko
hso acoo acop acoq = atm uvj
hsp acoq acop acoo = rcn twu sla yvf
hsq acoo = rsx
hsr acoo acop = wwu
hss acop acoo = pcs
hst = bwk pvf
hsu = xqg
hsv = yri
hsw = ydw
hsx acoo acop acoq = nvg hay nim
hsy = xyv jii xtr
hsz acoq acop acoo = rcm
hta acoo acop = eua
htb acoo acop = fou
htc = wa qcz nys
htd = kjl
hte acoo = jnd
htf acop acoo acoq = gjo
htg acoo = jl bm
hth = mev erm abgp cgr
hti acoo = zrf
htj acoo acoq acop = paz
htk acoo = yks csz
htl acoo acop = jik wi
htm acoo acop = ogz
htn acop acoo = ir
hto acop acoo = ifb
htp = iin mze (kdu lpe oom)
htq acoq acop acoo = mql
htr acop acoo = ffk mjd mwc dlz
hts acoo acop = wbe xmk
htt acoo = qil
htu acoq acop acoo = vir
htv acoo = vit skc
htw = tuo
htx acop acoo acoq = oay eta kej nwp
hty = yhi (abeo yfp) yej
htz acoo = xpd vzr
hua acoo acop = txw
hub acoo acop = abnk xcn jwu
huc = pwi
hud acoo = oal
hue acop acoo = aami pja
huf = ymm gst
hug acoo acop = xei
huh acoo = uqg qym jmr fxx
hui acoo = tri
huj acoo = trd
huk acop acoq acoo = ztv
hul acoo acop acoq = oui
hum acoq acoo acop = aiw uwy
hun acop acoo = mmj tqx pnp gav
huo acop acoo = umv cmw
hup = rpd qzl
huq = yoi ebu zsh wow
hur = qhc nmu gdu vcg wc
hus = lud
hut acoo acop = wny acns thr qtk
huu = ryt
huv acop acoo = isz
huw acoo = zmx
hux acop acoq acoo = hn lty
huy = mmn
huz acop acoq acoo = uam (zel uat rgr)
hva acoo acop = aka acoo aoe
hvb = afq
hvc = lpj
hvd acop acoo acoq = mah
hve acoo acop = pwn
hvf acoo acop = hfz
hvg = xlf
hvh = phb hhm aop
hvi acop acoo = irz
hvj = abzd
hvk acoo = tpv pm rt
hvl = vfx
hvm acoo = use zdd vtn
hvn acoo = stc aawd
hvo = aacn tnh pmj zkn
hvp = wbx
hvq acoo acoq acop = vpo
hvr acoo = abfh
hvs acoo acoq acop = uue wqy lfy
hvt acop acoo = uam
hvu acoq acop acoo = yvl vak idp
hvv acop acoo = pac
hvw acoo = oxr
hvx acoq acop acoo = koo
hvy acoo = lgk
hvz acop acoo = aqz
hwa acoq acop acoo = bps dvi jrq jsk
hwb acoo acop = kwj
hwc acoq acop acoo = tmq
hwd = ckt rtf
hwe acoo acop = bim
hwf acop acoo acoq = giz
hwg acoo acop acoq = ytw zar
hwh acoo = ijb
hwi acoq acop acoo = pjo hbp xnh wtp mcr
hwj acoo = gpm ijl yb od dhy
hwk acoo = itj
hwl = aabq
hwm = wsh abea
hwn acop acoo acoq = ahs
hwo = zyf ikf ark qgc
hwp acoo acop acoq = iin
hwq acoo = ywk ukj hzs
hwr = accr
hws acoq acoo acop = dje
hwt acop acoo acoq = uce brq
hwu acop acoo = oso orb
hwv = sip gel
hww acoo acop acoq = spb gkz
hwx acoo = acej
hwy = sx uvk
hwz acop acoo = sgr
hxa = pts
hxb = hwk
hxc acoo = xuq bpo jqe
hxd acoq acop acoo = pam
hxe acoo = hfk
hxf acoo acoq acop = rxq
hxg acoo = abbu lbn pmj bgx pkb
hxh acoo acop acoq = yeo awn achk mfp
hxi acoo = xcb
hxj acoo = vys aakz
hxk acoo acop = ktg
hxl = azc
hxm = abal
hxn acoo = imh uwn
hxo acoq acop acoo = yzt yke zb tsj
hxp acop acoo acoq = hpc
hxq = tor okj iak jqr osz
hxr acoq acop acoo = myh
hxs acoo = rnm
hxt acoq acop acoo = inq ggr fll
hxu acoo = cyn
hxv acoo = aapn
hxw acoo = bgh bvk mnb
hxx acoq acop acoo = fki
hxy acoo = qyj ogw gum rpu
hxz acoo = yyo dkf
hya = uii pjc aqx bzy
hyb acoo = qfd
hyc acoq acop acoo = dbj
hyd = ung
hye = mwf acms fkz blg
hyf acop acoo = mwh xhd
hyg acoo acop = rqx
hyh = cce
hyi acop acoq acoo = acjk bfi vbq
hyj acoo = gle
hyk acop acoo = nxc eop oii jyx ytr
hyl acoq acoo acop = tqq aabd cbv iyz
hym acoo = mmf
hyn acoo acop = dyf yvb
hyo = ait abma zri cuh
hyp acoo = jyt
hyq acop acoo acoq = czc
hyr acop acoq acoo = csk
hys = wms
hyt acoo acoq acop = xjk zeb gfy bhg pdy
hyu acoo = jnc fvp
hyv acoo acop = iva bc
hyw acoo acop = olf
hyx acoo = kdj
hyy = dhy
hyz acop acoo = cnr
hza acop acoq acoo = wkd
hzb acoo = cbn
hzc acoo acop = onc dxy qfz
hzd = lxo dew
hze = kor achu raa
hzf acoo = afk
hzg = oua
hzh = efx
hzi acoo = rct
hzj acoq acoo acop = wme
hzk acoo = myn
hzl = pbm chx qzi
hzm acop acoo = kmt ua uap
hzn acoo = omz yb hxk pjz
hzo acop acoo acoq = aaiv
hzp acoq acoo acop = ackd
hzq acoq acoo acop = iqa lfv phx
hzr acoo = rvg fxl jek
hzs acoo = jwa (wmf uzj uoi)
hzt = lkw awh mgg bzu
hzu acoo acoq acop = oun
hzv acoo = yrw aig vgo aake
hzw acoq acoo acop = zon
hzx = ame ntj
hzy acoo acop = orc
hzz acoo acop = djw
iaa acoq acoo acop = rgl
iab acop acoo = ppx
iac acop acoq acoo = eun
iad acop acoo = neb vee azp ejr
iae = acnu
iaf = qhb gns
iag acoq acoo acop = idw
iah acoo = rko cwv ksl gje
iai = jhs
iaj = syh ltr
iak = eim ail
ial = upx
iam acoo acop = kwf
ian = cjj
iao acoo = hfm
iap acop acoo = jdu utk
iaq acop acoo = sn
iar = jac
ias acoo acoq acop = accu
iat acoo acoq acop = ghz
iau acoo = rcf tuk jku
iav acoo acop = le ath tqz uku
iaw acoo acoq acop = dmo jro aatb vyy uq
iax acoo acoq acop = txh elj
iay acoo = elr mrr uqd
iaz acop acoo = faa bep
iba acoq acoo acop = nny
ibb = fee
ibc acoq acoo acop = adi zib jnq
ibd = qsw
ibe = mvx zzf
ibf acop acoo = igo
ibg acoo acop = txg imr
ibh acoo = tkv
ibi acoq acop acoo = uct dhz vhu enn
ibj = krh nxr
ibk acoo acoq acop = quu abvs abpc
ibl acoo acop = gml
ibm acop acoo acoq = fcv xsq
ibn acoo acop = zbg
ibo = eaj wxq
ibp = ujl (uyr zod uaq)
ibq acoo acop = cis hxv ils aqb
ibr = dja
ibs acoo acop = oig
ibt acop acoq acoo = uvq zmb
ibu acoo = pgs fhc ti kpl
ibv acoo = gyo
ibw acop acoo acoq = dcx
ibx acop acoo = ackw
iby acoo acop = vbi
ibz acop acoo = aahg
ica acop acoo = fys dvf
icb acop acoo acoq = rve
icc acoo acop = vbj tmo
icd acop acoq acoo = xhw
ice = zfs
icf acop acoo = vcx
icg acoo = guk
ich = hgv boe
ici acoq acoo acop = gk
icj acoo = eqe
ick acoo = fst ypv gfz
icl acop acoo = lnd
icm acop acoq acoo = gqx
icn = grx
ico acoo = hzc
icp acop acoo acoq = fjb
icq = qly
icr acop acoo = bfl
ics acop acoo = lib
ict acoo = onx
icu acoo = psl acnf dty
icv acoo = qza ahb okx
icw acoo = imx
icx acop acoo = hvb
icy = zsj tjf mfm
icz = fv wwz kvl
ida = ofe kqq
idb acoo acop acoq = avw
idc acop acoo = kcy
idd acoo = nsm fte qkz zkg
ide = zde
idf acoo = vlf
idg acoo = pyz ekf abzr sod
idh acoo = ijq iqr igk
idi acoq acoo acop = pec aank
idj acoo = bfv
idk acop acoo = ew
idl acoo = lei sbx
idm acoo = dsl
idn = vbj qsk
ido acoo = qre xzy czt afr
idp = qlx
idq acoq acop acoo = rlw
idr = achh re
ids acoo = hdf olz
idt acoo acop acoq = wij srv
idu acop acoo = tqm odi bjr uxi
idv = qig
idw acop acoo = sqm
idx acoo acop = ijh
idy = aaqo
idz acoo = bey kjo ega
iea = nwz
ieb acoo acoq acop = qgf ckg
iec acop acoo = vub
ied = enh
iee acoo = vrt
ief acoo = ujg wdi
ieg acoq acoo acop = ima
ieh acoo = ars esm dtg rzt
iei acop acoq acoo = htf jot
iej acoo = usl akc
iek = iut
iel = gcf
iem acoq acoo acop = cxl lky sjs
ien = hnc
ieo acop acoo = uaz abzc
iep acoo = srn
ieq acoq acop acoo = aafx
ier = ase
ies acop acoo = drs
iet acoo = yqu los whv
ieu = r wjd
iev acoo = ith fcr cav diw evt
iew acoo acop = bvh fxf
iex acoo acop = zck
iey acoo acop acoq = abrf
iez acoo acop = dvz
ifa acoo = cfv bwf
ifb = att upv
ifc acop acoo acoq = hqf vum
ifd acoo = ymv vjm ablm
ife acoo = sxd tha
iff acoo acop = ijx xxp
ifg acoo = ixd
ifh = acly pvv
ifi acoo = aabr apc rny
ifj acoo acop = dcz
ifk acoo = swx
ifl acoo acop acoq = bzx ien
ifm acoo = rok
ifn acoq acoo acop = aaq
ifo acoo = cwl eju zch jqj
ifp = xhe
ifq acop acoo acoq = acfn syc
ifr acoo = wfq cyy
ifs = kcn
ift acop acoo = fpx
ifu acoq acoo acop = abhw
ifv acoo acoq acop = hdf
ifw acop acoo = icw fki pnt wta
ifx acop acoo = gmd
ify acoo = nhk pfj
ifz = msd
iga acoq acop acoo = lla
igb = xve dti mzj
igc acoo acop = vaq
igd acop acoo = eom znj aagi
ige = tqd
igf = fif prq tzn
igg acoo acop = zbz
igh acop acoo = bwf acgm seq
igi acoo acop = qed
igj acoo acop = tho
igk acoq acop acoo = rxh mla yrx
igl acoo acop = abiz
igm = unn vms yeq
ign acoo = eph
igo acoo = coe
igp acoo acop acoq = bor
igq acoq acoo acop = swb aclq
igr acop acoq acoo = qgt
igs acop acoo acoq = hxv
igt acoo acop acoq = rqd (ksd kpc)
igu acoo = yxq
igv acoo = ksb
igw acoo acop = sap bpo abko
igx acoo acop = nwy id tdb
igy acoq acop acoo = qwh oc aaxf
igz = lle nlu
iha acoo = ulw
ihb acoo = mgu svu ley
ihc = tmy wda
ihd acoo acop acoq = gpy
ihe acoo = pof
ihf acop acoo = sdf
ihg acoo = aaw kwt
ihh acoo acoq acop = ejz hx aaxv
ihi acoo = akg
ihj acoo = qwt azb
ihk = aaob
ihl acoq acoo acop = yhj ait
ihm acoq acop acoo = ggt
ihn acop acoo = acgr
iho acoo acoq acop = sdl
ihp acoo acop acoq = hhn
ihq acop acoq acoo = mar
ihr acoo acoq acop = msc vke
ihs acoo acop acoq = oue ypz mls fmg
iht acoo = lnz udx
ihu acoo = val
ihv acop acoo = psn wcw hpq
ihw acoo = nrr xwl
ihx acoo acop = aboo tzy
ihy acop acoq acoo = mmd
ihz = crk vij (nnf and)
iia = jrz
iib acoo acop = uic achm dm
iic acop acoo = gxl
iid acop acoq acoo = jaz
iie acoo = akv
iif acoo = qnk
iig acoo = lz
iih acoo = npo
iii acoo = lgh
iij acoo acoq acop = qlr aagz
iik acoo acoq acop = nol
iil acop acoo acoq = mwq
iim acop acoo acoq = jbh oyw
iin acoq acop acoo = osi
iio acop acoo = eyl
iip = hze ehd dte
iiq = iut
iir = knf sm
iis acoq acop acoo = loz bxw nww
iit = qkg
iiu acop acoq acoo = qiv
iiv acoq acop acoo = abay him
iiw acoo acop = abrt ts gym vol
iix acoo acop = nxx mwo abwu
iiy acoo acop = vqg
iiz acop acoo = yaw
ija acoo = tau
ijb acop acoo = mmg
ijc acoo = lh
ijd acoo = sjj waj
ije acoq acop acoo = ecg
ijf acoq acop acoo = wtq bzq gun fvk
ijg = ftz
ijh acoo acop = tmi uag
iji acop acoo acoq = cxe
ijj acoo acop = kbu fbs aaus lhj
ijk acoo = jtj
ijl acoo acop = pah
ijm acoo = qiw
ijn = xuv hou rro hyu
ijo acoo = bxn
ijp acoo acop acoq = bci abs abie lcr
ijq acop acoq acoo = gyo jaz dvh
ijr acop acoo = dum
ijs = euj
ijt acoo acop = jmv xef tlm ygi
iju acoo = cqg ltf xkk fok
ijv = ffx
ijw acop acoq acoo = obz abaz mw
ijx acoo acop = xdq fel byi
ijy = abbs
ijz acoq acoo acop = yvy xng jxr gkp
ika acop acoo = vrh
ikb = doh
ikc acop acoo = mzw tsd
ikd = glo oep
ike = ycy
ikf acoo = ftc ybv mfb bea
ikg acop acoo = nxt (hko hbs)
ikh acop acoo acoq = vdp apo rax rus
iki = cdn
ikj acoo acop = ikz
ikk = wxu (uhi qip pgn)
ikl acoo acop = pqw
ikm = acjt
ikn acoq acop acoo = cbv
iko acoq acoo acop = wyw aciv
ikp acoo acop = hib kbi ajm gww yrc
ikq acoo = dqq
ikr acoo acoq acop = wdh djy dec ykn
iks acoo = orj
ikt acoq acoo acop = kjt
iku acoo = ylp vaf (kvo abok gse)
ikv = iby
ikw = oay aaxf zge acho
ikx acoo = hia
iky acop acoq acoo = lfs hvj yzp
ikz acop acoo acoq = iao
ila = aame xfi
ilb acop acoo = abem
ilc acop acoo = ivx hrg aams
ild acoo acoq acop = baw
ile acoo acop = hag
ilf = fsv
ilg acoq acop acoo = hb zlu wmy fay
ilh acop acoo = xos pml tjj
ili acoo acop = vxh uyw nfm bow
ilj acop acoq acoo = hci
ilk acop acoo acoq = nil
ill = fjz
ilm acoo = yio
iln acoo acoq acop = aj
ilo acoo acop = qyb
ilp acoo = bki vnm
ilq acop acoq acoo = zkx
ilr acoo acop = ntv
ils acoo = izc
ilt = xdi lln ksm
ilu acoo = jqw
ilv acoo = vbh
ilw acoq acop acoo = vml
ilx acoo = zwr
ily = vof
ilz acoo = qxs
ima acoo acop = epv
imb acoq acoo acop = qft
imc = nmp apv
imd = vbi
ime = ygx
imf acoo acop = tcx
img = abnk vce
imh acoo = fhq
imi acop acoo = zxx
imj acoo = uyn
imk = aho
iml acoo = vpn
imm acoo = smw
imn acoo = jjb
imo acoo acop = sbl
imp acoo = mve ll (skl eam)
imq acop acoo acoq = omx
imr acoo acoq acop = nyb
ims acoo acoq acop = ebc
imt = du
imu acoo = qwd
imv = jsn
imw = acgm dje (xcw pjg)
imx = yoy (won lhm kxg)
imy acoq acop acoo = vwy okv
imz acoo = ihe zux ssf bfa
ina acop acoo = iho
inb acoo acop = nqn
inc = xci vqu cxn tiv
ind acoo acop = slm
ine acoo = pjo aaon dwa
inf acoo acop acoq = mkm
ing = ciw
inh acoo acop = aap tlr eey
ini acop acoo = aahb
inj acop acoo acoq = veq
ink acoq acop acoo = tjs buu nlt xqh
inl acop acoq acoo = wja aaxb ehq
inm acoo = zuu
inn acop acoq acoo = lh
ino acoo = mky gkc kzn vny
inp = eml
inq acoo acop acoq = hw squ
inr acop acoo = jss
ins = acmy
int = aawv (fpn jyn gid)
inu acoo = uvl
inv acoo = eqe tir abgx gtb
inw acop acoo = aalz mtd svb tpa zbf
inx acoo = eyf
iny acoo = xvj
inz acop acoo acoq = bwa htq ujt
ioa acop acoo = nll
iob acoo acop acoq = abmj yrm mzi
ioc acoo = oqw
iod acop acoo acoq = dcp
ioe acoo acop = chi
iof acoq acop acoo = ggj
iog = ftw
ioh acoo acoq acop = mmh grj okb
ioi acoo = oey acbh qzw qkj
ioj acop acoo = fxr iuw iro
iok acoq acoo acop = kxd hgc
iol acop acoo = qq
iom acop acoo acoq = txt tbl hrk
ion acoo = rhg ovm
ioo acoo = dea
iop acoo = rxw
ioq acoo = ana
ior acoo = gzn
ios acoo acop = fze tjq tqs abzs
iot acoq acop acoo = cdg
iou acoo acop acoq = lzx aabs rkl ngb
iov = gue msy jhg hzm
iow acoo = huw fbo
iox acoo = sgm pfq otm
ioy = grb ncy jlv aajb
ioz acoo = jkk htl ybk wpb
ipa = ebh ncg
ipb acop acoo = vyl hbf accs
ipc = ekf wml
ipd acop acoo = wfb vrg
ipe acoq acoo acop = cfn ufd
ipf acoo = mvt kmq hfl
ipg = abba pji
iph acoo = yrm gac
ipi acoq acop acoo = pne zkh gjt xho
ipj acoo = yhj dmt fem zmm
ipk = xfh ut aacu tpk
ipl acoo = dzl
ipm acop acoo acoq = vcs
ipn acoo acop = siq
ipo = qyz
ipp acoo acop = ers
ipq = fwm epo
ipr acop acoo = nbn
ips acoq acoo acop = ake vav ect twr
ipt = nbm qtb uve
ipu acop acoo = igl
ipv acop acoo acoq = hmk
ipw = jci oob
ipx acoo acop = aahd upb
ipy acoo = nyx akl
ipz acoo acop acoq = umt
iqa acoo = bie qlt jq gji
iqb acoo = kmp
iqc acoo = zcu
iqd acoo = aaik kpv rk dj qyk
iqe acoo acop acoq = jui
iqf acoo = rcb
iqg acop acoo acoq = aboh
iqh acop acoo = yvs
iqi acoo acop acoq = uew gbz
iqj = msz
iqk acoo acop = uzn
iql acop acoq acoo = gu cdj mza aakn
iqm = hpm ecj
iqn acoo acop = lsx
iqo acoo = hgi
iqp acoq acoo acop = zso kzq
iqq acop acoq acoo = yub air dke aoh
iqr acoo acop acoq = edo noz mkh
iqs acoo acop = jux
iqt acop acoo acoq = zja
iqu acoo = cjl
iqv acoo = aclz abjz
iqw = lim
iqx = hqk
iqy = dhz
iqz acoq acop acoo = xox
ira acoo acoq acop = dfu
irb = yxt tbg
irc acoo = aboo kfn
ird acoo = nwl
ire acoo = qup rxz
irf acoo acop = amj bcp
irg acop acoq acoo = lhc
irh acoq acoo acop = nzl hjs mqo
iri acop acoo = oxl qju
irj = bwp
irk acoo = rer kck
irl acop acoo = mhe
irm = ncq
irn acoo acop = ibu accz rdz
iro acoo = tum
irp = uhl
irq acoo = ojw
irr acop acoo acoq = noj
irs acoo acop = rcd
irt = sw
iru acop acoq acoo = qwn
irv acoo acop = hpq
irw acoo = olr
irx acop acoo = gx
iry acop acoo = jbz tny gdr
irz acop acoo acoq = qvd ujc ihj
isa = dir vgo erl qbr
isb acop acoo acoq = fll
isc = voz wel qge
isd acoo = wxs
ise acoo = zre
isf acoq acoo acop = uqg
isg = zqv
ish acoo = sit ahx
isi acoo acoq acop = nvh
isj = hyu gmu tsp puu
isk acop acoo = wsr
isl acop acoo = aes hur
ism acop acoo = kmg
isn acoq acop acoo = qrt bko vke hmc wln
iso acoo = gwi (hdy vqn)
isp acoo = phd
isq acop acoo acoq = pbx
isr = qnv aakl rnb
iss = kfo
ist acoo = akf xuc qnx
isu = xpi
isv acop acoo acoq = ddp
isw acoq acoo acop = ivn vns fju han
isx acoo acoq acop = byo yjq
isy acoo = qf
isz acoo = qcw inz uqe
ita acoo acop = zzs ablm ltv
itb acoo = jer tsv
itc acoo = mgk
itd acoq acoo acop = wec ipm oj hdb
ite acoo acop acoq = jwk
itf acop acoo = stm
itg acoo = aqs
ith acoo acop acoq = who pua
iti acop acoo = rkt wnn tlb
itj acoo acop = uxu
itk acop acoo acoq = opt vfg
itl acop acoo = abae
itm acoo = aazu vmr
itn acoq acoo acop = dib
ito acoq acop acoo = kri ljw aqb
itp acop acoo = ruw
itq acop acoq acoo = xci
itr acop acoo = iqf
its acoo acop = abpk
itt acoo = hgr abf
itu acoo = qjm abnp lep
itv acoo = pfx wpd abty
itw acoo = mdz
itx acoo acop acoq = hyj xhv
ity = fpv
itz = mwl kcc acht
iua = uul
iub acoo acop = xux
iuc acoq acop acoo = qax
iud = ipv (yui oey) jnu
iue acop acoo = kcp
iuf = ryo
iug acop acoo = xeu
iuh acop acoo acoq = hvj iml yjm
iui acop acoo acoq = wum avf fda jrx
iuj acop acoo = xjr (idh acjn xdi)
iuk acoo = xlg jjc wuc
iul acop acoo = cbb ici tla wtq
ium acoo = esn bej bxn
iun acoo = lp ivv
iuo acoo = quf ccm
iup acop acoo = kig
iuq acoo acop = qic pdh hxh
iur acoo = nrd (rbt pnb cxb vfo)
ius acoo = ncj kch
iut acop acoo = dug
iuu acoq acoo acop = ome
iuv = bjq bbk (uiw jda)
iuw = ocs
iux acop acoo = npj uki
iuy acop acoo acoq = abcq
iuz acop acoo acoq = zcx
iva acoo = abpg mxo qrt
ivb acoo = kyb xei xoi
ivc acoo acop acoq = cmd
ivd = vhw xjy aasg sjw
ive acoo = ackt
ivf = zlw sdo azd ctm amt
ivg acop acoo = htm
ivh acoo acop = yxr
ivi acoo = nsr
ivj = mbd
ivk acop acoq acoo = ell cht hih
ivl acoo acoq acop = tnm uhw
ivm = zon
ivn acoo = abiv
ivo acoo acop = lab
ivp acop acoo = mpl zwd aanh abuk dwt
ivq acoo acop acoq = ovj pqv
ivr acoo = mwh
ivs acoo = fef (kam hqe spd)
ivt acop acoo = scf
ivu = rza
ivv acop acoq acoo = jkn cvl bps zyv
ivw acoo = htl
ivx acoo acop = abff
ivy acoo acop = vyn aaan
ivz = ioc dzr wkh
iwa acoo acop = oeu
iwb acoo acop = duf rpm
iwc = wjc
iwd acoo acop = upz accv aade
iwe acoo acop acoq = mcp
iwf acop acoo = fhq aaeu moe
iwg acoo = wwp
iwh acoo acop = brf
iwi acop acoo acoq = dwh fqc ttz
iwj acop acoo acoq = lgb
iwk acoo acop = ios
iwl = zii wxr
iwm acoo = zfn
iwn = qma yoi (lzf lnp)
iwo = aaxm
iwp acoo = zdm
iwq acoo = hmg
iwr = zrw vbn ezx mqa
iws acoo = web xcl
iwt acoo = xoc
iwu acoo = jvl
iwv acop acoo = qbk
iww acoq acoo acop = cgt iza
iwx acop acoo = acdy (nqb bnx) fml
iwy acoq acoo acop = ida (ytl yuf) acef
iwz = abnr yaf xso
ixa acoq acop acoo = hic bov
ixb = jjt
ixc = cek
ixd = aavd lpn frx
ixe acop acoo = lzu vlk
ixf acoq acoo acop = nrm
ixg acop acoo acoq = wqg
ixh acop acoo acoq = bpv
ixi acop acoo = kvm tob kbi
ixj acop acoo = mkz
ixk = fjb cro oux bcs afv
ixl = fih
ixm = jkz
ixn = aayh xbp nyz nla
ixo acoo = ck vxm
ixp acop acoo acoq = pla
ixq acoq acop acoo = get fqz
ixr acoo = mtp rzd rpy
ixs acoo acop = hym
ixt acoo acop = pma
ixu = lmt kyb plj
ixv = iix
ixw acoo = trj fiz
ixx acoq acoo acop = pxj abrn
ixy acoo = uuy
ixz acoo = jwk
iya = zaw
iyb acoo acop = kja
iyc = jnn (ctr glg)
iyd acop acoo = ikj zxw ywt
iye acoo acop = abew
iyf acop acoo acoq = gfb
iyg acoo acop = kzu vlk qmx
iyh acop acoo = absr vug zso
iyi acoo = yal bga abos
iyj = hav
iyk acop acoo = nos
iyl acoq acop acoo = aabn pkl wkw
iym acoo = bgk
iyn = hyv hza
iyo acop acoo acoq = qwj
iyp acop acoo = kgz mhy
iyq acop acoq acoo = vma
iyr acoo = ehq oxd
iys = bns
iyt acop acoq acoo = pcb
iyu = pqi ghf
iyv = bul
iyw acoo acop acoq = kfy wry
iyx acoo acop acoq = unj wws
iyy acoo acop acoq = kwr plu
iyz acop acoq acoo = mei
iza acop acoq acoo = gjr ere zog idk
izb acoo acop = rgq
izc = bnv
izd acoo acop = kje
ize acoo = gtq
izf acoo acop = zcz zvt hwn fnb
izg = aaoi lso kxh abxr
izh acoq acoo acop = caz
izi = qhm acdq
izj acoo acop = grj cbr abiz
izk = jay mj
izl acoo acoq acop = xru aclc aasf
izm = itd zhw
izn acoo acop acoq = ebi wfc wcz
izo acoo = pod
izp acoo acoq acop = svb
izq = hld
izr = xrf
izs acoo acop acoq = stb sii qge
izt acop acoo = mvj
izu acoo acop = les
izv acoq acop acoo = lgu sso
izw acoo = aiz ish kfx
izx = kmc vor foh
izy acoq acoo acop = abdf vvo
izz acop acoo acoq = pfv
jaa acop acoq acoo = pfv vzp
jab acoo = wwm
jac acop acoo = dox
jad acoq acoo acop = abnp auz ablx
jae acoo acoq acop = qtq aabj wxb
jaf acoo acop = vsi
jag acoo = abbp
jah acoo = muq
jai acoq acoo acop = ukl lph
jaj = vnj
jak acop acoo = mao jww
jal acoo acop acoq = jfc
jam = qjh lfd
jan acoo = vwy duq
jao acoo acop = ph
jap acoo acop acoq = uss
jaq acop acoo = scx
jar acop acoo = iyx
jas acoo acoq acop = abpf ybl abuf aagg ypf
jat = soc aaoc
jau acoo acop = aamc
jav acoo = aclr wms (emm uuz)
jaw acop acoo = rne
jax = ujo
jay acop acoo = ede wch
jaz acoo = avm
jba acoo = jez (yab awn)
jbb acop acoq acoo = ydv
jbc acop acoo = chv
jbd acop acoo = xdk
jbe acoo = ucu xci
jbf = akl
jbg acoo = vhl rds
jbh acoo = lpz
jbi acop acoo = meh
jbj acop acoo = rwx
jbk = ywo
jbl acoo acop acoq = acfi
jbm = asm
jbn = brd
jbo acoo = rrx
jbp acoq acoo acop = cgc
jbq = awl
jbr acoo acop = jgc aabv
jbs acop acoo = gyb
jbt = gmt zwx
jbu = aarj
jbv acoo acoq acop = srb
jbw = xbr
jbx = fqd
jby acoo = osy xii ecu rqa acho
jbz acoo = stf dlj
jca acoo acop acoq = bng
jcb = elk aajd
jcc = mzn jf aadj ifo
jcd = aabc mcs xuj
jce acop acoo acoq = kqw myk
jcf = ayc
jcg acoo = pyg zbq
jch acoo acop = xis qjs jz vzv
jci = gzr qgm
jcj = ilu voe
jck acop acoo = ipz evy
jcl acoo acoq acop = isp hjx gqg
jcm acoo = ha abyv etb
jcn acop acoo acoq = thj smq dzf abov
jco = tqp
jcp = rlf
jcq acoo acop = jlv
jcr acop acoo = qvo skq jbq cle
jcs acoo = kjk
jct = wzt khs
jcu = wa
jcv acop acoo = ide omi bo xzw
jcw acoo acop = aaid
jcx acoo = ysz
jcy = ixe
jcz acop acoo = cy
jda acoq acop acoo = nci qkc wur ujd
jdb acop acoo acoq = gfh
jdc acoo acop = nsq
jdd acoo = eeb
jde = aael
jdf acop acoo = zjk luu spb yej
jdg acop acoo = cnj
jdh acoq acop acoo = gof vhc
jdi acop acoq acoo = aqv yft
jdj acoo = rqs
jdk acoo acop = acil
jdl acop acoo = skn
jdm acoo = con
jdn acoo acop acoq = qmj xtx
jdo acoo = yqq
jdp acoo acop = hdf
jdq acoo = xlu aaom qsl
jdr acop acoo = gkx qvg
jds acoo = gpb
jdt = vbn
jdu acoo acop acoq = wzz
jdv acop acoo = gdt
jdw = chm
jdx acoq acop acoo = vnr abjz jgh yrs
jdy = jvk
jdz acop acoq acoo = hsx uo kjp rjr
jea acoq acop acoo = dqf acnd
jeb = pva
jec = lqs idf acaw wbm scw
jed acoo = oug
jee acoo = lju
jef acoo = pje
jeg acoo = biu
jeh acoo acop = zil
jei acop acoo = fzw
jej = acjr
jek acoo acop = ehd piq
jel acop acoo = kxl
jem = pwi
jen acoo = eqd tlc
jeo acop acoo = zkn
jep = wod swr
jeq acop acoo acoq = lwq
jer acoo acop = qyw qsl qmf
jes acoq acop acoo = gcz
jet = ghy dbq vuk
jeu acoo = stq rca abqp
jev = abna
jew acop acoo = ywg ziy bds xsr
jex acoq acop acoo = wma tiu bfl itt
jey acop acoo acoq = jmt
jez = lxn mzd
jfa acoo = obz
jfb = pvs nue
jfc acop acoo = abvq wol
jfd acoo = bdj
jfe acop acoo = iqy eim
jff acoo acop = nib oed ejf nep
jfg acoo = hdk
jfh = qye
jfi acoq acoo acop = srd pgp
jfj = zau
jfk = acbd sop
jfl acoo acop = nsc
jfm acoo = tgp
jfn = aku
jfo acop acoq acoo = nms
jfp acop acoo = cy
jfq = glq
jfr = hai iuv
jfs acoo = acdu rlj fbx
jft acop acoq acoo = xog kev
jfu acoo acoq acop = yhq
jfv acop acoq acoo = uta aabc wxg
jfw acoo = mix lkf wdd (uqf yvm)
jfx acoq acoo acop = ackw
jfy = st
jfz = ydb
jga = ezf fht
jgb acoo acop = rge
jgc = puj
jgd acoo acoq acop = yly
jge acoo acop = bbx
jgf acoo acop = ugp pvi zej
jgg = skc
jgh acop acoo acoq = juk ug fst jum sjd
jgi acop acoo = tbu ogj
jgj = ruk
jgk acop acoq acoo = boj qhd aauv
jgl acop acoo = dhb
jgm acoo acoq acop = zrr aaav
jgn acop acoo = crb
jgo acoo acop acoq = abtf
jgp = fu aauw uvd ibh
jgq acoo = sax (ves gfo)
jgr acoq acoo acop = foo
jgs = xyd mpg cyl
jgt = rih git unm fhs
jgu = mbr
jgv = arh
jgw acoo = nwj zvz abtw
jgx = zrm
jgy acoo acop = xnn tnd iyn
jgz acoo = fc yyi aqr zet hwo
jha = fcm cwg ybr
jhb acoo = vsp
jhc acoq acop acoo = ijz
jhd acoo = abxq
jhe = gsh svc aakb gak
jhf acop acoo = xly
jhg acop acoo = ewg
jhh acop acoo = iyt wuz ihw
jhi = vxb gsb get
jhj acoo acop acoq = coj
jhk acoo acop = jzd noz
jhl acoo = xdb tpq urm fsm
jhm acoo acop acoq = xbr may dsv ifz
jhn acoo = jlc jur jog
jho acoq acop acoo = axu xrg wxe
jhp acop acoo = ivm uer res rtu
jhq acoo = hvq
jhr acop acoo acoq = egr
jhs = bkf
jht acop acoo acoq = zci
jhu acoo acop acoq = moc prp
jhv acoq acoo acop = ws ipe (tsq erk rk)
jhw acoo acop = hzf kcm
jhx acoo acop = alj trw
jhy acoo acoq acop = nxd
jhz acoq acop acoo = aann
jia acoq acop acoo = oat
jib = jyj
jic = aon kgw
jid acoo acop = iqj
jie acoo = uvw whk
jif acop acoo = tb
jig acoo = crg
jih acoo = epx
jii acoo = izf
jij acoo = ybx
jik = lul rdi vlh
jil = mke yql rge osy
jim = ccm
jin = lxg
jio acoo acop acoq = zsy
jip acoo acop acoq = ikv
jiq acoo acop = obu
jir = abau nno
jis acoo = cqs
jit acop acoo = uau mxd abtc
jiu = zjm
jiv acoo acoq acop = shy
jiw acoo = ozc oty vyp mqk
jix = alq tgd ngh
jiy acop acoo = dug
jiz acoo = vmt
jja acoo = juc
jjb acoq acoo acop = tgw efw vsu
jjc = zad
jjd = aaqn
jje acoo = xsj
jjf acoo acop acoq = crz cqv
jjg = pxs
jjh acoo = kvr lyt sbl ajq
jji acoo = eyd new llw abtg avf
jjj acoo acop = fbs
jjk acoo acop = tqq
jjl = iti
jjm acoo acop = bbj liz
jjn acoo acop = ujo rjz omn
jjo = omc agm
jjp acoo = ozc nbx acjj
jjq acoo acoq acop = rjm
jjr acop acoo acoq = skc
jjs acoo acop = wet sqa bql
jjt = emx byq rds nxe
jju = dbu
jjv = oyv
jjw acop acoq acoo = uv
jjx acoo = abgo
jjy = bvs hba
jjz acoo acop = fuc ojx jdl
jka acoo acop = ihd kzb hlk
jkb = uig qvc spw
jkc acoo = dwz uqn jxq
jkd acoo acop acoq = rfz
jke acoo = nmz aaam
jkf acop acoo = kbk bgz
jkg = zxv jzb
jkh acop acoo = xlq
jki acop acoo = dca
jkj acoo acop acoq = kvy
jkk = ckh wtw euq uor
jkl acoo = llj
jkm acoo = bn uun
jkn = aaih wb olw
jko acoo = syv
jkp = wch
jkq = lmg
jkr = gau
jks acoo = drn
jkt acoo acop = fby
jku acoo acoq acop = xfe rrv uwo
jkv acoo acoq acop = ajj
jkw acoo = wae
jkx acoo = ofp
jky acoo acop = rdk abwp kzt
jkz acoo acoq acop = jpt zpc mdn
jla acoo acop = evb
jlb = dzh kdf fpw
jlc acoo = xot vsp ykg
jld acop acoo = zrw
jle acop acoo acoq = okc
jlf = abhb
jlg acoo = uaw
jlh acop acoo acoq = mlt
jli acop acoo = aamn
jlj acoo acop = zvr xgw rqa accn
jlk acoo = rld
jll = ryo
jlm acop acoo = fxt qvo
jln acoo = ibe xev
jlo acoq acoo acop = pkp
jlp acop acoo acoq = wqm
jlq acoo = sdr
jlr acop acoq acoo = rcb lzo ekl etm
jls = lbn
jlt acoo acop = ckp
jlu acop acoo = jav cxs pgt gus
jlv acoo = hoy kpw
jlw acop acoo = mrd
jlx acoo acoq acop = rqj
jly acop acoo acoq = dzy pwl
jlz acop acoo = ufe
jma acoq acoo acop = rzw
jmb = uwq
jmc acop acoo = wz cph
jmd acoo = eps oig rgv
jme acoo = gvv
jmf = yku ohn quk
jmg acoo acoq acop = xcb
jmh acop acoo = iou rzl
jmi = cci cbe rik fzq
jmj acoo acop = mj cgs
jmk acop acoo = jtz
jml acoo = nhl
jmm acoq acoo acop = hit itu fxj drz
jmn = eix uid
jmo acop acoo acoq = jlq abpl
jmp acop acoo = vmp
jmq acop acoo = vch lph dtn znz rlp
jmr acop acoo = aayi
jms acoq acoo acop = iat kbe acje
jmt acoo acop = lej prs yeo omk
jmu acoq acop acoo = edk
jmv acoo acop = dsb
jmw acoo = oky wsc ssr whj
jmx = vfm
jmy = xmo cte abnu lzd
jmz = tif
jna acoo acop = poq ajl
jnb acoo = lvp xbb dkb
jnc acop acoo = vsd
jnd acop acoo acoq = mco fot
jne acoo = ojj kye
jnf acoo acop = bqs
jng acop acoo acoq = wes
jnh acoo acop = vwp
jni acoo acop = aciz
jnj acoo = lhj
jnk acoo = dhe
jnl acop acoo = bj
jnm acoq acoo acop = tpo
jnn = mrp
jno acoo = peq
jnp = fn
jnq acoq acop acoo = tnc
jnr acoo = hiv glv cew abae
jns acoo acop = ptb
jnt = kcs
jnu acoo = qph
jnv acop acoo acoq = acac
jnw = xkf
jnx acoo acoq acop = aate qtk xtz
jny acoo acop acoq = awr khz fzu
jnz acoo = tvg
joa acoo = kgl jsv
job acoo acop acoq = nl
joc = gdg
jod acoq acoo acop = teu
joe acoo acop = dav jpg
jof acoo acoq acop = abeo abws
jog acop acoo = rqs
joh acop acoq acoo = gvb kft
joi acoo = rmi etk jh
joj acoo acoq acop = zdc (guu wia)
jok acoo = tea tyv vda nwm
jol acoo = oms qnf cc acdl bup
jom acoo acop = lwz
jon acop acoo = we
joo acoo acop = wht
jop acoo = tiy
joq = ajg lns
jor acoo acop acoq = gsh kmx sve pfg
jos acoo acop = hsc rmq prr xkz
jot acop acoo acoq = mgv
jou acop acoo acoq = qxc
jov acoq acop acoo = vrc
jow acoo acop = eek
jox acoo = kyt
joy acoo acoq acop = bso jca
joz acoq acop acoo = cba
jpa = pvc
jpb acoo = jsf exq
jpc = hft
jpd acoo = yec rah idw
jpe = shs rjb
jpf acoo = gnb
jpg = vua
jph acoo acop = sc
jpi acop acoo = scl
jpj acoo acop acoq = pxg
jpk acoo = nwg qag tqi kh unx
jpl acoq acoo acop = aaaj
jpm acop acoo = aagx
jpn = ent bol aaqu
jpo acoq acop acoo = pht
jpp acop acoo = yca
jpq acoo acop = dtf mqw
jpr acoo = pik aclh
jps = aak ijb zvr aayd
jpt acoo = ftv jyc
jpu acop acoo acoq = hts ebh hoi out
jpv = oyr
jpw acoo acoq acop = fln im rr
jpx acoo = je
jpy acoo = abgy
jpz = bxg jmm
jqa acoo acoq acop = ikm
jqb acop acoo = wxw xyr wjz
jqc acoo acop acoq = pxi kps
jqd = vbq
jqe acop acoo = yax
jqf acop acoo = edg sox cta
jqg = pwm jlx
jqh acoo acop = ac
jqi acoo acop = ayj ohd qfi zjf
jqj acoo = abmd
jqk = cx
jql acoo acop = dnf pdr
jqm = jjq
jqn acoo = jkk la iux
jqo = oja
jqp acoo = piv cja
jqq acoo = dmv
jqr acoo acop acoq = mnu oey bon
jqs = qpf
jqt acoo acop = poe ehf
jqu = mby wha
jqv acoo = cvs
jqw = mpk atm aqr
jqx = gg
jqy = fre vra kik
jqz acoo acop = ooa dya
jra acoo = vse mbo
jrb = qcr
jrc acop acoo acoq = swj
jrd acoo = uog tes
jre acop acoo = qzg mug kk
jrf = abu
jrg acoo acop acoq = osr ppm
jrh acoo = ylb gfg uyp
jri = kft eko tgb
jrj acoo acop = bfy km (brs lut)
jrk acop acoo = rjh
jrl acoo acoq acop = agv
jrm acoo = ghw xsu zx
jrn = gnw pqc mrd pmi ubm
jro acoo = dof
jrp acop acoq acoo = wc wsv ijk abxp
jrq acoo = aabv mvj coi
jrr acoo acop = rzu noo
jrs = gbu
jrt acop acoo = qzd
jru acoo acoq acop = jxf lmk
jrv acoq acop acoo = tyi
jrw acoo acop acoq = slz
jrx acoo acop = cgi
jry acop acoo = abra ldr
jrz acoo = dwf bxm
jsa acoo = car dld uef tur bcc
jsb = xmn
jsc acoo = rcn
jsd acoo = byo
jse acoo = cdj mzc
jsf acop acoo = gwy
jsg = uie djx
jsh acoq acop acoo = adz
jsi = mjb goa
jsj acoo = ncp hqo wcj acag
jsk = mi
jsl acoo = dhy
jsm acop acoo acoq = diq
jsn acop acoo = jek
jso = kst
jsp acop acoo = tjs
jsq acop acoo = yyu
jsr acop acoq acoo = ixg jji abgc
jss acoo = nyr
jst acoo = gxm
jsu = cdt lkl
jsv = kzq ieq qww avy
jsw acoq acoo acop = wua
jsx acoq acop acoo = evw mpb
jsy acoq acop acoo = dvq
jsz acop acoo = xet
jta acop acoo = fax jrx tti aaqo gzz
jtb = zg qpw
jtc = acep
jtd = paz ngs
jte = jpp
jtf acoo = tgm zsm
jtg = qhk
jth acop acoo = raq
jti acoo acop = njc off asv hpt
jtj acop acoq acoo = kmk
jtk acoq acop acoo = qvr ls
jtl acoo = acnl ackl
jtm acoo acop acoq = byy
jtn acoq acoo acop = fen vnu zqa
jto acoo acoq acop = zit sdx
jtp = yo nxe nfr
jtq = iyv abbm (xej wdk)
jtr acoo acop = sgv sfl
jts acoo acop = lfs
jtt acoo = xdm
jtu acop acoo = btp
jtv = feo
jtw acoo = qec
jtx acoo = gko
jty = nxi acoj acmi abmr
jtz acoo = vus
jua acoo = hwc
jub acoo acop = aawi
juc acoo = gte rqa ryz rha
jud = wzm
jue acoo acop = yir
juf acop acoo = aati
jug acoq acoo acop = yxg
juh acoo = aoy
jui acop acoo = yir
juj acoo = wst
juk acoo acop = cjy
jul acoo acop = iec suq ctp
jum acoq acoo acop = mpf
jun = ejt
juo = mut
jup = drq
juq acoo acoq acop = xmi (mry ivg)
jur acoo acop = tby cte
jus acoo = khr jxg
jut acoo = enl
juu acoo acoq acop = ewu
juv acop acoo = ren
juw = qvr
jux acoo = bew oi pgs
juy = ekn
juz acoo = rxt mlh
jva acop acoo = gsd
jvb = ngt
jvc acoq acop acoo = ajt
jvd acoo acop = abnc
jve acoo = iwa unf red
jvf acoo = bwz
jvg acoq acoo acop = zfb ojp
jvh = wmy
jvi acop acoo acoq = esj yuw
jvj acoo = fng
jvk acoo acoq acop = qph yfm
jvl = uyn hwx
jvm acop acoo = ojy cmt
jvn acoo = tai
jvo acoo = jrs
jvp = vwr
jvq acoo = rmd
jvr acop acoo = qdg
jvs acoo acop = lvs
jvt acoo = hus
jvu acoo = xdu
jvv = klt
jvw acoo acop = aws
jvx acoo acop = znp
jvy acoq acoo acop = fj
jvz acoo = rru
jwa acoo = alp qad lsv
jwb acoo = hpf
jwc acoo = iog absc
jwd acoq acop acoo = ckt wdl
jwe = ziu ucb iit kmt mnc
jwf acoo = kaz abgm jvw abye
jwg acoo acop acoq = waq kzc
jwh acoo acop = bop
jwi acoo acoq acop = kpw
jwj acoo = ibf (xjr qvh)
jwk acop acoo acoq = qjh
jwl acoo = pby wos
jwm acoo = dsp oji (qer xca)
jwn acoo acop acoq = czt rpc bie
jwo acoo acop = wiy kjo
jwp acoo acop = jsm qfg fxa
jwq acop acoo = ave ihs
jwr acoo = ppg
jws = myk cgf dfk
jwt acoo acop = soq
jwu acoo = ayo
jwv acoo = frt
jww acoo acop = mmo
jwx acoq acoo acop = zia rih ymp
jwy = mfg
jwz acoo acop = iix
jxa acoq acoo acop = tif
jxb acop acoo = iug
jxc acoq acop acoo = uor
jxd acop acoo = syh
jxe = sle qal yup fvr
jxf acoo = pij
jxg acoo = kab
jxh acoo = agi
jxi acoo = ypq
jxj acop acoo acoq = dsc
jxk acoo = zkh cgg
jxl acoo acop acoq = zwh
jxm acoo acop acoq = pdc
jxn = ygq lgw
jxo acoo acop acoq = inj
jxp = xst
jxq acop acoo = fox
jxr = clb srp
jxs acop acoo acoq = chr vfr
jxt = iq
jxu acoo = vbs
jxv acoo = jcq
jxw acoo = qpr
jxx = oei
jxy acoo = lek hey
jxz acoo = ptb
jya acop acoo = pno aary abpk
jyb acoo = aali vss
jyc acop acoq acoo = wj edw
jyd acoq acop acoo = mzq
jye = xbt xtw bot
jyf acoq acoo acop = bld
jyg acoo acop = abmt koi efq dcz
jyh acoo = esk
jyi acoo acop = khz
jyj = sf
jyk acop acoo = tmt nmf cje abbl
jyl = efb
jym acoo acop = tbm
jyn = fn
jyo acop acoo = vij def
jyp acoo = gdj dih hkb woi
jyq = vvy
jyr acoo acop acoq = qwg
jys acoo acop acoq = orp
jyt acoo acop = rll
jyu acop acoo = ppx
jyv acoo = ywg hhi vuh
jyw acoo = udo npl adx eyr
jyx acop acoo = mon
jyy acoo acop = kzt
jyz acoo acoq acop = qph mwp nyk
jza acoo = log
jzb = gsz pdq
jzc acoo = euo
jzd acop acoo acoq = dvb
jze acop acoo = aclg wjc uqy
jzf acoo acoq acop = izr
jzg = foa (upi axp yby)
jzh acoo acop = mtp
jzi acoo acop = ktk
jzj acoo acoq acop = mic
jzk acoo acop = kts
jzl acoo acop = llu vkm (ext abln)
jzm = riw bhc
jzn acoo = lmw zsg
jzo = abnj pei esz
jzp acop acoo = mn (bfw mrk jpf)
jzq = khc
jzr acoo = htp
jzs acoo acop = mb
jzt acoo = kal
jzu acoq acop acoo = knj
jzv = mcf eel
jzw acoo = jwv ryq zbj
jzx acoo = puk
jzy acoo = ofg
jzz acoo acoq acop = igz
kaa acoo acop = nqx abat pkv
kab acop acoo = yfr
kac = tur
kad acoo acoq acop = htt wlm gma
kae acoo = lpl lpt
kaf acoo acop acoq = sut ffl jdm
kag acop acoo = dcr
kah acoo acoq acop = why
kai acop acoo = xjz
kaj acoo = jfq
kak acoo = gzb (xm ibf) acj
kal acoo = ycj
kam acoq acoo acop = dak qfj
kan = thj
kao = sqw scn jym
kap acoo = aacf
kaq acoo acop = jel qjz
kar acop acoo = lkm
kas acop acoo acoq = ctp uzw pve
kat acoo = ole
kau acoo acop acoq = bgo
kav = srf
kaw acop acoo = ngl ca
kax acoo acop = oph ota
kay = lw keo qgk
kaz acoo = vys coh
kba = cgr mqi
kbb = rz
kbc = hqf
kbd acoo = qzh
kbe acoo = jas woz
kbf acoq acoo acop = pez clp jeq saf
kbg = aarx
kbh acoo acop = abkq plx lpr
kbi acop acoq acoo = mgo
kbj acoo = pq
kbk = abgr qdu qcz
kbl = kza
kbm acoo = fit
kbn acoo = wop pcj vz
kbo acop acoo acoq = acfr cqx
kbp acoo = fkz
kbq acoo acop = cpf
kbr acop acoo acoq = yik mjp tny
kbs acoq acoo acop = fnu xys
kbt acop acoo = zaz
kbu acop acoo acoq = qno
kbv = xut
kbw acop acoq acoo = xbl
kbx = wdx
kby acoo = udm
kbz = abjv aavy
kca = try
kcb acop acoo = jim
kcc = fns byj bub lro
kcd = rro xma
kce = uzu
kcf acoo = jqy
kcg acop acoo = lzb
kch acop acoo acoq = oib crl adj
kci = gve
kcj = yub jwy kqt adc
kck = ldf ogk ooq
kcl acoq acop acoo = gjf
kcm acoo = zpk
kcn acoo acop = ynp jdd
kco acoo acoq acop = ygt acgk
kcp acoq acop acoo = vdq ckd yig psi
kcq acoq acop acoo = mfd bxp vrc (uxt kca)
kcr acop acoo = tdw
kcs = uou
kct acop acoq acoo = ugp grk
kcu acop acoo acoq = bym ruk hdl ihr
kcv acop acoo = lxc
kcw acop acoo = hpf
kcx acop acoq acoo = yqh
kcy = hrv ame
kcz = nyw zmk
kda = vlm ama qsy
kdb acoo = frj
kdc acoo acop = mot aaph drs qpw hmr
kdd acoo acop = hok
kde acoo = ed
kdf acop acoo acoq = wzx
kdg = qje
kdh = jqd
kdi = wwn fgk jat kxa
kdj acoo = xoa
kdk = aqv iyu
kdl = hfj gug eqr
kdm acoo = rit
kdn acop acoo = wac tvu nur smy
kdo acop acoq acoo = aafs rxv tgf wms
kdp acoo = acag soh
kdq acoo = rwq zpz nbc
kdr acoo = exe
kds acoo acop = yzk
kdt = yuu oxm
kdu = dff
kdv acoo acop = bfc
kdw = iuv
kdx acoo acop = rda qmu
kdy acoo = gfz ric
kdz = bob
kea acop acoo = bsz
keb acoo acop = aaje
kec = utw
ked = acfj bdy jtb qyj tka
kee acoo = qqq kop bks
kef acoq acoo acop = aays waa byd tcp
keg = kyu abbz
keh acoo acoq acop = abyb jhi
kei acoo acop = afi yit
kej acop acoo acoq = ser roa qes hgd
kek acoo = biq txr
kel acoo = mmy
kem acoo acop = abfh
ken acoq acoo acop = oif
keo = acky
kep acoq acop acoo = eek dlq
keq = gys
ker acoo = esr otr ula
kes acoo acop = stp
ket acoo acop = mjc abje yyg
keu acop acoo = bws
kev = iub
kew acoq acoo acop = zus
kex acoo acop = zga
key = ovi swi
kez acoo acop = kba
kfa acoo acop acoq = cyu vny ksr nhs
kfb = acei
kfc = xro
kfd acop acoo = lkt
kfe acop acoo = mqc
kff acoo = cpj
kfg acoo acop = sop abjc xxo
kfh acoq acop acoo = csv
kfi = eiy dqy
kfj acoo acop = aaxp
kfk acoo = abst khq
kfl = egg igd cil
kfm acoq acop acoo = abh
kfn acoo acop = fek eff
kfo acoo = abby xxa
kfp acoo = uav
kfq acoo acop = qri
kfr acoq acoo acop = dsu
kfs acoo acop = hse
kft acoo = vld
kfu acoo acop = tqu ypo
kfv = syy jos
kfw acoo acop = mou qmu
kfx = kt lfi tyl odf
kfy acoo = orq ppm
kfz = xyh xre gzl
kga acoo acop = ure
kgb acoo = mkx
kgc acop acoo acoq = utt jtm dav tdb
kgd acoo = hti amu
kge acoo acop acoq = ous
kgf acop acoo = tna jto oyx udh
kgg acoo = hct
kgh acoo acop = fe
kgi acoo = upi
kgj acoo = znh
kgk acoo = mhf
kgl acoq acoo acop = jom
kgm = abwd
kgn acoo acop = hbz
kgo acop acoo acoq = fkl
kgp acop acoo = hdz
kgq acoo acop acoq = pyr
kgr = qtm
kgs acoo acoq acop = axb iob xne aanh
kgt acoo = aadk ljo izj isp
kgu acoo = gzc dbv ece diw
kgv = eod
kgw acoo = ujs gkr
kgx = zbp yrp
kgy = acmy abkd
kgz acoo acop acoq = ewp
kha acoo acop = aaxv (yfp rab)
khb = pnm msq
khc acop acoo acoq = agq
khd acoo = feh
khe acop acoo = uwf ara
khf acoo = rrq bth
khg acop acoq acoo = hzs zbn
khh acoo acop = ons
khi acop acoo = rpm
khj acoo acop = vsm vrr
khk = zbo
khl acoo acoq acop = ibm nic
khm = kze has
khn acoo = fre
kho acoo = pxn
khp = dsk txt
khq acoo acop = aaxm moz
khr = uyp fhm
khs acoo acoq acop = ryz qlg
kht acoo = fws
khu acop acoo acoq = nkk
khv acoo = kci ydx
khw = ablk
khx acoo acop = lvy
khy = luv bta bio
khz acoq acoo acop = pes pd jiu avh
kia acoo = llm
kib acoo acoq acop = gxw aamr fpj
kic acoo = rgo
kid = vwo
kie acoo acop = nnm kzu fru
kif acoo acop = rwb twa kmv
kig acoo = acoo jde
kih acoo acop = fdv
kii = nlo
kij acoo acop = eww
kik = aaej klt fca
kil acop acoo = mkn kbk
kim acoo = cuw
kin = ylb tld xcq
kio acoo acop = kpi
kip acoo = kas
kiq acop acoo = ibx
kir = ybb amq (lws vhy)
kis acoo acoq acop = ackt
kit = sdi
kiu acop acoo acoq = ywa
kiv acoo acop = achr
kiw acoo = uic
kix acoo = tty
kiy acoo = cxq
kiz acoq acop acoo = yyl
kja = lji ilg wwo
kjb = oeu
kjc = zxo
kjd acoo = hqv
kje = fka lez
kjf = nva eui
kjg acoo = pzj
kjh acoq acoo acop = jok cbd
kji acoq acoo acop = yyq
kjj acoo = zau rks
kjk acoo acoq acop = nhp
kjl = uia
kjm acoq acop acoo = bne
kjn acop acoo = wcf
kjo acoo = pej ezt cyx ouu
kjp acoo acop = dwx
kjq = xiq aaps
kjr acop acoq acoo = aanh vnn
kjs acoo = nsp
kjt acoo = pmg uqu
kju acoo acop acoq = lkj
kjv acop acoo acoq = aez (ceh qnh)
kjw acoo = uvn
kjx acoo = kqa bzr hsl
kjy acop acoo = aank nfn
kjz acoo = xjs hxu (xuc lxw)
kka acoo = ackt
kkb acoo = tea
kkc acoo = qjc ges lrh
kkd = gku
kke acoo acop acoq = ihh
kkf acoo = lja tpn sgq
kkg = igk qza
kkh acoo = tbk kbd
kki acoo = uve
kkj acop acoo = ysf
kkk acop acoo = qjr dvr
kkl acoo = nfu
kkm acoo = bgt
kkn acoo = kmm pzf
kko acop acoq acoo = kwa
kkp acop acoo = dof apl
kkq acop acoq acoo = arl asv
kkr = uku
kks acop acoq acoo = vmr fsb peh xer
kkt acoo acoq acop = txm mwz fxs
kku acop acoo = ahh dnx
kkv = yhm
kkw acoo = nsx
kkx acop acoo = aasl aabo qnu
kky acop acoq acoo = xtt
kkz acoo = wtv
kla acoo = kkm mdp aatk atk
klb acoo = nep
klc = rir
kld acoo = xol
kle acoo acop acoq = aea
klf acoo acop acoq = wjs aahs jxw fbm
klg = tuy
klh acoo = laz pcd
kli = acly
klj acoo = zxq cia
klk = whq
kll acoo = aajf
klm acoq acop acoo = jsk
kln acop acoq acoo = ohx
klo acop acoq acoo = vsm
klp acoq acoo acop = vvk any pfm
klq = wmt
klr acop acoo = dmm
kls acoq acop acoo = cav dpe vni xtv
klt acoo acop = qpc
klu acop acoo = abnm
klv acoo acop = eqd
klw acoo acop = cbv acly kjo
klx acoo = net zx
kly acoq acop acoo = cxu
klz acop acoo = achf acoj wuo
kma acoo acop = aajx sip
kmb = qkr
kmc acop acoo = hca
kmd = gpy vls kuk
kme = tqm unf flf
kmf = sxb
kmg acoq acoo acop = cyj
kmh acop acoq acoo = shn
kmi acoo acop acoq = zgi
kmj acoo acop = gtw syo xof
kmk acoo = biq tma
kml = juy ab ws
kmm acoo acop = amf fas wzy pny
kmn = aakp
kmo acop acoo = eib zom gkg
kmp acoo = vpl
kmq = hfo acdr
kmr = xem rns cer hlu
kms acoo acop = edr
kmt acoq acop acoo = acjv
kmu acoo = zen xb gxh
kmv acoo = jsb
kmw acoq acoo acop = wkh
kmx = hxt jfn ezb
kmy = aaec dix
kmz acoo = qtf
kna = acbg
knb acop acoo = ecp srx aafy
knc acoo acop = npp cet
knd = biv
kne acoo = xqe
knf acoo = abtf
kng acoo acop acoq = aaan
knh acoo acop = aazz
kni = aabi
knj acoq acoo acop = mxu
knk acoo = myi ed
knl = wgf
knm acop acoo = cto
knn acoo acop = acbb
kno = snn
knp = ryo aak
knq acoo acop = dbr oir gtl dgv
knr acoo = acee ams
kns = qc dnd tta
knt = qoc
knu acoo = clc
knv acoo = ad xdd
knw acoo = qkp
knx acoo = qhe
kny = aee
knz acoq acop acoo = lsm
koa acoq acoo acop = rxe
kob acop acoo acoq = vob
koc = qwn fvb okk
kod acoo acop = cit
koe acoo = qiq jdy
kof = ceq tjx
kog acoq acop acoo = aarq lts ovi
koh acoo acop = ydk acoo
koi acop acoo acoq = pph qud
koj = veg
kok acoo acoq acop = rv
kol acoo = abir
kom acoq acoo acop = pya
kon = pla yhc ykb
koo acoo acop = acfd uta
kop = cex
koq = vlo xxm
kor acoo = tit xam
kos acoo = int
kot = sli exh xxx jbl
kou acoo = aaxr
kov acop acoo = upg abnv ulo lrn
kow acoo = qux aku
kox acop acoo = aagb
koy acoo = qni
koz acoo = cgr uka
kpa acoq acoo acop = guu
kpb acop acoo acoq = luy
kpc acop acoo = css ohw
kpd = aaxl
kpe acoo acop = nk
kpf acoo = cop gzf idf udg
kpg acop acoq acoo = wij mlc
kph acoo acop acoq = mwv
kpi = waa pox wvj
kpj acoo acop = mwb
kpk = wrf
kpl acop acoo acoq = led cqb kdl trz
kpm acoo acoq acop = kqx cik
kpn = egm
kpo acoq acoo acop = bra
kpp = vec abmm ebr abb dcd
kpq = bvz abuc
kpr acoo = orz
kps acop acoo = vsh pwn
kpt acoq acoo acop = lw
kpu acop acoo = apn
kpv = hpe ryr pq xoo
kpw = tss wmj omf btk yro
kpx acoq acop acoo = lhc
kpy acop acoo acoq = svk
kpz acoo acop = mzx
kqa acoo acop = eab
kqb acoo = ykt abgq
kqc acoo = snj
kqd acop acoo = syv vca cyd
kqe acoq acoo acop = wbs zba
kqf acoo = dgn
kqg acoo = vft
kqh = mlx usq
kqi = wqx
kqj acoo = bbk nss prq
kqk = ltp
kql acoo acop = vmb
kqm acoq acoo acop = zdz
kqn acoq acop acoo = abj wzz iwy
kqo acoo acop = tdl ewl teb
kqp acoq acoo acop = vjc rpv nvu
kqq = xmo kki
kqr acoo = nbf eiy
kqs = hzn
kqt = uxw
kqu = oyz
kqv acoo = rxd
kqw acoo acoq acop = kye
kqx = puk
kqy = mmk
kqz acoo acop acoq = xam aakj lhd gqg
kra = ovi
krb = acn
krc acoo = whh
krd acop acoo acoq = saw ugj acgj khk
kre acop acoo acoq = kpi sba
krf acoo acoq acop = oid
krg acoq acoo acop = obo
krh acop acoo = anp
kri acop acoo = ksr oxb gsq
krj = lmy skw
krk = jar trw
krl acoo = jns
krm = ibt bjq (lku hpa)
krn acoo acop = vtx nbd gmt
kro acoq acop acoo = pcc
krp acoo acop = abes xyf ggf rkt
krq = oth
krr acoo acop = jgl
krs acop acoo = vqh wpj
krt acop acoo = sjl fde kzr aavh
kru = moa dmr
krv = mmo
krw acoo = qby
krx acoq acoo acop = bcp ukq eie
kry = zuj (voa wno)
krz acoq acoo acop = nct
ksa = yll
ksb = wkl vwr
ksc = wyp vwx yic
ksd acop acoo = vlm rab fpb lda
kse = hcp
ksf acoo acop = aiw
ksg = kxp aaaq (oxc xlz)
ksh = qgc
ksi acoo = ujd
ksj acoo acop = abgx
ksk acop acoo = uxy
ksl acoo = abkd yjg
ksm acoo = qvf qzd
ksn acop acoq acoo = bhy
kso acoo = ackw
ksp acop acoo acoq = lly
ksq acoq acoo acop = ldz ec
ksr = jts eym
kss acop acoo = fed
kst acoo = paw
ksu acoo acop = nok
ksv acoo = sgr
ksw = csp
ksx acoq acoo acop = fsg
ksy acop acoo = abws
ksz acoo = dev vby tab
kta acoo = beh uaj xjd pbd bbn
ktb acop acoo = fee iki
ktc acoo acop = hgr
ktd acoo = kaq xcx st bwc
kte = qds ych
ktf acop acoo = bgd kdq
ktg acoq acop acoo = kem
kth = npl
kti = ncl
ktj = iud xdk
ktk = omq xbx tun
ktl = nwt
ktm = gdg
ktn acoo = lrg
kto = rrj lks
ktp = owu
ktq acoo = yqh ykl
ktr = fux xey sib nzr
kts acoq acop acoo = zci mvy
ktt acop acoo acoq = oqj
ktu = unb ssj
ktv acoo = il beq aavm
ktw = nsz
ktx = apj
kty acoo = isd vfq owy
ktz = myz
kua = kym
kub acop acoo = fav xeh bfq ynv
kuc = pg
kud acop acoo acoq = qzr
kue acoo acop = zqx mdr pyd aauv
kuf = dgd ebd wpy ssy
kug = adt
kuh acoo = aws
kui acop acoo = tsn kv
kuj acoo acoq acop = dkc
kuk = oxv rkz led xom vgr
kul acoo = qzi dps aaqx
kum acoo acop = acgc opj grb qyl
kun acoq acoo acop = gpt
kuo acop acoo = ugm
kup acoo = goj mdb aakm
kuq acoo = iqu
kur acop acoo = dpb
kus acoq acoo acop = qvw ork yve
kut acop acoq acoo = jwn kfx
kuu acoo acoq acop = taq ghv ayo bqt
kuv acop acoo = bkr
kuw acop acoo = acli
kux acoo = xhl
kuy = wfu
kuz = jcf
kva acop acoq acoo = ucr ivw
kvb acop acoq acoo = zqi
kvc acoo = eca
kvd = ueq vtf dhs
kve acoo = eay
kvf acoo acop acoq = abkr iai dtc
kvg acoo acop acoq = snh mio
kvh acoo = ztv
kvi = hvy
kvj acoo acoq acop = aqa
kvk acoo acop = bjm
kvl acop acoo = dcm mee iid jmf diq
kvm acoo acop = lux
kvn = idl
kvo acoo = hzf abam hws fdz
kvp acop acoq acoo = rep
kvq acoo = qo eft wti xnt
kvr acop acoo = ejf csd
kvs acoo = jfj
kvt acop acoq acoo = kig
kvu acoo acop acoq = oyi
kvv = qcl (njg vmf) ihe
kvw = abnu
kvx acoo = xir ncf sli pjy
kvy acoo = ugy anr bnf tgd
kvz acoo acop acoq = yth
kwa acop acoo = uoh
kwb = tjx
kwc acoo = hrq
kwd = eir
kwe = neh
kwf acoo acop acoq = exv wfw
kwg acoo acop = abkq pta
kwh acop acoo acoq = cmg sii tmr avr
kwi = akg
kwj acoo acop = xhl
kwk acop acoo = huc
kwl acoo = akx
kwm acoo = bpn krt yxg
kwn = ztv
kwo = okq
kwp acoo = ysd
kwq acoo = nti
kwr = klz
kws acoo acoq acop = tka
kwt acoo = cub
kwu acop acoo = knp
kwv acop acoo = cbx
kww acop acoo = yvn
kwx acop acoo = gey wmg
kwy acoo = zxg (uol tow zpo)
kwz acoo = lxp vkw hns
kxa acoo acop = hha
kxb acoq acoo acop = qwm xcb atd
kxc acop acoo acoq = eg
kxd acoq acoo acop = zdj lar
kxe acoo acop = mnd (btx aaau)
kxf acop acoo = xzx
kxg acoo = seh
kxh acoo = xqr gse
kxi acop acoo = boy nsv
kxj acop acoo = knn suz ynx aati ux
kxk acoo = nju
kxl acop acoq acoo = blu aaox
kxm acoq acoo acop = ojn avp
kxn acoq acoo acop = nzd gex hs
kxo = sqx
kxp = xfc
kxq acop acoo = nvz
kxr acoo acop = ttc dfd lmd
kxs acoq acoo acop = wbu
kxt acoo acop = emn qcp srx
kxu acoo acop = vhx xr
kxv = ega
kxw acoq acop acoo = cod
kxx acoo acop = wns
kxy acop acoo acoq = mzs hae jno ozr
kxz acoo acoq acop = xed
kya acop acoo = aavv
kyb acoo = edn ztn
kyc acoo acoq acop = izw
kyd = aclj
kye = ljh
kyf acoo acop acoq = wvl
kyg acoo acoq acop = zkb
kyh acoo = xjr
kyi acop acoo = wjr
kyj acop acoo = okh
kyk = xgv xgq ttu cn
kyl acoo = aql acoc ahw wkc
kym acoo acop = qvh bgd
kyn acop acoo = whb sso (lsb dkj)
kyo acoo = stk
kyp acop acoo = igc
kyq = xyb
kyr acop acoo = gth
kys acop acoo = wzh
kyt acoq acoo acop = jwu kvx
kyu acoo acoq acop = eli
kyv acoo acop = gpb
kyw acoo acop acoq = gqh gpk
kyx acoo = wqz eut sfj oli
kyy acop acoo = xxa
kyz acoo = pwa
kza acoq acoo acop = nuf ljv
kzb acoo acop = qtt
kzc acoo acop acoq = shf hgg
kzd acoo = rnb wcn lkl asn
kze acoo = jma
kzf acop acoo acoq = pxu wdg lex mhi
kzg = ggt nyq sdx
kzh acop acoo = nou
kzi acoo acop acoq = maq
kzj acop acoo = zuc (quo gbd)
kzk acoo = zwd
kzl acoo = oxy
kzm = dwj
kzn acoo acop acoq = aasd hdg jys ebm
kzo = vfh ubh tzs
kzp = ngd
kzq acop acoo acoq = tfd aeq lrd neo rqy
kzr = wm aatm
kzs acoo = zku
kzt = aba yea dov dmt absb
kzu = iil wak tbg
kzv = wnl
kzw = cbs
kzx acoo = jrh emv (nux uni)
kzy acoq acoo acop = wfe
kzz acoo acop acoq = fk
laa acoo = gys btq
lab acoo = tex tjn
lac acop acoo = gwc
lad = pdj ojw ylc bxk
lae = ond
laf acoq acop acoo = eiz snn
lag acop acoo = rz
lah acoo = kgn
lai acoo = ekp
laj acoo = psk abvr tsl
lak acop acoo = ohn
lal acoo acop = xg
lam acoo acop = vxo
lan acoo acop = jac
lao acoo acop = jnp
lap = adp
laq = omo
lar acop acoq acoo = yxz lsh yvf yoc
las acoo acop = zbq wo
lat acop acoo acoq = vdb abmm wam qto brz
lau acop acoo = abfh vnv
lav acoo = nyb
law = och kyw qlc zg
lax = kgu
lay = tur kla
laz = dyr xvi qaa abgv
lba acoq acoo acop = beo vfj bhf
lbb acoq acop acoo = xks
lbc acoo acoq acop = ycs rbs
lbd = odb
lbe acoo = aaih kh
lbf acop acoo = yjg eda foj
lbg acoq acoo acop = ptj pjz
lbh acoo = syr gyt job
lbi acoo acop acoq = bgu
lbj acoo acop = gve wyt hnt
lbk acoo acop acoq = xhn
lbl acoo = wpc ruc ijp
lbm acoo acop acoq = efc
lbn acop acoo = ron myr
lbo acoo acop = pzf
lbp acop acoq acoo = dfj
lbq acop acoo = xyl
lbr acop acoo = tuv xzz oan qdc
lbs = qyp
lbt acoo acoq acop = lrl wan aazl pzb
lbu acop acoo = rac nzi
lbv = khw (kcj qzm rdw)
lbw acoo = trp
lbx acop acoo = xvd
lby = vzu ifg (oit jfw)
lbz acoo acop = hrh lwv
lca acoo acop = mzk yfe gte
lcb acop acoq acoo = sey ttf
lcc acop acoo acoq = cku gkd
lcd = dsy
lce acoo = nlk
lcf = zvr
lcg acoo = bei xon alq dji dss
lch acoo = vlu
lci acoo = bda bqu ixe
lcj acop acoo = kxb
lck acop acoo acoq = ymy
lcl acoq acop acoo = utu acmh qnh
lcm acoo = orl
lcn acop acoo acoq = cyq dk bzv cls
lco = vkw
lcp acoo acop = ycf
lcq = eza
lcr acop acoo acoq = cfg
lcs acop acoo = acop
lct acoo acop = enh ezs
lcu acoo acoq acop = mzl
lcv acoo = alf wer
lcw = jqf
lcx acoo acoq acop = xwl avo
lcy acoo acoq acop = oqj
lcz = rxx mjy axy
lda acop acoo = ozz
ldb acoo acop = drd
ldc acop acoq acoo = moo
ldd = eve
lde acoq acoo acop = zvm
ldf acoo acop = abda dzt
ldg acoo = abfd pby ghi
ldh acoo acoq acop = acmh
ldi acoo acop acoq = eax
ldj = kvw zwn
ldk acoo = jid jpo
ldl acoq acoo acop = ztx dak vf
ldm acoq acoo acop = ypt pbr
ldn acoq acop acoo = gfw
ldo acoo = qfm pqr
ldp acop acoo acoq = xew aast
ldq acoo = osh zuc xng
ldr acop acoo = aakp
lds acoo acop = zrv luk uwv aog
ldt = hsh
ldu = erv msp mcj dxn pyr
ldv acoo acop = nqu
ldw = nzd
ldx acoo = wga
ldy acop acoq acoo = uvd
ldz acoo = cvk
lea acop acoo = ify lbc zyw plq
leb acop acoo = dat bpt
lec acoo = tef
led = yce oll
lee acoo = jns
lef acoo = wru zbz mzl xfw
leg acoo = nnu
leh = rws ctd adk (yvx crj)
lei acoo = kjw fzj uwh
lej acop acoo = wpc
lek acoo acoq acop = dqf
lel acop acoo = ggo xsg
lem acoo acoq acop = vib jgg lcw
len acoo acop = zkd
leo = aceh
lep acoo acop = wjs acjy brz
leq acoo = ibi lpz rbn
ler acoo acop = qkt
les acoo acop acoq = yfo
leu acoo = tcr
lev acoo = svw
lew acoo = fll pme
lex acoq acoo acop = qzd
ley acoq acoo acop = aoz fms
lez acoo acop = wkd ablw amb
lfa acoo = oag
lfb acop acoo = tsm ayh
lfc acoo acop = fjy fle
lfd acoo = ing
lfe acoo acoq acop = aafe fmx jzi qtw win
lff acop acoo acoq = zmq
lfg acoo acop = dja
lfh = zdw hgb afd fic bcw
lfi acoo = pil pvc
lfj = zhv
lfk = acag
lfl acoo acop = wyj
lfm = xgj
lfn = cfa
lfo = czg aasw ugj absh
lfp = acea
lfq acoo = inz
lfr acoo = aacr
lfs = aacw qze qut
lft acop acoo = umm abgs (ysn gaq)
lfu acop acoo acoq = iax anp
lfv acop acoo = imz
lfw acoo = eqp ewu
lfx acop acoo acoq = esl tub
lfy = pxj gih oiw kao fkx
lfz acoo acoq acop = zdr
lga = gaj
lgb acoo = fqg
lgc = bnq
lgd acoo = qzx
lge acoq acop acoo = nqo
lgf acop acoo = zml rag mjy
lgg acoo acop = wct
lgh = yof mxc hzb
lgi = crh
lgj = reb rqc
lgk = gt
lgl acoo = lnl
lgm acoo acop acoq = qub zus ucd
lgn = cdp
lgo acoq acop acoo = llk
lgp acop acoo = abyh
lgq acop acoq acoo = yvs vfl
lgr acoq acoo acop = wqp
lgs acop acoq acoo = sfo
lgt acoo acop = idj fte ctf
lgu acoo acop acoq = abzr vnl
lgv = iok
lgw acoo acop = abtk
lgx = moi
lgy acoo = jxo
lgz acoo = rcq vxp
lha acoo acop = fmz hcm pcq
lhb acoo acop = mio
lhc acoo acoq acop = qrn aavf abuk
lhd = hpc ose
lhe acop acoq acoo = lnr
lhf acop acoo = zxb
lhg acoo = aadu sjk cnw
lhh = fcw
lhi acoo = yiq zwv
lhj acoo = acjn
lhk acop acoo = mqi
lhl acoo acop = pfk
lhm acop acoq acoo = tre vwu
lhn acop acoo = jeq
lho acoo acop = cah
lhp acoo acop = mea pam zxx
lhq = wxm
lhr = ogl na
lhs acoo acop = gmn odb zlq
lht acoo = achh mgy scq
lhu acoo acop = vse ird rio lx
lhv acoq acoo acop = afi
lhw acoo acop = jnh fqw
lhx acop acoq acoo = tzb iix
lhy acop acoo = zqo qub
lhz acoq acop acoo = eld xqs mvf
lia acoo = dwy zkr akm
lib acoq acop acoo = vrm iqc uy
lic = cbw psv fmm
lid acoo = nmy
lie acoq acop acoo = pgl wsi rgw znd
lif acoo = qx
lig acoo = qzx sun
lih acoo acop = bkv aaxh aabs (whv gse)
lii acoo acop = nyz ackn kuz
lij acoq acop acoo = hms lyo tox sfi bqw
lik = cba muo
lil acoo = jah
lim acoo acop = wle
lin acoq acoo acop = dzl cev mge
lio acoo = rvq
lip acoo = ucp ewe aavu
liq = tai
lir acoo = bbn cpd err
lis acop acoo = aazb
lit acoo acoq acop = mh jiw
liu acoo acop acoq = abvi fry zm
liv acop acoo acoq = bfz aahu
liw acop acoq acoo = rb
lix acop acoo acoq = abmk
liy acoq acoo acop = wqo
liz = ltd
lja acoo = ten
ljb acoq acop acoo = bmw lio
ljc acop acoo acoq = iep
ljd acoo acop = fex zlx wfw bxd ojn
lje acoo = lyx qli
ljf acoo acop = auw abzt org com aciv
ljg acoo acop = bfi
ljh acop acoo = tqo
lji = aaro
ljj = pbx
ljk = tdf
ljl acoo acop = acea
ljm acop acoo acoq = pcr hzz rkl
ljn acoo = gca uwy
ljo acoo = owe ajd
ljp acop acoo = ixn
ljq acoq acoo acop = vqu sn xnh
ljr acop acoo = tie
ljs acoo acop = tyy nlo idn
ljt acop acoo acoq = sqb
lju acoq acoo acop = cah gbl pae wws
ljv acop acoo acoq = ffz
ljw acop acoo = okq
ljx = txi
ljy acop acoo = ket
ljz acop acoo = pkl
lka acoo = tan jb (czs cvz)
lkb = fxj
lkc = abpd
lkd acop acoo = gzt kvp aagj
lke acoo = ekk
lkf acop acoq acoo = ubf
lkg = cdd
lkh acop acoo acoq = trq lte
lki acoo = sz
lkj = eph
lkk acoo = apf
lkl = pft nqa mc
lkm acoo acop = ori
lkn acop acoo acoq = acom qs
lko acoo = grz aty ghx uhu
lkp acop acoo = ycf yei nyz lpw
lkq acoo = psr
lkr acoo = mef
lks acoo acop = efm
lkt acoo acop = nck
lku acop acoo acoq = efs ylw
lkv acop acoo = cvk jlf flr
lkw = lfn sga
lkx = omc
lky acoo acop acoq = enx
lkz acop acoo acoq = qxz lbc oda aug
lla acoo acop = gwc
llb acop acoo = sqy abfb vtj xhu amc
llc acoo = rod duu ae njs ejb
lld acop acoo acoq = gp
lle = qid
llf acop acoo = lsn rgu qbc lso
llg = mro bk
llh acop acoo = psy
lli acoo = moj dii tgx hqp
llj acoo acop = zih ilb oca nmj
llk acoo = dhr
lll acoo = aago bvi ndv bjm
llm = aaqx ego
lln acop acoo = vpx ugx
llo acop acoo = mqp
llp acoo = afc igd
llq = der uwv
llr acoq acoo acop = lbu
lls acoq acoo acop = jea
llt acop acoo acoq = riq tby
llu acoo acop = qv
llv = zvo qlv gju vth
llw = ofi oat
llx acoo acop = dsu
lly acoo = mtk zvq
llz acoo acop = jce
lma acoo acoq acop = yij gz
lmb = nkm qwk abhu wop
lmc acop acoq acoo = esv prp gaf
lmd acoo = peq
lme = ttv pgd
lmf acoq acop acoo = jri ciu
lmg acoo acop = ica
lmh acoo acop = tbh (onk xst)
lmi = ern dbc yxu (gin czy)
lmj acoo = svq
lmk = aom
lml acop acoo = mch
lmm acoq acoo acop = pbc
lmn acop acoo = bzz ms fxz sjm
lmo = yrv brg
lmp = rmw bla
lmq acoo acop = kmv aawu
lmr acoo = xio
lms = eqt
lmt acoo = nfi
lmu acoo = jwa
lmv acop acoo = gbo
lmw acoo = wli
lmx acoo = nfs cdp
lmy acoo acoq acop = jqa oja
lmz = abiv
lna acop acoo = aks kqe
lnb acoo acop = qjx
lnc acop acoo acoq = zeh lvu
lnd = zbz
lne = acu wwb qtz
lnf acoo acoq acop = jqj
lng acoo = nos
lnh acoo acop = pim
lni acop acoo = zce fsc
lnj acoo = yof
lnk = wyo ablc ffj jto
lnl = dzk
lnm acoo acoq acop = aapk
lnn = accv
lno acoo acoq acop = enf
lnp acoq acoo acop = mpy
lnq acop acoo = qar
lnr acoo = kao
lns acoo = lmn
lnt acop acoo acoq = zme
lnu acoo = hzf gfs
lnv acoo = oie mnk
lnw = qgs
lnx acoo = xrw
lny = tzc
lnz acoo = fod
loa acop acoo = sws fay mdy
lob acoo acoq acop = kfl
loc acoo = jtg omt
lod acoo = xpd
loe acoo acop = qvu
lof acoq acoo acop = raa crc zkk
log acoo acop acoq = yyh chv jwh sno
loh acoo acop = aavh
loi acoq acop acoo = ohf (ome mis)
loj = yzc
lok = muh kec vum joo
lol acop acoo acoq = ngn kdd
lom acoo acoq acop = aayu
lon acoo = kyh iu aajj huw
loo = dx vmm irl sqd
lop acoo = aash
loq = oye
lor acoo acop acoq = iec
los acoo acoq acop = ggr
lot acoo = rfl
lou acop acoo acoq = vsw
lov acoo acop acoq = wha llh vbn
low acoo = yog
lox acoo acoq acop = zwy
loy acoq acop acoo = eya
loz = oys
lpa acop acoo = otl gmo
lpb acoo = kxo
lpc acop acoo = wua hzy qqy aaes ackr
lpd acop acoo = qam
lpe acoo acop = udc
lpf acoq acop acoo = ayc
lpg acoo = rdi
lph = m
lpi acoo acoq acop = esp ntv ud
lpj acoo acop = abnc
lpk acop acoq acoo = cot
lpl acoo = aafb aahi
lpm acoo = uet
lpn = aahz nih
lpo acoq acoo acop = tns
lpp = gvw
lpq acop acoo = abwt
lpr acoo acoq acop = zih bue qbb
lps acoo acop = ackk sgo
lpt acoo = fyu eqd acek hjj
lpu acoo = abof
lpv = lii agx
lpw acoo = kbz tqw
lpx = xce
lpy acoo acop = ure
lpz acop acoo = aajr
lqa acoq acop acoo = pur
lqb acop acoq acoo = tg gxt rpr jkm
lqc acoo acoq acop = lwq
lqd acoo = cis wkc syh rto
lqe = gfk sll agd mam aaow
lqf acoo = kei
lqg acoo = csj
lqh acop acoo = tp qzk lex
lqi acoq acop acoo = usp
lqj acoo = kfa
lqk acoo = mra abde zdu
lql = uog
lqm acoo = oez
lqn acoo = wmh
lqo acop acoo = cri edl
lqp = nyd wks (dbk aws) xxi
lqq acoo = abqs gtk
lqr acop acoo = hbo
lqs acoo acop acoq = nme kgg
lqt = noi
lqu acoo = nzv
lqv acoo = aqr
lqw acop acoo = szk
lqx acop acoo = abhm
lqy = acee mth ckc bvo
lqz acoo = eub
lra acoo acop = gvr
lrb acoo = cah
lrc = oez
lrd acoq acoo acop = liq xrf
lre acoo acop acoq = vbz
lrf acop acoo = acs jvq
lrg acoo = evt
lrh acop acoo = xwy
lri acoo acop = guc
lrj = jzc
lrk acop acoq acoo = iaq fzz
lrl acoo = mrl
lrm acoq acop acoo = vdw vsj
lrn acoo acop = acah acco
lro acoo = fov
lrp acoo = ip
lrq acoo acop = gfz fhg rbz
lrr = vrr ugr
lrs acoo acop = ujx byb ujm
lrt acoo acop = hyq
lru acoq acop acoo = mnu iex
lrv acop acoo = dsn zbn
lrw acoo acop = rqc
lrx acoo acop = erw
lry acoq acoo acop = hio wpo giq
lrz = uqu
lsa acoo acop acoq = dkn
lsb acoo acop = gmr sei aqm
lsc acop acoo acoq = hdx
lsd acoo = vbc imu abjl
lse acoo = nbe
lsf acoq acoo acop = sbj
lsg = aavg ge mjk aahy
lsh acoq acoo acop = ioy aaok aey qjy
lsi = flh ani
lsj = sys iqr
lsk acoo acop = olk hjh ats
lsl acoo = gab jxp xc tfq
lsm acoo acop acoq = pjm
lsn = tyr cvd fwu
lso acop acoo acoq = zyl
lsp = jvf
lsq acoo = zow gzc
lsr = rlv aaum
lss acop acoq acoo = xoi qmy uml dpm
lst acoo = oav
lsu acop acoq acoo = oxr
lsv acoo = yyi
lsw acoo acop = auv
lsx acoq acoo acop = cdj tmi lsu ilm jxs
lsy acoo = cpv ngq
lsz acoo = ist
lta acoo acop = mpk uhl ugm
ltb acoo acop = ujv une
ltc acop acoo = baz aapm
ltd = aaey ona
lte acoo = wco igm
ltf acoq acoo acop = nyn hft eei aaol
ltg acop acoo = qvp gbs
lth acoo = ism lba
lti = kb iiw abbi
ltj acoo = lzb svq wy lmf ssu
ltk = abiy
ltl acoo = qpy uzz sco
ltm acoo = yvi hnb
ltn acoo acop = cws vjr lvv
lto acop acoo acoq = yxz
ltp acoq acoo acop = ghy
ltq acop acoq acoo = nwv dzm icd xms
ltr acoo acop = xhn
lts acoo = grc uzy abdf vvj
ltt acoo acop acoq = wwv
ltu acoo = lyg
ltv acoo acoq acop = ajm hqy cpd
ltw acop acoo = jog
ltx acop acoo = xpf
lty acoo acop = yyt
ltz = ljw
lua acoo acop = pte
lub = ywa dgs gdk jof
luc acop acoo = ujc
lud acoo = ykz vfg bha
lue acoo = abnp ult (avj aamj)
luf = dgz
lug = abgo
luh acoo acoq acop = sui
lui = mqo noy
luj acop acoo acoq = riq
luk acoo acop = yxn
lul acop acoo acoq = adh
lum acop acoq acoo = mls ity wxr
lun acop acoo = tbm rqo
luo = kul
lup acoo = jeu xio abor
luq acoo = fxf
lur = xcc
lus = lek
lut acoo = oxk
luu acoq acop acoo = rrx
luv acoo acop = cnz
luw = jh
lux = uzd njw qpm
luy = vna lca
luz = hpm dov aalp nam cdu
lva acoo acop = iyi jen
lvb = lhb
lvc acop acoo acoq = ylp
lvd acoo acop acoq = lxm
lve = vkz xaq jki
lvf acoo = aanw gue gbn
lvg = obi lac
lvh acop acoo acoq = kkv
lvi = ikw
lvj acoo = zwh dvf
lvk acop acoq acoo = ana
lvl acoo = lao
lvm = lpw
lvn = ruk foc
lvo acop acoo = mxl
lvp acoo = xsu
lvq acoo = zot
lvr acoo acop acoq = xsv
lvs acoo acop = fi jbe aavf
lvt acoo acop acoq = udu
lvu acop acoq acoo = aarn trv
lvv acoo = aic
lvw = jai dzs
lvx = edc mgj amk
lvy acoo acoq acop = pxu
lvz = ams
lwa acoq acop acoo = evc
lwb acop acoo = nzn
lwc acoo = dcp
lwd acoo = ztm vwm
lwe = xyf lhr xeb aym bxo
lwf acoo = yrk
lwg = ajf
lwh = mmq (ezr ykh eek)
lwi acoo acop = kgp
lwj = dag
lwk = smd nmw rbh aafz
lwl acop acoo acoq = hjd
lwm acop acoo = uqa bfa zvw
lwn acop acoo = ymr iei spp vjp
lwo acoo acop = dsc kwb
lwp = abep rok
lwq acoo = zum
lwr = mux lkf mbh jmq cmt
lws acoq acop acoo = hzb yji abzw mdv gak
lwt = bhj ary
lwu acoo = mas owc yqi
lwv acop acoo acoq = xhb
lww acoo acop = ipl atm cnz edm ilr
lwx = igc mqf qyz rwv
lwy = uus
lwz = psg
lxa acop acoo = zq
lxb acop acoq acoo = yuz htu
lxc acop acoo = tzi
lxd acoo = xhj
lxe acoo acoq acop = cdo
lxf acop acoo = cvd
lxg = uca
lxh = eyj
lxi acoo acop = noa qvh
lxj = jeb
lxk acoq acoo acop = vbq jcm
lxl acoo acoq acop = abul yxn
lxm acop acoo = aayi
lxn acop acoq acoo = bxi wee
lxo acop acoo = pvx
lxp acoo acop = aceu
lxq acoo = brn
lxr acoo = tsz
lxs = mcr
lxt acop acoq acoo = eng nrq
lxu acop acoo = pcm ygf byh ablz
lxv acop acoq acoo = xeq ruj tkh mt
lxw acop acoq acoo = obp
lxx acoq acoo acop = sbb gvk
lxy = aapc kol
lxz acoo acop = htv
lya acoo acop = pdg aaal
lyb acoo = vbm
lyc acoo = wop cyu grw iyt fqn
lyd acoo = fxk
lye acoo = aawd css vxh
lyf acop acoo acoq = psm rrt nva rqe omh
lyg acoo acop = ucf nfm mdk
lyh = lgk
lyi = abcx ynq
lyj acoo acop = fon vez
lyk = qgc (iqs zlu cmd bzq)
lyl acop acoo = vst vms
lym = knf ooj
lyn acoo = bon fep fot
lyo = vyf ila aaal
lyp = ynf ahy kal ikd
lyq acoo = abtc izc
lyr acoo acop = kzd sdm dll nag
lys acop acoo = usq
lyt = qwp cwt scq pdj apv
lyu acoo acop = vny yjy qlt
lyv acoo = wpd
lyw acoo = huo ca
lyx = jrk
lyy acop acoo = zfv gzi mst uws
lyz = bjv
lza acoq acoo acop = ogd
lzb acoo acop = bcf aoj lbw fal acly
lzc acoq acop acoo = xah hwz unp
lzd acoq acoo acop = idc
lze = ulx lsy nny
lzf acoo acoq acop = nro goo
lzg acoo acop acoq = gti
lzh acoo acop = blj plf ew cxm lon
lzi acoo = vwz mdt
lzj acoo = ekz luw vtt qym zmo
lzk acop acoo acoq = hau
lzl acoo = lor
lzm acoo = vnz hpa msu
lzn acop acoq acoo = vel
lzo = bkd
lzp acoo = tku yrg rgm
lzq acoo acop = ry cho
lzr acop acoq acoo = mao
lzs acoo acop acoq = npo
lzt acop acoo = cgy hjx idy ztd
lzu acoq acoo acop = tmj
lzv acoo = nm
lzw acoo = qzp lt
lzx = hgr
lzy acop acoo acoq = xsd uky (qis mjw)
lzz acop acoo = ipk
maa acoo acop = bwc
mab acoo = kve oru acjc jbl dwn
mac acoo acop = cne
mad acoo acop = lhs
mae acop acoo = vrr
maf acoo acop = cba
mag acop acoq acoo = vtq
mah acop acoo acoq = fzz
mai acoo acop = nlr
maj acop acoo = kkc
mak = zil ayj
mal acop acoq acoo = juv
mam acop acoo = vyp hah bfp vlt
man acoo = omw fct
mao acoo = tub rhl rko nxi elv
map acop acoq acoo = ipm
maq acoo = tuc ghu
mar acop acoo = ixk brs mr
mas acoo = zwy qao
mat acoq acop acoo = map
mau acop acoo acoq = bow qry dty acbs
mav acoo = jdd kta
maw acoq acoo acop = aacz
max acoo acop = mio iqm
may acoq acop acoo = ntn ekj abtq jj
maz acoq acop acoo = lmm
mba acop acoq acoo = eaf pxg rxb vur abki
mbb = waw
mbc = ahr
mbd acop acoo = xoq
mbe = lqw
mbf acop acoo = qy
mbg acoo = tmz gnl
mbh acoo acop = mpp uma
mbi acoo = lvb aaam jxu voe
mbj acop acoo acoq = gee
mbk acop acoo = mta
mbl acoq acoo acop = acli
mbm = itw
mbn acoq acoo acop = jea
mbo acoo = fab
mbp acoo acop = jol
mbq acoo = icg art
mbr acoq acop acoo = aqj
mbs = absi
mbt = qq diq dzn
mbu acoo = yxm
mbv = fjm
mbw acoo = eat
mbx acoo = vxq qcr
mby acoo acop = ecb
mbz = aawq (dhg bpv pkg)
mca acoq acoo acop = epd qyn
mcb acop acoo = wwp izb jul pla
mcc acoo = vuq rce gzw ozs uaj
mcd acoo acoq acop = zv
mce acoo = vfu
mcf acoo = faf
mcg = tku wtv
mch acoo = wfv wvw huq nl
mci = lze
mcj acop acoo = mmz
mck = vmp
mcl acoq acoo acop = uih
mcm = jrt
mcn = er
mco acoq acop acoo = lvp foh
mcp acoo = gox
mcq acoo = tmn
mcr acop acoo = qcu
mcs acoo = yxv
mct acoo acop acoq = bdt
mcu acoo = ezq
mcv = bgp mpy
mcw = aazr
mcx = tuy
mcy = ity
mcz acoo acop acoq = vjb
mda acoo acop = acka
mdb acoo = dcd
mdc acop acoo = trh
mdd acop acoo = abhh qgd
mde acoo acop = uiz
mdf acoo = abie
mdg acoq acoo acop = bag jwk ewn
mdh acop acoo acoq = qyl
mdi = wwu dav
mdj acop acoo = ihy aboo lcz
mdk acoo = cqz sls aapw
mdl acoo acop = ufh
mdm acoo = uac
mdn acoo = wdn
mdp acoo = mqn
mdq acop acoo acoq = vot
mdr acoo = set
mds = fxm abtx eob
mdt acop acoq acoo = khk bnr
mdu acop acoo acoq = twp
mdv acop acoq acoo = plq wtf
mdw acoo = miw
mdx acop acoo acoq = pdd
mdy acop acoo acoq = ota
mdz acop acoq acoo = tvl
mea acoq acoo acop = aadm
meb acop acoo acoq = plt
mec acoo = pec
med acop acoq acoo = rfd wrv gic
mee acoo acop acoq = aaz
mef acoo acop acoq = htm
meg acoo = ckd
meh acoo acoq acop = yxb
mei acoo = jwe mxk pkm
mej acoo = crr
mek acoo acop = dk
mel = tbe bsc tqv
mem = fuc vym kxq cag
men acop acoo = vje sik cgf oqc
meo acop acoo = thw
mep acop acoq acoo = jfx
meq acop acoo = qcb acal abce
mer acoo = akd cyp aou
mes = ela iwf moz olx
met acoo = asq xof pnf
meu acop acoq acoo = sqp
mev acop acoo = woo xgt nqa
mew = uak sqy tzp mxk
mex acoq acop acoo = acbc
mey = zej
mez = axk
mfa = pth
mfb acoq acoo acop = aasj
mfc acop acoo acoq = elk pwm tbr
mfd acop acoo acoq = tqf
mfe = klb qvg
mff = opf kiq
mfg acoq acop acoo = tes abxy
mfh acoo acoq acop = aagg
mfi acop acoo acoq = wse lbz hcb mhb
mfj acoq acop acoo = tec (yku gnz)
mfk acoo = aazy ryx
mfl acoo = abp
mfm acoo = rja ihs ara lil ygc
mfn = byo
mfo acoo acop = yvi
mfp = yxl
mfq acop acoo = bye elr
mfr acoo acop = xim zcx
mfs acop acoo = bz krv ruc
mft = xgy jhx vui mkg
mfu acop acoo = ywo
mfv acoo acoq acop = anm krs abgu
mfw acop acoo = mel
mfx = tie bq vmh wam
mfy acoq acoo acop = vyr ogc sgy ucn
mfz = xn yrg qqi epz
mga acoo acop acoq = gky acek esq
mgb = abrk
mgc acoo acop acoq = kky pxa f iyq
mgd acoo = rig
mge acoo = lqr abvm har czg bxa
mgf acoo = uwu
mgg acoo acop acoq = czq dim khp
mgh acop acoo = ljb
mgi acoq acoo acop = knp zdf
mgj acoo acop = pqo rxo gis oo
mgk acoo = umn
mgl acoo acop acoq = zsu sj osj kub
mgm acop acoo = jnv
mgn acoo acop = lax bow upf edk wjl
mgo acoo = cjd
mgp = fgh msn
mgq acoo = acmm
mgr acoo = lgm noa tlg
mgs acoo acop acoq = tge
mgt acop acoo = ejs
mgu = exg nfp abdo lwl
mgv acop acoo = wgt
mgw acop acoo acoq = ubt
mgx acoo = kvy
mgy acoo acop = bde ruz
mgz acoo acop acoq = brd tdh
mha acoo acop acoq = oqt
mhb acop acoo acoq = toc dka
mhc acoq acop acoo = gjz
mhd acop acoq acoo = uew
mhe acoo = ttx
mhf = uoe vxo hol
mhg acop acoq acoo = tdd
mhh acoo acop = kut
mhi acoo = idj ttl
mhj acoo = twn iww (nal plb)
mhk acoo = qpm
mhl = ghc fve
mhm acoo acop = jzi vru lph uon nnh
mhn acoo acop = gld pdg
mho acoo = ojg
mhp = lfm
mhq acoo = lxj
mhr = ley inw
mhs acop acoo acoq = vgt msi pmx dpo
mht acoq acop acoo = cnb
mhu acoq acop acoo = arm
mhv acoo acop = xjr
mhw acoo = vfu hly ttb
mhx acoo acoq acop = ril otv okm
mhy acoq acop acoo = lic
mhz acoo = eos
mia = lks
mib = mpr
mic acoo = dxd
mid acop acoo = aws
mie acop acoo acoq = dxo
mif acop acoo acoq = ca
mig = acid
mih acoo acop = gkz
mii = acit
mij acop acoo = xtv
mik = igp
mil acoo acop = xkd
mim acop acoo = absc
min acop acoq acoo = bvx eyc
mio acop acoq acoo = pir nuh acdt
mip acop acoo = ju loz rbm vje
miq = ooi (hrv kof)
mir acop acoo = ppx
mis acop acoo = prc iud kid
mit = wuo
miu = mnp
miv acoo = abdw zlx izx kdy fke
miw = mer
mix acoo acoq acop = dez txb
miy acoo acop acoq = fjt
miz = bk lci
mja acoo acoq acop = ozs
mjb acoo acop = kso bxu nq
mjc acoo = phu
mjd acoo acop = fgp zlh aate
mje acoo acop = fau xel
mjf acoo = kox zxj
mjg acop acoo = gcg (yiw abiq aqy)
mjh acoo acop acoq = sqg
mji acoo = khi
mjj = xak hnx ioa qhq
mjk acoo = nah
mjl = coy kpr
mjm = aaac xda
mjn acoo = amy nqc jdz xkr
mjo = sxt
mjp acop acoq acoo = elm
mjq = eea
mjr acoo = jqv abni gkf
mjs acoo = fgz
mjt acoo acop = zsf obf iko
mju acoo = hlk ktg oud apy
mjv acop acoo = skh qrp
mjw acop acoq acoo = mpd taj aanj
mjx = aavz
mjy acoo = jbt
mjz = rws syz zfc
mka acoo acop acoq = kbv
mkb = kxa uyx
mkc acop acoo = qyf
mkd acoq acoo acop = ryf
mke = ufx
mkf = yha abdi
mkg acoo = abuv srs rad zix mpv
mkh acoo acop acoq = qgq
mki acop acoo = nfu
mkj acop acoo = btk ndf lsi
mkk = iiz
mkl acoo = tqj
mkm acoq acoo acop = afy
mkn acoq acoo acop = lsp
mko acoo acop = bwn yrk
mkp = lbi ozs aarl
mkq acoo acop = hba
mkr acoo = ftx (cdb ahf oqg)
mks acoo acop = nrs ssp
mkt acoo = nig
mku acoo acoq acop = sfb oir oyd amg
mkv = fq
mkw acoq acop acoo = rjw
mkx acoq acoo acop = lyu jkx
mky acoo = rbf
mkz = mld
mla acoo acop = elk
mlb = aaua
mlc acoq acoo acop = pxt gtr rjp der
mld acoo acop acoq = vhw udq mlt
mle acoq acoo acop = prd ddt
mlf = mez
mlg acop acoo = mhs
mlh = zsw aui gat kia
mli acoo acop = ely tex
mlj acoo = zlo
mlk acoq acop acoo = aol szx
mll acoo acop = jsq wjy
mlm acoo = qpn iwv
mln = pkd pkg sx
mlo = mzk bts
mlp acoo = kx
mlq acoo = mya olw
mlr acop acoo = jgr
mls acoq acop acoo = jrg hbn
mlt acoo acop = gyq hnp
mlu acoo acop acoq = hlq
mlv acoo = qnj
mlw acoo = mcn
mlx acoo acop acoq = vfk
mly acoo = jnp yxx fod
mlz acoo acop = gsd
mma acoo = rfd
mmb acoo = cdn
mmc acoo = evy
mmd acoo = fz qix
mme = abig nzl
mmf = tmr
mmg = ogv
mmh acop acoq acoo = xtw
mmi acoo = acba ijk ugi tav
mmj acoo acop = cgs
mmk acop acoq acoo = qwr
mml = olg
mmm = ypx rwe
mmn acoo = arg bho tjs
mmo acoq acop acoo = uoy abay
mmp = aaxp
mmq acop acoq acoo = aade
mmr acop acoo = rif
mms acop acoo = mmu
mmt = oiz
mmu acop acoo = pzz
mmv acoo acop acoq = kva zww
mmw acoq acoo acop = meg
mmx acop acoo acoq = aamc
mmy = ytv
mmz acop acoo = twf
mna acoo = glj
mnb acop acoo = mpl
mnc acoo = ggg
mnd acoo acoq acop = dek
mne = rqy
mnf acoo = rok abca
mng acop acoo acoq = hij sbb rbu bul
mnh acop acoo = hcm
mni acop acoo = nqm wky
mnj acoo = tpx aaga
mnk acop acoo = aapn
mnl acoq acop acoo = jrt nyt fxb
mnm acop acoo = ilz
mnn acoo = ruv
mno acop acoo = cvz
mnp acoo acop acoq = nks bfj hus
mnq acoo acop = gow
mnr = afd aasc
mns acop acoo acoq = too xhl
mnt = ezx
mnu acop acoo = gdg
mnv = abea vvd lmo
mnw = acaw ucs
mnx = klg
mny acoq acoo acop = ynp hfm
mnz acoo = wzr rzm
moa acoq acoo acop = cst iq ikj hem
mob acoo = fvo uut xvg acz
moc acoq acoo acop = dqd
mod acoo = hcs ftw dsw zxs
moe acoo acoq acop = hxj nwz
mof acoo acop = iwx
mog = big ohd aanh
moh acop acoo = wpb
moi = cqj
moj = vsu
mok acoo acop = yoq
mol acoo = toj koz pkh qe
mom acoo = xot
mon acoo = gyf haw
moo = qcd
mop acop acoo = eji
moq acoo = kjh
mor acop acoo = qz
mos acop acoq acoo = uyg
mot acoq acop acoo = ltk bvd pas
mou = wrz
mov = mqz
mow acop acoo = fpa kkt piq mar
mox acoo acop = trn
moy acop acoq acoo = jtt dey pvh
moz acoo = gaq kah
mpa acoo acop acoq = pkm eig aoq mro
mpb acop acoo acoq = twk lmg pve
mpc acop acoo = lrq hsa
mpd acoo acop = adf yav wjo xlu
mpe acop acoo = sky
mpf acoo = ggm dql
mpg acop acoo acoq = kcp mlx nlk
mph acoo = ipi soe
mpi acoo = txt ubf cre
mpj acoo = vn
mpk acoo = nqx
mpl acoo = aakm
mpm acoo acoq acop = dlg
mpn acoq acop acoo = fop
mpo = tux
mpp = tza edo (bo ddm) sak
mpq = gxq acnt
mpr acoo acop = ajb
mps acoo acop = yzm
mpt = ybw egp
mpu acoo = aarh
mpv acoo acop = doa
mpw acop acoo = cwo
mpx acoo acoq acop = tke abai ziv
mpy = abae
mpz acop acoo acoq = xl
mqa = lcu cys gao twy
mqb acoo = all
mqc acop acoo = ycc hxy pje
mqd = uak whq
mqe acoq acop acoo = xmu absj rkg
mqf acoo acop = kfo
mqg acoq acop acoo = bno owh
mqh = nys pav
mqi acop acoo = xvg
mqj acoq acoo acop = tdx
mqk acoq acop acoo = lpu ffp cs ucq
mql acoo = yul wkf fws gxj
mqm acoo acop = eth
mqn acoo acop = gny
mqo acoo = gav
mqp = pri zfh aace hne
mqq acoq acoo acop = qyt pco
mqr = acbx hcv wb gmt
mqs acoq acop acoo = rjk
mqt acoo acop acoq = tum xbb
mqu acoo = rsh
mqv acoo acop = iar
mqw acoq acop acoo = aob rjt
mqx acoo acop = uvk
mqy acoo = yyl
mqz = rww hov (acbd yim)
mra = bvk
mrb acoo = ykr
mrc acoo = iyq xnb pqd uav
mrd = lcu
mre = jkk
mrf acop acoq acoo = rrk
mrg = nxq
mrh acop acoo acoq = pgw
mri acoo acop = ikd xyh
mrj acoo acop = ghc
mrk acop acoq acoo = le abhh lvc acms oni
mrl acoo = dlo scm
mrm acoo acop = vuu
mrn acoo = oxm
mro = wcc wxc
mrp = aadv
mrq acoo = pva
mrr acop acoo = api dvt
mrs = vqr
mrt = hiu
mru acoo = zin ie
mrv = gwa ets lmg
mrw acoo = zev upy ula
mrx acoo acop = ttw bjw
mry acoo = qvs
mrz = abub ftr
msa acoq acoo acop = xvg meo nhh
msb = vtm gje uag
msc = kkx
msd acoo acop = dia xnq
mse acoo acop acoq = qwu
msf = svf
msg acoo = lid rfl jpu ark
msh acoq acop acoo = snx oss qvs hbe
msi acoo = mew
msj acop acoo = lji
msk acoo = abdd fsd huo ecz
msl acoo acoq acop = cij (gvl ibf xvp) uhq
msm = gpr
msn acop acoo = fga afj
mso acop acoo = xxq
msp acoo = vwr
msq acoo = wks
msr = htf
mss = hti iow afu
mst acop acoo acoq = uno
msu acoo = trb aoi
msv = abpw fvf acbs
msw acoo acop = ackd ojf hix mue
msx acoo = anm
msy acoo acop = esw
msz acoq acoo acop = uuy
mta acop acoq acoo = def ryf
mtb acoo acop acoq = yro
mtc acop acoo = awy
mtd = fol yqy zzq akl
mte acoo acop = roi
mtf acoo = jvk
mtg = abxm zzh kvt
mth acoo acop = xye nju
mti acop acoo = nah ygs
mtj acoq acoo acop = pea
mtk acoo acop = qzs
mtl acop acoo acoq = aaiq (thf bqv wtz)
mtm acoq acoo acop = nku
mtn acoo acop = rjn
mto acoo acoq acop = usq
mtp acop acoq acoo = czb gwn
mtq acoo acoq acop = wmf
mtr = taj rte (ku qvd)
mts acoo = jsw (aawy jld)
mtt = lez jwk abop
mtu acoo = lni xfv
mtv acoq acoo acop = mlj cae
mtw = ois
mtx acoo = ojn aawi
mty acoo = yue lyv nda
mtz acop acoo = aaac jsb
mua = dub
mub acoo acop acoq = bch vgy
muc acoo acop = mgk
mud acoo acop = iuk
mue acoo acop acoq = wan
muf = yt ghc
mug acop acoq acoo = abvf
muh acoo acoq acop = xwj
mui acop acoo = qdq
muj acoo acop = soc
muk acoo = eay ccn yjb
mul = ackx
mum acop acoq acoo = mrb
mun = uic
muo = paz
mup = jdk lfx
muq acop acoo = qwv
mur = xi xgg vdp gxq
mus acop acoq acoo = abko
mut = eev (fti abap)
muu = nif
muv acoq acoo acop = ryd
muw acoo acop = con
mux = ackm
muy acoo acoq acop = kpt
muz = eva qxm
mva acoq acop acoo = iog psh rmq vmr vcm
mvb acoo = iah ljr ojw
mvc acop acoo acoq = xkt xgw ees nka
mvd acoo acop = rtw
mve acoo acoq acop = vlb
mvf acop acoo = bv
mvg acoo acoq acop = abnm
mvh acoo = bvg
mvi acoo = zpb jzc
mvj = awd roi
mvk acoo acop = abzk
mvl acoo = ezl (ogs ymr fjt)
mvm acoo acop = zxc tbz
mvn acop acoo acoq = sfn
mvo acop acoo = frr
mvp acop acoo = vgs accm xyo
mvq acoq acop acoo = zog
mvr = myc wrj psc acci
mvs = ecf
mvt acoo = sqs
mvu acop acoo acoq = ztf
mvv = ysa
mvw acop acoq acoo = xpv
mvx acop acoq acoo = btv
mvy acoo = ywh jyp (zra lng)
mvz acoo = wbh
mwa acoq acoo acop = acjj
mwb acoq acoo acop = xkp
mwc acoo acop = umk zdx
mwd acoo = abua
mwe acoo acop = pmx hpv vsg
mwf = arm
mwg acoo = wmf ehb zes
mwh acop acoo = zax
mwi acoo acop = wux abyp fbw
mwj acoq acoo acop = ubc
mwk acoo acoq acop = ubo
mwl acoo acop = hsj
mwm acoo = mej
mwn acoo acop = rxq abhd zvj
mwo acoo = tdh
mwp acoo acop = ycg ahb
mwq acoo = puf
mwr acoo = kfo gkj rlg
mws acoo = ttr dvv
mwt acop acoq acoo = oi rfy
mwu = anx
mwv = nka
mww = qsb
mwx = rgj
mwy = tnj
mwz = lpi
mxa acoo acop = sfe boe zik
mxb acoo = aaml ablx tkz lvo
mxc acop acoo = wun
mxd acoo = csn bie qbo ed
mxe acop acoo = xir kcj hnl mgg
mxf acop acoq acoo = wqj
mxg acop acoo = lwz bfj gfr gdq rht
mxh acoq acoo acop = iro
mxi acoo = rug
mxj acoo acop = lwv
mxk acoo acop = vdr
mxl acoo = wjm mqo
mxm acop acoo = sny
mxn acoo = htu
mxo acoo acop acoq = jpx
mxp acop acoo = uzt
mxq acoo acop = vfp (hct vvw app)
mxr acoo = zmw
mxs = uog cip abvx
mxt acoo = nnc uff abrw cz
mxu acoo acop acoq = cbm
mxv = tfw ipi
mxw acoo acop = fcz
mxx = wsh
mxy acop acoq acoo = zvr esa
mxz = cym cyw aaic
mya acop acoo = acne
myb acoo = ylh cza pfa
myc acoq acop acoo = xzq
myd acop acoo = sqb
mye acop acoo = aadg wzr zkt mli
myf = kwr
myg acop acoo = bpl
myh acoq acoo acop = dfv
myi acop acoo acoq = ablh
myj acoo = xrx rwj
myk acoo = haa qsp abjm
myl acop acoo = nkb
mym acop acoo acoq = vdl
myn acop acoo = gbp
myo acoo acop = ett vsz sfi rwx
myp = zjc xnb
myq = ohp
myr = aafp
mys acoo = sdy xyt
myt = luh iew zyi hgy
myu = htc zkd aape
myv acoo acop = jcx
myw acop acoq acoo = zpb vvg bbg sng sjx
myx acoo acop = zes
myy acop acoq acoo = abio
myz acoo acop = yhm
mza = xnp
mzb acoq acop acoo = aaoh ael
mzc acoo acop = cbi
mzd = wav
mze acoo acop acoq = vdv
mzf = hek
mzg acop acoo = amw vgm ivh
mzh acoo acop = udx
mzi acop acoo = mcb ufr aayh hts
mzj = was
mzk acoo = ez wob
mzl acoo = eeh zfh
mzm acoo acoq acop = rmq alq mrp abab sui
mzn acoo acop = acoa
mzo acoo acoq acop = pja
mzp = twj ngt
mzq acoq acop acoo = glx
mzr acoo acoq acop = cep
mzs acoo acop = dul
mzt acop acoq acoo = mcm
mzu acoo acop = jcr ogu kz
mzv acoo = mhs
mzw acoq acop acoo = gd
mzx acop acoo = tqv
mzy = aahs
mzz acoq acop acoo = tkv ujp
naa acoo = oqg
nab = wsc abpn kbt
nac acoo acoq acop = wuk
nad acoo = oly alu
nae acoo = eye
naf acoo acop acoq = oye acdw aagj
nag = asp
nah acoo = mgu duy
nai acoo acop = oqu wdl
naj acop acoo = sab
nak acop acoo = onc acez
nal acoo = dbh hcd fr
nam = vqn rds xhg fa
nan acoo acop acoq = wfb
nao = qkz ynp
nap acop acoo = xcg cwl
naq acoo acop acoq = aabv
nar acop acoo = jhx nga aku
nas = ygf
nat acop acoq acoo = lac
nau acoo = ssd
nav acoo acop = gzs acdn
naw acoo acop acoq = ajr acgj
nax = irp
nay acop acoo acoq = wgo
naz acop acoo acoq = aasw xdc kxd llk
nba acoo acop = vak zfe
nbb acoo = wyo
nbc acoo = gai ouz
nbd acoo = zs
nbe acoo = aapv
nbf acoo = evj abvv
nbg acoo acop = lx vtp pnb
nbh acoo = uab sid rnr
nbi = ocu apf icw
nbj acop acoo = qak
nbk acop acoo acoq = vzf pts kbt sp
nbl acop acoo acoq = vav pcy
nbm acoo = qai
nbn acoq acoo acop = ytd
nbo acop acoo = cyq
nbp acop acoo = wxo
nbq = llc piu
nbr acoo acop acoq = yuz slk
nbs = xdm
nbt acop acoo = wce
nbu acop acoo = ohp (rht dmk)
nbv acoo = xww
nbw acoo = vgs
nbx acoo = ozd ont
nby = vds
nbz = fki dfc acnt hrg
nca acoo = dds xtz lxv rkh
ncb acoo = kbo kwq yma
ncc acoo = wnm
ncd acoo acop = kng qxj
nce = dnv
ncf acoo = zse ela
ncg acop acoo = abhi bws
nch acoo acoq acop = iak
nci acoq acop acoo = hfb acfz lxj zrd
ncj acoo = usu oug abau
nck acoo acop = abud
ncl = wcv
ncm acoo = rqs
ncn = hvn
nco = ftr eqd achx n
ncp acop acoo acoq = xtu
ncq acoo acop = pqi qsv xhq inf
ncr acop acoo = ntv
ncs acoo acop = nvw lx
nct acop acoo = jo dwq
ncu acoq acop acoo = uct slu
ncv acoo acop = qvu
ncw acoo = dah
ncx = qkm
ncy = wyl
ncz acoo = nmh
nda acoq acoo acop = qjp zxt
ndb acoo = krd
ndc acoo = awu
ndd acoo acop = md ioh qrq hta
nde acoq acop acoo = emy bat nnf
ndf acoo acop = hgm
ndg acoo = sbq
ndh acoo acoq acop = rik hep
ndi acop acoo = qeg mib ybs
ndj = rhm
ndk acoq acop acoo = jlg
ndl acoo acoq acop = ble abcz gzi
ndm acoo acop = fhl
ndn acoo = zng
ndo acoo = dez
ndp acoo = hdp zyo
ndq acoo acop = sjf xxe
ndr acoo = cdt
nds acoo = mnc fwl
ndt = wjb vnt utj
ndu acoq acoo acop = xip evn acch
ndv acoo = rbj vqf cg bco
ndw acop acoo = ito acmx gwt aays
ndx acop acoo = wad
ndy acoo acop = olg abij
ndz acoo acop = udx
nea acoo = say
neb acoo = bsh
nec acoo = cor
ned acop acoo = rb
nee acop acoo = edt aadm bgw
nef acoo = jpp rfj
neg acoo acop acoq = wwo itv
neh acoq acoo acop = abrd ncb bpv san zqt
nei acoo acoq acop = aaxc
nej acop acoq acoo = uqx
nek acoo = aabi xvy
nel acoo acop = woo dim
nem acoo acop = qav iiz aaiz nzs
nen = pwu
neo acop acoo = cae
nep acoq acop acoo = gky rri
neq acoo = sjx ooz wxq abqq
ner acop acoo = ekf
nes acoo acoq acop = jbk mes
net = vtx
neu acop acoo = iuf
nev acoo acop = sno lja yng ygf suo
new acoo acop acoq = abvj
nex acoo acop = vsm
ney = dba
nez acop acoo = zit
nfa acop acoo = rfo ctg
nfb = uwk aib
nfc acop acoo = lwl wys fyt
nfd acoo = ablm
nfe = kup
nff acoo = ifk jcp txe
nfg acoq acop acoo = qzu lgo vne uxj
nfh acoq acop acoo = edw
nfi acoq acop acoo = cpl
nfj = hia
nfk acoo = rhm abn etf
nfl acop acoo = pkj
nfm acop acoo = hlh ptv ivu
nfn acoo = ueh
nfo acop acoq acoo = uvw oqj jtd
nfp acoo acop = rlu mlb
nfq = dx elr cti ekv qmo
nfr acoo acop = kp
nfs = me (mar aaci aaar aqi)
nft acoo = zds wrt
nfu acoo acop = xsj
nfv acoo = abji
nfw = tbu fnh
nfx acoo acop = nlr wzj
nfy acoo = vcr bmc
nfz acoo = ypo rrp tbu
nga acoo = mxq
ngb acoo = fdg acdq aavj
ngc acoq acop acoo = rot
ngd = abeb
nge = rkl
ngf acop acoq acoo = jwm
ngg acoo acop = jaq qho
ngh acoo = ctw mpc joo kyt
ngi acoo acop = tqm fse cwl
ngj acoo = rci (ysi wds)
ngk acop acoo = mbl
ngl acoo acop = xli
ngm = cgt
ngn acoo acop = pji
ngo = dgu
ngp = poe zpt uos zrw whi
ngq acoo = wux rli
ngr acop acoo = acgr lzs
ngs acoo acop acoq = use kqe aacj
ngt acoo = rbw hk aavd kgq mjb
ngu acoo = pl
ngv = qsd
ngw acoo = fhd ses acas
ngx acoo acop = omy aajf
ngy acoo acoq acop = qff
ngz = yks
nha acoo = ign
nhb acoo acop = nre (wlc mtm dry)
nhc acoo = len
nhd = cjx esf
nhe acop acoo = bqy iau
nhf = qfp wyu
nhg acop acoq acoo = qmt gbk ovo aaqc
nhh acoo acop = pfs
nhi acoo = g
nhj = ybo
nhk acoq acop acoo = ued
nhl acoo = mwd
nhm acoo acop acoq = aud
nhn acoo = jbm qkj vxa
nho = jsh
nhp acop acoo acoq = ksg
nhq acop acoo = tsy acax vil
nhr acop acoq acoo = cgb
nhs acoo = vsr
nht acop acoo acoq = glu ehg scd
nhu acoq acop acoo = gan hby
nhv acoo acop = yxf
nhw = ien urd aafy
nhx acoo acop acoq = qtp aaal nnk ejf
nhy = pm yvm owu
nhz acoo = jfo
nia acoo acop = usy
nib acoo acop = zff
nic = ozx
nid acoo acop = hcq
nie acop acoo acoq = ogy jfl
nif acoq acop acoo = wdd juf hfv rqz
nig acoo = tqg ptt
nih = ofm wu wjh xpc
nii = phf
nij = vlm vpe dbx gbq
nik = nkv
nil acop acoo acoq = zum
nim acop acoq acoo = abho
nin = bkg
nio acoo acop = sms
nip acoo acoq acop = mke aach
niq acop acoq acoo = swz xit
nir acoo = nba
nis acoo acop acoq = mgt
nit = yat iuf
niu acoo = nli zm fqy
niv acop acoo = gil
niw acoo acop = dc
nix acoo = ntv
niy = gut
niz acop acoq acoo = pyb sdi aagf lwc
nja = suq dmg xso jkz
njb = acdg nm si hvq
njc acoo acop acoq = aou mvq
njd = iuc afj
nje acoo = vaq
njf acoo acop = fxt fwv xum cco
njg acoo = lsf
njh acoo acop = aaey
nji acoo = edb lou
njj = vun
njk acoo = ovy
njl acoo = zrk fjg
njm = wwx
njn acoo = yrl ltr
njo = wiq
njp acop acoo = zqu
njq = wsx pov lqz xyy omv
njr = dts
njs = ei fpa
njt = fnf rv jgo jin fms
nju acoo = xqi
njv acoq acoo acop = yet kzy
njw = jbc
njx acoo acop = dse
njy acoo acop acoq = iif jha
njz acop acoo = tcr
nka acop acoo = igp jad
nkb = itu
nkc acop acoo = fbv
nkd = qzp
nke acop acoo = xxt
nkf acoo acoq acop = veu fxe (lrg ylu iop)
nkg acoo = kmp ogs nrn absg
nkh acoo = abon wv
nki acop acoo = heh
nkj acop acoo = hzl
nkk acoo acoq acop = wdq
nkl acoo = mwx
nkm acop acoo = aadp
nkn acoo acop = csf teq aaut
nko acoo = kcg ujh
nkp = abjj
nkq acoo = opy
nkr acop acoq acoo = wzu twm
nks = aiu
nkt acop acoo = jce
nku acop acoo = xet
nkv = aaex hon zuv
nkw acoo = nqh
nkx acoo acop = pia
nky acop acoo = vqz
nkz acoo = aaq
nla acoo = gag fii yrd
nlb acoo acop = vwm
nlc acoo acoq acop = sdt
nld = ghf aaqw ezw
nle acop acoo = tae
nlf acoq acop acoo = qtv
nlg = com
nlh = fvq
nli acoq acoo acop = xdj jxg
nlj acoo acoq acop = cxa
nlk = laa (baz dws bw)
nll = zdn
nlm acoo acop acoq = syx ptd awl ahh
nln acoo = ppk xjp ldz
nlo = tud
nlp = pzn
nlq acoo = jqq
nlr acoo = abxq qju
nls acop acoo = abps
nlt acoo = iak
nlu acoo = npu (rgc ztg)
nlv acoo acop = eyy
nlw = aavh
nlx acoo acop = eat (xzj tac)
nly acop acoo = gkm
nlz acop acoo = ycc mdt
nma = knx jfd ckd
nmb acop acoq acoo = fmk xkg
nmc acop acoq acoo = acop yek
nmd = fti
nme acop acoo = achd bay kim
nmf = xqn (zs ablf qpq)
nmg acoq acoo acop = wja
nmh acop acoo acoq = wj fyx xjs dvu
nmi acop acoo = lgv
nmj acoo = cok kac
nmk acop acoo = yml dmd izd
nml acoo acop = xsr kwt eez
nmm acop acoo = pxm
nmn acoo = blk
nmo = rtc
nmp acop acoq acoo = eoz
nmq acoq acop acoo = abtv
nmr acop acoo = fnz djs eld ssg
nms = qg
nmt acoo = unb gbo kty wge
nmu acoq acoo acop = ohv
nmv acoo acop = kji ufj xvj zfy
nmw acop acoo = cyk
nmx acoo acop = kff
nmy acop acoo = epo ave
nmz acoo = tnm
nna acoo acop = ucv we
nnb acoo = wvy
nnc acoo acop acoq = ctt (qbb acfk abgs)
nnd acoq acop acoo = ixe kjo tow
nne acop acoo acoq = hfa
nnf acoo = ucf abpu
nng acop acoo = grc gta (mne nnt)
nnh acoo acop = ous
nni acoo = cfi pcb
nnj = jdy
nnk = dwh db
nnl acoo = vbc
nnm acoo = yfz
nnn = wun
nno acoo = bza ache
nnp acoo = hlo
nnq acoo acop = heo
nnr acoq acop acoo = aais kkk
nns acop acoo acoq = aat gfy hnf
nnt acop acoq acoo = mkl laj
nnu acoq acoo acop = nzz abuu gcn rgn
nnv acoo = vyf vjb kok
nnw = fqf jdk cdx acnw
nnx acop acoo = abut
nny = bjo
nnz acoq acoo acop = zcf
noa = ocp aiq
nob acoo acop = lpa
noc = uqd jiw wwc kof
nod = nwj
noe acoo = oas vrc cvk
nof acoo acop = nvb
nog acoo acop acoq = tix
noh acop acoq acoo = irr
noi acoq acoo acop = hdi
noj = cpb
nok = ron moq uli qtb
nol acop acoo = sph
nom acoq acoo acop = aaca
non = ayk dew
noo acoo acop = nsa
nop acop acoo = txu
noq acop acoq acoo = xls
nor = vxt yix
nos = jct wzj
not = gfk
nou acoo = smz
nov acop acoq acoo = abec fez
now acoo = mro
nox = igy jxs
noy = pmn mky (cnf grm euy)
noz acoo acop acoq = rkp
npa = mp
npb acop acoo acoq = ics gba mzf lfu
npc = fzk seb fvv
npd = xpn
npe acoo = okm
npf acoo acoq acop = znf ktj
npg = sve
nph acoo acop = oce ezt
npi acoo = fya kpa
npj acoo acoq acop = ubo cao
npk acoo acop = bxs
npl = coe uey
npm acoo = wtj
npn acop acoo = aalf nwr hcc
npo acoo acop = ypx olx fbq ryu
npp acoo acop = art aalq sic bwx
npq acoo acop acoq = adm pfl yie
npr acoq acoo acop = pwg dng (tcg hzh foz)
nps = abbz
npt acop acoo = bwn
npu = zgn
npv acop acoo = ody
npw acoo acoq acop = evn
npx = ert ngn jx
npy acop acoq acoo = yic
npz acoo = lvs
nqa = rtl gzx rly uvo
nqb acoo = qpy
nqc acoo = nzo jo
nqd acoo = izo dbd
nqe acop acoo = yof
nqf = zsu asu
nqg acoo acoq acop = sjh
nqh acoo acop = unp
nqi acop acoo = vya
nqj acoo = bvi
nqk acop acoo = rdx
nql acop acoo = ne rac
nqm acop acoo = auo
nqn acop acoo = ywr
nqo acoo = mzv ikc
nqp acoo = tij rhb
nqq acop acoo acoq = jgk jif
nqr acoo = nvr (ide xls ele)
nqs acop acoo = ouc
nqt = xlr hav
nqu acoo = bpm
nqv = pei
nqw acop acoo acoq = cna tsw qif
nqx acoo acop = adh ekn
nqy acop acoo acoq = zkc (iva tqs ddx)
nqz acoo = omq
nra = dvc acoj abjr
nrb acoo = mwp qko
nrc acoo = ce wwv
nrd acop acoo = fal etc abhd
nre = gyp wkb
nrf acoo acop = pwe xxx
nrg acoo acop = exr
nrh = tcv vw
nri acoq acop acoo = eew (cdw fdc)
nrj acoo acop acoq = lrr
nrk acoo = vms fwl
nrl = vic gsj lsn
nrm acoo = aard
nrn acoo acop acoq = rzf uak lvf
nro acop acoo = qwp iod vxr
nrp acoo acoq acop = rls xyv
nrq acop acoo acoq = zux wqw uon dga
nrr acop acoq acoo = qow iog nzh
nrs = kco
nrt = lqa
nru acoq acop acoo = tki
nrv = gay jsy
nrw acoo acop = zcr os pof
nrx acoo acop acoq = nxn
nry acoo acop = wbf dqg
nrz acop acoq acoo = ego
nsa acoo = abri
nsb = ucc wyl ryp
nsc = ywy bwo bgw absc
nsd acop acoo = uij aalz jda
nse acoo acop = ypt fwh
nsf acoo = cvz ihz
nsg = hyq ufg
nsh acoq acop acoo = pao
nsi acoo = hws
nsj acoo = ccu bqd
nsk = urj yeh bux aanx
nsl acop acoo = edp aboq
nsm acop acoq acoo = aajg
nsn acop acoo acoq = iok
nso acoo acoq acop = yxk
nsp acoo = jwb
nsq acoo acop acoq = tfe
nsr = jcx
nss = jlq jch
nst acop acoo = xkl
nsu acoo acop = hfk
nsv = hu
nsw acoo acop = usr
nsx acoo acop = gfd rsu
nsy acoq acop acoo = aall hfe jgz wpm
nsz acoo = evn
nta acoo acoq acop = htm qdf
ntb acoo = elx kax kju whe
ntc = tlh
ntd acoo = oqh
nte = aars
ntf acoo acoq acop = xbf
ntg acop acoo = bhq
nth = abjq
nti acoo = wco
ntj acoo = bcc pso npf gxb
ntk acoo acop acoq = ysz
ntl acoo = uvq
ntm acoo acop = wxm
ntn acoo = gdv
nto acoo = qfo spy
ntp acop acoo acoq = kwe
ntq = zdn nvw
ntr acoo acop acoq = gez
nts = ecw
ntt acoo = zbp
ntu acoo acop = xpy
ntv = ih
ntw acoq acop acoo = lca
ntx acoo acoq acop = aarx
nty acoo acop = ury
ntz acoo acop acoq = jdg
nua acop acoo = jsn
nub acoo = bom nuo
nuc acop acoo = yaq dho
nud acop acoo = tvp hv tey vhq
nue acoo acop = hzc lsq um
nuf acoo = uzq
nug acoo = baw
nuh acoo = nuc
nui acoo = cah
nuj acop acoo = djo
nuk acoo acop = odv sgz ban cnf
nul = lxg
num acoq acoo acop = mmm acnl
nun acoo = bjj
nuo acoq acoo acop = rfs
nup = abiq kar xab
nuq acoo acop = aceh acez ybb owv
nur = gtx kmf txo
nus acoo = hel
nut acop acoo = vju
nuu acoo acop = xmy tpz
nuv = igd
nuw acoo = apa tvd ipo siz
nux acop acoo = zbf
nuy acoo acop = mlt ru
nuz = smf
nva = ez yku jht
nvb acoo = ikp
nvc acoq acop acoo = fzk vnt aazl
nvd acoo acop = mtd
nve acop acoo = acly nqk qih uep tpu
nvf acoo acop = wci rrt
nvg acoo acop = sgv ipr pwt
nvh acop acoo = rlc
nvi acop acoq acoo = tas caj dzm
nvj acoo = aama
nvk acoo = lom
nvl acop acoq acoo = tkv
nvm acoo = lf xdm
nvn acop acoo = dct
nvo acop acoo acoq = xww jez
nvp acoo acop acoq = psk
nvq acoo acop = twh
nvr = ocj
nvs = fzp
nvt = mtm
nvu acoo acop = aawc mlf xra vkc uyg
nvv = mum achu bo kfy
nvw acop acoo = spg
nvx acoq acoo acop = acmw dsb qys
nvy acoo acop = cmx
nvz = geo
nwa acoo = rqv oyg
nwb acop acoo = yws vsn wcy
nwc acoq acoo acop = jef wru achr sgd
nwd = djv iyg
nwe = wah
nwf = vyn fcx ajs nlq
nwg = zuw
nwh = vbo aahn
nwi acoo = gqb
nwj = cak deq
nwk acoo = nde
nwl acoq acoo acop = ius sjl
nwm = whs ftk
nwn = pnc
nwo = ktq zwa bjq
nwp acoo = vqz ptw
nwq = dqs fzi
nwr acoo = lbn
nws acoo acop = zuc opd oip
nwt acoo = absl jn oro
nwu acop acoo = mwl
nwv acoq acop acoo = rkg
nww acoo acop acoq = qiu hor roo
nwx acoo = pnr ujr
nwy acoo = agu (acav abqm)
nwz acoo = fhl
nxa acoo acop = zm
nxb acop acoo acoq = drs hhc qag
nxc acop acoo = lg qhs abqx
nxd acoo acop = iwk
nxe acop acoq acoo = laj
nxf acop acoo = xyi abmq
nxg acoo = ljo fxy
nxh = yry
nxi acoo acop = sxg var
nxj acoo = ygs pyf
nxk acoo acop = lry
nxl acoo acop = vod qbg (iuy eqs)
nxm acoo = ptn
nxn = ywc xdg
nxo acoo = xqy
nxp acoo = smd
nxq acop acoo = abfr
nxr acoo = aavi
nxs = ele
nxt acoo acop = edc
nxu acoq acop acoo = ktr yvc
nxv acop acoo = sbm
nxw acop acoo = kpz bwz
nxx acoo acop = niq
nxy = ljr
nxz = dml giw
nya acoo = cpy
nyb acoo acoq acop = ugk
nyc acoo acop = rwo rea dyz
nyd acoo = hls
nye acop acoo acoq = cif iab
nyf acop acoo acoq = igi
nyg acop acoo acoq = aats
nyh acop acoo acoq = qug bdk
nyi = qhw mhy svx
nyj acoo acop acoq = qvh
nyk acoo = spz
nyl acoo acoq acop = zzt jte
nym = aabe ggc nxc
nyn = kgq
nyo acoo acop = tua abz
nyp acoo = gbu rox
nyq = cbb
nyr acoq acop acoo = swe
nys acoo = swr
nyt acoo = yli hie
nyu acop acoo = jde io yxv
nyv acoo = qtb xoo
nyw acoo = cao phn ile
nyx acop acoo = jnz
nyy acoo = aaak
nyz acoo = veg
nza acoo acoq acop = up acdm
nzb acoo acop = tgr
nzc acop acoo = rqi
nzd acoq acoo acop = pzl
nze acoo = acit riz xmk
nzf acoo = wbz
nzg = qkz
nzh acop acoo acoq = ztg
nzi acoq acop acoo = gdo (qye mwe zsn)
nzj acoo = whr
nzk acoo = zxb rk hkd
nzl = aaye
nzm acoq acoo acop = fby jme
nzn acop acoo = wph
nzo = xpx yjd (rge zkc) uvf
nzp acoo = cav fmc mrc
nzq = qkd jgi
nzr acop acoo acoq = ugf
nzs acoo = xrf
nzt acoq acoo acop = plc
nzu acoq acop acoo = rif
nzv acoq acop acoo = vct
nzw = tsd nuq ghw
nzx acoq acop acoo = nvg
nzy acoo acoq acop = jxn
nzz acoo = zie fce ahk
oaa acop acoo = zoo jwv guj bva
oab acoo = fbk
oac = crz ytf zdh
oad = lbe qiv
oae acoo = kad mlt ukk nvl
oaf acop acoo = aawg
oag acoo acoq acop = xfm (hzn vzh)
oah acoq acop acoo = acnx knx
oai = wtb zay
oaj acoo = aauh vvg
oak acoo acoq acop = kfn kgk ytb
oal acop acoo acoq = ej
oam acoo acop acoq = inp
oan = cnt dwo
oao acoo = ggc
oap acoq acoo acop = wum
oaq acoo acop = znd
oar acoo acop = lcz
oas acoq acop acoo = jrc ato oku iyi
oat acop acoq acoo = rxx byl kjs
oau acoo = bcj esm
oav = ira
oaw acoo = xai
oax acoo acop = rnf
oay acoo acoq acop = kyj
oaz acop acoo acoq = aage hzj
oba = ehs itg xnc
obb acoq acoo acop = zfd
obc acoo acop = elx
obd acoo = wtp
obe acoo acoq acop = qyq
obf = lgi
obg = nov
obh acop acoo = hyu
obi acoq acoo acop = pkp
obj acoo acop = bex
obk acoo = ter qnt
obl acoo acoq acop = oqx
obm acoo acop = aawz fxk hdf
obn acoo = wwk kxt yco xas
obo = ume
obp acoo = rkq
obq = tts
obr = hqy
obs acoo acop = mni uld jxu
obt acoo = xvh
obu acoo = bko
obv = tze
obw acoo = xvv
obx acoo acoq acop = weq phs rpk
oby acop acoo acoq = yjr ipt aln
obz acop acoo = exa aix
oca acoo = obn tok
ocb acoo = dpf
occ acop acoo = tjm bfn
ocd = dhn
oce acoo acop = nrt mhk
ocf = rbf pa
ocg = xkg kce kid dur kjo
och = fog yvf wfv zdk
oci acoo = qwl
ocj = qmk boq dik
ock = oqg
ocl = bco
ocm acoo acoq acop = acke dyh
ocn acoo = aayq fcf cnj njh
oco acop acoo = cha mpy kky
ocp acop acoo acoq = vmt yrd
ocq = ygi pgx
ocr acoq acoo acop = hzk bbq
ocs acoq acoo acop = aks
oct acoo acop = sdb lff
ocu acoo acop = exp lve
ocv = pdf
ocw acop acoo acoq = dxx qlv
ocx acoo = bis ass
ocy acoo acop = fwn xbl znv
ocz acoo acop = xkh ayr qbr
oda = aro
odb acoo = avm
odc = abrm
odd acoo = fbv abjs
ode = pfw quv
odf acop acoo = hxw euu
odg acoo = hrv
odh acop acoo = jpm
odi acoo acop = xwi
odj acop acoq acoo = yus fim ztr mre ut
odk acop acoo acoq = vbj
odl = wcc
odm acoo acoq acop = ial (vbq ito)
odn acoo acop acoq = ntl
odo acoo acop acoq = smo
odp acoo acop = pqt gnl
odq acoo = gpc
odr acoo acop acoq = mtv
ods = did ezj
odt = fbz
odu acoo = abtk fxe yha dqw exi
odv acoo acop acoq = edg
odw acoo = bwu khi
odx acoo acop = tof zsg acng tzs
ody acoo acop = yye
odz acoo acop = hty wep umf twc
oea acop acoq acoo = phv ubr flk
oeb acoo = duq bi
oec acoq acoo acop = etl qun nqp
oed acoo = kdf bwp
oee = szx
oef acoo = tqj
oeg = xpt vbx wbn
oeh acoo = ehf
oei acoq acop acoo = xeh
oej = qux aux pvm dmi
oek acoo = tfb
oel acop acoo = gmt
oem acoo = duv
oen acoo = cuc
oeo acoo acop = oys hdt mco
oep = wwe
oeq acoo = phm vfu oil pqb
oer acoo = tmx
oes acoo acop = tmd
oet = xrj
oeu = fph
oev acoo acoq acop = syu zyl
oew = gmz mdc fpi qok
oex acop acoo = cr
oey acoq acop acoo = jbv
oez = nvb
ofa acoo acop = qga
ofb acoo = wxy
ofc acop acoo acoq = omr
ofd acop acoo = gwa
ofe acoo = abjq
off acoo = mhi
ofg acop acoo = vzm vmq
ofh acoo = xoi tqs
ofi acop acoq acoo = n
ofj acop acoq acoo = fjz ccj
ofk = mkk
ofl = hqn xix wim
ofm acop acoo = bnz
ofn acop acoo = lyj
ofo acoo acop = ara
ofp acoo = zlp
ofq acoo = abke
ofr acoo acop acoq = cfv
ofs acoo = dbd
oft acoo = abwg
ofu acoo = tld dz
ofv = icc
ofw acoo acop = bdz grp tdh ygv
ofx acoo = kmr gjk
ofy acoo acop = apr abyp
ofz acop acoq acoo = dai
oga = zwz
ogb acoo = yob
ogc = aiy zqn (cao cdm)
ogd acoo = rld
oge = tqh yun (fwh zhm) bkk
ogf acoo = ebr
ogg acop acoo = mar
ogh = ckv
ogi acoq acoo acop = qzf
ogj acoo acop = lhu
ogk acoo = ggo
ogl = nzf jxg aaif fub
ogm acoo acoq acop = cgm
ogn acop acoo = ycg qvg idw
ogo acop acoo acoq = fcl xdm qiz
ogp acop acoo = bpr xsk ups
ogq = xjl
ogr acoo acoq acop = lpo
ogs = qaj
ogt acop acoo = jsh uyo nbn ssb
ogu acop acoq acoo = bkm tro
ogv acoo acop = qzz
ogw acop acoo acoq = abkj xvi abhk
ogx acop acoo = prv tqk
ogy acoo acop = lsh uws avq
ogz = xnv civ cvk
oha acoo = rrg moe mum wah iij
ohb = tgh
ohc = aku
ohd acop acoq acoo = lfh
ohe acoo = tqq
ohf = ziu
ohg acoo acop acoq = jvs eiy uew nlo
ohh acoo = onw
ohi acoo acoq acop = iuc
ohj acop acoo = lpk
ohk acoo acop = oze
ohl acop acoo = rue myy
ohm acoo = cgj
ohn acoo acop = ekk jmn ndg krv
oho acoq acop acoo = tpi mnp vtj djb
ohp acop acoo = sht qrz
ohq acoq acoo acop = kzc
ohr acop acoo acoq = hsc
ohs acoo acop acoq = rhp
oht = nmh
ohu = iko eib
ohv = aaxh ing mxl est
ohw acoo acoq acop = ayc uph
ohx = qce (nbx mtp)
ohy acoo acop = tzs
ohz acop acoo = liu
oia = flp bml ddm
oib acoo acop = uwb
oic = ckp
oid = uyv
oie acoo = achy grn
oif = yur
oig acoo = bsh
oih acoo acop = byr blm
oii acoo = rwy
oij = olz zec
oik acoo = hjr
oil acoo acop = jwb ebc gyw
oim acop acoo = hre zir
oin acoo acop = qum
oio acoo = ute
oip = aaip sgz skv kxv rpw
oiq = xht idg jjk fg
oir acoo acop = jkv
ois = map cgf pzb
oit acop acoo acoq = aboc
oiu = jec
oiv = kos
oiw acop acoq acoo = njt
oix acoo acop = bwb fcn
oiy acoo = ams hks
oiz = lrh wzy buv
oja = tzf
ojb acoo acop = kzw (ackf ypf)
ojc = xvr abvw
ojd acoo = pjr
oje acoo acoq acop = utz ntq
ojf = wtv hik bar ryn
ojg = kmz abpe iod
ojh = ablf rhk
oji = cnm
ojj acoo = trx
ojk = byw
ojl acoo = jkd
ojm = uls
ojn acoo = zfn
ojo acoq acoo acop = sux tbb ard vaj
ojp acoo acop acoq = rsq wec (dlg vzg)
ojq acop acoo acoq = tbk
ojr acoo = gzt
ojs acoo acoq acop = gkv bxx djr lup
ojt acoo = sls
oju acoo = iki
ojv = qmw ava
ojw acoo acop = wen yfh
ojx acoo acoq acop = abek
ojy acop acoo = aboo
ojz = yef
oka = aaes iax
okb acoo = aaqy
okc acop acoo = aatr
okd acoq acop acoo = xw
oke acop acoo = acby
okf acoo acop acoq = dtl kn dqz (aaxo pni)
okg = pse
okh acoo = ttw wof
oki acoo = trm
okj = kgl omq
okk acoo acop = pso xsl
okl acoo = vzi bow cxy
okm acoo = ifh
okn = vbz
oko acoq acoo acop = mso
okp = aaab
okq = buk
okr = hnu aauj rc aapl
oks acop acoo = kxk
okt = acci abkt mfk
oku acoo = yvm
okv = kff
okw acop acoo = aadw achq
okx acop acoo = bpi
oky acoo acop = nve
okz acop acoq acoo = vsp szm
ola acop acoo = oyx
olb acoo = eqr
olc acop acoo = jww
old acop acoq acoo = dzk
ole = kvd nvn nr abqz
olf acop acoo = rjy iqt noe
olg acop acoo = orv
olh acoo = mvx gpq yds nkp
oli = cbs gfr pwb nrx wga
olj acoo = kqb
olk acop acoo = lyy oyb
oll = abzr ppn
olm acoo acop = abqk grz
oln acoq acoo acop = hvo
olo acoo = vle jk aasa mbq
olp acoo = js
olq acoo acop = yce
olr acoq acoo acop = eul
ols acop acoo = swf
olt = zou
olu = ukp
olv acoo acop acoq = tn jxu co gvw ved
olw acop acoo = tjb
olx acop acoo acoq = tbi mis env (agu abli)
oly = aatp shs yjs
olz acop acoo = ow aavf (bs abqt)
oma = wqc
omb acoo = aae
omc acop acoo = mtd
omd acoo = ynw ejo nen wba
ome acop acoq acoo = rtp
omf acop acoo acoq = zvu
omg = xvv rch
omh acoo acoq acop = aqe
omi = ybg xzb
omj acoo = nuw
omk acop acoq acoo = npp kzb sac
oml acop acoo acoq = uii pso (gbl xte)
omm acoo acop = rwl
omn acop acoq acoo = kfd ji
omo acop acoo = nue (gwl hyt) rte
omp acoo = ffh
omq = jnf acif qxz
omr = kzc fiq
oms = oxf qmc hly sxa
omt acoo = qzo
omu acoo acop = nru eff
omv acoo = qok xqx phl
omw acoo acop = hv acix
omx acoo acop = oqx
omy acoo = vwg
omz acoq acoo acop = lvb axt
ona acoo = aaax
onb acoo acop = swv
onc = nni
ond acop acoq acoo = leh pqb wkl
one acoq acop acoo = wvv
onf acoq acoo acop = uob
ong acoq acoo acop = jsv (qns ddm mbg)
onh acoo acop acoq = sgf
oni = vib
onj acoo = aaqg iic roo abdh
onk acoo = vkb
onl acoo = rnc
onm = zxm
onn acop acoo = xdi mvx
ono acoo = fwf
onp acop acoq acoo = nuv
onq acoo acoq acop = bia
onr = suw yqx zir
ons acoo = rju
ont = mnn
onu acoo acop = wlj
onv acop acoo = abrw (gpb hos aaen)
onw acoo acop = iru
onx acoo acop = rfn
ony acop acoo acoq = swf fsj
onz acoo = kfb ksl
ooa = nqu
oob acoo = tdy mvz
ooc = ahg xqj
ood acoo = jfa bnu suq joe
ooe acoo = bkr vgb odf
oof = uai acbi aacb
oog acoo acop acoq = hdg
ooh acoq acoo acop = avn
ooi = gke
ooj acoq acop acoo = myu
ook = cgl uya
ool acoo = psr tux
oom acoo acop = urh ckb
oon = vur (dvd (zyy abdk) abhv)
ooo = abis all
oop acoo = qfk
ooq acoo = szc
oor acoo = acfr
oos acoo = pho
oot acoq acop acoo = yqg
oou acop acoo = txd
oov acoo acop = abjy beq
oow acoo = pln
oox acoq acoo acop = sne
ooy acoo = ruh qvs
ooz acoo = azr aayn
opa acoo acop acoq = zea
opb = hzz
opc acoo acop = ypr
opd acop acoo = xmj mrn
ope acoo acop acoq = kky hd bue tng dpw
opf acoo acoq acop = zqq
opg acoo = bls uuz lvb noe
oph = uyx
opi acoo acoq acop = gqs
opj acoq acoo acop = sok csx
opk = lrp mrh scb
opl acop acoo = phr vzy
opm acoo = mca srx ooq
opn acoo acop = ufy
opo acoo = naf
opp acoo acop acoq = sto lxs
opq acoo acop = acgz xpd
opr = jmx
ops acoo = jur urd fzi pyh
opt acoo = aoz
opu acoo = tok
opv = wbb xuh ysv
opw acoo = zhq pto
opx = vwl
opy acoo acop = ljn
opz acoq acoo acop = nrl
oqa acoo = fyx cau sta
oqb acoo = gnh rfp
oqc = ydc
oqd acoq acop acoo = der
oqe acop acoo = nxx aahk nqw aif
oqf acoo = awt vjq
oqg acoq acop acoo = aaaw
oqh acop acoo = qiv hel kql
oqi acoo acoq acop = izc kbu
oqj acop acoo = aadg
oqk = kyn
oql acop acoo = eek coc
oqm = deq
oqn acoq acop acoo = mdy txh hbc
oqo = yev
oqp acoo acop = yco aakc
oqq acoo = wkw ruw rsw uov
oqr acoo acoq acop = odl vnr wws
oqs acop acoo = uyr
oqt acoo acop = aavd tio
oqu acoo = xgo
oqv acoo = jwk xxo
oqw = dky
oqx acoo acop acoq = aakw
oqy acoo acoq acop = kif pwp icy
oqz acoo = kyu
ora acoo acop = ggp doe
orb acoo = akw (ogp xru)
orc acoo = abwt dcs
ord = acan aclo
ore = aavx
orf acoo = mxx
org acoo acop = zoa
orh acoo = rcs xcz rbo myy
ori acoo = etx wlj arm qtl
orj acoo acop = nqi
ork acop acoo = mfq zgo
orl acoo = mxa
orm acoo acop = xkk
orn = pgu
oro acoo acop = prq iam jez lef
orp acoo = enq exa
orq acop acoo = omw
orr acoo acoq acop = kfi hoo klb abvx sad
ors acoo = rgo
ort acoo acop acoq = xxx
oru acoo acop = kij
orv acop acoo = tel pzv kna jcs kuc
orw acoo = aaur obc
orx = grs
ory acop acoo acoq = yso lor isv
orz acoo = ohy
osa acop acoo = boo
osb acoo = zar
osc = pbf bmj nwl whm
osd acoo acop = ptm
ose acoo = uwg lap
osf acoo acop = igx huk lbp
osg = hya
osh acop acoo = pg
osi acoo = kdr eto
osj acop acoo = jfo
osk acoo = ldr ugi
osl = rhr nps rji
osm = sqg
osn acop acoo = qcv fue
oso acop acoo = act
osp acoo = iar hua
osq acoo acop acoq = slf
osr acoo = adr eun bww
oss = gwd
ost acop acoq acoo = jzd
osu acop acoo = whl oyl
osv acoo = wkp acen
osw acoo acop = had
osx acoo acop acoq = lwl bju aq
osy = ypk kft
osz = pes
ota = nvf whb aatw
otb acoq acop acoo = asr
otc acop acoo acoq = sc ald jhr xax
otd acoo acoq acop = jne
ote acop acoo acoq = bsx zhr
otf acoo acop = lkz
otg acoq acoo acop = cfe
oth acoo = ymp
oti = cqa tgf
otj = vqw
otk = ckj xfj
otl acoq acop acoo = rnh
otm = htk
otn acop acoo acoq = wde
oto acoo = pkm rst
otp acoo acoq acop = fqu
otq acop acoq acoo = mpp
otr acop acoo = pek zgk uch
ots acoo acop = zum zdi scm
ott acop acoo = tgr
otu = lvr esj
otv acoo acop = gni
otw acop acoo = nku
otx acoo = aqf
oty = gqf
otz = eww
oua acoo acop acoq = sdp
oub acoo = hga ydu
ouc acoo = osq bpy
oud acop acoo acoq = ayv
oue acoo = smf
ouf acoo = wco ujp szk
oug = xhm
ouh acoo = fch vcy
oui = wlv hs
ouj acoo acop = yls aayl
ouk acoo = cws rio ceg ofd wzc
oul acoo = ijo
oum = tgw
oun acop acoo = ndx knw
ouo acop acoo = hwf
oup acoo = emi lzj
ouq acop acoo = lxt ffk lyz
our = iyj tdz
ous acoo = byn jjc
out acop acoo = new
ouu acop acoo acoq = wej
ouv = evj
ouw acoo = tl acbu zcr
oux acoq acop acoo = pqz
ouy = fag
ouz acoo acop = abdb cgw
ova acop acoq acoo = lux mpc bbm
ovb acoo = rmn
ovc acop acoq acoo = aud
ovd acoo = tjg
ove acoo = yiy fzz
ovf = kvt
ovg acoo acoq acop = ikv
ovh acop acoo = wgj
ovi acoo = dss ini (vbh abio)
ovj = abaz
ovk acop acoo = yr dko abeo
ovl = zey ijw
ovm acoo = fks djc az tmb
ovn acop acoo = vua
ovo = wsz dux
ovp = acim aaue jur hfc
ovq acoq acoo acop = ypt cca oft
ovr acoo acop acoq = sdm
ovs acoq acop acoo = abb xjn achv
ovt acoo = seh hii
ovu acoq acop acoo = kvy
ovv acoo = yun
ovw = slv sig
ovx acoq acop acoo = vvo
ovy acoo = vzx
ovz acop acoo = aabn lmp wtr
owa acoo = rve zrt qtl jtq tck
owb acop acoo acoq = rhd
owc acoo = brs oer zkh
owd acoo acop = ehv bqi
owe acoo acop = pjb
owf acoo acop = rqv
owg acop acoo = sm abxt fxm
owh acoo = cm
owi acop acoo acoq = kpt
owj acoo acop = niy xpc odl
owk acop acoo = dwc
owl acop acoo = jjk
owm acop acoo = lcd
own acoo = oft aarf ogp
owo = ovo
owp acoo acop = dqa
owq acoo acop = xdb rem
owr acoo = kbx
ows acoq acop acoo = zic
owt acoo acop = ayq
owu acoq acop acoo = mgh ktd dly xsd
owv acop acoo acoq = cdx
oww acoq acop acoo = kug
owx = hqb
owy acoo acoq acop = kfg
owz acoo acop acoq = zmm
oxa acoo = aajh jiy iup
oxb acop acoo = lyq
oxc acoo acoq acop = vgh
oxd acoo acop = dye
oxe = eka
oxf acop acoo acoq = ysc jlt
oxg acoq acoo acop = qqz vai hnk rux hfo
oxh acop acoq acoo = xhe (jml jjf)
oxi = achs abhk acnx tkp
oxj acop acoo acoq = rkt sve
oxk acop acoo = awe rmb aut vmf
oxl acoo acop = cyc
oxm acoo = pfa
oxn acoo = bpq nnv
oxo acoq acoo acop = hyl
oxp acoq acoo acop = qpt mki svp
oxq acop acoo acoq = mku
oxr acoo acop = buw
oxs acoq acop acoo = eps
oxt acoo = mhl shs
oxu acoo = lfx ced hmn
oxv = ktk laa
oxw acoo acop acoq = bft qde
oxx acoo = abmf
oxy acop acoo = nbj
oxz = jsj zt gpd
oya acoo acop acoq = pjw
oyb acoo = vhy vfq
oyc acop acoo = gqy
oyd acop acoo = ojp
oye = cmq
oyf = aajg fre wwv
oyg acoo acop = vjy
oyh acop acoq acoo = lzm
oyi acoo = bjs
oyj acoq acoo acop = hqm
oyk acop acoq acoo = jwu tfk xzl tzc
oyl acoo acop = yss
oym = cwy yrg
oyn = kma
oyo = sjw acoi
oyp acoo acop = aazd ely avz
oyq acoo acop = tl
oyr acoo = abid ikx pdt
oys acoo acoq acop = udn
oyt acop acoq acoo = lso
oyu acoo acop = fre
oyv acoo acoq acop = aaxs otu iaw wkh
oyw acoo acop = aadv
oyx acop acoo = hli rpb
oyy acoq acop acoo = civ flt
oyz = bza
oza acoo = buh acib
ozb acoo acoq acop = yca
ozc acoo acop = fhz
ozd = zcd
oze = upz
ozf acoo acop = fmh zah gcj
ozg = wof aaaz rzk
ozh acoq acoo acop = fqq
ozi acoo acop acoq = ula uw aage
ozj = nbf
ozk acoo = bun fxy xbg acav
ozl = frg rfq hg
ozm acop acoo acoq = bvw mfr bzp
ozn acoo = vi
ozo acoo = gmd
ozp acoo = lwf uqx fzh fwa
ozq acoo = qyn iiu hlp oku
ozr acop acoo acoq = aub mcs
ozs acoo acoq acop = zrw
ozt acoo = zpp
ozu = aayk bkf abtd
ozv = kit
ozw acop acoo = ape
ozx acop acoo acoq = atl
ozy acoo acoq acop = gna
ozz acoo = bxu
paa acoq acoo acop = aaai
pab = cua cyb
pac acoo acop = jff
pad acoo = qp (jiy xcg)
pae acop acoo acoq = bej
paf acoo = gpx
pag = taw
pah acoo = bhs
pai acoo = uub
paj acoq acoo acop = qbg mqw
pak = guk
pal acoo = gyn
pam acop acoo = crk
pan acoq acoo acop = ibt
pao acoo acoq acop = unk
pap acoo = voj tej abfy cla
paq = abks
par = achl an abbm
pas = klm
pat acoq acop acoo = vbu dyn
pau acoo = evf
pav acop acoo acoq = asj
paw = tth
pax = vpu
pay = vxw
paz = zh tnl www
pba acop acoo acoq = aagi
pbb = ydf
pbc acop acoo = igy
pbd = hvd qld
pbe acoo acop acoq = mgh
pbf acoo acop = yyl
pbg acoo acop = wkg tuz mis
pbh acoo acop = csh
pbi = vjl pem gpe
pbj acoq acoo acop = eln
pbk acoo = fbh
pbl acop acoo acoq = ege
pbm acop acoo = kbw
pbn acop acoo = nky yea
pbo acop acoo acoq = tfl
pbp = fo rxa abyj woy
pbq acoo = gyh ktj sxt
pbr acop acoo acoq = zdo
pbs acoo = irw dwn yis uwi
pbt acoq acop acoo = fmk absi ohu aaow gue
pbu acop acoo acoq = rce ouu
pbv = saz ebu
pbw acoo acop = ali fqh zfx wxd abko
pbx acoo = dts
pby = qeb yex gia
pbz acop acoq acoo = chi okx
pca acoo acoq acop = pfo zed fgi mnk
pcb acoo acop = kae yoo spy
pcc = oko vtm unu
pcd acop acoo = gra dld
pce acoo acop = qcm ltg qvh tdr
pcf acoo = hvz
pcg acoo acoq acop = achm
pch = iyn
pci acop acoo = abot
pcj = zsf
pck = zjo
pcl acop acoo = qtk (rsq vxb) vvp
pcm = evo
pcn acoo acop = wsr cfw
pco = aiy (byk xlw ngv)
pcp acop acoo = giw
pcq acop acoo = kae vyy nit
pcr acoo = yrn
pcs acoo acoq acop = ett dyn jpq mpw
pct acoo acop = aow
pcu = dkm jkn kfv dmf kfx
pcv acop acoo = uid
pcw acoo acop = knm
pcx acoo acoq acop = enu
pcy = jfu yvp
pcz acoo = ouv myx fdk
pda = aim znq
pdb acoq acoo acop = hxr
pdc acop acoo acoq = smp zxz
pdd acoo acop = ygp ihp
pde acop acoo = yfb ivo ubb
pdf = oux
pdg = aqn
pdh = lmh
pdi acoo acop = cxv ytv hsp lqd hpl
pdj acop acoq acoo = absf
pdk acoo = qvg ubw yfz
pdl acoo = bvj
pdm acoo acoq acop = jzu iup uqv qkx
pdn acop acoo = qjm rkf (cxp ifh zjp)
pdo acoq acoo acop = bjr
pdp = qat reb
pdq acoo acoq acop = aajk
pdr = mhx
pds = xik
pdt acoo acoq acop = mwm
pdu = onu xic
pdv acoo acop acoq = ptv (loj uqa vqn)
pdw acop acoo = edf
pdx acoo acop acoq = abni
pdy = uea vlm nba
pdz acoo = zrw
pea acoo acop = fjm xnz
peb acoo = nmp
pec = pqn
ped acop acoo acoq = qik
pee acoo acop = unr ackx zuv ksx qdl
pef acoo acop = achn zdz
peg acop acoo acoq = igq sum cxl
peh = zsx
pei acoo acop = bal axa
pej acoo = fjs
pek acoo = kmj rag oeb shu
pel acoq acoo acop = ioa qxm
pem acoo = ubb
pen acoo acop = ste
peo acoo acop = sju abvd qbo ssx
pep acop acoq acoo = nrx
peq acop acoo acoq = ndo
per acoo acop acoq = aaym tkc
pes acoo = ccl gyf
pet acoo acop acoq = rvt hzb cvb esr
peu acop acoo = tg qhy yn ije
pev acoo = xqq dse
pew acop acoo = kvt aaph pqi abjf
pex = xgq
pey acoo = rhk
pez acop acoo = knr twz ugw
pfa acoo acop = aacd
pfb = aail
pfc acoo acop acoq = jyv gxu tvg rax dlr
pfd acoq acop acoo = msr acdh
pfe acoo = ciu zuq bme
pff acop acoo = zev
pfg acoo = foy ifc eru lmz
pfh acoo acop = saj jnd tzt huv seb
pfi acoo = aahu sxd abuf
pfj acoo = hzl pmb
pfk acoo acoq acop = vza iya
pfl acop acoo = xlx xrr
pfm acoo acop acoq = aamk
pfn acoo acoq acop = xja abwc pxp abwx
pfo acoo = aark voo kra uzc
pfp acoo = kml
pfq acoo acop = mgc
pfr acoo = tcg ztp zpr
pfs acop acoo = smd cd (ors umq)
pft = lnd
pfu acoo acop acoq = svc
pfv acoo acop = ify agm
pfw acoo acoq acop = pmv alx
pfx acoo = cht chr fyo
pfy = vrm
pfz = eyy guo (pbu sdl abed)
pga = ovt
pgb acoo acop = bnf
pgc = yie
pgd acoo = iav
pge acoo acop = qvo
pgf = wnf hln yct pyd
pgg = ppd egp
pgh acoq acop acoo = fra
pgi acoo acop = cux
pgj acoo = oln
pgk acop acoo = xiy
pgl acoo acoq acop = lzm
pgm acoq acoo acop = imu wmk tnb tz
pgn acop acoo = kmm
pgo acop acoo acoq = wgm abeu
pgp = aane
pgq acoo acop = zmx
pgr = aajb fce
pgs acop acoo = zzh
pgt acoo = st
pgu = jqk
pgv = xpf
pgw = voj
pgx acoo acop = achz
pgy acoo acop = rwf
pgz = aaik
pha acoq acop acoo = edn
phb acop acoo = wfx
phc acoo acop = rqs
phd acoo acop acoq = acne
phe acop acoo acoq = ylo cej zyq vxx pvo
phf acoo acop = abak neq kpt
phg acoo = czm
phh acoo = gwk
phi = uzm oyr
phj acoo = cey
phk = vh rbe
phl acoo acop = iqz bdn
phm acop acoo = tpb
phn = jt
pho acoo acop = hwt
php acoo = alp
phq acoo = abov
phr = jba
phs acoo = iex
pht acoo acop = kbm
phu acoo = hor spq ths
phv acoo = frv
phw acoo = xxs qyq cpg
phx acoq acop acoo = nen rnq niz
phy acop acoo = dtt dex onf
phz = enf
pia acop acoo = snk xs hsk
pib = upa
pic acop acoq acoo = aaff kev ppn
pid acop acoo = zlk
pie acop acoo = aaon
pif = aapx
pig acop acoo acoq = csl evx
pih acoo = aaxx jac onq eti
pii acoq acoo acop = kyb abqz
pij acop acoo = oqn
pik acop acoo acoq = sce
pil acoo acop = rfb
pim acop acoo acoq = izr
pin = fls xuu bmj qlu
pio acop acoo acoq = dwr qxj aavy qsz
pip acoq acoo acop = ngi
piq acoo acop = jhi ihh
pir acoo = msq
pis acop acoo = fhi
pit acoo = nvf
piu = nq (aatr dhf acik)
piv acop acoo = oce
piw acop acoo = pre oqa
pix acop acoo = cwf uvz itg kcs zpu
piy acop acoo = aatl dwg tpr qsu feq
piz acoq acoo acop = bhk otc
pja acoo acop = qu
pjb = dix
pjc acop acoq acoo = abbn dcv efr
pjd acoo acop = dnz kmh nru wsc
pje acop acoo = kfg see xxi
pjf acoo acop = tge (hlt ofy)
pjg = bcy fky ref kgs
pjh = dsg rfn doj vco
pji = dva fdz
pjj acop acoq acoo = lgc
pjk acoo = kmw
pjl acoo = deg
pjm acop acoo = qbp xxg imt
pjn acoo acoq acop = krq bfe zjb
pjo acop acoo = xud vfr wyf acky dpc
pjp = dtx lul mao
pjq acop acoo = rwk
pjr = sbu acjf caa
pjs = aclu mon
pjt acoo = cdk
pju acoo = aafj xdi dei
pjv acop acoo = hcp rfh cwq
pjw acoq acop acoo = ceg
pjx acop acoo = fnp
pjy acoo = idf lxr twm
pjz acoq acop acoo = bva
pka = qfd
pkb acop acoo = hjk
pkc = abwa wmx
pkd acoo = qlg rod
pke acoo acop = iiw
pkf = eru qmz od
pkg acoq acoo acop = cjq
pkh = tlc
pki acoo = txm kmv pyk
pkj acop acoq acoo = aate
pkk = gea ghq
pkl acoo = ule
pkm acop acoo = bej
pkn acoo = erf bkb
pko = sho awq
pkp acop acoo = kkc (ksx acs iyw)
pkq acoo acop = zrk vvr
pkr acoo = unb hhg ewn
pks acoo = mfb
pkt = blp
pku acoo = feq
pkv acoo acop = evd eby xih
pkw acoo acop acoq = asv iww acky yve tje
pkx acop acoo = aams rrq ilr
pky acoo acop acoq = wri sbj rdb
pkz = dxk aabw vv
pla = yew
plb acoq acoo acop = bpd
plc = uzn xvq aarn
pld = suo dif
ple = zwl
plf acoo acop acoq = tug
plg = bmv ciq hfw
plh acoq acoo acop = pxi
pli acoo = wrm
plj acoo = cug mmh ckp
plk = fnz
pll acoq acop acoo = zjs
plm acoq acoo acop = bhf
pln acoo = uxb
plo acoo acop = zhm ble bnz
plp acop acoo acoq = qmu cmc
plq = oks beq
plr acoo = ith rll hlt
pls acop acoo = wuf
plt acoo = pvr
plu acop acoq acoo = ujk
plv = vxc tlz xiv
plw = ngs
plx acop acoo acoq = vjk gai
ply acoq acop acoo = abrl
plz acoo acop acoq = crp
pma acoo = qcf
pmb = akf
pmc acop acoo acoq = eca
pmd acop acoq acoo = aahx ylb yjf
pme = myg
pmf = ofo shk
pmg = cdb
pmh acop acoo = jaw
pmi acop acoo = sev rqr
pmj acop acoo = gvm
pmk acoo acop = met xsl
pml acoo = vcf
pmm acop acoo acoq = zky
pmn = rym wk kcy hyt
pmo acoo acop = ngk cqx
pmp acoq acoo acop = bra
pmq acoo = aask
pmr = tvw
pms acoo acop = kso uli
pmt acoo = abrc
pmu = dbu
pmv acoo = aag acoo qfw
pmw = oru pjo
pmx acoo = dwt xdv htu lrr
pmy acop acoo = pjj
pmz acop acoo = lel ddm str
pna acop acoo = xcp vwi ucj
pnb acoo = bsp ucr
pnc acop acoo = dcb
pnd acoo acop = dlg ggv hdm dut aace
pne acoo = beb
pnf acop acoq acoo = osd pip ria mdc
png acop acoo = uis acb
pnh acoo = lps zpe
pni = ac
pnj acoo = aalc tgp bzo mtx
pnk acoo = qkd
pnl acoo = tvl tvk
pnm acoo = twq
pnn = fhf
pno acop acoo = koq
pnp acop acoq acoo = eyv qqt
pnq acoo = tdg
pnr acoo = qyh
pns acoo = cwm aaop
pnt acoo = bia
pnu acoo = bwm amv geh cjn
pnv acoo acoq acop = yng (cas uuk aazq)
pnw acoo = iba igo
pnx acoo acop = jak
pny acoo = rpj
pnz acoq acoo acop = pin
poa acoo = kdi
pob = gdq ekw
poc = xeq ifi
pod = zye
poe acoo acoq acop = tqx
pof acop acoq acoo = got aqb sez
pog acoo = dds
poh acoo = dfc
poi acop acoo = hn
poj = qun ida bvl
pok acop acoo = wic
pol acoo acop = kyk
pom acoo acoq acop = rnj ng
pon acoo acop = lub
poo acop acoq acoo = fyi (aaem ype)
pop acop acoo = mop
poq = abcf
por acoo = gug jft xqp
pos acoo = ofr (gef tse) ivt kbx
pot acop acoo acoq = ruk mmt
pou acop acoo = qku njr
pov acoo = krb
pow acop acoo = dvr ykb
pox = fkh (vww pwx wje)
poy = iok kyx pks
poz acoo acop = vnz bpz wrl
ppa = agw
ppb acop acoo acoq = dmf
ppc acoo = hna
ppd acoq acop acoo = cjp way fuo
ppe = lxh
ppf = rmd
ppg = oju rrj rgq
pph acoo acop = dck zxd gza rlq aalo
ppi acoq acoo acop = rhs
ppj acoo acop acoq = xbw xky
ppk acop acoo = rcg xhk
ppl = ppa
ppm acoo = ilh
ppn acoo acop = zzp
ppo acoo = fzf ofx
ppp = wtz nyu
ppq acoo = um
ppr acoo = jcg
pps acoo = bnr tzv mzp wew
ppt = fi bvl hdb kab phb
ppu = xnb ppa
ppv acoo = dtq
ppw = fic
ppx acop acoo acoq = dat
ppy acoo acop = yyk nfa abfa au hsc
ppz acoo acop = xha
pqa acoq acop acoo = acfz
pqb acoo = stg wsd lry coi svr
pqc acoo acop = ijq wbt
pqd = xxi
pqe acoo = jxz abya tqd
pqf acoo acop = ied jpn tlt bzt
pqg acoq acoo acop = zmu dei zzn
pqh acoo = aazs
pqi = unn oql aarm
pqj acoo = ajc
pqk acop acoq acoo = cbw
pql = xfn
pqm = izi
pqn = by nhs
pqo acop acoo acoq = urh
pqp acoq acoo acop = jad
pqq = yvc
pqr acop acoo = syu
pqs = ijq
pqt acop acoo acoq = kwt mdj uel wet
pqu acoo = zbq
pqv = rce
pqw acoo acoq acop = qed hdy
pqx acoo acop = aanr
pqy = vrr
pqz acoq acoo acop = acoc aarx har
pra acoo acop = yjx
prb acoo = aok
prc acoo acop = pia zoq
prd acop acoo acoq = axe tvo mpn
pre acoo = oz
prf acoq acop acoo = epa jqe
prg acoo acop acoq = avl
prh acop acoo acoq = acft
pri = cwe
prj acoo acop acoq = kwl uxn
prk acoo = ytm
prl acoo acoq acop = igb
prm acoo = sii
prn acoo acop acoq = olg joa bgl fnc
pro acoo = eeh
prp acoo = hhj
prq acoq acoo acop = bpt yg bge
prr acop acoo = lwq vmo
prs acoo = ejt zxy aoi xkd
prt acoo acop = eqk hjc
pru acoo = nbo wpm
prv acoo = mjj
prw acoo = hgb
prx = zsd
pry acoo = ike acby
prz acoo acop = ynj rip
psa acoo acop = vzt
psb = cvg hwy dms ezw
psc acoo = tyi ofs
psd acoo acoq acop = bxw
pse acop acoo = jxn
psf acop acoo = ehg
psg acoo acop acoq = aadi
psh = htd paj yqv (sdx bgz)
psi acoq acop acoo = yzv
psj acop acoq acoo = iop
psk = yzo
psl = uod
psm acop acoo acoq = nc hdj
psn = jsk xvh
pso acop acoo = mvy ntj ssm
psp acoo acop = cnd
psq acoo = toj
psr acop acoq acoo = hpg
pss acoo = owg qlg yyg
pst acop acoo = ycv
psu acop acoo = rti
psv = tqo tfr hkx (jlp jvw)
psw acoo acop = gaq
psx acoo = zkc aym
psy acop acoo acoq = wjk hkc jfh xnc
psz acop acoq acoo = tsl idu pua tsq mva
pta acop acoo = agr
ptb acoq acop acoo = edk
ptc acoo = fwe
ptd = gmm
pte = brh
ptf acop acoo acoq = ctu
ptg acoo = aaxj
pth = abiz
pti acoo acoq acop = bsh
ptj acoo = abjf
ptk = aajc
ptl acoo acop = nhv oab uek ido
ptm acoo acop = ojk tau
ptn acoo = pzv qdy
pto acop acoo = wju
ptp acoo acop acoq = aaht
ptq acoo acop = svc
ptr acop acoo = mul
pts = nyw jhn hup
ptt = gwa
ptu acoo acoq acop = aaus
ptv acoo = ygp
ptw acop acoo = zvt
ptx acoo = vup wft aagz ewx
pty = rap okw (alf abua)
ptz acop acoq acoo = nag
pua = ycg lfh ibi
pub acop acoo = hqy wnh soj
puc acoq acoo acop = wek sxn
pud = aapf
pue acoo = meu upd uaw pbe
puf acop acoq acoo = rdc mcp
pug acoo acop = bjy
puh acop acoq acoo = zzh
pui acoq acop acoo = aiv wqz
puj acoo = yvj mej lkk
puk acoo acop = tgf
pul acoo acop = acit xrw vks xrv lxn
pum = rpi
pun acoq acop acoo = why ccz nmm
puo acoo acop = pru vyi
pup acop acoo = wgx cwq
puq = alj
pur acoo acop acoq = cps elx jcu sbq
pus acop acoo acoq = zha mnk ouy
put = isp faf pib
puu acop acoo acoq = kwy fck qwg mkx
puv acop acoo = ios
puw acop acoq acoo = ctw xai kgt
pux acop acoo acoq = xkn kzi jta
puy acop acoo = gdl
puz acoq acop acoo = zdy hjq rwy nwu
pva = loc
pvb acop acoo acoq = cwa (msv iic)
pvc acoq acoo acop = qky
pvd = xmz
pve = uj
pvf acoo acop acoq = aajd thi
pvg acoo acop = vst oss frt dlr
pvh acoo = srw
pvi acop acoo = aee acgb pna mkk acbh
pvj = eni
pvk = mez
pvl = nqp iks vtr
pvm = ilo dnd zth
pvn acoo acop = rvs
pvo acoo acop acoq = xbj
pvp = qtm
pvq = cxb olb
pvr acop acoo = zzy kko
pvs = gcz loy sgs xbb
pvt acoq acoo acop = kca
pvu acoo = acgl ndh (ymh iew)
pvv = por zgb
pvw acoo acoq acop = yf
pvx = nqv ufb bts
pvy acoo = uxk
pvz acoo acop = mdi
pwa acoo acoq acop = acfu
pwb acop acoo = ncz
pwc acoo acop acoq = aayk pil zhe fao opj
pwd acoo acop = tgu jzc
pwe = wze xgt
pwf acoo = hgc rts ivd vug eaz
pwg = fcj xvx mga
pwh acoo acoq acop = xes pov
pwi acoq acoo acop = rkh
pwj acoq acop acoo = qqn iny wio
pwk acoq acop acoo = yot
pwl acop acoo = iej jmd can wii
pwm acoo = acr
pwn acop acoo = xex
pwo acop acoo acoq = zdn vtw
pwp acop acoq acoo = hkj doh ttj
pwq = frx lca acde qvz
pwr = zte
pws = dog aclc ruw
pwt acop acoo = ooz lca
pwu acoo acoq acop = abjd nfd gbh qpb
pwv acop acoo = sbw
pww acoo acop = lbf ivx
pwx acop acoo = tet
pwy = lwh
pwz = edj xpo
pxa acoo = aatj aati
pxb acop acoo = qcc huk abfr
pxc acop acoo = qjv
pxd = abgz (yup rpc)
pxe acoo = nqf
pxf = dfk
pxg acop acoo = abug
pxh = vob
pxi = lua
pxj = zkn
pxk acop acoo = ece jtk ogd
pxl acop acoq acoo = rpc
pxm = abny
pxn = omi abgr zmt tkz
pxo acoq acop acoo = ual
pxp acoo = abhx flp nvm
pxq acop acoo = bpe
pxr = uia
pxs acop acoo acoq = uvt
pxt acop acoo = lyd
pxu = fsv vce
pxv acoo acop = tfr
pxw acoq acop acoo = xoc
pxx acoo acop = zub qkx
pxy acop acoq acoo = xxq mhm
pxz acoo = cea rkn
pya acoo acop = gio
pyb acoo = les
pyc acoo = txj
pyd acop acoq acoo = aaed uux dhk mzz
pye acoo = ewu igu
pyf acoo acop = zlt
pyg acop acoq acoo = fc kce kdd dnq
pyh = gty
pyi acop acoo = qaq
pyj = liq oxe
pyk acoo = ycz cbf nbq
pyl acop acoo = on hna sro
pym acop acoo = djk
pyn = cgb abih rhl
pyo acoo = byd uig tsi
pyp acoo acop = edo
pyq acoq acoo acop = ogu vtn
pyr acop acoo acoq = hcj
pys acop acoo = abil scl fjo hcs
pyt acop acoq acoo = pxj
pyu acop acoo acoq = xgv dnm aadf
pyv = ackk
pyw acoo acop = mop aclq
pyx acop acoq acoo = acih qk
pyy acoo = uxw
pyz acop acoq acoo = ryb
pza = sfb
pzb = muh gtm
pzc acoo = spo
pzd = yhw ncf
pze acoo acop = jkm oyf ld
pzf acoo = kxc fao vde ncw
pzg acop acoo = gpg tsb
pzh acoo acop acoq = yzw shl (ttz jnq)
pzi acoo = oqa lvz
pzj = iow
pzk acoo acop = jen
pzl = trf
pzm = lvb gx
pzn acoo acop = acau
pzo acop acoo = aazh abce hyl
pzp acop acoq acoo = wep
pzq acoo = nje
pzr acoo acop = rzy hrz
pzs acoo = nvt wwd lck abpb
pzt = wkn
pzu acop acoq acoo = hvj pfp dxj
pzv acop acoo acoq = ddc zwe
pzw acoo acop = lag
pzx acop acoo = aast mdj eed cbu
pzy acoo acop = aara
pzz acoo acop acoq = ypq pjg nxr glu
qaa = arw kpb
qab acoq acop acoo = twa
qac acop acoo = igf rcy
qad acoo acoq acop = gpy aapf wzu
qae = gw
qaf acoo acop = ooz jaf
qag acop acoo = yti
qah acop acoo = fyx
qai acop acoq acoo = ckr
qaj acop acoo acoq = hbi sgc
qak acoq acop acoo = wkd uui
qal = ro
qam acop acoo acoq = tod zuj skw
qan acoo acop = cmt zm
qao acoo = vzd xxr
qap acop acoo = nbg
qaq acop acoo = sdh xgh zxa
qar acoo = qfc
qas acoo = fnw qde
qat acoq acop acoo = vdn
qau = bxl dmf gbl qbt
qav = ael lvk qmj
qaw acop acoo = cvw
qax acop acoo = ibb
qay = rrg
qaz acop acoo = dop
qba acoo acop = sla
qbb = eri wrp
qbc acop acoq acoo = fwi vun zau
qbd acoo acoq acop = ksg
qbe acop acoo = biu xiw kgq sgb
qbf acoq acop acoo = ouo vks plv
qbg = jea
qbh acop acoo = qdg acnf juf jte aaph
qbi acoo acoq acop = spp arp bey
qbj acoo acoq acop = ovv qsr
qbk acoo acoq acop = ewm jvh acek
qbl acoo = xag yxz gfr zao
qbm acoo = qqb
qbn acoo acop = chn
qbo acoo = pwp (zbk rri pzp)
qbp acoo = azj wao nib aatz
qbq = eto vns erx dcc
qbr acoq acop acoo = igg
qbs acoq acop acoo = ijv
qbt = fxw yfk tia zeh
qbu acoo = vuf
qbv = aahk acbf
qbw acoo = kgr sbs uut
qbx acoo acoq acop = jpe
qby = vlo hfv
qbz acop acoq acoo = xdj
qca acoo = vkc
qcb acoo acoq acop = jcp
qcc acop acoo = boc
qcd acop acoo = xwe pfz
qce = ozd (sep gw)
qcf acop acoo acoq = zto
qcg acoo acop acoq = kyf
qch acoo acoq acop = wdn aby gfp
qci acoo = dmn tyu
qcj acop acoo acoq = xsv
qck acoo acoq acop = muv
qcl acoo acop = vma
qcm acoo acop = cnt yla nda
qcn acop acoo = zlt
qco = wws
qcp acoo acop = xa
qcq acoo acop = tnd
qcr acop acoq acoo = ghy vux sur
qcs acoo = ujk tqy
qct = agm
qcu acoo = zst kun zhv sif
qcv acoo acoq acop = ggr
qcw acop acoo = kru acbi xdz spl
qcx acop acoo = ffs nvk
qcy acop acoo = myq cqw
qcz = elk zgz
qda acop acoo = eym (zsx (oil ctk ind))
qdb = yay uwv
qdc acoo acoq acop = aalx
qdd acoo acop = ud
qde acoo = fys mvk ywt
qdf acoo = jfz (skm cxa jqy)
qdg = wlv
qdh acoo acop = yoo yrd yev
qdi acop acoo = hoz hf
qdj acoo acop = aaet
qdk acoo acop = wzi
qdl acoo acoq acop = ndn mtx tyk
qdm acoo acop = rgl qec mra ivx xyr
qdn = aazi
qdo acoo acoq acop = ink ymr
qdp acoo acoq acop = xxv qlk abaz dha
qdq acoq acoo acop = acic
qdr acoo acop = lqx
qds acop acoo = ymz
qdt acoo acop acoq = myq cse xto phx
qdu acoo = zdz djo
qdv = eqi
qdw = aabn
qdx acoq acoo acop = lcu oz yax
qdy = jxn tgr
qdz = dlx niz hxq
qea = xso
qeb acop acoq acoo = soh
qec acop acoo = abmm wji
qed acop acoq acoo = diw
qee acoo = xdx cij
qef acop acoo = qvm cwk abeg nko
qeg acoo acop = tli jtn acim
qeh acop acoq acoo = njb
qei acoo acop = fwk
qej acoo = ryn (kk enl)
qek acop acoq acoo = aro
qel acoo = aazm
qem = nvv ulw
qen acoo = pvz wpf
qeo acop acoo = cku rfu
qep = cvn
qeq = acnl
qer = rwb
qes acop acoo = jpe zqa
qet acop acoo = uvq
qeu acoo acop acoq = wym
qev acoq acop acoo = muj (hfd shx)
qew acoq acoo acop = guz
qex acop acoo = ahm
qey acoo acop = mhm
qez acop acoo = dmh
qfa acoo = wnk soc
qfb acoo acoq acop = ase
qfc acoo = gie vm owd asy
qfd acoo acop = uhm hiz
qfe acop acoq acoo = hty ojt bbg
qff = ou
qfg acoo = kmn xtl rrc gle
qfh acoo acop = icr
qfi acoo acop acoq = qcw
qfj = qsv gq
qfk = hz
qfl acoo acop = abgd
qfm acoq acoo acop = ctx
qfn acop acoo = bnx qxw
qfo acop acoo = fab
qfp acoo acop acoq = alu
qfq acop acoq acoo = iwf abbx syb aawp
qfr acoo acop = yat ive
qfs = txg
qft acop acoo acoq = dcg
qfu acop acoo = oxm
qfv = zxx mpk
qfw acoo = jfp dbt
qfx acoo = tg gwe gea nlf
qfy acop acoo acoq = xtb job ndt iyw
qfz acoo acop acoq = tcl
qga acoo acop = xkg
qgb = mcd
qgc acoo = hhr (ttf oem)
qgd acoo = yqz
qge = des beq
qgf acoq acoo acop = wfq
qgg acoo = abft
qgh acoo = abvf
qgi acoo = hus
qgj = svf gsz
qgk acoo = plv
qgl acoo acop = lnk ozt zel aux
qgm acop acoo = upt
qgn acop acoo = jqe
qgo acoo = xuv umj lcx uxw
qgp acop acoq acoo = nb
qgq acoo = pwe
qgr acop acoo = pig (hoc gxw tsr)
qgs acoo acop = kpm
qgt acoo = jkq
qgu = exi
qgv = vka
qgw acoo acop = xhb
qgx acoq acoo acop = aamq
qgy acoq acop acoo = xsr wpr oec
qgz = kvh
qha acoo = sfv krw
qhb acoo = npy icl
qhc acoo = ekn vkj dul
qhd acoq acoo acop = tpg yif
qhe acoo = okb
qhf = wuh
qhg acoo acop acoq = abzv
qhh acoo = suv
qhi = zba tle
qhj acoo acop = ino
qhk acop acoo = vmn
qhl acop acoo = vmb cxz
qhm acoo acop = irj dth jzi
qhn = bey jxq ldi
qho acoo = qbi
qhp = fmb
qhq acoo = glo
qhr = sdz xhl
qhs acoo = mcq
qht acoo = usl aux xas
qhu acoo = hff yyl tsn ekf ufz
qhv acoo = uom vmv
qhw = uyp trb
qhx = cec
qhy acoq acop acoo = sql
qhz acoq acop acoo = vpq aajd sbz
qia acoo = yrb lzs abej
qib = zur
qic acoo acop = caz vau kup
qid acoo acop = vit
qie acoo acoq acop = faw
qif acop acoo acoq = twy abob ddw
qig = ilu vua
qih acoo acop = abxv
qii acop acoo = atq muk lba ytz wwz
qij = vzq abeh
qik acoo acop = ffi
qil acoq acop acoo = aasf
qim acoo acop = acbl
qin = ufs (aapc aadr)
qio = ace
qip acoo acop = err qku sb hbb
qiq acoo acoq acop = gdf (wta jxl)
qir acop acoo acoq = iaw rer pkv bvy
qis acoo acop = efj fiw pll (ogd gzs)
qit = xgi
qiu acop acoo acoq = aaud esb
qiv acoo = wfv
qiw = aatf
qix acoq acop acoo = len
qiy acoo = rky
qiz acop acoo = qty ojx
qja acoo acop = chq
qjb acoo = usq
qjc = acby
qjd acoo = coo iyc
qje acop acoq acoo = leu
qjf acoo acop = hpi mbq
qjg acoo = bw
qjh acoo acop acoq = abyn sut mxg
qji acoo acop = atd lup aqz
qjj acoq acoo acop = wtq
qjk acoo = akl
qjl = jo
qjm acop acoo = pqb hcn bkx
qjn acop acoo = mkg zkw abyh
qjo acoo = upt
qjp acoo acop = kum ni
qjq acoo = acdy
qjr = hhj
qjs acoq acop acoo = fou miq kqb yru
qjt acoq acoo acop = aji jjh
qju acop acoo = wqp
qjv = irq
qjw acoo acop acoq = abfz klx pgg
qjx acoo = cdf
qjy acoo acop acoq = tae
qjz acop acoo = jzv xqt abwv blk
qka acoo acop = rjs
qkb acoo = oz
qkc acoq acop acoo = gsz
qkd acoo = gug sic
qke acoo = jbx
qkf acoo = qlg wkf fuv sdk
qkg acop acoq acoo = yfo jzy
qkh acoo acop = aaja ackw
qki acoo acop = cti kyb zng
qkj acop acoo acoq = zvm
qkk acoq acop acoo = bih
qkl acoo = lot scv lem
qkm acoo acop = vbv
qkn acoo acop = leh mr
qko acop acoq acoo = exe
qkp acoo = oaf
qkq = oxz abjy ehb
qkr = vzw
qks acoo acop acoq = yzl
qkt acoo acop = nsk
qku acoo = osi bgd
qkv = xdk
qkw acoq acoo acop = rb (tjc zja)
qkx = abyd dyd
qky = ngo
qkz acoo = byw
qla acoq acoo acop = dvo
qlb = kdz qub nku
qlc = rmn
qld acoo acop = pcu mzx zkr xwd
qle = ypm iwq
qlf acoo = urf
qlg acoo acop = uil
qlh acop acoo = sak
qli acoo acop = dgw
qlj = wau (aclf yve)
qlk acop acoo = klv
qll = flt ymt
qlm acoo = ebz
qln acoo acop = udd
qlo acoo acop = kyn fjw
qlp acoo = ulf aacd gax
qlq acoo = imn
qlr acoo acop = wzr aakg
qls = qt
qlt acoo acoq acop = aatc rat jwm gui gjb
qlu acoo = hml
qlv acoo acop = psu kvg
qlw acop acoo = smg
qlx acoq acop acoo = xfj akl zys tgx
qly acoo = kiq
qlz acoo acop = hfx pyk
qma acoo = iqa auk
qmb = tc
qmc acoo = tnj mkc
qmd = jof
qme acoo = abbw ibj
qmf acoo acop acoq = dxd
qmg acoo acoq acop = dxz
qmh = bct ovs
qmi acoo acop = aawc
qmj = ymd
qmk acoo = clm
qml acop acoo = pmt
qmm acoo acop = hmp wtx aam zxa
qmn acoo acop = wgs bya phi zkx
qmo acoo = hlt
qmp acoo = v
qmq acoo = bbo
qmr acoo = xjy
qms acop acoq acoo = ucy
qmt = cjr
qmu acop acoo acoq = lhx
qmv acoo acop = jwf xek
qmw acop acoq acoo = jnc qiy
qmx acop acoo acoq = xpm
qmy acoo acop acoq = kez
qmz acop acoo acoq = aadm btz mkf yqj
qna acop acoq acoo = ccz njf ces rbx rwu
qnb = xxc
qnc acoq acoo acop = pqx
qnd acop acoo = gbs inv uhj nhp qbh
qne = mnd
qnf acoo = opo
qng = eou api pjx sqr
qnh = iua
qni = abuo bqc
qnj acoo = uan lan
qnk = abip hkx
qnl acoq acoo acop = hwt cth
qnm acoo = uiy
qnn acoo = gad oni qqz kqw
qno = kai
qnp acoo acoq acop = cde
qnq acop acoo = pge baj
qnr acoq acoo acop = jni
qns acoq acoo acop = qms odg
qnt acop acoo = izw
qnu = ejz coy ork
qnv acoo acop acoq = pio
qnw acop acoo = hod jfd zhn
qnx acop acoo acoq = eb
qny acoo acop = zwg nx kfr dyu
qnz acop acoo = htl rtj
qoa acoo = eb bdm xit
qob acoo = hqr
qoc acop acoo = aip mnz
qod acoo = qwz
qoe acop acoo acoq = ghc nnf
qof acop acoo = biu pxg
qog = mot ktp
qoh = oso
qoi acoo acop = xpd
qoj acoo acop = abgb
qok acop acoo acoq = pqr nqs
qol acoq acop acoo = rsa
qom = ygm
qon acoq acoo acop = abpo rlb uyy hrj
qoo acoo acop = xyd abzg
qop acoo = xvy
qoq acoo = enr
qor = bih
qos acoo acop = rqh
qot acoo = asf
qou acoq acoo acop = tcg non noh xqw
qov acoo = ijp
qow = bzz hsn
qox acoo = the
qoy acop acoo acoq = abve
qoz acoo acop = dbk tfm wyf rda yrh
qpa = xnd
qpb acoo = abru
qpc acop acoo = vkn
qpd acoq acop acoo = kep xof loi qhx pme
qpe acoo = cir
qpf = axw fft efc yhh
qpg = vuv by aaks xvk
qph acoo acop = hun
qpi = qtj
qpj acoo acop acoq = xws
qpk acoo acop = ptv
qpl acoo acop = byo
qpm = sis ljt ydb
qpn acop acoo = zhq
qpo = yiv
qpp = wiu
qpq acoo acop = yfh
qpr acoo acop acoq = abqy
qps acop acoq acoo = nlg
qpt acoo = yer
qpu acop acoo acoq = aauh
qpv acoo = alx
qpw = bvq xfr
qpx acop acoo acoq = rpx jwe
qpy acop acoo acoq = jro
qpz acop acoo acoq = gxp
qqa acoo acoq acop = qha
qqb acoo acop acoq = xlo ndh
qqc acoo = kra
qqd acoo = box
qqe = poz myd vtn lgo
qqf = mlr
qqg acop acoo = vxa owk eu
qqh acoo = rij
qqi acop acoo acoq = abmq yfj
qqj acop acoo = abso
qqk acoq acop acoo = ajl joo (gfj bfv)
qql acoq acoo acop = nls usx
qqm = kqe grt guc
qqn acop acoo = gzw
qqo acop acoq acoo = abfe
qqp acoo acop = oen
qqq acop acoq acoo = qa ufz qyx jyj
qqr = kls xqc klt jbl rak
qqs acoo acop acoq = tvr
qqt acoo = ccq
qqu acoo = gfm kmx abhr klp
qqv = kbc
qqw = auy
qqx acoo = ogr zyt
qqy = ctk hsh
qqz acoo = jxb aaxn
qra acoo acop acoq = toz puq
qrb acoo = tha
qrc acoo = awy
qrd acoq acoo acop = lsi
qre acoq acoo acop = wed
qrf = vve
qrg acoo acop = jxs hab
qrh acop acoq acoo = abul
qri acoo = jjt fdn qzb
qrj = npp ddw
qrk acoo acop = ayf
qrl acop acoo = lgp
qrm acoo acop = bcc
qrn = yhm
qro acoo acop = omf
qrp acoo = abh xya fpc
qrq acoo = zkt uwq cia bez
qrr = rvf
qrs acoo = nil amo
qrt = qyu
qru = ylt
qrv acoo = sil nfm gfr
qrw = fpn
qrx acoo = ypv bwf
qry acoo acop acoq = lpc fgj pgj
qrz acoo = zqm jol
qsa acoo = btq
qsb acoo acop = dee
qsc acop acoo acoq = glp xyu aafw
qsd acop acoo = acjt kfk qna
qse = tov wq
qsf acoq acop acoo = xaw jdf nxk rgg mve
qsg acoq acoo acop = qdw jrq kgr
qsh acoq acop acoo = ben
qsi acoo = wtd
qsj acoo = ilc
qsk acop acoq acoo = dxy ego dkp ajk yzm
qsl = hqh vsn nxr hag
qsm acoo = hlw tba
qsn acop acoo = ryx
qso acoq acop acoo = dio
qsp acoo = gve mag
qsq = npe
qsr = vx
qss acoo = qeo
qst acoo acoq acop = pch
qsu = abpm ackp abpp agb
qsv = iyh fjg uge
qsw acop acoo = lfp huj ktn
qsx = uyp
qsy acop acoo acoq = qak
qsz acoo acop = rfv gvl ovh
qta = qd bwn ven
qtb acoo = abui
qtc acop acoo = lrr
qtd acoo = vwm fea yuh
qte acoo = tjf (vyk (ddc wf yrk))
qtf acoo = tgn
qtg acoq acop acoo = def
qth = ocz
qti acop acoo acoq = ec dxx hfm akl
qtj acoo acoq acop = wzu
qtk = sxn
qtl = nud (lqn pcp)
qtm acop acoo = abpu aapw zax
qtn acoo acop = zfj
qto = fqx
qtp = pkk jan (rmz njk)
qtq = pjh bo
qtr acop acoo = qon
qts acoo acoq acop = jhp
qtt acoo acop = dfm
qtu acoo acop = trc
qtv acop acoo acoq = wjk uvi lnt tbq mdy
qtw acoo = qht
qtx acop acoo = vbl
qty acoo = tkr
qtz acop acoo = qwa
qua acoo acop = wux zen
qub = tqg
quc acoo = eep fjt
qud acoo acop = tku ppa qxj
que acop acoo = cep udc
quf acop acoo acoq = pse
qug acop acoo acoq = nw
quh acoo = irf nss
qui = avs
quj acoo acop = geg
quk = cgv
qul acop acoq acoo = ghj ycc (eck yli)
qum acoo acoq acop = awv
qun acoo = wot xvf aaax
quo acoo = oty jdv llj mpl zzb
qup = ebc
quq acop acoq acoo = zpq
qur = tvu bvt
qus acoo = sbw
qut = lpu yhn jz
quu acop acoo acoq = shx ats
quv = av
quw acoo = acdt hst wxb zpu ypy
qux acoo = cku
quy acoo acoq acop = xbo acfy cvk (olu buq)
quz acoo = imf est fpd
qva acop acoo = xnh
qvb acoo acop = ynx bni
qvc acoo = trq ackl
qvd = cad
qve acop acoo = bos ppj
qvf = zhe
qvg acoo = yhg qzn fcf
qvh acoo = abfe nrv
qvi acop acoq acoo = wkq unn gff
qvj = aaxg icj fqv
qvk = nqv
qvl acop acoo = zgp tlb
qvm acop acoo = cal
qvn = mhx
qvo acoo = nhq
qvp = skk qpb
qvq acoq acoo acop = hki
qvr acoo = pby tcs
qvs acop acoo = sob (aage mul)
qvt acoq acop acoo = uun xzd glr
qvu acop acoo acoq = lvd uft nls
qvv = rdr ypo gpr
qvw acoo acop = rrq
qvx acoo acop acoq = idb dsg dam
qvy = smp tkh
qvz acoo acoq acop = skv
qwa = mrr (vga acke) aaej
qwb acoq acoo acop = pc qyp ugq
qwc acoo acop = oju
qwd acop acoq acoo = auy
qwe acoo acop = ugm lfz vpm
qwf acoq acoo acop = qkt pmc aaiy
qwg = the
qwh acoq acoo acop = rnz
qwi acop acoo = wiu
qwj acoo acop = mxd
qwk acoq acop acoo = nzd mtg trx uvu
qwl acoo = swq
qwm = lk
qwn acop acoo acoq = rnu xyc aann
qwo acop acoo = otj tfm
qwp acoo = bce ane
qwq acoo = bbp vxe oja abge
qwr acop acoo = lzq gjk uok nrl abjm
qws = abhw
qwt acop acoo = qcj
qwu = zwe
qwv acop acoo acoq = icg
qww acoo = vqx
qwx acoo = irg mgl ksh ubc
qwy acoo acop = ouc
qwz acop acoo = adw
qxa acoq acop acoo = aawy
qxb acoo acop = fyb etv
qxc = srv gpm
qxd = pzp
qxe acoo = ssj
qxf = dld
qxg acoo = jyd (hy aavh vnm)
qxh = fme
qxi acoq acoo acop = kkt
qxj acoo = kyn
qxk acoo acoq acop = abun
qxl acop acoo acoq = wwm
qxm acoo = jfb
qxn acoo = jjn tgp
qxo = achn qad
qxp = accv fdu
qxq acoo acop = uys vfc
qxr = hqx eak
qxs acoo = nhp vxj aajb
qxt acoo = brl
qxu acoo acop = jue chs via rem
qxv acoq acop acoo = aaoa thn
qxw = qvd (wse rsd) cgl
qxx acop acoo = abiy olc
qxy = oqk aapu klr
qxz acoo = qce
qya acop acoo acoq = jbx
qyb acoo acop = lro syp
qyc acop acoo acoq = ptr
qyd = hea
qye acoo = qsd
qyf acoo acop acoq = fvb
qyg = fqp
qyh acoq acop acoo = xvj
qyi acop acoo = jjw aajt xvt
qyj acoo = aclb jmc crz aakt cvy
qyk acoq acoo acop = cvu wsx xtd
qyl acoo = xsl
qym acop acoo acoq = jft jxt
qyn acoo acop = kyj xcu gep jwt bd
qyo acoo acop acoq = zuz
qyp acop acoo = fgo
qyq = ysv hos
qyr = dpe ok hjt
qys = kjq
qyt acop acoo acoq = rod qqb ixr gbk vhy
qyu acop acoo = acky
qyv acoo acoq acop = abjk
qyw acoq acoo acop = vcn
qyx acoo acop acoq = mnl
qyy acoq acoo acop = aaed pgm
qyz acop acoo acoq = txp
qza acoo acop = pgh (oxg ksq qgx)
qzb acop acoo acoq = pjg nni
qzc acop acoo = wil ivl yoz hzr ocq
qzd = ngf abpj gxv mh
qze acop acoo acoq = oze qlc
qzf = vvq
qzg acop acoo = nca
qzh acoo = qlb
qzi = mxb
qzj acop acoo = aaas alg
qzk = inf
qzl acoo acop = cqw tag zpp
qzm = icg m qfu ujh
qzn acoo acop acoq = fas
qzo acop acoo acoq = ghc
qzp acop acoo acoq = el
qzq = sqm
qzr acoo = aahq acip
qzs acoo acop = cwd akz lfa
qzt acoo = gcu ifp aaqq
qzu acop acoo = uhp mjr uxa xck
qzv acop acoo = yjz
qzw = ewn khh
qzx = jin zmb wti vad
qzy acoo = ahz
qzz = aabx wtc
raa acoo = mcu
rab acop acoo = icf
rac = aatg em
rad = ovc
rae acop acoo = uax vqv arz
raf acop acoq acoo = ywy
rag = cax tfh
rah acoq acoo acop = bit
rai = ezj ygi
raj acoo acop = rpi
rak acoo acop acoq = ackr
ral acoo acoq acop = du
ram acoo acop = vwu
ran acop acoo acoq = pjp frm jlq
rao acoq acop acoo = jtx abpd
rap acoo acop = oca
raq acop acoo = ecl cio
rar acoo = wkq
ras = qxp
rat acoo = cxo
rau acoo = gvm
rav = fcp
raw = evc ksx
rax acoo acop = smr
ray acoo acoq acop = our
raz = wdl daj
rba acoo = pcj whf hzx sbf iez
rbb = mqu tbx
rbc acoo acoq acop = hrq acln tzd
rbd acoo = rfc
rbe acop acoo = acji
rbf acoo = ebv
rbg acoq acop acoo = abma qit hej
rbh acoo acop = ydl
rbi = epq
rbj acoq acoo acop = xvv x diz dgu sh
rbk = bea
rbl acoo = ekg oos blv
rbm acoq acop acoo = jg
rbn acoo = iok
rbo acop acoo = rke
rbp acoo acop = ngi
rbq = noj fth (xgi hhc)
rbr = acef
rbs acoq acoo acop = ldb
rbt acoo acop = mai
rbu acoo acoq acop = qok uqx
rbv acop acoo = kdt fus xcx
rbw acoo = oox
rbx acop acoo acoq = uzx kci cmn
rby = jds bhl
rbz acoo = cwx uws
rca = szk kpg cik
rcb acop acoo = iaz
rcc = uwy
rcd acoo acop = fxu
rce acoo acop = cpk ghe
rcf acoo = ojz opk wot
rcg = acll
rch acoo = oyv fse
rci acop acoo = vuc
rcj acoo acoq acop = toc
rck acoo = qei
rcl acoo = ghq qkm qge
rcm acoq acop acoo = aaay ux
rcn acoo = ztg
rco acop acoo = nhs
rcp acoo = dog
rcq = ihx ogi kak eaz
rcr acoo = tfz akg mpg euk big
rcs = bkj
rct acop acoo = fbb qgr ibc xzk
rcu acop acoo = dlz
rcv acoo = hdj ryd
rcw acoo acop = skp
rcx acoo acop = mz
rcy = ucw
rcz = liz gl
rda acop acoo acoq = jpe
rdb = achg aaqw
rdc acoo acop = byg
rdd acoq acop acoo = ucm
rde = kmd hgz qcn
rdf acop acoo = aabs
rdg = vol bnx
rdh = asj ngy
rdi acop acoo acoq = das
rdj acoo acop = vcu
rdk acop acoo = xpt ubm qzd
rdl acoo = rew
rdm acoo acop = csb kxe
rdn acoo = pbo irt
rdo acop acoo = ons
rdp acoq acoo acop = ebq hrw uwj
rdq = gfw psw
rdr acoo = udb oei
rds acoo = kxj
rdt acop acoo = qcg
rdu acoo acop acoq = oon
rdv = wl
rdw acoo = nlv ipb ztc rtk ehx
rdx acoo acoq acop = trv atv
rdy acoo = ull
rdz acoo = acoc
rea = zid
reb acoo = beh xcn
red acoq acop acoo = tu hsa htm ywv
ree acoo acop = gia
ref = aamn
reg acoo acop = jjj dxp
reh acop acoo = php
rei acoq acop acoo = oqb
rej acoo = kcy ymx al
rek acoq acop acoo = jum
rel = jbb ftj abct
rem acop acoo = nui hst taz zgm mya
ren acoq acop acoo = koc nk vkj
reo acop acoo = fbz
rep = qnm hkx eux chk
req acoo = oql
rer acoo acop = pji
res acop acoo = ovx
ret = smz ilp uag mqe
reu = tcx yhv
rev = esw luc lqw
rew acoo = kqq yjx qhy
rex acoo acop acoq = zwg xak
rey acoo = abuq wqq qff
rez acoo acop acoq = qic acix
rfa acoo = aaga gmp
rfb acoo = xqd
rfc = bzg
rfd acoo acop = a
rfe acoo acoq acop = xvs (fyy abim)
rff acop acoo = jil
rfg acoo = hqi
rfh = aavc
rfi = eao plr qfx rpd mhr
rfj acoo = aapu
rfk acoq acoo acop = tjr
rfl = ern
rfm acoo acop = fvw
rfn acoo = pip
rfo acoo = vxy
rfp acoo acop = ton
rfq acoo acop = klj
rfr acoo = yzn
rfs acoo = krr lew rgw
rft acoo acop = wma acau
rfu = zry
rfv acoo = jbw
rfw acoo = gjs
rfx = uhc
rfy acoo = qfk
rfz acoo acoq acop = lob bdu gsv
rga acoo = prv acbj pqv
rgb acoo = zdy
rgc acoo acop = awe
rgd acop acoo acoq = mzr fki dp bgu
rge acoo = ckz
rgf = jej
rgg acoo = kfg
rgh acoo acop = zex
rgi acoo = hjj jn hjp
rgj acoo acop = fyn ygo
rgk acoo acop = hpy alm vbd
rgl = fng yqz acem
rgm acoo = abrg abqq eqw
rgn acoo = sav jaq
rgo acop acoo = fxw
rgp acoo = yko
rgq acoo = dap
rgr = bgi wtk
rgs acoo = shh
rgt = qf
rgu = znh xci nio vkp
rgv acoo acop = xac lez (qpj acbr)
rgw acoo = acbf zjf
rgx = oop
rgy acoq acop acoo = yuh xlz (lmb qlt) ywc
rgz = kov
rha = kvi
rhb acoo = aa vsq dof zud
rhc = fov
rhd acoo acop acoq = obl
rhe acoo acop acoq = tkb aby qmr enr
rhf acoo acop = rsk
rhg = pah
rhh acoo acop = qwb abod pkz fif
rhi acoo acop = jlv ykm
rhj acoo acop = qci
rhk = aagj
rhl acoq acop acoo = yox zag ymc
rhm acoo = pav men fcr
rhn = jsa yrp
rho acoo acop = jky qqc iys
rhp = vkc nuw
rhq acoq acop acoo = wrt
rhr acoo = bzz
rhs acoo = aced
rht = acen
rhu acoo acop = nsv
rhv acoq acop acoo = ogo
rhw acoo = dis
rhx acoo acoq acop = abnj
rhy = lfp aga
rhz acop acoo = tfd gpq
ria = jdk
rib acoo = pzq
ric acoo = chf
rid = uya
rie acoo acop = ncd aqv
rif = aauo sim xqw bv
rig acop acoo acoq = per xlc es
rih acoo acop = cis
rii acoo acop acoq = acix
rij acoo acop = nhz
rik acoo = zoo
ril = kno pur
rim acop acoq acoo = ybf
rin = vjv
rio acoo = aavr
rip acoq acoo acop = uth wsk zla wox
riq = pri zyo kur jmw
rir acoo acop = cul pgf
ris acop acoo = qxj
rit acoo acop = abxw
riu acop acoo = nin
riv acop acoo acoq = vsm
riw acop acoo = acej
rix = nci
riy acoo acop = ciu achn xqy
riz acoo = kvs
rja acoo acop = int
rjb acoo = acny but utq
rjc acoo = aaxc
rjd = iot
rje acoo acoq acop = feg
rjf acoo = mst
rjg acoq acop acoo = acbb csg
rjh = aclz oxs
rji = gav
rjj acoo = xth
rjk acop acoo = dxa
rjl = pit
rjm = gjp xtl lew vbe abkk
rjn acoo = aahw xhf
rjo acop acoo = tvs gel
rjp acoo = kij
rjq acoo = imc nvu
rjr acoo = myt aamv ggm
rjs acop acoo = yrr rqp izj
rjt acoo = tzq
rju acoo acop = xnt xph
rjv acop acoo = weo hzy pbv
rjw acoo acop = lqo
rjx acoo = iba juc
rjy = qmv
rjz = svg
rka acoo acop = rxh
rkb acop acoo = jps n loq qvb pfa
rkc = hbl
rkd acop acoo = tr
rke acoo = ekb jki
rkf acoo = oln
rkg acop acoo = ovj suz
rkh acop acoo = oly
rki = fqg
rkj acoo acop = nna kci acfz ife
rkk = acnz emy qvb rtf puu
rkl acoo = zgb
rkm acoo = yna abpp
rkn acoo = tdl bui
rko acoo = tc woc acbp vnh
rkp acoo acop = ybx kcg qgh
rkq acop acoo = sai
rkr acop acoo = zsg
rks acoo acop = xce aabq owy uvr bbw
rkt = kts fsg acmi mqg
rku acoo = wds
rkv acoo acoq acop = aawe
rkw acoo acop = ykw bmt
rkx acoo acop = rxl vql zoi frb
rky acop acoo = vlg plj
rkz acop acoo = lpx
rla acoo acop = mwk wht dkg
rlb acop acoo = row vjx
rlc acop acoo = aasu
rld acoo = tjy are
rle acoo acop = sde hss hso
rlf acoq acop acoo = aabq
rlg acoo = vjb inm
rlh acoo = xoq dbl mhh
rli acoo acop = qum
rlj acop acoo acoq = fxi wea aael
rlk acop acoq acoo = dk
rll acop acoo = ver
rlm = abse
rln acop acoq acoo = kiv
rlo acoo = top
rlp acoo = umv
rlq = vtf
rlr acop acoo acoq = cbw rhn
rls acoo = opt
rlt acoo = dhm wxy ylx rba wrc
rlu acop acoq acoo = kwd
rlv = fax wvd zkj
rlw = tao
rlx acop acoo acoq = sbm rwq
rly = dkj
rlz acoq acop acoo = ssr
rma acop acoo = efn
rmb acoo = yii mfa
rmc = bqs afv
rmd acop acoo = mxu baz
rme acop acoo = gti (jxx cwd) rhh
rmf acoo = aavq
rmg acoo acop = nkf
rmh acoo acop = xmx
rmi = vly
rmj = dzj
rmk = rep
rml acoo acop = tky
rmm acop acoo acoq = yiy rxv
rmn acoq acop acoo = hzi
rmo acop acoo = bew vpx qqy yuf lun
rmp = kmt
rmq acop acoo acoq = loa mos
rmr acoo acoq acop = ckg qcg
rms = rem (zxz pvg cfm)
rmt acoq acop acoo = dkx bef qyb
rmu = rrh fup pxp
rmv acoo acop acoq = hux lqo kds
rmw acoo = iqn
rmx acop acoo = orm jqm
rmy acoq acoo acop = dbe mti
rmz acoo = lfz
rna acoo acop = bqy crt zud
rnb acop acoo = gob sxc ebo hqp
rnc acoo acop = cvm cfa
rnd = sau
rne = pnj
rnf acoo = abrk xou
rng acoo = pwm
rnh acoo = dep
rni acoo acop = ava
rnj acop acoo = ozw ccg
rnk acoo acop = xc
rnl acop acoo acoq = imz
rnm acop acoo = alg ioc iqi ktk pne
rnn acop acoq acoo = djn
rno acoo = wev
rnp acoo = tks
rnq = ilj
rnr acoq acop acoo = vl jci wce
rns = swu sta rxz
rnt acoq acop acoo = zqi
rnu = ehh ajz aayy cti
rnv = ln aazd rhl
rnw acoo = ozv unn ovs
rnx = hwf
rny acop acoo = yqt
rnz = dwh aaga san uem
roa acoq acop acoo = acms nkp
rob acoo = aol wpz
roc = hre pbv
rod acoq acop acoo = cht qgm tqi vqv
roe = wyk
rof acoo = lpo
rog = aav
roh acoo acop = lkb abvl
roi acoo acop = zuk
roj acoo = gmq
rok = lph xmm
rol = cxa
rom acoo = hcl
ron acoo = zoo
roo = bru
rop acoo = lfr dhe ooq sfy
roq acop acoq acoo = dch aalj
ror acoo = jna hgs
ros acoo acop = asl tgd
rot acoo = bak vwp act
rou acoo acop acoq = lru iyk
rov acop acoo acoq = miu
row acop acoo = aom qrp
rox acoo = dkk sqc
roy acoo = swf leh otm
roz acop acoo acoq = dvo
rpa acoo = mho wwv aor lhc
rpb acoo acop = bpy ure yyh eun
rpc acoo acoq acop = kim
rpd acop acoq acoo = bzu unz fcn
rpe acop acoo acoq = ani lai
rpf acop acoo = plz sua
rpg acop acoo = oea
rph acoo = nel acij
rpi = htn
rpj acoo = vih
rpk acoo acoq acop = anb
rpl acoo acop acoq = unk acoo
rpm = bhr
rpn acoo acop = ndn
rpo acoo acop = zxt xym
rpp acop acoo = ynj
rpq acop acoo = rsx neq iln
rpr acoo = eqp
rps acoo = sfg
rpt acop acoo = gws uzx dpv
rpu acop acoo acoq = hxi
rpv acoo = ytw waz kit
rpw acoo acop acoq = mnu
rpx acop acoo = yez uxe
rpy acop acoo = txx
rpz acoo = nzv
rqa acoo acop = pgv
rqb acop acoo = taq
rqc acop acoo = vzi
rqd acoo = aagf
rqe acoo = aasd kca ugi dat
rqf = vyi prl agg lns
rqg acoo = uyy zfl
rqh = rpb
rqi = sfx nse rv
rqj acoo = ablq
rqk = fv
rql acoq acop acoo = rhz
rqm acoo acop = lie
rqn acoo = mez
rqo acoo = xie
rqp acop acoq acoo = ldy
rqq acop acoo acoq = hwy
rqr acoo = iyb
rqs acoo acop acoq = wfa
rqt acoo = udf
rqu acoo acoq acop = oik
rqv acop acoo = sy
rqw acoo acoq acop = jyn
rqx = vlv pvo evh zzr
rqy = zlb mue fao slg
rqz acoo acop = ggz
rra acoq acoo acop = gez
rrb acoo = gvo bee ede
rrc = ars sov
rrd acoq acoo acop = vx ec ytq
rre = jax
rrf = hhu itz qai rim
rrg acop acoo = lwr
rrh acoo acoq acop = vzx
rri = prl bnb
rrj = clp
rrk acoo = afl
rrl acoo acoq acop = vfg
rrm acoo acop = eww
rrn = abxi wna jjm jjd wzf
rro = sjx
rrp = acde
rrq acoo acop = aajc
rrr acoo = wcg vgc
rrs acop acoo = uag
rrt acoo acop = frh
rru acoo = fjo
rrv acoq acop acoo = uas ldd
rrw acoo = acln
rrx = cko
rry acoq acop acoo = aqg jwg wic
rrz acoo acoq acop = dwt puw
rsa = wvo
rsb acoo acop = qdu asq
rsc acoo acop = bny jdc
rsd acoq acoo acop = naf
rse acoo = fhd acnm
rsf acoo = hwl abln owe gql
rsg acoo acop acoq = abhx zsq mkh
rsh acoo = ablq
rsi acoo = emj
rsj acop acoo = lxt
rsk acoq acop acoo = qkn tln
rsl = dfk xkl
rsm = jkb
rsn acoo = zwi tzn mfb
rso = sbh
rsp acop acoo = uqc
rsq acoo acop = hjp
rsr = qqt
rss acoq acop acoo = acml uwf
rst acoo acop acoq = ctz
rsu acop acoo = dct
rsv acoo = qtk
rsw acoo = ni
rsx acop acoo = yuy
rsy acoo = abud
rsz acoo = ocs
rta acop acoq acoo = kij
rtb acoo = hw ztp dbx eie knk
rtc acoo acop = gov
rtd acoo = paz acke imv wzw
rte acoo acop = vj ysj
rtf acop acoo acoq = qje
rtg acoo = gt hng lvh
rth acop acoo = ecf
rti acoo = anx
rtj acoo acop = kyl aeq abhd
rtk acop acoo = swc
rtl acoq acop acoo = tof
rtm acoo acop = rye
rtn acoo = abvj sa
rto acoo acoq acop = ojk sep
rtp acop acoo = aaqu lfo umh
rtq acop acoo = ans
rtr = pos imh
rts acop acoo = tiv
rtt acop acoo = iiz
rtu acoo acop = rle biv biw
rtv = abvl
rtw acoo = tyx (grh ptb) hqa xuy
rtx acoo = tls lbk
rty acoo acoq acop = tsl
rtz acoo acop = tku att acbg
rua acoo = nqq txb zhp law
rub acoo = als
ruc = qxd
rud = you
rue acop acoq acoo = fev
ruf = tuo
rug acop acoo = qww tqv
ruh acoo = kmy you fyg cjp
rui acop acoo acoq = iey
ruj acoo = vbz
ruk acoo = tjy lox hj
rul acoo acop = ejb
rum acop acoo acoq = apu
run = ejp
ruo acoo = lng
rup acop acoo acoq = iya ldt wxy urg
ruq = yzb
rur acoo = wgf rac
rus acoq acoo acop = vle oev nbs
rut acoo = rgx
ruu = qmo
ruv acoo = nqu
ruw acoo acoq acop = gzq hoj
rux = abne
ruy acop acoo = niq eot
ruz acoo = aty
rva acop acoq acoo = iuj
rvb = hhm cbm
rvc = ahb
rvd acoo acop acoq = aaon
rve = lzs
rvf acoo acop = wdw
rvg acoo = jru
rvh acoq acoo acop = abdl
rvi acoo = abox
rvj acoo acop = vkc pat
rvk acoo = hiq
rvl = bex
rvm acoo acop = grp vuu nnq
rvn acoo = hoz lwb (oua gcm)
rvo = gbs
rvp acoo acoq acop = dry pww zeu
rvq acop acoo = pvc
rvr acoo acoq acop = tzt ioc sis
rvs acoo acop = wfo dzb axu nsy
rvt acoo = vho
rvu acoo acoq acop = jna ern psp
rvv = zm
rvw acoo acop = mmu hio
rvx = xkc
rvy acoo = slb
rvz acoo = rde
rwa acoo acop = gjt
rwb acoo = ioq (yj zgl waq)
rwc acop acoo = obh goz
rwd acop acoo = ifi plj uzy
rwe acoo = ztr
rwf acoo = wsu dpa aart
rwg = sbd mtb fvq
rwh acop acoq acoo = dep
rwi acoo = wjc
rwj acop acoo = imv
rwk = pnr
rwl acop acoo acoq = acjh
rwm = gwv ldd cwk
rwn acoo acop = bmg nvl
rwo acop acoo acoq = qxo aadd sus
rwp acoo = enp plm
rwq acoo acop = hhs
rwr = ojx iab
rws acoo = wua
rwt acoo acoq acop = qub hzd iox
rwu acop acoo = hex bms opx yul
rwv acoo acoq acop = cdo bon
rww acop acoo acoq = ebc
rwx acop acoq acoo = tyh (zhn qvt)
rwy = cax
rwz acop acoq acoo = zxj fei
rxa = uh guf
rxb acoo acop = yvt aauw jz
rxc acoo acop acoq = rfx
rxd acoo acop acoq = qye cva
rxe = hhj
rxf = pge lzn (hle uug)
rxg acop acoo acoq = mgc zmo wak
rxh acoq acop acoo = bvq bi
rxi acoo = tfg jbv
rxj = ryh kqm
rxk acoo = absn
rxl acop acoo = biy
rxm = zxg
rxn acoo acop = abku
rxo acoo acop acoq = pmm
rxp acop acoo acoq = llc ejs
rxq acoq acop acoo = gut
rxr = svs
rxs acoo acop = xf
rxt = qpr
rxu acoo acop acoq = kyd nhb oyr jrf mar
rxv = jbb
rxw acop acoq acoo = ure
rxx acoo = mgl fac vux
rxy acop acoo acoq = hpv
rxz acoo = lie ows eqt qas
rya acoo = ablc
ryb = rit
ryc acoq acop acoo = ycl rdh lrd
ryd acoo = ubo aqy rfb
rye acoo = hos wc
ryf = onn
ryg acop acoo acoq = suu try wxg isa uli
ryh = rhz
ryi acoo acop acoq = anl
ryj acoo acop = qfj
ryk = kl
ryl = sko xl
rym acoo acoq acop = kyn nbb eik pcv vtd
ryn = pks
ryo acoo = onj
ryp = ztz
ryq = hne kbq fks
ryr = ugm
rys = qtk
ryt acoq acop acoo = ilr
ryu acoo acop = uxm
ryv acoo = bun
ryw acoo acoq acop = eyk
ryx acoo acop acoq = mdg
ryy acoo = qqp
ryz acoo = qej
rza = aamb awu
rzb = lyt
rzc acop acoo = cwp
rzd = qfk smp mhf
rze acoo acop = mjm iwr aaql
rzf acoo = hxc wse
rzg = byy sop xsd uwl
rzh = abjp
rzi acop acoo = dpi
rzj acoo = piy sbs aanh eyh
rzk acop acoo = yuk kdj
rzl acoo acop acoq = kpc xbp ppr
rzm acoo acop = bex
rzn acop acoo = bng tbw
rzo acop acoo = zmg mtc
rzp acop acoo = ugg vcj xzl kyw
rzq acoo = gkf
rzr acoq acoo acop = qc
rzs acoo = nri iqq hpm
rzt acoo = xyg
rzu acoo = ixx
rzv = ytb
rzw acop acoo acoq = kqo fze ljw rsr
rzx = ivy wcv oas
rzy acoo acoq acop = umn drz abzv has
rzz = anc ugk
saa acoo acoq acop = jsd qjw
sab acop acoo acoq = zyu (ana bwt)
sac acoq acop acoo = mbv (hu tez) mkk
sad acop acoo = hmk
sae = aqx
saf acop acoo acoq = abbj (xaj rau)
sag = kui adm
sah acoo acop = qhu
sai acoo = mll
saj acop acoo = abhv
sak acoo acoq acop = fim wkc znx mgv
sal = jav
sam acoo acop = wpd
san = vcr
sao acoo = cqr aco rgt
sap acoo = gth
saq = dzk
sar acop acoo = dkt vhi fmg
sas acoo = lii
sat acoo acop acoq = mqg
sau acop acoo acoq = sgq
sav acoq acop acoo = yj
saw acop acoo = oel
sax = jcj gbu pir dap imb
say acoo = jzk
saz acoo = fim znf biv
sba acoq acoo acop = rit vyk
sbb = lks cw
sbc acoo = zfe
sbd acoo = vhb ubv ixv
sbe acoq acoo acop = ap
sbf = huz
sbg = ccv
sbh acoo = pzq
sbi = aamm
sbj acop acoq acoo = jbq
sbk acoo = kc
sbl acop acoo = ypk
sbm acoo acop = jne
sbn acoo acop = frf
sbo = pok
sbp acop acoo = ccs
sbq acoq acop acoo = xjh mxw
sbr acoo acop = wym jft
sbs acoo acop = zla
sbt acoo acop = dxt
sbu acop acoo acoq = abft
sbv acoo = aaiu
sbw acoo = abui qas hoj
sbx acop acoo acoq = vxm fnu acdm wko
sby acoo = knx abmn
sbz acoo acoq acop = gie
sca acop acoo = lin
scb = mct
scc acop acoo = yjy hfw zoy
scd = bpt (dph yvb)
sce = xyw ewm gfo
scf = abpt
scg acoo = leh
sch acoo = ou cni uwk yum
sci acoo acop acoq = aix
scj acoq acop acoo = cbw
sck = xyg
scl = uzc
scm acop acoo = zaw
scn = yxw
sco acoo acop acoq = qkq
scp = btq
scq acoo acop = acoo
scr acoo = jeg abwx bpv
scs = yeb
sct acoo acop = abbe
scu acop acoo = qw abxw loq
scv = rpi dyj aqk
scw acoo = eft
scx acop acoq acoo = cfr qtm
scy acoo acop = aauh
scz acoo = bqn
sda acop acoq acoo = vn
sdb = elp noy kwq qpa
sdc acoo = yae
sdd = gqi aasu zjs
sde = fli hiy absz aavg rcc
sdf acop acoo = rcy cis er
sdg acoo acop = ipa
sdh acoo acop acoq = irk ldf
sdi acop acoo = sed
sdj acoo acop = hp
sdk acoo acoq acop = zjb abfg guu
sdl = vxn
sdm = cyz abpw
sdn acoo = cpj aalo
sdo acop acoo = xrb
sdp acoo acop = jwk cao (kpy dhn)
sdq acoo acop = met ubj non
sdr acoo acop = kya
sds acop acoo = lhc
sdt acop acoo = uqv
sdu = pd lkk
sdv = qez
sdw acoo acoq acop = vvi
sdx acop acoo = ejj fq
sdy acoo acop = hsz
sdz = xot (vla cme wk)
sea acoo = car xnz tt nfe
seb = abkf ncx bme
sec acoo = ewf yld
sed acoo = pgz ttx wyl
see acoo = aaaa czm
sef = dch
seg acoo = srw yu erq
seh acop acoq acoo = xlo
sei acop acoo = tie
sej acoo = abpp lcw
sek acoq acoo acop = pbz
sel = abol
sem acop acoo = aaof
sen = mso obv
seo acop acoq acoo = bhe
sep acoo acop = jll
seq acop acoq acoo = vsm rhq fkd
ser acoo acop = may
ses acop acoo = yaa
set acoo = tm
seu acop acoq acoo = ecr bbg dvu
sev acoo = pcb
sew acoq acoo acop = pnv cks aclw
sex = siq
sey acoo = hyw
sez = bih
sfa acop acoo = nhn
sfb = aawq
sfc acoq acoo acop = iru jtu
sfd acop acoq acoo = xrh ri lwv hua txi
sfe = fgl abbt vkh
sff acop acoo acoq = pok vsq zoh skz
sfg acop acoo = lgf aaig ipt uxv
sfh acop acoo = ppd
sfi acoo acop = sli
sfj = cu
sfk acoq acoo acop = ilu pad
sfl acoq acop acoo = blq
sfm acoo acop = gib on dfj
sfn acoo = hrt
sfo acoo = pft jxo psy lqh
sfp = rwg
sfq acop acoo acoq = eio
sfr = aabi
sfs acoo = okn
sft acoo = ujc rqn vge
sfu acoq acop acoo = hzz
sfv acoo acop = yzn vqt oiz eah an
sfw = esf
sfx = iiq
sfy acoo acoq acop = jwo
sfz acoo = mav
sga acoo = bvg
sgb = mcg
sgc acoo acop acoq = hnz
sgd acoo = ulv
sge acoo acop = jpu zmf
sgf acop acoq acoo = fwb cd (ojd whx)
sgg acoo acop = lyn
sgh = shq
sgi = akr
sgj acop acoo acoq = ddh xg
sgk = bwf
sgl acop acoo = srd xp
sgm acoo acoq acop = sja pol
sgn acop acoq acoo = shx
sgo = oey
sgp acoo acoq acop = xan rbt mbf dxt abqo
sgq acoo acop = trm
sgr acoo = oxj
sgs = fyt blv zjj
sgt acoo acoq acop = vrw uge
sgu = dgj
sgv acop acoo acoq = cim
sgw acoo = rno
sgx acop acoo = hdv
sgy acoo = ckr
sgz = ezx atf
sha acop acoq acoo = auj
shb acoo acop = ep uaq izl
shc acoq acop acoo = qak
shd acoo acoq acop = syt mgy jvq
she acoo acop = bxf
shf = vgv onl
shg = ctf
shh = tyv hwe
shi acoo = muo
shj acoq acop acoo = ci
shk acoq acop acoo = grx
shl acop acoo = aabz ywu uc
shm = atm
shn acop acoo acoq = mgp
sho = oja bde
shp acoo acop = lhk mta cjd
shq acoo = tbg
shr acoo = cee vih
shs acoo = lbo
sht = ubx iwc wcj psm
shu acop acoo = edk qxo yyx
shv acoo acop acoq = yry
shw acoo = iqs aayw
shx = ngo ujr pby lgf
shy acop acoo = tth xpt
shz acoo acop acoq = vih
sia = pne
sib acoo acop = acml
sic = zgn nmk
sid acop acoq acoo = hwx
sie acop acoo = psa vio rt zmb
sif acoo acop = acki kav aclx
sig acoo = lns
sih = yre
sii acoo acop acoq = mth fbv
sij acoo acop acoq = nbg
sik acoo acop = aajp
sil acoo = uzu abkg dne nhc qqf
sim acop acoo = bo cht eiq ymf
sin acop acoo = ppf ckg
sio acop acoo = ygr ackj dzp
sip acoo = nko xoj
siq = fdi
sir = akh
sis = ob ocm
sit acoo = acu
siu acop acoo = ukv
siv acop acoo = chd wuu vic
siw acoo acoq acop = ijd sje
six acop acoo = smo
siy acop acoo = vfv ath ajj olr
siz acoo = fek jey oxq qrs
sja acoo acop = qff
sjb = kpu kyf fot aceq
sjc acop acoo = tab
sjd acoq acoo acop = vzl
sje acoo acoq acop = acdh ackr csq rtn
sjf acop acoo acoq = pkj
sjg acoo acop = xhl
sjh acoo acop = gzk ugl nzc
sji acop acoo = xom tfp muq msc
sjj acop acoo = cxd xq
sjk acoo = phc
sjl acoo = xku absg ohn
sjm = cmu
sjn = fay xjb dkk zlh rwu
sjo acoq acop acoo = xmc
sjp acoq acop acoo = oyn
sjq acoo = umt
sjr acoo = nja hix itz xfg
sjs acoo acop = cui
sjt = cra twq
sju = mkw
sjv acop acoo = lki
sjw = vsu lqo
sjx acop acoo = acnx kyb
sjy = kfn
sjz acoq acoo acop = abgv fmd
ska acoo acop = fwp xqi scm
skb acop acoo = euc
skc acoo acoq acop = yoc jjt xss jk
skd = mda
ske acop acoo acoq = lwm gkk fiv
skf acoo = ivf wtz
skg acop acoo = eis mvr qwc wow
skh acoo acoq acop = zub aat amk
ski acoo = zgj
skj acop acoo = zrm
skk acop acoo acoq = umj nve zk
skl acoo = cvy
skm acoo = qpk
skn acoo = rhi yqo iu tal
sko acoo = rzh lov
skp acoo acop = mrw
skq acop acoq acoo = ryv
skr acoo = wcu koe
sks acoq acoo acop = aafa pff llj
skt acoo = unk knx btr
sku acoq acop acoo = aaxp bae rzj mot
skv acoo = abch
skw acoq acoo acop = gsv ejt qtj
skx = fj
sky acoq acop acoo = fsu
skz acoq acop acoo = zvz
sla acoo acop acoq = abmu vrv
slb acoo = b
slc acoo acop = yw azt zow tzo
sld = mxl xpq
sle acop acoo = slj bop lwk hvp abym
slf acoo = zmp
slg acoo = mnx
slh = abqr dju pzh
sli acoo acop = cyt aclf
slj acoo = mvn
slk acoo = egf
sll acoq acop acoo = mtg
slm acoo acop = ecx
sln acoo acop = piz efz yeg
slo acoq acoo acop = voz
slp acoo = vzc jxk
slq = vef abwo
slr = vmf st
sls acoo acop = aaxc vaw nyb
slt acoo acoq acop = hym hrs
slu acop acoq acoo = rpg stt lwb
slv acoo = szx
slw = inc
slx acoo acop = nsd ucr rlf
sly = jqs
slz acop acoo acoq = ysa
sma = lpv atp
smb = nwq
smc acoo = gsc (sba abqk)
smd acoo = gz
sme acoo = ybb
smf acop acoo = tly pcx
smg acoq acoo acop = nyj
smh acoo acop = brn
smi acoo acop acoq = lyh
smj acoo = cbb mxj ozz
smk acop acoo acoq = efr
sml = pxe oxp
smm acoo acoq acop = oon
smn acoo = ekp
smo acoo = she
smp acoo acop = sbt
smq acoo acop acoq = nsg
smr acoo acop acoq = fjk (svx vdg fvv)
sms = slt
smt acoo = xgk
smu = tin
smv acop acoo = rcl
smw acoq acoo acop = qiv zkt
smx = qzj hty
smy acop acoo = ptc
smz acoo acop = cby ksh kjl
sna acop acoo = tdy
snb acoq acop acoo = uni ufq abjo ebr
snc = goh hlg mnx
snd acoo = wbb jmg kxy
sne acoo = nvl
snf = pgy
sng acoo acop = lex ptg nc xku
snh acop acoo acoq = jlt cny uai
sni = eia
snj acoo acoq acop = ohx mtt oep hrq
snk = dfh
snl acoo acop acoq = ruk
snm acoq acoo acop = mwb
snn acoo = cvp
sno acoq acop acoo = mgb had rrj ijr wei
snp = mue
snq acoo acop acoq = mcc
snr = acin
sns acoo acop = abpt ues
snt = apu
snu acoo acop = vlr ldf
snv acoo = kn wsy cqn
snw = pne djx
snx acoo acop = sbj
sny = lhr
snz acoo = dbj
soa acoq acop acoo = qbt krz tuy
sob acoo acop = haa
soc acop acoo acoq = cir
sod acoo = wpq
soe acoo acoq acop = ihl
sof = amx uha rpd acih
sog acoo = smt xnl
soh acoo acop = jni
soi = jvu
soj = mha srf gzm
sok acop acoo acoq = grw
sol = jkw aaiv
som = aaja
son acoo = yjy fgf
soo = grn eiu
sop acoo = qxx
soq = zcs
sor = qdi
sos acop acoo acoq = tjm tqk aayp xja
sot = bg ifo
sou = gwz wmw xfe
sov acoo = rhl qws
sow acop acoo acoq = tst swu opg unu
sox = omw gme utc uie
soy acoo = ihm
soz acop acoo = xpt xei bis oqg
spa acoo = pzb
spb acoo = uec (gpa vwg brb)
spc acoo = acak
spd acoo acop = ame w hgk
spe acoo acoq acop = qzt tyx ntp
spf acoo acop = aacq
spg acop acoo = bjt
sph = aio
spi acoo = aaqx
spj = air
spk acoo = abop
spl acop acoo = bft
spm acoo acop acoq = pzf crg zak
spn acoo acop = rwd nhu nco
spo = exy sxh wxm
spp acoo acop acoq = eze
spq = hgx
spr acoo = exc uta
sps = hbd fgy mgp
spt acop acoo = ui
spu acoo acop = qzu fej
spv acop acoo = eke
spw acoo acop = xqs
spx acop acoo = sdo tex cli nzz
spy = ynn dce sdd viq
spz = gvk ssu
sqa acop acoo acoq = cjk
sqb = xn tez
sqc = orq aarj nxj
sqd = hlj ar
sqe = dgj
sqf = he eck fcb zbm
sqg acoo = fod
sqh = ksc
sqi acoo = qjw
sqj = wiy gxe
sqk acoq acoo acop = ifa tzs
sql acoq acoo acop = sef
sqm = ndu pug yid abky
sqn = odf qxz
sqo acoq acop acoo = acae
sqp acoo = rui
sqq acop acoo acoq = qcj jmq
sqr acoo acop acoq = mhx ajq ebp
sqs acoq acop acoo = mfo
sqt acoo = ufg (fxn nko)
squ acoq acoo acop = nmv
sqv acoo acoq acop = dmg kwf
sqw = npr krh
sqx acoo acop = imz myg
sqy acop acoq acoo = qkw
sqz = bgn
sra acoo acop = zeg r acbo iuu
srb acoo = xzi
src acoo acop acoq = kcp
srd acoo acop acoq = cpi mxm
sre = xzx gai
srf acop acoo = gxl (dfs tqh) ios mhd
srg acoo = mbn
srh acop acoo = pen
sri = acs
srj acoo acop acoq = uge tnz vfq qyq
srk acoo = aasr
srl acoo = lqq zgs
srm = abmu
srn acoq acop acoo = owz
sro acoo acoq acop = olh
srp acop acoo = qwk
srq = abkk vho
srr acop acoo = odt uog
srs = oqa
srt acop acoq acoo = acoc
sru acoo = dcv qjq
srv acoq acoo acop = abcf
srw acop acoo = ukc cmn xmj
srx = aagf xxg
sry acoo = vxy
srz acoo = ouh
ssa acop acoo = pzv
ssb acoo = ddv rwd
ssc acoo = snl
ssd = kbn
sse acoo = lmi yyk pem
ssf acoo = xnf
ssg acoo = aalt aaoi
ssh acoo acoq acop = ujc qpo yum
ssi acoo acop acoq = nnh asg
ssj acoo acop acoq = zfa vpa edk pfc txn
ssk acoo acop = ulm
ssl acop acoo = zho
ssm acoo = bdk inp
ssn acoo acop = yvq
sso = cqu
ssp acoq acoo acop = azt abem
ssq acoo acop = dko
ssr acoo = iqm ioi acmj
sss acoo acop = jji
sst acop acoo = avr
ssu acop acoo acoq = auy (ljw xlw)
ssv = kcm
ssw acop acoo = wdm
ssx = umh (acan qrz gtd)
ssy acoo acoq acop = tgb pkj pjg aft hrx
ssz acoo acop = kie
sta = rlz hmd ygv owq
stb acoo = utk
stc acoo acop = vqt hrg phb bnp yps
std acoo acop = awd
ste acop acoo = lij jez
stf acoq acop acoo = rsa eiy qvo
stg = wvk
sth = hvu
sti = hux
stj = ata pmz
stk = wij
stl acoo acop = lxd mxa
stm acoo = abyy wrf act
stn acoq acoo acop = hgx
sto acop acoo = qk hqq kgm ihr
stp acop acoo = fik tcz
stq acoq acoo acop = ebc
str acoo = pxu gue ohs
sts acoo = abop zwj opt
stt = abi
stu acoq acoo acop = ifl
stv acoq acoo acop = zlg kxt
stw acoo acoq acop = qpw cqs srz
stx acoo acop = acgr fxl
sty acoo = aof
stz acoo acop = ver ddt
sua acoq acop acoo = mfs kd xxl
sub acop acoo acoq = udc
suc acoo acop = aarl rmi gdl
sud = clb
sue acoo = cwj
suf acop acoo = efe jnx
sug = vuy zif akj (wxp apz)
suh acoo = udi
sui = alq
suj acop acoq acoo = ntf otn bza
suk acoo acoq acop = bty tzt fua
sul = fhv
sum acoo = wig
sun acoo = gqd ctp
suo acoo = cph kue bph
sup = ztn
suq = kdq pck bob
sur acop acoo = ajk lvy
sus acop acoo = aaeu
sut acoo acop acoq = cir
suu acop acoo = wjz
suv acoq acoo acop = djz aqj qza acdc
suw acoo acop acoq = okt
sux acoo = wgo
suy acoo acop = aaex xzk oai hme bps
suz = ylr rmc dfy
sva = qof
svb acoo = shh jwg vsi
svc = xom
svd acoo acop acoq = oee
sve acoo acop = azo dci aku eft
svf acop acoo = wpq
svg = eem
svh acoo = ysz
svi acoo acop = ghu
svj acoo acop = bjq pkl
svk acoq acoo acop = mzy
svl acop acoo acoq = gkf bx snp
svm acoo = sch
svn = njn oxe lie mev
svo acoo = edj xhk ddm
svp = gsj zzt oku rag
svq = abtv qyw abko opg
svr acoo acop = cuw
svs = uua hwa
svt acop acoq acoo = efp
svu acoo acop = xdl
svv acoo acop = abzt nou
svw acoo acop = eaz nsz
svx acoq acop acoo = ezj
svy acoo = qxq
svz acop acoo = aabn phw mzw
swa acoo = uid abpa
swb acoo = ebh qlk tuh
swc acoo = xkg waa wbs
swd acop acoo = aclu
swe acoo = akg vir
swf = bzb ilp
swg acop acoo acoq = tgr accj gte pth
swh acop acoq acoo = vzu gmu achu kfa tas
swi = rhd
swj acoq acop acoo = umx ret mco unv iaq
swk acop acoq acoo = rq
swl acoo = rdq
swm acoo acop = gje tzx mbz
swn acoo = hxc
swo acoo = aao lat wbx iud
swp = rme ygw bne sru
swq acoo = vrt
swr = hnd ixe
sws acoo = xkl
swt = znx
swu acoo = hzw
swv acop acoo = mao
sww acoo acoq acop = aclz
swx acop acoo = urc
swy acop acoo acoq = auj
swz acoo = okw
sxa acoo = lwl aaxa
sxb = obo beq
sxc acoo = jhx
sxd acop acoo = joo hwy
sxe acoo = izg
sxf acoq acoo acop = aao ldp lhj
sxg = vag abrn
sxh acoo = wsz ieo gkg
sxi acoo = icm zxs
sxj acoq acop acoo = acgp
sxk acoo acop acoq = aazr
sxl acoo acop = aaua xht
sxm acoo acop = yiv
sxn acoo = myo
sxo = ui
sxp acop acoo = tva
sxq acoq acoo acop = njk who
sxr acoo acop = hrw
sxs acop acoo = san
sxt acop acoo = nwb
sxu acoo acop = auq
sxv acoo acoq acop = nlx
sxw acoo = cwn
sxx = itw dml rqu
sxy acoo = hcb (abzw xj)
sxz = tog
sya acoo acop = abiy
syb acop acoq acoo = rul
syc = pxq lpb
syd acop acoo = ysj
sye = bfy
syf acoo acop = bac bgk nvt nvp
syg acoq acoo acop = cgf ydx cvz
syh acop acoo = vah
syi acoo acop = ums kke qly
syj acoq acop acoo = ion
syk acoo = vjm dys
syl acoo = ety mwl
sym acoo = xca
syn acop acoo = swi xxr buq
syo acoo = wgd
syp = jhe
syq acoq acoo acop = ekv
syr acoo = ygn ocx
sys acoq acop acoo = upp nuc
syt acoo acop = aafr vbu het bzl zyr
syu = xqs awk
syv acop acoq acoo = wtt
syw = dtr
syx acoo acoq acop = cby
syy acop acoo = tfz
syz acoo acoq acop = mge acef
sza acoo acoq acop = kkv jzg bjl
szb acoo = eti yq acgi
szc acoq acop acoo = auy
szd = bzo
sze = wnm abkh qsj
szf acop acoo acoq = zpj
szg = ffw ftz
szh acoo = ldn aalj
szi acoo acop = clt imu rzr
szj acoq acoo acop = vh
szk acoo acop = mih
szl acoq acoo acop = egh (pba xfj)
szm acoo acop = jrm
szn acoo = lma bg
szo acop acoo acoq = jzh
szp = ufj mgr
szq acoo acop acoq = qvf
szr acop acoo acoq = awu
szs acop acoq acoo = mtj epi
szt = dpn
szu = ooq
szv acoo = abxs
szw = cty bbw
szx acoo = rlk fcs aatb yvt
szy acoo = kqh dhu ene xwq fng
szz = qla
taa acoo = lpz adz
tab acoo = aaay mkn
tac = acaf oae zjp
tad acoo = syk abwl yiq abqa
tae acoq acoo acop = nex
taf = jpa
tag acoo acop = zdp
tah = iez jwe
tai = aabe ix idm
taj acop acoq acoo = fjg wmj woc
tak acop acoo acoq = diq
tal acoo = slf
tam acop acoo = bkm
tan acoo = fvi fyw
tao acoo = uwp
tap acop acoq acoo = sag
taq acoo = tai vwc
tar acoo = zdp acbj hy
tas acop acoo acoq = uxl tqc and
tat acop acoo = kkc mze
tau acoo acop = pdx plk eqd xqx aceq
tav acoo acoq acop = mhy aacx dtc wbe
taw = fr
tax acoo = ins ghf
tay acoo acop = fwo qtp (egj cko)
taz acoo = vya xym rsr
tba acoo acop = our
tbb acoo acoq acop = acok
tbc = fk
tbd acop acoq acoo = vzm
tbe acoq acoo acop = xkg
tbf acoo acoq acop = ruk (lea nzq) hiv
tbg acoo acop = aary jcb
tbh acop acoo = pk atp
tbi acoo = blj ww cgs
tbj acoo = oxy
tbk acop acoo = fzf
tbl = oyl
tbm acoo = jif
tbn acoo acop acoq = srz
tbo acop acoo acoq = gnz kyl adv jos qfg
tbp = nyd
tbq acoq acop acoo = guq
tbr acop acoo acoq = ewf
tbs acop acoq acoo = orm
tbt acoo acop = udp
tbu acop acoo = qvd dpl
tbv acoo acop = bql mzf
tbw acoo acoq acop = gup
tbx acoq acop acoo = znu
tby acoo = pwt
tbz acoo acop = wzu
tca acoo acop = spx vgs opv ksx
tcb acoo = abou mw
tcc acoo acop acoq = oql
tcd acoo acoq acop = xat jgp rk lfg
tce acoo = ofb jgy
tcf acoo = slm
tcg acoo acoq acop = qmc
tch acoo = tr jco zxf
tci = smy egq krx
tcj acoo = htm
tck = vvm
tcl acoo = ito rlg
tcm acop acoo acoq = cyy
tcn acoo acop acoq = abnf
tco acoo acop = fal myx wik wqe
tcp = aoy vfp
tcq = vcr
tcr acoo = jpr
tcs acoo acop = hrd dwx
tct acoo acop = boh
tcu acoq acoo acop = osg gkx cjq
tcv acoo acoq acop = fbl
tcw acop acoo = pju
tcx = pvu voz
tcy = mei tdo abhz
tcz = yft egz rbz
tda acoq acoo acop = aaef aajf
tdb acoo = uwn pyq aaqg jhg
tdc acop acoo = xud jur grf
tdd acoo acop = ebz
tde acoo = jqs fot wxd dwq kfy
tdf acoo = gca
tdg acoo acop acoq = txy
tdh acoo = abgk
tdi acoq acoo acop = cwx
tdj acop acoq acoo = syd rmo pks
tdk acop acoo = aald
tdl acop acoo acoq = nch
tdm acop acoo = pvk smn mds aqj gub
tdn acoo = jme
tdo acoo = ajd
tdp acop acoo acoq = aboy
tdq acoo = obz gqh
tdr acoq acoo acop = cmz qgp uiv svu krd
tds acoo = ipp gvi jqa ttx
tdt acoo acoq acop = zbf gw
tdu acoq acop acoo = qsv
tdv acop acoo = tqs
tdw acoo acop acoq = glv
tdx acop acoq acoo = tfy acnu vjp
tdy acoo acop acoq = gkf
tdz acoq acoo acop = zfm cjf hsf
tea acoo acop acoq = zqb
teb = niz ftj
tec acop acoo = vtg wog fbx
ted acoo = klc (tdm lur lne)
tee acoo acoq acop = dpo
tef = nki uaq joo
teg acoo = xai
teh acop acoo = sra
tei acoo acop = iva glu khd mo
tej acop acoq acoo = abcv
tek = ngj
tel acop acoo = vud wxf lho
tem acop acoo acoq = dmp spl qan
ten = tt ezh
teo acop acoo = jam wun
tep acoo = zaj
teq acop acoo = xar
ter acoo acop = abbt bof
tes = okc
tet acop acoo acoq = zyo adq hvx
teu acoq acop acoo = yxj
tev acoo acop = hkg
tew acoo acoq acop = nuw
tex acoq acoo acop = end
tey = uzh
tez = kyh (vxu ece)
tfa acoo = has
tfb = vu nnb (puy tzr)
tfc acop acoo = sqb bei stw
tfd = cep nfh aajk
tfe acop acoo = dif
tff acop acoq acoo = yym
tfg acoo acop = unl nct umc
tfh = ee ost
tfi acoo acop = jen
tfj acop acoo = eos
tfk = yqr abxt
tfl acoo = ojx
tfm acoo acoq acop = vex vv whz iey
tfn acoo = myz
tfo acoo acoq acop = dvw
tfp = pbm kej
tfq acoo acop = acjh
tfr acoo = kci abc
tfs acop acoo = fwv
tft = vaq pzm
tfu acoo acop acoq = lhm bpj
tfv acoq acoo acop = pfo roo tsf nna
tfw acoq acop acoo = aza cjt
tfx = qfp vzz jcu
tfy acop acoo = sso
tfz = dqz yff
tga acoo = hyb kke gpc
tgb acoo = fff
tgc acoo = pve
tgd acoo = rxp
tge = rkb
tgf acop acoq acoo = jdc hyf fye zdl
tgg = qck
tgh acop acoo = jwr
tgi acoq acoo acop = dfd
tgj acoo = flb qom uhp
tgk acop acoq acoo = jbq mue mxl qej wmx
tgl acoo acop = anv
tgm acoq acop acoo = qsi hl sob hoc
tgn acop acoo = igj
tgo acoq acoo acop = iid
tgp acoo acop = kdd
tgq acoo acop = aavi abxh
tgr = tto
tgs = ofd
tgt = wxc
tgu acop acoo = qod zer gfi
tgv acoq acop acoo = ehd
tgw = mlz nck
tgx acoq acoo acop = zmh
tgy acoo acop = iug
tgz acoo acop = eth ekh
tha acoo = lmj (qhq rjr)
thb acoo acop = hnd
thc acoo = ewr bpv gzt
thd = zgq
the acop acoq acoo = cxg
thf acop acoo = les
thg = izk
thh acoo acop = mqb zry (fpe bwe)
thi acoo acop = cy
thj acoq acop acoo = gqo dva cms wsy mfm
thk acoo acop acoq = abvc mgt puk
thl acoq acop acoo = xzr czl enf gwl
thm = aad fmk tul uvn
thn acoo = ygh
tho acoo = jyy ntk
thp = wuv acma
thq acoo = itr iaz
thr acoo = abpk nfq jm
ths = dky abvt
tht = hxh
thu = acac
thv acop acoo = qfp
thw = ltv
thx = vpr (ksk ska qet)
thy acoo = wgl
thz acoo = jnf sue
tia acoo acoq acop = gij
tib acoo acoq acop = bbk jse zuq
tic acoo = ypi dsd
tid acoo acop = tix
tie acoq acoo acop = eyc
tif = aup
tig acoo acop = ixd yhj
tih = aaku
tii = xhc
tij acoo acop acoq = xad
tik acoo = iac
til = guw aab ixn acec
tim acoo = ltr xv aclk kef
tin acoq acop acoo = fse
tio acoo acop acoq = rvo
tip acoo = jon tbi ang gbz
tiq acop acoo = dyu
tir acoo acop acoq = grf
tis = hsp
tit acoo = shc
tiu acoo acop = aafy
tiv acoo acop = vvg
tiw = abuh
tix acoo = hno pav
tiy = uar fcl
tiz = yls azl thz
tja acoo = wkt
tjb = njr qco (jdi ggx) noa
tjc acoo = im
tjd acoo acop = rpj
tje acoo acop = apb
tjf acoq acoo acop = dds ohe
tjg acop acoo = xjm pr yui ydg jjx
tjh = wew aatf ggv uhv
tji acoo = tzq
tjj acoo acop acoq = qto
tjk acoo = daz
tjl acoo = vzd xle
tjm = auw
tjn acoo = zzf
tjo = bzp
tjp acoo acop = gai
tjq acop acoo = vpk kie acjj (aaua xgu)
tjr acop acoo acoq = xyh ablp fga nly
tjs acoo = kri vbh
tjt = iyx xef
tju acoo = aapf
tjv acop acoo = fmj
tjw = tax
tjx acop acoo = aus
tjy = hat
tjz acop acoo acoq = pnl
tka acop acoo = tk
tkb acop acoq acoo = mxs
tkc = abwi emq gij
tkd acop acoo acoq = cer wko
tke = ccf
tkf acoo = aclg zno dxa nhm
tkg acoo acop = ibv
tkh = pdy ytu
tki acop acoo = hqw dfs xrx
tkj acop acoo = ypk
tkk acoo = kae
tkl = zlz
tkm acoo = klp
tkn acoo = hpu
tko acop acoq acoo = mxb zxw
tkp acoo acop = gqk wdz
tkq = okq
tkr acoo acop = hjk qis
tks acoo acop = ixa
tkt acop acoo acoq = wne
tku acoo acop = rui wtx
tkv acoo = qre
tkw acoo acop acoq = hyu
tkx acoq acoo acop = nuc
tky acop acoo = ynz epi
tkz acoo = kpf
tla acop acoq acoo = ipf
tlb acop acoo = mdg snw achb
tlc acoo acop = oyq
tld = yfi
tle acoo = tuk ddb
tlf acoo acop = hsc knm abrv
tlg acoo acoq acop = nvb
tlh acop acoo acoq = xgs
tli acoo = yne
tlj acoo acop acoq = vzx
tlk acoo = xlk ppv
tll acoo acop = agc
tlm acoo acop = zly liq ezu
tln acop acoo = djh
tlo acoo acop = toh xir
tlp = dza iam
tlq acoo = xg
tlr acoo acop acoq = zht
tls acoq acoo acop = tnw uic
tlt acop acoo acoq = xmx
tlu = mjo
tlv acoo = wno
tlw acoo acoq acop = xdi
tlx acoo = wqb (acnt cwd)
tly acoq acop acoo = yfq
tlz acop acoo acoq = kyz
tma acoo = zyd
tmb acoo acop = xih
tmc acop acoo acoq = mcz
tmd = esj
tme = tyg
tmf acoo = aakb yeh aahu lrh
tmg acop acoq acoo = rho
tmh = rqx
tmi acoo acop = acmm ubw aaqi puj
tmj acoo acoq acop = vv
tmk = ytj xpz
tml acop acoo = atc
tmm acoo = nyy
tmn = vdh
tmo acoo = hts
tmp acoo acop acoq = lje
tmq acoo = rqp zli aaqm wpe dyf
tmr acoo = vfl nyi eiy jql
tms = owi
tmt acop acoo = wat vbu jfo
tmu = yce
tmv = kgt ozf cnr (xgp nmb)
tmw acop acoo = ijb
tmx acop acoo = abzg
tmy = xqc
tmz acoo acop = bfv
tna acoo acop = atx
tnb acoo = wfv
tnc acoo acop acoq = mbo iyt
tnd acoo acop acoq = bjt
tne acoq acoo acop = evy
tnf acoo acop = poq lcx mk
tng acop acoo = lft
tnh = acly
tni = jid ckn
tnj = ybk
tnk = jpe tuc gze mbi lvl
tnl acop acoo = lyv abrj fav
tnm acop acoo = pca eof nbq
tnn acoo acop = bfu lub dgm
tno acoo acop acoq = taz
tnp acoo acoq acop = abkl
tnq acoo = viw jc (qnd vsy)
tnr acoo acop acoq = lwy
tns acoq acop acoo = lpm
tnt acoo acoq acop = qvb
tnu acop acoo = erq
tnv acoo = mxu pml
tnw acoo acop = ihx abzs
tnx acoo acop = ord
tny acop acoo acoq = zm
tnz = ea phd
toa acoo acop = lam aty iyb mam
tob acop acoo = rob zec
toc acoo acop = ota oes
tod acoq acoo acop = hkp
toe = cna vbk mjx
tof acoo = wmr
tog acoo acoq acop = coy
toh acoq acop acoo = abco mxl gwj
toi = acnb pdy
toj = pvc
tok = kyx ny
tol = aph
tom acoo = asw
ton acop acoo = aadt ktk fj muu
too acoo acop = dge (ahl gwm) cap
top acoo = jkq
toq acop acoo = s zux
tor acoo acoq acop = xsr
tos = pkq vxx vjh
tot acoo = xmn ygk sxg
tou = rnu
tov acoo = cba yaq xh jhf qji
tow acoo acop = pch
tox acoo = duw
toy acoo acop = haz
toz acoo = dhk fos hee
tpa = txh aho rbq bzc
tpb acoo = fuw
tpc acop acoo = tae hdt
tpd acop acoq acoo = aarp
tpe acoo acoq acop = juz ooi dhn nci
tpf acop acoo acoq = cdz
tpg acop acoo = itt ser
tph acoo = oge pan pau zc
tpi acop acoo acoq = rfz ake spj
tpj acop acoo = hpr pmt
tpk acoo = aqt vpq too eow
tpl acop acoo acoq = mkk vws
tpm = mch nro lqx acdv
tpn = zdr aei
tpo acop acoo = abun otd acmd ntv mbz
tpp acop acoo = mnx
tpq acoo = clf
tpr acop acoo = mwo
tps acoo acoq acop = mgv
tpt acoo = ess
tpu acoo acoq acop = swg
tpv = aayb
tpw = mof bog
tpx acop acoq acoo = teq
tpy acoo acop acoq = hwc
tpz acoo = squ
tqa acoo = wxl jet
tqb acop acoo = zyl zje
tqc = eaf
tqd acop acoq acoo = hzd wug oqr
tqe acop acoo = aaco fxx (dgl eqx jjf)
tqf acoo = uwe
tqg acoo acop acoq = qkn
tqh acoq acoo acop = btu
tqi acoq acop acoo = khb mbc
tqj acoo = nve
tqk = mde
tql = emz
tqm acoo = bgg
tqn = dre
tqo acop acoq acoo = dme acni
tqp acoo = fqn tma rfz
tqq acoo acoq acop = dnm
tqr = lwi (akf ylz phh)
tqs acoo = mji
tqt acoo = qyr jma abow
tqu acoq acop acoo = bky
tqv = aamb
tqw acop acoo = jkd
tqx acoo = frd
tqy acoo acop = dik hng yfi ekq aarv
tqz acoo = dxy gco mxa
tra = sze
trb = xyq
trc acoq acoo acop = veo
trd = rhq jyz skj kub
tre acoo acop = ist
trf acoo acop acoq = yry xam abjl
trg acop acoo acoq = gan
trh = xkw wjw
tri acoo acop = pdw swu
trj = ztm
trk = ygi
trl acop acoo = cpx ayj nyx
trm acoo acop = arv
trn acoq acoo acop = uq
tro = jvy
trp acop acoo = xqp
trq acop acoo = gmn gyf
trr acoq acoo acop = acib cue
trs acoq acoo acop = nyw
trt acop acoo acoq = rda
tru = mon
trv acop acoq acoo = jea rew
trw = bju odm gnd
trx = lsn ruq owg xb qay
try = lon mkq ifj qxh qvm
trz = aac
tsa acoq acop acoo = yxa ix ims aakq
tsb acoq acoo acop = pbz tnv
tsc acop acoo acoq = mv
tsd acoo = aadk
tse = vha
tsf = klf zcn
tsg = zri
tsh acoo acoq acop = beq
tsi acop acoq acoo = eze
tsj = awl bjg (wlb gsr)
tsk acoo = acai jpt btb abcs
tsl acoo = aaxr eor
tsm acop acoo = bkb
tsn = jui
tso acoo acop = ito
tsp acoo = oeg okt
tsq = bzf
tsr acoo acop = bvb bou
tss acoo acoq acop = fjt kya
tst acoo = esa
tsu acoo = zvi
tsv acop acoo acoq = aapu dcz che abfk
tsw acoo acoq acop = ud
tsx acop acoq acoo = axl
tsy = bxg
tsz acoo acoq acop = sxg
tta acoo = rhy epp
ttb = hkt
ttc acoo acop = xxo bau
ttd = zlh aamo achk
tte acoo = iyu
ttf acop acoo acoq = zer aaby
ttg = itk
tth acoo = nuu
tti acoo acoq acop = oyi nje cpb bkb ili
ttj acoq acoo acop = onf xmv
ttk = wcf
ttl acoo = qar vmv ebd jjn
ttm = vgd
ttn acoo acop acoq = jfq
tto = xsj qvs
ttp acoq acop acoo = qpu
ttq acoo = dni
ttr acoo acoq acop = zuv tic enu aazt
tts acop acoo = nzg nxl rhx
ttt acoo = fan cdf
ttu acoo = nut mwf
ttv = uqw
ttw acop acoo = ima
ttx acoo = acmc
tty acoo = rpw mmu smq
ttz acop acoo = pyn
tua acop acoo acoq = edo kft ryh
tub acoo acop = kbv fl flv
tuc = wvj yod qfr iur
tud = aup
tue acoo acop = ubv
tuf = jfn
tug = pkn
tuh = znl phm tje zmg uqy
tui acop acoo = ttb
tuj acop acoo = kcl ddv ary vva
tuk acoo = web
tul acoo acop acoq = aff tjm iil pap
tum = aawx sby kba
tun = aand knz tru iyo
tuo acop acoq acoo = rgc
tup acoo = hkr
tuq acoo acop acoq = abzk
tur acoo acoq acop = tdk hkk ymw
tus acop acoo = rhk
tut acoo acop = zta jlc lbt
tuu = abtw viz zzd jfu
tuv = sxp
tuw acoo = egq
tux = bjl jdx
tuy acop acoo acoq = nee
tuz acoo acoq acop = mco abif
tva acoq acoo acop = qfo scg ppu nms fez
tvb acoo acop = kxq
tvc acop acoo = mzl geu su
tvd = nhf
tve = vfg
tvf = zrc
tvg acoo acop = htx zoc oub qxq
tvh acop acoo = yap efu kmm
tvi acop acoo = zfm rwr (be fxo)
tvj acoo = vy
tvk = pvx smp ogx zna
tvl acoo acop = uy
tvm acoo = pxy nnl
tvn acoo = hsx aaok acw
tvo = fii
tvp = hrk bzx eux
tvq acoo acop = odq
tvr = pvj
tvs = ldj
tvt = hij skb uls
tvu acoo acop = ttx dfo
tvv acop acoo = bmr acja
tvw acoo = kkq iix nyq abgc soi
tvx acop acoq acoo = iml
tvy acoo = ded (vff aazc) won sgb
tvz acop acoo acoq = obz dfm
twa = qel zdk dro
twb = qtv
twc acoq acoo acop = edw gpr
twd acop acoq acoo = zfa
twe = dco jhp
twf = imr
twg = jam
twh acoo acop = lgb
twi acoq acop acoo = qpx
twj acoo acop = zff vqe mud abn lap
twk acop acoq acoo = trm lyh fes
twl acoo acop acoq = qar vsi
twm = csr yav
twn acoo = fdw
two acop acoo = dwi
twp acoo = vte abcu
twq = kwa
twr = mxe
tws = pds
twt acoo = kez
twu acoo acop = hbo nki nmk
twv acoo = ubp ujs xfw hcc
tww = ycg
twx acop acoo = ugo bpw dvk skh
twy = vsi sby eiu
twz = laj
txa acop acoo = cjo yh pfd
txb acoq acop acoo = spl
txc = sbd
txd acoq acoo acop = zgm
txe acoo = ifb
txf acop acoq acoo = coj
txg acoo acop = qou
txh acop acoo = hjf vzz xpi
txi = ftv
txj acoo acoq acop = fpk qak ppl
txk acop acoo = anp
txl acop acoq acoo = tup
txm acoo = mth goc
txn acoq acoo acop = zpf
txo = udh ugd frl aba
txp acop acoo = qaf rxj (nyl abds) sex
txq = ngl
txr acoq acoo acop = gma (aaml spk) ksm exo
txs = hzi
txt acoq acoo acop = atp
txu acoo acop acoq = gor
txv acoo acop = oyo
txw acoo acop = bri
txx acop acoo = kmp eup vuf
txy acoo = acdt vqq rvh
txz acoo acop = qbb abhx
tya acop acoo acoq = xtw
tyb acoo acoq acop = evy vem ryf yau
tyc acoo acop = mth
tyd = qal stn
tye = wyw
tyf acoo acop acoq = fua wfs
tyg acoo = mgt
tyh acoo = tqk
tyi acoo = iox
tyj acoo acop acoq = uwv kx
tyk acoo = snu jkh
tyl = bdk aacm aaya
tym acoq acoo acop = sxx uwb
tyn acop acoo = msr
tyo acoo = rxe acai csy
typ acoq acoo acop = ofm
tyq acop acoo = jyg
tyr acop acoo = zuq nqy
tys = wj mck ttm
tyt = tsr
tyu acoo acop = gyd
tyv acoo = ils wlz lro ski
tyw acoo = aamr ol
tyx = ror
tyy acoo = fkn
tyz acoo = ufz
tza acoo acop = bdi
tzb acoq acoo acop = tkl nsa acoq acnp gul
tzc = zay
tzd acoo acop = krw
tze acop acoq acoo = mhv
tzf = lvu unk
tzg acop acoo = kmu abst ita
tzh acoo = nah kfd mbw
tzi acop acoq acoo = ooj nbr vvb
tzj = onq nvh
tzk acoo acop = aaaa aaru jkc xen
tzl = suc gsd
tzm acoo acop acoq = rhp gkm
tzn acoo = vci spo
tzo acoq acop acoo = bzi
tzp acoq acop acoo = jyn
tzq acoo = jo
tzr acoo acop = aarg
tzs acoo = hjs ydp dbs acie
tzt acop acoo = dlc (zdh plm ygi)
tzu acop acoo = jse
tzv acoq acop acoo = pza
tzw = bqv gqh nvi
tzx acop acoo = wji iff
tzy acoq acoo acop = acli
tzz acoo = lsb gsi gyg ze ebv
uaa = klu msi
uab = qda ivp xod
uac acoq acoo acop = sac gpm lt hda
uad acoo acop acoq = twl
uae acoo acoq acop = hcx
uaf = rbw
uag acop acoq acoo = ynz
uah acoq acop acoo = ve
uai acop acoo = vf
uaj acoo = jhr
uak acoo = zuu vqi rck
ual acoq acoo acop = gcj
uam = ud aaks
uan acoq acop acoo = aaar jqi kcm
uao acoo = siz
uap acoo = wip xdu
uaq acoo acop = phb
uar acop acoq acoo = wex sfl
uas acoo = abna
uat = mak
uau acop acoq acoo = kio lmh (aabq qu)
uav = xjj iua lff
uaw acop acoq acoo = edc
uax acoo = vii
uay acop acoo acoq = duy
uaz acoq acoo acop = phq
uba acop acoo = zgq
ubb = hpl
ubc acop acoo = zly abca fcw
ubd acop acoo acoq = exb
ube = ked
ubf acoq acoo acop = dxo yvv
ubg = rga kde (hdx efs)
ubh acoo acop = epu lyf
ubi acoo acoq acop = nfg
ubj acoo = wcs
ubk = whr gwk
ubl acoq acoo acop = zbs
ubm = zm
ubn acop acoq acoo = rnt
ubo acoo acoq acop = kfk ze (wgt qkw fsl)
ubp acop acoo acoq = aabc
ubq acoq acop acoo = qgh ikw ktd
ubr acoo = pid
ubs acoo acop = lyp arn
ubt acop acoo acoq = kuc
ubu acoo acoq acop = jd
ubv acoo acop acoq = dfq yoj
ubw = nfp nse bif
ubx = ywh
uby acoo acoq acop = lqt mq ackj
ubz acoo = sxz
uca acoo acop = cfd
ucb acoo acoq acop = xth
ucc acoo acop acoq = ipu
ucd acoo acop = enf
uce = hlu ail
ucf acoo = ke
ucg acoq acop acoo = koc
uch acoo acop = yne
uci acoq acop acoo = rgm
ucj = duk qnk cea
uck = jst ws frk
ucl = fvq
ucm acoo acop = vok
ucn acoo acoq acop = zjt
uco acoo = ham
ucp acoo acoq acop = fyo
ucq acoo acop = wdj abjo jmr
ucr acop acoq acoo = abim zlz suh
ucs acop acoq acoo = uzm mhe
uct = zqc
ucu acop acoq acoo = skk
ucv acop acoo = gqw ymr
ucw acop acoo acoq = acoh
ucx = acno ibl dzf aof
ucy acop acoo = pli fhl
ucz acoo acop = nkx
uda acoo acop = tfo
udb acop acoo = ry
udc acoo = uue owj cdg
udd = xrm
ude acoo acop acoq = hkn all lyk dem ysn
udf acop acoo acoq = uco
udg = ekb cai
udh acoo = acji wdq
udi acop acoo = aaoa hbv
udj = spa wwj
udk acoo acop = gic
udl acoo acoq acop = fd
udm acop acoo = tiv
udn acoo = yfm
udo acop acoo acoq = yxx
udp = uyo
udq acoo = xnt kfp
udr acop acoq acoo = hob
uds = nzj
udt = bgj
udu acoo = bkq nuj one
udv acop acoo = pqd kns
udw acop acoo = ehz
udx acop acoq acoo = bmh lby sku
udy acop acoo = fya
udz acop acoo = trz rz rvn
uea = wmy sei
ueb acoo acop = cbq
uec = foh
ued = aeg qdm absr
uee acoo acop = pjs yzr syp
uef = lab acir
ueg = cun hnu
ueh acop acoo = xmg jea tvn
uei acop acoo acoq = qoa
uej acop acoo acoq = pxz
uek acoo acop acoq = ctu
uel acoo acoq acop = lxe
uem acoo acoq acop = si yhl
uen acop acoo = bnv egp
ueo acoo = dut ikx
uep = civ
ueq = jxj
uer acoo acop = tki
ues acoq acop acoo = gny ndr qij
uet acoo acop acoq = vc
ueu acoo acop = aqx
uev acoq acoo acop = tp aazl ryi
uew acoo acop = lvc rhx ygg jrn mzl
uex acop acoo = nbb
uey acoo acop = ivt wbp
uez acoo acop = mxl
ufa acoq acop acoo = pdo abxs aaew
ufb acoo = abzy ph abkf
ufc = zce
ufd = dod
ufe = mkd
uff acop acoq acoo = cjv
ufg acoq acop acoo = ael ojp
ufh acoo = tuq ihs hgc znt
ufi acoo acop = vo abup mrj rzm
ufj = qyd
ufk acop acoo = gn
ufl = otx fmy
ufm acoo acoq acop = qfc nsu azr pf
ufn = tgv
ufo acop acoq acoo = twg
ufp acoo acop acoq = fwl
ufq acoo acop = whz
ufr acoq acoo acop = two
ufs acoo = odq
uft acop acoo = bkh yzt kyd fji
ufu acoo = goo
ufv = qmt
ufw = ipz avm
ufx acoo acop = cpm (zvq eyl)
ufy acoo = qzv yxr
ufz acoo acop = vox min mxs tpm
uga acoo = aapb yun
ugb acoo = obh (yai sgs)
ugc acop acoo = kr
ugd = jwz vmq
uge acoo = pln zvk
ugf acoo = osn
ugg acop acoo acoq = zqt
ugh acop acoo = qln
ugi = lmt ppt
ugj acoo = aqo
ugk = aej abpy fqo
ugl acop acoo = thk
ugm acop acoq acoo = gvn hhl ukk abxz
ugn acop acoq acoo = paq xnf
ugo acoo = lie acnk
ugp = ccx xcc abny hdn
ugq = gtw eaw
ugr acoo = yqb
ugs = tcp
ugt acoo = bl nue aqa
ugu acoo acop = eeg ckn
ugv acop acoo = qnd
ugw acoo acop acoq = oym
ugx = ejz
ugy = ok fza rds
ugz acoo acop acoq = gdd
uha acop acoo = abyc
uhb = nrm
uhc acoo = knk
uhd = ndu
uhe acoo acop acoq = idg
uhf acoo = qqw
uhg acop acoo = abes ujs jkf zsq
uhh acoq acoo acop = aabu zws abvf
uhi acoo acoq acop = acce
uhj acoo = cme
uhk acoq acop acoo = fbc
uhl acoo acoq acop = opz acoo
uhm = gzx
uhn acop acoo acoq = sdw
uho acoo = xys
uhp acoo = fzr jpw
uhq acoo acop acoq = kjr
uhr acoo = iea
uhs acoo = blo
uht acoo acop = qhe
uhu = abzn
uhv acop acoq acoo = mbw
uhw acop acoq acoo = acmh ipe bhf
uhx acoo acoq acop = hpp
uhy acop acoq acoo = zem
uhz = eld dkl
uia = qww (dws pbv)
uib acoo = aaax
uic = jt
uid acoo acop acoq = rhf kak lgq rdj
uie acoq acop acoo = hmb hdz
uif = qas
uig = mba zab
uih = mup
uii acoo = ablg iyo
uij acoo = smv
uik acoo acop = mgv
uil acoo acop = kug kmt (hdf ntt)
uim acop acoo acoq = gnv
uin acoo = izs
uio acop acoq acoo = snl (aod rbg adl) dkh
uip acop acoo = olv
uiq = gbm jyo xbi
uir acoq acoo acop = abn
uis = cka (ste kfn)
uit = hyt nj
uiu = tgc
uiv acoo = ktw
uiw = zv
uix acop acoq acoo = acnn (mok ggk hlx)
uiy acoo = zbx
uiz acoo acop = oqs
uja acoq acoo acop = mte gey ewy
ujb acop acoo = des
ujc acoo acop = qou
ujd acop acoo = ray
uje acoo acoq acop = lmv iyr zgw
ujf acoo = ttn
ujg = kkg xww
ujh acoo = ruq abfp lvn (urv ryz)
uji = qhh
ujj acop acoo = tcj
ujk = fcb pir
ujl acop acoo = kws
ujm = koo
ujn acop acoo = abrg ggl ovv
ujo acoo = gkd sso
ujp = zjo
ujq = fcw pul
ujr acoo acop = cmx urv gpd
ujs acop acoo = aagy
ujt acoo acop = abmx xir upr twe
uju acoo acop = cmg
ujv acoq acoo acop = rju
ujw acop acoo = gft
ujx acoq acop acoo = zwh wip vul
ujy acoo acop acoq = rhf
ujz acop acoo = kfg
uka = fmr ukx
ukb acop acoo = kxu
ukc = nmu
ukd acop acoo acoq = vcr aoa buf
uke acoq acop acoo = dk
ukf acoo acop acoq = vsd
ukg acoo = egd
ukh = tli
uki = cbr
ukj acoo = vme
ukk acoo = zub you sxu tip
ukl acop acoo = aop csc vj
ukm acoo acop = fjn
ukn acop acoq acoo = pbh dsz rqd
uko acoo = efy
ukp = azv fcw
ukq acoo = gmq odg
ukr acop acoq acoo = dwi
uks acop acoo = wla
ukt acoo acoq acop = keq fbq abhl
uku acoo acop = evs hvq shc
ukv = abpm
ukw acoo acop acoq = hhu zde amw
ukx acoo = lhg
uky = keq ngd cqb mh
ukz acoo = suw
ula acop acoq acoo = zuz
ulb acoo = apa
ulc acoo acop acoq = wvt
uld acoq acop acoo = lgv m
ule acop acoo = byh tav
ulf acoo = xbe cke
ulg acoo acoq acop = qbk
ulh acoq acoo acop = iqp
uli acop acoq acoo = xfy ivf
ulj acoo = aahb cnv
ulk = sec wvz
ull = kgz rbl pot niz
ulm = wgj bza kbr vm
uln acoo = ipr rfu
ulo = bky kzq apj
ulp acoo = olk
ulq acop acoo = tsa gdz
ulr acoo acoq acop = ahj nrs
uls acoq acop acoo = dgo umk abgn dzj
ult acop acoo = xqu lil gqt peo
ulu acop acoo = anr ppu
ulv acoo = gbm
ulw = gzv yvb
ulx acoo = rtr
uly acoo acop = yuc
ulz = pmk
uma = ogn zpn lyq
umb = abxt aagh
umc acop acoo = qx
umd = bx czg
ume = thc
umf acoq acoo acop = aael
umg = ucf tjm yqy kl
umh acoo acop = mbi
umi acoo = waq
umj acoo acop = aavs
umk acoq acop acoo = vvn
uml acop acoo acoq = ifi
umm acoo acop = abnz
umn acop acoq acoo = tyh
umo acoo = zlc bzl jvy
ump acop acoo = hvw
umq acoo = cao
umr acoq acop acoo = sin qfx opr
ums acoo acoq acop = cqe hhp bgd
umt acop acoq acoo = pxz dxp egu
umu acoo = aclm dzl vee
umv acoo acop = nrh
umw acoo = esg aacg abln wtj
umx acoo acop acoq = aaut
umy = kdp nxz
umz acoo acop = acjv
una acoo = sdr
unb acop acoq acoo = aavo erv nr
unc = rrn swm gjt
und acoo = abyf kaz
une = zse
unf acoo = uvw
ung acoo = dtb aadq sjk
unh acop acoo = oca kfa bof fou
uni acop acoo = szs lga abys
unj acop acoo = lsi
unk acoq acop acoo = ktd
unl acop acoo = yge
unm acoq acoo acop = wuw
unn acoo acop = iee
uno = tkp amy
unp acoo acop acoq = xvn
unq acoo acop acoq = bhb dwt iwy
unr = kvh
uns acop acoo acoq = roy
unt = zrl
unu acoo acop acoq = tho
unv = aamp
unw acoo acop = ibv
unx acop acoo acoq = aciw
uny = lub
unz acoo = aaxf (eqm pcx tab)
uoa acoo acop acoq = sdn
uob acoo = kxg bpq
uoc acoo = lqr
uod acoq acoo acop = hmy
uoe acop acoo = yxm
uof acoo = kub
uog acoq acop acoo = vaq
uoh acop acoo = l ecz (iom mzt aaim)
uoi acop acoo = qyo
uoj acop acoq acoo = okw ebk pek
uok acop acoq acoo = rwo qsr uun
uol acop acoo = abdq
uom = agz koj jcd (ykq hxh)
uon acoo acop = uix czn
uoo acop acoo = bzr
uop acoo = ten iov jrm yeb
uoq acoo = abbk
uor = odm
uos = koy
uot = orr
uou acoq acop acoo = bgh
uov acoo acoq acop = chp xxq
uow acoq acop acoo = gqw lqn xlv ibl
uox acoo acop acoq = qlj fja
uoy acoo = abag
uoz = aabq
upa acoo = qiq
upb acop acoq acoo = nut
upc acoq acoo acop = fjx ulr owt
upd = mpb ixm
upe acop acoo acoq = ose nkl rkq
upf acoo acop = x
upg acop acoo acoq = okq
uph acoo = rdv
upi acoo acop = ohs
upj = rqg
upk acoo = lrr
upl acoo acop = mub ouq aok
upm acoo acoq acop = gvj jms
upn = zwk
upo acoo acop acoq = rxw tod
upp acoo acop = zlg zkw
upq acoo acop = znd
upr = xdt
ups acop acoq acoo = vot two
upt acoo acop = osc
upu = acs
upv = yja
upw acoo acop = ibs
upx acoo = ld ablc fqq
upy acoo = oyt
upz acop acoo acoq = txa gno
uqa acop acoo = mnp
uqb = loq
uqc = lxj wxz hcs
uqd acoq acop acoo = ztc
uqe acoo acop = acbz ear cnl
uqf = exk ymm xxm
uqg acoo = jfa
uqh acoo = acgp hcv
uqi acop acoq acoo = gek jfm
uqj acoo = jv
uqk acoo acop = aamx
uql acoq acop acoo = umw
uqm acoo acoq acop = mwj
uqn acop acoo acoq = srk xwu bjc
uqo acoo acop acoq = lns
uqp = pwh
uqq acoo = ure eif
uqr acoq acoo acop = cke
uqs acoo acop = skb
uqt acop acoq acoo = acei ffs pmq
uqu acop acoo = rjw
uqv acoq acoo acop = ryc iqq nsr rya
uqw acoo = hmp (joi tjo jiq)
uqx acoo = aep
uqy acoo = qwe qhh fx
uqz = jom
ura acop acoo acoq = ois
urb acop acoo = zvn zdy vrb
urc acoq acop acoo = ilf ncz
urd = svi heg
ure acop acoo acoq = cgo bvm
urf acoo = aboz ffi
urg = wbk
urh acoq acoo acop = abni
uri acoq acoo acop = oyy
urj acoo = abhe hpf
urk acoo acop = bcu
url acoo acop acoq = zmd
urm acoo acoq acop = tts
urn acop acoo acoq = mri mvo
uro = lwx acir
urp = qbd
urq acop acoo acoq = kst
urr acop acoo acoq = ige qz bek
urs acop acoo acoq = vsp
urt acoo = fua
uru acoo acop acoq = dnt yel
urv acoo = ntj
urw acoo = abdt ler vgf sen
urx acoo = grc dxs fpe ccn
ury acoo = cxb
urz acoo acop = pva dbp uaa aqi ung
usa acop acoo = vbz
usb acoo acop = wii
usc acoo = agm
usd acoo = fka
use acoq acop acoo = jbw dcr etk
usf acop acoo = pge
usg acop acoo acoq = ddj
ush = jsa
usi acop acoq acoo = qbr aans
usj = vds
usk acoo acop acoq = xlf uvq
usl acoq acop acoo = gqr cgr aapk onn wng
usm acop acoo = ljn
usn acoo = glo
uso = bxm hcy aoz
usp acoq acop acoo = acfn
usq = fry bid
usr acoo acop acoq = dkf ngq
uss acoo = abfm
ust acoo = ttp dnt
usu acoq acop acoo = abtp
usv acop acoo acoq = aajx kdw wlw
usw acoq acop acoo = joz uon ivw pzy
usx = dbx
usy acop acoo = ftd
usz = aacv pry
uta acoo = fek
utb acoo acop = kbt
utc acoo = hxt
utd = oet lbq kyl
ute acop acoo = pkb zpb
utf acoo = xei
utg acoo acop = lvo
uth acoo acop = kna
uti acoo acoq acop = olh
utj acoo acoq acop = kkv gll
utk acop acoo = ixe
utl acop acoo = asx dw evy ttj
utm acoq acop acoo = cow ebz lkn gft
utn acoo = rsh
uto = psf
utp acop acoo = rct
utq acoo acop acoq = mwx kpz
utr acoo acop = nml
uts acoo = aaic sxn
utt acoo = vmg
utu acoo = zsw
utv acop acoq acoo = zvs
utw = uoc
utx acop acoo = efi
uty acop acoq acoo = teh (mro fun)
utz acoo = gl
uua acoo acop = sej gdy tfy kwx
uub acoo = ops
uuc acoo acoq acop = dam
uud acoo acop = nwu nss pcy kxy
uue acoo acop acoq = qdy abvp
uuf acop acoo = dqw yyy ftr
uug acoo = cap wvi
uuh acoo acop = mjt abcb
uui acoo = nn
uuj acoq acoo acop = rrk
uuk = aaid
uul acoo acop = fgq
uum = hkq
uun acop acoo = rjo
uuo acoo = lms hhj gdk fxx
uup = aclh gds
uuq acoo = rnw
uur acoo = kye abv xly
uus acoo acop = fkc umj bst
uut acop acoo = aaij
uuu acoo = hae
uuv = gmc fxb
uuw acoo = vsg
uux = cdx
uuy acoo acoq acop = mep
uuz acoo acop = kgq
uva acoo = aate qva
uvb acop acoo = abna (osd fyp eom) iqc
uvc acoo = flc (hrp bbd)
uvd acoq acoo acop = oue acoo
uve = cfb
uvf acoo = esf
uvg = rvf suv vff
uvh = awp
uvi = wyw ske lyf fyd urw
uvj acoq acoo acop = yzx
uvk acop acoq acoo = cut
uvl = jqv inp
uvm acoq acop acoo = lda vho
uvn = fji
uvo acoq acop acoo = ugt
uvp acop acoq acoo = qbq asr psz
uvq acop acoo acoq = bfs vpm
uvr acoo = hqs zfx doj gtg
uvs acoo = jgc my wsy ukc
uvt = fsq
uvu = whg
uvv acoq acoo acop = aamm
uvw acop acoq acoo = per
uvx acoo = cyj
uvy acoo = abny tcv
uvz acoo = xuk
uwa = bwp
uwb = abqd
uwc acoo acop = dbz izm oqv qtl
uwd acoo = ffe vgk
uwe acoo acop = jux
uwf acop acoo acoq = ztd
uwg acop acoq acoo = dum azr
uwh acoo acop acoq = haq
uwi acoo acop acoq = qlo xqf wap pxa
uwj acoo acoq acop = qdq oxx
uwk acop acoo = wrc
uwl acoo = aazz
uwm acoo = xhp
uwn acoo acop = aasp
uwo acoq acoo acop = tcy
uwp acoo acop = vyh
uwq = ldn
uwr acoo = mpt
uws acoo = ypa
uwt acoo = xhq
uwu acoo acop = wgy
uwv acoo = uby ymd aacm
uww acop acoo acoq = wfm
uwx acoo acop = jmj
uwy acop acoo = vcs
uwz acoo acoq acop = xwy
uxa acoq acoo acop = abcu
uxb acop acoo = pzc pxh
uxc acoo acop acoq = sfl (jxb gdk)
uxd = ysf
uxe acoq acoo acop = sra
uxf acop acoo = aaad qhd roy
uxg acop acoo = suj mzw kbq hsy aol
uxh = dje
uxi acoo = ghz
uxj acoo acop = zds
uxk acop acoo = yqn
uxl acop acoo = zkr
uxm acop acoq acoo = pmn zpd
uxn acoo = uub
uxo = uvj max
uxp acoo = mux gfv cvc zza
uxq = naz
uxr = gaf hoj tv
uxs = xuq pqb
uxt acop acoo = ivn twg pwo
uxu acoq acop acoo = pnv dxo
uxv acop acoq acoo = yph
uxw acoo = hve
uxx acoo = sbe dpu nkv miw cgm
uxy acoo acop acoq = vxf
uxz acop acoo = zli
uya acoo = ydz aa uxn
uyb acop acoo = xtc bvk
uyc acoo = oqr aaac
uyd acoo = vcz
uye acop acoo = kma lvb omo gqx
uyf = btu
uyg = yet
uyh acoo acop = phz
uyi acop acoo = iao
uyj acoo acop = tnv sgp qkm
uyk = lkn
uyl = pmc
uym acoo = agg tfh
uyn acoo = ctx xtb
uyo = hkp uwe
uyp acoo acoq acop = scq
uyq acoo = ebz nyh
uyr acoo = jgu kkm
uys = wzs emy rll vuv
uyt acoo = sxo nkc kxa
uyu = xmn cvb
uyv acoo = grx
uyw acoo = cer
uyx acoo = gfl
uyy acoo acoq acop = qxk (dcy daa)
uyz acop acoo = ozd drg abrd
uza acoq acoo acop = vgl
uzb = xle uoa
uzc = cum (bcj dnd hnn)
uzd acoo acop acoq = ogn
uze acoo acop = fwj
uzf acop acoo = jai
uzg acoq acop acoo = pcf myr mhy ign
uzh acoo acop = dfg
uzi = rtk aabn fvw
uzj acoo acop = cqt cub vzu fhf
uzk acoo acop = jnt ojd wbk
uzl acoo = anl
uzm acoo = wyx
uzn acoq acop acoo = mtg
uzo acoo acoq acop = pct wxo lpz
uzp acoo = bgx
uzq = kov
uzr acoo = jhk
uzs = wxf
uzt acoo = nun
uzu acoo = eii by jrv
uzv acoo acop = ntp rfj
uzw acop acoo = abff
uzx = qwl rng
uzy acoo acop = pdk ccn pwh
uzz acoo acop = kvd
vaa = kil fj
vab acop acoo = gpk xv cqp
vac acoo acop = aye
vad = frp eoo
vae acop acoo = hqh
vaf acoo = aasy gfk ica kxc
vag = ktl nwc sis
vah acoo acoq acop = dmi
vai acoo acoq acop = stx
vaj = anw
vak = kkh
val acoo = jrc
vam = vby
van = nth xck
vao acoq acop acoo = ula abpn
vap acop acoo acoq = mfa
vaq = wvw vey
var = ygm hug fnm
vas = vmk xzf jtb dql
vat = van cvk
vau acoo acop acoq = fui
vav acoo acop = mcu
vaw acop acoo = afp
vax acop acoo acoq = ace iob twv aii
vay acoq acop acoo = zda
vaz acoo acop acoq = acnn la rqi wne
vba acoo acop = jsl osy paq zms
vbb acoo = lwt ype
vbc acop acoo = abzm ibg
vbd acoo = zhb
vbe = cwv enc nqs abtq
vbf acoo acop = rgy
vbg acoo = vl fxo
vbh acoo = ech abxx bcu eew
vbi = rop
vbj acoo = absa
vbk acoo = uat aazu acbx
vbl acop acoo = lhd
vbm acoo = nlf vum fw
vbn acoo acop = iaf jmy ewv tti
vbo = lrk
vbp acoo = owj
vbq acop acoo acoq = zjc uiq abbj
vbr acoo = lys
vbs = boi (vvn xvv)
vbt acop acoq acoo = pyx nmy mmi
vbu acoo acop acoq = acln
vbv acoq acoo acop = ppf
vbw acoo acoq acop = qqn
vbx acoo = mua
vby acoo acop = rgp
vbz = fzk
vca = etu
vcb = lae
vcc acoo = xzl tak ogw bm
vcd acoo acop acoq = mti nv yib cdk
vce = lsm jbg fuq lfc
vcf acoo = whw
vcg = gcy
vch = gtl
vci acop acoq acoo = jvh byo vis swt
vcj acoo acop acoq = aaxz ibz nqe
vck acop acoo = qwc
vcl = gln
vcm acoq acoo acop = put
vcn = pix
vco acop acoo acoq = lg
vcp acop acoo = qaz dcb
vcq = oms nou tcm
vcr acoo acop = aea
vcs = oap lnb pfm
vct acoo = roy aaeh sdu
vcu acoo acoq acop = sgo
vcv acoo = efp aafv fny
vcw acoo acoq acop = xyu nvk med
vcx = lwm mlt
vcy = nza xiy jve
vcz acoo = psw rkj
vda acop acoo acoq = rlu
vdb acop acoo = kwl dxq
vdc acoo acop acoq = soe gsn
vdd acoo acop = akp
vde acoq acoo acop = aaik ysn acbh rvc
vdf = gbu
vdg acop acoo acoq = sdu
vdh acop acoo = vbc
vdi = dot rhb
vdj acoo = czz
vdk acop acoo = aavz
vdl acoo = qej lrg
vdm = vak
vdn acoo = fdd
vdo = grn
vdp acoo = rhu
vdq acop acoo = fgz
vdr acoo = oov
vds acop acoo = ojo
vdt acoo acoq acop = nah
vdu acop acoo = jmg
vdv = mia
vdw acoo acop = aclh ejo
vdx acoq acop acoo = fka
vdy acop acoo = neo mar
vdz = aaqk
vea acoo = wqx
veb acop acoq acoo = dyy izk
vec acoo acop = hph
ved acop acoq acoo = akp
vee = dfd
vef acop acoo = aalu
veg acoo = qnh bgr
veh = jqq
vei acoq acoo acop = sbp eiu gwi
vej acop acoo = oax bqm
vek = hnx
vel acoo = cbo
vem acoo = roo
ven acoo acoq acop = klw (acao tix)
veo = ffs wyv kiy omz
vep acoo acop acoq = hjq
veq acoo acop acoq = pkc ets
ver acop acoq acoo = av
ves acoo acop = pan
vet acoo acop acoq = odr
veu = mkt
vev acoo = ably bfj
vew acoo acop = fpo
vex = xyw
vey acoq acop acoo = sat
vez acoo = oax wtt
vfa acop acoo acoq = aqa (vmd nn)
vfb acop acoq acoo = wyn
vfc acoo = tev
vfd acoo = abkd
vfe = aai
vff acop acoo = aaxs miq
vfg acoq acop acoo = tuy
vfh acoo acop acoq = ssb
vfi acop acoo = inm
vfj = xak
vfk = lwd siz abzj
vfl acoo acop = ony yzd lde tlk
vfm acoo = nxr qdj fyn xwq
vfn acoo acop acoq = tbg
vfo = klr
vfp acoo acop = hyr
vfq = hi
vfr acoo acop = abvc aclq xae
vfs acop acoq acoo = qow gwg
vft acop acoo = ure
vfu acoq acop acoo = kqo pdh acv
vfv = sex zpg
vfw = tze kyo
vfx acop acoo = ufp
vfy acoq acoo acop = cwg abaz wdd
vfz = tqf
vga acop acoo = zs dii
vgb acoo acop = zrj
vgc acoo = kpv aaou
vgd = aanj jcc dvo
vge = po
vgf = twf
vgg = fjn ibo csu xzo
vgh = dkj rah
vgi acoo = dx ext
vgj = wmn
vgk acoo = tat (vok fxq)
vgl acop acoo = tjv
vgm = rgg
vgn = bsg
vgo acoq acop acoo = vzj lmh
vgp acoo = uyl znn cvz umn rgr
vgq acoo = acdo cqv
vgr acoo acop = qc kqk
vgs acoo = xlg
vgt acoo = aayw ldv
vgu acoo acop = svo nqf
vgv acoo = htm
vgw acoo = hjw poc
vgx = vl aw
vgy acoo = qas lhp ulc zos
vgz acop acoo = zux qye
vha acop acoo = yiz qnk
vhb acop acoo acoq = abcm
vhc acoo acop = qda
vhd = bnm xoi scb xqo
vhe acoo acop = mjp ukk cdr jzy
vhf acop acoo = kpl
vhg acop acoo = kjs jqy arg
vhh acoq acop acoo = rci ubc
vhi acoo acop acoq = fvv aawk ffp
vhj = ojn hmy (uda ajb)
vhk acoo = nhl wll jqd
vhl acoo acop = xyp pjs
vhm acoo acop = vde yrx
vhn acoo acop acoq = abpi
vho acoo = rrl
vhp acoq acoo acop = zhi
vhq acop acoo = iwz lzx
vhr acop acoo = ztg
vhs = j
vht acop acoo = dpx
vhu = wht
vhv = uwe ncg
vhw = vpy
vhx acoo = anc
vhy = acki jha
vhz acop acoo = ajx
via acoo acop = bc pzc kjx
vib acoq acoo acop = fhe sxf
vic acop acoo = ybm
vid acoo = lkj
vie acop acoo = kvw
vif acoq acoo acop = lml zwz kad
vig acoo = abxx
vih = pjz
vii acop acoo = nku shs
vij acoo acop = xbu
vik = wdt
vil = han lnm qns jq
vim acoo = nhf
vin acoo acop = iwg
vio = kfi (zuf aaof) stw kos
vip acoo = ktd lup olk drs zxp
viq acoq acop acoo = lbf
vir = tmc
vis acoo acop acoq = hzl gon acgy
vit acoo acop = wwu
viu acop acoo = abqv
viv acoo acop = xcb yqm rwk
viw acoo acop = ce
vix acoo acop acoq = uci
viy = ugx aanp dot
viz acoo = wfo
vja = gap
vjb acop acoo = oi jpl cnm
vjc acoo = hju
vjd acop acoo = rfc jpy
vje acoq acoo acop = acmk yma
vjf acoo acoq acop = qcj
vjg acoq acoo acop = rtx
vjh acoo acop acoq = ohk
vji = gff twe
vjj = mgp xpd zln
vjk acoo = hxu
vjl acoo acop = pzn
vjm acoo acop = mmc euu
vjn = svy
vjo acoo acop = shp
vjp acop acoo acoq = zys
vjq acoo = bcx fui nmn
vjr acoo = xkl
vjs = ocv
vjt = lhw jnd no
vju acoo = zoa
vjv acoo acoq acop = cfb jwl qnj
vjw acoo acop = ywk
vjx = gly
vjy acop acoo = klu jf
vjz acoq acoo acop = xyh
vka acoo acop acoq = nfd
vkb acoq acop acoo = spo
vkc acoo = znk qhl
vkd = sui qir umo
vke acop acoo acoq = wtf
vkf acoo acoq acop = ihm vxi dpo
vkg acoo acop = aabw
vkh acop acoo acoq = ipn
vki = gmi
vkj acoq acop acoo = yiw
vkk acoo = rab
vkl acoo = czc ydd vim
vkm acoo acop = lpu olw
vkn acoo acop = lyr
vko acoo = uvh jxz
vkp acoo acoq acop = sqc
vkq = ujp
vkr = mmr zov
vks = geg ggr
vkt = sis hyh xpe fym nwf
vku acoo acop = qme
vkv acop acoo = klp rcs
vkw = dhi wiq
vkx acoo = uyr
vky acoo acoq acop = wbt
vkz = ard qrr abcf
vla = ocv
vlb acoo = lbh
vlc acoo = oax
vld acoo acoq acop = msn lts
vle acop acoo = vdg hyd znx
vlf = efl cze
vlg acoo acop = hou
vlh acoo = gbg ctl qhc
vli = utv aaxg
vlj = crd
vlk acoo = kmo acko dxo
vll acoo = vvl
vlm = tdg aayw
vln = bhz jsj sja
vlo acop acoo = lhf
vlp acoo acop = qek
vlq acop acoo acoq = ptt
vlr acop acoo = djl dai
vls acoq acoo acop = uyz izr
vlt acoo = abbc mtw
vlu acoo = any xte
vlv acoo = qmw wve ajb
vlw acoq acop acoo = kpl
vlx acoo = tle gqm
vly acop acoo = crn dhx
vlz acop acoo = cbw
vma = xlc
vmb = sdq
vmc acop acoo acoq = hjn qbw dtt
vmd = rco wot ofw ako
vme acop acoo = ewy aly vhn
vmf = gzj
vmg = aada tve tqt cap obp
vmh acoq acop acoo = sws
vmi acop acoo acoq = ztc
vmj acop acoo = lus
vmk acop acoo = pxv
vml acop acoo acoq = qmg hbr
vmm acoo = eeh syz yvm obh
vmn acoo = wtx gpg ye
vmo = feo
vmp acoq acoo acop = xko
vmq acop acoo = gig msa
vmr = kry
vms acoo acop = pxl
vmt = bin rlb
vmu acoo acop = pss abha enn ml
vmv = lsy
vmw = krn
vmx acoo = abu
vmy = dyb
vmz = aaxi ntu sax acdj
vna acop acoo acoq = azo nm aarw
vnb acop acoo = wgm txu
vnc = vgg
vnd acoo = gxq bkv usj nig
vne acop acoo = dep
vnf acop acoo = jei
vng acoq acoo acop = fci zff abon ncq
vnh acoo = aang nqq
vni acoo = tp
vnj acoo = bmq
vnk acoo = ufx
vnl acoo acop = xss emx fjp
vnm acop acoo = gqf czh
vnn = ekn soq
vno = stn azr
vnp acoo acop acoq = rwy qij
vnq acoo acop = pz vkl aahf
vnr acop acoo = xhb
vns = rjr yov
vnt = aasq hka eux ifr
vnu acoo = ioy ssd ztu
vnv acoo = xgn
vnw acop acoo = but
vnx = aqo xkz gme lwx
vny = slq ujr cjm
vnz acoo acoq acop = rzl
voa acoo = avl
vob acoo = hpr mvw fml
voc acoo acop = kyu
vod acoo = my
voe acop acoo = zyn djr
vof = abtc
vog acoo = xac
voh acoo = xqm
voi = aaba btt fvc ifw ayo
voj acop acoq acoo = jcb
vok = zdi
vol acoo acop = etl
vom acop acoo = pxf
von = yjf fv ows
voo acoo acoq acop = uax ycd
vop = djy
voq = heo gtd
vor = jmx
vos acoo acop acoq = ppu
vot = ajf
vou acop acoo = uym
vov = acmn hcq
vow acop acoo = ndc
vox acop acoo acoq = yee
voy = dai kbd
voz acoo acop = dpv
vpa = ynv ubd cjb
vpb acoo = wrk
vpc acoo acoq acop = bzy
vpd acoo = eyy wqp fvo
vpe = mgn aagj
vpf acoo acop = guw
vpg acoo acop = acoa
vph acop acoq acoo = ipv
vpi acoo = rkq
vpj acoo acop = nfj
vpk acoo acop = fux mdm
vpl acop acoo acoq = toj lip yuf cbe
vpm acop acoq acoo = pzy nyp
vpn acop acoo acoq = hdd opd acje nia
vpo acop acoo = hup cjt
vpp = oui
vpq acop acoo acoq = bez ovo abrw
vpr acoq acoo acop = igi
vps = cuy
vpt acop acoo = leg
vpu = tlc
vpv acop acoo acoq = acjz btn
vpw acop acoo = ijc wof
vpx acoq acoo acop = ysg wqp oyb pre
vpy acoq acop acoo = cpe
vpz = oeq eav
vqa acoq acop acoo = bew
vqb acop acoo = rxb
vqc acoq acop acoo = gmx
vqd acoo = zyc
vqe acop acoq acoo = suz (nfu dub epz)
vqf acoo = icc upl ofl
vqg acoo acop = nxu
vqh acop acoq acoo = ziu zap
vqi acoo = ufu
vqj acoo acop acoq = sdj jao abd
vqk acoo acop acoq = bzj
vql acoq acoo acop = xic
vqm acoo = ypr
vqn acop acoo = tnb
vqo = oqf
vqp acoo = uiq
vqq acoo acop = tfq
vqr = cky
vqs acoo = abdy abdw
vqt acoo acop acoq = jqr
vqu acoo acop acoq = gky wuo qfu acgu
vqv acop acoo = shz eeh apm
vqw acoo acoq acop = aaqf
vqx acop acoo = jlm
vqy acoo = mya
vqz acoo = sdf
vra = jzj
vrb acoo = qrh
vrc acop acoo = ahq
vrd acop acoo = usn ywa
vre acoo = ncj
vrf acoo acop = abri
vrg = nik
vrh = gui aais ijo dsu
vri acoo acop = dbd acis xzg qtn
vrj = tov
vrk acop acoo = fvm ciy
vrl acoo = rtb xgg ck vfh
vrm = yma
vrn = apa
vro = uid vuz cay acob
vrp acoo = kmo
vrq acoo = mwe
vrr = xvk
vrs = gfx
vrt acoq acop acoo = dm
vru acoo = mch ojz lfm rjx
vrv acoo acop = taq
vrw acoo = xro qhj gjm
vrx = cle
vry acoq acoo acop = jtk
vrz acoo acop acoq = dvt acnh uht gl
vsa acoo = yte jxq abdh
vsb acoo = xex igp
vsc = clc pua
vsd = uxd tnu
vse acoo = eom
vsf acoo = kyh wvm
vsg = vmr xcf
vsh acoo acoq acop = aabb
vsi acoo = djh
vsj acoo = qjk (vmf abvu)
vsk acoo acop = tip
vsl acoo = aais
vsm acoo = xla
vsn acop acoq acoo = ott bwp oxb
vso acop acoo = lls
vsp acoo = bqz
vsq = xuh vmp
vsr acoo acop = tmf (cmw enn zez)
vss acoo = re
vst = xfx
vsu acoo = utn
vsv = wpn svl
vsw acoo acoq acop = nbq
vsx acop acoo = mzy
vsy acop acoo acoq = dxl
vsz acop acoo acoq = aar
vta = tto
vtb = kkn
vtc = sob hnm rvq
vtd acoo acop = skv
vte acop acoo acoq = acap fis guk dpf
vtf acoo = qnw mxb
vtg acop acoo = xby
vth acoo = xai
vti = nzg
vtj acoo = jei
vtk acoo = msf
vtl acoo = bzz
vtm = mch zqu
vtn acoo = nxz sjn cjm
vto acop acoo = oqu
vtp acoo = aafa
vtq acoo = vfe ivu hkj
vtr acoo acop = orq qxt
vts acoo = luo avn
vtt = abqi nhp efb
vtu acop acoq acoo = zhc
vtv acop acoq acoo = wpy
vtw acoq acop acoo = bkf vur ozn
vtx acop acoo acoq = col
vty acop acoo = acbq abcj
vtz acop acoq acoo = zgd
vua acop acoo acoq = xat wra
vub acoo acop = cvs hp pkk
vuc acoq acoo acop = aaas cln
vud = auk jbx pgz ehx
vue acop acoo = tpn rlx rds
vuf = pfp
vug = ljo
vuh = kuf
vui = fuv
vuj = abuf nso
vuk acoo = cgx xyj
vul acoo = jrh yrr lbv
vum acoo = lmd fbn
vun acoo = mvl
vuo acop acoq acoo = yef
vup acop acoo = aaje
vuq acop acoo = sgi dws jjq ik
vur = vwm
vus acop acoo = pgq
vut acoo = ktu
vuu acoo = bj vxn pjl dui ebz
vuv acoo = lrm hgl rmx
vuw acoq acop acoo = fxh evo ewn
vux acop acoo = abig hzj
vuy acop acoo = fdb abfe sps
vuz acop acoo = qsd (gmb ofb ihs)
vva = acbu
vvb acop acoq acoo = ukf
vvc acop acoo acoq = led
vvd = vkx qsz gna
vve acoq acop acoo = zhx
vvf acoo = axa fhr
vvg acoo = qqw mhn jfd xel
vvh = acaq (rvy ojn dnk)
vvi acop acoq acoo = fxb abny okm
vvj acoo = dms
vvk acoo = pvg wiw
vvl = uyk pkt acmt
vvm acoo = hlb
vvn acoo acop = mid
vvo acoq acoo acop = kie (fuo aev fhw hlk)
vvp = tix
vvq acoo = xia ablm
vvr acoo acop = aaqq nrd
vvs acoo = bhk
vvt acoq acop acoo = ozw yx
vvu acoo acop = hsi rgd zla
vvv acop acoo = abax
vvw = eia bio swx
vvx acop acoo acoq = lqi ikf
vvy acoo = fxe
vvz acoq acop acoo = rhb
vwa = vkr ko
vwb = bwt ruy nro
vwc acoo acop = dwc zfw
vwd acoo = vhi
vwe acoo acop acoq = rns
vwf = nk
vwg acop acoq acoo = lez
vwh = icp qfb igb dvz
vwi acoo acop = ugj
vwj acoo acoq acop = tgs azk
vwk acop acoq acoo = qjb
vwl acop acoo acoq = kzp ixw yft hyp
vwm acoo = vga aady (wox rac)
vwn = abwr
vwo acoo acop = dqn
vwp acop acoq acoo = rph hnm
vwq acop acoo = afo
vwr acoq acop acoo = ejn uzr
vws = oaf
vwt acoq acop acoo = sfo
vwu = szp uso
vwv acoo = ei
vww acoo = juh
vwx acop acoq acoo = phs kyt
vwy acoo = kng xo
vwz acoq acoo acop = csc
vxa = fel
vxb = ufs
vxc = wlj
vxd acoo acop = lxp (zfg jci) quc
vxe = xvm
vxf = acn (dzt qvn ptx)
vxg = agf
vxh acoo = jci (aabu dec)
vxi acoo acoq acop = myd
vxj acop acoo = yii bcv vgh
vxk = ant
vxl acop acoq acoo = lhb eaj xmj aauf
vxm acoo = vxk
vxn acop acoo acoq = una
vxo acop acoo acoq = xuy
vxp acoo = piu aarf
vxq acop acoq acoo = pbi zkk
vxr acoo acop = aaun lgo
vxs acop acoo = yli jxy ueo
vxt = yv iiw (xik mob)
vxu acoo = qhh
vxv acoq acoo acop = cmg fqa esf
vxw acoq acop acoo = bmn epu gde
vxx acop acoo = ilm kou
vxy = cbe
vxz = hhp
vya acop acoo = ays ljm
vyb acoo = mcj aaot sye kys
vyc acop acoo acoq = izt
vyd acoo = kmd gfh egn
vye acoo acop = omc
vyf acoo acop = ezt
vyg acoo = uti ucu inw jjv
vyh = oys
vyi acop acoo = jok kcf
vyj acoq acop acoo = tnl
vyk acoo = sed
vyl acoo = nub aams
vym acoo = yoq
vyn acop acoo = acfi
vyo acoo = bos tpl akx
vyp acoo acop = iuy
vyq acop acoo = bds
vyr = abon
vys = xjj csv ebf
vyt acop acoo = ln hhr
vyu = gsn mfz
vyv acoq acop acoo = hbi kpw
vyw acoq acoo acop = hmy
vyx = ecw oby wfq
vyy acoo = ow
vyz acoo = vwe aacg
vza acoo = bro
vzb acoo = lap
vzc acoq acoo acop = ynr
vzd acop acoo = quw
vze = zhq oxp zoj
vzf acop acoq acoo = kbv vre krc ndv
vzg acop acoo acoq = zhd vtz nvm gsc
vzh acoq acoo acop = rvs mtb
vzi acop acoo = nsv
vzj = ackf
vzk = aa
vzl acop acoo = dhq (uf hwr fzh zno)
vzm acoq acoo acop = fah jsb
vzn acop acoo = xdc
vzo acop acoq acoo = vcq nnt (axs fbq)
vzp = ika
vzq acoo = blj
vzr acop acoq acoo = acmh fem aanp
vzs acop acoq acoo = rsk
vzt acoo = okl
vzu acoo = pzk tap pfy ylo
vzv = alf xtd srg
vzw = nom (wim ujp ftj)
vzx = ekj
vzy = bw wi ckl
vzz acop acoo acoq = wjd
waa acoo = tnn
wab acoo = kfu
wac acoo = fgx
wad acop acoo = ajg
wae acoq acoo acop = gqp
waf acop acoq acoo = fny wmi zta aib
wag acoo acop acoq = cth ilp qta
wah = pjz
wai = xlz wkv
waj acoq acoo acop = abyw
wak acop acoo = joe
wal acoo acop = hqx
wam = qhf nmk
wan acop acoo = gp ezf
wao acop acoo = cxa
wap acoo = ayy
waq acoq acoo acop = clz
war acop acoo = wvu nse
was acop acoo = dub lyv sgd
wat acoo = rgp xpw (sxp cfl mwz)
wau acop acoo = dic
wav acoo acoq acop = aaqy kme ifi
waw acoo = idr
wax acoo acop acoq = sek
way acoo acop = zeu
waz acoo = kxv xbd
wba acoo acoq acop = tse jfo
wbb acoo acop = ijk
wbc = aahk acnt pdh abe sbo
wbd = sl
wbe acoq acoo acop = mmy
wbf acop acoq acoo = abby
wbg = nuw
wbh = eud
wbi acop acoo = lzs bht
wbj acoo = hik en
wbk acop acoo = nmi hx
wbl acop acoo acoq = abym uod esy bln ksb
wbm = ckv
wbn acop acoo = snw
wbo acop acoo = oay xal ivf kjj
wbp acoo = geo noi car
wbq acop acoo acoq = uqm
wbr acoo = muu mpz
wbs acoo acop = xyv
wbt acoo = mte jkn elf
wbu acoo = wjx
wbv acoo = ipm
wbw acop acoo = zie
wbx acop acoq acoo = mhw
wby = zyi
wbz acoo = drw uo
wca = cpf aaro mvm tqi
wcb acoo = zcd
wcc acoo = xxd gvk
wcd acop acoo acoq = dnu oh khl jlt
wce = xwd
wcf acoo acoq acop = hpb gwa eav
wcg acop acoq acoo = fov
wch acoo acop acoq = soo xwz hob ugd
wci acop acoo = qqz
wcj acop acoo = nyw
wck acoo acop acoq = wtr ltt
wcl acoq acop acoo = nwc acbv xpy bmt
wcm = eut
wcn acop acoq acoo = mvh
wco acoo acop = pjd jyv anx
wcp acoo acoq acop = eyf
wcq = rdh
wcr acoo acop = ftw
wcs acoo = cvq
wct acoo acop = tsw
wcu acoo = tcy
wcv acoo = tvl svv nc fty
wcw acoo = aaxb
wcx = bcf
wcy = bcy
wcz acoo acop = vqd
wda acoo acop acoq = xvw
wdb acoo = upf qay
wdc acoo = mdh
wdd acoq acop acoo = nio gbx phm
wde acop acoo = pbl
wdf acoo acoq acop = aaxd
wdg acoo = fwa
wdh = xns
wdi acoo = abwz ngi ktf
wdj = nai osb vpr
wdk = rve
wdl acop acoo = zfm xai
wdm acoo = vlq abcf
wdn acoo = ofx
wdo acoo = hmz puc tcp rve
wdp acop acoo = oae (ckx tdr)
wdq = qlc pxt yah
wdr = scd zgb lco
wds acoo acop = vlk
wdt acoo = mmj
wdu acop acoo = hjf fii
wdv = cmr qxr yja bbo
wdw acoo acoq acop = lbm
wdx acop acoq acoo = xgn kwl xvc sry
wdy acoo acop = kij
wdz acoo acop = cmq (yyn pps)
wea acop acoo = qfk
web = abhm yuo dte
wec acop acoo = uld
wed acop acoo = ksl abgu abek pu
wee acoo acop = acml zn
wef acop acoo = hga zwb
weg acoo acop = xtj ack bxq
weh acoo acop = tjb moi
wei acop acoo = hw
wej acoo = bav
wek = bff
wel acop acoo = oxw gsc clj
wem acoo acop = llf abnp rgk
wen acoo acop = wei acdy iek
weo acoo = mju
wep acop acoq acoo = fib unx aaio jce
weq = rks ldp nzx
wer acoq acoo acop = gwh
wes acoo = osy
wet acoq acop acoo = brt
weu = acgq
wev acoo acop = kme
wew acoo = no lcf abqd
wex acoo = rts
wey acop acoo acoq = zvp
wez acoo = oxq
wfa acoo = hcw owe ngr smd
wfb acoo = rys efi ebh
wfc acop acoq acoo = uhz
wfd acoo = tjc
wfe acop acoq acoo = xjd
wff = jph sgs
wfg acop acoq acoo = aaye
wfh = kwa
wfi acoo = lqd lhu
wfj acop acoo = biz
wfk acoo = ubc jef acbz
wfl acoo acop = lra cqe adk oil
wfm acoo acop = lkk
wfn = rwx
wfo = jyr gib abtg
wfp = mff
wfq acoo = aauu yfx pcq
wfr acop acoo = hpr abqt
wfs acoo acop = hij
wft = qyq
wfu acoo acop = omv
wfv acop acoo = ijn bqr
wfw = aeq
wfx acoo acop = xni now
wfy acoo acoq acop = mqw
wfz acoo = zqy
wga = gef
wgb acop acoq acoo = sgp niu upz imr cba
wgc acop acoo = gfw
wgd acoo acop = yaa aan
wge acoo = aka
wgf = jyf fru iyx
wgg acoo acoq acop = cgw ryn abaz xzp
wgh acop acoq acoo = weu
wgi = xjo
wgj = joc pfd
wgk acop acoo = sz
wgl acoo acop = rwy
wgm acoo acop = hnk
wgn acoq acoo acop = tjn
wgo acoo = sog wjz
wgp acoo = gxm
wgq acoo acoq acop = aaez
wgr acoo = qbu abzb ond zfy
wgs acoo = qju
wgt acoo = itp dpv qhv umz
wgu acoo acop = cwm ank gvl
wgv acoo = cte
wgw = abvo
wgx acoo acoq acop = iit
wgy acop acoo acoq = ljs kwv vjd
wgz acop acoo acoq = lhv
wha acoo acoq acop = vto gyh
whb acop acoo = noi ix
whc acoo acop = gep aakp bgi
whd = qgt
whe = cty
whf acop acoo acoq = rlc sfi
whg acoo = rn
whh acoo acop = mxt
whi = zmd
whj acoo acoq acop = hnu
whk acop acoq acoo = yny rkv
whl acoo = rme
whm acoo = fqv axy
whn acop acoo = tqi izx kio snk
who acoo = hze frr
whp = jav
whq acoo = ssf pxl rmi
whr acoo = acga
whs acoo acop = wsp aaso
wht acop acoo = qsk
whu acoo = ctg xwg
whv = ke yla
whw acoo = aaei euy
whx acoo = fbw kkg
why acop acoq acoo = fss vqg qhh aapl
whz = aapu
wia = aze
wib acoo = nbj
wic acoo acop = yew
wid acoo = cax nzr (twj rgv) gom
wie acop acoo acoq = akc
wif = dlk yly et
wig acop acoo acoq = hqn
wih = xoa vuo xot
wii = abpn
wij acoo = sqj nzk gel vzx
wik acoo = ocq (bvg fvf)
wil = lph aakd qwe
wim acoo acop = mvs
win acoo acoq acop = lw cdf zxe aamn noe
wio acoo acoq acop = fgg llq cvx
wip acop acoo acoq = duy
wiq acoo = bfv fdr
wir acoo acop = nji luj
wis acoo = ck pa exz wgf
wit acop acoo acoq = ddq zvo
wiu acoo = kbb djd
wiv = ron
wiw acop acoo acoq = fnf
wix = hb pyo
wiy = dcs
wiz = csa nwj aaqd
wja acoo = bvx abed ioo rmb
wjb = tie
wjc acoo acop = aasm
wjd acop acoo acoq = pbt fm aajz eoz
wje acoq acop acoo = hvj ghw uqs uzg
wjf acop acoo = nsf uzc
wjg = mzu cxi wuc abwm
wjh acoo = pya uov abal yxn
wji acoo acop acoq = aazc
wjj acop acoo = lpt
wjk = wrc aars
wjl acop acoq acoo = ikp
wjm = qja wfc abhr
wjn acop acoo = yxh
wjo acoo = kkc
wjp acoo = lzh (abna pga)
wjq acoo acoq acop = pxu aty rgu
wjr acoo = jsy
wjs acop acoo = axn jnb fit
wjt acoq acop acoo = zzs
wju acoo acop acoq = gsw
wjv acoo = abzz aaot xtz gse
wjw acoo = jpm hrv oni
wjx acoq acoo acop = efv qrl
wjy acoo = mgm
wjz = xrq
wka = nor huu
wkb acoo = bsi jqf tzh gjg
wkc acoo = ogg
wkd = swf pah
wke acop acoo = eyy vab
wkf acop acoo = icu
wkg acoo acop = ejn
wkh acoo = acjc
wki acop acoo = uwa qzx
wkj acoo = abee
wkk = yea
wkl acoq acop acoo = ggj
wkm acoo = inx
wkn acoo acop = lpl
wko acop acoq acoo = lmz
wkp acoo acop acoq = bqy vwb wcv uxf kgh
wkq acoo = tqz vul pwr
wkr acoo = xpw
wks = tdm xrt
wkt acoo = xpf bjb zse
wku acop acoo acoq = rlk
wkv = lot mqu frw
wkw acop acoo = aawi vua vio sxr
wkx acoo = fll aanl
wky acoq acop acoo = hze
wkz acoo acop = txn
wla acop acoo = kp yuq aka
wlb acoo = wqp
wlc acoo = yrb
wld acoo = ttt
wle acoo = jxq las
wlf acop acoq acoo = uis zcg abur
wlg acoo = abrb
wlh acoo = czf
wli acoo acop = jsj fcn
wlj acoo acop = upl aaci czk
wlk = qpd jhp czc
wll acop acoo acoq = abpr
wlm acoo = red
wln = eru
wlo acoo = f fhq aafi
wlp acop acoo acoq = jnl taq wwg gyx
wlq acoo = aabk
wlr acoo acop = xxy
wls acoo = quj
wlt acoq acop acoo = ila
wlu acoq acoo acop = zgn
wlv acoo acoq acop = doz ld
wlw acoo = whc
wlx = ubw
wly = otr
wlz acop acoo = uld ykl (lve abrn)
wma acoo = aazf
wmb acoq acop acoo = vpv zt
wmc acop acoq acoo = wbt wxh cdc
wmd = yph
wme acoo = rkp xqc aud
wmf acoo = znk
wmg acoo = pao ctf aza yfp wfq
wmh acoq acoo acop = hqr xwh aaxr
wmi acop acoo = wyb acol ihg
wmj = mrc
wmk acoo = npt plp
wml acoo acop = xcy ss hd
wmm acop acoq acoo = nam
wmn acoo acop = uls bvj
wmo acoo acoq acop = bg cpx
wmp acop acoo acoq = cqh uxa koc
wmq = ejx
wmr acoo acop = vc
wms acoq acoo acop = cvb
wmt acoq acop acoo = olv ouk hta iwt yhj
wmu acoo acoq acop = xzc kkg tpa gve
wmv acoq acoo acop = qgn slz ypw
wmw acop acoo = ubo auj
wmx = rcs
wmy acop acoo = szs
wmz acoo = ijn
wna acoo acoq acop = zmw
wnb acop acoo = aru iwx qkc
wnc acoo acop = mii nhx lkz
wnd acoo = fth ngp hyf
wne = rxh
wnf acop acoo = lcr
wng acoo = qdi
wnh acop acoo = giw fdt vjd
wni = abdq lrc bpy hqm
wnj acoo acop acoq = qml
wnk acoo = ovb
wnl acop acoo = wjw
wnm acoo = qgq
wnn acoo = rg lio gbv
wno acoo acop = jiu
wnp acoo = bdx
wnq acoo acop = shy
wnr acoo acoq acop = blt
wns acoo acop = uu
wnt acoo acoq acop = kmh tim acs
wnu acoq acop acoo = bjo xeb
wnv = kdk
wnw acop acoq acoo = fpz sft eiz uid
wnx acop acoo = rvz
wny acop acoo = jpm ovu rnm
wnz acoo acop = sln vwj ncp
woa acoo = ods wfj
wob acoo = uzw
woc acop acoo acoq = aavs aatb rzl
wod = uym gbk eni
woe acoo acop acoq = pcd
wof acoo = ssu
wog acoo = yli abxx hij (acje ims)
woh = yvm
woi = bjv
woj acoq acoo acop = nvc
wok = ecj saj pxc achz
wol acoo = sbh
wom acoo = stu rc xea kwe nku
won = hie
woo = ewy
wop acoo = dww cof
woq = hku
wor acop acoo = xr
wos = kyf kug sbm izy
wot acoo = lu
wou = sih tuq aase
wov = ih wbe
wow acop acoq acoo = ntq
wox = aacs znv pfy
woy acoo acop = cqv ckj
woz acoo = vk
wpa acop acoo = kmv
wpb acoq acoo acop = acjx gpj
wpc acop acoo = qpf luv
wpd acoo acop = zoo pum
wpe acoo = jpn ozs
wpf acoo = vwr
wpg = cql jep rch
wph acoo acoq acop = vpt
wpi = fyg vro lks ept oob
wpj acoo = wvu
wpk acoo acop = doz mlp ohz
wpl acop acoo = ozr
wpm acoo acop = dkn rrg
wpn = lgf
wpo acoo = m
wpp = uee dev
wpq acoo acop acoq = zbl aqm
wpr acoq acop acoo = tdm
wps acoq acoo acop = miq pt
wpt acop acoo acoq = nl fdc
wpu = aagv
wpv acoo acop = fgm lui
wpw acoo acop = tlq rbf
wpx acoo = ogg wfx ldw
wpy = uua
wpz = lyj acgo
wqa acoo acop = mpr unv aaua
wqb acoo acop = abk
wqc = rab
wqd = oum ryy
wqe = acem nfj
wqf acoo acop = eit obo
wqg acop acoo acoq = xot
wqh acop acoo = xij trh qrl
wqi acoo acop acoq = zes ugx
wqj acoq acoo acop = abtm ltc
wqk acop acoo = mrp pkk
wql = gx
wqm = bji
wqn = wfs
wqo = sdm
wqp acoo acop = zyr
wqq = aapo tga
wqr acoo acop = vmf llk
wqs acop acoq acoo = rhr
wqt = kzy
wqu acoo acop = sat
wqv = sks (txl ek ynh)
wqw acop acoo = aaky
wqx = fni
wqy acoo = bml bnu
wqz acoo = qbl
wra = tht
wrb acoo = dv kht tci
wrc = gka
wrd acoo acop = dou
wre = che
wrf acoo = zwj
wrg acoo acop = dhs
wrh = zjs
wri = bzy abks
wrj acoo = eeg iqu bze
wrk acoo acop = rqm
wrl acop acoo = aacy ojg acis aac ejk
wrm acoo = zia
wrn acoo = llc
wro = mym
wrp = wmw
wrq acoo acoq acop = dvk
wrr = thv
wrs acoo = ggi
wrt acoo acop acoq = jik
wru = gaw ayg drz gju
wrv acoo = xec slv kd abld
wrw acop acoo = zd
wrx acop acoo = urz (efy srn)
wry acoo = gwq
wrz acoo = ibm
wsa acoo = qyd
wsb = faq
wsc acoo acop acoq = kvv (oek ukh)
wsd acoo = diw eyw
wse acoo acop = hys
wsf = lkw acjr oeb
wsg acoq acop acoo = gnq
wsh acoo acop = bl puq mtm zps yik
wsi acop acoo = ily oln roh
wsj acoo = acol dqe rwk dli
wsk acoo = mqb
wsl acoq acop acoo = zad mpk
wsm acoo = ylm rmj
wsn acop acoo = tvm acoc
wso acoo acop = abqr eyd dkk
wsp = ably ixg
wsq acoo acop = qpp bhk znp ztd
wsr acoo = abuk
wss acop acoq acoo = obk
wst acoo acop = hmn ssf
wsu = iye
wsv acoo acop = hqx jyd
wsw acop acoo acoq = rhl
wsx acoq acoo acop = abkb (iys pld)
wsy acoo acoq acop = ciu
wsz acoo acop acoq = wvk
wta acop acoo = ujf vkd
wtb acop acoq acoo = wtr bnw cjj tpk
wtc = euw
wtd acoo = csk gli abmc biz
wte acoo = ogg
wtf acoo acop = mbu
wtg = wba
wth = tdw
wti acoo acop acoq = mes
wtj acoo acop = akc
wtk acoq acoo acop = uva gnl
wtl = bgc fis
wtm acoo = sm kkl
wtn = gsq
wto acoq acoo acop = abtq syv
wtp acoo acoq acop = aai oqs xgv
wtq acoo = ydg iqv
wtr acoo = ldj owg
wts = omh
wtt acoo acop = aawn
wtu acoo = ch xgv vuh mer
wtv acoo = xoh
wtw acop acoq acoo = trz
wtx acop acoo = vgs
wty acoo acop = nuo ymt
wtz acop acoo = qmf
wua acoo = qrf
wub acoq acoo acop = vbw eke nyn
wuc = joh uxz
wud acop acoo acoq = bls rtz
wue acoo = nbn
wuf acoq acop acoo = czp
wug acoo acop = qi
wuh acoq acop acoo = jli zql (dyg oaj)
wui = vxg
wuj acoo = rep itd typ vyr
wuk = yti
wul = anm yla fjv
wum acoo acop = jbm dxd aaje ygi
wun acoo = hhl
wuo acoo = ezs
wup = lqm
wuq acoo acop acoq = ywy
wur acoo acoq acop = abyb
wus acoo acop = gyf tce
wut acoo acop = cet tjz
wuu acoo acop = bjl qts
wuv acoq acoo acop = dtz
wuw acoo acop acoq = jaf
wux acoq acoo acop = pbu (fqh bdr)
wuy acoo = uxz
wuz acoo = rff irk
wva acoo = sxp
wvb = hkk hse
wvc acoo = yfy xak ids
wvd = rqw
wve acoo acoq acop = srw
wvf = ykk
wvg acoo acop = huy ims jgd loj
wvh = qty aayr
wvi = xxh
wvj acoo = bey
wvk acop acoo acoq = xws kog
wvl acoo = xas tuk wnm bpt
wvm acoo acop = aauy bsp
wvn = uxo
wvo acoo acoq acop = zcz ely nag
wvp acoq acoo acop = fab qfx
wvq acop acoo = kmq rb
wvr acoo = yah
wvs acoq acoo acop = xec ccy
wvt acoo = cjo rpq ysq xrr
wvu acoo acop = sot
wvv acop acoo = bke
wvw = iui fdh
wvx acop acoo acoq = hql ieo nmh qze yfq
wvy = ugq mh
wvz acoo acoq acop = vtd
wwa acop acoq acoo = su jif acbj
wwb acoq acoo acop = xxf bof
wwc acop acoo acoq = nxj pcc
wwd acop acoo = qfa
wwe acoo acop = lbn
wwf = ixm iuq sad
wwg acoo = zys abeo emp
wwh acoo = rol
wwi acoo acop = ysk abav (lkm aif)
wwj = een
wwk acop acoo = zki
wwl acop acoo acoq = vtj irj
wwm acoo acop = gij
wwn = hex
wwo = xvy
wwp acop acoq acoo = aaqn
wwq acoo = uvi
wwr acop acoq acoo = hhq
wws acop acoo = ure
wwt = acw
wwu = hcc
wwv acoo acoq acop = gir cwn vrj
www acoo = lap dfg
wwx acoo acop = lra
wwy = kvn
wwz = yzt igs nbg qgp
wxa acoo = ytb
wxb acop acoo acoq = evb
wxc acop acoo = rai
wxd = aaio
wxe acoo = jlm
wxf acop acoo = onb baz (owd buw)
wxg acoo acop = lal
wxh = sqx
wxi acoo acoq acop = ybx buq wmo
wxj acop acoo = abeu
wxk acoo = wzt spv zlv vsn sry
wxl acoo acop = vff abzq tvc
wxm acoo acop = jnv wvq
wxn acoo acop acoq = eln
wxo = azt rcj bvr wsd
wxp acoo acop = kmw (fsf ogg djy)
wxq acoq acoo acop = etw qld ksm (abrp aym)
wxr acoq acop acoo = phz
wxs = rqo
wxt = qzs owv mfs
wxu acop acoo = yzr
wxv acop acoo = zok
wxw acoo acop acoq = xlg
wxx = qia
wxy acoo acop acoq = ecc zux aajs
wxz acop acoo = gjs
wya acoo = lht
wyb acop acoo = tcr liy unk rq
wyc acoo = jjx
wyd = mav hjy jon
wye acoo = kw
wyf = ngf gbm
wyg acoo = ffd
wyh acoo = zin
wyi acoo = zfh
wyj acop acoo acoq = xhv
wyk acoo = aapn
wyl acoo acop acoq = rkh wty lgm
wym acoo = onh
wyn acoo = hbn
wyo acoo = tca
wyp acoo acop = taw
wyq acoo = azk
wyr acoo = cje ijq
wys acoo = gvx akh evs ung
wyt acoo = mjf
wyu acop acoq acoo = elt wid
wyv = tsz oky
wyw acoo = bbi tqm olo dqs gjb
wyx acoo = xis aavj
wyy acop acoq acoo = wkj
wyz = abbu
wza acop acoq acoo = ypy nqd
wzb = oiw fik
wzc acoo acoq acop = aze dpu
wzd acoo = aahs
wze = ocp
wzf acop acoo = upz rpk voq
wzg acop acoo acoq = sqr brg
wzh acoq acop acoo = fma
wzi = abge daa acjv kjs
wzj acop acoq acoo = piq rgb iht
wzk = xjw kdt
wzl acoq acop acoo = zve abay
wzm acop acoo = rvw
wzn acoq acop acoo = eod wim woh
wzo acop acoo = fra oon
wzp acoo = abbt
wzq = rim
wzr acoo = clo lgd
wzs acoo = trr
wzt acoo = xia
wzu acop acoo = nmj
wzv acoo acop = lkq
wzw acoq acoo acop = sxi
wzx acoo acop acoq = aaju
wzy acoo = vdl
wzz acoo = eoh nxc cbe
xaa acoo acop = uyi
xab = abmm jwn wtl
xac acoo = eat
xad = xmu
xae acoo acop = wnq
xaf = ohg csl
xag acop acoq acoo = qnx
xah acop acoo acoq = rel rwo
xai acop acoo = lds
xaj acoo acop = xrd
xak acoo = ckq ift
xal = fjt qtm
xam acop acoo = zvs
xan = zaz
xao acoo acoq acop = fwp dk lby
xap acoo acoq acop = kxm exj bzg omo
xaq acoo acoq acop = abuh
xar acoo acop = lmb aacd xjs
xas acoq acoo acop = wwm
xat = aaya lzs xdu kza inf
xau acop acoq acoo = wot sai gdr otp
xav acoo = cwk loe
xaw acoo = rcc brp ry lvr
xax acoq acoo acop = pbx (iuf kww)
xay = byo one clz
xaz acoo acoq acop = pyw
xba acoo acop = bou
xbb acoq acoo acop = cwp ogk bqz wmh cpv
xbc = abit faz rkz aahi
xbd acoo = mxp wyg
xbe acoo = xea
xbf acop acoo = ojq
xbg acop acoo = gsj
xbh acop acoq acoo = ypg
xbi acoo = qfw abmv
xbj acoq acop acoo = abgd
xbk acop acoq acoo = huf
xbl acop acoo acoq = abok aamp txz hhq
xbm acoo acop = tqe
xbn acoo = owv
xbo acop acoq acoo = dli
xbp acop acoo acoq = nzv ojw u
xbq = aok dtr uzh
xbr acoo acop = abqp
xbs acoo = yrj iok vxw
xbt = fma
xbu acop acoo = biz qvr
xbv = hmz jia
xbw acoo = uyl ufr absa
xbx acop acoq acoo = xvn
xby acoq acop acoo = kip
xbz = tpc ujt nxe nqe
xca acoo = ghk ppw
xcb = hcu
xcc = aca aanh
xcd acoo acoq acop = rlt
xce acop acoo acoq = ijw noo tps
xcf = eha ahs bma
xcg acoo acop = abzj mak msx
xch acoo = glw vvc
xci acoo acop = jch
xcj acoo = trj
xck acoo acop = wqz
xcl acop acoo = uuc
xcm acoq acop acoo = nil
xcn acoo acop = dig
xco acop acoo acoq = plt del rf axw
xcp = asl ulk tqz
xcq = gdo mly dio rrv
xcr acoq acoo acop = ojl
xcs acoo acop acoq = kvf
xct acoo = snp qfd rho
xcu acoo = mzf
xcv acop acoq acoo = osw
xcw acoo acoq acop = afs ogf rfq
xcx acop acoo = csg cby asj
xcy acoo = dae rgy
xcz acoo acop = xcd
xda = job
xdb acoo acop acoq = krn
xdc acoo = zga fgl
xdd acoo acop = ulk
xde acoo = udj
xdf = yyg aauu
xdg acoq acop acoo = wkw
xdh acoo = gxi
xdi acop acoo = jgq urv
xdj acoq acoo acop = qhh kvk juu cfc
xdk acoq acoo acop = ablz
xdl acoq acop acoo = pev
xdm = ity
xdn acoo acop = xzw
xdo acop acoo = wfu
xdp acop acoq acoo = zfu pma acgp
xdq acoo acop = nl uwu ifg
xdr acoo = zdv
xds acoo acop = yty vej
xdt acoo acop = loh
xdu = wmw ugh
xdv acop acoo acoq = ux nqr
xdw = sqh bon
xdx acoq acoo acop = iui khj
xdy acop acoo acoq = ymk
xdz acoo = ign vdz aex nmo
xea acoo acoq acop = gbz
xeb acoq acoo acop = ouf
xec acoo = pzb
xed acoq acop acoo = huk
xee acoo = quc yhu
xef acoo acop = qcn tym ira
xeg acoo acoq acop = ryv
xeh = nio vls
xei = aawl lie
xej = abzs hse xj
xek = chq rtl
xel acop acoo = pkp
xem acoo acop = abw jxc kpl
xen acoo acop acoq = xbd aoa
xeo acoo = mda
xep acoq acop acoo = qtl
xeq acoo = lym
xer acop acoo = aanp
xes = frd
xet acoq acoo acop = gwy tdm
xeu = aki
xev acoo acop = xld kmm xey
xew acoo = abwk
xex acoq acop acoo = xai rzj
xey acoo = rk
xez = nyn xbp rif aaan put
xfa = ycp
xfb acoo = ntd gmz aabb
xfc = yvy
xfd acoo = iii
xfe acoo acop = wcr
xff = zcu aaqg
xfg acoq acoo acop = acco
xfh acoo = you
xfi acoo = yee
xfj acoq acoo acop = vsk
xfk acoo = abrf
xfl acop acoo = azq
xfm acoo = ljp awm xes
xfn acop acoq acoo = zkr
xfo acop acoo = viy reb ulk urz
xfp acop acoo = squ wsq
xfq acoo acop = htw nfk wwy
xfr = yhh
xfs = szh rjy
xft = cue ipm
xfu acop acoo = vwd
xfv acop acoo = svs
xfw acoo = dna gfu
xfx acoo acop = hjd mw
xfy acoo acoq acop = kva
xfz acoo acop = wop
xga acop acoo = tqn yxi
xgb acoo acop = nhi
xgc = zsq nri gqj
xgd acoo acop = fco
xge acop acoo = acnm
xgf acoq acoo acop = aanj
xgg acoo = lfe
xgh = ku
xgi acoo = lfi cog csg pzf
xgj acoo = cpu
xgk = bkz
xgl acoo = abbs abvs fsa
xgm acoo = ipn pmy
xgn acoo = mmk sxk wnn
xgo acoo acop acoq = mow kv gey
xgp acoo acoq acop = gtd fuh syi
xgq acop acoo acoq = ix
xgr acoo acop acoq = mde
xgs acoo = bds ktp gvg
xgt acoo acop = acky mdm
xgu acoo acop = qwq
xgv acoo = abvd
xgw = zgm
xgx acop acoo = gbo iaq
xgy = oku dwb
xgz acoq acoo acop = xoe
xha = bac dnh rvu ifz
xhb acoo = tud aem gnv aari
xhc = mkz
xhd acoo = aalw rxy
xhe acop acoo = lrn
xhf acoo acop acoq = ncn
xhg = crm
xhh acoq acop acoo = nmi pe tkh ubm aalt
xhi acoo acoq acop = deu
xhj = qln xaf dlf
xhk = gfb hk
xhl acop acoo = xik mnz aamq abqr
xhm acoo acoq acop = ij
xhn acoq acoo acop = ias
xho = swi ogw maw
xhp acoq acoo acop = aamw jrh
xhq acoo acop = izl pbc
xhr acoo = slq hub egc
xhs acop acoo = qzy dbz
xht acoo acop = acop
xhu acoo = gsp zri
xhv acoo = nnb kum acff qor
xhw = bew
xhx = dns crk
xhy acop acoo = iau
xhz = zn dmy qfd aoq
xia acoo acoq acop = ehz igj
xib acoo acop acoq = lhg
xic acop acoo = abev
xid = gbm wmp ymh (fba mut)
xie = nyg izg
xif acoo = lfb
xig acoo = mja
xih acoo = wle
xii acoo = nie
xij acoo acop = abhe rxr dnp cre
xik = uxk
xil acop acoo acoq = qjd
xim acop acoq acoo = sfk
xin acoo = vcp
xio = xpi orj
xip acop acoq acoo = bpp
xiq = acio qep lto
xir acoo = nst uly
xis = syr (jsk mfj wis)
xit acoo acop = tuy
xiu acop acoq acoo = nry
xiv acoo = hei iux edf acbv
xiw = zqr vxm phj
xix acop acoo = nrf
xiy acoo = yrs
xiz acop acoo acoq = ziz aahe
xja acoo = aatx afk fvz
xjb acop acoo acoq = jof
xjc = ppf fno
xjd acoo acop = pbq (lfk ivb aavc)
xje = oey
xjf = aaoj
xjg acoo acop acoq = xut elh vqn cin idk
xjh acop acoo = zxv
xji acoo = aahs
xjj acoq acoo acop = eib
xjk acoo acop = flp idq
xjl acoq acop acoo = cff
xjm acoo acop = tdf mmy jql
xjn = rgr
xjo acoo = vvf dst xos
xjp acoq acop acoo = zal
xjq acoo = rq wzm
xjr acop acoo acoq = aawn
xjs = euw spr msv gle fbo
xjt acop acoo = lel crw
xju acop acoo = dej bxk
xjv acoo = zad
xjw acoo acoq acop = kee
xjx acoo acoq acop = mxa mtc
xjy acoo = nxh yub icj sno
xjz = hck
xka = bkx
xkb = pps aacj tbo
xkc acoo = vrf pwg
xkd acop acoo = roq
xke acoo = xjw
xkf acoo acoq acop = ktf qww lae
xkg acoo = rre fyh
xkh = zse umo
xki acop acoo = hal zom xxs pir
xkj acop acoo = yha xhp ifu qvh
xkk acoq acop acoo = vri
xkl acop acoo = izg mjl bjs mgk jwp
xkm acop acoo acoq = jfp
xkn acop acoo = npz
xko acoo acop = sza siy uyl
xkp acoo = hkl
xkq acoo acop acoq = grk sdi
xkr acoo acop = xry
xks acoo acoq acop = tos
xkt = eeo
xku acoo = obi jlz nsu abuk
xkv = eqi
xkw acop acoo acoq = raa
xkx acop acoo = sqo non abof wpw
xky = eej
xkz acop acoo acoq = fqu
xla acoo = zai nkq
xlb acop acoo = udd acbv esg
xlc acoo = coj
xld acoo acop = rid eqp ycd
xle acoo acop = aop
xlf = aaek
xlg acoo = hlh
xlh acoo acop = ske wwz
xli = zbf
xlj acoo = gbl
xlk acoo = wrd nfl cgl
xll acop acoo = eyd uam qwf
xlm acoo acoq acop = zme
xln acoo acop acoq = scq
xlo acoq acop acoo = lzt
xlp acoq acop acoo = cmn
xlq acoo acop = pim
xlr acoo = ibb
xls = car
xlt = thn ewm
xlu = jsk plv pet kfi
xlv acop acoo = acix acgf skj jzk
xlw acop acoo acoq = npr
xlx acop acoq acoo = urc
xly acop acoo = bk
xlz acoo = kc
xma acoo = pqz vfw ablv abpq
xmb acoo acop = dmy
xmc acoo = zgg
xmd acop acoo = bcq
xme acoo = wjl
xmf acoo acop = blz aann
xmg acoo = ksa (czg eyk)
xmh = hsy aatv
xmi acoo = giu ywb plo
xmj acoo = gaa
xmk acoo = aand
xml = jpt
xmm acoo acoq acop = zss grt abbx
xmn acoo = yei rlf
xmo acop acoo = ouy
xmp = acln
xmq = exc
xmr acop acoo = equ kmh
xms acoo = idp
xmt acoo acop = bwm pqi szp
xmu acop acoo acoq = kps
xmv acoo acop = zen abr
xmw = dfd
xmx acop acoo acoq = yos exb vte olb
xmy acoo = usu
xmz acop acoo = ljv
xna = dgf
xnb = wvw
xnc acoo = ayx
xnd = vvi
xne acoo = ztu
xnf = vow
xng acoo = njv ndq ffa
xnh acoo = jci
xni acoq acoo acop = pwf
xnj = xrt
xnk acoo acop acoq = gdu sv trf
xnl acop acoo acoq = nez
xnm acoo acop acoq = abvf
xnn acoo = mox
xno acoo acop = aaxt
xnp = zic pnn qdm
xnq acoo = osi ucl nat
xnr = dfv
xns acop acoo = olc
xnt = wdo rcc cut uds
xnu acop acoo = jlk
xnv acoo = etz
xnw acoo = gjf
xnx acoo acop = ygb bwy vji fgd
xny acop acoq acoo = tha ifw zlr tau
xnz = pjo abei
xoa acop acoo = jpw dyd
xob acop acoo acoq = sqv xjf
xoc acoo acop = ict qlg qhr ltw dvv
xod acop acoo = vnc
xoe acoo acop = xxw yvs
xof = hsi
xog acoo = rye omz
xoh acoo = nup cwc
xoi acoo = vch
xoj acoo acop = aawp tfz
xok acoo acop = zqo
xol acoo acop acoq = acgz
xom acoo = qdx
xon acoo = jds
xoo acoo = mqn mds aawv lsx ljv
xop acoo = thr
xoq acoo = sdy ewm gaw
xor acoo acoq acop = abtm zkq
xos = pby czr oag fbd
xot acoo = ofu
xou acoo = vfn
xov = ak
xow acop acoo acoq = jaq
xox acoo acop = ras
xoy acoo = vdt
xoz acoo acop = cuk (aalq xc)
xpa acoo acop = mqz fur
xpb acop acoo = amo
xpc = ugc
xpd = oly cpc
xpe acoq acoo acop = qhv ifx dc
xpf acoo acop = jza
xpg acop acoo acoq = qte xpi iwe
xph acoq acop acoo = lqg hfp esr
xpi acoq acoo acop = txc
xpj acoo acop acoq = bnv
xpk = abmr btl
xpl acoo = cek
xpm = abur
xpn acoo acop = jou
xpo acoo = eyk
xpp acoo acop acoq = abkk cbh uvu cr
xpq = ixg
xpr acoq acop acoo = iwu
xps acoq acoo acop = rwq qob qda
xpt = acep vgv
xpu acoo = rbq
xpv acop acoo = abwy
xpw acoo = rlc wr msu
xpx acoo acop acoq = acla vax gau oed
xpy acop acoq acoo = fdi
xpz acop acoo = csl hkd alo
xqa acop acoq acoo = skn skw kbl
xqb acoo = aaft agc
xqc acoo acoq acop = ackq
xqd acoo acoq acop = lnp
xqe = ctl ydb oou
xqf acoo acop = buf kqt had
xqg = jow ock
xqh acoq acoo acop = pap qnm key kfa
xqi = uai
xqj acoo acop = jbh
xqk = cqh ppb crx
xql acoo acop = qeo
xqm acoo = uwh
xqn = lkn
xqo = uch meu hji xko jem
xqp acop acoo = yfl
xqq acoo acoq acop = nkw fcw vkp (kjm fxf)
xqr acoo = acap
xqs acop acoo acoq = abcb
xqt = jma
xqu acoo = eyb
xqv acop acoo acoq = dyy
xqw acoo acop acoq = lxx vkb (atr bgo frv)
xqx acoo = tow aawd
xqy = chm
xqz acoo = npj
xra = ndi
xrb acoo = ovz
xrc acoo = xqm vpe
xrd acoq acop acoo = gfu
xre = dbb jrj
xrf acoo = j lxh
xrg acop acoo = whd oeg
xrh acoo = yoj
xri acoo = ebc
xrj acop acoo = djc abtu inj
xrk = fif abkj
xrl acop acoo = spj umj
xrm acoq acop acoo = fqx egj
xrn acoo acop = tam mux
xro acop acoo = jnx fcj
xrp acop acoo = fte lva
xrq acop acoq acoo = tdu hqi (oml rsl)
xrr acoo = kwn
xrs acop acoo = brv
xrt acoq acoo acop = hua
xru acoo acop = fbg nqv abld ngq
xrv acoq acoo acop = loe emr
xrw acop acoo acoq = ovf omp (cxx ied)
xrx acoo = oto
xry acoo = yiw
xrz acoo = acmd klx
xsa acoo = sak uju iuo npd zjb
xsb acoo = wnn zuh
xsc acop acoo = umt
xsd acop acoo acoq = mrp idx lru jmc vud
xse acoo = zvk
xsf acop acoo acoq = utv
xsg acoo acop = wr
xsh acoo = lab lhu qxu fvi
xsi acop acoo = vct
xsj acop acoo = rqw abyt
xsk = jkf kbd
xsl acoo = jir qkz
xsm = awx
xsn acoo acoq acop = qgh
xso acop acoo = owl
xsp acoo = ejp
xsq acop acoo = hes
xsr = abfe
xss acoo = cpd
xst = nge
xsu acoq acoo acop = kqe
xsv = ftn
xsw = ablh crp abrq
xsx acoo = jzq nii bah
xsy acoo = kgv sgk
xsz = aclu
xta acoo acoq acop = wfp fka mgw
xtb acop acoo = czn
xtc acoo = nrr
xtd acoo acop = eds
xte acoo acop = aano twf hxx
xtf acoo = zos
xtg acoo = aaou
xth = sar
xti acoo acop = sqr cxo
xtj acoo = oxy
xtk acoq acop acoo = gnu
xtl acoo = caz
xtm acoo = her ni wcd v
xtn acoo = jlo
xto acoo acop = pra
xtp = fhv abac ypr
xtq acoo acoq acop = fyt
xtr = iyu
xts acoq acop acoo = qcc ywm cdk acgx
xtt = krb
xtu = aami tbl ihx
xtv = bun
xtw acop acoo = bjd
xtx acoo acop acoq = dim
xty acop acoo acoq = unn
xtz acop acoo acoq = xok pcd cdc qpp
xua acoo = aavw ah
xub acoo = vhr wqf utr
xuc acop acoo = lnt kvr mdk
xud = jiv
xue acoo = vzc fnp rnt
xuf acop acoo = fop swv zfa
xug acoo = ttc
xuh acoo = gbv (rtg eam ylv)
xui acoo = zng
xuj acop acoo = iuy
xuk = eax twy ykt
xul = hgm
xum acoo acop acoq = jjk
xun acop acoq acoo = aasp
xuo acoo acop = heu rhi
xup acoq acoo acop = skl
xuq = qal
xur = gxo
xus acoo acop = srd sjz vnu
xut acoo acop acoq = byn
xuu acoq acop acoo = jha kyr
xuv acoo acop = aark yof plw
xuw = npr thw
xux acoo acop = tit
xuy acoq acoo acop = sej
xuz = abew
xva = xje
xvb acoo = egg ntc
xvc = mml
xvd acoo acop = ori
xve = yxm
xvf acoo = prg
xvg = lvy (qsr nyw)
xvh acop acoq acoo = emj
xvi acoo = jvp pin
xvj acoo acop acoq = tni
xvk acop acoo = hyh
xvl acop acoq acoo = rpc
xvm = goa mlw qwb
xvn acoo acop = roc zrs ygj
xvo acoo = asr daj
xvp acoq acoo acop = qyq
xvq acop acoo acoq = dqf abdn vql kbw
xvr = rsx xv
xvs acoo = aaou fcz
xvt acoo = oeu
xvu = ile
xvv acoq acoo acop = jkl btq
xvw = tvk
xvx acop acoq acoo = gkj ozr avx oyd
xvy = gcq dbx
xvz acoo acop acoq = dwn
xwa acoq acop acoo = aarc
xwb acoo = cor (orr vki)
xwc acoo = ppr hxa uvw dzo
xwd acoo acop acoq = uaq atc
xwe = mcz oul xbc vbz hbb
xwf = afa
xwg = efn
xwh acoo = ojq
xwi acoo acop = absw dfc low
xwj acop acoo = uwy
xwk acoq acop acoo = uko nnz
xwl acoo = cfi tkt ilv
xwm acoq acop acoo = fow baa tvy
xwn acoo = xip
xwo acoo = xye
xwp acoo acop = hhm yxx aabq dek
xwq acoo acoq acop = lls
xwr acoq acoo acop = xwa
xws = sis
xwt = ezq dlu (dhj zfu)
xwu = abei
xwv acoo acop = emu
xww acoo = dgw
xwx acoo = mgd jtz
xwy = xdi abrk lmr
xwz acoo = rdr
xxa acop acoo = ncm fib
xxb acop acoq acoo = hui
xxc acop acoo = lzp
xxd acoo = gpw sno
xxe acoo acop = lp yum
xxf acoo acop = achj
xxg = wnn uhn
xxh = spr
xxi acoq acop acoo = jhs
xxj = pkr
xxk acoq acop acoo = lzx
xxl acoo = eip kxa xad
xxm acoo = cwx qvw pnj
xxn acoo = wml
xxo = ioi
xxp acoo acoq acop = acik
xxq acoo = anq ceh eqv xfw
xxr acop acoo = har
xxs acoo = ivf
xxt = owp rah
xxu = eye svx xji kcb
xxv acoo = xmt aaka kzm
xxw acop acoo = yaq
xxx acoo = rdw
xxy acoo = cbh oaw ouo
xxz acoo acoq acop = cjf zsi
xya acoo acoq acop = aagp ke xng
xyb = ino
xyc acoo acoq acop = kwv
xyd acoo = gii pkk
xye acoq acoo acop = fqr
xyf acop acoo = zvy zmx
xyg = axw moq
xyh acop acoq acoo = ftb
xyi = zwi (ldb wre abus)
xyj = lga
xyk = ydr lnn
xyl acoo acop = aka kdy
xym = rnd
xyn acoo = scb pyi
xyo acop acoq acoo = hyg
xyp acoo = rxv dpr (puv dgd)
xyq acoq acoo acop = acej
xyr acoq acoo acop = lzc
xys acop acoo acoq = rqh plw sgf
xyt acoo = aabl
xyu = ghn qcz
xyv acoo = jgf
xyw = aaim xvz uyb
xyx acop acoq acoo = bfi
xyy acoo acoq acop = ewa pzz
xyz acoo = bsr
xza acoo acop acoq = phj
xzb = gkw rtr qbf
xzc = sht umb
xzd acop acoq acoo = oht
xze acoo acoq acop = sly ajy gmb uaf pos
xzf acoo = gin
xzg acoq acoo acop = tcq
xzh acoo acop = apu
xzi = dkf
xzj = adi
xzk acop acoo = iqd
xzl acoo = cjr ivy
xzm acoo = ytl
xzn acop acoo = msh
xzo acoo acop = iyl uii szh
xzp acoo acop = zhz vvj nol wjl
xzq acoq acop acoo = xns ker mlj
xzr acoo acop = bvs orp bxu cxp
xzs acoo = vnd rnf
xzt = skw (byv qoa)
xzu = pfq yrr
xzv acop acoo acoq = abju
xzw acoq acop acoo = gat dgz aakv dzp
xzx acoo = ywq
xzy acop acoo acoq = acla
xzz acoo = o umk o fuh
yaa = ocg nsq dak
yab acop acoo = zem
yac = abvg
yad acoq acoo acop = fpr bce mjy
yae = wbt
yaf acop acoo = cvr cdb
yag acoo = yxf iax
yah acoo = yta ufi vop
yai acoo acop acoq = spw
yaj acop acoq acoo = nul
yak = absw
yal acoo acop = yxd yqq
yam = uly uiw
yan acop acoq acoo = ltc wsl
yao acoo = lqi
yap acoo = csm
yaq = dmn
yar = jqp (ewg hsd)
yas acop acoo = dqn
yat acop acoo = yel uah
yau = azg mtx gxq
yav acoo acop acoq = srm (bah mgd xtb) mxs
yaw acoo acop = gcg
yax acoo = cn
yay acop acoo = xmn
yaz = ghh iyy
yba acoo = rls eyx qft
ybb acop acoq acoo = dlc ylc vtx
ybc acoo = tgv
ybd acoo acop = kbx uns
ybe = nwe
ybf acoo = euf
ybg acop acoo acoq = vxa
ybh acoo = stg
ybi acoo acop acoq = abzw oob yhb
ybj acoo acop acoq = czy aakl
ybk = rue isw qcn wef
ybl acop acoo = ylb
ybm acoo = ljh
ybn acoo = pts abvp
ybo acop acoq acoo = iip
ybp acoo = osa
ybq acoq acop acoo = glk
ybr acop acoq acoo = ysk
ybs acoo acop = twu lgw vhj
ybt acoo = kzo lhv
ybu acoo = xmx acjz
ybv acoo acop = gjv
ybw = mpk mso
ybx acoo acoq acop = iys abrh
yby acoo = fo
ybz acoo = jfv kbq zbg
yca = mvs
ycb acoo acop = kyu vdm mex gdr
ycc acoo = dit owf wkk
ycd acoo = vre kco ana cgh
yce acoo = nkh rtz abej
ycf acoo acop acoq = pmy
ycg acoo acop = qoy
ych = rpw loi zst
yci acop acoo = wer fbr
ycj = maf
yck acoo acoq acop = hhk wcd roq
ycl acoo = rdx oys
ycm acoo = bss iwv ahx lrs
ycn acoo acop = cpz
yco acop acoo = zhp cyq qov wcp xmi
ycp acoo acoq acop = rco hcq ahr (rbb cjg)
ycq = trt
ycr = stm
ycs = sad
yct acoo = ndx ath aapk
ycu = kmc hva sag pwl
ycv acop acoq acoo = blu
ycw = pto
ycx acoo = rhx
ycy acoq acoo acop = krc cje
ycz acoo = mdw
yda acoo = rg
ydb acoq acop acoo = yph fku qsn vv
ydc = kpt
ydd acoq acoo acop = qjb
yde = zdu lrd
ydf acop acoq acoo = b
ydg = tjd
ydh acoo = zec
ydi acop acoo = uyi
ydj acoo = yrb
ydk acoo acoq acop = yxc
ydl acoq acop acoo = gls
ydm acoo = nd (pvm nxp)
ydn acoq acop acoo = ysf bgf xxq swf
ydo acoo = tzl
ydp acoo acop = jiu obt
ydq acop acoo acoq = kbu
ydr acoo acop acoq = izl dhv hlr ywj
yds acop acoo acoq = mei
ydt acoo = ioz
ydu acoo = lgv
ydv = ohv
ydw acoo = abtd lzk
ydx acoo = abeb
ydy = nlz
ydz = pdf
yea acop acoq acoo = dks
yeb acoo = vwg wwo fiw
yec acoo = jou
yed acoo = yws
yee acoo = wwp
yef = chi
yeg = vod
yeh acoo = uud ctn mwv
yei acoq acop acoo = aceh
yej acop acoo = quq wda
yek acoo acop = rkl
yel acop acoo = aaqt
yem acop acoo acoq = vsm iem
yen acop acoo = sng gnm
yeo acop acoo = rbk
yep = goh
yeq acoo acop = evs idc wny rvq
yer acoo acop = olr nnp
yes acoq acop acoo = amj
yet acoo acop = kw rfx inn
yeu acop acoo acoq = lbt fwz
yev = hoe vob
yew acoo acop = bds byy
yex acoo = ved lud wys bql
yey = shq
yez acoo = pwn pyv
yfa acoo = xmh
yfb = ecz
yfc acoo acoq acop = cvm
yfd = qdn
yfe acop acoq acoo = zle
yff acop acoo acoq = fpl
yfg acop acoo = vaz
yfh acoq acoo acop = vji
yfi acoo acop acoq = weg
yfj acoo = rjq qmm
yfk acoo = zia
yfl acop acoo = awp
yfm acoo acoq acop = aats
yfn acop acoq acoo = bqg mgq ooy baq
yfo = xxh
yfp acoo = ems
yfq acoo = aaqq
yfr acop acoq acoo = enq
yfs acoo = tht gdu
yft = adb
yfu acop acoo acoq = me lit xjl dpu
yfv acoo = pdw vbw alw
yfw = rge
yfx acoo = oqt auf
yfy = bp
yfz acoo = goy
yga acoo acoq acop = xng
ygb acoo acop = aans zos zon npm zxg
ygc acop acoo acoq = wnt
ygd acop acoo = wyd pqx buf
yge acoo = ruv
ygf acop acoo acoq = geg
ygg acoo = qag
ygh acoo acop = aoc wos kkz
ygi acop acoo = aaxe
ygj acop acoo = uaj abgk
ygk acoo = mfo mud
ygl acoo = fqo
ygm acoo acop = abfq qge nwk
ygn acoo = xkr
ygo acoo acoq acop = kzw
ygp acoo = wlz hck
ygq acoo = nny kws rtp
ygr = fsg
ygs acop acoo = aagj
ygt = brl yta
ygu acoo acop = ytz nwy lvo
ygv acoo = run
ygw acoo = wyr yjm
ygx = idk yjt abbc
ygy acoo = duz
ygz = mon
yha acoq acoo acop = okn
yhb = kgb uxh iia
yhc acoo = wgi
yhd acoo = sfx
yhe acoo acop = dnr
yhf acop acoq acoo = bdn riw edl
yhg = abqz var oes ymi
yhh acoo acop = kgg
yhi acoq acoo acop = acmu zzx
yhj acoo acoq acop = wct
yhk acoo = gvi tds hi uit qjf
yhl acop acoo = dwn
yhm acop acoo = abnj
yhn = wkl acfe
yho acoo = yhe dzv xwt
yhp acoo acop = cce vjm mxj voi
yhq acoo acop acoq = zxr mni biu mky
yhr acop acoo acoq = att wki
yhs acoo acop = yxd lel aaqs bef
yht acop acoo acoq = lns
yhu acoo = veq
yhv acoo acop = ung
yhw acoo acop = acex
yhx acop acoo acoq = zaj
yhy acoo acop = krx
yhz acoo acop acoq = wwf rag bwk abfc zqy
yia acoo acoq acop = xem jgq ouu iqo tdi
yib = kzo rnq bdw
yic acoo = djd nnk abjq cki ygm
yid = fg
yie = lju
yif acoo = aant rys snv
yig acop acoo = vq
yih acoo acop acoq = hmo
yii acop acoo acoq = aoj jbl
yij = bfb
yik = yhy
yil acoo acoq acop = zlb
yim acoo acop = itw
yin acoo acop = un
yio = kav boi ubx (tmp jxi)
yip acoo = ppe
yiq acop acoo acoq = mqd
yir = gvx les cxe
yis acoo acop acoq = jto
yit acop acoo = npn
yiu acop acoo acoq = wvb
yiv acoo acop = wuh
yiw acoo = aq tva
yix acoo acoq acop = dbp
yiy acoo acop = rcu aalw alm xgz lqr
yiz = tqz etd
yja acoo = zsh dfk tke pes
yjb acoq acop acoo = aab
yjc acoo = sud
yjd = mkb
yje = aabn
yjf acoo = wwc azp
yjg acoo = kjw aawl
yjh = hhs
yji acoo = jhd
yjj = gay
yjk acoq acoo acop = aapb ob jbf mnz
yjl acoo acop acoq = imy zru (ouy gll)
yjm = ppi
yjn acoo acop = wwb ndp vsh drm duc
yjo acop acoo acoq = ffc gwm oah ysp
yjp acoo = gsb
yjq acoo = zwc
yjr = des ext
yjs acoo acoq acop = ffh
yjt = unt roi
yju acoo = ifd scx gir vji ex
yjv acoo = anh
yjw = abuq
yjx = ppc
yjy acoo = gij plw lnf
yjz acoo = aceo rkj abcj
yka = ejv
ykb acop acoo = rlh aajs tlo rby
ykc acop acoq acoo = jmj
ykd = vcz
yke acop acoo acoq = upv vjj txa eok chx
ykf acoq acoo acop = mzc ubv ial imu bbc
ykg acoo acop = dyz
ykh acoo acop = jvl hrm (eid rgs)
yki acop acoq acoo = abxb gag
ykj = yea
ykk acoo = sfl abmq
ykl = tzj xhf
ykm acop acoq acoo = loa mbz gq
ykn acoo acop = pmg
yko acoo = aatd mif ik
ykp acop acoo acoq = jix
ykq acoo acoq acop = gd eok qux
ykr acoo acop acoq = tkc zyt
yks acoo = aapc
ykt acop acoq acoo = atg
yku acop acoq acoo = ruy cwg dcp aass
ykv acop acoo acoq = qrl jaq ezb wdf
ykw acoo = brd
ykx acop acoo = svp urf
yky acoo = onr
ykz acop acoo acoq = fhc qfe aces
yla = qg
ylb acoo = glh
ylc acop acoo acoq = ubc txu syo
yld acoq acop acoo = ajo
yle acoo acoq acop = awl (bdi jii)
ylf acoo = cyt
ylg = lph
ylh = vec
yli = jqp
ylj acoo acop acoq = ksd lxm xp
ylk acoo acop = crp
yll = vsc
ylm acoo = xpj
yln acop acoo = ablx voc
ylo acoo = wyc
ylp = hcb lro
ylq acop acoq acoo = jkb (lll abrj)
ylr acoo = aagq jml twq wjz xzs
yls acoo = dmr xgc uet
ylt acoo acoq acop = lcq
ylu acoo = xro (wjf pu jpy dgk)
ylv acoq acop acoo = ozb aaeo
ylw acoo acop = nps lis
ylx acop acoo = zle
yly acoo = vff yfk pbp
ylz = ohl
yma = nhz
ymb acoo acop = fin
ymc acoq acoo acop = csf
ymd = kzg aauu rui nhp egt
yme acoq acoo acop = ds
ymf = aabk mur
ymg acop acoo = jym
ymh = aarw
ymi acoo acop = hqu
ymj = ypy gpo acez
ymk = aon xbw whe
yml acoo = lyt
ymm acoq acop acoo = qtp
ymn acop acoo = ian
ymo acop acoq acoo = aoh
ymp = mup kvz
ymq = tku izi
ymr acop acoo = aagq ino ccf
yms acoo = wyy
ymt acoo = uyd
ymu acoo = nov
ymv acop acoo = yfv
ymw acoo = ltg iem zve
ymx = tbe
ymy = ril
ymz = bsc qay okc acal
yna acoo = vdb abbw mgq snu
ynb acoq acop acoo = rll
ync acop acoo acoq = mny mdf
ynd acop acoo = hiy aaxr
yne acoo acop = aby
ynf = bca ykt xzx
yng acoo = vig
ynh acop acoq acoo = xr mqh grp
yni acop acoq acoo = vkp tjo
ynj acop acoo = nyt
ynk = pwl
ynl = qcg
ynm acoq acop acoo = qqj
ynn acoo acop = lwv (hea tpz qfr)
yno acop acoq acoo = cvd
ynp acoo = wbi
ynq acop acoo = gja rnr
ynr = zxo
yns acoo acop = vye vqm krq
ynt acoo = ayc
ynu acoq acop acoo = ahc qpz smp hjv
ynv = abvb
ynw acoo = ses
ynx acoo = hbf soo aatc
yny acoo acop = yze toa wio
ynz = hsr ofy
yoa acoo = ole (sot pes zco)
yob acoo = aaol cgb hbg
yoc acop acoo = xio
yod acoo = pha nyi vwq
yoe acoo = sok
yof acoo acop = ybq
yog acoo acop = reh
yoh acoo acop = nev aake
yoi = oeu
yoj acoo acoq acop = zkq
yok = qir ico gqv xoi
yol = hap
yom acop acoo = bht (skn aaya abpu)
yon acoo = hko
yoo acop acoq acoo = lyz jvu yuh wdw
yop = ji
yoq acoo acop = xoi xfb
yor acoo = rqk uam auc
yos = add ltd
yot = jen
you acoq acoo acop = ayq
yov = tau
yow acoo = iab
yox acoo acop = jeu
yoy = elx llp fpq
yoz acoq acoo acop = xbs wrj
ypa acoo = evd
ypb acoo acop acoq = axm
ypc acoo acop = kmo pie
ypd acop acoo acoq = acag
ype acop acoo = vv acew zlb
ypf acop acoo = hqk
ypg acoo acoq acop = krh
yph = lph xmu aij kyf
ypi = fgd
ypj acoo acop = yyi
ypk acop acoo = ecu
ypl = pnx
ypm acoq acoo acop = jmq uyb lnd
ypn acoo acop = awi
ypo = qud zpn udx
ypp acop acoo = aet
ypq = tts dba
ypr = srx wla tly
yps acoo = abft
ypt acoo = chy
ypu acoo acop acoq = mxt gmb
ypv acoo = fyx gwl
ypw = kni
ypx acoo acop = zcu yqy dxi
ypy acoo = soy pid teq
ypz acoo acop = bhu
yqa acop acoo = zhh
yqb acop acoo = ouj vin xwu
yqc acoo = xop
yqd acop acoo = kte
yqe = whx fzz aayk
yqf acoo acoq acop = pfi
yqg acoo acop acoq = llq
yqh acoo acop acoq = fko
yqi acoo acop = ems wba
yqj = ehx bbn
yqk acoo = cyj
yql acoo = mlr xlb
yqm acop acoq acoo = wrm
yqn acop acoo = hej
yqo acop acoo = zvl
yqp acoo = gdk
yqq acoo = xlr cq fdv
yqr = vgl wmr
yqs acop acoo = acs
yqt acoo acop = rdf sky
yqu acoo = rwe
yqv acoo acop acoq = xyu
yqw acoo acop acoq = hmz
yqx = rll
yqy acop acoo = yv (xor ouf) tte
yqz acoo = xtg qiv
yra acoo = mns
yrb acoo acop = ulj ksz
yrc acoo acop = enb
yrd = pju
yre acoo acop = wxk
yrf = lbm wty kbi
yrg = lua
yrh acoo = jhr
yri acop acoo = uaq nio akw
yrj acoo acop = rq ide nai (iys lss)
yrk = eox mtv tvm zwj
yrl = rnq
yrm acoo acop = qji
yrn acoo acop = qlb
yro acoo acop = kam
yrp = mha vwh hmi
yrq acoo = tua
yrr = fcz wdr
yrs acoo acoq acop = cun aauy ry
yrt acoo acop = aayg (bpi rpd)
yru acop acoo = bib caj ri kjp
yrv acoo = ajc
yrw = eam eew oo dbp
yrx acoo = dkj
yry acoq acoo acop = tty dsu
yrz = acca
ysa acop acoo = epk
ysb = lig
ysc acoo = opj
ysd acop acoq acoo = bpw
yse acoo acop = sji
ysf acoo acop acoq = aazy
ysg = fo gcr mcx gpj pxm
ysh acoo = zn nui
ysi acop acoo acoq = hsg
ysj acoo = qcf
ysk = wmx
ysl acop acoq acoo = rnd ouo
ysm acoo = ldt
ysn acop acoo acoq = jpu
yso acop acoq acoo = aarg wos
ysp acoo acop acoq = acbf elv
ysq = akh mts
ysr acoo = jom
yss acop acoo = bvt
yst = krd drt thz aazb kpm
ysu acoo acop = qqf zwp
ysv acoo = swl
ysw = hqc
ysx = lql vnb qgq
ysy acoo = hqi fzd
ysz = zzf
yta acoo acop = isq
ytb acoo = xmc
ytc acop acoo acoq = ovq rvn
ytd = uoc
yte acoq acoo acop = bwb
ytf acoo = vad gkk tpy
ytg acoo = xk txy (euo bmx)
yth acoq acop acoo = cst grz vmi eqg
yti acoo acop = fpj
ytj acoo acoq acop = laz (nel abtx abme)
ytk acop acoq acoo = toc gyr wjl
ytl = jrr
ytm acoq acop acoo = bpm
ytn = jyt
yto acop acoo = ablq
ytp = bjw
ytq acoo acop acoq = cdz
ytr acoo acoq acop = jxw kds
yts acoo acop = olh bzw lva dly ixf
ytt acoo acop acoq = kn
ytu acoo acop acoq = svn aayl
ytv acoo = absz
ytw acoo acop = crs
ytx acoo = aall dvf vjq ho vfe
yty acop acoo = adz
ytz acoo = gdc
yua acoo acop = wl
yub acoo acop acoq = lqd
yuc acoo = tnl
yud acoo = irl
yue acoo = mqb abfq
yuf acoo = ptm
yug acop acoo = nzr ben aarr hzv
yuh acoo acop = igk
yui acop acoq acoo = edu aaij bzp
yuj acoo acoq acop = pwz zvs npc uyh
yuk acoo = aaho
yul acop acoo = orw abs jey
yum acop acoq acoo = wpw (cra bqz)
yun acop acoo = smc
yuo = eoe vaz rwj
yup = yfw
yuq = ryi omw yym
yur = upk
yus acop acoo = rdz
yut acop acoq acoo = ulc
yuu = ecp mel
yuv = vgo bsr
yuw = fsw mog
yux acoo acop = sux
yuy acop acoo = ola (wmg zss)
yuz acop acoo = uqs egi
yva acoq acop acoo = lzr ovi tdc zej
yvb acop acoq acoo = mqi nbx aazh
yvc = idd absu rcu
yvd acoo acoq acop = rri
yve acop acoo = pqg
yvf acop acoo = lg
yvg acoo = mcc uin
yvh acop acoo = odj
yvi acoo = ysz
yvj acop acoo = czb aai
yvk acoo acoq acop = jjt
yvl = ady cde
yvm acop acoo = mt
yvn acoo = omx
yvo acoo = rkp
yvp acoo = gwc
yvq acoo = gld
yvr acop acoo = ksl
yvs acoo = wok
yvt acop acoo = qvj krv nhk aami
yvu acop acoq acoo = yow uen
yvv acoo acoq acop = qcl abtn
yvw acoo acop acoq = fui dsb uh dsq
yvx acoo = shj
yvy acoq acoo acop = vnc
yvz acoo acop = wje
ywa acop acoo acoq = ucb
ywb = mip toe
ywc acoo = brz rvx ofy xkc
ywd acop acoo = zsb
ywe acoo acoq acop = ua
ywf = tvz
ywg acoo acop = fzi prd
ywh = olr qxo ouj lrq
ywi acoo = lpj
ywj acop acoo = fzh jfg
ywk acoo = kzj
ywl = cuk
ywm acoo acop = atb
ywn acoo acop = dki abdx clt sds jtn
ywo acoo acop = pc
ywp acoq acoo acop = yo (ubb bgi)
ywq = awr
ywr acop acoo acoq = wax
yws acoo = cbb
ywt acoq acop acoo = zyl
ywu acoo acop acoq = web
ywv acop acoq acoo = tmp
yww = uhy
ywx acoo acop = bu
ywy acop acoo = ljf
ywz = ohc
yxa = slq qar prk mwi
yxb acoo acop = ogb
yxc = yfx xan
yxd acop acoo acoq = big
yxe = ilv
yxf acoo acop = kcq
yxg acoq acoo acop = jkj cv pk jyh
yxh = ua sdr
yxi acoo acop acoq = swb ron
yxj acop acoo acoq = ddl dfh llr
yxk acop acoq acoo = pji
yxl = lyk ldu oq
yxm acoo = abbo abez ywv
yxn acoo = wju
yxo acoo acop = alj
yxp acoo acop = jvk
yxq acoo = tvj zis xqg
yxr = zhn
yxs acoo acop = mzc nap jiv
yxt acop acoo acoq = nvq
yxu acoo = dcs pmu
yxv acoo = eri
yxw acoo acop = abir
yxx acop acoo = qbx
yxy acop acoo = inu
yxz acop acoo = vwy
yya = ent
yyb acop acoo = oic tnw wfy gdy
yyc acoo = nhj qun
yyd acop acoo acoq = rxf
yye = elv
yyf acop acoo acoq = uph
yyg acoq acop acoo = sqd sra
yyh = lzu
yyi = pvy
yyj acoo = wgl mmw
yyk = yqq
yyl acoo acop acoq = gkf wta vmg
yym acoo acop = crd
yyn = ukk vug ncc
yyo acoo acop = uod onw eer
yyp acoo acop acoq = uji cdk
yyq acoo = aast zsg
yyr acoo acop = ilu
yys = zoy rwd
yyt acoo acop acoq = msg
yyu acoq acoo acop = tlr
yyv acop acoo = htz rif obc aaaz
yyw = sh
yyx = bdu
yyy acoo = aru
yyz acoo acop = ndz
yza = ppf
yzb acop acoo acoq = ntl
yzc acoo = aaqj abgi
yzd acoo = qdf
yze = jrf
yzf acoo = ezt abkg vqk
yzg acoo acop = ufs
yzh acoo = rgr
yzi = diq kbp
yzj acop acoq acoo = izf
yzk acoq acoo acop = ldq
yzl = men
yzm acoo acop = gy
yzn = ydq
yzo acoo = koa acb mie
yzp acoo acop = mjl
yzq = svs bnk mnf mfa ssi
yzr acoo acop = psv fyl e
yzs acoo = got
yzt acoo = yjj
yzu acop acoq acoo = abry
yzv acoo acop = zyi
yzw acoo = fiu ip vhi rlr fwr
yzx = aajr kdr
yzy acop acoo = grg jrg
yzz acop acoo = exs
zaa acoq acop acoo = irh
zab = qal
zac = giw
zad = ygj het
zae acoq acoo acop = cdb htt uvg
zaf acop acoq acoo = kpw
zag = ipw bha jph jku pio
zah acoo acop acoq = abwp lje jdc rr
zai acoo = ssf
zaj acoo acoq acop = g
zak acoo acop acoq = pvm
zal acoo = aciv
zam = acae
zan acoo acop = qdv aaza
zao acoo acoq acop = pom
zap acop acoq acoo = abk
zaq acoo acop = vyg ryc tln ozm
zar acoo acop = gqn
zas acoq acoo acop = yuv
zat acoo acop = ldv
zau acoq acoo acop = tpy
zav = dsh gkl ini owy
zaw acoo = kzs gii ass lfg dgs
zax acoo = ncq bio
zay acoo = tkf
zaz = krl bre
zba = kky
zbb acoo = men
zbc acop acoo = vdj
zbd acoo acop = nlm
zbe acoq acoo acop = ohs (xdl rjr)
zbf acoo = fpk
zbg = mtw bah epq
zbh = gxm nzp fna aamb
zbi acoo acop = tgh
zbj acoo acop = otc mcw (puf acbs gas)
zbk = lep
zbl acop acoo = hoe
zbm acoo = fhi
zbn acoo = bm
zbo acoo = qyn abmr
zbp acop acoo = dcx
zbq acoo acop acoq = hqd
zbr acoo acop = dvr
zbs acoo = aaea
zbt acop acoq acoo = qcb
zbu acoq acop acoo = myn
zbv acop acoo = xag oyw lpw nne
zbw acoo = llr
zbx acoo acop = tdc
zby acop acoo = zto aamb
zbz acoo = acfy
zca = uli vxf
zcb acop acoo = uwq
zcc = ypi (lsc bva)
zcd = upb byf nwl nev
zce acoo = qzu hu pfr ban
zcf = hjc
zcg acoo = say
zch acoo = cmr eoh
zci = mfm hsp
zcj acop acoo acoq = gne mhj acoj
zck acoo = bws
zcl acop acoo = evs aajj zow (wq sho)
zcm acoo acop = euu
zcn acoo = tsf
zco = jff
zcp acoo = fxi
zcq acoo = wnp ttw
zcr = acdu ibs rpq
zcs acoo = mdd
zct acoo acop = kmc wlt aabx hwe
zcu acoq acop acoo = cvw xjq
zcv = vfv
zcw acoo = mbs
zcx = kxf sdz uvq abek
zcy acop acoq acoo = abac fpf gxr pwx shq
zcz acoo = abix woc
zda acop acoo acoq = qvg
zdb acoo acop acoq = cnk
zdc acoq acop acoo = eso rfm
zdd acoo = xka (luz ckf) uqi
zde acop acoq acoo = rip pik zcv
zdf acop acoo = znw pgs gox
zdg = qob
zdh acop acoo acoq = dwc frl (bim xzn)
zdi acoo acop acoq = jy
zdj acoo = jbn
zdk acoo acop acoq = lgt vdk
zdl = fpf
zdm acoq acoo acop = pxj dca rur
zdn acop acoo = jxr (fbs ouv zob)
zdo acoo acop acoq = puq fic
zdp acoo acop = dse
zdq acoo acop = wof mfm qdu
zdr = tsv
zds = fww fam feu
zdt acoo = ioj
zdu = yvs pio
zdv acoo = rxy
zdw = sza
zdx acoo = ezg
zdy = dia
zdz acoo acop = ujk aux ach opq
zea acop acoo = vpr
zeb acoo = aasi
zec = pge
zed acoo = rdu
zee acop acoo = ebh
zef acoo acop acoq = zfn
zeg = yqq ttc
zeh = uc
zei = rxt agf nn osu
zej = fdz fkn
zek = ndq rvh jor
zel acoo = skr
zem acoo = ptr
zen acoo acop acoq = fzj
zeo acoo = jfj
zep acoo acop = bdl
zeq = lt auv
zer acoq acop acoo = vrq
zes acoo acop = dob
zet acop acoo = gxi
zeu acoo = dqb
zev = clu rbq fxg yuh abjx
zew = zug (tfe ytk)
zex = jfg
zey acoo = acah uvf
zez acoo acop acoq = xvj
zfa = wu hvk pve
zfb acop acoo = fzs
zfc = vcu
zfd acoo acop = kwu bgn
zfe acop acoo = vsq eoy kcr
zff acoo = tsy raj
zfg = ytb
zfh acoo acop = mbn
zfi acoo acop = kx zph viu
zfj acoo = xme
zfk acoo acop = shb
zfl acoo = itg kzm gsn wbr
zfm = wvf
zfn acop acoq acoo = qbt dra kdv
zfo acop acoo acoq = ablx
zfp acoq acoo acop = zwn oyu akg
zfq acoo = mzz
zfr acoo = aui
zfs acoo = cmm dfs awy
zft = cbg
zfu = meh qny
zfv = pqm
zfw acop acoo acoq = lqd tcl
zfx acop acoo = xlc
zfy acoo = abor
zfz acoo acop = cet nph dkq
zga = efm
zgb acoo = itw rey
zgc acoq acoo acop = doc afb eoz hnk aalt
zgd = njn fun
zge = ycy
zgf acoo = xxy svb
zgg = hql bwo skd
zgh acoo acoq acop = ec abbv vwz lxs
zgi = nyj
zgj = spi hvw
zgk acoo acop = frd nba
zgl acop acoo = acka dvg lnf
zgm acoo = utz
zgn acoo = mhs sfi qjh
zgo acoo acop = khz
zgp acoo acop = kin
zgq acoo = abog wnc wcm pvs
zgr = kil
zgs acoo acop = kxe
zgt = vvl iej
zgu = goy aadv pjg krj
zgv = oda
zgw acoo acop = fex
zgx acoo = mlp
zgy acoo acop = pxo lny yjp rud
zgz acoo = aadv
zha acoq acop acoo = bww fsi
zhb acop acoo = kud
zhc acoo acop = aiz hjc acfw
zhd acop acoo acoq = hed
zhe acop acoq acoo = jmr fwe gbe
zhf acoq acoo acop = chj mpx
zhg acoo = bew
zhh acoo = ela
zhi acop acoo = qbt yel
zhj acoo acop = nmw osp ron (ygn xrz)
zhk acop acoq acoo = wsm mbq
zhl = isw
zhm acop acoo = rmn
zhn = bxk aavq ags
zho acoo acop acoq = twq (oet ibx)
zhp acoo acoq acop = aapq aayg ugi
zhq acoo = cep (ptd zxu) iwk
zhr acoo = achn fvy
zhs acoo = hcp osl xmb hbf qcx
zht = uni
zhu = hpj vxb poj
zhv = bqw
zhw acop acoo = cwx aaiw
zhx acop acoo = xld
zhy acoo acop = ouq (rqg tuo)
zhz = snr
zia acop acoo = ngj
zib = aacu gjl zzq csp
zic acoo = ablx vfh mmx thv
zid acop acoo acoq = aazc
zie acoo acop acoq = pys
zif acoq acop acoo = ksc kmv xmh
zig = mzl
zih = acgq ewu vcs
zii acoo = kie
zij acop acoo = apw
zik = bnz
zil acoo acoq acop = kmv
zim = obv
zin = ark
zio acoo = hfw
zip acoo = pyg rji gdh
ziq = nif
zir acoo = ioc gpc deq
zis = cbj tuy
zit acoo acop acoq = old (wjq hir rke)
ziu acop acoo = eup
ziv acoq acop acoo = kbx
ziw acop acoq acoo = absi yga ylp
zix acop acoo = sji
ziy acoo acop = ng
ziz acop acoo acoq = vva
zja = gwm xns mqt ablc
zjb acoo = arz
zjc = omu aago ahv pov
zjd acoo acop = jcf vwh
zje acop acoo acoq = jkx tqo nci abtz
zjf = gar
zjg acoo = laj bll
zjh = qyi
zji acoq acop acoo = fvd
zjj acoq acoo acop = gug
zjk acop acoo acoq = obm uc
zjl acop acoo = epo
zjm acop acoq acoo = ir
zjn acoq acoo acop = ccd tvv
zjo acop acoq acoo = abnx zhb tvk
zjp acoo acop = gyi
zjq acoq acop acoo = the
zjr = dog nvg
zjs acop acoo = gxa
zjt acoo = htp
zju acoo acoq acop = ze hml
zjv acoo acoq acop = yzk (aaip zvr)
zjw acoo acop acoq = xa
zjx acoo acop = abwb
zjy acoo acop acoq = ikj jjt wmc iho
zjz acop acoo = ups
zka acoo = zrx mei nxs
zkb acop acoq acoo = ted duv
zkc acop acoo acoq = jrl
zkd acoo = kks aqy
zke acoo = abmb
zkf = qje
zkg acoo acop acoq = zhm
zkh acoo = kxf hqu oqk
zki acop acoo = rmd v
zkj acoo acop = chl aapz igs lmn tkg
zkk acoo acop = apo abam
zkl acoo = zfa
zkm acoo acop = wwa edv ps fag irw
zkn acoo acop = ppm
zko = ont
zkp acoo acop = bpf
zkq acoo acop = om rhj
zkr acoo acoq acop = lcg
zks = czo wcz
zkt acoo = hie vks qzj xci
zku = wpm
zkv = nkj
zkw = qpw rxd lym
zkx acoo acop = hoj
zky = aadd rkq
zkz acoo acop = mwh
zla acoq acop acoo = xbm
zlb acoo acop acoq = zhg gyr
zlc acoo = hgh (yvx uwi) tpi
zld acoo acop = oym
zle acoq acop acoo = cnh
zlf acoo = pi
zlg acop acoo acoq = spg
zlh acop acoo acoq = jpa
zli = uha aamd tjj gcf
zlj acoo acoq acop = yim spm
zlk = achx
zll acop acoo = jqt cyv mcp lxz
zlm acoo = yll
zln acoo = blw
zlo acoo = kig
zlp acoo acop = aace aatr ysj jlt gjm
zlq = vbn
zlr acoo = olv
zls acoo acop = zui
zlt acoo acop = rdq
zlu acoo = sdc abhb
zlv acoo = xhp acjm nim slt dwj
zlw = mpf ovg
zlx = fug jni xiy wgu
zly acoo acop = pae mwh
zlz acoq acoo acop = abfi rsy jbi aew ecg
zma = wfz
zmb acop acoo acoq = ynf
zmc acoo acop = cln
zmd acoo acoq acop = viz
zme = vpe
zmf acoo acop = luf
zmg acop acoo = ljf
zmh = lp
zmi acoo = wzh mkk szo
zmj acoo acop acoq = eml oeg
zmk = quk sxd
zml = odt
zmm acoo = iuk qya
zmn = nxv
zmo acoo acop = jzs
zmp = hcv skf
zmq acoo = opg
zmr = eec (hgg pfh pib)
zms acoo = acbf
zmt acoo = fmn fuy
zmu acoo = ma bts
zmv = yij img fzu
zmw = aagg frm
zmx acoo acop acoq = ijc bwj
zmy acoq acop acoo = lgh
zmz = slm
zna acoo = gpf
znb = csb
znc acoq acop acoo = lto zul aakk
znd acoo = kxm
zne acoo = nqe
znf = rpb
zng acop acoo = abmw azn
znh = qtu
zni acoo acop = tgu wgs tev
znj acoq acop acoo = accs
znk acoo = yju abna acav
znl acoo = acgk tqg
znm acoo = aud
znn acoo = kwh
zno acoq acoo acop = xfv
znp acop acoq acoo = ytu
znq = eqs bgu xfk msq
znr = cxm afz (aaoh xmz)
zns acoo acop = cgm uzd
znt acoo acop = gjg ior
znu acoo acop acoq = abdy
znv acoo = drk xja rp
znw acop acoo acoq = xtn
znx = qlu twg gmn
zny = zxh lvp
znz = tea
zoa acoo acop = xxm qni
zob acop acoo = nuw ytq
zoc acoo = utx qey
zod acoo acop = gdn fpw
zoe = syr
zof acoq acoo acop = aawl mir wuo
zog acop acoo = kzv aayg xtl
zoh acoo acoq acop = duq
zoi = bka rhe szz
zoj acoq acoo acop = jjt
zok acoo = oot (cog pqn)
zol = zlh
zom acoo = accr
zon acop acoo = gof cnm vnz
zoo acoo acop acoq = nld
zop acoo acop = lsx
zoq acop acoq acoo = vvd xkb
zor acoo acoq acop = cgp zsv mum
zos acoo = dka
zot acoq acoo acop = bsd rbc dcc abmf
zou acop acoo = rth ugg
zov acop acoo = zio hvk
zow acop acoo = uah
zox acoq acop acoo = fps
zoy acop acoo = owk
zoz acop acoq acoo = qqt aaof
zpa acoo acoq acop = swx xpc xue
zpb acoq acop acoo = aaai
zpc acoo = ewr
zpd acoo acop = nlh
zpe acop acoo acoq = wjp gxf
zpf acoo = waq als air mro
zpg acoq acop acoo = hjw kec
zph acoo = ivv
zpi acop acoo acoq = acjw vco pym clz aapt
zpj = aer aatg gzq qme
zpk acoq acoo acop = guw mdl
zpl acoo acop = ayw
zpm acop acoo = pkh xbv dek fyy wkg
zpn = abzj
zpo = hjz fbu
zpp acoo = zbi
zpq acoo acop = ycy
zpr acoo = aapk
zps acop acoo acoq = jxl
zpt acoo = usw
zpu acoq acoo acop = fcd
zpv acoq acop acoo = ayi
zpw acoo = cbv
zpx = upi fpp gat ysy
zpy acop acoq acoo = bcp ieq
zpz acoo = oow siy
zqa = zey (jsl jnm)
zqb acoo = yam oek hp
zqc acop acoo = hsj
zqd acop acoo acoq = wmk
zqe acoo = ngy
zqf acoo acop = wyt lkq (rot gjo kqf)
zqg acoq acop acoo = acgk kmx wfe buy
zqh = vsd msk
zqi acoo acop = bnl
zqj acop acoo acoq = roj
zqk acoo acop acoq = aahr
zql acoo acop acoq = hvg
zqm acoo acop = qtt
zqn = ivt aacc
zqo acoo acoq acop = cyn
zqp acoo acop = gub absv
zqq = dj
zqr acoo acoq acop = flq
zqs = ojl ufn ggh aasn
zqt = pbs yht ofd vyg
zqu acop acoo = mmf dex lww
zqv acoo acop = bga
zqw acoo = gpv
zqx acoo = lji
zqy acoo acop = iyu abxj
zqz acoo = yxm
zra acoo acop = myn xwn pdt acne
zrb acoq acoo acop = pve zpo iuh
zrc acoo acop = qnh
zrd acoo = tcr
zre acoo acop = eai vyz aatu
zrf acop acoo acoq = abqx
zrg acoo = tcv aakm
zrh = myu
zri = peh
zrj acoo acoq acop = afi bna
zrk = ekl fbt
zrl acop acoq acoo = guk
zrm acoo = zyx abqm
zrn = jvq
zro = mpn
zrp acop acoo acoq = bum
zrq acop acoo = mud
zrr acop acoo = jjr
zrs acoo = fdm
zrt = hop
zru acoo acop = pnb
zrv acoo = nv fdi pao zdz
zrw = ich prg
zrx = era ybg nbq pid
zry acoq acoo acop = mau
zrz acoo acoq acop = nrq
zsa acoo = alq
zsb acoo acoq acop = aur zci svo
zsc acop acoq acoo = giv
zsd acop acoo acoq = mwi
zse acoo acoq acop = pav
zsf acop acoq acoo = eev vdt bog vtj
zsg = ysg
zsh = vui ablf ltq kjk
zsi acop acoq acoo = afv
zsj acop acoq acoo = oor
zsk acoq acoo acop = hr
zsl = kby yce
zsm = fvp
zsn acoo acop = lmt achr lu
zso acoo = laa abnx
zsp = jal fuz sph
zsq acoo = gsg
zsr = aala
zss = nsc fyp ucc
zst acoq acoo acop = eft
zsu acop acoo acoq = aast
zsv acoo = nux
zsw acoo = aahx
zsx acoo = ydr
zsy acoo = ose
zsz = aayu kki abgj xhq
zta acop acoo = dao
ztb = hhw
ztc acoo = abis kgy aaqi yih
ztd acoo acop = jvj bnr
zte acoo = yvj ska asj vqy
ztf acop acoo = wwb
ztg acop acoo = ikq pg
zth acoo acop = pza
zti = iid
ztj acoo = abbs
ztk acop acoo = stz
ztl = yar jjh muk ctj
ztm acop acoo = ogu
ztn acoo = acis fny aqb acma luu
zto = rcb fw dn
ztp acop acoo acoq = qdl
ztq acoo = bju (mkc nx vdf bqk)
ztr acoq acop acoo = yna
zts acop acoo = dox pbd
ztt acop acoo = eml wgt
ztu = zeo
ztv acop acoo = acjv
ztw acoo = stu
ztx = mgx rok pab ackw
zty acoo = ofo kby xhr
ztz acop acoo = ablb
zua acoo acop = mka aaim
zub acop acoo = xvo qgz nzt
zuc acoo = kek lao
zud acoo acop = jlt eax
zue acop acoo = arv
zuf acoo = qsa
zug = txn ajc
zuh acoo acoq acop = dtj
zui acop acoo acoq = hz abql
zuj acoo = lpe
zuk = ukl joj yio fep
zul = bbn hfg
zum acoo = jii zwq xjp nrn
zun acop acoo = hjc
zuo acoo acop = stg
zup = hxa qmn wvr
zuq = bhe
zur = tgk nck
zus acoo = qt
zut acoo = uhf bzx aem
zuu acoo acoq acop = czj
zuv acoo acop = vaf mxo nbc gdo
zuw acop acoq acoo = ld ygz ysd
zux acop acoo = xde mrq zay mhh
zuy = pbz
zuz = itt
zva acoo acop acoq = kbq
zvb acoq acop acoo = ldd
zvc acoq acoo acop = hbb
zvd acoo acoq acop = oze ugj hpo
zve acoo acop = kjv oef
zvf acoo acop = cdx
zvg acoo = jus vtd
zvh = lin jic
zvi acoo acop acoq = acek
zvj acop acoq acoo = dhk
zvk acoo = aben tzm
zvl acoo acoq acop = kkw pke qmn rap
zvm = viy uls oja
zvn acoo = slr
zvo acop acoo = qlz
zvp = wyz mzg
zvq = zwy nlw
zvr acoq acoo acop = elk
zvs acop acoo = rhq
zvt acoo acop = pdv
zvu acoo acop acoq = dqc bki
zvv acop acoo = abb
zvw acop acoo = aaxn
zvx acop acoq acoo = kpe
zvy = jza
zvz acop acoo acoq = lzd
zwa acop acoo = oqn
zwb acoo = vff wce pia fvf
zwc acoo acoq acop = gmn
zwd acop acoo acoq = abxf
zwe acop acoo = cmd
zwf acoo acop = qwh abit
zwg acoo acop = qes
zwh acoo = bvo wox
zwi = jfy
zwj acoq acop acoo = bty eha sbm
zwk = llk xnm
zwl acoo = yoq
zwm acoo = abyo
zwn = tsk
zwo acoo acoq acop = jbt
zwp acoo acop = acig guf
zwq acop acoo = aats aasf vd dkj
zwr acop acoq acoo = vmf
zws acoo acoq acop = nrx jnh lmt zup
zwt acop acoo = uyb
zwu = leg
zwv acop acoo = rut
zww acoo = luk
zwx = ufr
zwy = kil
zwz = yhd axf
zxa = ryw
zxb acoo acop = fyx
zxc = jrj
zxd acoo = mgl wad kns
zxe acoo acop = kum rkh uij rbj
zxf acop acoo acoq = dqg
zxg acoq acoo acop = att
zxh acoo = mpr hie fhr
zxi = zag qpl rjy
zxj acoo acop = vuc
zxk acoo = cp
zxl acoo = epj ugl
zxm acoo = nhn hkp pfj kny
zxn = jer
zxo acoo = two ssy
zxp acop acoo = woi
zxq acoo = lra (aed agi)
zxr acoo = abdq
zxs acop acoo acoq = haz zaq aale
zxt acoo = tep
zxu = yox
zxv acoo = wbx pdr sgz
zxw acoo = cbz
zxx = zaz aaxe
zxy acoo = rjc idy zoe
zxz acop acoo = acbi
zya acoo acop = lop hob etk
zyb acoq acoo acop = pru enz
zyc acoo = qes lch njr ehs
zyd = sul
zye = juh
zyf = ege
zyg acoo = uqd
zyh acop acoo acoq = fgv
zyi acop acoo = sor
zyj = sba jhf
zyk acoo = fdp
zyl acoo = ony hvn nds
zym acop acoo = rxt aclu igx
zyn acop acoo acoq = tsd vex
zyo acop acoo = sbr
zyp = yfb hax
zyq acoq acoo acop = krc
zyr acoo = low pjy zwq absd
zys = twn
zyt acoo = icq alu (nsq mqr)
zyu acoo = rhd
zyv acoo = yku cuc
zyw = bnc
zyx acoq acop acoo = qda
zyy acoo = jfd
zyz = acba jrg foz dtw
zza acoo acop acoq = meo uqf ici tef
zzb = vow
zzc acoo acop = sas
zzd acoq acop acoo = cvg wgh
zze acoo = pff acdq hxw gnm
zzf acoo = azp frw pov knc
zzg = ktg
zzh = quz
zzi = aarz
zzj = sbt
zzk acop acoq acoo = ycs
zzl = rop zax (xxe aahz)
zzm acoo acoq acop = yfw
zzn acoo = bcc afu aawu flp
zzo acop acoo = bcs dgl
zzp acoo = nvs
zzq = xij
zzr = dxk nwv
zzs acoo = qbu trf
zzt = gum hen nen
zzu acop acoo = kmb zua
zzv = eyx mjj abzk
zzw acoo = wsa glz koe
zzx acoo = evl
zzy acoo = csp sab
zzz acoo = qyv
aaaa acoq acop acoo = abfb
aaab acoo = nlk
aaac acoo = sds
aaad acoo = ddz
aaae = kyf
aaaf = gvj abyw hrw
aaag = oxe
aaah acoq acoo acop = oaq zmx
aaai acoo acop = abpw
aaaj acop acoo = wyc gmo
aaak acoo = kg
aaal acoo acop acoq = ga
aaam acoo = idt
aaan acop acoo = aatn
aaao acoo acop acoq = yub
aaap acoo = pwv pxw
aaaq acop acoo = cru
aaar acoo = bwy
aaas acoo acop = zhl
aaat acoo acop = asf
aaau acoo acop = abzn
aaav acoo acop = ibe
aaaw = mll
aaax = pbp
aaay acoo = yrn
aaaz acop acoo = acbf qgm
aaba acop acoq acoo = abqu (hzz aajz kvo abuy)
aabb acoo acoq acop = vap
aabc = acgo aajl
aabd acoo = dbz
aabe acop acoo = yas egg
aabf acoo = acbr
aabg = pkw
aabh acoo acoq acop = mqt
aabi acoo acop = wzx
aabj acoo = iuw
aabk acoo = rgs
aabl acoo = ixy ip
aabm acop acoo = mtt
aabn acoq acoo acop = tkw abzx
aabo = jiy dnd
aabp acoo acop acoq = ymv
aabq acop acoo = mzb wgh
aabr acop acoo = vov
aabs acoo acop acoq = foq wmi mpq dew san
aabt acoo = ya
aabu acoq acoo acop = nmq lod
aabv acoo acoq acop = qhg
aabw acoo = ssq nfr
aabx acoo = abbz
aaby acoo = coi
aabz = xmo ffx rfq
aaca acoo = yjs
aacb acop acoo = ars
aacc acoo = rpz qxk
aacd = eoo
aace acoo acop = yzc
aacf acoo = qcn
aacg acoo acop = rmo
aach acoo = rtq lgq tcc
aaci acop acoo acoq = ikg
aacj acoo acop = abcf vbx
aack acoo acop acoq = rty hfb ycv
aacl acoo = pmf ohq apa
aacm acoo = scn
aacn acoo acop = qnr kew
aaco acoo acop = nvw (zfn tap)
aacp acop acoo acoq = dgx
aacq = vbq suu
aacr acoo acop acoq = qrs
aacs acoo = wyw
aact = vni
aacu acoo acop = chb
aacv = zsc
aacw acoq acoo acop = qju iqm clf
aacx acoo acop = der
aacy acop acoq acoo = qow cf abbs
aacz acop acoo = txt
aada acoo = csu
aadb acoo acoq acop = swh
aadc acoq acoo acop = pzg qvf wmg
aadd acoq acoo acop = smz
aade acoo = tim zc tyz
aadf = absv
aadg acoo acop = lbo
aadh acoo = dku
aadi acoq acoo acop = kjh
aadj acoo = muk
aadk acop acoq acoo = rzl abaw
aadl = aafu
aadm acoo acop = jfs aaw
aadn acop acoo = rkc (bfc pxn)
aado acoo = abeg
aadp acoo = wxu bdy
aadq = kwn
aadr = szb xhu
aads acoo = aacg
aadt acoo acop = wso
aadu acoo = zew aair zfj
aadv acop acoo acoq = wpe yqy
aadw acoo = phl
aadx acoo = hyn tab lm skc hdl
aady acop acoo acoq = jpz
aadz acoo acop = gsr fbk ufy
aaea acoq acoo acop = blk jwr
aaeb acoo acop = vxw aaep
aaec = yvy (aagj bvo)
aaed acoo acop = sbf
aaee acop acoo = xwa tyy cyv
aaef acop acoo = avh
aaeg acoo = lrd
aaeh acoo acop acoq = kti omh xrn
aaei acop acoo acoq = lvm
aaej = fdr
aaek = abfr
aael acop acoq acoo = eur
aaem acop acoo acoq = ycv sdn dzf gsq zmz
aaen acop acoo = gaw jxx fbb cof
aaeo = qbb od aau thy
aaep acoq acop acoo = qis lqj
aaeq acoo = rnn exz qna wkh
aaer acoo = tdu
aaes acop acoo acoq = mwr dmn
aaet acop acoq acoo = vph zaj
aaeu acop acoo = pej
aaev acop acoo = tfq
aaew acoq acop acoo = pv achc tse utv
aaex acop acoo acoq = thd
aaey acoo acoq acop = vgc nnx osi ahw
aaez acoo acop = zam urh sfw
aafa acoo = amn ppm elv ovi
aafb acoo acoq acop = rof
aafc acoo acop = jec
aafd acoq acoo acop = iti
aafe acoo acop = rg cmg
aaff acop acoo = bs pel abmj ahb
aafg acoo acop acoq = pie
aafh = vjn
aafi acoo = voj mgs
aafj acoq acop acoo = lmo nf
aafk acoo acop acoq = ent
aafl = qpp
aafm acop acoo acoq = ium rca aacq
aafn = bpj
aafo = vnb
aafp acoo acop = gjv
aafq acoo acop = uos
aafr acop acoo acoq = jsh ggs bvz
aafs acop acoq acoo = acep
aaft acoo acop = ndj abqa euq pts
aafu acop acoo = idm lzy wmd rxj
aafv acoo acop acoq = swh lrp (cfp aaii)
aafw acoq acop acoo = zaw ode hyy
aafx = muu
aafy acop acoo = hq
aafz acoq acop acoo = nuy
aaga = zsf
aagb = bsi
aagc acoq acop acoo = fhg
aagd = umw
aage acop acoo = dgc
aagf acoo = cok
aagg acop acoo acoq = abfw
aagh = aod uzo
aagi acoo = blm xlu
aagj acoq acop acoo = pfq
aagk acoo acoq acop = zs ypx vmh
aagl acoo = uvz
aagm acoo acop = ild glm rey lti
aagn acop acoq acoo = tpu jml
aago = oje nlo
aagp acop acoo acoq = fat
aagq acoo acop = yhr
aagr acoo acoq acop = rze htt
aags acoo acop = evr azv gha
aagt acoo = bua
aagu acop acoo = anw yxu
aagv = mws ivf
aagw acop acoo = czy
aagx acop acoq acoo = yce
aagy = elg jqx
aagz acop acoo = roq
aaha acoo = iah
aahb acoo = ame
aahc acop acoo = nrh
aahd = lkn vbx abiq dbu
aahe acoo acoq acop = ksk
aahf acop acoo acoq = mcc aajp qdf lgw
aahg = bnl wgz ysl
aahh acoo = txs
aahi = ijm edl rjj hjr
aahj acoo = pay abbu
aahk acoq acoo acop = lmx zqc
aahl acoo = bus
aahm = dy
aahn acoo = jcm
aaho = aavg nlp kap
aahp acop acoo acoq = xqz
aahq acoo = gje zap dzy
aahr = ix bxl
aahs = sgi vfu
aaht acoo acop = kgy
aahu acop acoq acoo = abrj
aahv acop acoo = wcl
aahw acop acoo = uaa hje vyx
aahx acop acoo = aahw
aahy acoq acop acoo = lgz
aahz acoo acop acoq = ffa xnq kbe aae vgu
aaia acop acoo = nck
aaib acoo = gzb
aaic acop acoo = ozt
aaid = odp
aaie = piv gdg
aaif acop acoo acoq = knn
aaig acoo acoq acop = ofj
aaih acoq acoo acop = iab
aaii = mcj
aaij = ys
aaik acop acoo = lhs (bsv pys)
aail acoo = dlv
aaim acop acoo = wnp
aain acoo acop = cig
aaio acoo acop = nsj mum omu rhm tmw
aaip = hpv
aaiq acoo = ejk obt
aair = gqf
aais acoo = zbm
aait = fvu ngl jdj
aaiu acoo = ujs
aaiv acoo acoq acop = goe
aaiw acoo acop = aew
aaix = wsm oxn
aaiy acop acoq acoo = oxw
aaiz = jgb
aaja acoo = opv ysj
aajb acoq acop acoo = cwo kzs bkd
aajc = zax
aajd = dyf bfv qjx aaru
aaje = acis mwa vpw
aajf = wxv dpe kdl
aajg acoq acoo acop = poh fal ywj
aajh acoo = adr
aaji = aain
aajj acoq acop acoo = gfr pfb aapx bmm
aajk acoo acop = eyl mcn pvn
aajl = bip
aajm acoo = byo
aajn = ghl zwe
aajo acoo = aaqr bos
aajp acoo = vzs
aajq acoo = rcv dpj
aajr = luf
aajs acop acoo = yib
aajt acoq acop acoo = app
aaju acop acoo = uhp
aajv acoo acop = rb lep
aajw acoq acop acoo = zcg
aajx = mts rgo abtb egz
aajy acop acoq acoo = njm
aajz acoo = accr
aaka = tli exl udk
aakb = run
aakc acoo acoq acop = bdu
aakd acoo = qen hcx bko rkr
aake acoo = gou jne hvc oob qpv
aakf = khk rcm qhd rue
aakg acoo acop acoq = uvi wvs (iqs ilz)
aakh acop acoo = aapa
aaki acop acoo = ysr atg
aakj acoo = vja
aakk acoo acoq acop = pri
aakl acoo acop = pxz
aakm = rzx
aakn acoo = abnb ypr
aako acoo acop = ioj
aakp = mie
aakq acop acoo acoq = yba
aakr = njr thv oow
aaks acoo = lei
aakt acoq acop acoo = acdi
aaku acoo = vlb
aakv acoo acop = ahr
aakw acoo = oly
aakx acoq acop acoo = rwp utt
aaky acoo = pqx
aakz acoq acoo acop = ogv
aala acoq acoo acop = srx ggb
aalb acoo = eve bqh dau
aalc acoo acoq acop = ibs bbu
aald acoo = xec
aale = osu
aalf acoo = vrc
aalg acoq acoo acop = khf
aalh acoo = yfz zmb
aali acoo = bzi
aalj acoo = bsj
aalk acoo = tfv lpi bil
aall acoq acoo acop = wks kou xpy
aalm acoo acop = abck ykk uoi gjz osx
aaln acop acoo = uty
aalo acop acoo acoq = vqf aclo hdj
aalp acoo acop acoq = evd
aalq acop acoo = fxu
aalr = bdr
aals acoo acop = bcx
aalt acoo = tjx aagl cts
aalu acoo = xop qyh
aalv = nwg dhz now ewi
aalw acoo = xe
aalx acop acoq acoo = jpx
aaly = vkj dww urd
aalz acop acoo = kkh
aama acoo acop = olc
aamb = cle
aamc = pjs
aamd acop acoq acoo = xzx
aame acoq acop acoo = kdf ynp jte
aamf acoo = yws
aamg acop acoq acoo = gnj
aamh = fiq
aami = nhn yhi
aamj = dqo
aamk acoo acop acoq = shh
aaml acoo = lnl wjr
aamm acoo = fjn dxh abjx aaxy ozm
aamn acoo acop = pty
aamo = zda
aamp acoq acop acoo = aakr (zre cnv) aabb
aamq acop acoo = vzx ola lat
aamr acoo acoq acop = ozx
aams = ouq tuj abhy
aamt = wjz
aamu = lfo
aamv = gxq
aamw acop acoo acoq = xud
aamx acoq acoo acop = gdg
aamy acoq acoo acop = dvi cil cyv
aamz acoo acop = tbx xxz rxn ajb
aana = xzf
aanb acoo acoq acop = oqx wdc qyh aaiw
aanc acoq acoo acop = aaem idl azs
aand acop acoo acoq = qyf
aane acoo acop acoq = zmm
aanf acoo acop acoq = aauf
aang = xsx xhv
aanh = avv
aani = sba
aanj acop acoo = scz rlu (tci gtu)
aank acoo = twt
aanl acop acoo = zvw
aanm acop acoo acoq = zl
aann acoq acoo acop = wdo
aano = vhs
aanp acoo = jmv nlq jtc kxg cpm
aanq acoo = zfy
aanr acoo = bbg
aans = bdi
aant acoo = ph
aanu = hjk
aanv = vzg
aanw acoo = euv eax
aanx = rwk bz
aany acoo = mtp
aanz acop acoo acoq = tdx
aaoa = jqy
aaob acoo acop = nq
aaoc = pda
aaod acop acoq acoo = zxr
aaoe acoo acoq acop = yhl
aaof acoo = acnu esn tzb ykr pcj
aaog = dbi
aaoh acop acoq acoo = ylp
aaoi acoo = acmn
aaoj acop acoo = xyj rml exq khd
aaok = dl
aaol acop acoo = gcx
aaom = bix
aaon acoo acop = pli
aaoo acop acoo acoq = ioa yuf
aaop acop acoo = vyw
aaoq acoo = xkm
aaor = aala akp
aaos acoo = get
aaot acoo = mlb
aaou acoq acop acoo = zmz nqd aamj fas
aaov acoq acoo acop = uxj zco dl
aaow acoq acop acoo = ja dxe
aaox acoo acop = mbu ydk
aaoy acoo = eyj acng dgq acdh
aaoz acoo = brb
aapa acoo acoq acop = aaus
aapb = jqh mku aawv
aapc acoo acop acoq = vdb aaph pcs
aapd acoq acop acoo = xlw (dhk ivn)
aape acoo acop acoq = baa req
aapf = yuv apj dnt
aapg acoo = dxj tkw
aaph = ivy
aapi acop acoo acoq = yuc
aapj acoo = tan
aapk acop acoo acoq = vjv
aapl acop acoo = ebd
aapm acoq acoo acop = fnm
aapn acoq acoo acop = zyf xzk sfm
aapo acop acoo acoq = vxh
aapp acoq acoo acop = pzg
aapq acoo acop = dtr
aapr acop acoo = xiy rlo
aaps acoo = hvj
aapt = ufy
aapu acoq acop acoo = qay
aapv = cz mx
aapw = xwd
aapx = vlx zmr lhp
aapy acop acoo acoq = okl ldj cgq
aapz = czq smm xvt
aaqa acoo acop = afs bbf bia jjl dal
aaqb acoo acop = onj ask xmr zyf
aaqc = bks
aaqd acop acoq acoo = wdp gow
aaqe acop acoo acoq = kex
aaqf acoo acop = cda aaql hqa xgg hxe
aaqg acoo = cvg
aaqh = gyy
aaqi acoo acop = cmn
aaqj acoo = evp kmk tkf dzc
aaqk acoo = bxp
aaql acoo acoq acop = aace
aaqm acoo acop = wzk fnp
aaqn acop acoq acoo = vwi bbr aasi gtj
aaqo acop acoo = cew lbk ynj
aaqp = npe
aaqq acoo acop = cab
aaqr acop acoo = svo
aaqs = zap fim iek pmr
aaqt = rss
aaqu = hpt
aaqv acoo acop = odq lxq dmz
aaqw acoo = mvc
aaqx acoq acoo acop = vi
aaqy = ucr aagm
aaqz acoq acop acoo = izb
aara acoo = dnh
aarb acoo = tsd cpk qgx
aarc acoo = aiu djj
aard acoo = aik aahx nrq
aare acoo = omn
aarf acoo acop = yzq
aarg acop acoo = aac aann
aarh acoo = ylo gib
aari = udz yuk pbo
aarj acoo acop acoq = vob
aark = lla
aarl acoq acoo acop = rlr
aarm acop acoo acoq = zmf
aarn acoo acop = vf cmj yjl
aaro acoo = ixv
aarp acoo = wta
aarq = szg bsf jjb
aarr acoo acop = abmi aazv csj
aars acoq acoo acop = jmt nkp
aart acoo acoq acop = ezl
aaru acoq acop acoo = lvv
aarv acop acoo = rjk ulg bxm
aarw acop acoo acoq = mie kqb
aarx acoo = avu
aary acoq acoo acop = aafd qmb ois
aarz acoq acoo acop = ali
aasa acoo = adq ayv pjd vjn
aasb acoo = ygq gsn
aasc acoo acop acoq = gsy
aasd = udb
aase acoo = qhg
aasf acoo acoq acop = cno
aasg = zeo
aash acoo = fao
aasi acoo acop = cir vmu cnv
aasj acoo acop = jvb gso yzi brv
aask = hpm ute
aasl acoo acop = gpz
aasm acoo acop = wog xsc yav
aasn = xew (ajr qep)
aaso = nnq vhe
aasp acoo = zdc xop hio
aasq = pqx
aasr acoq acop acoo = zky kkc tln ipg poh
aass = dpn
aast acop acoo = urv zrs
aasu = eei zlm jfa
aasv = nda
aasw acop acoq acoo = inw
aasx = kob
aasy acop acoo acoq = zhq
aasz acoo acop = mcj kxv hwe
aata acoo = fpp
aatb = ecz (myw neh)
aatc acoo acoq acop = eqo
aatd acoo acoq acop = fiw smj wdh
aate acop acoo = jzq
aatf acoo = jlw
aatg acoo acop = mph nsg aagc zsz
aath = szc
aati acoq acop acoo = dip
aatj acoo = lio
aatk acoo acop acoq = bik
aatl acoo = gtw
aatm acop acoo = led uzo
aatn acop acoo = deq
aato = dhz
aatp acop acoo = pfs nqh abth uyq wet
aatq acop acoo = tkc
aatr acoq acop acoo = wqw ets btg
aats acoo acop = tbj
aatt = xde
aatu acoo = dxh
aatv acoo = blk
aatw acop acoo = dio
aatx acoo = tyy
aaty acoq acoo acop = sad fly bth
aatz acop acoo = dyw ovf owq nbq
aaua acoo = yrm
aaub acoo acop = xhq
aauc acoo = ryq lsj rvh
aaud acoo acoq acop = xrp odh ym
aaue acoo = gud
aauf acop acoo = zik oht aciy edk
aaug = vcf
aauh acoo = wgz pmv aamq
aaui = wqo
aauj acoo acop acoq = cbw
aauk acop acoo = haz cyt siq txt
aaul acoo = abmt gbg
aaum = yyw
aaun acop acoq acoo = uix
aauo acoo acoq acop = pny
aaup acoo = fbc
aauq acoo acop = cqa ppu dmy
aaur acoo acoq acop = abrh
aaus acop acoo = msx itc kqf
aaut acoo acop = ueg
aauu acoo acop = pln lax zra gwe iyv
aauv acop acoo acoq = svj pks hdb abgs
aauw acoo = evt
aaux acop acoo = gmf
aauy = pcj
aauz = jqi cld
aava acop acoo = vbi bjw
aavb acoo acop = ilv syy
aavc = tfk
aavd acop acoo = ltp
aave acoo acop acoq = aafq
aavf = vgn
aavg acoo acop acoq = abxb
aavh acoo acoq acop = jpn aaup
aavi = djc
aavj acoo = kzl fgv
aavk acoo = mam mzq
aavl acoo = zrt dfa
aavm acoo acop = tkx
aavn acoo acop = abhw asb mdd
aavo acoo acop = skj pva sfi
aavp acop acoo acoq = vpj evb abvp mfn
aavq acoo = aafx
aavr acoo = jiv
aavs acoo = ell
aavt acoo acop acoq = rhz
aavu acoo acoq acop = yiy
aavv acoo acop = xpt
aavw acoo = qkm
aavx acoq acop acoo = ibr hfg
aavy acoo acop = ekk lfn zvw
aavz acoq acoo acop = hin
aawa acoo = aacc
aawb acoo acop = fam aasy tbb oyu
aawc acoo = xws fyf
aawd acoo = jec
aawe acoo acop = ybx
aawf acoo acop = ezb
aawg acoq acop acoo = eyz acdy
aawh acoo acop = iah
aawi = oxv
aawj acoq acoo acop = plq
aawk acoo = pd
aawl = rnj
aawm acop acoo = scr ild ltj
aawn acoo = xka
aawo acoo = wnn zoa
aawp acoo = aauj
aawq acoo acop = oxf zls lzz
aawr acoo acop acoq = ift
aaws = jd ckq vbd
aawt acoo = qkq bic uax
aawu acop acoo = kmc
aawv acoo = wpe zyp
aaww acop acoo acoq = sqa (zql acoh)
aawx acoq acoo acop = wvh fva accx
aawy acoo = dxe abxn
aawz acop acoo = rpi sdk jyh
aaxa = lrp cmo
aaxb acoo = fiq jwb lco
aaxc acoo = aaij ldl
aaxd acop acoo = jbl
aaxe = vhz sov jaj fkl
aaxf acoo acoq acop = ekw enw
aaxg acoq acoo acop = kzp
aaxh acoo = mle
aaxi = abol
aaxj acoo = gws yaz
aaxk acoo acop = eir
aaxl acoo = kgt
aaxm = uus
aaxn acoo acop acoq = kwv hhr
aaxo acoo acop = xqo wze
aaxp acoo = ymg maa dst
aaxq acop acoo acoq = yvk
aaxr acoo acop = aanv
aaxs acop acoo = jqu (hbb ow ylu)
aaxt acoo = kjr
aaxu acoo = hqd pkl
aaxv acoo acop acoq = rjv
aaxw acoo acop acoq = tgs
aaxx acoo = beo
aaxy acop acoo = cw
aaxz acoo acoq acop = aaer krt
aaya = eqr
aayb acoo = wga
aayc acoo acop = abao
aayd acoq acoo acop = vcw cgi
aaye acop acoo = bek bcw hjd
aayf = ggu nhg ios
aayg acop acoo = yaq che
aayh acoo = twv
aayi = hus
aayj acoo acop = roz wbw bdk abzm
aayk acoq acoo acop = arn hrg
aayl = fqm
aaym acoo acop = abft
aayn acoq acoo acop = wuh
aayo acoo acop acoq = tca plx
aayp = aun
aayq = cke
aayr acop acoo = mlh
aays acoo = qia
aayt = spv cok
aayu acoo acop = abyw uly
aayv acoq acop acoo = lnu
aayw acoo acoq acop = udk
aayx acoq acoo acop = kv (ira xfg)
aayy acop acoo = xbu (xxz abmt yjq)
aayz = bnc rlk cce
aaza acoo = dmq zwb
aazb acop acoo = cbs mjc
aazc acoo = pfa ibq aut
aazd acoo = ffu qrm
aaze acoq acop acoo = ega sfn nwt
aazf acoo = eqb
aazg acoo = nlm
aazh = rtu
aazi acoo acoq acop = vwq
aazj acoo = rti
aazk acoo acoq acop = awd
aazl acop acoo = jwd tgi ugt
aazm acoq acoo acop = oyh
aazn acoo = wht aafl
aazo acop acoo = jzd qgh
aazp = acfn
aazq acoo = acgd akw wyc
aazr acoo = zvh
aazs acoo acop = vkh
aazt acoq acop acoo = zbx
aazu acop acoo = vbi
aazv acoo = tey
aazw acoo acop = aaej
aazx acoo acop = wfy
aazy = rvo
aazz acop acoo acoq = zov
abaa acoo = wn rqy
abab acop acoq acoo = dnr
abac acoo acop = meu abxf
abad acop acoq acoo = lgx whu yfh
abae acoo acop = xui vzq rnf
abaf = xgp ina (ytu yhv)
abag = uj
abah acoo = riq
abai = el
abaj acop acoo acoq = qpe
abak acoo = aaay
abal acoo = kru mm hph
abam = ild
aban acop acoo = zlk bwu
abao = azq ehf nua ydd
abap acop acoo = hvi
abaq acoo = pmc (hin egl aadi)
abar acoo = hvq
abas acoq acoo acop = rne (jbe cpx)
abat acop acoq acoo = cxc
abau acop acoo acoq = smk
abav acoo acop = hjv
abaw acoo = ckv fkg has
abax acoq acoo acop = yv apj wzq
abay acop acoo = gdv
abaz acoo = jos
abba acoo acoq acop = qqm xba
abbb acoo acop = jxc
abbc = gdo
abbd acoq acop acoo = lkx
abbe = wra ybq yi otr sjy
abbf acoo acop = aamh
abbg acop acoq acoo = qmx pcb
abbh acoo = zyj huh wqj
abbi acoo = suf
abbj acop acoq acoo = elw
abbk acoo acop = ige yif cqp
abbl acoo = jvf olb kem
abbm acop acoo acoq = cgw gcz
abbn acoo acoq acop = aabl mqz
abbo = iom din
abbp = abgm
abbq acoo acop = achp aale zva mck
abbr acoo = cdz (bxd mmj)
abbs acoo = elx dor
abbt acoo acoq acop = emy
abbu acoo = wix
abbv = qem (juo acfk)
abbw = qfp
abbx acop acoo = zzl uzd fz yxi gqz
abby acop acoq acoo = ackt osf ymm
abbz = vjx vje
abca acoo = kan
abcb acoo = eem
abcc = zti
abcd acoo = kd
abce = ypm wcb ogs
abcf = fap
abcg acoo = abfb txr bar jpw
abch acop acoo = ryj qpt
abci acoo = zwt
abcj acop acoo acoq = pgn
abck acoo acop = pwc
abcl acoo = rpt ybn abso aaov
abcm acoo = hny chs
abcn acoo acop = jiy an ajp
abco = mlo
abcp = zhx
abcq acoo acop acoq = vfo bdk qcz cnq
abcr acoo acop = mva ijw
abcs acoo acop = tvq ihv
abct acoo = ivh uno aazm rpt
abcu acoo acop = ouk uxn air dlu
abcv acop acoo = tuj yff
abcw = kbc abdu log
abcx acoo acop = zyb
abcy acoo acop = hzd skq
abcz acoq acoo acop = pxv ckf rih (mhe asv)
abda acoo acoq acop = efx jwn lvj
abdb acoo acoq acop = qee
abdc = xmh
abdd acoq acop acoo = qbu mtc abvj
abde acoo acop = zkd snk
abdf = cju kwh oby
abdg = mge
abdh = abdt
abdi acoq acoo acop = kwk bti acmm
abdj = bgx
abdk = gau
abdl acoo = jkg acfu
abdm acoo acop = abzl jek
abdn acoo acop = umi
abdo acoo acop = bjc me yna laq
abdp acoq acoo acop = ahk hpc
abdq acoo acop = vcd vxp ngg
abdr acoo acop = pps
abds = pde uhn yba
abdt acoo acoq acop = bzl lco wad
abdu acoo = yoq
abdv acop acoo = wlo
abdw = mox
abdx acoo = vhq wim
abdy = qol
abdz acoq acop acoo = lzp
abea acoq acoo acop = oli aacv xnc cg
abeb acoq acop acoo = lnl
abec acoo = cnc ygr
abed acoq acoo acop = achb
abee acoq acoo acop = aaco jjz
abef acoo acoq acop = nur slb
abeg acoo acop = uyk dcp dpa dtp
abeh acoo = dos ixo
abei acop acoo = lbv
abej = wwa jas sin ywy
abek acop acoo = lns
abel acop acoq acoo = zjl nth nze lih mgs
abem = ndw
aben acoo acoq acop = yb grc abxi
abeo acop acoo = een dgr
abep acoq acoo acop = aall
abeq acoq acoo acop = wtd qtk
aber acoo acop acoq = nji
abes acoo acop = fgy ufb
abet acoq acoo acop = sbl
abeu acoq acop acoo = mcz
abev = wmy
abew acop acoo = uuh kui nhu tiv aaao
abex acoo acop = abhp
abey acoo = elw
abez = gmc fcp
abfa acoo acop = abry
abfb = ngq
abfc acoo = wsw
abfd = txt
abfe = fsn
abff acoq acop acoo = evt jnp
abfg acoo acop acoq = sxb
abfh = rqf
abfi = rgq cum
abfj acoo = kcx uah
abfk = lpw bdb
abfl acoo acop = ihv
abfm acoo = ztb
abfn acop acoo = rzu
abfo acoo acop = wmx
abfp acop acoo = isw hhc dzj oek
abfq acoq acop acoo = hht
abfr acop acoo acoq = wtq
abfs acoo = atg acit
abft acoo acop = obm sit pym
abfu acoo acop = yrg
abfv acop acoo acoq = wrt
abfw acoq acop acoo = kau
abfx acoq acoo acop = ww
abfy acoo acop = fps
abfz = rng dnq
abga acoo acop = baq
abgb = qfc
abgc acop acoo = xrs
abgd acoo acop = aaut
abge acoo acop acoq = qlp xcq zpw
abgf acoo = twu
abgg acop acoo = hfm tmp dek cgo bno
abgh = eny
abgi = kab
abgj acoo = sba rjn ghm
abgk = fqv
abgl acoo acop acoq = wcs
abgm acoo acop = fro
abgn = dng yry
abgo acoo acop = bdk
abgp = tzz
abgq acop acoo = oxn xki
abgr = xub
abgs acoo acop = vpu jvt
abgt acoo = qiz chb
abgu acoq acop acoo = qho
abgv acoo acop = ygx
abgw = iws kus
abgx acoo acop = aart
abgy acoo = vvi
abgz = dwk
abha = abkw
abhb = qpd vtk
abhc acoo acop = niy
abhd acoo = igm
abhe acoo = qfi
abhf acoo acop = tmp iql pmk
abhg acop acoo = soo
abhh = wox
abhi acop acoq acoo = fx
abhj = plx pft zuw ruz
abhk acoo acop = knh
abhl acoo = xcf rvm
abhm acoq acoo acop = tqw imi bju nph scm
abhn acoo = jzc
abho acoo = crm
abhp = uag ems
abhq = jlu qpt evq
abhr = abrf
abhs acop acoo = sl
abht acoq acop acoo = rte eak khs vtz
abhu = pxy
abhv acoo acop = drq
abhw acoo = ash ijq aaxm abff
abhx = qlw adz
abhy acop acoo acoq = rhe (qjz iuh) wui
abhz acop acoq acoo = yuq
abia acoo acop = hqt aaro abnv
abib = uko
abic acop acoo = htl oda
abid = awe eeh
abie acoo = fqc
abif acop acoo = gdf
abig = mvh
abih acop acoo = czp
abii = acdw ydz wab
abij acop acoq acoo = vyp
abik acop acoq acoo = kai
abil acoq acop acoo = via
abim = ufd rou acnr
abin acoo acop acoq = yhj
abio acoo = trp
abip acoo = tna wcs
abiq = jze
abir acoo = ifg
abis = xmf tva
abit acoo = scy
abiu acoo = ppr
abiv = gdp
abiw acop acoo acoq = okn
abix = gic aapc
abiy acoo acoq acop = rst
abiz = hbe vrn pji
abja = uho exl
abjb acoo = abds
abjc acoo acop = ciq
abjd acoo acop = lsw
abje acop acoo = bpo jpp
abjf acoo = btu vwq kgu
abjg = nj
abjh acop acoo = zkr
abji acoo acoq acop = fjg ra elf nif acgy
abjj acop acoo = sjc
abjk acoo = xjv nau
abjl acoo = nir cdt
abjm acoo = ply
abjn = lkn
abjo = znm
abjp acoo acoq acop = gph zeh
abjq acop acoo acoq = dff qmm ja aazf ayr
abjr = ok zyi vsu
abjs acoo acop acoq = kfx
abjt = acjv pzd kb zbf
abju = mxa
abjv acoo = qba eki
abjw acoo acoq acop = nfz (egy xcs) vdn upd
abjx = pen
abjy acoo acop acoq = dyc
abjz = itk hxa
abka = vfk
abkb acoo acop acoq = vqf fae
abkc acoq acop acoo = aade wbh hkq
abkd acoo = bpt
abke acop acoo = tkh
abkf acoo = qed
abkg acop acoo = reh ioe ouc
abkh acop acoo = sjq
abki acoo = hp re
abkj acoo = lwy
abkk acoq acop acoo = ecr bkr khw
abkl acoo acop = csm
abkm acop acoo = azd jty hil
abkn acoo acop = nwy
abko = wxj
abkp acoo acop = ivf
abkq acoo acop acoq = arc
abkr acoo acoq acop = xcb
abks acoo acop = wok iak ok
abkt acoo acop = czm doi aasl njb
abku = rbo
abkv acoo = ewn wtx gup
abkw acop acoo acoq = ahh qtb kok gij
abkx acoo = lim dlz
abky acoo acop = xzp
abkz acoo acop = ipz
abla acoo acop = dxf tvw
ablb acoo = lhw
ablc = ljx
abld acop acoo = hos
able acoo = ksy tot duf sbv
ablf acop acoo acoq = ygg wxr okl
ablg acoo = qbh
ablh acoo = abqp ynf xko
abli acoo = sgb
ablj acoo = eyb
ablk acop acoo = aaut flh
abll = rxu
ablm acoo acop acoq = unq zss
abln acoo acoq acop = acfu bkl
ablo acoo = skg
ablp acoo acop acoq = qxv
ablq acop acoo = txx
ablr = gpa sch
abls = aaww
ablt acoo acop = mmp
ablu acop acoo = fnv
ablv = ets
ablw acoq acop acoo = usi
ablx = eek oqn
ably acop acoo = jud
ablz acop acoo = wyc ibp
abma acoo = hwr aaut
abmb acoo = yda rae
abmc acoo = hkp
abmd acoo = dhw vap
abme acop acoo = aix
abmf acoo = nty zkj tth
abmg acoq acoo acop = drp
abmh acoo = aabc
abmi acop acoo = wcx
abmj acoo = kvo dqd
abmk acoo acop = aig kak
abml acoo acop = jfi xkl ysg
abmm = hji
abmn acoo = wno
abmo acoo acop = ull yxc
abmp acoo acop = cfh
abmq acop acoo acoq = plj aaxf
abmr acoo acoq acop = mvz
abms = bph
abmt = kfz ovd geg
abmu = vxq
abmv acoo = ouu
abmw acop acoo acoq = okm phe eyn
abmx = fcn
abmy = npu ise aaxd
abmz = ysf wni doi pip
abna acoo acoq acop = tyi aaq
abnb acoq acoo acop = qnw
abnc acoo = xtt
abnd acoo = bgy
abne acoo = idi oat aaer hdw
abnf acoo = wft (okl spj qre)
abng acoq acop acoo = vye
abnh acoq acoo acop = eil
abni acoo acop = aarc
abnj acop acoo acoq = tpr
abnk acop acoq acoo = dcq
abnl acop acoo = kov
abnm acoo = inr gcu cnd
abnn acoq acoo acop = vdc jgj
abno acoo acoq acop = sbv gbf abfm
abnp acoo acop = aawn
abnq acop acoo = ft yej
abnr acop acoo = znu kpf
abns = zko
abnt acoo acop acoq = wlw
abnu acoo = abmm
abnv = hyv
abnw = hbi
abnx acoo acop = sap iqn zgp
abny = fqh mmh pkg
abnz acoo = ouz
aboa acoo = jrf uvo gun
abob = pwf
aboc acop acoo = lpz
abod = mmx
aboe = htg
abof acoo = swb
abog acoo acop = vtw
aboh acoo = ezd hko
aboi acoo acop = acfw
aboj acoo acoq acop = nyp
abok acoq acop acoo = lob
abol acop acoo = hmz jmy vgo
abom acoo = ccb
abon = ezn npw
aboo acop acoq acoo = vga
abop = emu
aboq = hzc aye gzd
abor acoq acoo acop = lds
abos acoo acop = abcc qqx wta kgx
abot acoo acop acoq = qfe xmd
abou acop acoo = ebd oxf
abov acop acoo = cau pga dab
abow acoq acoo acop = kfy abkn mgd
abox = itk nnw cej
aboy = fzp
aboz acoo = woq unc
abpa acop acoo acoq = wtz
abpb acoo acop = wrb
abpc acoo acop = www wrg
abpd acoq acop acoo = acln
abpe = abwv pxw ugd hni
abpf acoo = dcx nlb
abpg acop acoq acoo = xvv
abph acoq acoo acop = vgf
abpi = qpv
abpj acop acoq acoo = mtq
abpk acoq acoo acop = abtv loz zbc gww
abpl = kab
abpm acop acoo = cc
abpn = scq
abpo = bsm
abpp = fae (kur vxk)
abpq = khn
abpr acoo = fyd
abps acop acoo acoq = qmv
abpt acoo acop acoq = apo
abpu acoo = abte zzq hrg
abpv acop acoq acoo = wdb
abpw acoq acoo acop = nop kju lob aatb
abpx acoo acop = vez shf
abpy acop acoq acoo = qdu
abpz = opt
abqa acoo acop = mus
abqb = ujt qrn
abqc acoo = buw lso
abqd = hqy
abqe = tdt
abqf = acie
abqg acop acoq acoo = wub zwz
abqh acoo = swb
abqi acop acoo acoq = pxx aou fxw
abqj acop acoo = zjh
abqk acoo acoq acop = skq
abql acoo = wl
abqm acop acoo acoq = vza byx lpj
abqn = zfa ylj
abqo = ldr
abqp acop acoo = dcz
abqq acoo = wo
abqr acoo = btr rqv fud aht
abqs acoo = xrp
abqt acoo = off ovh (jem fsh)
abqu = able
abqv = abva pxu tgl ean
abqw acoq acop acoo = gpc
abqx acoo acop = jmv frw ksf
abqy = odf
abqz acop acoo acoq = xhj
abra = dic pxs
abrb = yac dyj lbz aazo
abrc acoo = uka abgl wph aaos
abrd acop acoo = zdy
abre acoo = ons fog uph zxn
abrf acoo = grg
abrg = rer otr arq
abrh acoo = fzv
abri = cmj cwq
abrj acop acoo = qfg abwm
abrk acoo = dds
abrl acoo acop = kmm jnw lp
abrm acop acoq acoo = oyh
abrn acoo acoq acop = wcf (coi asd ayb)
abro acoo acop = klg mbd kuc ldx
abrp acoo = egi
abrq acoo acoq acop = wgu fan
abrr acoo acop = fdu
abrs = hbq jni (lxh ezk)
abrt acoo acop = bl
abru acop acoo acoq = mfh xul tj
abrv acoo = wvf oko
abrw acoo = yro
abrx acoo = mhj
abry acoo acoq acop = gve
abrz acoo = iag
absa acoo = knp
absb acop acoo = kpf
absc acoo = iah
absd acoo = kai
abse acoq acop acoo = uqk
absf acop acoo = sga jgq abru aahb
absg = ngi
absh = qyl
absi acop acoo acoq = fjy
absj acoo = pyw sci ynn oph
absk acoq acop acoo = llo
absl acop acoo = h ydx
absm acoo = aaut
absn = rka
abso acoo = kcc zey
absp acoo acop = zl acho
absq acoo = kih
absr acoq acoo acop = aasz jll ktc tbp uev
abss acop acoo = tqk
abst acop acoq acoo = ctz xzl
absu = hdt rkt lvg gno
absv acoo = dkv xgq yym
absw acoo acop = nga
absx = ikj
absy acoo = roz
absz acoo = sjo
abta = gnu
abtb = hkd sfa ovk
abtc acoq acop acoo = pdh lfv nsz
abtd acoo = nzx rxo qyp fig
abte = olo
abtf acoo = ygy zev
abtg acoo = psm ocp iie
abth acoo acop = juu
abti acoo acoq acop = aciv fnf uc
abtj acop acoo acoq = ovt
abtk = noh
abtl acoq acoo acop = fde xrk
abtm acoo = wqh acoe efi
abtn = fiw
abto acoo acop acoq = bxh xin
abtp acoq acoo acop = wxb bie
abtq acoo acop = xva
abtr acoo = osv lmz
abts acop acoq acoo = bfe
abtt acoo acop = vln
abtu acop acoo = ros
abtv acop acoo = jkn bcc
abtw acoo acop acoq = zif
abtx acoo = jxk
abty acoo = ava toz ymr abkw
abtz acoo acoq acop = abje absq
abua acoo = aji nrg
abub = xun
abuc acop acoo = rqy
abud acoo acop = wmt uox sbx
abue acop acoq acoo = jxc
abuf acoo = eeg yrn
abug acoo = frf
abuh acoo = bat sfi
abui acoq acoo acop = ccz war kqf
abuj acoo = prp ujn
abuk acoo acop = per (vtk aayc)
abul acoq acoo acop = ymh
abum = nmp gja
abun acoo acop acoq = qdx erd
abuo acoo acop = fle
abup acop acoo = tgh aacq
abuq = tpi
abur acoq acoo acop = bxv
abus = rji utz vuf aya npy
abut acoo = ivs
abuu acoo = pue bn ldd evt cns
abuv acoo = xef skm czt
abuw = vr eu pki teg
abux = akw mef
abuy acoo = abjm
abuz acoq acoo acop = voj ntk (ifi qgf)
abva acoo acoq acop = hyu
abvb acoo = geo
abvc acoo acoq acop = crl cab ofn sre
abvd = zrh
abve acoq acop acoo = sop dzk (dlm koi kqa)
abvf = fdy
abvg acoo = ggj
abvh acoo = jhg izg ymb fyf
abvi = xxk
abvj = ifr blz nov
abvk acoo = ngg ggq wmd
abvl acoo acop acoq = cvz
abvm acoq acoo acop = pac sxg xup xhy
abvn acop acoo = apm dho xav jss
abvo = hyl
abvp acop acoq acoo = khs abmg hxm
abvq acoo = wrn hqy
abvr acoq acop acoo = sph het
abvs acoo = yln abpe tzw
abvt = ze
abvu = dmb hnk wlo
abvv acoq acop acoo = wvy rxd
abvw = jlt
abvx acoo = ka
abvy acoo acop = cym
abvz acoq acoo acop = fur
abwa acoo acop = abwk
abwb acoo = aia
abwc acoo acop = wsk (fxo bhs) acju aaov
abwd acop acoo acoq = bgp abxh aclr xhk
abwe acoo = jvn
abwf acoo = mke fru fjb
abwg acoo acop = oab yom
abwh acoo = wqm
abwi acoo = pre
abwj acoo acop = vhg bny vgt
abwk acoq acop acoo = aadv
abwl acoo = mt
abwm = rej
abwn acop acoq acoo = cen
abwo acop acoo = abwp
abwp acoo acop = abkp wxc
abwq acoq acop acoo = yhw
abwr acoq acoo acop = nxo
abws acoo = aakc rhp rld
abwt acoo acop acoq = acj mxa abdi vwv
abwu acoq acop acoo = bkk
abwv acop acoo acoq = aakz
abww = mox
abwx acoo = lki lhq cfy
abwy = hmt
abwz = skt
abxa acoo acop = spg lvy
abxb acop acoo = iou
abxc acoo acoq acop = aask aiy
abxd acoo acoq acop = abek
abxe = emi
abxf acoo acop = esw mso
abxg acoq acoo acop = ggu iy
abxh acop acoo acoq = yor
abxi acoq acoo acop = qge
abxj acoo = zbl pya
abxk = ckr
abxl acoq acoo acop = mfw dtw
abxm acoo acop = sds
abxn acop acoo = ptv
abxo acoq acoo acop = nda lcu
abxp = isr rkn
abxq = cgd qfp ucq vmr
abxr acop acoo acoq = dav
abxs = vmm
abxt = utw
abxu acoq acoo acop = zvn rfv
abxv acoo = nya jxe
abxw acoo = gzh
abxx acop acoo = bhr
abxy acoo acoq acop = cfi
abxz = xsh roc lqm
abya = cyk
abyb acoo acop acoq = mxu qzq mmd evs
abyc acoo = mc
abyd acop acoo = ssj
abye acoo = qgi
abyf = vzu hbu eev
abyg acop acoo = cjb ycu kwl aays
abyh acoo acoq acop = kis hup pwx
abyi = ddv cux abqx
abyj = kmy
abyk = ydw mxt
abyl acoo = dc
abym = det bh ofd
abyn acoo = dbg zxc gtf
abyo acoo acop = cnq
abyp acoo = jfq tpx
abyq acoq acop acoo = fmc mzc whc lrr mmi
abyr acoq acop acoo = abpp jmw udi
abys acop acoo = eyf
abyt acoo acoq acop = oyl wvs zmy
abyu acop acoo = ede
abyv acop acoo = zhn
abyw = scw
abyx acoo acop = ehp
abyy = xxq
abyz acop acoq acoo = aaes rly owx kem
abza acoo acoq acop = fod dzi
abzb acoo acop = okr afy abqb
abzc = enb
abzd = kph
abze acoo acop acoq = jqa
abzf = ebg
abzg acop acoo acoq = jkf usx qny
abzh acop acoo = zdu aawe sbi vma
abzi = bbp
abzj acoq acoo acop = uaa
abzk acoo acop = jtf
abzl acoo = rrj
abzm acoo = ujf
abzn acoo acop acoq = szu onq dpy
abzo acop acoq acoo = cqd lsv
abzp acoo = qpx qfc
abzq acoo = mdt ouc
abzr acoq acoo acop = sbv
abzs = zmw xzo
abzt acoo = dfx ivy
abzu acoo acop acoq = pqc
abzv acop acoo = acbv
abzw acoo = wwm czc
abzx acop acoo = vlo qzd msm
abzy acoo = ihn
abzz = qrm
acaa acop acoo = g
acab acoo = gub
acac acoo = ljy
acad = bck qxq
acae acoo = nif
acaf = gpa
acag = acja sn
acah acoo = syt
acai acoo = oxq
acaj acop acoo = log
acak acoo acoq acop = efo
acal = cgf
acam acoo acop acoq = zld nmf
acan acoo acop acoq = eiv fnm
acao acoo = cwu
acap = aaqr (bkq ddd) wog tyo
acaq acoo = coa
acar acoq acop acoo = jpr ycs
acas = obb
acat acoo = aawk ptb xpr guv
acau = qeu aaqk zky kbu
acav acoo acoq acop = abac
acaw acoo acop = vok
acax acoo acop = vse
acay acop acoo = ffp
acaz = aaeh agt
acba acoo acop = qow dx khm (hiy xco)
acbb acoo = ygi oak xww
acbc = cfl
acbd acop acoo = fre (ijz ynq) ghy
acbe = gio
acbf acoo acop = dec
acbg acoo = uqp
acbh acoo = noe umd
acbi = uoa iud
acbj acoo acop acoq = bbp
acbk acop acoo = nki
acbl = tlu
acbm = dtx
acbn acop acoo = ley
acbo acoo acoq acop = bbt une
acbp acoo = val
acbq acoq acoo acop = sro lwp accy uzn
acbr acop acoo acoq = xpf
acbs acoo = acdr
acbt acoo = ztc
acbu acoo = aaor hyd zec
acbv acoo acop = jcv
acbw acop acoo = iiw
acbx acoo acop acoq = jto ucw
acby acoo acop acoq = dos arm ey acdb
acbz acop acoo = abyn cqu ocm
acca acoo acoq acop = qmc
accb = byn
accc = uwo kpb
accd acoo = urg mpg
acce = irh
accf = aaje
accg acoo = sil
acch acoo acop = vkc
acci acoo = wnx cph ixe wuz
accj acop acoq acoo = fic
acck = ebr
accl acop acoo = vkc
accm acoo = icm opa
accn acop acoo acoq = cau fn
acco acoo acop = amk
accp acoo = fob
accq = aaml zaf oks uxy
accr acoo = mlu
accs acop acoo = xfd dih
acct acop acoo = fwx ynq
accu acop acoq acoo = kqw
accv acop acoo = duq iud umr
accw = acoa kqx ejx
accx acoo = jpd
accy = gdl
accz = vpf kpj gwx
acda acoo = aov
acdb = nuw qkb
acdc = vce rer
acdd acoo = oiq wtf bmo
acde acoo acoq acop = idy
acdf acop acoo = opm oph zec hrm
acdg = owu
acdh acoo = nli yvg kfj xgs
acdi acoo = rjm
acdj acop acoo acoq = ken
acdk = csx mpb ljb dqg
acdl acop acoo = xfu
acdm acop acoq acoo = rid
acdn acop acoo = tbt gog
acdo = qor
acdp acoo acop acoq = mwl abou
acdq acoo acoq acop = cih
acdr acoo = tda
acds = rjz aciu abqw
acdt acop acoo = fgw ewh hvv
acdu acoo acop = pkp
acdv acop acoo = keg
acdw acoo = ykh hop zby cok
acdx acoo acop = abnf jra
acdy = veq
acdz acop acoo = absj
acea acoq acoo acop = iyk
aceb acop acoo acoq = bal zra
acec acoq acop acoo = tre
aced = uog
acee acop acoo = eex chb
acef acoo acoq acop = uj wam vur
aceg acop acoo = aafi rqc xeg kei jmv
aceh = fz
acei = zsn idu wft cwp
acej = iip lfv ajg dth
acek acoo = uoi abin mbz kqz
acel = hee
acem acoo = xsa
acen = ica
aceo acoq acoo acop = noh ian eyq
acep acoo acoq acop = cwz yl aasm
aceq acop acoo acoq = rhp yef ytj
acer acoo acop = atd
aces acoq acop acoo = ifj tes
acet = oyx wfo
aceu acop acoo = irv yhr tty
acev acoq acop acoo = ctz
acew acop acoq acoo = acen
acex = nqx
acey acoq acoo acop = qgl
acez acop acoq acoo = sdy
acfa = elb pez
acfb = abhg tgi lbu
acfc acop acoo acoq = rq zeh pdq yrb
acfd = smm
acfe acoq acoo acop = sdu zue evh
acff acop acoq acoo = xfn whc
acfg acop acoo = ils
acfh acop acoo = kjz kzm
acfi acop acoo = llt ill
acfj acop acoo acoq = hxp
acfk acoo = gwy
acfl acoo = cvw eey gzf ujg
acfm acop acoo acoq = abjy mgt
acfn acoo = efc
acfo acop acoo = suz gut
acfp = hnr
acfq acoo = dyn
acfr acop acoo = acda
acfs acoo = xsk qyk
acft acoo = hqs axk
acfu acop acoo = owv
acfv acoo = oza
acfw acoo = gzt eti pgm wrf
acfx acop acoo = lwz
acfy = pwa uvr hha gmb
acfz acoo = aoo mxr
acga acoo = mal abzq
acgb acoq acop acoo = uf aoh
acgc acoo acoq acop = byk
acgd acop acoo = gjm
acge acoo = bnr
acgf = qkk vly lpi gsj
acgg acoo acop = pow
acgh acoo acop = vve
acgi = bvx uav
acgj acop acoo acoq = aapm xxf lfh vf
acgk acoq acop acoo = bqx vio
acgl acoo acop acoq = vtv sgp
acgm acoo = omf pmj acmp
acgn acoo = qrg
acgo acoq acop acoo = zsm tqk fus xwb
acgp acoo = jsj
acgq acoo = agu
acgr acoo = qae
acgs acoo = ogu ujr
acgt acoq acop acoo = inr iyp des
acgu = syt
acgv = abzf
acgw acoo acop = zk (de hja wui)
acgx = ufr
acgy acoo = qmu
acgz acoo = vuv
acha acoo = isf ldf aacs iwe
achb acoq acop acoo = zvj suu nve
achc acoo acoq acop = kio foz iiv pau
achd acoo acop = cb
ache = vfj auv zda
achf acoo = xzj rcr acew
achg acoo = ekl ahb dsb
achh acop acoo = rxr
achi acoo = oip znq
achj acoo acop acoq = ewb ecl zva
achk = gsi
achl acoo acop = zig qir
achm acoo = jkf fj jhp
achn acop acoo = kui lbn ity
acho acoo = urx ewr wif
achp = nob bbe atj
achq acoo acop = zff cpq kcq
achr acoo acop = mjd
achs acop acoo = cmn
acht acoo acop acoq = ugm
achu acop acoq acoo = cm
achv acoq acoo acop = ybb
achw acop acoq acoo = xaw sok gch
achx acoo acoq acop = vjt eyu
achy = jlg adb (hpi cls)
achz acoo = pfh abkj
acia acoo acop = itd xut
acib = amz zhx zkr acdu
acic = smk
acid acoo = qrt
acie acoo acop = hfm nhj cky yyc
acif acoo = aahi
acig acoo = pve
acih = irv
acii acop acoo = dbd els
acij acoo acop acoq = bs hse
acik = hvb
acil acoo acop = zis
acim acoo acop = aasq
acin acop acoq acoo = buo nkl mfb
acio = jjw
acip acop acoo = qqv
aciq = exp xqn umu cga
acir acoo = tga cgt
acis acop acoo = tfy (dzu sjr)
acit acoo = etu prx
aciu = any nlc
aciv acop acoo = ktr
aciw acop acoo = izx
acix acoo = ebc
aciy acoo acoq acop = byq klf
aciz acoq acop acoo = ngz
acja acop acoo = mdn zpc skq go
acjb acoo acop = npl pju bdy
acjc acoo = xzv
acjd = avp klt mae kye
acje acop acoo = cpi
acjf acop acoo = sza
acjg acoo = lcf
acjh acop acoo = goi abgy
acji acoo = gxo
acjj acoo = mit dyd jhs
acjk acoo = edk
acjl acop acoo = ix
acjm acop acoq acoo = cdm gmz
acjn acoo acop = abrk pqh rtt
acjo acoo = iww zni ayf
acjp = uta axx xcg
acjq acoo = iyv (lqy aauo iyf)
acjr = hvc
acjs = xck kzu
acjt acop acoo acoq = psl
acju = saj
acjv acop acoo = icx
acjw acoo acoq acop = ekk hfi
acjx acoo acop = tzo
acjy = ukk
acjz acoo = bgo gkj
acka acoo = cmw
ackb acoq acoo acop = tkj
ackc acoo = rfq
ackd acoo = yhf mnc fyf ldm
acke acoq acoo acop = plw
ackf acoo acoq acop = dzp vkh
ackg acoo = zrj abgy
ackh acoo acop acoq = swe afj mtk
acki acoo acop = jeg
ackj acoo = qya bjs
ackk acoo = eif iw
ackl acoq acoo acop = syw aavw
ackm acoq acoo acop = zlm
ackn acoo acop acoq = abxz pkm
acko acoo = abbl
ackp acop acoo acoq = smn
ackq = wms
ackr acoo = vwi uiy cyq
acks acoo = mjc
ackt acoo = abqv
acku = eoe aiy aady epl
ackv acoo acop = crq
ackw = mgt
ackx acop acoo = mke
acky acop acoq acoo = pgz htk abom hhd
ackz acoo acop = ydo prf dpt
acla acoq acop acoo = nyt jyr wdu
aclb acop acoo = cp
aclc = ofa plo aago
acld acoo acoq acop = xgf
acle acop acoo acoq = heg
aclf acop acoo = mcq
aclg = lvw
aclh acop acoo = han
acli acoo acop acoq = omj
aclj acop acoo = vrh hwf veg
aclk acoo = frr fei
acll acoo = hbx
aclm acoo = gzp lub hcs baa oey
acln acop acoo = drv tfd
aclo = edc qiz
aclp acoq acoo acop = abtv rew
aclq = vgn (abat ngy)
aclr = bmf
acls acoo = kzx abnq
aclt = hrx
aclu acoo acop = shd
aclv = gnr
aclw acoo = abiw sve abyn ukt
aclx acoo acoq acop = jiq (msw acld)
acly acoo = huv
aclz acoo = fgm rap fpb hth
acma acop acoo = abnz
acmb acop acoq acoo = imn
acmc acoo = mml
acmd acop acoo = gsj
acme acoo = uyo
acmf acop acoq acoo = xrq
acmg acop acoo acoq = ido bid qhl egg
acmh acop acoo = yct (aajw vbw imb)
acmi acop acoo = qpz (aboh cim ttu)
acmj = drf
acmk acoo acop = absl bqc luy
acml acoo = wio acln dyd ufb
acmm acoo = tzo
acmn = hve ixg
acmo = abfm
acmp = iyf
acmq = jvd
acmr acoo = qmg
acms = zvv
acmt acoo = ablo
acmu acoo acoq acop = zol
acmv = zda
acmw acoo acop = ihb
acmx acoq acoo acop = awn
acmy acoo = ifx
acmz acoo = rln rqa qzu ihu
acna acoq acop acoo = weq
acnb acoo acop = cxp
acnc = far tmf dsh
acnd = eg oti
acne acoo = vhw
acnf = mce
acng = yma gia
acnh acoq acop acoo = ijk
acni acoo acop = gly
acnj acoo acop acoq = oyx rbd
acnk acoo acop acoq = ouy
acnl acop acoo = mvz kmc siq
acnm acoo = ojt
acnn acop acoo = mlh
acno acop acoo = jxt ujo
acnp acoo = uxd ske jib
acnq acoo = iyw
acnr acoo acop acoq = vwx
acns acoo = hvz
acnt acop acoo = pvo
acnu acoo = njc
acnv acop acoo = zid
acnw acoo acop = vry yox
acnx acop acoo = rsi pbc
acny = lpr kpz xep
acnz = uop
acoa acoo = lwd axo
acob acoo = lrb
acoc acoo acop = rqd mph mks
acod acop acoo = ceh gsx qri cab
acoe acoq acoo acop = jcr
acof acoo = mjx
acog acoo acoq acop = mkm
acoh acop acoo = bjs
acoi acoo acop = hev
acoj acop acoo = hpt mpi abbt fvi
acok = qar
acol acop acoo acoq = yry
acom acop acoo = kvn nwq tfp
acon acoo = jtc rbv
main = A B bje gfp (dgi (pue C) inq jqy saj) ygb D klg E dlr bag F aiv G rtg H I qlk J K zia zkp ouf L ylk nms M yws N O P (Q R eoz) (wzc (jrq yvz S (ca (amr ffr xip czg ats akw) (whb aazk) (lwf wqn flt) (T U acig acfo) elh) rgy V yan (you kti) yqj cwa bdu (aaac buz flq) (dkf bgv W X acnl zbx) jba nuh abot gmt axc deb gga) Y Z qjg AA (cli AB kkc AC ztk pmi awi rmc AD AE ccu AF igx AG ncd cji)) aarj AH ilr ejq lpj ull dys AI acau AJ sog wyb bgc (AK AL AM AN cjh) AO bqu AP soq AQ ayf qub ebt AR idg wjz zmp AT qwq AU AV gky abat (AW AX abml) (zyg (AY AZ orf aca abro olx acec) (BA pid)) BB BC (lus (BD (BE lee arc) kpx ywo BF) art (BG BH yjo BI mvn bzf gur) BJ) fyw jvr hnr vsh BK mra jrh BL ojx iax kjs pvc jnq vah (nrq qur ffn BM) BN nms drb BO BP BQ BR ard dfm kqo tep BS BT BU (BV BW BX BY BZ jex jao emq (CA aaiw jfp CB CC (njs uyc (xsk wty jye ont kvq (jwq dym tmf) (kgm jot abnt) jbp wfe CD rot CE (CF nze (CG cro) pue dma) CH) (pjr xut lcb) CI) CJ) knc pav smm lym xqk sbb sba gc nyg eys) pkq CK CL mwi skq wip vdz aazd ugw oem CM dql CN CO CP zef gch bgu dfq (trp xva CQ mn) CR cmm CS ivm yzq CT CU CV cew stb (tpx szl CW abvf CX) pbb typ dpm ign CY kap lhg qgq hjv bhn ulj mio CZ DA ttf (DB aadb for (pkl emz (mbd gmm (fpz (DC DD aan) DE) (DF muv) fxj bun rsq cvo kdf aail yoq DG cqn)) (knz DH DI hvb) (dtr ekt lrp DJ nug dyh fxq (wzr klu uea) DK ddw nun mfy) yfh kbk lvx DL abyv (DM aark DN (DP DQ tsb DR) dvm sbs mle)) DS xwx DT DU vjg DV DW rof plb DX DY mar bmr (DZ eco) EA EB EC ED hak EE (mx ffv mnf (EF EG EH EI pui EJ tup pke mqw) rjj)
------------------------------------------------------------
A B bje gfp (dgi (pue C) inq jqy saj) ygb D klg E dlr bag F aiv G rtg H I qlk J K zia zkp ouf L ylk nms M yws N O P (Q R eoz) (wzc (jrq yvz S (ca (amr ffr xip czg ats akw) (whb aazk) (lwf wqn flt) (T U acig acfo) elh) rgy V yan (you kti) yqj cwa bdu (aaac buz flq) (dkf bgv W X acnl zbx) jba nuh abot gmt axc deb gga) Y Z qjg AA (cli AB kkc AC ztk pmi awi rmc AD AE ccu AF igx AG ncd cji)) aarj AH ilr ejq lpj ull dys AI acau AJ sog wyb bgc (AK AL AM AN cjh) AO bqu AP soq AQ ayf qub ebt AR idg wjz zmp AT qwq AU AV gky abat (AW AX abml) (zyg (AY AZ orf aca abro olx acec) (BA pid)) BB BC (lus (BD (BE lee arc) kpx ywo BF) art (BG BH yjo BI mvn bzf gur) BJ) fyw jvr hnr vsh BK mra jrh BL ojx iax kjs pvc jnq vah (nrq qur ffn BM) BN nms drb BO BP BQ BR ard dfm kqo tep BS BT BU (BV BW BX BY BZ jex jao emq (CA aaiw jfp CB CC (njs uyc (xsk wty jye ont kvq (jwq dym tmf) (kgm jot abnt) jbp wfe CD rot CE (CF nze (CG cro) pue dma) CH) (pjr xut lcb) CI) CJ) knc pav smm lym xqk sbb sba gc nyg eys) pkq CK CL mwi skq wip vdz aazd ugw oem CM dql CN CO CP zef gch bgu dfq (trp xva CQ mn) CR cmm CS ivm yzq CT CU CV cew stb (tpx szl CW abvf CX) pbb typ dpm ign CY kap lhg qgq hjv bhn ulj mio CZ DA ttf (DB aadb for (pkl emz (mbd gmm (fpz (DC DD aan) DE) (DF muv) fxj bun rsq cvo kdf aail yoq DG cqn)) (knz DH DI hvb) (dtr ekt lrp DJ nug dyh fxq (wzr klu uea) DK ddw nun mfy) yfh kbk lvx DL abyv (DM aark DN (DP DQ tsb DR) dvm sbs mle)) DS xwx DT DU vjg DV DW rof plb DX DY mar bmr (DZ eco) EA EB EC ED hak EE (mx ffv mnf (EF EG EH EI pui EJ tup pke mqw) rjj)
A B bje gfp (abjq jqy saj) ygb D klg E dlr bag F aiv G rtg H I qlk J K zia zkp ouf L ylk nms M yws N O P (Q R eoz) (wzc (jrq yvz S (ca (amr ffr xip czg ats akw) (whb aazk) (lwf wqn flt) (T U acig acfo) elh) rgy V yan (you kti) yqj cwa bdu (aaac buz flq) (dkf bgv W X acnl zbx) jba nuh abot gmt axc deb gga) Y Z qjg AA (cli AB kkc AC ztk pmi awi rmc AD AE ccu AF igx AG ncd cji)) aarj AH ilr ejq lpj ull dys AI acau AJ sog wyb bgc (AK AL AM AN cjh) AO bqu AP soq AQ ayf qub ebt AR idg wjz zmp AT qwq AU AV gky abat (AW AX abml) (zyg (AY AZ orf aca abro olx acec) (BA pid)) BB BC (lus (BD (BE lee arc) kpx ywo BF) art (BG BH yjo BI mvn bzf gur) BJ) fyw jvr hnr vsh BK mra jrh BL ojx iax kjs pvc jnq vah (nrq qur ffn BM) BN nms drb BO BP BQ BR ard dfm kqo tep BS BT BU (BV BW BX BY BZ jex jao emq (CA aaiw jfp CB CC (njs uyc (xsk wty jye ont kvq (jwq dym tmf) (kgm jot abnt) jbp wfe CD rot CE (CF nze (CG cro) pue dma) CH) (pjr xut lcb) CI) CJ) knc pav smm lym xqk sbb sba gc nyg eys) pkq CK CL mwi skq wip vdz aazd ugw oem CM dql CN CO CP zef gch bgu dfq (trp xva CQ mn) CR cmm CS ivm yzq CT CU CV cew stb (tpx szl CW abvf CX) pbb typ dpm ign CY kap lhg qgq hjv bhn ulj mio CZ DA ttf (DB aadb for (pkl emz (mbd gmm (fpz (DC DD aan) DE) (DF muv) fxj bun rsq cvo kdf aail yoq DG cqn)) (knz DH DI hvb) (dtr ekt lrp DJ nug dyh fxq (wzr klu uea) DK ddw nun mfy) yfh kbk lvx DL abyv (DM aark DN (DP DQ tsb DR) dvm sbs mle)) DS xwx DT DU vjg DV DW rof plb DX DY mar bmr (DZ eco) EA EB EC ED hak EE (mx ffv mnf (EF EG EH EI pui EJ tup pke mqw) rjj)
A B bje gfp (abjq (fre vra kik) saj) ygb D klg E dlr bag F aiv G rtg H I qlk J K zia zkp ouf L ylk nms M yws N O P (Q R eoz) (wzc (jrq yvz S (ca (amr ffr xip czg ats akw) (whb aazk) (lwf wqn flt) (T U acig acfo) elh) rgy V yan (you kti) yqj cwa bdu (aaac buz flq) (dkf bgv W X acnl zbx) jba nuh abot gmt axc deb gga) Y Z qjg AA (cli AB kkc AC ztk pmi awi rmc AD AE ccu AF igx AG ncd cji)) aarj AH ilr ejq lpj ull dys AI acau AJ sog wyb bgc (AK AL AM AN cjh) AO bqu AP soq AQ ayf qub ebt AR idg wjz zmp AT qwq AU AV gky abat (AW AX abml) (zyg (AY AZ orf aca abro olx acec) (BA pid)) BB BC (lus (BD (BE lee arc) kpx ywo BF) art (BG BH yjo BI mvn bzf gur) BJ) fyw jvr hnr vsh BK mra jrh BL ojx iax kjs pvc jnq vah (nrq qur ffn BM) BN nms drb BO BP BQ BR ard dfm kqo tep BS BT BU (BV BW BX BY BZ jex jao emq (CA aaiw jfp CB CC (njs uyc (xsk wty jye ont kvq (jwq dym tmf) (kgm jot abnt) jbp wfe CD rot CE (CF nze (CG cro) pue dma) CH) (pjr xut lcb) CI) CJ) knc pav smm lym xqk sbb sba gc nyg eys) pkq CK CL mwi skq wip vdz aazd ugw oem CM dql CN CO CP zef gch bgu dfq (trp xva CQ mn) CR cmm CS ivm yzq CT CU CV cew stb (tpx szl CW abvf CX) pbb typ dpm ign CY kap lhg qgq hjv bhn ulj mio CZ DA ttf (DB aadb for (pkl emz (mbd gmm (fpz (DC DD aan) DE) (DF muv) fxj bun rsq cvo kdf aail yoq DG cqn)) (knz DH DI hvb) (dtr ekt lrp DJ nug dyh fxq (wzr klu uea) DK ddw nun mfy) yfh kbk lvx DL abyv (DM aark DN (DP DQ tsb DR) dvm sbs mle)) DS xwx DT DU vjg DV DW rof plb DX DY mar bmr (DZ eco) EA EB EC ED hak EE (mx ffv mnf (EF EG EH EI pui EJ tup pke mqw) rjj)
A B bje gfp (abjq abae saj) ygb D klg E dlr bag F aiv G rtg H I qlk J K zia zkp ouf L ylk nms M yws N O P (Q R eoz) (wzc (jrq yvz S (ca (amr ffr xip czg ats akw) (whb aazk) (lwf wqn flt) (T U acig acfo) elh) rgy V yan (you kti) yqj cwa bdu (aaac buz flq) (dkf bgv W X acnl zbx) jba nuh abot gmt axc deb gga) Y Z qjg AA (cli AB kkc AC ztk pmi awi rmc AD AE ccu AF igx AG ncd cji)) aarj AH ilr ejq lpj ull dys AI acau AJ sog wyb bgc (AK AL AM AN cjh) AO bqu AP soq AQ ayf qub ebt AR idg wjz zmp AT qwq AU AV gky abat (AW AX abml) (zyg (AY AZ orf aca abro olx acec) (BA pid)) BB BC (lus (BD (BE lee arc) kpx ywo BF) art (BG BH yjo BI mvn bzf gur) BJ) fyw jvr hnr vsh BK mra jrh BL ojx iax kjs pvc jnq vah (nrq qur ffn BM) BN nms drb BO BP BQ BR ard dfm kqo tep BS BT BU (BV BW BX BY BZ jex jao emq (CA aaiw jfp CB CC (njs uyc (xsk wty jye ont kvq (jwq dym tmf) (kgm jot abnt) jbp wfe CD rot CE (CF nze (CG cro) pue dma) CH) (pjr xut lcb) CI) CJ) knc pav smm lym xqk sbb sba gc nyg eys) pkq CK CL mwi skq wip vdz aazd ugw oem CM dql CN CO CP zef gch bgu dfq (trp xva CQ mn) CR cmm CS ivm yzq CT CU CV cew stb (tpx szl CW abvf CX) pbb typ dpm ign CY kap lhg qgq hjv bhn ulj mio CZ DA ttf (DB aadb for (pkl emz (mbd gmm (fpz (DC DD aan) DE) (DF muv) fxj bun rsq cvo kdf aail yoq DG cqn)) (knz DH DI hvb) (dtr ekt lrp DJ nug dyh fxq (wzr klu uea) DK ddw nun mfy) yfh kbk lvx DL abyv (DM aark DN (DP DQ tsb DR) dvm sbs mle)) DS xwx DT DU vjg DV DW rof plb DX DY mar bmr (DZ eco) EA EB EC ED hak EE (mx ffv mnf (EF EG EH EI pui EJ tup pke mqw) rjj)
A B bje gfp (abjq abae saj) ygb D tuy E dlr bag F aiv G rtg H I qlk J K zia zkp ouf L ylk nms M yws N O P (Q R eoz) (wzc (jrq yvz S (ca (amr ffr xip czg ats akw) (whb aazk) (lwf wqn flt) (T U acig acfo) elh) rgy V yan (you kti) yqj cwa bdu (aaac buz flq) (dkf bgv W X acnl zbx) jba nuh abot gmt axc deb gga) Y Z qjg AA (cli AB kkc AC ztk pmi awi rmc AD AE ccu AF igx AG ncd cji)) aarj AH ilr ejq lpj ull dys AI acau AJ sog wyb bgc (AK AL AM AN cjh) AO bqu AP soq AQ ayf qub ebt AR idg wjz zmp AT qwq AU AV gky abat (AW AX abml) (zyg (AY AZ orf aca abro olx acec) (BA pid)) BB BC (lus (BD (BE lee arc) kpx ywo BF) art (BG BH yjo BI mvn bzf gur) BJ) fyw jvr hnr vsh BK mra jrh BL ojx iax kjs pvc jnq vah (nrq qur ffn BM) BN nms drb BO BP BQ BR ard dfm kqo tep BS BT BU (BV BW BX BY BZ jex jao emq (CA aaiw jfp CB CC (njs uyc (xsk wty jye ont kvq (jwq dym tmf) (kgm jot abnt) jbp wfe CD rot CE (CF nze (CG cro) pue dma) CH) (pjr xut lcb) CI) CJ) knc pav smm lym xqk sbb sba gc nyg eys) pkq CK CL mwi skq wip vdz aazd ugw oem CM dql CN CO CP zef gch bgu dfq (trp xva CQ mn) CR cmm CS ivm yzq CT CU CV cew stb (tpx szl CW abvf CX) pbb typ dpm ign CY kap lhg qgq hjv bhn ulj mio CZ DA ttf (DB aadb for (pkl emz (mbd gmm (fpz (DC DD aan) DE) (DF muv) fxj bun rsq cvo kdf aail yoq DG cqn)) (knz DH DI hvb) (dtr ekt lrp DJ nug dyh fxq (wzr klu uea) DK ddw nun mfy) yfh kbk lvx DL abyv (DM aark DN (DP DQ tsb DR) dvm sbs mle)) DS xwx DT DU vjg DV DW rof plb DX DY mar bmr (DZ eco) EA EB EC ED hak EE (mx ffv mnf (EF EG EH EI pui EJ tup pke mqw) rjj)
A B bje gfp (abjq abae saj) ygb D tuy E dlr bag F ojx G rtg H I qlk J K zia zkp ouf L ylk nms M yws N O P (Q R eoz) (wzc (jrq yvz S (ca (amr ffr xip czg ats akw) (whb aazk) (lwf wqn flt) (T U acig acfo) elh) rgy V yan (you kti) yqj cwa bdu (aaac buz flq) (dkf bgv W X acnl zbx) jba nuh abot gmt axc deb gga) Y Z qjg AA (cli AB kkc AC ztk pmi awi rmc AD AE ccu AF igx AG ncd cji)) aarj AH ilr ejq lpj ull dys AI acau AJ sog wyb bgc (AK AL AM AN cjh) AO bqu AP soq AQ ayf qub ebt AR idg wjz zmp AT qwq AU AV gky abat (AW AX abml) (zyg (AY AZ orf aca abro olx acec) (BA pid)) BB BC (lus (BD (BE lee arc) kpx ywo BF) art (BG BH yjo BI mvn bzf gur) BJ) fyw jvr hnr vsh BK mra jrh BL ojx iax kjs pvc jnq vah (nrq qur ffn BM) BN nms drb BO BP BQ BR ard dfm kqo tep BS BT BU (BV BW BX BY BZ jex jao emq (CA aaiw jfp CB CC (njs uyc (xsk wty jye ont kvq (jwq dym tmf) (kgm jot abnt) jbp wfe CD rot CE (CF nze (CG cro) pue dma) CH) (pjr xut lcb) CI) CJ) knc pav smm lym xqk sbb sba gc nyg eys) pkq CK CL mwi skq wip vdz aazd ugw oem CM dql CN CO CP zef gch bgu dfq (trp xva CQ mn) CR cmm CS ivm yzq CT CU CV cew stb (tpx szl CW abvf CX) pbb typ dpm ign CY kap lhg qgq hjv bhn ulj mio CZ DA ttf (DB aadb for (pkl emz (mbd gmm (fpz (DC DD aan) DE) (DF muv) fxj bun rsq cvo kdf aail yoq DG cqn)) (knz DH DI hvb) (dtr ekt lrp DJ nug dyh fxq (wzr klu uea) DK ddw nun mfy) yfh kbk lvx DL abyv (DM aark DN (DP DQ tsb DR) dvm sbs mle)) DS xwx DT DU vjg DV DW rof plb DX DY mar bmr (DZ eco) EA EB EC ED hak EE (mx ffv mnf (EF EG EH EI pui EJ tup pke mqw) rjj)
A B bje gfp (abjq abae saj) ygb D tuy E dlr bag F ojx G rtg H I qlk J K zia zkp ouf L ylk qg M yws N O P (Q R eoz) (wzc (jrq yvz S (ca (amr ffr xip czg ats akw) (whb aazk) (lwf wqn flt) (T U acig acfo) elh) rgy V yan (you kti) yqj cwa bdu (aaac buz flq) (dkf bgv W X acnl zbx) jba nuh abot gmt axc deb gga) Y Z qjg AA (cli AB kkc AC ztk pmi awi rmc AD AE ccu AF igx AG ncd cji)) aarj AH ilr ejq lpj ull dys AI acau AJ sog wyb bgc (AK AL AM AN cjh) AO bqu AP soq AQ ayf qub ebt AR idg wjz zmp AT qwq AU AV gky abat (AW AX abml) (zyg (AY AZ orf aca abro olx acec) (BA pid)) BB BC (lus (BD (BE lee arc) kpx ywo BF) art (BG BH yjo BI mvn bzf gur) BJ) fyw jvr hnr vsh BK mra jrh BL ojx iax kjs pvc jnq vah (nrq qur ffn BM) BN nms drb BO BP BQ BR ard dfm kqo tep BS BT BU (BV BW BX BY BZ jex jao emq (CA aaiw jfp CB CC (njs uyc (xsk wty jye ont kvq (jwq dym tmf) (kgm jot abnt) jbp wfe CD rot CE (CF nze (CG cro) pue dma) CH) (pjr xut lcb) CI) CJ) knc pav smm lym xqk sbb sba gc nyg eys) pkq CK CL mwi skq wip vdz aazd ugw oem CM dql CN CO CP zef gch bgu dfq (trp xva CQ mn) CR cmm CS ivm yzq CT CU CV cew stb (tpx szl CW abvf CX) pbb typ dpm ign CY kap lhg qgq hjv bhn ulj mio CZ DA ttf (DB aadb for (pkl emz (mbd gmm (fpz (DC DD aan) DE) (DF muv) fxj bun rsq cvo kdf aail yoq DG cqn)) (knz DH DI hvb) (dtr ekt lrp DJ nug dyh fxq (wzr klu uea) DK ddw nun mfy) yfh kbk lvx DL abyv (DM aark DN (DP DQ tsb DR) dvm sbs mle)) DS xwx DT DU vjg DV DW rof plb DX DY mar bmr (DZ eco) EA EB EC ED hak EE (mx ffv mnf (EF EG EH EI pui EJ tup pke mqw) rjj)
A B bje gfp (abjq abae saj) ygb D tuy E dlr bag F ojx G rtg H I qlk J K zia zkp ouf L ylk ywe M yws N O P (Q R eoz) (wzc (jrq yvz S (ca (amr ffr xip czg ats akw) (whb aazk) (lwf wqn flt) (T U acig acfo) elh) rgy V yan (you kti) yqj cwa bdu (aaac buz flq) (dkf bgv W X acnl zbx) jba nuh abot gmt axc deb gga) Y Z qjg AA (cli AB kkc AC ztk pmi awi rmc AD AE ccu AF igx AG ncd cji)) aarj AH ilr ejq lpj ull dys AI acau AJ sog wyb bgc (AK AL AM AN cjh) AO bqu AP soq AQ ayf qub ebt AR idg wjz zmp AT qwq AU AV gky abat (AW AX abml) (zyg (AY AZ orf aca abro olx acec) (BA pid)) BB BC (lus (BD (BE lee arc) kpx ywo BF) art (BG BH yjo BI mvn bzf gur) BJ) fyw jvr hnr vsh BK mra jrh BL ojx iax kjs pvc jnq vah (nrq qur ffn BM) BN nms drb BO BP BQ BR ard dfm kqo tep BS BT BU (BV BW BX BY BZ jex jao emq (CA aaiw jfp CB CC (njs uyc (xsk wty jye ont kvq (jwq dym tmf) (kgm jot abnt) jbp wfe CD rot CE (CF nze (CG cro) pue dma) CH) (pjr xut lcb) CI) CJ) knc pav smm lym xqk sbb sba gc nyg eys) pkq CK CL mwi skq wip vdz aazd ugw oem CM dql CN CO CP zef gch bgu dfq (trp xva CQ mn) CR cmm CS ivm yzq CT CU CV cew stb (tpx szl CW abvf CX) pbb typ dpm ign CY kap lhg qgq hjv bhn ulj mio CZ DA ttf (DB aadb for (pkl emz (mbd gmm (fpz (DC DD aan) DE) (DF muv) fxj bun rsq cvo kdf aail yoq DG cqn)) (knz DH DI hvb) (dtr ekt lrp DJ nug dyh fxq (wzr klu uea) DK ddw nun mfy) yfh kbk lvx DL abyv (DM aark DN (DP DQ tsb DR) dvm sbs mle)) DS xwx DT DU vjg DV DW rof plb DX DY mar bmr (DZ eco) EA EB EC ED hak EE (mx ffv mnf (EF EG EH EI pui EJ tup pke mqw) rjj)
A B bje gfp (abjq abae saj) ygb D tuy E dlr bag F ojx G rtg H I qlk J K zia zkp ouf L ylk ywe M yws N O P (Q R (abwl bli)) (wzc (jrq yvz S (ca (amr ffr xip czg ats akw) (whb aazk) (lwf wqn flt) (T U acig acfo) elh) rgy V yan (you kti) yqj cwa bdu (aaac buz flq) (dkf bgv W X acnl zbx) jba nuh abot gmt axc deb gga) Y Z qjg AA (cli AB kkc AC ztk pmi awi rmc AD AE ccu AF igx AG ncd cji)) aarj AH ilr ejq lpj ull dys AI acau AJ sog wyb bgc (AK AL AM AN cjh) AO bqu AP soq AQ ayf qub ebt AR idg wjz zmp AT qwq AU AV gky abat (AW AX abml) (zyg (AY AZ orf aca abro olx acec) (BA pid)) BB BC (lus (BD (BE lee arc) kpx ywo BF) art (BG BH yjo BI mvn bzf gur) BJ) fyw jvr hnr vsh BK mra jrh BL ojx iax kjs pvc jnq vah (nrq qur ffn BM) BN nms drb BO BP BQ BR ard dfm kqo tep BS BT BU (BV BW BX BY BZ jex jao emq (CA aaiw jfp CB CC (njs uyc (xsk wty jye ont kvq (jwq dym tmf) (kgm jot abnt) jbp wfe CD rot CE (CF nze (CG cro) pue dma) CH) (pjr xut lcb) CI) CJ) knc pav smm lym xqk sbb sba gc nyg eys) pkq CK CL mwi skq wip vdz aazd ugw oem CM dql CN CO CP zef gch bgu dfq (trp xva CQ mn) CR cmm CS ivm yzq CT CU CV cew stb (tpx szl CW abvf CX) pbb typ dpm ign CY kap lhg qgq hjv bhn ulj mio CZ DA ttf (DB aadb for (pkl emz (mbd gmm (fpz (DC DD aan) DE) (DF muv) fxj bun rsq cvo kdf aail yoq DG cqn)) (knz DH DI hvb) (dtr ekt lrp DJ nug dyh fxq (wzr klu uea) DK ddw nun mfy) yfh kbk lvx DL abyv (DM aark DN (DP DQ tsb DR) dvm sbs mle)) DS xwx DT DU vjg DV DW rof plb DX DY mar bmr (DZ eco) EA EB EC ED hak EE (mx ffv mnf (EF EG EH EI pui EJ tup pke mqw) rjj)
A B bje gfp (abjq abae saj) ygb D tuy E dlr bag F ojx G rtg H I qlk J K zia zkp ouf L ylk ywe M yws N O P (Q R mt) (wzc (jrq yvz S (ca (amr ffr xip czg ats akw) (whb aazk) (lwf wqn flt) (T U acig acfo) elh) rgy V yan (you kti) yqj cwa bdu (aaac buz flq) (dkf bgv W X acnl zbx) jba nuh abot gmt axc deb gga) Y Z qjg AA (cli AB kkc AC ztk pmi awi rmc AD AE ccu AF igx AG ncd cji)) aarj AH ilr ejq lpj ull dys AI acau AJ sog wyb bgc (AK AL AM AN cjh) AO bqu AP soq AQ ayf qub ebt AR idg wjz zmp AT qwq AU AV gky abat (AW AX abml) (zyg (AY AZ orf aca abro olx acec) (BA pid)) BB BC (lus (BD (BE lee arc) kpx ywo BF) art (BG BH yjo BI mvn bzf gur) BJ) fyw jvr hnr vsh BK mra jrh BL ojx iax kjs pvc jnq vah (nrq qur ffn BM) BN nms drb BO BP BQ BR ard dfm kqo tep BS BT BU (BV BW BX BY BZ jex jao emq (CA aaiw jfp CB CC (njs uyc (xsk wty jye ont kvq (jwq dym tmf) (kgm jot abnt) jbp wfe CD rot CE (CF nze (CG cro) pue dma) CH) (pjr xut lcb) CI) CJ) knc pav smm lym xqk sbb sba gc nyg eys) pkq CK CL mwi skq wip vdz aazd ugw oem CM dql CN CO CP zef gch bgu dfq (trp xva CQ mn) CR cmm CS ivm yzq CT CU CV cew stb (tpx szl CW abvf CX) pbb typ dpm ign CY kap lhg qgq hjv bhn ulj mio CZ DA ttf (DB aadb for (pkl emz (mbd gmm (fpz (DC DD aan) DE) (DF muv) fxj bun rsq cvo kdf aail yoq DG cqn)) (knz DH DI hvb) (dtr ekt lrp DJ nug dyh fxq (wzr klu uea) DK ddw nun mfy) yfh kbk lvx DL abyv (DM aark DN (DP DQ tsb DR) dvm sbs mle)) DS xwx DT DU vjg DV DW rof plb DX DY mar bmr (DZ eco) EA EB EC ED hak EE (mx ffv mnf (EF EG EH EI pui EJ tup pke mqw) rjj)
A B bje gfp (abjq abae saj) ygb D tuy E dlr bag F ojx G rtg H I qlk J K zia zkp ouf L ylk ywe M yws N O P (Q R (yex dbo wvd pmh)) (wzc (jrq yvz S (ca (amr ffr xip czg ats akw) (whb aazk) (lwf wqn flt) (T U acig acfo) elh) rgy V yan (you kti) yqj cwa bdu (aaac buz flq) (dkf bgv W X acnl zbx) jba nuh abot gmt axc deb gga) Y Z qjg AA (cli AB kkc AC ztk pmi awi rmc AD AE ccu AF igx AG ncd cji)) aarj AH ilr ejq lpj ull dys AI acau AJ sog wyb bgc (AK AL AM AN cjh) AO bqu AP soq AQ ayf qub ebt AR idg wjz zmp AT qwq AU AV gky abat (AW AX abml) (zyg (AY AZ orf aca abro olx acec) (BA pid)) BB BC (lus (BD (BE lee arc) kpx ywo BF) art (BG BH yjo BI mvn bzf gur) BJ) fyw jvr hnr vsh BK mra jrh BL ojx iax kjs pvc jnq vah (nrq qur ffn BM) BN nms drb BO BP BQ BR ard dfm kqo tep BS BT BU (BV BW BX BY BZ jex jao emq (CA aaiw jfp CB CC (njs uyc (xsk wty jye ont kvq (jwq dym tmf) (kgm jot abnt) jbp wfe CD rot CE (CF nze (CG cro) pue dma) CH) (pjr xut lcb) CI) CJ) knc pav smm lym xqk sbb sba gc nyg eys) pkq CK CL mwi skq wip vdz aazd ugw oem CM dql CN CO CP zef gch bgu dfq (trp xva CQ mn) CR cmm CS ivm yzq CT CU CV cew stb (tpx szl CW abvf CX) pbb typ dpm ign CY kap lhg qgq hjv bhn ulj mio CZ DA ttf (DB aadb for (pkl emz (mbd gmm (fpz (DC DD aan) DE) (DF muv) fxj bun rsq cvo kdf aail yoq DG cqn)) (knz DH DI hvb) (dtr ekt lrp DJ nug dyh fxq (wzr klu uea) DK ddw nun mfy) yfh kbk lvx DL abyv (DM aark DN (DP DQ tsb DR) dvm sbs mle)) DS xwx DT DU vjg DV DW rof plb DX DY mar bmr (DZ eco) EA EB EC ED hak EE (mx ffv mnf (EF EG EH EI pui EJ tup pke mqw) rjj)
A B bje gfp (abjq abae saj) ygb D tuy E dlr bag F ojx G rtg H I qlk J K zia zkp ouf L ylk ywe M yws N O P (Q R (ved lud wys bql wvd pmh)) (wzc (jrq yvz S (ca (amr ffr xip czg ats akw) (whb aazk) (lwf wqn flt) (T U acig acfo) elh) rgy V yan (you kti) yqj cwa bdu (aaac buz flq) (dkf bgv W X acnl zbx) jba nuh abot gmt axc deb gga) Y Z qjg AA (cli AB kkc AC ztk pmi awi rmc AD AE ccu AF igx AG ncd cji)) aarj AH ilr ejq lpj ull dys AI acau AJ sog wyb bgc (AK AL AM AN cjh) AO bqu AP soq AQ ayf qub ebt AR idg wjz zmp AT qwq AU AV gky abat (AW AX abml) (zyg (AY AZ orf aca abro olx acec) (BA pid)) BB BC (lus (BD (BE lee arc) kpx ywo BF) art (BG BH yjo BI mvn bzf gur) BJ) fyw jvr hnr vsh BK mra jrh BL ojx iax kjs pvc jnq vah (nrq qur ffn BM) BN nms drb BO BP BQ BR ard dfm kqo tep BS BT BU (BV BW BX BY BZ jex jao emq (CA aaiw jfp CB CC (njs uyc (xsk wty jye ont kvq (jwq dym tmf) (kgm jot abnt) jbp wfe CD rot CE (CF nze (CG cro) pue dma) CH) (pjr xut lcb) CI) CJ) knc pav smm lym xqk sbb sba gc nyg eys) pkq CK CL mwi skq wip vdz aazd ugw oem CM dql CN CO CP zef gch bgu dfq (trp xva CQ mn) CR cmm CS ivm yzq CT CU CV cew stb (tpx szl CW abvf CX) pbb typ dpm ign CY kap lhg qgq hjv bhn ulj mio CZ DA ttf (DB aadb for (pkl emz (mbd gmm (fpz (DC DD aan) DE) (DF muv) fxj bun rsq cvo kdf aail yoq DG cqn)) (knz DH DI hvb) (dtr ekt lrp DJ nug dyh fxq (wzr klu uea) DK ddw nun mfy) yfh kbk lvx DL abyv (DM aark DN (DP DQ tsb DR) dvm sbs mle)) DS xwx DT DU vjg DV DW rof plb DX DY mar bmr (DZ eco) EA EB EC ED hak EE (mx ffv mnf (EF EG EH EI pui EJ tup pke mqw) rjj)
A B bje gfp (abjq abae saj) ygb D tuy E dlr bag F ojx G rtg H I qlk J K zia zkp ouf L ylk ywe M yws N O P (Q R (akp wvd pmh)) (wzc (jrq yvz S (ca (amr ffr xip czg ats akw) (whb aazk) (lwf wqn flt) (T U acig acfo) elh) rgy V yan (you kti) yqj cwa bdu (aaac buz flq) (dkf bgv W X acnl zbx) jba nuh abot gmt axc deb gga) Y Z qjg AA (cli AB kkc AC ztk pmi awi rmc AD AE ccu AF igx AG ncd cji)) aarj AH ilr ejq lpj ull dys AI acau AJ sog wyb bgc (AK AL AM AN cjh) AO bqu AP soq AQ ayf qub ebt AR idg wjz zmp AT qwq AU AV gky abat (AW AX abml) (zyg (AY AZ orf aca abro olx acec) (BA pid)) BB BC (lus (BD (BE lee arc) kpx ywo BF) art (BG BH yjo BI mvn bzf gur) BJ) fyw jvr hnr vsh BK mra jrh BL ojx iax kjs pvc jnq vah (nrq qur ffn BM) BN nms drb BO BP BQ BR ard dfm kqo tep BS BT BU (BV BW BX BY BZ jex jao emq (CA aaiw jfp CB CC (njs uyc (xsk wty jye ont kvq (jwq dym tmf) (kgm jot abnt) jbp wfe CD rot CE (CF nze (CG cro) pue dma) CH) (pjr xut lcb) CI) CJ) knc pav smm lym xqk sbb sba gc nyg eys) pkq CK CL mwi skq wip vdz aazd ugw oem CM dql CN CO CP zef gch bgu dfq (trp xva CQ mn) CR cmm CS ivm yzq CT CU CV cew stb (tpx szl CW abvf CX) pbb typ dpm ign CY kap lhg qgq hjv bhn ulj mio CZ DA ttf (DB aadb for (pkl emz (mbd gmm (fpz (DC DD aan) DE) (DF muv) fxj bun rsq cvo kdf aail yoq DG cqn)) (knz DH DI hvb) (dtr ekt lrp DJ nug dyh fxq (wzr klu uea) DK ddw nun mfy) yfh kbk lvx DL abyv (DM aark DN (DP DQ tsb DR) dvm sbs mle)) DS xwx DT DU vjg DV DW rof plb DX DY mar bmr (DZ eco) EA EB EC ED hak EE (mx ffv mnf (EF EG EH EI pui EJ tup pke mqw) rjj)
A B bje gfp (abjq abae saj) ygb D tuy E dlr bag F ojx G rtg H I qlk J K zia zkp ouf L ylk ywe M yws N O P (Q R zpv) (wzc (jrq yvz S (ca (amr ffr xip czg ats akw) (whb aazk) (lwf wqn flt) (T U acig acfo) elh) rgy V yan (you kti) yqj cwa bdu (aaac buz flq) (dkf bgv W X acnl zbx) jba nuh abot gmt axc deb gga) Y Z qjg AA (cli AB kkc AC ztk pmi awi rmc AD AE ccu AF igx AG ncd cji)) aarj AH ilr ejq lpj ull dys AI acau AJ sog wyb bgc (AK AL AM AN cjh) AO bqu AP soq AQ ayf qub ebt AR idg wjz zmp AT qwq AU AV gky abat (AW AX abml) (zyg (AY AZ orf aca abro olx acec) (BA pid)) BB BC (lus (BD (BE lee arc) kpx ywo BF) art (BG BH yjo BI mvn bzf gur) BJ) fyw jvr hnr vsh BK mra jrh BL ojx iax kjs pvc jnq vah (nrq qur ffn BM) BN nms drb BO BP BQ BR ard dfm kqo tep BS BT BU (BV BW BX BY BZ jex jao emq (CA aaiw jfp CB CC (njs uyc (xsk wty jye ont kvq (jwq dym tmf) (kgm jot abnt) jbp wfe CD rot CE (CF nze (CG cro) pue dma) CH) (pjr xut lcb) CI) CJ) knc pav smm lym xqk sbb sba gc nyg eys) pkq CK CL mwi skq wip vdz aazd ugw oem CM dql CN CO CP zef gch bgu dfq (trp xva CQ mn) CR cmm CS ivm yzq CT CU CV cew stb (tpx szl CW abvf CX) pbb typ dpm ign CY kap lhg qgq hjv bhn ulj mio CZ DA ttf (DB aadb for (pkl emz (mbd gmm (fpz (DC DD aan) DE) (DF muv) fxj bun rsq cvo kdf aail yoq DG cqn)) (knz DH DI hvb) (dtr ekt lrp DJ nug dyh fxq (wzr klu uea) DK ddw nun mfy) yfh kbk lvx DL abyv (DM aark DN (DP DQ tsb DR) dvm sbs mle)) DS xwx DT DU vjg DV DW rof plb DX DY mar bmr (DZ eco) EA EB EC ED hak EE (mx ffv mnf (EF EG EH EI pui EJ tup pke mqw) rjj)
A B bje gfp (abjq abae saj) ygb D tuy E dlr bag F ojx G rtg H I qlk J K zia zkp ouf L ylk ywe M yws N O P (Q R zpv) (aze dpu qjg AA (cli AB kkc AC ztk pmi awi rmc AD AE ccu AF igx AG ncd cji)) aarj AH ilr ejq lpj ull dys AI acau AJ sog wyb bgc (AK AL AM AN cjh) AO bqu AP soq AQ ayf qub ebt AR idg wjz zmp AT qwq AU AV gky abat (AW AX abml) (zyg (AY AZ orf aca abro olx acec) (BA pid)) BB BC (lus (BD (BE lee arc) kpx ywo BF) art (BG BH yjo BI mvn bzf gur) BJ) fyw jvr hnr vsh BK mra jrh BL ojx iax kjs pvc jnq vah (nrq qur ffn BM) BN nms drb BO BP BQ BR ard dfm kqo tep BS BT BU (BV BW BX BY BZ jex jao emq (CA aaiw jfp CB CC (njs uyc (xsk wty jye ont kvq (jwq dym tmf) (kgm jot abnt) jbp wfe CD rot CE (CF nze (CG cro) pue dma) CH) (pjr xut lcb) CI) CJ) knc pav smm lym xqk sbb sba gc nyg eys) pkq CK CL mwi skq wip vdz aazd ugw oem CM dql CN CO CP zef gch bgu dfq (trp xva CQ mn) CR cmm CS ivm yzq CT CU CV cew stb (tpx szl CW abvf CX) pbb typ dpm ign CY kap lhg qgq hjv bhn ulj mio CZ DA ttf (DB aadb for (pkl emz (mbd gmm (fpz (DC DD aan) DE) (DF muv) fxj bun rsq cvo kdf aail yoq DG cqn)) (knz DH DI hvb) (dtr ekt lrp DJ nug dyh fxq (wzr klu uea) DK ddw nun mfy) yfh kbk lvx DL abyv (DM aark DN (DP DQ tsb DR) dvm sbs mle)) DS xwx DT DU vjg DV DW rof plb DX DY mar bmr (DZ eco) EA EB EC ED hak EE (mx ffv mnf (EF EG EH EI pui EJ tup pke mqw) rjj)
A B bje gfp (abjq abae saj) ygb D tuy E dlr bag F ojx G rtg H I qlk J K zia zkp ouf L ylk ywe M yws N O P (Q R zpv) (doo qjg AA (cli AB kkc AC ztk pmi awi rmc AD AE ccu AF igx AG ncd cji)) aarj AH ilr ejq lpj ull dys AI acau AJ sog wyb bgc (AK AL AM AN cjh) AO bqu AP soq AQ ayf qub ebt AR idg wjz zmp AT qwq AU AV gky abat (AW AX abml) (zyg (AY AZ orf aca abro olx acec) (BA pid)) BB BC (lus (BD (BE lee arc) kpx ywo BF) art (BG BH yjo BI mvn bzf gur) BJ) fyw jvr hnr vsh BK mra jrh BL ojx iax kjs pvc jnq vah (nrq qur ffn BM) BN nms drb BO BP BQ BR ard dfm kqo tep BS BT BU (BV BW BX BY BZ jex jao emq (CA aaiw jfp CB CC (njs uyc (xsk wty jye ont kvq (jwq dym tmf) (kgm jot abnt) jbp wfe CD rot CE (CF nze (CG cro) pue dma) CH) (pjr xut lcb) CI) CJ) knc pav smm lym xqk sbb sba gc nyg eys) pkq CK CL mwi skq wip vdz aazd ugw oem CM dql CN CO CP zef gch bgu dfq (trp xva CQ mn) CR cmm CS ivm yzq CT CU CV cew stb (tpx szl CW abvf CX) pbb typ dpm ign CY kap lhg qgq hjv bhn ulj mio CZ DA ttf (DB aadb for (pkl emz (mbd gmm (fpz (DC DD aan) DE) (DF muv) fxj bun rsq cvo kdf aail yoq DG cqn)) (knz DH DI hvb) (dtr ekt lrp DJ nug dyh fxq (wzr klu uea) DK ddw nun mfy) yfh kbk lvx DL abyv (DM aark DN (DP DQ tsb DR) dvm sbs mle)) DS xwx DT DU vjg DV DW rof plb DX DY mar bmr (DZ eco) EA EB EC ED hak EE (mx ffv mnf (EF EG EH EI pui EJ tup pke mqw) rjj)
A B bje gfp (abjq abae saj) ygb D tuy E dlr bag F ojx G rtg H I qlk J K zia zkp ouf L ylk ywe M yws N O P (Q R zpv) (jbt tbf jr) aarj AH ilr ejq lpj ull dys AI acau AJ sog wyb bgc (AK AL AM AN cjh) AO bqu AP soq AQ ayf qub ebt AR idg wjz zmp AT qwq AU AV gky abat (AW AX abml) (zyg (AY AZ orf aca abro olx acec) (BA pid)) BB BC (lus (BD (BE lee arc) kpx ywo BF) art (BG BH yjo BI mvn bzf gur) BJ) fyw jvr hnr vsh BK mra jrh BL ojx iax kjs pvc jnq vah (nrq qur ffn BM) BN nms drb BO BP BQ BR ard dfm kqo tep BS BT BU (BV BW BX BY BZ jex jao emq (CA aaiw jfp CB CC (njs uyc (xsk wty jye ont kvq (jwq dym tmf) (kgm jot abnt) jbp wfe CD rot CE (CF nze (CG cro) pue dma) CH) (pjr xut lcb) CI) CJ) knc pav smm lym xqk sbb sba gc nyg eys) pkq CK CL mwi skq wip vdz aazd ugw oem CM dql CN CO CP zef gch bgu dfq (trp xva CQ mn) CR cmm CS ivm yzq CT CU CV cew stb (tpx szl CW abvf CX) pbb typ dpm ign CY kap lhg qgq hjv bhn ulj mio CZ DA ttf (DB aadb for (pkl emz (mbd gmm (fpz (DC DD aan) DE) (DF muv) fxj bun rsq cvo kdf aail yoq DG cqn)) (knz DH DI hvb) (dtr ekt lrp DJ nug dyh fxq (wzr klu uea) DK ddw nun mfy) yfh kbk lvx DL abyv (DM aark DN (DP DQ tsb DR) dvm sbs mle)) DS xwx DT DU vjg DV DW rof plb DX DY mar bmr (DZ eco) EA EB EC ED hak EE (mx ffv mnf (EF EG EH EI pui EJ tup pke mqw) rjj)
A B bje gfp (abjq abae saj) ygb D tuy E dlr bag F ojx G rtg H I qlk J K zia zkp ouf L ylk ywe M yws N O P (Q R zpv) (gmt zwx tbf jr) aarj AH ilr ejq lpj ull dys AI acau AJ sog wyb bgc (AK AL AM AN cjh) AO bqu AP soq AQ ayf qub ebt AR idg wjz zmp AT qwq AU AV gky abat (AW AX abml) (zyg (AY AZ orf aca abro olx acec) (BA pid)) BB BC (lus (BD (BE lee arc) kpx ywo BF) art (BG BH yjo BI mvn bzf gur) BJ) fyw jvr hnr vsh BK mra jrh BL ojx iax kjs pvc jnq vah (nrq qur ffn BM) BN nms drb BO BP BQ BR ard dfm kqo tep BS BT BU (BV BW BX BY BZ jex jao emq (CA aaiw jfp CB CC (njs uyc (xsk wty jye ont kvq (jwq dym tmf) (kgm jot abnt) jbp wfe CD rot CE (CF nze (CG cro) pue dma) CH) (pjr xut lcb) CI) CJ) knc pav smm lym xqk sbb sba gc nyg eys) pkq CK CL mwi skq wip vdz aazd ugw oem CM dql CN CO CP zef gch bgu dfq (trp xva CQ mn) CR cmm CS ivm yzq CT CU CV cew stb (tpx szl CW abvf CX) pbb typ dpm ign CY kap lhg qgq hjv bhn ulj mio CZ DA ttf (DB aadb for (pkl emz (mbd gmm (fpz (DC DD aan) DE) (DF muv) fxj bun rsq cvo kdf aail yoq DG cqn)) (knz DH DI hvb) (dtr ekt lrp DJ nug dyh fxq (wzr klu uea) DK ddw nun mfy) yfh kbk lvx DL abyv (DM aark DN (DP DQ tsb DR) dvm sbs mle)) DS xwx DT DU vjg DV DW rof plb DX DY mar bmr (DZ eco) EA EB EC ED hak EE (mx ffv mnf (EF EG EH EI pui EJ tup pke mqw) rjj)
A B bje gfp (abjq abae saj) ygb D tuy E dlr bag F ojx G rtg H I qlk J K zia zkp ouf L ylk ywe M yws N O P (Q R zpv) (rpv jr) aarj AH ilr ejq lpj ull dys AI acau AJ sog wyb bgc (AK AL AM AN cjh) AO bqu AP soq AQ ayf qub ebt AR idg wjz zmp AT qwq AU AV gky abat (AW AX abml) (zyg (AY AZ orf aca abro olx acec) (BA pid)) BB BC (lus (BD (BE lee arc) kpx ywo BF) art (BG BH yjo BI mvn bzf gur) BJ) fyw jvr hnr vsh BK mra jrh BL ojx iax kjs pvc jnq vah (nrq qur ffn BM) BN nms drb BO BP BQ BR ard dfm kqo tep BS BT BU (BV BW BX BY BZ jex jao emq (CA aaiw jfp CB CC (njs uyc (xsk wty jye ont kvq (jwq dym tmf) (kgm jot abnt) jbp wfe CD rot CE (CF nze (CG cro) pue dma) CH) (pjr xut lcb) CI) CJ) knc pav smm lym xqk sbb sba gc nyg eys) pkq CK CL mwi skq wip vdz aazd ugw oem CM dql CN CO CP zef gch bgu dfq (trp xva CQ mn) CR cmm CS ivm yzq CT CU CV cew stb (tpx szl CW abvf CX) pbb typ dpm ign CY kap lhg qgq hjv bhn ulj mio CZ DA ttf (DB aadb for (pkl emz (mbd gmm (fpz (DC DD aan) DE) (DF muv) fxj bun rsq cvo kdf aail yoq DG cqn)) (knz DH DI hvb) (dtr ekt lrp DJ nug dyh fxq (wzr klu uea) DK ddw nun mfy) yfh kbk lvx DL abyv (DM aark DN (DP DQ tsb DR) dvm sbs mle)) DS xwx DT DU vjg DV DW rof plb DX DY mar bmr (DZ eco) EA EB EC ED hak EE (mx ffv mnf (EF EG EH EI pui EJ tup pke mqw) rjj)
A B bje gfp (abjq abae saj) ygb D tuy E dlr bag F ojx G rtg H I qlk J K zia zkp ouf L ylk ywe M yws N O P (Q R zpv) (ytw waz kit) aarj AH ilr ejq lpj ull dys AI acau AJ sog wyb bgc (AK AL AM AN cjh) AO bqu AP soq AQ ayf qub ebt AR idg wjz zmp AT qwq AU AV gky abat (AW AX abml) (zyg (AY AZ orf aca abro olx acec) (BA pid)) BB BC (lus (BD (BE lee arc) kpx ywo BF) art (BG BH yjo BI mvn bzf gur) BJ) fyw jvr hnr vsh BK mra jrh BL ojx iax kjs pvc jnq vah (nrq qur ffn BM) BN nms drb BO BP BQ BR ard dfm kqo tep BS BT BU (BV BW BX BY BZ jex jao emq (CA aaiw jfp CB CC (njs uyc (xsk wty jye ont kvq (jwq dym tmf) (kgm jot abnt) jbp wfe CD rot CE (CF nze (CG cro) pue dma) CH) (pjr xut lcb) CI) CJ) knc pav smm lym xqk sbb sba gc nyg eys) pkq CK CL mwi skq wip vdz aazd ugw oem CM dql CN CO CP zef gch bgu dfq (trp xva CQ mn) CR cmm CS ivm yzq CT CU CV cew stb (tpx szl CW abvf CX) pbb typ dpm ign CY kap lhg qgq hjv bhn ulj mio CZ DA ttf (DB aadb for (pkl emz (mbd gmm (fpz (DC DD aan) DE) (DF muv) fxj bun rsq cvo kdf aail yoq DG cqn)) (knz DH DI hvb) (dtr ekt lrp DJ nug dyh fxq (wzr klu uea) DK ddw nun mfy) yfh kbk lvx DL abyv (DM aark DN (DP DQ tsb DR) dvm sbs mle)) DS xwx DT DU vjg DV DW rof plb DX DY mar bmr (DZ eco) EA EB EC ED hak EE (mx ffv mnf (EF EG EH EI pui EJ tup pke mqw) rjj)
A B bje gfp (abjq abae saj) ygb D tuy E dlr bag F ojx G rtg H I qlk J K zia zkp ouf L ylk ywe M yws N O P (Q R zpv) crs aarj AH ilr ejq lpj ull dys AI acau AJ sog wyb bgc (AK AL AM AN cjh) AO bqu AP soq AQ ayf qub ebt AR idg wjz zmp AT qwq AU AV gky abat (AW AX abml) (zyg (AY AZ orf aca abro olx acec) (BA pid)) BB BC (lus (BD (BE lee arc) kpx ywo BF) art (BG BH yjo BI mvn bzf gur) BJ) fyw jvr hnr vsh BK mra jrh BL ojx iax kjs pvc jnq vah (nrq qur ffn BM) BN nms drb BO BP BQ BR ard dfm kqo tep BS BT BU (BV BW BX BY BZ jex jao emq (CA aaiw jfp CB CC (njs uyc (xsk wty jye ont kvq (jwq dym tmf) (kgm jot abnt) jbp wfe CD rot CE (CF nze (CG cro) pue dma) CH) (pjr xut lcb) CI) CJ) knc pav smm lym xqk sbb sba gc nyg eys) pkq CK CL mwi skq wip vdz aazd ugw oem CM dql CN CO CP zef gch bgu dfq (trp xva CQ mn) CR cmm CS ivm yzq CT CU CV cew stb (tpx szl CW abvf CX) pbb typ dpm ign CY kap lhg qgq hjv bhn ulj mio CZ DA ttf (DB aadb for (pkl emz (mbd gmm (fpz (DC DD aan) DE) (DF muv) fxj bun rsq cvo kdf aail yoq DG cqn)) (knz DH DI hvb) (dtr ekt lrp DJ nug dyh fxq (wzr klu uea) DK ddw nun mfy) yfh kbk lvx DL abyv (DM aark DN (DP DQ tsb DR) dvm sbs mle)) DS xwx DT DU vjg DV DW rof plb DX DY mar bmr (DZ eco) EA EB EC ED hak EE (mx ffv mnf (EF EG EH EI pui EJ tup pke mqw) rjj)
A B bje gfp (abjq abae saj) ygb D tuy E dlr bag F ojx G rtg H I qlk J K zia zkp ouf L ylk ywe M yws N O P (Q R zpv) crs aarj AH ilr ejq lpj (kgz rbl pot niz) dys AI acau AJ sog wyb bgc (AK AL AM AN cjh) AO bqu AP soq AQ ayf qub ebt AR idg wjz zmp AT qwq AU AV gky abat (AW AX abml) (zyg (AY AZ orf aca abro olx acec) (BA pid)) BB BC (lus (BD (BE lee arc) kpx ywo BF) art (BG BH yjo BI mvn bzf gur) BJ) fyw jvr hnr vsh BK mra jrh BL ojx iax kjs pvc jnq vah (nrq qur ffn BM) BN nms drb BO BP BQ BR ard dfm kqo tep BS BT BU (BV BW BX BY BZ jex jao emq (CA aaiw jfp CB CC (njs uyc (xsk wty jye ont kvq (jwq dym tmf) (kgm jot abnt) jbp wfe CD rot CE (CF nze (CG cro) pue dma) CH) (pjr xut lcb) CI) CJ) knc pav smm lym xqk sbb sba gc nyg eys) pkq CK CL mwi skq wip vdz aazd ugw oem CM dql CN CO CP zef gch bgu dfq (trp xva CQ mn) CR cmm CS ivm yzq CT CU CV cew stb (tpx szl CW abvf CX) pbb typ dpm ign CY kap lhg qgq hjv bhn ulj mio CZ DA ttf (DB aadb for (pkl emz (mbd gmm (fpz (DC DD aan) DE) (DF muv) fxj bun rsq cvo kdf aail yoq DG cqn)) (knz DH DI hvb) (dtr ekt lrp DJ nug dyh fxq (wzr klu uea) DK ddw nun mfy) yfh kbk lvx DL abyv (DM aark DN (DP DQ tsb DR) dvm sbs mle)) DS xwx DT DU vjg DV DW rof plb DX DY mar bmr (DZ eco) EA EB EC ED hak EE (mx ffv mnf (EF EG EH EI pui EJ tup pke mqw) rjj)
A B bje gfp (abjq abae saj) ygb D tuy E dlr bag F ojx G rtg H I qlk J K zia zkp ouf L ylk ywe M yws N O P (Q R zpv) crs aarj AH ilr ejq lpj ewp dys AI acau AJ sog wyb bgc (AK AL AM AN cjh) AO bqu AP soq AQ ayf qub ebt AR idg wjz zmp AT qwq AU AV gky abat (AW AX abml) (zyg (AY AZ orf aca abro olx acec) (BA pid)) BB BC (lus (BD (BE lee arc) kpx ywo BF) art (BG BH yjo BI mvn bzf gur) BJ) fyw jvr hnr vsh BK mra jrh BL ojx iax kjs pvc jnq vah (nrq qur ffn BM) BN nms drb BO BP BQ BR ard dfm kqo tep BS BT BU (BV BW BX BY BZ jex jao emq (CA aaiw jfp CB CC (njs uyc (xsk wty jye ont kvq (jwq dym tmf) (kgm jot abnt) jbp wfe CD rot CE (CF nze (CG cro) pue dma) CH) (pjr xut lcb) CI) CJ) knc pav smm lym xqk sbb sba gc nyg eys) pkq CK CL mwi skq wip vdz aazd ugw oem CM dql CN CO CP zef gch bgu dfq (trp xva CQ mn) CR cmm CS ivm yzq CT CU CV cew stb (tpx szl CW abvf CX) pbb typ dpm ign CY kap lhg qgq hjv bhn ulj mio CZ DA ttf (DB aadb for (pkl emz (mbd gmm (fpz (DC DD aan) DE) (DF muv) fxj bun rsq cvo kdf aail yoq DG cqn)) (knz DH DI hvb) (dtr ekt lrp DJ nug dyh fxq (wzr klu uea) DK ddw nun mfy) yfh kbk lvx DL abyv (DM aark DN (DP DQ tsb DR) dvm sbs mle)) DS xwx DT DU vjg DV DW rof plb DX DY mar bmr (DZ eco) EA EB EC ED hak EE (mx ffv mnf (EF EG EH EI pui EJ tup pke mqw) rjj)
A B bje gfp (abjq abae saj) ygb D tuy E dlr bag F ojx G rtg H I qlk J K zia zkp ouf L ylk ywe M yws N O P (Q R zpv) crs aarj AH ilr ejq lpj ewp uku AI acau AJ sog wyb bgc (AK AL AM AN cjh) AO bqu AP soq AQ ayf qub ebt AR idg wjz zmp AT qwq AU AV gky abat (AW AX abml) (zyg (AY AZ orf aca abro olx acec) (BA pid)) BB BC (lus (BD (BE lee arc) kpx ywo BF) art (BG BH yjo BI mvn bzf gur) BJ) fyw jvr hnr vsh BK mra jrh BL ojx iax kjs pvc jnq vah (nrq qur ffn BM) BN nms drb BO BP BQ BR ard dfm kqo tep BS BT BU (BV BW BX BY BZ jex jao emq (CA aaiw jfp CB CC (njs uyc (xsk wty jye ont kvq (jwq dym tmf) (kgm jot abnt) jbp wfe CD rot CE (CF nze (CG cro) pue dma) CH) (pjr xut lcb) CI) CJ) knc pav smm lym xqk sbb sba gc nyg eys) pkq CK CL mwi skq wip vdz aazd ugw oem CM dql CN CO CP zef gch bgu dfq (trp xva CQ mn) CR cmm CS ivm yzq CT CU CV cew stb (tpx szl CW abvf CX) pbb typ dpm ign CY kap lhg qgq hjv bhn ulj mio CZ DA ttf (DB aadb for (pkl emz (mbd gmm (fpz (DC DD aan) DE) (DF muv) fxj bun rsq cvo kdf aail yoq DG cqn)) (knz DH DI hvb) (dtr ekt lrp DJ nug dyh fxq (wzr klu uea) DK ddw nun mfy) yfh kbk lvx DL abyv (DM aark DN (DP DQ tsb DR) dvm sbs mle)) DS xwx DT DU vjg DV DW rof plb DX DY mar bmr (DZ eco) EA EB EC ED hak EE (mx ffv mnf (EF EG EH EI pui EJ tup pke mqw) rjj)
A B bje gfp (abjq abae saj) ygb D tuy E dlr bag F ojx G rtg H I qlk J K zia zkp ouf L ylk ywe M yws N O P (Q R zpv) crs aarj AH ilr ejq lpj ewp uku AI (qeu aaqk zky kbu) AJ sog wyb bgc (AK AL AM AN cjh) AO bqu AP soq AQ ayf qub ebt AR idg wjz zmp AT qwq AU AV gky abat (AW AX abml) (zyg (AY AZ orf aca abro olx acec) (BA pid)) BB BC (lus (BD (BE lee arc) kpx ywo BF) art (BG BH yjo BI mvn bzf gur) BJ) fyw jvr hnr vsh BK mra jrh BL ojx iax kjs pvc jnq vah (nrq qur ffn BM) BN nms drb BO BP BQ BR ard dfm kqo tep BS BT BU (BV BW BX BY BZ jex jao emq (CA aaiw jfp CB CC (njs uyc (xsk wty jye ont kvq (jwq dym tmf) (kgm jot abnt) jbp wfe CD rot CE (CF nze (CG cro) pue dma) CH) (pjr xut lcb) CI) CJ) knc pav smm lym xqk sbb sba gc nyg eys) pkq CK CL mwi skq wip vdz aazd ugw oem CM dql CN CO CP zef gch bgu dfq (trp xva CQ mn) CR cmm CS ivm yzq CT CU CV cew stb (tpx szl CW abvf CX) pbb typ dpm ign CY kap lhg qgq hjv bhn ulj mio CZ DA ttf (DB aadb for (pkl emz (mbd gmm (fpz (DC DD aan) DE) (DF muv) fxj bun rsq cvo kdf aail yoq DG cqn)) (knz DH DI hvb) (dtr ekt lrp DJ nug dyh fxq (wzr klu uea) DK ddw nun mfy) yfh kbk lvx DL abyv (DM aark DN (DP DQ tsb DR) dvm sbs mle)) DS xwx DT DU vjg DV DW rof plb DX DY mar bmr (DZ eco) EA EB EC ED hak EE (mx ffv mnf (EF EG EH EI pui EJ tup pke mqw) rjj)
A B bje gfp (abjq abae saj) ygb D tuy E dlr bag F ojx G rtg H I qlk J K zia zkp ouf L ylk ywe M yws N O P (Q R zpv) crs aarj AH ilr ejq lpj ewp uku AI wym AJ sog wyb bgc (AK AL AM AN cjh) AO bqu AP soq AQ ayf qub ebt AR idg wjz zmp AT qwq AU AV gky abat (AW AX abml) (zyg (AY AZ orf aca abro olx acec) (BA pid)) BB BC (lus (BD (BE lee arc) kpx ywo BF) art (BG BH yjo BI mvn bzf gur) BJ) fyw jvr hnr vsh BK mra jrh BL ojx iax kjs pvc jnq vah (nrq qur ffn BM) BN nms drb BO BP BQ BR ard dfm kqo tep BS BT BU (BV BW BX BY BZ jex jao emq (CA aaiw jfp CB CC (njs uyc (xsk wty jye ont kvq (jwq dym tmf) (kgm jot abnt) jbp wfe CD rot CE (CF nze (CG cro) pue dma) CH) (pjr xut lcb) CI) CJ) knc pav smm lym xqk sbb sba gc nyg eys) pkq CK CL mwi skq wip vdz aazd ugw oem CM dql CN CO CP zef gch bgu dfq (trp xva CQ mn) CR cmm CS ivm yzq CT CU CV cew stb (tpx szl CW abvf CX) pbb typ dpm ign CY kap lhg qgq hjv bhn ulj mio CZ DA ttf (DB aadb for (pkl emz (mbd gmm (fpz (DC DD aan) DE) (DF muv) fxj bun rsq cvo kdf aail yoq DG cqn)) (knz DH DI hvb) (dtr ekt lrp DJ nug dyh fxq (wzr klu uea) DK ddw nun mfy) yfh kbk lvx DL abyv (DM aark DN (DP DQ tsb DR) dvm sbs mle)) DS xwx DT DU vjg DV DW rof plb DX DY mar bmr (DZ eco) EA EB EC ED hak EE (mx ffv mnf (EF EG EH EI pui EJ tup pke mqw) rjj)
A B bje gfp (abjq abae saj) ygb D tuy E dlr bag F ojx G rtg H I qlk J K zia zkp ouf L ylk ywe M yws N O P (Q R zpv) crs aarj AH ilr ejq lpj ewp uku AI wym AJ sog wyb bgc (AK AL AM AN cjh) AO bqu AP zcs AQ ayf qub ebt AR idg wjz zmp AT qwq AU AV gky abat (AW AX abml) (zyg (AY AZ orf aca abro olx acec) (BA pid)) BB BC (lus (BD (BE lee arc) kpx ywo BF) art (BG BH yjo BI mvn bzf gur) BJ) fyw jvr hnr vsh BK mra jrh BL ojx iax kjs pvc jnq vah (nrq qur ffn BM) BN nms drb BO BP BQ BR ard dfm kqo tep BS BT BU (BV BW BX BY BZ jex jao emq (CA aaiw jfp CB CC (njs uyc (xsk wty jye ont kvq (jwq dym tmf) (kgm jot abnt) jbp wfe CD rot CE (CF nze (CG cro) pue dma) CH) (pjr xut lcb) CI) CJ) knc pav smm lym xqk sbb sba gc nyg eys) pkq CK CL mwi skq wip vdz aazd ugw oem CM dql CN CO CP zef gch bgu dfq (trp xva CQ mn) CR cmm CS ivm yzq CT CU CV cew stb (tpx szl CW abvf CX) pbb typ dpm ign CY kap lhg qgq hjv bhn ulj mio CZ DA ttf (DB aadb for (pkl emz (mbd gmm (fpz (DC DD aan) DE) (DF muv) fxj bun rsq cvo kdf aail yoq DG cqn)) (knz DH DI hvb) (dtr ekt lrp DJ nug dyh fxq (wzr klu uea) DK ddw nun mfy) yfh kbk lvx DL abyv (DM aark DN (DP DQ tsb DR) dvm sbs mle)) DS xwx DT DU vjg DV DW rof plb DX DY mar bmr (DZ eco) EA EB EC ED hak EE (mx ffv mnf (EF EG EH EI pui EJ tup pke mqw) rjj)
A B bje gfp (abjq abae saj) ygb D tuy E dlr bag F ojx G rtg H I qlk J K zia zkp ouf L ylk ywe M yws N O P (Q R zpv) crs aarj AH ilr ejq lpj ewp uku AI wym AJ sog wyb bgc (AK AL AM AN cjh) AO bqu AP zcs AQ ayf tqg ebt AR idg wjz zmp AT qwq AU AV gky abat (AW AX abml) (zyg (AY AZ orf aca abro olx acec) (BA pid)) BB BC (lus (BD (BE lee arc) kpx ywo BF) art (BG BH yjo BI mvn bzf gur) BJ) fyw jvr hnr vsh BK mra jrh BL ojx iax kjs pvc jnq vah (nrq qur ffn BM) BN nms drb BO BP BQ BR ard dfm kqo tep BS BT BU (BV BW BX BY BZ jex jao emq (CA aaiw jfp CB CC (njs uyc (xsk wty jye ont kvq (jwq dym tmf) (kgm jot abnt) jbp wfe CD rot CE (CF nze (CG cro) pue dma) CH) (pjr xut lcb) CI) CJ) knc pav smm lym xqk sbb sba gc nyg eys) pkq CK CL mwi skq wip vdz aazd ugw oem CM dql CN CO CP zef gch bgu dfq (trp xva CQ mn) CR cmm CS ivm yzq CT CU CV cew stb (tpx szl CW abvf CX) pbb typ dpm ign CY kap lhg qgq hjv bhn ulj mio CZ DA ttf (DB aadb for (pkl emz (mbd gmm (fpz (DC DD aan) DE) (DF muv) fxj bun rsq cvo kdf aail yoq DG cqn)) (knz DH DI hvb) (dtr ekt lrp DJ nug dyh fxq (wzr klu uea) DK ddw nun mfy) yfh kbk lvx DL abyv (DM aark DN (DP DQ tsb DR) dvm sbs mle)) DS xwx DT DU vjg DV DW rof plb DX DY mar bmr (DZ eco) EA EB EC ED hak EE (mx ffv mnf (EF EG EH EI pui EJ tup pke mqw) rjj)
A B bje gfp (abjq abae saj) ygb D tuy E dlr bag F ojx G rtg H I qlk J K zia zkp ouf L ylk ywe M yws N O P (Q R zpv) crs aarj AH ilr ejq lpj ewp uku AI wym AJ sog wyb bgc (AK AL AM AN cjh) AO bqu AP zcs AQ ayf tqg ebt AR idg xrq zmp AT qwq AU AV gky abat (AW AX abml) (zyg (AY AZ orf aca abro olx acec) (BA pid)) BB BC (lus (BD (BE lee arc) kpx ywo BF) art (BG BH yjo BI mvn bzf gur) BJ) fyw jvr hnr vsh BK mra jrh BL ojx iax kjs pvc jnq vah (nrq qur ffn BM) BN nms drb BO BP BQ BR ard dfm kqo tep BS BT BU (BV BW BX BY BZ jex jao emq (CA aaiw jfp CB CC (njs uyc (xsk wty jye ont kvq (jwq dym tmf) (kgm jot abnt) jbp wfe CD rot CE (CF nze (CG cro) pue dma) CH) (pjr xut lcb) CI) CJ) knc pav smm lym xqk sbb sba gc nyg eys) pkq CK CL mwi skq wip vdz aazd ugw oem CM dql CN CO CP zef gch bgu dfq (trp xva CQ mn) CR cmm CS ivm yzq CT CU CV cew stb (tpx szl CW abvf CX) pbb typ dpm ign CY kap lhg qgq hjv bhn ulj mio CZ DA ttf (DB aadb for (pkl emz (mbd gmm (fpz (DC DD aan) DE) (DF muv) fxj bun rsq cvo kdf aail yoq DG cqn)) (knz DH DI hvb) (dtr ekt lrp DJ nug dyh fxq (wzr klu uea) DK ddw nun mfy) yfh kbk lvx DL abyv (DM aark DN (DP DQ tsb DR) dvm sbs mle)) DS xwx DT DU vjg DV DW rof plb DX DY mar bmr (DZ eco) EA EB EC ED hak EE (mx ffv mnf (EF EG EH EI pui EJ tup pke mqw) rjj)
A B bje gfp (abjq abae saj) ygb D tuy E dlr bag F ojx G rtg H I qlk J K zia zkp ouf L ylk ywe M yws N O P (Q R zpv) crs aarj AH ilr ejq lpj ewp uku AI wym AJ sog wyb bgc (AK AL AM AN cjh) AO bqu AP zcs AQ ayf tqg ebt AR idg xrq (hcv skf) AT qwq AU AV gky abat (AW AX abml) (zyg (AY AZ orf aca abro olx acec) (BA pid)) BB BC (lus (BD (BE lee arc) kpx ywo BF) art (BG BH yjo BI mvn bzf gur) BJ) fyw jvr hnr vsh BK mra jrh BL ojx iax kjs pvc jnq vah (nrq qur ffn BM) BN nms drb BO BP BQ BR ard dfm kqo tep BS BT BU (BV BW BX BY BZ jex jao emq (CA aaiw jfp CB CC (njs uyc (xsk wty jye ont kvq (jwq dym tmf) (kgm jot abnt) jbp wfe CD rot CE (CF nze (CG cro) pue dma) CH) (pjr xut lcb) CI) CJ) knc pav smm lym xqk sbb sba gc nyg eys) pkq CK CL mwi skq wip vdz aazd ugw oem CM dql CN CO CP zef gch bgu dfq (trp xva CQ mn) CR cmm CS ivm yzq CT CU CV cew stb (tpx szl CW abvf CX) pbb typ dpm ign CY kap lhg qgq hjv bhn ulj mio CZ DA ttf (DB aadb for (pkl emz (mbd gmm (fpz (DC DD aan) DE) (DF muv) fxj bun rsq cvo kdf aail yoq DG cqn)) (knz DH DI hvb) (dtr ekt lrp DJ nug dyh fxq (wzr klu uea) DK ddw nun mfy) yfh kbk lvx DL abyv (DM aark DN (DP DQ tsb DR) dvm sbs mle)) DS xwx DT DU vjg DV DW rof plb DX DY mar bmr (DZ eco) EA EB EC ED hak EE (mx ffv mnf (EF EG EH EI pui EJ tup pke mqw) rjj)


