a = isp
b acoo acop = xpa pdm
c acoo = xqd
d acop acoo acoq = dbn
e = awo
f = dlk
g acoo = txh iyj uex
h acoo acop = bsm
i acoo = oeu
j acoq acop acoo = ntq
k acoo acoq acop = nnc
l acop acoo = ibn nzh krs
m acoo = uua
n acoo acop = bmz hut xcl ckf
o acop acoo = kba abeh pfi rod
p = vdf
q acop acoo acoq = mhd
r acoo = mkx
s acop acoo acoq = cqp bcd tqo
t = accs
u acoo acop acoq = tkh
v acoo acoq acop = qap
w acoo acoq acop = ply
x acoo acop acoq = yii ijr
y = rea
z acoo = aama yvd
aa = esd
ab acoo = wzk
ac = bot zor xny lss
ad = gon tuy
ae acoo = fob
af = koi (gbg vaf)
ag acoo = keh eaa
ah acoo = cbv
ai acop acoo acoq = sso nfb
aj acop acoo = fsb bjq sdx ugs thy
ak acoo acop = omd whg qum
al acop acoo = hyy
am acoo = ccn oax aajp
an = ablg
ao acop acoo = vdf
ap = abtv
aq acoo = cpg
ar acoq acoo acop = bnn
at acop acoo = gye ejo
au acoq acop acoo = ybm oip xhp xki absc
av = prx log fbl
aw acop acoq acoo = bfg
ax acoo acop acoq = smf vjj biw lmi
ay acop acoq acoo = tmo rvs krj tkp
az acoo = ljq dyt
ba acoo = aaij
bb = hzj oty
bc acoo acop = lhf
bd acoq acoo acop = ekh
be acoq acoo acop = zwx mng uyg
bf acoo = pwh
bg acoo acop = ccv mmn xtw
bh acoq acop acoo = lnz
bi = gpf
bj acoo acop = quh dj
bk acoo acop = csj
bl acoq acoo acop = wft lhw ggl acgh
bm = xwx
bn acoo acop = ike aaxi
bo = drk tab
bp acop acoo = amy mcg rld ouo
bq acoo acop = ydq
br = zjd
bs = nme ihk rfe
bt = lvb hfg hdt aod
bu = obi nrw
bv acoo acoq acop = kdq
bw acop acoo = ezq
bx acoq acoo acop = xsj qkn
by acoo = dat abuw
bz acop acoo = nvi
ca acoo acop acoq = pbb
cb = aff
cc acoo acop = spk
cd acoo = vri
ce acoo acop = ukx
cf = rov
cg acoo acop = npa (zid yt)
ch acop acoo acoq = ili wb
ci acoo = ola
cj acoo = auj
ck acop acoo acoq = egn
cl acoo = cxn
cm acoo = gys
cn acoo = nqa jdv tj acaf abwh
co = qwn
cp acoo = tmj mez shk zib
cq = gcd xvx acbj
cr acoo = ztt
cs acoo acop = mqr
ct acoo = mts
cu acoo = cmr
cv acoo = prn crx fsp gbx
cw acoo = vmc ast
cx = wqn
cy = jre
cz = uad
da = oae
db acoo = vlm
dc acoo = qoh
dd acoo acoq acop = jlg cgv
de acop acoo acoq = byz htn iml
df = awx
dg acoo = qfe
dh acoo acop acoq = xbt
di acoo = yuh abyq
dj acop acoo = hwg lwg jcp
dk acoo = amn pnq abal wex
dl acoo acop = acmb
dm = wup lzu ofo
dn = vvh cfh psx
dp = abvt
dq = cxr ivo sti abyo qhe
dr acop acoo = aaok
ds = cag acjy bzb
dt = jui
du acoo acop acoq = yce
dv acoo acoq acop = byb nr
dw acop acoo = zie
dx acop acoo = nrs aclp sut
dy = fej rkl bus lwi
dz acop acoo = mgy
ea = zpr
eb acoo = pet ewj
ec acoo = oyv wwy twq
ed acoq acoo acop = zkb
ee acop acoo = keg
ef acoo = acar
eg acop acoo = byx
eh acop acoo acoq = lpj
ei acop acoq acoo = xen
ej acop acoo = zfu ezm
ek acoo acoq acop = njx ggp ov
el acoq acoo acop = sal drq
em acoo = yat
en = oec
eo = kho lsl
ep acoo acop = ihh
eq acoo = wlu
er acop acoo = opo
es acoo acop = mvj ira
et acoo = aaay
eu = fhs olr mmv
ev acoo = kvd xgu
ew acoo acoq acop = acgt
ex acop acoo = nsa
ey acoo = hjy qnv
ez acoo = nvx
fa = kon
fb acop acoo = aapr lms owz
fc acop acoo = zaj
fd acoo = lwu hfy
fe acop acoo = kjd
ff acoo = aacj szr tgw
fg acop acoo acoq = aaax nhc nco uvi aasd
fh = abwx hvf
fi acoo = kyg tba fhy upk
fj acoo = hwd
fk acoo = aakm
fl acop acoo acoq = muw wey fbd
fm acoq acop acoo = isb vas oyl dqt
fn = uyi opz oq hzv fpn
fo acoo acop = lo fdy
fp acoo = sga
fq = jui
fr acoo acoq acop = ig
fs = abul atc crg
ft acoq acoo acop = qsu dnl kxr aauo
fu = wyj
fv = dkf aask rbn
fw acop acoo acoq = nwg tcs jgp aclv lpu
fx = aavh
fy = bgt
fz acop acoo = fog aazu
ga = rxy
gb acop acoo = bxm
gc acop acoo acoq = ibe
gd = eec rms (dhj gfk)
ge = pap
gf acoo = jbq
gg = dyk bsn cbp
gh acoo = xgx
gi acoo = xhe abov
gj = lsx zrt
gk = mbc jzg
gl = iwk glr kaj
gm = wd rfr
gn = abdt
go acoo acoq acop = ykw
gp = jlk pjt pzv abas
gq acoo = dgn aakb
gr = mms
gs acoo = vxo
gt acoo = plb
gu acop acoo = oko abtf
gv acoo = gqf
gw = fxm opc tt ghr
gx = jpm rdm
gy = lka mhz
gz acoo = nlw wnm xla ltp
ha acoo = sig xao
hb = owp
hc acoq acoo acop = fxz
hd acop acoq acoo = okm lx (aavn etn) zep
he acop acoq acoo = dzi yj abuc
hf acoo = frd
hg acoq acop acoo = foe
hh acop acoo = ech dbh
hi = tin
hj = lrs
hk acoo acop = kj aauh
hl acoo acop = mhy
hm acoo = kri eha tky rij
hn = sxo (zld xda)
ho acoo = tol
hp acoo = iqb aayd abmj
hq acop acoq acoo = unf opx
hr = abyi
hs = sbw
ht acop acoq acoo = vul yee
hu acoo acop = sfm
hv acoo = uof
hw acoo = lgw
hx = tnd
hy = akk ubr aaao gnx
hz = abuc
ia = zl (myy ijm soz) zjv
ib acop acoq acoo = um
ic acoo acop = absz
id = wsd adb mpk
ie = ptt law
ig = omv
ih acoo acop = jrg
ii acop acoo acoq = ptg
ij acoq acop acoo = acoq lpm hem
ik acoq acoo acop = sof qwk
il acoo acop = uxh gec dqe kje
im acop acoo = qck znh
io acoo = wgp
ip = axv yej qvc
iq = pde
ir acoo = alt tmt
is acoq acop acoo = ixn
it = jvg aaft wsn
iu acoo = qxg
iv acoo = xq fjf
iw acop acoq acoo = uua dqw ackv
ix = acaf
iy = sfn
iz acoq acop acoo = xvm
ja acop acoo = hhv
jb acoo = mwp leh
jc acoo acoq acop = aoj
jd acoo = gwn uwu
je acoo = hzf (abrq mnd lnz aapa)
jf acoo = ckq
jg acoo = ltn
jh acoo = dck
ji acoo = vxe
jj acoo acoq acop = yks kun
jk acop acoq acoo = yfc
jl = xwh crp kpn aapz xkd
jm acoo = aoy vrh
jn acop acoq acoo = yeo woi
jo = vya
jp acoo = bpu
jq acop acoo = tum
jr = aapn acid
js acoo = aaiz psk
jt = fzk
ju = aarb
jv acop acoo acoq = aec
jw = uve aanm ozy
jx acop acoq acoo = bis dtq
jy acoo = dpq
jz = cuu
ka = wds
kb acoq acoo acop = gar qui
kc = buo yad
kd acoo = qnl
ke acoo = ukj
kf acoo = izg
kg acoq acop acoo = ony gmq
kh acoo = zuw dog fmz
ki = jjs eow vev vvu
kj = lyk
kk acoo acop = wzg
kl acop acoo = abrw upn kwh
km acoo acop = abjp izp hsj jtf
kn = pco
ko = ytc
kp acoo = jlo npu jjg ukf
kq = abxv gva
kr = hwa kzv
ks acoo = jli
kt acoo acop = htz moj
ku acoq acoo acop = fyv
kv acop acoq acoo = yen qbx ivc trr
kw acop acoo acoq = iwc ond
kx = suw
ky acoo acoq acop = wvx
kz acoo = ell
la acoq acoo acop = vtu
lb = xjo
lc = vgb
ld = qsl
le acoo acoq acop = qbz
lf acoo = rpd
lg = ahd uts zxq
lh = blw
li acoo = msr
lj acoo acoq acop = edx xii
lk acoo acoq acop = trt zrt gef
ll acop acoo = kwv
lm acoo acop = absm
ln acop acoo = osq ydk hwe
lo acoo = avh
lp acop acoq acoo = gjm
lq = jgd muq
lr acoo = oyc
ls acop acoo = imq
lt = ciy ixz
lu acoq acoo acop = acer
lv acop acoo acoq = wja
lw acoo acop = rso
lx acoo = aahi
ly = eyz bwt zoq tag
lz = coi
ma acop acoq acoo = tfo vqt fxz mup wyt
mb acoo = nrc
mc acoo acop = vde acbs zhp
md acoo = srr
me acoo = axf xvz (suj oav) abpm
mf = cfb
mg = fua
mh acoq acoo acop = gah
mi acoq acoo acop = aaat ggl
mj acoo acop = tdd
mk acop acoo acoq = job wdy dot
ml = jqp rma
mm acop acoq acoo = aqp
mn acoo = kpe typ juo dry
mo acop acoo = cej
mp acoo acop = jse
mq acop acoq acoo = dle
mr acoo = iqi gnm
ms acop acoo = vix
mt acoo = iwj cpp wmu
mu acoo acop = cpi zda
mv acoo = vze lyg
mw = jns
mx acop acoo = hec
my = ylv hmx
mz acoo = qxv
na = mhu
nb acoo acop = peu aaht vif
nc acoo acop = ujh ivj dwl
nd acop acoo = loo tpu xml ohu bgi
ne acoo acoq acop = cqr
nf acoo = aafs aagr
ng acoo = wjt gkr mks
nh acoo = aaio
ni acop acoo = lrs
nj acoo acop = tfb
nk = uno hwx
nl acoo acop = aajk
nm = pmj
nn acoo = xva sdd
no acoo acop = xjh
np = yb fsl ltz
nq acoo = tdu (isy sde aabe)
nr acop acoo = vvz
ns acoq acoo acop = zho
nt acoo = vos bjb wqz eyd iqn
nu acoo = azc
nv acop acoq acoo = ylu new
nw acop acoo = aajc
nx acop acoo = rgd ssl xfc mbd yti
ny acop acoo = brx
nz acoq acoo acop = toy
oa = ablb hen
ob acoo acop = mcu
oc acop acoo = hcc
od acoo = dz
oe acop acoo acoq = zt
og = bqa
oh = whk mbb gwj tzh fjj
oi acoq acoo acop = nfa
oj acop acoo = os
ok = deg tuk vob
ol acop acoo acoq = ybq
om acoo acop acoq = acgo
on acop acoo = jaq yum
oo acoo acop = lpb
op acoq acoo acop = kpp
oq acoo acoq acop = aty sor
or acoq acop acoo = abgk
os acoq acop acoo = qtr
ot acop acoq acoo = rsl
ou = aada
ov acoo = aja
ow acoo = fxx yid fvy tir
ox = zhi
oy acoq acop acoo = mli ifr abjm
oz acop acoo = qvy abuj kie
pa acop acoo = jai
pb acoq acoo acop = evk
pc acoo acop = aacj bsn zxk
pd acoo acoq acop = iln
pe acop acoo = uxl
pf = nov
pg acop acoo = fhs
ph acop acoo acoq = usi
pi = kok
pj = acep moy exh
pk acoo = emw
pl acoo = fiq
pm acop acoq acoo = ani bxu
pn = wcq jqg
po = kef bwg uoc
pp = wvm
pq acoq acoo acop = lju
pr acoo = ont
ps acoo = umt
pt = ebb
pu acoo = cjg
pv = exf ygh phc vtw
pw = mr xye
px = tzw gfa
py acoq acoo acop = bhi
pz acop acoo = abbp zxc vqr qng
qa acoo acop acoq = gsf
qb acoo acop = yhq lrt cak zrg
qc acoo = zr
qd acoo acop = bfz
qe acoo = led xce mdt dqm
qf acoo = acoo okn
qg = ies qox sxn
qh acoo = sbp
qi acop acoo acoq = rue etm
qj acoo acop acoq = skb
qk acoo = ehl rty akj
ql = pmh
qm = uar xtc pcg
qn acoo acop = aaez fqi
qo = wxt kds
qp = ueb
qq acoo = kdy bvk wgq niq
qr acoo = cnf kwd
qs acop acoo acoq = odo aj urb
qt acop acoo = tba apb ybd gjw
qu acoo = hkm zam aael
qv acoo acop = nsf
qw = qca
qx acop acoo = mou wij aasf
qy acoo = ydj ebl jxc kha aapz
qz acoo acop = bst
ra acoo acop = kfu
rb acoq acoo acop = rkx lqe
rc = qnp
rd acoo = accb
re acoo = xap
rf = qzo
rg acoo acop = lto
rh = ydd
ri acoo = abzv vjb
rj = akd
rk = eib
rl = amj
rm acop acoo = cuf qyc xqc
rn = tn
ro = msm nal abaa abmj
rp = lho pim
rq acop acoo = ave tjx
rr = jiv pff
rs = lmt qoa
rt acoo = gb jvi aazm
ru acop acoo = lgn owr
rv = dpi
rw acop acoo = aee
rx acop acoq acoo = noe
ry acoo = agc
rz acop acoo = aeu
sa = abfq
sb = ugs ubn
sc = ulr qxc
sd acoo = arm
se acoq acoo acop = cdf zoc mt
sf acoo = zaa fiw
sg acoo = acax
sh acoq acop acoo = chl
si acoo acop acoq = pln cqm xou
sj acoo = nnz
sk = eqk
sl acoo acop acoq = muo
sm acoo = mso
sn acoo acoq acop = npq ojn
so acoq acop acoo = zhv acoh pdv abtz
sp acoo = fqq
sq acop acoo = oir
sr acoo acoq acop = pui vrn
ss acoq acoo acop = jve wbq (jit cfp oem)
st acoo = acmm
su acoo = ooo bdf rmo
sv acop acoo = zwj
sw acoo = hdl doh ibn
sx acoq acoo acop = acdy
sy acop acoo = boo mam bey qex
sz acoo = qrn yns
ta acoo = xmw
tb acoo = qbb
tc acoo = kjw
td acoo acoq acop = htd
te = gks aajz
tf acoo = yip nkh aamr mqy
tg acop acoo = wdt wyn kse
th acoo acop acoq = aob
ti acoq acop acoo = fan pze
tj = ytq
tk acoo acop = zor gom ybq aagp
tl acoo acop = cq ylo lxu
tm acoq acoo acop = utm uyb abyr
tn = tbn
to acoo = zaq xep wrv tia
tp = hiz
tq = unj
tr acop acoo acoq = qir acjk gze amj
ts acoo acop = rzy
tt acoo acop = gnv
tu acoo acop = pes
tv = dpf
tw = hlb wem
tx = acgd btf
ty = gmt kgp cxt
tz acoq acop acoo = yye
ua acoq acoo acop = cou ikw
ub acoo acop = sjp
uc acoq acoo acop = aaaa
ud acoo = tpg byj
ue acop acoo = him suj hxo
uf acop acoo acoq = vfv
ug acoo = ybo fay cig hbe ahl
uh acop acoq acoo = fjc
ui acop acoo = accv
uj acoo = dbh ywe cls
uk acoo acoq acop = gkp
ul acop acoo = unu
um = uyp qwb crb
un acoo acop = qgg yyq abat
uo acoq acoo acop = ubj qdi
up = gez
uq acoo = yhs
ur acoo = dfj gxm
us acop acoq acoo = agb rqt klm gzj
ut acoo acoq acop = cix
uu acop acoo acoq = kvn
uv acoo = orm ytn jzl czp
uw acoq acop acoo = anp
ux acoo acoq acop = lsf
uy = lo tfi hqz
uz = eel qfj
va acoo acop acoq = gfi
vb acoo = wna wjr
vc acoo = aawg pfv apb bro
vd acoo = kww
ve = mbd
vf acoo = rpb
vg acoo acop = joj ltq ozs
vh acop acoo = dof kdu otx
vi acop acoo = gzs
vj = kz
vk = rwa kul nju
vl = ola wkn whg ilw owb
vm = wyt wdg
vn acoo acop = vus
vo acoo = ruh
vp = yiq
vq acoo acop = uxi qhh tp oiw
vr = ajg
vs acop acoq acoo = xfl
vt = aaju gyl kue rcz
vu acoo acop acoq = ft wog
vv acoo acoq acop = aya
vw acoq acoo acop = eok lax
vx acop acoq acoo = ira
vy acoo acop acoq = xis lma
vz acoq acoo acop = mmq
wa acoo = aaav txk jhv sin
wb acoo acop = acmf
wc acoq acop acoo = ubs acbx rsc nma
wd acoq acoo acop = eud ezn gux
we = kyj abux
wf acoo acop = lxk nmz eyy vfr
wg acoo = bgz
wh acop acoo = zud
wi acoo = xub jua
wj = vsf gkz
wk acoo acoq acop = jqt
wl acoo = tvd
wm acop acoo = tgk aajo
wn = dmv kxu nob ddq cfj
wo acoo acop = qgb
wp acoo acop = mja xiw
wq acoo acop = ozf
wr = cug hnu aad
ws = xrt
wt acoo acoq acop = qtb
wu = gpa gmw dvw
wv = ggw
ww acop acoo = sag (bcb yb)
wx acoo = acoo out
wy acoo = idj znk
wz acop acoo = qsa aboz
xa acop acoo = nij (abav qdt)
xb acop acoq acoo = lir
xc acoo acop = hlj gze
xd = cem csh wyx wle
xe acop acoo = nuh
xf acoq acoo acop = zvq
xg acoo = tvc ubc
xh acop acoq acoo = heo obx yxw
xi acop acoo = gas zdl iwe
xj acoo acoq acop = tro
xk acoo = zle
xl acoo = yaw dkr efo kkm kbw
xm acoo acoq acop = gjf
xn acoo = svs qil aayn abg xtk
xo = acdt bcf
xp = qxx
xq acop acoo = gny
xr acoo = qqn
xs acoo acoq acop = mxb
xt acop acoo = yxi abul
xu = aans
xv acoo acop = cuj
xw = neg
xx acoo acop acoq = ssa
xy acoq acoo acop = uex
xz = dac fhq wsz
ya = ayn (uig dtg) tdj
yb acoo acop = uvb
yc acoo = bqr xxa wmc
yd = doj
ye acoo = woc mkn
yf acoo = ahf gfj
yg acop acoq acoo = teo
yh acop acoo = ffv faa abfs
yi acoo acop acoq = ywj
yj = tym hop
yk = bxg
yl acop acoo = jjw szo ogm
ym acoo = hmd cib vml
yn = zez (gxe zpq)
yo acoo acop = uid mgo
yp acoo acop = ydt
yq acoq acoo acop = ova
yr = mso
ys = abgs eyf
yt = nef
yu acop acoo = jfo
yv acoo acop = ewl pso
yw acop acoo = lmr ejp vqk
yx acoq acoo acop = rto sat jxe
yy acoo = cir
yz acoo acoq acop = nvd
za = rnk
zb acop acoo = zee
zc acop acoo = nng
zd acoo acop = aws lmi
ze acop acoo = lib nky gmh uuh absg
zf acoq acop acoo = aln
zg acoo acop acoq = cb djl
zh acoo = ivn
zi acoo acop acoq = fhg
zj acoo = lsp
zk = pzu fuw ixv iip
zl acop acoq acoo = mwg
zm = eiu jzh
zn acoo = bd
zo acoo = vbx
zp acoq acoo acop = onl
zq acoo = ixt mqp zbc
zr acoo acop = evs qak
zs acoo acop = aagi tgi zuk uap
zt = abwf
zu acoo = bxa dya
zv acoo = eer
zw = ydo awr
zx acoo = qlb
zy acoo = wgc zne abph rwm juq
zz acoo = bxp hai ich
aaa acoo = mzt fxw aaca
aab acop acoo = edg
aac acoo acoq acop = zpx
aad acop acoo = uey sfs hhl jhk
aae acoo = abqf
aaf acop acoo = aey cgb xkg
aag acoo acop = abjh elz (wln dol)
aah acop acoo = ufc
aai acop acoo = ilp
aaj = cih
aak acoq acop acoo = fva
aal acoo acoq acop = kdx mau
aam acoq acoo acop = fmy
aan acop acoq acoo = lyy
aao acoo = yos
aap acoo = phi
aaq = abg tfq qip dt
aar acoo = aor to
aas acoo = dkx
aat acoq acop acoo = aade
aau acoo acop = dlp
aav acoo = hil
aaw = gyo
aax acop acoo acoq = pct hbk xte
aay acoo = gex
aaz = xhv
aba acoo = rrd
abb acoo acop = ksy ypk
abc = efx ltj
abd acoo = wbw
abe = hgg
abf acop acoo acoq = uvl
abg acoq acoo acop = cnc
abh acop acoo = ovz
abi = vrt
abj acoo acoq acop = nfs fqt dnn dps
abk acoo = ert
abl acoq acop acoo = uko
abm acoo acoq acop = dlv sgr
abn acoo acop acoq = olk tuc dhh rvk
abo acoo acoq acop = ucn
abp acop acoo acoq = qwp
abq acoo acop = ljz
abr acoo acop = vds vgs
abs acoq acoo acop = vkt inl ocf
abt acoo acop = kzd
abu acoo = all xfu brj hdx
abv = aiu qou
abw = wxj jsm agr mma
abx acoo = sya
aby acoo acop = nqm
abz = uut
aca acoo acop = aaxt
acb acoo acop = acam
acc acoo = kld xiw jfn
acd acoo = nhc
ace acop acoo = lyo
acf acoo = iwr
acg acop acoq acoo = nno
ach acop acoo = uii kix
aci = okd
acj acoo = xze
ack acoo acoq acop = ela aazy abjc yqt
acl = hxp
acm acoq acoo acop = or
acn = bby ecz tzy
aco acoo = efh
acp = fxr ktl ihy ppl
acq = acfa rpy hca
acr acop acoq acoo = mjo
acs acoo = yau bbz aane tml
act acoo acop = uxs ewb
acu acoo acop = oab
acv acop acoo = hkz jps
acw acop acoq acoo = izr
acx acop acoo = ntf hue
acy acop acoo = jhb
acz acoo = hbr guk
ada acoo = op (gff biw)
adb = pmj
adc acoo = tgc oto
add acoo acop = tpi grp wke
ade acop acoq acoo = aboa
adf acoo acop acoq = sst bjf
adg acoo acop = ehs dgg hwy
adh = usb ntr
adi acoo acop = gkn ybw zvl
adj = dpy
adk acoo = zca
adl = aanf
adm = vxh tqg biz xqp
adn acoo = anu vvr
ado = yal
adp acoo acop acoq = hqk uje
adq acop acoo = qbt pqv pvn
adr = yuc xsh
ads = brb
adt acop acoo = hgb
adu = mbc
adv acoo acop = fgx
adw acop acoo = rfi ani
adx acoo = dok
ady = uuc
adz = fvk
aea acop acoo = okl avt svb
aeb acop acoo = ucm hvy
aec acop acoo acoq = roj pdk
aed acoo = abkb
aee acoo = usi zok
aef acoo acop = lvs fkb ozn
aeg acoo acop = ttu eaj mhm
aeh acoo acop = bre
aei acop acoq acoo = kyf
aej acoo acop acoq = snc
aek acop acoo = tpa
ael = pat ctp
aem = oii
aen acop acoo acoq = nfa dif
aeo = gvp mhw wus
aep acop acoo = hpc prf
aeq = zub lvq
aer acoo = jni cfj jpg
aes acoo acop = nra
aet = xyx cmu pi
aeu acoo = ppd
aev acoo acop = adc
aew acoo = sgq pyl
aex acoo acop = xhn (djz acba)
aey acoo = xpr
aez acoo acop = zmm vkc
afa acoo acoq acop = absf
afb acoq acoo acop = qqb
afc acoq acop acoo = ahh abcy
afd acop acoo acoq = kbj sjq
afe = nhp (zlg hka hay weu)
aff = qiz
afg acoo = nlp aayz jqm
afh acoo acop = xjs
afi acop acoo = wss rkx
afj acoo = aalc
afk = ijk
afl = ijv nsx fzk
afm acoo acop = etf kng
afn acop acoo = qav
afo = fdv
afp acoo = duj
afq = ubj
afr acoo acoq acop = vdj ipp hbb
afs acop acoo = qcv uto
aft = spu vks acii
afu acop acoo = cll acak (aaxb gwo)
afv = pct
afw = pmf jiv (abfz kgm)
afx acoo = tmm sug (mgo fiv)
afy acoo acoq acop = dli ccb zis abpm
afz acop acoo = qvi qsz
aga acoo = kge acjf kpp
agb acop acoq acoo = mcw
agc = ufc lqe ojk aub wew
agd acoo acoq acop = byn au (ztc pmv)
age acop acoq acoo = cso uey
agf acop acoo acoq = vzg pcl
agg acop acoo = abof
agh acoo = kio
agi acoo acop = ksf
agj acop acoo acoq = slz
agk acoo = kqd kpp sip
agl acoq acop acoo = hgj fmc
agm acoq acoo acop = ulb acls koc sxz qpl
agn = elx uan mja
ago = jmi
agp acoo = lec xsh
agq acoo = obj ztv
agr acoo acop = dhw
ags = brh (ukw aaxv)
agt = bsj
agu acoo = bqe
agv acoo = vuo
agw acop acoo = hyp acmd (yuz ufh)
agx acoo acop = xvy kil
agy acoo = gyv
agz acoo = xqe
aha acoo acoq acop = tvj pwh
ahb acoq acoo acop = wu vcf hmp
ahc acop acoo = kir
ahd acoo = vz
ahe acoo = fwb ilp pie byi anj
ahf = nez (zqv wfh)
ahg acoo = jjz
ahh acop acoo = xap
ahi acop acoo = ohv
ahj acop acoo = tlu
ahk acoq acoo acop = bct
ahl acoo acop acoq = zhg
ahm acoo acop = uxt xld
ahn acoo acop = uex
aho acoo acop = cgg
ahp acoo = fuf
ahq = zmt
ahr acoo = jir
ahs acoq acoo acop = bic
aht acop acoq acoo = abh (tpw eqn abvo)
ahu acoq acoo acop = zvh
ahv acop acoo acoq = npm
ahw = ozv
ahx acop acoq acoo = aot
ahy acoq acoo acop = awa abnj
ahz = rqe hxq abpe uny ykr
aia = zrw
aib acoo = rvv tnm oo odx
aic acoq acoo acop = nlf vxj gmd vgn
aid = xqt yho kix qff
aie acoq acoo acop = tci jzp bza
aif acoo = xcj fzp dti
aig acop acoo = anr
aih = iql
aii acoo = sdp
aij acop acoo = mug
aik acoo = sda xuz vem
ail acoo = dea
aim acoo = kys
ain = wmx wbg
aio acoq acop acoo = gqx cjo
aip = znx qal ogu
aiq acop acoq acoo = atb
air acoo acop = jlf
ais acoo = acax
ait = ygh
aiu = fju
aiv acoo = gbo
aiw = ldw bat
aix acoo acoq acop = bkp
aiy = moq
aiz acoo = qel ecl rtw lgq
aja acoo = qqt yef iyf cmt
ajb = eja psm
ajc = aasi
ajd = pon
aje acop acoq acoo = mib
ajf acop acoo = utj
ajg = fvu noq
ajh = uhv dvk
aji = eqw
ajj acop acoo = iyb abyb
ajk acop acoo = sux
ajl = kqs
ajm acoo acop = xrx
ajn acoo acop acoq = gp aclg
ajo acoo acop = rrr nlo
ajp acoo = aauf bum txt
ajq acoq acoo acop = pux
ajr acop acoo = oyj ttr
ajs acop acoo = lhe paj aavf
ajt = tkb (jil tbt nne)
aju acoo acop = tau
ajv acoo = ltc rkt qjo jfw
ajw acop acoo = fhu aafz
ajx acop acoo = qpl tlt spp
ajy = qkj mqc vcs
ajz acop acoq acoo = src cyz ayn
aka = fqg
akb acoo = smu
akc = mxn yju vjp
akd = wur awp
ake acoo = mxa veo
akf acop acoq acoo = abay
akg acop acoo = lkm
akh acoo acop = wr
aki acop acoo = izy sas zjn
akj acoo acop = kok ache ksg
akk acoo = lqq aarv
akl = ux
akm acop acoo acoq = dgq sjp
akn = vxz
ako acop acoq acoo = nkw
akp acoo acop acoq = gpt liu auf
akq acoo = oke cmg oph (egu qpe)
akr = amw aayn
aks acop acoo = ppa vju djf
akt acoq acoo acop = ovi ase eez
aku acoo = dsa abte
akv = xcf
akw = gdn
akx acoq acop acoo = fzq
aky acoo = oqq
akz acop acoo = acin (cll tvf)
ala = vkr gzj tuy
alb acoo acop = qyb
alc acoo acop = pot vbw
ald acoo acop acoq = sbx drl msn
ale acoq acoo acop = sga
alf acop acoo = lhk
alg acoo acop = csr omd
alh = ygh
ali acoo = tfi jcb
alj = vxx fgb tdz
alk = vtf dsg bkq
all acoo acoq acop = kjc
alm = thp ipd
aln = gj
alo = kpk iwc
alp acoq acop acoo = ara
alq acoo = kce bpt
alr = mso hty
als acoq acoo acop = aacn
alt acoo acop = vtz npz rro anj snr
alu acop acoo = yd ens nhz
alv = abij
alw acoo acoq acop = ubx
alx = xct
aly acoo = ete
alz acoo = yfp gdl zmb noy nrx
ama acoo acop = wzv
amb acoo = nzy zza
amc = jdj
amd acop acoo = cqv
ame = uae
amf acoq acop acoo = jnl
amg acoo = lzk
amh acoo acop = rrj
ami = qiw
amj acoo acoq acop = hbq ssn
amk acoq acoo acop = aapq
aml acop acoq acoo = hwt
amm acoo acop acoq = eou
amn acoq acoo acop = rwx lun svq
amo = rhb ugu djr svf mnd
amp acoo acoq acop = aabq
amq acoo acoq acop = vwy llp
amr = xiv
ams acoo = xrk
amt acoo = qsn
amu = abyl
amv acoo acop = iy
amw acoo = wmv
amx acop acoo = sqi
amy acoo = bbh gpx
amz = mwb
ana acoo = wmi
anb acoo acop = uel urj abfi sur
anc acop acoq acoo = exq acg aafu
and = cob lag akr
ane acoo = yxg mgc pqr jop
anf acoo = npt jqh
ang acop acoo acoq = pjh
anh acop acoo = hln wlt cxy
ani acoo = abon
anj acop acoo = yen
ank = oo oxd
anl = pba pnj
anm acoo = qlq
ann acoo = bov gru
ano acop acoo acoq = dgt
anp acoo = zbx ujh klb
anq = zxi
anr acoo = nvf
ans acoo = hru qtx uei
ant = abld
anu acoo = htt wyf
anv acoo acop = gmp
anw acoq acop acoo = pmq
anx acoo acop = xrf nyi vau
any = vsf
anz acop acoo acoq = abhk
aoa acop acoo = zlj wmv tzk
aob acoq acoo acop = idc
aoc = kgm jhr asl ola
aod = ddc abpg fya
aoe acoo = aaxy
aof = qic ryb jzi cng igm
aog acop acoo = qdy
aoh acop acoo acoq = oag
aoi acoq acoo acop = acgn
aoj acoo acoq acop = tbp
aok acop acoo acoq = hex
aol acop acoo = abg aciy qct
aom = rxd
aon = fnh
aoo = yoc ola
aop acoq acop acoo = kva
aoq acop acoq acoo = yzt tbl hem rnd
aor = ugq rfi
aos acoq acop acoo = upa
aot acoo acop = gbi
aou acop acoo = gou
aov acoo acop = ump
aow acoo acop = ina
aox acoq acop acoo = zmf
aoy = vnj
aoz acoq acoo acop = lwy aajx (qps jev gh)
apa = glw
apb acop acoq acoo = tyh
apc acoq acop acoo = kqb
apd acoo = clp (mlg bws fwp mkl)
ape acoo = zxs zzb tpw ef
apf acop acoq acoo = xgm hhh
apg acoo = yii
aph acoo = uec fbo lnw
api acoq acoo acop = acjz abpj
apj = lca
apk acoq acop acoo = hcc
apl acoo = vzj
apm = nzp vpf otq
apn acoq acoo acop = rga
apo = irc jwo jme
app acoo acop = fla abdv oen rdk
apq acop acoq acoo = wbn
apr acop acoo = iwq
aps acoo = ote
apt acop acoo = lae aaox nri
apu acoq acop acoo = ikv
apv = ozg
apw = ojn
apx acoo acoq acop = zqq
apy acop acoo acoq = kmu lnz oms mlc wob
apz acoo = jwr
aqa acoq acoo acop = yui hbp iyp
aqb acoo = acca
aqc acop acoq acoo = hao aaih
aqd = acmu
aqe = rzr
aqf acop acoo acoq = jrk
aqg = uza yjd hib
aqh acoo acop = aacz rzo
aqi acoo acop = pew jgf gwz kuz
aqj acoo acoq acop = feg qhj
aqk acoo acoq acop = gxz
aql = oik
aqm acoo acop = bfj
aqn acoo = isp pkp
aqo acoo = abko
aqp acoq acoo acop = cen
aqq acoo acop = ljv
aqr = yfr
aqs acoo acop = umm
aqt acoo = zhi scp
aqu acoo = mfo fja kwb csa
aqv acoo acop acoq = zpr nah
aqw acoo acop acoq = ngd
aqx = wwd
aqy acoo acoq acop = abbw mgx vur cxe
aqz acoo = rw
ara acoq acop acoo = nlf
arb acoo = dof swq
arc acop acoo = fev rpo myz (vhk ezq)
ard = znl
are acop acoo = cry gp
arf acoo = dfv zjn aaen
arg acoo acop = mnk gmr
arh acoo = lnj ok (bfj drv)
ari acoo = ana (hcw exp mwq)
arj acoo = aclg byp kgh abyt
ark = ug
arl acoo acop acoq = crt
arm acoo acop = tlr
arn = kcp
aro acoo = umq
arp acoo acop acoq = sbf
arq acoo = kwh
arr = uph qxy wgi
ars acoq acoo acop = vaj sqp gjy
art acoo = ava kbr qxp
aru acop acoq acoo = aapk tsz fdy
arv acoo acop = vsa vrb
arw = pwm miz wmj
arx acoo acop = im
ary = zsp eaq ackz cqw vbn
arz = qkc
asa acop acoo = vvg rdw
asb acoo = jdk
asc acoo = gm
asd acoo = mac
ase acoo acop = xfu wik
asf acoo acop = vkm
asg acoo = cue xan
ash acoo acop = acag
asi acop acoo = dvx
asj = qus
ask = ato or ppr
asl acoo = rbk
asm acop acoo = gqr vbm
asn acop acoo = ttt aaxl rkr qfy ank
aso = cdj puw obs
asp acop acoq acoo = rtj
asq acoo acop = uxs
asr acoo acop = ltv
ass = wjo
ast acoq acoo acop = kfe
asu acoo = vzu
asv acoo = pwe ref ins nwf
asw acoo acoq acop = hpx htw fam
asx acoo = myu nvq
asy acoo = moj
asz acoo acop acoq = fhc dli mfj cih
ata acop acoo = pvz
atb = abia
atc acoo acoq acop = tbq
atd = ijc jul utt
ate acoo = cii jka (pjl fwu abff)
atf acoo = uaz
atg = mra rgq vtv
ath = pvp ydn (ayt ico ggt)
ati = aazt kij
atj acoo acop acoq = rbc
atk acoo acoq acop = zzx
atl acop acoo = qff
atm acoo acop = dka
atn acop acoo = jbz lp
ato = oby
atp acoo acop acoq = ayk
atq acop acoq acoo = hop
atr acoq acop acoo = pif
ats acoq acop acoo = vce
att = fmz
atu acoo = ssv
atv acoo = llv axj aog
atw acoo = oxi
atx acoo acop acoq = cmg
aty acop acoo = rir
atz acoo acop = vbk
aua acoo = xsn
aub acoo = sco nwx
auc acoo acop = jge gue
aud acop acoo = iax bqu
aue acoo = fio phe
auf acoo = nve
aug acoq acop acoo = aqg
auh acop acoo = cfh
aui acoo = qon
auj acoo = abfg qxt
auk = piz
aul acoo = bjb
aum = flj
aun acoo acop acoq = jlu (iur hdk efk)
auo acoo = wxv
aup acop acoo = puq
auq acoq acop acoo = suq xcy
aur acoq acop acoo = cai
aus = izs abar xpl zef
aut = ezb ygv boj
auu acop acoq acoo = paf
auv = ezx
auw acoq acop acoo = zum aafc
aux acoo = mrb roh
auy acoo acoq acop = xoh
auz acoq acoo acop = dzp mua
ava = rqy btq hqj (nbs cy)
avb acoo acoq acop = pbw
avc acoo = piz
avd acoo = lzy
ave = aait
avf = ima prp
avg acop acoo = zhj
avh = pve
avi acop acoo = avp
avj acoo = adj co
avk = vui
avl = orl
avm acoo = fbz hwz fjv alg
avn acoo = fcz
avo = abmw
avp acoq acoo acop = uhd
avq acoo acop acoq = qsw
avr acoo acop = cui ahl
avs acoo acoq acop = usr
avt = goy
avu acoo acoq acop = qcc
avv = wgm
avw acop acoq acoo = dwe
avx acop acoo acoq = fdv fta fcj emp
avy acoo = hc
avz acoo = amc tsh
awa acop acoo = cll rew
awb acoo = yjl
awc acoo = yha
awd acop acoo acoq = abbt
awe = kad
awf = abol dsn tic abrx
awg acoo = gcy
awh acop acoo = zzu
awi acoo acop = hly nji
awj = buc abjg gml
awk acop acoo = kcb
awl acop acoo acoq = xgc
awm acop acoo = upq
awn = ablr
awo acoo = abkf aaxm
awp acop acoo = aayz
awq acoo = sva
awr acop acoo = nba
aws acop acoo = tjf ycg pjn fsc
awt = dwg iyq muf
awu acoo = qme kkn
awv acoo acoq acop = wys zxv zjo
aww = dnf txc uwr gdo f
awx acop acoo acoq = wsp tin (tdr pvf dem)
awy = aayw
awz acoo = tbm tew
axa = jeb
axb acoq acop acoo = kpo abon qoc
axc acoo = abuh
axd acoo = abis abth
axe = gox
axf acoo = uxr ddm
axg acoo acoq acop = xbx lif wfr uwh
axh acoo = qyh ftu
axi acoo = gfs uxk
axj acoo = mpg cgz
axk acoq acop acoo = vwz aaud bvt iwk
axl acoo acop = wx zql pvd (sal zai)
axm acoo acop acoq = uqp
axn acoo = mjx ipt
axo = wee pgw
axp acoo = acdo aail
axq acop acoo = abhy
axr acoq acoo acop = imo (faz kx xtd xym)
axs acoo acoq acop = ntw udr aaio
axt acoo = rsi hyc
axu = njj
axv acoo acop = eob oru abvj hdi hzp
axw = grj nre
axx = jnc
axy acop acoo = jrk
axz acoo acop = gjm xg
aya acoo = abug szr zom
ayb acoq acoo acop = ozv
ayc = lgy
ayd = gnf zeh absq
aye acoo = eai
ayf acoo acoq acop = nrd (blk htz yrf)
ayg acoo acop acoq = fyb
ayh = erx
ayi = jwe gu ror gz
ayj acoo = aahu
ayk acoo = aaze cer tw
ayl = qz awz fls
aym acoo = ivh
ayn acop acoo = whi
ayo acoo = wtv kem kiw ulo yhn
ayp acoo acop acoq = wed gns
ayq acop acoo = jdv
ayr acoo = ablb
ays acoo = rku fln btl
ayt acoo acop = ztr
ayu acoo = ivp
ayv = zxn wto bxl atp
ayw acoo acop = oal
ayx acop acoo = bzu
ayy acoo = bnv
ayz acoo = aafa qjc
aza = rzu
azb acop acoo = qhy
azc acoq acop acoo = zth
azd acoo acop acoq = pal coy uos
aze = gmv
azf acoo = ylp jj
azg acoq acoo acop = tvu ken
azh acop acoo = zsc
azi acoo = rmq
azj acop acoo = ldq sji teu
azk acoo = rst trj
azl acoo = odo
azm = huv uue
azn acop acoo = xfc
azo = hra (dwx fpi)
azp acop acoo = qoz yfy
azq acoo = ly wqc aazq
azr acoo acop = dut
azs acoq acop acoo = qxq
azt acoo acop = yzl
azu acoo = tgq (nbu qdz)
azv acop acoo = rpd hbn nxl
azw acoo = vwm
azx acop acoo = tzv
azy = abrp
azz acoq acop acoo = bmx
baa acop acoo acoq = qzy wvq
bab acoo acop = dtl
bac acoo = tcz ohu hhw (eaq cjx)
bad = eod
bae acoo = yay
baf = aard abps aawt swo
bag acop acoo = qzn ldc
bah acop acoo = osw
bai acoq acoo acop = rks
baj acoq acop acoo = gyy thm zdk rmr
bak acop acoo acoq = l uhq
bal acoo acop = ibm
bam acoo = uyc ekz rks fph huh
ban acoo = hmz yif
bao acoq acop acoo = yjk
bap acop acoo acoq = abnf
baq = yba
bar acoo acop acoq = cbo kok
bas acoo = tbm
bat acop acoo = lvt oki slq
bau acoo = has oep
bav acoq acop acoo = ieo
baw = qmo
bax acop acoo = abul ugp tin ifp nvc
bay acoo = wwo vbg
baz acoo = yiv ifp
bba acop acoo = uzz
bbb acoo acop = zim
bbc = ppl tsb
bbd acoo acoq acop = acfi
bbe acop acoo = mlk
bbf = nvh xbn tcr bo
bbg = vbn ogr
bbh = seq
bbi acop acoo = wim
bbj acoo acop acoq = tgy
bbk acoo = ywl lxj qww
bbl acoo acop = xdx gto eys wdb utq
bbm acop acoo = ksx
bbn acop acoo acoq = zvt dhm zwd
bbo = jan
bbp acoo = bat
bbq acoq acop acoo = qvv col
bbr acoq acop acoo = moh
bbs = bcw
bbt acoo acop acoq = cbz
bbu acoo = ogi ntu tke
bbv = rdt bew
bbw acoo = skh
bbx acop acoo = ljx thy nlf
bby acoo = jhc rso
bbz = ekl
bca acoo acop = fgx
bcb acoo acop = rmf
bcc = fyy
bcd acoq acoo acop = rgu orp gog
bce acoo = fgf rod kct
bcf = vcz
bcg acoo = ndr
bch acoo acop = ugb xmg dwe
bci acoq acoo acop = jpr
bcj acoo = cuj hax yww anq bib
bck acop acoq acoo = nsw hrb
bcl acoo = aakv ftp
bcm acoo = lde kek ebx
bcn acoo = swu
bco acoq acop acoo = ztw dhe
bcp acop acoo = abxx pyw
bcq acoq acop acoo = ndn
bcr = xfx
bcs = lda
bct acoo = eji
bcu = hdy
bcv acoo = yha bfm ret cnq
bcw = rmx
bcx acoo = typ
bcy acoo acoq acop = jll ppj thl lkk
bcz acoq acop acoo = yey fvv xyc bwn
bda acoo acoq acop = cfh
bdb acoo = dii
bdc acoq acop acoo = dkd qo
bdd acoo acop = eyo
bde acoo acop = jjk
bdf = ses hhj
bdg acoo acop = yvu dvu znv
bdh acoo acop = xoi
bdi acoq acoo acop = qpr
bdj acoo acop acoq = jyn
bdk acop acoo = hux
bdl acoo = zjp hoa flj
bdm = yiz zoq aaec lsf
bdn acoo = ysz
bdo acoo acoq acop = brp
bdp acop acoo = vfe
bdq acoo = aaub
bdr acoo = oai igo pfx
bds = rza xqu hmp oeo
bdt acoo = fmd usw
bdu acoq acoo acop = xno
bdv acoo = hge
bdw = jso
bdx = wml tvx ceu krr
bdy acoo acop = xdv
bdz = xxx kdq
bea acoo = fty dei
beb = opo uao qho aku
bec acop acoo = yje mfy
bed acop acoo = fcc klb
bee acop acoo = cjy
bef acoo acop = ryg dkz onp
beg acoo acop acoq = osd kwx
beh acoo = hld
bei acoo = dvp hvo
bej = eed hyv
bek = fik
bel = m
bem acoo = aail gju bsi
ben acoo acop = jhy
beo acop acoo = rvw
bep acop acoo = uhp
beq acoq acop acoo = fta rki eht rwy ngu
ber acoo = nhf dms kuq
bes acop acoo = zdg
bet = woq kkq roe
beu acoo = aafj
bev acop acoo = vi fvw
bew acop acoo = cky
bex acoo = vjk (wnx rlh)
bey acoo acop = dgp
bez acoo acop = aagh ugi rsl
bfa = ackt msi ctb
bfb acoo acop = pvi nkh
bfc acoo = jcw
bfd acop acoo acoq = udy
bfe acop acoq acoo = jaf mnu owo pys jhz
bff = rui tms
bfg acop acoo = pcl aafz zby xoy
bfh = rbl
bfi acop acoo = czu cry ybt
bfj = tdh mzi
bfk acoo acoq acop = kha aej dwf ods
bfl acoo = eqk vda qsg
bfm acoq acoo acop = aazf sob
bfn acoo = zlc cej
bfo acop acoo = nql jmq nlm
bfp acoo = adm
bfq acoo = cwg arp (acbn sso)
bfr acop acoo = kiq ghl
bfs acoo acoq acop = tgg
bft = jo ypz
bfu acoo = xhu
bfv acop acoo acoq = qcg
bfw acoo = zzw
bfx acop acoo acoq = aais
bfy = aas pbk
bfz acoo acop acoq = zll
bga acop acoo = zpj
bgb acoo = reh
bgc = eeh
bgd acoo acop = ibf dzm fue
bge = qba
bgf acoo acop acoq = rgj dsj ckh bzv
bgg acop acoq acoo = lin
bgh acop acoo = esk
bgi acoo = pes
bgj acoo acop = bdj
bgk acoo = cpf jgv
bgl = iaq aacm yft
bgm acop acoo acoq = ygy
bgn acop acoo = wdx vgg
bgo acoo acop = bkb nkd vun vbk icy
bgp acop acoo = yxk mgx kap
bgq acoo = kvm qky
bgr acoo = iym unq owv
bgs = rfl
bgt acoo = abxo
bgu acop acoo = yvx hhi xhx
bgv acoo acop = zvb
bgw acoq acop acoo = rbg znw
bgx acop acoo acoq = qth
bgy acop acoq acoo = voh
bgz acoo = dde uee jba
bha acoo acop = gxi ghb
bhb = wjs gbp zta
bhc = gsr
bhd = ewu
bhe = cbb mje
bhf acop acoo = ybx
bhg acoo acop acoq = lta ecq lcw
bhh acoo = pzb
bhi = xmh
bhj = swc pe
bhk acoo acop = rsx
bhl acoo = ibj qbx mvf
bhm acoo acop = ekt ysl
bhn = gdo sog ars ldr
bho acoo = dwf
bhp = sez abnx aaiw tyk
bhq = ifr rxk rad abbk
bhr acop acoq acoo = zbh dvp
bhs acoo = ibn cpm
bht acoo acop = cdt
bhu acoo acop = oey uvy
bhv acoo = yqt
bhw acoo = acmu
bhx acoo acop = obu
bhy acoo = oqn bpu rha
bhz acoo = efj rpe tkm bzq bk
bia = tgj
bib acoo acop = tyn
bic acoo = mqt
bid acop acoo = aaiw
bie = nrc abzo
bif = rgx
big = acr bne isk ouk
bih acop acoo = jzj
bii = uzs (nil frz) tjl
bij acop acoq acoo = duc lwo otr
bik acoo = mlj
bil = mg
bim acoo acop acoq = swo
bin acoo = ijg
bio = ezo gld dpm
bip = wqw gwq wvt bwq
biq acoq acoo acop = lrf
bir acop acoo = ylp eni moc
bis acoo = yhc acac
bit acoo = vys aanx absq
biu acop acoo = lyk
biv acoo = ksl
biw acop acoq acoo = alt
bix acop acoo = vvc
biy acoo = ci
biz acoo acoq acop = ndq
bja acoo = wrj clp
bjb acop acoo = viz
bjc acoo = egn aciu aayk soy
bjd acoo acop acoq = mkq
bje acoo acop = tkj
bjf acoo acop acoq = xwa ubq
bjg acop acoo = ixb ins qaf xmv snq
bjh acop acoo = ifp
bji = yjs bnl
bjj acoo acop = yrl
bjk = acb dzm
bjl = ntp kjz
bjm = dzs oxd xzs
bjn acoo acop = til
bjo acop acoo = lfd
bjp acoo = oob
bjq acoo = mlq gbq
bjr acop acoo = tzg
bjs acop acoo = ucn gvu uiz ynd
bjt acoo acop acoq = vkm abbr
bju acop acoo acoq = xox
bjv acoq acop acoo = dgy
bjw acoo = enu
bjx = xrj
bjy acop acoq acoo = hdo aanb jjm
bjz acoq acop acoo = ljl gcq nsj
bka acoo = xo
bkb acoo acoq acop = wv
bkc acoo acop = czk igz
bkd acoo acop acoq = uma jmr
bke acop acoo acoq = lea
bkf = cnc pab zir
bkg acoo = ees
bkh acoo acop = slu
bki acoo = lgl pax met
bkj acoo = jmb
bkk acoo acop = nxd ifc
bkl acoo = xqp
bkm acoo acop = ll wju
bkn = aaik
bko acoo = kzc
bkp = rif
bkq acoo acoq acop = zih
bkr acop acoo = zwq
bks acop acoo = zfl
bkt = del tgf aces dfs
bku acoq acoo acop = zrd
bkv acoq acop acoo = abzh
bkw = aqw
bkx acoq acop acoo = ugk
bky acoq acop acoo = jya fh
bkz acoo acop acoq = zxe
bla = rni
blb acoo = tkh kpr
blc acoo = oqa osk hij
bld acoo = qma
ble acop acoo = kpc
blf acoo = ttp nlc swq aov
blg = gxv mji
blh acoo = aari
bli = rbf pyk
blj = sac
blk acoo acop = kmt yo (bwh spe lsq)
bll acoq acoo acop = bku
blm acoo = gjv flt urz
bln acoo = tpn
blo acoo = zxh
blp acoo acop = eqo
blq acoo = ctw
blr acop acoo = mrb
bls acoq acop acoo = wgg dca
blt acoo = neg ggx
blu acoo acoq acop = dym
blv acoo acop = aaqh
blw acoo = iql
blx = fqp abqq ieg
bly acoo = kzr
blz acoo acop = anq
bma acoo = jhn mtv
bmb acop acoo acoq = ablr
bmc = anb
bmd acop acoq acoo = fpt uty
bme acop acoq acoo = vqr
bmf acoo = sdm
bmg = ybp
bmh acoq acoo acop = aaxw (mxl his egw epk)
bmi acoo = pui
bmj acoo = ubb
bmk acoo = nfj
bml = acbs fra (puc skh)
bmm acoo = dxj (hdg (psx gk jzy))
bmn acoo acoq acop = vfz
bmo acoo acoq acop = oew abwx abqd lrj aapd
bmp acoo acop acoq = vdh
bmq = luf rm lvu vgi
bmr acoo = acee
bms acoo = fup
bmt acoo acop = iap (lut mjq) aabm
bmu acop acoo = gr
bmv = fmx ffp
bmw acoo acop acoq = fwt
bmx acoo acop acoq = cbc
bmy acoo = mdh
bmz acop acoo = hnd
bna acoo = os jkx cby pzw mie
bnb = fsq
bnc acoq acoo acop = mqz mti frf
bnd acoq acoo acop = lbc
bne acoo = ekm
bnf = abvr
bng acoo = pbj
bnh acoo acop = saw brx yqe
bni acop acoo = vyq txv ut
bnj acoo = gzc cls
bnk acoo = dwu (sdr ay)
bnl acop acoq acoo = abhi
bnm acoo acop = tuy flf
bnn acop acoo = ejo (mjf gmb)
bno acoo = nnx
bnp acoo acop = bcq
bnq acoo = cvp acob pzf
bnr acoo acop = jyr
bns acoo = acjl
bnt acoo = abvx
bnu acoo acop = rzw rkh
bnv acop acoo = flq vrr
bnw = jub gxw
bnx acop acoo = pjb nko
bny = ngf
bnz acoq acoo acop = uoe
boa acoo = ppx
bob acoq acoo acop = dqr
boc acoo acop = hbm jwz hzc kqy
bod acoq acop acoo = hfy uye
boe acop acoo = sxb
bof acop acoo = ixs
bog acoo acop = jto
boh = cod
boi acop acoo = vmd
boj acoq acop acoo = egg
bok = abbb
bol = zog (aatc ayz bhi vup)
bom acoo = wqk
bon = kuq wky kym xje
boo acop acoo = srf hmy qnk
bop acoo = zqe abrk jet
boq acoo acop = mco bol iee
bor acoo acoq acop = ewc gfb gtn
bos acoo = ajn
bot acop acoo = kgk
bou acoo acoq acop = aafg
bov acop acoq acoo = cpl aasz dfv
bow acoo acop = lbl
box acoo acop = jdn
boy acop acoo = rbz
boz acoo = vvc gls
bpa acoo acop = zfn lvx
bpb acoo acoq acop = wqz jbn tiz
bpc = fmd ahv ksp
bpd acoo = cxu xav udz gkt
bpe acoo = aais
bpf = cpl vhc
bpg acoo acoq acop = cvb
bph = sgg
bpi acop acoo = nel (pts qar)
bpj acoo = yxt
bpk = fxz
bpl = sxl
bpm = azz qls abqi
bpn acoq acop acoo = vjy ied
bpo acoo acop = uyk
bpp = cec
bpq acop acoq acoo = khm ovv hre
bpr acop acoq acoo = gsc
bps = jiv xdw ozb
bpt acop acoo = zml nlo cph
bpu = buz ryv
bpv acoo = gpr eay abdo aasf
bpw acoo acop = ikn
bpx acop acoo = elg yrn lns
bpy acoq acop acoo = mrf
bpz acoo = rub pca
bqa = pjr aahx aol bhc
bqb acoq acoo acop = zcu
bqc = yim
bqd acop acoq acoo = otg
bqe acoo acop = eyn bzd
bqf acoo acop = gwe
bqg acop acoq acoo = nj
bqh = zgv
bqi acoo acoq acop = mwp
bqj acoo = lhz
bqk = mjs jxd
bql acoo = vqr
bqm acoq acoo acop = zbw
bqn acoo acop = efe
bqo acop acoo = bal jhe ztc
bqp acop acoo acoq = cqk
bqq acoo acop = ccp qqa
bqr = yjs
bqs acoo acop = tee
bqt acoo = soz
bqu acoo = aagj (ubj yuj)
bqv acoo = ofh
bqw acoo acop acoq = jdp ekz
bqx acoo acop = vsw pdc
bqy acop acoo = bof
bqz acoo acop = owu fk
bra acoo acop acoq = wpx xah mkk
brb acop acoo = wug kpe
brc acoo = jzn
brd acop acoo acoq = jlw vhv lrs
bre acoo = zpd
brf acoo acop = zjb zyg vqy
brg acop acoq acoo = tj
brh acoo = vhq hvx
bri = hgj
brj acop acoo = unr kgy hkp
brk = moy
brl acoo = jck eus jub ay
brm = okt
brn acoq acoo acop = dc rts xmb djx
bro acop acoq acoo = acy vsw
brp acoo acop acoq = sja xml
brq = gnl aamh tmn uay
brr = nie uox pzu
brs acoq acop acoo = iwj
brt acoo = dje sxb hho
bru = exg
brv acoo = kry
brw acoq acop acoo = cu
brx acoo acop = vfi
bry acoo = aagl
brz = piy
bsa acoo acoq acop = xee yls urs
bsb acoo acoq acop = yij
bsc = dqu
bsd acoo = wpp dxr vqc
bse acoo = acj
bsf acoq acop acoo = pew (wlh dgj)
bsg = yoa abgd
bsh acop acoo acoq = mlh zmn ffb
bsi acop acoo = drm
bsj acoo = cip pgz
bsk acoo acop = mdh
bsl = ekq
bsm acoo = qrd
bsn = auo
bso = wey yak lmo
bsp acop acoo = oor fyp mtx
bsq = pwz qkn
bsr acoo = acng eyi sgk
bss = bbo azh fgv abos
bst = hur
bsu acoq acop acoo = kse wgf brv
bsv acoq acoo acop = elk jqa wuv
bsw acoo acop = lcu
bsx = ceu
bsy acop acoo = ckg
bsz acoo acop acoq = kjh aado
bta = pss ixw zhj jqv hfs
btb acoo acop = wsg
btc acoo = cts
btd acoo acoq acop = gew
bte acoo acop acoq = abhl aapv rnd gmu yfn
btf = vto
btg acoo acop = uxc
bth acop acoo = pqk sfc edw
bti acoo = wwk rcy
btj acoq acoo acop = mme (gwd nul)
btk acoo acop acoq = wmj
btl acoo = jws
btm acoo = kws
btn acoo acop = oba hlq scd uko
bto acoo = qbz
btp acop acoo = aces fac bhs
btq acop acoq acoo = wsp absk wvc
btr acoo acop = abju tah
bts = xrc
btt acoo acoq acop = otc sba gem jnf
btu acoo acop = ablm
btv acop acoo = diy
btw acop acoo = uvu
btx acop acoo = jr
bty acoo = dwk iao kgp
btz = twu gyp
bua acoo = dq aazo fx duw
bub acoq acop acoo = abyl
buc acoo acop = hlj
bud acoo = uuw yuc
bue acop acoo = aace nve ceh
buf = jc
bug acop acoo acoq = llo
buh acoq acoo acop = rrn
bui acoq acop acoo = abgb (aazq pax)
buj acoo acop = tqp oiy acjz qsv
buk = kmt lhz
bul acop acoo = lyp
bum acop acoo acoq = oau
bun acoo = opn kcb oph
buo acop acoo = sos rak
bup acoo = ksk aap
buq acoq acoo acop = jqf acom hxo wlz
bur acoq acop acoo = aave
bus acoo = zfo lat
but acoo acop = esh uxl gdn pux aey
buu acoo acoq acop = acga zfa qdt dqc
buv acoo acop = dnu
buw acoo acop = qas ptu
bux acop acoo = jex tux
buy acoo = pjj
buz acop acoo = jgp trc pdm
bva acop acoq acoo = abxs
bvb acoo = rxl epp
bvc acop acoq acoo = byc mdf tco pvd
bvd acoo = mcc (hsv nqc ukk)
bve = avm fq
bvf acoo = vqc
bvg acop acoo acoq = rfv ydo
bvh acop acoq acoo = tdb
bvi acoo acop acoq = bpp vsb czl
bvj acoq acop acoo = abit ywm lro
bvk = brl
bvl acoo acoq acop = lhz
bvm acoo = eps dwm abwy shz
bvn acop acoo = ayg
bvo acoo = akb
bvp acoo = mdq
bvq acop acoo = zpa mjs knt yyo
bvr = abvm uqc joq pom
bvs = kya jhe
bvt = eqm
bvu = bof
bvv acoo acop acoq = evy onf hwx
bvw = gro
bvx acoo acop acoq = hzt
bvy = huk
bvz acoo = xbx
bwa acoo acop = vfk nxa
bwb acoo = ymg
bwc acoo = haz
bwd = dsl
bwe = zfw wzh eyo gk
bwf acop acoo = cal
bwg acop acoq acoo = cwi
bwh = sqn wxr
bwi acoo acop = una wuf gvi
bwj acoo acop acoq = zdp
bwk acoq acop acoo = abgj vp onu hht mbh
bwl acop acoo acoq = aagg cnd tjm sch
bwm acoo = lxk
bwn acoo = akm hae
bwo = aauq
bwp = ukq
bwq = diz sdh jrx
bwr acoo acop = boa
bws = kyb aahl
bwt acoo = als
bwu acoo = plj
bwv acoo acop = zsl pcc vin
bww acop acoo = tws fdf mzo lar
bwx acop acoq acoo = puc
bwy = par pxv (ze hwh)
bwz acoo = aoz
bxa = szd
bxb acoo = jgv
bxc acoo = mxu kud
bxd acoq acop acoo = leo acho dgf
bxe acop acoo acoq = rnu npg
bxf acop acoo = nzt ffr
bxg acop acoo = zfg qtz ilh bqt
bxh acoo = qxd
bxi acoo = tvt
bxj = aapz gao acdo
bxk acoq acop acoo = wln
bxl acop acoo = tav bnt
bxm = pba wba (ksw zie)
bxn acoq acop acoo = nzu
bxo = jkn aaia teg boy lgg
bxp acop acoo = aft fln zmg
bxq acop acoq acoo = yvh
bxr acoo = acex
bxs acoo = za vhk aahl (aik uej)
bxt = acau
bxu acoo = ivz
bxv = isp
bxw acoo acop = xib
bxx acop acoo acoq = xik
bxy acoo = ixu vyi
bxz = lhj qfv czd
bya = sim
byb acoo = fng
byc acoo = sfp tmv
byd = rme
bye acoo acop = vpj pdz siw
byf acoq acop acoo = le krv
byg = czf rjj nhr
byh acoo acoq acop = wwg ryo
byi = ssn
byj = aars ckx
byk acoo = aboo
byl = iis
bym = mka asm
byn acop acoo = qsm
byo acop acoq acoo = xcs qzl kyf
byp = umx soz mhe
byq acoo = ax
byr acop acoo acoq = xyi
bys acop acoo = knq
byt acoo = sad
byu acoo acop = plq nea
byv acop acoq acoo = igt
byw = weu
byx acoo = byd yr kgs
byy acop acoo = yx aakz yvx
byz acoo acop acoq = yxv eyf ivk
bza = xo
bzb acoo acop = spt san aff
bzc acoo acop = oiv
bzd acop acoo acoq = nxe kok
bze acop acoo acoq = ios
bzf = rkq
bzg acop acoo = fyb
bzh acoo = wnc
bzi acoo acoq acop = abzn flr ynm net
bzj acoo = cjw
bzk acoo acop = mpn
bzl acop acoo acoq = ndk qdi jpz
bzm acoo = pkx
bzn = pzj
bzo acoo = alm hrv xau
bzp acoo acop = ozs gmn gvc
bzq acoo = pek
bzr acoo = lsk
bzs = qbe vya mbq rgv
bzt acop acoo = jwv
bzu = zew
bzv = cmr nuz bsy
bzw acoo = bks
bzx acoo = mvd acoo pli
bzy = bvj
bzz acoo = acaz ablh aahv gvs
caa = fgs
cab acoq acop acoo = wbu
cac acop acoo acoq = mtc
cad acoo acop = var
cae acop acoo = ccp
caf acop acoo = bpo
cag acoo acop = ifa
cah acop acoo acoq = cbx
cai acoo = jfl
caj = erq jnn kje
cak acop acoq acoo = nja
cal acoo = mau ckj
cam acop acoo = ibv
can acoo = ggm xpa ezo oos
cao = uci
cap = mfr
caq acoo = vyq yzo ldp ooy
car acop acoq acoo = urx eqp
cas acoo = xvt tcq fvp
cat = hea kij
cau acoo acop = lhb
cav acop acoo acoq = yjh ox
caw = bkf
cax = adl vex
cay = vjb
caz acoo acop = zuh
cba = mez
cbb = dzl gop wbh
cbc acoo = xrz
cbd = ags
cbe = xxd ule xjt
cbf acoo acop = fwd
cbg = ackl ur upj
cbh = zjg glp
cbi acoo = gid
cbj acoo = oze
cbk acoo = xjb aaxm ncx tkf
cbl acoq acoo acop = ulh hvr ufd
cbm acoo = ybf
cbn acoo acoq acop = dm
cbo acoo = nei
cbp acop acoq acoo = imo hph (wcc bmn)
cbq acoo acop = rkq lko avw
cbr = ddo
cbs acoo = hpd gaz
cbt = ztn
cbu = mbu lbi ojf lnc
cbv acop acoo = ttj
cbw acoo acop = aasb
cbx = ahp wtu gkn
cby acoq acoo acop = qez
cbz acoo = pn jfg hxd duw
cca acoo = aagz
ccb acoo = pqt
ccc acoo = abse ert
ccd acoo = qqm
cce acoo acop acoq = aciz
ccf acoo acop = kpt
ccg acoo = aos mmr aavz
cch acoo = tgr
cci acoo = sxt vhx
ccj acoo = mla
cck acoo = yuw
ccl = avb qay qiz
ccm acoo acop = pch
ccn acop acoq acoo = uab
cco acop acoo = rxy
ccp acoq acop acoo = lrs aale duu dst pak
ccq acop acoo = zek
ccr = qei (pas bai bwc)
ccs acoo = esy
cct acoo acop acoq = bgu kku ggk
ccu acoo = nnb tla
ccv = skw
ccw = cjj
ccx acop acoo = ybk ose nws tub
ccy = abrz isp
ccz acoo = vnx jku akp tun iaq
cda acoq acop acoo = yci
cdb acoo = kaf hme zxt
cdc acoo acoq acop = yyz
cdd acop acoo acoq = aafk
cde acoo acop = zbl
cdf acoo acop = dzr xwa jga
cdg acop acoq acoo = tnm
cdh acop acoq acoo = phh
cdi acoo = dnh nrq
cdj acoo = xyo
cdk = lkq bhk
cdl acoo = tub mmk bvz pyp vji
cdm acoo = ych xmq (osh zsu)
cdn acoq acoo acop = uqs hss
cdo acoq acop acoo = kzu top rxt num
cdp acoo acop = rkl aata
cdq acop acoo = jmr abii rhe
cdr acoo = nou
cds acoo acop = nds
cdt acop acoo = ziw qso urr
cdu acoq acop acoo = paj fyx zpb
cdv acop acoo = gxj gjv npq
cdw acoo acoq acop = yjo
cdx acop acoq acoo = bqy
cdy acoo = hoh iff aapc
cdz acoo acop = iyu tpz acfc
cea acop acoo = lul gwf
ceb = pqn mfa
cec acop acoq acoo = mip
ced acop acoo = kbz
cee = hoy
cef acoo = dmj
ceg acoo = vbs
ceh acoo acop = qtl
cei acoo = evv shs mpn kux wwl
cej acoq acop acoo = sas
cek acoo = ihc
cel acoo = inx
cem acop acoo = nrg wft stv feb
cen acoq acop acoo = urs kys
ceo acoo acop acoq = swi scu btt osa tua
cep acoq acop acoo = aben eka
ceq = zgs
cer acoo acop = pcj tqp zwo ubx cfz
ces = ikj
cet acoo = bgf vvw
ceu = cb
cev acoo = asz mpx
cew acoq acop acoo = itq
cex acoo = zzp
cey = jvi (sbk lug)
cez = vqn
cfa acop acoo = squ qrv jzj
cfb = faa
cfc acoo = jav jeh fpf aapz
cfd acop acoo = lqs aaxu vhz mhy
cfe = ov zxc aany aha
cff acop acoo = tcw
cfg acoo acop acoq = kpn cdk mcv
cfh acoo acop = ahh vkl kse
cfi acoo acop = gow
cfj acoo = aiy
cfk acop acoo = imb
cfl acop acoq acoo = uyq acny mjc (tli abz)
cfm acoo = jwc accr
cfn acoo = mof gux vm fgb
cfo acoo acop = yik
cfp acop acoq acoo = abge
cfq acoq acoo acop = acf pne
cfr acoo acop = hlx
cfs = aarf qot (aaxz dgv)
cft = ku abpz pam cpj
cfu acoo = iaz
cfv acoo = ixz
cfw acop acoo acoq = lyg
cfx = spo
cfy acoo = aaxu hki
cfz = syr mhs
cga = nzd awt
cgb acop acoo = aatk
cgc acoo = vln
cgd acoo acop = xjp
cge acoo acoq acop = ajs xlu zzf
cgf acoo = abco (klv tvv)
cgg acoo acop acoq = poi
cgh acoo = sze
cgi acoq acoo acop = znl kfo nla mdh ofg
cgj acoo = vmr mcr aafl wpv
cgk = qnb aato
cgl acoo = atp
cgm = aawo
cgn acoo acop = hgf
cgo acoo = ykb
cgp acoo acop acoq = msj mpt ptw
cgq = btl
cgr acop acoo = jvx
cgs acoo acop = acls
cgt acoo acop = ra
cgu acoo = fdq zeb wby eoo
cgv acoo = vbu
cgw acop acoo = eus ijx
cgx acop acoo = acij
cgy = wyz wir jmx abvx
cgz acoo = ejj
cha = gml
chb acoo acoq acop = gia imd
chc acop acoo = alj
chd acoo = lm ptd lgb abqh
che = gyj
chf acop acoo acoq = spm
chg acoo = cnr qca kpd
chh acoq acoo acop = psk zrw
chi acop acoo = absl
chj acop acoq acoo = wzy
chk = qov mau
chl acop acoq acoo = abtf
chm acoo = igl
chn = jln prd
cho acoo acop = bgz
chp acoq acop acoo = gwd szg
chq acoo = zcx omq oct
chr acoo acoq acop = aij wse
chs acoo acop acoq = chv
cht acoo acop = hf
chu acoo = zkk
chv = mvg rzu wvb
chw acoo acop = jlt
chx acoo = nff mmw
chy acop acoo = azu zuh utu kpd
chz acoo = eal
cia acoo = jub
cib acoo = rjo
cic acoo acop = zfl jep
cid acoo = wnq
cie acoo acop acoq = dup jth sq
cif = vrz atd
cig acoo = fop ptw
cih = abwz
cii acoo acop = mdx bvc
cij acop acoq acoo = pmz
cik = xve
cil acop acoo = rbr azc nvk
cim acoo = brn knl
cin acop acoo = acha abxo onm
cio acop acoq acoo = alo
cip acoo acop = dxk igg
ciq acoo = hci
cir acoo = abfu
cis = wuq
cit acoo acoq acop = abse
ciu acop acoo = wzu wjd
civ acoo acop = izf dvu
ciw = frm znq xqa ssk
cix = xer
ciy acoo acoq acop = oxd seo
ciz acop acoo = pnl xrj ihf
cja acop acoo acoq = psj
cjb acoo = blt
cjc acop acoo acoq = fjf moz rzg uzb
cjd acoo = cwa obe
cje acoo acop = hjf
cjf acoo acop acoq = xlr kzl wss
cjg acoq acoo acop = wms
cjh = adb sbx
cji acop acoo = osk
cjj acop acoo acoq = nvi yae
cjk acoo acop = alu ytz
cjl acop acoo acoq = txf
cjm = fry
cjn = lnt
cjo acoo acop = cgn ymr box qpv
cjp = wgf
cjq = aafj wlp mbt nsx
cjr acop acoo acoq = nl alr mki
cjs acoo = sro
cjt acoo = egg
cju acoq acoo acop = tt hoe weq
cjv acoo = qli
cjw acoo = tnx
cjx acoo acoq acop = vjm rld kgb
cjy acop acoo = lci oss flv
cjz = fdf
cka acoo = fpd
ckb acoo = rcq hhe
ckc acoq acop acoo = fzh
ckd acop acoo = cbt dyg aapa cgi
cke acop acoo = gre am
ckf acoo = rbs hbe izd
ckg acoq acop acoo = rch rwb
ckh acoo = dsu
cki acop acoo acoq = ezo
ckj = qrg qhi
ckk acoq acoo acop = mdd
ckl acoo acop = kg
ckm acop acoo = lay
ckn acoo = uah
cko = gbs
ckp acop acoo = dgn ddg ska ldj
ckq acop acoo = psb
ckr acop acoq acoo = gey eiq
cks acop acoo = ysc
ckt acop acoo acoq = zru uw
cku acop acoo = tnj abrw
ckv = gbt tzv iop
ckw acoq acop acoo = sik
ckx acoo acoq acop = byp
cky = ayk
ckz acoo = sij
cla = gep jtf fuw
clb acoo acoq acop = njk xne
clc = puq
cld acop acoo = wbw fbc
cle acoq acoo acop = otk ihu hb tad
clf acoo acoq acop = mcq
clg acop acoo acoq = hun
clh acoo = tww (tmu tbi)
cli acoo acoq acop = yme
clj acop acoo = nmh fhu nu abbv
clk = mpp
cll = bzz
clm = ioq uuo (gqn prp sin)
cln acoo = aaow nnz
clo acoo acop = usx bid bga acbq
clp acoo = djw
clq acoo = hul
clr acop acoq acoo = iue
cls acoo acoq acop = acmb
clt = acgi
clu acoq acop acoo = jvm
clv acoq acoo acop = zeq qta
clw acoq acop acoo = stk uev yem zej oqo
clx acoo acoq acop = ivn
cly = kgd
clz = ked js tsb jdu
cma acop acoo = asb
cmb = gnv acmt rm htw odj
cmc = abpn
cmd acoo = ihh
cme = jpi
cmf acoo acop = hpm dwq
cmg acoo = gzj
cmh = arv
cmi acoo = hld
cmj = fvr xbv fdx aapy
cmk acoo acop acoq = sdq ueo
cml acoo acop acoq = nyh pxu mje
cmm acop acoo = bxz dge wbg zvg
cmn acoo acop = hcr gui aatl
cmo = aayi cnm dxj (lug eva)
cmp acoo = bdp mbu wdu
cmq = av (ngu (txf bxw) jgf)
cmr = kgb
cms acoo = xza
cmt acoq acoo acop = ejy
cmu = nas
cmv = gyi
cmw acoo acop = abmo
cmx = kvj wvr
cmy acop acoo = xzz wrw acnn jce
cmz acoo = lby
cna acoo = cbp
cnb acop acoo acoq = uwc geq aans hnk
cnc acop acoo acoq = aasr
cnd acoo acoq acop = aaad yvz gko elk
cne acoo acop = jsk
cnf acoo = lhl
cng = ayi yha
cnh acoo = opu
cni acoo acop = zep abqj snh bfx pjr
cnj acoo acop = ghy xoa
cnk acop acoq acoo = lfm
cnl acoo = eyo
cnm = uig
cnn acop acoo = aaia jqy
cno acoo acop = ret ayb yry fl aawx
cnp acoo acoq acop = foi
cnq acop acoq acoo = sgd
cnr acop acoo = qxr
cns = tmi
cnt acoq acoo acop = bsa
cnu = zcp cb aof pyf ztj
cnv = bei
cnw acoo acop acoq = imi
cnx acop acoo = itz
cny = acio pvk
cnz = qfp (fia ykb)
coa acoo acop acoq = ugc alc isl
cob = bxw
coc acoo acop = etx
cod = vxz
coe acoo = pns
cof acoo acop acoq = rxt
cog acoo acop = axm (nsa fug eed zqw)
coh acoo = aals idh
coi acop acoo = oww
coj = epc
cok acoq acoo acop = wfi
col = hcd ci wiq zz
com acop acoo = nmx opx
con acop acoo acoq = ixz
coo = fjm
cop acoo = dbx pdb
coq acoo acoq acop = phu
cor = uts qsj
cos acop acoo acoq = oas scm
cot = wuf
cou acoo = krd
cov acoo acop = blo
cow acoo acop = uac bed
cox acop acoo = ava
coy = uxo abev mkr absi abhg
coz = msi
cpa = xrn
cpb acop acoo = plz jlx kpx
cpc acop acoq acoo = cxg
cpd acoo = lfg
cpe acoo = vqn
cpf = ict
cpg acop acoo = qyx
cph acoo acop = mul
cpi = fjy
cpj acoo acop = rpr
cpk acoq acop acoo = acfn klq yqs
cpl acop acoo = rgr
cpm acoo = una snc
cpn acop acoq acoo = jfw
cpo acoo = rvo zzf yjb
cpp = azp
cpq acop acoo = abaz uhx
cpr acoo acop = xnl epe
cps acoo = qfx
cpt acoo acop = uwt htf
cpu acoo = ygz f
cpv acop acoo acoq = eho
cpw acop acoo = acfq
cpx acoo acoq acop = dzy acaa
cpy acop acoo acoq = fhn xio jgl
cpz acop acoo = rly
cqa acop acoo = zuq abyc egw
cqb acoo = aoa uge
cqc acoo = dwm
cqd = fsx
cqe acop acoo acoq = dem
cqf acop acoo acoq = zkt jtj vx
cqg acoo acoq acop = aalz xip ncq ubz
cqh acoo = rcb
cqi acop acoq acoo = aaqq
cqj acoo = hfd
cqk = buo agm
cql acoo acop = gcw iku
cqm acoo = nvk
cqn acoo = gyk ajw
cqo acoq acop acoo = smm sbh ccu fyg
cqp acoq acoo acop = adl zjw
cqq = gny
cqr acop acoo acoq = spc acep zql big xxo
cqs acoo = web cyp pxo swh nit
cqt = cpn
cqu acop acoo = zbw tur
cqv = zne gkd
cqw acoq acoo acop = rdp
cqx acop acoo = rsq
cqy acoq acoo acop = lcd
cqz acoo = rvt
cra acoo = mbs teh
crb acoo = htr
crc acop acoo = lcj
crd acoo acoq acop = zln xpd
cre = abao
crf acoo acop = wfy
crg = vvq
crh acoo = kzw
cri acoo acop = waw
crj acoo = ift
crk acoo = zsx
crl = fhy gnt aara
crm acoo acoq acop = fqg cxt awy pli
crn = qxw
cro acop acoo = zrs
crp acoo = jcn
crq = dnv
crr = kdq aaxk
crs = abrd
crt = agd
cru acoo = ntz
crv acoo acoq acop = fxd
crw acoo acoq acop = rmt
crx acoo = lyt
cry acoo acop acoq = aacm
crz acop acoo acoq = gxt
csa acoq acoo acop = ltf
csb acoo acop = tzk aio abqo
csc acoq acop acoo = zgv
csd acop acoo acoq = aaur ycn ozf
cse = ackx
csf = qkt
csg acoo = gos mux ezv
csh acoo acoq acop = acek rvv zlo
csi acoo = sto
csj = ka aatv
csk acoo acoq acop = acdz
csl acop acoo = tny juq grj fyb
csm = har
csn acoq acop acoo = inw
cso acoq acoo acop = syq
csp acoo acop = fkg
csq = okj
csr acop acoo = bgt
css acoq acop acoo = hkl mbj
cst = avh
csu acop acoo = vnx dsl afh
csv acop acoq acoo = pim plz ptq vyf
csw acop acoo = uie qxd aapc tce
csx acop acoo = rcv fzx
csy = hnl
csz acoq acop acoo = ajg ywl bak lgi
cta = bvm ct baj grx
ctb = ysv
ctc acoo = oex dhz hux omc
ctd acoo acop = bwz xya iah smp
cte acoq acoo acop = aazx
ctf acoo acop = bzp reg ozq
ctg acoo = elc kbx iai wkn
cth = uoa
cti acop acoo = kdm qcz zoe
ctj acoq acop acoo = vux
ctk = rii
ctl acoq acop acoo = qhp
ctm acop acoo acoq = skk eab
ctn = wgy
cto acop acoo acoq = xet
ctp acoo acoq acop = jdw sjp
ctq acoo acop = nlw kyj syv
ctr acoo = khp cud
cts acoo acop = qen aasc acjw vht
ctt acoo = uqb bby spp azc
ctu acoq acoo acop = zlj
ctv acoo = yuc
ctw acoq acoo acop = znn gae
ctx acoo acop = gcr uaw
cty acoo = aao lvp ozb
ctz acoo acop acoq = ftm
cua acoo acoq acop = zuk acnk
cub acoo = hyp bte acbs
cuc acoo acop = kua mnk flk
cud acop acoo = ujj
cue = ohb
cuf = sda gcm xpi xsx
cug = dkz
cuh acoo = aamh
cui acoo = wgt
cuj = xzn
cuk acoo = jnk
cul = wbk nkr flh ylt tiy
cum acoo acop = hgd
cun = hxu
cuo acop acoq acoo = abg
cup acop acoo = tul sou ipv acbc gad
cuq acoo acop = fic
cur acoo acop = ekt
cus acoo = jer
cut = mxc
cuu acoo = ajh
cuv acoo acoq acop = ktk
cuw = wib hpg
cux acop acoo = ctc
cuy = gqs
cuz acoo = uwx
cva = jae
cvb acoo acop = ivr edg juf
cvc = ndj wti vlq ecd
cvd acoo = acoo trc tqo
cve acoq acop acoo = odq
cvf acop acoo = jxv
cvg acoo = srb gsp
cvh = goh kat abtk ccs
cvi acoq acop acoo = ngw
cvj = vxn
cvk = qdj ybh
cvl = qyl
cvm acoo = dcf
cvn acop acoo = dbf
cvo acoo acop = esz
cvp acop acoq acoo = nwl
cvq acoo acop = aata
cvr = kkx ops
cvs acoo = eyh ztq (wih sbp)
cvt = yrp
cvu acop acoq acoo = lfg hao zmv zan
cvv acoo = iol itb abqv
cvw = jta
cvx = qsp tla
cvy acoq acoo acop = ehj
cvz acoo acop acoq = wdu
cwa acoo = lux
cwb acoo acoq acop = bbx
cwc acoq acoo acop = lhl
cwd acoo acop = btj
cwe acoq acoo acop = ivc
cwf acop acoo = vlz
cwg acoo acop acoq = rfm crm
cwh = kyh
cwi acop acoo = acnc
cwj acoo = ftq
cwk = bjt upq
cwl acoo acop = abrr uhk jbw
cwm acop acoo = shv
cwn = fwz rww
cwo acoq acoo acop = ylr
cwp acoo = uaf abfh
cwq acop acoo = rtj
cwr acoo acop = mik
cws = vmk bqk
cwt acoq acop acoo = twr
cwu acop acoo = rte
cwv acoo = oxj
cww acop acoo = dyv ddq hkp
cwx acop acoo = jqw
cwy acop acoo = hut
cwz acoo = vxy
cxa = pkz ylp gci
cxb acoq acoo acop = syo vkl
cxc acoq acoo acop = boy
cxd = drp jon
cxe acop acoq acoo = btd
cxf acoo = avq mkc
cxg = zbv
cxh acop acoo = aadk vze
cxi acop acoo = jnw qdb
cxj acoo = udn vsk
cxk = gbi drp vqg
cxl acoq acop acoo = txl cj kzr yrz onp
cxm = ggv
cxn acoo = oda
cxo acoo acop = kwe aals bdd
cxp acoo = boh ndp gtf
cxq acop acoo = dtb
cxr = flh
cxs = ivl
cxt acoo acop = ndg
cxu acop acoo = zaw
cxv acoo = gpp abqj
cxw acop acoo = yby cze jvn acfe
cxx = bef
cxy acop acoo = wun sbp zak bkb
cxz acoq acop acoo = seg igx
cya = qra yqj
cyb acoo = rox aazk
cyc acop acoo = ikx sxx fqn
cyd = abzg
cye acoq acoo acop = tbt aazl wjy oew
cyf acoo = glc
cyg = pdm vih
cyh acoo = gta
cyi acoo acop = qox
cyj acop acoo = gsh
cyk acoo acop = hbj ypc rij zji uai
cyl acoo acop = omo
cym = lau qts
cyn acop acoq acoo = exa pl
cyo acoo acop = kbe mrq achk
cyp acoo acoq acop = wqe
cyq = gsa
cyr acoo acoq acop = ckw
cys acoo acop = aair
cyt acoo acop = cuh rro shv
cyu acoq acoo acop = pf (ojp ner)
cyv = lpj
cyw acoo = ymp mbt
cyx acoo = abuq egp okp ysa aaaa
cyy = aata rmb
cyz acoo = fvi
cza acoo = lml
czb acoo = zib cml reb
czc acoo = qvu ufa abso wgy
czd acoo = sva jfo add
cze acop acoq acoo = zvf
czf acoo = wyj
czg acoo acop = rkx
czh acoo = abzr
czi = oej cfg bgb
czj acoo = wjs
czk acop acoo acoq = aaxu abzl
czl acoo acoq acop = ccj
czm acoo acop = izo
czn = zht
czo = tak
czp acoo acop acoq = wlf
czq = oqw hbv
czr = tkp
czs = xoa
czt acoo acoq acop = rxo
czu acoo = abbd
czv acoo acop acoq = wjw
czw acoo = zqu
czx = jlv
czy acoq acoo acop = abqp iwt ulb
czz acoo = sma
daa acoo = eed
dab acoq acop acoo = lhe vyq
dac acoo acop = cpl
dad = qjo
dae acoq acop acoo = fwj exd
daf = ixf
dag acop acoo acoq = oni
dah = xkt tzv
dai acoo = kfh ahk
daj acoo = gii
dak acoq acop acoo = whh
dal = zuy ehm
dam = fyt ikx dcc wwf
dan acoo acop = aix
dao acoo acop = ktd
dap acoo = mbj dec
daq acoo acop = gle dxk
dar acoo acop acoq = kqp
das acoo acop = lfw rww efz mvp
dat = abwe gkx afy
dau = fyo
dav acoo = ahb dxz ucw exb
daw acop acoo = lgz
dax acoo = uzq rzn
day acoq acop acoo = kvh
daz acoo acop = kwy
dba acop acoo = cne
dbb acoo = fec aac
dbc acoo acoq acop = jxj
dbd acoo = uqq hkj ooj axo
dbe acop acoo = wmm
dbf = jlm
dbg acoq acop acoo = acmh abou dcb
dbh = dzr
dbi acoo = vui
dbj acoo = ahk
dbk acoo = kau ohk
dbl = yla
dbm = uub
dbn = yck igr
dbo acoo = xeh ngo abmf ezh
dbp acoq acoo acop = ntn oyv
dbq acop acoq acoo = ttf
dbr = xxa roj lnt
dbs = gto
dbt = grm
dbu acop acoo = aakj
dbv acop acoo acoq = afa jbf vgp shg
dbw acop acoo = tow
dbx acoo acop acoq = fvw kla igz
dby = rkd
dbz acoo = epq xeb abvk
dca acop acoo = ktb pvw
dcb acop acoo = pdd
dcc = pqs
dcd acop acoo = sya
dce acoq acoo acop = idq mtc
dcf acop acoo = etp
dcg acoo acop = zna
dch acoq acop acoo = lif
dci acop acoo = ayc mtk nwi
dcj = lpp ulu zlj tyc
dck acoo = rbm aagk
dcl acoo acop = gzw
dcm acop acoo acoq = vwa iuh hnj tpj
dcn acoo acoq acop = jle
dco acoq acop acoo = moc
dcp acop acoo = cu tuj iu ygn
dcq acoo acop = cqy abds
dcr acoq acop acoo = jgn
dcs acop acoq acoo = ache oph yiy
dct acop acoo = cdt rtx qam
dcu acoo acop acoq = zua
dcv = avt aaej qxa
dcw acoo = vwl itq qot
dcx = xdf mrr
dcy acoo = acmw (qpb gqa)
dcz acoo = jec
dda = ajq
ddb = wl tek ojf pbn irb
ddc acop acoo = qn
ddd acoo acop = aajk txa isz yts cvq
dde acoo = abpk kuj ip hqy
ddf acoo = tsc
ddg acoo = trc vbt
ddh acoo = dkb kyv
ddi acoo = zcl
ddj acoo = ygp
ddk acop acoo = dut wht
ddl = dqc
ddm acop acoo = sjz
ddn acoo = akn zbb
ddo acop acoo acoq = skw
ddp acoo acop = ctm kal
ddq = abmu
ddr acop acoo = llv
dds acop acoq acoo = yzd
ddt acop acoo = vfv
ddu acoo = gcq
ddv acoo = mrk (lvv gwr)
ddw acoq acop acoo = pvr (ppy ujb ack)
ddx acoo acop = pvt dra
ddy acoo = yvr elg gvr
ddz acoo = nym
dea acop acoo acoq = bxs
deb = wfd
dec acoo = vdp flt
ded = gxv fef vme syu
dee acoq acop acoo = xxg
def acoo acop acoq = axl hfv gxs nz
deg acoo acoq acop = fsd
deh acop acoo = bho ody
dei = yyu
dej acoq acoo acop = u
dek acop acoo acoq = gfc
del acop acoo = fnq dtv rij
dem = hkc sxp jqx
den acop acoo = ihv (gdw (pim xqm drx))
deo acop acoo = atr tmu
dep acoo = qtd gow
deq acoo = gtf
der acop acoo = rpp vvi
des = hgi wsy nvq
det acoq acoo acop = rzd ojf
deu = ptc nct fjt
dev acoo acop = rfm
dew = abxi (wxq cbo)
dex acoq acoo acop = mfp ztr mgm
dey acoo = acjt tna
dez acoo acoq acop = jcu
dfa acoo = wtt
dfb acoo acop acoq = efb brj
dfc = tbk lgq
dfd acoq acoo acop = luo bgr abez dan
dfe acop acoo = yuz
dff acoo = vkx
dfg acop acoo acoq = ldy jnz fco yqk
dfh acop acoo = aasi ntr zac phr
dfi acop acoo = ufq
dfj acop acoo acoq = wei sve spd
dfk = abn
dfl acoo = dnm
dfm = nhg rfm pen pxw ozm
dfn acoo = jaa
dfo acoo acop = por shm nfu cxk
dfp acop acoo = jxu upo
dfq acoo = aapw
dfr acoo = zgc fsb aanu tlo qy
dfs acoq acop acoo = ofo pn vhx
dft acoq acoo acop = kod dun
dfu acoo = aaqo
dfv = yfw
dfw acop acoo = kbz
dfx = cse
dfy acoo = fvb ffx qea
dfz = dtb
dga acoo acop = scv aib (pbc gdl)
dgb acoo acop acoq = woz acv
dgc acoq acop acoo = ifo
dgd acoo acop = vvt
dge = aaic abmc hmn rgt
dgf = uxt yor
dgg acoo = ajv
dgh = osc
dgi acop acoo = vya xxs
dgj acoq acoo acop = mso
dgk acop acoo = iss
dgl = xky
dgm acop acoo = uyx
dgn acop acoo = gil
dgo acoo = igu
dgp = otj
dgq acop acoq acoo = ihw
dgr = aps xje
dgs acoo = aclo
dgt acoq acoo acop = tok aaad ypl aayj
dgu acoo acoq acop = mgo mmt
dgv acoo acop acoq = hxh
dgw acoo acop acoq = ackt
dgx acoo = vcb pbp idu
dgy acoq acop acoo = nvr juw
dgz = aats fba acnj abrb
dha acoo acop = eby
dhb = pvr
dhc acoo = fdl
dhd = uis
dhe = zum (xo sid)
dhf acop acoo = zmv mrj
dhg acoo = aawq
dhh acoo = ecj kun kgn
dhi acoo acop = aavn voz ggh
dhj acoq acoo acop = ll dsv absx
dhk acoo = suc kna
dhl acoo acop = abrb iod
dhm acoo = xis jqo
dhn acoq acoo acop = bas
dho acoo acop = ykk
dhp = gta
dhq acop acoq acoo = mcq ioi iej
dhr acoo = mon
dhs acoo = acdx ngy evx eyr
dht acoo acoq acop = nok yaz
dhu acoo acoq acop = kbq
dhv acoo acop = qvq aacp
dhw acoq acoo acop = qzt
dhx acoo acop acoq = abll osv lay
dhy acoo = vnw
dhz acop acoo = bsw
dia = bat
dib = abpo
dic acoo acop = aaxr svj
did acop acoo acoq = snw eqe qva bfs ydz
die acoo acop acoq = ofu
dif acop acoq acoo = wje
dig acoq acop acoo = ura aaqa acda ablu
dih acoo = hqf
dii acoo = abmu
dij acoo = fuo l
dik = ecg
dil = tyy
dim acop acoo = htv
din acop acoo = ejg
dio acoo acop = utj ade gae
dip acop acoo = fed
diq = kjm esz
dir = pvz rlw
dis = eog
dit = rgp
diu = vka
div acoo = doe lkr aamt
diw acoo = ja
dix acoo = bdw rzx
diy acoo = ajy
diz = inx rjr sax
dja = gqr qdr
djb acoo acop = nek
djc acoq acoo acop = ijh asd nuu
djd acop acoo = aazl
dje acoq acoo acop = opv
djf acop acoo = qng vod
djg acoo = qnw
djh acop acoq acoo = rwd
dji acoo acop acoq = uvw
djj = pbv
djk = ygm
djl acoo = ovv
djm acoq acop acoo = pvf
djn = kvm muy jce
djo acop acoo = bqx jwj
djp = ovj hzx yuq
djq acop acoo = jo (gdd wip)
djr acop acoo = tlh
djs = dlp
djt = vha ike
dju acoo acop = cth
djv = lfy hiz jci
djw acoo = swu bgn wuk ndd
djx acop acoq acoo = zzo
djy acop acoo = qws
djz acop acoo acoq = tnb xyx zua
dka acop acoo = vpp
dkb acoo = ztl juc
dkc acoq acoo acop = ako
dkd = drf aalz
dke acoo = rjd cqx ojs
dkf acop acoo = wkx kug xik tdr
dkg acop acoq acoo = ggu
dkh acoo acop = uef byb
dki acop acoq acoo = smn
dkj acoo acop acoq = osl
dkk acoo acop = ltr
dkl acoo = jwp szs wxy rae
dkm acoo acop = uzv
dkn acop acoq acoo = mfl jub
dko acop acoo = rjg lch
dkp acoo acop = lnk
dkq = kzj gxc
dkr acoo = ydy pci xjg aape nax
dks acoq acop acoo = abrp
dkt acoo acop = vlw
dku = obd
dkv acoo acop acoq = gje (qzv czv rzw)
dkw acop acoo = tld
dkx acoo = ezc abej
dky acoq acoo acop = ec bzq
dkz acoo = bzu
dla = zlw
dlb acoo = eht
dlc acoo = ldt
dld acoo acop = zyz (drv ldo) wev
dle = zed
dlf acoo = yea lab
dlg = hp
dlh acoq acoo acop = mde oaf xrh vuo
dli = wom
dlj acoo acop acoq = pmb quy gwt lya
dlk = hlj de ghn mqy
dll acop acoo = jni tpg
dlm acop acoo = acs
dln acoq acoo acop = sjr
dlo = oqs
dlp acoo acop acoq = gtn
dlq = dlc rlr
dlr acoo = hpf
dls acoo = vzm ppc nzt
dlt acoo = uae
dlu acop acoo = vzo aclx
dlv = abdw
dlw acoo acop = xaq
dlx acop acoq acoo = uwj ie
dly acoo acop = acgu
dlz acoq acoo acop = dhl
dma acoo = klk txz
dmb acoo acop = dxa
dmc acoo = rar yot dsd ose
dmd = wgx
dme = bnb egs rve
dmf acop acoo acoq = gyu aasm mrt
dmg = uwk
dmh acoo = vsb
dmi acoo acop acoq = ffv guf
dmj = zky
dmk = qmm
dml = dsn doz nnf squ
dmm acoo acoq acop = kaf azr unc
dmn = vkl
dmo acoo acoq acop = ghj bxh nwz
dmp acoo = jnr
dmq = gj achh
dmr acop acoq acoo = wyy
dms = mdy szw wya jl
dmt acoo acop = nph
dmu = msg shd
dmv acop acoo = abqk ras dvb
dmw = ob
dmx acoo acop acoq = hbc zqz
dmy acop acoo acoq = zar
dmz acop acoo acoq = ign psg
dna acoq acop acoo = abia yhm jib zyj
dnb acop acoo = ekf
dnc = kod jze
dnd acoo = abda
dne = fum tpr
dnf acoo = xou
dng acoo acop = lgn
dnh acoo acop = awb
dni acoo = xuk yzu ytk jlg
dnj = aacb
dnk acoo = yaf
dnl acoo = rpo
dnm acoo = wso tuk
dnn acoo = ifd
dno = aceu zlz
dnp acoo acoq acop = cip odl
dnq acoo acoq acop = ucc
dnr acoo acop = xtg bxw
dns acop acoq acoo = ltb
dnt acoo acop = crp oky nzt qhw abl
dnu acoo acop = abfs qom
dnv acoo acop acoq = sfl
dnw acop acoo = lvp
dnx = wis
dny acop acoo = jlo
dnz acoo acop = ozr
doa = kcj aafu
dob = aazl
doc = gkq
dod = jnr
doe acoo acop = euw adh mt
dof acoo = hoq xqh
dog = koi
doh acoo = acim
doi acop acoo = jxk yis
doj acop acoo = pzi
dok = jdz noj ddg yxy
dol acoo = ocb nbn aarp to yzh
dom = pgl
don acop acoo = nbd
doo = yjr
dop = pz
doq = syt
dor acoo = dop vhk
dos acop acoo = yci
dot acoo acop = sru
dou = rvt
dov acoq acoo acop = pjp
dow acoo = hrp
dox acop acoo = abdx yta wzn dgn
doy acoq acoo acop = wjr
doz acoo = vmo ltm df
dpa acop acoq acoo = vtm abum ygb qhs zdd
dpb acoo = ddh
dpc acoo = syl bdl fyb wrh
dpd acoq acoo acop = acop mnc dqx
dpe acoo acop = qgf
dpf = wps
dpg = kdk
dph = tum tcl qym
dpi acoo acop acoq = xrk vif jbe ztb
dpj = csc geb
dpk = moq qaz
dpl acoo acop = bya
dpm acoo = kdu
dpn acoo acop acoq = iuw ikw
dpo acoq acop acoo = fmr byx
dpp acop acoq acoo = qvr
dpq acoo = sba ixj jpy
dpr acoo acop acoq = de
dps acop acoo = fxg acip dub
dpt acop acoo = kih dw ewz
dpu acoo acop acoq = icx
dpv acop acoo acoq = qgy
dpw acoo = ntg
dpx acoo acop acoq = lca
dpy acop acoo = abnf kaf peq
dpz acoq acop acoo = cmy
dqa = kge il lcm lgg
dqb acoo acop = yo
dqc acop acoo = fgc tpt hid
dqd = hvc
dqe acoq acoo acop = qgg
dqf = xny upz rkz zwk
dqg acop acoo = eae uqt tbv
dqh acoo = och
dqi acop acoq acoo = csh
dqj acoo acoq acop = pef ozp hvy
dqk acoo acop = abes
dql = bod
dqm acop acoo = fv
dqn acop acoo = tlg dx ldy
dqo acoo = tdu xqf
dqp = txv
dqq acoo = pwt qnd rne
dqr acop acoq acoo = fft hz
dqs acoq acoo acop = qzt lhw loo
dqt acop acoo = jqo
dqu acoo = rzf
dqv = kb cap
dqw acoo acop = pxb
dqx = xob (txn hvn) syj
dqy acop acoo = gnv bgm aalq
dqz = ixf
dra acop acoo = xsp mrl jkw
drb acop acoo = myi va gwt
drc = lko
drd = ij
dre acoq acoo acop = pha
drf acoo = rbb
drg acoq acop acoo = dxa
drh acoo = voi
dri = nur
drj acoo acoq acop = kib
drk acoo acop = njv
drl acop acoo acoq = xtt
drm acop acoq acoo = qjz tul hdv
drn = wsi hyk sqq
dro acop acoo acoq = iad
drp acoo = vgz
drq acop acoo acoq = dou
drr acoo acoq acop = ygi
drs acoo acoq acop = achq
drt acoo acop = lqw
dru = wjj
drv acoo = koq jli
drw acoo = hur rqr rql
drx = veo
dry acoo = aclz
drz acoo acop = meo
dsa acoo acop = pfn vpi
dsb acoo = acdv
dsc = ofh rsl izs
dsd = hin
dse acoq acop acoo = lkb
dsf acop acoo = ucm
dsg acop acoo = nzq
dsh acoq acop acoo = evw
dsi acoo acop acoq = xxe (fmc zjx)
dsj acoo acop acoq = hpv
dsk acoo = ruq ryw sim cxw
dsl acoo = lbh
dsm acoo = ctm gvr
dsn acoo acop = yqe
dso acoo = ltk
dsp = cvp
dsq acop acoq acoo = evd
dsr acoo acop = wzc qjo grd
dss acoo acop = iis ico uft
dst acop acoo = gjx
dsu acoo acoq acop = aamf
dsv = acfa
dsw acoo = tbn
dsx acoo = mdg
dsy acoo = xxp nld qnm wxk zhn
dsz acop acoo = gug
dta = ztz
dtb = abgj
dtc acoo = msn
dtd = coi
dte = aja ht
dtf acoo = nek
dtg acoo = nuj
dth acop acoo = vt
dti = ptx abki gla qlj
dtj acoo acop acoq = eqe
dtk acop acoq acoo = qsj
dtl acop acoo acoq = kti
dtm acoo acop acoq = vhi
dtn acop acoo = otq
dto acop acoq acoo = uqt
dtp acop acoq acoo = vsp
dtq = kyv
dtr = pgc
dts acoo acop = abbx
dtt acoo = tqa
dtu acoq acoo acop = vk
dtv acop acoq acoo = ozq ngn ukj ouz zij
dtw acoo acop = jng
dtx = dhc
dty acoo acop = abcb swz
dtz acoo = akr
dua acop acoo = olm aazh
dub acoo = ob ufu rzd ozw
duc = rvq com dqn nsf mgr
dud acop acoo = ome fbu dhs
due acop acoo = nzt
duf acoo = sos
dug = nav (vqs rrv zmi oyc)
duh acoo = ilk
dui acoo acop acoq = hjj umx
duj acoo = awf
duk = pgy byz
dul acop acoo = acno cud hmr ehi
dum acoo = lnf
dun acop acoo acoq = myc vlc jfd
duo acop acoq acoo = asb oxj
dup = fhq
duq = jfq lal kff
dur acoo = kll bwd
dus acoq acop acoo = vcy
dut acoq acop acoo = auj
duu acoo acop = tbm cvi
duv acoo = ewt
duw acoo = dzd rit
dux acoo acop acoq = qfq ipi dgk abdc
duy acoo = rwo
duz acoo = yok gfp ijl
dva acop acoo = woe
dvb acoo acop = pqy
dvc = swq ruu goc ggl
dvd acoq acoo acop = hok
dve = tem jhh bxr psa
dvf acoq acop acoo = kpy
dvg acop acoq acoo = ohq
dvh acoo acop = aavy mxq
dvi = vff
dvj = fss
dvk acoq acop acoo = usg gbl
dvl acoo acop = wcn
dvm acoo = fft tmt
dvn acop acoo = bne qqy fzu
dvo acop acoo = yos
dvp acoo = azk obs xwi
dvq acoo acop = orh
dvr = abnb
dvs acoo acop = tw
dvt acoo = gev
dvu acop acoo = lbe
dvv acoo acop = abiv hgj jbe lnf
dvw acop acoq acoo = pjs
dvx acoo = mjk
dvy = wdf
dvz acoo = izn
dwa = uzt ayj
dwb acoo = kyu txd gmz kkl
dwc acoo = rrn efj abwf
dwd acop acoo = u pqe vzs
dwe acoo = trt
dwf acoo = oeu
dwg acoo = rpl
dwh acop acoo = rma
dwi acoq acop acoo = ltg mkn
dwj acoo = tsn eut
dwk = wpq lmr
dwl acoo acop = stz vhe unm
dwm = ixj fpv ork
dwn acoo acoq acop = syy eyb
dwo = hlk
dwp acoo = ddc sod
dwq = uyn
dwr acoo acoq acop = twn
dws acoo acop = dxu abnb aajf
dwt acoo = sej
dwu acoq acop acoo = dsa
dwv = geh
dww = gcl hcq twr ija
dwx acop acoo acoq = vzz
dwy acoo = swu bra sqa hns
dwz acoo = qck clr gdy
dxa = acji
dxb acoo acop = sui
dxc = zav ckq smj
dxd acop acoq acoo = lfi
dxe = aaxw (jxz fkq)
dxf acoo acop = jwg
dxg acoo = ulg
dxh acoo = avo
dxi acoo = kih
dxj acoo acop acoq = aaox lio iyo
dxk = aape
dxl = vyf
dxm acoq acoo acop = guz tps dyi
dxn = hsl
dxo acoo = nuk eep nsl
dxp acoq acop acoo = kae
dxq acoo acoq acop = hza
dxr acoq acoo acop = xxk
dxs acoo = wxh
dxt acoo acop acoq = fdq
dxu acoo acoq acop = kbe
dxv acoo = hoq gae djh
dxw acoo = kph
dxx acoq acoo acop = uxu
dxy acoo acop = kxr mdb
dxz acoo acop = wzz dir
dya acoo acop acoq = jcx
dyb = pao
dyc acoo acop acoq = xkm
dyd acop acoo = loe pkz hmw
dye acop acoo = rfz
dyf acoo acop = suq ebu
dyg acoo = gws (ebm aek) sua zix
dyh = fox nrx
dyi acoo acop acoq = cav (nfy qkr)
dyj acoo = fbk hlm nza
dyk acoo = gfw gns pxz iof jcv
dyl acoo = fpg
dym acoo = vvl zym
dyn acoo = try
dyo acoo = gmu
dyp acoo acop acoq = mwo abkz aahx
dyq acop acoo = aaib
dyr = try
dys = twu
dyt acoo acoq acop = cyc
dyu acoo acop = vxy cos qmu
dyv acoo acop = xxy csd
dyw acoq acoo acop = qsh nno
dyx acoo acop = eqc sna poy
dyy acoo acop = apt khs
dyz acoo = bkb mdj
dza acoo = yqa vpq wfw
dzb = kfe
dzc = aim jbd
dzd acoo acop = trg yha
dze acoo acop = hq bmp cry vgz
dzf acoo acop = aaxk
dzg acop acoo = aavn
dzh acoo = vlv
dzi acoo = uf zg ojg
dzj = absu
dzk acoo acop = zue
dzl acoo acop = aaqu
dzm acoo = xth cjc eca abm
dzn = xqv
dzo acoo acoq acop = acop fyv
dzp acop acoq acoo = doy acoo
dzq acoq acoo acop = gzr abvw
dzr = xwk
dzs acoo acoq acop = apt
dzt acoo = yte
dzu acoo = fpp (kfn ywg)
dzv acoo = xra pzi scq yol
dzw = lhz
dzx acoo = tch vgi wii
dzy = rmc jia
dzz acoo = cqc
eaa acoq acoo acop = irn
eab acop acoq acoo = zwy
eac acoq acoo acop = aaki
ead acoo = tba
eae acoo acop = aom gxd
eaf acop acoo = pfy acgu
eag acop acoq acoo = wae
eah acoo acop acoq = duy nrj
eai acoq acop acoo = pdu
eaj acop acoq acoo = pif
eak = kik (xmm rcn)
eal acoo acoq acop = htj imu ggo uyw
eam acoo = aanx gyx ety
ean = uoz gmz
eao acoq acoo acop = xec
eap = mve
eaq acoo = tiq
ear acoo = abyr
eas acoo acop = ufx qdq jma
eat acoo = tbg
eau = nfh ewc kpc irx
eav acoo = acdh miu iaw
eaw acop acoo acoq = abcd fqs ead yop
eax acoo = lio dus
eay acoo = fxq llk
eaz acoo acop = rno sug
eba acop acoo = rdy
ebb acoo = tym
ebc acoo = puh
ebd = opn oaw hbk
ebe acoo acop = ann
ebf acoq acop acoo = acgr oyw
ebg acoo acop = aapc uvs
ebh = msl bgy yxc
ebi acop acoo acoq = pzt
ebj acoo acop = wtj oia
ebk acoo acop = ofs ubp
ebl = kqb
ebm = wdp
ebn acop acoo acoq = pcc wsi
ebo acoo = oda vsu aag
ebp = aarl
ebq = rhp
ebr acoo acop = vct aavo ffr
ebs = qad ocs odo hmu foq
ebt = nht
ebu acoo acop = phs acnb szf
ebv acoo acop = emk
ebw acoo = crq fbk abmc rrs
ebx acop acoo = achl
eby acoq acoo acop = fnp
ebz = yhj
eca acoo = svl gmv
ecb acoo = ygo nhl hvj
ecc acop acoo = ozh
ecd acoo acop = wqn
ece acoo acop = ope
ecf acoq acoo acop = kro aaed
ecg acoo acop acoq = qtp bxu xmt sfr
ech = qjp
eci acoq acoo acop = eiy
ecj = iih
eck acop acoo = fcw
ecl = ofv
ecm acoo = acij
ecn acop acoo acoq = jnr
eco = ackk wrm
ecp acoo acop acoq = kmi caj
ecq acoo = tta qiy
ecr acoo = ajr fyw oqj
ecs acop acoo acoq = jbo per
ect acop acoo acoq = qlh hsw aafc dvr
ecu = ign vby acic
ecv = byi bjl ynw abky
ecw = vap pxn tgh
ecx acoo acoq acop = ltj plp blx acie
ecy acoq acop acoo = abmy
ecz acoo = fwp
eda = bxm opd
edb acop acoo = gxi
edc acoo = ngr
edd = nqo
ede acoo = mne
edf acoo acop = nxf
edg acoo acop = swo dtx
edh acoq acop acoo = aaiq
edi = acjs
edj acoo acoq acop = yap yah rsx
edk acoo acop = pnt pwa
edl acop acoo = arx
edm = oon
edn = tqe
edo acoo acop acoq = lzg
edp = wdk xgl vqv
edq acop acoo = gsr
edr acoo = lmd
eds acop acoo acoq = afe irg adi
edt acoo acop = nob
edu = abzs amm hik
edv acoq acop acoo = yvp oux otc
edw acop acoo = jjd fex
edx acoo = aayw
edy acoo = fuk
edz acoo = cyp ykd
eea acoo acoq acop = zwx kvm erh
eeb acop acoo = nvm bfa nsy
eec acop acoo = vrs
eed = vyh
eee = wpd
eef acoo = ddh
eeg acop acoo = vis fco pya
eeh acoo = urk fjr
eei = gvo
eej acop acoo = lsw (aavr abnj) vjm
eek acoo acop acoq = hjp
eel acop acoo = vnd wnn abay
eem acoo = bev uxb
een = egz tdc
eeo acoo = qno
eep acoq acoo acop = xso qbj
eeq acoo = kwi
eer = khb
ees acop acoo = pjg npw dbe arf dhg
eet acoo = ifk kgk
eeu acoo = laq
eev acoq acoo acop = kxf
eew acoo = cah (prn dsc)
eex acoo = klz
eey acoo acop = ors
eez acop acoo = aazu
efa acoq acop acoo = bjt yde
efb acop acoo = ukv
efc acoo acop = vju
efd = myn
efe acoo acop = ioq
eff acop acoo = vbv faz jvv
efg = khd
efh acoo = dxx
efi acoo acop = abpt
efj acoo = ziv
efk acoq acop acoo = svt acnp yqi
efl = aec
efm = pyh
efn acoo acop = obt
efo acoo acop = ijt
efp acop acoo acoq = byl xwy
efq acoo acop acoq = zho
efr acoo = oth
efs acoo acop = hgf qbe
eft acoo acop = dki sfd ouq
efu acoo acop acoq = hcw
efv = mzt rgw
efw = kbs mlf inw sth
efx = jwe
efy acoo acop = zfr
efz acoo = osa vfg
ega acop acoq acoo = qqe vlv
egb acop acoo = miu
egc acoo = fod
egd = abco
ege acoq acoo acop = dzn
egf = ntc
egg acoo = bsz abvm tqk
egh acoo acoq acop = mch jsw abos aur
egi acoo acoq acop = onn
egj acoo = vzx srh
egk = ich img zga
egl acop acoo acoq = xhp
egm acop acoo = rvh
egn acoo acop acoq = cbo
ego acop acoo = zsj uth qhy
egp acoo = wrd
egq = kbw
egr acop acoq acoo = mlz
egs acop acoq acoo = zqe tku poz ypy
egt acoo = ssq
egu acoo = omq
egv acoo acoq acop = acdt
egw acoo = rhh zkb ltp qgg
egx acop acoo = xan
egy acop acoo acoq = tbx awc xix
egz = yos
eha acoo = xwm
ehb acop acoo = lsj ypj yjy yhj
ehc acoo acop = xzy
ehd acoo acop acoq = kbi qkc
ehe acoo acop = bmb
ehf = qjw wtn
ehg acoo acop = cjk
ehh acop acoq acoo = aadi
ehi acop acoo = fao
ehj acoo acop = abwv oau
ehk acoo = rjt fes
ehl acop acoq acoo = acii
ehm acop acoo = acje pvp rcw
ehn acop acoq acoo = jao
eho acoo = xc mgq owr vgk
ehp acoo = aamh geu kiv xdp
ehq acoo = bei
ehr acoo acop = caj gee
ehs = acbu
eht = zir
ehu acoo = rbv qhm cqy
ehv acoo = mkt czu rge mzu tel
ehw acop acoq acoo = cde kdu
ehx acop acoo = xe rkn mch abak
ehy acoo acop = sed wqb aciu
ehz = ine nyu
eia acoo acoq acop = pty ckm
eib acoo = vph
eic acop acoo = gud
eid = nir
eie acoo acop = abis
eif acop acoq acoo = tuw
eig acoo acop = kaa ljt (mbs tsm)
eih acoo = gch
eii acop acoq acoo = abua twz
eij acop acoq acoo = col
eik acoq acop acoo = aaro xyn
eil acoo = jln gkn mzm lzw
eim acop acoo = aamx wqk
ein acoo = cf
eio acoo acop = ozz six
eip = yxa juw
eiq acop acoo = cgq hhd
eir = cat
eis acoo = wky aaww sgx ugy
eit acoo = mra wuc
eiu acoq acop acoo = ail
eiv acoo acop = etv
eiw = mlf otc or
eix = ybv ooy
eiy acoo = abon
eiz acoo = gvy
eja acop acoo acoq = pil
ejb = tak ljs lqn
ejc acop acoo = ovy
ejd = acec
eje acop acoo acoq = sqw
ejf acoo = absm
ejg acoo acop acoq = qpg roq
ejh acop acoo = abrn
eji acop acoo = aaqd
ejj = lhi
ejk = bnk qlh cpv clc ppa
ejl acoo = noh ojj
ejm = amt bum (abgd lga)
ejn acop acoo = iaw sbv
ejo acop acoq acoo = xwz wzx okg
ejp acoq acoo acop = abwo xdl
ejq acoo = mmn
ejr acop acoq acoo = jrb aky red
ejs acoo acop = kzl
ejt acoo acoq acop = aboj
eju acop acoo = zmt
ejv = ayy aaup ablh wn
ejw acop acoo acoq = szd mgm
ejx acoo acop = cwy lri
ejy acoo acop = zhj oti mht xyr tde
ejz acoo = iuj dka ncu
eka acoq acop acoo = iot axf
ekb acop acoo = abza lkr grk
ekc = abft
ekd acoq acop acoo = gfa
eke acop acoo = gkz dkz
ekf acop acoo = sxe
ekg acop acoo = pqi
ekh acoo acop = vya abyq
eki = acae
ekj acoo = aavp ibz
ekk acoo = psh gcb dsa
ekl acoq acop acoo = wdp
ekm = htl
ekn acoq acop acoo = dwh fvg qe che
eko acoo = pcf
ekp = xgf
ekq = wne lry bfi
ekr acoo acop acoq = acil
eks = uom tpp
ekt acop acoq acoo = ccp hff
eku = uml
ekv acop acoo = mhw prx
ekw acoq acop acoo = reb
ekx acoo = aqh
eky acop acoq acoo = rco ebi kfq
ekz = afy lli aatk aqr ihe
ela acoo = nqk mvq puu aanw
elb = ojm khq
elc acoo acop = xsf fun dds ujx
eld = dvh nxp
ele = ada abdz aup
elf acoo acop = ffn hoa
elg acoo acop acoq = dki
elh acoo acop = uxr yxo
eli = gty wgk
elj acoo acop acoq = ibb glk
elk acoo acoq acop = iol
ell acop acoo acoq = btn
elm acoo = aatu rup
eln acoo = rry rvb fbd
elo acop acoq acoo = lfq
elp acop acoo = pw rdh
elq acoo = rrs
elr acoq acoo acop = qgi
els = ane
elt acoo = aagh
elu acoo acop = dsd yck l
elv acop acoq acoo = mpa
elw acop acoo = tzy abz
elx = hxt dez
ely acoo acop = gux xve avb
elz acoo acop = rke lrr nzq
ema acoo = cmu
emb acoq acop acoo = ecm ah ujq rth
emc acop acoo = bsh
emd = lez lsy
eme acoo acoq acop = ttc
emf = aaql tru
emg = wpd oqu cai tvt
emh acop acoo = qzt wym wcg
emi acoo acoq acop = iax
emj acoo = gyv lsx
emk acop acoo acoq = elu
eml acop acoq acoo = psy
emm acop acoo = xqp
emn acoo acop = ajq jgn hzn
emo acoo acop acoq = drh xbl vdc
emp = ihy
emq acoo = sxz
emr acoo acop = nif
ems acoo = rei acho xil sgy
emt acoo = thf
emu acoo = tri (lqa kba cki)
emv acop acoo = tf syy
emw acoo = kvx
emx acoq acoo acop = ngf hir
emy acoo acop acoq = abaa
emz = fpk asy bij
ena acop acoo = czp xro
enb acoo = lfg
enc acop acoq acoo = qry
end = wnl
ene acoo acop = elg
enf = yqu ekh kva yiz
eng acoo = hvz
enh acoo acop = ibf dko cnh kaz beg
eni acop acoo = flt
enj acoo = byd pqp yhs
enk = bzo
enl acoq acop acoo = giy
enm = ezc
enn = mpi
eno acop acoo acoq = woz nah
enp acoo = yfo
enq = wzc
enr acoo acoq acop = fja vvt
ens = wjr yen
ent = accn vxu
enu acop acoo acoq = grc mex czv vya ven
env = ubc (mqf zcu)
enw = cbr zzg absn vcr hjm
enx acoo acop = ygo
eny acoo acop = znn pkz
enz = oyh
eoa acop acoq acoo = drp fg vv
eob = nog xju
eoc = bau
eod acoo = alh
eoe = znc bau
eof acoq acoo acop = qha
eog = udd xim
eoh = rvq
eoi = kix
eoj acop acoo = rwh owr hcf
eok acoo = mcx
eol acoo = yai
eom acoo acoq acop = uqk (ukh zde)
eon = ogo uey
eoo acoq acop acoo = isj ozu
eop acoo acop = mfe aaza
eoq acoo = dcj jbq dvs
eor = ifg
eos acoo acop acoq = kxi
eot acoq acop acoo = qmi
eou = ijj wpa iea (eya rlj)
eov acoo = tsx
eow acop acoo acoq = eir
eox = fgd
eoy acoo acop = acdq
eoz acop acoo = acns
epa acoo acop = ocm por
epb acoo = pui
epc acoo = pe
epd acoo acop = yzc fue abro
epe acop acoq acoo = ur vtp
epf = ghb
epg = rtq
eph acoo = cti
epi acoo = wqm qch
epj acoo = ldi
epk acoo = mpr abxs
epl = qrr
epm = abtr
epn acoo acop = fly
epo = qxk sdp tic
epp = qdm yga qqw rag
epq acop acoo = ahm gir
epr acoo acop acoq = svg
eps acoo = abcr zx rhb
ept = aawo hjs svc jmx
epu acoo acop = gty (kyw aarx)
epv acoo acop = xwm
epw acoo acop = fmz
epx acoo = ifb
epy = uyg
epz acop acoo = vti zce clj sqa
eqa acoq acop acoo = ivj acer
eqb acop acoo acoq = vvp ddu srf
eqc acop acoo = ydq
eqd acoq acop acoo = kyn vtn
eqe acop acoo = wh
eqf = toy tv neo
eqg acop acoq acoo = jx pzv
eqh acoo = tnd
eqi acop acoo = pjc yld jqc iot
eqj acoo = abzu
eqk acoo = aajs
eql acoo = klh zgh
eqm acoo = nif slw iej oy
eqn = abop ivw
eqo acoo = hui kfd
eqp acop acoo = umk
eqq = kcz
eqr acoq acoo acop = enl
eqs acop acoo acoq = txp
eqt acoo acoq acop = ntp
equ acoo = icf
eqv acoo acop = lyf
eqw acoq acoo acop = juu
eqx = mmq
eqy = jea lp
eqz acop acoo = ysl
era acoq acop acoo = cls gyq
erb acoo acop = xwx
erc acoo = owp
erd acoo = ifa gyf
ere = jhr
erf acoo = scx sht
erg acoq acop acoo = fd
erh acoo = muz
eri acoo acop = nlz
erj acoo acop acoq = qhk
erk acoo = nnz jcx ogj riv
erl = fcf
erm = kme
ern = gmo zve hdd
ero acoo = xhj
erp acop acoo = fpe zwj
erq acoo = wsj
err acop acoo = aciy
ers acoo = zfs ypg
ert = fco abnq
eru acop acoo = xku
erv acop acoq acoo = nxl xla
erw = dxu ohp
erx acoq acop acoo = uml
ery = wfy
erz acoo acop acoq = ywx
esa = uij yfy bgm ecd
esb acoo = sry qyv qzp
esc acoo = eji ppt
esd acop acoo = ouq
ese = lkd rwq
esf acoo = eel
esg acop acoo = zjj ezo kly muc rkr
esh acop acoq acoo = acnl
esi acoq acop acoo = dfb jtj
esj acoo = tvj
esk acop acoq acoo = wnf yv
esl acop acoo acoq = tyd qna
esm acoo = btm cll cam qvx
esn = nia
eso acoo = sdg
esp acoo acop = oaa
esq acop acoo = lns
esr acoo = qwe
ess acoo acop = eds eem
est = ijg gxv gwu
esu acoo acop = pan fqc
esv acop acoq acoo = qte
esw = wrd
esx acoo acop acoq = dgs vsi ext vnd
esy acoo = ldy gdr
esz acoo acop = lmc
eta acoq acoo acop = pxl
etb acop acoo = qpd fsi rvk
etc = tyc
etd = txm
ete = wwn qrg etn
etf acop acoo = lou
etg acoo acoq acop = qxb cxi qoi fxm
eth = xcb tbg
eti acop acoo acoq = oos
etj acoo acop = ksz xel
etk = fog ehw fmk hjg snm
etl acoo acop acoq = kig bqc qqh plo
etm = xsl
etn = nbk euf
eto acoo = ava qro
etp acop acoo acoq = nii tbo kjd jrn
etq acop acoo = qba yql cxw
etr acop acoo acoq = jde
ets acoq acoo acop = gyd rit b mtc
ett acoo acoq acop = tfj ipg
etu = vkz
etv acoo acoq acop = uhj rmk
etw = nfi rpn
etx acop acoo = xvb
ety acoo acoq acop = vg wmo abjr
etz acop acoq acoo = rzf
eua = wvd dgf fdp
eub = pq fwx ppr
euc = rcx
eud = win
eue acoo acop = oif (acae abnh)
euf acop acoo = wve
eug acoo = nak aws
euh acoq acoo acop = xim
eui acoo = oqo acgh yer aadw
euj acop acoo = uel acmy xgq yte
euk = ssm tvr njs
eul acoo = stf
eum acop acoo acoq = pbn
eun acoo = ur
euo = wsv ehu
eup acoo acop = umz jfa
euq acoo = jxp
eur acoo acop acoq = mla
eus acoq acop acoo = cjh ijo asj uql
eut = pxq
euu = tce abhq mfj
euv acop acoo = mbm luy
euw acoq acoo acop = sev
eux = cpz
euy acoo = cph elb hzd qgy
euz acop acoo acoq = orn
eva = adp bcy
evb acop acoo = pol iyb
evc = mpb yqs ypd
evd acoo = dfh
eve acoo acoq acop = spl wtn vtd key
evf acop acoo = yft
evg acop acoo = bcr gtg aaxr oaf lgp
evh = bnm abzm
evi acop acoq acoo = jjv
evj = xbk tgv
evk = kpa
evl acop acoo acoq = mfw
evm = apc
evn acoo = zty
evo = xse
evp = chs (sn hvd)
evq acoq acoo acop = dwa
evr acop acoq acoo = plk ahf
evs acoq acop acoo = jkh
evt = mwu
evu acoo acop = hsk aahx
evv acop acoo = dlu drq
evw = hqz
evx = ewz ktz qty
evy acoq acoo acop = aahc
evz = hgh hov yiq
ewa acoo acop = wzx
ewb acoo acoq acop = kaj
ewc acop acoo acoq = mvt vmx
ewd = ggy bjp ppk
ewe acoo acop = aapr kkn
ewf acop acoo = roh
ewg acoq acoo acop = phz gsn edr
ewh acop acoq acoo = dwp zcq bvt
ewi acoo = vz
ewj acoq acop acoo = iiv
ewk acop acoq acoo = ztu
ewl acoo = yaf
ewm acoo = pps
ewn acoo = upa
ewo = aang ybc
ewp acop acoo = idw rgd
ewq acoo acop = dly
ewr acoo = nwj
ews acoo = lop tik
ewt = dls
ewu acoq acoo acop = ytb
ewv acoo = ttl
eww acop acoo acoq = xnu vog
ewx acoo acoq acop = gdm
ewy acoo acop acoq = qwo flg phh
ewz acoq acoo acop = kwz qvf lst ael
exa = otp
exb acoo acop acoq = yow
exc acoq acoo acop = ocr ifp cbq
exd acop acoq acoo = tlm
exe acoo = zic abtt
exf acoq acoo acop = hfc qvb
exg acoo acoq acop = hda acld
exh = lws
exi acop acoo = omz
exj = oqw
exk acoq acop acoo = tyf
exl = c
exm acoo acop = bnk
exn acoo acop = kqe
exo acoo = ltr tmu
exp acoo = cbq vjk qgi uwe
exq = jjw gw
exr acop acoq acoo = oce
exs acoo = ly
ext = ffx
exu acoo = ecf pfi ull
exv = qrj sse rgc npo
exw = dnh
exx acoo acop = tgx
exy acop acoo = ihb
exz acop acoq acoo = acjt
eya acoo = iam ukq abgd jch
eyb acoq acop acoo = lbv acfl
eyc acoo acoq acop = ya apc
eyd = flo abkf
eye acoo acop = blb
eyf = fam ynk
eyg acoo = vqm obe mjq rdj
eyh acoo = lgf
eyi = xzt
eyj acoo = chx hbs um
eyk acop acoo = wbd
eyl acoo acop = oug
eym acoo = tki
eyn acop acoo acoq = kqh jpq kav
eyo acoo acop acoq = lex obb pi
eyp acoo acoq acop = jgv
eyq acoo = niu
eyr acop acoq acoo = lwd
eys acoo acop = qhc (jog aqy bzk)
eyt acoo acoq acop = opc ucn wya
eyu acoo = tel
eyv acoo = rqj
eyw acoo acop = oxw fvp (ziv frg)
eyx acoo acop = agh hej edk
eyy acoq acoo acop = nea bsk rck
eyz = ode ymy whk
eza acoo = abqh exx dcq lki lop
ezb acoo acop = njf
ezc acoq acop acoo = abbp owl
ezd acoo acop = khb
eze acoo acop = slz
ezf = gyp
ezg acop acoo acoq = wcj
ezh acoo acop = hzm
ezi = zhe
ezj acop acoo acoq = psk vxn
ezk acop acoo = udf
ezl = jwi
ezm acoo = alf aalc
ezn = uai mfk
ezo acop acoo = ytg aawi
ezp acop acoo acoq = jiq
ezq = uyc buj rel aqu
ezr acoo acop = fhi
ezs acop acoo acoq = lrr yzp
ezt = acmi
ezu acoo = fbh
ezv acop acoo = eiy
ezw acoo = adm zkf zdp zdo
ezx = gim
ezy = aaoe
ezz acoo = ktj kro zsr bdn ntx
faa acop acoo = api rak rk vct
fab acoo acoq acop = lrg
fac acoq acoo acop = gux acng
fad acoo acop = nkz abjt afc
fae acoo = dmf aaws mmx
faf acop acoo = acay svv osn xmx
fag acoo acop acoq = xhs
fah acoo = pcd uhm
fai = nyz
faj acoo acop = opi
fak acoo = iet
fal acoo acoq acop = jut ois (boq mgb dcr)
fam acoo = wcq
fan acop acoo = rbm
fao acop acoo = qhk fpf
fap acoo acop acoq = kjv
faq acoo = skp upx ifs
far acoq acoo acop = abno
fas = ggg
fat acoo = vyt
fau acoq acoo acop = cor ubz kkr
fav acoo = dfx abwh
faw acoo = lfs zhk lzj sop
fax = pyq
fay acoo = nzi joe sqi
faz acop acoo acoq = jxc
fba = nrg
fbb acoo = gvk qnr
fbc acoo = grl
fbd = abom koq plg llo sgn
fbe = sas
fbf acoo acop acoq = zzl
fbg = ztd
fbh = ljg
fbi = ixx ahw lda
fbj acop acoo acoq = aor
fbk = zau
fbl acoo = ofd absg
fbm acoo acop = ler
fbn acoq acoo acop = quv (ocf inm)
fbo acoo acop = rwt
fbp = goq
fbq acop acoo = zsc
fbr acoo acop = xqi
fbs acoo = qcp lir
fbt acoq acop acoo = abcz usk wdb tks hyg
fbu acoo = qum
fbv acoo = vkn
fbw acoq acop acoo = vtt
fbx acop acoo acoq = qfs tbn
fby acop acoo acoq = fkj efe otf gzw
fbz acoo = qyl (eod gtn)
fca acop acoq acoo = vlt
fcb = kac ewk fkh uzl lm
fcc acoo acoq acop = hh
fcd acoq acoo acop = lwq
fce acoo = yrf mmh
fcf acop acoq acoo = abzr (uck xhs atm nbo)
fcg acop acoo = int
fch acop acoq acoo = aoe
fci acop acoq acoo = dse oyu yod
fcj acoo = bol mtb acay
fck acoo = pdm
fcl = gkj
fcm acoo acop = iyh
fcn acoo = iit mvv
fco acoo = gon
fcp = jaj
fcq = ihx
fcr acoo acop = wgy abls abkz dep
fcs = mwu
fct = dlo
fcu acoo acop = moz
fcv = rhh
fcw = qmk klj tpr
fcx = jmw tqx ozm
fcy acoo = ytt ilx tco
fcz acoq acop acoo = khr
fda acoo = abkl
fdb = udc
fdc = rsk
fdd acoo = gya aqc
fde acop acoq acoo = aagb
fdf = aamn
fdg = kce
fdh acop acoq acoo = ymt nuk wqx vnq
fdi acoo acop = kng cdw kfr
fdj acoo = ngy
fdk acop acoq acoo = geg
fdl acoo acop = foq qpi (kcd pdd)
fdm acoo acop = lvj dlz
fdn = mdk
fdo acoo = rhi
fdp = qsf mzw
fdq acop acoq acoo = erd abcw
fdr acoo acop = riz
fds = ihm
fdt acoo acop acoq = rwr
fdu acoo = awp dpl
fdv acop acoo = brl aaqw spm
fdw acoq acop acoo = hto aaer hgc jtn
fdx acoo = vww
fdy acoo acop = oza rbd
fdz acop acoo = tok qec bgc
fea acoo = abik nox
feb = wpm qny keu
fec = wcl mza
fed acop acoo = dai (fls rsl)
fee acoo = hro uuw ltk dhr
fef = ivc
feg = she
feh acoo acoq acop = iji
fei acoo = hct wvx hwx
fej acoo acop = aash
fek acoo = bbr juf tnl
fel = rvj
fem acoo = kzx
fen acoq acop acoo = jjk
feo acoo acoq acop = xga
fep = knw xeo gfd fsr
feq = xct mgz ico
fer acoq acop acoo = bdl
fes acop acoo = iiy dnw itt nno
fet = swy wrs xic ngx qo
feu acoo acop = bjc
fev acop acoq acoo = tnd zvb
few = pk rdx lxb (xza bsn)
fex acop acoq acoo = aayd (owa pcx)
fey acoo = lju vly
fez acop acoq acoo = bdf
ffa acoo acop = iyu
ffb acoo = ldc
ffc acoo acop = xdr kpe
ffd acoo acop = ool
ffe = muk
fff acoo = udk
ffg acop acoo = oti
ffh = xtc
ffi acoq acoo acop = tzh
ffj acop acoo = hiu
ffk acoo acoq acop = knj raq
ffl = zfr abck tyd
ffm acoo acop acoq = exb
ffn = mgx
ffo acoq acop acoo = abpk
ffp acoo = aqv gar aavg
ffq acoo = mxg
ffr acoo acop = pge akj
ffs = rjg
fft acop acoq acoo = bee nei
ffu acoo acop = abcp lmm
ffv = lsz (ibb wik)
ffw acoo = mwe poo wmj spb
ffx acoo acop acoq = ivx
ffy acop acoo = duv
ffz acoo = ktj
fga acoo = cqe
fgb acoo acop = jdb zpp abki
fgc acop acoo = eia
fgd acoo acop acoq = ast
fge acoo acop = dvn ofz
fgf = xdm glm vsm dvq
fgg = ngr dxn
fgh acop acoo acoq = iin zxu
fgi = rrj (ipk reh)
fgj acoo acop = tih onq
fgk acoq acoo acop = qhr bqu
fgl acoo = xhz mvc
fgm = acee
fgn acoo acop acoq = omf
fgo = zjy myn
fgp acoo acop acoq = acok
fgq = xfq kdw
fgr acoo = ehm
fgs acoo acoq acop = oxe
fgt = nri
fgu acop acoo = hlg kqv xdl
fgv = bzg aaea
fgw acop acoo acoq = elw mqg zpz
fgx = okj
fgy acoo acoq acop = inh oxs lea
fgz acoo acop = qio nmm iet
fha acoo acop = bbl amv
fhb acoo acop = sgd
fhc acoo acop = ehg kvr yl uif
fhd acop acoo acoq = kfh
fhe acoo acoq acop = esl eji
fhf acop acoo acoq = eqc gbq blr
fhg acoq acop acoo = ltk aeq
fhh acoo = uii nkm
fhi acoo = abdb
fhj = wus fgu rix
fhk = acmi
fhl acoo acoq acop = obg zpj vbp
fhm acoo = oyk
fhn acop acoo = krw
fho acoq acop acoo = sog
fhp acoo acop acoq = dry
fhq acoo = cxd
fhr = otx duc
fhs acoq acop acoo = abii
fht acop acoo acoq = ume
fhu acoo acop = uwv
fhv = gxa
fhw acoo = chn
fhx acoo = won
fhy = gfe gyo
fhz acoq acop acoo = mwk
fia = kfe
fib = rqb lal
fic acop acoo acoq = kkt aoj gmh jrq
fid acop acoo = hsa
fie acoo acop = qjx
fif acop acoo acoq = vhp msw ikf
fig acoo acop = acld
fih acoo = fug
fii acoo = xfp
fij acop acoo = glu
fik = jrf bbc
fil acop acoo = nwu
fim acoo = abgb
fin acoq acop acoo = hvl ges zsh
fio acoo = fyy
fip = xzm abfm prz stx pqe
fiq acop acoo = zsk
fir acoq acoo acop = zqp
fis = owq
fit = nly
fiu acoo = acgq
fiv acop acoo = lyf
fiw acoo = sdm
fix acoo = fnp
fiy acoo acop = yzm gsh dyz acmb nvf
fiz acoo = mkn
fja = pyx
fjb acoq acop acoo = mry
fjc acoo acop = acjj
fjd acoo acop acoq = wva (cze ey obe)
fje acoo acoq acop = zyw gl
fjf acoo acop = ktn ooi
fjg = jit sfk jbp
fjh acop acoq acoo = lii
fji acoo = urv axd abvi aaee
fjj acop acoo acoq = tin
fjk acop acoo = ljo
fjl = imm (unx mqv)
fjm acoo = oei hek hgz zki
fjn acoo acoq acop = auk
fjo acoo = pri
fjp acoq acoo acop = kzh
fjq acoo acop = jdr
fjr acoo = jsq isp sez
fjs acoq acoo acop = oza aamc
fjt = hfm
fju acoo acop = map
fjv acoo acop = imw lyf
fjw = oph
fjx acoo = nvn mif fyl rrd
fjy acoo acop = odh acck
fjz = nlx uyg xou
fka = dfi oez qgw
fkb acoo = cec vhh lbx
fkc = lpp
fkd = ogy
fke acoo acop = xfr hvt
fkf acoo acop = ywv
fkg acoo = tad
fkh acop acoo = hka wkb
fki acop acoo = jhg qls epq bta
fkj acoo acoq acop = vud abxr
fkk acoo = tfq vqj
fkl acop acoq acoo = clr
fkm acoo acop = cb
fkn acoq acop acoo = auz hs ecn gfr
fko acoo acop acoq = qfp flf rmq
fkp acoo acop = hgt brk tpz
fkq acop acoq acoo = zcr nmy
fkr acoo = kbn fvc
fks acop acoo acoq = stc acnr diw
fkt acoo acop acoq = yuj jjq yer vmg knm
fku acoo acop = dwb
fkv acop acoo = yva wvf
fkw acop acoq acoo = vdm rgf
fkx acoo = scm ykm
fky = nus
fkz acoo acop acoq = tkm
fla acoo = ghm
flb acoq acop acoo = bes
flc = umi
fld acoo acop = eey
fle acoo = ufr xkv dzg ryi
flf = wmf efu
flg = abkq
flh = yjz
fli = rhp
flj acoq acop acoo = icx
flk = svp
fll acoo = wcw
flm acoo acop = fdb
fln acoo acop = xxy qwj fck
flo acoo acoq acop = hsj qfp
flp = upz
flq acoo = ita acb
flr acoo acop = tqv syd eny rfi
fls acoo acop = ofb
flt acoo acop = lul
flu acoo = qq
flv acop acoo acoq = mbc
flw acoo = ocq
flx = ngi
fly acoo acoq acop = hnu
flz = hkl
fma acoo = bvj
fmb acoo = cur
fmc acoo = kjd
fmd acoo = wiw
fme acoo = huj
fmf acop acoo = grt cew
fmg = rlb kjr
fmh acop acoo = vsq rdm
fmi acoo = yjw aagh mob wrb
fmj = abgc
fmk acop acoo = vgn
fml = vrr
fmm = acms gqj ujy dik
fmn = pqs
fmo acop acoq acoo = gtn
fmp acoq acoo acop = cto
fmq acop acoo = eva xse
fmr acoo acop = xor
fms acoo = vld
fmt acop acoo acoq = gpu axl
fmu acoo = azd alv
fmv acoo = ghg nuy
fmw acop acoo = iux nse
fmx acoo acop = ykp
fmy = hgs
fmz acoo acop = btu
fna acoq acoo acop = cwc sio koe
fnb acop acoq acoo = gii zyc
fnc acoo acop = raq
fnd acoo = xef sem
fne acop acoo = htt
fnf acoo acoq acop = qrt uss
fng acoo acop = hul
fnh acoq acop acoo = acch zsd ufp rdq
fni acoo acop = ryp
fnj = bzv
fnk acoo acop = juf
fnl acoq acop acoo = vbd
fnm = vdc
fnn acoo = pln wbs fjc
fno acop acoq acoo = ded yrh wyr
fnp acoo acop acoq = kue
fnq = ejc
fnr acoo acop = vvl
fns acop acoq acoo = cgi
fnt = rfz
fnu acoo = rkr
fnv acoo = fqf aasn
fnw acoo acop = oxb
fnx acop acoo acoq = ubc
fny acoo acop = acop vms
fnz = tys
foa acoo = abrq
fob acoo = afs
foc acop acoo acoq = tei
fod acoo acop = ddv zwf
foe acoo acop = mxj
fof acoo acop acoq = lez abuc abof
fog acoo = vwb
foh acoo = raq
foi acoo acop acoq = zrm
foj acoo acop = vhy
fok = uch
fol = wep
fom = gvr hvv jsn
fon = bbi
foo acop acoo = adu (rwo ypd)
fop = qun
foq acoo = wcc uso dgq
for acoo = jyr afc
fos acoo = jol
fot acoo acop = eqb nss
fou acoo = lbm
fov acop acoo = uut asy meo cwq
fow = aaeb
fox acop acoo = kwc
foy = pay
foz acoo acop = acop abff
fpa = wxj
fpb = rws caq
fpc acoo acop = bpy qcj xbu
fpd acoo acop = kwr
fpe acop acoo acoq = rdh
fpf acoo acop = jhg
fpg acoo acop = qyh vzo
fph acoo acop acoq = ghz
fpi = aaap
fpj acoq acoo acop = ryl ohk kan
fpk = dzn
fpl acoo acop = hgz htf hfd tvr
fpm acop acoo = dqu gnn thi lag
fpn = ajl pey abpj
fpo acoq acop acoo = tyn
fpp acoo = zit
fpq acop acoo = orz vgd mxg evz
fpr acop acoo acoq = acer
fps acoo acop = gvy rog
fpt acoq acoo acop = bca
fpu acoo = pao
fpv acoo = aacv xsa qhf qtj
fpw acop acoo acoq = jws omx
fpx acoo acop acoq = oln
fpy = spl fvh vhe qdf
fpz acoo acop acoq = fyv
fqa acoq acoo acop = qsm
fqb acoo = uae mqe llz ztn
fqc = abao
fqd = iyp
fqe acoo acop acoq = aasb ved
fqf acop acoq acoo = bym qqa
fqg acoo = jbl
fqh acop acoo acoq = alt
fqi acoo = qtw
fqj acoo acop acoq = yso
fqk acoo = abpx bpu
fql acoo acop acoq = tqf zef
fqm = ryk
fqn = bjy
fqo acoo acop = wha
fqp = aatk lym
fqq acop acoo = xti fop urf
fqr = cyi ifo
fqs acoo acop = rfa
fqt acoo acoq acop = cjr awe pby uy vee
fqu acoo acop acoq = hbm
fqv acop acoq acoo = jim
fqw acoo acoq acop = bsd jpt ste
fqx = vsk mqp
fqy acoo acop acoq = acoc
fqz acoq acoo acop = yip
fra acoq acoo acop = ibr (yvw yrm rwh ibo)
frb acoo acoq acop = absk
frc acop acoo = pvb kij abhr
frd acoo = igw pcf
fre acop acoo = uve
frf = lvq
frg = epi
frh acoq acoo acop = caf kph ynt
fri acoq acop acoo = veq qkb lwq jpi dc
frj acop acoo = ikt
frk acoo = ntz
frl acoo = tyr
frm acoo acoq acop = pfm mpm svl xpw
frn acoo acop = jin
fro acoo = klj
frp acop acoo acoq = ucc imi
frq acoo acop = knd
frr = gtn acbl dhw sfn
frs = sbz
frt acoo acop acoq = vjq
fru acoo = wd
frv = sqg
frw acop acoo acoq = lxj mjr
frx acoo = ejx aop gof acoa
fry acop acoo acoq = qrb wwp
frz acop acoo = gzl sbb nfm abmi
fsa acop acoo acoq = jyf
fsb acoo acoq acop = obe
fsc acoo = ijr ade
fsd = oqs esf fss etb abvg
fse acop acoq acoo = lfu
fsf = ykr qzy
fsg = maz
fsh acop acoq acoo = thw
fsi acoo = xmr jtv aoa
fsj acoo acop = acbx tvx
fsk acop acoq acoo = va ptn (vjp yta)
fsl acoq acoo acop = loi hp vgk
fsm acoo acop = lgf
fsn = ucq (tdh jyq)
fso = vjr bah aama ozj
fsp acop acoo = eiu
fsq acoo = jba
fsr acoo acop = lqf
fss acoo acoq acop = uhi
fst acop acoo acoq = rey jhu abrc bhp osd
fsu = szz jhm
fsv acoo = qoy
fsw acoo = fqc
fsx = cvv
fsy acoo = lfa
fsz = ih
fta acoo = veb
ftb acop acoo = avx
ftc acoo = bli
ftd = efm xnn
fte acoo = oki hqi
ftf = gct
ftg = lsa uqx kap
fth = igf
fti acop acoo = ylu
ftj = yfm
ftk acop acoo = hig
ftl = cuz (muv tqo kbf les)
ftm acoo = hhk gsh kqu geb gve
ftn acop acoq acoo = vpm phq
fto acop acoo = whl tdv abms
ftp acop acoo = zjz
ftq acoo = tgj
ftr acoo = imq
fts acoo = zvo
ftt acoo = jki
ftu acoo = uxo
ftv acop acoo = aazh hyy
ftw = bq bww at rnf qry
ftx = mid jmj chw aaqq
fty acoo acop = vcm
ftz acoo = veg
fua acoo = iyp
fub acoo acoq acop = ibo aej
fuc acoo acoq acop = swd aasx
fud = bhf gcm yro
fue acoo = lox ihj
fuf acoo acop = sns
fug acoq acop acoo = sdp prj hrh ackv
fuh = xak gaw
fui acoo acop = fws
fuj acop acoo = xld
fuk acoo = pff
ful = fsx
fum = qis
fun acop acoo = nvd xgm
fuo acop acoq acoo = kvq
fup acoo = dml
fuq acoo acop acoq = hdd
fur acop acoo = gvl
fus acoo acop = ngi
fut = rjt
fuu acop acoo = xqt ous
fuv acoq acop acoo = eir
fuw acoq acop acoo = klt
fux acoo = xox
fuy acop acoo = fro
fuz = roj
fva acoo acop = aob aid ssb
fvb acoq acoo acop = aayv jvx nis
fvc acop acoo acoq = niv
fvd acoo acop = qbl
fve acoo acop = qus mel
fvf acoo = hzq
fvg acoq acoo acop = abps
fvh = xyt exf ygm xzz dch
fvi acoo = liu
fvj acop acoo = xrd yeq thn xdx
fvk = lhf lak psi
fvl acop acoq acoo = zbp vii
fvm acoo acoq acop = abge nyh
fvn acop acoo = acar
fvo acop acoo = qxe nqz
fvp = beu ixl
fvq acop acoq acoo = pql
fvr acoo acop acoq = rsu
fvs acop acoo = wgi
fvt acoo acop = klg
fvu = lan uyj
fvv acoq acop acoo = ayv vzy
fvw acoo = tpf cbv
fvx acop acoo = ttl
fvy acoo acop = abkp ctu
fvz acop acoo = erv cct snq oqj
fwa acop acoo = jcn
fwb acoo acop = ojj mkj
fwc acop acoq acoo = gdg
fwd acoq acop acoo = agq
fwe acop acoq acoo = txp
fwf acoo = vdt chs
fwg acop acoo = puw
fwh acoq acop acoo = vue
fwi acop acoo = uct
fwj acoo = mch zmo ume
fwk acoq acop acoo = hlz ogv
fwl acoo acop = kes wwv nbo
fwm acoq acop acoo = yxq abl
fwn acop acoq acoo = kzm glw cbf ukb
fwo acoo acop = dsb
fwp acoq acop acoo = tzy
fwq = bir aban fzi
fwr = hpg
fws acoo acop = cah
fwt = bqp ny abfm
fwu = bio jas
fwv acop acoo = say pww
fww acoq acoo acop = ggx
fwx acop acoo acoq = aio
fwy acoo acop = cnj (gos el)
fwz acop acoo = qu qub
fxa acoq acop acoo = tvr any
fxb acop acoo = ckn
fxc = aana wnw qcl ny abtz
fxd = vwm
fxe acop acoq acoo = khq
fxf = vqg
fxg acoo acop = che cww
fxh acoo = hgl aadl hqo lme
fxi acoo = snw
fxj = bur
fxk acoo = srj
fxl acop acoo = liy gzc
fxm acop acoo = qss
fxn acoo = mwh
fxo = ylw
fxp acoq acop acoo = jkn
fxq acoq acop acoo = abwd
fxr acoq acoo acop = rky aaas zgm pcd
fxs acoo = hfx qro
fxt acoo = azk
fxu acoo = vcw
fxv acoo = qcj
fxw acoo acop = yhk
fxx acop acoq acoo = pri kar
fxy acop acoq acoo = lbk
fxz = wmu
fya acop acoq acoo = asp
fyb acoo acop = czv acnx csl ovi
fyc acoo = irk
fyd acoo = pdt abrf
fye acoq acoo acop = bzz hiz nwg ipp
fyf acoo = cqz diu avj gzu
fyg = ujv
fyh acoo = zut
fyi = aalk
fyj acoo acop acoq = ooq
fyk acoo = ou
fyl = kjh xtw yxr
fym = xoz
fyn acop acoo = srr
fyo = pdl qty (muw lmr)
fyp acop acoo = ani lco
fyq = qyi
fyr acoo = nkt
fys acoo acop = mmn
fyt acoo = ejx jyx znh
fyu acop acoo = saa
fyv acop acoo = twx pvx hyo
fyw acoo acop = dcj
fyx acop acoo acoq = acns ojf
fyy acop acoo acoq = iko
fyz = dkl isw jky
fza acop acoo = wbk
fzb acop acoo = hyi
fzc acoo = jth
fzd acoo = hsu
fze acop acoo = aafw
fzf acoo acop = nyv
fzg = kss hlm
fzh acoo acop = poa
fzi acop acoo = sfq
fzj = yrb
fzk = men
fzl = al roc qua
fzm acoo = aci
fzn acoo acoq acop = gwy
fzo acoo acoq acop = aaeu
fzp = bdp wjy
fzq = rnu
fzr acoo = pcj
fzs acoo = sjq ryc qiz p
fzt acop acoq acoo = l
fzu acoo = bui
fzv acoo = qgk qyj jfg dmj
fzw acop acoo = fhw
fzx acoo acop acoq = dqi
fzy acoo = eqq vtf nth act
fzz acoq acop acoo = ae
gaa = bbd
gab acoo = jkg pbz (xnl eoq)
gac = asj
gad acoo = meb
gae = iev svp cuo
gaf acoo = rdv tou
gag acoo = saf
gah = bng
gai = veq qcn evk
gaj acop acoo = yhs (ign qoy)
gak acoo = lju pvm
gal = ryy mvb
gam acop acoo = vom
gan acoo = dji
gao acoo acop acoq = fsy rvh aux
gap acoo = aawf ldf zxb ayv dlc
gaq acoo acop = dvy ivv aajc
gar acoo = xhv
gas = ize mdx
gat acoo = aayh
gau acop acoo acoq = aafv bm
gav acoo acop acoq = que (acii ddg)
gaw acoo = ral vor asg
gax acop acoo = jgz
gay acop acoo = vs
gaz acop acoq acoo = adn
gba acop acoo = uli
gbb acop acoo acoq = vqw
gbc acop acoo = ojk ulp hwy aaxx
gbd acoo = knw
gbe acoo = hvn
gbf = ohl fyu
gbg acoo = ouf few upx jb yua
gbh acoo = xxk eun (bsg ytf)
gbi acoo = qjm
gbj = cbw
gbk acoo acop acoq = juv
gbl acoq acoo acop = nmd
gbm acoo = mnt
gbn acop acoo = yug
gbo acoo = erc ygk
gbp acoo acoq acop = qfe
gbq = npu
gbr acoo = mnw aano xvo xnt abg
gbs = hqy gkn
gbt acop acoq acoo = ghf iuw ekl td bdg
gbu acoo acop = syx
gbv acoo = lgq jz
gbw acoo = zqx abhx
gbx acop acoo acoq = rkd
gby acoo acoq acop = mpb
gbz acop acoo = vks
gca acoo acoq acop = uwn
gcb acop acoo = isw pry nbw mqe bva
gcc acoq acoo acop = zab tll
gcd acop acoo = lrw abjl xfw
gce acoo = slv
gcf = aajz
gcg acop acoo acoq = bnn abas cxd bgf
gch acoo = itg mfd
gci acoo = zqv
gcj acop acoo acoq = jiq
gck acop acoo = ryh
gcl = rvt
gcm acop acoo = dvv
gcn acoo acop = oja
gco acoo = mdf afc nyj weu
gcp acoq acop acoo = ekh
gcq acoo = iay
gcr = qa bry
gcs acoo acop = sln
gct acoo = abjc
gcu acoq acop acoo = nuf
gcv acop acoo = znh hrq pky qxs
gcw acoo acop acoq = zza
gcx acoo = ntq
gcy = jhh ved ljl
gcz acoo = gda ssm
gda = ymn
gdb acop acoo = kbb
gdc acoo = cv knr
gdd = pvp bds tzz ruy
gde = gcs
gdf acoq acop acoo = kke (ncf da)
gdg = vfw ron aei pih
gdh acoo = qws lfi qoy tpl wmw
gdi acop acoo acoq = absj
gdj acop acoq acoo = dkd
gdk acoo acop = sws
gdl acoo = cbk ewf
gdm acop acoq acoo = pfp
gdn acop acoo = rdq
gdo acoo = qrn
gdp acoo acop = aun
gdq acoo acoq acop = oyd
gdr acoq acop acoo = ydc owk sey bfi
gds acoo acop = aaoy bai
gdt acoo acoq acop = uqo
gdu acoq acop acoo = ems kye
gdv acoo = ayz
gdw acop acoq acoo = shf
gdx acoo acop = yfx kxo lgh
gdy = qct qrl
gdz = tzy kli
gea acoq acoo acop = ios qtk aavb
geb = jri
gec = sli aaex
ged = zmz cew
gee = bve
gef acop acoo acoq = gxy
geg acoq acop acoo = dyd
geh acoo acop = ygc
gei acoo acop = bpf
gej acoo = eyw
gek = ilj
gel acop acoo = abrm
gem acop acoo = cxl
gen = oic abqs ugm
geo acoo acop = zdw
gep = rz ipd
geq = qmj qk
ger acop acoo = ubp
ges acop acoo acoq = zmr
get acoo acop = lwj ffu tpf
geu acoo acop = hak
gev acoo = aauk
gew acoo = hta wfl ywv
gex acop acoo = fix
gey acoo = bcs lfe
gez acoo = abph lrf toz lst
gfa acoq acoo acop = acnz
gfb acoo acop = nba
gfc acop acoo = gum
gfd acoq acop acoo = qxh jid
gfe = mcd
gff acoo acop = qfc (jyz iov)
gfg acoo = zqa
gfh acoo acop = sja irc
gfi = fgl awl fkf
gfj acoo = cdp
gfk = faa
gfl acoo acoq acop = khl
gfm acoo acop = aaeu accq mnq
gfn = aq mmz han msq
gfo acoo = uwk
gfp = rre nzj
gfq acop acoo acoq = uue zya
gfr acoq acop acoo = hfr pkg tst
gfs acop acoo = zj
gft acoo acoq acop = ajw
gfu acoq acop acoo = rhj
gfv = xk kok snh
gfw acop acoo = cfa
gfx acop acoo = gho
gfy acoo = sbs
gfz acoo = hyy zpz
gga acoo = fzz
ggb = fjm
ggc acoo acop acoq = jqw koo eua
ggd acop acoo = ljg vtw
gge = acbh oyi
ggf = gxd
ggg acop acoo acoq = qjo bft ica lzf
ggh acoq acoo acop = vos
ggi acoo = igv has omj gqt
ggj acoo = drq
ggk acoq acoo acop = noz
ggl = vmb ukk kyb zbx
ggm acoo = xok
ggn acoo = rky zei
ggo acoo acop = rso zac knh gmh
ggp = zbm cqf igc fzk
ggq acop acoq acoo = ablv vrk pco
ggr acop acoo acoq = juq
ggs acoo acoq acop = bxf
ggt acop acoo acoq = diz noo agw auo odj
ggu acoo = zvd xko abze
ggv acoo acop acoq = aapt
ggw acoq acoo acop = mxe
ggx acop acoo = fcd fju
ggy = abqi eyc ipc
ggz acop acoo acoq = bbb
gha acoo acoq acop = kty
ghb = hsi xti pbw
ghc acoo = skk
ghd = kxc azs
ghe acop acoo = ajw lba
ghf acoo = rep
ghg acoo = aaao
ghh = mha
ghi acoo = knn
ghj acoo acop = yli gkt qzv
ghk acoo acop = aau pim gfe
ghl acoo acoq acop = ufc
ghm acop acoo = ode
ghn acoo = pvq
gho acoo = ctv qah
ghp acop acoo = cvw ziq
ghq = oic too
ghr acop acoo = slq vsz bwd ato cam
ghs acoo acop acoq = abql mtu pfx
ght acop acoq acoo = cnd
ghu acoq acoo acop = fn nvr him pkf abzj
ghv acoo = lpl orc pun
ghw acop acoo = tuj
ghx acoo = sym rbx aboz
ghy acoo acop = bko
ghz acop acoo = psd nsd yfz
gia = mch
gib acoo = bop
gic = xvx
gid = gml
gie = iew lfg
gif acoo = tgh
gig acoo = vce
gih acop acoo = gpk ov
gii acoo acop = mpc aaje
gij acoo = kgo aaog
gik acoo acop = aji
gil acoq acop acoo = vci
gim = zau
gin = fkk
gio acoo acoq acop = ulq
gip acoq acop acoo = pfs
giq = ltr
gir acoo acop = pbr
gis = rgw abiq ora
git = fnm
giu acop acoo acoq = fww
giv acop acoo = fsi
giw acoo = lvm
gix acop acoq acoo = kgv
giy = abuc
giz acoq acoo acop = jwv
gja acoq acop acoo = dkk
gjb acoo = absq
gjc acoo acop = fcu gil eyg lrd
gjd acoo = dec
gje = wxa
gjf acoo = oos cvu mum
gjg = icb
gjh acoo acoq acop = mqw arw
gji acop acoo acoq = dnq epd
gjj acop acoq acoo = abwp yoq
gjk acop acoq acoo = lnv
gjl acoo acoq acop = sxj aqo
gjm acop acoo = ued
gjn acop acoq acoo = oob
gjo acoo = ovz qhe srj
gjp = vfe gvf act cig uil
gjq acoq acop acoo = uif tfu inv aet rvh
gjr acoo = eew pdm
gjs acop acoo = mgv
gjt acoo acop = dlh tib hyj sac
gju acoo = cjz
gjv acoo = knv
gjw acoo acop = cki (pvx e)
gjx = oxb bfi
gjy = jkl
gjz acoo acop acoq = lrv mfj fmw swr
gka acoo = zjc keg
gkb acop acoq acoo = klh
gkc acoo = aml zfw
gkd acoq acop acoo = oqw
gke = dfo
gkf acoo = skg doi abgy
gkg = aai
gkh acoo = llr
gki = rds hgl koh aaeo sqh
gkj acop acoo = wox zxc oam
gkk acop acoo = aki
gkl acoo = zos
gkm acoq acoo acop = zwu
gkn = xsv
gko acoo = iku urn wye
gkp acop acoo acoq = oxx
gkq acop acoo = vmn sio
gkr acoo = tdb
gks acoq acop acoo = tyz fcl abbw
gkt acop acoq acoo = xvb vxt
gku acop acoq acoo = wsa
gkv acoo acoq acop = hym
gkw = yoc
gkx acop acoo = lkw
gky acop acoo = acjs
gkz acoq acop acoo = qxx air
gla acop acoq acoo = bda wsi (ekh wtm)
glb acoo acop acoq = efw zuh
glc acoq acoo acop = mge
gld = wmp
gle acoo = qgn
glf acoo = zwv
glg acop acoo = aaus
glh = qbz vqe
gli = g cdi
glj acoo acop acoq = ykm
glk = epo
gll acoo = jue
glm acoo = liy
gln = ehl
glo acoq acoo acop = kna her njo bli
glp acoo = acmv ttz
glq acoq acop acoo = uuz tus
glr acoo acop = fxw zsr uhk zcz pcc
gls acoo = ncm
glt acop acoo = ysp
glu acoo = bip
glv acop acoo acoq = hbo
glw acoo acop = cmb (lft csg rnw)
glx acoo = nia mwc vea ube
gly = rbg
glz acoo acoq acop = zuh ukx
gma acoo = pgi
gmb acop acoo = vla
gmc = cyg
gmd acoo = cma
gme acoo = jwa nhh
gmf acop acoo acoq = etf lcf nqm kvn
gmg acoo acop acoq = cpw abbm yql
gmh acop acoo = ubd hit
gmi acoo = xue
gmj = abkv xsf
gmk = fqs vej
gml = kdn
gmm acoq acoo acop = byj
gmn acoo acop = wdn
gmo acoo = omb
gmp = oql dft wtt
gmq acoo = qmf jur abmw
gmr acoo = ybv
gms acoo acoq acop = abhi fft gho
gmt acoo = qhg
gmu acop acoo = hlj
gmv acoo = ogk ahz
gmw = eoc
gmx = bxk yjt
gmy acop acoo acoq = phf
gmz acop acoo acoq = nck
gna acoo = acmb
gnb acoo acop = oze zby
gnc acoo = tzv aro
gnd acoo acop = adg err hyo diq ada
gne = zm
gnf = gyb jwi idh vay
gng acop acoo = xsh
gnh acoo acop acoq = vya
gni = ekr ukd
gnj acop acoq acoo = kqw jyv
gnk acoo = yao
gnl = yih
gnm = iv tvt ex
gnn = sev txa dkb bgf
gno acoq acoo acop = xfc
gnp acoo = abde qmo xcw
gnq acoo = acx
gnr acop acoo = zss
gns = fro vqz bgb
gnt acoo = zqz
gnu = ueh
gnv acoo acoq acop = lzl
gnw = nhg msj
gnx = tad
gny = syg
gnz acop acoo acoq = aawl
goa acop acoq acoo = chy pjk
gob acop acoo acoq = qcj fms
goc = jdn ygh
god acoq acop acoo = vza
goe acoo = san
gof acoo acop = hso prq
gog acop acoq acoo = vqr
goh acoo acop = ybd
goi acop acoo acoq = lye
goj acoo = vss (lvh aawx)
gok acoo acoq acop = dtx
gol acoo acop = lov oxp qpv
gom acoo acop = czq cdh
gon = aaco
goo acoo acop acoq = dat evr kfc dxz
gop acoo = hgd
goq acoo = vfo xvo
gor acoo acop = edg
gos acoo acop acoq = mgs
got acop acoo acoq = hfl mkb phv
gou acoo = lbs
gov acop acoo = xle gou
gow acoo = yir
gox = nyb
goy acoo = mxj
goz acop acoo acoq = jep jke vpk hdv uwi
gpa = tyg zpc zxz aade
gpb = msc uha
gpc acoo = gli
gpd = hja
gpe acoo = acab
gpf acoo acop = ecw
gpg acoo = gir ctj
gph acoo acop acoq = fzf msf vjm
gpi acoo acop = dbj aamb dqp imr
gpj acoo acop = zyi msk dto klu
gpk = ahx ucc
gpl acoq acoo acop = hwc igc yfz aaso
gpm acoo acop acoq = aahr ablv nco jyx
gpn acop acoo = aape
gpo acoo acop = fjf
gpp = odk
gpq = mab nol
gpr acop acoq acoo = aaew wlq
gps = jkp
gpt acop acoo = kzu bmz ggc
gpu acoo acop = twi
gpv acoo = fof eyt
gpw = bcy
gpx acoo = fzo
gpy acoo = gtj
gpz acoo acop = ujj
gqa = tha itq
gqb acoo acop = jeo
gqc acoo = pla aja
gqd = rjs acma csc
gqe = lvn
gqf acoo acop acoq = dqu qcb
gqg acoo = wzb cgk (ywv fvr)
gqh acoo acoq acop = mpk
gqi acoo = alr
gqj acoo acop = jmw xxq
gqk acop acoo = orf
gql acop acoo acoq = kjh hri
gqm acop acoo acoq = dxq agv
gqn = oso (pqs ucf ryf)
gqo = ltg
gqp = nvw
gqq acoq acop acoo = ldo mes
gqr = ola
gqs acoo = gnt
gqt acop acoo = xma
gqu acoo = hdf
gqv acoo acop = mvg aaje kxm
gqw acoo = qc
gqx acoo = pwx xc aue ipx
gqy acoo = yyk xps nkw
gqz = xds lxh gir
gra acop acoo acoq = kub
grb acoo = olc
grc = lzf
grd acop acoo = nev mfz ftj hsr vws
gre acoo acop acoq = aaxg fwm
grf acoo acop = lr fyn jib
grg acoo = glj rlu
grh acop acoo = czx
gri acoo acop = lts
grj = pis kvc
grk acoo acop = szc
grl acoo = abbj
grm acoq acop acoo = aadz
grn acoo acop acoq = vja
gro acoo = mtf
grp acoo acop = yrs
grq = aawa
grr = vad zi mgr
grs acoo = aagt
grt acoo = sb zuf asu
gru = rfq syb
grv = nem
grw acoo acop = acgm
grx = zke
gry = jgj
grz acoo = diw
gsa acop acoo acoq = ysb
gsb acop acoo = ebf kuz jkt
gsc acoq acop acoo = qfn
gsd = njs
gse acoo = aaed
gsf acoo acop = tlv
gsg acoo acoq acop = wef sci aaff omm
gsh = ymr xdr taf juq ttf
gsi = abty mlk aarn
gsj = wof acjs bkd bhk jlx
gsk acop acoo = ahz
gsl = won
gsm = peh
gsn acoo acop acoq = acol
gso acoo acop acoq = jzq
gsp acoo acop = ygo
gsq = ykx
gsr acoo = bld rjc ulw eri
gss = vfn awi jgp
gst acoo = ija
gsu = syk
gsv = aamx kuo acdy rtp
gsw acop acoq acoo = cle
gsx = eqd vie
gsy = npa owq
gsz acoo acop = zpg sqo aahr
gta = yza
gtb acoo acoq acop = abhu
gtc acop acoo = tjk
gtd acoo = qfc
gte = zzc
gtf acop acoq acoo = prg
gtg acoo acop = tln
gth acoo = ghn
gti = nng cdm
gtj acop acoo = ppb
gtk acoo = abfo
gtl acop acoo = yym vvu iuk
gtm acop acoo = absj abxo
gtn acoo = zkn
gto = ari
gtp acoo = vph (nwh aawl)
gtq acoo = pbj
gtr acoo = khm
gts acop acoo acoq = ilm
gtt = zdl
gtu acop acoo acoq = jtq
gtv acoo acoq acop = wzh yhc
gtw = hsz xcc bni
gtx acoo = bkr
gty acop acoo = jun
gtz acoq acop acoo = jcs
gua = ilz alc (sen xty) jjh
gub = etl
guc acop acoo = nty hrm
gud acoo acop = jfl hif
gue acoq acop acoo = unw
guf acop acoo = yss sti
gug acop acoo acoq = xgx xoz (whg zme)
guh acop acoo = wse hkk
gui acoo acop = vdz aqy
guj acoo acoq acop = qcn
guk = acfw fke mvc qpl
gul acoo acop = ryd ssy woh
gum acoo = tqg
gun acoo acop acoq = hmp viz ebt
guo acoo acop = efm vyd
gup acoo = drx
guq acoo = gtr
gur = lfy
gus acoo = ood axf
gut acoo = opc abxx
guu acoo = pwo
guv = vvj jwz
guw acoo = zdp enw deh oti
gux acoo acop acoq = abjk
guy acoo acop = tej
guz acoo = hvr dyx
gva acoo = btp erc dtp kug
gvb acoo = pkl itu (bpq pyo) dng
gvc acoo acop = qsw
gvd acoq acoo acop = uju
gve = hwu
gvf = ete yyn htg
gvg acop acoo = jes aqq kgt
gvh = abkz
gvi acoo acop = diu
gvj = eep
gvk acop acoo = edb grm
gvl acop acoo = xew xfy
gvm acoo acop acoq = pbz xig xde
gvn = wkf hwx byq aaau kbj
gvo acoo acoq acop = vtx ncd
gvp acoo acop = hpc
gvq = fgl
gvr = ujz
gvs acop acoo = xz
gvt = zut
gvu acoo acop = aaar jzg aqb nlp
gvv = mab
gvw acoo = ify hcv
gvx = fsp
gvy acoo acoq acop = tgo
gvz acoo = wzq
gwa = jxx
gwb acop acoo = xez rog djm pta
gwc acop acoo = ouj
gwd acoo acop = ino
gwe acop acoo = wiq ftu xnb sge
gwf acop acoo = isf izw cqy olx uu
gwg = mnh
gwh acop acoo = knd
gwi acoo acop acoq = cfw aapg
gwj acoo = xcc
gwk = zjt yec rwk cym
gwl = xio
gwm = gz wwu
gwn acoo = abjv
gwo = vcq
gwp acoo = tcz
gwq acoo = wkd
gwr = trl
gws acoo = nxu
gwt acop acoo = kqm mdf avg abwk
gwu = vdg pfz
gwv acop acoo = anl nsf mqp mig aadk
gww acoo = ftf
gwx acoo acop acoq = zmx
gwy = weq
gwz acoo = dpo
gxa acoq acoo acop = fhb
gxb acoo acop = nfl eqk rhu czo aeg
gxc acoo acop acoq = voe
gxd = aats
gxe = hdj
gxf = esm
gxg acop acoo = jgh
gxh = hze gst
gxi acoo acop acoq = usd iox njw
gxj acoo acop = kyv
gxk acoq acoo acop = gjb
gxl acop acoo = cid off
gxm = toj aij gab
gxn acoo = mpb
gxo = fbz
gxp = fvg
gxq = pgq
gxr acoo acop = cfe
gxs acoo acop = ggo iep kbk wjp
gxt acoo = wci
gxu acoo = hnx
gxv acop acoo = qzk gzm
gxw acoq acop acoo = pxm
gxx = ycr koi
gxy acoo acop acoq = pnw
gxz acoo = yyw jhn oqk abpv
gya = tge ope fmk
gyb acoo = fhk
gyc acop acoo = qrk
gyd acoo acop = oks
gye = hfs
gyf acoo acoq acop = juc
gyg acop acoo = ixf sfk kgz
gyh = gej
gyi acop acoo = nzj
gyj acoo = wsq
gyk acoo = afa rwt
gyl acoo acoq acop = mg
gym acop acoo = dvx fca
gyn acoo = iep
gyo acop acoq acoo = rsn
gyp acoq acop acoo = wuv
gyq acoq acop acoo = wtl
gyr = ym
gys acop acoo = xfw
gyt acoo = kwc (xkj uir)
gyu acop acoq acoo = cbr
gyv acoo = rub mwd
gyw acoo = zcv are qrg cei
gyx acoq acop acoo = qqs kol fkb cej
gyy acoq acop acoo = suj
gyz acoo acop = vfn gui pts uui
gza = yee ggr qrc
gzb acoo = odc ogz hbz
gzc acoq acop acoo = jgb
gzd = bmb rgy lia
gze acoo = ohk
gzf acop acoo = niu cmi
gzg acop acoo = wsa xrp xbw
gzh acoq acop acoo = ofd
gzi acoo = ifr
gzj = bac
gzk acoq acop acoo = aayh fvr abjy
gzl acop acoq acoo = abpw
gzm = abwy ytl y
gzn acop acoo = pyp
gzo acoo = xiv
gzp acop acoo = prh
gzq = szs
gzr acoo = tlq
gzs acoo = abyg
gzt = irz lss
gzu acoo = ozz
gzv = enx
gzw acoo acop = uqb uir xpo hn
gzx acoo acoq acop = qia vjw apt
gzy acoo = qeu
gzz acoo = crm
haa acoo = reo mtk
hab acop acoo = odj pdi smy joz
hac = aapc rjs sbo gir
had = tve
hae acop acoo = gcw
haf = abdf ucp wwo
hag acoo = wae
hah acoo acop = yyd
hai acoo acop = bzv
haj acoo = mhr (loz tpa)
hak acoo = pxi
hal acop acoo = aalf xlr plg
ham acop acoo = aalx
han = aon
hao acoo acoq acop = mtg
hap acoo = syi
haq acoo = acbq
har acop acoo = qov
has acoo = kjt
hat acoo = fxp ejd
hau = wck
hav = axe vez uvr lny
haw = low
hax acop acoq acoo = zjl
hay = aez
haz acoo acop = zdr ktq
hba = suh
hbb acoo acop = eam
hbc acoo acop = usz seq
hbd acoo = bey
hbe acoo = sfp abyb
hbf acop acoo = yae kgr
hbg acoo = smi
hbh acoq acoo acop = gtn dyl acmo gyy
hbi acoq acop acoo = abui
hbj = fyy
hbk acop acoo acoq = rdi
hbl acop acoq acoo = rwp acjl
hbm = sjp kaa pqb cmc
hbn = xyd
hbo acoo = kqb sby clc
hbp acoo acop acoq = dbo
hbq acop acoo = yqu qps
hbr acoo acoq acop = nne nzm
hbs acop acoo = fws yry
hbt = ulm vel lwh
hbu = ylx
hbv acoo = whh kmw
hbw = fto
hbx acop acoo acoq = lhz
hby acoo acop = sev mle
hbz acop acoo acoq = gnz
hca acop acoo acoq = abby swy bvu
hcb acoo = nry
hcc = gaq cmq qqw
hcd acop acoq acoo = fyz
hce acop acoo = hcs
hcf acop acoq acoo = ahh tyz
hcg acoo = wzd
hch = axt
hci acoq acoo acop = jbo udw vey
hcj = jge uql (eux mdz)
hck acoo acop acoq = txd
hcl acoo acop = rui cqk
hcm = zsi achb acak
hcn acoq acop acoo = acmd
hco = aatz yyg gbi mbj
hcp acop acoo = rel xtg
hcq acop acoo = mxy
hcr acoq acoo acop = abwj
hcs acoo = dkm jre
hct acoq acop acoo = nwh
hcu = faw
hcv acoo acop = frj
hcw acop acoo = gni
hcx acoo acoq acop = acon hwx
hcy = ihj aald bwm igo
hcz acoo acop acoq = absj
hda = lus
hdb acop acoo = ccc
hdc acoo = sdq
hdd acop acoo = sqc aabv aarz
hde acoo acop = lrc jxt
hdf acoq acop acoo = itj
hdg acoo acop acoq = wpz
hdh acop acoo = ffv
hdi = lnl
hdj acoo = dux
hdk = zax cjj aagk vbp gwd
hdl = yqb (zuu jko ybb)
hdm = vgc azy bqs
hdn acoq acoo acop = hxc
hdo acoo acop = lpr kfz
hdp acoo = bie sea xdi raw
hdq = atx
hdr acoo = vh zhq mw
hds acop acoo = uil (iuu jkh ptc)
hdt = pko dke acgn
hdu acoo = ea vso
hdv acoo = uup
hdw acoo = qnt oif
hdx acoq acop acoo = wtx
hdy acoq acop acoo = qdt onl mfu woz zrn
hdz acoo acop acoq = hnc vtx tvs
hea acoo = syb
heb = vwt
hec acoo acop acoq = tkc
hed = zl ugo
hee acop acoo = aaiy
hef acop acoo = amb
heg acop acoo = umf
heh acoo acoq acop = hzu (qsr pjk) lmu
hei acoo = opi agk
hej = rjr rjp
hek acoo = hxv jnv
hel acop acoq acoo = kbr
hem acop acoq acoo = csx lzu
hen acop acoq acoo = ngd buf
heo = wnf bxt
hep = pir
heq acoo acop = zhf
her acoo acop = kup
hes = jks sxg iru
het acop acoo = uoo
heu acoo acop = qsd air
hev acoo = owb
hew acoq acoo acop = unr ed fkf
hex acoq acop acoo = rss
hey acop acoo acoq = tkq lsf sig
hez acoo acop = ytd
hfa acoo acop = env gnp dea
hfb acoo = uek
hfc acoo acop acoq = pvn (pgs qaj tog)
hfd acoo acop = abid
hfe = uug
hff acoo acop = hyn
hfg acoo = jec
hfh acoo = loz jnv qur
hfi acoo acop acoq = umc
hfj acoo acop acoq = goy (lnv agt xzl)
hfk acoo acop = tq chh aaw lun
hfl acoo = szp
hfm = wta
hfn = osw
hfo = sl gnd
hfp acoo = mph qeq bbv
hfq acoo = cyi
hfr acoo = mpq vrg sar zqy
hfs acoo = zhp
hft acoo acop = ewu
hfu acoo acop = oxb
hfv acoo = aail
hfw acoq acoo acop = ojg
hfx = tk
hfy acoo = txx
hfz acoo = znk
hga acop acoo = zpz
hgb acoo acop = gsh afr ekd
hgc acop acoo = hms acfi
hgd acoq acop acoo = ggo
hge acoo = ncp hzq
hgf acoo = spc
hgg = abqo ltl
hgh = agn
hgi acoo acop = baw
hgj acoq acoo acop = wqp vhe
hgk acop acoo = eor (nnm des kpv ls)
hgl = lpw zlw aahj
hgm acoo acop = hwz hjr
hgn acoq acop acoo = bcy vbu (gmu hpj)
hgo acoo acoq acop = dju
hgp = spq
hgq acoo acop acoq = qis vme
hgr acop acoo = hkq sbz az
hgs acoo = dkk
hgt acoo = www
hgu acoo acoq acop = rrx
hgv = nhx
hgw acoo acop = eeq
hgx acoo = ijq
hgy = mng
hgz acop acoq acoo = yiv
hha acop acoo = rw wda
hhb = opw
hhc = gxz
hhd acop acoo = sls
hhe acoo acop = yyy zno
hhf = ldv
hhg acoo = mad im
hhh = ij
hhi acoo = vre ackm
hhj = pik gzm jys
hhk acoo = rfu
hhl acop acoq acoo = hkb
hhm acoo = ads
hhn = cmk
hho acoo acop = xam
hhp = run acgh jkl
hhq acoo = pfj
hhr acoo acoq acop = vud jnx vbi
hhs = abjv
hht acoo = jij
hhu acoo acop = lvn
hhv acoo acoq acop = eqj
hhw = aiw
hhx = vjk
hhy acoo = dht
hhz acoo = abkr
hia acoq acop acoo = ldc
hib acoq acop acoo = uqk pss htx vkt
hic acoo = aaeu
hid acoo = ngm
hie acop acoo = urk fgl zyr
hif acop acoo acoq = iuw jsi
hig = zle achx hbr
hih acop acoo acoq = sq
hii acop acoo acoq = xer
hij acoq acoo acop = dyh sbb aboo pop
hik acoq acoo acop = ysu nkm xql
hil = jrt
him acop acoo = ypo
hin acop acoo = vbb
hio acoo acoq acop = dha
hip acoo acop = lkh
hiq acop acoo = zwu
hir acoo acop = kxe
his = tzd pnm xkf
hit acop acoq acoo = oei cvo djx
hiu = wiw
hiv = fzd xuy lvi
hiw acoo = kvi
hix = jgy
hiy = aic
hiz acop acoo acoq = xzq odc
hja acoo = xbi
hjb acoq acop acoo = suv
hjc acoo = sb
hjd acop acoo = ydu
hje = yxh
hjf acop acoo = xry
hjg acop acoo = uld sgq
hjh acop acoo = qkq fdn
hji acoo acop acoq = isg
hjj = mzs lrs aazn aab xzo
hjk acop acoo = gqe eka
hjl acoo acop acoq = dyq
hjm acoo = acet ncz hcy
hjn acoo = ayj czh
hjo = xvq eyf
hjp acoo = lxt acc hmn zer
hjq acoo = kod qgq yvt
hjr acoo = lgv pdz aasv fzj lan
hjs acoo acop = bvl
hjt acoo acop acoq = ie
hju acop acoq acoo = fan fnh hou ohp
hjv acoo acop = ktz qki czx
hjw acoo acop = udd
hjx = bvp
hjy acop acoo = orf hha iie
hjz acoo = qle
hka = zug (eyf lge kkj)
hkb acoo acop = rkz pfq zsc
hkc acoo acoq acop = lns acio abun
hkd acoq acop acoo = uws knd
hke acop acoo acoq = irq elc coz wlj
hkf acop acoq acoo = zzo fiu gya pre
hkg acoo = rvx
hkh acop acoo = uql acfu
hki acoo = ssw yku qxk fja
hkj acop acoo acoq = asw
hkk acoo = xap nmj pbu
hkl = qpk
hkm acoq acoo acop = tec
hkn acoo acop = gth (ltb zum)
hko = uzm vyd
hkp acoq acop acoo = nni fph
hkq acoo = fjh
hkr acop acoo = dzx
hks acoo = efv
hkt acoo = pwn
hku acoo = ywl
hkv acoo acoq acop = zau
hkw acop acoo = hmt
hkx acoo = nih
hky acoo acop acoq = ksh
hkz acop acoq acoo = fwg
hla = xra kuw
hlb = epq icm
hlc acoo acoq acop = sud
hld acoo acop = dge
hle acoo = lae (exv sbb)
hlf acop acoo = aanp udu uxq ts
hlg acop acoo = tqh
hlh acoo acop = sqw
hli = yty abnw
hlj acoq acop acoo = acop
hlk acoo = pwf
hll acoo acop = ein
hlm = vyn imj bxu
hln acoo acop acoq = abri
hlo = hpq afa
hlp acoo acop = sjd bmb ytc ssj
hlq = nej fmk
hlr = erh
hls acoo acop = fyv jat hnl nyd
hlt acoo acop = mlb
hlu acoo = dal fii tuo vbh
hlv acoo acoq acop = ohq eyv teb
hlw = uk
hlx = uhn vyy
hly acoq acoo acop = gcy bkj qn
hlz acoo = aajk uvu
hma acop acoo acoq = tkm
hmb = yot rem pqf snk
hmc acop acoo = czd aacu rnn
hmd acoo = ams ozd tha lih
hme acoo acop acoq = zip qes ajr
hmf = abog
hmg = pui
hmh acoo acop = afx
hmi acoq acoo acop = ovg
hmj = vgs
hmk acop acoo acoq = aayw rqe
hml acop acoo acoq = gcb
hmm = yne
hmn = oyu
hmo acop acoo acoq = ydv vol
hmp = vjc ywz
hmq acoo = uhb
hmr acoo acoq acop = ggw nsr ubs
hms = zts
hmt acoo = eex hmk daf
hmu acop acoq acoo = hlw shq
hmv acoo acop = vel ztc
hmw acoo acop = eyz
hmx acop acoo = ods
hmy = tqp zmd jdq
hmz = pti pid qzf
hna acop acoo acoq = bwc
hnb acop acoo = abgw
hnc = pch
hnd acoo acop = upm
hne acoq acop acoo = kxe cra qbi
hnf = poy
hng acoo acop acoq = zcp
hnh acop acoo acoq = abos tbb
hni acop acoo acoq = xtp nnk
hnj acop acoo acoq = atv yfx
hnk = awo cxo
hnl acop acoo = scu
hnm acoo = jqh
hnn = tec
hno acoq acoo acop = pll jzg
hnp acoo acop = ccg
hnq acoo acop = afo
hnr acoo acop = amc
hns acoo acop = nep xtw pue
hnt acoo acop acoq = krw hqm abzr
hnu = efe
hnv acoo acop = wlp
hnw acoo = jee msc aabl aye
hnx = vwb
hny = avj
hnz acoo acop = shm els aavo kic
hoa acoo acoq acop = bhg
hob = usk
hoc acoo acop = zhs
hod = wca
hoe = kiu
hof = ksq
hog acoq acoo acop = fea eqa hsd
hoh acop acoq acoo = uqy cns wjz nla
hoi = fzq
hoj acop acoo acoq = lcl
hok acoo = yto glt
hol acop acoo = zep
hom acoo = ohw absm
hon acoo acop acoq = zre
hoo = prx dpc
hop acop acoq acoo = liq
hoq acoq acop acoo = lti gzj
hor acop acoo = cmb
hos acoo = uvx
hot acop acoo = odq zqb sqz
hou = fiw (rke sto fbc hot)
hov acoo = ijs aou
how acoo acop = cif dza
hox acoo acop = atl hmw
hoy = aazu
hoz = abpz
hpa acoq acop acoo = evg
hpb acop acoo = udf zvg
hpc acop acoq acoo = inp
hpd acoo acop acoq = lob
hpe acop acoo = pgx hfy asz xf
hpf acop acoo = abew smr oyy wbk
hpg acop acoo = cas kfu
hph acoo = bdn tac
hpi acoo = lub
hpj acop acoo = oyh
hpk acoo = erz
hpl acoo = nsx
hpm acoo acoq acop = onj
hpn acoo acop acoq = mul
hpo acop acoo = cig ohc bby ajr
hpp acoo = arc
hpq = inv
hpr acoo acop = wvk
hps acoo = aabd
hpt acoo = jjw
hpu acoo acop = abco
hpv = had aasl
hpw acoo acop = rot aamw
hpx acoo acop = zkg yym rpo
hpy acop acoq acoo = hor
hpz acoo acop = buz imq aaej
hqa acoo = hno jmh
hqb = ezt
hqc acoo = qfj
hqd acoo = mpo glc
hqe acop acoo acoq = tvp hxi kta aaam
hqf acoq acoo acop = rpv jiv
hqg acop acoo = piu
hqh acoo = dqq rhy duw
hqi = mcn
hqj acoo = uvo hcv izg
hqk acoo acop = thm
hql acoq acoo acop = mhg
hqm acoo acop acoq = bqr pyl jmx
hqn = lxd
hqo acoo acop = vnk elx (wlh kga)
hqp = rsq
hqq = jtu lnu acjs
hqr acoq acoo acop = xrj vlt (bid qgv)
hqs acoo = vsc
hqt acoo acop = lmq nxz fzi yxn
hqu acoo = huo
hqv acop acoo = acdg
hqw acoo = dom
hqx acoo = xdc
hqy acop acoo = zeq
hqz acoo acop = rev fww
hra acop acoq acoo = ncd
hrb acoo = bck tqv snx ctx
hrc acoo = hps xyr can
hrd acoo = aun
hre acoo acop = ptz cax snw
hrf acop acoo = ewa
hrg acop acoo acoq = sgn
hrh acop acoo = xze
hri acoo = pla zwc kqv
hrj acoq acoo acop = tpq
hrk acoo = qaa kts nbt siq
hrl = rtm aark
hrm acoo acop = avu (jka eue)
hrn = abor scq zt bmt
hro acop acoo acoq = vuu
hrp acoq acoo acop = srt tgq urs asw
hrq acop acoo = rlx wph vac
hrr acoq acoo acop = ofu kba pbu
hrs acop acoo = gkd
hrt acop acoq acoo = acmr aays abgw cqy
hru acoo = vtv
hrv acop acoo = cfw rx osh
hrw = yiz
hrx acoq acoo acop = rgq kp gve
hry = tnp
hrz acoo = aco
hsa acop acoo = wig
hsb acoo acop acoq = pvn
hsc acoo acop acoq = acez viu
hsd = zxf
hse acoo = vgp
hsf acoo acop acoq = aawx
hsg acoo = vqj
hsh acoq acoo acop = ncb
hsi acoo = rqz
hsj = pbv glv
hsk acoo acoq acop = ami
hsl acoq acoo acop = xuj
hsm acoo = gtq
hsn acoo = maz dye cmk
hso acoq acop acoo = iyt
hsp acoo acop = kmv xaa abfw
hsq acop acoo = aamn
hsr acoo = tbv
hss acoo = ror
hst acop acoq acoo = nsu
hsu acop acoo = lcn acht
hsv = aanw
hsw = pyl cys nkh
hsx acoo = aaln
hsy acoo = jan qzo
hsz acoo acop = ljs absn
hta acoo acop acoq = quf sqt
htb acoo = prf
htc acoq acoo acop = kou
htd acoo = npj
hte acoo = hbc
htf acoq acoo acop = eeu
htg = ktw ais
hth acoo acop acoq = dc tqk
hti acoo = ghu itl re
htj acoo = wvp oid
htk acoq acoo acop = vgf jle cwc
htl acop acoo acoq = abnn
htm = zgb bgr bgy vdq
htn acop acoq acoo = xln idv
hto acoo acoq acop = jdg
htp acoo acop = jsk
htq = bqd
htr = eoj
hts acoo = eir sey
htt acoo = tdm miz uju akr
htu acoq acop acoo = fmh
htv acoo acop acoq = eso
htw acoo acoq acop = zbc jwd etg sms
htx acoq acop acoo = wyz
hty acoo = lkp
htz acoo acop = skd
hua acop acoo = ycd
hub acoo acop = ablv
huc acoo = ruf
hud acop acoq acoo = iny (ir cep)
hue acoq acop acoo = hyb umy
huf acop acoo acoq = tzb
hug acop acoo = wab
huh acoo acop acoq = niy
hui acoo = aalr
huj = svs
huk = ghc
hul = osi iii
hum = dsz
hun acoq acop acoo = pbo
huo acoo = rsc aahx zwk
hup acoo = bck
huq acoo acop = aazz caf enx eue
hur = fos ckg
hus acoo = uzk
hut acop acoo = tek bkl uwx
huu acoo acop acoq = ywl
huv acoo acoq acop = pmg
huw acoo = hcq
hux acoo acop = oec
huy acop acoo = mrb gjm ksl
huz = bry
hva = pkl xqa ign
hvb acoo acop acoq = gjh (rrg hq)
hvc acoq acop acoo = gqs
hvd acoo = jop
hve = abkl
hvf acoo acoq acop = rfy xzd abj
hvg acop acoo = nxh
hvh acoo acop acoq = rlp
hvi acoo acoq acop = dfz
hvj = lqc
hvk = uaq
hvl = acu yql
hvm acoq acop acoo = abph (fbe lso pjf)
hvn acop acoo = oqx tkq leu qhd ult
hvo acoo acop = ohz dgz aajd
hvp = njg
hvq acoo = zk kfa del xdc
hvr acoo = bmo
hvs = vyd
hvt acoo acop = aahw emh omp
hvu = rxx
hvv acop acoo acoq = acas
hvw acop acoo = mjj kan tcb xll
hvx = fao nhx
hvy acoo acop = xaq
hvz acop acoo acoq = ore
hwa acoo = lln
hwb acoq acoo acop = wem
hwc acoo = quo axi
hwd acoo acop = znd
hwe = fkh
hwf acoo = syj
hwg acoo acop = ywb gyw wj
hwh = dgh
hwi acoo = ozr bqz
hwj acoo = snz
hwk acoo = rzl
hwl acoo acoq acop = zfo
hwm acop acoq acoo = liw qzf
hwn acop acoo acoq = yjq
hwo acop acoo = iog
hwp = ppg
hwq acoo = bmm
hwr acop acoo = gow
hws acoo = gsu ztb mf
hwt acoq acoo acop = uoa syi wib abab baq
hwu acoo acop = vyg oqt mdh
hwv = vwx
hww acop acoo = vls
hwx acoo = edv
hwy = uwq flg vkd kjg eix
hwz acop acoo = bxl rs
hxa acop acoq acoo = ltr
hxb = mai
hxc acoo acop = dny
hxd acoo = wew sec qvg ejx
hxe acoo acoq acop = jfm
hxf acop acoo = uqd tbk
hxg acoo = xyz
hxh acoo acop = vsm
hxi acop acoo acoq = rwc
hxj acoo acop = rjw acec zaf vh
hxk acop acoo = uoj
hxl acoo acop acoq = nbi
hxm acoo = squ bsm jhs ose skx
hxn acoo = nks (fek klq nhv)
hxo = bbn
hxp acoq acop acoo = nda arb
hxq acoo = xxp
hxr = qdm
hxs = ddo
hxt acoo = lok
hxu acoq acoo acop = mgz
hxv acoq acop acoo = dho
hxw acoo acop acoq = vdh
hxx acop acoo acoq = pze
hxy acoo acop acoq = owf sfx
hxz acoo acoq acop = abeh uej (xvy aqz)
hya acoo = eiq gnr eld wyz aacj
hyb = yqk aard
hyc = cqn
hyd acop acoo = jds zuo (ttz hcf) qcw
hye = aask dbe ezh
hyf acop acoo = sev
hyg = dtw eqe
hyh acoo = kst
hyi = yog
hyj acoo = xmo
hyk acoq acop acoo = dcm
hyl acoo acoq acop = gw
hym = aalb abli
hyn acoo = zyn bak khq qqc aavn
hyo acoo acoq acop = aato
hyp acop acoo = nof
hyq acoo acoq acop = cqa
hyr acoo acoq acop = uzc
hys acop acoo = aclj
hyt = kgd uyd
hyu = ici
hyv acoq acoo acop = aava qxe dml how
hyw = stu vxi ryx
hyx = yyu aalu asn
hyy = lla
hyz acop acoo = pqf
hza = jcp
hzb acoq acop acoo = btt abse tgi dpc
hzc acoo acoq acop = ndz
hzd acoq acop acoo = vdz
hze = pvg
hzf acoo acop = yjm
hzg = abjg
hzh = zit
hzi = fpi abrf wzy abyi dba
hzj acoo = lmh c spj aaco
hzk = qaa
hzl acop acoo = lqs
hzm acop acoq acoo = adn
hzn acoo = wcb
hzo = jte ruq ygz
hzp = kic
hzq acoo = qqd
hzr acop acoo = sdo
hzs acop acoo acoq = zmb sva
hzt acop acoo = sox
hzu acoq acop acoo = pdi
hzv = nvp
hzw acoo = rdw
hzx acoo acop = edr
hzy acoo = dzb lcg abtb ljh
hzz acoo acoq acop = akb
iaa acoo = wzi owl
iab acoo = mcr
iac = rvt
iad acoq acoo acop = dty xef ehu
iae acoo acop acoq = nfe
iaf acoq acoo acop = egx
iag acoo acop acoq = wlg taz abes bbc abhx
iah acoo acoq acop = zog
iai acoq acop acoo = xwp efa
iaj acop acoo acoq = lvw tf
iak acoo acop = dbn
ial acoo = zmg
iam acoo acoq acop = abcf
ian acoo acop = bhg
iao = wqt (wci mcz)
iap acoo acop = dg
iaq acop acoq acoo = kqm ca
iar acop acoo = qca jxm vvd
ias acop acoo = nnl
iat acop acoo = tkn mxo zpr mzi mdx
iau = abqm
iav = fjl exk
iaw acoo = abyj
iax acop acoo = yum
iay acop acoo = bfl tdy
iaz = abrt aclv xxc
iba = pgt
ibb = vcc
ibc acop acoo = aem
ibd acop acoo acoq = tiu
ibe acop acoq acoo = mpd xzf
ibf = ihf
ibg acoo = anb iyh uxw
ibh acoo = gor
ibi acoq acoo acop = zlg
ibj acop acoo = mwe vvb hlc xoz
ibk acoo = ukf
ibl acoo = euf yqh
ibm acop acoo = bfa
ibn acoo = qox
ibo = kax
ibp acop acoo = aia
ibq acop acoo acoq = cab
ibr acoo = htz pye rdg
ibs acoq acop acoo = btt
ibt acoo = ijp kfd abdf
ibu acoq acoo acop = msn
ibv acop acoo = agv
ibw acoo = raw uso
ibx acoo = bma gme aun
iby acoo = prx
ibz acop acoo acoq = dve oad
ica = tre non
icb acoo acop = mbj
icc acoo acop = jny
icd acoo acop acoq = zlj txz
ice = tmu accl cgf acg
icf acoo acoq acop = ixa lul zhe
icg acoq acop acoo = nwg fcw
ich acop acoq acoo = sop uky
ici acoo = brb
icj = grg
ick acoo acoq acop = byf
icl = amk
icm acoq acoo acop = mmr absi lwh svs
icn = xaw mwg
ico acop acoo = ndm xbf
icp acoo acoq acop = xtn
icq acop acoo acoq = abuz
icr = ybq nhc
ics acoo acop = rmq
ict acop acoo = pfw
icu acoo = ppn
icv acoo acop = qnz tma
icw acop acoo = uvd
icx = fgf
icy = nsl
icz = viz
ida acoo = vdj
idb acoo = aoe nuz
idc acoo acop = jxj
idd acoo = zjf
ide acoo = wsv
idf acop acoo = cwq nsk yps umj
idg acoo = hrx
idh = aash
idi acop acoo = oqu efq
idj acoq acoo acop = jrn
idk acop acoo = awy
idl = nag qce
idm = acal
idn acop acoo = vwn yah nlm
ido acoo = pwu ijl abzd
idp acoo = qis xnm
idq acoo acop = kuw
idr acop acoo = sqn (jmx abpb upi)
ids acoo acop = abzf
idt acop acoo = tty jiu aawp ehg zgz
idu acop acoq acoo = bff ft
idv acoq acoo acop = lmv gsl bbo crk aaim
idw acoq acoo acop = sky (vft gi)
idx = eyg
idy = bsh khb scx wjs
idz acoo acop = dsh uwr
iea = nym
ieb acoo = axg hnp
iec acop acoo = nbo
ied acoo = iei utz
iee acop acoo acoq = g
ief acoo acop = kmk
ieg acoo acop = zvv sr
ieh = pdi
iei = gwh
iej = zqv
iek acop acoo = kbp
iel acop acoo = xbi
iem acop acoq acoo = rfy jnq
ien = fp
ieo acoo = aakm afp agt mbv
iep acoo = sxr wsu kuq acft
ieq acop acoo = jaw
ier acoq acoo acop = jwa abqo
ies acoo = nii qcc awv
iet acoo acoq acop = bmj fjs
ieu acoo = pvg
iev = qbo
iew acoo acop acoq = urx
iex acoo acop = aaes qzi enm aayq
iey = puo jrp
iez = cxy tsq
ifa acoo acop = bwx acjw wqh
ifb acoq acop acoo = zty
ifc = had
ifd acoo acop acoq = oxu (wlc lbs fnx)
ife acoo = oxx inm kyp
iff acoo acoq acop = dvm srk
ifg = fjf ong abnx fhj kjg
ifh acoo acop = vma
ifi acoo = ynv
ifj acoo = vok
ifk acop acoo = kru
ifl = gpg
ifm acoo = yeb
ifn acop acoo acoq = lqs ygg
ifo acoo = xyc xel uzt
ifp = jxi
ifq acoo = vja cph
ifr acoo = cpj
ifs = ewa ere
ift acop acoo = bjq
ifu acoq acop acoo = obr
ifv = muu ymf
ifw acoo = ls
ifx acoo = cdo jue
ify acoq acop acoo = lyb
ifz acoo = xhp
iga acop acoo acoq = aace
igb acoo = jad szj aub
igc = mjg vml jw
igd acop acoq acoo = abac rvy
ige acoo acoq acop = swk
igf = ndu abnh kod
igg acoo = svq
igh acop acoo = dpn
igi = twi its
igj = abio igg
igk = ean
igl acoo acop acoq = heh
igm acop acoq acoo = pwp kmj sal
ign acoo = tu yac qno
igo acoo = yvz
igp = xbc
igq acoo acop acoq = abum
igr acoo acop acoq = oxr
igs acoo = zdi
igt acoo = pvh iga eur (kou gle)
igu = srw lbn glq qzn
igv = xqn nzl urk
igw acoo = vox
igx = hjm eid esh
igy acoo = qdc wgo
igz = bnq
iha acop acoo = npj qhv
ihb acoo acoq acop = rgs fox
ihc acoo = fcp
ihd acoo acoq acop = uxj
ihe acoo acop = cdc vkk cen
ihf acoo = ube
ihg acoq acoo acop = ggr
ihh = abiy xfk php xlv
ihi acop acoo acoq = abzx
ihj = fcd
ihk acoo acop acoq = cdg
ihl acop acoo acoq = sod
ihm acop acoo = tcg
ihn acop acoo acoq = gmc nib
iho acoo acop = sxa
ihp = mfb
ihq acoo = eho
ihr = abns
ihs acoo = btc qjr npc cfn lyt
iht acoo acop = fpt tkf
ihu acop acoo = nih absq
ihv acop acoo = yrr
ihw acoo = aasc
ihx acoo acop acoq = nny
ihy = vjp etv ufp etf
ihz = fbc ebg
iia = pai fgc iae
iib acoq acoo acop = yig
iic acoo = lhx qag rkr
iid acoo acop = pwt lur
iie = jgt drs
iif acoo = sj
iig acoo = fne acjp
iih acoo acop = evk
iii acop acoo = ynq orv
iij = lbt
iik acop acoo acoq = lwb
iil acoo = fgp
iim acoo = rgw zyf
iin acoo acop = jry abao kxf
iio = mpu
iip acoo = rdj
iiq acoo acop = acaq ahl
iir acoo = htl
iis = ulw
iit acoo acop acoq = ajb zml (fcj mii)
iiu acop acoo = yvj jqq
iiv acoo acop = tui
iiw acoo acop = zfx ah
iix acoo = kug
iiy acoo acop = ecc
iiz = ray chj nmp
ija = qvw veg
ijb acoo acop = aayd pyi
ijc acoo = vfw
ijd = niq
ije acoo = pvv kim
ijf = rep
ijg acoo = qon ics poa
ijh acoo acop acoq = acc fgk jeg
iji acoo = bsj
ijj = acdr jsi
ijk acop acoq acoo = acdj
ijl acoo = lgr wgm
ijm acoo acoq acop = egt
ijn acoo acop = zle
ijo acoo = xnz nlt ifs utk zry
ijp = fwb uef vkw
ijq acoo = heb
ijr acoo = wom
ijs acoo acop = rwq lxf abl puo
ijt = kpt
iju acoq acoo acop = rhv
ijv = jbw atw ndx bgw vmm
ijw acop acoo acoq = dsg
ijx acoo acop = opb
ijy acoo acop = ycs vxq zfh
ijz acop acoo = aju
ika acop acoo acoq = bti vvd
ikb acoq acoo acop = kzf voj acey jdl
ikc acoo = wxs
ikd acop acoq acoo = omw abum pob
ike = rrn
ikf acop acoo = alr zoo qxa yma
ikg = vqc lxh caf
ikh acop acoo = oec vyg abij
iki acoo = soa
ikj acoo = tic
ikk = slw
ikl acoo acop = qns arl
ikm acop acoo acoq = ybx
ikn = orj
iko acop acoo = hsx
ikp acoo acop = jrs shm
ikq acop acoo = lth
ikr acoo acoq acop = vwi vxf ure
iks acoo = toe
ikt acoo = xlh
iku acop acoo acoq = txb aays
ikv acop acoo acoq = hpe sdp
ikw = mvu beh
ikx acoo = omf nhp
iky acoo = cz feb
ikz acop acoq acoo = wwo gvj aog svc
ila acoo = pfw
ilb acoo = rzt rab
ilc acoo = fsg
ild acop acoo acoq = dx
ile acoo = cvz
ilf acoo = aawz
ilg acoo = luq
ilh acoo acop acoq = hfl
ili acoo = hau cnw cfj hap
ilj acop acoo acoq = vym
ilk acoo acop = gjg hcu (vfc lmi) spg
ill = ptc
ilm acoo acop acoq = ghk ock
iln acoo acop = sgw
ilo acoo acop = bjj vwh
ilp acoo = fau
ilq acoo = ccb gcg dz
ilr acoo acop = sdc
ils acoo = zyu opg
ilt acoo acop = dsm
ilu acop acoo = nue nmz rqn
ilv acoo acop = reh
ilw acoo acop = kbo
ilx acop acoo acoq = aaio nun acz
ily = tzn knu xlc
ilz acop acoq acoo = upq acdf sdu
ima acoo acop = ogf (dgz gcm glv)
imb acoo acop = acgb ani liw
imc acop acoo = vsg
imd acoo = ujc shl
ime = fle
imf acoq acop acoo = aaew
img acop acoo = nqv ddj
imh acop acoq acoo = nzz yso aapq cgy
imi acoo acop acoq = abfn kdo fgi achw
imj acoo = now
imk = dnv
iml acoo = wzw
imm acop acoq acoo = img fwn
imn acoo = jvc
imo acoq acop acoo = hjr kef
imp acoo = aakk
imq acoo = hub
imr acoo = vta
ims = yqy
imt acop acoo = gzy jlf pit
imu = uec (prl phx)
imv acop acoq acoo = rpy aaic kvx kcc
imw acop acoo = bzc
imx acoo = auh accd
imy = blb rpc aky
imz = nux fxh
ina acoo = lty
inb = pbs dgr aaid
inc acoo = isn
ind = rjj
ine acoo = ghg
inf acoo acoq acop = ion
ing acop acoo = xrh
inh acoo = dqo dgp nvr grz
ini = oqe
inj acop acoo acoq = skd etu gyl
ink acoo = qmo
inl acoo = jid
inm = jsc (qui ffm heo)
inn = ees (yud ywd fmn)
ino acop acoo = hip maq
inp acoq acoo acop = wc
inq = aapt
inr = yyx tkg ipi wsc
ins acoo = cse vbh
int = gdl iei aqu
inu acoo = ptg rci hra
inv = ljv
inw acop acoq acoo = xgx
inx = ktg absw nwm
iny acop acoo = azn
inz acoo acop acoq = pni dci utt
ioa acop acoo = vmi
iob acop acoo = ox
ioc = vzy nje bol
iod acoo = vmr
ioe acoo = acke
iof acoo = jji
iog acoo acoq acop = idh
ioh acoo acoq acop = xwt
ioi acoo = rxq
ioj acoo acop = hzd azb
iok acoq acop acoo = mrc
iol acoq acoo acop = yye
iom acoo = ml
ion acoo = jfq
ioo acoo acop = npv (yrn pdl)
iop = bmz xsg
ioq = szs
ior acop acoo = rog ubf
ios = pju
iot acop acoo = vsb
iou acop acoo acoq = akw
iov acoq acoo acop = zjq
iow = nqw
iox = ndm
ioy = zlr
ioz acop acoo = flf hmu
ipa acoo = fgm acco (jcz zqw) zwo
ipb acoo = qqc rfz
ipc acoo = xj
ipd acoo acop acoq = cvl mya
ipe acoo acop = eub
ipf acoo = cev
ipg = bva
iph acop acoq acoo = mwd foc
ipi acoo = cpx amu
ipj acoo acop = aarl
ipk acoo acoq acop = ojz qsm zrk
ipl acoo = kif plu
ipm = pns
ipn acoo acoq acop = nzx
ipo acoq acop acoo = rbg aawx wip
ipp acop acoo = giv
ipq = bac
ipr acoo acop acoq = zt
ips acoo = ud
ipt acoq acop acoo = bre
ipu acop acoo = xlg
ipv = icy fon gsm ukq
ipw acop acoq acoo = spo
ipx acoo = mok gce rzp jcn
ipy acoo = zxp
ipz acoo = muz xsl
iqa = zxl
iqb acoq acop acoo = tos csx
iqc acop acoq acoo = pkr vbu mma
iqd acoo = sqr
iqe acop acoo = bhq esb
iqf acoq acoo acop = fgu krt
iqg = aej
iqh = aapf yqo sws
iqi acoq acop acoo = gho cpm
iqj = cmz
iqk acoo acop = pgl
iql acoo = dfp ekm wao opw
iqm acoo = ayc
iqn = eqp vcw ret
iqo = jga tdk
iqp acop acoo = ojc
iqq acoo acop = me rrb tbl
iqr acoo acop acoq = oyu
iqs acoo = pbr zex xb
iqt acoo = kmj opn
iqu acoq acoo acop = sjr vvm bdz
iqv acoo acop = abcr
iqw acop acoo = ldy tzq
iqx acop acoo = xky
iqy acop acoo = alq
iqz = gtc
ira acoq acop acoo = pfj
irb = fvc
irc acop acoo = lwr wt tyi
ird acoq acop acoo = uqr rim cqx
ire acop acoq acoo = dfq
irf = pyf ckq
irg acop acoo = irl lil ksk
irh acop acoo acoq = huw
iri acoo = uvx
irj acop acoq acoo = btz
irk = pt acbh xcz rfv
irl acoo = pqu
irm = pra gyw nmb wbc
irn acoo = rrw
iro acoo = htg
irp acoo acop = rdh nnt jnn
irq acoo = hiz
irr = mxg
irs acoo = tmo jfn
irt acoo acoq acop = igi
iru = ueg
irv acoq acoo acop = ook
irw acoo = jaq (nkc wft)
irx acoo = jjd
iry acoq acoo acop = ypp jsz (lyf yoq)
irz acoo acop = jdo
isa = xgr abub zsx aff x
isb = uly kgg
isc acop acoo = cum hxi
isd acop acoo = lzq (yam kwp)
ise acoo acop = xtl
isf acoo = meb
isg acoo acop = kim
ish acop acoo = goq tmm pvt knt lwp
isi acoq acoo acop = cuf
isj acoo = aeh mya
isk acoo = sye
isl = eju
ism = qir
isn acoo = hso bsf imd
iso acop acoo = abyq
isp = ggd xgy jni
isq acoq acoo acop = usy acmm
isr acoo = xxc uwp
iss acoq acop acoo = can
ist acoo acop = rfm
isu acop acoo acoq = jij
isv acop acoo = pmf
isw acop acoq acoo = akz doj uav bru
isx = wua
isy = ugo
isz = vsx zuk
ita acoo acop = pfl
itb acoo = lzd
itc acoo = qou xwp
itd = rjs
ite acoo = udp yjf
itf = zdp cpw
itg acop acoq acoo = aagr acno zap
ith = jrq
iti acoo acop = ivz
itj acoo = tpx
itk = owe efg
itl acop acoo = bjv
itm acoo acop acoq = vyw vcj
itn acoo = cve aeh dsu mev
ito acop acoo = qdk
itp = abqx
itq acop acoq acoo = jik
itr acoo = dfa
its acop acoo = qrd
itt acoo = nna
itu acoo = zyc
itv = uj
itw acop acoo = yrn
itx acoo acop = gws
ity acop acoo = tdv soh
itz acop acoo = kbk xrx gbf hqh zwa
iua acop acoo = jbn (far dpb)
iub acop acoo acoq = acmc
iuc acoo = aacg acll
iud acoo acop = tgj sry (wlm ghl)
iue acoo acop acoq = fzs bxd mmf
iuf acoo = sdx aar
iug acoo = rmk
iuh acoo = ibs
iui acoo = wpc
iuj = zfx
iuk acoo acop = nwo
iul = qax
ium acop acoo = dcf
iun acoo = wmq
iuo acop acoo = gru
iup = hom lww
iuq = pbv
iur acoo = iem
ius acoq acoo acop = zyf gux
iut acoo = ofh utb
iuu acoo acop = xgx pi xxs
iuv acoo = lcg joe olr kih
iuw acop acoq acoo = ker
iux = kct
iuy acoo acop = ube htd gkh
iuz acoo acoq acop = zsh inq
iva acop acoo acoq = fzm mez (aaef sck kmq)
ivb acop acoq acoo = pgw sor fyv
ivc = mdz epg
ivd = gxw
ive = pbo
ivf acop acoo = bxe
ivg = abay
ivh = ayx aajq
ivi = kps
ivj acoq acop acoo = rxt
ivk acoo acoq acop = aawc
ivl acoo = fph abhz acoo
ivm = oph qjd xxe jmp
ivn = vkn
ivo acop acoo = ifp
ivp acoo = aafx ias
ivq acoo acop acoq = cuw
ivr acoq acop acoo = qpx oap
ivs acoo = mln ntv fck
ivt acoq acoo acop = aatw
ivu acoo = nlo jjv (fkn wll)
ivv acoq acop acoo = aast
ivw acoo = nzy oyc
ivx acoo = pf
ivy = fve
ivz acoo acop = abyl
iwa acoo acop = dws
iwb = anq yof
iwc acoo acoq acop = bne
iwd acoo = rkp fni wfm tsc
iwe acoo acop = suh
iwf acoo = nnq rsw dtg
iwg = ape
iwh acoo = sml
iwi acoo = edz
iwj acoo acop = sws
iwk = mej
iwl acoo = acby xta
iwm acoo acop = fvf
iwn = aauw
iwo acop acoo = bbk
iwp acoo = moo onm rft ujv
iwq = aaqf
iwr acoo acoq acop = xdw dhy
iws acoo acop acoq = gfe
iwt = smw gqv
iwu = zhc gbn
iwv acoq acop acoo = xl jbc
iww acoo acop = zkf
iwx acoo acop = ncy
iwy acop acoo = uzm
iwz acop acoo = ggx
ixa = hww coj uea obq nvs
ixb acoo acop acoq = vbc
ixc acop acoq acoo = ackt
ixd acoo acop acoq = whs ccn
ixe acoo = rvi luy acnx
ixf acop acoo acoq = nsg
ixg acoo = hjj
ixh acop acoq acoo = emu
ixi acoo acop acoq = aagn
ixj acoo acop = qeb zix
ixk = zgv
ixl acoo = hqg
ixm acoo = ynd
ixn acoo = cyc
ixo acoo acop = ttu
ixp acoo = gdr eyx dqb hxp
ixq acop acoo = hpk
ixr acoo = oly
ixs acoo = ubo
ixt acoq acoo acop = cbr tub qra gio irh
ixu acoo = aayl jyd bbv
ixv = mxr dle avn dtt
ixw acoq acoo acop = pxl qgm
ixx = jyb eos
ixy acoo acop = pkg
ixz acoq acoo acop = acfw
iya acoo acop = sst
iyb acoo = wai lvf syq rwu
iyc = qss (dks wbt)
iyd acoo = yxf
iye = fnv aack
iyf acoo = abhr vex zwk
iyg acoo = awy tng
iyh acoo = yeo bxi
iyi acop acoo acoq = accm
iyj acoo acop = tlu
iyk acoo acop = xkv gkw
iyl acoo acoq acop = aaet
iym acoo acop = ztm
iyn = ebw
iyo acop acoo = dzg
iyp acop acoo = vqe
iyq acoo acoq acop = trt chn gvk
iyr acoo acop = tlr
iys acoo = ehy
iyt acop acoo acoq = zaj sym hag ilk
iyu = jwz
iyv acoo = xia qsm lwc unx kbd
iyw acoo = ryz (gsd xxh prr)
iyx acoo acop = meh
iyy acoo acop = bdg aavi rxd
iyz = omy oyz cjt ril
iza acop acoo = xcy
izb acop acoo = hvz
izc acoo = qpw aqi itk
izd acoo = pon jmu
ize acop acoo = mqd
izf acoq acop acoo = xfn
izg acoo acop = hy
izh acoo acoq acop = ddv yyy kga
izi acoo = aahl xhb
izj acoq acoo acop = ztr xgl eut dar
izk acoo acop acoq = ugb acgp
izl acop acoo = abud cuw
izm acop acoq acoo = iky mzv hks ipz
izn acoo = pdl
izo acop acoq acoo = uya
izp = bhk
izq acoo = aw
izr acoo = rhs wk
izs acoo acop = rrp
izt = abfh ufd (asg rwv)
izu acoo = xnl
izv acoo acop = aqt lze vvo okb
izw = juu
izx = vrr
izy acoo = qzn ugr ozz
izz acop acoo = zqx
jaa acoo = ajc
jab acoo = szq (fxr zsr ytc)
jac acoo = abke
jad = gbh
jae acop acoo = zxr
jaf acoq acoo acop = tqk qzj
jag acoo acop = vor ziz owy mmi
jah acop acoo = znz fxc
jai acoo = fmn
jaj = bkc
jak acoo acop = mel vc igc jti
jal acop acoq acoo = qyn pyr
jam = cxo
jan acoo acop = pj
jao acoo = spl
jap = ota eq aos hvj
jaq acoo = nkj
jar acoo acop acoq = atv lfr
jas = hiz
jat acop acoo = gay kxz
jau = mlf tjx (qze uwl)
jav acoo = cok
jaw acoo acop acoq = bru
jax = haz
jay acoo acop = his
jaz = fvg
jba = ato
jbb acop acoo acoq = ndt nly
jbc acoq acoo acop = hmb
jbd acop acoo = jh
jbe acoo = tpz ackr lxq
jbf acoo acop = qtl wnr leb
jbg = orv kai
jbh = aadu fra
jbi = xtk
jbj acoo acop = abmc
jbk = xnt kkn aapt
jbl acoo = rbf
jbm acoq acop acoo = hcb
jbn acoo acop = pvs apt
jbo acop acoo = ukz
jbp acoq acop acoo = aavi
jbq acop acoo = dnv
jbr acoq acop acoo = abvx ke dcv
jbs acoo acoq acop = wcf cti ahx yxu
jbt = xzk ztr
jbu acoo = mbd
jbv acop acoo acoq = kmq cej ptl diw
jbw acoo acop = abnl
jbx = lrq
jby = qc wih nbq
jbz acoo acoq acop = cmz ned ackv nkm neo
jca acoo = tez
jcb acoo acop = igq
jcc acoo = kov
jcd acoo = hrq abuw yow
jce acoo acop acoq = zaa mea
jcf acoo = ypo
jcg acoq acop acoo = kti
jch acoo acop = qpx
jci acoo = aga
jcj = nos
jck acoo = ckw qxo
jcl acoo acop = gpl
jcm = bzu bxw abrw
jcn = aava
jco acoo acop = jfb
jcp = uah
jcq = vbl bvo st vly aaem
jcr = pjy
jcs acoo acop = yai
jct acoo = hwr zto kmd wbp avo
jcu = ufy cmh
jcv acop acoq acoo = mhm
jcw acoo = vte arj
jcx acoo = ejc idm hoa cwk xsk
jcy acoo = qry
jcz acoq acoo acop = ell uyg xpm
jda = rdv
jdb acoq acop acoo = oez xqa lnz
jdc acoo = tzx
jdd acop acoq acoo = lvv
jde acoo = swp joc
jdf acop acoo = ijv uzz uhg
jdg = cfe rom
jdh acoo = jvy
jdi acoo acop = abbc inc gau
jdj = iej
jdk acoo acop = dqw ltm
jdl acoo = rxs kot
jdm acop acoq acoo = iq
jdn acoo = wtn
jdo = vaa nsq obw caq
jdp acop acoq acoo = uch
jdq acoo = ku acex
jdr acoo = aami
jds acop acoq acoo = ufs
jdt acoo = tww
jdu = ackl
jdv acoo acop = kiz
jdw = nym
jdx = jva
jdy = abxs
jdz = vrk
jea acop acoo = tqt
jeb acoo = nem
jec acoo = mvh jis
jed = vse
jee acop acoo = hjp acnm
jef acoo acop = yjy
jeg acoo = ctn
jeh = gkn
jei acop acoo = aauo djj ldn cuc jhk
jej = bzo
jek acoo = asf whl pit vjy
jel acoo = gaf
jem acop acoo = cwn
jen = zko ctw bag
jeo acoo = pqz
jep acoq acoo acop = chj
jeq acoo acop = dzv (lgb usf)
jer acoo = ekk zme
jes acoq acop acoo = wrx
jet acoo = szb
jeu acop acoo = qar
jev acoo acop acoq = zne acdn mzk
jew acoo = wty
jex acoo = zxt vfb
jey acop acoo = xxi
jez acoo acop = iec
jfa = zss abcd
jfb acop acoo acoq = jjy
jfc = gai xrw jos idx
jfd acoq acoo acop = oid
jfe acoo = cyg gid tbx
jff acoo acop = hnf teb auh dhv aarv
jfg = acae xqc mrz
jfh acop acoo = bda dua
jfi = epy
jfj = xgj wxr
jfk acoo = dyk
jfl acoo = kzj xwf
jfm acoo acop = uwg
jfn acoo = tve
jfo acoo acop acoq = aaje gnp ohm
jfp acoo acop acoq = wgb
jfq = accu ngo
jfr = tph
jfs acoo = ztc
jft acoo acop acoq = abha pod qok
jfu = ngr wyp
jfv acoo = aaka mfp vol vaj
jfw acoo = wrt vkg
jfx acop acoo = zgv
jfy acop acoo = aarn kal hki ltk
jfz acoo = vpj
jga = vsj ywx puc
jgb acop acoq acoo = jix
jgc acoq acoo acop = gud
jgd acoo = dbi
jge = gbv
jgf = crx
jgg acoo = aaly
jgh acoo = uxb
jgi acoo = yhc
jgj = eie aall vfr jry fhq
jgk acoo = bvs
jgl acoo = zzf
jgm = rkl tvp bmf vlh
jgn acoo acop = uea jiu vjr gbg
jgo acoo acop = inn od
jgp acoo = oiz
jgq acoo = nvk
jgr acop acoq acoo = jlp
jgs acoo = cjm
jgt acoo = cck
jgu acoo acoq acop = abou
jgv acoo acop = vv
jgw = gje
jgx acop acoo acoq = har twu abqz
jgy acoq acop acoo = dpp qln (udx mqx) akv
jgz acoo = ult
jha acoo = xfr
jhb acop acoo acoq = jep qas
jhc acop acoo = mnu xaw ciy elp
jhd acoo = nbr
jhe = kpj
jhf acoo = zqp sxb
jhg acoo = qzx
jhh acop acoq acoo = wcj
jhi acoo = nnm
jhj acoo = aaqe ccv lag zsh
jhk acoo acop = han
jhl acoq acop acoo = orc
jhm acop acoo = rom
jhn acop acoq acoo = pxj mrf
jho acoo acop = hvt
jhp acoo = ksj
jhq acop acoo = ztr igk zvr uxa
jhr = hyh acgk
jhs acoo acoq acop = efv
jht = qil
jhu acop acoo = wxu isw cak
jhv = cec (tkq rci tpo)
jhw acoo acop acoq = acw
jhx = ymq
jhy = gkk kmr fyd zkz
jhz acoo = qum
jia acoo acop acoq = ees rsp gsz
jib = ntf yfq (gvu jwf)
jic acop acoo acoq = qem
jid = zep saq
jie acoq acoo acop = pzz qcy
jif acoo acop = efw
jig acoo = nvj
jih acoo acoq acop = cbl aaxn ash
jii = tnk
jij acoo acop = xfc
jik = bhz uvm
jil acoo acop = hkw szm (gv lop)
jim acoo = hfk
jin = dx
jio acoq acop acoo = tt qhy oyh lj
jip acoo acop = aank
jiq acoo = rdi kpt
jir acoo acoq acop = nfm vid
jis = kg
jit acoo = qoy
jiu acoo acop = aapj egi abba wtk
jiv = mtb
jiw acoo = aux tjg yzx miu
jix acop acoq acoo = cwr kly aaqc xye dba
jiy acop acoo acoq = aaoe dgz
jiz acop acoo = vdf
jja = msf
jjb acop acoo = izc
jjc = rkz
jjd acoq acoo acop = tg
jje acoo = bdl
jjf = pyv
jjg acoq acop acoo = mot
jjh acoq acop acoo = ntj gxv acmh
jji acoo = qht hxi ubw aayx
jjj = zbu
jjk acoq acoo acop = aans
jjl acop acoq acoo = uhp
jjm acoo acoq acop = ika xen
jjn = yeg
jjo acop acoo = xub
jjp = rnv
jjq = aef
jjr acoq acoo acop = hgv
jjs acoq acoo acop = uhq
jjt acoo = jhv
jju acop acoo acoq = tmb
jjv acop acoo = pvn tyb
jjw = wox
jjx acoo = nfb
jjy acoo = vqx
jjz acop acoo = kqx zes cga odb
jka = wid zgo
jkb acoo = vj
jkc acoo = aagg lzm
jkd acoq acoo acop = gls emy
jke acoq acop acoo = lrn udj hpg
jkf = qyg
jkg = qdr gyc sxa
jkh acoq acop acoo = gyt zkg
jki = thy
jkj acoo = egp nje
jkk = dem wyc
jkl acoq acoo acop = zwy
jkm acoo = ove
jkn acoo = fl
jko acoo acop = hyw
jkp acop acoo = pjq
jkq = npu
jkr = upz
jks acoo = mve dxe
jkt acoo acoq acop = rdi
jku acop acoo = pli
jkv acoq acoo acop = nc ubj jqi
jkw acoo acop = cll jex lqu
jkx acoq acoo acop = imf
jky = nqm hmf akc
jkz = vfj
jla acoo = cbq ond miu oy
jlb acoo = tzh awd adh
jlc acoo acop = ich
jld acop acoo = vhf akx
jle = oql
jlf acoo = eje
jlg acop acoo acoq = ruu htg
jlh = gbm sfg
jli acop acoo = cwh
jlj = ktv
jlk acoq acoo acop = gos
jll acoo = vqs
jlm = zpa
jln acop acoq acoo = dhv uxt
jlo acoq acop acoo = omr
jlp acop acoo = gzb
jlq acoo = neb jcf imf erw
jlr acop acoo acoq = xsj ppf tum bvb
jls acop acoo acoq = qqg
jlt = fwc ds
jlu acoo = abhr kba
jlv = wcz qrc bva
jlw acoo acop = dpi lg auo
jlx acoo = aayj
jly acoo = omh
jlz acoo acop = jqa jug jqd
jma acoq acop acoo = ni
jmb acop acoo acoq = fcg
jmc acoo acop acoq = xpg bdr urh oac vvd
jmd = fmy rvh wjd
jme acop acoq acoo = vji
jmf = vhp ld hev mhx
jmg acoo acoq acop = aaqe
jmh acoq acop acoo = aaug hdj tti
jmi = jzp
jmj acop acoq acoo = hcp
jmk acop acoo = xrk
jml acoo = fxh pyi aayp
jmm = dwj
jmn acoo = urm xll
jmo = sko ypc
jmp acoq acop acoo = mjf
jmq = py
jmr acop acoo = ua mfs sjs
jms acoo = pxf vby
jmt acoo = bui abqo cyq hgv
jmu acoo = ixo wif rwq
jmv acoq acop acoo = pxs
jmw = qih jqs
jmx acop acoo acoq = aanv
jmy acoo acop = ltj
jmz acoo = cyq
jna acoo acop = lpb
jnb acoo = nnd cny
jnc acoo = jx pws
jnd acoq acop acoo = xgf
jne acop acoo = smi fyp aavg
jnf acoo acoq acop = esq
jng acoo = unw
jnh acoo acop = kxq
jni = phq
jnj acoq acop acoo = bkq crt
jnk = blf lki
jnl = zo on acmg
jnm = pyy luu rob
jnn acoq acop acoo = pvp
jno acoo acop acoq = obn
jnp acoo acop acoq = acde
jnq acoo = fv
jnr acoo acop = tuw
jns = pzw
jnt acoo acoq acop = cdd
jnu acop acoo acoq = cqy khy
jnv = ovo
jnw = aain uyj pra aap
jnx acoo = eui udx krp
jny acoo acop acoq = zhg
jnz acoo = wdo eny
joa acoo acoq acop = qin
job acoo acop = fqz lsy ukk ync
joc acop acoo = acha ytz
jod acoo acop = obg atm aatp
joe = flx
jof acoo = foc
jog acoo = htz
joh acop acoq acoo = dkc abfj abwe mag kio
joi acop acoo = drh
joj acoo = jkv fut cy
jok acoo acop = dfe zjo tix
jol acop acoo = dhl
jom acoo = cyd owf
jon acoq acoo acop = thz
joo acoo = abhv
jop acoo acop acoq = pc
joq = hhw
jor acoo acop = ayh
jos = ouh (kqn ypq)
jot = fxb
jou acoo = qkx rpm
jov = pwc hfh ssg
jow = ubm
jox acop acoq acoo = uf syw
joy = vlh
joz acoo = lnc acnl pff
jpa acop acoo = uij crc
jpb = uta tcg
jpc acoo acop = hjt
jpd acoo = ckf xjw rxh
jpe acoq acoo acop = ith
jpf acoo = atk mf
jpg acoo acop = jnh (wmo rpz fhs) qt
jph acoo = fhj
jpi acop acoo = wzb xzs mai
jpj acoq acop acoo = abjb
jpk acop acoo acoq = ekc
jpl = aoa dji
jpm acoo = ezg
jpn acoo acoq acop = qmq mlf
jpo acoo acop acoq = aaks (atf hqi wmw)
jpp acop acoq acoo = ajv
jpq acop acoo = coq
jpr acop acoq acoo = abzy
jps acoq acop acoo = pbw ram lfp pxo
jpt acoo acop acoq = isl jdr wkj pac nmq
jpu acop acoo = vwg eel tns kyw
jpv acoq acop acoo = uzx zbn bki jmd
jpw = sgb vzj
jpx acoo = acdo hbs ezq
jpy acoo = aly yqj
jpz acoo = mnd aln acln
jqa acoo = pwk
jqb acop acoo = xv
jqc acoo = szx sjv
jqd acoo = txr
jqe acoo = bts acod
jqf acoo = lax mmh ddf ifs
jqg acoq acoo acop = ibd
jqh acop acoo = ssp tgy
jqi acoo acop acoq = ira xcq yyr
jqj acoo acop = fzv aaaf
jqk acoo = lup
jql = gpi opx xlh
jqm acop acoo = erv
jqn acoo acop = apj isj iej
jqo acoo = cpd
jqp acoo acop acoq = aakh mxa qye crg
jqq = cck
jqr = pjn
jqs = euu bbd edb
jqt acoo acop = loh
jqu acoq acop acoo = yju fol ackz
jqv acop acoo acoq = aia bve
jqw acoo = aek mcs abza
jqx acoo = fbf fza yq
jqy acoo acop = nuq (xzp efs zct)
jqz acoo acop = dgf
jra acoo = vfm
jrb = vvd
jrc acop acoo = xmc (bwx caf)
jrd = sjz
jre acoo = ix
jrf = xdc
jrg = tfn lzk
jrh acoo acop = aatu lts rnt cal lb
jri acoo = xln abtu
jrj acoo = ehw
jrk acoq acop acoo = njy
jrl acoq acop acoo = tiz
jrm acoo = lkh ocx dqs
jrn = ydb
jro acoo acoq acop = bfa
jrp acoo = fol
jrq acoo = aahj nlx wvx
jrr acop acoq acoo = ypp wlx
jrs acoq acoo acop = byo uc
jrt acoo = gj
jru acoo = abgt
jrv acoo acoq acop = rmb gsy pi vvi
jrw acop acoo = pmj
jrx acoo acop = xbd
jry acop acoo = abge big rlo
jrz acop acoo acoq = dnb
jsa acop acoo = pso dgc uyj
jsb = yda
jsc acop acoq acoo = uwn
jsd acoo = kes mop
jse = qvn hrx si lbq
jsf acop acoo = abow
jsg acop acoq acoo = rrz sqo vmf
jsh acoo = grc
jsi = xwx tgh
jsj = lij drr rsh
jsk acoo acop = pbm ndf sqm yjm
jsl acop acoo = uee
jsm acoo = znt
jsn acoo acop = kcr tmi jtq
jso acop acoo acoq = szg
jsp = hwi
jsq = mrk
jsr acoq acoo acop = hkp
jss acop acoo acoq = xqa
jst acoo = abgg
jsu acoo = aaiz
jsv = zmv lpi avj
jsw acop acoq acoo = aym
jsx acoo = ett
jsy acoo acop = rpv
jsz acoq acoo acop = ior rtz
jta acoq acop acoo = nkp
jtb acop acoo = drf
jtc acoo acop acoq = pgq
jtd acoo = nuh eno ahd
jte acop acoo = pqq mkx ubi
jtf acoo = ftb
jtg = hut rma lmg
jth = ikf
jti acop acoo = pfj zlt
jtj acoo = acoo grz bam
jtk acop acoo acoq = lyc
jtl = uzn aacb ecq
jtm acoo = bmh
jtn acoo acop = qkj
jto acoo = abka nhz
jtp = thc acfa blb jep
jtq acop acoo acoq = ayk
jtr acoq acop acoo = zyi
jts = yqh voa kbz
jtt acop acoq acoo = rh
jtu acoo acop acoq = mvt abwm
jtv acoo acoq acop = nm gnr aarr
jtw acop acoo = gpw nba
jtx acoo = ovg hcm pkl (dpu twb)
jty acoo = aaru ond avi
jtz = nnn
jua acop acoo = kpj
jub acoo acoq acop = dae jxv
juc acoo = acnf tcr prv
jud acoo acop = aalf hzq
jue acop acoo = hgx
juf acoo acop = eud
jug acoo = cwp
juh acop acoo = ysw
jui acoo acop acoq = ei mvv
juj acoo = wvr ohp upt tx
juk acoq acop acoo = dyx
jul acop acoo = xnz
jum acop acoo = fi qnm igb axm
jun = lyr
juo acoo = yrx qz hzy etx
jup acoo = xvx
juq acop acoo = mni out aahj wtj
jur = quo avp oyk
jus acoo acop = jri pkp
jut acop acoo acoq = akf
juu acoq acoo acop = cde ibn
juv acoo acop = foh agn rmu
juw = ovi quc obt
jux acoq acoo acop = spb ogq fwz eom wit
juy acoo acop = rin
juz acoo = ujp tfz wzk
jva acoo acop = fzx vsb
jvb = aakd
jvc = obx
jvd acop acoo acoq = zbe
jve = wrm yhq ewr
jvf = dsz
jvg = kmw
jvh acoo acop = ve
jvi = csm
jvj acop acoq acoo = kpm
jvk = abhb
jvl acop acoo = qpd
jvm acoq acoo acop = kfi hhb
jvn acoo = plb
jvo acoo acop = mbj lyd tcu qjb
jvp acop acoo = sqa
jvq acop acoo = lap
jvr acoo acop = zim zzg ics
jvs acoo = req
jvt acop acoo = kdu
jvu acoo acop acoq = acgf
jvv acoo = aqh
jvw acoo = hsb
jvx acoo = nxz
jvy acoo acoq acop = aam
jvz acoo acoq acop = acmv
jwa acop acoo = dby
jwb acoq acoo acop = dov
jwc acoo acop = acn (lcc dod)
jwd acoo acoq acop = puy
jwe acoq acoo acop = akd bxy
jwf acoo = xmm izk
jwg acoo = lyk fkw
jwh = bgk
jwi = xzw dsi
jwj acoq acoo acop = dd tgl (dgf uwe)
jwk acop acoo = aix zgw viv dvg
jwl acoo = kdn
jwm = vky
jwn acoo acop = achw
jwo acop acoo = aamg wtn
jwp acoo = ckt zyw
jwq acoo = anr cgz hta
jwr acoo acop = lhb
jws acoq acop acoo = abwl hxz osy ivk dya
jwt = tg
jwu acoo acop = tro
jwv acoo = stm
jww acoo acop = cui ftz eke
jwx acoo = jhh jja
jwy acop acoo = oaz tlf
jwz acoq acoo acop = atg
jxa acoo acop = acjo
jxb acop acoo = abgi
jxc = aei
jxd = jav
jxe acoo acop = nng zwd
jxf acoo acoq acop = coq ycw lkk dyz qfv
jxg acoo = ydp (abjp abdh)
jxh acoo acop = aauc mfs
jxi acoo = wrm uwg wie xcg
jxj = ggg khx mbg
jxk acoo acop acoq = ywb
jxl acoo = qih nu uch
jxm acop acoq acoo = fuy
jxn = muq (vsq iwf) kfm
jxo = qam (sde aabj wbv) uug
jxp acoo acoq acop = mrf
jxq acop acoq acoo = aka tjr qlr
jxr acop acoo = viq
jxs acoo acop = cnn fxa (pfg dh abhk)
jxt acoo = acez hsg
jxu = iex
jxv acoo = egd crk
jxw acoo = wne
jxx acop acoo = sse new fkj
jxy acoo acop acoq = ojk (puj nln)
jxz acop acoo = dfu abbz sas
jya acoo acoq acop = xcz amv aaok
jyb acop acoo acoq = mlr
jyc acop acoq acoo = wej
jyd = pox
jye = zal dgf
jyf = ukw
jyg acop acoo = ejp ndv ikm
jyh acoo acoq acop = acho
jyi acop acoo acoq = uah zxl xmc qz
jyj acoo = cbt
jyk acoo acop = kkz
jyl acoo acop = nyo
jym acoo acop = tmd
jyn = aamb
jyo acoo acop = unb
jyp acoo acop = kwx
jyq acop acoo = acam zyi
jyr acoo = wna qsw bmx
jys acoo acop = aka
jyt acoo = co yjq
jyu acop acoo = xzw
jyv acop acoq acoo = iu
jyw = ajd (wdz cih) btp
jyx acop acoo = tde jkl aahy
jyy acoo = abac plg rat
jyz acop acoo = zhd
jza acoq acop acoo = ayp vuh ypl aaiw
jzb acoo acop = unq tv lqf
jzc acoo = ybh
jzd acoq acoo acop = gvb gxn aamx rvc
jze acoq acop acoo = omg irl
jzf acop acoq acoo = gza wls wny vhw zmc
jzg acoo = emx ozg gpo utk
jzh acoo = lhd
jzi acop acoq acoo = hww
jzj acop acoo = abkg
jzk acop acoq acoo = xzt
jzl = eql
jzm acoq acoo acop = lyh tdh
jzn acoo acop = udk kkz ulx sic
jzo = xmb
jzp = wpy
jzq acoq acoo acop = mij
jzr acoo acop = ccs acy
jzs acoo acoq acop = wez
jzt = phu
jzu acoo = vh
jzv acoo = fto
jzw = vjn hqr hcs
jzx acoq acop acoo = ouv hdm
jzy acoq acoo acop = dvh
jzz acoo = hcr xcv eom frx yhj
kaa acoo = uzw bzn zqp
kab acoo = aaov
kac = zbz
kad acoo = lzw
kae = hqq ouu khj
kaf acop acoo = qyl
kag acoo = xxj zki dav sxb
kah acop acoo acoq = jke
kai acop acoo = sxb ujr vpw jxk gqz
kaj acoo = wjk
kak acoo = hfm
kal acoo = azo nzv elw
kam acop acoo acoq = abkb aaum
kan acoq acoo acop = nhk
kao acop acoo acoq = aabk
kap acoo = tyr
kaq acop acoq acoo = lnp
kar acoo acop = jyn
kas acoq acoo acop = hpq
kat acoo acop = fkk dgm
kau acoq acoo acop = abdk
kav = cfw
kaw acoo = kok tmx
kax = gbb inz hgv
kay = ckx abx tcu aahw
kaz = nvz (vho abfi)
kba acop acoq acoo = aagk
kbb acop acoo = oyn xel svz fby
kbc acoo acop = scb qjk ofg
kbd acoq acoo acop = wss
kbe acop acoo = toj mtd
kbf = cbh ymb qmz aawv
kbg acop acoo = kfu acii
kbh = ltc
kbi acoo acop = abex
kbj = ndm
kbk acop acoo = aoq hjb
kbl acop acoq acoo = dpm
kbm acoo acop = hnx
kbn acoo = xcr bfq alz
kbo acoo acop = fjm zuv acce qyv
kbp acoo = yia
kbq acop acoo = uzj nit abkz pvl
kbr = cxl
kbs acoo = aahe
kbt acoo = yep
kbu = tyf acga
kbv = lny
kbw acop acoo = qln yug nla
kbx acop acoq acoo = gxp
kby acoo acoq acop = hdt ehy jze
kbz acoo acop acoq = iby
kca = fpd pua oi xxu vqy
kcb acop acoo = qhn tjm
kcc = enz
kcd = zby pvf khu
kce acop acoq acoo = lxj
kcf acoo = qu
kcg acoo = hso
kch = qkf slv
kci = fvl
kcj = abve usu aoo
kck acoo = cdj
kcl acoo = nns
kcm acop acoq acoo = psc uxv
kcn acop acoo acoq = mxn
kco acop acoo acoq = eoi
kcp acoo = blc psk
kcq acoo = kqr
kcr acoo = new cam iyj
kcs acoq acop acoo = piq
kct acop acoo = fti
kcu acoo acop = cxf
kcv acoo = vnx
kcw acoo acop = gpy fof
kcx acoo = xyu yxo snw
kcy acoo acop = ttp
kcz acop acoo = dvj
kda acoq acop acoo = phq abfb
kdb acoq acop acoo = kou
kdc = fnf
kdd acop acoq acoo = zim
kde acop acoo acoq = abcb
kdf acoo = urv
kdg acoq acop acoo = qhd
kdh acop acoo = tqr
kdi acop acoo = cgw
kdj acop acoo acoq = gxq ckl
kdk acoo = hq tom
kdl acoo = fqf
kdm acoo = pvx gld aax ddg
kdn acoo = kga fzk xmu
kdo acoo acop acoq = thj
kdp acoq acoo acop = mch
kdq acoo = dfj
kdr acoo acop = aalp mde tlk
kds acoo = tsk
kdt acoo = djd kuw
kdu acoo = aaeh
kdv acoo = cna tfr pll
kdw acoo = czh
kdx acoo = xzu
kdy = jkx
kdz = bon
kea acoq acop acoo = hzx
keb acoo acoq acop = wdp
kec = sey
ked = vtd
kee acoo = cxz kzu
kef = inm
keg acop acoo = pss
keh acoq acop acoo = esg hpx abdm
kei acop acoq acoo = jwd
kej = okz
kek acoo = vzr
kel acoo = fxx ygh
kem acoo acop acoq = aaab seo
ken acoq acop acoo = rkr
keo acop acoo = hmn
kep acoo acop acoq = qly
keq acoo acoq acop = aaxr
ker acoo acop = zcz zz mbg
kes = hwh
ket acop acoo acoq = yro
keu acoo = lrs ekt
kev acoo = tqj vtb
kew acoo = ofs
kex = uoc
key acoo = nni
kez acoo = aage olc
kfa acoo acoq acop = ujz
kfb acop acoo = zkp
kfc = zzf
kfd acop acoo = aatw
kfe acop acoo acoq = zle
kff acoq acop acoo = ops
kfg = lzo
kfh = mql qie
kfi acoo = mmj xbh aayc ix
kfj acop acoo = feu qmp qp rgi
kfk = gtg
kfl = ayi apx
kfm acop acoo acoq = yvg
kfn = hkj
kfo = net
kfp acop acoo acoq = edt
kfq acop acoo = ejc
kfr acop acoo = tsm
kfs acoo = ztf
kft acoo = oda qap
kfu acoo acop acoq = tfr
kfv acoo acop = xks wnt pnq
kfw acoo = ugb
kfx acoo = aawm
kfy acop acoo = zxh
kfz acoo acop = cti
kga acoo = tqn qjf
kgb = hdq zqw rcq
kgc = dto qwe dyq vrg ejz
kgd acoq acoo acop = oap
kge acoq acop acoo = cnp slv aato qhf iaq
kgf acoq acop acoo = xck
kgg = jdo
kgh acoo acop = pwp
kgi acoo acop = cmm
kgj acop acoo = cvh
kgk = oys asl
kgl acoo = acmg
kgm acop acoo = cry
kgn acoo = joh see omf
kgo acop acoo acoq = myq
kgp acoo = dnw bjt aalg
kgq = pwl
kgr acoo = ipv
kgs acoo = dur
kgt acoo acop acoq = otu
kgu acoo = zuq jix abta gav
kgv = uzs cmf
kgw = xri rcv
kgx acoo = gcr ljr txz tjv
kgy acop acoq acoo = vog vlh
kgz acoo acop = rjk
kha acop acoq acoo = gzd
khb acoo acop = mue trg dqx psl
khc acoo = bzy
khd acoo = etk vof mep achs rat
khe acoq acoo acop = zvi noo
khf acop acoq acoo = aatb agl
khg acoo acop = fiy oxx ptu oos
khh = udo
khi acoo = ltz fsd gqa oxe
khj acoo = ohh
khk acop acoo = oqi
khl = dpk dgu tiq jnq fyd
khm acop acoo = tss acbp vtd
khn acoo = bqu
kho acoo = fuv
khp acop acoo acoq = yq
khq acop acoo acoq = wd
khr acoo = cas
khs acoo = xce
kht = nzd
khu acoo acop = zrk
khv acoo = seh (hzc uqa)
khw = ieo
khx acop acoo acoq = ion
khy acoo acoq acop = nfy ujw syf abcd
khz acoo acoq acop = ibf vqp
kia = tho
kib = kbu
kic acoo acop = our
kid acoq acoo acop = qct
kie = dtn
kif acop acoo = erq wmk acu aaun qhp
kig acop acoq acoo = sad
kih = ehe
kii = ht org
kij acoo = rkd jli
kik = zlt
kil acop acoo = l tto
kim acoq acop acoo = gja
kin acop acoo = abod usm krt
kio acoo = ky
kip acoo acop = ljw zhm uwm
kiq acoo = iqe
kir acop acoo = aqf
kis = xuw acks
kit acop acoq acoo = mqp pjz
kiu acoo = sej idg aut
kiv acoq acoo acop = tae
kiw acop acoo = toa
kix = dsi cfn zka
kiy acop acoo = oxn ute azg tyl
kiz acoo acop acoq = gng (yxe nhy qlp)
kja acoo = nxq
kjb acoo = ulv
kjc acop acoq acoo = xfw
kjd acoo acop acoq = acfu
kje = aamz cam kha yza hw
kjf acoo acop = smg hef
kjg = oiy nph
kjh = ysf hbh gnv
kji acoo acop = pdn suo cws
kjj acoo = uuk aauc
kjk acoo = ubu
kjl acoo acoq acop = gxg
kjm acoo = sbu
kjn = lhc
kjo acoq acop acoo = poi
kjp acoo = kin rfa rhw
kjq acoo = vrp xtl dg oel
kjr acoo acoq acop = unx bft
kjs = sjl aor sbx
kjt = liw
kju acoo = mlh ikn pqu
kjv acoo acoq acop = abtv
kjw acoo acop = pnv nsf
kjx acop acoq acoo = ila
kjy acoo acop = jhx cca ki lin snb
kjz acop acoo = mii abcw
kka acoq acop acoo = qfo tip yfu iix
kkb acoo = uvx xaa
kkc = agf
kkd acoo acoq acop = kbp hsq iff
kke acoo = yfx
kkf acoo acop acoq = mue
kkg = rlc
kkh acop acoo = uqx aago
kki acoo = oqh
kkj = pzf
kkk acoo acop = swe
kkl = eql rge
kkm = abyp
kkn acoo = izm jqo gut nmq
kko acoo acop = aclk
kkp acoo = fuk bcf gel
kkq = ppr (xme ajc yhq)
kkr acoo acop = acfc
kks acoo = qdd pik
kkt = bny
kku acoo acop = lu kfr ryz
kkv acop acoo = pmc hqt epu ctt
kkw acoo = acah kdf
kkx acoo = ftx
kky acoq acop acoo = wfj
kkz acoo = acen
kla = yyi
klb = lzd iay
klc acop acoo = ablk
kld acoo acop = abgy
kle acoo acop = anu
klf acoo acop = rxq
klg acoo acoq acop = edg
klh = aazo fcz iwd
kli acoo = dv kro ecg lev jkf
klj acoo acop = zp
klk acop acoo = aazm bmf
kll acop acoo = ipt pct myv tcs
klm acoo = xzx
kln acoo acop = flb gjx chq lhv ph
klo acoo acop acoq = acbe acgl zgf
klp acop acoo acoq = mxt
klq acoo = uah mi
klr = hhp
kls acoo = nqy
klt acoo = wxu
klu acoo acoq acop = wuz absv gtr veg
klv acoo acop acoq = qwi
klw acoq acop acoo = rnn
klx acoo acoq acop = tpj
kly = aawz pvf esz
klz acoo = ofv jnt
kma acoq acoo acop = qla
kmb acop acoq acoo = acej acnv fhx
kmc acoo acop acoq = ugv mgq qvk
kmd acoo acop = wdy
kme acop acoo = nxy uwd ayn
kmf acop acoo acoq = aacx abkz
kmg = vqx (he dul ujy)
kmh acop acoo = swj
kmi acoo = abjr
kmj acop acoo = acfo
kmk acoq acoo acop = mls kcl
kml = ese qfz
kmm acop acoo = kvo suc
kmn acoo = abrn bev mzr
kmo acoo = wiu
kmp = smc xx kbz xgp
kmq = abqj
kmr acoo = wkz
kms acoo acop = eqg xqt
kmt acoq acop acoo = abwu fev qig
kmu acop acoo = vpk
kmv = aakk
kmw acoq acop acoo = aqw euq
kmx = xur
kmy acop acoq acoo = qpi
kmz acoo acoq acop = pll tmy zse aama
kna acoo acop acoq = iap
knb acoo = mnw lbr
knc = dwc
knd = gkh
kne = ipw
knf acoo = bpo blj
kng = pzw gks
knh = jx mnb mcz kio
kni acoo acoq acop = yxw aaew uio
knj acoo = loi
knk acoo = pis acmc edu
knl acoo = xoc
knm acop acoo = eo
knn acoo acop = alv boh
kno = lpl
knp acoo acop = abvf lhd
knq acop acoo = aag ofx nnw fne
knr acop acoo = abar bkx ldr qfv cdv
kns = ibu
knt acoo acop = ltc
knu = lhf blw cbt vpt tma
knv = vfh
knw acoo acop = azw
knx acop acoq acoo = abhh
kny acop acoo = rlk
knz acoo = fjn
koa = kxl
kob acoq acop acoo = ssf sbp
koc acoo = noe
kod acoo = bfn
koe acop acoq acoo = crx twf
kof acoo = uum
kog acoo acop = csg
koh acoo = myx aahc
koi acoq acoo acop = iui
koj = okv rhj
kok acoo = yii
kol acoo acop = upg
kom acoo acop acoq = fl rqt cvy
kon = gej
koo acoo acop = oxb (icf hlh)
kop acoo = nmx
koq = nuc abd
kor acoo = zjp khr psz
kos acoo acop = tkk vtq qvf
kot acoo acop = zhk bjx zgf abvo
kou acop acoo = oip
kov acoq acoo acop = wrw mxy
kow acoo = qqn
kox acoo = mod nat zqc rga
koy acoo = mzd
koz = vyl mbe bmz
kpa acoo = kjv qcf ers rcv
kpb acoo acop = zau ag qym
kpc acoo = opw brm
kpd acoo acoq acop = pft mnh
kpe acoo acop acoq = mmy cgm
kpf acop acoo = img qbz dmg
kpg acoo = dig ulh
kph acoo = lel
kpi = bbl whx
kpj acoo acop = cn pub wgz ihp
kpk acop acoo = oqf rfz
kpl = rh zry
kpm = ysj dwr ikj ywp isq
kpn acoo acop = fac liu lnp
kpo acoo acop = o
kpp acoq acop acoo = yto glb
kpq acoo = ylm
kpr acoq acoo acop = nc nrd dda a
kps acoo = cme
kpt acoo acop = ucr
kpu = jvk on
kpv = gxp
kpw acoo acop = pnm aaqk gqz ovq ibz
kpx acoo = rbr xro roq wdh
kpy acoo acop = hed qdx ita ipi
kpz acoo acop = aahz
kqa acoo acop = pk lee dlx cck yct
kqb = zrv
kqc acoo = bmf hfa wew po
kqd acoo acop = idl mue ieh
kqe acoo = yzg
kqf acoo = vur oqm igx
kqg acoo = saw imc hdo
kqh acoo acop = hyc
kqi acoo acop = xwa
kqj acoo = fwr swt
kqk acop acoo = aayu
kql = rkw ejl
kqm acoo = vpl
kqn acop acoo = pap
kqo = ayw nxg ddq paa
kqp acoo = dvr lyp xkr
kqq acoo = cmf
kqr acoo = jhc
kqs acop acoo = gre ytj
kqt acoq acop acoo = vop
kqu acop acoo = xko
kqv = kdz (wl fpo da)
kqw acop acoo = yro
kqx acoo = uto
kqy acop acoo = gyc adt wsu
kqz acoq acoo acop = jvr hlg ax
kra = lfv ahu
krb = fib
krc = duf
krd acoo acop acoq = xkw ytb
kre acoo acoq acop = jfo
krf acoo acop = gcx
krg acoo acop = cle wge
krh acoo acop = ipj (spv acjr)
kri acoo = hfa
krj acoo acop = iqg rkw wgd ria
krk = tkk
krl acoo acop = xgw
krm acop acoo = elk iad
krn acoo = fmt vtu mbo
kro acoq acoo acop = xrd cwd
krp acoo = kcx xbm aadn
krq acoo acop = sxo xrz bjd
krr acoo = acnt
krs acop acoo acoq = gjm kmv uax
krt acoo = zct
kru acop acoo acoq = rwc
krv acop acoo = oqb
krw acoo acop = txu
krx acoo = tem utf fct
kry acoo acop acoq = yyc (hoo ouj)
krz acop acoq acoo = pbm jho mcq kng
ksa = dfj
ksb acoo = vab ywa kce
ksc acoo = ghv qdw acfj cwc
ksd acoo acop = abri
kse = oao abyn gxp
ksf = abad eoo
ksg = sdn
ksh acoo = kxf
ksi acoo acoq acop = mjv abvm kbw abzk
ksj acoo acop = pij
ksk acoq acop acoo = aln aaq aqp hdq hcw
ksl acoo = xen
ksm = mby
ksn acoq acop acoo = cjn ovx jts
kso acoo = qre
ksp acop acoo = igh
ksq acoo = dev qne
ksr = nrk
kss acoo = ftk
kst = olr ctl
ksu = aasf aaow dth (fmc nhu)
ksv acoq acoo acop = ynd
ksw acop acoq acoo = nnp
ksx acoo = cet
ksy acoo = igq obd qvt
ksz acop acoo = abbb
kta acoo acoq acop = nrp
ktb acoo acop = zos
ktc acoo = oya (noc ihg)
ktd acoo acoq acop = znf
kte acoq acoo acop = ilp haz
ktf acoo = bic gnv
ktg acop acoo acoq = fwc
kth acoo acop acoq = kyh
kti acoo acoq acop = kpq
ktj acoq acop acoo = yrr fyr osl qyc ids
ktk acop acoo = ttx qps acac vvg
ktl = klj
ktm acoo = mab kpk agc ziv
ktn = xqw zkq nfs dgj hha
kto acoq acoo acop = lhn
ktp acoo acoq acop = msh
ktq acoo acop = xpn
ktr acop acoo acoq = glh
kts acoo = oki
ktt acop acoq acoo = rxs
ktu acoo acop = qeq amc
ktv acoo acop = cpk
ktw acop acoo acoq = ybz qel aakd
ktx acoo acop acoq = abkt
kty acop acoq acoo = aru
ktz acoq acop acoo = teh yxo
kua acoo = pjn
kub acop acoq acoo = rhb
kuc acoo acop = dgj
kud acoo acoq acop = hpm
kue acop acoo = rti omp nyj vdh
kuf = yyd oht efp fht anm
kug acoo = etq mkn cuz
kuh acoo = ice
kui = hwh
kuj acop acoo = pqj omc
kuk acoo acop = wc tij
kul acoo = jcy ekm
kum acoo acop = sgn
kun acoo acop = abpz
kuo acoo = sb
kup acoq acoo acop = ate cqc yqo
kuq acoo = qjk pcj
kur = iya
kus acoq acop acoo = hal (absm thv)
kut acop acoo = abcd pny
kuu acop acoo = gmg aavs
kuv acoo = izh
kuw acop acoo = mxk
kux = tbe
kuy = mba nzy tkr gep
kuz acop acoo acoq = rcw dzo
kva acoq acoo acop = iu
kvb acop acoo acoq = aatl rzr
kvc acoo = ouz
kvd acoo acop acoq = qih aald
kve = vum
kvf acoo = vqn
kvg acoo = unp puq
kvh acop acoo acoq = akb (ggn nwb mkx)
kvi acoq acoo acop = zkc
kvj acoq acoo acop = dab
kvk acoo acop = vhj ktj qpu
kvl acoo acop = het ae
kvm acoo acoq acop = iaz (zzt trs)
kvn acoo acop = lge
kvo acop acoo acoq = urq
kvp = vhh dtx lgj
kvq = tdw
kvr acoo = fie
kvs = ing
kvt acoo acoq acop = ine szy qet ajf
kvu acoo acop = bfo rmk aclb
kvv acoo = pss
kvw = nno uub kiv
kvx acop acoo = tuy
kvy acop acoq acoo = prs
kvz acoo acop = zjc
kwa = usx
kwb acoq acop acoo = ebc loc
kwc acoo = qdo
kwd = smh hdr tpw
kwe acop acoo acoq = dzh uyd pns
kwf acoo = lhc
kwg acop acoo = fct
kwh = ojy abby rgl lvd ewd
kwi acoo = bmw efj
kwj acoo = qhj
kwk acoo = ywd
kwl acop acoq acoo = vdl cwu hba
kwm = srw
kwn = huf
kwo = aalq
kwp = zxd eal ome
kwq acoo = owo akd ery
kwr = idv yib
kws = gid
kwt acoo = lho rnp
kwu acoo = cvi
kwv acoq acoo acop = upe mpa abog avv
kww = mkh
kwx acoo acoq acop = stb
kwy acop acoo = tja eer yzr
kwz acoo = lvx
kxa acoq acop acoo = tud bfa
kxb acoo acop = dmr
kxc acop acoo acoq = ajw
kxd acoo = wql
kxe acoo = igh
kxf acoq acoo acop = vhx
kxg acoo = zgd tim rye vxm
kxh acop acoo = yzr
kxi acop acoo = aex
kxj = kok
kxk = qsw lba qod
kxl = kel my rss
kxm = sfu accx vst
kxn acoo acop = val nan
kxo acoo = xrm
kxp acop acoq acoo = atw
kxq acoq acoo acop = fcb
kxr acoo = dca atr fhs vap
kxs acoo = rqi dlu
kxt acop acoo = uio
kxu acop acoq acoo = qcg
kxv acop acoq acoo = sdm vhg
kxw acop acoo = xrg
kxx acoo acop = euk hxf acll
kxy = swh zzf huo
kxz acop acoo = cjt
kya acoo = ablf
kyb = hnp
kyc acoq acop acoo = tcx
kyd acoo = pzj
kye acoo acop acoq = hui
kyf acoo = qxk
kyg acoo acop = cuh
kyh acop acoq acoo = kvs tll nsz
kyi acoo = ggp cqo wbm abpl
kyj acoo acoq acop = bpw
kyk acop acoo acoq = zyq
kyl = cep
kym = kvm lsj
kyn acoo = ioe
kyo acoo acop acoq = qbu
kyp acop acoo = uen
kyq = tbd
kyr acoo = aatf
kys acoo = eye
kyt = rjv nmt kzn
kyu acop acoo = ufb
kyv = ixy
kyw = otj yzc
kyx = hff flq
kyy acoo acop = ffd
kyz acoo = sxf zj gpc uwk pkr
kza = mpy (reb rqa)
kzb = thw
kzc acoo acop acoq = acig abzx vai
kzd = njw xht zgx
kze = jad swf
kzf = sma rdn tas ewa
kzg acoo acop = mxg
kzh = hig tpx
kzi acoo = avf
kzj acoo acop = zbq
kzk acoo acop = yso
kzl acop acoo = nst
kzm = yxq aagn mlv
kzn acoo = zwv
kzo acoo = jme (scz isi)
kzp acop acoo = xg
kzq acoo acop acoq = wwn
kzr acoq acop acoo = vdn
kzs = zit lpo rod hyo
kzt = abjr tcr xja
kzu = fpz
kzv = xjh
kzw = uon
kzx acoo acop = bdx uue
kzy acop acoq acoo = qhl wce inl
kzz = mpi
laa acop acoo = dtd
lab acoo acoq acop = wjj
lac = aaim tcf bie iii
lad = itm
lae = bvd
laf acoo = fqj cbb acgm
lag acoo = qqu ezc iqf
lah acoo = k
lai acop acoq acoo = oua
laj acop acoo acoq = acma
lak acop acoo = arc yoy
lal acoo = thv
lam acoo acop = vfk szi
lan = tvg hpy uzi boz wid
lao = kub
lap acoo = abwi
laq acop acoo = aaem
lar acoo = fbg
las acoo = cmg
lat = ysd wlq
lau acoo acop = jad
lav acoq acop acoo = fcm
law acoo = acbt vq
lax = yjo
lay acop acoo acoq = ouu
laz = arb jqi
lba acoq acoo acop = ackc
lbb = ifh rie zur
lbc acoo acop = zad idz wyn
lbd acoo = erk
lbe acoo acop = rbw
lbf acoo acop acoq = clz
lbg = wks fyl htc
lbh acoq acoo acop = jvv
lbi acop acoo = ehi
lbj acoo = zbb
lbk acop acoq acoo = aaxa dvs htj qcn
lbl = jsd suw oxy uqk
lbm acop acoo = rem sim
lbn = fev xxf tff
lbo acoo acoq acop = oiy
lbp = zif aanu qjt qlo
lbq acop acoo acoq = hzg tgx
lbr acoo = vdb
lbs acoq acop acoo = ffd
lbt acoo acoq acop = uaq oxn abqr
lbu acoo acoq acop = ojy
lbv acoo = kky zmk yrh flj
lbw = iz led afv aclo byl
lbx acop acoo = wlb
lby acoo = hcx acit
lbz acoo = zaz
lca acoo acop = vck
lcb = ixd dlk
lcc acoo = niy ulv noq
lcd acoo acop = mrg gxm urh
lce = mwr std
lcf acoo acop = ozp
lcg = exk
lch = ivc
lci = ohx
lcj acop acoq acoo = ovz ttj
lck = iqi oet gah
lcl acop acoo acoq = lpq
lcm acop acoo = ktr vkg uvg
lcn = mqq
lco acoo = ftj ius
lcp acoo = uwm
lcq = fit
lcr acop acoo = qes hjg mve rtk
lcs acoo = ihl udy
lct acoo = jup
lcu acop acoo = aaem
lcv acoo acop acoq = eon
lcw acoo acop = kpb bdv
lcx acop acoo = wak
lcy = iat xkl
lcz acoo = eop
lda acoq acop acoo = pkd
ldb acoo acop = moy
ldc acoo acop acoq = che
ldd acoo = mlq
lde acop acoo = kje
ldf acop acoq acoo = gae
ldg acoo acoq acop = pyt qsg wkf axg cwe
ldh acoo = acjs
ldi acop acoo = abjc oen wec
ldj acop acoq acoo = sqm
ldk acoo acoq acop = iqb
ldl acoo = qwu qee
ldm acoo acop = oty
ldn acop acoq acoo = owo jbm
ldo = jxj
ldp acoq acoo acop = gvt yls
ldq acoo = okb
ldr = acdi suf
lds = mbh
ldt = abbx
ldu acop acoo acoq = bcv lka
ldv acoo acoq acop = ka (ixk zhb)
ldw acoo = rpg fev yzy
ldx acoo = aars mcm rep
ldy acop acoq acoo = moi aavq bgi xap
ldz = zqn
lea acop acoo acoq = dle
leb acoo = oiu (brt wtn) nfm
lec = pwu
led = hec
lee acoo acop = ubf
lef = gfn
leg acop acoo = lol vjl xux xwm ayi
leh acoo = uda
lei acoo = bsk xjr
lej acoo acop = frz abqw
lek acoo = lju
lel acoq acoo acop = tgj
lem acop acoo = dfh
len acoo acop = xxy
leo acoq acoo acop = pmt vsy
lep acoo acop = xyb meb
leq acop acoq acoo = xfv fct
ler acoo = abcv cj
les = pmo
leu = bhg vfi
lev acop acoo = clk grb
lew acoo acop = jzr
lex = sjr acbt wwk ops
ley acop acoo = wer acj rfi brc
lez acoo = vnw bmw
lfa = yab fal vrj
lfb acoo acop = aasq aaxl
lfc acoo = kgd
lfd acoo = abfd
lfe acoo = acjk
lff acop acoo = oxi fqo
lfg = ovy
lfh = dkk
lfi acoo = rxw nhw lmf
lfj = chb iez jqq
lfk = tgg osy
lfl acop acoo = mfp aek jjg
lfm acoo = frp ita
lfn acoo acop acoq = uiz ukq
lfo = itj
lfp acoo = ihm
lfq acoo = zad vjb
lfr acoq acop acoo = abue
lfs acop acoo = qrd rgf bkn
lft acoo = qbu ouq
lfu = csg
lfv acoo = mlz
lfw acoq acoo acop = hak ackf hud ves
lfx acoo acop = ez kuh xnk
lfy acoq acop acoo = aaba
lfz acoo = fdh
lga acoo = hod
lgb acoo = ogn gov okp
lgc acoo = kyj ymx fp piw
lgd = zwy
lge = whn
lgf acop acoo = wim nle nag
lgg acop acoo = htx
lgh acoo = jhj yit hid
lgi acoo = bok fth abjl
lgj = ehk
lgk = fra
lgl acoq acoo acop = shq pnk yeg
lgm acop acoq acoo = fzx drg
lgn acoo acop acoq = pcq sbn
lgo = ihk (its hyo)
lgp = nha
lgq = fnf dqo
lgr acoo acop = aajw osz
lgs acoo = ilk ckm igq
lgt = mgq ewu sbo wox
lgu = anm
lgv = ppj
lgw = abtg
lgx acop acoo = abtv xmx
lgy acoo = zvm
lgz acoo acoq acop = whi
lha acoo acop acoq = kfa nd oo aahq ide
lhb acoo = dwt ix
lhc acoo = wb
lhd acoo = xju
lhe = amg
lhf acoo = edy acoo
lhg acoq acop acoo = iib jtp
lhh acop acoo = dmr bgl rdw irp
lhi acoq acoo acop = pnm
lhj acoq acop acoo = vxh
lhk = fhy hjc upx
lhl acoo acop = bhh
lhm acoq acoo acop = uth
lhn = zno
lho = qyi zaj vyp
lhp = xmo aclb (srs fzt)
lhq acoo acop = nyp voa ury
lhr acoo = xzo
lhs = abcx
lht acoo = jhl
lhu = dgr
lhv acop acoq acoo = yvc
lhw acoo = jxv
lhx acoo = tzr abip dyq
lhy = waa
lhz acoo acop = abmt abzb
lia = jvx xlu svp aaux
lib acop acoo acoq = poh flg cta
lic acoo = hbv
lid = ugs
lie acop acoq acoo = xyq he vuw den
lif acop acoo = mth
lig = abuy uvo hdg
lih acoq acop acoo = acdv
lii acoo = sfz
lij = bjf
lik acoo = zvp ojr (grf weg)
lil acop acoo = sor
lim acoo = dmw
lin acop acoo = gvo
lio acop acoo = crf tll hbk
lip acoo acop = lvf brw
liq acoo = xgr tje
lir acoo = ihw gsu sru
lis acop acoo = abhw fdj fjv zed
lit = ibx
liu = etk
liv acop acoo = jpp
liw acop acoq acoo = vkv
lix = xsj
liy acoo = gdl izo abhs bnr
liz acoo = tfu (mmu mrp)
lja acoo acop acoq = eeb zpq hev
ljb acoo acop = tpr jjf
ljc = lng tqu pxt
ljd = axk cxm
lje = abjh
ljf acoo = nel bhn mfu
ljg acoo acop acoq = xoy
ljh = mrr tvb
lji acoo = jvn abgc fhu (gql xhe)
ljj = rky oye hcv
ljk acoo acop = aagj koq
ljl acoo = qrz
ljm = uru
ljn acoq acop acoo = aalt pdu bfj
ljo acoq acop acoo = vcd
ljp acop acoo = whn
ljq = lty mko abzb jvt ccv
ljr acop acoo = zmo
ljs acop acoo = ugt
ljt = pcm
lju acoo acop = acac
ljv acop acoq acoo = cxj
ljw = nsv
ljx acoo = dls tbr zfp fsp
ljy acop acoo = jqj dm xdq awd
ljz acoo = gsb
lka acoo = rnh
lkb acoo acop acoq = jvf
lkc acop acoo = zek buf
lkd acoo acop acoq = ae fkr aaso
lke = yhl
lkf acoo acoq acop = yqa ucy
lkg = aajb oki
lkh acop acoo = mce yow
lki = arw
lkj acop acoq acoo = jrp gai zcx boy
lkk acoo acop = hbi
lkl = set
lkm = gkh aaod idn hob
lkn = qhx (dur nst) gjs
lko acop acoo = hky
lkp acoo acop acoq = abja zbo hso ctc
lkq acop acoo = bar uux jpt gpt
lkr acop acoo = yjx
lks acoo acop = hcf
lkt acoo = kka aiz
lku acoo = ilf (vcq abgi) alg opv
lkv acop acoo = dd
lkw acoq acoo acop = rhs uqh
lkx acop acoq acoo = xev
lky acop acoo = sdx nqx
lkz acop acoo = zvp yae
lla acoo = abnk
llb acoo = axu eli tes zht voz
llc acoo = jhb hts
lld acoo = qhf acge
lle acop acoq acoo = ukj bey
llf acoo = eku
llg acoo = dls
llh acoo acoq acop = zbg
lli = ybz abkm
llj acoo acop = xkw lbz
llk acoo acoq acop = sjt
lll acoo acoq acop = yzf
llm acoo = eyb
lln acop acoo acoq = abrf
llo acop acoo = ejg
llp acop acoo = abzf xxu
llq acoo = ope
llr acoo acoq acop = dea
lls acoo acop acoq = wa orw wgd vxc
llt = jos
llu acoo acoq acop = gaj
llv = pun
llw acoo = rti
llx acoq acop acoo = nju
lly acop acoo = ofa hjn
llz acop acoo = hcp pqg
lma = rte
lmb acoo = cud cwj vpe pjd
lmc acoq acoo acop = tmq
lmd acoq acop acoo = hcd
lme = wod vho ajz itm
lmf acop acoo = xxr
lmg = afi
lmh = hdw
lmi = abqk akc utr mnh
lmj acoo acop = sjy jyi ayr bjb
lmk acoo acop acoq = uks
lml acop acoo = mba aafk
lmm = iot
lmn acoo acop acoq = apq
lmo acop acoo = ava (mxg ilv jnv)
lmp acoo = rql kgd
lmq acoq acop acoo = snt hsc
lmr acoo = mz sey aw (bnp pmh)
lms acoo = aajb
lmt acop acoq acoo = rue
lmu acoo = htl
lmv acoo = ackq
lmw acoo = wrf
lmx acoo acop = vnk
lmy acoq acop acoo = fkv aaku lte obx
lmz acop acoo acoq = ablb
lna = nwl cae
lnb acoo = zxi sb
lnc = ybm
lnd acoo = urj iys
lne acoo acop = zeo
lnf = lnz
lng = nkw
lnh acoo acop acoq = qnl
lni = skm
lnj = jzn
lnk acoo = meg yxp
lnl acoo = rqd
lnm acop acoq acoo = emm enx hes
lnn acop acoq acoo = pkf
lno acoq acop acoo = mps lcy
lnp acoo = zyw
lnq acoo acop acoq = nwg
lnr acoo = acjh bos lxr kbk
lns acop acoo = tkk
lnt = mkm
lnu = gsm rhe cyg
lnv acoo acop = hpo aazx
lnw acop acoq acoo = sqr obd
lnx acoo = wbn
lny acoo = cvo gsw
lnz acop acoo acoq = wmi pul
loa acoq acop acoo = oiz
lob = lxx
loc acoo = fwp
lod acoo = ywf ywb achu
loe acoo acop = edc hle
lof acoo acoq acop = bde uey
log acoo acop = etu cql omm
loh acoq acoo acop = so ozm zsr
loi = ozv
loj acoo acop acoq = abpi rlh
lok = hpb
lol = jxg abfn
lom acop acoo = cde eiu dey
lon acop acoo = nkj egy
loo = bcg
lop acoo = lie
loq acoq acoo acop = fme
lor acoo = myv
los = aalw
lot acoo acoq acop = bbi
lou acop acoo = fle iqm acob
lov acoo acop = qwp sko ryt
low acoo = har
lox acoo = qcq klu huo
loy acop acoq acoo = msy
loz acoo = rjd
lpa acop acoo = abnt
lpb acop acoq acoo = lzh dcn ykr pcw
lpc acoo = xao
lpd acop acoq acoo = jck npv (hde g)
lpe acoo acop = apk
lpf acoo acop acoq = zrw abiv
lpg acop acoo = achm
lph acoo acop = ryg
lpi acoo = dxx
lpj = bbw rih wpi yud
lpk acoo acoq acop = rur
lpl acop acoo = dat hai okv
lpm acoq acoo acop = rwu
lpn acoo = tws
lpo = goq
lpp = rjh
lpq acop acoo = wyu
lpr acoo acop = qhj
lps acoo acop = dlr
lpt acoo = sep
lpu acoq acop acoo = chk
lpv = vhd
lpw acoo = rkh
lpx acoo acop acoq = wid gfy
lpy acoo = qmu
lpz acoo acoq acop = opu hqb (eds tfk)
lqa acoo acoq acop = jov
lqb acoo = tns
lqc acoo = mxh
lqd = oqw oua
lqe acoo acop = abgi smb
lqf acop acoo = rqs
lqg acop acoo acoq = ojx vfq
lqh acop acoo = ytm xsl
lqi acop acoo = abtx
lqj = ake
lqk acop acoo = ofg
lql acoo = abpu ney
lqm acop acoo acoq = qyi
lqn = fcg yap
lqo acoo = ehy
lqp = utz jm
lqq acop acoq acoo = yqt bqv txo
lqr = ddu
lqs acoo = aayd gtd bgm
lqt = et
lqu acoo = pkq fsv olb gav
lqv acoo acop acoq = qlv
lqw acop acoo = jlu
lqx = gkw nsq upz
lqy acoo acop = jzq lam urt puf
lqz acoo = iao abpx
lra = rrh xwj
lrb acoq acoo acop = uyz
lrc acoo acop = bgv vcu ablm
lrd acop acoo acoq = ars
lre acop acoo = ivy
lrf acoo = wmt fus qxp
lrg = che uw
lrh acop acoo = uxt
lri acoq acop acoo = fus vqh
lrj = wub
lrk = cyg gtu
lrl acoo = yls
lrm acoo = tma
lrn = hkn sma vwx
lro = glm
lrp acoo = tvs
lrq acoo acop = qob yzh xzp
lrr acoo = env vmr pqr mkc
lrs = uek vfm rvq
lrt = jqk yrt wpx
lru = grr
lrv acop acoo acoq = xlt okr qn
lrw acoo acop = zkv
lrx acoo acoq acop = tsj
lry = ax cka
lrz acoo = axy
lsa acoo acop = hkp
lsb acoo = abql ztz
lsc acoo = fzh
lsd acoo acoq acop = eaf vnl nox ics
lse acoo = hyw cst
lsf acoo = abdd
lsg acoo acoq acop = xwy afc lsu
lsh acoo = tvq jwa ytv bpg
lsi = abmx
lsj acoo = aol (ura vyo pxo)
lsk = ojj zsm cw
lsl acoo = qmg mon bgx
lsm acoo = cfz vgz
lsn acoo acoq acop = wjh
lso acop acoo = uk (veu wih)
lsp acoo acoq acop = pqi
lsq acop acoo = ooi fed
lsr acop acoo = xre
lss acop acoo = xad
lst = xjy
lsu acop acoo = pqm ijy cmg er obe
lsv = nyt eyx xyv
lsw acoo = ytu nfh wvd aaap wdk
lsx = mow
lsy = noy obi
lsz acoo acop acoq = kbc
lta acoo = dxl uwt aafa unr
ltb = czm
ltc = frb
ltd acoo = fb acdp jwa uc
lte acop acoq acoo = nqj acfp
ltf = ly abol yay
ltg acoo acop = qgn
lth = ffd rth abpi
lti acoq acoo acop = cwq
ltj = ohu
ltk acoo acoq acop = hcm
ltl = wvx (ges tom)
ltm acoo acop = imk
ltn acoo acoq acop = yvh
lto acoo = cqi
ltp acoo acop acoq = oiu yme sli
ltq acoo acop = fkq auz
ltr acop acoo = aze apn abzg
lts acoo = aik mtw
ltt acoo = qo
ltu = uwn txu gwm yir ong
ltv acoo = vnq pxw
ltw acoo = dci
ltx acop acoo = ycu kod
lty acop acoo = mld tce vcr
ltz = kmx
lua acoo = aaj
lub acoo acoq acop = edb
luc = lnz
lud acop acoo acoq = tom
lue acoo = vpg (cuc fc dpt)
luf = dfu
lug acoo acop = exr vac acoo
luh acoo = ulb
lui = vux
luj acoo acop acoq = vhs wvj
luk acoo acop = veu
lul acoo acop = kjh kkr vjj
lum acop acoo = afs
lun acoo acop = oeq
luo = lgn
lup = irz gek bkt vzr
luq acoo = zsz cfi
lur = fya
lus = egq aayn qyx jho
lut acoo = qak ndo (yor dhe)
luu acoo acop = dvo
luv acoq acoo acop = hza qse
luw acop acoo = xsl xvo
lux acoo = two vgc
luy acoo = aagr
luz acoo = uzo
lva acoq acoo acop = acoq
lvb = hhz
lvc acoq acop acoo = jzl axn rzz
lvd = pkb
lve acop acoo acoq = oos
lvf acoo = ckh ssg
lvg acoo acop = lpd
lvh acoo = rbd hde nzh
lvi acoo acoq acop = rpj uzb bpm
lvj = fgz ljs
lvk acoo = ixg ski
lvl acop acoo = wfu
lvm acop acoo = myh dwa
lvn acoo acop acoq = ndz
lvo acoo acop = acha
lvp acoq acoo acop = ngh abws rdv mpl
lvq acoo acoq acop = ueg
lvr acop acoo = vcr ase
lvs acoo = vnt
lvt = ujx
lvu acoo acop = lph kvp tsv jcv
lvv = uxp
lvw = bgn
lvx acoq acoo acop = amc llw kk
lvy acoo acop = noc
lvz acop acoo = vfy afe
lwa acoo acoq acop = ilh
lwb = jjc
lwc acoo acop = abjo
lwd acop acoo = ev hoj
lwe acop acoo acoq = zsm
lwf acoo = dsp uzs
lwg acoq acop acoo = gck sz aayc
lwh acoq acop acoo = qpx gsf wya aage
lwi acop acoo acoq = vsi abwx
lwj acop acoo = beh
lwk acoq acoo acop = hvd
lwl = cgw
lwm acoo acoq acop = qgl ayo ceb qrv
lwn acoq acoo acop = juo
lwo = nab
lwp acoq acop acoo = yla gbf epd cal
lwq acop acoo = abfb
lwr acoo = rho
lws acoq acoo acop = cwg
lwt acoo = oqf stj acoo
lwu acop acoo = pzw
lwv = czc tvj
lww = zpz tbz nxp
lwx = abvq
lwy acoo acop = ogf
lwz = kwl (jbr zii lpk) qsp
lxa acoo acop = dbk
lxb acoo acop acoq = rvj acc taw
lxc = hkv
lxd acop acoq acoo = jgf
lxe acoo acop acoq = kqt
lxf acop acoq acoo = dsy abym iwr
lxg acop acoq acoo = abol
lxh acoo = avx
lxi acoo = aazb aarl
lxj = mwr
lxk acoo acop acoq = prn ubv
lxl acoo acoq acop = okr
lxm acoo acoq acop = ret orl onk
lxn acoq acop acoo = sdb
lxo = kie
lxp acop acoo = cae tda ebv fjt
lxq acoo = lfh qdh pxn
lxr = dzy kfb lea
lxs acoo acop acoq = dce
lxt acoo = wxt
lxu acoo acop = bir (zzo yxk) vly
lxv acoo = fzs
lxw acop acoo = bji zc fnq iiu ogv
lxx = jvb ju rhi qox
lxy = pir ztc (hfv pls)
lxz = zoo
lya acop acoo = dxk
lyb acoo = igm avf
lyc = chk
lyd acop acoo acoq = gbs mqj
lye acoo = upz zbf
lyf acoo acop acoq = jbb
lyg acoo = kpu yje
lyh acoo = rch
lyi acoq acoo acop = aany mef kpu
lyj acoo acop = qhe svj mgk
lyk = tfl (yxz duv)
lyl acoo = abjh
lym = cvk
lyn acoo acop = ste
lyo acoo acop = csb
lyp acoo acop = klt rzk
lyq acop acoq acoo = dtl cqw wrr
lyr acoo = abgr abv
lys = aqy
lyt = ctc (oqe zzj)
lyu acop acoo = isi
lyv acoo acop = jkx pgr urd awt mwr
lyw = yw jmz jzi
lyx acoq acoo acop = nxm aanj mog ev
lyy acop acoo acoq = wms zxn kn
lyz acoo acop = lxr
lza acoo acop = ifh
lzb = duo aaqo cdw
lzc acoo acoq acop = qeg
lzd acoo acop acoq = lxa
lze acoo = lvc bpi
lzf acoo acop acoq = fb
lzg acoo = rvv
lzh acoo = gjp
lzi acoo acop acoq = iye
lzj = pfm
lzk = qro
lzl acoo = zmy enr
lzm acoo acop acoq = bxm
lzn acop acoq acoo = qst
lzo = nhl
lzp = ldr
lzq acop acoo = ddn
lzr acoo = ndc
lzs acop acoo = aako kfe
lzt acoo acop = gzb ciw
lzu acoo = jag
lzv acop acoo = spd uzr
lzw acoo = aauf
lzx acoo = fla
lzy acop acoo = zf
lzz acoo acop = byu hcu
maa acoo = xcm
mab = aqo
mac acoo acop = esc bea
mad acoo = fha
mae = ypa fc qjx dbb
maf acoo = wsr
mag acop acoo = zgs
mah acoo acop acoq = zfh
mai acop acoq acoo = pcw mmc
maj acop acoo acoq = abou swv kfv uln ora
mak acoq acop acoo = dem
mal acoo acop = wyo hzw
mam acoo = qcx
man acoo = pna ssf nvy qjo
mao = jir
map acoq acoo acop = wrt
maq acoo acoq acop = hmc
mar acop acoo acoq = wlh
mas = pvy
mat acop acoo = fyo
mau acoo acop acoq = ycq abyl jct khc
mav = hwc qmg jnl abph
maw acoo = hhx rml
max = qll
may acop acoo = qma ycf
maz acoq acoo acop = goy
mba acoo acop = oqh
mbb acoo = jag
mbc acoo acop = vkj
mbd acoo = atp
mbe acoo acop acoq = jkg fsl gnr
mbf acop acoo = grs
mbg acoo acop = hcm
mbh acoq acop acoo = cq ffn
mbi = ykv acix ovj
mbj = iik hpx piu qvd
mbk acoq acoo acop = abbe
mbl acoo = uxr
mbm = pib
mbn = sxk iun hwt
mbo = yhc dlu
mbp acoo = lle
mbq = cjm
mbr acoo = jzj
mbs = srp
mbt acoo acoq acop = fpd
mbu acop acoq acoo = qae
mbv acoo acop = osr
mbw acoo acop = aagb act
mbx = igy
mby acoo acop = wwo
mbz = hpw jtu
mca acoo = aayy tiy
mcb = mck acet ztk
mcc acoo = zlx
mcd = oge
mce = kcl lai rkf
mcf acoo = fuf kpb bfw
mcg acoq acop acoo = hig aamx
mch acop acoo acoq = gna
mci acop acoo = rbd
mcj acop acoo acoq = mfo
mck acoo acop = wog ynb abiq
mcl acop acoo = uzp
mcm acoo = idv bry
mcn acoo acop acoq = tyh zmr qzl mqq
mco acoq acoo acop = qet mrb duf
mcp acoo = bgu uzk hxh
mcq acoo = iyw
mcr = lsf qhu
mcs acoo acop = iej wwn
mct acoo acop = pu
mcu = igq
mcv = owr
mcw acoo = pll qap
mcx = kbm blm
mcy = abds
mcz = irk iiz gfp
mda acoo = ihl
mdb acoo acoq acop = uyi qfb pfv
mdc acoo = exp
mdd acop acoo = jbo
mde acop acoo = io
mdf acoo acop = gy
mdg acop acoo = qai aclz mbo
mdh acop acoo acoq = qkg
mdi acoo = abll tkk yuv
mdj acoo = bte qcj (nrw ett cg)
mdk acoo = bao
mdl = njh
mdm = ksp
mdn = fdv eyz
mdp acoo = bcx abpf cpk
mdq acoo acop = psu aamv acah jdl
mdr acoo acop = rfy
mds acoo = swy kji gwx
mdt acop acoo = pfu
mdu acoo acop acoq = mol
mdv = aabv
mdw acoo = jpb iwa
mdx acop acoo acoq = hnj jjo
mdy acoo acop = fij wil czr wu jky
mdz = glu oha aawd
mea acoo acop = hez
meb = noj yit
mec = inc qsa
med acop acoo = pen
mee acop acoo = vzp
mef acop acoo = qoe
meg acop acoo = lhe bxb sxm acbl
meh acoo = xfb ly
mei acoo = moz
mej acop acoq acoo = mcy
mek acoo = euw
mel acop acoo = bil rdg
mem acoo = aakg wgj
men acop acoo = brf gwg mnr hbq oiw
meo acoo acop = nrj trs
mep = lbr vuh
meq = yxx nbl axk lj
mer acop acoq acoo = boc xrf rnf
mes acoo acop = vdz
met = s ecr rny tae
meu acoo = vvm
mev = jzx
mew acoo acoq acop = mio
mex acoo acoq acop = wuh xjz cxb
mey acop acoq acoo = oig kgc
mez acoo acop = absy
mfa acoo acop acoq = kvx fjh
mfb acoo acoq acop = kkp jvd oyx
mfc acoo acop = mgb
mfd acoq acoo acop = guz dmm
mfe acoo = q aaub bxa
mff = inr aabs wdp
mfg = dii yqv vbq
mfh = aauc dyc
mfi acoo = zkx aft
mfj = npi
mfk acop acoo = eoq
mfl acoo acop = tst
mfm acoo = jnt
mfn acoo = dfm
mfo acoo acop = tlx
mfp acoo = wip
mfq acoo acop acoq = qtq
mfr acop acoo acoq = abeb (bxu lxl aaau)
mfs acoo = etv
mft = mxd dc bzv nsm
mfu acoo acoq acop = chm aakd bss
mfv acop acoq acoo = vj nbt xfn
mfw acop acoo = pek
mfx acoo acop = rvy
mfy acoo = etw wrz xmq
mfz = baz
mga acoq acop acoo = kea cgt
mgb acoq acoo acop = ypf
mgc = msy hoq aro xws
mgd acoo acop = ify xab kwo
mge = bc
mgf acoo = xiv
mgg acoo acop = bxa odx exn
mgh acoo = ifs qwy
mgi = mnq
mgj = ablg
mgk acoo = hyl
mgl acoo = ih
mgm = xer vba fyq
mgn acoq acop acoo = wnp
mgo acoo acop = kzx eyd ozl
mgp acoo = umn
mgq acop acoo = ck jdp
mgr acoo acop = qyp
mgs acoo acop = thw liz (nbp vxt)
mgt acoo acop = rj
mgu acoo = fyv
mgv acop acoo = eos lib kr
mgw = qdi
mgx acoq acoo acop = xxv sec
mgy = oaw aass
mgz acop acoo = lam
mha acoo = jfy
mhb = ktl
mhc acoq acoo acop = znk achi lmm aakp aqa
mhd acoo = wjp
mhe = ifw
mhf acoo = cyz
mhg acoq acop acoo = zof
mhh = dho wxx hzn (vfu abvy)
mhi acoq acop acoo = jkc
mhj acoo acop = aapj abif
mhk acoo acoq acop = acdz
mhl = aoz bbu
mhm acoq acop acoo = cuo
mhn = wbf abjz bqs
mho acoo acop = abks
mhp acoo = igo wdk slu lze
mhq acoq acoo acop = vbe uph pdw
mhr acoo acop = abnv
mhs acoo = meo
mht acoo = aapw
mhu = mas nbk
mhv acoq acoo acop = nlq
mhw acoo = kmk
mhx acop acoo = rpf
mhy acoo = xvi
mhz acoo acop = uaa sin azn ocd
mia acoo = wor
mib acoo acop = xbd
mic = tqz aajp
mid acoo acop = ypt gap zsp
mie acoo = wkc
mif = emp
mig acoq acop acoo = olc ya aced wsz ciy
mih = dvz irc
mii acoo acop acoq = pli aqn psd
mij acoq acoo acop = tbj reh avr ap
mik acoq acop acoo = gba mwi
mil acoo acop = ivk
mim = ihx
min = mjf low ocd
mio = xnz jkt aapj
mip acoo acop = bcp
miq acop acoo acoq = haw
mir acoq acoo acop = guo
mis acoq acoo acop = aagh lhn
mit acop acoq acoo = az nqt
miu = zxh
miv acoq acop acoo = hrl fmt tcd
miw acoo = nl
mix acoq acop acoo = nar nwy
miy = rwk
miz acop acoo = oxh sug baj
mja acoo = rwi
mjb acoo acop acoq = wai
mjc acoq acoo acop = twc
mjd acoo acop = wlk whb ttb
mje acoq acop acoo = wju wsx
mjf acoo = abbc
mjg acoq acop acoo = my
mjh acop acoo = nog
mji acop acoo = mcs obl
mjj acoo = hke
mjk acoo = ehk nng stz
mjl = aamx
mjm acoo = aaan
mjn = web
mjo acop acoq acoo = zlk nqh
mjp = kjk zmy
mjq acop acoo = fpw tot
mjr acop acoo = xyc ayb aajw
mjs acop acoo = idw nxq
mjt = aaxq
mju acoo acop = aarx
mjv acoo = ubz ywd
mjw = geo rxa (rxj ehb)
mjx = tiq
mjy = wav
mjz acop acoo = mvg sov
mka acop acoo acoq = lft ti rzu
mkb acop acoo = abrn vdz hst
mkc acop acoo = qxu
mkd acop acoo acoq = xgv
mke = exa
mkf = gzk
mkg = xij aciz
mkh = ii kxn abpv
mki = qwq (tqe vgd gsk) rqq
mkj = mgp
mkk acoo = ohb
mkl = fax
mkm acoq acop acoo = jmo
mkn acoo = fem bs aauj pvy
mko acop acoq acoo = vws xdz
mkp acoo = bbr dlc
mkq acoo = zse qph vyz
mkr acop acoq acoo = lis
mks = wjf
mkt = awm ulm
mku = mlg lni efj dxu vwm
mkv acoo = qwa
mkw = wek
mkx acoo = cyb
mky = gzb
mkz acoo acoq acop = tml
mla acoo acop acoq = nsd sxa
mlb acoo acop = att gxh
mlc = erp acil kil geg
mld acoo = cmq
mle acop acoo = spk
mlf = weq
mlg acop acoo = nib mxx
mlh acop acoo = gv
mli acoo acop = acdo ajx
mlj acoo acop = vig edh yzo
mlk acoo = reb
mll = gse apv xay
mlm acoo acop = sqp
mln acoo = isi
mlo = mav
mlp acoo = flc abkh
mlq = ljc pev yvx
mlr acop acoo acoq = liv
mls acoq acop acoo = dcm (sny kpp)
mlt acoo = uws peu
mlu = fxa
mlv acop acoo = cgv abvx
mlw = cry
mlx acoo acoq acop = ackd htu wyn
mly acoo acoq acop = htb zyo plb
mlz acoo acop acoq = gzu
mma acoo acop = usu ae hju fxu
mmb = vrp
mmc acoo = owk drk
mmd acoo acop = edl bnd
mme = au yne xcf
mmf acoo = gzd
mmg acop acoo = xor
mmh acop acoo acoq = tq nso rwz
mmi = dqb kcs pzu
mmj acoo = ddd ird
mmk = vjq
mml acoo = aare ybj
mmm acoo = mnc wap
mmn = liu sva
mmo acoo acop acoq = wfy
mmp = aahz
mmq acoo = qax
mmr acoo acop = fan wia
mms = wcf znp lil ytp
mmt acop acoo = gpx
mmu acop acoo acoq = wfp puz
mmv acoo acop = eis vcb
mmw = pps
mmx acoo acop = qpz yzq
mmy acoo acop = rzm
mmz acop acoo = lwy
mna acoo acop = teu ygp rse
mnb = kfz rtl ins ioh vga
mnc = wqk
mnd acop acoo acoq = vid nbo
mne acoo = cuc
mnf acoo acop = toe
mng = ucn hxf pzx
mnh acoo = abwd ivx
mni acoo acop = qea
mnj acop acoo = xxz vgq ooq wyx
mnk acop acoo = tsj
mnl = aacd
mnm acop acoo = qhz
mnn acoq acop acoo = rct kru
mno acoo acoq acop = slc
mnp = rwa
mnq acoo = ued
mnr acoo acop acoq = fbj
mns acop acoo = drl
mnt acoq acop acoo = wrk neb jrt
mnu acoo acop = ioo kfu qgc
mnv acoq acoo acop = abbr
mnw acop acoo = nso jna
mnx acop acoo = nxd
mny acop acoq acoo = tow
mnz acop acoo = sxl iot xdz
moa acoo = abcf
mob = gpx (xcu uxz)
moc acoo = ybq
mod acoo acop = abfs ewq hia
moe acoo = skv vpb abar rvi
mof = wft gdy bej bwf ackq
mog acoo = yrq tae xoc
moh = udt
moi acoo acop = vxi weo zdc
moj = hlv qxz
mok acoo = abbb ug
mol acoo acop = ukq
mom acop acoo = ahd eto
mon acoo = qas
moo acoo acoq acop = dtx (fqm ldk)
mop acop acoq acoo = pzw wmi
moq acop acoo = trx
mor = lvm yga
mos acop acoo acoq = bb
mot = zwn
mou acoo acop = qom jbn dcg slr
mov acoq acop acoo = buz
mow acoo acop = obu sx
mox acoo acop acoq = caj
moy acoo = nng
moz acop acoo = oks
mpa acoo acop acoq = twu acop
mpb acop acoo = bar
mpc = bhf ooy oei acmv
mpd acoo = xhm
mpe acoo = uci
mpf acoo acop acoq = rjn
mpg acoo acop = tby
mph acoo acop = fre
mpi acoo = kfr
mpj = gwy
mpk acoo acop = lir
mpl acoo = mjm jss
mpm acoo = abrn
mpn acoq acop acoo = sfe
mpo acop acoo = sjd
mpp acoo = esu uio
mpq acop acoo = ivb scg wth
mpr acop acoo = avt
mps acoo = aage
mpt = qnt
mpu acoo acop = tfa
mpv acop acoo = owz
mpw acop acoo = mvd
mpx = tls eup
mpy = nkn
mpz = pwd tnk arg
mqa acop acoo = czr
mqb acoo acop = rfl
mqc acop acoo = fdi lbl aadz
mqd acoo acop acoq = sxz bwi
mqe acop acoo = jtr
mqf = zhc abxl bvr
mqg acoo = aaty
mqh acoo acop = nhz
mqi = dnr jaj iot
mqj = qgh kal tiq kzf
mqk = ogl
mql acoo acoq acop = gtu abcn dsu
mqm = xbr
mqn acoo acop = uwh
mqo acoq acop acoo = lpu
mqp acoo acop = achd
mqq acop acoo acoq = lfh tei bcw tti esp
mqr acoo = npm kzh
mqs acoo acop acoq = aano
mqt acop acoo = tsh
mqu acoo = ijf
mqv acop acoo = jrn
mqw acop acoo = anj
mqx acop acoo = aaxi
mqy = nku
mqz = nke
mra acoo acop = mht adu
mrb acop acoq acoo = xag jfg iry
mrc = abpl acle
mrd = ezv
mre = vif
mrf acop acoo = vuf
mrg = lgj
mrh = ywc
mri acoo acop = rrs
mrj acoo acop acoq = cim rko
mrk acoo = cqc zex
mrl acop acoo = fb dll bda hpm
mrm acoo = ecg
mrn acoo = biz
mro = abgx
mrp = qqc jma ici
mrq = lpc slu rzf zyp nan
mrr acoq acoo acop = ifd mez
mrs acoo acop = plo
mrt = mhm
mru acop acoo = bsx icx
mrv acop acoo acoq = aaiu
mrw acoo acop = epe
mrx = ops xsj ns
mry acoo = wwy
mrz acoo = wxu xih wuw wlt
msa = qei ohx
msb acoq acop acoo = gbr abhp
msc acoo = tyk
msd = eif
mse acop acoq acoo = gwn oyv dbn
msf = ikf
msg = wvt
msh = ssx
msi acoo acop = onx oar eik bff hhl
msj acop acoo = kla gci ytf cip
msk acoq acoo acop = qrn
msl acop acoq acoo = xnc lmf
msm acop acoq acoo = acmu
msn acop acoo = olo
mso acoo acoq acop = xbz ttk
msp acoo = tpm
msq acop acoo acoq = qv wlo kra
msr acoo acop = uzw
mss acop acoo = cbb
mst acoo acop = ald
msu acop acoo acoq = ava
msv acoo = kaq acls xyg
msw acop acoo = pxf
msx acoo acop = mxp
msy acoo = abqt mif
msz = vhp
mta acoo acop = rvo
mtb = fmy
mtc acoo acoq acop = jub bfn
mtd acoq acoo acop = jfq
mte acoo = eqh
mtf acop acoo = uus imn
mtg = puk
mth acop acoo acoq = rfx
mti acoo acop = puw
mtj acoo = luw erw opd bte qge
mtk acoo acop = cw
mtl = kmm lad
mtm acoo = ptn ojn nal
mtn = ems
mto acop acoo = abnr sqi
mtp = fgk
mtq acoo = xod qoy
mtr acoo acop = xrr kbw abjf
mts acoq acop acoo = wxp
mtt acoo = zio aaci mok
mtu = zmn
mtv = vxr
mtw acop acoo = bfh mlv
mtx = lph gkq ktt tbz
mty acoo acop = abxl
mtz acoo acop = mad (abvw gww)
mua acoo = xfs owp mqu
mub acoo = gat st
muc acoo acop = icz
mud acoo acop acoq = mge ep
mue acoo acoq acop = sbv
muf acoo = nja wdy rdb fhm
mug acoo acop = oij
muh acoo = eyx aadv
mui acop acoq acoo = eke gvr achk rfk
muj acoo = fsj
muk acoo = thy ytq
mul acoo acop = vpg gvm
mum acoo = ejj
mun acoo acop = nxc
muo acoo = lft pqv
mup acoo = upw rob prj
muq acop acoo = few
mur acoo = rcs rtq
mus acop acoo = fsb oos azb
mut acop acoq acoo = aapc
muu acoq acoo acop = uwd
muv acoo acop = rcd
muw acoq acop acoo = qvy
mux = tvw
muy acoq acop acoo = iev kbc
muz = ncb
mva acoo = mue bqr pwm
mvb acoo acop acoq = bph
mvc acop acoo = adv ukn
mvd acop acoo acoq = zmw hid
mve acop acoo = rlu
mvf acoo acop = ekl gvn
mvg acoo = xoi
mvh = vft bsr joq puc
mvi acoo acop = dvl
mvj acop acoo = waf
mvk = ihz aakb
mvl acoo = abkq
mvm acoo acoq acop = acob uyu
mvn acoo = dox dea
mvo acoo = kjk cwv cda
mvp = gzu
mvq acoo acop = vxe
mvr acoq acoo acop = ffm
mvs = qhb
mvt acoq acoo acop = rlp
mvu acop acoo = yxn thl lki rck
mvv acop acoo = bsu
mvw acop acoq acoo = acaz xgm skx
mvx acop acoo = xql vmz
mvy acoo = prr wku aapn
mvz acoo acop = kdm uuw swj
mwa acoq acoo acop = ciw sdp uxx
mwb = bfm zby plv abip
mwc acop acoo = pxs
mwd = wcc abvs iem
mwe = nwd hws oyj
mwf acoo = lvp
mwg acoq acoo acop = chy
mwh acoo = dno abyd
mwi acop acoo acoq = prz abve kyp pdx
mwj = tbd vgo
mwk acoo acop = ymx
mwl = wyw
mwm acop acoo = krv ony
mwn acoo = eak
mwo = ui thl hgu
mwp acoo = zjm
mwq acoo acop = abzm
mwr acoo = abqy fat mck
mws = yqn
mwt acoo acop acoq = ddw
mwu acoo = ifu
mwv acop acoo = ont
mww acoq acoo acop = wgt wdi cmv
mwx acoo acop = qjf fkj
mwy acoo = xmw
mwz acop acoq acoo = wsq
mxa acoo = uns thc vwz acis
mxb acoo = jxy
mxc = drk ukf
mxd acoo acoq acop = vdx alg okq
mxe acop acoq acoo = zpc
mxf acoo acop = fuw
mxg = nqk
mxh acop acoq acoo = yxe
mxi acoo acoq acop = imd
mxj acoo acoq acop = aaft
mxk = wku
mxl acop acoo = cln
mxm acop acoo acoq = hey hbb
mxn acoq acop acoo = djp
mxo acop acoo = wak aahm fgg
mxp acoq acoo acop = kci uvw acek
mxq acoo = aef
mxr acop acoo = dvt ook
mxs acop acoo = tkb zen acoo
mxt acoo acop = chr hpc
mxu = cyg
mxv = ppr xiz prc
mxw = abnz lfb
mxx = accs
mxy acoo = abbw
mxz acoo = kxy ljs
mya = gme nut
myb acoo acop acoq = ezh drd ech
myc acoo = oaz qxu jnt kzc
myd acoo = qpk
mye acop acoo acoq = hnm
myf acop acoo = pqs zkz
myg = abqa
myh acoo acop = etp
myi acoo acoq acop = kdj ug zdt ccj
myj acoo = hnj nun
myk acoo acop = fqn har uoq jyh
myl acop acoo = hbc fia cxx
mym acoq acoo acop = mhw
myn acoq acoo acop = saw nuy aaqy
myo acop acoo = nyd
myp acoo = aazw umm ass
myq = lmp zir dnm (acdx zxh)
myr = kgf jla nrx epv fhm
mys acoo = cim
myt acoo = ackh
myu acoo acop = cfo
myv = gbs
myw acop acoo = yey aqa
myx acoq acop acoo = kfw
myy acoo = abeh exd
myz acoo = itx
mza = ehx
mzb acop acoo = rhb aakq lbt
mzc = bno
mzd acoo acop acoq = vni
mze acop acoo = gb xcn phz
mzf acoq acop acoo = qsx
mzg acop acoo = hko
mzh = wfx tgd
mzi acoo = vhq
mzj acoo = bbb sff
mzk acop acoo = dux dge vmt grj
mzl acoo = tii old abkf
mzm acop acoo = esq abqr ukn aayh ozb
mzn acop acoq acoo = qcg
mzo = enh
mzp acoo acop = yza (knq moz)
mzq acoo = aabw
mzr acoo acop = tcv
mzs acop acoo acoq = acv
mzt = owj dmb
mzu acoo acop acoq = wit
mzv acoo = pxn wsg
mzw acoo acop acoq = vpf
mzx acop acoo = fms ceg
mzy acop acoo acoq = hid wvg arm naz
mzz acoo = tuu abwi bya
naa acoo = aauh icm
nab = fry
nac acoo acoq acop = jcj
nad acoo acop = pmm
nae acoq acop acoo = mga inp yr
naf acop acoo acoq = wkj ywf sci zqh bim
nag acop acoq acoo = yyk (mls jsn apb lkm)
nah = wn ctr
nai acoo acoq acop = cuc
naj acoo acop = gue
nak acoo = aclg bus (goy vpa)
nal acop acoo acoq = iot hnw
nam acoo acop = yt nbf abin yzu
nan acop acoo acoq = ozo
nao = acgi
nap acoo = rko dbt vrr
naq acop acoo = po
nar acoo acoq acop = npy
nas = mti
nat acop acoo = mbw abvt mgl
nau acoo = heh qci
nav = fu acnb
naw acop acoo acoq = qfu
nax acoo = srv
nay = lef
naz acoo acop = bdc mbk zlk
nba acop acoq acoo = acmv
nbb acop acoo = nct
nbc acop acoo = odk
nbd = jsc ghg fjz
nbe acoo acop = spn
nbf acoo acop = hhd phx spw
nbg acoo = cmb
nbh acop acoo = hlb
nbi acoq acoo acop = isv
nbj acoo = kvy zjx qxj
nbk acoq acop acoo = kxt
nbl acop acoo acoq = irw
nbm acop acoo = kfv xtd kxs clu
nbn acoo = kwe
nbo = acjh tcb wt
nbp acoo = twi czy
nbq acoo = abza azj
nbr acoo = bmf
nbs acoo acop acoq = aaj wqe ehf
nbt acoo = osq
nbu = bhl rfn jmx im
nbv acoo acop = pmm
nbw acoo acop acoq = pxn
nbx acoo = aki
nby acoo = qyk mwn xcc
nbz acoq acoo acop = ycm hwc
nca acoo acop = mql
ncb acop acoo = ukz
ncc = aaab aary
ncd acop acoo = fxz kwf
nce acoo acop = rcf
ncf acop acoq acoo = hnm
ncg acoo = eul
nch acoo = ual rok
nci = eng
ncj acoo acop acoq = jcv prd
nck acoo = gqh
ncl = poo
ncm acoo = ueq
ncn acoo = lrd tsu (acfh eyv)
nco acoq acoo acop = aahx vzd zfp
ncp acop acoo = kxd abri zle nmm
ncq acop acoo = zmp
ncr acoo = aayr nyy bzz
ncs acop acoo = acng (csa nfy)
nct = pea
ncu acoo = jlm
ncv acoq acoo acop = zya
ncw acop acoo = dse rdf nci
ncx acoo acop = aawl
ncy acoo acoq acop = jcd kku hqv
ncz = uxa nqs ba
nda acoo = bpl
ndb acoo = abhv
ndc acoo = nxq (abap nf)
ndd acoo acop = nwa trp
nde acop acoo = edj
ndf acop acoq acoo = phg
ndg acoo acop = gbn
ndh = icl ablv ajb
ndi = qsu mgd
ndj acop acoo = ijn ioe
ndk acoo = fcc uqb
ndl = vkf
ndm acoo acop = vwf
ndn acoq acoo acop = le
ndo acoo acop = mrq
ndp acoo = mwx
ndq acop acoq acoo = uik
ndr acoo acop = zoh
nds acoo = qpl
ndt acoo acop acoq = gzd
ndu acoq acop acoo = lcp
ndv acop acoq acoo = skw sze
ndw = aazq
ndx acoo acop = lwb rgt
ndy = qqf neb
ndz acoq acop acoo = aaoa gty onq
nea acop acoo = dta
neb = ozl
nec = sni fis tnj
ned acop acoq acoo = sm ywt gvd
nee = boj
nef acop acoo acoq = klb
neg acoo acop = tll
neh acoq acoo acop = aaeu aaug
nei = sfz
nej acoo = vtj xsa (ngn sod xhf)
nek = mwr
nel acoo acop = dcm zoe vin
nem acoo = rld enr
nen = xbz
neo acoo = aafx
nep = asc
neq acop acoq acoo = lif
ner acop acoo acoq = miv wiz
nes = cus ofe eeu rvt
net acop acoo acoq = aaho
neu acop acoo = aagb
nev = cyd
new acoo acop = xdf
nex acoq acoo acop = rzc wyo
ney acop acoo = pkv
nez = rbz
nfa = eo
nfb = uis
nfc acop acoo = jmv
nfd acop acoq acoo = wvj
nfe = kct
nff acop acoo = sfv abyv pyn
nfg acoo acop = cnb qoq gfx yrm
nfh acoo acop = rzm
nfi acoq acop acoo = gen
nfj acoo acop = aawi
nfk acoo = zfm
nfl acoo = acgu (pva zcv rks)
nfm = dza tmj
nfn acop acoo = yfl
nfo = abqd
nfp acop acoo = dpa zly
nfq acoo acop acoq = ek
nfr acoo acop = yfy
nfs = vvj
nft = abjr csb
nfu acoo = ini
nfv = iqj flf njk wpj
nfw acoo acop acoq = bzs uus qal skj
nfx acop acoo = wza
nfy acop acoo acoq = uvr
nfz acoo = vuf
nga = pm
ngb acoo = efu zcd
ngc = aacs fnz
ngd = eoi aif
nge acoo acop = srn
ngf acoo = qoz
ngg acoo = ugv
ngh acoo = gwf
ngi acoo = fxv qmm sfl
ngj acoo acop = agd
ngk acop acoo = dkx
ngl acoo = svm
ngm acoo acop = abpo dgd
ngn acoo = cnx
ngo acoq acoo acop = klo abqk peu (hdf vpb)
ngp = eyn
ngq = acaj
ngr acoo acop acoq = zwn
ngs = wxp (hqt abew)
ngt = opu abff qsa xbi
ngu = yvm
ngv acoo acoq acop = vui
ngw acop acoo = yli
ngx acop acoq acoo = bjc
ngy acoo acop acoq = snq dhs aoi
ngz acoo acoq acop = rhs
nha acoo = dee gaz cyf
nhb = abru
nhc acoo acop = day dxu
nhd acop acoq acoo = obn rsf
nhe acoo = nbq
nhf = kri kp
nhg acoq acop acoo = vxo abcn pcf
nhh = shy
nhi acoq acop acoo = jaa
nhj = oxp fmu
nhk = uum iyl
nhl acoo = ldh
nhm acoo = nbv bvh dhn sky
nhn acoo acop acoq = zeo
nho acop acoo = hxv
nhp acoo acop = fmb
nhq acoo acoq acop = ztt
nhr acop acoo = goz
nhs acoo acop = ohj
nht = voa
nhu = gjd
nhv acoo acop = afb moq uaf vbx
nhw acoo = ceh
nhx = wif
nhy acoo acop acoq = won tfz
nhz acoo = hik
nia = qu
nib = xkb
nic acoq acoo acop = trh ufl
nid = sbl tnx ar
nie acoo acop = yrq fln gko oyh
nif = zkn jyd
nig acoo = eqs
nih = jvv ljd
nii acop acoo acoq = ipr
nij acoo acoq acop = bfm
nik acoo = dbi
nil acoq acoo acop = nod aaka
nim acoo = phf ymw dgb
nin acoq acop acoo = wne
nio acop acoo = jql phh
nip = lh
niq = fsv juh fkq
nir acop acoq acoo = rst aafo ypg ywt
nis acoo = crg
nit = qqi abli tak
niu acoo acop = sdn
niv acop acoo = owt bb aiy
niw = hyx
nix = fuw ktc nry
niy acop acoo acoq = naz wqs txz
niz acop acoo = dwi
nja acoo acop = qul lnr
njb acop acoq acoo = roe
njc acoo acop acoq = rco jti
njd acop acoo acoq = xzw hye
nje acop acoq acoo = abbn
njf acop acoq acoo = wsv aadv vyq doz
njg acoo = psi ham
njh acoo acop = oyh
nji acoo acop = jct
njj acoo = gqd jot qij
njk acoo = tkl zzo kzl
njl acoo = mub
njm = aqf uym yzj
njn acop acoo = odg nj tby
njo = lpo
njp acoo acop = uyb
njq acoo = ldg (ubk gxz) jbs
njr acoo = bld
njs acoq acop acoo = gcd
njt acoo acoq acop = abud axf dal uar
nju = abdr
njv acop acoo = yxd lhe ysk
njw acoo = qdu (bpt bx paz)
njx acoo acop = yba
njy acoo = bvq
njz acoo = gdk
nka acoq acoo acop = aces
nkb acoo acop = yqg acjl
nkc acoo acop acoq = cyz abss
nkd acop acoo = yzy
nke acoo acoq acop = zhs aaoc gec
nkf = hzw xfq
nkg acoq acop acoo = byj odc
nkh = tmi
nki acop acoo = vem emn xro
nkj acoo = wck
nkk acoq acoo acop = aari
nkl acoq acop acoo = abmg
nkm = xqo
nkn acop acoo = pyv
nko = bjc gmk zvv
nkp = gwr
nkq = abca
nkr = qki qrc
nks = hxa acmt
nkt acoo = dfh
nku acoo acop = yvt
nkv acop acoq acoo = abwk ihb hop sst
nkw acoo = hbt
nkx acop acoo = rbd amv
nky acoo acop acoq = fid
nkz acop acoo acoq = ngo
nla acoq acop acoo = stm soc
nlb = fhu
nlc acop acoo = ojp
nld acoo = euu
nle = bpx
nlf acoq acop acoo = gts wbu cbh acho
nlg acoo = lkm
nlh acoq acop acoo = slq
nli acop acoo = ydi
nlj acoo acop = aamu zmd
nlk acop acoo = wns slf
nll acop acoo acoq = wao
nlm acoq acop acoo = abbs
nln acoo acop = tyt
nlo acoo = cvz
nlp acop acoo = mar
nlq = rjz gto
nlr acoq acop acoo = bkp
nls acoq acoo acop = evs
nlt acoo = cce ciq lwp
nlu acoo = kns
nlv acoo = fmy
nlw acoo acop = kbl aazp
nlx acoo = fbt
nly = ncb hjf
nlz = uya sdu osy
nma acoo = kds
nmb = upc
nmc acoo acop = ymi pcg
nmd acoq acoo acop = qn
nme = xvj uzn plw
nmf acop acoo = buy gtn jce zkl msw
nmg = ecf abla
nmh = wno
nmi acop acoo = maq
nmj acoo = vci zzw wsl
nmk = dky abyi
nml acoo = kml rih
nmm acoo = ltd
nmn acoo acop = jnq wer
nmo acoo = lzs
nmp acop acoo = thl
nmq acoo = njv aaas
nmr acoo = uzj
nms acoo = axs aqc cbq
nmt acoq acoo acop = vnx
nmu = ezv
nmv = mcg
nmw acoo = dbk vwm uqb zqg
nmx = abeb nrp kaa
nmy = tao lk nbp
nmz = zdx
nna acoq acop acoo = abza (hlj yfr)
nnb acoo = yda hbn ckm uom
nnc acoo acoq acop = eix fih
nnd acoo = aez
nne acoo = ocp wst
nnf acop acoo = ttl
nng = egg
nnh acoo acop = kqd xge
nni = yxv grj naz
nnj acoo acop = jnq
nnk acoo acoq acop = rul
nnl acoo = aany jwq cqd xck
nnm = aanl
nnn acoo acoq acop = cjz sbe
nno acoq acoo acop = num
nnp acoo = qnn
nnq acoo = dge
nnr acoo acop acoq = aha tks
nns acoo acop = xwv pin ypy
nnt = ge
nnu acoq acop acoo = som
nnv acoq acoo acop = miv
nnw acoo acoq acop = aanx ztm
nnx acoo = uxi
nny acoo = ckl
nnz acop acoo = kmk rli ivq abbq
noa acop acoo acoq = cls yld ablc ably
nob = k
noc acoo acop = abak pgg (uda urh)
nod acoo = uqs
noe acop acoo acoq = mpe jgd
nof acoo acoq acop = ykn
nog acoo acop = gib vxk poq
noh acoo = tfz
noi acop acoo = lyw hjf vcw
noj acoo = ovp
nok acoo = uil
nol = rys
nom acop acoo = fiz
non = abaq
noo acoo = vdo
nop acoo = xcf
noq acoq acoo acop = eyj ypb fq
nor acoo acop = oyw
nos acoo = dlo viu
not acop acoo = srk
nou = iwb zvr zda hnc
nov = nyt
now acop acoo = amh
nox acoo = akj
noy acoo acop = psd bkb
noz acop acoo = ook
npa acop acoo = mro iqu
npb acoo acop = vxn zwa (lil htd)
npc acoo = imh jny
npd acop acoo = jvl
npe = oir
npf acoo = cke ixw
npg acop acoo = aarx
nph acoo acop acoq = ols mpn teq jxs
npi acoq acoo acop = vgh swi
npj acoo = dpv lou kqh igc
npk acoo acoq acop = vor
npl = sje
npm acoo acop = qwa
npn acop acoo = kej
npo = oaw
npp acoo = ppj zto tjg emg ano
npq acoo = mvt
npr acoo = wco ukc luh
nps acoo = bsq
npt acoo = vqd nuw aara
npu acoo acoq acop = oyh qsa
npv acoq acop acoo = ccu qtm aawo ldk
npw = sgs
npx acoo = abza fbf
npy acoo = xdc
npz = drh
nqa acoo = ybu xqu
nqb acoo = okj
nqc acop acoo acoq = aaoy mit idt
nqd acoo acop = tvi
nqe acop acoq acoo = ggh ppc nsv vhe
nqf acoo acop = ysz
nqg = aby
nqh acoo = yof ffb aakz
nqi acoo acop = jgr (tce omc)
nqj acop acoo = wlj
nqk acoo = bbz rfl wxh wzh
nql = qpp
nqm acoo = usw
nqn acoo = rvr
nqo acoo = aabr ohw ptc myv wnf
nqp acoo = agm sqa gbb
nqq acoq acop acoo = flq
nqr acoo acoq acop = bgn
nqs acop acoo = eto vhc rcg jmi
nqt acoo acoq acop = bam
nqu acop acoo = akc mfq ua bvi
nqv acoq acoo acop = abut
nqw acoo = qra
nqx = abjc tun
nqy = uuv mgd lyq
nqz acoo acop acoq = otd emi pdj
nra acoo acop = drz
nrb acoo acop = yfa pqu abyh bro clt
nrc acoq acop acoo = fzr
nrd acoo = zef wks qp
nre acoo = mpn grn lqn
nrf = acja ray hhf zop qjg
nrg = zoo yyg cef
nrh acop acoo = acib
nri acoo acop = zrk lrz bjg nnf gcj
nrj acoo acop acoq = iee xhe ojo maj acin
nrk = zug
nrl acoq acop acoo = ewo
nrm = gjo
nrn acoo = hnh atc
nro acoo acop = khk wtk
nrp acoo acop acoq = abpn txi prl mxz
nrq acoo acop = sic ki nye
nrr = ssk bvr
nrs acop acoq acoo = rvp tmw vjg
nrt acoo acop acoq = bmc
nru = lyo
nrv acoo acop acoq = abgd wmi sgc
nrw acop acoq acoo = skj
nrx = faf
nry acoo = abuc mzi iim
nrz = usc nmj
nsa acoo acop acoq = bko wgi
nsb = eog
nsc = ryf
nsd = wtk wmy
nse acoo = mjo ioq whd ogw rtc
nsf = rvc kjx
nsg acoq acoo acop = dbe
nsh acoo acop = zsp aasv jkt
nsi = hmc abpz typ bqq
nsj = wje
nsk acop acoo = ang bid (kec wxg)
nsl acoo acop acoq = swj abpi axm
nsm acoo = lay vot zdt
nsn acoo acop acoq = jp scm lzp fnv
nso acoo acop = ych bdt pbs
nsp = dni
nsq = ykh hao
nsr acoq acoo acop = aso
nss acoo acop = vff
nst acop acoo = uaw
nsu acop acoo acoq = pd
nsv = cwk job nis
nsw = gjd
nsx acoq acop acoo = ows
nsy acoo = ghd yat usk
nsz acop acoo acoq = ihn
nta = khs
ntb acoo = dfo
ntc acop acoo = uba zxc yjs yoc
ntd = cky
nte acoo acop acoq = aazf
ntf acop acoo = bmb qnx bba mng
ntg acop acoo = hon
nth acop acoo = yxx dzm
nti acop acoo acoq = zbo
ntj acop acoo = qiz bkq
ntk = rzd
ntl acoo acoq acop = fbf
ntm acoo = xlo (vwj qpe)
ntn acoo = tss
nto acop acoo = pq
ntp acoo = pxb
ntq acoo = acoo
ntr acoo = jgy nda
nts acoo acoq acop = qdc
ntt acoo acop acoq = ebi (iji jby)
ntu acoo = ydu
ntv acoo acop = ojo
ntw = omw gcn btc
ntx acoo = bzg
nty acoo = acbw tdp
ntz = hmk ycs cdl fti zcr
nua acop acoo acoq = ahn
nub acoo acop = tzr
nuc acop acoo = jwi qsj enk
nud acoo = hjx
nue acop acoo = hvx
nuf acop acoo = mnq bhb dso
nug acoo = ymf
nuh = krd jle xdv abam
nui acop acoo acoq = owt
nuj acoo acop = wct udz
nuk acop acoo = cqk mda
nul = abrw
num acoq acoo acop = bwz sam
nun = zpe
nuo acop acoo = agc
nup acoo = mdt
nuq acoo acoq acop = abku
nur acop acoq acoo = rte
nus acop acoo acoq = sky
nut acoo = frh twk
nuu acoo acop = pnq
nuv acop acoo acoq = qlj whw
nuw acoo = cav hfu
nux acoq acop acoo = bmy uvy jnq (eys ecq)
nuy acoo acop = vzc
nuz acoq acoo acop = xel
nva = vkk njd
nvb acop acoo = jgm mwz myt
nvc acop acoo = cpn hzo
nvd acoo acop acoq = ubr jtp
nve acoo = re
nvf = vcy gyt xnt cw mai
nvg acop acoq acoo = abwg
nvh acoo = xae okn jae
nvi acoo = jmc
nvj acoo acop acoq = hah
nvk = yrm
nvl acop acoo acoq = hfm
nvm acoo = cnz rhy eon ioz
nvn acoo = aags
nvo acoq acoo acop = kv
nvp acoo = uro
nvq acop acoo acoq = zsw jvq vru
nvr acop acoo acoq = tm fgg zrl
nvs acop acoq acoo = ady
nvt = qpl
nvu = xka tft
nvv = lim asj aazv
nvw acoo = xfj cje
nvx acoo acop = vhn mdw
nvy = rrb yqm (jfv lnt)
nvz acoo acoq acop = iym (mrx kjs lvq)
nwa acop acoo = rmd lji tjj
nwb = uq
nwc = tjj
nwd acop acoq acoo = zgw pdb
nwe acoo acoq acop = dox
nwf acop acoo = czk gve pfi
nwg acoo = ost twb cur
nwh acop acoo = xmu yba
nwi = ftv rwt
nwj = dlm
nwk acoo acop = y
nwl acoo acop = way
nwm acop acoo acoq = tqy vzv xcg
nwn acop acoq acoo = muj mxx lnb aaax sqa
nwo acoo acop = pcw
nwp acoo acop = mtg
nwq acoo = rpe sjm
nwr acop acoo acoq = oye afz
nws acoo = wkd
nwt acoo = kli
nwu acop acoo = osb
nwv acoo acop = xny drb
nww = tig tws
nwx acoo = tqu pqw
nwy acop acoq acoo = zan
nwz = xsv
nxa acoo acop = nwo aakw sca
nxb acoo = py ccm upz
nxc acoo acop acoq = rqf qds gmm
nxd acoo acop = vog
nxe = osu
nxf = nrz
nxg acoo = unz
nxh acop acoq acoo = abyt
nxi acoo acop = meu
nxj acoq acoo acop = fpm
nxk acoo acop = udc
nxl acop acoo = yoy
nxm acop acoq acoo = vcq
nxn = bsb jod lai dbm
nxo = huh pzj ool
nxp acop acoo = vho
nxq acoq acoo acop = ccz
nxr = uop
nxs acop acoq acoo = gcg
nxt = rxi
nxu acoo acop = rbm szz stl
nxv acop acoq acoo = osq
nxw = mpf aagb
nxx acoo = wdq
nxy acoo acop = qjp
nxz acoo = lhk ctu aaqe
nya acoo = jgb ueg aef heh itj
nyb acoo = puq
nyc = jin
nyd = trf
nye acop acoo acoq = aaqq
nyf acoq acop acoo = lde
nyg acoo = fe mqt
nyh = xsm
nyi acoo = qbp
nyj = axr
nyk acoo = srk
nyl acop acoo = foh
nym = aye
nyn = ogr
nyo acoo = rpf evr uig ary
nyp acop acoq acoo = kwz cen
nyq acop acoo = bon
nyr = pgy pzr
nys acop acoo = art
nyt acoo = vof gdo qvs
nyu acoo = abse
nyv acop acoo = vgf
nyw acoq acop acoo = vuk
nyx acop acoo acoq = psi
nyy acoo acop = etj
nyz = vky icz xmx aaik
nza = mnw
nzb acoo acop acoq = xmi
nzc acoo = gry
nzd acop acoo = jiq
nze acoo = npx
nzf acop acoo = nyt
nzg acoo = pso
nzh acoo acop = pvt
nzi acoq acop acoo = fyh
nzj acoq acop acoo = syz lfl oit
nzk = cmb
nzl acop acoo acoq = iky
nzm acoo acoq acop = vqh emt
nzn = fbk pog
nzo acop acoq acoo = uyd lzv
nzp acoq acop acoo = vfj jha nbq
nzq acoo = jvz
nzr acoo = ifl
nzs = frv rux
nzt acoo acoq acop = abwv imp
nzu acoo acop = pnp atc vnb egu xz
nzv acoo acop = gdy odm kiu
nzw acop acoo acoq = jke knj njg yyl isw
nzx = tia hhb dn rnl
nzy acoo = vyl igt
nzz = ybt
oaa acoo = cuu fsy kua
oab = ejd
oac acoo = aayy
oad acoo = wpk adw aagx
oae acoo = xzd xyu absy
oaf acoo = nto bbv aavj fpi
oag = afg usq byy dee
oah = igp
oai acoo = xmc jon
oaj acoo = hck wkd
oak acoo = hye
oal = abiv mwh
oam = iut mkp
oan acoo = rvc
oao acop acoo = aayb
oap acop acoo = od jfx
oaq = gco
oar acoo acop = voa
oas acop acoo = lwx
oat acoo acop acoq = xgh
oau acoo acoq acop = yhe g
oav acoq acop acoo = txo
oaw acoo acop = mkw
oax acoo acop acoq = sjm abtx
oay acoo = cbt
oaz = okq ojq
oba acoo = qyx
obb = ibx
obc acoo acop = acbt mpm
obd = nxq
obe acoo acop = udd sax wkp czx
obf acop acoo acoq = row
obg acoo = pld aks aaft
obh acop acoo = kr
obi = dt
obj acop acoo acoq = yqh
obk = pfb nfe
obl = acoe dux
obm acop acoq acoo = qde hoc spp
obn acoo = pqu xtm
obo acoo = bbo vvo dzh
obp = brx
obq acoq acoo acop = aof
obr = fjg
obs acoo = oag
obt acoo = aj dwo abmo aasv eps
obu acoo acop acoq = iai
obv = ykm ylm
obw = grd
obx acoo = zsz mys acly
oby acoo acoq acop = vpz
obz acoo acop acoq = mgq bif kbf
oca = uce
ocb acoo = vmv kqg dtu ltp
occ acoo acop = kjd
ocd acoq acop acoo = fph aahj
oce acop acoo acoq = tzq
ocf acoo acoq acop = aaup nlq
ocg acoo acop = dbz
och = xar
oci acop acoo = odj gfu
ocj acoo acoq acop = rjb ljn hfk
ock = agy kcb
ocl acoo = gnq
ocm acoo acop = snz
ocn = yr
oco acop acoo = yyc ans uqf waa
ocp acop acoo acoq = bvc wyf abbb
ocq acop acoo = akx
ocr acop acoo = xvl
ocs acop acoo = ycw
oct acop acoo = bkx
ocu acoo = acck
ocv acop acoo = fyi vis
ocw acoo acop = abmz vrm swp acw
ocx = eyq
ocy acoo = xnh
ocz acop acoo acoq = aayo
oda = wyn (evn ou)
odb = bhn vhq
odc acoo acoq acop = dho ldu vvs gpw
odd = acs
ode acop acoo = wqx
odf = tkn
odg acoo = dey
odh acoo = opq
odi acoo acoq acop = dsw lxf
odj = qmf
odk acoo = atb hpp nvr
odl = inn hj
odm acoo acop = hph sdw oei
odn acoo acoq acop = yfw
odo acoo acop = paa
odp acoo = ajg
odq acoo = ncp
odr acoo = cvf ijk oqm aua
ods acoo = szp
odt acoq acop acoo = aayt jen
odu = vtd czw uhq lcp
odv acop acoo = oaq
odw = xqi rcm
odx acoq acop acoo = xb
ody acoo = wgo
odz acoo acop = zqu oko taj rri
oea acoo = xrr anc rcc
oeb = ytq lnb rho
oec = qqu edk (uye mmz tod)
oed acoo = sxd
oee acoo acop acoq = wga (snf caj) enr
oef acoo acop = ste ifx
oeg acoo = uzy
oeh acoo = oqh
oei acop acoo = swh zzo
oej acoo = fuf
oek acoo = crj hhq rfa
oel acoo acop = coo
oem = gv
oen = qjj
oeo acop acoq acoo = utf
oep acoo = gnc
oeq = kxo
oer acoo = gqb jpj fkv ujx
oes acop acoo = klu
oet acoo = lte qtx sua
oeu acop acoo acoq = vrh
oev acoo = ssx nqo
oew acoo acoq acop = bxw qzf boh anx
oex acoo acop = eny
oey acoo = yvj wcw mqo vxf
oez acoo = ofd
ofa = mxb rps
ofb acop acoo = ltb (cwp fxm bmz)
ofc acoo = zor taa
ofd = ups
ofe acoo acoq acop = rka
off acoo acop = bxk rpi ybh mhn
ofg acoo acop = gqz
ofh acoo = nrh
ofi acoo acoq acop = ngk yji
ofj acoo acoq acop = pwa
ofk acoo = mdf (yns abhu uok)
ofl = uvv
ofm = nfi
ofn acoo acop = pgj ogz
ofo = wyl gkf
ofp = ssi
ofq acop acoq acoo = hls
ofr acoo = ypi dge
ofs = fra
oft acop acoo = fam
ofu acoo = woz rbn nwd
ofv acoo = dd mfd
ofw acop acoo acoq = auq
ofx acop acoo acoq = idj zbd fmm dyc
ofy acop acoo = dyo vlx
ofz acoo = how
oga acop acoo = hpk
ogb acoo = igp zhc fnk
ogc acoo acop = oqz mdv
ogd acoo acoq acop = usr yfu
oge acoo = ihj
ogf acoo acop = vva
ogg = psw xkf oln jzv
ogh acop acoo = bng
ogi = tty khu
ogj acoo = klp
ogk acop acoq acoo = ywa
ogl acoq acop acoo = rzz gus ztc
ogm = diy
ogn acoo = gsu wes
ogo acop acoo = ohy
ogp acoo acop acoq = vjy acno kij ilc
ogq acop acoo = crp we
ogr acop acoo = uzp
ogs = eae
ogt acop acoo = kva
ogu acoo = zmx
ogv acop acoo = stu mss bkh
ogw acoo = owx
ogx acoo = abdj
ogy acoo acoq acop = ofw
ogz = mhd cpz
oha acoo acop = zdi iba jlj
ohb acoo = vzo drx ktq ywq
ohc acoo = sdw zjy led scs
ohd acop acoq acoo = obq (acns zmg lzs)
ohe = ohk (nwm kex)
ohf = hhu
ohg acoq acoo acop = orl
ohh acoq acoo acop = eip (aqc agi)
ohi acop acoq acoo = bbf
ohj = bkc
ohk acop acoo = zzp nsy
ohl acoq acoo acop = yno
ohm acop acoo = wqp zes ur yxk
ohn acoo = iwn ajx
oho acoo acop = onm
ohp acoo = tdf
ohq acoo = acez ftp
ohr acoo acop acoq = abvt hvi aayf wiu
ohs acop acoo = jto
oht acop acoo acoq = xgy smp jip
ohu acoo acop = txl gkw rgd aceh
ohv acoo = gfd act xis
ohw acoo = bdl
ohx acop acoq acoo = kdw
ohy acop acoo = xan afc
ohz acoo = ayy
oia acoo = ptt
oib = cbt exo uln
oic acoo = afo
oid = bku
oie = jti
oif acoq acoo acop = pqy
oig = kg run uyj och
oih acop acoo = azw ktq ops
oii acoq acop acoo = ebm
oij acoo acop = qcg cqx aaiq
oik = ymk
oil acoo = evh
oim acoo acop acoq = zxw
oin acop acoo = eqm
oio acoo acop = tyy abam
oip acop acoo acoq = amy ifo (mvh cdb)
oiq acop acoo acoq = wzn czx uti ojg
oir = tfm yit
ois acoo acoq acop = ag hdg tqh
oit acoo = ucd
oiu acoq acoo acop = zxq
oiv = dwm achx
oiw acoo = tag hwj lue
oix acop acoo = tdf yal glm gew
oiy acoo = kzp kta
oiz acoo = gtg mpu jli jxv
oja = wcc
ojb acoo acop = mwn
ojc acoo = ljw
ojd acop acoq acoo = kcs
oje acoo = abhm rtj hwb ffx
ojf = lqq
ojg acoo acoq acop = hxr
ojh acoo = rlm
oji = hwo
ojj = mns
ojk acoo acop = pdc zvo
ojl acoo acoq acop = aatp
ojm acoq acop acoo = wjr
ojn acop acoq acoo = wwe
ojo acop acoo = iy
ojp acoo acoq acop = oau
ojq acop acoo = abzx
ojr = sld wwn
ojs acoo acop = ova cgv
ojt acoq acoo acop = ezh ujl aayu
oju = pdn iwm wqo abaa
ojv acop acoo = pdk wuz aboi
ojw acoo acop = pe
ojx acoo = gqk
ojy acop acoo = crr
ojz = mwz
oka acop acoo = cmx
okb = ufe
okc acop acoq acoo = upz
okd = qnr
oke acoo = qck
okf acoo = kzp
okg acoo = dkv
okh acoo acop = ylq dpw waq
oki acop acoo = fbg
okj acop acoq acoo = lap
okk acoo = wcj jfc
okl = vac bhl
okm acoo acop = ssv hip
okn acoo = lqo
oko acoo acop acoq = qjc ixk ith
okp = tyz
okq acoo = dsl
okr = azw
oks acoo = vwy
okt acop acoq acoo = uwm
oku = ecr
okv acoo acop = mtc
okw = gyr
okx = zsu mjj
oky = emw ldm acbf yfb
okz acoq acop acoo = smh
ola acoo = ldf
olb = nvh ckz
olc acoo acop = aahf
old = xob
ole = eqt
olf acoo acoq acop = cos
olg acoo acop = bbf
olh acoo = qzx
oli acoo acop = tvh
olj acoo acoq acop = bxu
olk acoo = mjw
oll = itf
olm acoo = glm
oln acoo acop acoq = ubk yza mol tmt xvx
olo acoq acop acoo = exl
olp acoo = lmn
olq = mfn
olr acop acoo = absa
ols = csw
olt = epe
olu acoo = bfp ntw wh rnk egs
olv acoo acop acoq = msb
olw acoo = qru jdf
olx = niq kwa wdh bns
oly = mmi
olz acoo = ngg
oma = wvb
omb acoo acoq acop = zth
omc = qri (jfq avs) mhv
omd = mvf
ome acoq acoo acop = oey ied
omf acop acoo = klj hyf
omg acoq acop acoo = dyk
omh acoo acop = xas igi
omi acoo = xwz
omj = rej
omk acop acoo = hg
oml acoo acop = wfk
omm acoo acop = eep
omn acoo = ogu vgu
omo = abkf
omp acop acoo = xjw jmi
omq acop acoq acoo = nbs ojg
omr acop acoo = nmb
oms acoo acop = mzd
omt = koj (ejo lrz)
omu acop acoo = lcy aayj ojw
omv = irx
omw = kct abux
omx = cja
omy acoo = lqm zjw
omz = ktn vww
ona = ocf jyv
onb acop acoq acoo = aacv
onc = nel
ond acoo = cjw
one acoo acop acoq = uxs
onf acop acoo = noi
ong = dje vyh dhi xsr
onh acoo acop = fux cnr
oni acoo = aakw
onj acoo acop = pll
onk = xjv jtf
onl acoo acoq acop = djp
onm acop acoq acoo = lzn dyb
onn = eqn
ono acop acoq acoo = mif
onp = qbh
onq acoo = kuc
onr = abne ebs ehm
ons = glz wta efi
ont acop acoo = xov
onu acoo = jzg str
onv = thl
onw acoo acop = jbm
onx acoo acop = dvt hit rse
ony acoo = quc
onz acop acoo = qfv gwt pje zyq
ooa acop acoo acoq = bfj
oob acoo = biq mlv rax
ooc acoo = bub
ood acoo acoq acop = ht vfz
ooe acoo = lpx anl lyw nbc
oof acoq acoo acop = edy
oog acoo = ggk
ooh acoo = jym vmm yxv
ooi acoo acop acoq = xws
ooj acoq acoo acop = aal rhw poa
ook = aut
ool = hhg
oom acoq acoo acop = pic
oon acoq acop acoo = iwp gyp aagk
ooo = hpg
oop = ung edt
ooq acoq acop acoo = ljg nmo vox pez
oor acoo = rch
oos = zti
oot acoo = lyi pvl kvw
oou acoo = mxv
oov acoq acop acoo = rjf
oow = xnd etg ibc
oox acop acoq acoo = abze brx
ooy acoo = aid
ooz acoq acop acoo = fyo rqi
opa acop acoo acoq = tvz
opb acop acoo acoq = vgc (zzx jwe)
opc acoo = thi
opd = xkz (hz hul)
ope acoo acop = oud
opf acoo acoq acop = cgb
opg = snw yar
oph = whk
opi = xyb hza hzg aaum gso
opj = oyj
opk acoo = bqr uat
opl acop acoo = isd
opm acop acoo acoq = amj
opn = cbc lrv
opo acop acoo = bjj tjs
opp acoo acop = ppu brj tnb
opq = nqz
opr acop acoo = uuj
ops acoo acop = zpj
opt acoo acop acoq = ee oi ewz
opu acop acoo = zye
opv acoo = xok xft aeg
opw = axi
opx acoo acop = tcd
opy acoo acop = gtu
opz = vbd
oqa acop acoo = hsx
oqb = apu wep
oqc acoo acop = cak lxa vsl
oqd acoo = elr abux
oqe acoq acoo acop = flh ilb ths ngk
oqf = aaux
oqg acoo = zgi
oqh acoq acop acoo = xkj
oqi acoo acop = oqa
oqj = lwd
oqk = cmc
oql = uwx xxk
oqm = aabm
oqn acoo = tfr
oqo acoo acop = qkx
oqp acoo acop = acfn
oqq acoo = pyb lpt
oqr = nps
oqs acoo acop = ozl (qyw ivj able)
oqt = nbv heg
oqu acop acoo = lrq iwl
oqv acoo acop = sim nxe
oqw acoo acop = xtn swt ydr
oqx acop acoo acoq = dtt
oqy = kox
oqz acoo = fbl
ora acoq acoo acop = wzy
orb = isd ufw aauc zia
orc acoo = qph
ord acop acoo acoq = yib
ore acoo acoq acop = dkx abiy
orf acop acoo = jnr btb
org acoo = fnz
orh acop acoo = vzy
ori acoq acoo acop = ddg qim byh
orj acoo = buk lnh qkv gzf
ork acoo = hch acdi dbk mko
orl acoq acop acoo = rhy uod qxn
orm acoq acoo acop = aafc vds dbk
orn acoo acop = bxw
oro acoo = qbs
orp acoo = cya
orq acoo acop = fpj
orr acop acoq acoo = auy
ors acoo = fog
ort acoq acop acoo = rwy vp
oru acoo acop = gnx
orv = gei
orw acoo = cme neh
orx acop acoo = vkx
ory acoo = uts
orz acoo = pja
osa acoo acoq acop = dyw wgw rkw
osb = mck lwm aave
osc acoq acoo acop = rab
osd = bxn
ose acoq acop acoo = fnb vbr
osf acop acoo = ppb idk yhn
osg = yfj
osh acoo = abyf
osi acoq acoo acop = abss
osj acop acoo = qgv miv abuq kfp
osk acoo acop = txt vxn ncd
osl acoo = jih fjm
osm acoo = jgx bwt
osn acop acoo = qwf
oso acoo acop acoq = dbw
osp acoo acop acoq = ilg iqx yxd hun jvz
osq acoo = aboy jbx toc hiv
osr acoq acop acoo = kmh
oss acop acoq acoo = epr
ost acop acoo = vea abjl qaw
osu acoo = fga
osv = djk
osw acoo acop = kyb
osx acop acoo = nik
osy acoo = zri
osz acop acoo = onc
ota = obl
otb acoo = qui rgq
otc = qfs abik
otd acop acoo = iow
ote acop acoo = clw lmu alg dou
otf acoo = abov ppr
otg acoo acop = fxv ook tsc ope
oth acop acoo acoq = abfo
oti = lmi
otj acoo acop = wlf (gpi cvw rts) ldf
otk acoo = vro
otl acop acoq acoo = olg weh
otm acoo = ica
otn = hte
oto = zc
otp acoo acop = jca
otq acoo acop = xxl kcb itt
otr = orb
ots = jvu xle
ott acoo acoq acop = npl qpv
otu = sgd (bef cno)
otv acoo acoq acop = qls
otw acop acoo = kan hri rob
otx = zg
oty acoo = hvq hcy xhf yua
otz acop acoo = jmd
oua acoo = jnh msf itm hmg
oub = sxg
ouc acoo acop = tjw tx
oud acoo = iuj sds api vjz utv
oue = qgt
ouf acop acoq acoo = xqu
oug = qwv yph hdr h
ouh acoo = aod ecc tbu
oui acoo acop = aafc nps aog
ouj acop acoq acoo = aeo
ouk acoo = tor nab ndi
oul acoo = iwx
oum = byf
oun = sml
ouo acoo = vtl
oup acop acoq acoo = rqt
ouq acop acoo = afr pnd
our acoo = tci xnx xen
ous = rgq ugb
out acop acoo = hnz lp wsa
ouu acop acoo acoq = lfs
ouv acoo = kic rdh hkh
ouw acoo = nmz
oux acop acoq acoo = vlm
ouy = csa nai gks
ouz acop acoq acoo = wac
ova acoo acop acoq = kkz
ovb acoo = gzz
ovc = rvi
ovd acop acoo = abys
ove = qju
ovf = qtl
ovg acoq acoo acop = tqh
ovh acop acoo = fhz lbq
ovi acoo = aadc
ovj acoq acoo acop = ilo
ovk acop acoo = wfj zzh
ovl = mbq
ovm = fnb ted
ovn = yrt
ovo acop acoq acoo = itf
ovp acoo acoq acop = bce vhp zjt
ovq = wsv wb puk
ovr = pgq
ovs acoo acop acoq = uiu
ovt acoo acop = opc qti
ovu acop acoo = mrz unl
ovv acoo acop = uzx
ovw = lmn mhi
ovx acoo acop = ygs uol abok
ovy = jrw kdg
ovz acoo = aaoy
owa acoo = xlq
owb acoo acop acoq = dwz (zch ghi)
owc = zhv izk
owd = jnz pbh pav
owe acoo = rcv
owf acoq acop acoo = acen
owg acoo acoq acop = fu xoh
owh acoo = vyu
owi acoo = ghg uyl
owj acoo = qrl fzp aapv ywr
owk acop acoo = kkw soc rnt
owl acoq acop acoo = yvc
owm = abux
own acoo acoq acop = kkh ej
owo = eyq csq jgp
owp acoo = acmw
owq acoo acop = sjx jwo
owr acoo = axf
ows = gnp
owt = aahs lwx
owu acop acoo = xnr
owv = zit cqh qrv jqp
oww acoq acoo acop = upg jqi yjl voi
owx acop acoo = ewg dlf gag dsm
owy acop acoo = ioa wru dtl aau xoq
owz acop acoo = wob
oxa acop acoo = qla lmn
oxb acop acoo = skl
oxc acoo = bwq
oxd acop acoo acoq = nmp nuc
oxe = bfc
oxf acoo acoq acop = tzv
oxg acoo = gsj qta
oxh acop acoq acoo = ouw
oxi acoo acop acoq = vfz
oxj = aayz ca
oxk = hbp ysf
oxl = rkn
oxm acoo = umx
oxn acoo = eks
oxo acoo = awn kk xuv yjg
oxp = mup
oxq acoo acop = onh mci
oxr = arn
oxs acoo = fpv vsm hxq nme lua
oxt acoo acop = dwm yk abul
oxu = mhh nni
oxv acoq acoo acop = aazs twg
oxw acop acoo = bus xhc
oxx acop acoo acoq = vcu nfg
oxy = cac abmr
oxz acoo = ifu wni
oya acop acoo = abae
oyb = bte
oyc acop acoo = dqk
oyd acoo acop acoq = iox deg wjv
oye = cyy wuy dkq
oyf acop acoo = jwg ackh
oyg = rnu azb
oyh acop acoo = qsc
oyi acop acoo = vhx sqi
oyj acoo = aabi uio cmg
oyk acoo = ggk bpz
oyl = ypr hdv
oym acop acoq acoo = jbk
oyn = hvw
oyo acoo acop = rzr mdj wqz
oyp = vhv
oyq = qob jep
oyr acop acoo = fbu sln
oys acoo acop = prl
oyt acoo acoq acop = hcc mwb vnv fjs
oyu acoo acop = eba hcg xjy
oyv = roc
oyw acoq acoo acop = gay wmv lvp kpa hoo
oyx = jdz
oyy acoo = uvt
oyz acoq acoo acop = ima irp wpd ydd
oza = kdr rmq
ozb acoo = nkg
ozc acoq acop acoo = ctv acil uhy
ozd acoo = xzj tvc mbs dxp
oze acoo acop acoq = hmg kcx abdo absi
ozf = vzc
ozg acoo acop = mgl ygb fns
ozh acoo = gu kmq
ozi acoq acop acoo = zz
ozj acoq acop acoo = efg
ozk acop acoo = xaq
ozl acoo = jjn
ozm acoo = xcl njf des uyi
ozn acop acoo = fmf dnm
ozo = nrm
ozp acoo acop = abn
ozq acop acoq acoo = dof irv
ozr = yfx
ozs acoo = eds fkh lbw rtz
ozt = hlq
ozu acoo acop acoq = dol chh mmn ucy
ozv acoo acop = el taj zep ud
ozw acoo = ackh
ozx acoo acoq acop = ghj
ozy acoq acoo acop = dcs cge aawq
ozz acoo = kob lof
paa = ieq acni aagh
pab acop acoo = aarm
pac acoo = cqu rgd
pad acoo = aei
pae acoo = wyj acbk abrf
paf acoo = qkk iaz
pag acoo acop = kju
pah = aaaj wbc acic
pai acop acoo = abqx abpn
paj acoo = mzh
pak acop acoo = mpm
pal acoo = sgg
pam acop acoo acoq = cjc
pan = wnt
pao acoo acop = ebh tjc
pap = arr ctu swr
paq acoo = nzw
par = elt
pas = upp
pat acop acoo = jvx mzg
pau acoo = ngr
pav acoo acop = acnh
paw acoo = trg (kmd jew)
pax acoq acoo acop = uvi
pay = oif
paz = niw ozc nmv
pba acop acoq acoo = mef vcl jnd lzz
pbb acoq acoo acop = wxv mef iri kvx gms
pbc acoq acoo acop = abuk
pbd acoo = duo sxy
pbe acop acoo = gln qhh
pbf acop acoo = dhp ffs
pbg = imm
pbh acoq acop acoo = qf oca qgj ezw uof
pbi acoo = bmf ccx
pbj acoo acop = lub
pbk = uy sm
pbl acoo acoq acop = exk gtg yrf
pbm acoo = tti
pbn acoo acop acoq = tna ntm
pbo acoo acop = gsn
pbp acoo = aaoy
pbq = caa dpg
pbr acop acoo = abeb
pbs acop acoo = abhs
pbt acoo = iqx abcc
pbu acoo acop = hxn
pbv acoq acoo acop = fbv brm ema jrl
pbw acoq acoo acop = ear
pbx acoo = qmo hku rjs ixh
pby = cta vdf sdv qsm
pbz acoo = oif
pca acoo acop = acbs
pcb acoo = ipq oig slh abuq
pcc = trn uvy aaib
pcd acoo acop acoq = wke
pce acop acoq acoo = eqk
pcf acoo acoq acop = gno (kxr fpi)
pcg acoo = cfm
pch = qna
pci acoo acop = fyn
pcj acoq acop acoo = ltp akt dpe
pck acop acoo = onl (fet zrw) wah oyu
pcl acoo = snl pco foo cqs
pcm acoo acop acoq = upl typ acfa
pcn acoo acop acoq = zxs oid
pco acop acoo = yqt yhc
pcp = cnc juc eol
pcq acoo acop = hzd
pcr acoo = liw mib
pcs acoo = spq
pct acoo acop = ijz
pcu acoo acop = hpv ufw naj
pcv acoq acoo acop = roa wqj qoo accx
pcw acoo acop = xux
pcx acop acoo acoq = gef nsp cwt
pcy acoq acoo acop = kzw
pcz acop acoo acoq = tsi
pda = tjf
pdb acop acoo = pcr
pdc = snl jur
pdd acoq acop acoo = ysf
pde = kiz
pdf acoo = emx
pdg = bov axb
pdh = iom
pdi = bai
pdj acoo = ivp qvs
pdk = vhm
pdl acoo = vhu
pdm acop acoo acoq = yqn
pdn acoo acoq acop = bgu scz eqo
pdo acoq acoo acop = mli vum kif
pdp acoo = cua
pdq acop acoo = qmy shf sgn
pdr = srt
pds acop acoo = brd
pdt = tbg gzu
pdu acop acoo acoq = buq
pdv acop acoo = dxt
pdw acoo acop = mpz
pdx = gme (aayp vam)
pdy acop acoq acoo = ckq
pdz acoo = ran nal
pea acoo = elr
peb acoo acop acoq = wnz rax
pec = wkr oee zhi
ped acoo = qri aayr bkn
pee = b
pef acoo = mbw
peg = acat fsg
peh acoq acop acoo = tlq
pei acoo = jzp cik bfq
pej acoo acoq acop = rmg
pek acoo acop acoq = ud
pel = aaqv eer vri
pem acoo acop = fju jsz bym
pen acop acoo acoq = uwi
peo acop acoo = btn mry
pep acop acoo = vgu jtt aavl
peq acop acoo = wlo
per acop acoq acoo = zrl
pes acoo acoq acop = kjw
pet acoq acop acoo = sh
peu acoo acop acoq = qqd
pev acoo = kct
pew = psm mpo
pex acoo acop = ejd
pey acoo acoq acop = rhr lul
pez acop acoo = ffm
pfa = fjr opu piv syn
pfb acoo = kmd
pfc acoq acop acoo = omz
pfd = abfp
pfe acop acoq acoo = ejn
pff = aajb cyq acoj ruz
pfg acop acoo acoq = xyt fuc
pfh acoo acop = aaqg
pfi acop acoo = xwi
pfj acoo acop acoq = jbm
pfk = ndb
pfl = jgy
pfm acoo = vtz jpj ilh
pfn acoo = ihi
pfo = acbi
pfp acop acoo = iga
pfq acop acoo = ebl
pfr = zal
pfs acoo acop acoq = pxd (ioi okd)
pft acop acoo acoq = jsr eux
pfu = pif kvl lut
pfv acoo = pzy
pfw acoq acoo acop = osf gfh
pfx = wlg yuz
pfy acoo = ivl
pfz acoo = kgj ock goy abcg
pga acoo acop acoq = tng
pgb acoo = wxt
pgc acop acoo acoq = lhw
pgd acoo = ims
pge acoo acop = uun acbu
pgf acoo = ipa
pgg = bjk pxp kmm hqx shh
pgh acoo acop = fek
pgi acoq acoo acop = vrm
pgj acop acoo = app tij
pgk = qbl jay aarl
pgl acoo acop = abp
pgm acoo acoq acop = mcp pv
pgn acoo acop acoq = abfl
pgo = ycq
pgp = uby
pgq acoo acop = poz
pgr acoq acop acoo = exk
pgs acoo = tw pzf hzb
pgt acop acoo = umu fyg
pgu acoo acop = mct
pgv acoo = qwx tmw
pgw acoq acop acoo = koa xvy
pgx acoo = hvt pjz
pgy = opc
pgz acop acoq acoo = abxs
pha acoo = ddg zrh
phb acoo acoq acop = zpd mw nsc lph
phc acop acoo = wqn vmc efn
phd acoo = tis bya
phe acoq acop acoo = hol
phf = aais syd cgu
phg acoo = lqq wn zjd ysv rtg
phh = cxb
phi = acha
phj acoo = jri mno
phk acop acoo = wil
phl acop acoq acoo = lad
phm acoo = iqe
phn acoo acop acoq = abnf
pho = dww
php = fbg cul egg fqa
phq acop acoo acoq = ini
phr acoq acoo acop = wez gwf ko dhc
phs acop acoo = abrx lkb qgz
pht acoo = erl
phu acoo acop = acgg
phv acop acoo acoq = abjq
phw acoq acop acoo = fwu
phx acoo acop = yaa
phy acop acoo = tse mrc
phz = oki
pia acoo = wzi
pib acoo = ltc
pic acoo acop = nvb
pid acoo = qhh
pie acoq acop acoo = zwg ezm
pif = auc
pig acoq acoo acop = tcn mbv
pih acoo acop = tqd
pii acoo acop acoq = kzh
pij acoq acoo acop = qos
pik acoo acop acoq = tvo
pil = een
pim = nek (gcb ftx hnk)
pin acop acoo = uji
pio acoq acoo acop = utf grp
pip acop acoo = pyl
piq = qjx
pir acop acoo acoq = lkm um gzj
pis acoo = ylx dck htw
pit acoo = doh brm (omg ynf) bsa
piu acoo acop = ibx clr
piv = klq
piw acoq acop acoo = unl
pix acop acoo acoq = kcg gca kzn mmz
piy = pfg uhb rkr buy
piz acoo = ihq
pja acoq acoo acop = aauq gla
pjb acoo = hgh
pjc acop acoo acoq = iqu
pjd acop acoo acoq = jql
pje = yu bob zvm cea za
pjf acoo = axt
pjg acop acoo = fba
pjh = gly zpy yqc vbd
pji acoo = vxs
pjj acoo acop = xgd pxy
pjk acoo = myj (own uxx yrw)
pjl acop acoo = dmj
pjm acop acoo = qck ojl
pjn acoo = aaqf dkl
pjo acoo = ory
pjp acoq acoo acop = ffo dvq sbe
pjq acoo = crg
pjr acoo = chc bjo feh xas
pjs acoq acop acoo = jsp bjv
pjt = hql
pju = muq aady xif
pjv acoo = wxo ueh ibg pjr accq
pjw acoo acop = fug yxq
pjx acoq acoo acop = lou
pjy acop acoo acoq = zqj
pjz acoq acoo acop = vep mcr cqj bat
pka = enf xyj xsm (gbb jgt)
pkb acoo = zxz zhq
pkc = xsc
pkd = jpm
pke acoo = cck tvk
pkf acoo acop = xoz
pkg = agw
pkh acop acoo acoq = zgc
pki acoo = yqh
pkj acop acoq acoo = iyn kkc yon
pkk acop acoq acoo = hoh
pkl = bzc
pkm acop acoo = ndj bme lfk tf
pkn acoo = ulk myj coz
pko acop acoo = sau zld gwm
pkp acoo acop = zvz
pkq = jt joe hnp
pkr acop acoo = raq aaem
pks = bty rqo
pkt acoo = ddl
pku acoq acoo acop = bfg
pkv acop acoo acoq = kyi
pkw acoq acoo acop = dxv
pkx acoo acop acoq = poq
pky acoo = dnr
pkz = weo gcq
pla acoo acop = ft dip jqo
plb acoo acop = ace
plc = psy aaia srs
pld acoo acop = gom blm
ple acoo acoq acop = iou hyf
plf acop acoo = qou nxd yat
plg acoo acoq acop = kus mbs jli
plh acoo acop = abjv ang bjz
pli = bdx
plj = ghj
plk acop acoo = smo
pll acoo acoq acop = wth acac
plm acoo = gg
pln acoo acop acoq = xpl
plo acoo = dhd
plp = acmx niw qan
plq = yrv
plr acoo acop acoq = kms
pls acoo = pwi
plt acop acoo = xsw fwu txc
plu = ezp rsq
plv acop acoo = vhq
plw = sgo
plx = nyq
ply acoo acop = ckq uzl pg swf
plz acoo acop acoq = whl
pma acop acoo = vdl rix
pmb acoo = uuy
pmc = wta
pmd acoo = ynw
pme acoo acoq acop = mew
pmf acop acoo = aajr
pmg acop acoo = qnj
pmh = fya
pmi acoo acoq acop = zeu lyi pvp
pmj acoo = sxk oiy aacq xye
pmk = xxu gdb
pml = ukd nn
pmm acop acoo = fr khz
pmn acoo = uud
pmo acoq acop acoo = yhx
pmp acoo acop = znz
pmq = myn
pmr = yfe oso cbt bug ptv
pms acoo = wvy pzn rmq nf lwc
pmt acoo = abrr ejv
pmu acoo acoq acop = eju mwg hqv
pmv acop acoo = fqv
pmw acop acoo = rit
pmx acop acoq acoo = uom
pmy acoo acop acoq = xzf
pmz = vyb
pna = aahy (ius cmr)
pnb acoo = qbv ogt
pnc acoo = gsm
pnd = ole
pne = bdu
pnf = ipk
png acop acoo acoq = xsa lcp
pnh acoq acoo acop = hps
pni acoo acop = hnh
pnj acoo = ktz
pnk acoo = dvd
pnl acop acoo = sku
pnm acoo acop = cfj
pnn acoo = hwk
pno acoo = mxi
pnp acoo acop = pmt fjp
pnq = icu
pnr acoo acoq acop = achj zym tzo
pns acoo = bxq
pnt acoo = ext
pnu acoo acop = lpt xni
pnv acop acoo = wyn
pnw acoo = rfn (gsf avj) bdj
pnx = aeg qjr
pny acop acoo acoq = ktf
pnz acoo acop acoq = joh tvv vxn lkc ftf
poa acop acoo = gvf aciv
pob acoo = phn
poc acoo = ssx uys te
pod = dzq rkr
poe acoo = orv
pof acoo acoq acop = zh kik yot
pog acoo = sbw
poh acoo = whp web iev
poi = nld
poj acop acoo acoq = whx lss
pok acoq acop acoo = ltf abxa
pol acoq acop acoo = jmi irz
pom acoq acoo acop = acic
pon acoq acop acoo = oso
poo acop acoo = hpm
pop acoo acop = ujy kcf
poq acop acoo acoq = wmg mmt
por = zzf
pos acoo acop = mvd
pot acoo acoq acop = bgq uwa
pou = pzv lxp
pov acoo acop acoq = yge
pow acoo acop = ups
pox acop acoo = npa
poy acop acoo = clh
poz acop acoo = hzd
ppa acoo acop = bkm lvr hu
ppb acoo acoq acop = aik
ppc acop acoo = skh
ppd acop acoo = tqy abx ykg
ppe acoo acop = cnu
ppf = yht
ppg acoq acop acoo = achc
pph acoo acop acoq = cqz lwn rjf od
ppi acoo acop = vcm
ppj acop acoo acoq = apl ysc
ppk acoo = uzv
ppl acoo acop = dnj
ppm acoo = awk myn
ppn acop acoo = vhl
ppo acop acoo = die
ppp acop acoq acoo = qix uop
ppq = eej lgp
ppr acoo acop = zyl oyy
pps acoo = abnl
ppt = zqk
ppu acoo acop acoq = acmi aadu mww
ppv acop acoo acoq = llt
ppw = cbz
ppx acoo acop = pbt
ppy acoo = djh nzm
ppz = odo
pqa acoo = wuf
pqb acoq acop acoo = aaqb
pqc = bwm
pqd acoo acop = lud
pqe acoo = iel acgg yxr qgu
pqf acoo acop = rpn cht
pqg = ljj xgv abxk
pqh acop acoo = cha
pqi acoo acop = xcv
pqj acoq acoo acop = ocp
pqk acoo acop = unz sji
pql acop acoo = pzw mzb
pqm acoo = ttp
pqn acoq acop acoo = kpv
pqo = ttu fzp
pqp acoo = xzl
pqq acoq acop acoo = bzu qgx ijc ttz saz
pqr acop acoo acoq = zdl xpi voh
pqs = bfy aand bft wwk
pqt = zrc
pqu acoo acop = urw
pqv acoo = xvf tbl vhb gjq
pqw acoo = lmy
pqx acoo = jdn (aon qiz acle)
pqy acop acoo = ve
pqz acoo = jnu
pra acop acoo = oax
prb acoo acop = xfh cdh
prc acop acoq acoo = wsu acoq xdi
prd acop acoq acoo = bs
pre acop acoo acoq = gmf aarb
prf = qpl (hpr zul)
prg acoo = lru txn
prh acoq acop acoo = rvd qfk
pri acop acoo = twz acgk oyh onu
prj acop acoo = oqi hzr
prk acoo = gmy
prl = mfh
prm acoo acop acoq = zjv
prn = izj sev jrl iao
pro = nny
prp acoq acoo acop = xp
prq = ddj
prr = fru bcy
prs acop acoo = mk hlf
prt = nas byt mvx
pru = brn
prv acoo acop = tp ajk
prw acoo = lxw exu oix qzk
prx acoo acop = gco
pry acoo acop = xfo ngv bis
prz acoo acop = kov omy hkr
psa acop acoq acoo = czv (loj nin khb)
psb acoo = fpe sfs
psc = obk
psd acop acoo = tce
pse acoo acoq acop = cra pap nte
psf acop acoo acoq = vte
psg acoo = utt bbf
psh acoo acoq acop = btu oix brw
psi acoo acop = aakd (obd hba) soe
psj = koc
psk acoq acop acoo = mjj
psl acop acoq acoo = bes
psm acoo = nkd
psn acop acoo = xld
pso acoo acop = qpn
psp acop acoo acoq = wv
psq acop acoo = tgn
psr acoo = hmh rlh vyu
pss acoo = pmp buk uwj uxa hvy
pst acop acoq acoo = abtl vdj
psu acoo acop = lhk ifs zkk
psv = sdb
psw = uck
psx acoo acoq acop = pyz
psy acop acoo = zrg
psz = vxf byr
pta acoo acoq acop = csf
ptb = ywd jbc tfj shg
ptc acop acoo = tbu
ptd acoo = sb
pte acoo acop = acog qfm
ptf = uqi
ptg acoo acoq acop = fge
pth acoo = ymg jau
pti acoo = fxz
ptj acoo = ocx
ptk acoo = huj vcw ued
ptl = rsb
ptm acoo acop = abdc
ptn acoo = nnm
pto acoo = bbd lyc
ptp acoo = jdc
ptq = uge xua dev
ptr acop acoo = klk atb
pts acoo acoq acop = nld
ptt acoo = njm pkf aie srq
ptu acoo acoq acop = ret (rx zli)
ptv acoo = qn fjv
ptw acoq acoo acop = uat
ptx acoo = knn
pty acop acoo acoq = uq
ptz acoo = vmv
pua acoo = sqr sjc mbc ppf stq
pub = ubq
puc = mla
pud = uft onh acbx
pue acoo acoq acop = aazo
puf acoo = fpk
pug acop acoq acoo = iiz
puh = ydi
pui acop acoo = enn xcm
puj = pvd wuj
puk acoo = fcm qkb
pul acoo = orj gcg
pum acoo acop = mem (org gec eie)
pun = qgr
puo acoo = xhk x
pup = xiy
puq acoo = vx
pur acoo = abzt dqx gnm
pus = tzc sfr kpr jhv
put acoo = cvw
puu acoo = zkk riu cnd
puv acop acoo acoq = ixi jdn nuz dvh
puw = rcf bpw abzc qev
pux acop acoo = aanv
puy acoo acoq acop = imf bhv
puz acop acoo = oja
pva acop acoo = rez
pvb acoo = gqz
pvc acop acoo = bqx gxm
pvd acoo = via
pve acoo = vgy fof
pvf acop acoo acoq = hsm sum
pvg acop acoo = svw
pvh acop acoo acoq = diz wqm
pvi acop acoo = gqu
pvj = yhc
pvk acoq acoo acop = dnp fvd (fdt gjm)
pvl acoo acoq acop = vpw adl lus
pvm acoq acop acoo = nnw cnq eam
pvn acoo acop = vxj pfh bud yls
pvo acoo acoq acop = acjg
pvp acoo = eu
pvq acop acoq acoo = acnn
pvr = ayj aaqg
pvs acoo = eki
pvt acoo = ysr
pvu = asg ahn
pvv acop acoo = jds pzd
pvw = mze ajx
pvx = uem
pvy = dja
pvz acoo = kkh nkw rn nsp ye
pwa acoo acop = vfm rzz
pwb acoo = zuv ept ygb zxm
pwc = acbz
pwd = acds
pwe acoo = dnx pdt zfn
pwf acop acoo = gyi
pwg = gkz jre
pwh acoq acoo acop = pqy jjx itx
pwi acoo acoq acop = abza lkx
pwj acoo acoq acop = zcp
pwk acoq acoo acop = riu nhl
pwl acoq acop acoo = fdi
pwm = iui
pwn acop acoq acoo = smt ceh (spn qqu)
pwo acop acoo = yjj msf
pwp acoo acop = acfd
pwq acoo = ltp dcq
pwr = onb
pws acoo = bao
pwt acoq acoo acop = gvj hja
pwu = qji zkc dpt eoy
pwv acoq acoo acop = nta abbs qye
pww acoo acop = acik okh ogm
pwx acoo acop = ino
pwy acop acoo = thq
pwz acop acoo = pdi gra qsh mz
pxa = opj
pxb = qxb
pxc acoq acop acoo = nav
pxd = cqb quq slt
pxe acoo acop = irc
pxf acoo = ltw
pxg acop acoo = ira abva
pxh acoo = hdx jbf qha
pxi acoo acop = abqu
pxj acoo = gbl
pxk acoo = obi xpn rmd
pxl acoo = mwf
pxm acoo acoq acop = abiu
pxn acop acoo = wcm
pxo acoo = ihi
pxp acop acoo acoq = rzb
pxq = azw jfx
pxr acoo acop = pga fpd
pxs = clg
pxt acoo = uuv zuh
pxu acoo = qvk bsr cci
pxv = yct
pxw = dnl
pxx acoq acop acoo = bdu
pxy = ykt
pxz acop acoo = jcr
pya acoq acoo acop = jmh
pyb acop acoo = ycf
pyc acoo = pzs
pyd = ieq
pye acoo = ols yfd
pyf acop acoo acoq = sba okf
pyg = xxz vud rga
pyh acop acoo = uig
pyi acoo = zpv
pyj acoo acop = xcp
pyk = cyb arr tql
pyl acoo = crf ecr
pym acoo acop = ljj exj
pyn acop acoo acoq = iju
pyo = hlj
pyp = dbi bhu mtt
pyq acop acoo = inf zxd pcf
pyr acoo = llo aai
pys acoo = jsx
pyt acop acoo = rjo
pyu acoo acop = yqf
pyv acoo acop acoq = aaxr
pyw = pdo
pyx acoo = npj
pyy acoo = eej nqd bhc awh
pyz acop acoq acoo = kps kpd nwo
pza acoo acop = jyb pm pzg vb
pzb acop acoq acoo = ont
pzc acoo acop acoq = qeq
pzd acop acoo = qgk xrs nv
pze acoo = feg
pzf acoo acoq acop = hhx hkn ldy qfq
pzg = nzq cuu liq
pzh acoo = dpm
pzi = jok
pzj acoq acop acoo = uhw
pzk = opq ila r
pzl acoo acop = pwx
pzm acoo = nfm cmr joz jbo
pzn acoo = bym
pzo acoo acop = exw
pzp acoo acop = kej fmv rgm anb
pzq acoo acop = cve (ldx wpj)
pzr acoo = tmc
pzs acop acoo = nvp hjy
pzt = itq
pzu acoo = twh
pzv acoq acoo acop = ypx zui eu
pzw acoq acoo acop = ljy
pzx = paq cnt aaep vfx
pzy = vmy dey ltm hab
pzz acoo = jvw
qaa acoq acop acoo = ezz
qab acoo acop = sst
qac acoq acoo acop = vbg pvl
qad acop acoq acoo = eeu utr kly tuq cpa
qae acoo acoq acop = utl
qaf acoq acop acoo = xgj jlh aapv lps oue
qag acop acoo acoq = sjw qaw
qah acoo acop = ajo
qai acoo acop = lxw zno kml
qaj acop acoo = aahf
qak acoo acop = hll
qal acoq acop acoo = jvy gtm
qam acop acoo acoq = etx osm
qan acop acoq acoo = acfl abfu
qao acop acoo acoq = bvc xsw pnv wmb
qap = ilh
qaq acoo = fbz ptj
qar acoq acop acoo = tty qx
qas = zdk
qat = ywt
qau acop acoq acoo = yhz
qav acop acoo acoq = qpo
qaw acop acoo = jnn
qax acoo = kqz uyq msy xfm ng
qay acop acoo = gyr
qaz acoo acoq acop = xga hpe (rgb oft)
qba acoo = voo
qbb acop acoq acoo = tlm tmt fwa
qbc acop acoo = kjz
qbd acop acoq acoo = gjr
qbe acop acoo acoq = aabq
qbf = ny
qbg acoo = aazm
qbh = bwi aqb (agu acbt)
qbi acoo = pqo kuo ueg
qbj = afc
qbk acoq acop acoo = dcx
qbl acoo acop = ymv xmy
qbm = kyl
qbn acop acoq acoo = mtv oah rqg acht
qbo acop acoq acoo = hrd
qbp = lyv
qbq acoo acop = acay
qbr = uot
qbs acop acoo = hnw xu cuq
qbt = epm
qbu acoo = bfn
qbv acoo = jvq
qbw acoo acop acoq = abvv
qbx acop acoo = pbp sko abiq ne tet
qby = aawa
qbz = rma fzl zgc
qca acoo acop = lhs
qcb = tmo (gcg lgn ggy)
qcc = hzm
qcd acop acoq acoo = hau sta jtq
qce acoq acop acoo = kzb
qcf = vsl mg aawv
qcg acoo = bcj hvk
qch = jqk edh abla jtw
qci acop acoo = uuv
qcj = jbn
qck acoo acop acoq = rps
qcl = oz jru nkv
qcm acoq acoo acop = wjm onm fae lnc
qcn acoo acop acoq = cxn btc stf qsq
qco acoo = oja
qcp = ihf
qcq = fyh
qcr acop acoo acoq = ebh hxp
qcs acop acoo acoq = cio
qct acoo acop = ofj krr
qcu acoq acoo acop = ymj bhi
qcv acoo acoq acop = nsu
qcw acoo = rbk
qcx acoo = ofz
qcy = qoe adw egx
qcz acoq acop acoo = sfl
qda acoq acop acoo = fco
qdb acoo = abfk
qdc = aada pmt
qdd = iav
qde acoo acop = xvo egc
qdf acoo = mqt
qdg = inb
qdh = cjg
qdi = dvr gzk kbg
qdj acoo = yyf
qdk acop acoo acoq = mbq rxe dvs
qdl acoo = nfr pze avn gjq acu
qdm acoo acop = oxy mqw
qdn acoq acoo acop = pbn
qdo acop acoo acoq = abfq tvj
qdp acoo acop = znc fvr
qdq acoo = dkc
qdr = gt
qds acoo = yyq zaa
qdt = sxk (ejq (mrh dcw oqz))
qdu acoo = xlx
qdv acoo acop = aaep
qdw acop acoo = pvl ogh
qdx acoo = rlu
qdy acop acoq acoo = ozy lja kto
qdz = pst
qea acoo acop = uvd
qeb acoo = hmr ten hsx
qec acop acoo acoq = szk fxe
qed acoo acoq acop = blq yai mnw
qee acoo = spx bey qor pt
qef acoo acop acoq = hxa absg
qeg = bsw
qeh acoo = aagy
qei acop acoo = wnw
qej acoo = swd wrp rla vcr csr
qek acoq acoo acop = acfd
qel acoo = wcg
qem = shf dlf di oqm
qen acop acoo acoq = aks aauo
qeo acoo acop = nsc er ond
qep acop acoo = rgk
qeq = qru
qer acop acoo acoq = oqu xgc jhs
qes acoo acoq acop = qqr
qet acop acoo = cov bul
qeu acoq acoo acop = zai
qev acoo acop = tpm ncg zmc fca phd
qew = hxf nws
qex acoo = tkw
qey acop acoo acoq = khz ism
qez acoo = kj
qfa acoo acop = aaap
qfb acoo acoq acop = abif
qfc acoo = evh
qfd acop acoo = ezk acoa ulu
qfe acoo = tpk
qff acoo = jdk
qfg acoq acoo acop = acep
qfh = pxg ovs acmb swj
qfi = eea wvq ljn wsm
qfj acop acoo = kfa jfg
qfk acoo acop = xij
qfl acop acoo = ypv
qfm acoo = hko
qfn acoo acop = skl ewu
qfo = okc
qfp acoo = rbd ecu
qfq = syz zvh
qfr acoo = dzi
qfs acop acoq acoo = byl moz
qft acop acoo acoq = mkn goe
qfu acoo acop = lht
qfv acoo acop = tyn hxq
qfw acoo acoq acop = aaqk aaqw ugo
qfx = gni
qfy acoo = dan olv acga
qfz acoo acop = gev
qga acoo = vbp ocx
qgb acoo = dso (wky woc aavo)
qgc acop acoo = uks
qgd acop acoo = xim
qge acoo acop = xcq
qgf acop acoq acoo = oqp
qgg acoo acoq acop = ghb
qgh = xcz
qgi = yyc (njy tga)
qgj acoo = brq
qgk = llv dwn
qgl acoq acop acoo = wtz hyj
qgm acoo = nuh mmz dmi pwk
qgn acoo acop = oyu
qgo acoo acop acoq = rwo fav
qgp acoo = wev
qgq acoq acoo acop = mnp
qgr acoq acoo acop = xby ghe
qgs acoo acop acoq = kum mot hep pzh
qgt acop acoo = aaaq abfy cou wjw
qgu = emv
qgv acoo = eta
qgw = phl
qgx acoo acop = jdm wam
qgy = ewa
qgz acoo = evg baj
qha acoo = fly
qhb acop acoo = pct
qhc acoo acop = lji mjp qom
qhd acop acoo = zmn lxd aaiz xhm abzq
qhe acop acoo acoq = aez hgc xbx
qhf acoq acoo acop = yzv
qhg acoo acop = jnb
qhh acoo acop = cpu
qhi acop acoq acoo = jtq
qhj acop acoo = deo
qhk = fko xwn jim
qhl acoo = jxh bwp
qhm acoo = aabv
qhn acop acoo acoq = afu
qho = rjb
qhp acoq acop acoo = lyg wtm
qhq = gms
qhr = bua rvq
qhs acop acoq acoo = ctn
qht acop acoq acoo = rip
qhu acop acoo = yme tll gen
qhv = ywj
qhw acoo = wui
qhx acoo = mbd
qhy acoo acop = nas axb oyu
qhz = abpm (drk wub)
qia acop acoo = wi
qib acoo = slh
qic acoo acoq acop = vzu hob
qid acoo = xjs (pux dt)
qie acoo = fwg
qif acop acoo acoq = wvu
qig acop acoo acoq = rpe xhg (pey iws)
qih acop acoq acoo = ptx
qii acoo = gbv vzh
qij = hds jpd wab jmp ypv
qik acoo acop = aaad
qil acoo acop = tyj abrt abhh swn
qim acoq acop acoo = tpr lct
qin acop acoq acoo = vqe mcq lju
qio acoq acoo acop = acko qvc ytp jpr lcg
qip = cso pzw
qiq acoo = aboz jqm fvu
qir = fwv
qis acoo acop = hgz
qit acoq acop acoo = tcr
qiu acoo = aamz
qiv acoo = udj vdi
qiw acoo = tiy kga kkl fvb ksi
qix = tjq
qiy acoo = srd xgi
qiz acop acoo = joj aavc
qja acoo acop = wbd
qjb acoo = qmz wlt fru nyu
qjc acoq acoo acop = oky
qjd acop acoo = qgt fxp mun
qje = tkt
qjf = aro
qjg acop acoo = fyv bcc aft
qjh acop acoo = iiv wek oex gru
qji acoo = bxe juj
qjj = ljx
qjk acop acoo = nv
qjl acop acoq acoo = bkz
qjm acop acoo acoq = ablt
qjn acoo = buh
qjo = ezu iap
qjp acop acoq acoo = ghj kqq
qjq acop acoq acoo = jl
qjr acoo = uph
qjs acoq acoo acop = rwj
qjt acoo = aacj
qju acoo = jjd qhn
qjv acop acoo acoq = oxk aary aazn pcl
qjw = fuf
qjx acoo = abrr
qjy acoq acoo acop = osc bhj cbv
qjz acoq acop acoo = zku tjp vaj pzf zeg
qka acoo acop = ord imm qae
qkb = bkt
qkc acoo acop = jsc xzp qrd
qkd acoo acop = acnn
qke acop acoo = afy
qkf acoo acop = zlw vmt
qkg acoo acop acoq = qgw ouq ik ktw
qkh = dor bkc bze
qki acoo acop acoq = zav tiu
qkj = acfg gfw mcr eut
qkk acoo = ljs
qkl acop acoo = tig mzm
qkm acoo acop = wyj hgh exk
qkn acoo acop = flo abrx
qko = gqd nnu
qkp = szm quz
qkq acoo = dgl
qkr acop acoq acoo = weh sji
qks acop acoo = kob vkv
qkt acoo = usb
qku acoo = bkm uyp
qkv acoo = bvf
qkw acoo acop = bfq
qkx acoq acoo acop = zvd ulh
qky acoo acoq acop = usb zgg acjp
qkz acoo = j iwp cpr
qla acoo acoq acop = bqm bl ivc
qlb acoo acop = zmo
qlc = qra
qld acop acoo = mur cah
qle acoo = jbt ooi dcb drz qes
qlf acoo acop acoq = ldo
qlg acoo acop acoq = dqn srp
qlh = zry
qli = abmu typ vci ul
qlj acop acoo = vfu tdj
qlk acoq acoo acop = jjg jnq cbf uvk
qll acoo = ndn
qlm acop acoo = abcp
qln = cjv gvj cob kkf
qlo acop acoo = wfg
qlp = ajm loa wcb
qlq acoo = koh
qlr = vvr
qls = flr drb lzy eon
qlt acoo = cbh uwq
qlu acoo acop = sal iuv abzk
qlv acoo = iad
qlw = keq
qlx acoo = etl
qly acop acoq acoo = kee nev
qlz acoo acop = wsc
qma acoo = ilc
qmb acop acoo = hjq
qmc = bgz
qmd acoo = qwo
qme acoo = nuf
qmf = xmm
qmg = ig ukw cmh
qmh acop acoo acoq = eor
qmi = sch vly jxa
qmj acop acoo = aaka
qmk acoo acoq acop = yxm
qml acoo acop = abjg
qmm acoo = gni
qmn = jhw pdo
qmo acoo = ehu
qmp acoo acop = prl
qmq acop acoo = uys vxh
qmr = aama jbl
qms acoo = tgv
qmt acop acoo = sjj hyj jii ed
qmu = xlw zpi gna
qmv acoo acop = gnt zot
qmw acoq acop acoo = lbq
qmx acoo = abwv dap
qmy acoo acop = joo
qmz acop acoo = nbg rls
qna = kkc
qnb acoo = fjg wjy
qnc acoo = kps rom vli
qnd acoo = ebf yhp
qne acoo = iyr
qnf acoo acoq acop = xsb
qng acoo = ofp sh
qnh acoo acop = itj ttv
qni = rqo rch
qnj acoo acoq acop = ihx lmu aazd
qnk = uqm
qnl = jfl
qnm = lvl
qnn acop acoo = fde
qno acoq acop acoo = xxq fta ztu
qnp = tlk
qnq acop acoo = tiv mai oyt nsb
qnr acoq acoo acop = uyq
qns = smz (nrj ljz)
qnt acoo = qjp zo xaf
qnu acoo acop = uvo
qnv acop acoo acoq = glb
qnw acoo = iec hgj
qnx acoo acoq acop = zbw nxu elo
qny = pdp
qnz acop acoo = pss vgz jph jpc
qoa = cet
qob acoo acop acoq = ptg
qoc acoo acoq acop = ryr tpt dlt hhv
qod acoo = vna
qoe acop acoo = ivr
qof acop acoo acoq = cth czt bsw dvp ure
qog acop acoo = swo
qoh acop acoo = vbr
qoi acop acoo acoq = hor sro jcr dbd
qoj = wyr
qok acoo = tcz
qol acoo = uki
qom acoo acop = gbo qxo viv
qon acop acoo = wzp
qoo = pca
qop = nci kdw
qoq acoo acop = tqv
qor = sdf
qos acoo acoq acop = kc
qot acoo = gro itv
qou acoo = vol zbf
qov = ajt aamg bzk
qow acop acoo = hdx
qox acop acoo = srp
qoy acoo = hep
qoz acop acoq acoo = qmq
qpa acoo acop = mkb hep
qpb acoo = fte
qpc acoo acop = nfq
qpd acoo = qnx
qpe acop acoo = utj
qpf acoo = rje oru lgu fae rvn
qpg acoo acop acoq = hsl ubp mul bwc
qph acop acoq acoo = uda fmb rrv
qpi acop acoo acoq = dgt iac
qpj acoo = ahn
qpk acoo = ylv sou uvi
qpl acoo acoq acop = irc
qpm acoo acop = dme
qpn = njd
qpo acoo = mdm
qpp = abyk spx
qpq acoo = qcx gto
qpr acoo = srp
qps acoo = cok amp rsh ozy
qpt acoo = kpt
qpu acop acoo = kwz
qpv = abgx
qpw acoo = avi aawu jkb hyc huv
qpx acoo acoq acop = pbb gzs zch jvs
qpy acoo acop = wgk ovp
qpz acoo = qno
qqa acoo = xem aagf
qqb acoo = wmc
qqc acop acoo = rsk hlv
qqd acop acoo acoq = zvk vzc pii
qqe acoo = ouz mhm
qqf acoo = srx zzw fuc
qqg acop acoo = rmt ybl
qqh = aka hjj
qqi = zes aact
qqj acoo acop = ctb
qqk = hct (eto uws)
qql acop acoq acoo = sja
qqm acoq acoo acop = tmp
qqn = uss tmh
qqo = sqh lul
qqp acop acoo acoq = aso apn
qqq acoo acop = fag zdh
qqr acop acoo = cyz
qqs acop acoo acoq = pxt
qqt acop acoo = mpn ker uvn ewt
qqu acop acoq acoo = uhe
qqv acoo acoq acop = abwv fdt
qqw = dst tpw
qqx acoo = irz
qqy = cht
qqz = ebx lwp jks
qra acoq acop acoo = qbv nmo
qrb acoo = nob
qrc acoo acoq acop = kpt ztz eah oqp aby
qrd = bbk
qre = npf
qrf acoo acop = abbk (azu hni)
qrg acoo = zt
qrh acoo = acmk sjv
qri acoo = ifc
qrj = xav
qrk acoo acop = tzp
qrl acop acoo = cwr
qrm = acnq
qrn acoo acop acoq = qar
qro = qcq
qrp = vxu
qrq acoo = efb acbd kqw twm
qrr acoo = lst
qrs acoo acop = jyo (gjs ipu)
qrt acop acoq acoo = tgg yua
qru acoq acop acoo = qwx
qrv acoq acop acoo = aahf
qrw = pnh
qrx = xlc r
qry acop acoo = blm
qrz acoo = abqk
qsa acoo acoq acop = ojh tn
qsb acoq acoo acop = ill xpv
qsc = txc koy hao nqp
qsd acoo acop acoq = eea tib
qse = dmk
qsf acoo acop acoq = ubw fey anp
qsg = ycp trt ymh
qsh acoo acop acoq = aaih
qsi = dik
qsj = vl ece
qsk acoo = zzh
qsl acoo acop = gme
qsm = accu
qsn = abog oxn
qso acoo = bhg
qsp acop acoo = qhh
qsq acop acoo = aaev ttp aauh uxz zkh
qsr acop acoo = sqg hsa euy
qss acoo acop = gks hny uge gfg
qst acoo = bwr
qsu = nic ele
qsv acoo acop = jnw
qsw acoq acop acoo = bc
qsx acoo = edm
qsy acoo = jvq bbe abwi
qsz = jfc
qta acop acoo acoq = ys
qtb acoo = wrt
qtc acoo acop = jhq dmd
qtd acoo = bnq
qte acop acoo = xok row
qtf acoq acoo acop = nn
qtg acop acoo = aavc lim
qth acoo acop acoq = jke uno
qti acoo = aarm
qtj acoo = nqg
qtk acop acoo = gye (hpn lfu)
qtl acoo = lam vmw rfl
qtm = yqc
qtn = ioc ycm uhu
qto acop acoq acoo = rle
qtp acoo = fqo
qtq = nlk jik
qtr acoo = qty
qts acop acoq acoo = zjd nxq acml
qtt acoo = fbe okv abjt
qtu acop acoo acoq = aaxr qxh hen
qtv = kxy gvg
qtw acoo = yux
qtx acoo acop = lgh
qty acoq acop acoo = qwq
qtz acoo = rzt
qua acoo acoq acop = iaf
qub = him
quc acoq acop acoo = zim iit mhe pow
qud acoo acop = bzo
que acop acoo = psh ytr pit
quf acop acoo = achz
qug acop acoo = gfo xii ixf etz
quh acoo = cum cdc
qui acop acoo = wzk
quj acoo acoq acop = zzx
quk = jvj
qul = abmy oiu
qum acoo = mlp xgp
qun acoo = zvm vzc gkk xyy
quo acoo acop = zql
qup acoo = qci ixk
quq acoo = qls
qur = wor rqn
qus = pum
qut = kwa
quu = yxm
quv = zsk
quw acoo acop acoq = sdl
qux = zit seh
quy acop acoo = flo
quz acoo = grk
qva acoo acop = mix
qvb acoo acoq acop = enp mmu
qvc acoo acop = nxx feg nuz
qvd = fie
qve acoo acop acoq = aanm hgw
qvf acoo = rrg tpn
qvg acoo = gcx szm
qvh = lts aatw jmc xej
qvi = kyl
qvj acoo = qby whz npb jhm
qvk = qto
qvl acoo acop acoq = oqy zpl zsk
qvm acoo = soh
qvn acoq acoo acop = nhp
qvo acoo = ntz qry pow
qvp acop acoo acoq = iyw
qvq = utt
qvr acoo acop acoq = bvz
qvs acop acoo = xxu
qvt acoo = abdh
qvu = fyy gyy
qvv acop acoo = jwn azz
qvw acop acoo = qeh
qvx acoo = umh fel achv mzp
qvy acoo acoq acop = ptt lae
qvz acoo = lps
qwa = tzp
qwb = ghl bqo ndl
qwc = raq qct skz
qwd acop acoo acoq = kzf
qwe = dmw
qwf = gew
qwg acoo = wpn ebw
qwh acoo = zar
qwi acop acoo acoq = lhk uqf
qwj acoo acop = hgr prc
qwk acoo acop = xad
qwl = yrc
qwm acoo acoq acop = for
qwn acoq acop acoo = aao aclq
qwo acoo = xdg aen
qwp acoq acop acoo = mir
qwq acoo acop = asp
qwr = hbc sw bxu
qws acoo acop = tln lzk
qwt acoo = byo
qwu acoo = bkf
qwv = pew
qww acop acoo = pug
qwx acoo = dvs har
qwy acop acoo acoq = pwb
qwz = bre
qxa acop acoq acoo = nrb lsn
qxb = vfu des
qxc = ablc
qxd acoo = sfi laj
qxe = gzx
qxf acop acoq acoo = bkj
qxg acop acoo acoq = ztb zxl
qxh = vfo ijz xbd tjn zar
qxi acop acoo acoq = lda
qxj = vk
qxk acoq acop acoo = ztv abaj
qxl = pgv pzs
qxm acoo acop acoq = gqu
qxn acoo acop = sgp
qxo acop acoo = wxw
qxp acop acoq acoo = kwp arb tch
qxq = wwd
qxr acoo acoq acop = slj
qxs = wgu
qxt acoo = aavt
qxu acoo = vka
qxv = tuf xha drs (fuu vou)
qxw acop acoo acoq = lvd ftm
qxx acop acoo = aais uq
qxy acoo = hf aboy
qxz acoo acop = msc scm
qya acoq acoo acop = ymn
qyb = asf
qyc acop acoo = lja
qyd acop acoq acoo = agv
qye = rcx
qyf acoo acop = mwf
qyg acoo = mbp ho fwf bzc
qyh acoo = absq tml
qyi acoo = kxx
qyj acoo = oqj qeu srj azq
qyk = pyr
qyl acoq acoo acop = xft dii
qym acoo = vkm dpc ubt
qyn acoo = acjs
qyo acoo acop = ryx
qyp acop acoo = aamz
qyq acop acoo acoq = ihq yvo
qyr acoo = wal wqt
qys acop acoo acoq = zup jax
qyt acoo = aiy ocm yuh
qyu acop acoo acoq = mld
qyv acop acoo = qde
qyw acoq acoo acop = ayo mqj acoo rpg
qyx acoo = nva xrk
qyy acoo = sk
qyz = gjj mxe
qza = or
qzb acoo = yws epo ypj
qzc acop acoo = abry
qzd acoo acop acoq = zzk
qze acoo acoq acop = hvl
qzf acoo = bzs
qzg = zvt
qzh = dej zwr aas
qzi acoo acop = abxl oof
qzj = vnv ugo vrm
qzk = cbr
qzl acoo = fqu
qzm acop acoo = ism hds euk
qzn acoo acop acoq = xfz ent fmv
qzo acoo = dfw
qzp acoo = vdh hvx
qzq acoo acop = voa
qzr = ncs
qzs acoo = off jmc
qzt acoo = xal ygj vtl vey
qzu acoo = glz
qzv acop acoo = poa
qzw acoq acop acoo = coc hcm
qzx acoo acop = ymp vin mfc
qzy = vjm ydv kto
qzz acoo = cta acfx
raa acoo acop = exw mwt
rab acoo = sjj
rac acop acoo acoq = uxt (jui afj wht) pip
rad = djd
rae acop acoo acoq = msf
raf acoo = uwu bup
rag acoo acop = acbr
rah = usr
rai acoo = zpj vvs
raj = gcj ajb
rak acop acoo = vdo
ral acoo = qbf dcu
ram acoo = gyg
ran acoo acop acoq = jvs acli pjp
rao acop acoo = iyo
rap = icr
raq = pxf lmm mby qjg
rar acoo = fpe
ras acoo = xuq des
rat = wwh (abyx kwo)
rau acoo acop = dlw
rav acoo acop = prc xbk cym aapw
raw acoo = fow
rax acoo acop = yta
ray = nst
raz acop acoo = xhi
rba acoo acop = vof gwe
rbb acoo acop = emw aaye
rbc acop acoo = msv
rbd acoo = nbq kcw
rbe acop acoo = abbf
rbf acoo = mib eob qxx
rbg acoo = aapl gsl
rbh acop acoq acoo = qqe lbe msu
rbi acoo = jzc
rbj acoo acop acoq = sfe zo dsg
rbk acop acoq acoo = uzo bfd aalt akk
rbl acoo acoq acop = icm
rbm acoo acop acoq = gyl
rbn acoq acoo acop = vpu grh tro
rbo acoo = em
rbp acoo = vyq
rbq acop acoo = qno qlf
rbr acoo = gnv
rbs = stf
rbt acoo acop = sme jcy jzn nsq
rbu acop acoo = xxp
rbv acop acoo = lbl yfe
rbw = ff tap gtl
rbx = pnr
rby acoo = dtw
rbz = esg
rca acoq acoo acop = jfx mig
rcb = oob xrb
rcc acoo = jxk
rcd acoo acop = bep
rce acoo acop = pjk abxe
rcf acop acoo = deh
rcg acoo = aqv
rch acoq acoo acop = tqh
rci acoo = ysx uwa
rcj acoo acop = zmi
rck = ppy svx whq
rcl acoo = rga
rcm acoo = ddj
rcn = oyn
rco = ibr
rcp acop acoo acoq = qjk
rcq acoo = sgm gen zuv
rcr acoq acoo acop = pkh
rcs acoo acop acoq = bjz yev kce
rct = tjq
rcu acoo = aavq
rcv acoo = lve
rcw acop acoo = dgu bac
rcx acoo = juc qxb oqj
rcy acoo acoq acop = rxd
rcz acoo acop = gtx ars
rda acoo acop = pgg xpu
rdb acoo = khl
rdc = nlr
rdd acoo acop = teq eeq izk
rde acoo = abvr yne emq mxf
rdf acoo acop = gie
rdg acop acoo = tbh
rdh acoo acop = vbg
rdi acoo acop = dyy ogz idj
rdj acop acoo = rpp
rdk = ivo
rdl acoo acop = cfz idn
rdm acoo = ilp
rdn acoo = amo
rdo acoo acop acoq = qxr qra
rdp = jyg aabf
rdq acoq acop acoo = qxe
rdr = xj abwe gfy
rds acoq acoo acop = elb qhl gpy wpp
rdt = xnk
rdu = dvw iba
rdv acop acoq acoo = qxr
rdw acoo = cag
rdx = idv
rdy acoq acoo acop = yvy wel
rdz acoo acop = gbl ory tyc
rea acoo = wfe
reb acop acoo = xjg arb gix
red acoo acop = hkf
ree acoo = ank hhe
ref acop acoo = dkm
reg acop acoo = pcb str
reh acoo acop = sae aaxx
rei acoo = bkq fsr kpf
rej acoo acop = exk
rek = pxe kuh dfm scs bnj
rel acoo = owf
rem acop acoo = nih yzz
ren acop acoo = xpw yiv hiy
reo acoo = tbm wmz tsi
rep acop acoo acoq = cva
req acoo = fzn dcx owh
rer acoo = n tip
res acoo acop = ync
ret = lhi qhr ale
reu acoo = ave
rev acoo = gax
rew acoo = gpc
rex = vno
rey acop acoo = qhk gxk
rez acop acoo = wyq kk
rfa acoo acop = kan pao
rfb acop acoo = anu
rfc acoo acop acoq = lyo mna gsl atg
rfd acoo = hay hyb
rfe acop acoq acoo = ngo (dbp afn) vty
rff acoo acop = yyr
rfg = dui
rfh = vgj
rfi = mip vgu aei lop
rfj acoo = hrx
rfk acoo = hfm
rfl acoo acop = rmp kmr bok
rfm acoq acoo acop = qqx hzq jqk
rfn acoo = aaai
rfo = otm aaav
rfp acoo acop acoq = uwo acfy
rfq = kwl
rfr acop acoo = xgt min pqt
rfs = xhq
rft acoo acop acoq = yit
rfu = blw bal
rfv acop acoo acoq = abzp
rfw = pmt
rfx acoo acop acoq = oty
rfy acoo acop = dpa zvs
rfz acoo acop acoq = yoj
rga = yjg
rgb acoo acoq acop = aapx
rgc acoo acop = mon
rgd acoo = ghq ihp
rge acoo = lui
rgf = ihu qma
rgg = mzs juj
rgh acoq acop acoo = uit
rgi = qhd
rgj = tuy
rgk acop acoo = hkk
rgl acop acoo = vgp qiu rnr grv
rgm acoo acop = vfy
rgn acop acoo = edd
rgo acoo acoq acop = was zww cco
rgp acoo acop = erq nhp bnn
rgq = abxz
rgr = kcv (knj yzw)
rgs acoq acoo acop = jlb
rgt acoo = acht zde
rgu acop acoo = ohy
rgv acoo = jqu
rgw acoo acop = ozi
rgx acoo = chh
rgy = zkg mgg tmj abej
rgz acop acoo = omw
rha = aawi
rhb acop acoq acoo = mly
rhc acoq acop acoo = fgm
rhd acop acoo = aaa
rhe acoo acop = uke
rhf = qud
rhg = qdg ciq
rhh acop acoo = pwp
rhi acop acoo = rbt
rhj acoo = muc hsj
rhk acoq acoo acop = aaas
rhl acop acoo = aca ric
rhm = wzw
rhn = wvi
rho acoo = gpw eoq fox
rhp acoo acop = bhb ery
rhq acoq acoo acop = yfo
rhr acoo = ieh tiw
rhs acop acoo = lgd qhn
rht = vcx
rhu acop acoo = llh sgt
rhv acoo acop = xsc
rhw = erp twu
rhx acoo = btr
rhy acoo acop = ylo rig him aaou
rhz acoo acop = ulp dzb
ria acoo acop = kvm
rib acoq acop acoo = aia
ric acoq acoo acop = aum
rid = nnf
rie acoo = ixv
rif acop acoq acoo = mra mrk uch ulr
rig acoq acop acoo = emg (sca lgi)
rih acoq acoo acop = yfp rpz zfp rew
rii acoo = jdg abzu
rij acoo acop = kfw
rik acoo = bje
ril acop acoo = qxj vxt iqc
rim acoo acoq acop = fb
rin acoo = sek
rio acoo = sba
rip acoo = elh
riq = ait wyk
rir acop acoq acoo = bfa
ris acoo = lq
rit acop acoo = enm
riu acoo acoq acop = rzu
riv acoq acop acoo = ufu
riw = acex abwc
rix acop acoo = vna
riy acop acoo = trk obg jei
riz acoo acop = wkp ab fjt kth
rja acop acoo = lna
rjb = jrc jri bkx jfb tms
rjc acop acoo acoq = xbe
rjd acop acoo acoq = dvt abrq
rje = zln
rjf = qdm
rjg acoo = uav
rjh acop acoo = abtq wkx
rji acoo = abxv mqa
rjj acop acoq acoo = urm
rjk = csq
rjl = ivn
rjm = nua nka abyp zet
rjn acop acoo = hif ifk
rjo = vit lsn
rjp = ffg aaba mdd aaal
rjq acop acoo = bfi wfv xdn
rjr = ruo
rjs acoo = mxu
rjt acoo acoq acop = ikn yqf chj msg
rju acoo = fkf iuf szv
rjv = ulh
rjw = stx
rjx acoo acop acoq = vnv asp
rjy = lsp oqs ka
rjz = ltk xzv
rka acoo = yri wdb dgn
rkb acoo = lce
rkc acoo acoq acop = awc okh wof
rkd = gn
rke acop acoq acoo = eru jlc kno
rkf = clc aoi pjt
rkg acop acoo = nnr eaf
rkh acop acoo = vyd
rki acop acoo acoq = ahz ila qub ezm
rkj acoo = run ndx lio
rkk acoo = qxj hea
rkl acoo = thr
rkm = jcx
rkn = fiu
rko acop acoq acoo = pxk lnl euj
rkp acoo acop = swb tie
rkq acoo acop = jtx
rkr acop acoo = mdq glj cjp nbt wlu
rks acoo acop = pje
rkt acoo = ijp fvp
rku = lbu
rkv acoo acop acoq = krv
rkw acoo acop = aagj
rkx acoo = zsu bjz iag obn
rky = beb
rkz acoo = jrb bbv ul
rla acoq acoo acop = cqa
rlb = iyy hmu
rlc acop acoo = fuo
rld acoq acop acoo = bwx
rle acoo = acbs
rlf acop acoo = qus
rlg acoo acop = xhe
rlh acop acoo = qfb
rli = aajb
rlj acop acoo = ztj edc acgw kqw abii
rlk acoo acop = fgl
rll = bzf
rlm acoo = bk biz dzj
rln acop acoo acoq = tnn nwy
rlo = hxh
rlp acop acoq acoo = aarl cdc uyq
rlq acoq acoo acop = bez
rlr acop acoo acoq = xdn tht
rls acoo = edp jrm ycr
rlt acop acoo = ewn
rlu acoo acop = zzg
rlv = rus
rlw acoo = ttw vtc
rlx acoo = xpk kcs msb hpo
rly acoo acop acoq = qzh vzz
rlz acoo acop acoq = ezl snz nlp qzb
rma = kcz
rmb acop acoo acoq = aqc
rmc acoo = cug
rmd acoo = cut orc
rme = acjx
rmf acoo acoq acop = ufq
rmg acoq acop acoo = nnp jbm ujw hzd
rmh acoo acop acoq = seh dck
rmi = ure wlu gbk
rmj acoo acop acoq = rbo
rmk acoo acop = ttj
rml acop acoo = ntt
rmm acop acoo = nbt znq orn reb
rmn acoo = acdy twk
rmo = kgh
rmp acoo = zdw xpk
rmq = lav (il ypq)
rmr = nna
rms = zfv eqi prx vbe
rmt acoo = xfv
rmu = lei
rmv acoo = ufi
rmw = tgr
rmx acoo = cto aif
rmy = pz
rmz acop acoo = jes
rna acop acoo = cgr
rnb acoo = wjs auo
rnc acoo = ysn
rnd acoo acop = mfz
rne acoq acop acoo = ytg bcl aff
rnf acoo acop = aeh
rng acop acoo = spu
rnh acoo acop = vpi lmy ghr
rni = aeg
rnj acoo acop = kuo txa myi
rnk = jfe
rnl = ier
rnm = zeo
rnn acoo acoq acop = xtk cwa
rno acoo acop = enm
rnp acoo acoq acop = uyi
rnq acoo acop = atg
rnr = muj
rns = rku jzw ncn ckg
rnt acoo acop acoq = uql
rnu acoq acoo acop = sof
rnv acop acoq acoo = jfs
rnw acop acoo = gtj
rnx acop acoo = abm aaia fzy adj
rny = snj
rnz acop acoo = ldb
roa acoo acop = srq
rob acoo = bpw
roc acoo = jbk icm sxj pox rws
rod acop acoo = zgj
roe = nrh ght acjc
rof acoo acoq acop = hxm
rog acoq acop acoo = wdq
roh = xei jij flj vzb
roi acoo = wjo fno efd pbu
roj = fyq
rok acop acoo = aame kz
rol acoo acop = adp hyg
rom acoo acop acoq = iam fea
ron acoo = aavm abek
roo acop acoo acoq = yqf
rop acoo = uay
roq acop acoo = zle
ror acoo = aajj
ros = lxk
rot = abql aed
rou acop acoo acoq = kub
rov = abhu
row acop acoo acoq = abmk
rox = abjw
roy = qud
roz acop acoo = ya
rpa acoo acop = buv (bmi lrz)
rpb = eat
rpc acoo acop acoq = tqx ale vei
rpd acop acoq acoo = kpb
rpe acop acoq acoo = wyk
rpf acoo acop = qam
rpg = kmg dso okg mve
rph acoo = bw ofu gc gau guv
rpi acoq acoo acop = qoz
rpj acoo acop = alf
rpk = flj
rpl = ohq wne aakg
rpm acoo = aahf aahu
rpn acoo = pjh
rpo acoo = cpm
rpp acoo = ndl xtq
rpq acop acoo = poc vkm
rpr acop acoo acoq = hvn acef acht
rps acoq acoo acop = tcj wzb
rpt acop acoo = tnj
rpu acoo = ycw ykt
rpv acoo = amp ebf
rpw acoo = cpo
rpx acop acoo acoq = gtv
rpy acoq acoo acop = kem
rpz = jba lhx
rqa acoo = mvu
rqb acop acoo = hbc pyo oxm
rqc = urf dim
rqd acop acoo = aox xbr
rqe = kc ozk yz
rqf acoo = aclh
rqg = bob
rqh acop acoo = vht whu wvn
rqi acoq acop acoo = mxe
rqj = xy uyl
rqk acoo = gom
rql acop acoo = mys tdc acjb zmq
rqm acoo = mmk pyf rpd and khg
rqn acoo acop = vnt
rqo acoo = qkt
rqp acoo acop = ess
rqq = pgx sjj
rqr = obi aro lrz
rqs = dyl
rqt = stk
rqu acoo = ckp
rqv = ibb
rqw = ymh xf
rqx acoo acoq acop = hck
rqy acoo = umz xox abxq (aajw ftm)
rqz acoo acop = enb
rra = ass fyc vam ynd
rrb = new
rrc acoo acoq acop = ca
rrd acop acoo acoq = boc qrj tba aabg
rre acop acoo = jkk ppg
rrf acoo acop = yna
rrg = sdw
rrh acoo = aaif wkr
rri acoo = rbr
rrj acoo acop = dja cvp gjt
rrk = nan cwb
rrl = gom osa
rrm acoq acop acoo = uhc ygc
rrn acoo = tza (eay owt)
rro acoo = aau
rrp acoo = prz
rrq acoo = wol qif rjd
rrr = oaf nkm cqu
rrs = gkk
rrt acoo = lrm
rru acoo acop = yto
rrv acoo = xyd mzt nkw mol
rrw = aapc
rrx acoo = zd
rry acop acoo acoq = jqb myb bwt
rrz = xiz
rsa = ksp
rsb acoo acoq acop = pnr
rsc acop acoo acoq = kjh rnq kpi
rsd acoo acop = aaey
rse acop acoo = heh ziq fxo acea thh
rsf acoq acoo acop = fvb
rsg acoo acop acoq = jjn
rsh acop acoo acoq = sgy
rsi = hhb obb mxv edq cex
rsj = nbj
rsk = nkp
rsl = aauj
rsm acop acoo = abeb
rsn acoo = ign aow
rso acoo = yxp
rsp acop acoo = djb khl aaxs xvl
rsq acoo acoq acop = yxd
rsr acoo = xyi aux iro vgg
rss acop acoo acoq = xpo fcp
rst acoo = aamf
rsu acoo acoq acop = jfs
rsv acop acoo acoq = aavw aaoo twb
rsw acoo = usf bje
rsx acoo = uya uhg ycj
rsy acop acoo = aafu rbb
rsz acoo acop acoq = ablw giz mrn
rta = snm
rtb acop acoo acoq = mve
rtc acoo = vie hhm (yzw elm)
rtd acoo acop = cdw
rte acoo acoq acop = una
rtf acop acoo = ybp onu
rtg acoo acoq acop = bby frf
rth acoq acop acoo = hsy
rti acoo acop = wzk
rtj acop acoo = zwy
rtk acoo acop = nig abln nye
rtl acoq acoo acop = kde
rtm = jbo (ntf vow)
rtn acoo = aack jqc abbe
rto acop acoo = tin gkh wes
rtp acoq acoo acop = thh
rtq acoq acoo acop = ihl iem
rtr acoo acoq acop = eju
rts = sxk
rtt acoo = wjt
rtu acoo = ipc nws ofl
rtv acop acoo = pjh
rtw acop acoo = jso
rtx acoq acoo acop = vug
rty acoq acoo acop = aoi rop
rtz = kky nup qgt vvq ezh
rua acoo acop acoq = abxb
rub = kma iiv zax
ruc acoo acoq acop = dsm bfl ben
rud acop acoo = hie
rue = lv fzv yur cyl
ruf = grz xf qvt nxl
rug = gwe
ruh acoo acop = ofh
rui acoo = gjm
ruj acop acoo = ydn
ruk acoq acop acoo = mub
rul = isu (aayd abya gfj)
rum acoo = xnt ase dwp fpr
run acoo = jjn
ruo = umq ja (pqr zuy)
rup acoo acop = dxn nbz xxc ief
ruq acoo acop = rzy abnp
rur acoo acoq acop = jwh
rus acoo acop = niy
rut = hfs dos (aaa gfb)
ruu = cew
ruv acoo acop = qaa
ruw acoo acoq acop = zos
rux acoo = eev mal
ruy = gox
ruz acoo = zzy abhr ifm
rva acop acoo = vmb dws fzz
rvb acoo acop = rsd
rvc = jzi fxp bbe
rvd acoo acoq acop = svd
rve acoo = sp nxm
rvf acoo acop = nmy
rvg = rfk xso
rvh acoo = qbr mqn oqa
rvi acoo acop = sdh
rvj = luk
rvk acoq acop acoo = okt zma pjg
rvl acoo acop = pcq
rvm acoo = huw now lzh
rvn acoo = aaux
rvo acop acoo = utg
rvp acoo acoq acop = wyh
rvq acoo acoq acop = owk vxz hil
rvr acoo acoq acop = ekn lng
rvs acoo acop = hvl
rvt = hpx
rvu acop acoo = snn woh txs oys vlv
rvv acop acoo acoq = zit
rvw acoo = vzh
rvx acoq acop acoo = brs vlz jzh
rvy acoo = dai
rvz acoo = dns
rwa acoo = cfh
rwb acoo = blg
rwc = lcv ank
rwd acoo acop acoq = hvk
rwe = jtr
rwf acoo = abdh dyx
rwg acoo acoq acop = kli lk aaob
rwh acop acoo = ilx wvv ccx yjf
rwi acoq acop acoo = oxx
rwj acoq acoo acop = pqd
rwk = pvv xhb wfy lme
rwl acoo = aaqk edg gwk
rwm = izx
rwn acoo = bax qvo
rwo acoo = zzf
rwp acoo acoq acop = jli usg
rwq acoo = ngm
rwr acop acoo = mjb
rws acop acoo = jat
rwt = ega
rwu = bus
rwv acoo = igj
rww acoo acop = acde mtd xmh
rwx acop acoq acoo = qrc yax tew okn
rwy = xyc scr
rwz = vfa
rxa acop acoq acoo = jrv ocu zfs ame
rxb acoo acop = abxi fhq gkd
rxc acoo = emc
rxd = okn
rxe acop acoo = abkl nmt dlp
rxf acoo = cgc ora acmf
rxg acop acoq acoo = epe
rxh acop acoo = boy
rxi acoo = awu
rxj acop acoq acoo = ofp
rxk acoo acop = szf
rxl acoo = tmp (ahc accr)
rxm acoo acop = adb
rxn = yaq
rxo acoo acop acoq = ykn abnq (ifx abzf)
rxp acoq acoo acop = cqw pli
rxq = wpl aaca gdl
rxr acoq acop acoo = kba esu
rxs acoq acop acoo = naw z
rxt acoo = myp vlw iad bmh
rxu acoq acop acoo = ugw
rxv acoo = urf
rxw acoo = pgb ytu hic
rxx acoo acop = loz
rxy acop acoo = esu (yvf gaq)
rxz acop acoo = fhx (tte vfo) myo gei
rya acop acoq acoo = inx voz aoh
ryb acoo acop = xri
ryc acop acoo acoq = mli
ryd acop acoo = pts guf
rye acoo acoq acop = zse veb cib
ryf acop acoq acoo = hno
ryg acoq acop acoo = dmp
ryh = afy
ryi acop acoo = ww
ryj acoo acop = vqa
ryk = itx
ryl acop acoo = aazj
rym acoo = aaqz
ryn acoo = ulb
ryo acop acoo = yf axy
ryp acop acoo = aadc
ryq acop acoo acoq = aclq
ryr = ocf
rys acop acoq acoo = ocn
ryt acoo = oue
ryu acoo acop = fkx nea zwk yci
ryv = hlg
ryw acoo = akp iqz abxr
ryx acoo = whu qqv gli
ryy = sur
ryz acoo acop = frt
rza acoo = thc xbh yzm htv
rzb acop acoo = oix
rzc acoo acop = wki
rzd acoq acoo acop = qhs
rze acoo = iho
rzf acop acoq acoo = bcx yki
rzg acoq acop acoo = nrs fh
rzh acoo acoq acop = es pdy ljo ucs
rzi acoo acop = egq mmt voa jbj
rzj = yzt
rzk acoo = tep sca aarh
rzl acoq acop acoo = mbp zgu szv pwp
rzm acoo = lwy
rzn acoo = omd acei xcx
rzo acoo = eoq
rzp acoq acoo acop = ddk
rzq acoo acop = pt
rzr acoq acop acoo = aauz
rzs = inq jzg rxf
rzt acoo acop = xqn adt rhs
rzu = oga
rzv acoq acoo acop = ai
rzw acoo = pd abbf sdu
rzx acop acoo = frc
rzy acoq acoo acop = xas dai
rzz = zyx
saa = aaod
sab acop acoo = kva hrs sk
sac acoo = rpl
sad acoq acoo acop = hqt
sae = eqt
saf acoo = abrc iqf fqk nsn rzz
sag = fuk (fjk aagn) mwq
sah acoq acop acoo = vjg
sai = mbr
saj = zrv jnl ivd skc
sak acop acoo = byz
sal acoo = dbd
sam acop acoo = olt
san acop acoo = aafx
sao = urg jzp
sap = pue pf
saq acop acoo = bbe gzt xel
sar acoo = ljc
sas acoo acop = exf abx abdp (pbn ruw)
sat = heh uto
sau = gyx aaui
sav acop acoq acoo = gwa ecu xqk
saw acoo = cbg
sax acoo = aakv
say acop acoo acoq = pxa
saz acoo = ccb rhv mkx cuc
sba acoo = dmz fbv csu
sbb = mci
sbc acoo acop acoq = abhx
sbd acoo = iov
sbe acop acoo = vkh
sbf acoq acoo acop = zgc
sbg acoo acoq acop = rkc
sbh acoq acoo acop = clz wna
sbi acop acoo acoq = uab
sbj = mys (uax evf)
sbk acoq acoo acop = qmg prs
sbl acoo = lri nyz prt zst
sbm acoo acop = phf
sbn acoo acop = ruu ycj asj
sbo acoo acop = aawp
sbp = ala wny joq
sbq acoq acop acoo = abfw
sbr acoo acop acoq = lej
sbs acop acoq acoo = dva
sbt acop acoo = gjl xlb
sbu acoo acoq acop = its rdg
sbv = uzs
sbw = vnf vkp
sbx acoq acop acoo = gcr
sby acoo acop = rjn hmy
sbz = lby
sca acoo = oqn
scb acoo acoq acop = own
scc acoo acoq acop = yuv
scd acoo acop acoq = yxm
sce acop acoo acoq = aagr
scf = eei klz ies
scg acoo = uma tio nux
sch = rsn fxi ejf slw
sci acoo = liz
scj acoo acop = xbt
sck acoo acop = csf npm
scl acop acoo = tz ceh dbg rki
scm acoo acop = mub
scn acoo acop = fdb cp
sco acoo = inx
scp acoo acop = ccx
scq = dhr
scr = aeq efw
scs acoo = tmj lac knl sed
sct acop acoq acoo = wwb xkg mji qke jxo
scu acoo = otw njq eyp
scv acop acoo acoq = zsf
scw acoo = whq
scx acoo = him
scy = jes poy
scz acoo = hlz
sda = fty
sdb acoo acoq acop = co
sdc acoo = jth
sdd = rov
sde acoo = yzy rpr klw (hb rng)
sdf acop acoo = wpe
sdg acop acoq acoo = zfw
sdh = yrs ajn gyx
sdi = yuq
sdj acop acoo acoq = pox uwo abrj
sdk acoo acop = qnj
sdl = drd
sdm acop acoo = uqi
sdn acoq acop acoo = ttm wds pwj abre dnd
sdo acop acoo = acod
sdp acoo acop = dkc
sdq acoo acop acoq = gmr wos qaz ipc
sdr acoo acop = fim
sds acoo = exw
sdt acoo = ihs
sdu acoo = acl
sdv acoo = iiu aabe plu
sdw acoo acop = ccn tfz aakf
sdx = gny qm pmw uwr
sdy acoo = zpf
sdz acoq acoo acop = wze dyh
sea acoo acop acoq = dmx acnu
seb acoo = ayo
sec acoo = naq srr
sed = qyp
see acop acoo = eqj
sef acoo = amn
seg acoq acoo acop = fao rqv rlb
seh acoo = abqc
sei = ilv vkk
sej = pju ama
sek acop acoo acoq = juu psd eim abif
sel acop acoo = lqv gyw
sem acop acoo acoq = mry
sen = yfq
seo acoq acoo acop = rqj xfm vp
sep = axm
seq = aamx mzd dk
ser acoq acop acoo = aalf njv eyz
ses acoo acop = oig
set acoo acop = aff wvu
seu acoo acop = abxx ahm fjv
sev acop acoq acoo = esu aarx
sew = uyd
sex = jzj
sey acoo = yzg kvq
sez = hym uxb
sfa acoo = vvz ekf
sfb acoo = ixc
sfc acop acoo = ihd
sfd = feg wtu
sfe acoo = qyi evb gia
sff acop acoo acoq = htp lrd uye zle
sfg = jnd dcy
sfh = acgb rtl
sfi acop acoq acoo = qik (nnc odj ymw)
sfj = vry eiv
sfk acoo acoq acop = tvv
sfl acoq acoo acop = abgh
sfm acop acoo = loy xnd kng
sfn acop acoo = ivv qxk
sfo acoq acoo acop = znd
sfp acoo = yal
sfq acoo = aayw
sfr acoo acop acoq = hwi
sfs acop acoo = atp
sft acop acoo = fa
sfu acop acoo = jhr eye ocl
sfv acoo = vdv vvb
sfw = vdg
sfx = jcg yd sar
sfy = jjs
sfz acop acoo acoq = ykl svb kko
sga acop acoo acoq = qix
sgb acop acoo = abte
sgc acoo = jft
sgd acoo = ppq
sge acoo acop = xot
sgf acoo = cjr otd hlq ccd
sgg = qkm moc tcp vhx gow
sgh = xbu cyh abmc yyo
sgi acoo = vst
sgj acop acoo = hel
sgk = zeh ylm ofo
sgl acoo = nnh zog
sgm acoo = nak (ewd xvr vaw uql)
sgn acoo acop = xif
sgo acop acoo acoq = kky (tqi spt zzn)
sgp acop acoo = abpb
sgq = kwu
sgr acoo = kej czb
sgs acoq acoo acop = otm
sgt acop acoo acoq = dpd kii qpc
sgu = yaj eyq
sgv acop acoo = owc sxe
sgw acoq acop acoo = oxd
sgx = bww
sgy = ekd toj lku zig aanx
sgz = qhp
sha acop acoo = vpn vrm ivi iay abej
shb acop acoo = xrg
shc acoo = nsa
shd acop acoo = xaa
she acoo = aceg
shf acoo acop acoq = aael
shg acoo acop acoq = jau
shh acoo acop = xol yzu awx
shi = fbj vji xiz
shj = vro
shk acoo = yll bkd blf
shl acoo acop = vyu
shm acoo acop acoq = aph
shn acoo acop = ft
sho acoo acop acoq = kmi
shp acoo acop acoq = zfb
shq acoo acop acoq = vie
shr acoo = pzm
shs acoo acop acoq = zak hhj
sht = stq ysb hyo
shu acoo acop = fzl
shv acop acoo acoq = mcc oxv (zkr aaid)
shw acoq acop acoo = bqp
shx acoo = bix yku acmh fkm
shy = abrz (wvw abbo)
shz acoq acop acoo = ckr
sia acoo = ugw
sib acoq acop acoo = ifq iap
sic acoo acop = psn
sid acop acoo = jh
sie acop acoq acoo = abso
sif = iuv (eza btz vbk)
sig acoo acop acoq = jpy dg wsr vpy
sih acoo acop = ybk gao hsf pwc
sii acop acoo = rmx emv
sij acoq acoo acop = rfv
sik acoo = jxn
sil acoo acop = yil how oka
sim acoo = auf
sin acoq acop acoo = bce
sio acop acoo = bzg
sip acoo = hdi jpr
siq = kbm
sir acop acoq acoo = off aabe (jem pje)
sis acoo = fmc
sit acoo = zum
siu acoo acop = pbx
siv acoo acop = hgv
siw acop acoo = sia
six = kyc
siy acoo = zen aajg
siz = yxc egu
sja acop acoo = doh aarw eoq
sjb = fof
sjc acoo = ucp
sjd acoo = eyo
sje acoo = yad hln iov fyy
sjf = tss
sjg acoo acop acoq = acny dyt xoe oud
sjh = vuv
sji acop acoo = whd egz
sjj acoo acop acoq = zhb qul
sjk acop acoo = ijo xyn wpk moa
sjl acoo = jmu
sjm acop acoq acoo = vjg thb
sjn acoo acop acoq = qfr
sjo acop acoo = qkq fve
sjp = mly jj gwj
sjq acoo acop = kha
sjr = qye nee
sjs = du qyu inj
sjt acoq acoo acop = qto
sju acoo = zpi sve qrm tek
sjv acop acoq acoo = dng (oll jgv jhx)
sjw acoo = zez
sjx acoo = eb uzd rta
sjy acop acoo acoq = abhc
sjz acoo = iij mfk
ska = ddk aaqe
skb acop acoo = xao
skc acoq acoo acop = eoo
skd acoo = scv npz zbg aaml
ske acoo acoq acop = gki bxt iip
skf acop acoo = led tei izy
skg acoo = otx
skh = uxc wa ocn
ski acop acoo = acmg
skj acoo acop = xwf kag
skk acoo acop = nti
skl acop acoo = ila vjz
skm acoq acop acoo = fvr
skn acoo acop = quc
sko acoo acop = fue cdu gzy bnh
skp acoo acoq acop = fn hqj
skq = kry
skr = qdm
sks = rcj
skt acop acoo acoq = ppn
sku acoo acop acoq = brm yhm aboc
skv acoo = jli ks nkm
skw acoo = kub hlg
skx acoq acop acoo = zqb
sky = xwx
skz acoo = wtk hiz djn
sla acoq acop acoo = edb jwo xid scb
slb = tzg
slc acoo = tt
sld = tdw mei
sle acoo acop = lne wvl aaru
slf acoo acop = xxa
slg = hrn zpo ppk
slh = dpu ha zvd
sli acoo acop = vob
slj acoo = jtg
slk acoo acop = igp mk
sll acoo acop = sxw oxx
slm acoo acoq acop = ec
sln acop acoo = hvf ud
slo acop acoo acoq = xhh lny
slp acoo acoq acop = emm abgl
slq acoo = xlm dke dxx
slr = mgn vtd hni iza
sls acoq acoo acop = ubk (uwb ebu)
slt acoo = jxw
slu = ces imy ryb abvg abaw
slv acop acoo = vqy
slw acoo acoq acop = ciy
slx acop acoo = qne
sly = eer mic
slz acoo = pqy oop
sma acop acoo = bdq qud
smb acoo = gam
smc acop acoq acoo = qau his
smd acoo = dgr kvh
sme acoo = aaa pdm
smf = pqe
smg acoo acop = ilk
smh acoo = fci
smi = khg
smj acoo acoq acop = bdo aceo jsg har pfc
smk acoo acoq acop = xje
sml = vwj ekk gyk aajp
smm acoo = obo
smn acoo acoq acop = eva ibn
smo = jvt zcb stb
smp acop acoo = acd
smq acoo = ojr urm boh aalj
smr acoo = grt
sms = zvt
smt acoo = abtg
smu acoq acop acoo = tvd
smv acoo acoq acop = ltb
smw = tkb
smx acoq acoo acop = qxo
smy acop acoo = jwi gof qro wii
smz acop acoo = vby yqy aph
sna acoo = sef
snb acoo = hyu
snc = xvi tdx
snd acoo acop = clv dow zml fpr
sne acoo = aawe
snf acoo acop = evw fts lvl qeh
sng = idi
snh acoo = aeq dgm
sni acoo = qvm ema
snj = abnj
snk acop acoo acoq = esn
snl = acne
snm acoq acop acoo = lh ihw
snn acoo = dnl
sno acoo acop = qun abta wrf
snp acoo = ztm bla jny
snq acoo acoq acop = hqn
snr acoo = acbk uba mhn
sns acoo acop = mhb
snt acop acoo = ewl
snu = mzw vew
snv acop acoo = fpg
snw acoo = zhc
snx acoo = djp
sny acoo acop = mfy aanm
snz acop acoo = abke gnx
soa = opk
sob acop acoo = bso
soc acop acoo = geg xyh
sod acoo acop = nmf
soe acoq acop acoo = xpx
sof acop acoo acoq = rxb vxv sas
sog acoo acop acoq = abur wt
soh acoo = net
soi acoo = ufy wlx
soj acoo = gwq zua ftl pbh
sok acoo = mnl
sol acoo = ted
som acoo = neu
son acop acoo = cqc mof
soo acop acoq acoo = mmm
sop acoo = ugl (pik wua wbz)
soq acoo = txm
sor acoo acoq acop = qsl
sos acoo acop = wij
sot = asd
sou acop acoo = acdl
sov acoo acop = abqp
sow acop acoo = etk ikx
sox acoo = aalz
soy acop acoo = abjw aaut
soz acoo acop = ihw
spa acop acoo = bim
spb acoo acoq acop = vng oay (chw jqs)
spc acop acoo acoq = oms nmw (oji imo)
spd acop acoq acoo = acmq jbd
spe acoo = zpf
spf = abcn ces aauk
spg acop acoo = wum
sph acoo acop = fh qox czo abdx yvw
spi acoq acoo acop = ugh
spj acoo acop = bzj crg abij
spk acoq acop acoo = zhu
spl acoo acop = auh
spm acoq acoo acop = bod buo
spn = fbf
spo acop acoo acoq = usa gqc hij
spp = acfl
spq acoo acop acoq = kgk acbs aatv ejs
spr acoo acop = vii
sps acop acoq acoo = gjb aamb bjd aate ovl
spt acop acoq acoo = xiu hrk
spu acoo = dsk
spv acoo = uss
spw acop acoo = cbz
spx acoq acoo acop = ape txd uei
spy = icg sfn ocq
spz = kai
sqa = adb aaus
sqb acop acoo acoq = hkj uxi
sqc acop acoo acoq = ffl iac psz bnb svc
sqd = klm hzj
sqe acoo acop acoq = alm amr wwr vfz
sqf acoo = mde
sqg acop acoq acoo = vdb
sqh = nfy
sqi acoq acop acoo = dem
sqj acoo = wtb
sqk acoo = dti
sql acoo = hqe
sqm acoo acoq acop = jmw
sqn = ste
sqo = abqp utp rrs
sqp acoq acoo acop = lem
sqq acoo = kpp clk srw
sqr = ekd
sqs = nfq wxy uvr mbv blp
sqt acoo = ls
squ acoq acop acoo = ovr
sqv = thc
sqw acoo = qkh
sqx acoo = om
sqy acop acoo = fr
sqz acop acoo = jga kfd vge
sra = llq achh
srb acop acoq acoo = chv
src acoo = tlv mhj ter
srd acoq acop acoo = uzm
sre = ecr wbn aso xpp
srf acoo = mkd
srg acoo = gmh
srh acoo = fry svz hhw
sri acoo acoq acop = ttd kpl wlk
srj = dgi
srk acoo acop = glg
srl = aaio
srm acoo acop acoq = abzm
srn acoo acop acoq = abym atv
sro acop acoo = ajj
srp = eyz hqq
srq acoq acoo acop = uhs
srr acoq acop acoo = jsy tco
srs acoo = xww ftr fwa
srt acoo = oxo
sru acoo acop = ikd
srv = kbl kge
srw acop acoo = qhk
srx acoo acop = wrg ryr jiw acia
sry acoo acop = pli aasi
srz acop acoo = ndl
ssa = zzg ipa
ssb acop acoo acoq = unn
ssc acoq acop acoo = aauw
ssd acoo acop = hat
sse acoo = epu
ssf acoo = ykx (abkz xde)
ssg = sod
ssh = efy
ssi = jrm
ssj acoo = aamd aoh nel ocw
ssk acoq acop acoo = txj kur
ssl acoo = wrp qgj edm
ssm acoo = acgn bxg
ssn acoq acoo acop = hyg zvc acgk nmh yic
sso acoq acop acoo = zvb
ssp acoo = fgs
ssq = onf
ssr acop acoo = ma
sss = abbs bhg
sst = gii wxg acig rza qww
ssu acoo = gtt
ssv acoo = boj
ssw acoo = mel
ssx acoo = nwe sbu
ssy acop acoo = gei
ssz acoo = mgl
sta acoo = abxz acgs
stb acop acoo = edo faf zc syq
stc acop acoq acoo = cqk
std acoo = aaah
ste acoo acop = gch dke (ayp ffa njc)
stf = mfs
stg acop acoo = yo
sth acoo acop = exo
sti acoo acop = vux aqj
stj acoo acop = wrv
stk acoo = vgv
stl acop acoo = uvo
stm = asz
stn acoo acop acoq = hua ihd
sto acoq acop acoo = ila ybb
stp acoo = fro
stq acoo = ihj hiq
str acop acoo = muw (xbm acfc) wee acki
sts acop acoo = zgh
stt acoo acop = aadp hja lz
stu acoo acop = ch
stv acop acoo = sts
stw acop acoo acoq = ivv
stx acoq acop acoo = sox yhb
sty = pdb qkt aail wxh
stz acop acoo acoq = xzf pfy
sua = ngt
sub acoo = oxk
suc acop acoo = rsk yyw
sud acoo = qdq
sue = vlc uaz lnm
suf acop acoo = mnd
sug = qhe
suh acoo = dqg (miy uwg)
sui = acay
suj acoo acop = jxq
suk = wrf (gie mgj)
sul acoo acop = adn
sum acoo acop = yuq wxn hx mgz
sun acop acoo = zul
suo acop acoo acoq = zhe
sup acop acoq acoo = qbz
suq acoq acoo acop = aaid
sur = uzb
sus acoo = mdj cdo
sut acoo acop acoq = yth
suu = jgc
suv = xpi cbz nfv
suw acoq acoo acop = jnd
sux = fih svu hxn
suy acop acoo = ejq vbv acnn
suz acoq acop acoo = aajh
sva acoo acop = kln brk
svb acoo acop = hna
svc acoq acop acoo = geg
svd acoo acop = quc
sve acop acoo = nbr wxv
svf acoo = kri aee rug
svg acoo acop = vh
svh acoo acop acoq = wxe
svi = umy
svj acoo = cfd abtg vjc
svk = dqh
svl acoo acoq acop = lqs
svm acoo = vpb ric aauh
svn acop acoo acoq = dun bwa fnc
svo acoo acop = zec
svp acoo acop = mvy bdx pgx
svq acop acoo = rcw ykg (mui agq pzj)
svr = mml ntf dce iif
svs = fgl
svt acoo = yyx
svu = abru jkj uua
svv acoo acop = lmr
svw acop acoo = qkp fjg
svx acoq acop acoo = zny uwe ihz tle
svy acoq acop acoo = zak kys
svz = yfi cao wci nnb
swa = coz
swb acop acoo = aare
swc = aaoz
swd acop acoo acoq = bqz
swe acop acoo = lbd uki
swf acop acoo = igb
swg acop acoo = qfb
swh acoq acop acoo = xwt ftf vsh
swi acop acoo = pad
swj = wdr
swk acop acoo = qfv
swl acoo acop = ckg
swm acoq acop acoo = fjt
swn acoo acop = ghf jfw qag wjg
swo = ktj dwp
swp = yim
swq acop acoo = npe
swr acoo acoq acop = ssi
sws acoo = xpu usc czj
swt acop acoq acoo = ctm
swu = kca qvp
swv = eat
sww acoo acoq acop = shy
swx = lik avc vla zlp psy
swy acop acoo = dxx
swz acoo = kgk
sxa acoo = msz abzo (mba cfb) biw
sxb = vun
sxc acoo = abwk
sxd acoq acop acoo = fnx
sxe acoo = fcr vuy gub xwk
sxf acop acoo = whb
sxg acoo acop = pdn
sxh acoo acop = jry vaf ymb
sxi = kgz gou ilv
sxj acop acoo = qon
sxk = gxg
sxl = run
sxm = abbm
sxn = lat
sxo acop acoo acoq = xkz
sxp acoo = rsq yyr iqp
sxq acoo = hfm
sxr acop acoq acoo = tws
sxs = bfm yjs (hik abrl) ecq
sxt acoo = szc gqh sxq
sxu = gdn
sxv acoo = my qhg
sxw acoo = wac
sxx acoo = dwh
sxy acoo acop acoq = neb
sxz acoo = aob
sya = msd
syb acop acoo acoq = kro
syc = ucf
syd = fhw
sye acoo = akf
syf = vzx tdp wlo
syg acop acoo = lqi
syh acoo = aagu
syi acoo acop acoq = xku
syj acop acoo = uan bmt
syk acoo acop = uzd unr
syl acoo = eco
sym = azv aaym
syn acop acoo acoq = pqr
syo acoq acop acoo = aek buu
syp acoq acop acoo = omt dxw kje rqc
syq = ozs wpj
syr acoo = kjq qix uba ymd
sys acoq acop acoo = cui vgf hu csz qqv
syt acoo acop acoq = tor
syu acop acoo = uxr
syv acop acoo = lzh
syw acop acoo = abqq
syx = zcl czc
syy acop acoo acoq = yyw
syz acop acoo = ovz
sza acoo = gvv
szb acoo = rbr
szc acoo = trj hm jxe
szd acoo = yow
sze acop acoo = bid
szf acoo acop = xeu
szg acop acoo acoq = iga mok ero cws
szh acoq acoo acop = rqr
szi acoo = tyx
szj acoo = sdg aakk
szk = dwo eyq
szl acoo = vvq dki rkg uhn
szm acop acoo = vat aaxq
szn acop acoo = aea
szo acop acoo = ygg
szp = twl
szq acop acoo acoq = lgq
szr = oqo
szs acoo acop = lcp aaso cif
szt acop acoq acoo = kob ecn dxe
szu = lyq
szv = lli
szw acoo = sxk pij ra cnx
szx acoq acoo acop = fou qzp (roq abvr qjo)
szy acop acoo acoq = cbm abem
szz acop acoo = fay
taa acoq acoo acop = fsd
tab acop acoo = qcb
tac = ffb
tad acoo = mkl
tae acop acoo = vok rap ubt
taf acop acoo = xim vem
tag acoo acop = cut
tah acoo acop acoq = gkn
tai acoq acop acoo = abcw
taj acoo acop = hfj
tak = egf uwf
tal acoo = jrq
tam acop acoq acoo = iql
tan = kwo
tao acoo = skx
tap acop acoo acoq = aaks
taq acop acoo = nkh
tar acoo = qsu blf
tas acoo acop = wjb
tat acoo acop acoq = ffo
tau acoo = lzy yz aaxt
tav = vqq
taw = tpe cdl
tax = pya xmu
tay acoo acop = nwc
taz acop acoo = ytp whl
tba acoo acop = lu nlz
tbb acoq acop acoo = oaa huo
tbc acoo acoq acop = jeq lms jon aald big
tbd acoo acop acoq = jes wlv ngj aazj
tbe acop acoo = fx nbz lec prp
tbf acoo = tph fdi
tbg acoo acoq acop = yir
tbh acoo acop = itm xew ijd
tbi acop acoo acoq = hrl qhh
tbj acoq acoo acop = dhq abqg hum kak
tbk acoo acop = jxd abwl cdj
tbl acoo acop acoq = hfl
tbm acoo acop = acbc
tbn = tjr
tbo acoq acoo acop = rsc wjb yvk aabo
tbp acoo = wqe
tbq acoo = bda
tbr = mip
tbs = lkk bxi
tbt = wzb
tbu acoo = xej
tbv acoo = zwu
tbw acoo acop = abm awi ssw acog
tbx acoo = sir ablm
tby acoo acop acoq = msa puc
tbz acoq acoo acop = vhq
tca = ro
tcb acoo = kta
tcc acoo = mun crh
tcd acoo = tup
tce acoq acop acoo = ske xjt qg bbz
tcf acop acoo acoq = abca
tcg acoo acop = mrz vva
tch acoo = gv
tci acoo = kyw
tcj acop acoo = iuw flo for tpc crd
tck acoo acop = ablt
tcl = xml lga
tcm acoo acoq acop = erp
tcn acoo = awt
tco acop acoq acoo = skf
tcp acoo = suj aayg jsv neh
tcq acoo acop = ozl
tcr = dsg jrq
tcs acoo = ctq
tct acop acoq acoo = euk
tcu acoo acop acoq = khl
tcv acop acoq acoo = vnt (wap nwh)
tcw acoo acop acoq = aaq
tcx acoo acop = wxg lgw
tcy acoo acop = wfe lxm exs
tcz = mwb
tda acoo acop = nfw nsm szt
tdb acoo acoq acop = qrr
tdc acoq acoo acop = bfh
tdd acoo = iyj wpv gpz
tde acoo = gbt ota
tdf acoo = mnf
tdg acop acoq acoo = lbs mbe lyp bvy
tdh acoo = lhq
tdi acop acoq acoo = lxc
tdj acop acoo = ngf mjz rbs acde
tdk acop acoo = bpc
tdl = npg
tdm acoo acop = cmk
tdn acoo acop = cez vai njy
tdo acoq acop acoo = ljk kum zxj bgn
tdp acoo acop acoq = ibj
tdq = ltx aahf
tdr acoo = teq
tds acoo = osz
tdt acoo = klq rwz exl gvl
tdu acoq acoo acop = dbf
tdv acoo = acas
tdw = qum ykb
tdx acop acoo acoq = pi
tdy = uxs fxg wgc
tdz acoq acoo acop = gjc
tea acop acoq acoo = aje
teb acoo = ynu
tec = osg wcu tus
ted acoo acoq acop = ioo
tee = cyc
tef acoo acoq acop = xtk gkq xvm uf
teg acoo acop = abge imw
teh acop acoq acoo = isn
tei acoq acop acoo = lk sih
tej acoo = lkx
tek acoq acoo acop = vam ban zwc
tel acoo = vuk
tem = qjp
ten acoo = ydd
teo = sli oqt vwa ccz bxz
tep acoo acop = rca gaj hwm mmk
teq acoq acoo acop = aati
ter acoo acop acoq = mlq (gfu klv bib)
tes acoo = bnc
tet acoo acop acoq = rbl ouh prq wwi dda
teu acoo = sqt uan iou
tev acoo acop acoq = jmr
tew acoo = aes
tex acoo acoq acop = bao yyt
tey = tyh mpj cro qfs
tez = cvh kvj jxr cbu
tfa acoo = vfl ytg
tfb = eup yec
tfc = uhv jxu adv avn
tfd acoo = lsj svh
tfe = vsw
tff acop acoo acoq = aatt
tfg acoo acop = ena mvl ebz
tfh = xy
tfi acoo = mzg oln aaoz
tfj acoo = juz
tfk acop acoo acoq = kjz
tfl = kyu
tfm acop acoo = bqc oci
tfn acoo acop acoq = taf
tfo acoo acop = acdo
tfp = acy lhq lcf
tfq acoo = led
tfr acoo = cpx
tfs = ynd
tft = flf
tfu = hho rpy oew fqz
tfv acoq acop acoo = gwp avc
tfw = xfk cta
tfx acop acoo = juw cwf
tfy acoo = vdv fzp
tfz acoo = kmh ppn bjf uij
tga acop acoo = ejm oeb cuc gyj vor
tgb acoo = pft
tgc = dut gjw kzy ags
tgd acoo = tv rkx
tge acoo = ymo
tgf = nfu
tgg acoo acop = ofh
tgh acoo = utj
tgi acop acoo = yrv kxp pkr qxs
tgj acoo acop = jf
tgk acoo acoq acop = tkr
tgl acoo = tcz
tgm acoo = gbj
tgn acoq acop acoo = aux
tgo acoq acoo acop = nsx (mmf zpr pmt)
tgp acoo = cxn
tgq acoo = nmq
tgr acoo acoq acop = mul cdt
tgs acoo acop = xdu ydd aaa
tgt = ltf
tgu acoq acop acoo = awk esa
tgv = cet ccj
tgw acoq acop acoo = jgk
tgx acoo acop = mmb
tgy acoo acop = epg
tgz acoo = vne
tha = wov lpo
thb acoo = ovs
thc acoo = ugk
thd acop acoo = wsh
the acop acoo = pon gqz
thf acoq acoo acop = pnu
thg acoo = szu
thh acoo = ain
thi acop acoo acoq = aaj
thj acop acoo acoq = lun
thk acoo acop acoq = hra
thl acop acoo acoq = akb
thm acoo = fwy okn son
thn acoq acop acoo = zh
tho acoo = mtc wxr
thp acoo acop = ano zry
thq = dkq
thr acoo = bbt lcz
ths acop acoo acoq = hue
tht = pts uzb
thu acop acoo acoq = hes
thv acoo acoq acop = omg
thw acoq acoo acop = rqo
thx acoo = god
thy acoo = ayg
thz acoo acop = uhe
tia acoo acop = bea
tib = iqv vtk ysy
tic acop acoq acoo = ccz efl accj
tid acop acoo acoq = iqr aaro dot jcu fpl
tie acoo acoq acop = bge
tif = hhs pbx
tig acop acoq acoo = pko
tih acop acoq acoo = xbr oem qxt rcu qcc
tii acoo = egz
tij = wxo mjc hag ssz
tik = nng
til = gmu
tim acoq acop acoo = kmg nmm pdw
tin acoo acop acoq = wzl ozt vqw yps
tio = abjp (ytd abst) nej etb
tip acoq acoo acop = wjw
tiq acoo acoq acop = ig
tir = brj
tis acoo acop = icc kua
tit acoo = qbd
tiu acoq acoo acop = dro
tiv acoo = gxv cbc dea
tiw acoo = vpp ley
tix acoo = mxg ohy
tiy = xiv abis edm cvt amw
tiz acoo acop = xtc
tja acoo = zrm
tjb acoo acoq acop = iod eci bb (ymu uhu)
tjc acoo acop acoq = ylc zty
tjd acoo acoq acop = qqa uwq oov
tje acoo = udi
tjf acop acoq acoo = jvl
tjg acoo acop acoq = sbz ywz acar lid
tjh = lak
tji acop acoo = acfw
tjj acoo = aayh wge wga
tjk acop acoq acoo = her evq
tjl acoq acop acoo = opz
tjm = lez
tjn acoo acoq acop = xml cob hco pym
tjo acoo acoq acop = sdn
tjp acoo acop acoq = hyf
tjq acop acoo = ktt
tjr acoo acoq acop = apr
tjs = how dts jlw
tjt acop acoo = mjv yah fni
tju acop acoo = byo lxo sms
tjv = okt
tjw acoo acoq acop = kiu fap dmo pde
tjx = ktj
tjy = aaik
tjz acop acoo = klq
tka acop acoo acoq = lhi
tkb acoo = ufs cxn cxq
tkc = nez
tkd acoo = xbo yyk vlx
tke acoo acop = pqs
tkf = ihd
tkg acoo = phc ag
tkh = tev aavu
tki acoo acop acoq = ablb avd
tkj acop acoo acoq = alo vhk aha
tkk acoq acop acoo = ila cwk rzv
tkl acop acoo = ebn
tkm acop acoq acoo = qao
tkn acoo acop = xqb
tko acop acoo = cav abql ehn
tkp acoo acop acoq = ux
tkq acoo acop = ddv
tkr acoo acop acoq = wje
tks acoo = apk xta vod sds bto
tkt acoq acop acoo = gob phc
tku acoo = clr rng
tkv acop acoo = vvp
tkw acop acoo = jnv
tkx acoo acop = tiz aapp wnd
tky acoo acop acoq = aalz yhn abgu ikw jxs
tkz = abjx
tla = rbr
tlb acoq acoo acop = aacn
tlc acoo acop = abpy
tld acop acoo = hnq nuy
tle acoo = xex iei
tlf = vge zdi cml tvb
tlg = omu tem wyd
tlh acop acoo = apr
tli acop acoo = q
tlj acoo = abzq
tlk acoo = dgp
tll acoo = aceb hzm bir
tlm acoq acop acoo = zty cju poc
tln acoo acop = qli
tlo acoo acop = qtn
tlp acoo acoq acop = yaf pzp
tlq acoo = ghc
tlr = isq
tls acop acoo = azy oiy
tlt acop acoo = yui
tlu acoo = eqr
tlv acoo acop = zss vbk aamo hmb cgv
tlw acoo acop = cwc
tlx acop acoo = fsf
tly acoo = edh
tlz acoo acoq acop = sqq
tma = gtw
tmb acoq acoo acop = hlw
tmc = lnf
tmd acop acoq acoo = sfg
tme acop acoq acoo = aaa
tmf = jap fiq
tmg = rca
tmh acop acoq acoo = ivx ozd ogh
tmi acoo = vgo
tmj = cok
tmk acoo acop = ro
tml acop acoq acoo = cmm
tmm acoo acop acoq = sjg
tmn acop acoq acoo = air gps
tmo = lqq
tmp = kxq pnh abca kqi hgc
tmq = qrc
tmr = fvu
tms acoo acoq acop = are udf soj
tmt acoo acoq acop = xve
tmu = cuc aamp ywy ewv
tmv acop acoq acoo = dcd
tmw acoo acop acoq = wgn
tmx acoo acop = upp qeo
tmy acop acoo acoq = ndp (tpk sdc qba ksb)
tmz acoq acop acoo = kjv hom
tna acop acoo = hqw
tnb = et
tnc acoo = cbz
tnd acoo acop = pme
tne = zcv ftf nzz
tnf acoo = etb xpq
tng acoo acop = zlq
tnh acoo = lbu
tni acoo acoq acop = aga
tnj = nfb pdi
tnk acop acoo = qpq zkf
tnl acoo = zho
tnm acoo acoq acop = aoo
tnn acoo acop = wol
tno acoo acop acoq = rzq
tnp = lob naa
tnq acoo = vsg
tnr acop acoo acoq = efc
tns = gsl
tnt = ccl
tnu acoo acoq acop = jan
tnv = bsn hmr
tnw = ayu
tnx acoo = acb vdt
tny acoo = rrt
tnz acoo = sie tnk luh hz
toa acop acoo = iaf
tob = xzm wjx
toc acoo acop = hpn czm
tod = hop xam hwk
toe = msi
tof acoq acop acoo = wms
tog acop acoo = pvu utp azd
toh acop acoo = vxb rdl
toi acoo = su
toj acoo acop = ito
tok acop acoo = vkd ooe abus kr kgh
tol = rln
tom acoo acoq acop = myj aagp
ton acop acoo = abin
too acoq acop acoo = enu lyi gsb
top acoo acop = xsi
toq = mki
tor acop acoo = hoz ufk zxq ogl aaoa
tos = aalr xwt pjg
tot acoo = ddi lbg abco
tou acoo = axu
tov = lmm
tow acoo = das wym
tox = stn
toy acop acoo = zkg nsg
toz = ynz lwq
tpa acoo = fpv
tpb acoo acoq acop = cms xqp pxa
tpc acoo acoq acop = jhh ovu
tpd acoo = oig
tpe acoq acoo acop = acey php aabl tmr gij
tpf acoo acop = exp
tpg acoo acop = ablb pqm accx
tph acoo = qtv
tpi acoo = ydz
tpj acop acoq acoo = lzw
tpk acoq acoo acop = fnm
tpl acoo = qoc kyv wai
tpm acoo acop = kly
tpn = sak
tpo acoo acop = edl cvh nqk
tpp = aka
tpq acoo = gme bjq
tpr acoq acop acoo = ifh
tps acoo = fvy
tpt acoo acoq acop = gum
tpu acoo = yw
tpv acoo acop = wpl
tpw = yhv
tpx acop acoo acoq = ouj vbz
tpy acoo = esz
tpz acop acoo acoq = nta glp
tqa acop acoo acoq = kwe
tqb = aoz (pmv eqm)
tqc = lpf
tqd acoo = av rye qfi
tqe acoo acoq acop = rg
tqf = xbs aacf ekd itp
tqg acop acoo = abds
tqh acop acoq acoo = dox
tqi acoo = dhi
tqj acop acoo = jtd
tqk = lle absp
tql acop acoo = tkl xwd moi
tqm acoo acop = lbe
tqn acoo = bgo
tqo acoo acop = kca
tqp = khq gau wqg
tqq = jsq
tqr acoo = yqm
tqs = rwz icg zui
tqt acoo acoq acop = bty mrb lyx
tqu acop acoo = fjr wbe
tqv = vmo
tqw acoo acop = ept aasi eey
tqx acoo = nrb
tqy acop acoo = huf
tqz acoq acop acoo = fsp grk aaro
tra acoq acoo acop = rgc iww qtu btl bmc
trb acop acoo = czk smp
trc = aaqa
trd = ash wnn
tre acoo acop = eme
trf = wap
trg = vfc
trh acop acoq acoo = aboo lfg
tri acoo = hta
trj acop acoq acoo = hto hcz wg gzc
trk acop acoo acoq = tqm bqr
trl acoo acop = dgt uzt upk
trm acoo = gzg nqm sjp unk xyw
trn = elc qww
tro acoo acop acoq = qoi hcr
trp acoq acop acoo = apa
trq acoq acop acoo = odl
trr = eas acdn qfs pae aqj
trs acop acoo = dxt xxs
trt = swx ybz
tru = fdq
trv acop acoo = djs kfq fkh
trw = zjv
trx acoo = yla abgp
try acop acoo acoq = uqx
trz acop acoo acoq = hoh umy
tsa acoo acoq acop = jct
tsb = yz
tsc acoo = rf
tsd = kst
tse = rou
tsf acoq acop acoo = abic kwp yme jvg
tsg acop acoo = wur
tsh = tgh
tsi acoo = sgu
tsj acoo acop acoq = zbe
tsk = qjl ifx
tsl acop acoq acoo = ten nqf
tsm acoo acoq acop = qrt ooz yjz jja
tsn = jgv dzt
tso = pvl mtx fjd
tsp acoo = pq kpd zss jqw
tsq acoo = zfd
tsr = syv
tss acoo acoq acop = llb evy abnd
tst acoo acop = hab vyy
tsu acoo = vgo xek tpf
tsv acoq acop acoo = mtr tgi jtk kcd
tsw acop acoq acoo = lpy zfn
tsx = rm
tsy acoo = hiz ha
tsz = kja kov
tta acoo = wzy
ttb = flx tze
ttc acop acoo = ebk
ttd = bgr
tte acoo acoq acop = our cwo
ttf acoq acop acoo = hlc
ttg acop acoo acoq = zje ycn
tth acoo = jty
tti acoo acop = wjc kfn vmo jbr
ttj = wac kxx aabn zox
ttk acop acoo = hmn qmz
ttl acoo = abmy
ttm acoo acop = aceo
ttn acop acoo = cjk
tto acoo = qpa hvr
ttp acoo = ebo
ttq acop acoo acoq = igo
ttr acoo = dwl sgr
tts = jvj (tld lem)
ttt acop acoq acoo = vdt
ttu = eiv
ttv acoo = qmh huc
ttw acop acoq acoo = nrm uiu
ttx acoo = aahl
tty acoo = bqf mus fnv tbq
ttz acoo acop = koq (tot rzw)
tua acoo = zri
tub acoo acop = trx zyy
tuc = fgv
tud = lkp unj
tue acoo acop = hzu
tuf acop acoo = oyl esi
tug acoo = izl
tuh acoo acop acoq = wvz
tui acoo acop = rtf
tuj = fu
tuk = gzh
tul acop acoo = uog jnl gjk
tum = gpu
tun = adi
tuo acoo = qcz
tup acoo acop = zyj abmn aaed
tuq = hgi opc rdu
tur acop acoo = dnd abde
tus acop acoq acoo = gos svz tfb abwm
tut acop acoo acoq = pdu yri
tuu acoo = axm
tuv acoo acop = frd
tuw acoo acop = yet
tux acoo acop acoq = zjj yjs
tuy acoo = jmf
tuz acoo acop = erx
tva acoo = bri ech bah
tvb acoo = hdf tdg
tvc = msf
tvd acoo = bhl oto ybx ufd ztl
tve = lme rfz lso
tvf acoo acop acoq = llx fht yme
tvg acoo acop = aba
tvh acoo acop = rbr ywe qys fkc grd
tvi acoo = jvn zpy uoh
tvj acop acoo acoq = iri
tvk acop acoo = pkd
tvl acoo acop acoq = ioc ieo hkl
tvm acop acoo = qud nrv dji hww
tvn acop acoo = eru hqh
tvo acoo = pjb
tvp = jhd iot eiy zh
tvq acoo acop = auo
tvr acoo acop = gqk
tvs acop acoo = fwy bcu sjl qqa
tvt acoo acop acoq = mbe
tvu = myw
tvv acop acoo = dpc rfo
tvw = tws
tvx acop acoo = yrb aamc
tvy acoo acop acoq = imz
tvz = foe nvi
twa acoo = jba brp
twb acoo acop = pai
twc = plt
twd = fuv jux
twe acoo = zzm
twf acop acoo = xfw
twg = dcf irt hov
twh = grp
twi = wnj
twj acoo = ouw
twk acoo = pth
twl acoo acop = dsc
twm acop acoq acoo = zhq
twn acoq acop acoo = ugw
two acoo acop acoq = sko
twp acoo = uug
twq acop acoo = cag
twr = ntm
tws acoo = oja sy
twt = vmj mik fhx bcx yw
twu acoo = mne tnf deb
twv = nyw
tww = absb
twx acoo = acbr
twy acoo = kuu dtx
twz acop acoq acoo = qfg jxn
txa = bkk sff kro owz
txb acop acoo = szn
txc acoo acop = cti
txd acoo = lpx eon abkv pdq
txe acoo = iff (fiv day) apl
txf acop acoo = jhp lbc
txg = inb
txh acoo acop = evg yhx
txi acoo = cjj edv
txj acoq acop acoo = cgc
txk acop acoq acoo = wjf
txl acop acoo = vne
txm acoo = ssw tdp
txn acop acoo acoq = nuf acmq
txo = hgo sns rer lne
txp acoo = lzo
txq = dbk mut mlt djz
txr acop acoo = xv
txs acoo = nkr zy
txt = gcc syg woc
txu = lum tmd
txv acoo acop = jev lnr yla ckv
txw acoo = aavn fdr hwx gzr boa
txx acoo acop = zfd
txy acoo acop = yrt hgi
txz acoo = aol ill
tya acoo acop = smv
tyb acop acoq acoo = lly (ker iko flg)
tyc acoq acop acoo = zxn abjq
tyd acoo = dbr
tye acoo acop acoq = wqa
tyf = dyh eim
tyg acoo acop = jzi
tyh acoo = omy aapr
tyi = xyk
tyj = zgo
tyk = oka
tyl acoo = nct
tym acoo acop = nbx
tyn acoo = pab
tyo acoo = hnz aavh
typ acop acoo = aasf
tyq acoo acoq acop = pyh
tyr acoo = oaw
tys acoo acop = sof
tyt acop acoo = uqx kbj acjy uzo abzi
tyu acoo acop = zzw
tyv acop acoo = gci ljd
tyw acoo acop = ft kyn svx
tyx acoo = dlj
tyy acop acoq acoo = djf
tyz acoq acoo acop = jkw kie uu
tza = bdm xig
tzb acoo = iun ljo dvl
tzc acoo acop = phs cat bak jdc
tzd acoq acop acoo = rvy
tze acoq acop acoo = iot
tzf acoo = amf dpu
tzg = lmu
tzh acoq acop acoo = ojg
tzi acoo acop = loj xxa
tzj acoq acop acoo = dzf
tzk acop acoo acoq = msa
tzl acop acoo = qoz cnn
tzm acoo = obn bvo
tzn acoo acop = men
tzo acoq acoo acop = xml mug lez cql
tzp acoo acop acoq = nkb kte lql
tzq acoo = dtd
tzr acoo = cmk xpc
tzs acoo = sfd qnb wie
tzt acoo acoq acop = ttd
tzu = absm axk
tzv acoo acoq acop = ckh
tzw acoo = pjp
tzx acoo = dio
tzy = xqg wat jfl icq
tzz acop acoo = dsx
uaa acoo = qmz ryx xad abvj
uab acoo acop = wnb dtr txh
uac = jgw
uad acoo = qfd
uae acop acoo = uru
uaf acop acoq acoo = rmi
uag = zyk
uah acoo acop = ang
uai acop acoo = xuw gty absa mgo hy
uaj acoq acop acoo = shs sya acoq
uak acoo = xvc
ual acoo = aay
uam acoo acop acoq = aabu
uan acoo = ixt tfs
uao = dv aays
uap acoo = acdw cvk
uaq acop acoo = osc lzk ysw kes
uar acoq acop acoo = ulp csd ifr
uas acop acoo = vfy
uat acop acoo acoq = lbq
uau acoq acoo acop = tyi rmn ljl jvx
uav acoo = sdk wfl xpr
uaw acoo = ugz jln xms
uax acop acoq acoo = cfj
uay acop acoo = twv
uaz = crr mis
uba = icl
ubb acoo acop = fcw
ubc acoo acoq acop = tyg fdq
ubd = luo
ube acop acoo = jkv
ubf = uul
ubg = tga acbw yrj
ubh acoo acop = rgr
ubi acoo = lth ecp
ubj acoq acoo acop = uui
ubk = vl ova
ubl acoo = thc eah tzd
ubm = kzo xom zap
ubn = efn
ubo acop acoo = kvg auu
ubp = pef
ubq acoo = abpf
ubr acoq acoo acop = hrb
ubs = iaz
ubt = lwi
ubu = rsn
ubv = rnk gcf jor
ubw = jti
ubx acoo = qvw (uxz hav)
uby = aasp ror bs mwd
ubz = xkv
uca acoo = wfw
ucb acoo = abtx
ucc = jti rfx
ucd acoq acop acoo = acbp min
uce = tyz
ucf acoo = ovk
ucg acoo acoq acop = vyx
uch acoo = rxd svh oqe
uci acoo acop = pbt
ucj acoo acop = qtm
uck = gig kqd
ucl = bug
ucm acoo = zuz phm abdf flk
ucn acoo acop = inz
uco acop acoq acoo = vbq
ucp acoo = qwa
ucq acoq acoo acop = fce
ucr acoo acop = eqo
ucs acoo acop acoq = mol
uct = lad
ucu acoq acoo acop = iot
ucv = pvg hws aeg
ucw acop acoo = cfq
ucx acop acoo = i
ucy acoo = xsb
ucz acop acoq acoo = zb isl
uda = gda
udb acoo = oto
udc acoo acop = fdw
udd = weh abvj qkm
ude acop acoo = wtr
udf acop acoo acoq = vqe
udg acoo acoq acop = bez
udh acoo = abvb ngw (aazy bly)
udi acoo acop = zle
udj acoo = goy bwh
udk acop acoo = rga abbv csw bub ipy
udl acop acoo acoq = kqc
udm acoo = epi
udn acop acoq acoo = mhg
udo acoq acoo acop = qks
udp = wac
udq acoo = srq
udr acoo = lys
uds acop acoo = jmh
udt acoo = rpc ayx uzh
udu acoo acop = ypr aeo
udv = hbk
udw acoo = gzj
udx acop acoo = ilu
udy = cyd hdl
udz acop acoo = zwi
uea acop acoo = hul
ueb = vji
uec acoo acop acoq = qzh
ued acop acoo = wwl ggw rsb whd
uee acoo acop = fuf
uef acoo = qx
ueg = mie tzi
ueh acoq acoo acop = prw idl
uei acoo = ys mpn jbh lfx ooc
uej = noa
uek acop acoo = hvd
uel acoo acop = wno
uem acoo acoq acop = ntw
uen = eyo yyz
ueo acop acoo = ntd
uep acoo acop acoq = joy kvo kol
ueq acoo = qnh
uer acoo = li
ues acoo = qkt
uet acoo = csp abuu acfc bqw
ueu acoo = dag wjf cdv
uev acop acoq acoo = ag
uew acoo = ndr
uex acop acoo = poe lll njl
uey = jdv emj bza bwx
uez acop acoo acoq = onj zwo yzu rkb
ufa acoq acoo acop = kla (mof od)
ufb = cwd ypa acfx axy rzs
ufc acoq acop acoo = ovp
ufd acop acoo = mcs
ufe acop acoq acoo = ptc
uff acop acoo = hvp aaxj
ufg acoq acop acoo = aasf absa
ufh acop acoo = wnf rxv
ufi acoo = xtq
ufj acop acoo = ffm urb xxb
ufk = jag
ufl acop acoo = imj
ufm = hzo
ufn acoo = accl
ufo acoo acoq acop = uje
ufp acoo acoq acop = lda
ufq acoo = fro
ufr acoo = hvu
ufs = thv
uft acop acoo = kdd
ufu = cid
ufv acoo = dyi
ufw acop acoo = tdz
ufx acoo = bvy kmy
ufy acoo acop = aapy
ufz acoo = qwb mkd slh qis pbm
uga acop acoo = tst ohj
ugb acoo = qzl
ugc acoo acop = coq
ugd = rnc
uge acop acoo = aql
ugf acoo = ojr jah
ugg = fhu
ugh acoo = ohv
ugi = fmt aky klc
ugj acoq acoo acop = ui
ugk = bei
ugl = iw
ugm acoo acop = wgu lmr
ugn acoo acop acoq = oml qbf
ugo = ryl bkp dhz
ugp acoo = bjk
ugq acop acoo = emj
ugr acoo acop = tqx
ugs = sld bkd
ugt acoq acoo acop = wrf
ugu acoo acop acoq = aoe
ugv acop acoq acoo = idg
ugw acop acoq acoo = myo
ugx = gjc
ugy acoo = aaao ddn
ugz acoo = vyj
uha acop acoq acoo = vlu ddd abhs
uhb acop acoo = zgk gvy ijv aaie
uhc acoo = khn oyh
uhd acoo = abrf
uhe = una (plx ayz egc)
uhf acoo = slv
uhg acoo acop acoq = ngh xfp
uhh acop acoo = bjf yec
uhi acoo = dqn svu kqx
uhj acoo = bwd
uhk acoo acoq acop = pvz
uhl acoo acop = qfg vao
uhm = ogr
uhn acoo acop = igj aaoe fkl
uho acoq acoo acop = zqa
uhp acop acoo = cto blh
uhq acoo acop = mxf ihm sqg zja
uhr = qso
uhs acop acoo = cpk
uht acoq acoo acop = uqy
uhu acoo acop = xzx vor
uhv acoo = yam
uhw acop acoo acoq = ewg jum
uhx acop acoq acoo = aaue roy
uhy acoo acop = uwe
uhz acoq acoo acop = wly ibv wze abke
uia = pai
uib acoq acoo acop = stx
uic = ija oqk fbr zsq
uid = upy hrq
uie acop acoo = cng vhr
uif acoo acop = ynz
uig acoq acoo acop = vx xsd rqy
uih acop acoq acoo = jdp zym
uii acoo = zqc
uij acoo = rxv
uik = vci
uil = tmn
uim acoo = dxd (jjg tmy vil)
uin acoo acop = zph
uio = aawn
uip acoo acop = gvs
uiq = pom akx
uir = qvb
uis acoq acop acoo = sya kio va acfs
uit = veu
uiu acoo = kad
uiv acoo acop = qqu
uiw = xrq cgy
uix = gmy yuj kkw skk
uiy acop acoo = alr
uiz acop acoo acoq = qyv zhw clk lns ioh
uja acoo = fam yoi
ujb acoo = mto
ujc acoo = wyk ljr cht jec
ujd acoq acop acoo = abqk
uje acop acoo = het
ujf acop acoo acoq = sn xkk tnr
ujg = ackm jhd
ujh acoo = srx oyg qut gbj
uji acoo = ffi
ujj acoo = xhy (uwd qge wyl)
ujk acoo acop acoq = rmj kol
ujl acoo acop acoq = abvz
ujm acoo acoq acop = oho
ujn acop acoo = tol dlm
ujo acop acoq acoo = vqj kai
ujp = ach wev uzi voz
ujq acoo = cud
ujr acoo = rnz njs abby
ujs = sat jpx
ujt acoq acoo acop = jsu aaqr
uju = cgm abaz
ujv = rba doo
ujw = vrj
ujx acoo acoq acop = hyk ggs kqy rbb
ujy = ert
ujz = kvi
uka acoo = erx
ukb acoo acop = fwr
ukc acop acoo = rdm
ukd = itf pmd
uke acoo = ujy
ukf acop acoo = jyd zrk upw
ukg = qoz hmg
ukh = sch
uki acoo = afj cxy sgu dap
ukj acoo = gpj
ukk acoo = jnd tmf ykk
ukl acop acoo = lmt kmh (igb mga far)
ukm acop acoo = gqi
ukn acop acoo = uhf
uko acoo = wxl
ukp = oht
ukq acoo acop acoq = ntc cgl oz emm
ukr acop acoq acoo = yxv ywv
uks acop acoo = zvx tul
ukt = gri
uku acoo = xwr rht
ukv acoo = uhc aiw ojp
ukw = gmf
ukx = ynb jvf
uky acop acoo = xcd yhl
ukz acoo acop = izm
ula = kvq
ulb acoq acoo acop = pjk kfd
ulc acoo acop acoq = llz
uld = skf
ule acoo acop = cik cbu
ulf acoo acop = ket
ulg = hwv ida
ulh acoo = bqy oyr jva acbs
uli acoo acop = psg
ulj acoo = og
ulk acoo acop = gsb
ull acoo acop = els
ulm acoo = ydi
uln = xfs
ulo = nhm wst
ulp = sof
ulq acoo = mty hgw
ulr acoo = pob
uls acoo = tlg ajc
ult acoo = clo
ulu = ucs nac
ulv acoo acop = aqe
ulw acop acoo = aan ehq wvd
ulx acop acoo = xmu
uly = dwx zxt lzm lup
ulz = rcw
uma acoo = dcx abab jkb
umb acoo = igk
umc acop acoq acoo = kqh
umd acoo acop = ltu ahv
ume acoo acop acoq = fdy wrm abhe
umf acop acoo acoq = zet
umg acop acoo acoq = abkz
umh acoo = abue cpw suy
umi acop acoq acoo = sxu
umj acoo acop = lwi nco
umk acop acoo acoq = izr
uml = hyj
umm acoo = dkp
umn = xur dlj hkn
umo = ipb
ump acoo = qdt
umq acoo = cfg rlk hmq
umr acoo acoq acop = kyz
ums = yro shy
umt acoo = vaj
umu acop acoq acoo = rsc mql bdf
umv acoo = jhv
umw acoo = aakl nsv lkc gsc
umx acoo acoq acop = abvt
umy acop acoo = nea sic abxy
umz = ekt
una acoo acop acoq = dyt nse
unb = qmd
unc = utp
und acoo acop acoq = zm soq evf
une acoo = abpm aatp fkv
unf acoo acop = mff ydr
ung acop acoo acoq = aaft
unh acop acoo acoq = pgp
uni acop acoo = pfl
unj acoo = kpa
unk acop acoo acoq = ddm
unl acoo acop = mx
unm = dal aayj lku dmk
unn = smz
uno acoo = acgx
unp acop acoq acoo = lqw swg
unq acoo = kvo ask ycg
unr acop acoo = ydj
uns acoo = fbi jar prw
unt acoo = izj und
unu acop acoo acoq = aahf
unv acoo = abiw qxv xtb
unw acoo acop = ilo cyj lmu
unx = bmv
uny acoq acoo acop = cdn pxx
unz acop acoo = pha qqs qok fem
uoa acop acoo acoq = qep aafq
uob acoo = zaw
uoc acoo acop acoq = mnp
uod = gfr aya
uoe acoo = abnu
uof = qjw
uog acop acoq acoo = wvt
uoh acoo acop = pvf
uoi acoo acop = uvk
uoj acoo acop = lqt lpt
uok = sba
uol acop acoo = ddo nlp sii aazu
uom acoo = grs nyq
uon acoq acop acoo = shc aaon
uoo acoo = uzf
uop = gfm
uoq acop acoo acoq = gad (rfo dvd)
uor acoo acop = xck
uos = wcb
uot acoo acop = fqq
uou acoo = mlr
uov = moc
uow = nc sgw
uox = lfy nop dnd fba
uoy = cja
uoz = aacy txe
upa acoo = emf
upb acop acoo = ghb rod dg
upc acop acoo acoq = vqw absw
upd acoo = gtl
upe acop acoo = gnn yyf ako
upf acoo acop = vfo
upg acoo acop = gij war jot jr tto
uph acoo acop = ctv
upi acop acoo acoq = toh
upj acoo = qsg
upk acoo acop = bxv
upl acoo = xjx aatt
upm acop acoq acoo = acfn
upn acop acoq acoo = aahf
upo acoo acop = naw wqf plr
upp acoo = vld ewj
upq acop acoq acoo = eft mfp
upr acoo acop = aaaz
ups acoo = abf itt
upt = aaki
upu acoo acop acoq = szr zjl dhl vux
upv acoo = ayc jmv kil
upw acoo = sdk
upx = tgf pnd
upy acop acoo acoq = aadv
upz acoo = jaw zb wfc
uqa acoo = chd ljq zbl old
uqb acoo = uit hju dmt uln
uqc acop acoo = cyu
uqd = qag
uqe = qjo nsc
uqf acoq acoo acop = lez
uqg acoo acoq acop = mua tkg
uqh acop acoo = biy
uqi = aakj bde xod
uqj acoo acop = zef
uqk acop acoo = tqv
uql acoo = ugy
uqm acoo acop acoq = gqm
uqn acoo = dbk vvb
uqo acop acoo acoq = ztu
uqp acoo = ivi qca (krc aaib)
uqq = acbn
uqr acoo acop = aoj
uqs = kgg
uqt = yss
uqu acoo = dsm zkw vzb mlk
uqv acop acoq acoo = ztm
uqw acop acoo = aaym
uqx acoo acop acoq = wjc grp ztp
uqy acoq acoo acop = yss acdo
uqz acop acoo = ncm aayu
ura acoo = wvs
urb = cfa rvq bhj bjf
urc acop acoo acoq = jjb knc zau vct
urd = tfk rfx
ure acop acoo = dkv
urf acoo = cly tik dde wak
urg acoo = cwz
urh = vkx iny hxl
uri acoo acop = xpw
urj acoq acop acoo = lsa
urk = ieu
url = vuf
urm = aabu
urn acop acoo = gbh
uro acop acoo = bgu roc (vt ylp)
urp acoq acoo acop = uzo sfy aaad aij fgq
urq = aajq rkr pew
urr = pjv
urs acoo acop = nkx
urt acop acoo acoq = aaxe
uru acoo = bj nfs
urv acoo = sze
urw acoo acop acoq = uxt lxo gez uso txw
urx acoq acoo acop = lv hka atx gmh
ury acop acoo = cns
urz = qjj auv
usa acoo = dtq eas
usb acop acoo = zuf bum moa
usc acoo = ygs
usd acoo acop acoq = eog fja ver
use acop acoo = abhb
usf acop acoq acoo = muh
usg acoo = aade
ush acoo = bfg
usi acop acoo = yzh
usj = ro xbv
usk acoo = ouv cfa cix
usl acoo acoq acop = eab
usm = aawf
usn acoo acop = abag
uso acoo acop acoq = yag
usp = kzi
usq acoo = hys
usr acoo acop acoq = gch qaw dxj
uss acoo = nhy
ust = aajj
usu = dka
usv acoq acoo acop = vnl rce
usw acoo acoq acop = lln ntp iiu
usx acoo acop = abat (iho qlb)
usy acoo acop = ney ndn abbi
usz acoo = dkk hnm
uta = wco
utb acop acoo = abhs
utc acoo acop = sbj
utd acoo acoq acop = rae
ute acoo acoq acop = khk
utf acoo acop = acgj
utg acoo acoq acop = xoa uae
uth acop acoo = xaq qqf
uti acop acoq acoo = fvq
utj acop acoo acoq = cpc zsy
utk = kun
utl acoq acoo acop = fdg acmx abjp
utm acoo acop acoq = byp bka
utn = uag
uto acoq acoo acop = xpq (zyd rwk aaso wdd)
utp acoo = xg
utq acoo = lqm xwp
utr acoo = xor ajg zlq gaf
uts = skh yur abbi
utt acop acoo = rpi
utu acoq acoo acop = vcr nku
utv = fdg
utw acoo acop = fxz
utx acoo acop = fgc
uty = hga
utz = doo
uua acoo = ty edc
uub = lmd ula bfi
uuc = bhj (nlp nna kbc)
uud acop acoo = oft nme
uue = geq
uuf acoo = rcu aatj ynw bwh fta
uug acop acoq acoo = dfb ujf
uuh = nnd sye dgp pxe
uui acoo = tyh
uuj acop acoo = meq rki juq jia
uuk acoq acop acoo = aapn abbg
uul = khs
uum acop acoo acoq = wij
uun acoo acop acoq = nts
uuo acoo acop = fpi
uup acop acoo = jrv wqm
uuq acoo = lui
uur acoo = btd xue gpz
uus acoo = ygl hrx crc
uut acoo acop = eww
uuu acoq acop acoo = zee vlx
uuv acoo = aabi
uuw acoo acoq acop = hee
uux acop acoo = cbh
uuy = pom eot mgh
uuz acop acoo = ywp fig gup
uva acoo = gww
uvb = absl
uvc acoo acoq acop = nyd
uvd = ja
uve acop acoo acoq = cjq
uvf acoo = xfz fq kzf jgh
uvg acoo = zep
uvh acoo = xzw
uvi acoo = j ero
uvj = ico npp abs ayn
uvk acop acoo = jfk
uvl acop acoo = crp jpc
uvm acoo = zyv
uvn = coq
uvo acoo acop = nzx kts qfi
uvp acop acoo = ablk
uvq acoq acoo acop = off pxp
uvr acoo = ipl gdi
uvs acop acoo = hfo
uvt acop acoq acoo = uyu ost mhv kf scc
uvu acop acoq acoo = sys xoe
uvv acop acoo = szd
uvw acoo acop = buq (crg trr bfi)
uvx = accy
uvy acop acoo = fkn
uvz = ry
uwa = udg jeb
uwb acoo acop = uha wut wwx
uwc acoo acop acoq = kbn bah
uwd = ye kdr oli ha
uwe acoo acoq acop = jvl
uwf = kvu ol cww lba jxu
uwg acop acoo = cpi dmh jhl gnk
uwh = bcd lnz nja
uwi acoo = ykd eua pcr
uwj acop acoo = fql
uwk acoo acoq acop = mrp
uwl = dgp jyt
uwm = uue
uwn = xex
uwo acoq acop acoo = zva
uwp acop acoo = qyi aou
uwq acoo = abej kno evj
uwr acoq acop acoo = abqb hlj
uws acoo acop = hhm chc
uwt acoo = vk mmf
uwu acoo = qkj
uwv acoq acop acoo = eif
uww acoo acoq acop = cou ovk (lqa obv)
uwx acoq acoo acop = cjn jho
uwy acoo acoq acop = zsr
uwz acop acoo = gsz
uxa = ox bbk blp
uxb acop acoo = qub zpe fmw
uxc acoo = hqq
uxd acoo = ryq fiz tna ryr nxz
uxe = ph rnp xbo kwh
uxf acoo acop acoq = vvk
uxg acoo = cdu ktm aags
uxh acoo acop = uza
uxi acoo acop = nmt
uxj = ksn tdg
uxk = ijz
uxl acoo = foe
uxm acoq acoo acop = oqk utf hbm yyq
uxn acop acoo acoq = aaih
uxo = qen
uxp = srg
uxq acoo acoq acop = tpn
uxr acoo acop = ofn pxf abts idp
uxs acop acoo acoq = aor
uxt acop acoo = tyk
uxu acoo = bst
uxv acop acoo acoq = wkm
uxw acoo acop = hud
uxx acop acoo = klx
uxy = ksb
uxz acop acoo acoq = mno btx
uya acoo = aabf
uyb acoq acop acoo = pew api zbf rua
uyc = eyk
uyd acop acoo = kyb
uye acoq acop acoo = dnt mst rrp
uyf acoq acop acoo = mcu sso
uyg = hpc
uyh = jnr lhj
uyi acop acoo acoq = nlf
uyj acoo = xcp idy
uyk acop acoo = acmd cfd nge sfc vir
uyl acoo = jpo
uym acoo = wjw
uyn = rdg
uyo acop acoq acoo = uth aix arm
uyp acoo acop = fbf tzj ynn
uyq acoo acop acoq = aavd
uyr acop acoo = htq
uys acoo acop = pbf
uyt acoo = wus ei
uyu acoo acoq acop = zde akx
uyv acoo = rcp
uyw acoq acop acoo = abmt
uyx acoo acop = pan jnn lur
uyy acop acoo acoq = sfh ymg
uyz acoo acop = lrl hqs
uza acoo acop = nee
uzb acop acoo = bhx gyc ndw
uzc acoo acop = cve
uzd = wle
uze acoo = nur okt
uzf acoq acop acoo = dqn wnn
uzg = foa gvg hv
uzh = ukn
uzi acoo acop = nrk
uzj acoq acoo acop = zfj urw
uzk acop acoo = vwy
uzl acoo = eqt
uzm acop acoo = nmn
uzn acoo = mhy
uzo acop acoo = lks
uzp acoo acop = tji sfu
uzq acoq acoo acop = abmb
uzr = zfo nsf ztt
uzs acoo = acgu
uzt acop acoo = xwq
uzu acop acoo = gvj
uzv acoo = wgu
uzw acoo acoq acop = vtp
uzx = otv kti
uzy acoo acoq acop = tni
uzz acoo acop acoq = msd kuw iwi
vaa acoo acop acoq = mkt okp vky
vab acoo = sjz cum
vac acoq acoo acop = acfu neh
vad acop acoq acoo = zso
vae acoq acop acoo = ya
vaf = jw
vag = usq
vah acoo = jeh iuz bvf
vai acoq acop acoo = aavz
vaj = dyc
vak acoo = vva bii abvi ifw
val = red
vam acoo = nfl
van acoo acop = bar
vao = hci wvs ckj
vap acoo acop = lhh xbs vhn afh
vaq acoo = arz
var acoo acop acoq = cpz
vas acoo acop = ecq
vat acop acoo = zge
vau acoo = zva krx
vav acoo = hdc cxr sfq
vaw acoo = hnq
vax acop acoq acoo = yr jhd
vay acop acoo = achp zhi
vaz acoq acoo acop = rgs
vba acop acoo = dkb wde sbj ikm ybb
vbb acoo acop = nxm
vbc acop acoo = wwt abfl acdb
vbd acoo = ggk
vbe acoo = mlq
vbf acoo = aboi
vbg acop acoo = xxq
vbh = iwt
vbi acoo acop = uvm
vbj acoo = tny
vbk acop acoo = tqj
vbl acoo acop = att
vbm acoo acop = paj
vbn acop acoo = vwk
vbo acoo = thh
vbp acop acoo acoq = exg acis
vbq acop acoo acoq = arr
vbr acoo acop = swh uqx
vbs = aam tuf
vbt = jpf mqj bss
vbu acop acoo = ackh xhh
vbv acoo = syw
vbw = glw gsr fdi
vbx acop acoo = dlv
vby = zva
vbz acoo acop = gs
vca acop acoo = ixg
vcb acop acoo = eum
vcc = idw
vcd acoo = bzh hiz abun
vce acoo = wym vua
vcf acop acoo = qjd dcn
vcg acoo acop acoq = udo
vch = ablc diw
vci = zbf wgr
vcj acop acoo = gyg
vck = bbd vhy wmz kkp
vcl acoo = jrb
vcm acoq acoo acop = fal zkd cqi fbq mgw
vcn acop acoo = vsq
vco acoo = qpa
vcp acoo = fmq
vcq acoo acop = aog ehm aamj
vcr = pys lxq lgj hvh
vcs acoo acop = zwo acoo flp dzz
vct acoo acop acoq = iph
vcu acop acoo = yhh
vcv acoo = abps
vcw acoo = pyt
vcx = eqs cts
vcy acoo = ojr
vcz = lsi
vda acoo acop = pjy
vdb = zxd
vdc = uhj uae zpf
vdd acoq acoo acop = xxm
vde acop acoo = zw
vdf acoo acop acoq = abyb aqf
vdg = tsl
vdh acoo = sij
vdi = akk cmg cil
vdj acoo acop = maw
vdk acoo = abvy obt
vdl acoo acop = kjl
vdm acoo acop = mko rni
vdn acop acoo = jkf gvf mtw ndz
vdo acop acoo = zot
vdp acoo acop = hrd
vdq = wua uul fmk xmy
vdr acoo acop = fel
vds acop acoo acoq = ygd
vdt acoo = oca
vdu = cem
vdv acoq acop acoo = nmu
vdw acoo acop = wid jar
vdx acop acoq acoo = os
vdy acop acoq acoo = gij qgg
vdz acop acoq acoo = ytn
vea = acfv zhn
veb = yak
vec acoo = cvr ol tri
ved = jfn
vee = eql lgk zgj
vef = lrp
veg acoq acop acoo = kgh jej qgf
veh acop acoo = ovz
vei = vbr orw smd fgc zpu
vej acoo = qmw
vek acoo acop = tnr
vel acoq acoo acop = vxm
vem acoo acop = rfk cco aaip zay
ven acoo = zir
veo acop acoo acoq = vsr pcb
vep acoo acoq acop = vn hdu aagx hvf dw
veq = lhv gka nak
ver acop acoo acoq = dlz
ves acoq acop acoo = ruy
vet = zdh
veu = txf msl ino
vev = hbb
vew acoo = abht
vex acoq acoo acop = ynu jqy qol
vey acoq acop acoo = yzg ktv bwk wqq
vez acoo = cap (wqe jmq)
vfa acop acoq acoo = tey
vfb = mbg
vfc acop acoo = pqs yvd bld
vfd acop acoo = nxg vmw opv
vfe = xnh wrz
vff acoo acop = mwq
vfg = bfh aut
vfh acoo acoq acop = ovr ryd aape rsq
vfi = umj kpy
vfj acop acoo = aak jf
vfk = azd
vfl acoo acop acoq = cbh
vfm acoo = ufb piv xeq
vfn acoo acoq acop = aav
vfo acoo = aafl cyy czu
vfp acoo acoq acop = daw
vfq acoo acoq acop = xyb vyz
vfr acop acoo acoq = ou
vfs acoo acop acoq = agw cqh kgk
vft acoo = zuj pgi zor
vfu acoo acop = np
vfv = hwk lvn
vfw acoo = lho
vfx acoo acoq acop = abg grn
vfy acop acoq acoo = gds
vfz acoo acop = plt djl abiy ecn
vga acoo = zlg
vgb acoo acop acoq = eud
vgc acoo = nmw
vgd = nbs aakh
vge = gpj qin
vgf acop acoo acoq = hch hjz mmz uuz
vgg acoo acop = gsm
vgh = jow zd vfw fqx
vgi = cxv
vgj acoo acoq acop = gfy
vgk acoo = eax see
vgl acoo acop = uyr fnv xac
vgm = zdp
vgn acoo acop = uzu
vgo acop acoq acoo = ern
vgp acoo acoq acop = hmq
vgq acop acoo = mjw zpf
vgr acoo = xde pje gcd
vgs = fel lba
vgt acoq acoo acop = esy
vgu = wq wyt dus sgz
vgv acop acoo = vun xyr ran jyl vkr
vgw acoo = ywd
vgx = rjm
vgy acop acoo = hid bfs
vgz acoo acop = rvh ze unl
vha = uws
vhb acoq acop acoo = lgx
vhc = lmk abuj uxk
vhd acoo = aazq
vhe acoq acop acoo = hkt aqi
vhf acoo acop acoq = izx
vhg acoq acoo acop = jss rqk wcq abxo
vhh = mgk xgp aabj
vhi acoo = kcp
vhj acop acoq acoo = cgc wqm
vhk = ygg
vhl acoo = oqd
vhm acoo = rfk wyz
vhn acoo acop = wey
vho acop acoo = uxj dhu
vhp = dxm cty ldy hst
vhq = xjz
vhr = ia
vhs acop acoo = zcc
vht = aamy
vhu acop acoq acoo = irb adu
vhv acoo acop = mrl acnv
vhw acoo acop acoq = ezp
vhx acoq acop acoo = jxg
vhy acop acoo = aju
vhz acoq acoo acop = zbu
via = mu
vib acoo = efi
vic acop acoo = lhq lig jcy
vid acoo acop = oio
vie = sbj
vif acoo = sln
vig acoo = pgw
vih acoq acoo acop = hsg wsj jla
vii acoo acoq acop = ngc
vij acoq acoo acop = cae
vik = chh
vil acoo = win
vim acoo = yzt
vin = zxo azg nf wco
vio = abfn
vip acoo = egb
viq acoo = ivk
vir acoo acop = ulc qpn vz
vis acoo = ber dnn
vit = dvn
viu acoo acop acoq = wfc znl
viv acoo = bzi skj
viw acoo = qxg wbs
vix acop acoo = xlt
viy acoo = nkh mzb osg
viz acoo acop acoq = usn
vja acoo = uug (tic uvg)
vjb acoo = iwl
vjc acop acoq acoo = wij abjw die twp
vjd = fmv agk
vje = aasf vec
vjf acoo = qef mbj cjr
vjg acoo = xrr
vjh = axg
vji = yix
vjj acoo = sqe voj
vjk acop acoo = vry
vjl acop acoo = xfc
vjm acoo = aabb
vjn acoo acop acoq = tnx rbq
vjo acop acoo acoq = mpb
vjp acop acoo = gln
vjq acop acoo = zvz
vjr = qnk
vjs acoo acoq acop = htr
vjt acoq acop acoo = wvr ijc iai oqn
vju acop acoo = qvg
vjv = bab bvo xly ssj
vjw acop acoo = msx
vjx acop acoo = hqt zgr fqd
vjy acoq acoo acop = lxf
vjz acop acoq acoo = sut djc hok zmt aats
vka acoq acoo acop = tti
vkb acop acoo acoq = swi
vkc acoo acop = ado
vkd acoo acop = iil pzv
vke acoo acoq acop = nan abfe
vkf = kvl bl
vkg acoo = mzj hgx fio
vkh acop acoo = rgr
vki acop acoq acoo = pyd
vkj acop acoo acoq = hrq
vkk = rco dcp
vkl acop acoo = vnn
vkm acoq acoo acop = mgc wos
vkn acop acoo = iiw mbe sri hvo
vko acoo acop = woe nub
vkp acop acoo acoq = mtc
vkq acop acoo = ovg
vkr acop acoo = cue osq iwb acmt
vks = abmy aabz abld
vkt acop acoo acoq = smn
vku = ngl
vkv acop acoo = cre
vkw acoo acoq acop = xtv
vkx acop acoo = zx
vky acoo acop = dsr
vkz = rzh
vla acoo = fzh vvt njf vyt
vlb acoq acoo acop = acad
vlc = eqd fdz dty abku
vld acop acoq acoo = hii
vle acoq acoo acop = sdb
vlf acop acoo = hr
vlg acoo = jmn
vlh acop acoo acoq = gkr
vli acop acoo = ljs
vlj acop acoo = mxk
vlk acoo acoq acop = to
vll = hkv
vlm = lsd lon aani bdk
vln acoo = hqu
vlo acop acoo = abnl
vlp acop acoo = fzo
vlq acoo acop = kkq
vlr acoo acoq acop = adl
vls = vck
vlt = ree
vlu = xag pne yrj sde
vlv acop acoo = hsm mcp
vlw acoo acop = jfp
vlx = kvp
vly acop acoo = rei
vlz acoo = ogq
vma acoq acop acoo = aaec
vmb = zkb cth
vmc acoq acoo acop = bdb
vmd acop acoo = zse
vme acop acoq acoo = iwo fvf
vmf = kap naa
vmg acoo = sjk qwl bxe fbl
vmh acoo = hhp sjx rkp jvv
vmi = iwb
vmj acoo acop = yzl
vmk = jfg
vml acoo acop = jti
vmm = ejr
vmn = acks
vmo = tdc qoz
vmp acop acoq acoo = abmu ada nvz
vmq acoo acop acoq = tfp
vmr = emk xaf
vms acoo = juf hkn eir
vmt acoo = juz maw fke
vmu acop acoo acoq = jdi jas glr fse
vmv acoq acop acoo = ypb
vmw acoo = dvh
vmx acoo = rln mde emu
vmy = otk zlk
vmz acoo acop = wxv
vna acoo = accy bim jcx
vnb acoq acoo acop = ang
vnc = dxm
vnd = auv qlw
vne acop acoo = cvj
vnf acoo acop = eoa wlg nxv wey
vng acop acoo acoq = alb gdl yiw
vnh acoo = hex
vni = qhm fjq (zej aei)
vnj acop acoo acoq = vgz
vnk = arc
vnl acop acoo = ldk
vnm = bil
vnn acoo acoq acop = sxo
vno acoo acop = aany (ndq acjj dzg)
vnp acoo acop = pst
vnq acoo = uab mos abwa
vnr acoo acop = tqi
vns acoo = aapx
vnt acoo = noq wie hwy rni
vnu = acch
vnv acoo = zrk
vnw acoo = abbd oxd abty
vnx = rrq ffx
vny acoo = uqi
vnz acoo = wea
voa acoo acop = paa
vob = pfg
voc acoo = tkf fpa
vod acop acoo = hla erw
voe acoo = jlz
vof acoo acop = cxx
vog = cbw
voh acoo acop = iaw tig
voi = wfw
voj acoo = avm lqe qxt odd
vok acoo = lr dax
vol acoo acoq acop = lmr
vom acop acoo = sv
von acop acoo = lwa jjc
voo acoo = ila xmo
vop acoo acop = acoc
voq acop acoo = acii rgf
vor acoo acop = vzk
vos acoo = rqw bwb hse
vot acop acoq acoo = zdb mqb zxv jhu uwq
vou acoo = bqy acbe xvx
vov acoo = kdc tcw
vow acoq acop acoo = yxx
vox acop acoo acoq = qvl aamp
voy acoq acoo acop = ihu gpw
voz acoo = jwb
vpa = rmh zxx
vpb = abrg
vpc acop acoq acoo = wda ass
vpd acop acoo = owj nws cow
vpe acop acoo = wxc
vpf acoo acop = hin
vpg acoq acop acoo = xpi jij kzg
vph acoo = ong
vpi = njz
vpj acoo acoq acop = lti
vpk acoo = wax acia uyq
vpl = acjf akj
vpm acop acoo = gxi
vpn acoo acoq acop = huh
vpo acoo = aadf
vpp acoo = iev jbc
vpq acoo acoq acop = wvi abom
vpr acoo = abyr
vps acoo = ecz gef
vpt = dqc uvq
vpu = dkd vmm
vpv acoo = zx
vpw acoo = oof
vpx = gty
vpy acoo = idb xoj abhe cfq
vpz acoo acoq acop = viw
vqa acop acoq acoo = dpm
vqb = mpf
vqc = kui
vqd acop acoo acoq = nry iln aun qmd
vqe = hxb
vqf = yro lht agw
vqg acoo = mbw
vqh acoq acoo acop = ieg
vqi acop acoq acoo = dew
vqj acop acoq acoo = kjy
vqk acop acoq acoo = tdc vao
vql acoo = tlq bbl ycc
vqm = oeh
vqn acoo = owr
vqo = ios tpu sbk ypg wbq
vqp acoo = abda
vqq acoo acop = abtl lva
vqr acop acoo acoq = gzz
vqs acoo = lzm dvu
vqt acop acoq acoo = xpz gtm vtb
vqu acoo acop = euk sox
vqv acoo acop acoq = pzo ho
vqw acoo acop = apj
vqx = mrr
vqy acoo = imo yvw sja
vqz acoo = wsz hqw
vra = aoj
vrb acoq acop acoo = isx saf
vrc acoo acop = cbm qem pa
vrd = yvc
vre acoq acoo acop = pdr ppr fph
vrf = hvf jrw
vrg = mvp
vrh acoo acop acoq = olo agh mkd
vri acoo acop = zsd
vrj acoo = jp
vrk acoo acoq acop = aalr iva ncz iog lpt
vrl acoo acop = jfc
vrm acoo acop = ior gss lvt
vrn acoq acoo acop = ywv yby eho mrp aamb
vro acoo = wve sog bgj
vrp acoo = bpk
vrq acop acoo = abno
vrr acoo acop = kct dat
vrs = lnn
vrt = ldd
vru acoo = rgc roc sbb nxw
vrv acoo = zgc
vrw acop acoq acoo = rjt dkv nws
vrx acoq acoo acop = xcc
vry acoo = abzr
vrz acoo acoq acop = gdx edr xqy
vsa acop acoo = bhp
vsb = uhe nu
vsc = hiz (abfn bjl)
vsd acop acoo = mpr
vse acoo acop acoq = qke
vsf acoo = acgp
vsg = tjs
vsh acoo = khq bld eqm
vsi acop acoo = ion
vsj acoo = fez
vsk = buf agx cge
vsl acoo acop = qsn
vsm acop acoo = jzx
vsn acop acoq acoo = ctm pay nzh abpg x
vso acoo = rhw
vsp acop acoo = lga jte
vsq acoq acop acoo = vfp ghc dtw
vsr acoo = hxo wsc ieu qqq
vss = ggm
vst acoo acop = mwp
vsu acop acoo = wzo
vsv = fvj
vsw acoo acoq acop = wth ikc abai
vsx acop acoo = esj
vsy = wjs
vsz acoo acoq acop = cud
vta acop acoo acoq = uai
vtb acoo = rpe
vtc acoo = exb
vtd = rbo nmq
vte acoo = syz gi hdz xrn nm
vtf acop acoq acoo = yid trr
vtg = gqf
vth acoo = soh
vti acop acoq acoo = fly brw acdg abtv
vtj = ppq yxg dcu
vtk acoo = dqu uuk rrs
vtl acoo = mra
vtm acop acoo acoq = abem
vtn acoo acoq acop = eze mxn
vto acoo acop = qdj drb
vtp acop acoq acoo = hc
vtq = aalb tfe
vtr = uyj
vts = mna
vtt acop acoo = fbk xgi
vtu acoo = etb
vtv = aph
vtw acop acoo = rf
vtx acoo = lij qjm
vty acoq acoo acop = lsz rri qwn
vtz acop acoo = mak
vua = jpu rab sba
vub acoq acop acoo = efz
vuc acoo acoq acop = nrq
vud = zpo vvo dum (pci tks)
vue acoo = acak aclm
vuf = mpp
vug acoo acoq acop = mf
vuh acoo = ffz iak hsq nkm
vui acop acoo = ato sqw cse ill ddi
vuj acoo = aavx
vuk acop acoo = ycr puw
vul acop acoo acoq = mmn
vum acoq acop acoo = eoa aarp cmb
vun acoo = wk lmz
vuo acoo acop = fjr bms feu
vup acop acoo acoq = aarg
vuq acoo acop = toq
vur = oas
vus acoq acop acoo = aamm
vut = gqj qgl
vuu acoo = wzj cpt ykj nf
vuv acoq acop acoo = yfa
vuw acop acoo acoq = ump
vux acop acoo = aacy
vuy = abis
vuz acop acoo = gua
vva = qlw
vvb acoo = uis
vvc acop acoo acoq = mmu uzu abhj
vvd acoo = dbh
vve acoq acop acoo = zca nib
vvf acop acoo = khb
vvg acoo = dfz doq
vvh = ygl
vvi acop acoo = wgy
vvj acoo acop acoq = aakz gti trt
vvk acoo = rcv
vvl acoq acoo acop = obx aahe
vvm = abdu cdz
vvn acoo acop = qx mxm nkw vrr fqc
vvo acop acoo = cro znq zkr
vvp acoo acoq acop = wcy
vvq acop acoo = fyw
vvr acoo = fbn
vvs acoo acop = qkj
vvt acoo acoq acop = ehm
vvu acoo acoq acop = dem
vvv = emw qcr uey hti
vvw = quz
vvx acoo = aio
vvy acoo = sbs ebk hne qmy
vvz acop acoo acoq = fxe yjr qqy exc
vwa acop acoo = dpd abcn
vwb acoo = gdo vwc
vwc acop acoq acoo = xgx
vwd = anu qlg qsf ibb
vwe acoq acoo acop = kah swj xtj pdp
vwf acop acoo acoq = ctu
vwg acoq acop acoo = uzg
vwh acop acoo = nmk
vwi acoo acoq acop = utj
vwj acoo acop = tgt klr dkb
vwk = abya oix
vwl acoo = wpf
vwm acop acoo acoq = upg
vwn = zc (xyw ibu) qcp bof
vwo acoo acop = zkn gdw (wvi vjv)
vwp acoq acop acoo = qjf mzy dzy
vwq acop acoo acoq = lph lt bjb
vwr = jqr
vws acoo = nuz
vwt acoo = nmy
vwu acop acoo = jos kdc
vwv acoo = sfb
vww acop acoo = kax ako ocl
vwx acop acoo acoq = rmc
vwy acoo acop = lxh
vwz acoo acop = ctl
vxa acoo acop = acdc
vxb = asz xvl
vxc acop acoo = eez
vxd = pla
vxe acop acoo acoq = bar
vxf acoq acoo acop = rdf
vxg acop acoq acoo = ieo
vxh = kjn
vxi acop acoo acoq = ont
vxj acoo = mnt kbm xnl
vxk = tjz
vxl acop acoo = xal
vxm acop acoo acoq = ut cqb
vxn = eap oav ynp enb mec
vxo acop acoo acoq = pen mws cxq
vxp = dfa
vxq acoo = mlq dxy rav
vxr acoq acop acoo = jfb
vxs acoq acop acoo = sd
vxt acop acoo = cin
vxu acoo acop = wnl
vxv acoo acoq acop = aatu
vxw = hnw ecw acda
vxx = xl zac abdl
vxy acoq acop acoo = wxt
vxz acoo acop acoq = vti
vya acoo acop acoq = shi abko jrm
vyb acoo acop = ydj rro frk ige
vyc acoo = rkl lhy abjo
vyd = ogu
vye acop acoo = rem
vyf acop acoo = nmw
vyg acoq acoo acop = mnh
vyh acoo = ktg
vyi acoo acoq acop = xrn kxk
vyj acop acoo = fgn ohe vne mdp
vyk = tqx
vyl acoo acop = aagj
vym acoq acop acoo = lxe jho yi
vyn acoo acop = abqi abiy xka
vyo = yti zck
vyp = cua
vyq acop acoo = okj
vyr = grp
vys acoo = mas acoo
vyt acoo = mgy
vyu acoo = oke edg frd
vyv acop acoo = fek xcf phf
vyw acop acoo = sji
vyx acoo acop = fss cxg
vyy acoo acop = nld wsb tam eqm
vyz acoo = nee
vza acoo = nks
vzb acoo acop = dci xoi fce mqp
vzc = grp ycx
vzd acoo acop = btm
vze acop acoo = dds mhx
vzf acoo = oen
vzg acoq acoo acop = gxb lw
vzh = rac
vzi acop acoo = fau
vzj acoo acop = jrt cnc
vzk acoo = uea
vzl acoo = qkz
vzm acoo = fqp
vzn acop acoo = rxp
vzo acop acoo = pgs
vzp acoq acoo acop = whw ja olp msr
vzq acoo = ael kit gdj sdi
vzr = beg
vzs acoo acop acoq = ctk e tma jbv
vzt acop acoo = jve
vzu = abrb lro aaws jrf
vzv acoq acop acoo = swb
vzw acop acoq acoo = syo ufc
vzx = abbe
vzy acop acoo = dky
vzz acop acoo = klk
waa = glv
wab acoo acop = qjh
wac = lup
wad acop acoo acoq = fpa
wae acoo = tdm xyf dna
waf = qqh
wag acoo = hy ybz
wah acoo acop = ygr
wai acoo acop = uf vhz uel ncr
waj = sxd ppo pyr
wak acoo acop = lda ilg leb fms
wal acoo = app abhl
wam acoo = uxe sht (tsc xea)
wan acoo acop = lxr
wao = whs hky ssq mxl
wap acoo = cmi jzg apl
waq = aadm abas uot
war acoo acop = slp
was = lfi cvv mdl
wat acoo = jfi jiw (zgl ifw)
wau acoo acoq acop = uds
wav acoo acop = aagu mcw
waw acoq acoo acop = oce
wax acoo = tsr
way acoo = vbk
waz acoo acop = xoj bzr lml ujr
wba acoo = oro
wbb acoo = jzw
wbc acoo acop acoq = kbv
wbd acoo = dmd
wbe = acid abxk xcw tjs
wbf = dnm
wbg acoq acoo acop = nwe
wbh = xij
wbi acop acoo = qbm
wbj acoq acoo acop = yrp
wbk acoo acop = uxk
wbl acoo = chs
wbm acop acoo = mwl abrc zp lrc
wbn acoo acoq acop = qjt
wbo = aaiy agn
wbp acop acoo = ovt
wbq acoo acop = dta jjp ua
wbr = abtl
wbs = zex
wbt acoo = ceu
wbu acop acoo = mfb
wbv acoo = xwp zwy agr
wbw acop acoo = zif
wbx acoq acoo acop = ukz acmj
wby acop acoq acoo = aawe
wbz acoo = wjf
wca = oqw aak nes qnt
wcb acop acoo = yyc
wcc acop acoo = nln
wcd = qdm
wce acoo = sok ma
wcf = acon gfc xxu ugu pkm
wcg acoo = skt
wch acop acoq acoo = nzo hly ofd
wci acoo = xcg
wcj acoo acop = aaan
wck acoq acoo acop = vig dwv
wcl acoo acop = vfm exo aaxm
wcm acoo acop acoq = pxk
wcn acoo = ydw
wco acoo acop acoq = duq
wcp acoo = ncv
wcq acoo acoq acop = nlv aarp
wcr acoo = gmz mlx
wcs acoo = lcg wph tuh
wct = pnx
wcu acoo = lma nfg
wcv acoq acop acoo = cfz (qq t zji)
wcw acoo = absp
wcx acoq acoo acop = kna
wcy acop acoo = ftf
wcz = ktu
wda acoo = stb
wdb = xox
wdc acoo acop acoq = xwc niy nma
wdd acoq acop acoo = sna
wde acoo = ykt
wdf acoq acop acoo = tk
wdg acoo = lso
wdh acop acoo = twp
wdi = amr qmq
wdj acop acoo acoq = dnh nek wwk
wdk acop acoo = qwq fkk
wdl acop acoo = lab
wdm = zjj vae imn svi
wdn acop acoo = zqv rvq
wdo acoo = qag
wdp acoo acoq acop = fcp
wdq acoo = vsh bf bun
wdr acop acoo = ewn
wds acop acoo = mee
wdt = acja hkn lir
wdu acoo = trr
wdv = tra ogo czy
wdw acoo = xln
wdx = ycp
wdy = bxk
wdz acoo acoq acop = jbt qxe mnh aasw
wea acop acoo acoq = zdl
web acop acoo = tef
wec = llk cqf
wed = yzv sqx
wee = jjw
wef = aakz fkc aapw qjf
weg acoq acop acoo = zvm
weh acop acoo = xfy
wei acoq acop acoo = hqr wlc idn
wej acoo acop = czz
wek acoo = dzb
wel acop acoo acoq = cle
wem acop acoo = abpb vwm abat
wen acop acoo acoq = ryb isu
weo = qae pyi
wep acoo = arh
weq acoo acoq acop = uhb qto
wer acoq acop acoo = fbm
wes acoo = xgh aasi wax khr
wet acoo = klg xbj ele aapj
weu acoo = idj clq
wev acop acoo = cd
wew acoo acop = oxq fen
wex = tjl yna gdw hne
wey acoo acop = ayt
wez acop acoo = ahp oko kdk wbc
wfa acoo acop = cwl zah ackv loj
wfb acoq acop acoo = gvv
wfc = zlp
wfd acoo = mqd
wfe acoo acoq acop = lpm
wff = jqa ngk woc rco
wfg acoo = rux
wfh = xik kin
wfi acoo acop = htg hkt
wfj acoq acop acoo = zvb
wfk = bvs ksc
wfl acoo acop = mcx zaa aala
wfm acoo = abne
wfn acoo = rjk qok pmm
wfo = gil
wfp acoo acop = jlp zfw tbt
wfq acop acoo = cyb
wfr acoo acop = wpa
wfs acoo acop acoq = kjy gqc
wft = cua aauh abgt
wfu acoo acop = bqh
wfv acoo = aclv pwr
wfw = spr
wfx acoo acoq acop = ijg day xmz
wfy acop acoq acoo = qzd
wfz acoo acop acoq = zbo
wga = rhi
wgb = hze
wgc acop acoo = dey
wgd = swa
wge acoo acoq acop = uyf
wgf acoq acop acoo = yai vzo iir hdh
wgg acoo acoq acop = bdj ojd wbu xwm uvp
wgh acoo acop = kvo
wgi acoo acop = iar jti
wgj acoo = zuv cfh
wgk = vtq zry aaai kso
wgl acoo = zpu
wgm acoo = eiz
wgn acoq acop acoo = cxn
wgo = sdr abmr ovx
wgp acoq acoo acop = ukl aaya
wgq acoq acoo acop = toz ksj mvu
wgr acoo = achy
wgs = uns jhd nws vow
wgt = pmf yhm
wgu = bef
wgv acop acoo = csb
wgw acop acoo = eie cpt hvs aey
wgx acoq acop acoo = nni
wgy = zcl
wgz acoo = ucf
wha acop acoo = bzq
whb acoo = jqe
whc acoo = shb ngt
whd acoo = oht
whe acoo = rna ont (qgu qpk)
whf acop acoo = xij qpr
whg acoo acop = ckd aank nyy
whh = iwc azw
whi acoo = tr
whj acoo acop = jk
whk = qsp
whl acoo acop = epm
whm acoo = txv zf ncu
whn acop acoo = gml mvx
who = rwb
whp acoo = nfx tfd (zsr abig)
whq acoo = gpz eab cwd xwj
whr acoo acop = qkb acx iqa nyb nra
whs acoo acop = fi ncn (cyc njv)
wht acoq acoo acop = qdq (sqd wln) xon
whu acoo = byn xwn
whv acoo acop = om spu coo
whw acoo = age gqc xkh tou
whx acoq acoo acop = wll rby chh uxe
why acoo = qdd
whz acop acoo = vbr
wia = nyf
wib acoo acop = qfu
wic = bkh
wid acoo = jc
wie acoo = exi
wif acoo = wzf
wig acoo = hns
wih acop acoq acoo = fxj
wii acoo acop = goo
wij acoo acop = zzh
wik acop acoo = gnd ana woz
wil acoq acop acoo = pbf
wim acoo = klj iot ucm vbz
win = acnd
wio acop acoo = iii yod
wip acoo = mse
wiq = wia
wir acop acoo = gau
wis acop acoo acoq = kd
wit = tew idg gfq wvj
wiu acoo = uix aaav
wiv acoo acop = hdl aaxz rdm qvg
wiw acoo acop = yuz
wix acoo acop = aazn pfy
wiy acoo acop = ljw lyq abrv
wiz acoo = wx van rwg ugc
wja acoq acoo acop = nf abme khk
wjb acoo acop = zto yjs ycd
wjc acoo = mul aapg
wjd acop acoo = tai
wje acop acoo = vsa
wjf acoq acoo acop = byx xif
wjg acop acoo = rrt rtg fno nyr
wjh acoo acop = ews
wji acoq acoo acop = shl
wjj = xvq
wjk acoo = cp qzc csl yuq
wjl = ehh vpb
wjm acop acoo acoq = nzv
wjn = dwe qi
wjo acop acoq acoo = nmj
wjp = zsz
wjq = hkv
wjr acoo acop = lrk
wjs acop acoq acoo = bgn
wjt acoo acop acoq = fjp
wju acoq acop acoo = sqa (rso abkz)
wjv = uhm
wjw acoo = ngp
wjx = eec
wjy acoo = pjd (gmi tgo)
wjz acoq acoo acop = umd
wka = abwv
wkb = esl
wkc = spj
wkd acoo = zxz
wke acop acoq acoo = aale yzn yqh pwn
wkf = zka
wkg acoo = lvt acbc
wkh acoo = abfp
wki = acju lc uhz skd
wkj acop acoo = bkn
wkk acoo acop = upz
wkl = aclf
wkm acoo acoq acop = mbj xpl (hby qou)
wkn acoo = bdj
wko acoo = aog jtw hjz
wkp acoo acop = kzc kom
wkq = ycl
wkr = vsv zry
wks acoq acop acoo = abed
wkt acop acoo = buh
wku acoo = mtx dcq unq rak oqa
wkv acoo acop = bbr yen pxi bct
wkw acoq acop acoo = xfi dc zok
wkx acoo acop = ewe acao ewn urd prq
wky = lnl nav gda
wkz = lwy
wla acoo = bts xgu rkh
wlb = whh bsn cr ghs
wlc = dnz
wld acop acoo = abkf
wle acop acoo = lpp nxa
wlf = tlo yxl xem bxy
wlg = rix qlh ihq mtj
wlh acoo = aun
wli acop acoq acoo = xms sbf
wlj = gqa
wlk = joa icp
wll acoo = xvy sxs
wlm = bgp
wln = aava abzo npi
wlo acoo = jha
wlp acoo = hkn
wlq acoo = atl eme mnk
wlr acop acoo = ftc ackz lra bnm acbg
wls = zmq
wlt acoo = glg bjw
wlu = rns
wlv acoo = uoy fqv odf gto
wlw = hix
wlx acoo = kaw
wly acoo = krt
wlz = csf bop
wma acoq acop acoo = cvr
wmb acoq acoo acop = ybd qif
wmc acoo acop = npt uxn bqh
wmd acoo = nhq erc fxa
wme acop acoq acoo = tiz
wmf acoq acop acoo = daj bqo nrq ioo
wmg acoo acop = gpz ast
wmh acoq acoo acop = wkf qpv ukb acgf
wmi acoo acop = pdy
wmj acoo = tju nvd
wmk acoo = cb
wml acoo = sxe mjw acbs
wmm acoo = vdd
wmn acoo acop acoq = hfv
wmo acoo acop = qum qpd
wmp acoo = gmq
wmq = aage
wmr acoo = bhl
wms acoq acop acoo = uga kbd
wmt acoo = ola
wmu acoo = gfg
wmv acoo acop = veg fio
wmw = gbe
wmx acoo acop = lsn
wmy acoo = txa jdl vea
wmz acoo = thb sbf
wna = jux
wnb = xwi
wnc acoq acop acoo = zdl
wnd = yik
wne acoo acop = aab
wnf acoo = isg
wng = uqn
wnh acoo = aazu
wni acoo = aaih rfx
wnj = weh otn
wnk acoq acoo acop = pzs
wnl acoo acop = lew
wnm = heu
wnn acoo = rtn aatz
wno acoo = vnn oii atk rnw
wnp acoo acop acoq = thn daf
wnq acoq acoo acop = hdm tph
wnr acoo acop acoq = pby jno ipe
wns acoo acop = abwm aayo
wnt acoo acop = bwf zag
wnu acop acoo = lhv nwk ktv
wnv acop acoo = hcm cqd lel row
wnw acop acoo acoq = ans
wnx acop acoo = xob tti tvw jag
wny = fxs
wnz acoq acop acoo = msz kwk (wz omc)
woa acop acoq acoo = tfr fuf
wob acoq acop acoo = vxz
woc acoo acop acoq = aaem abce das
wod acoq acop acoo = oor
woe acoo acop = pyh
wof acoo acoq acop = kae
wog acop acoq acoo = krh
woh acop acoq acoo = daw rzc oir
woi acoo = vwy ezs vb
woj acoo acop = vqd isg rdb
wok acoo = aacw
wol acoo acop = kfh
wom acoo = dwm ihu bno tmm
won acoo = hws qjf
woo acoq acop acoo = nfo aaqm lmv fuu
wop = kqw rjd ihq wol
woq acop acoo = ksk rlz
wor acop acoo = pid
wos acop acoo acoq = nub pwa vtq
wot acoo = pjf
wou acoo acoq acop = rjr eoq
wov acoo = szo
wow acoo = tda abpz
wox acoo = cvz (saj sik)
woy acoo = ioi
woz acoo acop = ewz
wpa acop acoo = doy
wpb = wmy rmu cti
wpc acop acoo = wnu tur
wpd acoo = pls lkj lba
wpe acoo acop acoq = twn
wpf = szr uaq mnu
wpg acop acoo = lpj xej aclw
wph = ubo
wpi = wbq deq yfc
wpj acoo = sqk
wpk = ygu
wpl acop acoq acoo = qnd
wpm = yqh
wpn acoq acop acoo = abua fbu sln nct
wpo acoo acop = lct sei sgy
wpp acop acoo = gfo mkm acis aakt
wpq = dou iyj
wpr acoq acop acoo = tgx yfz fqy
wps acoo = aalw
wpt acoo = uwx
wpu = nmm
wpv acop acoq acoo = rtu gza abi acln
wpw = dfb
wpx = ixg
wpy = jmf eqs
wpz acoo = acoo
wqa acoo acop = icr mwv knl
wqb = abiu
wqc acop acoo = laf
wqd acoo = ary
wqe acoo acop = rcg fjf svf
wqf acop acoo = aan
wqg acoo acop = vxd vir
wqh acoo = shv
wqi acoo acop = huc gqp
wqj acoo = rsw
wqk acoq acoo acop = naa
wql acoo acop = ag xja ffh
wqm = eul ope lhz onj
wqn acoo acop = qab
wqo acoo = lkt
wqp acop acoo = qpi
wqq = lqx tkp xv abnc
wqr = abvz
wqs acoo acop = myd
wqt = yom gtq
wqu acoq acoo acop = aaiw
wqv = bqf
wqw acoo = vds qtu
wqx acoo = qme
wqy = tev
wqz acop acoo = kdf ndk czt ghl
wra acoo = spv mbc
wrb acoo = osb
wrc = aki
wrd acop acoo = nat
wre acop acoo acoq = fmo cxs
wrf = tkq
wrg = bln
wrh = vid
wri acoq acoo acop = gqq
wrj acoo acoq acop = jad
wrk acop acoo acoq = sgx ygq
wrl = xgm zvp pyu
wrm acoq acoo acop = evs
wrn acop acoq acoo = rvd kjx zqz
wro acoo = hqy ntw
wrp acoo = rxh
wrq = uxw
wrr acoq acoo acop = csa vcd ggs ayk
wrs acop acoq acoo = wcw
wrt = zqp vwk
wru acoo acop = juf
wrv = len bss jry jep
wrw acoo = abvk
wrx acoo = bbg vgg
wry = acei un jht
wrz acoo = pbp rzj
wsa = zfi
wsb acop acoo = abky
wsc acoo acop = hqm (mzn trq qbg)
wsd acoo = kpx acoo aabg
wse = upj
wsf acop acoq acoo = zmr kkd
wsg acoo acop acoq = bgo (pml qao crp) vxo
wsh acoo acop acoq = rdm
wsi acoo acoq acop = km
wsj = nne ngp ehr hbh
wsk acoo = nca bli qvw acjr
wsl acoo acoq acop = law
wsm acoo acoq acop = rie wou xox
wsn acop acoo acoq = ebm bqv
wso acoq acoo acop = abuo ysa abeg
wsp acoo acoq acop = jln
wsq acop acoo = gcn gdl
wsr acoo = juh
wss acoo = ohm hqs yqt kzw
wst acoo = bds
wsu acop acoq acoo = vqe
wsv acoo acop = abga (vyp rhx pui)
wsw = ntb
wsx = peb
wsy acoo = zut
wsz = lca oal hut
wta acop acoo = lad
wtb acoq acop acoo = uhj
wtc acoo acop = sam frk
wtd acoo = ghu
wte acoq acoo acop = ugi zyb ejv
wtf acoo acop = sit swp (lmx hhj)
wtg acoo = vfz
wth acoo acop = knq
wti acop acoo acoq = pvz eym nan qfz rkf
wtj = sgv aawx
wtk acoo acop acoq = lcb xeu
wtl = abkt
wtm acop acoo = awe kpl
wtn acoo = eco
wto acoo acop = dg
wtp acop acoo = bhj tpu exx
wtq acop acoo = wob
wtr acoo acoq acop = jsb qu abid
wts acoo acop acoq = zqp jxx odc
wtt acoq acoo acop = knb niz cub jcx
wtu acoo = mbq
wtv acoq acop acoo = prz
wtw = wlj
wtx acoo = gat epo whc
wty = icg
wtz = yam gxw mgn
wua acoo acop = mcr
wub acoo acop acoq = sub moa
wuc acoo acop = lrp
wud = aauj tbn
wue acop acoo = zwv fzc aabj
wuf = abfn
wug = qqb
wuh acoo acop acoq = oza xhx
wui acoo = xmy foa tjv bqv
wuj acoo acoq acop = qak gmq dql
wuk acop acoo = srv
wul = xpg ody pbi uyh
wum = jgd
wun acoo acop acoq = ohz jku
wuo = ity
wup = qfz
wuq acoo acop = abyz
wur = sqv fwk hfj rli
wus acoo acop = upd orx cni psk
wut acoo = buh
wuu = udr qix loj (ipa ptp)
wuv acoo acop = aaas
wuw acoo acop = abbh
wux = aaep abna
wuy acoo = emu rdv okl
wuz acoq acop acoo = yiw juj abnb kwn qt
wva acoo = abe (hbi bqw)
wvb acoo acop acoq = zaz
wvc acoo acoq acop = nwu
wvd acoo = xfe aasx
wve acoo acop = yvh pur bys
wvf acop acoo = ykv
wvg acoo acoq acop = gcp
wvh acoo = uod
wvi acop acoo acoq = eqa ozr
wvj acoq acoo acop = pud
wvk acoo = vfi abhh tuj
wvl = xcv
wvm acoo = aacm
wvn = nbw
wvo acop acoo = inj vmh aclb
wvp acoo acop = xts
wvq = absy yas
wvr acoq acop acoo = icw ljz otb
wvs = zhk
wvt acoo acoq acop = omm err vtd
wvu acoo = yte
wvv = mzz
wvw = xa
wvx acop acoq acoo = aac
wvy acoo acoq acop = ohf abvn
wvz acoo = lfz
wwa acoo acop = jos sxv
wwb acop acoo acoq = ggk fkf aabp
wwc acop acoq acoo = jfj
wwd acoo acoq acop = nwx aasg bjd
wwe acop acoq acoo = irh
wwf acoo acop acoq = mxs
wwg acoq acoo acop = xmu
wwh acoo acop = rfe fqt mwa
wwi acoo = blc
wwj acop acoo = jfe duz pwn
wwk acoo acop = xdy
wwl acoo = syf hji xfz
wwm acop acoo = nzf ufs jmx lgb qqe
wwn acoo = aavd
wwo acoo acoq acop = fwb voo
wwp acoo acoq acop = vnp hvn itz
wwq acoo acop = inj
wwr acoo = ttu
wws acoo acop = vmb abqd ub
wwt = abcc vaz knn
wwu acop acoq acoo = otm
wwv acoo = xst
www acoo acop = qyt igl ypj (abrj urg)
wwx acoo = tex
wwy = gql
wwz acoo = hyf
wxa acoo acop = dpk
wxb acoo acop = amm
wxc acop acoo acoq = abab zce xiy ffo
wxd acoo = roo
wxe = abqq
wxf = zmi
wxg acoo = bem
wxh acoq acop acoo = str
wxi acoo acop = smb
wxj = ah ixw boc
wxk acoo = xdc
wxl = aarn
wxm = ldr (acdw xgc pxd)
wxn acoo = ccl
wxo acop acoo = vhf
wxp acoo acop = cuy sum ywd lge sqs
wxq acop acoo = gqv aakv
wxr acoo acop = fyr
wxs acoo = euv aben nss opb
wxt = zre kag
wxu acoo = zoz
wxv acoo = uqy mrb
wxw = tiw
wxx = si
wxy acoo acop = tse
wxz = qp
wya acop acoo = kit
wyb = xrw zhy
wyc acoo = kwo imw
wyd acoo = wvx
wye acoq acoo acop = yea sqk lsv cyw cvb
wyf acop acoo = rqv qcz
wyg acoo = xhr mtm
wyh acoo acoq acop = abfv gtr ycn
wyi acop acoo acoq = aajc
wyj acop acoo = hjr fmt
wyk acop acoo = cdw eee
wyl = ihv
wym acoo = wel wut
wyn = ayl
wyo = eed
wyp acoq acop acoo = rdc
wyq acop acoo = ppn cmf kqg
wyr acoq acoo acop = ghq gwr okr kfn
wys = jnu
wyt = ore ebl
wyu = iun
wyv acoo = gin
wyw = qvl
wyx acop acoo = ojj
wyy acoq acop acoo = udm dmi cga
wyz acoq acop acoo = zfr wfk mkq
wza acoo = yby
wzb acoq acoo acop = ums
wzc acoo acop acoq = uju
wzd acoo = nls myb
wze acoq acop acoo = lil zwz
wzf = eby
wzg = ljs
wzh acoo acop = aant
wzi acoo = quv erl
wzj = cuz
wzk acoo = ort
wzl acoo = jjj
wzm acoq acoo acop = abxg hce
wzn acoo acop = qwl
wzo acoo acop = gpb
wzp = vmv lvp abdx eek
wzq acop acoq acoo = nln
wzr acoo = bpk
wzs acop acoo = bcr gst qqs va mmb
wzt acoo acoq acop = oud
wzu acoo acop = mwo abiu
wzv acoo acop = rcj mmh (xqc ag)
wzw = pfb
wzx acoq acop acoo = ewl hbf
wzy acoo = kio
wzz acoo acoq acop = hnf
xaa acop acoo = qty
xab acoo = jcz gwy fvn xp
xac acop acoo = ymv
xad acop acoo acoq = qpl
xae acoo acoq acop = cdg
xaf acoo acop = abqj rwg
xag = evl kam
xah acop acoq acoo = nhh (jpg acgv aapp)
xai acoq acop acoo = cfb
xaj acop acoo = kvr evl abbb
xak acoo = alo
xal = gzk
xam acoo acoq acop = wwl
xan acoq acoo acop = khn
xao = hzq voc bjj
xap acoo acop = xcc
xaq acoo = lso
xar acop acoo = acly zdy
xas acoo = yio hcx
xat acoo acop = ajq
xau = srb
xav = pnd
xaw acoo = kzz nvk qol
xax acoo = wii
xay acoo = oxx mla exi
xaz = cvd
xba = ubx wrr ldc
xbb acoo = wwd
xbc acoq acoo acop = gwk
xbd = kxx
xbe acop acoo acoq = kft uqv bcg
xbf acop acoq acoo = accl
xbg = abuw
xbh = abfg
xbi = ryn
xbj acop acoo = uyi
xbk acoo = ybr
xbl acoo acop = twa
xbm acoo acop = gwq
xbn acop acoo acoq = ydd (rzi oyy nze fvx)
xbo acoo = plb
xbp acoo acop = vdz acdd
xbq acoo = bsx ngh
xbr acoq acoo acop = jep
xbs acoo = mum tgt
xbt acoo = ufv
xbu acoo acop acoq = aaxg
xbv acoq acop acoo = pwh
xbw acop acoo acoq = swo ghi
xbx acop acoo = la (lch dxv)
xby = ubo jyu xzl acmo dqs
xbz = idu mrw gab mdu
xca acoo acop = lrj pdz lcx
xcb acoo acop = ytr
xcc acoo = sjv nrz
xcd acop acoo = xpy fej wjt bsi
xce acop acoo = sbg
xcf acoo = hti kcg
xcg = adb
xch = yzi
xci acoo acop = src rjb hpe pdm abrg
xcj acop acoq acoo = svh fam zbo
xck acoo = fau yle
xcl acoq acop acoo = ely cun rdx yik gbi
xcm = wxt ctp
xcn acoo = bvw acdl
xco = onn
xcp acoo acop = jeq
xcq acop acoq acoo = oib
xcr acoo = rdb
xcs acoq acop acoo = jwt aadj
xct = hgk
xcu acop acoo = kpz wem
xcv = aclm abiy aaxf piz qip
xcw acop acoo = bfy
xcx acoo acop = avh
xcy = cls abeb
xcz acoq acop acoo = hdq
xda = sgf (zll ncm abrr mdt)
xdb acoo = oto acci
xdc acop acoq acoo = ofa ijf raf
xdd = fja
xde acop acoo = aagh
xdf = lid apz
xdg = vnn ipt gbl fha
xdh acoo = ytn
xdi = lgb kvd fmp
xdj acoo acop = vsu ygo
xdk acoo acop = fis
xdl acoo acop = aaqv
xdm = jjg xpt lhn
xdn acoo acop = aqf rhd uem
xdo acop acoo = fua ppf
xdp acop acoo = wgs
xdq = har
xdr acop acoo acoq = ifj
xds acoo acop = aamw
xdt acoo acop = zui
xdu acoo acoq acop = nff
xdv acoo acop = fbo cll brg
xdw acop acoo = blq
xdx acop acoo = ame sj typ abvh
xdy acoo = mpy gvy tsb
xdz acoo = kts riw
xea acop acoo = qsb
xeb acoo = sbs lim wxm
xec = uxl sf ppd
xed = lsl
xee acoo acop = ota
xef acoo = kij
xeg acoo acop = hxb
xeh acoo = isz
xei acoo = mwo
xej = wnt
xek acoo acop = ehj sfm
xel acoo = abhf
xem acop acoo = jfu gyy ehl yed
xen acoo = van
xeo acoo acoq acop = aawh jpt
xep acoo = ytn ex htg
xeq acoo = abyd omu
xer acop acoo acoq = mt
xes acop acoo = rmr
xet acoo = ym
xeu acop acoq acoo = ixe xrt duz ixe
xev acoo = qoq mjf
xew acoo = zdi
xex acoo = jzb fqr
xey = xwq
xez = ezu dsl
xfa acoo acop = tij mym
xfb acoo acoq acop = aclp
xfc acoo = ovs dys
xfd acop acoo = xqe
xfe acoo = mty dcz pck
xff = inc
xfg acop acoo = ihv aawu pfq nhe
xfh acoo = sui heo
xfi acoq acop acoo = sem
xfj acoo acop = qqj
xfk acop acoo acoq = qnn fi etw
xfl acop acoo = spx nhl igc
xfm acoo acoq acop = suf vzw
xfn = pbr qwt fvp
xfo acoq acop acoo = uxn yob wqo alx
xfp = wrt
xfq = pbo
xfr acoo acop = vha
xfs = ndm
xft = fqf
xfu acoq acoo acop = tog glr brg cab
xfv acop acoo = mcd
xfw = ksc (slj nos)
xfx = acbs
xfy acoo acop = abic
xfz acop acoq acoo = kxg
xga acop acoo = drg nph pxc ttr
xgb = orl
xgc = sys
xgd = lw
xge acop acoo = bgc
xgf acoo = np
xgg acoo = vzh
xgh = boa (qrb acdp)
xgi = dho fwn
xgj acoo acop acoq = mmo
xgk acoo acop = pll
xgl acoo acop = soz hsk png
xgm acoo = rse znh lba
xgn = ytm
xgo acoo = vyx ruj czh abva
xgp acop acoo acoq = vsk tzc qjc zxa
xgq acop acoo = hft
xgr acop acoo = ghj iax rrd
xgs = tl
xgt acop acoo = cag wft vij jvr scg
xgu acoo = abzh
xgv acoo acoq acop = kkg vmq
xgw = izd
xgx acoq acoo acop = bps
xgy acoo acoq acop = abmt afp
xgz acoo = pan
xha acop acoo acoq = idx esr pou ojh
xhb acop acoo = vvb
xhc = dbm yim
xhd acoo = sjx
xhe acop acoq acoo = rse zbk
xhf acoo = bt
xhg acoo acop = cga
xhh acop acoo = lmz
xhi acoq acoo acop = zlo
xhj acoq acop acoo = ovn
xhk = mjq
xhl = myc
xhm = iaq (dcc eaz) zzv
xhn acoo = uyv ngy
xho acop acoo = yky hpl zcm
xhp acop acoo = abzw
xhq acoo = are lnd
xhr acop acoq acoo = abjp aaro edu afb vli
xhs acop acoo acoq = kri
xht acoo acop = dbg vfz (wvs qbq)
xhu acoo acop = jfd
xhv acop acoo acoq = klf kp
xhw acoo acoq acop = sna
xhx acoo = adx
xhy = lig qtt tpp
xhz acop acoo = uki mar yrd xqw tpn
xia acop acoo = zm asj
xib acoo = bqt
xic acoo acop = cmw
xid acoo acop = krk
xie = mry
xif = aua (mgf cbx)
xig acoo acop = syg rax aayl
xih acoo acoq acop = riu ysr rqk
xii acoo acop = wra pzw npd
xij acop acoo = sju acop lmb lpw
xik acoo = zzb (rtz niu) aaxz oxb
xil = llt xsc
xim acoo = pzu
xin acoo acop = nhn
xio acoq acop acoo = cen tra
xip acop acoo = absc hdg lnq
xiq = akn
xir = hlb qul
xis = mcj rws pa
xit acoo = htc zgd xhx
xiu acop acoo = rrx
xiv = qkd
xiw acoo acop = fly
xix acoo = qhw
xiy acoo acoq acop = vkp pwv qmj
xiz acoq acoo acop = vhu
xja acoo acoq acop = dnz
xjb acoo acop = skw
xjc acoo acop = xaq kkb luz
xjd acoo acop = mkt
xje acop acoo acoq = klt pxp xxl
xjf acop acoq acoo = xek jyr
xjg acop acoo = tdu
xjh = rek
xji acop acoo = oxt kmv
xjj = ptu kny aaby wkj
xjk acoo = jwi toh ccq
xjl acoo = sin
xjm = jcg qun abaf
xjn = svw aamx ezq zrw zdy
xjo acop acoq acoo = ulh aafb
xjp = klv
xjq = cfa
xjr = aatm mbx
xjs acop acoo acoq = achm eln nzm iui
xjt acop acoo = pcq eow lis
xju = hl
xjv = vlx
xjw acoo acop = gmi abcp aio
xjx acoo acoq acop = wqg
xjy acop acoo acoq = bku
xjz acoo = ho iua wyr
xka acoo = abgw aceb xzp
xkb acoq acop acoo = ioj xsq rzr
xkc = ovy
xkd = zor
xke acoo = onp
xkf = oyp
xkg acop acoo acoq = abcp fwm pvh msu rni
xkh acop acoo = zpo
xki acoq acop acoo = rfh
xkj acop acoo = umr
xkk acoq acoo acop = da
xkl acoo acop = kyt
xkm acoo = khu
xkn acop acoq acoo = saq
xko acop acoo acoq = pvw
xkp acoo = fak
xkq acop acoq acoo = dzt stk
xkr = krk
xks acoo = abiq cbv
xkt acoo acop = hje
xku acoq acoo acop = aatq
xkv acoq acoo acop = rfw
xkw acoo = eak
xkx = sku yq ixs aame
xky acoo = prs
xkz acop acoo = wfu
xla acoo acoq acop = mon
xlb acoq acoo acop = yhj
xlc = uxf
xld acop acoo acoq = cdc
xle acoo acop acoq = tcy gty jzm xna
xlf acoq acoo acop = izv ivw csu xug gxe
xlg acoo = yau
xlh acoo = qbq
xli acop acoq acoo = kux
xlj acoo acop acoq = vrb
xlk acop acoo = imb
xll = vi
xlm = hdu gw mmv
xln acoo acop acoq = abnz abgb
xlo acoo acop = hsl
xlp acoo acoq acop = nmi rqh agc
xlq acoo = jer hyx
xlr acop acoo = evx iqg
xls acoo acop acoq = enx
xlt acop acoo = tmj (pma abrl jed)
xlu acop acoo = wfo fyh lab gmd
xlv = fcw
xlw acoo acop = we
xlx acoo acop acoq = nwy
xly = dnk eyg
xlz acop acoq acoo = gun ypk
xma acop acoo acoq = ajj
xmb acoo acoq acop = uzp
xmc acoo acop = rjc
xmd acop acoo = ljv
xme = dyf dka
xmf acop acoo acoq = xds
xmg acoo = ryy zvu ef dor
xmh acop acoo = lka
xmi acoo acop = cjy
xmj = tze
xmk acoo acoq acop = ird vml wpr aahe absf
xml acoo = ajd yei guc
xmm acoo acop = kjk ybl
xmn acoo acop = gng aafg
xmo acoo acop = dmn
xmp = xnt nds
xmq = lwr
xmr acoo = faq aqz (pcb ablj)
xms acoo acop acoq = iqx
xmt = lcz dhq
xmu acoo acop = cmk myw woy
xmv acoo = ylx ftu
xmw = upk
xmx acoo = nq
xmy acoo = fxh
xmz = lqg
xna = ctx ctu
xnb acoo = dil wna
xnc = mep
xnd = vrx
xne = mr
xnf acop acoo acoq = scx izf abnz
xng acop acoo acoq = bpm acbz
xnh acoo acoq acop = pok
xni acoo = vln aks wra nkh pwx
xnj acop acoo = fhm
xnk acoo = aaef
xnl acop acoo = aaew jfr
xnm = rm ec
xnn acoo acoq acop = kkm
xno acoo = fms yow
xnp = qxt
xnq acoo = yay
xnr acop acoq acoo = il atn aaai maz
xns acoo = knj utl
xnt acoo acoq acop = uhs
xnu = zsu cf nnb
xnv acoo = ge
xnw = gtr
xnx acoo = qwq etm
xny acoo acop = ikh
xnz = khv xsu plw
xoa acoo acop = pby ddo djv
xob acoo = qud hjp
xoc acoo acop = naf aahq ewu we
xod acoo = oq
xoe acoo = puy abgy
xof acoo acop acoq = rgd
xog acoo acop acoq = zco
xoh acoq acop acoo = emg cql
xoi acoo acop = dxe
xoj acoo acoq acop = vhe zui gqi
xok = nto
xol = dau rsg ufd
xom acoo = fg
xon acoo = aajl
xoo acoo = uok
xop acop acoq acoo = ske hvo pbp
xoq acoo = abzb
xor acop acoo = aet
xos acop acoo = fky
xot acoo acop acoq = fpt jgz
xou = rtq qdb
xov = tmf dmw
xow acoo = uyo
xox acoo acoq acop = fsk kmz nvc
xoy = jnp eay (bhm abwr)
xoz acoo acop = txs
xpa = dua rsk
xpb acoo acop acoq = oli qdy pbx
xpc acop acoo acoq = iqv
xpd = acez
xpe acoo = oq
xpf acoq acoo acop = yvq
xpg = ans cqp aayw
xph = ncx
xpi acop acoo = jnx ymm vp
xpj acop acoo = izt xfx mqa scp
xpk acoo acoq acop = kqo
xpl = our aamy
xpm = rhs mtu
xpn acoq acoo acop = ugh
xpo acoo acop acoq = ggd gkb
xpp acop acoo = lhy gxg
xpq acoo = lut
xpr acoo = nyu
xps = rwq dwl afq ngm
xpt = tjt
xpu acop acoo acoq = ai
xpv acoo acop = ico egz aazl
xpw acoo acop = pya
xpx acop acoq acoo = aauk efg ofs zzw
xpy acoo acop = lsd
xpz acoo = huv
xqa = ogb
xqb acoo acop = uqr
xqc acop acoo = pgo chp xwr vpn hdb
xqd acoo = qkf
xqe acop acoq acoo = ud
xqf acoq acoo acop = hul qsn
xqg acop acoo = biz
xqh acop acoq acoo = hmx
xqi = arx
xqj acoq acop acoo = iaf esf
xqk = uuh
xql acop acoo = als sdl
xqm = acgd cwo acc gvv
xqn acoq acop acoo = caj
xqo acop acoo = eyp exb lhf
xqp = wvi rq
xqq acoo = gkv abac ndh
xqr acoo acop acoq = icl
xqs acoo = abco wnm vpo
xqt acop acoo = rme isv eem
xqu acop acoo = sik dyr alb
xqv = ewe
xqw acop acoo acoq = pgw
xqx = rbz cqn
xqy = cvg
xqz acop acoo = fsj nny abrv lhf
xra acoq acoo acop = zyg
xrb acop acoo = rxu
xrc = tsq kgq dct
xrd acoo = bmg abfe zrv
xre acop acoq acoo = qnb pyf fqu
xrf acop acoo = bgv
xrg acop acoq acoo = aave
xrh acoo = izf
xri = ood
xrj acoo = kwg
xrk acoo acop = six
xrl acoo = xbz
xrm = ztf
xrn acoo = jfm fay mue
xro = kvd jbe ga
xrp acoo = bdt
xrq = lg
xrr acop acoo = pob
xrs acoo acop = kvd ugm ukd
xrt acoo = zlp lor ulb
xru acop acoq acoo = kaa
xrv = aatj xqo mxk
xrw acoo = eof jlu
xrx acop acoo = wpx
xry = jtw ypc wlv jdv
xrz = crt
xsa acoo acop = zyt
xsb acoo = wnk
xsc acoo = aaaa
xsd acoo = gde
xse acoo acop = svz
xsf acop acoo acoq = ckb rdd ojl
xsg acoo = gtw
xsh acoo acop = htu fsu wtw
xsi = sxn
xsj = xlc
xsk acoq acop acoo = sgz etx
xsl acoq acoo acop = bgs dz due rhe
xsm acop acoq acoo = jkw eil aqv bgh os
xsn acoo = aqo
xso acop acoo = aall utw
xsp acoo acoq acop = lgn
xsq acoo = nss acgj iiz aadp
xsr acoo = epz
xss = oyk xkb qtp nwl
xst acoo acop = ahs
xsu acoq acop acoo = gqn uky aark
xsv acop acoo = jie blb ktn csg
xsw acoo = zoo cak
xsx acoo = nqn nwz
xsy acoo acop acoq = vjs hbv qdc uyt
xsz acoo = fgp wlz xtp nrg har
xta acoo = nqs vnr goj jec ukv
xtb acop acoo = acki cnx
xtc acop acoo acoq = vuq vrd
xtd = oqp
xte acoo = jdj fce
xtf acoo acop = giv
xtg acoq acoo acop = ehx cue qsb gkw jmp
xth = jkh yxq znt ytt nxh
xti acop acoo = uzo
xtj acoo acop = elm uzx
xtk acoo acop = ecd zqz
xtl acop acoo = mlh
xtm acoo = wum hzg qxo
xtn acoo acop = rom hsc
xto acoo acop acoq = ort
xtp acoo = dli
xtq acop acoo acoq = fwh
xtr acoo acop = sqz
xts acop acoo = osh
xtt acoo = hvd
xtu acoq acoo acop = jgz
xtv acop acoo = wkh
xtw acoo acop = mou igp
xtx acoo = jlh
xty acoo = acbl
xtz acoo acop acoq = ae
xua acoo acop = plj
xub acop acoo = aauv
xuc = aaku
xud acop acoo acoq = nxc xxq hao
xue = bzu xwn
xuf acop acoo acoq = la
xug acoq acoo acop = vmg
xuh acoo = zih
xui acoo = yyz
xuj acoo acop acoq = plf
xuk = szd
xul acoq acoo acop = xiv
xum acop acoo acoq = skx hgw vzn uni pkj
xun acoo acop = jud khw
xuo = fgb tfk
xup acoo acop = hum
xuq acoo acop = tch
xur acoo = hxu dhn woa
xus = mls (sxr kxk)
xut acoo acop = sii
xuu acoo acop acoq = abik
xuv = dvx
xuw = dhc abgq
xux acop acoo = bkg vdz
xuy = npo
xuz acoo = aach
xva = eyn aceo
xvb acoo = ejv
xvc acoo acop = duw yaz
xvd acoo acop = xxd wpj
xve acoo = lxe
xvf acop acoo acoq = aqt
xvg acoo = be (arx tny noi) lpd
xvh acop acoo acoq = lrn puf kwg
xvi acoo = ikm noe
xvj acoo = keg utl
xvk = xen rjb fol
xvl acoq acoo acop = tda dti pgn bdz
xvm acoo acop = sdh
xvn acoo acop = djw
xvo acoo acoq acop = tn tia aoy
xvp acoo = ljt
xvq acoo = vip
xvr acoo = uny
xvs acoo = aapv
xvt acoo = zrl nzn zct
xvu acoo acop = rbq
xvv acoo acop = kus
xvw acoo = pcb
xvx acop acoq acoo = qwo hcf
xvy = wad
xvz acop acoo = gf esc
xwa = ape
xwb acoq acop acoo = xeb nwo fnz jy qci
xwc acoo = idl
xwd acop acoo = hut apg lxn
xwe acoo = aaow
xwf = faf
xwg acoo acop acoq = knv bwg pgh
xwh acop acoo acoq = uau
xwi acoo = cyo glu dkq gj afp
xwj acop acoq acoo = tej
xwk acop acoo = hgk cri (gmd txj) ruv
xwl = gwj
xwm = fhs txn
xwn acop acoo acoq = uzs
xwo acoo acop = oi
xwp acoo = wse kif
xwq acoo acop = acoo olg
xwr acop acoo = fvn
xws acop acoo = eaa
xwt acoo acoq acop = ryx aavp hld
xwu = use ybm abie
xwv acop acoo acoq = lqc
xww acoo = ols kge
xwx acoo = xfq
xwy = wws vfu
xwz acop acoo = wzn
xxa acoo = adz ndq pwj ter
xxb acop acoo = pxx
xxc acoo acop = khq hqf isc ykd dm
xxd = rae
xxe = moz
xxf acoq acoo acop = iko
xxg acop acoo = wdq
xxh acoo acop = hdj
xxi = xet lvx
xxj = dyy
xxk acoo acop = slx
xxl acoo acop = yr
xxm acop acoo acoq = mnz (tws mht)
xxn acoo acop = tnu xzr cqt
xxo acoo acop = ldk enz
xxp acoo acop = mez jar
xxq acoo acoq acop = qhf
xxr acoo = fqd oqj
xxs = aawp suz bkf
xxt acoo acoq acop = xog acao irw
xxu acoo = aaja
xxv acoo = fqb
xxw acop acoo acoq = ijn
xxx acoo = vhc
xxy = qpo fzi
xxz acoq acop acoo = gko znx
xya acop acoo = tcd fsy
xyb acop acoo acoq = aht
xyc acoo acop = qko xpl
xyd = szc
xye acoo = wde
xyf acoo acop acoq = jah
xyg acop acoo acoq = pcr ted xaz bma
xyh acoo = mo rve
xyi acop acoq acoo = ecd
xyj acoo = jem czj sbl toa
xyk acop acoo acoq = abrp
xyl acoo acop acoq = jke kpr kke jjr
xym = aaos
xyn = rmi
xyo acoo acop acoq = aceu mrk
xyp acoo acop = ois
xyq acoq acop acoo = pnc
xyr acoo acop = wvh wqd rae tov cac
xys acop acoo = znk xfv qwp
xyt acop acoo acoq = hxz
xyu acop acoo acoq = cag mmf
xyv acop acoq acoo = taf qao pvv
xyw acoo acop acoq = gq eif
xyx acoq acop acoo = mvi
xyy acop acoq acoo = mmi
xyz = lkw
xza = aob
xzb acoo acop = ukv rzj
xzc = adk
xzd acop acoo = oka
xze acoq acop acoo = efx
xzf acoo = lfv ccs abdk
xzg acoo = ackp hyp
xzh acop acoo = vaq
xzi = jmv
xzj acoo = aoh
xzk acoo = wth mhb
xzl acoo acoq acop = usy
xzm acoo = nrd avu iuo tls kvm
xzn = efn
xzo acop acoq acoo = fof
xzp acop acoo = abrs vny zfc mrs yzi
xzq acoo acop = nmv
xzr acoq acop acoo = ekl
xzs acoo = acbk eth
xzt = nxn swg aars rmy rka
xzu acop acoo = ovj drp
xzv = yry
xzw = dlx
xzx acop acoo = nvc ucq
xzy acop acoo = prr
xzz = xc wje xsp ygq
yaa = tco mvv hom xyx
yab acop acoo = fha
yac acoq acoo acop = riz
yad acoo = mje ej ftg
yae acoo = jwb wab abdk aazc
yaf acoo = ovn
yag acoo = nfl
yah acoq acoo acop = sis
yai acoo = cx bux lad
yaj acop acoo = bws
yak acoq acoo acop = dfz
yal acop acoo acoq = bhw
yam acoq acop acoo = jxx
yan acoo acop = aaoo aaeo
yao acop acoo = scc
yap acop acoo = fxh
yaq acop acoo = bes zho crt uie
yar acoo = zi
yas acoo acop acoq = pzw dbj saj
yat acoo acop acoq = bdv vwz fak lqz
yau acoq acop acoo = vie
yav acoo = abze
yaw acop acoo = bhe
yax = gxg
yay acoo = bao
yaz acop acoo = ablu
yba acoq acop acoo = abpa dqg
ybb = phc
ybc acoo = qbu aalf kuw
ybd acoo = yyy
ybe acop acoq acoo = uab oss
ybf acoq acoo acop = frz bho ubd hgy
ybg acop acoo = blu upd jju
ybh acoo acop = abfc
ybi acoo = vyw
ybj acop acoo = uso
ybk = mmm
ybl = svm zre csg ekx
ybm acoo = mcy
ybn acoo = ldl vyg
ybo = kcs
ybp acoq acop acoo = ufq tqe twn
ybq acoo = jir
ybr acoo = squ mku
ybs = aue lzp aayn
ybt acoo acop acoq = hoz
ybu acoo = uwy
ybv = ccp
ybw acoo acop = uel tia
ybx acop acoo acoq = ftk
yby acoo = uyz
ybz acoo = sjl dcg
yca acoo acop = cgp
ycb acop acoo = rxv
ycc acoo = tsm acea
ycd = osd
yce = wly
ycf acop acoo = evc bkz
ycg acoo = qdx
ych acoo = brc
yci acoq acoo acop = oir tbn
ycj acop acoo = zvs
yck = mvf
ycl acoo acop = dpe jjq acid
ycm acoo acoq acop = uys joy pmz
ycn acop acoo = nrt yre ofv qs
yco acoo = aapa
ycp = aabq fhd
ycq acoo = aaej zwt bzc mwh
ycr acop acoo acoq = uzt dwr qhy wld pql
ycs acoo acop = pww
yct acoo = zrw
ycu acoo = jts vtx qwr vov dyx
ycv = mhb
ycw acoo = nmi
ycx acoo = ntu pqg avh lgl ama
ycy acop acoo acoq = pje
ycz acoq acoo acop = ekf
yda acop acoo acoq = err
ydb acoo = edx
ydc acoo = upc
ydd acoo acoq acop = aasr
yde acoo acop = zqz zzf msp ljn
ydf acop acoq acoo = xgt rcm
ydg acoo = qje
ydh acoo = aado
ydi acop acoo = dda dhu
ydj acoo = abay
ydk acoo acop acoq = vrp
ydl acoq acop acoo = urb
ydm acop acoq acoo = uid
ydn acop acoo = abbq
ydo acoo = nay
ydp = dhy
ydq acoo = gbp
ydr acoo = abkn jae zvx
yds acoq acop acoo = yfc
ydt = ycy
ydu acoo = wjr
ydv = anl
ydw acoo acop = zff
ydx acoo = lrw
ydy acoo acop = gzg wsw
ydz acoo = wfm qzs
yea acoo = ftr
yeb acoo = sms beq
yec acoo acop = dp ky
yed acoq acoo acop = tgk kdn
yee = abvf
yef acoo = api toj
yeg acoq acoo acop = oef abu
yeh acoo = prx
yei acoo acop = abxo
yej acop acoo = ovf fwh aad cxd
yek acop acoo = jkx oyq
yel acoo = dll
yem acoq acoo acop = fog cmx
yen acoq acop acoo = kgh qod
yeo = ds
yep = rfx aasr rdi ptg
yeq acoq acoo acop = xw dph
yer acop acoo = owx
yes acoo = wnb hzb ywh cnx
yet = urc tnp
yeu acoo = ecw
yev acop acoo = tag
yew acop acoq acoo = ghx be
yex acop acoo acoq = csv tgd
yey acoo acop = ukk ebc zex jsi
yez acoq acoo acop = mws enb
yfa acoo = kro
yfb acoo = gu
yfc acoo = erw hyt
yfd acoo acop = zyp bfg gcr
yfe acoo = frf zyl btt cjz
yff = jai
yfg acop acoq acoo = ccw
yfh = nhk pn
yfi acoq acoo acop = atx slv mos pln dul
yfj = nzb
yfk acoo = lii
yfl acoo = iu
yfm acop acoo = euz iwq cbb okb
yfn acoo acop = ofm
yfo acoq acoo acop = yki
yfp = mti
yfq acop acoo acoq = omc
yfr acoo acoq acop = ejq vm
yfs = nbm
yft acoo acop acoq = tyr
yfu = mvu war
yfv = pji nwz paq
yfw acoo = wgv
yfx acoo acoq acop = fim
yfy acoo acop = grt
yfz acoo acoq acop = bal
yga acop acoo acoq = azj dej ryz t
ygb = hio (nfc zax jko)
ygc acop acoo = icb qxo abts
ygd acoo = lfo
yge = abwm kzv
ygf acoo acop = aahx
ygg = yjc
ygh acoo = bwz nii
ygi acop acoo = ezp
ygj acoo = xab uaz plx ift
ygk acoo acop = abdl
ygl acoo = lnq osk
ygm acop acoo = pbi
ygn acoo acoq acop = hiv
ygo acoo = abfq aazu bwr
ygp acoo = znw bcz rty
ygq acop acoo = qks vnl xjo huq
ygr = pxm
ygs = lvu nfp unu zlo
ygt acop acoo = aib teg tkj aqg emb
ygu acoo = del
ygv acoo = xjd
ygw acoq acop acoo = ljy su nlk
ygx = nyp
ygy acoo acoq acop = gzg
ygz acoo = hng
yha = xei gup zsm rqc
yhb acoo acop = rnm
yhc acoq acop acoo = dmi
yhd acop acoq acoo = jlz ann ofg (hup zfh)
yhe acop acoq acoo = mru abwe
yhf = iam oql vrc
yhg acoo acop acoq = ril var
yhh acop acoo acoq = wkv
yhi acoo = tki
yhj acoo acop acoq = mkl
yhk acop acoo = sgr aash dwa eyj
yhl = ywb
yhm = lxg jcv
yhn acoo acoq acop = abkm
yho acop acoo = qyu oxz uid wet
yhp = fx vxf etx ays
yhq acoq acoo acop = tor pjx
yhr = ulf
yhs acop acoq acoo = lja
yht acoo = tzj
yhu acoo acop = kdk jpo yty
yhv = aaxm
yhw acop acoo = gou kss fpk
yhx = gmu
yhy = mjk
yhz = elr
yia acop acoo acoq = fya
yib acoo = abuz
yic acoo acop = avm
yid acoo acop acoq = csf gjz amz
yie acoo acoq acop = pid dpj zgr
yif acop acoo acoq = ktn zcw
yig acop acoo = acgn
yih acop acoo acoq = dqp eyt
yii acoo = zpz lkt enb
yij acop acoo acoq = abhw vwo
yik acoo = rcf
yil acoo acoq acop = wwc
yim = zlx aacw ny dbh
yin acoo acop = vqm zrm aaib
yio acoo acop acoq = llj mtu gpm eip
yip acoo = jfk
yiq = loa
yir acoq acoo acop = aapi gjv
yis acop acoo = res abct
yit = sov
yiu acoo = ifj
yiv acop acoq acoo = mtg
yiw = aaga
yix = hjw bko
yiy acoo acop = evt
yiz acoo = aaio crj jpb goz
yja acoo = zdv
yjb acop acoq acoo = nkp ahz
yjc acoo = kcg
yjd acoo = zxb vbu jui eya
yje acop acoo = dql
yjf acoo acop = aahc
yjg = xmo kze wyg obk
yjh acoo = vy kyh wsy
yji acoo = stg
yjj acoo acoq acop = fay
yjk acoo acop = ouy wok
yjl acoo = dmt
yjm acop acoo = zak awj
yjn acop acoo = psk
yjo acop acoo = cel
yjp acoo acop acoq = ptb
yjq acoo = yum
yjr acoo acoq acop = aih xmx
yjs acoo acop acoq = ihe
yjt acop acoo = ehm otu
yju acoo = cob zcm
yjv acoo = bpy icd hvf
yjw acoo = qsu
yjx acoq acop acoo = plj
yjy acoo acop acoq = fee
yjz acoo acop = dlk qyq
yka acoo = naf
ykb acop acoq acoo = tov
ykc = pwk absf wul
ykd acoo acop = dvn fmc
yke = jhs
ykf acoo = jfy
ykg = kpj
ykh acop acoq acoo = goj
yki acoo acop = sur fnk eqg dzg
ykj acoo acop acoq = wim
ykk acoo = mig tql abps abdr yxh
ykl = ilu ydn whe otr
ykm acoo = ttl
ykn = giy
yko = mmi jmu
ykp acoq acoo acop = amp by qym
ykq = arr
ykr acoo = bba
yks acoo = fly
ykt acoo acop acoq = cbu
yku = geg bew
ykv acoo acop acoq = wnk
ykw = aaar acfy unk vdu
ykx acoq acop acoo = doc
yky acoo = aakn
ykz acoo acoq acop = rpd mhj pzy ami soc
yla acoo acop acoq = jnk
ylb = zpd
ylc acoo acop = bj
yld acoo = aaec nwf cbm lvf
yle = hhh
ylf = aagk
ylg = qbf cbx gds diq
ylh acoq acop acoo = oje vav oij
yli = te muo uaz aym
ylj = xxa lxe
ylk = ypg
yll acoo = znw
ylm = rrh wqk
yln = gck
ylo = pgk
ylp acoo = veq
ylq acop acoo = iyx
ylr acoo = zp gii
yls acoo acop = slg
ylt = akd dly
ylu = jrd
ylv = qsw ikp iqj
ylw acoo acop acoq = kbx ozv
ylx acop acoo = ugd vwg
yly acoo acoq acop = cne opd ddp mni sev
ylz acop acoo = ahq abia
yma = hqx
ymb = vdr
ymc acoo acop = jff abv abof olt
ymd acop acoq acoo = btt
yme acop acoo = bvw vni oiv
ymf acoo acoq acop = ewe spg ro
ymg acoo = ck
ymh acoo acop = gjp ypa kwk
ymi acoo = gjd
ymj acoo acoq acop = eyt mmg
ymk acoo acoq acop = acbj rjd
yml = ima
ymm acop acoo = wzd wke
ymn acop acoo = prg
ymo = tya lni tbu naa
ymp acoo acop acoq = zqu
ymq acop acoq acoo = akw
ymr acoo = ien ywz acer dbm
yms acop acoo = zmt zrj
ymt acop acoq acoo = fby
ymu = oxz
ymv acoo = mgf
ymw acoo = sff ppg baz tgi
ymx = aqz
ymy acoo = hmv
ymz acoo acop acoq = zmu cdb rhu hlw syx
yna = bfm
ynb acoo acop = acge nux pdp
ync acoo = jpa
ynd acoq acop acoo = ef
yne acoo = qmx
ynf acoo = dcs czd
yng acoo acop acoq = mat krf
ynh acop acoo = frp
yni acop acoo = ktp ecl
ynj acop acoo = reb nhp poa aaca
ynk acop acoo = dvt rat xud
ynl acoo = ein
ynm acoo = lbr
ynn acoo = coh
yno = wmg
ynp acoo acoq acop = avj jrw
ynq acoo = kqy mva onr beb
ynr acoo acoq acop = lnh
yns acop acoq acoo = wme
ynt acoo acop = rha oww rt tja
ynu acoo acop = erq
ynv = vhi
ynw acoo acoq acop = gxq cpn zdv
ynx acoo = kfi
yny = abmq
ynz acoo = acjs vja
yoa acop acoo acoq = pkb
yob acop acoo acoq = sdy
yoc = yyy
yod acoo = acoo srt pfk
yoe acoo = izt
yof acoq acop acoo = zpm vun
yog acop acoo = vpn
yoh acoo acoq acop = xpa
yoi = zii gxn
yoj acop acoo = jc
yok acoo = mkm
yol acoo = cjf
yom acoo = rve jqn atu
yon acoq acop acoo = fwj aup sr
yoo acoo = lox lvq fdq lzn
yop acoo = abpq
yoq = ayr
yor acoo = zjy
yos acop acoo = tlm aacj isv
yot = ckn
you acoo = wiq
yov acoq acoo acop = bkp
yow = luh
yox = oof
yoy = gvb
yoz acoo acop = bma uda yxu
ypa acoq acoo acop = ibc
ypb acop acoo = dla
ypc acoo = xnn ueh
ypd acoo = krp (vvr xik fpq)
ype acoo acop acoq = ppr
ypf acoo = nnh aaux uvs
ypg acoo = wxh lrf abea xxs
yph acop acoo = abbq
ypi = kkb
ypj acoo = vqn
ypk = ays
ypl acoo = jzk ymg cox
ypm acoo acop = kfh
ypn acoo acop = ggz mxk
ypo acoo = vcy
ypp = abik jfk hdr fdc ckm
ypq = ozw zgo
ypr acop acoo = ltb jug
yps acop acoo = ufp aat
ypt acop acoo acoq = kcg cjz zzp
ypu acop acoq acoo = qot
ypv acoo = ltk
ypw acop acoo = vpi
ypx acop acoq acoo = niu
ypy = fqc
ypz acoo = kdo zbu hlb
yqa = wql rvj mcq zkr qlg
yqb acop acoo = rdw
yqc = gug
yqd acoo = gev
yqe acoo acop acoq = rlq
yqf acoo acop acoq = evl
yqg = abjt
yqh acoo acop = yno
yqi acop acoo acoq = ekd
yqj acop acoo = kn
yqk acoo acop = sgr
yql = zoy zzx cbv
yqm acop acoo acoq = tyu vaz pij
yqn acoq acop acoo = acek
yqo acoo = slp (zib zuc)
yqp acoo acop = wvn
yqq acoo = ezh
yqr = ybi
yqs acoo acop = fm wc aark
yqt = yo
yqu acoo = fkd
yqv acoo = yyb iut elk aagz
yqw acoo = ohy wrt bqq
yqx acop acoo = aafn
yqy acoo = ags
yqz acop acoq acoo = fue yod gjm zwz
yra = jaq
yrb acop acoo = knz
yrc acoo = mzx lpq
yrd acoo acoq acop = pdr yde dwz
yre acoo acop = svj
yrf acoo acop = cph
yrg acop acoo acoq = ups
yrh = mum
yri acoq acop acoo = gzo pxq yap nxw
yrj = mbb
yrk acoo = wj
yrl acop acoo = jai
yrm = hym
yrn acoo acop = mfv lzt xgw
yro acoo acoq acop = wmv wuu rsl
yrp acop acoo = bao ren zdh aaob
yrq acoo acop = aclw
yrr = qhp
yrs acoo acop = qif soc
yrt acop acoo = oqh bqa
yru = acgd jjm bao
yrv acoo acop = ppt jzn wui
yrw acoo = ief
yrx acoq acop acoo = gsq ll
yry = loz prd
yrz acoo acop = uex fto msh
ysa = hrg
ysb = cmt jbb
ysc = dop
ysd acop acoo = gue
yse = phx hbb efe
ysf acop acoo = cwg (xyx cyw) lic
ysg acoo acop acoq = uyq jpw wyn
ysh acoo acop acoq = qur lom fqv
ysi acoo acop = uha gqs
ysj acoo = snc aacc
ysk = vwl
ysl acoo acop acoq = ngr
ysm acoo acop acoq = fow
ysn acoo acoq acop = msj
yso acoo = ppj
ysp acop acoo = hrb
ysq acoq acop acoo = rhc
ysr acoo = pru
yss acoq acop acoo = ksw
yst acoo acop = nqf khk
ysu acoq acoo acop = aapn xgg upc gdz
ysv = zke fff jyk
ysw acoo acop acoq = aaty uce ekg
ysx acoo = gkr yos atb
ysy acoo = tug
ysz acoo acop acoq = raj xdl blc
yta acop acoq acoo = vgd
ytb acoo = uvh pm
ytc acoo = aay
ytd acoo acop = wmy
yte acop acoq acoo = clb aaci (xax yci)
ytf acop acoo acoq = hmu
ytg = baw
yth = vel cj acdo
yti acoq acoo acop = bwc
ytj acoo acop = yca
ytk acoo acop = mjp tjy
ytl acoo acoq acop = scv
ytm = ssl
ytn acoo = wrd
yto acoo = zwk
ytp acop acoo = enx
ytq acoo = iou
ytr = lel zow
yts = acea zko
ytt acoo acop = jed jzn
ytu acoo = czn
ytv acoo = owf
ytw acoq acoo acop = qlx fvu qrh ocs
ytx acop acoo = mwm cob acba
yty acoo = abj
ytz = fwf acs oc
yua acoo acop = jvq
yub acoo = jms ixn rxi
yuc acoo = due
yud = abqu
yue = abun
yuf = del tns
yug acoo = aaqe ioj itz
yuh acoq acoo acop = fmy
yui = yys
yuj acoo acop acoq = pvk
yuk = dwq qau uxs
yul acoq acop acoo = wlj ncd rcp
yum acop acoo = kqf
yun acop acoo = vtx
yuo acoo acop = mzp
yup acoo = xxy mgh nsb
yuq acop acoq acoo = umk hts
yur = ads ibi aaqg
yus acop acoo = yrx dlb roe
yut acop acoo acoq = dva
yuu = zan
yuv acop acoo acoq = eln
yuw = koc zus yqy
yux acoq acop acoo = eoe
yuy acop acoo = abcj
yuz acoq acoo acop = czd
yva acoo = jsc
yvb acoo = dzu
yvc acop acoo = nlx abue pys
yvd acoo = wwj cgp wht
yve acop acoo = lkw
yvf acop acoo = vdc xse
yvg acoq acoo acop = pq
yvh acop acoo = ycu
yvi acoo acop = sw fyp abcv
yvj acop acoo = krc
yvk acoo acop acoq = zfk
yvl acoo acoq acop = eta
yvm acoo acop = xnl
yvn = uwy dpo
yvo acoo = kct ogc pyp
yvp = iix
yvq = nvb dxp
yvr acop acoo = mjh id
yvs acoo = pkj
yvt acoo acoq acop = eos
yvu = zzq
yvv acoq acop acoo = hbd dzk (gjr ztt)
yvw acop acoq acoo = nty
yvx = rr
yvy = cuc yls ovw hiv
yvz = hya odk
ywa acoo = gnw
ywb acoo = vty sva
ywc = rvp
ywd acop acoo = oof
ywe acoo acoq acop = sod
ywf acop acoo = cfv
ywg acoo acop = npg
ywh acop acoo = kou kuo (rry ysk)
ywi acoo acop acoq = bxb puv
ywj acop acoo = xlf
ywk acop acoo acoq = kji
ywl acoo = cqs
ywm acoo acop = iqm
ywn acoo = lzd kvv
ywo = wtf
ywp = ehs arq
ywq acop acoq acoo = meo agv achw pci cer
ywr acoo acop = ixu aazl fac awv
yws acop acoo = knc
ywt acop acoo acoq = jyq
ywu acop acoo = ahu
ywv acoo acoq acop = dnz kbo gpc
yww acop acoo = jts
ywx acoo = aet
ywy acoq acoo acop = ykb tfp
ywz acoo acop = klt
yxa acoo acop = ssx
yxb acoo acop = vek
yxc acoo = cii qsy xxa mss
yxd acoo = achb uwc aciz abef
yxe acoo acop = lfe
yxf acoo = abp ehm
yxg acoo acop = lux
yxh = aih
yxi acoq acoo acop = abkn
yxj acop acoq acoo = afh zom
yxk acoo = elq
yxl acoo = evl
yxm acoo acoq acop = gec bbb hwi
yxn acoo acop = bmp
yxo acoo acop acoq = tiq (hqp jor rce)
yxp acoo = kiq oao
yxq acop acoo acoq = yym
yxr = abll vwm abet
yxs = xjc fbc doo
yxt acoq acoo acop = uod
yxu acop acoo acoq = jvj
yxv acoo acop = bsi hoj
yxw acop acoo = ooc
yxx acoq acop acoo = lzc
yxy acoq acoo acop = jcy
yxz acop acoo = tmy
yya acoo = idu
yyb acop acoo = sap txp que ikf
yyc acoq acoo acop = hvo qhy aacp abxn
yyd = cns dni
yye acoq acoo acop = ohm svw
yyf acoo = aaog oxa dfs vun
yyg = abae aud
yyh acoo = ohv dgg
yyi acoo = zvx gah
yyj acop acoo = esq
yyk acop acoo = ztp
yyl acoo = abyb
yym acoo = zwv
yyn acoo = uro fqv
yyo acop acoo = bpb bvd
yyp acoo acoq acop = myj
yyq = gpi
yyr acoq acop acoo = accs wtx lla ksk
yys acoo acoq acop = nwo
yyt acop acoo = kwd unx rwx wdk
yyu = dpy
yyv acop acoo acoq = muz
yyw acoo = uec
yyx acoq acoo acop = swe
yyy acoo acop = csm
yyz acoo = muw
yza acoo = zba tuc ofa
yzb acop acoq acoo = abej crt
yzc acoo = xgz ytd ahx
yzd acop acoq acoo = nys
yze = chd
yzf acoo = enh
yzg acoo = bxl
yzh acoo = wr qqr
yzi acoq acop acoo = vyt
yzj acoo = mzm
yzk acoo = lef
yzl = ylu boq
yzm acoq acop acoo = wky
yzn acoo = kkk
yzo acoo = zxg lun
yzp acop acoo = acge aaca inb nux
yzq acoo = ziw
yzr acoo acoq acop = uak
yzs acoo = tyc
yzt = ern
yzu acoo = sdd arg
yzv = jro
yzw acop acoo = jog
yzx acoo = uuf pnn bva znl
yzy acoo = syd fmt
yzz acoo = lua uvq
zaa acoq acop acoo = omk klu dqb zeg
zab acop acoo = ofc eeo
zac acop acoo = aani acdn
zad acoo acop acoq = rmc
zae acoq acoo acop = cp
zaf acoq acop acoo = kve ihn mma
zag acoo acop = ackj
zah acop acoo acoq = gkq cmt
zai = ppn
zaj = poa abvj exw
zak acoo acop = abam ufv rt thy
zal acop acoo = ubx
zam acop acoq acoo = fnk
zan acoo acoq acop = rei abqw
zao acop acoo = dgq
zap acoo acop = wnj
zaq = kho
zar acoo = kne hop acjg tsg
zas acoq acoo acop = ypk
zat = tph
zau acop acoo = pkn bbv wqa
zav acoo = xqp pyd
zaw acoo = imy
zax = abst
zay acoo = ahd
zaz = wjl
zba acoo = go tgb nzu njk
zbb acoo = ofd mif
zbc acop acoo = abzf
zbd acoo = ylz
zbe = wbt acbm wqu byl gqq
zbf acoo = kol
zbg acop acoo = jyh bbn
zbh = pcj oxo jwb
zbi acoo = acbs
zbj acoq acoo acop = die
zbk = jlx dqo
zbl acoq acop acoo = acop
zbm = zqk
zbn acop acoo = lab
zbo acoo = mwg
zbp acoo acop acoq = fog
zbq acoo acoq acop = gzp
zbr = ouc cet jps
zbs acoo = ciu
zbt acop acoo = dhs
zbu acoq acoo acop = kmc
zbv acoo = ove
zbw = gqs
zbx acoo acop = dxc
zby acoo acop = oah
zbz acop acoo = aaxt
zca = zib
zcb = nwe
zcc acoo acop = uqo zgr dfu kaq
zcd acoo acop = mxr
zce acoo acoq acop = cho
zcf acoo = hzk
zcg = ldz
zch = edv
zci = kbq
zcj acoo acop = jcu
zck acoq acoo acop = aauh
zcl = yob
zcm acoq acoo acop = vhc fwu new acdc
zcn acop acoo = ixj
zco = wzf
zcp acop acoo = tfq
zcq acoo acop = pol fmu
zcr acop acoo = vpk
zcs acop acoo = toc ess
zct = nho yjt (psk lml) xko
zcu acop acoo acoq = vr
zcv acoo = onr
zcw acoo = shx zyb dqh xvn
zcx acoq acop acoo = nkr
zcy acoo = arb mlc
zcz acoo = dzf
zda acop acoo = wuw kck wmb hzn
zdb acop acoo = wty
zdc acop acoo = hyx urb sbb
zdd acoo = qc
zde acoo = absv
zdf acoq acop acoo = acee yvl
zdg = oeg qva acal
zdh acop acoo acoq = ajh hhn kli
zdi acop acoo = bqj yuy
zdj acoo acop acoq = aon aru tzi
zdk = acat
zdl acoo = iaw
zdm acoo acop = aail
zdn acoo acop acoq = usk
zdo acoo = ho
zdp acop acoq acoo = jci
zdq acoq acop acoo = pmz
zdr acop acoo acoq = tpf
zds acoq acoo acop = aawh jsm
zdt acop acoo = xky
zdu acop acoo = dnw
zdv acoq acoo acop = imm
zdw acoo acoq acop = pvj vjs achs
zdx acoo = vqg
zdy = fte
zdz acop acoq acoo = dzx
zea acoo = oqd
zeb acoo = ese xsc zx
zec = fsd
zed = fcj cch nql
zee acoo = yfe igo lfv
zef acoo = rjf spc lhf
zeg acoo acop = tb uti
zeh acoq acoo acop = nji hpb
zei acoo acop = san acl fcr dia
zej acoo = bnv
zek acop acoq acoo = wiu
zel acop acoo = jrm
zem acoo acop = fbc
zen acoo acop = zww qyq
zeo = yvb
zep acop acoo = vge
zeq acop acoo = abwg
zer acoo = tax rjd xti
zes acoo acop = xfx kex hrf
zet = wvq uby
zeu acoo acop = blb
zev acoo acop = spt
zew acoq acop acoo = klj fcn
zex acoq acop acoo = rgb
zey acoo acop = jdu bjw
zez = jlb
zfa acoo acop = rje wld zwc ekh who
zfb acoo = eie
zfc acoo acop = rnr
zfd acop acoq acoo = gsm
zfe acoq acoo acop = aacl ltx zjs jdw
zff acop acoq acoo = xth hkb
zfg acop acoq acoo = acfm
zfh = qnn
zfi acoq acoo acop = aaao
zfj acoo = iei
zfk acoo = aatp rre abtj
zfl acoo = ecm fnj dld ygy
zfm acoo = upn
zfn acoq acop acoo = abyj edo
zfo acoq acoo acop = aaaw ttp
zfp acoo = aad eec dbg jls
zfq acoo = xkq
zfr acoo acop = sbe xgh
zfs acop acoo = wut ptq
zft acop acoo = rop
zfu acoo = fjq
zfv acop acoo = zzj zmx jfv
zfw acoo acop = pkh lfl owe ddl
zfx acop acoo = rdz
zfy acoq acoo acop = jdz gnp xtv wvn
zfz acoo = xpm dzv kuo hpe
zga acoo = efi whz dd acof
zgb acop acoo = nmt wmw ol
zgc acop acoo = trm
zgd acoo = sls kzd
zge acoo = uf nee mda
zgf acoo acop = eif eay
zgg acoo acoq acop = xkq
zgh acoo = vao (kdx ein)
zgi acoo acop = ghd
zgj acoo = rxp jsi
zgk acop acoq acoo = mfa xle
zgl acoo = abq dgm
zgm = xto
zgn = bny and (acec rvy)
zgo acoo acoq acop = ucm
zgp acoo = htp vzv vro
zgq acoo = abyb uht
zgr acoo = rid ffs vdz
zgs acoo acop = kcd tqz nqz
zgt acoq acop acoo = win
zgu = fxq nue
zgv acop acoq acoo = coy
zgw acoq acoo acop = qea
zgx = vil
zgy = aarg
zgz acoo = uuf
zha acoo acop = ebq
zhb acoq acoo acop = fbl
zhc acop acoq acoo = dyz abir fad qrh
zhd acop acoo acoq = jls
zhe = abmi gz cyn qhh xsd
zhf acoo = ywt
zhg acoo = ohm
zhh = gaa
zhi acoo acoq acop = yzm
zhj acoo = lvx osv nkl jdu aev
zhk acoo = sax
zhl acoo acop = qfd achg lxh
zhm = zrh
zhn acoo = oow lty svz
zho acop acoq acoo = abvn
zhp acoo acoq acop = jio hqy sdb
zhq acop acoo = aaqe
zhr acoq acoo acop = ablp
zhs acoo acop = dws hgh
zht acop acoo = kjp ann exx
zhu acoo acoq acop = tgj pgk
zhv acop acoo = aact bee klg bpy
zhw acoo = bnc
zhx acoq acop acoo = aqo
zhy acoo acop = bsg
zhz acop acoo = prt uap
zia acop acoo = pmn
zib acoq acop acoo = tvj vsb gnz
zic acoo acop = scw
zid acop acoq acoo = atc
zie acoo acop = rbp
zif acop acoo acoq = yvm dle qsz
zig acop acoq acoo = zwl
zih acoo = xhy
zii acoq acop acoo = ojf
zij acop acoq acoo = fof cqg mey ar
zik acoo = ypr
zil acop acoo = keh
zim acop acoq acoo = gof
zin acop acoo acoq = ecn
zio = ff vwx xje acdk alx
zip acoq acop acoo = jbs mfr
ziq acop acoo = rz
zir acoq acoo acop = ciz
zis acoo = dpo fcb tm
zit acoo acop acoq = axa
ziu acoq acop acoo = abba abh
ziv acoo = ced
ziw acoo acop = jnk itk znn yih
zix = dvi
ziy = brv (kvy yen)
ziz = ipm aeo
zja acoo = vqi fzj
zjb = aaqn
zjc = kh
zjd acop acoo = fuk fgj qnt hsl
zje acop acoo = rhy
zjf acoo = bqj
zjg acop acoq acoo = prk
zjh = cv
zji = brs
zjj acoo acop = ejh
zjk acoo = asj
zjl acoq acoo acop = abmz
zjm acop acoq acoo = svt
zjn acoo acop acoq = rpk
zjo acop acoo = zmx vjq
zjp acoq acop acoo = aaqx
zjq = ache
zjr = ton
zjs acoo = nrz
zjt acop acoo = epy
zju acoo = zdi lzr sww
zjv acop acoo = tde
zjw acop acoo = udw
zjx acoo = bnv aaij
zjy acoo acoq acop = qsn qjl njy
zjz = ebi pe pba tvi gjw
zka acop acoo acoq = jkb ayr iyd xps
zkb acop acoq acoo = oio
zkc = acoa
zkd acop acoo = jvw
zke acop acoo = yrp (aabk pjp yun)
zkf acoq acoo acop = cpx
zkg = anv
zkh = phh lvi acdh
zki = puo
zkj acoo = gyc tps ykt vrh
zkk acoq acop acoo = tsw
zkl acoo acop acoq = qiz oeh
zkm acop acoo acoq = uym ixu olx aano
zkn = ablh fk abrj
zko acop acoo = ncn abco aalp gjw zsp
zkp = aqa
zkq = bgb npn cxj
zkr acoo acop acoq = dpu
zks acoo acop = sgw tqt
zkt acoo acop acoq = kbw
zku acoo = xcg
zkv = tui pcb
zkw acoq acoo acop = drr
zkx acoq acop acoo = cdc dwk
zky acoo = pxk cdz lzy
zkz acoo acoq acop = tbt
zla acoo acop = abpq ien
zlb acop acoo = dle
zlc = dwr
zld acop acoq acoo = skx dyo wie xju
zle acoq acoo acop = iwh toc
zlf acoo = tus oiq
zlg acoo = frx
zlh = yvu
zli acoq acoo acop = bwj acff shw nkk
zlj acoo = yfn
zlk = apq
zll = kwx
zlm = uqo wau
zln = zki
zlo = nxf
zlp acoo = wyj (okd yul) tqc
zlq = hdp dju ydc
zlr acoo = aaoh jvm pch
zls acoo = lsm
zlt acoo = jjm
zlu acoo acoq acop = bze our ik
zlv acoo = hsg
zlw acoo acop acoq = anc wbk pzq
zlx acoo = tfj
zly = llb
zlz acoo = tgi sgy
zma acop acoq acoo = abll
zmb acop acoo = alj rrp xap
zmc acoo = qll acll gvc
zmd acop acoo acoq = thx
zme acoo = jhv
zmf acoo acop acoq = szj cag zpa
zmg = kam muv dwk
zmh acop acoq acoo = prk kzq mpp
zmi = okp
zmj acoo = nuz zkh
zmk acoo acoq acop = aaxa qfc
zml acoo acop = ies pxm acbj gpl
zmm acoo acoq acop = tzq itv
zmn acoo = umq aasr aaom
zmo acoo = kcm
zmp acoo acop = owf xah imz
zmq acoo = hyf (fl mrl)
zmr = odb
zms acoo = kqu
zmt = cws
zmu acoo = odr qzn
zmv = vix
zmw = hxf
zmx acoo acop = jpb fdo
zmy acoo acoq acop = rmm
zmz acoo acop acoq = lfw vyr gol
zna acoq acop acoo = zek
znb = zxo abhp jdu yfw
znc acoo acop = cjh
znd = vsh
zne acoo acop = ojq
znf = aajt
zng = gah
znh acoo = abno amm vfs
zni acoo = ikd
znj acop acoo acoq = pcp tmr
znk acoo = mel
znl acoo acop = qkt wja rcq
znm acop acoo = upc (dys aafk zcu)
znn = ums
zno acoo = xik
znp acoo = hwf evb dzn
znq acoo = hlc
znr acoo acop acoq = abtu aqx
zns acop acoq acoo = bao aahp njg wtw
znt = ywm omn
znu acop acoo acoq = cea oub
znv acop acoo = kfk
znw acop acoo = zfu sq
znx = klv
zny = ork mdr
znz acoo = dkc
zoa = tsj
zob acoo = aakz
zoc acoo = ctd
zod acop acoo = hmk
zoe acoo acop = deu
zof = nyi aamu
zog = jea sl
zoh acop acoo = qzo
zoi acoq acoo acop = abil
zoj acoo = wfx cpy zih vtz
zok acop acoo = ggo
zol acoo = bbd wwa
zom acoq acop acoo = qqr (uzz tmm eju) dzf
zon acoo = rgi gzc aso hr abrq
zoo acoq acop acoo = ahd
zop acoo acop acoq = kbf
zoq = omn
zor acoo acop = emn toy
zos = tze yct
zot acoo acop = sqy
zou acop acoq acoo = gui eid slp rzg
zov acoo = nnp
zow acop acoo acoq = hqw aaqr amf wrt
zox acoo acop acoq = las jal
zoy acoo = iiy
zoz acoo acop acoq = ygp xnh
zpa acop acoo = nsz
zpb = acjw rpq
zpc acoq acop acoo = abxv pah jja
zpd acoo = cdg
zpe acop acoo = owz
zpf acoo acop = acgx
zpg acop acoq acoo = efr ebe abfr
zph acop acoq acoo = gtf
zpi acoo = kni rqq tco gay
zpj = kuq
zpk acop acoo = xwx
zpl acoo = vjg
zpm acoo = qgo
zpn = mym gdw
zpo = dia nrh giu zif
zpp = ryh
zpq acop acoo = gjq
zpr acop acoo = fdi
zps = brl
zpt acoo acoq acop = jjf psy myb
zpu acoo = tag ycp nvz ob
zpv acoo acop acoq = wer xet
zpw acoo = jhv qhk
zpx acop acoq acoo = mei apy
zpy acoo = wnp
zpz acoo = urs
zqa acoo = ohv rbp ebg mik
zqb = bzf scx fez
zqc acoo = uhh iod
zqd = zkn fij
zqe acop acoq acoo = iix
zqf acoo acop acoq = lor
zqg acop acoo acoq = dku
zqh acoo = upn tlh kpm zmv
zqi acoq acop acoo = aho gsb
zqj acoo = psb
zqk = pne aasg
zql acop acoo = aaif
zqm = okg
zqn acoo = wyj wzh
zqo = acll
zqp acoq acop acoo = qrr
zqq acoo acop = zpq
zqr acoo acoq acop = paf akz yca pwi dqt
zqs acop acoq acoo = rdc xuk cnk
zqt acoo = eum suc
zqu = abix
zqv = isg aceg qyi
zqw acop acoq acoo = oul zfb
zqx acop acoo = sdy acfk ldk
zqy acop acoq acoo = rfh (ihr iek yne)
zqz acoo = kda shz
zra acop acoo = wud
zrb acoo acoq acop = ozk iqg vmg
zrc acoo acop = leu
zrd acoo acoq acop = pwr
zre acoo = cjs
zrf acoq acoo acop = llz eyy
zrg acoo = nzk
zrh acoo = lau gfv pbm den
zri = hvi
zrj acoo acoq acop = iwd (cqh hil)
zrk acoo acop acoq = sdq uy
zrl acop acoo acoq = vwy
zrm acoo acop = ftx
zrn acoo = aayl jgv
zro = h ugn
zrp acoq acoo acop = nvg wzp
zrq acop acoo = tvf (urp fjn)
zrr = sta pat
zrs acoo = lsa
zrt = hox
zru = zkd gjp ifu ejo fvh
zrv acoo = hqk qkg
zrw = yd
zrx acoq acop acoo = uhy qap rhg rph
zry acoo = tjn
zrz acoo acoq acop = ycu eaf
zsa acoo = qed
zsb acop acoo = eyy tid
zsc acoo = zqo
zsd = wsr fct
zse = yle acfr
zsf = htd dzj
zsg acop acoo = ocm
zsh = yjq
zsi acoo = wxl yxh xhx zku
zsj = poo oiq
zsk acoq acoo acop = iau
zsl acoo = amy hnb
zsm acoo acop acoq = hva jgm
zsn acoo = aagj gqs
zso acoo = nxu
zsp acoo acop acoq = oki
zsq acop acoo = abqv
zsr acoo = zse
zss acop acoo = avb nxl wcc yx
zst acoo = abso
zsu acoo = aapx
zsv acop acoo acoq = rgg
zsw = nte
zsx acop acoo = abrh dgo shh riy hst
zsy acoo acoq acop = efz mkx wij
zsz acoo = hbp uev
zta = svx abvg
ztb = oww zaj
ztc acoo = dhh
ztd acoo acop = mbi
zte = awq zfr (abpc pkp)
ztf = kmc
ztg acoo = tyo
zth acoo = otm
zti = peu lun
ztj acop acoo = jxo hgu
ztk = dmt
ztl = bhu kkc anw
ztm acoq acoo acop = pnk uho
ztn acoo acoq acop = ltr hdl
zto acoo = ucq acav dcx fpz acjn
ztp = aez
ztq acop acoo acoq = yjt
ztr acoo acop = pcu mhp ndj
zts acoo = mdp
ztt acoq acop acoo = ldj
ztu acoo = sjh
ztv = gjg
ztw acoo acop = ybx wxq uxe
ztx acop acoo = tfw
zty acoo = uyo
ztz acoq acoo acop = yxe
zua = upw
zub acoo = qzr arj
zuc = zaa rgs
zud acop acoo acoq = vqk xus dox
zue acoo = tew
zuf = gyk
zug = cfe
zuh acoq acop acoo = jtx (vsb bm)
zui acoo = bfp
zuj = cvr pey
zuk acoo = rev
zul = qrx aub aaub
zum acoo = zjz
zun acop acoq acoo = gbt sxh qeb
zuo acoo = vre
zup acop acoo = ycg auz
zuq acop acoo = lcw jsi
zur acoo = aqm vno
zus acoq acop acoo = rdr
zut acoo = hc acdx iod nqi
zuu acoo acop = hyo
zuv = ewq
zuw = fri hjj aasu oqo
zux acop acoo = mfj aafv pjc
zuy = tco
zuz acoo = abdz ixw wpg xgb
zva acoo = acfu
zvb acoo = cbi zlq xqb jfn
zvc acoo = ceh zje kfl tpk
zvd = ugl bwk
zve = bia
zvf acop acoo = sp
zvg = ssd ebv dzr
zvh acoo acop acoq = fom
zvi acoo acop acoq = tst psd
zvj acoo = nem
zvk acoo = uut
zvl acoo acoq acop = zer tpf
zvm acop acoq acoo = abrv agm uzs
zvn = thd bvx fal
zvo = dek qqx
zvp = qpl
zvq = vqz
zvr acoo acop acoq = grn xvs xwi
zvs acop acoo = fur nmz abjc jle
zvt = lvk jwq wee
zvu acoo acop acoq = hpa
zvv acoo = zot prf
zvw = ghc
zvx acop acoo = llc lyx
zvy acop acoo = fch vij
zvz acoq acoo acop = yzk
zwa acop acoo = cjh
zwb acoo acop = yxu
zwc acoo = h
zwd acoo = mhc ozj
zwe = dyo
zwf acoo = ihr
zwg acoo acop = abpd
zwh acop acoo = bz
zwi = wjv wme
zwj = xar
zwk acoq acoo acop = rpo qfs bfr odr
zwl = fvi hfp lrb cro
zwm acop acoo acoq = anz wuz bod bbv msb
zwn = cfq
zwo acoo acop acoq = vcf
zwp acoo = yjt fll pzn
zwq acoo acop = acnv use ijj
zwr acoo = hxd
zws acoo = bda (lpo wxx)
zwt acoo = wng
zwu acoo acop acoq = usb
zwv acoo acoq acop = sii zwk gmg
zww acoo = pdh
zwx acoo = acjf
zwy acop acoo = asb
zwz acoq acop acoo = gls
zxa acoo acoq acop = twy
zxb acoo = scv
zxc acoo acop acoq = bjl
zxd = egg
zxe acoo acop = gpf
zxf acoo = lbm
zxg acop acoo acoq = acnw usj qsy
zxh acoq acoo acop = abaf jcr
zxi acop acoo = cqi abnd ftn
zxj acop acoo = pfm qmq hmk wuq
zxk acoo acop = mxw kqo loi
zxl = nzq
zxm acoo = bmr
zxn acoo acop = hx
zxo = vaj zmn
zxp acoo = yqo
zxq = gim
zxr acop acoq acoo = lzh aciv abqb esp
zxs acoo acoq acop = vco abst cnd aakz
zxt acoq acoo acop = nts fic
zxu = tye
zxv acoo = cha fxj
zxw = crw
zxx acoo = cpz
zxy acoo = rkh kzq gbp nnd
zxz acop acoo acoq = gbn gba
zya acoo acoq acop = ubr vgh ogl
zyb acoo acop = dyb ackq fwx czx
zyc acoq acop acoo = hfp izr igx
zyd = abnl
zye = ebl ung
zyf acoo acoq acop = zrp
zyg acoo acop acoq = wah
zyh acop acoo = rlu
zyi acoo = lqe
zyj acoq acoo acop = xjm mnn hbd oix
zyk acoo = ibu
zyl acop acoq acoo = bor
zym = sbl (kgx abue ieo xpf)
zyn acoo = scu bcj
zyo = kmg (gne dzt)
zyp acoo = xbb hni usg kyd
zyq = wfr aahc szj vgb kqf
zyr acoo = wjr jca
zys acoo = aclk
zyt acoo = izx fwn
zyu acop acoo = fr
zyv acoo = fko ggl yid
zyw acoo = ypu
zyx = mnx wsx aamr (tjp ilz)
zyy acoo = bpc
zyz acoo acop acoq = dzb pgs gqz
zza acoo acop acoq = koa
zzb = app abhh aapf ovv
zzc acoo acop acoq = qzi
zzd acoo acop acoq = idw abai ytk
zze acop acoo acoq = xxq
zzf = knp
zzg acop acoo = lsk bmc
zzh = uuj
zzi acoo acop = lym acbp mvo
zzj acoo acoq acop = gnt
zzk acop acoo = bnx
zzl acoo = kr
zzm = ghs
zzn acoo acop = vuw abk
zzo = aasm ybj
zzp acoo = xha abzf uem ivm
zzq acop acoo = maq afk smm dmm
zzr acop acoo = qhe
zzs acop acoq acoo = ysr
zzt = obo
zzu = drz
zzv acoo = abci ugn nrj
zzw = wwk
zzx acoo = ghr bsh jcf nxn
zzy acoo acop = hii
zzz acoq acoo acop = hm qzi opf
aaaa acoo acop = upp
aaab acoo acop = zhb
aaac acoo acoq acop = gph
aaad acop acoo = vwr zzd
aaae acoo = lgw acmr voc abdu
aaaf acop acoo acoq = aagf bcf
aaag acoo acoq acop = nto
aaah acoq acop acoo = rzr
aaai = qov aajl rgr ffn gqn
aaaj acoo acop acoq = abtc jc
aaak acop acoo acoq = csg tuj
aaal = faa rll
aaam acop acoq acoo = acib
aaan acoo = aaik
aaao acoo acop = alt
aaap acop acoq acoo = abbc
aaaq acop acoq acoo = xju vkx aclb
aaar acoq acop acoo = ngv
aaas acoo acoq acop = rwj
aaat acoo = prb
aaau acoo = mlm fmx
aaav = hf
aaaw = ucu ty
aaax = fet oz acif acfn
aaay acop acoo = wwz wxi
aaaz = x
aaba acoo acop = uoc
aabb acop acoo = dag
aabc = bzx
aabd acoq acop acoo = gch
aabe acoq acoo acop = znp
aabf acop acoo = abdp aafn
aabg acoo = pnk
aabh = vtp dgv
aabi acoo = nbw
aabj acoo = csm sho njg pnt
aabk = xtv
aabl = acjp
aabm acop acoo = rvh
aabn = zrh
aabo acoo = qmh ixq kai
aabp acoq acoo acop = acdh
aabq = ovs
aabr = flj bvc
aabs acop acoo = sxw hqi rdq
aabt = iha iho
aabu = qji
aabv acoq acoo acop = uet
aabw acop acoo acoq = hxt
aabx = gcj
aaby acoo = ovi foe
aabz acoo acoq acop = mfm cs oss abbx afl
aaca acoo = phx dvi gjx aml mrt
aacb = mxe liz tvl
aacc acop acoo = idk fvf
aacd acoo acoq acop = qlg kvo
aace acoo = uzu
aacf acoo acop acoq = nqy uiz ana
aacg acoo = eyc uan eyq
aach acoo = srh
aaci acoo = acbn
aacj acoo acoq acop = vhx
aack acoo acop = xmi
aacl acoo = tey
aacm = jvz (jot afh)
aacn = vqa chb
aaco acoq acop acoo = uvr
aacp acoo = rku kyj
aacq acoo = etl
aacr acoo = via
aacs acop acoo = plg ndr aww ykr vtv
aact acoo acop = tzv
aacu acoq acoo acop = abdz gxr
aacv acop acoo acoq = aauh (dbg npr)
aacw acoo acop acoq = kzw dbo gid szc
aacx acoo acop = mnm
aacy acoo = xse cii gsh gkd
aacz acoo = mt
aada acoo acop = mfn
aadb acoo acop = fop (xzj sjz)
aadc acoo acop = jpo
aadd = xye
aade = hsd may
aadf acop acoq acoo = wui aaec nla
aadg acoq acop acoo = cgc xnd acmf txk
aadh acoq acop acoo = pzn
aadi acoo acop = uwl
aadj acoo acop = egp acah
aadk = lf
aadl acop acoo = eur tsk
aadm acop acoo = nox
aadn acop acoo = zvd mne ddc ocy
aado acoo acop = jmy eqi
aadp = mjb
aadq acoo = fed blq kda
aadr acoo acop = lfa wri
aads = xck wfd
aadt acoo acop = gyx
aadu acoo = iwt
aadv = abat cft
aadw = abls sdo
aadx = gxd
aady = vrl ccv
aadz = kfx
aaea acoo = aamw
aaeb acoo = kyb
aaec = tag
aaed acoo = abmb tkm khu
aaee acop acoq acoo = cpz zde yqj akd
aaef acoo = xqt
aaeg acoo = acks
aaeh acoo = zmy
aaei acop acoo = gyk bpb
aaej acoq acop acoo = kyi
aaek = ozx
aael = zpa
aaem acoo acop = hod ryt tfb
aaen acop acoq acoo = djd
aaeo acoo = cdo
aaep acoo = mes
aaeq = sog
aaer = kul lzw
aaes = gbw vis
aaet acop acoo = hwb ans abfh wip
aaeu acoo acop = abee
aaev acoo acop = gyd aaut pnu djl
aaew = zhn wsp
aaex = aru
aaey acoo acop = esb bgb czz ibp rzh
aaez = mew yap dqk yvo
aafa acop acoo = ijh
aafb acop acoo = aafu
aafc acoq acoo acop = eef
aafd = dnn yca
aafe acop acoo = gci
aaff acop acoq acoo = suo fta
aafg = hzr aaoa dbx
aafh acop acoo acoq = nzg
aafi acoo = fwk mny eim
aafj acoo = wgt hqa
aafk acoo = abdx
aafl acoo = ili onn
aafm = rja ued
aafn acop acoq acoo = wtr lgr xvy
aafo acoq acoo acop = cmi qcd vqs aaxn
aafp acoo = rte
aafq = wyt kuu
aafr acoo = qow
aafs acoo = lgz e (neh zyp)
aaft = wyw wyt
aafu acoq acop acoo = woj ablv
aafv acoo = ayz
aafw = cvu
aafx acoo acoq acop = wso nos
aafy acoo = dks adi
aafz acoo acoq acop = ncl xew lla kaw
aaga acop acoo = ne
aagb = biq gsi
aagc acop acoo acoq = fbn ykt
aagd acoq acop acoo = sjh orv
aage acoo = bzj ubq
aagf acoo = fvp abcm
aagg acoq acop acoo = txn
aagh = xgq
aagi acoo = xsp
aagj acoo acoq acop = brh
aagk acoo acop acoq = jiz obe mtu wrp
aagl acoo = zrz lit xsq
aagm acop acoo acoq = cfn odk aaix
aagn acoo = jzp ztn
aago = wke
aagp = cvc tkd
aagq = ekp aaqb roe fsu
aagr = jhc omu hax
aags = kko ytf gdo
aagt acoo = ksy
aagu acoo = xgp dpx zcn abiz
aagv = aato
aagw acop acoo = ehp hdd
aagx acoo = abws
aagy acoo acoq acop = urv
aagz acoo acop = pil
aaha acop acoo acoq = aaqa mux
aahb acoo acop = aed
aahc = ren
aahd = gys bty sqj
aahe acoo acoq acop = izp
aahf acoq acop acoo = hjj
aahg = ufo
aahh = rng
aahi acop acoo = lcu
aahj acop acoo = cqw
aahk acop acoo acoq = wem bjh vfn
aahl = acfn
aahm = uwo gzd
aahn acop acoo = uar
aaho acop acoq acoo = fsn nfz
aahp acoo = ikj
aahq = ous
aahr = mam jyt yci
aahs acop acoq acoo = ulg
aaht acoq acop acoo = syj wgs
aahu = aaso
aahv acoo = dob
aahw acoo = vxe aaay mgr yxr
aahx acoq acop acoo = mpw ard pzw
aahy = cho tof aaos
aahz = fbp xid
aaia acop acoo = met
aaib acop acoq acoo = axb xux mfj dmn
aaic acop acoo = pfg vru zgi vzq
aaid acoo = yyy
aaie acoo = cvh
aaif acop acoo = foo
aaig acoo = duc
aaih = rtc
aaii acoo = aanp ghe
aaij = absa
aaik = xok
aail acoq acoo acop = abyg
aaim acoo acop = egd
aain acoo = hmj
aaio acop acoq acoo = abqm
aaip = erz
aaiq = ujn
aair acop acoo = bhy txk bct
aais acoo acop = ezc rgx mxh
aait acoo = qdv aaqq
aaiu acoo = tzs
aaiv acop acoq acoo = abeu
aaiw acoq acop acoo = odj
aaix acoo = bu (fon cmp jha)
aaiy acop acoo = ehh
aaiz acoo = dlu
aaja acoo acop = mfv
aajb acoo acop = iuq ihn fwa
aajc acop acoo = yii abz aho fjf
aajd = sbi
aaje = ews nkz ldy
aajf = fql stp
aajg = krm
aajh acop acoo = vgj vxs lgp
aaji acoo acoq acop = bzg
aajj acoq acoo acop = ptv ipr
aajk acoo = abzg mom now ziv vjy
aajl acoo = pgq mwp bqi
aajm = nik
aajn acoo = lrp bno
aajo acoo = jlf zyv
aajp acoo = fsr
aajq = yqs
aajr = bvm
aajs acop acoq acoo = hbl
aajt = esp
aaju acoo = ill
aajv acoo = ang
aajw = acbg
aajx acop acoo = pik loa
aajy = hkc
aajz acoo = hbc joo
aaka acoo = aahb mwn
aakb = unt vuv qtt snl
aakc = wsb peo
aakd acoo = ywh
aake acoo acoq acop = ano igm dqs
aakf acoo acoq acop = tiy
aakg acoo = aia ihg abnp
aakh acoo = qyq
aaki acoq acoo acop = rju jpo edp iuu
aakj acoq acop acoo = aacj aahs
aakk acoq acop acoo = int
aakl acoo = cuq
aakm acop acoo acoq = cyq
aakn acop acoo = nwx
aako acoo = mas
aakp acoo acop = kog accm
aakq = kxh gfy mzd
aakr = abjg wnl bkl hsf vmi
aaks acop acoo acoq = kdl rb hjk wqc
aakt acoo = ipb rax
aaku acoo acop acoq = toi wvt nxd
aakv acoo = weo
aakw acop acoo acoq = mpw
aakx acoo acop = vip rmb qws
aaky acoo = bxk odr
aakz acop acoo = abtw aahu wys
aala acop acoq acoo = jmz arb
aalb acoq acoo acop = eiu
aalc acoq acop acoo = zuo qez
aald acop acoq acoo = mjz
aale acoo acoq acop = kmh
aalf acoo acop = hyz
aalg acoo = pln
aalh = nva
aali acoo acoq acop = ugl kaz fce rhs
aalj acop acoo = abzc
aalk acoo = qdc
aall = ktt
aalm acop acoo = khz xig plw
aaln acoo acop = epq kyw
aalo = gyi zze uts aauy
aalp acoo = xun
aalq acoq acop acoo = lkf
aalr acop acoo = bzr kwr bod
aals acoo = byj
aalt acoq acoo acop = lfj xng maq acop
aalu acoo = mjr
aalv = koe
aalw acoo = qws
aalx acoo acop = dd bby (xgf aajs)
aaly acop acoo = xrx
aalz acoo acop acoq = xzp
aama acoo acop = noo (dow rwc pjt)
aamb acoo acoq acop = ttf
aamc acoo = tcp
aamd acoq acoo acop = wnx uul
aame acoq acop acoo = svx la
aamf acop acoo = ipu pks wzh
aamg acoo = vxl hnh
aamh = bin fyh nua
aami acoo = vag
aamj acoo acop = ufd btb omz
aamk acoo = fbr wwj
aaml acoo acop = tfq
aamm acoo = mtp lli ovh fsq
aamn = zjh bdg rfw vyc
aamo acoo acop = htf hcq
aamp acop acoo acoq = vnn
aamq acop acoo = sop nqg dup
aamr acoo = srz
aams acoq acop acoo = yks ju
aamt acoo = fon fdx yob
aamu acop acoo = ydk wvp yub orx bqd
aamv acop acoo = ciz
aamw acop acoo = mml
aamx acoo = yqu vql
aamy = rlk acge
aamz acoo acop = hyp hzu abdv knz
aana acoo acoq acop = aann
aanb acop acoq acoo = pvp
aanc acoo = ouk
aand acoo acop = qpr
aane acop acoo = dvh sen
aanf acop acoo acoq = ers
aang acoo acop acoq = dkp
aanh = gzx
aani acoq acoo acop = prn lzn iwv bhy
aanj acoo acoq acop = obr
aank acoo acop = pwe jyo
aanl acoo acop acoq = acji xnh
aanm acoo = aauy
aann acoo = oni aauq hai
aano acoo = abul
aanp = lck
aanq = yof
aanr acoo = rvi nke
aans acoo acop = wgm ttd tpd aasl
aant acoo acop acoq = aaic oxg lao
aanu = tvz
aanv acop acoo = cbe eae
aanw = jwe
aanx acop acoo = gzc ssv sfe
aany acoo = ibl
aanz acoo = sew
aaoa = ckz ljy tt
aaob acoo = vns ppo uiw
aaoc acoq acop acoo = nbc wfz vhh xzp
aaod acoo acop acoq = ait
aaoe acoo = rdi
aaof acoo = vnp
aaog = nva fka
aaoh acoo = csq bxw oil cpa vzh
aaoi acoo acop = lse
aaoj = xna abjc
aaok = gse
aaol acoq acoo acop = dtw ubo
aaom acoo = kgb
aaon acoo = rdr fka vce
aaoo acop acoo acoq = abfl
aaop = dsf apc
aaoq acoo = eya mtg
aaor acoo acop = qpv
aaos acoo = rfj xli tfv
aaot acop acoo = vlz dvo qut
aaou acop acoo = rqa
aaov = fss
aaow = zpi
aaox acop acoo = aavn qnd
aaoy acop acoo acoq = jca
aaoz acoo = pmg aec uaw
aapa acop acoo acoq = odo
aapb = skm
aapc = dmm
aapd acoq acoo acop = qhw
aape acoo = lrh vud
aapf acoo acoq acop = ncx zdq ocx
aapg acoo = azi
aaph acoo acop acoq = lxa
aapi acop acoo = zkz hwf
aapj acoo acop acoq = uj
aapk acoo acop = aacj
aapl acoo acoq acop = rzh
aapm acoo = rsk
aapn = pfy
aapo = aaja
aapp acoo = ijp fwc
aapq acoo = qmt rbw
aapr acoo acop acoq = tvr
aaps = syl gca
aapt acoo acop = uxd sqa
aapu acoq acop acoo = zms
aapv acop acoo = gep wxi
aapw acop acoo acoq = glq dom
aapx acoo = aus
aapy acoo acop = kss fdi yeo tov
aapz acoo acop = xlx
aaqa = moy
aaqb acop acoo = stj
aaqc = edc byf enb
aaqd acoo = aash hki
aaqe = oud mux pqp aaks zmf
aaqf acoo = gvb
aaqg acop acoq acoo = osd
aaqh = odg
aaqi = bca nxa azl
aaqj acoo = sfp
aaqk acoo acoq acop = yvu
aaql acop acoq acoo = fcd xbe
aaqm acoo acop acoq = dti
aaqn acoo = yfr
aaqo acoo = jse
aaqp acoo = jxt lfi
aaqq = aww
aaqr acoo = ynv ywn uil dpi
aaqs acoo = nvg
aaqt acoo = vgb hpw ihy
aaqu = fcl
aaqv = abzv dcl kym lde
aaqw acop acoo = abcg
aaqx acop acoq acoo = tvj qne
aaqy acoo = xxd
aaqz = ide qvy (acge mtt)
aara acop acoq acoo = nfq
aarb = fhk (vzh cbt)
aarc acoo = ka ycp aaxv
aard acoo = aavb
aare acoo acop = foc
aarf acoo = tdy
aarg acoq acoo acop = ebg
aarh = hya
aari acoo acop acoq = abgk
aarj acop acoo = kga
aark = nwt
aarl acop acoo = hpn gsl
aarm acop acoo = taz poa mtq
aarn acoo = hyh
aaro acop acoo = yic och pzo
aarp acoq acoo acop = mrc uye rrc
aarq acoo acop acoq = xgd srp
aarr acoo = hxf
aars = iiv
aart acoq acop acoo = abtf rea ruz gwp
aaru acoo = dh dss (kna bjg)
aarv acoo acop acoq = shy (xma uro)
aarw acoq acoo acop = zgj
aarx acoo acop = uvk
aary acoo acop = joj min rno
aarz = am
aasa acoo = swr
aasb acop acoq acoo = izi
aasc acoo = zlo
aasd acoo acop acoq = hmm
aase acoo = nv
aasf acoo acop = yzu xqa ped
aasg acoo = aym
aash acoo acoq acop = vge
aasi acoo = tdl
aasj = boc
aask acoo acop acoq = kct qgq
aasl acoq acoo acop = vkw
aasm acoo = kqn
aasn acoo = nwm
aaso acop acoo acoq = ycq qxj (tgn wnp)
aasp acop acoo acoq = aamj vxm jtf aaeq
aasq acoo acop = nrg
aasr acoo acop acoq = ran
aass = mwm grp
aast acop acoo = aaec rzi
aasu acoo acop = hhw
aasv = ild
aasw acoo acoq acop = ltu
aasx = aara qpl sxl
aasy acoo acop = iqz yk
aasz = our aaos azx
aata = fua ixc
aatb acop acoo = aps hch xlc
aatc acoo = dra
aatd acoo acop acoq = nsv lpl
aate acoq acoo acop = mbt
aatf acoo acop = ttn
aatg acoo = zgr
aath = yst lje
aati acop acoo = lxm wje udj
aatj acoo acop = iif rri
aatk acoo = sjy qxr aciy
aatl acoo = cyn jua kze
aatm acoo acop acoq = lth
aatn acoq acop acoo = kgd w
aato acoo = nck
aatp acoo acop = abzl hgv gck wrs
aatq acoo acoq acop = uew
aatr acoo = xwk wcd
aats acoo = wrr
aatt acoo = oem
aatu acoo acop = kq
aatv acoo acop = btm ib knm spd
aatw acop acoo = ddz uec
aatx = tvd
aaty acop acoo acoq = dcp
aatz = fdk ewi
aaua = aoh ehg abmu
aaub = oax
aauc = ncx
aaud = ukv
aaue acop acoo = acbi
aauf acoo acoq acop = lng gix bgp aaaw
aaug acoo = vrr yzk aabn gdn
aauh acoo = ixy aady csf
aaui acoo acop = ql
aauj acoo acoq acop = dlw
aauk acop acoq acoo = zli
aaul acoo acop = wad
aaum acoo = cqz
aaun acoo = xya kmh pyz
aauo acoq acoo acop = khj
aaup acoo acop = blv ool nqb
aauq acop acoo = mqn jau yhm nmw
aaur acoo = zoc
aaus acop acoo = aaxq
aaut acoo = gqx alh ijr ohx
aauu acoo = wul
aauv acoo = ctm prp
aauw acoo acop acoq = qnd
aaux acoo = xqa
aauy = aov
aauz acoo acoq acop = unc
aava acoq acop acoo = but
aavb acoo acoq acop = tad
aavc acoq acop acoo = edb
aavd acop acoo acoq = yet
aave acop acoo = su kqc ww
aavf = aafh aiq cms
aavg acoo acop = imw adh skc
aavh acoo = gyu
aavi acoo = acbg
aavj = nmt zda
aavk acoo acop = sur uhp
aavl acoo = csd lyq
aavm = lal
aavn = gxd pmd
aavo = sqg
aavp acoo acop = afv kbs lvo vrq
aavq acoq acoo acop = ihs
aavr = jxo skk (abob zlq)
aavs = wke boc
aavt acoo = tue wgl
aavu = ytg
aavv acop acoq acoo = czw aid
aavw acop acoo acoq = gtc
aavx = oys
aavy acoo = iyv adm
aavz = e jrq
aawa acoo acop = ybd uxw aaz
aawb acop acoo = jjo
aawc acoo = ndq ghw wvs jfk
aawd acoo acop = nis
aawe acoo = gur wvb
aawf = tid
aawg acoo = ibh guu
aawh acoo acop = ice
aawi = tzd (gqw k aet) jwp
aawj acoo = hii
aawk acop acoo = imw
aawl = qjs cwj jnh
aawm acoo = wlq wqp
aawn acop acoo = yzb
aawo acop acoo = bek vly
aawp acop acoo acoq = tax vll gks
aawq acop acoo acoq = pux
aawr acoq acoo acop = kjf
aaws acoo acop = qqn quo
aawt acop acoo = qwh
aawu acoo acop = fsq qws lle osj acll
aawv acoo = sqb aqi
aaww acop acoo = byh pih
aawx acop acoo = nlq uib
aawy acoo = gbc
aawz acoo = maj qr
aaxa acop acoo = njt
aaxb acoo acop = usy qcu
aaxc acoo = kzg
aaxd acop acoo = aex
aaxe acop acoo = abts gja
aaxf acoo acop = clt
aaxg acop acoo acoq = ycz qfl jrk
aaxh acoo = tym
aaxi acop acoo acoq = jz bgv (fso ozp acnn)
aaxj acop acoo = uop
aaxk = rtd jyy ivb ord
aaxl acoo = cuv
aaxm acoo = pkg jmj
aaxn acoo = fcb
aaxo = naj hbk
aaxp acop acoo = vnq
aaxq acop acoo acoq = lux
aaxr acoo = fwi ica
aaxs acop acoo = ejw vzz
aaxt acop acoo acoq = bsv mkb
aaxu acoq acoo acop = nmr
aaxv acoo = ewm
aaxw = nld xxt qjd nyl aapw
aaxx acop acoo = bao
aaxy = dlz tpy ikc ajo
aaxz acoo acoq acop = vzo
aaya acoq acop acoo = oao achc vao
aayb acoo acop acoq = hmv oeh
aayc acop acoo = tan a ijn
aayd = uua ifw
aaye acoo acop = wee rkp
aayf = tin
aayg = man
aayh acoo acop acoq = wti ywh ndo
aayi acop acoo = xnb mqx
aayj acoo = abbj
aayk acoo = hou
aayl = bov fwl aia orb
aaym = vez
aayn = acmy tcd qif
aayo acop acoo = kjj
aayp acop acoq acoo = xkj abge tci
aayq = pye sty
aayr acoo acop acoq = hmj edf
aays = owf
aayt = zxa
aayu acop acoo = rau
aayv acoq acoo acop = ueh
aayw = gnb pxz bzf
aayx = vai
aayy acoo = ugh
aayz = fve xax
aaza acoo acop = xe xav (vfp itx)
aazb acop acoo acoq = acmt
aazc acoo = nqe tuf
aazd = fis abco ntp
aaze acoo acop = dmd
aazf acoo = dwp
aazg acoo = cim
aazh acoo = aadw
aazi = woi mqj
aazj acop acoo = rjj
aazk acoo = cts roc
aazl acop acoq acoo = aacp
aazm acoq acoo acop = nog
aazn acop acoo acoq = jyf
aazo = ptc kjk
aazp = elr
aazq acop acoo acoq = azr ezg
aazr acop acoo = vqi
aazs = zny aaow vjp rjj utz
aazt acoo acop = edr abdd aarp rnq
aazu acop acoo acoq = akt sta
aazv acoo acop acoq = aaaq hti
aazw acop acoo = bpw nuc eb
aazx acoo = eni
aazy = amo
aazz acoo = nde hlg mcr
abaa acoo acop acoq = fzb
abab = lmi
abac acoo = jrf aavc
abad acop acoo acoq = sdh mhz sac
abae acoq acop acoo = rhz
abaf = muh
abag acoq acop acoo = abfv fxu htf
abah acoo = jhh
abai = lzw rsb rrm
abaj acoo = gqw
abak acoo acop = hty dfa
abal acoo acop = dyu dnx
abam = aand sje bdo cdp xtd
aban acoo = fem
abao acoo = rya (uot kxk acoc tuu)
abap acoo = aapw abir
abaq acop acoo = uso
abar acoo acop = bzk osp abov lir
abas = gus
abat = mny
abau acoo = acnc
abav acoo acop = irt wpw (obe nhw acmt)
abaw acoo = fdt
abax acop acoo = qgs
abay acoq acop acoo = zsn
abaz acop acoo = eo
abba acoo acop = uxr
abbb acoo acop = ckz
abbc acoq acop acoo = abdd
abbd = mbg
abbe acoo acoq acop = yaf zdq iko bca
abbf acop acoo = vac
abbg = qhv qcn dnt wf
abbh acoq acoo acop = sin goc gz
abbi acoo acoq acop = smm
abbj acop acoo = hbv fue rdr
abbk acoo acop = sun ote jhl lvn
abbl acoq acop acoo = bqn
abbm acoq acoo acop = hsp vbq pyy
abbn acoo = twz
abbo acoo acop acoq = acka dbw vch
abbp acoo = wih
abbq acoo acop = cxl xrd ksp emk lti
abbr = cap
abbs acoo = dml
abbt acoo = cwz
abbu acoo acop = ljz
abbv = ctc
abbw acoo = kma
abbx acoo = uin mfh pgt wox
abby acoo acop = qwi mdy jir vkv
abbz acop acoq acoo = zmb (wc aajm)
abca acop acoo = xqg
abcb acoo = abrv
abcc acoo = aber
abcd acoo = pyy gwr lvm
abce acoo = afs uzr acf
abcf acoo = ahp
abcg = ovt ynw xda
abch acoo = hrj
abci acop acoo = yst
abcj acoo acop acoq = aqz aafc pwo
abck acoq acoo acop = abfe
abcl acoo = kix
abcm acoo acoq acop = zse pwr
abcn acop acoq acoo = ka
abco acoo acop acoq = rbn sr
abcp = lwc
abcq = yku
abcr acoo = qae lsy
abcs = zce
abct acoo acoq acop = zgc
abcu acoo = iqb
abcv acoo acop = kjf
abcw acoo acop = pzb alp fkb ouq khr
abcx = shn uxl
abcy acoo = qzw
abcz acoo acop acoq = nmj aaap abij
abda = hpr bil pml duv
abdb acoo acoq acop = qrl jmh
abdc = vli juz mzh
abdd acoo acop = pco hvz dwl
abde acoq acop acoo = yib acms
abdf acoo = gve ygn
abdg acoo acop acoq = sff mlg
abdh = czf iil
abdi acoo acop = vib ddf
abdj = abey
abdk = qro
abdl acoo acop = aaqw rqz
abdm acoo = aao axo pei ull ekt
abdn acoq acoo acop = rsv bcn
abdo acoo acoq acop = nlm
abdp acop acoo = cfa abqy ecd
abdq acoo = jfh edb
abdr = glz
abds acoo acop = qqc
abdt = kwu
abdu = dnq cot yey rmt
abdv = bfb
abdw acop acoo acoq = aagp nrn
abdx acoq acop acoo = vac (brb xpy)
abdy = svg qsj (uxx lxh xfy)
abdz acop acoo acoq = kd
abea acoq acoo acop = ons qbf
abeb = gxm acfn ikm qoj go
abec acop acoq acoo = ivi
abed acoo = kcv
abee = zzl
abef acoo acop acoq = zgq
abeg acoo acop = zbl
abeh acop acoo acoq = bhn
abei acoq acop acoo = pch auj
abej acop acoo = gie
abek acoo = xem
abel = daq kdo zzr
abem = eoc ork
aben acoo acop = vqh dbi kpw xtl jrq
abeo acoo acoq acop = oag
abep = glj
abeq acop acoo = hpp crr
aber = jqd
abes = urs miv uen
abet acoo = acoo
abeu acoo = jjw
abev = rrk
abew acoo = nji fev
abex = ftp ygx ymp lpm jwv
abey acoo = y utf ypd
abez acoo acop = jzd
abfa = bwt
abfb = vbi qew qtc
abfc acoo = iyx
abfd acoo acop acoq = sek
abfe acoo = wqn
abff acoq acoo acop = iut fuz abea fsl
abfg acoo acop = egk
abfh acop acoo = rdz
abfi acoq acop acoo = abhi
abfj = ruf tbe
abfk = utm
abfl acoo acop acoq = txq
abfm acoo acop = owd
abfn acoo acop = nma
abfo acoo = nlj zyw
abfp = dcc pkt rhi kaj nxw
abfq acop acoo = hny jaf
abfr acop acoo = shk sxw
abfs acoo acop acoq = oeo aakg
abft acop acoq acoo = znf ewb abcp rnc
abfu acoo acop = mds
abfv acop acoo = nhi fpz je chc
abfw acoo = xoz
abfx acoo = xgi
abfy acoo = sth zys zec
abfz acoo acoq acop = ery
abga acoq acop acoo = qbz
abgb acop acoo = zfk
abgc acop acoo acoq = nai
abgd acoo = acoo
abge acop acoo = cpi
abgf = ard
abgg acop acoo = cxb
abgh acoo = aaku pys
abgi acop acoo = ucu hrt
abgj = gsr
abgk acoo = gxf aaen ubx
abgl = olv
abgm = pqt
abgn = cdf nyr ldg
abgo acoo = xyp
abgp acop acoo = abhk hom jlh avd
abgq acop acoo = unl apw lqg vsk
abgr acoo acoq acop = rrd wwq
abgs acoo acoq acop = owl
abgt = jrh cml
abgu = bpb swh
abgv = ffi
abgw = gfk
abgx acoq acoo acop = xlp brn
abgy acoo acop = tex
abgz = abey dis
abha acoo acop = hsq umy xcm owv
abhb acoo acop = vnx
abhc acoo acop = cjv vjl mdv
abhd acoo acop = nos dem otd aaoa yce
abhe acoo = rmz
abhf acoo = ur
abhg = rht
abhh acop acoo = fe coi hwb fhb
abhi acoq acoo acop = tvb lle
abhj = ueh ewo zna
abhk acop acoo = pho
abhl acoo = aqy qcg otk blc
abhm acoo = kkv
abhn acoo = jpc pvd acaq mra
abho = thv
abhp = pke
abhq = wst kej bmb vmh
abhr acoo = xqb bud hlp
abhs acop acoq acoo = acfb
abht acoo acop = aaok i wax gjb
abhu acoo acop acoq = nyp
abhv = fca abku dij
abhw acop acoo acoq = pxj aaav lth
abhx acoo acop = air suw
abhy acoo = yew
abhz acop acoo = acgy rvz mzi
abia acoo = qul xzx ofw
abib acop acoo = zuy ezh aaul ibh
abic acoo = olx
abid acoo = zrc aauj acbk
abie = nww
abif acoo = dvp
abig acop acoo = ypf
abih acoo = fzx
abii = aacf
abij = mgm
abik acoo acop = zqo
abil acoo acoq acop = ewx
abim acoo = eap rru
abin acoo = lmi
abio acoo acop = ijl
abip = xy
abiq acop acoq acoo = dif abdq cvi
abir acoo = vtz
abis acoo = rlx
abit = mgx ehu slm
abiu acop acoo acoq = abiv bet
abiv acoo = lta
abiw acoo acop = abpq (wvo xsu)
abix acoo = exl
abiy acoo acop = nms
abiz acoo acop = rvq
abja acoo = bwz
abjb acoo acoq acop = llh
abjc acoo = ixm wkc
abjd = eda cj fag
abje acoo = kuk
abjf = xlq
abjg acoo acoq acop = clv vjn (krv rz)
abjh acoo = sja
abji acop acoo = sji
abjj = jn erh
abjk acoq acop acoo = yzf
abjl acop acoo acoq = acay vok
abjm acop acoo = rgo zta umn mf
abjn acop acoo acoq = eoq tks fyi
abjo acop acoo = vnb
abjp acoo = oo
abjq = mkq ubd fuj
abjr acop acoo acoq = avm fpj ajc ihj
abjs acoo = eyb ubs
abjt acop acoo = hlw
abju acop acoo = eab
abjv acoo acop = rqi
abjw acoq acop acoo = wya
abjx acoo = aeb
abjy acoo acop = uwr
abjz acoo = trg
abka acoo acop acoq = ikg
abkb = abqg
abkc acoq acop acoo = pfk ablr lht xzg
abkd acoo acoq acop = rgg
abke = grs uty twx zq
abkf acoo = ei bdo uuw
abkg acoo = fcx aawf xeg wrv
abkh = lcy (bnb owo)
abki acoq acop acoo = zkp
abkj = xmk ech
abkk acoq acop acoo = ve
abkl acoo acop = xtd
abkm = qio
abkn acoq acop acoo = fpq
abko acoo acop = vva
abkp acop acoq acoo = yyl
abkq acoo = vob
abkr acoo acop acoq = ntw
abks acop acoo = lvr
abkt acop acoo = bto
abku acoo acop = hhr abmc hdv
abkv acop acoo = pam
abkw acop acoq acoo = abkv
abkx = kzc bee
abky acop acoo = qws
abkz acop acoo = oby
abla acoo = fvf aasn bup fkr
ablb acop acoo = aaox gbr
ablc acoo acop acoq = gfo
abld acoq acoo acop = ogp uql
able acoo = wed
ablf acoo acop acoq = xhf
ablg acop acoo = hbg (slo pyr)
ablh acoo = miw
abli = yez
ablj acop acoo = siu zip mcg fzl qoc
ablk acoo = xqm jlh uxp ihk
abll acoo acoq acop = abyn
ablm acoo acop = bxf
abln acoo acoq acop = xke
ablo acoo = miv tru oaj kkr
ablp = seq rrj
ablq acoo = abkc
ablr acop acoo = psf
abls acoo acop = plj nbn abfa
ablt acoo = wfs iwy lfn ubh
ablu = lij eow yph rgl ihg
ablv acoo acop acoq = zac
ablw acoo acop acoq = znd biv gyh upu
ablx acoo acop = vxz
ably acoo = mrq
ablz acoo = xdo
abma = fnl
abmb acop acoo = wkf jme jiy
abmc acoo acop = aka opd gfw viy
abmd acoo acop = aads
abme acoo = xgz gbi
abmf acoo = jjx
abmg acoo acop = cbb abrm
abmh acop acoo = bhh
abmi acoo = yfc
abmj = wod
abmk acop acoo = bzx
abml acoo = wet inn
abmm acoo = ljt
abmn acoq acoo acop = erm
abmo acoo acoq acop = qto fel
abmp acoo acop = lht
abmq acoo acoq acop = arp nhk dty
abmr acoo acop = pyo
abms acoo = rri mfi wnc
abmt acoo acoq acop = stz
abmu = krn
abmv acop acoo = abti sne
abmw acop acoo = zui
abmx acop acoo = egj
abmy = anq
abmz acoo acop = bez
abna acoo = lnb bra emd ocs
abnb acoo = bcz rai ugk peu
abnc acoo = lix
abnd acoo = tiz
abne = jga
abnf acop acoo = cmm ske
abng = nbw
abnh acop acoo acoq = abpt
abni acop acoo = tql xpm
abnj = kad
abnk acoq acoo acop = kb
abnl acoo acoq acop = lfc abtx
abnm acoo = gzj spa nsd
abnn acop acoq acoo = ojh nmx (abyl res mvx)
abno acoo acop = aaaw
abnp = fxq
abnq acoq acop acoo = szx tih
abnr acoo = j
abns = nhb abyn jqf
abnt acop acoq acoo = mvs qmv
abnu acop acoo = wyw
abnv = zfc eer
abnw = mzp vcj
abnx acoo acop = egc nfo ebz
abny acoo acop acoq = toi pez qyc
abnz acoq acoo acop = yum bqd
aboa acoo acop = qnp
abob acoq acoo acop = aaqy jnx
aboc acoq acoo acop = oqd bfa czo
abod acoq acoo acop = xgm
aboe = azz
abof acoq acop acoo = mht
abog acoo acop acoq = hot
aboh acoo acop = ogk see icz lol
aboi acoo = ijd aath ugc
aboj acoo acop acoq = jql rdf
abok acoo = ti ljy
abol acop acoo acoq = gyl swr
abom = gfl
abon acoo = rsy
aboo acop acoo acoq = dbt
abop = fu hfh rko xow
aboq acop acoo acoq = igu
abor = wnn scn wna
abos = tow (xuw esz)
abot = vls pwh uuc
abou acoo acop = oex
abov acoo = czo
abow acoo = vl bsc iy byn
abox = kfs cec hka
aboy acoo = pre cib
aboz acoo = atk
abpa acop acoo acoq = tqx
abpb acoo acop = yks eqw rnf
abpc acoo acop = cya
abpd acoo acop = iqr yip uwh
abpe acoo = ablk uei wzi jic emu
abpf acoo = mbo
abpg acoo = dus
abph acoq acop acoo = nef
abpi = was jea abml
abpj acoo acoq acop = eg
abpk acop acoo = gcf nbk po dcv
abpl acop acoo = ocu
abpm = gsg
abpn = lrx jvh olk
abpo acop acoo = gli
abpp acoo acop = ebn
abpq acoo = wmy
abpr = wke
abps acoq acop acoo = vuf ysj
abpt acoo acop = boo
abpu = ddh
abpv acoo acop = vwr egz fdd gcl
abpw acoo = jgg tsm elt
abpx = jte
abpy = sac
abpz acoo acoq acop = abhb
abqa acop acoo = kcx abxg iml
abqb acop acoq acoo = hmo (zxt lss fky)
abqc acop acoq acoo = imp yyy vdw
abqd acop acoo acoq = qxm ape atv qxe osq
abqe = pui
abqf acoo = yij
abqg acoo = pjy
abqh = bqp czc
abqi acoo = abcr
abqj acoo acop = wol ffc
abqk acoo acop = vxw
abql acoo = kzu
abqm = rxh
abqn acoo acop = irh
abqo acoo acoq acop = sjp
abqp acoq acop acoo = gco
abqq acoo = vcp rxq sro qvt
abqr acoo = qmw emo
abqs acoo acop = zxm aaqj vns ocb udi
abqt acop acoq acoo = qjt
abqu acoo acoq acop = yth
abqv = qbl (sev epf)
abqw acoo = wkz
abqx acoo acop = aem tar aqt
abqy acoo = beu abzy
abqz acoo acop = jiu tfb
abra acoq acop acoo = wjt
abrb acoq acop acoo = pbx
abrc acoo acoq acop = imj szw
abrd = tpo
abre acoo = jui
abrf acoo acoq acop = aacd
abrg acoo = aaqz
abrh acoo = ven lhr uxk
abri acop acoo acoq = ooz
abrj acop acoo acoq = aak
abrk acop acoq acoo = rsv
abrl acop acoq acoo = sqc
abrm = utp xlu
abrn acoq acoo acop = oqk
abro = jed fxf qdq
abrp acoo acoq acop = fsc cvt
abrq acop acoq acoo = ybl sui
abrr acoq acop acoo = xaj
abrs acop acoq acoo = epg cll wfz
abrt acop acoo = cmn diu ojp
abru acoo acoq acop = vbn
abrv acoo = zoy xdk zkv qnm
abrw = dnx
abrx acoq acop acoo = abuc brl foj qch llk
abry acoo acop = ew kcj xfn
abrz acoo acop acoq = ftb
absa = ppd
absb acop acoq acoo = yg
absc acoo acop acoq = akd lpw
absd acop acoo acoq = wvr ylu wni aaca
abse acoo acop = fdx
absf acop acoo = fbm ysq aatt
absg acoo acop = acjj
absh acoo acop = ccf
absi acop acoo = anr wok fds dpq
absj acoo = ldy
absk acop acoq acoo = wjn sok
absl acoq acop acoo = rmr jzb ily qxu
absm acoo = abzz art ydc
absn acoo = gen azk
abso acoo = dfs
absp acoo acop = syi
absq acoo = ecw
absr = acii
abss acop acoo acoq = wkt
abst acoo = swr ymr
absu acoo acop = sib
absv = nqq
absw acoo acoq acop = lzi zq abrv
absx acop acoo = yfx abqf bln abbb
absy = qux
absz acoo = kno gov rnj ein
abta = eqc qab zzn
abtb acoo = fzg aato dws abjy
abtc acoo acop = rgi dke
abtd acoo acop = aalf dil
abte acop acoo acoq = jol eip
abtf acoo acop acoq = acfu
abtg acoo = ucq xuo aaai rpk
abth = iis rai zfr
abti acoo acoq acop = afh ovy
abtj acoo = jft jbe ujf
abtk acoo = aach
abtl acoo = ackm
abtm acoo = krr hmf
abtn acoo = eeg
abto acoo = fyd
abtp acoo = ybg
abtq acoo = hnp reo
abtr acop acoo = egg
abts acop acoq acoo = wgu
abtt acop acoq acoo = lir
abtu acop acoo = acmr
abtv acop acoo = xzb aawy ygh
abtw acoo = fjh
abtx = zew xia jqa
abty = xck
abtz = uug rpy
abua acoo = ablv
abub = khn euf gxy bjl
abuc acop acoo = pvi
abud acop acoo acoq = tkz
abue acop acoo = afc
abuf acoo = rog
abug acop acoo acoq = gkq cpk
abuh = rik fpa
abui acoo acop = dky
abuj acoo acop = abrv tgc
abuk acop acoo = nsk
abul = at vlw rpe
abum = achc gtp
abun acoo = biw
abuo acop acoo = wtc
abup acoo acop acoq = fuq
abuq acoq acop acoo = lvx
abur acoo = acap
abus acoo acop = syb
abut = tho kmg
abuu acoo acop = kpr abqk flb
abuv acoo = aaid aoy
abuw acop acoq acoo = sae
abux acoo acop = bsm
abuy acop acoo = pam (eca ogt tiz) mic
abuz acoo acop = jgz
abva acoo = ipe amv ose jgq
abvb acoo acoq acop = bny
abvc acop acoo = dqa
abvd = xdw
abve acoq acop acoo = dqa gkq
abvf = acfr
abvg = xdx wzb p szl xdw
abvh acop acoo = wzt uao
abvi acoo = acnv
abvj = lcv qm vmi
abvk acoo = mnd
abvl acop acoo = axn omq
abvm acop acoo = kjd yu
abvn acoo acop acoq = dms etk
abvo = vsj
abvp acoo acop = egi tvz
abvq acoo = ose
abvr acop acoo = gnr
abvs acoo acop = dow
abvt acop acoo = pfy
abvu acoo acop = lnn
abvv acoo = oaf
abvw = hwu
abvx acoo acoq acop = aaqe
abvy acoo acop = ga fis
abvz acoo acop = gu
abwa acoo = usc lrj rsl thm
abwb acoo acop = yhh oic hrl
abwc acoo acop acoq = ime
abwd acoo = lbz
abwe = jhy
abwf acop acoo acoq = sln abag
abwg acoo = o
abwh acop acoo = jlu knn
abwi acop acoq acoo = mwg
abwj = guf yik deb znm
abwk acoo = acmk dyz vgv
abwl = fpv
abwm acoo acop = qfx acmr
abwn acoo = ycx
abwo = jyx
abwp acoo = ypq
abwq acoo = abgj
abwr acop acoo = opu
abws acoq acop acoo = fzr
abwt = dyy
abwu acoq acoo acop = yuy glo ceo thu
abwv acoo acop = iij
abww acoq acoo acop = bnz cjx bid ikb
abwx acop acoo = wmv
abwy acoo acop = tte
abwz acoo = rgh
abxa acoo acop = syt tng key
abxb = vpm ead
abxc acoo = abfu
abxd = hva
abxe = ite
abxf = zkh pmn
abxg acoq acop acoo = xpi
abxh = qdx
abxi acop acoo = enb bzu iun rmq uip
abxj acoo acop = lqo
abxk acop acoo acoq = uli
abxl = pre qbi bec
abxm = qzg
abxn acoo acop = sdd
abxo acoo = hxf nsu muf
abxp acop acoq acoo = xqp dpw eny
abxq acoo acop = osl
abxr acoo acop = uom rhy zzs
abxs acop acoq acoo = gsq lzz
abxt acoo acop = aye
abxu acoo acop = gpz elv dzc
abxv acop acoo acoq = vxu
abxw acoo = uve tce ylz
abxx acop acoo acoq = ysd acoq szv upx
abxy = pgd (aazz fpz)
abxz acop acoo = uqi
abya acop acoo = gtp
abyb acoq acop acoo = csn
abyc acoo = yvq hfv
abyd acop acoq acoo = aaoc
abye acoo = fqp
abyf acop acoo = ctl
abyg = ikd abbg tvw trk
abyh acoo acop = agu abku rbh
abyi = mxn
abyj acop acoq acoo = dpl
abyk acop acoo acoq = ejw yzv
abyl acoo acop acoq = iss
abym acoo = rxt
abyn acoo acop = vsq mpn
abyo acoo = ruz
abyp acoo = xpj
abyq acop acoo acoq = ndl
abyr acop acoo = acix
abys acoo acoq acop = ojh jtw pd
abyt = ntg
abyu acoq acop acoo = psq guq xdr baz
abyv acop acoo = uqo
abyw acoo acop = ue mvo
abyx acoq acop acoo = sqr
abyy acop acoo acoq = vfp
abyz acoo acoq acop = jeq wqj ueu
abza = aazk
abzb acoq acoo acop = xed
abzc acoo = nop
abzd = cqi
abze acoo = zmd
abzf acoo = bnb jkq
abzg acoo acoq acop = iyb
abzh = iwr
abzi acop acoo = owp
abzj = wha tst
abzk acoo acop = fyg
abzl acoq acoo acop = izx
abzm = gos accu fxy
abzn acoo = dvf
abzo acop acoq acoo = ysq frw gjx
abzp acoo = mep vrx nmw aadw scv
abzq = dkx okc
abzr acop acoo = atg ugw nsg yjq
abzs acoo = wsg aayg uqw cgo
abzt acoo acop = bkz erp
abzu acoo = xml
abzv acoo = jif cab who
abzw = szz alw
abzx acoo = yow
abzy = ruc nlx
abzz acop acoo acoq = cze kub abij
acaa acop acoq acoo = vwj obn
acab = wl
acac acoo acop acoq = qtu
acad = tqu
acae acoo acoq acop = wqc elf jrc
acaf = yxc
acag acoo = aafq
acah acoo = abfr
acai = wze rsi
acaj acop acoo = zve
acak acoo acop = ryb ovs
acal acoo = crf nst
acam = acen
acan acoo = tnn moh hwy
acao acoo = eub
acap acoo acop = yjn
acaq = vwg
acar acop acoo acoq = ext
acas acoo = cwb
acat = ivp
acau acop acoq acoo = smq
acav acop acoo = urw otc
acaw acoo = aaky
acax acop acoq acoo = ccx (dwb snl)
acay acoq acoo acop = xnl
acaz acop acoo = svr doy rga
acba = ery kmz nuc aoq
acbb = abcq egw
acbc acoo = ypg
acbd acoq acop acoo = non oeh avx hqw
acbe = can
acbf = too pzp eir att
acbg acoo acop acoq = acgr fuq elm ora pup
acbh acoo = ahc
acbi acoo = xja
acbj acoo = qut mpe ozy dzy
acbk acop acoo acoq = xnt
acbl acoo acop = frl kop
acbm = jxw
acbn acop acoo acoq = jzd
acbo acoo = iqk
acbp acop acoq acoo = bh
acbq acoq acoo acop = rrw
acbr = rcj daq
acbs = ikk
acbt acoo acoq acop = ibl
acbu acop acoo acoq = kaz
acbv acoo acop = aazb abon gde
acbw = shk
acbx = gjf
acby acop acoq acoo = rzx
acbz = psk
acca acoo acop = vyf
accb = i tgw jbc
accc acoo acop acoq = qfc qqn uey lky mox
accd acoo acop = qlk art vus eam
acce acoo = zlm toi tzu
accf acoo = cwk
accg acoo = tgj aaro
acch acoq acop acoo = hxp
acci acoo = uqw dii kto ypk bqn
accj acop acoo = ujs opo
acck acoo acop = lnt eum zaw
accl acoo acop acoq = qms
accm = hdi rda (lyw res) ain
accn acoo = rsy
acco acop acoo = kgs
accp acoo = kat
accq = vwl mwv
accr acoo acop = ydc
accs acoo acop = ckm
acct = qdt qkt ddq jee
accu = abul ghs (aas ekn eyw)
accv = stb
accw acoo acop acoq = zfh
accx = ole (ewk acfz) gex
accy = nmt
accz = uex
acda acoo acop = nfe
acdb = axs
acdc = xiy
acdd acoo = xwu
acde acoo acop = pon
acdf acoo acoq acop = bpu ablk abow
acdg acop acoo = dna gsl
acdh acoo = btf
acdi acoo = yml
acdj = nqk
acdk acoo acop = rzx fbk
acdl = vhg
acdm acoo = nso
acdn = hfv
acdo = yug
acdp acoo acop = oui
acdq acop acoo = nxg yaa
acdr acoo = kfn wzl
acds acoo = gof
acdt = tzj qnb
acdu acop acoo = abda
acdv acop acoo = tra kem bf
acdw = juu
acdx acop acoo = gbw (mop ffh)
acdy acoo = efi
acdz = oab
acea acoo = tc
aceb acoo = jem pjw gks
acec acoo acop = ewq
aced acoq acop acoo = acak
acee acop acoo = pgc
acef acoo acop = hdv dds
aceg acop acoo = myt fzb vpp eyo
aceh = pzf
acei acoo acop acoq = iif
acej acoo acop = tsi
acek acoo = amk
acel = yuu wvr
acem = tqy qob vfu
acen acop acoq acoo = tup
aceo acoo = sut
acep acoo acoq acop = fsm
aceq = rsv
acer acoq acoo acop = nzm
aces acoo = xag idl aay
acet acoo acop = acih
aceu acoo = gqf cqw
acev acop acoo = aceu
acew acop acoo = mcg
acex acoo = lqf
acey acoo = ciq
acez acoo = nlt
acfa acoo = aakn cyz
acfb acoo = og
acfc acop acoo = aaqo
acfd acoo acoq acop = rlc kaf
acfe acop acoo acoq = ofh
acff = vte
acfg acoo acoq acop = mag
acfh = dla
acfi = jun
acfj acop acoo = fgw yxy zjk xzo yib
acfk acop acoq acoo = bsz vaa rgv
acfl acop acoq acoo = acnm lpo
acfm = bbt
acfn acoo acop = zdy (abgk pql jvd)
acfo acoo acop acoq = bti ccs xqp lye
acfp = awx
acfq acoq acop acoo = ryu
acfr acoo = klp qkm yem
acfs acop acoo = huc
acft acop acoo acoq = jcb
acfu acoo = haa
acfv acop acoo = uof
acfw acoo = cbk zze
acfx acop acoq acoo = zvn
acfy = wfw
acfz acop acoo = hqm
acga acop acoo acoq = elw
acgb acoo = njm gry
acgc acoo = sbf nwl
acgd acoo acop = abmk jyn
acge acoq acop acoo = pcy nh
acgf acoo acop = jcu
acgg acop acoo = izn
acgh = qhj hmx
acgi acoo acop = tyz arc
acgj acoo acoq acop = bsm jvn
acgk = abjr lg
acgl = mwz
acgm acoo acop = fy mtu
acgn = hyv
acgo acop acoo = jno
acgp acop acoo = gtj
acgq acoo = ytv eyp
acgr acoo acoq acop = uxq
acgs = fdd xhw
acgt acoo acop = xuq ivq btz bdp
acgu acoo acop acoq = vft
acgv acoo acoq acop = xvi
acgw acoo = ksv qll uhl yfu
acgx acop acoo acoq = man byx qyx uhg gjj
acgy acoo = ugu
acgz acoq acoo acop = pch
acha acop acoo = zmx
achb acoo = dy mcy bci
achc acoo = aamw rni
achd acoo acop = nsj
ache acoo = hkj hta iyb abrr acod
achf acoq acoo acop = acop
achg acoq acop acoo = jfz
achh = nda abxi jcc
achi = sky
achj acop acoo = zss
achk acoo = gsr
achl acoo acop = ole
achm acop acoo acoq = xfk
achn acop acoo = bvc zck oyr
acho acoo = qxm uks
achp acoo acop = iau
achq acoo = lmx pfy
achr acop acoq acoo = ghc
achs acop acoo = qvm ygv abli vwm
acht = gqn xju bfe
achu acoo acop = tsr mef
achv acop acoo acoq = sdn
achw acoo acop = pig nwa
achx acoq acop acoo = eox
achy acoq acop acoo = foy
achz acoo acoq acop = lrl wbj zto
acia acoo = vaw cxo
acib acoo acop acoq = xmj
acic = tcy
acid acoo = gtt
acie acoo = eqn
acif = acnp xzu acmu (obf wld)
acig acoo acop = ef
acih acop acoo = bji ebw dra
acii acoo = dic
acij = abmz
acik acoo = kov
acil acoo acop = foz
acim acoo = wtn abvg
acin acoo = acno
acio acoo acop = zub
acip acoo = vga wam
aciq acoo = gjs
acir = aayp
acis acoo = xex
acit acoo acop = rpw rrb
aciu acop acoq acoo = fcp uvq
aciv acop acoo = mzz
aciw = xry zts afc
acix = nxp
aciy acoo = sbl (agw nax ldh)
aciz = abwl
acja acop acoo = wyp sjg uh tfz
acjb acoo acoq acop = xhp
acjc acoo = rlm (roe pff)
acjd acoo acop = egw cfr aap yoi
acje = hul
acjf acoo acop = rxj
acjg acoo = tsx
acjh acoo = aur vcp
acji acoo = neu
acjj = scx
acjk acoo acop acoq = tyb spv
acjl acoo acop = abka
acjm = qbn fqx
acjn acop acoq acoo = isw
acjo acop acoo = lqt uww ydh xsw vns
acjp acop acoo acoq = pex ujt dqa
acjq acop acoo = aey
acjr acop acoo acoq = gyj
acjs acop acoo = lcm
acjt = vze
acju acop acoo = pix
acjv acoo = clb
acjw acop acoq acoo = fcr
acjx acoo acop = qwe
acjy acoo = upt
acjz acop acoq acoo = xqj
acka acoo = rtz vk accc njq kqq
ackb = nuh
ackc acop acoo = tho
ackd acoo acoq acop = tjo abbz
acke acoq acop acoo = ijp qxx kcl sfh
ackf acop acoq acoo = fna dyi wjy uzc
ackg = ihg tlc cdq zhj
ackh = csb byf lxk gsl
acki acop acoo = ebr
ackj acoo = aaib
ackk acoo acoq acop = kde ifp
ackl = gyn
ackm = qok
ackn acoq acop acoo = zra aayc
acko = alx
ackp acop acoo = gqf pla (ziz ogl kmk)
ackq = aid
ackr = atp
acks acoq acop acoo = aayq
ackt acop acoo = juj lhn wmo
acku acop acoo = bgx
ackv = tp
ackw acoq acoo acop = cey
ackx acop acoo acoq = epa ytu aamm bdd
acky acoo = pja ryo fbr mji cdz
ackz = eze
acla = cwv xia frz oo
aclb acoq acoo acop = kgw
aclc acoo acop = rff
acld acoo acop = hih
acle acop acoq acoo = rou
aclf acop acoq acoo = zwa mgl omo yxo
aclg acoq acoo acop = qjz aaqz (absx qin)
aclh acoo acop = vne sid
acli acop acoq acoo = sqj
aclj acoo = zza
aclk acoo = qit
acll acoo acop = mgm
aclm = lal
acln acoo = ezu lor
aclo acoo acop acoq = thf
aclp acoo acop = eox
aclq acoo = uvb
aclr acop acoq acoo = fei gwy
acls acop acoo = uza cqe (syl tay)
aclt acoo acop = deq dcz pul lba
aclu = acnu
aclv acoo acop = xrl
aclw acoo = pxu
aclx acoo acop = nep
acly = achh
aclz = jkt
acma acop acoo = pqp jhh duf rhz fqx
acmb acoq acoo acop = gis
acmc = tso
acmd acoq acop acoo = abcm yiq
acme acop acoo = ljx
acmf acoq acoo acop = abhk bvi abuq zar hrk
acmg = nts
acmh acop acoo = bkq
acmi = ifm
acmj = zfg zu
acmk = dtk
acml acoo acoq acop = cks aqq acdw muk
acmm = top qxe
acmn = evz dp kmv eyb
acmo acop acoo = hbh
acmp acoo acop = pfg
acmq acoo = txc uvv
acmr = hii
acms acoo = hwf
acmt acoo acop acoq = fyr
acmu acoq acop acoo = qzl
acmv = yxa
acmw acoq acop acoo = gon
acmx = cso bwl nns zr
acmy acoo acop = qwy
acmz acoo acop = jns
acna acoo = ofb
acnb acop acoo = ar
acnc = tly gxr
acnd acoo = wvn fyc wqm wcn
acne acoo = mnq eaq
acnf = aahp
acng acop acoo = wml
acnh acop acoo = fry nfz
acni = gdv
acnj acoo acop = ara ovm
acnk = xnk fn cxv aals
acnl acoq acop acoo = ont pvb
acnm acoq acop acoo = aaql aage joe vnf accv
acnn = ffb ntq
acno acoo acop = trc
acnp acoo = bmy yfz
acnq acoo = jvm
acnr acoo acop acoq = emd lxf
acns acop acoq acoo = kiw upl sdq
acnt acoo = vow
acnu acop acoq acoo = zsv
acnv acoq acop acoo = ocq
acnw = jsb
acnx acoo = bko
acny acoo = mlx sjb vfa
acnz acop acoq acoo = aagg onm isr
acoa = lhb
acob acop acoo acoq = yno fys
acoc = utd
acod = uzx cno
acoe acoq acop acoo = sqt igr rok
acof acop acoo acoq = kqe inq mmf lbz
acog acop acoo = jm
acoh acop acoo acoq = piy
acoi acoo = qjv
acoj = qzb
acok = laa aazs
acol = ivj
acom acoo acop = wdx
acon = cll
main = kld dhq A gkk B xhz fvu aadj wsy gva abfj eti C D wgy aik rev ztf acir owj abbb (pad (mfu fik aaea ijm E pfm F G H pxa fqu) pkx xpx zky otp) jcb I mqj J rme K uis L M iyx N O P gcf xio bcm Q mxh R S xro T cdm U fpt (zpf V kuo xjw) W X om Y yac Z AA AB fq dcs AC vtw crl AD AE (fbu kjx lkt abje) ikf AF nnb AG bwj AH (kao bgl) sna zqn bhr AI acia AJ ims AK AL zue yyx cxs accu owk lbz wyj (AM fga) mzw wbz AN fe AO tbm swr AP jtc sck xmr AQ uva vmt AR dzu AT bnl zaa AU kri AV AW drm xpb rwm jko AX aaoz nok AY abvl st AZ swx BA hbr vya BB BC pgc apu umh BD lqg cct qya BE yst (BF rkb pdo thd nwp npz vqx mtx lgf xdz) jes BG BH rpt cpu BI BJ nyp acjt BK BL hjg BM (BN BO qdy) pqj zxp BP knq uru BQ BR lac (BS BT aauy BU fuc sqz BV) twp xoz BW (pqf lon) ubf sjj BX BY ioe BZ CA abph iwt sxx (cri ore sjp aauy rxu qxy omw qjs) CB ffp hrv CC uat abgn CD CE CF jyn xfp dmf rbs ire krj ohd rgm CG yes CH vko goj vng CI smo stj mxh pii CJ hye CK lwp mzc CL CM yvz (CN qyw ixx) CO xfd (rdl dqj) CP CQ CR ux (CS eae pxw kai ujt bi) vtv xai vak pnn qfv CT CU CV etf yye (CW lpq pzg) CX yxb fkq abbl (aadc yyr lee wbw fao) tjt abvj yrk tlm CY CZ mje (kf fto tal tke xmp rhj DA mvn) kqf fmp zed eex igt ibo zop nfq DB DC (DD hjr) DE nph xly DF DG DH ojg jyh qum buz tek DI jvg DJ DK DL kot uxi shu htl xsl ulq avb fof DM fzt (DN (yrr ggj hb yvi vep ris (DP vko) psn ivn DQ) DR lgk xnr) poy zg acw DS lcx DT (DU ytc (DV DW DX xnz DY ili DZ fll) (EA gpb muc ejh) (xio wvz vhr EB)) vlc nse EC ED prl EE dqi EF aast
------------------------------------------------------------
kld dhq A gkk B xhz fvu aadj wsy gva abfj eti C D wgy aik rev ztf acir owj abbb (pad (mfu fik aaea ijm E pfm F G H pxa fqu) pkx xpx zky otp) jcb I mqj J rme K uis L M iyx N O P gcf xio bcm Q mxh R S xro T cdm U fpt (zpf V kuo xjw) W X om Y yac Z AA AB fq dcs AC vtw crl AD AE (fbu kjx lkt abje) ikf AF nnb AG bwj AH (kao bgl) sna zqn bhr AI acia AJ ims AK AL zue yyx cxs accu owk lbz wyj (AM fga) mzw wbz AN fe AO tbm swr AP jtc sck xmr AQ uva vmt AR dzu AT bnl zaa AU kri AV AW drm xpb rwm jko AX aaoz nok AY abvl st AZ swx BA hbr vya BB BC pgc apu umh BD lqg cct qya BE yst (BF rkb pdo thd nwp npz vqx mtx lgf xdz) jes BG BH rpt cpu BI BJ nyp acjt BK BL hjg BM (BN BO qdy) pqj zxp BP knq uru BQ BR lac (BS BT aauy BU fuc sqz BV) twp xoz BW (pqf lon) ubf sjj BX BY ioe BZ CA abph iwt sxx (cri ore sjp aauy rxu qxy omw qjs) CB ffp hrv CC uat abgn CD CE CF jyn xfp dmf rbs ire krj ohd rgm CG yes CH vko goj vng CI smo stj mxh pii CJ hye CK lwp mzc CL CM yvz (CN qyw ixx) CO xfd (rdl dqj) CP CQ CR ux (CS eae pxw kai ujt bi) vtv xai vak pnn qfv CT CU CV etf yye (CW lpq pzg) CX yxb fkq abbl (aadc yyr lee wbw fao) tjt abvj yrk tlm CY CZ mje (kf fto tal tke xmp rhj DA mvn) kqf fmp zed eex igt ibo zop nfq DB DC (DD hjr) DE nph xly DF DG DH ojg jyh qum buz tek DI jvg DJ DK DL kot uxi shu htl xsl ulq avb fof DM fzt (DN (yrr ggj hb yvi vep ris (DP vko) psn ivn DQ) DR lgk xnr) poy zg acw DS lcx DT (DU ytc (DV DW DX xnz DY ili DZ fll) (EA gpb muc ejh) (xio wvz vhr EB)) vlc nse EC ED prl EE dqi EF aast
abgy gkk B xhz fvu aadj wsy gva abfj eti C D wgy aik rev ztf acir owj abbb (pad (mfu fik aaea ijm E pfm F G H pxa fqu) pkx xpx zky otp) jcb I mqj J rme K uis L M iyx N O P gcf xio bcm Q mxh R S xro T cdm U fpt (zpf V kuo xjw) W X om Y yac Z AA AB fq dcs AC vtw crl AD AE (fbu kjx lkt abje) ikf AF nnb AG bwj AH (kao bgl) sna zqn bhr AI acia AJ ims AK AL zue yyx cxs accu owk lbz wyj (AM fga) mzw wbz AN fe AO tbm swr AP jtc sck xmr AQ uva vmt AR dzu AT bnl zaa AU kri AV AW drm xpb rwm jko AX aaoz nok AY abvl st AZ swx BA hbr vya BB BC pgc apu umh BD lqg cct qya BE yst (BF rkb pdo thd nwp npz vqx mtx lgf xdz) jes BG BH rpt cpu BI BJ nyp acjt BK BL hjg BM (BN BO qdy) pqj zxp BP knq uru BQ BR lac (BS BT aauy BU fuc sqz BV) twp xoz BW (pqf lon) ubf sjj BX BY ioe BZ CA abph iwt sxx (cri ore sjp aauy rxu qxy omw qjs) CB ffp hrv CC uat abgn CD CE CF jyn xfp dmf rbs ire krj ohd rgm CG yes CH vko goj vng CI smo stj mxh pii CJ hye CK lwp mzc CL CM yvz (CN qyw ixx) CO xfd (rdl dqj) CP CQ CR ux (CS eae pxw kai ujt bi) vtv xai vak pnn qfv CT CU CV etf yye (CW lpq pzg) CX yxb fkq abbl (aadc yyr lee wbw fao) tjt abvj yrk tlm CY CZ mje (kf fto tal tke xmp rhj DA mvn) kqf fmp zed eex igt ibo zop nfq DB DC (DD hjr) DE nph xly DF DG DH ojg jyh qum buz tek DI jvg DJ DK DL kot uxi shu htl xsl ulq avb fof DM fzt (DN (yrr ggj hb yvi vep ris (DP vko) psn ivn DQ) DR lgk xnr) poy zg acw DS lcx DT (DU ytc (DV DW DX xnz DY ili DZ fll) (EA gpb muc ejh) (xio wvz vhr EB)) vlc nse EC ED prl EE dqi EF aast
tex xhz fvu aadj wsy gva abfj eti C D wgy aik rev ztf acir owj abbb (pad (mfu fik aaea ijm E pfm F G H pxa fqu) pkx xpx zky otp) jcb I mqj J rme K uis L M iyx N O P gcf xio bcm Q mxh R S xro T cdm U fpt (zpf V kuo xjw) W X om Y yac Z AA AB fq dcs AC vtw crl AD AE (fbu kjx lkt abje) ikf AF nnb AG bwj AH (kao bgl) sna zqn bhr AI acia AJ ims AK AL zue yyx cxs accu owk lbz wyj (AM fga) mzw wbz AN fe AO tbm swr AP jtc sck xmr AQ uva vmt AR dzu AT bnl zaa AU kri AV AW drm xpb rwm jko AX aaoz nok AY abvl st AZ swx BA hbr vya BB BC pgc apu umh BD lqg cct qya BE yst (BF rkb pdo thd nwp npz vqx mtx lgf xdz) jes BG BH rpt cpu BI BJ nyp acjt BK BL hjg BM (BN BO qdy) pqj zxp BP knq uru BQ BR lac (BS BT aauy BU fuc sqz BV) twp xoz BW (pqf lon) ubf sjj BX BY ioe BZ CA abph iwt sxx (cri ore sjp aauy rxu qxy omw qjs) CB ffp hrv CC uat abgn CD CE CF jyn xfp dmf rbs ire krj ohd rgm CG yes CH vko goj vng CI smo stj mxh pii CJ hye CK lwp mzc CL CM yvz (CN qyw ixx) CO xfd (rdl dqj) CP CQ CR ux (CS eae pxw kai ujt bi) vtv xai vak pnn qfv CT CU CV etf yye (CW lpq pzg) CX yxb fkq abbl (aadc yyr lee wbw fao) tjt abvj yrk tlm CY CZ mje (kf fto tal tke xmp rhj DA mvn) kqf fmp zed eex igt ibo zop nfq DB DC (DD hjr) DE nph xly DF DG DH ojg jyh qum buz tek DI jvg DJ DK DL kot uxi shu htl xsl ulq avb fof DM fzt (DN (yrr ggj hb yvi vep ris (DP vko) psn ivn DQ) DR lgk xnr) poy zg acw DS lcx DT (DU ytc (DV DW DX xnz DY ili DZ fll) (EA gpb muc ejh) (xio wvz vhr EB)) vlc nse EC ED prl EE dqi EF aast
bao yyt wsy gva abfj eti C D wgy aik rev ztf acir owj abbb (pad (mfu fik aaea ijm E pfm F G H pxa fqu) pkx xpx zky otp) jcb I mqj J rme K uis L M iyx N O P gcf xio bcm Q mxh R S xro T cdm U fpt (zpf V kuo xjw) W X om Y yac Z AA AB fq dcs AC vtw crl AD AE (fbu kjx lkt abje) ikf AF nnb AG bwj AH (kao bgl) sna zqn bhr AI acia AJ ims AK AL zue yyx cxs accu owk lbz wyj (AM fga) mzw wbz AN fe AO tbm swr AP jtc sck xmr AQ uva vmt AR dzu AT bnl zaa AU kri AV AW drm xpb rwm jko AX aaoz nok AY abvl st AZ swx BA hbr vya BB BC pgc apu umh BD lqg cct qya BE yst (BF rkb pdo thd nwp npz vqx mtx lgf xdz) jes BG BH rpt cpu BI BJ nyp acjt BK BL hjg BM (BN BO qdy) pqj zxp BP knq uru BQ BR lac (BS BT aauy BU fuc sqz BV) twp xoz BW (pqf lon) ubf sjj BX BY ioe BZ CA abph iwt sxx (cri ore sjp aauy rxu qxy omw qjs) CB ffp hrv CC uat abgn CD CE CF jyn xfp dmf rbs ire krj ohd rgm CG yes CH vko goj vng CI smo stj mxh pii CJ hye CK lwp mzc CL CM yvz (CN qyw ixx) CO xfd (rdl dqj) CP CQ CR ux (CS eae pxw kai ujt bi) vtv xai vak pnn qfv CT CU CV etf yye (CW lpq pzg) CX yxb fkq abbl (aadc yyr lee wbw fao) tjt abvj yrk tlm CY CZ mje (kf fto tal tke xmp rhj DA mvn) kqf fmp zed eex igt ibo zop nfq DB DC (DD hjr) DE nph xly DF DG DH ojg jyh qum buz tek DI jvg DJ DK DL kot uxi shu htl xsl ulq avb fof DM fzt (DN (yrr ggj hb yvi vep ris (DP vko) psn ivn DQ) DR lgk xnr) poy zg acw DS lcx DT (DU ytc (DV DW DX xnz DY ili DZ fll) (EA gpb muc ejh) (xio wvz vhr EB)) vlc nse EC ED prl EE dqi EF aast
yjk abfj eti C D wgy aik rev ztf acir owj abbb (pad (mfu fik aaea ijm E pfm F G H pxa fqu) pkx xpx zky otp) jcb I mqj J rme K uis L M iyx N O P gcf xio bcm Q mxh R S xro T cdm U fpt (zpf V kuo xjw) W X om Y yac Z AA AB fq dcs AC vtw crl AD AE (fbu kjx lkt abje) ikf AF nnb AG bwj AH (kao bgl) sna zqn bhr AI acia AJ ims AK AL zue yyx cxs accu owk lbz wyj (AM fga) mzw wbz AN fe AO tbm swr AP jtc sck xmr AQ uva vmt AR dzu AT bnl zaa AU kri AV AW drm xpb rwm jko AX aaoz nok AY abvl st AZ swx BA hbr vya BB BC pgc apu umh BD lqg cct qya BE yst (BF rkb pdo thd nwp npz vqx mtx lgf xdz) jes BG BH rpt cpu BI BJ nyp acjt BK BL hjg BM (BN BO qdy) pqj zxp BP knq uru BQ BR lac (BS BT aauy BU fuc sqz BV) twp xoz BW (pqf lon) ubf sjj BX BY ioe BZ CA abph iwt sxx (cri ore sjp aauy rxu qxy omw qjs) CB ffp hrv CC uat abgn CD CE CF jyn xfp dmf rbs ire krj ohd rgm CG yes CH vko goj vng CI smo stj mxh pii CJ hye CK lwp mzc CL CM yvz (CN qyw ixx) CO xfd (rdl dqj) CP CQ CR ux (CS eae pxw kai ujt bi) vtv xai vak pnn qfv CT CU CV etf yye (CW lpq pzg) CX yxb fkq abbl (aadc yyr lee wbw fao) tjt abvj yrk tlm CY CZ mje (kf fto tal tke xmp rhj DA mvn) kqf fmp zed eex igt ibo zop nfq DB DC (DD hjr) DE nph xly DF DG DH ojg jyh qum buz tek DI jvg DJ DK DL kot uxi shu htl xsl ulq avb fof DM fzt (DN (yrr ggj hb yvi vep ris (DP vko) psn ivn DQ) DR lgk xnr) poy zg acw DS lcx DT (DU ytc (DV DW DX xnz DY ili DZ fll) (EA gpb muc ejh) (xio wvz vhr EB)) vlc nse EC ED prl EE dqi EF aast
ouy wok C D wgy aik rev ztf acir owj abbb (pad (mfu fik aaea ijm E pfm F G H pxa fqu) pkx xpx zky otp) jcb I mqj J rme K uis L M iyx N O P gcf xio bcm Q mxh R S xro T cdm U fpt (zpf V kuo xjw) W X om Y yac Z AA AB fq dcs AC vtw crl AD AE (fbu kjx lkt abje) ikf AF nnb AG bwj AH (kao bgl) sna zqn bhr AI acia AJ ims AK AL zue yyx cxs accu owk lbz wyj (AM fga) mzw wbz AN fe AO tbm swr AP jtc sck xmr AQ uva vmt AR dzu AT bnl zaa AU kri AV AW drm xpb rwm jko AX aaoz nok AY abvl st AZ swx BA hbr vya BB BC pgc apu umh BD lqg cct qya BE yst (BF rkb pdo thd nwp npz vqx mtx lgf xdz) jes BG BH rpt cpu BI BJ nyp acjt BK BL hjg BM (BN BO qdy) pqj zxp BP knq uru BQ BR lac (BS BT aauy BU fuc sqz BV) twp xoz BW (pqf lon) ubf sjj BX BY ioe BZ CA abph iwt sxx (cri ore sjp aauy rxu qxy omw qjs) CB ffp hrv CC uat abgn CD CE CF jyn xfp dmf rbs ire krj ohd rgm CG yes CH vko goj vng CI smo stj mxh pii CJ hye CK lwp mzc CL CM yvz (CN qyw ixx) CO xfd (rdl dqj) CP CQ CR ux (CS eae pxw kai ujt bi) vtv xai vak pnn qfv CT CU CV etf yye (CW lpq pzg) CX yxb fkq abbl (aadc yyr lee wbw fao) tjt abvj yrk tlm CY CZ mje (kf fto tal tke xmp rhj DA mvn) kqf fmp zed eex igt ibo zop nfq DB DC (DD hjr) DE nph xly DF DG DH ojg jyh qum buz tek DI jvg DJ DK DL kot uxi shu htl xsl ulq avb fof DM fzt (DN (yrr ggj hb yvi vep ris (DP vko) psn ivn DQ) DR lgk xnr) poy zg acw DS lcx DT (DU ytc (DV DW DX xnz DY ili DZ fll) (EA gpb muc ejh) (xio wvz vhr EB)) vlc nse EC ED prl EE dqi EF aast
csa nai gks wok C D wgy aik rev ztf acir owj abbb (pad (mfu fik aaea ijm E pfm F G H pxa fqu) pkx xpx zky otp) jcb I mqj J rme K uis L M iyx N O P gcf xio bcm Q mxh R S xro T cdm U fpt (zpf V kuo xjw) W X om Y yac Z AA AB fq dcs AC vtw crl AD AE (fbu kjx lkt abje) ikf AF nnb AG bwj AH (kao bgl) sna zqn bhr AI acia AJ ims AK AL zue yyx cxs accu owk lbz wyj (AM fga) mzw wbz AN fe AO tbm swr AP jtc sck xmr AQ uva vmt AR dzu AT bnl zaa AU kri AV AW drm xpb rwm jko AX aaoz nok AY abvl st AZ swx BA hbr vya BB BC pgc apu umh BD lqg cct qya BE yst (BF rkb pdo thd nwp npz vqx mtx lgf xdz) jes BG BH rpt cpu BI BJ nyp acjt BK BL hjg BM (BN BO qdy) pqj zxp BP knq uru BQ BR lac (BS BT aauy BU fuc sqz BV) twp xoz BW (pqf lon) ubf sjj BX BY ioe BZ CA abph iwt sxx (cri ore sjp aauy rxu qxy omw qjs) CB ffp hrv CC uat abgn CD CE CF jyn xfp dmf rbs ire krj ohd rgm CG yes CH vko goj vng CI smo stj mxh pii CJ hye CK lwp mzc CL CM yvz (CN qyw ixx) CO xfd (rdl dqj) CP CQ CR ux (CS eae pxw kai ujt bi) vtv xai vak pnn qfv CT CU CV etf yye (CW lpq pzg) CX yxb fkq abbl (aadc yyr lee wbw fao) tjt abvj yrk tlm CY CZ mje (kf fto tal tke xmp rhj DA mvn) kqf fmp zed eex igt ibo zop nfq DB DC (DD hjr) DE nph xly DF DG DH ojg jyh qum buz tek DI jvg DJ DK DL kot uxi shu htl xsl ulq avb fof DM fzt (DN (yrr ggj hb yvi vep ris (DP vko) psn ivn DQ) DR lgk xnr) poy zg acw DS lcx DT (DU ytc (DV DW DX xnz DY ili DZ fll) (EA gpb muc ejh) (xio wvz vhr EB)) vlc nse EC ED prl EE dqi EF aast
ltf C D wgy aik rev ztf acir owj abbb (pad (mfu fik aaea ijm E pfm F G H pxa fqu) pkx xpx zky otp) jcb I mqj J rme K uis L M iyx N O P gcf xio bcm Q mxh R S xro T cdm U fpt (zpf V kuo xjw) W X om Y yac Z AA AB fq dcs AC vtw crl AD AE (fbu kjx lkt abje) ikf AF nnb AG bwj AH (kao bgl) sna zqn bhr AI acia AJ ims AK AL zue yyx cxs accu owk lbz wyj (AM fga) mzw wbz AN fe AO tbm swr AP jtc sck xmr AQ uva vmt AR dzu AT bnl zaa AU kri AV AW drm xpb rwm jko AX aaoz nok AY abvl st AZ swx BA hbr vya BB BC pgc apu umh BD lqg cct qya BE yst (BF rkb pdo thd nwp npz vqx mtx lgf xdz) jes BG BH rpt cpu BI BJ nyp acjt BK BL hjg BM (BN BO qdy) pqj zxp BP knq uru BQ BR lac (BS BT aauy BU fuc sqz BV) twp xoz BW (pqf lon) ubf sjj BX BY ioe BZ CA abph iwt sxx (cri ore sjp aauy rxu qxy omw qjs) CB ffp hrv CC uat abgn CD CE CF jyn xfp dmf rbs ire krj ohd rgm CG yes CH vko goj vng CI smo stj mxh pii CJ hye CK lwp mzc CL CM yvz (CN qyw ixx) CO xfd (rdl dqj) CP CQ CR ux (CS eae pxw kai ujt bi) vtv xai vak pnn qfv CT CU CV etf yye (CW lpq pzg) CX yxb fkq abbl (aadc yyr lee wbw fao) tjt abvj yrk tlm CY CZ mje (kf fto tal tke xmp rhj DA mvn) kqf fmp zed eex igt ibo zop nfq DB DC (DD hjr) DE nph xly DF DG DH ojg jyh qum buz tek DI jvg DJ DK DL kot uxi shu htl xsl ulq avb fof DM fzt (DN (yrr ggj hb yvi vep ris (DP vko) psn ivn DQ) DR lgk xnr) poy zg acw DS lcx DT (DU ytc (DV DW DX xnz DY ili DZ fll) (EA gpb muc ejh) (xio wvz vhr EB)) vlc nse EC ED prl EE dqi EF aast
ly abol yay C D wgy aik rev ztf acir owj abbb (pad (mfu fik aaea ijm E pfm F G H pxa fqu) pkx xpx zky otp) jcb I mqj J rme K uis L M iyx N O P gcf xio bcm Q mxh R S xro T cdm U fpt (zpf V kuo xjw) W X om Y yac Z AA AB fq dcs AC vtw crl AD AE (fbu kjx lkt abje) ikf AF nnb AG bwj AH (kao bgl) sna zqn bhr AI acia AJ ims AK AL zue yyx cxs accu owk lbz wyj (AM fga) mzw wbz AN fe AO tbm swr AP jtc sck xmr AQ uva vmt AR dzu AT bnl zaa AU kri AV AW drm xpb rwm jko AX aaoz nok AY abvl st AZ swx BA hbr vya BB BC pgc apu umh BD lqg cct qya BE yst (BF rkb pdo thd nwp npz vqx mtx lgf xdz) jes BG BH rpt cpu BI BJ nyp acjt BK BL hjg BM (BN BO qdy) pqj zxp BP knq uru BQ BR lac (BS BT aauy BU fuc sqz BV) twp xoz BW (pqf lon) ubf sjj BX BY ioe BZ CA abph iwt sxx (cri ore sjp aauy rxu qxy omw qjs) CB ffp hrv CC uat abgn CD CE CF jyn xfp dmf rbs ire krj ohd rgm CG yes CH vko goj vng CI smo stj mxh pii CJ hye CK lwp mzc CL CM yvz (CN qyw ixx) CO xfd (rdl dqj) CP CQ CR ux (CS eae pxw kai ujt bi) vtv xai vak pnn qfv CT CU CV etf yye (CW lpq pzg) CX yxb fkq abbl (aadc yyr lee wbw fao) tjt abvj yrk tlm CY CZ mje (kf fto tal tke xmp rhj DA mvn) kqf fmp zed eex igt ibo zop nfq DB DC (DD hjr) DE nph xly DF DG DH ojg jyh qum buz tek DI jvg DJ DK DL kot uxi shu htl xsl ulq avb fof DM fzt (DN (yrr ggj hb yvi vep ris (DP vko) psn ivn DQ) DR lgk xnr) poy zg acw DS lcx DT (DU ytc (DV DW DX xnz DY ili DZ fll) (EA gpb muc ejh) (xio wvz vhr EB)) vlc nse EC ED prl EE dqi EF aast
eyz bwt zoq tag abol yay C D wgy aik rev ztf acir owj abbb (pad (mfu fik aaea ijm E pfm F G H pxa fqu) pkx xpx zky otp) jcb I mqj J rme K uis L M iyx N O P gcf xio bcm Q mxh R S xro T cdm U fpt (zpf V kuo xjw) W X om Y yac Z AA AB fq dcs AC vtw crl AD AE (fbu kjx lkt abje) ikf AF nnb AG bwj AH (kao bgl) sna zqn bhr AI acia AJ ims AK AL zue yyx cxs accu owk lbz wyj (AM fga) mzw wbz AN fe AO tbm swr AP jtc sck xmr AQ uva vmt AR dzu AT bnl zaa AU kri AV AW drm xpb rwm jko AX aaoz nok AY abvl st AZ swx BA hbr vya BB BC pgc apu umh BD lqg cct qya BE yst (BF rkb pdo thd nwp npz vqx mtx lgf xdz) jes BG BH rpt cpu BI BJ nyp acjt BK BL hjg BM (BN BO qdy) pqj zxp BP knq uru BQ BR lac (BS BT aauy BU fuc sqz BV) twp xoz BW (pqf lon) ubf sjj BX BY ioe BZ CA abph iwt sxx (cri ore sjp aauy rxu qxy omw qjs) CB ffp hrv CC uat abgn CD CE CF jyn xfp dmf rbs ire krj ohd rgm CG yes CH vko goj vng CI smo stj mxh pii CJ hye CK lwp mzc CL CM yvz (CN qyw ixx) CO xfd (rdl dqj) CP CQ CR ux (CS eae pxw kai ujt bi) vtv xai vak pnn qfv CT CU CV etf yye (CW lpq pzg) CX yxb fkq abbl (aadc yyr lee wbw fao) tjt abvj yrk tlm CY CZ mje (kf fto tal tke xmp rhj DA mvn) kqf fmp zed eex igt ibo zop nfq DB DC (DD hjr) DE nph xly DF DG DH ojg jyh qum buz tek DI jvg DJ DK DL kot uxi shu htl xsl ulq avb fof DM fzt (DN (yrr ggj hb yvi vep ris (DP vko) psn ivn DQ) DR lgk xnr) poy zg acw DS lcx DT (DU ytc (DV DW DX xnz DY ili DZ fll) (EA gpb muc ejh) (xio wvz vhr EB)) vlc nse EC ED prl EE dqi EF aast
ode ymy whk bwt zoq tag abol yay C D wgy aik rev ztf acir owj abbb (pad (mfu fik aaea ijm E pfm F G H pxa fqu) pkx xpx zky otp) jcb I mqj J rme K uis L M iyx N O P gcf xio bcm Q mxh R S xro T cdm U fpt (zpf V kuo xjw) W X om Y yac Z AA AB fq dcs AC vtw crl AD AE (fbu kjx lkt abje) ikf AF nnb AG bwj AH (kao bgl) sna zqn bhr AI acia AJ ims AK AL zue yyx cxs accu owk lbz wyj (AM fga) mzw wbz AN fe AO tbm swr AP jtc sck xmr AQ uva vmt AR dzu AT bnl zaa AU kri AV AW drm xpb rwm jko AX aaoz nok AY abvl st AZ swx BA hbr vya BB BC pgc apu umh BD lqg cct qya BE yst (BF rkb pdo thd nwp npz vqx mtx lgf xdz) jes BG BH rpt cpu BI BJ nyp acjt BK BL hjg BM (BN BO qdy) pqj zxp BP knq uru BQ BR lac (BS BT aauy BU fuc sqz BV) twp xoz BW (pqf lon) ubf sjj BX BY ioe BZ CA abph iwt sxx (cri ore sjp aauy rxu qxy omw qjs) CB ffp hrv CC uat abgn CD CE CF jyn xfp dmf rbs ire krj ohd rgm CG yes CH vko goj vng CI smo stj mxh pii CJ hye CK lwp mzc CL CM yvz (CN qyw ixx) CO xfd (rdl dqj) CP CQ CR ux (CS eae pxw kai ujt bi) vtv xai vak pnn qfv CT CU CV etf yye (CW lpq pzg) CX yxb fkq abbl (aadc yyr lee wbw fao) tjt abvj yrk tlm CY CZ mje (kf fto tal tke xmp rhj DA mvn) kqf fmp zed eex igt ibo zop nfq DB DC (DD hjr) DE nph xly DF DG DH ojg jyh qum buz tek DI jvg DJ DK DL kot uxi shu htl xsl ulq avb fof DM fzt (DN (yrr ggj hb yvi vep ris (DP vko) psn ivn DQ) DR lgk xnr) poy zg acw DS lcx DT (DU ytc (DV DW DX xnz DY ili DZ fll) (EA gpb muc ejh) (xio wvz vhr EB)) vlc nse EC ED prl EE dqi EF aast
wqx bwt zoq tag abol yay C D wgy aik rev ztf acir owj abbb (pad (mfu fik aaea ijm E pfm F G H pxa fqu) pkx xpx zky otp) jcb I mqj J rme K uis L M iyx N O P gcf xio bcm Q mxh R S xro T cdm U fpt (zpf V kuo xjw) W X om Y yac Z AA AB fq dcs AC vtw crl AD AE (fbu kjx lkt abje) ikf AF nnb AG bwj AH (kao bgl) sna zqn bhr AI acia AJ ims AK AL zue yyx cxs accu owk lbz wyj (AM fga) mzw wbz AN fe AO tbm swr AP jtc sck xmr AQ uva vmt AR dzu AT bnl zaa AU kri AV AW drm xpb rwm jko AX aaoz nok AY abvl st AZ swx BA hbr vya BB BC pgc apu umh BD lqg cct qya BE yst (BF rkb pdo thd nwp npz vqx mtx lgf xdz) jes BG BH rpt cpu BI BJ nyp acjt BK BL hjg BM (BN BO qdy) pqj zxp BP knq uru BQ BR lac (BS BT aauy BU fuc sqz BV) twp xoz BW (pqf lon) ubf sjj BX BY ioe BZ CA abph iwt sxx (cri ore sjp aauy rxu qxy omw qjs) CB ffp hrv CC uat abgn CD CE CF jyn xfp dmf rbs ire krj ohd rgm CG yes CH vko goj vng CI smo stj mxh pii CJ hye CK lwp mzc CL CM yvz (CN qyw ixx) CO xfd (rdl dqj) CP CQ CR ux (CS eae pxw kai ujt bi) vtv xai vak pnn qfv CT CU CV etf yye (CW lpq pzg) CX yxb fkq abbl (aadc yyr lee wbw fao) tjt abvj yrk tlm CY CZ mje (kf fto tal tke xmp rhj DA mvn) kqf fmp zed eex igt ibo zop nfq DB DC (DD hjr) DE nph xly DF DG DH ojg jyh qum buz tek DI jvg DJ DK DL kot uxi shu htl xsl ulq avb fof DM fzt (DN (yrr ggj hb yvi vep ris (DP vko) psn ivn DQ) DR lgk xnr) poy zg acw DS lcx DT (DU ytc (DV DW DX xnz DY ili DZ fll) (EA gpb muc ejh) (xio wvz vhr EB)) vlc nse EC ED prl EE dqi EF aast
qme zoq tag abol yay C D wgy aik rev ztf acir owj abbb (pad (mfu fik aaea ijm E pfm F G H pxa fqu) pkx xpx zky otp) jcb I mqj J rme K uis L M iyx N O P gcf xio bcm Q mxh R S xro T cdm U fpt (zpf V kuo xjw) W X om Y yac Z AA AB fq dcs AC vtw crl AD AE (fbu kjx lkt abje) ikf AF nnb AG bwj AH (kao bgl) sna zqn bhr AI acia AJ ims AK AL zue yyx cxs accu owk lbz wyj (AM fga) mzw wbz AN fe AO tbm swr AP jtc sck xmr AQ uva vmt AR dzu AT bnl zaa AU kri AV AW drm xpb rwm jko AX aaoz nok AY abvl st AZ swx BA hbr vya BB BC pgc apu umh BD lqg cct qya BE yst (BF rkb pdo thd nwp npz vqx mtx lgf xdz) jes BG BH rpt cpu BI BJ nyp acjt BK BL hjg BM (BN BO qdy) pqj zxp BP knq uru BQ BR lac (BS BT aauy BU fuc sqz BV) twp xoz BW (pqf lon) ubf sjj BX BY ioe BZ CA abph iwt sxx (cri ore sjp aauy rxu qxy omw qjs) CB ffp hrv CC uat abgn CD CE CF jyn xfp dmf rbs ire krj ohd rgm CG yes CH vko goj vng CI smo stj mxh pii CJ hye CK lwp mzc CL CM yvz (CN qyw ixx) CO xfd (rdl dqj) CP CQ CR ux (CS eae pxw kai ujt bi) vtv xai vak pnn qfv CT CU CV etf yye (CW lpq pzg) CX yxb fkq abbl (aadc yyr lee wbw fao) tjt abvj yrk tlm CY CZ mje (kf fto tal tke xmp rhj DA mvn) kqf fmp zed eex igt ibo zop nfq DB DC (DD hjr) DE nph xly DF DG DH ojg jyh qum buz tek DI jvg DJ DK DL kot uxi shu htl xsl ulq avb fof DM fzt (DN (yrr ggj hb yvi vep ris (DP vko) psn ivn DQ) DR lgk xnr) poy zg acw DS lcx DT (DU ytc (DV DW DX xnz DY ili DZ fll) (EA gpb muc ejh) (xio wvz vhr EB)) vlc nse EC ED prl EE dqi EF aast
nuf tag abol yay C D wgy aik rev ztf acir owj abbb (pad (mfu fik aaea ijm E pfm F G H pxa fqu) pkx xpx zky otp) jcb I mqj J rme K uis L M iyx N O P gcf xio bcm Q mxh R S xro T cdm U fpt (zpf V kuo xjw) W X om Y yac Z AA AB fq dcs AC vtw crl AD AE (fbu kjx lkt abje) ikf AF nnb AG bwj AH (kao bgl) sna zqn bhr AI acia AJ ims AK AL zue yyx cxs accu owk lbz wyj (AM fga) mzw wbz AN fe AO tbm swr AP jtc sck xmr AQ uva vmt AR dzu AT bnl zaa AU kri AV AW drm xpb rwm jko AX aaoz nok AY abvl st AZ swx BA hbr vya BB BC pgc apu umh BD lqg cct qya BE yst (BF rkb pdo thd nwp npz vqx mtx lgf xdz) jes BG BH rpt cpu BI BJ nyp acjt BK BL hjg BM (BN BO qdy) pqj zxp BP knq uru BQ BR lac (BS BT aauy BU fuc sqz BV) twp xoz BW (pqf lon) ubf sjj BX BY ioe BZ CA abph iwt sxx (cri ore sjp aauy rxu qxy omw qjs) CB ffp hrv CC uat abgn CD CE CF jyn xfp dmf rbs ire krj ohd rgm CG yes CH vko goj vng CI smo stj mxh pii CJ hye CK lwp mzc CL CM yvz (CN qyw ixx) CO xfd (rdl dqj) CP CQ CR ux (CS eae pxw kai ujt bi) vtv xai vak pnn qfv CT CU CV etf yye (CW lpq pzg) CX yxb fkq abbl (aadc yyr lee wbw fao) tjt abvj yrk tlm CY CZ mje (kf fto tal tke xmp rhj DA mvn) kqf fmp zed eex igt ibo zop nfq DB DC (DD hjr) DE nph xly DF DG DH ojg jyh qum buz tek DI jvg DJ DK DL kot uxi shu htl xsl ulq avb fof DM fzt (DN (yrr ggj hb yvi vep ris (DP vko) psn ivn DQ) DR lgk xnr) poy zg acw DS lcx DT (DU ytc (DV DW DX xnz DY ili DZ fll) (EA gpb muc ejh) (xio wvz vhr EB)) vlc nse EC ED prl EE dqi EF aast
mnq bhb dso yay C D wgy aik rev ztf acir owj abbb (pad (mfu fik aaea ijm E pfm F G H pxa fqu) pkx xpx zky otp) jcb I mqj J rme K uis L M iyx N O P gcf xio bcm Q mxh R S xro T cdm U fpt (zpf V kuo xjw) W X om Y yac Z AA AB fq dcs AC vtw crl AD AE (fbu kjx lkt abje) ikf AF nnb AG bwj AH (kao bgl) sna zqn bhr AI acia AJ ims AK AL zue yyx cxs accu owk lbz wyj (AM fga) mzw wbz AN fe AO tbm swr AP jtc sck xmr AQ uva vmt AR dzu AT bnl zaa AU kri AV AW drm xpb rwm jko AX aaoz nok AY abvl st AZ swx BA hbr vya BB BC pgc apu umh BD lqg cct qya BE yst (BF rkb pdo thd nwp npz vqx mtx lgf xdz) jes BG BH rpt cpu BI BJ nyp acjt BK BL hjg BM (BN BO qdy) pqj zxp BP knq uru BQ BR lac (BS BT aauy BU fuc sqz BV) twp xoz BW (pqf lon) ubf sjj BX BY ioe BZ CA abph iwt sxx (cri ore sjp aauy rxu qxy omw qjs) CB ffp hrv CC uat abgn CD CE CF jyn xfp dmf rbs ire krj ohd rgm CG yes CH vko goj vng CI smo stj mxh pii CJ hye CK lwp mzc CL CM yvz (CN qyw ixx) CO xfd (rdl dqj) CP CQ CR ux (CS eae pxw kai ujt bi) vtv xai vak pnn qfv CT CU CV etf yye (CW lpq pzg) CX yxb fkq abbl (aadc yyr lee wbw fao) tjt abvj yrk tlm CY CZ mje (kf fto tal tke xmp rhj DA mvn) kqf fmp zed eex igt ibo zop nfq DB DC (DD hjr) DE nph xly DF DG DH ojg jyh qum buz tek DI jvg DJ DK DL kot uxi shu htl xsl ulq avb fof DM fzt (DN (yrr ggj hb yvi vep ris (DP vko) psn ivn DQ) DR lgk xnr) poy zg acw DS lcx DT (DU ytc (DV DW DX xnz DY ili DZ fll) (EA gpb muc ejh) (xio wvz vhr EB)) vlc nse EC ED prl EE dqi EF aast
ued dso yay C D wgy aik rev ztf acir owj abbb (pad (mfu fik aaea ijm E pfm F G H pxa fqu) pkx xpx zky otp) jcb I mqj J rme K uis L M iyx N O P gcf xio bcm Q mxh R S xro T cdm U fpt (zpf V kuo xjw) W X om Y yac Z AA AB fq dcs AC vtw crl AD AE (fbu kjx lkt abje) ikf AF nnb AG bwj AH (kao bgl) sna zqn bhr AI acia AJ ims AK AL zue yyx cxs accu owk lbz wyj (AM fga) mzw wbz AN fe AO tbm swr AP jtc sck xmr AQ uva vmt AR dzu AT bnl zaa AU kri AV AW drm xpb rwm jko AX aaoz nok AY abvl st AZ swx BA hbr vya BB BC pgc apu umh BD lqg cct qya BE yst (BF rkb pdo thd nwp npz vqx mtx lgf xdz) jes BG BH rpt cpu BI BJ nyp acjt BK BL hjg BM (BN BO qdy) pqj zxp BP knq uru BQ BR lac (BS BT aauy BU fuc sqz BV) twp xoz BW (pqf lon) ubf sjj BX BY ioe BZ CA abph iwt sxx (cri ore sjp aauy rxu qxy omw qjs) CB ffp hrv CC uat abgn CD CE CF jyn xfp dmf rbs ire krj ohd rgm CG yes CH vko goj vng CI smo stj mxh pii CJ hye CK lwp mzc CL CM yvz (CN qyw ixx) CO xfd (rdl dqj) CP CQ CR ux (CS eae pxw kai ujt bi) vtv xai vak pnn qfv CT CU CV etf yye (CW lpq pzg) CX yxb fkq abbl (aadc yyr lee wbw fao) tjt abvj yrk tlm CY CZ mje (kf fto tal tke xmp rhj DA mvn) kqf fmp zed eex igt ibo zop nfq DB DC (DD hjr) DE nph xly DF DG DH ojg jyh qum buz tek DI jvg DJ DK DL kot uxi shu htl xsl ulq avb fof DM fzt (DN (yrr ggj hb yvi vep ris (DP vko) psn ivn DQ) DR lgk xnr) poy zg acw DS lcx DT (DU ytc (DV DW DX xnz DY ili DZ fll) (EA gpb muc ejh) (xio wvz vhr EB)) vlc nse EC ED prl EE dqi EF aast
wwl ggw rsb whd C D wgy aik rev ztf acir owj abbb (pad (mfu fik aaea ijm E pfm F G H pxa fqu) pkx xpx zky otp) jcb I mqj J rme K uis L M iyx N O P gcf xio bcm Q mxh R S xro T cdm U fpt (zpf V kuo xjw) W X om Y yac Z AA AB fq dcs AC vtw crl AD AE (fbu kjx lkt abje) ikf AF nnb AG bwj AH (kao bgl) sna zqn bhr AI acia AJ ims AK AL zue yyx cxs accu owk lbz wyj (AM fga) mzw wbz AN fe AO tbm swr AP jtc sck xmr AQ uva vmt AR dzu AT bnl zaa AU kri AV AW drm xpb rwm jko AX aaoz nok AY abvl st AZ swx BA hbr vya BB BC pgc apu umh BD lqg cct qya BE yst (BF rkb pdo thd nwp npz vqx mtx lgf xdz) jes BG BH rpt cpu BI BJ nyp acjt BK BL hjg BM (BN BO qdy) pqj zxp BP knq uru BQ BR lac (BS BT aauy BU fuc sqz BV) twp xoz BW (pqf lon) ubf sjj BX BY ioe BZ CA abph iwt sxx (cri ore sjp aauy rxu qxy omw qjs) CB ffp hrv CC uat abgn CD CE CF jyn xfp dmf rbs ire krj ohd rgm CG yes CH vko goj vng CI smo stj mxh pii CJ hye CK lwp mzc CL CM yvz (CN qyw ixx) CO xfd (rdl dqj) CP CQ CR ux (CS eae pxw kai ujt bi) vtv xai vak pnn qfv CT CU CV etf yye (CW lpq pzg) CX yxb fkq abbl (aadc yyr lee wbw fao) tjt abvj yrk tlm CY CZ mje (kf fto tal tke xmp rhj DA mvn) kqf fmp zed eex igt ibo zop nfq DB DC (DD hjr) DE nph xly DF DG DH ojg jyh qum buz tek DI jvg DJ DK DL kot uxi shu htl xsl ulq avb fof DM fzt (DN (yrr ggj hb yvi vep ris (DP vko) psn ivn DQ) DR lgk xnr) poy zg acw DS lcx DT (DU ytc (DV DW DX xnz DY ili DZ fll) (EA gpb muc ejh) (xio wvz vhr EB)) vlc nse EC ED prl EE dqi EF aast
syf hji xfz rsb whd C D wgy aik rev ztf acir owj abbb (pad (mfu fik aaea ijm E pfm F G H pxa fqu) pkx xpx zky otp) jcb I mqj J rme K uis L M iyx N O P gcf xio bcm Q mxh R S xro T cdm U fpt (zpf V kuo xjw) W X om Y yac Z AA AB fq dcs AC vtw crl AD AE (fbu kjx lkt abje) ikf AF nnb AG bwj AH (kao bgl) sna zqn bhr AI acia AJ ims AK AL zue yyx cxs accu owk lbz wyj (AM fga) mzw wbz AN fe AO tbm swr AP jtc sck xmr AQ uva vmt AR dzu AT bnl zaa AU kri AV AW drm xpb rwm jko AX aaoz nok AY abvl st AZ swx BA hbr vya BB BC pgc apu umh BD lqg cct qya BE yst (BF rkb pdo thd nwp npz vqx mtx lgf xdz) jes BG BH rpt cpu BI BJ nyp acjt BK BL hjg BM (BN BO qdy) pqj zxp BP knq uru BQ BR lac (BS BT aauy BU fuc sqz BV) twp xoz BW (pqf lon) ubf sjj BX BY ioe BZ CA abph iwt sxx (cri ore sjp aauy rxu qxy omw qjs) CB ffp hrv CC uat abgn CD CE CF jyn xfp dmf rbs ire krj ohd rgm CG yes CH vko goj vng CI smo stj mxh pii CJ hye CK lwp mzc CL CM yvz (CN qyw ixx) CO xfd (rdl dqj) CP CQ CR ux (CS eae pxw kai ujt bi) vtv xai vak pnn qfv CT CU CV etf yye (CW lpq pzg) CX yxb fkq abbl (aadc yyr lee wbw fao) tjt abvj yrk tlm CY CZ mje (kf fto tal tke xmp rhj DA mvn) kqf fmp zed eex igt ibo zop nfq DB DC (DD hjr) DE nph xly DF DG DH ojg jyh qum buz tek DI jvg DJ DK DL kot uxi shu htl xsl ulq avb fof DM fzt (DN (yrr ggj hb yvi vep ris (DP vko) psn ivn DQ) DR lgk xnr) poy zg acw DS lcx DT (DU ytc (DV DW DX xnz DY ili DZ fll) (EA gpb muc ejh) (xio wvz vhr EB)) vlc nse EC ED prl EE dqi EF aast
vzx tdp wlo hji xfz rsb whd C D wgy aik rev ztf acir owj abbb (pad (mfu fik aaea ijm E pfm F G H pxa fqu) pkx xpx zky otp) jcb I mqj J rme K uis L M iyx N O P gcf xio bcm Q mxh R S xro T cdm U fpt (zpf V kuo xjw) W X om Y yac Z AA AB fq dcs AC vtw crl AD AE (fbu kjx lkt abje) ikf AF nnb AG bwj AH (kao bgl) sna zqn bhr AI acia AJ ims AK AL zue yyx cxs accu owk lbz wyj (AM fga) mzw wbz AN fe AO tbm swr AP jtc sck xmr AQ uva vmt AR dzu AT bnl zaa AU kri AV AW drm xpb rwm jko AX aaoz nok AY abvl st AZ swx BA hbr vya BB BC pgc apu umh BD lqg cct qya BE yst (BF rkb pdo thd nwp npz vqx mtx lgf xdz) jes BG BH rpt cpu BI BJ nyp acjt BK BL hjg BM (BN BO qdy) pqj zxp BP knq uru BQ BR lac (BS BT aauy BU fuc sqz BV) twp xoz BW (pqf lon) ubf sjj BX BY ioe BZ CA abph iwt sxx (cri ore sjp aauy rxu qxy omw qjs) CB ffp hrv CC uat abgn CD CE CF jyn xfp dmf rbs ire krj ohd rgm CG yes CH vko goj vng CI smo stj mxh pii CJ hye CK lwp mzc CL CM yvz (CN qyw ixx) CO xfd (rdl dqj) CP CQ CR ux (CS eae pxw kai ujt bi) vtv xai vak pnn qfv CT CU CV etf yye (CW lpq pzg) CX yxb fkq abbl (aadc yyr lee wbw fao) tjt abvj yrk tlm CY CZ mje (kf fto tal tke xmp rhj DA mvn) kqf fmp zed eex igt ibo zop nfq DB DC (DD hjr) DE nph xly DF DG DH ojg jyh qum buz tek DI jvg DJ DK DL kot uxi shu htl xsl ulq avb fof DM fzt (DN (yrr ggj hb yvi vep ris (DP vko) psn ivn DQ) DR lgk xnr) poy zg acw DS lcx DT (DU ytc (DV DW DX xnz DY ili DZ fll) (EA gpb muc ejh) (xio wvz vhr EB)) vlc nse EC ED prl EE dqi EF aast
abbe tdp wlo hji xfz rsb whd C D wgy aik rev ztf acir owj abbb (pad (mfu fik aaea ijm E pfm F G H pxa fqu) pkx xpx zky otp) jcb I mqj J rme K uis L M iyx N O P gcf xio bcm Q mxh R S xro T cdm U fpt (zpf V kuo xjw) W X om Y yac Z AA AB fq dcs AC vtw crl AD AE (fbu kjx lkt abje) ikf AF nnb AG bwj AH (kao bgl) sna zqn bhr AI acia AJ ims AK AL zue yyx cxs accu owk lbz wyj (AM fga) mzw wbz AN fe AO tbm swr AP jtc sck xmr AQ uva vmt AR dzu AT bnl zaa AU kri AV AW drm xpb rwm jko AX aaoz nok AY abvl st AZ swx BA hbr vya BB BC pgc apu umh BD lqg cct qya BE yst (BF rkb pdo thd nwp npz vqx mtx lgf xdz) jes BG BH rpt cpu BI BJ nyp acjt BK BL hjg BM (BN BO qdy) pqj zxp BP knq uru BQ BR lac (BS BT aauy BU fuc sqz BV) twp xoz BW (pqf lon) ubf sjj BX BY ioe BZ CA abph iwt sxx (cri ore sjp aauy rxu qxy omw qjs) CB ffp hrv CC uat abgn CD CE CF jyn xfp dmf rbs ire krj ohd rgm CG yes CH vko goj vng CI smo stj mxh pii CJ hye CK lwp mzc CL CM yvz (CN qyw ixx) CO xfd (rdl dqj) CP CQ CR ux (CS eae pxw kai ujt bi) vtv xai vak pnn qfv CT CU CV etf yye (CW lpq pzg) CX yxb fkq abbl (aadc yyr lee wbw fao) tjt abvj yrk tlm CY CZ mje (kf fto tal tke xmp rhj DA mvn) kqf fmp zed eex igt ibo zop nfq DB DC (DD hjr) DE nph xly DF DG DH ojg jyh qum buz tek DI jvg DJ DK DL kot uxi shu htl xsl ulq avb fof DM fzt (DN (yrr ggj hb yvi vep ris (DP vko) psn ivn DQ) DR lgk xnr) poy zg acw DS lcx DT (DU ytc (DV DW DX xnz DY ili DZ fll) (EA gpb muc ejh) (xio wvz vhr EB)) vlc nse EC ED prl EE dqi EF aast
yaf zdq iko bca xfz rsb whd C D wgy aik rev ztf acir owj abbb (pad (mfu fik aaea ijm E pfm F G H pxa fqu) pkx xpx zky otp) jcb I mqj J rme K uis L M iyx N O P gcf xio bcm Q mxh R S xro T cdm U fpt (zpf V kuo xjw) W X om Y yac Z AA AB fq dcs AC vtw crl AD AE (fbu kjx lkt abje) ikf AF nnb AG bwj AH (kao bgl) sna zqn bhr AI acia AJ ims AK AL zue yyx cxs accu owk lbz wyj (AM fga) mzw wbz AN fe AO tbm swr AP jtc sck xmr AQ uva vmt AR dzu AT bnl zaa AU kri AV AW drm xpb rwm jko AX aaoz nok AY abvl st AZ swx BA hbr vya BB BC pgc apu umh BD lqg cct qya BE yst (BF rkb pdo thd nwp npz vqx mtx lgf xdz) jes BG BH rpt cpu BI BJ nyp acjt BK BL hjg BM (BN BO qdy) pqj zxp BP knq uru BQ BR lac (BS BT aauy BU fuc sqz BV) twp xoz BW (pqf lon) ubf sjj BX BY ioe BZ CA abph iwt sxx (cri ore sjp aauy rxu qxy omw qjs) CB ffp hrv CC uat abgn CD CE CF jyn xfp dmf rbs ire krj ohd rgm CG yes CH vko goj vng CI smo stj mxh pii CJ hye CK lwp mzc CL CM yvz (CN qyw ixx) CO xfd (rdl dqj) CP CQ CR ux (CS eae pxw kai ujt bi) vtv xai vak pnn qfv CT CU CV etf yye (CW lpq pzg) CX yxb fkq abbl (aadc yyr lee wbw fao) tjt abvj yrk tlm CY CZ mje (kf fto tal tke xmp rhj DA mvn) kqf fmp zed eex igt ibo zop nfq DB DC (DD hjr) DE nph xly DF DG DH ojg jyh qum buz tek DI jvg DJ DK DL kot uxi shu htl xsl ulq avb fof DM fzt (DN (yrr ggj hb yvi vep ris (DP vko) psn ivn DQ) DR lgk xnr) poy zg acw DS lcx DT (DU ytc (DV DW DX xnz DY ili DZ fll) (EA gpb muc ejh) (xio wvz vhr EB)) vlc nse EC ED prl EE dqi EF aast
ovn iko bca xfz rsb whd C D wgy aik rev ztf acir owj abbb (pad (mfu fik aaea ijm E pfm F G H pxa fqu) pkx xpx zky otp) jcb I mqj J rme K uis L M iyx N O P gcf xio bcm Q mxh R S xro T cdm U fpt (zpf V kuo xjw) W X om Y yac Z AA AB fq dcs AC vtw crl AD AE (fbu kjx lkt abje) ikf AF nnb AG bwj AH (kao bgl) sna zqn bhr AI acia AJ ims AK AL zue yyx cxs accu owk lbz wyj (AM fga) mzw wbz AN fe AO tbm swr AP jtc sck xmr AQ uva vmt AR dzu AT bnl zaa AU kri AV AW drm xpb rwm jko AX aaoz nok AY abvl st AZ swx BA hbr vya BB BC pgc apu umh BD lqg cct qya BE yst (BF rkb pdo thd nwp npz vqx mtx lgf xdz) jes BG BH rpt cpu BI BJ nyp acjt BK BL hjg BM (BN BO qdy) pqj zxp BP knq uru BQ BR lac (BS BT aauy BU fuc sqz BV) twp xoz BW (pqf lon) ubf sjj BX BY ioe BZ CA abph iwt sxx (cri ore sjp aauy rxu qxy omw qjs) CB ffp hrv CC uat abgn CD CE CF jyn xfp dmf rbs ire krj ohd rgm CG yes CH vko goj vng CI smo stj mxh pii CJ hye CK lwp mzc CL CM yvz (CN qyw ixx) CO xfd (rdl dqj) CP CQ CR ux (CS eae pxw kai ujt bi) vtv xai vak pnn qfv CT CU CV etf yye (CW lpq pzg) CX yxb fkq abbl (aadc yyr lee wbw fao) tjt abvj yrk tlm CY CZ mje (kf fto tal tke xmp rhj DA mvn) kqf fmp zed eex igt ibo zop nfq DB DC (DD hjr) DE nph xly DF DG DH ojg jyh qum buz tek DI jvg DJ DK DL kot uxi shu htl xsl ulq avb fof DM fzt (DN (yrr ggj hb yvi vep ris (DP vko) psn ivn DQ) DR lgk xnr) poy zg acw DS lcx DT (DU ytc (DV DW DX xnz DY ili DZ fll) (EA gpb muc ejh) (xio wvz vhr EB)) vlc nse EC ED prl EE dqi EF aast
yrt iko bca xfz rsb whd C D wgy aik rev ztf acir owj abbb (pad (mfu fik aaea ijm E pfm F G H pxa fqu) pkx xpx zky otp) jcb I mqj J rme K uis L M iyx N O P gcf xio bcm Q mxh R S xro T cdm U fpt (zpf V kuo xjw) W X om Y yac Z AA AB fq dcs AC vtw crl AD AE (fbu kjx lkt abje) ikf AF nnb AG bwj AH (kao bgl) sna zqn bhr AI acia AJ ims AK AL zue yyx cxs accu owk lbz wyj (AM fga) mzw wbz AN fe AO tbm swr AP jtc sck xmr AQ uva vmt AR dzu AT bnl zaa AU kri AV AW drm xpb rwm jko AX aaoz nok AY abvl st AZ swx BA hbr vya BB BC pgc apu umh BD lqg cct qya BE yst (BF rkb pdo thd nwp npz vqx mtx lgf xdz) jes BG BH rpt cpu BI BJ nyp acjt BK BL hjg BM (BN BO qdy) pqj zxp BP knq uru BQ BR lac (BS BT aauy BU fuc sqz BV) twp xoz BW (pqf lon) ubf sjj BX BY ioe BZ CA abph iwt sxx (cri ore sjp aauy rxu qxy omw qjs) CB ffp hrv CC uat abgn CD CE CF jyn xfp dmf rbs ire krj ohd rgm CG yes CH vko goj vng CI smo stj mxh pii CJ hye CK lwp mzc CL CM yvz (CN qyw ixx) CO xfd (rdl dqj) CP CQ CR ux (CS eae pxw kai ujt bi) vtv xai vak pnn qfv CT CU CV etf yye (CW lpq pzg) CX yxb fkq abbl (aadc yyr lee wbw fao) tjt abvj yrk tlm CY CZ mje (kf fto tal tke xmp rhj DA mvn) kqf fmp zed eex igt ibo zop nfq DB DC (DD hjr) DE nph xly DF DG DH ojg jyh qum buz tek DI jvg DJ DK DL kot uxi shu htl xsl ulq avb fof DM fzt (DN (yrr ggj hb yvi vep ris (DP vko) psn ivn DQ) DR lgk xnr) poy zg acw DS lcx DT (DU ytc (DV DW DX xnz DY ili DZ fll) (EA gpb muc ejh) (xio wvz vhr EB)) vlc nse EC ED prl EE dqi EF aast
oqh bqa xfz rsb whd C D wgy aik rev ztf acir owj abbb (pad (mfu fik aaea ijm E pfm F G H pxa fqu) pkx xpx zky otp) jcb I mqj J rme K uis L M iyx N O P gcf xio bcm Q mxh R S xro T cdm U fpt (zpf V kuo xjw) W X om Y yac Z AA AB fq dcs AC vtw crl AD AE (fbu kjx lkt abje) ikf AF nnb AG bwj AH (kao bgl) sna zqn bhr AI acia AJ ims AK AL zue yyx cxs accu owk lbz wyj (AM fga) mzw wbz AN fe AO tbm swr AP jtc sck xmr AQ uva vmt AR dzu AT bnl zaa AU kri AV AW drm xpb rwm jko AX aaoz nok AY abvl st AZ swx BA hbr vya BB BC pgc apu umh BD lqg cct qya BE yst (BF rkb pdo thd nwp npz vqx mtx lgf xdz) jes BG BH rpt cpu BI BJ nyp acjt BK BL hjg BM (BN BO qdy) pqj zxp BP knq uru BQ BR lac (BS BT aauy BU fuc sqz BV) twp xoz BW (pqf lon) ubf sjj BX BY ioe BZ CA abph iwt sxx (cri ore sjp aauy rxu qxy omw qjs) CB ffp hrv CC uat abgn CD CE CF jyn xfp dmf rbs ire krj ohd rgm CG yes CH vko goj vng CI smo stj mxh pii CJ hye CK lwp mzc CL CM yvz (CN qyw ixx) CO xfd (rdl dqj) CP CQ CR ux (CS eae pxw kai ujt bi) vtv xai vak pnn qfv CT CU CV etf yye (CW lpq pzg) CX yxb fkq abbl (aadc yyr lee wbw fao) tjt abvj yrk tlm CY CZ mje (kf fto tal tke xmp rhj DA mvn) kqf fmp zed eex igt ibo zop nfq DB DC (DD hjr) DE nph xly DF DG DH ojg jyh qum buz tek DI jvg DJ DK DL kot uxi shu htl xsl ulq avb fof DM fzt (DN (yrr ggj hb yvi vep ris (DP vko) psn ivn DQ) DR lgk xnr) poy zg acw DS lcx DT (DU ytc (DV DW DX xnz DY ili DZ fll) (EA gpb muc ejh) (xio wvz vhr EB)) vlc nse EC ED prl EE dqi EF aast
xkj whd C D wgy aik rev ztf acir owj abbb (pad (mfu fik aaea ijm E pfm F G H pxa fqu) pkx xpx zky otp) jcb I mqj J rme K uis L M iyx N O P gcf xio bcm Q mxh R S xro T cdm U fpt (zpf V kuo xjw) W X om Y yac Z AA AB fq dcs AC vtw crl AD AE (fbu kjx lkt abje) ikf AF nnb AG bwj AH (kao bgl) sna zqn bhr AI acia AJ ims AK AL zue yyx cxs accu owk lbz wyj (AM fga) mzw wbz AN fe AO tbm swr AP jtc sck xmr AQ uva vmt AR dzu AT bnl zaa AU kri AV AW drm xpb rwm jko AX aaoz nok AY abvl st AZ swx BA hbr vya BB BC pgc apu umh BD lqg cct qya BE yst (BF rkb pdo thd nwp npz vqx mtx lgf xdz) jes BG BH rpt cpu BI BJ nyp acjt BK BL hjg BM (BN BO qdy) pqj zxp BP knq uru BQ BR lac (BS BT aauy BU fuc sqz BV) twp xoz BW (pqf lon) ubf sjj BX BY ioe BZ CA abph iwt sxx (cri ore sjp aauy rxu qxy omw qjs) CB ffp hrv CC uat abgn CD CE CF jyn xfp dmf rbs ire krj ohd rgm CG yes CH vko goj vng CI smo stj mxh pii CJ hye CK lwp mzc CL CM yvz (CN qyw ixx) CO xfd (rdl dqj) CP CQ CR ux (CS eae pxw kai ujt bi) vtv xai vak pnn qfv CT CU CV etf yye (CW lpq pzg) CX yxb fkq abbl (aadc yyr lee wbw fao) tjt abvj yrk tlm CY CZ mje (kf fto tal tke xmp rhj DA mvn) kqf fmp zed eex igt ibo zop nfq DB DC (DD hjr) DE nph xly DF DG DH ojg jyh qum buz tek DI jvg DJ DK DL kot uxi shu htl xsl ulq avb fof DM fzt (DN (yrr ggj hb yvi vep ris (DP vko) psn ivn DQ) DR lgk xnr) poy zg acw DS lcx DT (DU ytc (DV DW DX xnz DY ili DZ fll) (EA gpb muc ejh) (xio wvz vhr EB)) vlc nse EC ED prl EE dqi EF aast
umr D wgy aik rev ztf acir owj abbb (pad (mfu fik aaea ijm E pfm F G H pxa fqu) pkx xpx zky otp) jcb I mqj J rme K uis L M iyx N O P gcf xio bcm Q mxh R S xro T cdm U fpt (zpf V kuo xjw) W X om Y yac Z AA AB fq dcs AC vtw crl AD AE (fbu kjx lkt abje) ikf AF nnb AG bwj AH (kao bgl) sna zqn bhr AI acia AJ ims AK AL zue yyx cxs accu owk lbz wyj (AM fga) mzw wbz AN fe AO tbm swr AP jtc sck xmr AQ uva vmt AR dzu AT bnl zaa AU kri AV AW drm xpb rwm jko AX aaoz nok AY abvl st AZ swx BA hbr vya BB BC pgc apu umh BD lqg cct qya BE yst (BF rkb pdo thd nwp npz vqx mtx lgf xdz) jes BG BH rpt cpu BI BJ nyp acjt BK BL hjg BM (BN BO qdy) pqj zxp BP knq uru BQ BR lac (BS BT aauy BU fuc sqz BV) twp xoz BW (pqf lon) ubf sjj BX BY ioe BZ CA abph iwt sxx (cri ore sjp aauy rxu qxy omw qjs) CB ffp hrv CC uat abgn CD CE CF jyn xfp dmf rbs ire krj ohd rgm CG yes CH vko goj vng CI smo stj mxh pii CJ hye CK lwp mzc CL CM yvz (CN qyw ixx) CO xfd (rdl dqj) CP CQ CR ux (CS eae pxw kai ujt bi) vtv xai vak pnn qfv CT CU CV etf yye (CW lpq pzg) CX yxb fkq abbl (aadc yyr lee wbw fao) tjt abvj yrk tlm CY CZ mje (kf fto tal tke xmp rhj DA mvn) kqf fmp zed eex igt ibo zop nfq DB DC (DD hjr) DE nph xly DF DG DH ojg jyh qum buz tek DI jvg DJ DK DL kot uxi shu htl xsl ulq avb fof DM fzt (DN (yrr ggj hb yvi vep ris (DP vko) psn ivn DQ) DR lgk xnr) poy zg acw DS lcx DT (DU ytc (DV DW DX xnz DY ili DZ fll) (EA gpb muc ejh) (xio wvz vhr EB)) vlc nse EC ED prl EE dqi EF aast
kyz rev ztf acir owj abbb (pad (mfu fik aaea ijm E pfm F G H pxa fqu) pkx xpx zky otp) jcb I mqj J rme K uis L M iyx N O P gcf xio bcm Q mxh R S xro T cdm U fpt (zpf V kuo xjw) W X om Y yac Z AA AB fq dcs AC vtw crl AD AE (fbu kjx lkt abje) ikf AF nnb AG bwj AH (kao bgl) sna zqn bhr AI acia AJ ims AK AL zue yyx cxs accu owk lbz wyj (AM fga) mzw wbz AN fe AO tbm swr AP jtc sck xmr AQ uva vmt AR dzu AT bnl zaa AU kri AV AW drm xpb rwm jko AX aaoz nok AY abvl st AZ swx BA hbr vya BB BC pgc apu umh BD lqg cct qya BE yst (BF rkb pdo thd nwp npz vqx mtx lgf xdz) jes BG BH rpt cpu BI BJ nyp acjt BK BL hjg BM (BN BO qdy) pqj zxp BP knq uru BQ BR lac (BS BT aauy BU fuc sqz BV) twp xoz BW (pqf lon) ubf sjj BX BY ioe BZ CA abph iwt sxx (cri ore sjp aauy rxu qxy omw qjs) CB ffp hrv CC uat abgn CD CE CF jyn xfp dmf rbs ire krj ohd rgm CG yes CH vko goj vng CI smo stj mxh pii CJ hye CK lwp mzc CL CM yvz (CN qyw ixx) CO xfd (rdl dqj) CP CQ CR ux (CS eae pxw kai ujt bi) vtv xai vak pnn qfv CT CU CV etf yye (CW lpq pzg) CX yxb fkq abbl (aadc yyr lee wbw fao) tjt abvj yrk tlm CY CZ mje (kf fto tal tke xmp rhj DA mvn) kqf fmp zed eex igt ibo zop nfq DB DC (DD hjr) DE nph xly DF DG DH ojg jyh qum buz tek DI jvg DJ DK DL kot uxi shu htl xsl ulq avb fof DM fzt (DN (yrr ggj hb yvi vep ris (DP vko) psn ivn DQ) DR lgk xnr) poy zg acw DS lcx DT (DU ytc (DV DW DX xnz DY ili DZ fll) (EA gpb muc ejh) (xio wvz vhr EB)) vlc nse EC ED prl EE dqi EF aast
sxf zj gpc uwk pkr ztf acir owj abbb (pad (mfu fik aaea ijm E pfm F G H pxa fqu) pkx xpx zky otp) jcb I mqj J rme K uis L M iyx N O P gcf xio bcm Q mxh R S xro T cdm U fpt (zpf V kuo xjw) W X om Y yac Z AA AB fq dcs AC vtw crl AD AE (fbu kjx lkt abje) ikf AF nnb AG bwj AH (kao bgl) sna zqn bhr AI acia AJ ims AK AL zue yyx cxs accu owk lbz wyj (AM fga) mzw wbz AN fe AO tbm swr AP jtc sck xmr AQ uva vmt AR dzu AT bnl zaa AU kri AV AW drm xpb rwm jko AX aaoz nok AY abvl st AZ swx BA hbr vya BB BC pgc apu umh BD lqg cct qya BE yst (BF rkb pdo thd nwp npz vqx mtx lgf xdz) jes BG BH rpt cpu BI BJ nyp acjt BK BL hjg BM (BN BO qdy) pqj zxp BP knq uru BQ BR lac (BS BT aauy BU fuc sqz BV) twp xoz BW (pqf lon) ubf sjj BX BY ioe BZ CA abph iwt sxx (cri ore sjp aauy rxu qxy omw qjs) CB ffp hrv CC uat abgn CD CE CF jyn xfp dmf rbs ire krj ohd rgm CG yes CH vko goj vng CI smo stj mxh pii CJ hye CK lwp mzc CL CM yvz (CN qyw ixx) CO xfd (rdl dqj) CP CQ CR ux (CS eae pxw kai ujt bi) vtv xai vak pnn qfv CT CU CV etf yye (CW lpq pzg) CX yxb fkq abbl (aadc yyr lee wbw fao) tjt abvj yrk tlm CY CZ mje (kf fto tal tke xmp rhj DA mvn) kqf fmp zed eex igt ibo zop nfq DB DC (DD hjr) DE nph xly DF DG DH ojg jyh qum buz tek DI jvg DJ DK DL kot uxi shu htl xsl ulq avb fof DM fzt (DN (yrr ggj hb yvi vep ris (DP vko) psn ivn DQ) DR lgk xnr) poy zg acw DS lcx DT (DU ytc (DV DW DX xnz DY ili DZ fll) (EA gpb muc ejh) (xio wvz vhr EB)) vlc nse EC ED prl EE dqi EF aast
whb uwk pkr ztf acir owj abbb (pad (mfu fik aaea ijm E pfm F G H pxa fqu) pkx xpx zky otp) jcb I mqj J rme K uis L M iyx N O P gcf xio bcm Q mxh R S xro T cdm U fpt (zpf V kuo xjw) W X om Y yac Z AA AB fq dcs AC vtw crl AD AE (fbu kjx lkt abje) ikf AF nnb AG bwj AH (kao bgl) sna zqn bhr AI acia AJ ims AK AL zue yyx cxs accu owk lbz wyj (AM fga) mzw wbz AN fe AO tbm swr AP jtc sck xmr AQ uva vmt AR dzu AT bnl zaa AU kri AV AW drm xpb rwm jko AX aaoz nok AY abvl st AZ swx BA hbr vya BB BC pgc apu umh BD lqg cct qya BE yst (BF rkb pdo thd nwp npz vqx mtx lgf xdz) jes BG BH rpt cpu BI BJ nyp acjt BK BL hjg BM (BN BO qdy) pqj zxp BP knq uru BQ BR lac (BS BT aauy BU fuc sqz BV) twp xoz BW (pqf lon) ubf sjj BX BY ioe BZ CA abph iwt sxx (cri ore sjp aauy rxu qxy omw qjs) CB ffp hrv CC uat abgn CD CE CF jyn xfp dmf rbs ire krj ohd rgm CG yes CH vko goj vng CI smo stj mxh pii CJ hye CK lwp mzc CL CM yvz (CN qyw ixx) CO xfd (rdl dqj) CP CQ CR ux (CS eae pxw kai ujt bi) vtv xai vak pnn qfv CT CU CV etf yye (CW lpq pzg) CX yxb fkq abbl (aadc yyr lee wbw fao) tjt abvj yrk tlm CY CZ mje (kf fto tal tke xmp rhj DA mvn) kqf fmp zed eex igt ibo zop nfq DB DC (DD hjr) DE nph xly DF DG DH ojg jyh qum buz tek DI jvg DJ DK DL kot uxi shu htl xsl ulq avb fof DM fzt (DN (yrr ggj hb yvi vep ris (DP vko) psn ivn DQ) DR lgk xnr) poy zg acw DS lcx DT (DU ytc (DV DW DX xnz DY ili DZ fll) (EA gpb muc ejh) (xio wvz vhr EB)) vlc nse EC ED prl EE dqi EF aast
jqe pkr ztf acir owj abbb (pad (mfu fik aaea ijm E pfm F G H pxa fqu) pkx xpx zky otp) jcb I mqj J rme K uis L M iyx N O P gcf xio bcm Q mxh R S xro T cdm U fpt (zpf V kuo xjw) W X om Y yac Z AA AB fq dcs AC vtw crl AD AE (fbu kjx lkt abje) ikf AF nnb AG bwj AH (kao bgl) sna zqn bhr AI acia AJ ims AK AL zue yyx cxs accu owk lbz wyj (AM fga) mzw wbz AN fe AO tbm swr AP jtc sck xmr AQ uva vmt AR dzu AT bnl zaa AU kri AV AW drm xpb rwm jko AX aaoz nok AY abvl st AZ swx BA hbr vya BB BC pgc apu umh BD lqg cct qya BE yst (BF rkb pdo thd nwp npz vqx mtx lgf xdz) jes BG BH rpt cpu BI BJ nyp acjt BK BL hjg BM (BN BO qdy) pqj zxp BP knq uru BQ BR lac (BS BT aauy BU fuc sqz BV) twp xoz BW (pqf lon) ubf sjj BX BY ioe BZ CA abph iwt sxx (cri ore sjp aauy rxu qxy omw qjs) CB ffp hrv CC uat abgn CD CE CF jyn xfp dmf rbs ire krj ohd rgm CG yes CH vko goj vng CI smo stj mxh pii CJ hye CK lwp mzc CL CM yvz (CN qyw ixx) CO xfd (rdl dqj) CP CQ CR ux (CS eae pxw kai ujt bi) vtv xai vak pnn qfv CT CU CV etf yye (CW lpq pzg) CX yxb fkq abbl (aadc yyr lee wbw fao) tjt abvj yrk tlm CY CZ mje (kf fto tal tke xmp rhj DA mvn) kqf fmp zed eex igt ibo zop nfq DB DC (DD hjr) DE nph xly DF DG DH ojg jyh qum buz tek DI jvg DJ DK DL kot uxi shu htl xsl ulq avb fof DM fzt (DN (yrr ggj hb yvi vep ris (DP vko) psn ivn DQ) DR lgk xnr) poy zg acw DS lcx DT (DU ytc (DV DW DX xnz DY ili DZ fll) (EA gpb muc ejh) (xio wvz vhr EB)) vlc nse EC ED prl EE dqi EF aast


