a = mar
b = rfe
c acoo acop = syu
d = bqr
e = abdp duh onw
f acoo = nzm vic fck mhq
g acoo = ic
h acoo = jqp adp mez rpy ikm
i = lhf
j acoq acop acoo = vth
k = nun jra yau
l acoo = jun
m = vxy
n acoq acop acoo = aalr
o = krb qfq cjd xqb
p acoo = wkn
q acoo = son
r acoo = ftl
s = rkk
t = erx shq
u = abwm
v = xso vsc
w = ezi xij
x = jym wjt
y = abdg
z acoo = wfu
aa = abjf
ab = emr
ac acop acoo = qpx vro
ad = idt
ae = vpu
af = mpu csf uyw
ag = pit hvm
ah acoq acop acoo = tqe
ai acoo = dux aasp drf
aj = oww
ak = nxf
al acoo = ukk
am acop acoo = ama
an = cxc bks
ao acoo acop = uox abfg (dni exq pvv)
ap acop acoq acoo = ryy
aq acoq acop acoo = oys
ar acoo = ocf yln ayo
at acoo = pnt
au acoo = acds
av acop acoo = jur yra
aw acop acoq acoo = abvu xtu
ax = acmr onw
ay acoo = aanr
az acoq acop acoo = ufy zrd
ba acop acoo acoq = kxl rio rwm
bb acoo = yop sha
bc acoo = trd
bd = xet imk qvj
be acoo = tfr uc iap acmk
bf acop acoo = ibc tvp phq cnq rai
bg acoo = iby ocl nxm
bh acoo = acog yon
bi acoo = xhw
bj = jjt
bk acop acoo acoq = fjr
bl acop acoo acoq = egp
bm acoo = aalx kjg kwu wgz
bn acoo acop acoq = oel
bo acoo acop acoq = doj
bp acoo acop acoq = rcj fxq yzg
bq acoo = ihk
br acoo = aadh
bs acop acoo = xe
bt = jdu
bu = ixz
bv acop acoo = use kvq
bw acoo = ajz nix wrp glo
bx acop acoo acoq = acfo dhw
by = aqd
bz acoo acop = asn lli pvv
ca acoo acoq acop = fqr loh ovs
cb acoo = abjr xoi
cc acoo = gly gsd rgj
cd acoo acop = oiu oqb
ce acoo acop = aaiu agf
cf = ous
cg = xdu
ch = aki kam
ci acoq acoo acop = orc jtb orm qic
cj acop acoo = rrc ydp aie bxy
ck acoo acoq acop = ibk acnm
cl acoq acoo acop = hlr qfv
cm = btq
cn = nva
co acoo acoq acop = lxi hvw hrn
cp acop acoo = pik
cq = pdy aatf
cr acop acoo = pox vtb
cs acoo = ykj
ct acoo acop = aabm
cu = tuc
cv acoq acop acoo = amt
cw acoo acop = cpp dah vvq
cx acoo acop acoq = cdh abxd xyk
cy acop acoq acoo = abzd abnv lud
cz acoo = lki
da acoo = zen
db = yhg luh
dc acoo = etq ovm
dd = jem oif bto
de acoq acop acoo = abck aagy
df acoo acop = qmc
dg acop acoo = hec
dh acoq acoo acop = mqe hrs brh
di acoo acop = dds lfd qkp bna
dj acoq acoo acop = aaqy igq
dk acoo acop = dhi
dl = rqq reu
dm acop acoo acoq = fgy
dn acoo = yir fcr zjv
dp acoo = jul
dq acoo = aazi
dr = lom cta
ds acop acoo acoq = dy vtp
dt acoo = xzx
du acoo = aaqa khu
dv acoo = gpc
dw acoo acop = aaih khv nkf
dx acoo = vcr
dy acoo = sms ixo sti bpn
dz acop acoo = ojx
ea = kxc
eb = jwz jwh whl
ec acoo = vhf
ed acoo acop = qvr
ee acop acoo = wsn
ef acoq acop acoo = vyv cmk
eg acoo = sqf ucl dxe mav
eh acoq acop acoo = eci ytt ajb
ei acoo = ike
ej acoo acop = rfs ify gvs
ek acoo acoq acop = jvf
el acoo = neg aud
em acoq acop acoo = absx abqj xxb
en = xvs
eo acoo acoq acop = owj
ep acop acoo = hxx
eq acoq acop acoo = cjo
er acoo acop = tth
es acoo acop = mnf
et acoo = xgr
eu acoo = ohl
ev = wbt (msp hvv)
ew acop acoo = vkm
ex = olt
ey acoo = zpb lgw
ez acop acoo acoq = wgs
fa = dnh ecp uzt
fb acop acoo acoq = bho tbv wyf foo enf
fc acoo = aara
fd = ztg
fe acop acoo = srf
ff acoo = tkl
fg = pyb pqq
fh acoo acoq acop = xom
fi = xgs bwh aqn
fj acoo = quq
fk acoo = mnz oaz kka
fl acoo = qxl
fm acoo acop = yey ivb
fn = olm
fo acoo = mwp
fp = nvu dg
fq = fec lvd
fr acoq acoo acop = fpy rwc jtt
fs = ph xj
ft acoq acoo acop = vaz
fu = xsr hdw
fv = zpe
fw acoq acop acoo = mtp
fx acop acoo = efr
fy acop acoo acoq = dsx
fz acoo acop = abqn aaru etb
ga = aamq (upe qgy)
gb = xkp zfu wqd
gc acop acoo = nbu
gd acop acoo = qoo (hag aaib)
ge acoo acop = baf
gf acoo = pac
gg acoo acop = ke
gh acoo = ghv
gi acoq acop acoo = goc
gj = dge
gk acop acoo = mlw
gl acoo = bgl mbm
gm acop acoo = dkn (ter wia hbn)
gn = jjj
go acoo = idq
gp acop acoo = hkm
gq acoo = mbr
gr = bzd
gs = ewj qln
gt acoo acoq acop = hrv
gu acoo = sro
gv acoo = xat
gw acop acoo acoq = kva tva st
gx acop acoo = aaer
gy = zhz
gz acoo acop acoq = kku
ha acoo = whs
hb = u
hc acoq acoo acop = qzq xkl
hd acoq acop acoo = wxr
he acop acoo = nou lnd
hf acoo = absu hsn
hg acop acoo acoq = iqg
hh = dqz (soh nki)
hi acoo acop = qx abwy oxz
hj acop acoo acoq = vrl
hk acoo = kjg
hl acoo = akp
hm acoo = uun
hn acop acoo = cgl
ho acop acoo acoq = qym xau dn fkb
hp acop acoo = wos onh esq sfg
hq acoo = nrr jxu
hr acoo = mlu cjq knh evi
hs acoo = mks
ht acop acoq acoo = nya
hu acoo = abeb
hv acop acoq acoo = nzp
hw acoo acop acoq = wnd zyq
hx = crb myr
hy acop acoo = aev
hz acoo = rpk lst yab
ia = aciq vss
ib acoo = tli
ic acoo = cgf
id acoo acop = qbi
ie acoo = jus say
ig acoq acoo acop = zpm
ih = vxg
ii acoo = brg
ij = ldi sny fle
ik = frs dwg cmo bzb
il acop acoo = dwi xbn
im acoo = ryg
io acoo = xjx
ip acoo acop acoq = yxz
iq = sit uia lge
ir acoo = rgi
is acop acoq acoo = hfk achb
it = tom ogm dxr got
iu acop acoo = aol
iv acoq acop acoo = xlq wcw quo
iw = dau
ix acoo = azw
iy acoo acop = yst
iz = osy
ja acoo acop = yzj
jb acoo acop acoq = gdr kyw lgy
jc = xna
jd acoo acoq acop = ohv
je = xqh
jf acoo acop acoq = dm
jg = tee
jh acop acoo acoq = qrp
ji acoo = sii wfv yqq
jj acoo acoq acop = dz
jk acoo acoq acop = vkt bpx
jl acoq acoo acop = lnt iep evl
jm = dwr
jn acoo = nqa irl
jo acoo acop = wel nsv
jp acoo = htu crq nzw
jq = cyd sou xbv oau
jr acoo = zdi aajr
js acoo = dck tkx ynx jim
jt acop acoo = oeo xjp
ju acoo acop acoq = hee tlw
jv = omb
jw acop acoq acoo = sti
jx acoq acop acoo = moh tyi
jy acoo = gmt aeb phs
jz acoo acop = acfo hlh
ka acoq acoo acop = zzp jiv ahb
kb = mmd abwt
kc acoo acop = pjb
kd acop acoo acoq = ghf (bek dgw aamh) fob
ke acop acoo = acee xaw abak qqr
kf acop acoo = aaad
kg acoo = rmz
kh acoo = rch
ki acop acoq acoo = sqo
kj acoo = yqn
kk acop acoo acoq = pvj
kl = dwp mrp
km acoo = cqn vsg
kn = ffy lhv
ko acoo = kai
kp acop acoo = fcs
kq acoo acoq acop = ggk
kr acoo acop = pnd qp
ks acoo acoq acop = abhz wci
kt acoo = kew
ku acop acoq acoo = cpr lpf rjf acki
kv acop acoo = aavv rlx byq
kw acoo = ily kog
kx acoo acop acoq = yyr fii
ky acoo = dur yue oay lao
kz = uwg
la acop acoo = mzx
lb = tvk
lc acoo acop acoq = mhg
ld acop acoo = yyw
le acoq acoo acop = rxb
lf acop acoo acoq = sxh edy pin
lg acoq acoo acop = zyn tgy qvn sqf
lh = dbi
li acop acoo acoq = hby
lj acoo = dld
lk acoo = rgp
ll acop acoo = etw
lm = ivb
ln = jww
lo = yam
lp = raa
lq acoo = vty fcb
lr acoq acop acoo = wa abmt
ls acoo acoq acop = otk
lt acop acoq acoo = acgx
lu acoo = gub
lv = efn
lw acoo acop = abjv
lx = xcn
ly acoo acop = hej
lz acoo acop acoq = mab xkh
ma acoo acoq acop = ksl
mb acop acoq acoo = ayy
mc acoq acop acoo = cok acdh
md acoo = vwa
me acoo = iqi
mf acop acoo = hkk
mg = oyn
mh acop acoo = kur
mi acoq acop acoo = jtx
mj acoq acop acoo = ivv yrq aaqy
mk acoo = jjp
ml = aeq rbz
mm acoo = yfx
mn acoo = aawv
mo acoo acop acoq = hah
mp acoo acop = xti
mq acop acoo = kdf
mr acoo acop acoq = sf sly
ms acoo acoq acop = zqx
mt acoo acop = cph cft rty nqf
mu = hbd
mv = svy vdb epf vif sop
mw acoq acoo acop = fmx woj tbs
mx acoo acop acoq = bdp vek mfo
my acoo = exp wvs
mz acoo = jav acdz tjv
na = xek
nb acoq acop acoo = thi
nc acoo = frx oh
nd acop acoo = gzu fox cag
ne = lgo llx oau
nf acoq acop acoo = kon vqk awb lfw
ng = qwp
nh acoo acop = abll yoe rte
ni acoo acop acoq = her kuf xlo mwx
nj acop acoo acoq = irm
nk acoo = dvz xvr
nl acoq acop acoo = oim fjv
nm acoo acop = nf anm btm bce
nn acoo acop acoq = osm wii
no acoo = mgy
np = wvh
nq = omj
nr acoo = aaxv mxj
ns = due ofg
nt acoq acop acoo = ywb bnc mba
nu acoo = vks hxi acbe fvf
nv acop acoo = trr hlx
nw acoo = jdu vqd wva
nx = oor
ny acoo acop = kzq fco
nz acoo = ucn
oa acop acoo = tlv wzw phl bpi wlo
ob acoo acop = zxz dut aalt
oc acoo acop acoq = ckq
od acoo = nbg sgg achj
oe acoo = gzp
og acoo acop = crn xaa aas nut
oh acop acoo = njl
oi = iwz
oj acoo = lux mrj aaxh
ok acop acoo acoq = abcq rod pmd
ol = acbo ti
om acoq acop acoo = eqp wyh uyq khm
on acoo acop = oal ehd co ulf
oo acoo acoq acop = wbe
op acoo = tms
oq acop acoo = abaa
or acoo = ziy
os acoo acop acoq = asb
ot acoo = ufo (vii lde)
ou = ngu icd ive (gps ppn)
ov acoo = hvp
ow acop acoq acoo = yaj
ox acoo = qpy
oy = umm acfl
oz acop acoo acoq = iag
pa acoq acoo acop = jwi swx fpf
pb = jix vqc
pc = lga lgt
pd acoo = tav
pe = cvf yip
pf acoq acoo acop = ueo
pg acoo acop = kwt
ph acoq acoo acop = rdw
pi acop acoq acoo = xik
pj acop acoq acoo = wnk
pk acoo = zii
pl = kja eqh idt
pm acop acoo acoq = qgt
pn acop acoo acoq = vzr
po acoq acoo acop = dvj
pp acoo = kvo
pq acoo = att
pr acoo = gmg
ps = gkj
pt acoo = ovf soe dyf nzq swb
pu acoo = rrl zbh ncd
pv acoo = vco
pw = vcm
px acoo = srf
py = jsk
pz acoo = zrz
qa acop acoo = jno uif
qb acop acoo = vxr nvn
qc acoq acoo acop = jmc
qd acoo acop = uwi
qe = upu mgd
qf = coy
qg = kid ivx
qh acoo acop acoq = rqj
qi = xiz rue
qj acoq acoo acop = hey hab omi
qk acoo = aer
ql acoo acoq acop = oot
qm acoo acoq acop = jyk
qn acoo = wzp pre
qo acoo = kte
qp acop acoo = rfp jzu rdy
qq acoq acop acoo = cxl
qr acoq acoo acop = qvw
qs acop acoo acoq = bex
qt = jl (upa fqh abpz)
qu acoo acop = xcn
qv acop acoq acoo = ofu
qw = rfi
qx acoo acop = lrm
qy acop acoo acoq = kvu iyn
qz acoo acoq acop = wma
ra acoo = gqw gvk
rb = ftm
rc acoo = uqk
rd acop acoq acoo = iev ifi
re = spg
rf acoo acop = wgi
rg acoo = pxu kst kxr abyl rwr
rh = stt
ri acoo acop = rli
rj acoo acop acoq = jnj iqw
rk acoo acoq acop = csn
rl acoo acoq acop = qzb pnw mce asg
rm acoq acop acoo = abqu
rn acoq acop acoo = lbn
ro = wwf
rp = hry
rq = pac nui
rr = ac bir
rs acoo = gqz
rt acoo = npp lrn
ru acop acoo = aaak
rv = nqx
rw acop acoo = aadu hln abez
rx acoo acoq acop = kvu
ry = vdq dvr
rz acop acoo acoq = iag
sa acoo acoq acop = vnx try
sb acoo = aaey fxd fwj
sc acoo acoq acop = abmy aakp mhb
sd acoo = absh vjo bnb abdw
se acoo = gkb
sf = mzu
sg acoo acop = etd
sh acoq acoo acop = juk
si acoq acop acoo = lai
sj = acez vor
sk acop acoq acoo = fap gtq
sl acoo = ekc
sm = abma
sn acop acoq acoo = vy
so acoo acop = ifl
sp acoo acop acoq = abiw
sq acop acoo = hhw (nic pre)
sr = qlk
ss acoo acop acoq = xlj
st = zu
su acop acoo = acfj
sv acoo acop = edj
sw acoo acop = zlr zv
sx acoo = glh
sy acoo = qmg gry drd
sz acoo = jbm
ta acop acoo = mmg
tb acoo = sxy
tc acoo = dxo
td acop acoo = hqj
te acoo acop = weg aasw pwd yl
tf acoo acop = ykw
tg acop acoo acoq = khf
th acoo = equ dnt
ti = qve urb his
tj acoo acoq acop = ylq kxs hof kod
tk acoq acoo acop = mne abfc
tl acoo = mo tzj lkp
tm acoq acoo acop = fya
tn acoo acop = jbf ors wzy
to acoo acop = io ndc wec dhw
tp = abqe
tq = ogi aaou
tr acoq acoo acop = pfz acck
ts acoo acop = accv adt
tt = uma ckw lpp
tu acoo = hmk
tv acoo acop = acgm zzr
tw acoq acop acoo = trm
tx acoo acop = mgj
ty acoq acop acoo = bif
tz acoo = iis
ua = euv fih enp
ub acoo = zvl
uc acop acoo = vzx aazo tca utb
ud acoo acop acoq = uug kbk
ue = xht hbs wog
uf acoo = zqb
ug acop acoo = ezw
uh acoo acop = ual
ui acop acoq acoo = mwi acf cz fjv
uj acoo = dcp
uk = roa
ul = apc
um acop acoo = arw
un acop acoo acoq = nlu
uo = qti xty (ebh pex)
up = hqd
uq acoo acoq acop = uzu
ur acoo = pwt
us acoo = tzh
ut acoo acop = nyl iwl xfa yzq
uu acop acoo = kib
uv = kis elf
uw acop acoq acoo = aaoc
ux acoo acop = fwe
uy acoq acop acoo = nzl
uz acop acoo = krp vck
va acop acoo = pho
vb acoo = qxx lzj
vc acop acoo = nid
vd acoo = ude
ve acoq acop acoo = nza wsc tgm gro krf
vf acoo = ejp fmw
vg = mfz
vh acop acoq acoo = iip
vi = ifc (hgl cmd)
vj acoo = zvz
vk = pdt oaj eym
vl acoo = xls
vm acoo = ilz uit dvn ghh
vn acoo = ape dxq bus wzg
vo = dqx
vp acoo acoq acop = ew
vq acoo acop = agn dgx yug
vr acop acoq acoo = eqt
vs acoq acop acoo = qns (tij aod igm)
vt acoo = fmw xsf
vu acop acoq acoo = abnn
vv acoo = urj zjw gew
vw = sys
vx acop acoo = gdj
vy acoq acop acoo = ral
vz = nzl
wa acoo = khr bjw unb
wb = abgl
wc acoo = ofp
wd acoo = otb
we acoo acoq acop = piw adb
wf acop acoo = rin qtb
wg acoq acoo acop = won
wh acop acoq acoo = jsb
wi = fid
wj acoq acop acoo = sik
wk acop acoo = yoy
wl acop acoo = wqk
wm = yey rdx
wn acoo = qjr dns
wo = aco
wp acoo = acdr mek irg owm
wq acoo = xgb
wr acop acoo = im
ws acoq acoo acop = wxt aclc qrl vqo fhg
wt acop acoq acoo = aady
wu acoo acop = qbc kje
wv acoo acop = sob
ww acoo acop acoq = zen
wx = wgo spb frq
wy acoo = gml
wz acoo acop acoq = pdz
xa acoo acop acoq = mcy hy
xb = xry
xc acoo = hkd cuv
xd = sfv
xe acoo acoq acop = owd dun
xf = gwc
xg acop acoq acoo = cjs
xh acoq acoo acop = kta
xi acoo = lif
xj = sja vur yxf
xk acoo = cmo
xl acop acoo = yqy boi ksg brs
xm acoo acop = aaap kxt eiv
xn acoo acop = hb
xo acop acoo = oks eke guo cke
xp acoo acop = qwt
xq acoo = jnn
xr acoo acop = ayb
xs acop acoo = mxb
xt acoo acop acoq = abim
xu acoo = pjr
xv acoo = osv
xw = xwv aql
xx acop acoq acoo = ezw hhj
xy acoo acop = jub abmv
xz acoo acop = zvd sxn vjw
ya acoo acop = sii
yb = yin
yc acop acoo = aaar gwu
yd acoo acop = icj
ye acop acoo acoq = tyi
yf acoo = ocy vla kyo
yg acop acoq acoo = vee
yh acoq acoo acop = icz plu
yi acoo = esu
yj acoo acop = efl
yk acop acoo = wmd
yl acoq acoo acop = gte mav (ymm azc)
ym = hsl kwj
yn acoo = del
yo acop acoo = atg
yp acoo acop = ze
yq acoo acoq acop = aake
yr = plj
ys = myw
yt acoo = oje ewb
yu = aada adp mej
yv acoo = ute
yw acop acoo = rjq gmp isp
yx = xnw eis hwg vbo
yy acop acoo = fbm
yz acoo = xgy
za = osw ablw fdf
zb acop acoo acoq = hnp
zc = rjm
zd acoo acop = bbq
ze = hre opu (uzo mjb)
zf = ewm
zg = gwk ogf klz pvn myx
zh acoo = xwq
zi = fjb fyn
zj acoo = hrf xgz
zk acoq acoo acop = wwv
zl acoo = lgz
zm acoo acoq acop = ux yrl
zn acoo acop acoq = few
zo = dmp
zp acoo acoq acop = gw ksl kqu
zq acoo = cbg aapd
zr acop acoo = grb
zs acop acoo acoq = rht
zt = acbv vpj
zu acoo = rtt qlk
zv acoo acop = eel
zw acoo acoq acop = omi sqf rqc ij kfq
zx acoo = mkd xqn pau
zy acop acoq acoo = lsf
zz acoo acop = evi zio cmi gji
aaa = rk ajx
aab = fdg
aac = nii hqx
aad acop acoo acoq = gxb zdn fi trb zzs
aae = abkx
aaf = fsd
aag acoq acop acoo = skp
aah = mej gkd hun bio
aai acoo = ldl
aaj acoo acop = fhm
aak acop acoo acoq = qgh ixz dmu
aal acoo acop = vhq
aam acoq acoo acop = vft gde
aan = fl
aao = nhx
aap = acch
aaq acop acoo = bis
aar acoo = ghq
aas = tub fyb
aat = tud sie ttw whg
aau acop acoo acoq = kaa t
aav acoo acop = zez lug
aaw acop acoo = nbf
aax acoo acop acoq = lxg hcv lti jgf
aay = bbr
aaz = rrc
aba acoo acop = dug
abb acop acoo = hav dml fyr
abc = vbg oou
abd acoo = tag
abe acoo = mbo
abf = fdz abid
abg acoo = ogs
abh acoo acoq acop = acl rel
abi acoo = abiu
abj acop acoo = qqm xks
abk acoo = cap swv
abl = mdr rik
abm acop acoo = ytr hii
abn acoo acop = abgv hxt
abo = kjf vck
abp acoo = bye
abq acop acoo = zki
abr acoo = rbr
abs = unl tvw xxk
abt acop acoq acoo = pph bfk
abu acoo acop acoq = je er
abv = abke
abw acoo acop = amc
abx acoo acoq acop = vcq lct (sxs xxs)
aby = ucm jsb crl lkx hji
abz acop acoq acoo = pkl
aca acoo = mtr
acb acoo acop = sij pud
acc acop acoo = xt
acd acoo = plu acne aazz lmr
ace acoo = aclq
acf acoq acop acoo = nkq
acg acop acoo = xge aazc
ach acoo = cyg nfa rxe pcp
aci acoo = tlt
acj = ymw vso
ack acop acoo = fvv
acl acop acoq acoo = lhn
acm acop acoq acoo = vse
acn acoo = wlg jsq
aco acop acoo acoq = ijl
acp acop acoo = uem
acq = nru
acr acoo acop acoq = sad ac lca
acs acop acoq acoo = ita txf oah rcp
act acoo = mjq
acu = sub bmo
acv = abnn
acw acoo = ped idw mzp zno
acx acoo acop acoq = vbd
acy acop acoo = xda
acz acoo acop = crf
ada acoq acoo acop = zwv
adb acoo acop = roj
adc = dz cpi oek kyf rom
add acop acoo = fsz dkw
ade acoo acop acoq = xy hkl
adf acoo = cbp
adg acoo = puw
adh acoo = hyp
adi acoo acoq acop = xby fow
adj acop acoo = xsv
adk acoo acop = cus
adl = xgt abfq krk kll
adm acop acoo acoq = mhg fic
adn acop acoo = rhc
ado acoo acop = ezh
adp acoo acop = tch
adq acoo acop = vfb
adr acoo acop = ync mlc gvi ume
ads acoq acop acoo = zzl
adt acop acoq acoo = ndm zek
adu = vxo
adv acoo = zzo
adw acop acoo = vfc
adx acop acoo = ppl
ady acoo = sqy
adz = hgd
aea acoo = ogg
aeb acop acoo = bjl hqw
aec acoo acop = tmm
aed acoo = cro ztm jku
aee acop acoo = qni
aef = glz
aeg = kpy
aeh acop acoo = aany aqm
aei acop acoo = eli
aej = tap xpb
aek acoq acop acoo = uap
ael acoo acop = aajx aagc abln
aem acoo = abjm
aen acoq acop acoo = ilr
aeo acoo acop = fb aayk
aep acop acoo = wkc abfn
aeq acoo = vbc
aer = vbo aahx aayt crc
aes = huk
aet acoq acoo acop = ula dkn hve
aeu = ejo pvo suc tte
aev acop acoo = xnx
aew acoo acop = iij
aex acop acoo = bce
aey acoq acoo acop = dto (ark spp)
aez acoo = oxw
afa acoo = wtz phx
afb acoo acoq acop = uqd xry qqn
afc = wmj
afd acoo acop = xwm xhq
afe = abja
aff acoo = aip ycp
afg acop acoo acoq = ygu
afh acoo acoq acop = bya
afi acoo acop = qdt iow
afj acop acoo = gmf imq
afk acop acoq acoo = hmb
afl = acmd
afm acop acoo = zzk
afn acoo acoq acop = ctt
afo acop acoo acoq = gmi iix
afp acoo = cnu
afq acop acoo = cmu uqj
afr = erd jmf lli mf
afs acoo acoq acop = abim
aft acop acoo = fmd bde
afu = bng
afv = lma cyl
afw acoo = xne
afx = cyt fvs
afy = aazo eck
afz acop acoo acoq = gvq zla hht
aga acop acoo acoq = opu umr
agb acop acoo = vmn xux gkt
agc acoo acop = cpm
agd acoo acoq acop = kup
age acop acoo acoq = g
agf acoo acop = accf (ckp rvw uha)
agg acop acoo = wte
agh acoo = cil
agi = ukn gzz
agj acoo = psp eeu poq qva
agk acoo = amq tmz syl elp ovo
agl = uod
agm = jwl abiy jxf
agn acoo acop acoq = osy
ago acop acoo = dzu
agp = smy
agq acoq acop acoo = abcl ofr
agr acoo = uso lmn
ags acop acoo = mcn
agt acop acoo = xsl
agu = bmd
agv acoo acop = nxy vdx ory
agw = aob
agx acoo acop acoq = luv
agy acoo = fxk
agz acoo = rrl rhp joq
aha = quh
ahb = bii
ahc acoo acoq acop = egr
ahd acoo = pds jmi
ahe acoo = xdr
ahf acoo acop = co
ahg acop acoo acoq = xom
ahh acoq acop acoo = jjl
ahi acoo = oel
ahj acop acoq acoo = qyw ldx lkn
ahk acoo acop = abmz
ahl acoo acop = okq
ahm = ayi
ahn acop acoo = djd
aho = kkp
ahp acoo acoq acop = tvj
ahq acoo = xvu (ood acba)
ahr acop acoo = qiy
ahs acoo acop = xhw wgu ssq
aht = urp aaoi
ahu acoo acop = fru
ahv = lvd
ahw acoo acop = ewr
ahx = zww vfi
ahy acoo = uhc
ahz acoo = iit aahn ozq
aia = ppk
aib acoo = nvr
aic acoo acoq acop = qpj
aid = yqf kpc (ptm vuk)
aie acoo acop = jae
aif acoq acop acoo = uhm
aig acoo = ahp
aih acoo = rry
aii acoo = ew
aij acoo = avi
aik acoo = rbq
ail acop acoo = rkl
aim acop acoo acoq = fxq raj fxw aakc vko
ain acoo = uvv jvj sss lxb
aio acop acoo = fgd wrr
aip acop acoo = huq
aiq acop acoo = foo
air = vmv
ais acoo = few
ait acop acoo = qti hkx
aiu acoo acoq acop = hfj
aiv acoo acop = baf
aiw acoo = fiz qvc (dkb tku)
aix acop acoo = iex
aiy = qtd
aiz acop acoo acoq = eag
aja acoo = uat
ajb acoo = euf giq
ajc acoo = ucx
ajd = gpi zxw gky oiz
aje = axv ksh qgl
ajf acoq acop acoo = ur
ajg acoo = ivc
ajh acoo = hkn
aji acoo acop = sto
ajj acoo acoq acop = gri
ajk acoo = dz
ajl acoo = vbq nxr ylk
ajm acoo = scm
ajn acoo = hvo suq
ajo acoo = lhf
ajp acoo = is
ajq acoo = zqz
ajr = adt abwy rxq
ajs acoo = abqb acke jbz
ajt = kvj
aju acoq acop acoo = lzh
ajv = fcv
ajw = ggl
ajx acop acoq acoo = aarp jsi
ajy = dw
ajz = zw jou
aka acop acoo = abda eic
akb acop acoq acoo = tni
akc acoo acop acoq = plx
akd acoo acop = kwe
ake acoo = hci
akf acoo acop = boa nki
akg = npj
akh acop acoo = sxp
aki acop acoq acoo = gru tui
akj acoo = zib aalo
akk acoq acoo acop = khe
akl acop acoo = ujs
akm acoo acop = qob qlp
akn = zjo (xkv accj)
ako acop acoq acoo = kbe dzs yx
akp acoo acop acoq = hqv
akq acoo = lui
akr acoo = erl dej oqz accr
aks acoo = aadz
akt acop acoq acoo = piw (rah kfr mhp) cod
aku acoo = olh
akv acoo = hw
akw = tva
akx = gsb abgp htn
aky = fjp acge
akz = nbs
ala acoo = weh
alb acop acoo = abxq
alc acoo = a ekb zjw
ald = bkq
ale acoo acop = dzp
alf = kjl
alg acoo acop = xx
alh = hik
ali acop acoo acoq = kbn miz psm
alj = qke
alk acoo = lth
all acoq acoo acop = nye
alm acoo acop = qx jql
aln = qwi
alo = uhk
alp = ngb
alq acop acoo = hav iyk azl
alr acoq acop acoo = aafo jgl obe
als acoo = zsk ptg
alt acop acoo = vvf
alu acoq acoo acop = esd
alv acoo acop = sep
alw acop acoo = vag
alx = abap ybh
aly acoo acop = qjc mbu
alz acoo = tdk
ama = bcc
amb = gnh ijc
amc acoo = tbp twh aei
amd = xmv zbp
ame acoo = qfs
amf acop acoq acoo = wri
amg acop acoq acoo = apu
amh acoo = abvp gsf acnv ri
ami acoo acop = cwo due lch
amj acop acoq acoo = tqj snl
amk acop acoo = nv vml
aml acop acoq acoo = abro mww
amm acoo acop acoq = ahe
amn acoo = nfg twa ikc
amo acoo = sfb jzz fqa pen
amp = xp
amq = zyt
amr acoo = ivl abhj
ams acoo acoq acop = nyn
amt acoo = nxz ncy ann yoz
amu acoo = max ggq
amv = qoi
amw acoo = hnj
amx acoo = bbm
amy acoo = ivo fvk
amz acoo acop acoq = rla
ana acop acoo = lpy
anb = fqs asm oqw
anc = chd pvs
and acoo acoq acop = qbe
ane = mfy tsn fgl
anf acoo acop = tfz
ang = mcx
anh acoo = ckb
ani acoo acop acoq = yrs lok ehc myy
anj acoo = mul
ank acoo acop = dyz
anl acop acoo acoq = ykt
anm acoo = uok irg
ann = spi yhv
ano = mhh vfb bme vwk
anp acoo = scd
anq acop acoo = hvl ofz szj ter rrt
anr acop acoq acoo = fyq
ans acoo = eki ero tqz
ant acoq acop acoo = hwx
anu = sho
anv acoo = yqn
anw acoo acop = vto otd liv
anx acoo acop acoq = qdc
any acop acoo = bdo
anz = obw
aoa acoq acoo acop = bbc
aob acoq acoo acop = pow
aoc acoo = abbj
aod acop acoo = vsw
aoe acoo acoq acop = en aayv fha
aof acoo = pxl oza
aog = hhz
aoh acoo = dqu abem
aoi = gtt
aoj = jqw rjl
aok acoo = sux
aol acop acoo = prr
aom acoo acop = apb jun
aon = lwi ctm
aoo = tvc acab rgc erk
aop acop acoo = gfl rlf
aoq = aaye
aor acoo = xoo oxc acio
aos acop acoo = acjp ibm up opb
aot acoo = mw
aou acoq acop acoo = lkw tvi lmw wxm fnb
aov acoo = llu
aow acoo acop = agi wuc
aox = cjl
aoy acoo acop = nbo
aoz acoo acop = air
apa acoq acoo acop = fci
apb acoo = qrv abqe kmv z
apc acop acoq acoo = jri
apd acoo = hod
ape acoo = ill
apf acop acoo = sng
apg acoo acop = jhy uww
aph = acbb
api acoo acop = qjl
apj acop acoo acoq = iuk
apk = trt
apl acoo acop = acji
apm = nka
apn acop acoq acoo = gfz
apo acoo = aaaj
app acop acoo = obg ehx hca zkj
apq acop acoo = tpw foq zzd (vsi ydm)
apr = aagx
aps = bkg
apt acoq acoo acop = mkh kzg oys xtg
apu = oj
apv acop acoo acoq = vjj
apw acoo = mou euv kyo ynk
apx = zdw
apy acoo acoq acop = etb
apz = mwj
aqa acoo = zsy
aqb acoo = wmu
aqc acoo acop = oel
aqd acoo acop = sjv (gvf xbu)
aqe acoo = spo efh
aqf acop acoq acoo = dov abse
aqg acoo = klw bgo qrj wjo
aqh acop acoq acoo = wmn whu
aqi = ikx
aqj = nlf gpx yyf
aqk = lir
aql acoo acop acoq = tn hpa
aqm = tnq
aqn acoo = rlo ifh
aqo acop acoo = sqd
aqp acoo = aatf
aqq acop acoo = rdj
aqr acoo = rpw
aqs acoo = hao (sgz yjb abvx jca)
aqt = rs qqu
aqu = bod ips dvy ihj zdd
aqv acoo = wsv
aqw acop acoo acoq = pox
aqx acoo = hdl
aqy acoq acop acoo = tkx
aqz acop acoo = zdk rsf skg
ara acoo = qln
arb acoo = kzd
arc acop acoo = pra
ard acoo = bvz pcm amd
are = sfk
arf = cln sgf gam oiu
arg = bs gfj
arh = pje
ari acoo acoq acop = tyv wui
arj acoo = hpa
ark acoo acop = iel
arl acoo = jwa
arm = aapw
arn acoo = kic
aro = wlm ymr
arp acop acoo = bmh awc pql
arq = mmu
arr = xin cqk ccx
ars acop acoo = abbs gah
art = pab dtj yir
aru acoo acop = oi mda
arv acoo = achx
arw acoq acop acoo = rvh ackx abew
arx acoo = uiw
ary acoo = tyw
arz acop acoo = brx abxa
asa = neo mpa
asb = une
asc acoo acop = cnj
asd acoo = cnf (oli dsz yuu)
ase = rma zsq ackt aed
asf acoo acop acoq = jfc
asg acoo = vju epc xle daz
ash acoo acop acoq = dwc mpu
asi acoo = eut
asj acoo = vof nmb
ask acoo acop = bez
asl acop acoo = exe abja
asm = car woc
asn = wkt
aso acoo = hyi
asp acoo acop = jsp
asq acoo = gmk uen iip
asr acoo = qjb
ass acoo = yud
ast acoo acoq acop = flo sei
asu acop acoo acoq = ecm
asv acoo = wrq
asw acoq acop acoo = wqg
asx = rlg
asy acoo = ppb
asz acop acoo = neb awf
ata = aw tpp
atb = cqf
atc acoq acop acoo = vxr
atd acoo acop = hqe
ate acoq acop acoo = foh lzz
atf acoo = bvu
atg acoq acop acoo = vsa abta iun
ath = fut vou
ati = tvk nbl ujc
atj acoo acop = jxv fbe aaty
atk acoo acop = lay fdm
atl acoq acoo acop = iwr
atm acoo = hlv lmi ecq
atn acoo = gwl
ato acoo acop = fhu yje
atp acop acoq acoo = irb atx acnn
atq acoo = eof
atr acoo acop = ofk
ats acop acoo = zhp
att acoo = jks
atu acoq acoo acop = bpo wrs dxy ufc qga
atv = oud
atw = hnz whf
atx acop acoo acoq = xjj rob roz gvp
aty acoo = vba
atz acoo = abzf hob aaqc gla
aua = abiy
aub acoo = mxg
auc acop acoo = fpv
aud acoo acop = yyc
aue = agp xxq smv
auf = qis xrg orf
aug acoo acop = tyf
auh = ixl
aui acoq acoo acop = im
auj acop acoo acoq = xsl
auk acoo = rjs
aul = odq kwo ldu ss mlb
aum = ats
aun acoo = oxl aov fmu mau kcv
auo acoq acoo acop = jji
aup acoo = uao oux
auq acoo acop = ajf
aur acoq acoo acop = cxf
aus acoo = vue (ule kvt)
aut = wcx
auu acoo = jmh
auv = ryy
auw acoo acop = kwh opp
aux acop acoo = xxo hpf uyz dgd
auy acoq acoo acop = kho absf
auz acop acoo = dge abch zip
ava acoq acop acoo = chx
avb acoo = ms
avc acoq acop acoo = uap
avd acop acoo acoq = qom svg
ave = khl
avf acoq acop acoo = ae
avg acoo acop = iqx org dwk
avh acop acoo = qcv fpn
avi acoq acop acoo = jpy
avj acoo = jiw
avk = osc nqw
avl acoo acop acoq = baf htw
avm acoo = mfp
avn acop acoo = lae jly aces
avo = jqs jnb
avp acop acoo = euh
avq = ycq
avr acoo = gt
avs acoo = kel hxc dpv uhp xz
avt = axb jy gya
avu acoo acop = com pea
avv acop acoq acoo = lsu
avw acoo acop = reb
avx acoo acoq acop = svp
avy acoo = pst
avz = ezi ajt
awa acoo = xhk abgs
awb acoo = kmq yqk
awc acoo = zax
awd = esf
awe acoo = abau sqb tlm
awf acop acoo acoq = qpo
awg acoq acop acoo = cr
awh acoo acop = ffz
awi acoo = ezj btr
awj = abkt zjc zrt
awk acoo acop = jan hgn aat qpu rvr
awl = spm (kov wbk)
awm = abhp
awn = vbp mzq kbd dcw
awo acoo acop = ablx
awp acop acoo = wpp
awq acoo acop = zsa iba nej
awr = btj pkq
aws acop acoq acoo = pkj xxd
awt = mer
awu acop acoq acoo = accz
awv acoo acop = ckh uyu
aww = lxv edk absf
awx = dnm zbj
awy = xim
awz acoo = jqs wgz
axa acop acoo = guc
axb = dob ngv
axc = gbp eki ool
axd acop acoo = atg
axe acop acoo = oyy
axf acop acoq acoo = fmw
axg acop acoo = jso law bbu tjm azw
axh acoo = aaex vbm
axi acoq acoo acop = ibb
axj acoo acop acoq = qiu iia
axk = viu vrh
axl = crf aaqv ezn vcf
axm acoq acoo acop = jbe mxe (kif abmx)
axn acoo acop = abok bbo ayn gw
axo acoo acoq acop = mvo
axp acop acoq acoo = pmz
axq acop acoo = ayg
axr acoq acoo acop = ackj hef
axs acoo = kdv abpb
axt = aiv
axu = tsk
axv acoo = lei gjk (rpg tnb)
axw acoo = efw qpt sgn
axx acop acoo acoq = vqx cph imo mzb
axy acoo = ajh dqi
axz acoq acoo acop = mdh
aya = qdv
ayb acoo acop acoq = tvo
ayc = nlh irc
ayd acoo acop = vjd pxi
aye acoo = yva
ayf acoo = abem bqi
ayg acoo = zev pso szz jbk
ayh acoo acop acoq = oze
ayi acoq acop acoo = aayp
ayj acop acoo = fhf
ayk acoo acoq acop = cyp uua ekx
ayl acop acoo = uma qgh
aym acop acoo = ggh wmn mcn czp
ayn acoo acop acoq = bhq sxf
ayo acop acoo = zcd hke rbq igy
ayp acoo = brf
ayq acoo = ycg
ayr = spa ttz mtf
ays acoo acop = ink rfz
ayt acoq acop acoo = ya abi (fmn rwy)
ayu acoo = tqd
ayv acop acoq acoo = kvz vxw
ayw = vf
ayx = usx ekf cey ocx
ayy acoo acop = zuw kxe dlk
ayz acoq acoo acop = dtx
aza acoo acop = xtu utt
azb acoo = okt (aapb pkh)
azc acop acoo = guw gue
azd acoo = oqd iak twn duw
aze acoo = bhk bnj
azf acoo = hxx
azg acoo acop = lzu tuh nvu
azh acoo = ugw oaf
azi acoo acoq acop = pfe
azj acoo = pab erv
azk = tzb pww vrq
azl = abdf cbg ddk mhb
azm acoo = xbs
azn acop acoq acoo = xmv
azo acoq acoo acop = ire
azp acop acoo = abuc vrb
azq = zks
azr = imr
azs acoo = fmh
azt acoo = atd
azu = lfj isl
azv acoo = szy awi
azw = rtl ibg cml
azx acoo = rhd aavw uzi xmh bpt
azy = hmj wzw
azz acoq acoo acop = hze
baa acoo acop = hel bii ebq
bab acoo = sws dav fai
bac acoq acoo acop = jfx bew
bad acoo = acgw
bae = uiv jnj
baf acoo acop acoq = pyd dvl
bag acop acoq acoo = ors
bah acoo = hrw bmx tyi vxa iwt
bai acoo acoq acop = epq
baj acop acoo = qln pkq
bak acoo = jiq exl acfi
bal = efg
bam acoo acop = aasi
ban acoo acop = aavv
bao acoo acop = hfy red mrt btd
bap acoo = jvl aayr aacd
baq acoo acop acoq = vuz afk
bar acoo acop acoq = kgu
bas = kir pdo
bat acoo acop = trq aalp ggx rav
bau acop acoq acoo = cmz
bav = gif
baw = swk
bax acoo = kxi
bay = knb
baz acoo = aarl arb wsy
bba acoq acoo acop = mtr
bbb = aclp
bbc = twv abrv acis enc ena
bbd = mur nyn dnn sfz rzn
bbe acoo = osy
bbf acoo acop = ewe
bbg acoo = ss ris
bbh = vtv wsw
bbi = bfr kuq yvh
bbj acoo acop acoq = pgr icz abxy rqu gky
bbk acoo = cuc
bbl = lkn ablo cdw
bbm acoo acop = bzm lqd
bbn acoo acop acoq = djx xkq
bbo acoo = gdg
bbp acop acoq acoo = mbn hmm otg
bbq acoo = yat
bbr = jyo
bbs = zhq
bbt = cmk
bbu acoo acop acoq = mgy
bbv = ncy
bbw = yxo nbd mvr
bbx = bos
bby = wns eap
bbz acoo = mdv
bca acop acoo = vbo
bcb = ywi tk sle lhy
bcc acop acoq acoo = ezf
bcd acoo acop = usn vtj pzl gji
bce acoq acoo acop = tvn ghh wwb etq
bcf acop acoo = sti
bcg acop acoo acoq = pye pyi dwd
bch = puz (bmy vr dst)
bci acoo = ywf ache
bcj acoo = oml nxa qdh yww
bck acoo acoq acop = var abud zyc xow skm
bcl acoq acoo acop = nwp
bcm acoo = afa
bcn = bsn nnx
bco acop acoo acoq = acnz qyd
bcp acoq acop acoo = xcn dbx cud jzh voc
bcq acop acoo = frs
bcr acoo acop acoq = dja
bcs = aaoj
bct acoo = ljt pwb kyd
bcu acoo = bxt cts und
bcv = wap yph bxi
bcw acoq acop acoo = yea fgh abrh
bcx acoq acop acoo = les
bcy acoo = qso zid jjy qxr
bcz acoo acop = fyt mpx rsr acdx
bda acoo acop = jks tcw
bdb acop acoo = thj
bdc acoo acop = nto
bdd acoo = aauk vsr
bde acoo acop acoq = qul
bdf acoo = vdt euu
bdg acoo acoq acop = ffl
bdh acoo acop = kqk
bdi acoo = ipr
bdj acop acoo = vwa
bdk acoo acop = abmc
bdl = bmb
bdm acoo acop acoq = awy
bdn acop acoo = ryp cwn
bdo = ccf akn
bdp acoo acop = io ohw cgg nax
bdq acoo acop = inu
bdr = efj abqw cua zkb glw
bds acoo = utz
bdt acoq acop acoo = rix seo
bdu acoo = fio
bdv acoo acop = rhx avx
bdw acop acoq acoo = afa tao awy ugs
bdx acoo acop = aarn
bdy = exo
bdz = bdo ptf
bea acoo acop acoq = xle znx
beb acop acoo acoq = xyg
bec acoo acop acoq = aabx vbn achc fby
bed = mwn
bee acop acoo = xvg
bef = pta
beg acoq acop acoo = epn lcl qaw
beh acop acoo = ksv xrr hwy eds
bei acoq acoo acop = aaac ztc pyh
bej acoo acop = kpp
bek acoq acoo acop = rmp
bel acoo = lpr
bem acoo = cfx
ben acoo = tna vur
beo = tjf
bep = weh gja
beq acoo = jji
ber = mzs
bes acoo acop = vtb
bet = awn
beu acop acoo = wal aapi
bev = ske dre
bew acoo = vbn
bex = ode
bey acoo = rjb
bez acoo = sir
bfa acoo = jdt
bfb acoo = lnn
bfc = qza
bfd = abrt
bfe acoo = htx ihe qzq zsy
bff acoo = gjp
bfg acop acoo acoq = jqh
bfh acoo acoq acop = skh
bfi acoq acoo acop = uir iwi
bfj acop acoo acoq = gxu nkg acla
bfk acoo acop = lvo wvc abgu
bfl = lql
bfm acop acoo = eoh pui
bfn acoo = lry nxl
bfo acoo = acfe
bfp acoo acop = dxf
bfq acoo acop acoq = gqa
bfr acoo = wie
bfs = ids kja lxb
bft acop acoo = ywp
bfu acop acoo = zuq
bfv acoo acop = yds xag
bfw = tja
bfx acoo acop = nbq
bfy acop acoo = sox ote uvp
bfz acop acoo = bhw qtn aagx
bga acoo = hcy ml mkn
bgb = acmd
bgc acoo = sjs
bgd acoo acop = aahr lci pab
bge acoo = ecw bno oag
bgf acoo = pcg
bgg acoq acop acoo = vgj
bgh acoo = hdu rsd hnj mpa
bgi acoo = jrt
bgj acoo acop = izb xsy
bgk = bju gnd roa aame
bgl = tcz
bgm = dup
bgn acoq acoo acop = gyn
bgo acoo = eqq mho art
bgp acoo acop acoq = wuk rcu wjf hep vhs
bgq = yzg
bgr acoo acop = rgt
bgs acoo = wik
bgt acoo acoq acop = tgw
bgu acoo = mnc qe
bgv acoo acop acoq = abdl kcm
bgw acop acoo = ipo aadd umn
bgx acoo = vnq
bgy acop acoo acoq = mpc exa six
bgz = fmk krg xls
bha acoq acop acoo = zhp
bhb acoo acoq acop = yyl
bhc acoo acoq acop = fro
bhd acop acoo = rsh
bhe = bxd
bhf acoo = luy
bhg acoo = ftq kl abqu
bhh = vke zuc dlo qai
bhi = quw nne
bhj acoo = kyg
bhk acoq acoo acop = pru
bhl acoo acop acoq = hrp itj iqp usd
bhm acoo = xei
bhn acoo acop acoq = aaez
bho acoo = hqb yqd alm mgs
bhp acoo = xvy aais lmv
bhq acop acoo = mns rbd
bhr acoo acoq acop = tqp pkt hup
bhs = mok
bht acoo = yro
bhu acoo acop = zxw opg
bhv acoo = qbi
bhw acop acoq acoo = rjc pvd fwq
bhx = pha lkc
bhy acoo acoq acop = din
bhz = mzn ptm bvs
bia acoq acop acoo = fqc ige
bib = lhb fwm
bic acoo acop acoq = rvs hxn
bid acoo acop = qjk cct ugz
bie acoo = euj ew
bif acoo = tge
big acop acoo acoq = abex abxm
bih acop acoo acoq = lnz
bii acop acoo = yrv
bij = dvq ema
bik = myn qcm moz zkj
bil = vqk tqr
bim acoo = vlo odq vqg xej
bin = fvp
bio acoo acop = lhq ofm img eoi fmk
bip acop acoo acoq = zis abkd zre rdy
biq acoo = fhd
bir acoo = jld wiu
bis acoo = dvc
bit acop acoo = cue (gsv gdl owp xge)
biu acoq acop acoo = ujf
biv acop acoo acoq = vnb
biw = os
bix = jna qjy rqt mxi rhb
biy acoo acop acoq = axo xbn ruy
biz acoo acop acoq = mnu uwz
bja acoo acop acoq = fet
bjb = accr
bjc = fhx
bjd acoo = xvi brw
bje = xjh zxp
bjf acoo = lvf ibk fwy zvs
bjg acoo = nil
bjh acoo acop = hoo gyx
bji acop acoo = erh
bjj acoo acop = srl leo wsb
bjk acoo = qtj
bjl acop acoo = lgw
bjm acoo = abez
bjn acop acoo = wib (rlf yet)
bjo acoo acop acoq = xwq
bjp acoo = zfn zck gwu yh dni
bjq acoo = stl
bjr acoq acop acoo = ddx
bjs acop acoq acoo = bjq
bjt acoo acop = gaj myh mzn xmj asx
bju acoo = sk
bjv acoo = uaz
bjw = ecy
bjx = heu
bjy acop acoq acoo = nbw dsj mfg
bjz acop acoq acoo = fmd
bka acoo acop = psn iaj fjv ctp pik
bkb acoq acop acoo = oaz
bkc acoo acop = iqa
bkd acoo acop = fty qwn
bke = rhh
bkf acop acoo = tlc sfu csq ewk
bkg acoo = abmz fpb ytm
bkh acoo acop = hlx
bki acop acoo = aabm
bkj = ccm biy
bkk = kwd
bkl = wbg
bkm = hpy
bkn acoo = qca
bko acoo = ese
bkp acop acoq acoo = vzf aum
bkq acop acoo = jj
bkr acoo acop = qht ea
bks acoo acop = ytf
bkt acop acoq acoo = cet
bku = uxy muu ukt rpj
bkv acop acoo = fct
bkw acop acoo = rrd bit wmv ruf
bkx = pxu (qjn jns ffi)
bky acoo = jeg
bkz acop acoo = nnn jmk
bla acop acoq acoo = bex xva
blb = wwf
blc = cyn
bld = pwr
ble = wtv ohx
blf = stf xoi aayg
blg = lfl
blh = acv
bli = uic
blj acoo = jfl
blk acoo acop = mrd
bll acoo = qgx
blm acoo = nnb ucr qwv wqa
bln acoo = nru zad
blo acoo acop = hoj hhd
blp acoo acoq acop = xba
blq acoo = aawz
blr acoo = qfw zwy
bls = stt
blt acoo = ufg
blu = unu yfi rvo
blv = vjq
blw acoq acoo acop = acca pof
blx acoo = abjg
bly = ago
blz acoo = eio acaz xh
bma = vst
bmb = mjz urp
bmc = qui
bmd acoo = iir
bme acoo acop = xuh aavz
bmf acop acoo = ogm
bmg acop acoo = pcj cyt vwf vje
bmh acoo acoq acop = twb (bqj lym)
bmi acoq acop acoo = unk
bmj acoo acop = wrl
bmk acop acoo = lkc aet
bml = dhk
bmm acop acoo = sjc
bmn acop acoo = voz
bmo = phy qkk aanl aahy juq
bmp = enz gih
bmq acoo acoq acop = yrk
bmr acop acoo = rvn wbq
bms acop acoq acoo = ezm abfx krq dat
bmt acoq acop acoo = rpe
bmu = gdz
bmv acop acoo = jyn woc wpn
bmw acoo = tbk fpo tkt
bmx acoo acop acoq = abna jrb
bmy acop acoo acoq = ndd fjy
bmz acop acoo acoq = lrg jbr
bna = hbh nxq gkw cry
bnb acoo acop = acjm cx
bnc acop acoq acoo = xtb
bnd acoo = fzv
bne acoo = gkf
bnf acop acoo = rzn
bng acop acoo = ram dhi ncm acfe
bnh acop acoo = srn
bni acop acoo = ybm
bnj acop acoo = czl
bnk acoo = dav
bnl acop acoo = qnm
bnm acoo = edb
bnn acop acoo = rdj acoo
bno acoo acop = esw
bnp acop acoq acoo = qtk
bnq = tqn erg omv dhc
bnr acoo acop = zcd
bns acoo = rpk nvc
bnt acoo = lru yv
bnu acoo = qss hmh
bnv acoo = yld
bnw acop acoo = jwf
bnx acoo = ezy nsp
bny = t (qvy bxz)
bnz acop acoo = niq and
boa acoo = pwd
bob acoo acop = wdo tjq uwe
boc acoo = luu
bod acoq acop acoo = hcc
boe acop acoo = sou oc uaw dcp
bof = rrx (tpz jvz ak)
bog acoo acoq acop = mbz jvs efo cyt ibu
boh acop acoo = nfy
boi = uke
boj acop acoo = acoa
bok acoo acop acoq = tet aayv bev (abqz jos)
bol acoo acoq acop = emw
bom acoo acop acoq = kxg llq pmq xjz
bon acoo = tn abtr g fu
boo acoo = ici oro aawy lyq
bop acoo = llx
boq acoo acop = xfq qab
bor acoo acop = hec vnk jir
bos = dfo
bot = gwj aalz
bou acoo = ozc
bov acoo = aabs
bow acoo = iox
box acoo = tae jbh zhc olf
boy acoo acop = vyr
boz acoo = evg
bpa acoo acop = tgv sht
bpb = cgu
bpc acoo acop = xdw
bpd acop acoo = itn itv
bpe acop acoo acoq = clc atr
bpf acoo acop acoq = achd
bpg = nvf
bph = wnr
bpi acop acoq acoo = sic gob
bpj = gra xyw bwi
bpk acop acoo acoq = aada
bpl acoo = xcg
bpm acoo = gyp
bpn acoo = lxu aeq
bpo acop acoo acoq = aof (yde bxu) vod
bpp acoo = blr
bpq acop acoo = rwn wcz vud
bpr acoo = xcf
bps = qqj
bpt acoq acoo acop = jie
bpu acop acoo = xcv feh gsz
bpv acop acoo = nwg rrj guw jma
bpw = gs
bpx = qhe
bpy acoq acop acoo = sxk
bpz acoo acoq acop = bhm jsx igs
bqa acoo = fna jsj
bqb acop acoo = abww drr
bqc acop acoq acoo = aawf ovn qum
bqd acop acoq acoo = axb guv
bqe acoo acop = vua
bqf = abh iun
bqg = vnv thd
bqh acop acoo acoq = vrm
bqi acop acoo acoq = aor
bqj acoo = iza
bqk acoo acoq acop = mjb btt
bql acoq acoo acop = clz sjy vhp ad
bqm acop acoo = pci roo
bqn acop acoo acoq = vkg
bqo acop acoo acoq = jiy nvw
bqp acoo = suu
bqq acoo acoq acop = bmg
bqr acoo = xjg duy
bqs = jjb
bqt acop acoq acoo = tqe
bqu = ckp
bqv acop acoo acoq = pgp
bqw acoo = kex
bqx acoo = abys
bqy acop acoo = iqx
bqz acop acoq acoo = fho
bra acop acoo = ymb yw mqg
brb acop acoo acoq = xzv bkr
brc acoo acoq acop = jjw zvx
brd = jqt prc
bre acop acoo = ehn uav
brf acoo = fra
brg acoo acop acoq = wkq pht mla zpo jdo
brh acoo acoq acop = gie xye avb
bri acoo = hdk
brj acop acoq acoo = yat abro ablx kqf
brk acoq acop acoo = ykx ats oaf
brl acoo = elx aajv evn
brm = ahv
brn acop acoo = xav
bro acoo = acp amg ofv cfs
brp acoo acop = fbr asg xrb
brq acoo acoq acop = mjy
brr acop acoo = deh
brs acoo = qkk
brt acop acoo = sqj jny xyu
bru acoo acop = ytt
brv acoo acop = ackg mzr
brw acop acoo = gvk acib
brx acoq acoo acop = wsg
bry acop acoo = oud sye jj paf
brz acoq acoo acop = abls
bsa acop acoo = iix (fhw lef qgw sxj)
bsb acoo acop = aaey cfu
bsc acoo acop = aaxk
bsd acoo = pls abmh ycs
bse acoo = rni jqn
bsf acoo = gum lqr
bsg acoo = yge
bsh = zkz
bsi = acdr gik qjj kbc
bsj acoo = vxu
bsk acop acoo = jwg
bsl acoo = krn jbz
bsm acoo = jpn qmg
bsn acoo = pvr pqk
bso = jbw
bsp = aabw acnb zmc
bsq = ro
bsr acoo acop = bdi ogv aaqu sst
bss acoo = pck
bst = taf hfm bxz
bsu acoo acop = tlp
bsv acoo = nhw yny asw xyv aan
bsw acoo acop = mir gqp
bsx acoo acoq acop = pig
bsy acop acoq acoo = vit kh wwz cgs
bsz acoo = bzk
bta acoq acoo acop = ikp czn
btb acoo acoq acop = ghp alq vmt
btc acoo acop acoq = wvl abqv
btd acoo = wqq
bte = jtw
btf = xzf xuv vuh zkw
btg acoo = mmy
bth = roh
bti acop acoo = fnn
btj = abnf tlm
btk = kwh yup
btl = kmd
btm acoo acop = tqk abvd
btn acoo = jrt
bto acoo = xky
btp acoo = vpn evl
btq acoo = sbr
btr = iyw qzu tvs izb
bts acoo = isg
btt acoo acop = emr kkc
btu acoo = kbi
btv acoo acop = tim
btw = orm
btx acoq acoo acop = yjq
bty acoo acoq acop = olb
btz acoo = kaa qzt
bua acop acoo acoq = qla vsg
bub acoo = abpm (cqa nzq acfb)
buc acop acoo acoq = ayf keo ywb
bud acoo = qkr utk
bue acoo acop = gwo
buf acoo = umj
bug acoo = lxd
buh acop acoo = wjm absk
bui acoo acop = ptb
buj = pah
buk = heu
bul acoo = dqd amp
bum acoo acoq acop = cbc
bun acoo = nhj
buo acoo = mj
bup = bri
buq acoo acop = mpq aaoj coq
bur = ldr
bus = xjn ohw vag
but acoq acop acoo = bba jhq gnk
buu acoo = fzc fnq
buv acop acoo = xug zho
buw acoq acoo acop = kuu
bux acop acoo = gro
buy acop acoo = fgu
buz acop acoq acoo = ssm
bva acoo = wtc wxi opy
bvb = hqn lar lfl pxq ani
bvc acop acoo acoq = now
bvd acoq acop acoo = ajz rnt bt
bve acoo acop = bgd k abxy
bvf acoq acoo acop = nwy eii
bvg acoo acop acoq = doo
bvh acoo acop acoq = eou
bvi acoo = cfo abel qbb lxw
bvj acoo acop = abww
bvk acoq acoo acop = rma abvz aadt
bvl acoo acop = kvo (pre mjx) dhv lyu
bvm acoo = qin
bvn acoq acop acoo = sgx
bvo acoo acop = gyr ovf
bvp = sxr kit
bvq acoo acop = uxj ygs zdd mtu accs
bvr acop acoo = thd mye rui icx
bvs acoo = abhz
bvt acop acoo = abkz zop
bvu acoo acop = z
bvv acoo = nsh htd
bvw acoo = g
bvx acop acoo = xdw asr rnx
bvy acoo acoq acop = qxv wod
bvz = jjs
bwa = hiw jvc
bwb acop acoo = zvb
bwc acoo = ne
bwd acop acoo = bph (cen hbg)
bwe acoo = aceb
bwf acoo = kpl
bwg acoq acop acoo = uew dyt gvl izs
bwh acoo = auk
bwi = abpm jhh
bwj acop acoo = mwz qlv dwl byz
bwk acoo acop = aaqn
bwl acoo acop = kji
bwm = upj
bwn acop acoo acoq = pky rse
bwo acop acoq acoo = otf
bwp acoo acop = rfe xjk ogq
bwq = mcs gti maa too
bwr acoo acoq acop = bop cht
bws acoo = euz
bwt acoo acop = yr
bwu acoo acop = asq
bwv = hor gtc noe
bww acoo = dil wxu gzg
bwx = aann
bwy = bga eph
bwz acop acoo = cby
bxa acoo = ujx nos
bxb = fqe tsy bes
bxc = kwg jlj iaa aalz prz
bxd acop acoo = afp
bxe acoo = nei
bxf = rsx ezl
bxg acoq acop acoo = hum myx aaf mvj
bxh acoo acop = fxn ot acen
bxi acoo acoq acop = bcm
bxj = xys
bxk acoo = aain
bxl acoq acop acoo = bog
bxm = acke gzw sor
bxn acoo = ibd
bxo acop acoo = dha achi orh
bxp acop acoo acoq = ypu
bxq = vhw
bxr acop acoo = fyu
bxs acoo = gux
bxt = go
bxu acoo = bmb
bxv = qot
bxw = zhk kkv
bxx = tbb ezq ouo
bxy acoo acoq acop = wgv
bxz acop acoo = yzo
bya acop acoo = ljy
byb acop acoq acoo = sfr
byc acoo acop = vls
byd acoo = kxn
bye acoo = mns omu ang cuf qoo
byf acoo = pco
byg = mg
byh acop acoo = zct
byi acoo = ljg cff qed kdi
byj acoo = aajl dtt lvp
byk = hhr uag ntn
byl acoo acoq acop = dpp pgt wxj ftq
bym acoo = spw nlw xlg
byn acoo = frb
byo = ekt
byp acoo acop acoq = rfb
byq acoo = jia mqq ber
byr = pys ljp
bys acoo = fam
byt = aafb lio lur
byu = okc
byv = brv lth
byw = npm
byx acoo acop acoq = oou
byy acoo = idn
byz = sgz qrt
bza acoo acop acoq = wtf
bzb acoo = nzn
bzc acop acoq acoo = zpf eay
bzd acoq acop acoo = qzs
bze = byg
bzf acoo = jmm nvd acff
bzg acoo acop = lm esp
bzh acoq acoo acop = wom tmt alt
bzi acoo = cer rej xfb
bzj acop acoo = ge zjd jrd
bzk acoo acop acoq = uhb
bzl acop acoq acoo = xzb ebm yi ugs
bzm acoo = xnb
bzn acoo = lxh
bzo acoq acop acoo = uwm qqn aakd
bzp = acnx oen
bzq acoo = ogu
bzr = xws rfl
bzs acoo acop = yuh
bzt acop acoo = pfc egd ujh swz aali
bzu acoo acop = bac
bzv acoo acop = crt
bzw = iwl jvq ofo rwj
bzx acoo = ori sdd
bzy acoo = aayx
bzz = prk
caa acoo acop = ycd
cab acoo = oxo opc xym hfe
cac acop acoo acoq = owt
cad acoo acop = ggc
cae acoo acop acoq = efu
caf = mdh
cag = xkp
cah acoo = fhk
cai = ndu keg mdi okx wjg
caj acoo acop = irn acfz
cak acoo = vrv ayz xok
cal acoo = qyl tkw
cam acop acoq acoo = mdf
can acoo acop = sbp skc
cao acop acoo = ixg psb
cap acoo = wsy
caq acoo = erh cex
car acop acoo = jzh cju
cas acoo = mnr ica
cat = wmf
cau acop acoo = ydp hwg
cav acoo = ucl
caw = dwl
cax acoo acoq acop = qqu vzv
cay acoq acop acoo = aew zqj ffc vom
caz acoo acop acoq = ght aamj
cba acoq acop acoo = fcj
cbb = opr
cbc acoq acop acoo = aadn
cbd acop acoo acoq = fcg kbp bye cyx eno
cbe acop acoo = aara (aboa bie)
cbf acoo acop acoq = vwc
cbg acoq acoo acop = kfi ibm
cbh = uzm avg
cbi acoq acoo acop = bkb
cbj = lz
cbk acoo = sdh
cbl acop acoo = opa
cbm = ogu
cbn = paj gxa avq avb
cbo acoo acop = rer
cbp acoo acop = oea
cbq acoo acop = aams
cbr acoo = xkm
cbs acoo acoq acop = ypl
cbt acop acoo acoq = wug rxq
cbu acop acoo acoq = sbe hal
cbv acoo = fpz
cbw acoo = aace rnq abyj dim mzc
cbx = ulf
cby acoo acop = cnf guj (eyp vfo)
cbz acop acoo = rtw qnb
cca = abtu maj ntp
ccb acop acoo = nuj ioe
ccc acoo acoq acop = ojl
ccd acoo acop = kzm
cce acoo = jno bcf aapj ygm pij
ccf acop acoo = llx yjm
ccg = acfs
cch acop acoo = xvw hbe iwb
cci acop acoo = zpg
ccj acop acoo acoq = nqg
cck = byn sgq rnw
ccl = xw
ccm acoo = zad
ccn = nn bgh wsf
cco acoo = qoz rkv wkg
ccp acop acoq acoo = nfj jlt awz xiq
ccq acoo acoq acop = gbb fni
ccr acoo acop = gfc fzu
ccs acoo acoq acop = ukl hle mkh
cct acoo acop = snq
ccu = rkl hoa
ccv acoo = bt ehj
ccw acoo = aatt
ccx acop acoo = iwf ksh shb abjx biw
ccy acoo = nbx mki zqt
ccz = aja
cda acoo acop acoq = huj
cdb acoo acop acoq = nnt
cdc acoo = aapm qnn wzq
cdd acoo acop = aavk szb
cde acop acoo = jzs bvm
cdf acop acoo = nxp flj pdk
cdg = aamt
cdh acoo acoq acop = qtp ymr
cdi acop acoo = hfb
cdj acoo acop acoq = opi udp cfs amx
cdk acop acoo = esn
cdl acoo = fsg
cdm acoo = sln
cdn acoq acoo acop = ma ivc wnp zwj
cdo = rvi nbp djw yka
cdp acop acoo acoq = ablp
cdq acoo = idq
cdr = kc
cds acoo = qgk gld
cdt acoo acop = rvi
cdu acoo = zwn
cdv acoo = fmt
cdw = abna
cdx acop acoo = hve
cdy = vmt xtu
cdz acop acoo = bpj
cea = oik grr
ceb acoo acop = gfw pvp
cec acoo = phw sme lwe wjg
ced = bxl
cee acoq acoo acop = wdr
cef acop acoo acoq = ydx
ceg = zgi gfv ood
ceh acoo = och
cei = noe qkw
cej = mog
cek acoo = kij
cel acop acoo = zhu wfu gbi yxi hc
cem acoo acop acoq = ysw
cen acop acoq acoo = fka dsx qqt
ceo acoq acop acoo = cfm ydr ytr
cep acoo acoq acop = lhh
ceq acoo = lmt
cer acoo = mcd
ces = jbc otr red lto
cet acoo acop = kvj
ceu acoo = uqw
cev = ntq ig
cew acoo acoq acop = alk jrz
cex acoo = xne
cey acoo = zvu
cez = abs vqf
cfa acop acoq acoo = qdb
cfb acoo = bed
cfc acop acoo acoq = lnz
cfd acoo acoq acop = qxe aale
cfe acoo acop acoq = sht oga
cff acoo acop acoq = szn gri ihm cui
cfg acoo = rng
cfh acoo = utc
cfi = hca
cfj acoo acoq acop = ybr wzh ps
cfk acoo acop = kgp gjz ysn
cfl = jlh
cfm = bca
cfn acoo = cxt pxj dma aaru
cfo acoo acop = ntg
cfp acoo = mau
cfq = vwo
cfr = lgm
cfs acoq acop acoo = yqa
cft acop acoq acoo = kjq
cfu acoq acoo acop = ztx
cfv acoo = bbm hrw aath qf
cfw acoo = abcp oee
cfx acop acoo = eku acep ahi
cfy acoo = ghp sbh
cfz acoo acop = sev
cga acoq acoo acop = abm xvz olu
cgb acoo = kwi
cgc acoq acoo acop = mos
cgd acop acoo = bxo
cge acoo acop acoq = jsp wwa jl
cgf acoo = ukl mvw abuh
cgg = tqb cng (xoa ufq)
cgh = wmg
cgi acop acoo acoq = xud aix
cgj = ojl
cgk acoq acoo acop = qar
cgl acoo = abij lxj rsp
cgm = abkl
cgn acop acoo = zur pfc wjg
cgo acoo acop = jys
cgp acoo = fhf ypc
cgq acoo = yqd
cgr = aamp
cgs = zgd hss aavf
cgt = bru
cgu = uio
cgv acoq acop acoo = aaam ffr abgg
cgw = dpm gul
cgx acop acoo = aclc
cgy acoo = kkr bjl
cgz acoo acoq acop = jdh yek
cha acoq acoo acop = gla vuh cdb
chb acoo = nkz
chc acoo acoq acop = yai zgv ith
chd acoo = asu
che acoq acoo acop = inc tce
chf acop acoo = aed
chg acoo acop = xsz
chh acoo = xzx
chi = qao srq rdh
chj acoq acoo acop = bos
chk acoo = ackj rxi
chl acop acoo = blu
chm acoo = ngp rld s
chn acoo = htj
cho acoo = jga
chp acoo = aas
chq acop acoo = eon
chr acoo acoq acop = aapz
chs acoo = ncw
cht acoq acop acoo = wgz
chu acop acoo = aauc qgc
chv = jtv
chw = mzw pur pjq
chx acoo acop = yvh
chy acop acoo = kct
chz acop acoq acoo = xmg
cia acop acoo acoq = vyn
cib acoq acop acoo = xt bd fkw
cic acoo acoq acop = cko
cid acoo = ygr lgc
cie acop acoo = kdr clg ysl
cif acoq acoo acop = stw jbk nah ibi hsa
cig acop acoq acoo = azp vfg
cih = wah
cii acop acoo = gmv kzq dfx znl
cij acoq acop acoo = aal
cik acoo = qee cku
cil acop acoo = ftd
cim = spy
cin acop acoo = ryl
cio = lnu kj hnv
cip acop acoo = jbm
ciq acoo acop = nzm ebf
cir acoo acop = abdr
cis acoo acoq acop = wwo
cit acop acoo = pkk vpg
ciu acoq acop acoo = wfg
civ = mex uky zib aaup
ciw acoo acop = nru isy
cix acoo acop = cgo vca
ciy acoo = rns ipp
ciz = njg
cja acoo = pod
cjb acoo acop = zgv vus hlv ybv
cjc = tlr
cjd = faz sjd lml mha
cje acop acoo = hcl hit
cjf acoo acop acoq = kfe rzs
cjg = bkn
cjh acoo = nxj lva (qsy ian)
cji acoo = ncw mqw acaf
cjj acoq acoo acop = kch ftm kyd
cjk acoo = tmc qfr
cjl acoo = qwj eyw
cjm acoo acoq acop = nnh ju stj
cjn = ijt kzk
cjo acoo = lzm
cjp acoo acop = fhd abzi
cjq = csn rde aboh zsd
cjr acoo = ofu vzy abcc
cjs acoo acoq acop = xan
cjt acoo = bzm qpd ho lqj
cju acop acoo = ljc (kjq rod khd)
cjv acoo acop acoq = apw guw
cjw acop acoo = qdv gvc
cjx acoo acop = bch hgn plf
cjy acoo = ohz abgw csl jkp unc
cjz = brs
cka acop acoo acoq = abab qhb
ckb acoo acoq acop = bpa puz lbn hkv bqe
ckc acoo = utn abss rpw
ckd acop acoo = hsi scg kul rye
cke acop acoq acoo = zur
ckf acoo acop = ors
ckg = kuj
ckh acop acoo = awb abiv
cki = aalr yzk wmu gfy
ckj acoo = wnp
ckk acoq acoo acop = bpj
ckl = kml
ckm acoo acop acoq = fnp dda
ckn = sdc tvp wjm
cko acoo = hnb ohb vzn
ckp acop acoo acoq = bpe xuc
ckq acoo acoq acop = dws vug
ckr acoo acop = fwg
cks acoo = lhe
ckt = xea eng
cku acop acoo = zxc
ckv acoq acop acoo = aaya xtu
ckw acoo = bef stz
ckx = bzs jix ynh ihy
cky = abob zfo vhr accl
ckz acoq acop acoo = xaf elp
cla = aqm
clb acoo = xgh zqe ygt
clc acop acoo = zai bok
cld = nnt
cle = zkv jdq xag
clf acoq acop acoo = dsa trv ado
clg acoo = ylx
clh = zbj
cli acop acoo = uxe
clj acoq acop acoo = lie (ylo nkv)
clk = tin jzt fqp
cll acoo = qul
clm acoo acop = vxg
cln = fpw
clo acoo = gcd ackb
clp = nss hnh ably abyy akf
clq = zdv
clr acoo acop = umy
cls acop acoq acoo = aali txp
clt acoo = ufj
clu = yt
clv acop acoo = boj (qew dhu)
clw acop acoq acoo = aang
clx = vkv
cly acoo = fba
clz acop acoo acoq = abfr
cma acop acoo acoq = yb bu (phc aami)
cmb acop acoo = vfv
cmc acoo = ssg
cmd acoo acoq acop = znk
cme acoo = acak ukg
cmf acoo = ygr
cmg acop acoo = aahn
cmh acoo acop acoq = org kny
cmi acoo = gmb
cmj = nmi
cmk = gkb
cml acop acoq acoo = ifb
cmm acoo = vum
cmn acop acoo acoq = wez
cmo acoo acop = jak
cmp acoo = pwd
cmq acoo = lhp
cmr = plq
cms acoo acop = yuc
cmt acoq acoo acop = lte kzy
cmu acoo acoq acop = iey
cmv acop acoo = fb
cmw acoq acoo acop = iyt
cmx acoo = kog kwx
cmy acoo acop = aqu wky olj hkp bxt
cmz acoo = qlx
cna acoo acop = cxl
cnb acoo = hnj
cnc = vmv
cnd = mlr
cne acoo = aakz otc rql
cnf acoo = fzx
cng acoo acoq acop = xn
cnh acop acoo acoq = bfr
cni acoo = lum dkz yoh
cnj = znx
cnk acoo acop = xwx gkn
cnl = jdn
cnm acoo = sxh
cnn acoo = vea zqg
cno acop acoo acoq = qkl
cnp acoo acop = abiw
cnq acoo = abiu rqb gxj
cnr acop acoo = mra
cns = iet
cnt = kdj
cnu acoo = hns
cnv acoo = jrz hyy
cnw acop acoo acoq = mnw absa
cnx acoo = gzm
cny = inf
cnz = zuf dkg
coa acoo = pgs
cob acoo = chp
coc acoo acop acoq = aavf
cod acop acoo = mcu
coe acoq acoo acop = qoz
cof = mqe kuu
cog acoo acop = wiy pla
coh acoq acop acoo = hpy
coi = zus
coj acop acoo = qqz hik
cok acop acoo = gyh
col = accg yho uto
com = qpc fpi vjz
con acoo acop = gvq
coo acoo acop = emc
cop acoo acop = bzx
coq acoo acop = qlt
cor acoo = mge arr
cos acop acoo acoq = vvx wfg iqd bav
cot acoo acop = and
cou acop acoq acoo = ylr iuk fow
cov = abre vzw zc cih
cow = ocw ghl
cox acoq acoo acop = rim
coy acoo = zof
coz acoq acoo acop = vxf
cpa acoq acop acoo = tpd
cpb acoq acop acoo = ykn xsk ldx tnu
cpc = vwj hqq vul gaw
cpd acoo = son xej
cpe acoo = pqo
cpf acop acoo = cqq ext kij lgc
cpg acoo acoq acop = ott
cph acoq acop acoo = ofh
cpi acop acoo = aib
cpj acoo acop = lzl
cpk acoo = mgu hpj
cpl acop acoo = mrc
cpm acop acoo acoq = cpr jkj abox hxb
cpn acoo = rzu
cpo acop acoo = xzg
cpp acoo = fsl
cpq acop acoo = smp
cpr acoo acop = nes uyu (nqg xap jex)
cps acoo = jwd wls
cpt acop acoo = xgi zuj
cpu acop acoq acoo = gop
cpv acoo acop = rkn lws abwj zls
cpw acoo = ow xfm rto
cpx acop acoo = vym
cpy = uox
cpz acop acoq acoo = byr
cqa acoo = nxu
cqb acop acoo acoq = ihz
cqc acoo = ogy zfl htu
cqd acoo = hzp
cqe = aaei
cqf acoo = fye
cqg = gil
cqh = jyg reu
cqi acop acoo acoq = abfw
cqj acoo = qxv rks
cqk acoo = jla
cql = lbw
cqm acop acoo = hmb mhn cix
cqn = tuq pdb aug aadg
cqo acop acoo acoq = ekm
cqp acoo acop acoq = mmd
cqq acop acoo = lbx
cqr acoo = aapf
cqs acoo acop = hbb ypd
cqt acoo acop acoq = otf zvf cly
cqu = qhz iyq
cqv = hti
cqw acop acoq acoo = skh udp dmt
cqx = jyq aft zte
cqy acoo = idk
cqz acoo = fws
cra acoo = yjy wi gde
crb acoo = zsl
crc acop acoq acoo = dws
crd acop acoo acoq = wua
cre = accp
crf acoo = pvj twb ziz lcd
crg = acgf
crh acoo = v wtv
cri = zvq abe ynl
crj = vgq pkv
crk acoo acop = tbt jtv
crl acoo = xam
crm = vnx
crn acoo = absd
cro = wwr
crp acoo = cpv dva
crq = pbq gso
crr acoo acop = ablp bpi tqa
crs acoo = oep svn
crt acoo = jkb
cru acoo = fze
crv acoq acop acoo = wop
crw acoo = oze ecy qvp
crx = abtq
cry acop acoo = ozg
crz = abzz abgr rpa ipi
csa acoq acop acoo = gtn
csb = pf bzi
csc acop acoo acoq = msl
csd = ackr
cse acoo = xgy
csf acoo acoq acop = wqz kbk xk oks
csg acoo acoq acop = rab
csh acop acoo = yik
csi acop acoo = vol pyq
csj acoo = ima
csk acoo acop acoq = mpd
csl acoo = hnb
csm acoo acop acoq = aap
csn acop acoo = edg kja usg lik
cso acoo acop acoq = vur aajv fos qba slp
csp = yre ypb jxg
csq = bsb
csr acop acoq acoo = pzr kyr
css acoo acop = jxn rkp acmj
cst acop acoo = scy (fw fba ijb)
csu = zak zvz
csv = wzo
csw acop acoq acoo = rxa
csx acop acoq acoo = pmb gol
csy acoo = txe wlp
csz acoo = hrx pwi ztb
cta = lta abbs
ctb = ttx
ctc acoo = cpr
ctd = hqn
cte acop acoo = qle
ctf = arg
ctg acoq acoo acop = gvx cgx
cth acoo acoq acop = but
cti acop acoq acoo = vwc
ctj acop acoo acoq = vyv wxj ete aayn
ctk = yvm dnx ckc bl oty
ctl acoo = liq
ctm acoo acoq acop = ctz ybr
ctn acoo = cfo unv noh
cto acoo acop = nhh
ctp acop acoo = zqd
ctq = ima mmp
ctr = aclc aanq
cts acop acoo = ydr nuk
ctt acoq acoo acop = knh
ctu acoo = hck
ctv acop acoq acoo = lyx
ctw acoo acop = niy eyu
ctx acoo = lyx
cty acoo = krq gth rpd
ctz acoo = abej
cua acoo acop acoq = edr lxf
cub acoq acoo acop = lfw
cuc acoo acoq acop = oon boo twa aazk
cud = mrd
cue acoo = tgo enl
cuf = vlp
cug acoo acop acoq = iqs
cuh = abpe
cui = tyf
cuj acoo = swk
cuk acoq acop acoo = aei
cul acop acoo = odw
cum acoo acoq acop = wnt
cun acop acoo = acjt
cuo = jmp
cup acoo acop acoq = nyn
cuq acoo = qaf ghb asu hof
cur acop acoo = pwa
cus = fse
cut acoq acoo acop = ywu uir (lml vs) nvv
cuu acoo = bhj
cuv = mvo bav gcg ajq
cuw = vch
cux acoo acoq acop = rta
cuy acoo = idc
cuz acoq acop acoo = dop
cva = cnj
cvb = meo
cvc acoo = aaot
cvd acop acoo = pwj ggf psy ucn
cve acoo = cax nkk (xci qfp)
cvf acoo acop = goa
cvg = qwz
cvh acop acoo = osx gc
cvi = ouq
cvj = icj
cvk = oxo iga egq
cvl acoo acoq acop = ujm
cvm = fxn
cvn acoo = nyu wtq
cvo acoo acop = clw
cvp acoo = hbn
cvq acoq acop acoo = qxn
cvr acoo = kpa
cvs acoo = abqp umt
cvt acoq acop acoo = rvd xj
cvu = wjh
cvv acoo acop = oau usa
cvw acoo = tgc lht
cvx acop acoo acoq = tli sdw ibh biz
cvy acoq acoo acop = ofx jq gre lgv
cvz = miy
cwa acoo = xst
cwb acoo acop acoq = nwg
cwc acoq acop acoo = ilb
cwd acoo = aajb phn
cwe acoo = cab
cwf acop acoo acoq = apv
cwg acoo acop = una
cwh acoo acop = kcl
cwi = bxb
cwj acoo acoq acop = tzi atg
cwk acoo = kwn
cwl acoo = zot kxg ysu
cwm = bvt
cwn acoq acoo acop = apj ype pmj
cwo acop acoo = wum
cwp = tpr
cwq acoo acop = jjf kgd mxv smd
cwr acoo acop = gn
cws acop acoo = dkr
cwt acop acoo = hmw
cwu = wis vcj fje
cwv = ktv ayf lsb npu
cww = iis zbf
cwx acop acoo = atv qqm zvp isw whj
cwy acoo acop = wem flc
cwz = lpz
cxa acoo acop = ezl
cxb acoo acoq acop = eqy wrf ngq myl
cxc acoo acoq acop = kkn
cxd = yyj
cxe acoo = dvl eeh
cxf = qen blg
cxg acop acoq acoo = ofu ukn
cxh acoo acop = kma xcf lxg bpr
cxi acoo acop = ylt (epb hhx)
cxj acop acoo = drp
cxk = fax
cxl = yck
cxm acoo acop = jkq
cxn = qvu
cxo = yvd vfa
cxp acop acoq acoo = qup
cxq acop acoo = ldl hsl hqj mw
cxr acoo = wyi
cxs acoo = rly xya
cxt acop acoq acoo = gzu
cxu acoo = sdg rxh
cxv acoq acop acoo = dhh gqw qnu
cxw = air ibe
cxx acoo acop = yaj (vzs lkm) xov
cxy acop acoo = nxq
cxz = xnz bzi
cya acoo acop acoq = jci
cyb = ocz
cyc acoo = ixg acle
cyd acoo acop = xsr
cye acop acoo = bpe tru tfi pkl
cyf = qcr
cyg acoo acoq acop = mgt
cyh = dgy ncy
cyi acoo = ymh
cyj acoo acoq acop = ayx oez
cyk acop acoo = gjp
cyl acop acoo = vyf
cym acoo acop = wrp onc pti
cyn acop acoq acoo = abxa
cyo acoo acop = bmj wnb
cyp = nvf
cyq acop acoq acoo = ras
cyr acoo = abxc (lzn fib boy)
cys acoo acop = aiu
cyt acop acoo = wlp abcm
cyu = ggw
cyv acoo = pgh azs
cyw acoq acop acoo = nif
cyx acoo = knz
cyy acoo acoq acop = fqj
cyz = bkq
cza acoo acop acoq = qzl
czb acoo = wze
czc acoo = iob
czd acoo acop = yxk
cze acop acoo = nfu
czf acoo = pw
czg = hpl vq sgb
czh = zg aaar
czi = nvr
czj = euw
czk acoo acop acoq = kit om
czl acoo = xxy kbm
czm = eyw qrp hkn cai
czn acop acoo = amg wfx cfv
czo acoo acop acoq = acko
czp = abk
czq = abld
czr = egw iwq pgl
czs acoo acop = lfn
czt acoo acop = ddq
czu acoo = jsn xts jaj
czv = shp
czw = yha
czx acoq acop acoo = jcn gs
czy = axu
czz acoo = nmr hsq
daa = pbz
dab = lml
dac acoo = abot kxp wea
dad acoo = pok aaqc fna qmf
dae acoo = nro tyc lbj
daf acoo = gj
dag acoo = dlc
dah acoo acoq acop = fnw yh yjt
dai acoo acop acoq = uhl
daj acop acoo acoq = thb
dak acoo = hmg hl ksq
dal = abdo zjz
dam = fma oxo ooy cai
dan acoo acop = acdp
dao acoo = jkj
dap acop acoo = nnp
daq acoo = bgo zok
dar acop acoo = ode
das acop acoo acoq = zjh qsw ckq
dat acoo = vhr
dau acop acoo acoq = sr
dav acop acoq acoo = kzy
daw = jwo hiy nnn xir
dax acoo acop = aahl (fdo aatc)
day acoq acop acoo = gcb
daz = qqe
dba = caa ech lvd
dbb acoo = nsl tvo
dbc acoo acop = iss
dbd acoo acop acoq = ota
dbe acoo = pne
dbf = aazf
dbg = oym ubh pho
dbh = bnq aek hqn lwl
dbi acoo = lgz wdb srg
dbj acop acoo = csc acnk
dbk = abry did
dbl acop acoo = nas
dbm acoo = zjh
dbn acoo = tfo kro acjd jmo
dbo acoo acop = iuy ux np
dbp = kvz pub
dbq acoo = ycu acbu ztl
dbr acoo = dfc pop ine
dbs acop acoq acoo = iwt dxn hij
dbt acoo = dgm crs uki cmt
dbu acoo acoq acop = cty shn
dbv acop acoq acoo = zqs aaja jsq jlo jts
dbw = xfo nsv aamh
dbx = ub
dby = acgf
dbz acoo = nua kac knt msr
dca acoo acoq acop = wwg dav zrp
dcb = wiy pjt
dcc acoo = aait avn
dcd acoo = fzz lxh
dce acop acoo acoq = kqf
dcf acoo acop = thf kcs wvu
dcg acoo acop acoq = lwb cre hzy
dch = vqf fbb rfq bvn
dci acoo = ebm aael
dcj acoo acop = hhh
dck acoo = hgd piz xtb
dcl acoq acop acoo = yzu
dcm acoo = rhk
dcn acop acoo = kgr ydp zs
dco acoq acop acoo = ojk ggy
dcp = pya
dcq acoo = acas
dcr acop acoo = avk
dcs acop acoo = fsy wct tva isg
dct = don zty ljh way clk
dcu acoo = yjs
dcv acoo = epl
dcw acoo acop = upt
dcx acoo acop acoq = jaz
dcy = qhs
dcz acoo = xwi abeg absj
dda acop acoo = ydo
ddb acoo acop = duw
ddc = omr
ddd acop acoo acoq = lyt gzj
dde acop acoo = tdh
ddf acoo = kgd
ddg acoq acop acoo = lp
ddh acoo acoq acop = vv byu klf rzz
ddi acop acoo = mzv idx
ddj acoq acoo acop = mlh cts
ddk acoo = frp egc
ddl acoo = vee
ddm = uez uu vii
ddn acop acoo = rtr (khg aaap)
ddo acoo = rdh
ddp acoo = qfm kqf
ddq acoo = aid adz eid
ddr acoo = zk
dds = kjr
ddt = luv dda
ddu acop acoo acoq = hqa
ddv = exx
ddw acop acoo = zpx
ddx acop acoo = geb
ddy acop acoo = fux
ddz acop acoo = rhn
dea acoo = zrh ulx fwu
deb acoo = gmk
dec acop acoo = ynb
ded acop acoo acoq = chj ckq
dee = fop
def acoo = hmj wcu zs
deg = trw qpw
deh acoq acop acoo = aamd
dei acoq acop acoo = aqf kni gqw apy
dej acop acoo acoq = lpu uqe sil
dek acoo = oor abjv ogx iph
del = rak enz
dem acop acoo acoq = cuo
den = zoi
deo acoo = sul
dep = nyj hxb ymf
deq acoo acop = cnx sfr xbx lwb
der = quc
des = xaj uec
det acoo = hyx
deu acoo acop = ldd
dev = kzp
dew acoo = acjf
dex acoo = nfh wrd
dey acoo = cry
dez acoq acop acoo = exs ptx dsx
dfa acoq acoo acop = exm
dfb acop acoo acoq = acia abwm
dfc = vmr ixp rjc
dfd acoo acop = ozu
dfe acoo = lye
dff acop acoo = jlm yzc
dfg acop acoo = kgi vul
dfh acoo = pzc
dfi acoo acop acoq = hyx
dfj acoo = tmt
dfk acoo = uws dtz zne
dfl acoo acop = acab fhr
dfm acop acoo = oqb
dfn = kny
dfo acop acoo = sde qsd
dfp acop acoo acoq = jkc
dfq acoo = prk
dfr acoo acoq acop = edv
dfs acoo acop = myo
dft acoo = mqc hxc
dfu acop acoo acoq = aqc
dfv = bdo
dfw acoo = cda
dfx acoo = ewp vzb woo
dfy acop acoo = acgl qoh ifn sxt xyi
dfz acoo = ynv
dga acop acoo = rg
dgb acoo = wbx
dgc acoo acop = acgy
dgd acoo acop = gwh
dge = qxz
dgf acop acoq acoo = otb
dgg acop acoo = udh dci
dgh acop acoo = ckq wnl rbl aaae cpp
dgi = nao aake swr
dgj = vrm pmp
dgk = zys
dgl = kxc
dgm = mqp
dgn acoo = vzu osz zyq
dgo = blv
dgp acoq acop acoo = ubo
dgq acop acoo = gzc zqz udn
dgr acop acoo = fch wfo
dgs acoo = mbe umo
dgt = ics esv tpt hwv
dgu acop acoo = pou
dgv = fcg
dgw = sva
dgx acop acoo acoq = kfd
dgy acoo acop acoq = tkf vqn
dgz = upi (pbv joo) fxw
dha acoo = tbw
dhb = flf
dhc = ryf zai lon nza
dhd acoo = lpc
dhe = dai
dhf acoo acop acoq = yqe oqy
dhg acop acoo = gam
dhh acoo = rhr fil
dhi acoo = ryn wfr
dhj acop acoo acoq = cxm yhb gnk xij
dhk acoq acop acoo = sdb
dhl acoo = hmx
dhm = tfk
dhn acoo = ljy
dho = rpo
dhp acoo = xzb
dhq acoo = aax
dhr = wkt
dhs acoo acop = qtx aq qch
dht = lmh fqg
dhu = unb cah ihi wmp abxw
dhv acoo acoq acop = jev
dhw acoq acop acoo = xto
dhx acoo = rvn ner
dhy acoo = ggc
dhz acoo = tar
dia acoo acoq acop = hrm bhp rxm
dib acop acoo acoq = wca mww xrk
dic acoo acoq acop = sfl
did acoq acop acoo = gsk
die acop acoo = hpp prq
dif acoo = ouh zbs
dig acoq acop acoo = hpi itd dka tvm
dih = sqi achs opg oiv
dii acoo = glp abqr aav
dij acoo = cey dpy ouf nrg avx
dik = pld
dil acoo = hoo mqg idd
dim acoo = mvp ftc vvf mej
din acoq acop acoo = abeh (fwf aaig wyt)
dio acop acoo = rwc
dip acoo = qje nsr
diq = abbc
dir acoq acoo acop = si
dis acop acoq acoo = eu
dit acop acoo = erj
diu acoo = eex
div acop acoo = uzv
diw acoo acop = abyu fmr
dix acoo = gvw
diy acoo acop = ulf
diz acoo acop = gcn khr
dja acoo acop = slh
djb = npd
djc acoo = amd (fgk aaqn abwu)
djd acop acoo = hmt
dje acoo = ee
djf acoo acop = bdn
djg acoo acop = mmj iyt swx lch
djh acoo = acof
dji acop acoo = ozt qgr (wtw cuw bat)
djj = kfx
djk acoo = obl
djl acoo = aauw dnk lxl
djm acoo acoq acop = fwp yfz
djn acoo = aadl ackt
djo acoo acop = mni
djp acop acoo = xxt
djq = efg
djr = ncp ioi
djs acop acoq acoo = npo ks etl
djt = ukx
dju acoo = kq
djv = uah tzb jks wuo
djw acoo acoq acop = ngg
djx acoo = lnx ewn
djy acoo acop acoq = qzr ajh
djz acop acoo = nsa (ttu rko)
dka acoo acop = tzk
dkb acop acoo = tnh
dkc acoq acoo acop = jzx
dkd = eda
dke = ixn
dkf acoo acop acoq = aw
dkg = cbr aqk aamw
dkh = uwa
dki acoo acoq acop = atr mtk ejg
dkj acop acoo = cof
dkk acop acoo = mgd eck ujc zdo
dkl = lvo yir
dkm = kae
dkn acoo acoq acop = yag
dko acop acoo = abcx
dkp acoo = uwk (qdu ikh)
dkq acoo = lks aaxk
dkr acop acoo = czr
dks acoo = acji
dkt acop acoo acoq = tqm
dku = sui aayz
dkv acoo = zah
dkw acop acoo acoq = fud qap
dkx acop acoo = wdz
dky acoo acop = nuz (wdo yjp sin)
dkz = xit tmc mvu
dla acoq acop acoo = ye abuq svt
dlb = gxt
dlc acop acoo = lpk
dld acoo acop = zgj
dle acoo acop = tpa xas
dlf acoo = svd
dlg = fhs kfo wkp abhg
dlh acoo acop = sqf jek
dli acoo acoq acop = eou zxq
dlj acop acoo = rwx
dlk acoo = cto iea vhf wpk
dll acop acoo = ogb
dlm acoq acop acoo = umh mcm
dln = jhg miy pnr
dlo acoq acoo acop = pu
dlp = ubt
dlq acoo = dhp
dlr acoq acoo acop = tih ufu wre ner
dls acop acoo = bdi acdb
dlt = vgy
dlu = bcu
dlv = pns gag
dlw acop acoo = eke
dlx acoq acoo acop = act drm anb
dly = tbr
dlz acoo = vay
dma acoo acop acoq = cqu pqr ygd
dmb = frs
dmc acoo acop acoq = xtc yvj cup
dmd = ylo
dme acop acoo = own sww
dmf acoo acop acoq = mrq afo sw
dmg acoo = stv
dmh acoo = bfi
dmi acoo = eig
dmj acop acoo acoq = absx abgi
dmk acoo = zz wyf
dml acoo acop = yuu
dmm acoo = smv gyw abtk
dmn acoo acop = uxf rrv
dmo acoo = aab abjr
dmp acoo = btq wad bmj dme qmk
dmq acoo = foc dno rfq dtz
dmr acoo acop = lnl
dms acop acoo = ldd
dmt = nfj zfg sxm ylw
dmu acoo = vke npm sb
dmv acoo acop = hrk
dmw acoo = ptc
dmx acoo = uqw
dmy = bpn
dmz acoo = zej tzb
dna acoo acoq acop = dpx fqm nzt
dnb = jni
dnc acoo = qdt (jra baa fzb)
dnd acoq acop acoo = rix
dne acop acoo acoq = hk upb edb es
dnf acoq acoo acop = abry yj
dng = dgs
dnh acoo acoq acop = pf kse
dni acoo = bgp tfk xup reo
dnj acoo acoq acop = kgo
dnk acoo acoq acop = tek
dnl = cjk svx ifj
dnm acoo = snq jfn
dnn acoo = oys
dno acoo acop = viu abpg geb
dnp acoo = cwc abml cfc
dnq acop acoq acoo = uem tcl yfc rct
dnr = hvb
dns acoo acop = wzq imk ebr wmg
dnt acoq acoo acop = vyl
dnu acoo = ayl
dnv acoq acoo acop = hww
dnw acoo acop acoq = fhr fxp lbn
dnx acoo acop = ofc acaw
dny acoo = gnz fit aadd
dnz acoo = ggb wac
doa acoo = zvh
dob acoq acoo acop = mhe
doc = ssy zdd
dod acoo acop acoq = acls
doe acoq acop acoo = ap
dof acop acoo = efa ngu
dog acoq acop acoo = anv
doh acop acoo acoq = ilt
doi = lgw
doj = ffu
dok acop acoo = zad lwm jpr
dol = eji hzi
dom acoo acop = cmz dcu iqm
don acoo = acoo
doo acoo = eqv qpb
dop acoo = bzg
doq = xtp aako ldq vgp
dor acoo acop = set wcb
dos acoo = zhq
dot acoo = ujd
dou acoo acop = vpn box
dov acop acoo = qpf pud pbx mxu
dow = zfc
dox acop acoo acoq = zca ljr icf jig bks
doy acop acoo = jvx lfk
doz = uyx wnw idt
dpa acoo acop = uln
dpb acoo = qou
dpc acoq acop acoo = jjn uag
dpd acoo acop = lje
dpe acoo = ybx gtw
dpf acoo acop = whm
dpg acoo acop = gnn knk
dph acop acoo acoq = wfg
dpi acoo = laz qso yfq
dpj acoo = aj njc hlx bpl
dpk acoq acoo acop = gex
dpl = eai
dpm = aazn
dpn acoo acop = kht fex zbu ynv
dpo acoo = dvm
dpp = zgb aawv wrd bgm
dpq acoo = pev
dpr = uci opx ezt
dps = rux
dpt acoo = cuo ztr mcd
dpu acoo acop = ydz
dpv = lhe wsi
dpw acoo acop = bli
dpx = vwe
dpy acoo acoq acop = lbt ldi qxe oke
dpz acoo acop = azk lyh
dqa = uyq
dqb acoo acop = fkr ctq uwi
dqc acoo acop acoq = skm
dqd acoo = pzj
dqe = mbo
dqf acoo acop acoq = opc hpp yqa smt phe
dqg = yfa
dqh acop acoo = dcp
dqi = abrv
dqj acoo = znp mvg rxf
dqk acoo = abco woy sll
dql = hdf
dqm acoo = hg
dqn acoo = swe wn
dqo = dsv uzf cbc
dqp acop acoq acoo = aaka dkh aatr
dqq acoo acop = mff bqm vwv yv pax
dqr = qqh
dqs acop acoo = lpp psl ozr gn
dqt acoo acoq acop = elp
dqu acop acoo = aasl zpw nvt ljn ijg
dqv acoo acop = iry noy xsk igf
dqw = qxw ucx gzd xcm coh
dqx acop acoo = eqs tin
dqy acoo = jxd
dqz acoo acop acoq = ope scd aasb
dra acop acoo acoq = rmh osb
drb acoo acop acoq = lig ipx
drc acoo acop = rtf
drd = cfn
dre acoo = yvp
drf = rfe
drg acoo acop acoq = wzq
drh acop acoq acoo = ubz
dri = tae
drj acoq acoo acop = qhy
drk acoo acop acoq = abop
drl acoo = wmn
drm acoo acop = gdz
drn acoo acop = jam
dro acoo acop acoq = bgl
drp acop acoo acoq = kec dig
drq = lub qlf
drr acoo = nov hqx
drs acop acoo = qxn
drt acop acoo acoq = nar
dru acoo = zeb
drv acop acoo = pkd cmo
drw acoo acop = jnc
drx acoo = ablx
dry acoq acop acoo = geu
drz acoo = bfo
dsa = pex bhx obc wcs qrl
dsb acop acoo = ugm
dsc acoq acop acoo = pxz
dsd = mse
dse acoo acop = acav
dsf acoq acoo acop = bnz
dsg acop acoq acoo = yff lsu fs
dsh acoo acop = uwv ayy
dsi acoo = clr
dsj acop acoq acoo = njy
dsk = iwm
dsl acoo acoq acop = zcw ars
dsm acoo = ukw
dsn acoo = hoi rye pfi tly
dso acoo acop = irs
dsp acop acoo = fz sdo imr woy
dsq = toj pih exz
dsr acoq acop acoo = utz
dss acoo acoq acop = tz osh hrx
dst acop acoo = mmr spa
dsu = acdg
dsv acoo = uru
dsw acoo = wjk ceb
dsx acoo acop = tcs
dsy acoo acoq acop = rxv jgz
dsz = gos ujf jxs
dta acoo acop = goy
dtb = kes
dtc acoq acoo acop = jmm
dtd = lq
dte acop acoq acoo = lpf aagn gh
dtf acop acoo = zxz xon
dtg = nbc zua fq xzf
dth acoo acop = tjg aadc
dti acoo acop = zef
dtj acoq acop acoo = yxk
dtk acoo acop acoq = evi
dtl acoo = ctr
dtm acop acoo = xqt
dtn acoo = yzp
dto acoo acop = ffd
dtp acoo = epe woq nno hrb
dtq acop acoo = rae obp abgy
dtr = ntf
dts acoq acop acoo = goe
dtt acoq acoo acop = bny pgf xjq
dtu acoo = ahf
dtv acoo acop = abwz bja irx
dtw acop acoo = acid
dtx = wgs kir
dty acoo acop acoq = aaha pmg
dtz = hot
dua = kev
dub = ery ory xrq
duc acop acoo = noy lha ahg vrq
dud acoq acop acoo = oor opk cai
due acop acoo acoq = cpt
duf acoo = qbg btj xr
dug acoo = obg
duh acoo = agq
dui acoo = ybs
duj acop acoo acoq = zpw uvn
duk acoo acop acoq = cwj
dul acop acoq acoo = epp
dum acop acoo = eck
dun = wtd
duo acoo = dxi
dup = aavc
duq acoo = hoc igg
dur acoo = bnf
dus acoo = rqz
dut = bxu ldl
duu acoo = nep cq
duv acoq acoo acop = iok nvy lkb kfa
duw acoq acop acoo = ohv
dux acoo = sfs tlp nbj yku
duy acoq acop acoo = vmt
duz acoo = fom
dva acop acoq acoo = mt
dvb = djv
dvc acop acoo acoq = tbj
dvd acop acoo acoq = fhn mie
dve acoo acop = hqy
dvf = dpt sgm rrs
dvg acoq acoo acop = ezx
dvh acoq acop acoo = hdr
dvi acoo = pcg nqs
dvj acop acoo = uej ddc
dvk acoq acoo acop = bpj
dvl = ova olb lzy
dvm acoo = vkl
dvn acoq acop acoo = eda mqp pwd
dvo acoq acop acoo = cnj
dvp acoo acop acoq = sgm
dvq acoo = jd
dvr acoo acop = vek wbx
dvs acoo acop = dkq
dvt acoo acop acoq = aanq spt lev
dvu acoo acop acoq = aaen rnd
dvv acoo acop = mky
dvw acoo acop = abci hzo (sks jch kd)
dvx acop acoo = pfc
dvy acop acoo = ozz
dvz acoo acop = atv
dwa = fvp fdm icw aaxf
dwb acop acoo acoq = ler swg cqp
dwc acoo = itl kgr
dwd acop acoq acoo = rzu (lqh gfj) toc
dwe acoo acop acoq = idl
dwf = abzv
dwg acoo acop = lbq (jqo mmp iop)
dwh = nqj pet zyu jqi
dwi acoq acop acoo = yle
dwj acoo acoq acop = yfx inm zpq fiz ipq
dwk acoo acop = sds knb
dwl acoo = gl
dwm = hnb krj qwz kzf
dwn acoo acop = pxj
dwo = kux
dwp acoo = fw ryp acdb
dwq = aayh alo tob
dwr acoo = mnj
dws acoo = tgj ihi dio
dwt acop acoq acoo = fpc qmo aawl qjp
dwu acoo = nsi
dwv acoo = hkr sha
dww acoo = wnp (xuz fqw) exz
dwx acop acoo acoq = tia
dwy acoo acop = cve
dwz acoo acop = nus fre
dxa acoo acop = rpp
dxb acoq acop acoo = gir
dxc acop acoo acoq = tmj gvo ulj
dxd acoo = nyq iua wuw
dxe acoo acop = bjh
dxf = yoa yyt lrw
dxg acop acoo = abtr jep
dxh acoo = mwe
dxi acoo acop = rgu
dxj acoo = ixx
dxk acoo acop = pcp
dxl = kps any oac
dxm acop acoo = imb
dxn acoo acoq acop = xoq
dxo acoo acop = zsr
dxp acoo = log
dxq acoo acop = lbn ype mgq
dxr acoo acop acoq = wne aaee
dxs acoo = rez fac
dxt acop acoo = skh
dxu = ogj
dxv = zgs
dxw = eao
dxx acoo = jsm
dxy acoo = lmb tvi roq
dxz = aatq
dya acoo = zwz qg
dyb acop acoo = ljk abik (sdb ckn kaa)
dyc acoo acop acoq = ygi gtn rrm
dyd acoo = vdx yzb
dye = abyi bhc
dyf acop acoo acoq = tmk tef
dyg = jdr
dyh acoo = mep cwh
dyi acoo = ig ncm
dyj acoo = ex
dyk acoo = kzb
dyl acop acoq acoo = nne
dym acoo = ifj ubj
dyn acoo = nps kqm
dyo acop acoo acoq = esz
dyp acoo = jmg
dyq acop acoq acoo = wr (wlw aabu ucu)
dyr acoo = gw
dys = tty you cnx
dyt acoo = vrz lgi (cdt ifp)
dyu acoo acop = ocf hnm
dyv acoo = nol jqk (edf soz)
dyw acop acoo acoq = xr aapw yoz qsv
dyx acop acoq acoo = yoq
dyy acoo acop acoq = ysj srn ngm
dyz acoo acop = sqg
dza = lhe njl ibh
dzb acop acoo acoq = img
dzc acop acoq acoo = sip mcd npa mjk
dzd acoq acop acoo = hri
dze acop acoo = aavt
dzf acop acoo = wan
dzg acoo acop = mxa
dzh = ozb rhh irt scl
dzi acop acoo = iwo
dzj acoo acop = wtl awb
dzk = abnh
dzl acop acoq acoo = gxs nmg
dzm acop acoo = bei
dzn acop acoo = cdb rac zgn
dzo acoo acoq acop = fzc
dzp acoq acop acoo = bga lxz nh
dzq acoo = mhq
dzr = aanm
dzs acoo = rrn puy
dzt acoo acop = wca
dzu acoo acop acoq = qvh uzs mym
dzv acoo = vcz
dzw acop acoq acoo = jyk
dzx acoo acop = aln ebg
dzy acop acoo acoq = gbh pie
dzz acoo acop = wnk
eaa acoo acop = rff wox eym dfd dsp
eab acoo acop = kwi swp
eac acoo acoq acop = wyq
ead acoo = len
eae = wai
eaf = ihg
eag acop acoo acoq = fki (gnr suv)
eah = odb
eai = jvv mmf acks rym
eaj acoo acoq acop = ddn
eak acoo = aatt bth wdc iuz
eal acoo acop = cad xrn ekb
eam = abyq usf
ean acoo acoq acop = yex htd ddd lw
eao acoo acop = ibr qnj anx
eap acop acoq acoo = qho
eaq acoo = tpx mac
ear acoo = vou
eas acoo = nas (zup aha)
eat acoo = qib
eau acoo = vsf
eav acop acoo = ocr
eaw acoo = gmh slc niy krj
eax acop acoo = kpl
eay acoo acop = oxy zow xdo abnt
eaz = cjl oix vvb qay
eba = kqg
ebb acoo = atc zzp
ebc acoo = gix
ebd acoo = dtn dso ojy
ebe = aavz
ebf acoo = iui pbe
ebg = abay qvf
ebh = rme pej
ebi = zul bds
ebj acoq acoo acop = unw
ebk acop acoo = abzq
ebl = zke
ebm = pzm evs (yss ysp)
ebn acoo acoq acop = vqx
ebo acoo acop = tsx
ebp acop acoo acoq = cid qhx
ebq acoq acop acoo = dgb yif
ebr acop acoo = pny
ebs acoo = qrh
ebt acoo = ewh
ebu acoo acop = yqq
ebv acop acoq acoo = hey
ebw = ypj
ebx acop acoo = glh ckq dae dwz cgg
eby = sfs
ebz = de xri ncy
eca acoo = abza
ecb = vol
ecc acoo = vlo
ecd acop acoo acoq = nkp
ece acoo = qgo yc (sks oqm)
ecf acop acoo = mck
ecg acoo = uyg
ech acoo acoq acop = wzt
eci acoo = arh wel
ecj = eqd
eck acoo = fqg bnc
ecl acop acoq acoo = ztb
ecm acoq acoo acop = czl xbd
ecn acop acoo acoq = wqm
eco acoo acoq acop = mbg bh guz
ecp acop acoo = tfd
ecq acoo = eni
ecr acoo acop = gch
ecs acoo = ejt
ect acop acoo = abvx
ecu acoo = apr
ecv acoq acoo acop = lob wqm
ecw acoo = zrp nuo xct
ecx acoo = vog qhp laq jay
ecy acop acoo = nqv
ecz = rek
eda acoo acop = wea abpr fez mlc
edb = zid ajg ikl gfg
edc acop acoq acoo = abfj
edd acop acoo = yvb nmv svx abwm
ede acop acoo = xun
edf acoq acoo acop = kyp
edg acoq acoo acop = ugm
edh acoo = qpx
edi acop acoo = ijf icm vmi bri ecl
edj acop acoq acoo = yjd ouy gcu
edk acoo acop = mtx nuz
edl = bke ost vox
edm acoo = xss ydy kqn fuq
edn acoo acoq acop = vl
edo acoo = njh aaks
edp acoo acop = dkw
edq acoo acoq acop = tn
edr = doq siw
eds acoq acoo acop = aaau
edt acoo acop = azv
edu acoo = bou
edv acoq acop acoo = lrs wcy nb nfy
edw = elw
edx acoo = uyl knx
edy acoo acop = wus
edz acoo = tgs
eea acop acoo acoq = jcb uia ahb bsv
eeb acop acoq acoo = cxg
eec acop acoo = jcz
eed = abzh jba zfs sbf
eee acop acoq acoo = sro
eef = xfr gpk
eeg acoo = zsv
eeh = lna
eei = hqf
eej acop acoo = kfx (nav ues) hdn
eek acoo = nxp yle fur acom oib
eel acoo = sxs xkn svy
eem acoo acop = xip jnr yyg
een = cco tqa
eeo acoo acop = paj
eep acoo = rzz
eeq acoo = xtp xgg qla fmc
eer = lyk osj
ees acoq acop acoo = mzd wzf llr
eet = kxi yls (anr ujd)
eeu acoo acoq acop = ryj
eev acoo = vlm
eew acoq acoo acop = xqw grs (hba luu)
eex acoo = abqm
eey acoq acoo acop = wsc
eez acoo = avw
efa acoo = ihe wcx wxt
efb acoo acoq acop = dgl wzl dbb eto bgu
efc = gjj
efd acoo acop acoq = bee
efe acop acoo = absm
eff acoq acop acoo = smu ed
efg acop acoo = aji acju abxn nyw
efh acop acoo = suk iya ljx
efi acoo = abtl aatx
efj acop acoo = yvf cbz
efk acop acoq acoo = vvj kmu
efl = mvn gct wmi joy
efm = soj tuo ayt
efn acop acoo = yox ecb
efo acoq acop acoo = xit jaz tiz
efp acoo = ai
efq acoo acop = kmp
efr acoq acoo acop = vjc dpm
efs acoo = otm uj
eft acop acoo acoq = bke
efu = w
efv = xgs icg
efw = cds yqz abdh ybr
efx acoo = sd
efy acoo = eqa
efz acoo acoq acop = qff qxp hey
ega acoo = fmf
egb acop acoo acoq = jvr
egc acop acoo = cc dfy
egd acoo acop = jrf
ege acoq acop acoo = orx yqk
egf acoo = aatf sj abrr
egg acop acoq acoo = etp ejv
egh acop acoo = ycr
egi acoq acoo acop = abzy pjp
egj acoo = rbp oxy bdg
egk acoq acop acoo = bnq
egl acop acoo = ss gpq ahg xam atf
egm acop acoq acoo = rcb
egn = fse (kna dyl ytf)
ego acoo acoq acop = fvz
egp acop acoq acoo = ikz
egq = edl
egr acoo acop = oua
egs acop acoq acoo = txp
egt acoo = jd
egu acop acoq acoo = lsz xs
egv acop acoo = wor
egw = bhq
egx acoo = tqd
egy acop acoo = eiw dtw wqr
egz acoo acop = xca
eha acop acoo = abcd rvm oio
ehb acoo acop = aboy
ehc acoo = cvb ssh
ehd acoo acoq acop = kss
ehe acop acoq acoo = dhr vun
ehf acop acoo = jyo
ehg acoo = zqe jsf
ehh acoo acop = abhs
ehi = gc
ehj = nai
ehk acoo = xwt
ehl acoo = csy anb ehq
ehm = czj sjz ptd
ehn = joc
eho = qgo acau
ehp acoo acop acoq = nfd
ehq acop acoo acoq = bmr orc bzo
ehr acoo = zfr
ehs acoo acop = tl
eht acop acoq acoo = ilz swr
ehu = kfg zvh
ehv acoo acoq acop = rdj zlh bqq ana
ehw acoo = mln
ehx = aais
ehy acoo acop = lfh
ehz acop acoo = abmg
eia acoq acop acoo = sbk
eib acop acoo acoq = hiw
eic = kcv que vxb
eid acoo = xuf thw
eie acoo = wte fqp
eif acoq acop acoo = hgu ntc jil
eig acoo acop acoq = msw (stg kka bwt)
eih acop acoo = abzv
eii acoo acoq acop = ablx
eij acoq acop acoo = xdy
eik acoo acop = rwy orv
eil acoo acoq acop = nsh
eim acop acoo = khn
ein acoo = sig gvk
eio acoo = lge
eip acoo acop = oxs
eiq = ypi abdt kil tpq
eir acop acoo = kwn
eis acoo acop = apn vmz
eit acoo acop acoq = aarr
eiu acoo = lfl
eiv acoq acop acoo = ddn arx gzh tob
eiw acop acoo = kry
eix acoo acop acoq = rw
eiy acoo acop = jca
eiz = yjp mmd mqx
eja acoo acop = qyg
ejb acop acoo acoq = abar
ejc acoo = oxo
ejd acoq acop acoo = jwn
eje acoo = nvq bim ivj
ejf acoo = pol
ejg acoq acop acoo = caj
ejh acoo acop = ycb mzo
eji acoo acop acoq = nwa vwz
ejj acoo acop acoq = qhf jcp zin ctx
ejk acoo = fsb
ejl acoo acop = tqh
ejm acoo acop = nyj
ejn acoo = kph
ejo acoo = rmk bvi
ejp acoo acop = lfq rxh gmf
ejq acop acoq acoo = bux sgm hlx
ejr acoq acop acoo = vlg
ejs acoo = sqj rsc abrw fth buy
ejt acop acoo = uuf csg id
eju acoq acop acoo = dzb pgu ueh qxx
ejv acoo acop = awy
ejw acoq acop acoo = sji
ejx acoo = ubr
ejy acop acoo acoq = kec
ejz acop acoq acoo = mvr
eka acoo acoq acop = uyz
ekb acoo = bjx
ekc acoo acop = tko kcv
ekd acoo acop = vm fra dyc zkb
eke acop acoo = iju ewq
ekf = pth bqq xan
ekg acoq acop acoo = aaed
ekh acoo acoq acop = nfq tfu
eki acoq acop acoo = fuu
ekj acoo acop = dl wsw uze
ekk acoo acop = hvi
ekl acoq acoo acop = dzr
ekm acoo acop = pqp
ekn = hpp qlk nyj
eko acoo = acbe
ekp = hue dew
ekq acoo = zgm mnn
ekr acoo = emb
eks = aagd oiu gtf vrk
ekt acoo = qqu abbg ibh vzm
eku = ztp yad
ekv = kxq
ekw acoo acop = mut
ekx acop acoo acoq = aaf
eky = jdc
ekz acoo acop acoq = eco
ela acoo = fiu
elb acoo acop acoq = qkc
elc acoq acoo acop = avp abvw pnj
eld = dfx
ele acoo acop = hom (kkh kgc) wgm wog
elf = txb jmv hjp
elg acoq acop acoo = abnt
elh = vhe
eli acop acoo acoq = eex
elj = aabx
elk acop acoo acoq = qbo xqr eku
ell acop acoo acoq = kwu
elm acoo = ajt bfd ukd vnp
eln acoo = xrz jtj abpn
elo acoo = urc
elp = ik ckx mwm
elq = wcb
elr acoo = ija gob
els acoo = bek
elt = isz
elu acop acoo acoq = jfc abmh abbo gy zxs
elv acop acoq acoo = gpc fhw (iko aagd ilm)
elw acoo = tby
elx acoo acop = cdr
ely acoo acop acoq = wui
elz acoo = iey
ema acoo acop = ynu sgz uvx
emb = gij
emc acoo acop = gkx sqr qfz
emd = wgl
eme acoo acop = dyv
emf acoo acop acoq = xpk
emg acoo = pin
emh acoq acop acoo = zhb gww abpl hfd aail
emi acoo = aaxv
emj acop acoo = tiu
emk = thy
eml acop acoq acoo = nmf
emm acop acoo = dxl buo
emn acoo acop = eem
emo acoo acoq acop = xrn
emp acop acoo acoq = rak
emq = vmt
emr acoq acoo acop = qk
ems acop acoq acoo = kbf ixj
emt = jto
emu = ukt qms
emv = izy
emw = yke ozi
emx acoo = aayw
emy acoo acop = acan acem
emz acoo acop acoq = uzi wts
ena acoo acop = koy nlw lft
enb acoo acop = nhv bhr
enc = obm
end acoo acop acoq = mjr zvm zdd
ene acoo acop = rtw sxe abor
enf = qrv
eng acop acoq acoo = enj zyu uwn
enh acoo = oqq
eni acoq acop acoo = yhd aahk kaf vsj
enj acop acoo = aalu zcl aon
enk acoo = ovh bcg io
enl acop acoo acoq = ablp
enm acoq acoo acop = khm abel anl jc goi
enn acop acoo = wwn
eno acoo acop acoq = tlk idz
enp acop acoo = xej uul viu urt
enq acoo acop = vsx kzv
enr = aun gnh
ens acoo = hjw bkm
ent acoo acop = wlo sjq mkk
enu acop acoo = agr aaxx iek wxa
env acoo acoq acop = rqw
enw acop acoo = pso aage tgu udy xeq
enx acop acoo = kro oof eoo
eny acop acoo = tmb
enz acoo acop = vjg
eoa acoo acop = tjh acdh p buz
eob acop acoq acoo = mzp aao wpx
eoc acoo acop = fcd kut
eod acoo acop = prq oxs wxi
eoe acoo = owo hma ooo
eof acop acoo = abqq
eog acoo = oeg
eoh acop acoq acoo = ost
eoi acoo acop = obd acca
eoj acoo acop = avo
eok acoq acoo acop = hqb (drn umk)
eol acop acoo = eyv
eom acop acoo = ltc
eon acoo = zgo zci goj gjm
eoo acoo = dds abbe bij abdz
eop acoo = vnu
eoq = ufk
eor acoo acop = ald
eos = dyt
eot acoo acop = gsk xcf qfr
eou = yat achy (aakb slv) bva
eov acoo = wpm
eow acoo acop acoq = wmd
eox acoo acoq acop = ggy
eoy acoo acop = abxb rgq try dmf
eoz = pzu
epa acoo = aavf msg bjf mun
epb acoq acop acoo = ytg gcf jpg yka
epc = cqr qnc
epd acoo = okz
epe = jqm
epf = uvv frh abtt hfn
epg = abph
eph acop acoo = qzl
epi = ldx
epj = tvi atb wtc dta
epk acoo acoq acop = unk
epl acoo = acms
epm acop acoo acoq = yds
epn acoq acop acoo = abym
epo acoo acop = snx (zcu vea)
epp = ohc nm jar wba
epq acoo acop = yqk
epr acop acoo = grg
eps acoo acop acoq = cxf ujl fif yoi
ept = hyo ora
epu acoo = ued egu
epv acop acoo acoq = ove
epw acoo = hnf rmw
epx = dwf tfs
epy = ptr
epz acop acoo = kdw
eqa acoo acoq acop = abfg qjh aaym lsi
eqb = rfi sld
eqc acoo acop acoq = evo nsp xhk
eqd acoo acop = hsr pzq
eqe acoo acop = qyp
eqf acoo acop = enf
eqg acoo acop acoq = vjx
eqh acoo = loi
eqi acop acoo acoq = zbt mry
eqj acoo = nqv
eqk = ny
eql acoo = aapm pij
eqm = bbj
eqn = xph
eqo = twz
eqp = jhu
eqq acoo = mf
eqr = hjm jiz
eqs acop acoo = gg
eqt = iqq ufn iyt xgi lgx
equ acoo = quj
eqv acoo = tr kfu
eqw = kce
eqx acop acoo = zwg vux
eqy acop acoo acoq = obq
eqz acoo acoq acop = ttp
era acoo = uqa nni
erb acop acoo acoq = tjq xhz ttv
erc acoo = wkw qvy iri oed
erd acop acoo = vnn lbb
ere acoo = gmz hec rht
erf acop acoo acoq = rgu
erg acop acoo acoq = joe cnq
erh acoo = lbc
eri acoo acop = aabe abui zlo
erj = kwi wwd win
erk = gzw
erl acoo acoq acop = qkk
erm acoo = wdj
ern acoo = zch
ero acoo acop acoq = grr urv
erp acop acoq acoo = vgh mky
erq acoo = hkk
err acoo acoq acop = tlq
ers acoo acop = jrw
ert acoo acop = wbg
eru = ksx gvv tgr
erv acop acoq acoo = xka
erw = nsh iji hxp kfk
erx acoo acop = ezq cqd soe
ery = vtz
erz acoo = xlv
esa acoo = xqx
esb acoo acop = njn kqb kie
esc acoo = xpe
esd acoo acop = yeo
ese acoo = abgo vqe jdo
esf acop acoo acoq = aadr
esg acoo acop = ctz
esh = cvc
esi = ing kem
esj acop acoo acoq = ywv ccu kwj
esk acop acoo = sz
esl = civ
esm acoo = zez
esn acoo = onh az
eso acop acoo = qcw
esp = xkm
esq acoo = vvf
esr acop acoo acoq = gqp
ess = vas
est acop acoo = fln swz uaq
esu = abns jdw iwg oot
esv acoo acop = aafb vux
esw acoo = ron lgw aazm
esx acoo = dqq ghy xj itn
esy acoo = yap
esz acoo acop acoq = fdi
eta acoo = xpq
etb acoo = dgr
etc = vpw
etd acoo = cmo
ete acoo acoq acop = nnm vlm
etf = szz
etg acop acoo acoq = pll aaqz
eth acop acoo = abqs (eyp nut)
eti acop acoo = jtr ahu tis
etj acoo acop acoq = aaec zmu
etk acoo acop = udz jmk
etl acoo = wyg
etm acoq acop acoo = or
etn acop acoo acoq = hx
eto acoo = bzo vyl
etp acoo acop acoq = sps
etq acoo acoq acop = ajq
etr acoo = cdp abpz abjs gvt
ets = aod bzj jmj sml
ett acoo = jbo
etu acoo acop acoq = hjs cjn rcx zqd
etv acop acoo = var
etw acoo acop = acao jfg
etx acoq acop acoo = acod
ety acoq acoo acop = acni dyq iid
etz acoq acoo acop = xke ecb
eua acoo = mcu
eub acoo acoq acop = ptf
euc acoo = abce tfd akr
eud acoo acoq acop = ibm hvb qex
eue acop acoo = lyw fah cec pod
euf acop acoo acoq = wfx
eug acoo = hde ayz
euh acoo = pvq con
eui acoo acop = wpl
euj acoo acop = sxj
euk acop acoo = ifn
eul acoo = nje zve
eum acoo acop = aawl
eun = qzy
euo acop acoo = apf
eup acoo acop acoq = zvs
euq acoo acoq acop = zps
eur acoq acoo acop = loj
eus acoo = gpj etj
eut acoo acop = wii
euu = uhu
euv = yuj bgv
euw = xlp
eux acoo = fzz arp wdv zii
euy = bes abyt
euz acoo = aqg
eva = rkv
evb acop acoq acoo = uxn
evc acoo = dzh eme tok
evd = ktw
eve acoo = vne xev
evf acop acoo = bwy
evg = hpu rss bqm xvi bqn
evh = dyh gnr ukc
evi acoq acop acoo = abqw
evj acoo acop = aavt ryv jyg
evk acop acoo = xbf
evl = nqt
evm acoo = aaal
evn acoo = yzm dzj
evo = yph
evp acoo = abxe rzd
evq acop acoo = dlp rdn
evr acoo acoq acop = llm ovg exa hdc
evs acoq acop acoo = bvx
evt acoo = vuc lsd ibz
evu acoo = aaq xrr
evv = jyx unz wxd
evw acoo = jtn
evx acop acoq acoo = abzv mrb
evy acoo = rqv ypn
evz acop acoo = mbp
ewa = roc kvs pww abhy
ewb acop acoo = jko
ewc acoo = eot
ewd = hfb
ewe acoo = bep
ewf acop acoo = y
ewg acoo acop = top hlm shw got
ewh acoq acoo acop = onh gs pmd
ewi = pia
ewj acoo acop = wmo
ewk acoo acoq acop = aado
ewl acoo acop = hwl
ewm acoo acop = ue
ewn acoo acop = nns
ewo acoo = aajd
ewp acop acoo = agl kbj
ewq acoo acop = abja
ewr = suh
ews acoo = kbl
ewt = xts
ewu acoq acoo acop = tjt
ewv acop acoo = qjk fic uev kmy fhg
eww = jrp aclj fop
ewx acop acoo = aadq
ewy acoo acop = xvm uum
ewz acop acoq acoo = aanx
exa = mh
exb acoo = abdx
exc acoq acoo acop = zrn
exd = aacs
exe acoo = rpf
exf acoo = cvz xgn
exg acoo = rdj abtg (kwn zbt vsy)
exh acoo acop = cen
exi acoo = mag
exj acoo = lrr ofg
exk acoo acoq acop = les
exl acoo = wwf
exm = dtv yhh dnd
exn acop acoq acoo = fy
exo acoo acop = abzp
exp acop acoo = sse
exq = wfd
exr acoo = acdy
exs acoq acop acoo = xgv
ext acop acoq acoo = lrz iag clx
exu acoo acoq acop = qdl abca
exv acoo acoq acop = hvz mqn aaqo
exw = qge
exx acop acoo acoq = hiy oxp sgl jtg gzt
exy acoo = wih eta hbp
exz acoo = nik ifr
eya acop acoo acoq = too oxb
eyb acoo = acen
eyc acoo = oer
eyd = kdi bjo
eye acop acoo acoq = nne vxc
eyf = hzm
eyg acoo = vuw rzv yta
eyh acop acoo = eoa
eyi acoo acop acoq = avk
eyj = aaea tan
eyk = yak
eyl acoo = pte kvz dcb pyu
eym = agg
eyn = aoc
eyo acop acoo = bdv
eyp acoo = jco lax
eyq acoo acoq acop = tmr ywg
eyr acoo = bmg nis wqp
eys acoo = cts
eyt acoq acop acoo = ehe wmy bqc uqc flr
eyu acoo = hfw
eyv acoo acop = vqj
eyw acop acoo = pt abis
eyx = dex
eyy acoo acop = viq gjq aaqd mlw
eyz acop acoq acoo = vle
eza acop acoo = xgn npd
ezb acoo = bjq cmk atp
ezc acop acoq acoo = sft
ezd = ijd
eze acop acoo = amu
ezf = mbp
ezg acoo acop = abnl
ezh = ysl
ezi acop acoo = ml
ezj = axv
ezk acoo = ttz
ezl acoo = abzg
ezm acoo = zlt
ezn = acdt
ezo = ds cav nwd
ezp acoo = wrz
ezq acoo = svh dbr fev aclw
ezr acoo = yaj vga mjx
ezs acoo acop = doh
ezt = xse
ezu = abdi osw
ezv acop acoq acoo = blh
ezw acoo = jzi
ezx = gfn
ezy acop acoo acoq = jds
ezz acoo acop = drs kho
faa acoo = xfg
fab acoo = acdx
fac acoo = gsh qvl
fad acoo acop = acjs kbn
fae = gmj
faf = puu ogh
fag = whx
fah = pem kkb qgf wbk
fai acoq acop acoo = qyg
faj acoo = wwb
fak acoo = lex
fal acoo acop acoq = oyw
fam acoq acop acoo = bab ably ah
fan acoo acop = msq
fao acop acoo = mvy mag twc xjg
fap acoo = uhv npf
faq acoo acop = nac
far acoo acop = bhf
fas acoo acop = qed
fat acoo = ackr wrd
fau acoq acoo acop = kkp
fav acop acoo = sds rwm
faw acop acoo = sgn pxl pef
fax = qlu aajc stp
fay acoq acoo acop = vqg
faz acoo = hzc vi
fba acoq acoo acop = wyh (xgd jpm yrf ypx)
fbb acoo = zkx
fbc acoo = abza plj pyj
fbd acoo acop = obj
fbe = igp qll mnf ikj
fbf = lsy xmt wzj
fbg = xbs irq dcm mkq
fbh = azg
fbi acop acoo acoq = oar
fbj = yxv iyo
fbk acoo = ceg
fbl acoo acoq acop = lej
fbm acoo acop = pyq
fbn acop acoo = xno
fbo acoo = qrh
fbp acoo = nmp age
fbq = dqo
fbr acoq acop acoo = abyw csy ytc
fbs acop acoq acoo = hht
fbt = vlw
fbu = snl lcc chx zdg
fbv acoq acoo acop = czj dij kmu
fbw = pgb
fbx = acmu
fby = mbo yfu
fbz acoo acop = knj zdo
fca acoo acop acoq = drh zpd
fcb acoq acop acoo = ihx oxy abnm
fcc acop acoq acoo = grc
fcd = yeh rfs tcx eqe
fce acoo acop = hsm umi
fcf acoo = wwg
fcg acoo = aof
fch acoo acop = cyn
fci acoo acop = olr wcd
fcj = ujz pnl
fck acoo = ehi
fcl acoo = aaxu zfq lpm
fcm acop acoo = lwf
fcn acoq acoo acop = qgi ijh
fco acop acoo = oie
fcp = ntb
fcq = abyi
fcr acoq acop acoo = usu
fcs = orw
fct acoo = aalz czg
fcu acoo = ehz vof gua
fcv = jlu
fcw acoq acop acoo = ufq
fcx acop acoo = ehr
fcy acoo acop = lta
fcz acoo = aep
fda = accn
fdb acop acoo = dmd
fdc acop acoq acoo = cmw
fdd acoo acop = spk ggk mvs
fde acoo = ujt ine (lqo xgi)
fdf acop acoo = oy lkw wyk dpb
fdg acoo acoq acop = ofq wik rri
fdh = abxn aado jga gow
fdi acoo = ho hzc abnx
fdj acoq acoo acop = aacn dmw
fdk acoo acop = yxc aabg
fdl acop acoo = zxd
fdm acop acoo = awx zsw vyz qvg
fdn acoo acop = nop
fdo acoo = rjc ano
fdp acoo acop acoq = zrh exn (weg znk)
fdq acoo acop = abvd
fdr acop acoo = mqf
fds = xgq
fdt = fzm
fdu acoo = zht ixn
fdv acoo = moq akw ekq
fdw acop acoq acoo = lig (pwu tsd)
fdx = mha vh vbe
fdy acoo = abdh lhw rxo
fdz acop acoo = cgn
fea = quv
feb acoo = kqh
fec = eym (eri gwt)
fed acop acoo acoq = pba
fee acoo acop = ytc (tpd zvt)
fef acoo acop = poy iog
feg acoo = aasp fi accy
feh = tge aatn
fei = waw
fej acoo = jnm
fek acop acoo acoq = zze
fel = deb
fem acoq acoo acop = pgp xdv vxg
fen acoo = kot
feo acoo = whu bga
fep acoo = acac ant lwg
feq acoo = fcr
fer acoq acoo acop = rwz
fes acop acoo = iw
fet acoo = oxf
feu acoq acop acoo = eas wus
fev acoo = ayq upe
few acop acoq acoo = pmr
fex = acy
fey acoo acoq acop = kas
fez = ukt wuv bs
ffa acoo = sdm yvd
ffb = kgw hbv
ffc acoo = ax ubr
ffd acop acoo = abct
ffe = ceh
fff acoo acoq acop = rsk
ffg = dej twa
ffh = ijm
ffi acoo = abqv
ffj acoo = gak ffo xwz
ffk acoo = rbp qkz yln
ffl = kgi
ffm = elu abbz yix pic
ffn acoo = abqh
ffo = dkl yar nid ebn
ffp = my ktg (fjp aadp)
ffq acoo acop = zcp tff ufj
ffr = vsa
ffs = bua
fft acoo acop = ggm hyv
ffu acoo acop = fnm
ffv acoo = sor lzi
ffw acop acoo = squ
ffx = blz
ffy = ek
ffz acoo = skr
fga acoo = iwg
fgb = ibj dtd xcw
fgc acoo acop = rkd (aamo efj) pqj qli
fgd = sbo
fge acoo acop acoq = zom
fgf acoo = krd
fgg acoo = kor
fgh acop acoo = ibo
fgi acoo = aamt
fgj = aasz
fgk acoo acop = cwz
fgl acop acoo = gpo
fgm acoo = lwf
fgn = xrb cry
fgo acoo = aca
fgp acop acoq acoo = bdt
fgq acoo acoq acop = scu zty bnf iso sfu
fgr acoo = lbs hxy
fgs = vgz
fgt acoq acoo acop = dgc
fgu acoo = nqd ngz mzl
fgv acoo = nbc oyb
fgw = ucs
fgx acop acoo = ewk qdi vlq slo xtk
fgy acop acoo = csk
fgz acoq acoo acop = pkp
fha = acml
fhb = wqd tjp ole wyi
fhc acoo acoq acop = ekd rcx
fhd acop acoo = xrd
fhe acop acoo = use smb
fhf acoo acoq acop = eto
fhg = hkj
fhh acop acoo = ldd
fhi acop acoo = bth vw abls kmx
fhj acoo acop = hdx
fhk acoq acoo acop = owf
fhl acop acoq acoo = vax
fhm acoo acoq acop = ojs isn
fhn acoo = abn
fho acoo = aazs tad
fhp acoo = fbs mds wvm
fhq acoo = xtb qmb bts flx
fhr = duj wry vuz gcd ys
fhs acoq acop acoo = vlq qtb
fht acop acoo = dcs
fhu acoo = ndj
fhv acop acoo = cx kqh isn
fhw acoo = kfl
fhx = gtu
fhy acoo acop acoq = dlf uyv ptv
fhz acop acoo = lsq
fia acop acoo = nhx sss reb acmy
fib = ggu
fic acoo acop = owe
fid acop acoo = emn
fie acoo = nip
fif acoo = vyb
fig acoo = jpn ikg ybn ofp nmi
fih = iqs uew uir nhu oer
fii acoo acop acoq = vsu fhd
fij acoo = htb
fik acoo = abbw aaml
fil acoo acop acoq = abpu ebm dth lxw
fim acoo = uos
fin = mrk nnr
fio = bzu czm mjj lyl uap
fip acop acoo = zkl
fiq acoo acop acoq = fqg
fir acop acoq acoo = abij
fis acoo acop acoq = pvl
fit acoo = nqo aaqi ixl prj veg
fiu acop acoo = ctu epd
fiv acop acoo = pyh sfh bir
fiw acop acoo acoq = ght
fix acop acoo = etq (lvs dpc)
fiy acoo = brh jio
fiz acoo = aabg hlv vhv
fja acoo acoq acop = omu
fjb acoo = udw
fjc acoo acop acoq = xam vgz
fjd acop acoq acoo = kto
fje acoo = abrx ajt hir pmd
fjf = brv
fjg = wtf
fjh acoo acop acoq = abxu
fji acop acoo = fjd
fjj = abmb
fjk acoq acop acoo = lnf btf
fjl acoo acop acoq = xcq
fjm acoo acop = lvo
fjn acoq acop acoo = sqf avf wka
fjo acoq acoo acop = nmz aaet uyr mbl abzu
fjp = uui
fjq acoo acop acoq = csn
fjr = atc abal dzf clw
fjs acop acoo = jym
fjt acoo = ljn hkh
fju acoo = opj zpg
fjv = xwm
fjw acoo acop = vnz
fjx acoo = aaco
fjy acoq acoo acop = uhe zcu ede
fjz = zms bgu wmr
fka acoo acop = jyr
fkb acoq acoo acop = pf
fkc = kvu
fkd acoo = xa
fke = ejb
fkf acop acoo = irr hhx eov gey nah
fkg acoo acop = jsh zoi pom cuw
fkh acoo = gxa
fki acoo acop = nbx
fkj acop acoo = dca
fkk = hgm
fkl acop acoo = asr
fkm acop acoo = hfz pqb own xbj fgp
fkn acoo = val lgs
fko acoo = itp abqn rsg
fkp acoq acop acoo = grq tje hth
fkq = udg tbe
fkr = acku
fks = qnk uha sat uch
fkt acoo acop = tjq mfn (uat lno)
fku = ese eat ajn moq
fkv = yht
fkw acoo acop = zjp
fkx acoq acop acoo = nsh zjx
fky = jyu (abev lfk phl)
fkz acop acoo acoq = har onf
fla acoo acop = eyk kjp
flb acoo acop = bzn
flc acop acoo = zcv qzp jys dwb
fld acoo = sxr eki rwz
fle acoq acop acoo = zoa onz sfl
flf acoo acop = hkw hhu
flg = vog jms lhf ywz
flh = ewl
fli = kzs
flj acoq acoo acop = kzf rtt wvl
flk = pef ttv
fll acoo acop acoq = lpl abse xvs
flm acoo acop = aoq
fln acoo = ctp
flo acoo = vra
flp = wjr
flq acoo acop = xrl
flr acoo = ktz
fls = dxq
flt acop acoq acoo = wlg
flu acoo = qxh
flv acoo = yhw
flw acoo acop = pdc vfz vtx tdn
flx acoo = phy
fly = yje
flz acop acoo = kbx wff
fma = ezh
fmb acop acoo acoq = gke
fmc acoo acop = xha ewk
fmd acoo = qpt
fme acoo acop = abpb
fmf = mof
fmg acop acoo = csh nwn
fmh acop acoo acoq = jci
fmi = wmw
fmj acoo acop = mek
fmk = nus suu rhm abbr
fml acoo = moo
fmm acoq acoo acop = txi aagc oph qbr
fmn acoo = phr dry jae egh
fmo acoq acoo acop = bau hmj acbk mxb
fmp acoo = iix
fmq acop acoo = aaac vsz
fmr acoo = cbl beg xnr bfu aazk
fms acoo = oin
fmt acoo = aasi
fmu acoo = wzf ssb
fmv acoo = w feb osj
fmw = eqm
fmx acoq acoo acop = sin
fmy acoo = utg
fmz acoo = dzz
fna acoq acoo acop = pab snf
fnb acoq acop acoo = ujv ued xzz
fnc acop acoo = ziu eek aaxv fjd
fnd acop acoo = tia
fne = nqb
fnf = abbc hcj sun bob
fng acoo = vnn abvb
fnh = djh
fni acoo acop acoq = fgk
fnj acoq acop acoo = nvk (qet uto) vas
fnk acoq acoo acop = axp
fnl acop acoo = ia bik wel
fnm acoo acoq acop = aagf
fnn acoo = cbc
fno = eas osi
fnp acoo = qae jnk xdt
fnq = rw npf
fnr acoq acoo acop = mwp
fns acoo acop = jau mxo mmb wrg agq
fnt = qhg
fnu acop acoo = hle suc bdi
fnv acoo acop acoq = xog aabs zgi kcc yqp
fnw acop acoo = fat
fnx = rjl
fny = fhg naf abff egv
fnz = yfq dwg qny liq aane
foa acoo = cje
fob acop acoo = aahb
foc acoo acop = rvz dgl
fod acoo acoq acop = muv exq
foe acop acoo = jhq
fof acoo acop = ybm
fog acoo acoq acop = sfn
foh = czt fyj
foi acop acoq acoo = qep
foj acoo = abas
fok acoo = vpx
fol acop acoq acoo = ddd
fom acoo acoq acop = dfz qfa
fon acoo = pmm
foo acoo = qyk lsd upt
fop acoo acop acoq = yj ams lts
foq = aate hxa xff fhw tqg
for acop acoo = oze dhl (xzx snc)
fos acop acoo = abnk
fot acoo = ksc
fou acoq acop acoo = ablj
fov acoo acop = yvp jel aiu
fow acoo = hwe guu
fox = rlw
foy acop acoq acoo = afh
foz acop acoq acoo = rrh
fpa acop acoo acoq = fgc
fpb acoo = znn sqi jcj
fpc acoq acoo acop = cyt
fpd acoq acoo acop = txa aaoz
fpe acoo acop acoq = pjn
fpf acoq acoo acop = xue
fpg acoo acop = chy
fph acop acoo = vfj log mpc
fpi = vsc
fpj acoo acop = nlg ypz
fpk acoo = yax otq
fpl acop acoo = hox
fpm acop acoo acoq = abwf
fpn acoo acop = bjs
fpo = egt hmw
fpp = ihi
fpq = lbj aaii
fpr acoq acop acoo = axl yek qlc knm
fps acoo = stc
fpt = idi
fpu = vxu
fpv acoo = igp
fpw acoo = naz
fpx acop acoq acoo = cno mzf yiu
fpy acoo = ebn
fpz acop acoq acoo = jqo
fqa = iin
fqb acop acoo = zsn
fqc acoo acop = nem
fqd acop acoo acoq = fyk abol huz
fqe acoo acoq acop = qbj mzq zns
fqf acoo acop = kg dvx
fqg = izn
fqh acoo = lgr
fqi = abcs gjc fes
fqj = kes
fqk acoo acop = nxv eyu gdd kff
fql acop acoo = djp exu
fqm acoo = jss
fqn acop acoo acoq = rsk
fqo acoo = xbh
fqp acoo = kos ecy
fqq = ve
fqr acoq acop acoo = aew
fqs acoo acop = opx
fqt acoo acop = ijx
fqu acop acoo = acop qiv kfg wfz dlx
fqv = kia
fqw acoq acoo acop = cjq
fqx acoo acop = ary
fqy acoo = ibf wab
fqz acoo = lxl
fra acop acoo = pzr
frb acoq acoo acop = vcm
frc acop acoo = jar
frd acoo = aciy uyv
fre acoo acoq acop = srx bnb llt nmj pvi
frf acoo = oeb
frg acoo = uij
frh = ycv
fri = cbt
frj = ngw
frk acoo = dja ywy jgj
frl acoo = aavb whf gmd lwk
frm acoo = aho
frn acoo acop acoq = trr
fro = abbg
frp acoo acop = uti
frq = dlx ecu
frr acoo acoq acop = tpa
frs acoo = gpg
frt = lpn
fru acoo = abpy
frv acop acoo acoq = idq mok
frw acoo = ats
frx acoo acop = spc
fry acop acoo = wim tdq hhq fnv
frz = tiq
fsa = vio grd hp
fsb acoo acop = oho
fsc = vqm
fsd acoo = jzz xeg cot abgc
fse = nzj yrs
fsf acoo = gsx
fsg acoq acoo acop = om
fsh = igp eqx
fsi acoo acoq acop = sfj qzr kdd
fsj acop acoo = liw
fsk = dzv gpa jku quz jwq
fsl acoo = ii
fsm acoo = rci wc
fsn acop acoo = hwg djt blr
fso acoo = syz pjc hex nue
fsp acoq acop acoo = utw
fsq = xqt
fsr acop acoo = xxk
fss acoo = fnj
fst acoo acoq acop = leu
fsu acoo acop acoq = nic hxn ksm
fsv acop acoo = ycx
fsw acoo = qik
fsx acop acoo = mag uqu
fsy acoo acop = sbu rgd maz rpb
fsz acoo = rju
fta acoo = dbe
ftb acoo = zia
ftc acop acoo acoq = lrn
ftd acoo = bxm
fte = tmz iay
ftf acoo acop = twe
ftg acop acoq acoo = xce age dfv
fth acoo acop acoq = rnz
fti acop acoq acoo = sbb
ftj acoo = ons
ftk acoo acop acoq = jbc
ftl acoq acoo acop = mng
ftm = ynh
ftn = xe
fto acop acoo = swm
ftp acoo acop = jd
ftq acoq acoo acop = ji
ftr acop acoo = ucm tfp byp uoe
fts acop acoo = lpv iom pl ids
ftt acoo acop = hcd
ftu acoo = hxe
ftv acoo acop = kuv
ftw = llu yjl dtl
ftx acoo = hiu
fty acoo = mda gos onz zll
ftz acoo = lkm
fua acoo = abvp
fub acoo = ynt abbi
fuc acoo = jrf
fud acop acoo = kar
fue acoq acoo acop = lrj
fuf acop acoo = afl
fug = qaa ns
fuh = aaiq
fui acop acoq acoo = zzl
fuj acoo acoq acop = yoh
fuk acop acoo = ohs
ful = xww
fum acoo acop acoq = ehb oyc
fun acoo acop = srf wux ppv
fuo acoo = vck
fup acoo = absl
fuq acoo acop = hmr
fur acoo = vvs ihi axu kac
fus acoo = fbc
fut acoq acoo acop = gea rdk
fuu acop acoo acoq = syr hlq qso veu
fuv acoo = xcz xna
fuw acoo = uks
fux acoq acop acoo = lkl
fuy acoo acop = sfy jmk mfk
fuz acoo = vyk
fva acoo = aavr zxx amb hnm acds
fvb acoq acoo acop = dan elo rbq utj
fvc acoo acop = uxb
fvd acoo = gla
fve acop acoo = cks
fvf acoo acop = tjv pcq
fvg acoo = peg raq nah
fvh acoq acop acoo = pxj
fvi acoo = acfc
fvj acoo = tdy
fvk = jcs cjp
fvl acoo = xjr
fvm acoo = vqp
fvn = aabt upo dzx cxy
fvo = abka
fvp acop acoo = uti
fvq acop acoq acoo = ukx epe fxp (rjd acfh)
fvr = iic (rys xll) qox aago
fvs acoo = aboz
fvt = uhl qvr v
fvu acoo acop = qsj
fvv acoo acop = uow pph
fvw acoo = roi
fvx acoo acop acoq = shn
fvy acoq acop acoo = lwp
fvz acoo acop = bvu
fwa = zfu dgp jgp
fwb = bdm
fwc = sg zr vmt xbz
fwd = liu
fwe acoo = bwk
fwf acoq acoo acop = whq
fwg acop acoo = lvz zcy npq
fwh = acbk
fwi acoo acoq acop = mcq
fwj acoo = sqc
fwk = xeb tyx
fwl acop acoo = osr epj
fwm acoq acop acoo = ubv
fwn acop acoo = wgw gqa abhu
fwo acop acoo = acde
fwp acop acoo = ffd
fwq = dir
fwr acop acoo = pms
fws acoo = no
fwt acoq acop acoo = zlm
fwu = tik zhm
fwv acoo = hxs
fww acoq acoo acop = meh
fwx = aanp goa gdv uhc
fwy acop acoq acoo = sxf
fwz = asb
fxa acop acoo = jlm uzo gzn dvv
fxb = qgf
fxc acoo acop = ovl ciz
fxd acoo acop acoq = arg
fxe acoo acop = ap
fxf acoq acop acoo = usk
fxg acoo = rts
fxh acop acoo = ysz
fxi acoo = khx
fxj acop acoo = bgi rrb abte cql
fxk acoo acoq acop = obz oaj rfk
fxl = ocn acia ajn
fxm acoo = fel aauo
fxn acoo acoq acop = xhu
fxo acoo acop = jet
fxp acoo = exy icc abkf yxo oqh
fxq = bij tq xrg gla
fxr acop acoo acoq = otv fsz lph nan
fxs acoo = llc
fxt acop acoo = vez qga (wvb wvi ackf)
fxu acoo = agi hua aaux cjt
fxv acoo acop = bzr
fxw = fjk
fxx = rpk bzp
fxy acoo = tch kin frf
fxz = mqf sav (nvj skf) kpv
fya acoq acop acoo = tce (dql aja sro)
fyb acoo = jvq
fyc acoo = lnv
fyd acop acoo acoq = dvy aati
fye acoo = smi
fyf acoo = zdh yme
fyg acoo acoq acop = dhr xuw
fyh = dgy dqy lwd
fyi acoq acoo acop = xxl
fyj acoo acoq acop = aaio
fyk acoo acoq acop = ysc (unm oqh)
fyl acoo = cve
fym acop acoq acoo = isa lkw
fyn acop acoo acoq = qw jqx tyt
fyo acoq acop acoo = abec
fyp acoo acoq acop = mta aajj
fyq acop acoo = kbm
fyr = acbo
fys acoo = edw
fyt = kys
fyu acoo = uqu mbe
fyv acoo acop = jpn qks vcd
fyw = stc
fyx acop acoo acoq = knb
fyy = ssk
fyz = duy cru zay
fza acop acoo acoq = exo
fzb = pyr
fzc acoo = hkx raf cgb fp
fzd acoo = xmg nza
fze acoq acoo acop = jje
fzf acoo acoq acop = wyc tu kbg zzl
fzg = wcg xim hte
fzh acop acoo = tcm
fzi acoo = qnv von
fzj acoo acop = mal
fzk = may kem nka
fzl = rbg cyl
fzm acoo acop = pyt
fzn acoo = tbs tnm
fzo = xfo ldb
fzp acoo = qxl
fzq acoo acop acoq = heo boc
fzr = smo pdt iyx ttx los
fzs acoo acop = akk
fzt acoo acop acoq = anq
fzu = dws rhh vlg
fzv acoq acoo acop = ngv
fzw acoo acop = wwg fw
fzx = glz
fzy acoo acop = ruc
fzz acoo acoq acop = qfk
gaa acoo = hmg wex abae
gab acoo = pqr
gac acoo acop = pxe
gad acoq acoo acop = nzo kal aap
gae acoo = swk aana dgf tpk
gaf = idj ugs
gag = djd sss xat
gah = nis sqw
gai acoo acop acoq = sex
gaj acoo acop = ckl
gak acoo = sro
gal = bmc atf ysu zgp
gam acoo = qqr anv sjm
gan = xgo
gao acoo = vqa
gap = vfv qte
gaq acoo = klw
gar acop acoo = tfe
gas acoo = ovi
gat = isl
gau acop acoo = fwo
gav acoo acop acoq = ackt ojb bba hqg dce
gaw acoo acoq acop = aabt
gax acoq acop acoo = epa gww
gay acoo acop = hkp vrd yeq
gaz acop acoo acoq = pyk (absk tec)
gba acoo acop acoq = abvg
gbb acoo = cmv hqj
gbc acoo acop = toz anf
gbd acoo acop = naa mra
gbe = koz
gbf = aaer hqs tjh
gbg = snc (nxc uh)
gbh acoo acoq acop = lds vwo
gbi acoo acop = aceq
gbj acoo = cei
gbk acoq acop acoo = ins
gbl acop acoo = acmr
gbm = abcg
gbn = iad
gbo acoo = vfs
gbp acoq acoo acop = qzn psc zil
gbq acoo = jtb ceh
gbr acoq acoo acop = oxg hdh jmc
gbs = cfr
gbt acoo = aalk zhm peb
gbu acoo = khs
gbv = qmq
gbw = ackb (iml zwc)
gbx acoq acoo acop = qxt
gby = fzj
gbz = xsu kum
gca acoq acop acoo = lcq
gcb acoo = scq
gcc = dlj
gcd acoo = ok
gce acoo acop = zog
gcf acop acoo acoq = rev dlc abom xad kir
gcg = juc
gch acoo acoq acop = abuw
gci = uxs
gcj acop acoo = mzu
gck acop acoo = anf khi
gcl acop acoo = tjh
gcm acoo = gjj
gcn = qwi
gco acop acoq acoo = yo
gcp acoo acop = ced rqf
gcq acoq acoo acop = rmm
gcr acoo = sgl lao
gcs acoo = aarv
gct acoo = lex jvx tni abpy hc
gcu acoq acoo acop = rwp thh
gcv acop acoq acoo = jgv
gcw = ogf
gcx acop acoo = wgl
gcy acoo = odd
gcz acoq acop acoo = kum xbq
gda = zpb
gdb acop acoo acoq = tbo
gdc acop acoo = otf hnp
gdd acoo = ilv
gde acoo acop = ebt
gdf acoq acop acoo = vna jpl vue
gdg acoo acop = tpa fqq ytv hsl
gdh acoo acop = xfi
gdi = bb kbz kzh
gdj acoo = aaoh ext acdp
gdk acop acoo acoq = wzs aay wov ejr egm
gdl acoo acoq acop = bjb
gdm = bpc
gdn = wen xmy stf wwg
gdo = rvy epz
gdp acop acoo = xqs
gdq acoo acoq acop = ah obw cae utb
gdr = lfx
gds acoo = klw
gdt = dhk
gdu acoo = woj ddo fau
gdv = tfw
gdw = rz
gdx acoo = jds
gdy acop acoo = ucm
gdz acoo acop = rhr ksn
gea acoo = qer
geb acoo acop = pun
gec = imv ppi
ged acop acoo = qgp
gee acoq acop acoo = bte kf
gef = sud
geg = ews
geh acop acoo = aaaj qko aaxw
gei = oor qjt bzc
gej acop acoo = mxl
gek acoo acop = foz
gel acop acoo acoq = ead
gem = jir yid (uu ugt kaq)
gen acoo = aji
geo = ezz mlx
gep acoo = sbw
geq acoo = qit
ger acop acoo = nzn zpc nsd
ges = rog
get acop acoo = yhv
geu acoo = bvs gmi vge oeh
gev acoo = yid
gew acoo = qgo bx egz abtm
gex acoq acop acoo = qtc
gey = phi
gez acoo acop = nuh
gfa acoo acop = ksm
gfb acoq acoo acop = tsk wlb tyh
gfc acoo acop = abla ipl
gfd acop acoo = acjm
gfe acop acoo = lox
gff acoo acoq acop = pmq
gfg acoo acop = nmd
gfh = apb
gfi acop acoo acoq = tok cdv zpn
gfj acoo = rfd
gfk acoq acop acoo = aalu
gfl acoq acop acoo = okx
gfm = mdj afr
gfn = qgf
gfo acoo acop = vfd bng
gfp acop acoq acoo = jw
gfq acoo = rgg rdc
gfr acoo acop = o
gfs acoo = hji zkx wfy
gft acoo = hcu
gfu acoo = vxs
gfv acoo acop acoq = ktn
gfw acoo acop acoq = ffa
gfx acoo = acmc
gfy acoo acop acoq = itf
gfz acoo acop = xin
gga acoo acoq acop = ndu
ggb acoo = hys qvm rkx
ggc acoo acop acoq = tnu
ggd = wsy
gge acoo = ton
ggf acoo = lso cnq
ggg acoo = yqe
ggh acoo acop = syw
ggi acoo acop = cvj emk vav
ggj acoo acop acoq = achw
ggk acoq acoo acop = uyy oct (xnp fxt)
ggl acop acoo = ayg
ggm acoo = rbt
ggn acoq acoo acop = bbs
ggo acoo acop = ezt
ggp acoo acoq acop = lbg abnp usz awv rlr
ggq acop acoo = aaph dzj
ggr acoo = wnp axt
ggs acop acoo = tdb (pxo tiz lqh)
ggt acoo acop acoq = aaqq
ggu acoo = igr
ggv acoo = xft
ggw acoq acoo acop = nrl nhb
ggx acoo acoq acop = qtp
ggy = uxh xea
ggz acoo acoq acop = jzd
gha acoo = vpz
ghb acoo acop = nr aamb
ghc acoo = rer hkl vsr rel urf
ghd acop acoo = dre
ghe = nfm mm
ghf acoq acoo acop = use
ghg acoo acop acoq = ds
ghh acoq acoo acop = bsl
ghi acoq acoo acop = poc
ghj acop acoo acoq = lih
ghk acoo acop = aawg
ghl = pdy xma aaac kmy
ghm acoo acop = zjx yat
ghn acoo = qvm
gho acoo acop = tbb
ghp = ppq
ghq acop acoo = aadg
ghr acoo acop = bpb wcp lwp
ghs = vig
ght acoo acop acoq = lax
ghu acoo = swr
ghv acoo acop = zkx zdu
ghw acoq acop acoo = zyb
ghx acoo = qxm mji udq
ghy acoo = lin ybl
ghz acoo = uqa
gia acop acoo = qdp
gib = syc
gic acop acoo acoq = ekp
gid = ysh
gie = wtl
gif acop acoq acoo = kjo mdj ooq
gig acoo = msg kfi akj nhe
gih acoo = mwn mcb
gii acoo acoq acop = vhp
gij acoo = ffr
gik acop acoo = xem khs qrl gjm
gil acoo = hlt gtv
gim acoo acoq acop = mvw sdr
gin = ctl yic dik dbw
gio acop acoq acoo = tjy
gip acoo acoq acop = xas rss pbw yty
giq acop acoo acoq = mbp dri
gir acoo acop = egn
gis = ywa duy kzx txk npr
git acop acoo = pfp
giu acoo = axs (zka ix)
giv acoo acoq acop = tdp ajg qdk grz jlt
giw acop acoo = rmr kuz
gix acop acoq acoo = abrj xss
giy acoo = yva hgm ptt sjq
giz acoq acop acoo = dll vga ext pfi
gja acoo = lzu
gjb acoo acop = qce itw alt xjq
gjc = pqs kco mmm yuh
gjd acoo acop = rxs vxa pdz
gje acop acoo acoq = acno kjy gos
gjf acop acoo = gln
gjg = ryg
gjh = bpu
gji acoo acop = vy cit
gjj acoo acop = xab
gjk = cli xtm kjk avl
gjl acop acoo = aady
gjm = aavc
gjn acoo acoq acop = abe hdk
gjo acop acoq acoo = vxt
gjp acop acoq acoo = gsx pyp cvc ird nor
gjq acoq acop acoo = wjb
gjr acop acoo = wny
gjs acop acoo = swl vtd
gjt = luq
gju acoo = iex tfi psk
gjv acoo = fen
gjw acop acoo = tlf
gjx acoo acoq acop = zgy
gjy acoo acop acoq = abcv
gjz acop acoo = ablg guf jex
gka = txb
gkb = cbw
gkc acoo = rkv
gkd acoo acop acoq = toe uqc jup de trm
gke acoo acop = zwk ymp kqw
gkf acoo = jin
gkg acoq acop acoo = ucq
gkh acoo = tqp
gki acop acoo = gfs efd mnz gey rgy
gkj acoo acop = nah itj
gkk acoo acop = aank ixe
gkl acoo acoq acop = isb xwh
gkm acop acoo = izj svh pxq
gkn = ablz sca vdx aeo
gko = aaod
gkp acoo = aabw
gkq acoo acoq acop = pwx
gkr = egc vzk
gks = res mlh chh kb
gkt acoo = spv ayp
gku acoo acop acoq = pji
gkv acoo = zng gmi
gkw acoo acop = nhu
gkx acoo acop acoq = ndd
gky acoo = hzy
gkz = kqb tdo
gla acoo acop = ftz xvu
glb = kgb ryt
glc acop acoo acoq = iqa yli
gld = abij jqg aaza
gle = sev eeb hea
glf acop acoo = pbq iaq mjw bml
glg acoo = hgr
glh acop acoo = prs
gli acoo acop = uov
glj acoq acoo acop = uqk
glk = jmx
gll acoo = auc
glm acop acoo = lpd
gln = rto oej ysi
glo acoo = qdq enu
glp = tpa
glq acop acoq acoo = kv
glr acoq acop acoo = pyl qru
gls acoo acop = use qhl aqn
glt acop acoo acoq = pj
glu acoo = spg udb
glv acoo = kdr
glw = izs etb taz
glx acoq acoo acop = zhq qpx mvp fls hap
gly acoo acop acoq = dpc
glz acoq acoo acop = abkm
gma acop acoo acoq = sth ein lnb yct gdw
gmb = yn
gmc acop acoo acoq = acog
gmd acoo = qoq
gme acoq acoo acop = sxq
gmf acoo acop = eow
gmg = gry
gmh = aatk kwn
gmi acoo = lyf
gmj acoo acop = nzf
gmk = bvr mun abwx fx
gml = aajq
gmm acoo = gjn
gmn acop acoo = agx
gmo acoo = fab yst wsm emt
gmp = aabb fp
gmq acop acoo = ynp
gmr acop acoq acoo = cis kko hfz
gms acop acoq acoo = fep wpg
gmt acoo acop = aast abhh wxg uoi
gmu acoo = jum pgf okr (nxz qod)
gmv = oto
gmw acoo = gpx
gmx = dho xqj
gmy acoq acoo acop = hte
gmz = mht
gna acop acoq acoo = wvm
gnb acop acoo acoq = qqn
gnc = aanv
gnd = ybn syj
gne acoo acop acoq = gwi
gnf = dao
gng acoo = cea abpk
gnh acoo = uus ygw jxd uen
gni acoo acop = ezs ssl uii
gnj = gun
gnk acoq acoo acop = eko
gnl = any
gnm acop acoo = enx
gnn = axy
gno acoo = abaj
gnp acoo acoq acop = aqz egk
gnq acoo acop = hsy
gnr acoo acop = ptf gnh emj
gns acoq acoo acop = nhk
gnt acoo acop = tyv
gnu acoo = rrf vf aaog ce oxc
gnv acoo acoq acop = mms
gnw acop acoo = dpi
gnx acoo = dhj
gny acoo = foo zrk jql fgw
gnz acoo acop = cxp ped biw
goa acoo = myu jgj icj
gob acoo acop = tgd ffb fwz hov uwt
goc acop acoo = ysx
god acoo = rua
goe acoo = bja xpg uvi
gof = msy
gog acoo acop = rnu
goh acoq acoo acop = jkn aaqo
goi acop acoo = mnf jpl
goj = mly isy
gok = amz mjy
gol acoo acop = crv
gom acoo acop = sos wgv
gon acop acoo = vvl
goo acop acoq acoo = nfr liu
gop acop acoo = lb
goq acoq acop acoo = aboo
gor acoo = emr
gos acop acoo = tug
got = jpk jcz iqc mls
gou acoo = njc
gov acoo = fgz mgg sok gyz
gow acop acoo = tui qpb mph (jnq hsu)
gox acop acoo = lmg
goy acoq acop acoo = vrv (wof qhi) ysh
goz = qsj
gpa = lcc xgm hk ssh
gpb acoo = kiw
gpc acoo acop = awl wrs abao
gpd acop acoq acoo = cuc
gpe acoq acoo acop = fer
gpf acop acoo = drh
gpg acoo = hgq sms ciy sml ruc
gph = jft
gpi = evu
gpj acoo = atr (bnj acbg)
gpk acoo = lik
gpl acoo acop = aabi muy
gpm = aarc
gpn = tza aase cjf
gpo acoq acoo acop = daa
gpp acoo acop acoq = djw
gpq acop acoo = swq zaa
gpr = ecc qkm pc aads
gps acop acoo acoq = mqw dnd rsx
gpt acoq acoo acop = ddp omo
gpu acop acoq acoo = phv ckh hgt
gpv acoo acop = baw zel
gpw acoo = psd
gpx acop acoq acoo = wzc
gpy acop acoo acoq = djy
gpz acop acoo acoq = wan abmn
gqa acop acoo = tp cyl uks gxn hrs
gqb acoo = sng gxs jfv epg
gqc acop acoo = zbr cgv
gqd acop acoo = itn
gqe acoo = lrv
gqf acoo = hwq
gqg acop acoo = abje
gqh acoo acop = cro aavf
gqi acoo = etq eak aajc
gqj acop acoq acoo = abjn xhk cxh
gqk acop acoq acoo = zjv peo hyx fag
gql acoo acop = ujo
gqm acoo = aabu gma
gqn acop acoo = vrb
gqo acoo acop acoq = ueu
gqp acop acoo = xho abob yvx
gqq acoo = ssp
gqr = iea lko kn nzz
gqs acoo = phe
gqt acoq acoo acop = lgl
gqu acoo acop acoq = kev
gqv = lzl
gqw acoo acop = eue
gqx acoo = wfu
gqy acop acoo acoq = uvg
gqz acop acoo = qwp
gra acop acoo = uqk cbl
grb acop acoo acoq = ugt
grc acoo acoq acop = uvw dfe
grd acoo acop = hao abmy
gre acoo = vmt
grf acop acoq acoo = uz zgn abcm abqr ndc
grg acop acoo acoq = akc
grh acoq acoo acop = vwg tkj
gri acoo = prq
grj = aans
grk = abzb
grl acop acoo acoq = tfj vlh pzq cjq
grm acoo = fgs vtq
grn acop acoo = lpi acgm alp
gro = qqh
grp acoo = xtr
grq acoo acop = aaec egi bbl
grr acoq acop acoo = hmj
grs = ffd
grt = jkp zld aaxk arf
gru acoo = aayz urj
grv = nkh jde
grw acop acoo = usz
grx acop acoq acoo = acju
gry acoq acoo acop = aadz
grz = epa ron
gsa acoq acop acoo = bjn
gsb acoq acop acoo = cow
gsc = tgb
gsd acop acoo acoq = acgj
gse acop acoq acoo = mqb qvk udd moj
gsf acoo = ij qna ueg
gsg = rxs
gsh acoo acop = ktw
gsi acoo acoq acop = acbe
gsj acoq acop acoo = jgw
gsk = xfv
gsl = vsk
gsm acoq acop acoo = lsd evy
gsn acoo = qec
gso acop acoq acoo = ors zxl
gsp acop acoo = jlk
gsq acoo = zbc lva owu
gsr = kga uxd dew gvj rgb
gss acop acoo = abxc
gst acoo acop = bhs
gsu acoo acop = wsl (ata hyr)
gsv acop acoq acoo = zhb khg
gsw acoo = jrn bxl
gsx acop acoo acoq = cux elj nsd zeq
gsy acoo = zve
gsz acoo = qlb
gta = jww aayz
gtb acoo acop acoq = qfb ojs
gtc acoo acop acoq = lxn ufm
gtd = acv kxt
gte = ru
gtf acoo = wmq dwh fnc rmp
gtg = yef
gth acop acoo = abww xyc
gti acoo acop = pwz cut bw thh
gtj acoo acoq acop = tot
gtk acop acoo = acbw
gtl acoo = vhz oey
gtm acoq acoo acop = qg ebn vyh
gtn acoo acop acoq = bra
gto acoo acop = aaov
gtp acoo acop = vay
gtq = mey onb
gtr acop acoo = qlf xgt
gts acoo acop acoq = oqm
gtt acoo = zh gsq gnp
gtu acop acoo = jmm
gtv acoo acop = jfd
gtw = juz
gtx = ifi luh vwo dmm ogx
gty acop acoo = xyt
gtz acoo = ape rl
gua acop acoo = iyu
gub acoo = ache snx amy vio nsz
guc acoo acop = uji
gud acoo = ohn
gue acoo acoq acop = eww fqg
guf acop acoo = abul
gug acoq acoo acop = dxd sei bvb
guh = axn
gui acoo acop acoq = yhg
guj acoq acop acoo = iwb
guk = mjf
gul acoo = xho uhk blg cdr
gum = ydh ego xvk
gun = dyv
guo acoo = xvw akn
gup acoo acop acoq = wxh wru nry acdw
guq acoo acop = adl nxl cbw nps
gur acoo = lo
gus acoo = qnc
gut acoo acop acoq = abxx mon
guu acoq acoo acop = jkx exc ksj
guv acoo = odf
guw acoo acop = sff
gux = ynf xju
guy acop acoo = him
guz acoo = acbu xpn
gva acoo acop = swr
gvb = wlh klt
gvc acoo = fjz
gvd acop acoo = aazk gza cpq
gve acop acoo = hox (dvn jyt)
gvf acoq acoo acop = nlk
gvg acoo acop acoq = ayy
gvh acoo acop = mie lhi efm
gvi acoo acop = tla aaoo awh
gvj acoq acoo acop = icb
gvk acoo = qqp xbq dkc
gvl acoo = ttc iew
gvm acoo = dbg (qhy wdh ive)
gvn acop acoo acoq = zjn
gvo acoq acoo acop = xhg
gvp acoo acoq acop = obf
gvq acop acoo = ksb
gvr acoq acoo acop = ogz
gvs acoo = xud olw
gvt acoo acop acoq = egf pmi bia
gvu acoo acop = ay
gvv acoo = ewg
gvw = vve
gvx acoo acoq acop = fmo fly bal
gvy acoo = syl
gvz = cxz yri
gwa acoo acop acoq = vxy
gwb acoo = yya qge
gwc acop acoo = abdy
gwd acoo = tds
gwe acoo = qld aahd fou pnj qux
gwf acop acoq acoo = kvt
gwg acop acoo = amc
gwh acop acoo acoq = vdh
gwi = uml rqn
gwj acoo acoq acop = scj nta dij
gwk acop acoo acoq = upy hoc htv
gwl = wlf
gwm acoo = pqd
gwn acop acoo = onl
gwo acoq acop acoo = snx
gwp = ohq
gwq = caw
gwr acoo acop = gyp
gws acop acoq acoo = fgx
gwt = sij pbx zxx
gwu acoo = wvz
gwv = gf
gww acoo = riq pnu kkj
gwx = bm clt pke xhv kqi
gwy acoo = cjq
gwz = yed
gxa acoo = umh
gxb acoo acop = xzj
gxc = sc
gxd = jhf lba
gxe acop acoq acoo = ymj blw cnh
gxf acoo = qqt kes tpt yit ltn
gxg acoq acop acoo = ut khg kjw
gxh acoo = mgd
gxi acoq acop acoo = nlp
gxj acoo = orn
gxk acoo acop = oae
gxl acop acoo = dqi
gxm acoo = kei koh vxw oce
gxn acoo = bez nnm
gxo acop acoo acoq = wgs (jlp xtt fux) aaxv
gxp acoo = zqe abxq ymv
gxq acop acoo = tzw (klz llg) aadh zv
gxr acoq acoo acop = wvt
gxs acoo = abcx iny bdq
gxt acoo acop acoq = hig
gxu acoo = pvs
gxv acop acoo acoq = ojj
gxw acoo = ylg
gxx acop acoo = yca
gxy acop acoo = xgm lpo
gxz = gqf
gya acoo = tzo wly
gyb acoo acop = gtd mxu aanj
gyc = ccn nhh
gyd acop acoq acoo = am
gye acop acoo = thv ago
gyf acoo = vfb yra gxh ezv
gyg acoo acop = qwd fqv aahb
gyh = jue umh ndb
gyi acoo = lqm oy
gyj acoo = ehs chr qtu
gyk acoo = gqd
gyl = xzt xjt vne
gym = quk
gyn acoo = mld
gyo acoo = xyi
gyp acop acoo acoq = ash gtx
gyq acoo = aut zee dko
gyr acoo acop acoq = fhe fy
gys acop acoq acoo = fpg
gyt acoo acop = aoq
gyu acoo acop = jvu
gyv acoo = jsh
gyw acop acoo acoq = gqg ccq nhn dco
gyx acoo acop = thz
gyy = cdw tbq
gyz acop acoo acoq = aok
gza acoq acoo acop = cbw
gzb acoo acop = maa
gzc acop acoo acoq = yik
gzd acoo = oxk
gze = ttd vzv tpp
gzf acop acoo = dhd
gzg = qat
gzh acop acoq acoo = er
gzi acoo acop acoq = acer
gzj = ldp ldt
gzk acoo = hll
gzl acoo acoq acop = oca
gzm acoo = uuc aane vux acfb
gzn acoo = gth
gzo = nff
gzp acoo = zan (fhp fsh)
gzq acop acoq acoo = dnv
gzr = iht
gzs = kvj txp dit
gzt acoo = utu hjl
gzu acoo = jvc
gzv acoo = abnt ypc fio dqe
gzw acop acoo acoq = nai man ztv
gzx = abco wqb lam yza
gzy = jtg gce lay ct
gzz = pcm
haa acoo = eej
hab acoo acop = ylk wac
hac acop acoq acoo = ube
had acoo = abol uh aeu
hae acop acoo = pwi
haf acoo acop = ufx
hag acoo = lad
hah = xbs
hai acoo = ihl
haj acoq acop acoo = wus
hak acoo acop = mjy
hal = mdb
ham acop acoq acoo = lhw
han = ait
hao acop acoo = pny
hap acoo acop = zd
haq acoo = vet lpn
har acoo = zkr
has = ieb
hat acop acoo = abas
hau acoo = kxy
hav = dpi
haw = okk knr nht
hax = abom
hay = cfq
haz = sdu
hba acoo = oiq
hbb = dcf
hbc acoq acop acoo = auj
hbd acoo acop = acny
hbe acoo acop acoq = hqv (ybc vru xdm)
hbf = rzs
hbg acoo acop = olp
hbh acoo = ymn nyh
hbi acop acoo = nto
hbj = uid
hbk acoo acoq acop = pix
hbl acop acoo = hwp ikp abst
hbm acop acoo = cfw vdz
hbn = zlw clv absj fsg
hbo acop acoo = aazv
hbp acoo acoq acop = zmw
hbq = uym
hbr = pnf ekn enb
hbs = ehm
hbt acoq acoo acop = idj uhv
hbu acop acoo acoq = anf
hbv acoo acop acoq = aeo
hbw = zeb abfb
hbx = bfb eqf
hby = uuq
hbz acoo = bts eum
hca acoq acop acoo = lrg
hcb acop acoo = hhm
hcc = iep
hcd acoo acop = nji kzf
hce = aank tde
hcf = osi hix
hcg = cye
hch acop acoo = mwp bxa
hci acoq acop acoo = epr ejz
hcj acop acoo = wzj yht wkx
hck = xio lsa
hcl acoo = xeh cyo htb leu
hcm acoo = srr jhi
hcn acoq acop acoo = fvv
hco acoo acoq acop = idz tly wog
hcp acoo = txy
hcq acoo acop acoq = goa
hcr acoq acoo acop = upr
hcs acoo = ygp
hct acoo acop = hdx tpb
hcu = ctt jkt
hcv acop acoo acoq = qrc mit
hcw acop acoo acoq = pzd lfz abdz dxx
hcx = bkk khb qre irm tve
hcy acoo acop = znv
hcz = buz
hda acoo = exi
hdb acoo acop = ria
hdc acoo acop acoq = dsk (ft dmy)
hdd acoo acop = cgj sjq dvh ask
hde acoo = bg
hdf acoo acop = kzv rin abdb cpg
hdg acoo acop = nex
hdh acoq acoo acop = ablu tmj
hdi acoq acoo acop = vnh
hdj acoo acop = gyw dez
hdk acoo acop acoq = bbq
hdl acoq acop acoo = af qnc (qsr esp) cqx
hdm = ce
hdn = fru
hdo acoq acop acoo = urd wyx hcw nip
hdp acoo = lxu
hdq = vkk ufg
hdr = mty hjv
hds acop acoq acoo = ulr
hdt acoq acoo acop = cbq
hdu acoq acop acoo = ahb xcl
hdv acoo = tym abnz
hdw acop acoo = rtp yqj smq
hdx acoo = gwd
hdy acoo acop acoq = fel
hdz = nuh ydy bar
hea = phw
heb = llq
hec = zol rrd
hed acoo acop acoq = trh
hee acoo acop = aayi
hef acoo = aach
heg acoo acop = acmn wve
heh acop acoq acoo = gsn zxi
hei acoo = mkq
hej acoo acop acoq = pxj mts (frs ppj)
hek acoo acop = otj ngi iur uyh
hel acoo = acao
hem = swq
hen acoo = wpy
heo acoo acop acoq = ovj mdt
hep = rfo bip
heq acoo = mzr
her acoo = fjn
hes acoo acoq acop = hwg
het = sya
heu acoo = cpf
hev acoo = rjk qss jrf
hew acoo = hff aceo (abo ibx)
hex = ayk
hey = nhv
hez = znw ivp
hfa acoo acop = bfy dwn
hfb acoo acop = iuu ksr
hfc acoq acop acoo = aaaj
hfd acoq acoo acop = roq
hfe acop acoq acoo = yrr aaaf ijb zuz
hff acoo acop = kbo
hfg acoo = lcp
hfh acoo acop = hbh
hfi = czp
hfj acoo = yhv
hfk = zay uef xqm oag
hfl acoo = put
hfm = qyu xpr
hfn acoo = vxj
hfo = rfj
hfp acop acoo acoq = ezv
hfq acoo = dlf
hfr = ikc
hfs acoo acop = fhq hhm
hft acop acoq acoo = hym
hfu acoo = dun
hfv acoq acoo acop = abem xza
hfw = rwe
hfx acoo acop = atw (tje lac abni)
hfy acoo = qru uyr
hfz acop acoo = fws abwc xml anv ynj
hga acoo acop = knk age drc
hgb acoo = ogl
hgc acoo = zih
hgd acoo = tem abtp
hge = bnz df wll
hgf acop acoo = ex
hgg acoo acoq acop = lrz mag
hgh acoo acop = zjf
hgi acoo acoq acop = hcb
hgj = acld
hgk acop acoq acoo = abqq otv opv
hgl = wqd
hgm acoo acoq acop = cbm
hgn acop acoo = kur
hgo acop acoq acoo = hll anb
hgp = ycq yie
hgq = vek
hgr = ksb
hgs = aaqn abts hsu viq mce
hgt = gcn rwi qdw rnp
hgu acop acoo = bpv
hgv acoo acop = kyy lqr
hgw acoo acoq acop = fvt sub
hgx acoo acoq acop = ear
hgy acoo = vhk
hgz acoo = mvf
hha = xor
hhb acoo acoq acop = ktz
hhc = yla
hhd = xlv c vgs
hhe acop acoo acoq = aavo
hhf acoo = xdb
hhg = uhs
hhh = xhk
hhi acoo = ust
hhj acoo = haw hxh njl
hhk acop acoo = ono
hhl acoo = rpq kic wgb
hhm = abpt kcb kmp
hhn = rtx
hho acoq acop acoo = dn
hhp = xqg khw (swd yeq ote)
hhq acoo = yby
hhr acop acoo = gdm
hhs acoo acop = luf
hht acop acoo = fyr
hhu acop acoq acoo = jan pls ngl
hhv acoq acop acoo = tor
hhw acoo = shh
hhx acoo acop = nlb
hhy acoo = dtj kmm eq
hhz acop acoq acoo = qdf pjy euj wsc
hia acoo = oyf
hib acoq acoo acop = aayh
hic acop acoo = icd
hid acoo = ywj
hie acop acoq acoo = zai abdg the acaq
hif acop acoo = yiq
hig acop acoq acoo = zls hem gcr
hih acoq acop acoo = qk lsb abgc jjd
hii acop acoq acoo = han
hij = oxg pa
hik = abfz xsi
hil = ber
him acoo = accs yam
hin acoo acop = won
hio acop acoq acoo = dpd
hip acop acoo = grw
hiq acop acoo = nma ird aagn
hir acoo = hpl
his = mtf
hit = bbc yer ilq ccs
hiu acoo acop = yfd
hiv = jdj
hiw acop acoo = ius
hix acop acoo = quf
hiy acoo = fbs (abpm gqi)
hiz = rfm
hja acoo acop = har kca
hjb acoo = rvz hls acdq
hjc acoo = xkh
hjd = cuw
hje acoo = tjz
hjf = jsd erj nvs qll
hjg = axe
hjh = vve
hji acoo = qaf hfj wni ctp
hjj = yzf taw gdj dcr
hjk = abnw
hjl acoo acoq acop = ycf
hjm acoo acoq acop = yqy
hjn acoo = lgp
hjo acop acoo = jqi
hjp acoq acoo acop = uew vet
hjq acop acoo acoq = ogw
hjr acoo = tpk
hjs acoq acop acoo = ddj pkr jze kjk
hjt acoq acop acoo = vzk sjj
hju = abbo opx
hjv acop acoo = xnu
hjw = coi uvm
hjx acoo = irr
hjy acoq acoo acop = okm
hjz acoo = zgy lvl aapp
hka acoo = zrc
hkb acoo acop = qku ajq ege nyt ujs
hkc acop acoq acoo = yoo
hkd acoo = smn rdj bgf kml
hke acoo = min
hkf acop acoo = ifa
hkg acop acoo acoq = lme (gdh jvm)
hkh acop acoo = jgo cbi
hki = ssi
hkj acoo = dcp
hkk = abbx
hkl acoo = qyu
hkm acoo = llp mtr qid px
hkn acoo = aep
hko = rxj
hkp acoo = jbg uhy
hkq = abqd nbp
hkr acop acoo = tjy pdn zuv
hks acoo acop = acjk
hkt acoo = fy iv
hku = pds uqe dts
hkv acoo = uti
hkw acoo acop = abeq
hkx acop acoo = yse
hky acoo acop acoq = yrn ttw
hkz = iae
hla acoq acoo acop = ctt
hlb acoo = qwo ecv cal
hlc acoo acop acoq = fyf wwz toq
hld acoo acoq acop = ogl
hle acoo acop = irj mqz amd bpk
hlf acop acoo = nas
hlg = vno pvm
hlh acop acoo = qyx zug
hli acoo = ysw
hlj acoo = yqt jhp
hlk = qzn abzd
hll = ryf
hlm acoo acop = tnx
hln acop acoo = teg nlg
hlo acop acoo acoq = iei hln uzy
hlp acop acoo acoq = hnx qbd khm gip
hlq acoo = ebt lxa
hlr acoo = imd abix zko nna
hls acoo = ts
hlt acop acoo = xzk
hlu = jvr
hlv = sin
hlw = wuu ufc
hlx acoo acop = uuh
hly = cmm
hlz = cnz
hma acoo = ljk
hmb acoo acoq acop = ubi
hmc acoo = aanj sua eym
hmd acoo = yzj xmx oad
hme acop acoq acoo = jbk lni jzz
hmf acoo = irf zxu (ily ldo)
hmg acop acoo = htj
hmh acop acoq acoo = gtw
hmi acoo = dmx
hmj acop acoo = ehe vmr fqx od
hmk acoo acop acoq = gxv
hml acoo = cc
hmm = jmo
hmn = bgh owl
hmo acoo = acdy
hmp acoo = xda
hmq = fdd acmi jtw
hmr acop acoq acoo = avq (tks hmk acho)
hms = rob aafe pcq
hmt acoq acoo acop = bbg
hmu acop acoq acoo = rfh bbf xto mlc
hmv acoo acoq acop = kwu
hmw acoo = uzw abpj
hmx acoq acop acoo = sjs twq kze
hmy acoo = ptb dsr
hmz acoo = qqn
hna acoq acop acoo = txz
hnb acoo = abxe
hnc acop acoq acoo = zde
hnd acop acoq acoo = coz
hne acoq acoo acop = gwk nhl
hnf acoo acop = xid
hng acoo = trd
hnh = mwp vxd
hni acoo acoq acop = noi
hnj acoo acop = ngg
hnk = ofr
hnl acoo acop acoq = abvq
hnm acoo acop = bnm
hnn acoo acop = buq
hno acoo = ocd
hnp acoo = xqs (jlm swk) sdl
hnq = wqi
hnr acoq acop acoo = zvp rwn ied kan
hns acop acoq acoo = uzm
hnt acop acoq acoo = igc onl nyn
hnu = kbz
hnv acop acoo = zxa (stx ghu) fup
hnw acoo acop = fxq
hnx = juo dwm vid kmz
hny acoq acop acoo = abcx liv bzw
hnz acop acoo = igv
hoa acoo acoq acop = fvn avu jht dle
hob acoo acoq acop = one knc hvr
hoc acop acoo = cic
hod = rhp inw yao gmv bdj
hoe = mgl xdh cox uiy
hof acoq acoo acop = nxt
hog acoo acop = mxx mjp
hoh acoo = bhs ftn ios
hoi = yol fgg lhz
hoj acoo = qqv
hok acoo acoq acop = phn
hol acop acoo acoq = trt lpc qie
hom acoq acop acoo = uvr ocv aid
hon = cel
hoo = ejq
hop acoo = abbw
hoq acop acoq acoo = sqa
hor acoo = swi
hos = aans
hot acoo = ewo gfy lqw
hou acoo acoq acop = zlf kxb odg (pco tgh)
hov acop acoq acoo = ras
how acop acoo acoq = olv ddo
hox acop acoo acoq = pwo sxb
hoy = kiz
hoz acop acoo = ffz kad
hpa acop acoq acoo = gma
hpb = lzg
hpc acoo = byp
hpd = rjn
hpe acoo acop acoq = kwg tcp jzh hsn
hpf = dmw
hpg acoo acop = ppc koq ywd
hph acop acoo = tbw
hpi acoo = blz
hpj acop acoo acoq = ftm dad hpr
hpk = fsn aaoa woo rpk qhm
hpl acop acoo = abig
hpm acoo = wmm jnn
hpn acoo = xvh tjq
hpo acoo acoq acop = acbo
hpp = nwv
hpq acoo acop acoq = laz aahx aamb
hpr = vlx jgy
hps acop acoo = vdt
hpt acoq acop acoo = aasv onm
hpu acoo acop = jvv tfz
hpv acoq acoo acop = svc
hpw acoq acoo acop = fvr
hpx acoo = crk
hpy acoo = hki
hpz acoo = wou cvz
hqa acop acoq acoo = hhq rub
hqb acoo = wgo (zek aazl)
hqc = urk
hqd acop acoo = yip
hqe acoo = yjc uyu
hqf = nm
hqg acoo acop acoq = elw
hqh acoq acoo acop = kow
hqi acoo acop = qkr
hqj acoo acop = fiq cog aced
hqk = acaq absm xjf jma
hql acoo = oju
hqm acop acoq acoo = uza mcb buk
hqn acoo acoq acop = req pxr kxz syl
hqo acop acoo = mez
hqp = pxp
hqq acoo acop = fny
hqr acoo = ybs
hqs acoo acop acoq = djg ukt
hqt acoo acop = vkt pr
hqu acoq acop acoo = hsv
hqv acoo acop = msi
hqw = oqr
hqx acop acoo acoq = fbp luk
hqy acoq acop acoo = mvg oop kxh
hqz acop acoo = agu
hra = kcq
hrb = wkn
hrc acoo acop = vnd edo
hrd acoo acoq acop = xld nda
hre acop acoo = vbw
hrf = rug
hrg acoq acop acoo = sbi okm
hrh = gme
hri acoo = sc hjn uha yno
hrj acop acoq acoo = oow kzn
hrk acop acoo = abgy jup
hrl acoq acoo acop = gxx ugw
hrm = kno xbu xgg fjl orp
hrn acoq acoo acop = bak tyc yre yzo xye
hro acop acoo = yma scs
hrp acoo = uqu
hrq acop acoo = eiu abvq
hrr acop acoo acoq = uks hfa omz
hrs acoo acop = hna
hrt acoo acoq acop = mzs bll
hru acop acoq acoo = abwv
hrv acoo = dny
hrw acoo acop = qkr wwh zlc
hrx acop acoo acoq = ef
hry acoo acop = abvm
hrz = aaqu
hsa acoo acop = ycc man rma
hsb = ofr dsm
hsc acoo acop acoq = cnh eji abge
hsd acoo = upy liq
hse acoo acop = jja kjt
hsf = zlx
hsg acoo acoq acop = wbl
hsh acoq acop acoo = abne
hsi = pum aatn
hsj acop acoo = ymn
hsk acoo acop = aax
hsl = fwr mjr uvr was aapp
hsm = joc
hsn acoo acop = npq zos
hso acoo = sk jzi mgw fyq xuu
hsp acoo = unz (wdj yml zde msb)
hsq acop acoo = qcz
hsr acoo = gpa ua
hss = gcc
hst acoq acoo acop = owg
hsu acop acoo = bea
hsv = accl djk aam sbd
hsw acoo acop acoq = xul
hsx = uce
hsy acoo = oc pru kgw
hsz = vqb ysd
hta acoo = nau
htb = gri diy
htc acoo = rpa wwn
htd acoo = sts ecz
hte acoo = nve nii
htf = mvc vjb xqi
htg acop acoo = ache mne jxa jms
hth acoo acop acoq = naz vj
hti acop acoq acoo = lii yli
htj acop acoo = aaig uxw klb skf gqh
htk = abjq
htl acoo acop = yry
htm acoo acop = oqs
htn = ben
hto = uus
htp acoo = ztb
htq acoq acoo acop = rfv jff
htr acoo acop = yka ocn
hts acoq acoo acop = ghu caz
htt acoo acop = jit
htu acop acoo acoq = mwx urx hfp
htv acoo = ioo
htw acoo = xze zkz
htx = tga cij drq
hty = xrx
htz acoo = aaao lxk
hua acoo = oqu
hub acoo acop = yce hcx
huc = brd
hud acoo = lft ipj
hue acop acoq acoo = kvx aawe uuj acea
huf acoo acoq acop = kfa
hug = fuw awx jvr flz
huh = wdl tqc dpw odj yos
hui acop acoo = eid psm aakn wef
huj acoo acop acoq = nmf rih
huk acoo acop = pho absd byu sba
hul = hez
hum acoo = zdv
hun acoo = gun vzs
huo acoo acoq acop = dhg mva uwk
hup acoo = ece abzy
huq acoo = dqf
hur = abqa qjb
hus = xb
hut = qyv
huu = dfh dbs
huv acoo acop acoq = gvw sre (abdc mjx)
huw = cap uvo
hux acoo acoq acop = dkz
huy acoo acop = oit aee jvn efh
huz acoo = dxn uba
hva acoo = zgb
hvb = acle tzb
hvc = mhu
hvd acop acoo = dse
hve = ysz zq wmh
hvf = ayp
hvg acoo acop = lbs
hvh acop acoo = blv
hvi acoo acoq acop = pjs
hvj acoo = oxz
hvk acoo acoq acop = hyj
hvl = tuy
hvm = dtn
hvn acoo acoq acop = dyk pcm otk qnu ouq
hvo acoo = fea
hvp acoo = wuj pxb unz
hvq = dyo aq
hvr acoq acop acoo = iyr
hvs acop acoo = ccq
hvt acoq acoo acop = ajq ylv sjt
hvu = ymj xdq kof
hvv = xnl
hvw = xld
hvx acoo = lyf
hvy acoo = mkw
hvz acoo = tiv
hwa acop acoo = yzv
hwb acoo = pwy vtr aahd
hwc acoo = zv ezp ypm vew
hwd acoo acop = slc eax
hwe acoo = wtg nza glq het
hwf = qvk
hwg acop acoo acoq = mge
hwh acoo acop acoq = htv
hwi acop acoo = vzb
hwj acoo = abbk
hwk acoo = yfi hme
hwl acoo acop acoq = znh
hwm acoo = pmn xxq
hwn acop acoo = fwp amv
hwo acop acoo = mna pkn kv vsz
hwp acoo = ncl
hwq acoo acoq acop = qjn
hwr acoo acop = jrt
hws acoo = lto
hwt acop acoo = ygq wwd
hwu acoo = wdg
hwv = pdz
hww acop acoo = achb
hwx acoo = lnk
hwy acoo acop acoq = xnf (bxa epc)
hwz = nuq
hxa acoo = tji
hxb acoo acop = aamw abdo ujz ljy
hxc acop acoq acoo = bhr
hxd acoo acop = cnd hbb cru drs
hxe acop acoo = jnx
hxf acoq acop acoo = ahv
hxg acoq acop acoo = obn ezi kqv aazq ffo
hxh = hbe byd
hxi acop acoq acoo = xhy
hxj acoo = pir nmk qbt
hxk = knz
hxl acoo acop = gxd fcm
hxm acoq acoo acop = yby
hxn acoo acop = fyr rpk kmc sqh
hxo = jac qy
hxp = ntd
hxq acoo = ruf
hxr = die
hxs acoo acop = twv
hxt acoo acop acoq = xsk cdj
hxu = fsp smw xoq
hxv acoo = dnl dfy
hxw acop acoo = fcp
hxx acop acoo acoq = jty j
hxy acoo = bzd
hxz acoq acoo acop = aafj (eoi msh)
hya acoo acop = aaci
hyb = xxr bzp
hyc acop acoo acoq = qbm
hyd acoo = abke fes uo usy
hye = fwh rhr eln zqs
hyf = qyk fne
hyg acop acoo acoq = abao
hyh = yor
hyi = osv nxp psw
hyj acoo = aaxc
hyk acoo = whs qhe uxi achs
hyl acoo = tqi jmy aaix
hym acoq acop acoo = jzu irs bhs
hyn acop acoo = oxu
hyo acop acoo acoq = sin
hyp acop acoo = fbm hkg vwg
hyq acoo = ugf iog
hyr acoo = lql
hys acoq acoo acop = voc vwa
hyt acoo acop acoq = kem bbe
hyu acoo = opy
hyv acoo acop = kcf fqa pho ofl
hyw acoo = abzg abjm phn emi awj
hyx acoq acop acoo = cfp qwu tii
hyy = rjh lae rsy ktt
hyz acoo = ixe (yuw bkr aaic)
hza acoo = vem
hzb = mtr
hzc acoo acop = vdu spa
hzd acop acoo = yoe bcq
hze acop acoo acoq = aayk
hzf = qku gfg lvy
hzg acoo acop = awg
hzh acop acoq acoo = unq zos vbl zjn
hzi acoo acop = qem
hzj acoo acoq acop = oml
hzk acop acoo = vjl
hzl = cmr
hzm = kin gdj xpp ofn
hzn acoo acop = aalz
hzo acoo acoq acop = vwj nvq wcv xrm
hzp acop acoo = adf svm
hzq acoo = yfq
hzr acoo = cbl
hzs = uqg
hzt = qau
hzu acoo = obv
hzv = iwv zzh zgl
hzw acoo acop = gqm
hzx acoo = jnt
hzy acoo acop = fms wdu pgo
hzz acoo acoq acop = gme (oms aahx)
iaa = acgs
iab = acf dmr
iac acop acoo acoq = bub nhf aanu hxg
iad = ja
iae acoo acop acoq = r
iaf acop acoq acoo = cqg
iag acoo acoq acop = tri
iah acop acoo acoq = eqp
iai acop acoq acoo = xaq
iaj = txg
iak acoo = mhb wwv
ial acop acoo acoq = olw
iam acop acoo = cpq lmr biw
ian = iwb
iao acoo = uia
iap acoo = yba
iaq = zpw
iar = amm gnu
ias acoo acop = fvl
iat acoq acoo acop = jqa
iau acoq acop acoo = lyq dph jrs (bfa axz)
iav acop acoo = nyb
iaw acoo acop acoq = otj
iax = syi
iay acoo acop = usf
iaz acop acoq acoo = hmg
iba acoo = cgf
ibb acoo acop = ut bhb uy dax nph
ibc acop acoo = ghb
ibd acoo = jky
ibe acoo acop = hrd
ibf acoo acop = pyw
ibg acop acoo = yew jim
ibh acoo = ija pli
ibi acoo = jij ade
ibj acoo = wnh
ibk = nmr qfb
ibl acop acoo = yzp bnl aagw
ibm = byp
ibn acoq acop acoo = wfv ina (aacq nsb)
ibo acoo = boi
ibp = aaaq
ibq acoo acoq acop = hpp
ibr = yku ovs
ibs acoo acop = wyz soo qee
ibt acoo acop = zpp
ibu acop acoq acoo = ebm pqg
ibv acop acoq acoo = mts
ibw acoo acoq acop = aaej
ibx acop acoo acoq = mph vha
iby acoo acop = ohz
ibz = gdj aas plx
ica = oiv dxu
icb acoo = hzq
icc acoo acop = ghd
icd = nrv icl
ice acoo acoq acop = tip vfi acfu
icf acop acoo = vuu kcl
icg = ser
ich acop acoq acoo = ztb
ici = dav
icj acoo = qhj ash swb nmf
ick acoo = brt kdz
icl acoq acop acoo = xnm
icm acop acoq acoo = spz oab azb wrl
icn acop acoo = zuo ffi fdl jif vjw
ico = phj pch
icp = sp acnl jgw
icq acoo acop = myl
icr acoo = tve uz rfm (ipk euh)
ics acoo = lvn
ict acop acoo = iij
icu = eas kbl
icv acoo acop acoq = lil
icw acoo acop acoq = jvk
icx = rff mrd
icy acoo acop = zaw usi uzi
icz acop acoo = ccd oga tao
ida acoo = dtu bor knz
idb = cdi
idc acoo acop = xwv ajw
idd = tpn
ide acoo acop = rqt
idf acoo acoq acop = vob
idg acop acoo = xxf
idh = vlb
idi acoo acop = az (irt gbc)
idj acop acoo = ufv
idk = udh
idl acoo acop = ems wpb ual hvj
idm acoo = afz
idn acoo = fok ytv
ido acoo = uva xjo
idp acoo = qme jj
idq acoo = yja mnx wkn exf gqc
idr acoo = rlj
ids acoo = aawi
idt acop acoo = jty
idu acoo acoq acop = qyw
idv acoo acop acoq = otc (ape jgm)
idw acop acoo = jbv pnk nkz bzw
idx = puy
idy acop acoo = pjl wpk lja
idz acoo acoq acop = tjf
iea = myo vq lmd
ieb acoo = bus dv
iec acop acoo acoq = ogg
ied acoo acop acoq = xur
iee acop acoo acoq = jpx qmp
ief acoo acop acoq = fxs att etd
ieg acoq acop acoo = hnr
ieh acoo = omp
iei acoo = png yhg lcg
iej acoo = huj whx
iek acoo = frq
iel acoo acoq acop = cwu
iem acop acoo = kkk
ien acop acoo = cq
ieo = uxc (not dq)
iep = wmj
ieq acop acoo = abht
ier = vmu hbh
ies acoo = zbu
iet acoq acoo acop = rvc
ieu acoq acop acoo = drr
iev acop acoo = rbu eca ozz
iew = wde
iex = aty
iey acoo = rir abfl suq
iez acop acoo = xsg bws gkg goq
ifa acoo acop = luh vsn dan
ifb acoo acop = ivu
ifc acoo acop = vwn
ifd acop acoo = wbh yqu jar
ife = vak hra hcq qbc
iff acoo acop = vhk
ifg acop acoo acoq = mdi
ifh acoo = acf
ifi acop acoq acoo = jtq
ifj acop acoo acoq = siw
ifk acoo = jpa osm bbf fdg
ifl acoo = pnx
ifm acop acoo acoq = axr
ifn acoo acop = iiy
ifo acoo = gxm bxt
ifp acoo acop = ifq
ifq acoq acoo acop = bkp
ifr = mex
ifs acoo acop acoq = kph leb tcy
ift acoo = able ezb
ifu = rnm
ifv acoq acoo acop = sjj
ifw acoq acop acoo = fmc
ifx = faf
ify acoo acop = mxg
ifz = vzm aow
iga acop acoo = srk
igb = pro
igc = cfh zlm
igd acoo = wkm
ige acoo acoq acop = sky
igf = heu
igg acoo acop acoq = mxi
igh acoo = ycc
igi = bvw dzy bvu
igj acoo = kff jlh fdo
igk = stb
igl = vaj czj ilw
igm = zzg duu
ign acoo acop = yjx ytz fnf
igo acoo = vzv tmc abyd
igp acoo acop = vmy
igq acoo = aamq
igr = voc
igs = kli
igt acop acoo = qqa
igu acop acoo = ivg
igv = kvr
igw acop acoq acoo = brw trl
igx acoq acoo acop = sl zxi moq
igy acoo acop = bec yky
igz acop acoo acoq = gpw hpb
iha acoq acoo acop = fvb
ihb acoq acoo acop = ajt
ihc acoo = spt ygv yrr
ihd = bsz
ihe = zsh
ihf acoq acop acoo = bbt hxf scz
ihg acoo = fbc
ihh acoo acop = acjw cqt yy vsv
ihi acop acoo acoq = srg
ihj acoo = udp
ihk = mjb zom aih
ihl acoq acoo acop = irf
ihm acoq acoo acop = ngy
ihn = mlf aaoy toc
iho acoo = mcs aadm
ihp acoo acoq acop = ime dmr ucb
ihq acoo = rpd
ihr acop acoo = oug axx wgf
ihs = sqr
iht acoo = rqc scx
ihu acoo acop = rzd
ihv = doo cau zdf zfu
ihw acoo acoq acop = gyg gv ugu
ihx acoo = ka
ihy acop acoq acoo = fv haw cuz aarl lqr
ihz acop acoq acoo = odx esh lwv
iia = ubt
iib acop acoo = aced (ajm zun nah dzg)
iic acoo acop acoq = kki zos acbm
iid acop acoq acoo = ixm
iie acoo = abvr
iif acoo acop = lnd hxa
iig acoo = aadf
iih acoo = jxw
iii = zin fgk
iij = cpu
iik acoq acoo acop = gyr
iil acoo = pvw
iim = abdb
iin acop acoo = ohu dlk
iio acoq acop acoo = zrn tmm
iip = acgs
iiq acoo = otl
iir acop acoo = sdl (wje rat)
iis = trp acjb
iit acoo acop = kdn
iiu = fum
iiv acoo = rir ejo aciv
iiw acoo = ouf
iix acoo acop = ldd abws
iiy = aiv
iiz = xjj vsz baj osm
ija acoo = dmw
ijb acoo acop = bhf ro
ijc acoo acop = eyq ohe
ijd = tdc
ije acoo acop = ucn
ijf acoo = oti hun aahj
ijg acop acoo = gnn
ijh = aclg
iji acoo acop = pzf
ijj = jmk srz gio
ijk acop acoo acoq = acmd (lmr gnb tau)
ijl acop acoq acoo = yvq
ijm acop acoo acoq = jxv
ijn = dnh wjr
ijo acop acoq acoo = szd mqr
ijp acop acoo = cmi
ijq = smm acmu
ijr acoo = xix
ijs acoq acop acoo = achx
ijt acoo = ies khs dmq
iju acoo acoq acop = ptx
ijv acoo = stk
ijw acoq acop acoo = lks aacq aaxf ope
ijx acoo acop = uak
ijy acoo = ioo epl tmp aul
ijz acoo acop = bso bvh vyg hcz
ika = vf nue
ikb acoo acop = ris vam abcg
ikc acoo acoq acop = dnx pcl
ikd = qqp
ike = iyt
ikf acoo acop acoq = rtg
ikg acoo acop = rzj
ikh = dls qbk vkd dpd
iki acoo = aaph
ikj acop acoo acoq = ztc
ikk acoq acoo acop = rie
ikl = bry
ikm = fyz lbu
ikn acoo = nss hec
iko acoo = ceh
ikp acop acoo = skq yvj aaxn ucq
ikq acoo acop = lup tck sal
ikr = mae qmd zw
iks acop acoo acoq = nkn yrd
ikt = rfl uqq hkd ixg
iku = uxn hfl qfn
ikv = aub
ikw acoq acoo acop = tpq
ikx acoo acop = kde
iky = wfl
ikz acoo acop = nwz
ila acoo acop = fik
ilb acop acoq acoo = pzt krd ebt
ilc acop acoo = hos fge wxx pul
ild acoo = gvd
ile acoo acop = qqr sek accm
ilf acoo = dxt nbo dhx tcs
ilg = mva
ilh acoo acop = bmg bi pq ebi
ili acop acoo acoq = kps
ilj acoo acop = yrj
ilk = boh zvk jnq wwe
ill = achx
ilm acop acoo = vov yly
iln acoo acoq acop = wmo
ilo acoo acop = gd
ilp acoo acop = vvy whe rxz
ilq acoo acoq acop = wbl
ilr acoo acop = vlc zxm
ils acop acoo = zzj
ilt acoo acop acoq = bqy
ilu acop acoq acoo = eex
ilv acoo = xyg
ilw acoq acoo acop = igx mwt yeo
ilx acoo = gsh puf olb
ily acoq acop acoo = vdn
ilz = fwf bbn oqf nmj
ima = vah
imb = giv
imc = xxz
imd acoo = tuv nrn
ime acop acoo = uxq zfz edn
imf acoo = psl
img acoo = mzz
imh = pcu oio
imi = aamu
imj acop acoo = ozb byu bui
imk acoo = jhx
iml acoq acop acoo = c
imm = agt (nwc flh iqh pbu)
imn acop acoo = wtv
imo = duz abnj szo
imp acoo acop = hij
imq = eon yti
imr acoo = zkp
ims acop acoo = ftl yjl
imt acoo = azr gsy msd wct
imu acop acoo = mwr diy (ftq jz gsb)
imv = jwi
imw acoo acoq acop = aasy
imx acop acoo = wbx
imy acoo = lhh
imz = bax
ina acoo = fmx zyw acbo
inb acoo = ktd zrt kgd
inc = ht
ind acop acoo = ua gaq
ine = ooe
inf acoo = rep tlb qxl
ing = fld pji
inh acop acoo = mbh
ini acop acoq acoo = ueo
inj acoo acop acoq = zoa
ink = zyd q ihl lbb
inl = va
inm acop acoo = tqw mgi
inn acop acoq acoo = vnu end
ino acoo = rqb egi ijs
inp = kqg
inq acop acoo = hbu
inr acoo acop = plf lpt
ins acoq acop acoo = gud
int acoq acoo acop = chb
inu acop acoo = yvh sdu vak ably fph
inv acop acoo = ujo gmn
inw acop acoo = qnr
inx acoo = xin aaar
iny acop acoq acoo = kaz cdg
inz acop acoq acoo = vmw fpy yeb aabh
ioa acop acoo = iyc pny vev sus
iob acoo acop acoq = bul yhn edx
ioc acoo acop = vnm yri (lyh ylg)
iod = gpw
ioe acoo acop = iis
iof = pir bxg vvp yzq
iog = ufr ucd
ioh acop acoo acoq = ege
ioi acop acoo = abu
ioj acoo = mhz
iok acoo acop acoq = dhw ubg
iol = oy mrq
iom acoo = sdy wvd qyq fag
ion acoo = pyf aaiw
ioo acoo acop acoq = kva
iop acop acoo = zoy
ioq acoo acop acoq = qnd
ior acoo acop acoq = qim zvi
ios acoo = uom
iot = jk
iou = czt com ytn
iov acop acoo = nga (gzd aacb)
iow acoo acop = hgf trz
iox acoo = jnt
ioy acoo acoq acop = acjp aakn
ioz acoo acop = hjh
ipa = khn dtg fkr
ipb acoo acop = cmy
ipc = ceh
ipd acoo acop acoq = lve dba mum
ipe = xhz
ipf = vqg
ipg acoo acop = idz xci pzk asb
iph = abf
ipi acoo = rva
ipj = abek lle uah
ipk = bnq aayo uuj
ipl acoo = ldt ksx
ipm = zfu
ipn = luf acm olf
ipo acop acoq acoo = yhx hiw
ipp = dkr
ipq acoo = vyd yoo ldj
ipr acop acoo = ogm
ips acoo = ymu hjf
ipt acoq acop acoo = ejg
ipu acoq acop acoo = mod
ipv = api
ipw acoo acop acoq = enn btn ghu abhi
ipx acoo acop = est
ipy acop acoo = eag
ipz acoo acop = dmg
iqa acoo acop = ult
iqb acoo acoq acop = bjd
iqc acoo acop = cdr fqn
iqd acoo acop = bw
iqe = xo
iqf = abnq sxp
iqg acoo = npx
iqh = xan nxo
iqi = rcq olx vah
iqj acoo acoq acop = xcn
iqk acoo = fur fxu
iql acoo = iko thl guv
iqm acoo acop = uov
iqn acop acoo acoq = rek fpg
iqo acoo = azy qac abuy
iqp = hwt
iqq acop acoo = rni
iqr acoo acop = ysm abox abwx
iqs acoo = ovz knn tjf
iqt = xxh xsv cgb
iqu acoq acoo acop = idf
iqv acoo acop = avm ngt
iqw = fqz mij
iqx = qeq
iqy acoo = cdg qnb utk bnw tm
iqz = zqz rxy mry
ira = hxy gap
irb = yot
irc = pos mkx
ird acoo acoq acop = wmw
ire acoo acop = rau
irf acoo = sze zwy
irg acoo = une uza qx vex
irh = acbx nbf
iri acop acoo = hgj
irj acoo acop acoq = pjy
irk acoo acop = uie xon
irl acoq acoo acop = oac php
irm = asf
irn acoo = zot xdk
iro = szr
irp acoo acop = adg wlg
irq acop acoo = okq
irr acop acoo = ebs tph acix acfw
irs = yyd vxs
irt acoo = req ojt
iru acop acoq acoo = ucy tmu
irv acoo = hdp stu
irw = bbv
irx = mfp afy een
iry = rij
irz acop acoo acoq = ioe ync dhc
isa acoo = vit
isb acoq acop acoo = cqt
isc acoo = bfa ylo
isd acoq acoo acop = ocq sob wwe cpt
ise acop acoo = hqj
isf = nsr
isg acoo = upe
ish = abow
isi acoo = gaz
isj acop acoq acoo = ees ym dog tbn
isk acop acoo = wsh nyv
isl acoo acop = wob
ism acoo acop = ved
isn acoo acoq acop = wot
iso = bce
isp acop acoo = qwu jzw nqt
isq = fhg pmt
isr acop acoo = pib (sof aawx mem)
iss = jjo (gvw chw kcl)
ist acoo = iwd cpf abot
isu acop acoo = lri ljb nio aaxb
isv acoq acop acoo = mdg
isw acoo acop = huv wfl vzs
isx acop acoo = abgv
isy acoo acoq acop = qlt abxj hpm (trz dqq)
isz acoo = sbo wzz gbr
ita = ivq
itb acoo acop = lqm
itc acoo acop = nmy ccv
itd = nyp
ite acoq acop acoo = oss wbs
itf acoo = fys
itg acoo = lid
ith = nye acdu osi tpg
iti acoq acop acoo = zvb hxy cdb
itj acoo acop acoq = psw
itk acop acoo = aiw ysy
itl acoo = sbw
itm = hyg yxe ajl
itn = gjx xcr iik
ito acoo acop = gjf jdx
itp acop acoo = pkb
itq acoo = abwz csg gvh
itr acoo acop = rau
its acop acoo = ooa lmz
itt acoo = aii vio
itu acoq acoo acop = eeo aaob
itv acoo acop = lka
itw acoo acoq acop = amo
itx acoo acoq acop = abev glx psm fbz
ity acop acoo = jgx
itz acoo acop acoq = upk sqo oko
iua = gqj ung hdv rqx xma
iub = xgr acd nlk
iuc = eje
iud acoo acop = uyn nos iyi
iue acoo = exe
iuf = rbd
iug acop acoo acoq = kag pxd (rdh noi)
iuh = bui dxs ntd zed
iui acoo acop = sfx
iuj acoq acoo acop = oeo dgu
iuk acoo = aly
iul acoo = onk tdv
ium = muc xur
iun acop acoq acoo = bus dhd uns xtl
iuo acop acoo = ald
iup acop acoo = iqn
iuq = sgn aapu rpu
iur acop acoo = nuf rbn txk hgi
ius = ezp
iut acop acoo = xye jww jdo
iuu acoo = xya cms
iuv acoo acoq acop = lnd
iuw acop acoo = mod hwy
iux acop acoq acoo = rwe bcz doo
iuy acoo = dfg
iuz acoo = rqg meg
iva acop acoq acoo = kec
ivb acop acoo = abgd yqo
ivc acoo acoq acop = hlx
ivd acoo = fbq xng
ive = sek
ivf acoo acop acoq = qy
ivg = lrv
ivh acoo acop = pid yjb
ivi acop acoo = ch
ivj acoo acoq acop = qfa
ivk = eyg fnm aqj
ivl = ddp tka
ivm acoo = lbm qhm pby aayr rh
ivn acoo acoq acop = ypq
ivo = kb aauw rvq
ivp acop acoq acoo = usx
ivq acoo acop = pjk
ivr acoo acoq acop = aet jqr rry qpb
ivs acoo = nal
ivt acoo acoq acop = xfu abwd fvo
ivu acop acoo = ipf
ivv acoo acoq acop = xlz
ivw acop acoo = nia ncw
ivx acoo = fzj wxo
ivy = gmk hzr kyo toi
ivz acoo = xgc
iwa = ako
iwb acoo = hyz
iwc acop acoq acoo = iyx
iwd = cxp mqq
iwe acop acoo = yxf iva qzw
iwf acop acoo acoq = xxr fdx gfy
iwg = cjz
iwh acop acoo = oft wan
iwi acop acoo = nbl aaau wxw
iwj acop acoo = abyb aaar bmy gtq
iwk acoo = gxu
iwl acoo = tbv pei
iwm acoo acop = kaz
iwn = meu
iwo acoo = nsu zuv ro ds tbq
iwp acop acoo = yzj
iwq acoo = gkt
iwr acoo = yrr blm
iws acoo = ngn loa
iwt = nyl (hle cb)
iwu acoo acop acoq = oyi
iwv = wyp
iww = xlm
iwx acop acoo = obz oce
iwy acoo = dpp
iwz acop acoo = igb abhw qsz
ixa = hpo
ixb acoo acop = yrx pkw vdf wke
ixc acop acoo = lmt
ixd acoo = sfb
ixe acoo = uir bwk fha abbj
ixf = pd
ixg acop acoq acoo = muv
ixh acoo acop = boe
ixi acoo acop = hrt ckp thg ggb juk
ixj acop acoo = abmm (mju aud)
ixk acoo = nsh
ixl acoq acoo acop = ugz pdo
ixm acoo acop = yvp abkq leg ajk aazo
ixn acoo = jaw yfz
ixo acoo = zeu hue bqn
ixp acoo = aatc
ixq acoq acoo acop = muc zdu eya txq jjb
ixr = gvh
ixs acoo = znr mmq
ixt acoo = fww
ixu acop acoo = ncy
ixv = uml
ixw acoo acop acoq = udr usl eok zyc
ixx = ddo
ixy acop acoo acoq = ii
ixz = fro zph qgt aso
iya acoo acop = gfe
iyb acoo = str
iyc acoo acop = tsj
iyd acoo = ymk ftf mji mrt
iye acoo = fzo
iyf acoo = acb
iyg acoo = bzo
iyh = abii efy lyz
iyi acoo acop acoq = zvy
iyj acop acoq acoo = sdz
iyk acoo = tqn cvk ybo ppi
iyl = shm
iym acoo = aaxo bgy
iyn acop acoq acoo = ame nst yvj sc
iyo = oru sit
iyp = lwv
iyq acoo = moc
iyr = uyb bln
iys acoo acop acoq = aaqh
iyt acoo = mze
iyu acoo acop = jyn
iyv acoo acoq acop = dxm
iyw acop acoo = owz gxk ldo
iyx acoo = grt trq jll oh
iyy acop acoq acoo = mue ixl abpx
iyz acop acoo = vtu
iza acop acoo acoq = qqv
izb = sqw
izc = acgi
izd acop acoq acoo = jwh
ize acop acoo = hpw
izf acoo acoq acop = lai vgh
izg = hjr
izh acoo = eqt
izi acop acoo = oj
izj acop acoq acoo = tb
izk acoo = gzs
izl acoo = snj
izm = mer mrf yet pfk kph
izn acoo acoq acop = xpu
izo acoo = rru
izp acoo = ifd
izq acoo = lli vhq
izr acop acoo = deh bpp (bce abao)
izs acoo = pfh
izt acoo = kbk tkv
izu acop acoo = yeb ntu
izv acop acoo = vse
izw acoq acoo acop = hix pnk
izx acoo = h
izy acoo acop acoq = zyv absr wbl sdf
izz acoq acoo acop = evt phq rtj
jaa acoo = hek
jab acoo = nvc
jac acop acoo = hjy
jad acoo = gqq
jae acop acoo acoq = abrs
jaf acoo = ick ogy
jag acoo = sgz uja
jah = iyv
jai acoo = tvg ztq
jaj acoo acoq acop = uan abkf aqi
jak acoo acop = swe
jal acop acoo = eaq aky
jam acoo = smx
jan acoo = gic
jao = ron
jap acoo = yfs
jaq acoo = qmn kcd ykl css xzn
jar acoo acop = wrk
jas = uf mvq ynh dqm
jat = abgw
jau acoq acop acoo = tby
jav = ghc pfe
jaw acop acoo = acfb
jax acop acoo acoq = kjn absl
jay acop acoo acoq = nva
jaz acoo = abmt
jba = mkb
jbb acoo = ksi
jbc acop acoo = acem vmg
jbd acop acoo = kva aaai yaw atj vbr
jbe acop acoq acoo = rta
jbf acoo acop = ynl
jbg = wkl
jbh acoo = kz (xuk ekx)
jbi acoo acoq acop = hiw yqc
jbj acoo = vfu
jbk acoq acoo acop = nlu ydz qwq rfw
jbl acoo acoq acop = guh ahz
jbm acoq acop acoo = jdj rir mun
jbn acoo = vwd
jbo = juy
jbp = mjz ylu qdg hvj
jbq acoo acop = bzx
jbr acoo = kq wzl wqr wwm
jbs acoo = psz
jbt = cjp
jbu acoo acop acoq = xzt
jbv acoo = yzk pqs owt
jbw = tna pzy
jbx acoo = gwq
jby = rd
jbz = abiv ksd
jca = uk
jcb acop acoq acoo = apk
jcc = lqo
jcd acop acoo = etr
jce acoo acop acoq = ghw
jcf acoq acoo acop = dnl
jcg acoo acop = acop (cfx utv yco)
jch acoo = chu
jci acop acoq acoo = ppf xol
jcj acoo acop = ulx lrn xxc eso
jck acop acoo = tlw ofr
jcl acoo = xkb
jcm acoo acop = mtq bzt zlf xri aaoz
jcn acop acoo = sbf
jco acoo = sof
jcp acoq acop acoo = knk aagt nqd
jcq acoo acop = usu
jcr acoo acop = fls
jcs acoo acop = slo
jct acoo acop = bqr mqv sgq acmf
jcu = aaxd cpa
jcv acoo = mvp
jcw = elh aht fv
jcx acop acoo = iwz qsc
jcy acop acoq acoo = abpm
jcz = ot
jda = ntr
jdb acoo acop = lhf
jdc acop acoo = ylz
jdd acop acoo acoq = qbn obv
jde acoo = clz
jdf = nbv
jdg acoo = gyx
jdh acop acoo acoq = daq aaxv xpn lvq
jdi = jkt juj ftk sfk
jdj acoo acop = ftu lqz irw bce
jdk acoq acoo acop = mgm
jdl = wrk xja
jdm acoo = mvj
jdn acop acoo = alz
jdo acop acoo = vzk
jdp = fzi
jdq acop acoo acoq = bhx
jdr acoo = nmh
jds acoo acop = ezz kia
jdt acoo = drw ome szd
jdu acoo acop acoq = ogo
jdv acoo = ana
jdw acoq acop acoo = pod (vou dvu eth uwy)
jdx = thb daz pcm cqd acei
jdy acoq acoo acop = ise fhx
jdz acoq acop acoo = rir
jea = dji iyn xsr
jeb = nzj
jec = pfh
jed acoo acop = abrz
jee acoo = bm zht
jef = tuh
jeg acop acoq acoo = ksa nrf zij
jeh = cet
jei acop acoo = cqm sgk
jej acoq acop acoo = mwp
jek acoo acop = vgv
jel acop acoo = zj
jem = dtz
jen acoo = iui dpe
jeo acoo = xmt
jep acoo acoq acop = rek osv
jeq acoo acop = nyy
jer acoo = kjl
jes acoo = acma
jet = axy
jeu = aaee
jev acoo acop = aabl zvf xru
jew acoq acop acoo = acea
jex acop acoq acoo = fzs wmw tsv oey
jey acop acoq acoo = izj
jez acoo = ahw bje xzo
jfa = wj jsl anq
jfb = kpa
jfc acoo acoq acop = ovw
jfd acoo acop acoq = kql
jfe acoo acop = zqf
jff = aafz dxt gdd
jfg = toq
jfh acoq acoo acop = zah (yxz xkc) eqa
jfi acoo acop = bv
jfj = gda dzm crc
jfk = xfw shf
jfl acoo = abty (nhi oym yit)
jfm = drr
jfn = jmc oqf
jfo acoo = evf dxy
jfp acoo acop = fj fva
jfq acop acoo = abpa
jfr = yox
jfs acoo acop acoq = hhn qsn voj
jft acop acoo acoq = uhr
jfu acop acoo = oxl
jfv = aabn (acbb ozf) wye
jfw = dpq
jfx = fmh hwi
jfy acoo = wjh
jfz = rhm etj
jga = nll
jgb acoq acop acoo = mbm imy xha
jgc acoo = bbd
jgd acoo acop = adl
jge acoo = acbk
jgf acoo = sor
jgg acop acoo = djt
jgh acoo = oqu gga vba sff
jgi = zbe nck jah euu
jgj = ygv
jgk acoo = awo gye ark
jgl = qxp
jgm = tjf
jgn acop acoq acoo = abcf pzx
jgo acoo acop = dvn
jgp acop acoo = def zog uqf qrf
jgq = abzt
jgr acoo acoq acop = tzm ggx bsu
jgs acoo acop = acfm opx
jgt acoo = zkc dki lww
jgu = onz pek ldg
jgv acoo = xkg nrj jdn
jgw acop acoq acoo = afd
jgx acoo acoq acop = jfi
jgy acoo acop = buv vel
jgz acoo acop = jl kuf
jha acop acoo = cbt epq qkv
jhb acoo = spa xvq bbi (dn idc)
jhc acoo = xfs
jhd = kis
jhe = jh
jhf acop acoo = aach
jhg acoo acop = xfx
jhh = fpw f xkm jhp
jhi acoo = pma gxp
jhj acop acoo = qh
jhk acop acoq acoo = igb
jhl acoq acoo acop = vzd
jhm acoo acop = kgr lih
jhn acoo acop = hfu
jho acoo = emx
jhp acop acoq acoo = sge dcp syu
jhq acop acoq acoo = frz sai
jhr acoo acop = vpg rdo enc mhf
jhs = jkx
jht = jvh
jhu acop acoo acoq = fvm oqj
jhv acoo acop = wqx mgl
jhw = yfc
jhx acoo acop acoq = zfw
jhy acoo acop = dju
jhz acoq acop acoo = giz
jia acoq acoo acop = bsl
jib acop acoo acoq = acdc
jic acoo acop = xry
jid acoo = wpn
jie acoo acoq acop = ihj
jif acoo = ztu nkj gdk
jig = szp rpr
jih acoo acoq acop = foe doq kqd fax
jii acoo = eyc
jij = llm
jik acop acoo acoq = fmz
jil acoo acop = att
jim acoq acoo acop = nnl ckc ztd abli
jin acoo = dhc
jio acoo = kkm
jip acoo acop acoq = utm
jiq acoo = zib fjr adw
jir acoo acoq acop = xen dgf
jis acoo = kba
jit acoq acoo acop = evn
jiu acoo = ihp
jiv acoo acop = pak hmu yaw
jiw acoo = woc abff kso cbb
jix acoo acop = qox srg cpf neo
jiy acoo = hur
jiz = zek
jja acoo acop = vbn emo
jjb acop acoo = whd cqc (jbo abzb)
jjc = dpp rfc tn
jjd = bvw bqq abws
jje = wrk fzm glx
jjf acoq acop acoo = eri
jjg acoo = hcq pzu cus jlc
jjh = osy xya bra icd
jji acoo = zbw go
jjj acoo acoq acop = bfx hwy
jjk = kla ejq goa
jjl acop acoq acoo = osn
jjm acoo acop acoq = mkv gch rgc
jjn acop acoo = pqg
jjo acoo = aadh xex
jjp = aafc nas
jjq = myl yha accl mat bej
jjr = sva
jjs acoq acop acoo = aboc egf hir
jjt acoo = nge
jju = grh wxc aim
jjv = ywc lcu zat
jjw acoo = xrs
jjx acop acoo = rpy
jjy acop acoo = gcy
jjz = cet
jka = cme uwc
jkb = myo
jkc acop acoq acoo = rpb
jkd acoo = awd
jke acoq acop acoo = nsh
jkf acoo acop = nnv
jkg acoo = lid
jkh = qrr
jki acoo acop = sox
jkj acop acoo = mkl xkc xbw aafh dps
jkk acoo acop = uhy
jkl acoo = fpu
jkm = hzv
jkn acoo acop = jzo
jko acoo = gew
jkp acop acoo = way
jkq = vxp tfo wpn
jkr acoo acoq acop = ehg kon
jks acoo acop = vcv
jkt = lky
jku acop acoo = vxp fjx ffd ehu
jkv acoq acop acoo = pfg vvz
jkw = sb
jkx acoo = oyp
jky acop acoo = pfw zey
jkz acoo = uea qko ggr
jla = efc vbu
jlb acoo = uaf nui wnk zrx
jlc = qdh
jld = uuc qwm sjz nau
jle acoo acop acoq = asc
jlf acoq acop acoo = bac
jlg acoo = aaqw jmi
jlh acoo acop = elu
jli = aza npd ujb dbf
jlj acoq acoo acop = uge uek (xyp wtg)
jlk = ecx nmh itc man mtt
jll acoo acop acoq = abgo
jlm = aasl
jln = paw skw lww
jlo = r li
jlp acop acoo = dod
jlq = byr
jlr acop acoo = tyk
jls acoo acop = ujz
jlt acop acoo = mff aaxv
jlu = gx
jlv acoo = ehb
jlw acop acoq acoo = zhx jzu
jlx = gce tiy qjl abcw wnj
jly acoo = nch snx acgh fdk
jlz acop acoo = het ryh jkv aqz
jma acoo = plv
jmb acoq acoo acop = vht
jmc acoo = fhh atm
jmd acoo acop = smp xp
jme = fqm (dpc aapd)
jmf acoo = jte ewg
jmg acoo = fwn dda ivs ong mxb
jmh acoo = trn
jmi acoo = swi
jmj = uvm
jmk = swx oac
jml acoo acop acoq = kxn
jmm acoo = ucx
jmn = dzc cf
jmo acop acoo = lht dur
jmp = evr
jmq acoo acop = cne
jmr = kxh
jms acop acoo = dmj
jmt acoo = mqv
jmu acoo = xbz tjs aced
jmv acoq acoo acop = foh lqa
jmw acop acoq acoo = ogf pzn wee
jmx = jik
jmy acoo = vph
jmz acoq acoo acop = jqo
jna acoo = rpg aadz
jnb acoo = hvp
jnc acoo = gwb
jnd acop acoo = erj
jne acoo acop = hkh
jnf acoq acop acoo = zwb po
jng acoq acop acoo = ezv
jnh acoo acop = abrh abfr abrc kmt
jni acop acoo = kiq aawf
jnj acoo acoq acop = lrt
jnk acoo acop = vtf
jnl acop acoo = hdl
jnm acop acoo acoq = wfg rtc zos
jnn acop acoq acoo = cqm
jno acoo = pdh cnv
jnp acoo = ymg dml iav xmo mmg
jnq acop acoo = zul
jnr acoo = yom fjx
jns = clu (abtx doz)
jnt acoq acop acoo = jvm
jnu acop acoo = rvh
jnv = cqk
jnw acoo acop acoq = ehd byk ltm
jnx = vep fox
jny acoq acop acoo = fiw bzd
jnz acoq acoo acop = sfq
joa = nqd jbc
job = vhq gix
joc acoo acop = sxk nob vrq
jod = dmu
joe acoo acop acoq = ksi xjj caf
jof acoo acop = irh
jog = svs rpf oze jos
joh acoo = mje
joi acop acoq acoo = kvd
joj acop acoo = spq gpc
jok = nsg
jol acoo acop acoq = uxd
jom acoo acop = ili
jon acoo acop = mvn
joo acoq acop acoo = vnz jgj
jop acoq acoo acop = och acop owv
joq acoo acop = qte rxa tt
jor acoo = edd
jos = zbi
jot acop acoo acoq = sba zsl rih xsm
jou acoo acop = qrp
jov = gbb bks yku
jow acoo acop = wjt oun
jox = aclz
joy acoo = iax yhx aazp
joz = qlz hnm
jpa = fsy
jpb acop acoo = iqg jql
jpc acop acoq acoo = uez dku
jpd acoq acoo acop = xte
jpe acop acoo = hjr jim
jpf = ssf ybs (tqn zqz)
jpg acoo = thj pp ngq dkt cyd
jph = qan
jpi acop acoq acoo = lgl
jpj acop acoo acoq = dyf hc
jpk acoo acop = ohf ugv sol gw
jpl acoo acop = auv
jpm acoo = hoi
jpn acoo = wyp ysx
jpo acoq acop acoo = fma fge vdp aim
jpp = quu
jpq = jzh
jpr = khj
jps = wcl woh ygu
jpt acoo = dnk zwx
jpu acoo = efm
jpv acop acoo = obm aben jqy
jpw acop acoo = tcz
jpx acoq acop acoo = ucj
jpy acoo acop = rvs
jpz acoo = wcl
jqa acop acoo = txn
jqb acoq acoo acop = wvz qlq
jqc acoo acop = hyf
jqd = srj
jqe acoo acop = lta xfy aayp
jqf acop acoq acoo = pnx abvr
jqg acop acoq acoo = nru
jqh acoo = rwa gac gxn
jqi = piq
jqj acop acoo acoq = wlh vvd
jqk acoo = qm
jql acoq acoo acop = ub
jqm acoo acop = ccm
jqn acop acoo acoq = ssf ypa avd
jqo = zso czw
jqp acoq acop acoo = zep
jqq acop acoo acoq = akd lhc
jqr acoo = qsy
jqs acoo = rui aasc hir oad
jqt acoo = jhv
jqu acoo acop = nhu
jqv acoo acop acoq = zwk sfb fyv
jqw acoo acop = hcc
jqx acoo acoq acop = gcl
jqy = mqi xyg xlq
jqz acop acoq acoo = jkg
jra acop acoo = dxx agr
jrb = gcm abbh dby
jrc acoo = lxw
jrd = acba mil
jre acop acoo = lqx
jrf acoo = hga dto hzl
jrg acop acoo = tur aoo (qah drr eqe)
jrh acoo acop = nih
jri acop acoo = qda
jrj acop acoq acoo = vxg
jrk = duq sid xl gji
jrl = uyd
jrm acoo acoq acop = axo
jrn acoo = txc
jro acoo = mgm jpp
jrp = euv
jrq acoq acop acoo = jtw
jrr acoo acoq acop = xai aalu
jrs acoq acop acoo = alm
jrt acop acoq acoo = miv
jru = edl
jrv acoo acoq acop = sog uma gvr crz
jrw acoo = tjj
jrx acop acoo = bcv
jry acop acoo acoq = aavj yzo
jrz acoo acoq acop = brj
jsa acoo acop = qoo
jsb = acgi njt sdn yav hfh
jsc acoo = ukg gqy
jsd acop acoo = moj ubu fet
jse acoo = qjj
jsf acoo acop = rll
jsg acop acoo = oje ttr
jsh acoo acop acoq = nuu
jsi acoo acop = mus
jsj acoq acoo acop = lrx
jsk acoq acoo acop = axk bko iek
jsl = ru
jsm = pcp
jsn acoo = hzi acjw gks smq mql
jso = bkm
jsp acoo acoq acop = axa vuj
jsq acoo acop = dao
jsr acop acoo acoq = ztc xit
jss acoo = kjk
jst = vvb
jsu acoo = dhz ocx oqs bsu ede
jsv = aagh ece cl
jsw = sgz
jsx acoq acoo acop = ndm jsl blc gmr
jsy acoo = mfj owj hde atq
jsz acoq acoo acop = jad
jta acoo acop = wmh
jtb = gcm ivu
jtc acop acoq acoo = qq
jtd acoo acop = ltw
jte acop acoo acoq = fys
jtf acoo = nxr rve
jtg = yco nje
jth acoo = hww jqd vvj
jti acoq acop acoo = bqi xcj
jtj = su ypr krm for
jtk acoo = str acii lqa
jtl acoq acop acoo = miy cva (igv rib por)
jtm acoo = maa sdu tcz
jtn = omg tvi
jto = abtj
jtp acoo = ydn pwf
jtq acoo = bsj
jtr acop acoo acoq = tze
jts = cfg
jtt acop acoo = auw eyj
jtu = yjn elu isp
jtv acoo = sht
jtw = lfj
jtx = wmv
jty acoo = cix jfz zpd
jtz = axe ymb
jua acoo = pzk ukv
jub = fwn (qgt xgx)
juc acoq acoo acop = wdv
jud acoo acop acoq = xbu
jue acop acoo = eze
juf acoo = opb
jug = arz acha rtq fyv acbl
juh acoo acop acoq = vab
jui acoq acop acoo = gws
juj acoo acop acoq = skb
juk acoq acoo acop = akz
jul acop acoq acoo = mgy vih evr nvq
jum acoo acoq acop = dhl
jun acoo = yps ija kes lh
juo acoo acop = rud gts
jup acoo = aqm
juq acoo = jxr qd ehz zsk
jur acop acoo = inq
jus acop acoo = pku cwh (eed kft)
jut acop acoq acoo = drd
juu = nwk lyu
juv acop acoo acoq = asx fjw qml
juw acoo acoq acop = vff rnq tsf loi
jux acoo = too
juy acoo = she bdz pck (bqt mds)
juz acop acoo = gxy
jva = kyu
jvb acoo = zys ijg
jvc acoo = rar
jvd acop acoo = kab
jve acoo acoq acop = cpz
jvf acoo = jwv
jvg = ref
jvh acoo = kd aawt
jvi acoo acop = aar yno
jvj = aclt eud aaly
jvk acop acoo acoq = ekq
jvl acoo acop = sut (ozt grt) wsl
jvm = fyo
jvn acoo = zyz
jvo acoo acop = jgg
jvp = jui pkg
jvq = iwa
jvr acoo acop = pfi mok mud
jvs acoo acop = fii aaxq
jvt acoo acop = ueo
jvu acoo = knk
jvv acoo = tva
jvw = yan dnz xva
jvx = zbm
jvy acop acoo = bap
jvz acop acoo = ayo dlf hxk
jwa acoo acop = xak
jwb acoo acop = sle htg nvm
jwc acoo = meq
jwd acoo = able
jwe = tfo
jwf acoo acop = owm (goo rkq) ryw
jwg = fsr
jwh acoo acoq acop = yfq
jwi acoo = uwv
jwj acop acoq acoo = lgy hkn whf btd owq
jwk acoo = xlu
jwl acoq acop acoo = acki
jwm acoo = alk
jwn = dom
jwo acop acoo = oln
jwp acop acoo acoq = oxn
jwq acop acoo = oek
jwr acoo = ljv
jws acoo acop = cmv
jwt acop acoo = gds
jwu acoo acop = vtc
jwv acoo acoq acop = qey
jww acoq acoo acop = tne
jwx acoo = syc
jwy = ywm kkj pyk cds
jwz = eap
jxa acop acoo = gig aaas
jxb = kod
jxc acop acoo = pgd ydn tnk wj
jxd acoo acop = abhd
jxe acoo = udx
jxf acoo = fpb hny blo
jxg acoo = abae
jxh acoo acop = hbg pat nwt koz
jxi = tnw
jxj acoo = vpm
jxk acoo acop = uns tdk
jxl = dbl
jxm acoo acop = swj
jxn = pzr aaec acii
jxo = fef kuf
jxp acoq acop acoo = sjf uri fqc
jxq acoo acoq acop = ef
jxr acoo = eit ecr scj
jxs acoo = til uuy vcu
jxt acoq acoo acop = zde nvj rvc
jxu = yhj
jxv acoq acoo acop = ayl
jxw acoo = vlt rhq
jxx acoo acoq acop = agz ywo
jxy acoo = hdd
jxz acoo acop = xwk
jya acop acoo = gju
jyb = omu gzw (paz nry)
jyc acop acoo = dsy
jyd = bfl
jye = ki
jyf acoo = bw
jyg acoo acop = ecf vjv wbi
jyh acoo = mex ism
jyi = eak
jyj acop acoo = uip
jyk acoo = ezp
jyl acop acoo = lfw
jym acoo = xi mvd xuk
jyn acop acoo acoq = dlf rga oqo ylp
jyo = knj jvw
jyp acoq acoo acop = xqj
jyq acoo acop = hrl ndj (abah epl)
jyr = nxi uaw
jys acoo acop = aajz
jyt acoq acop acoo = fjg
jyu acop acoo = uy cki wn
jyv = dms
jyw = abqs sra
jyx acoo acop = tfi jrr
jyy acop acoo = ggp jcz yot
jyz acoo acop = yij abyp vfk
jza acop acoo = vr qwb
jzb acoo = jrb
jzc acop acoo acoq = abtb
jzd = jny
jze acop acoo acoq = ukt
jzf = wzf qbj
jzg acoo = jnv
jzh acoq acop acoo = rsu pgn
jzi acoo = kzi tbx
jzj acoo = qcb buf tru
jzk acoo acop = kdd
jzl acoq acoo acop = rhv
jzm acop acoo = wqy oue usx
jzn acop acoo = mxs sta vwq
jzo acop acoo = mow qie ycd jk
jzp acoo = cgf pwt edc (qwv mai)
jzq acoq acoo acop = ehm wzh dvf
jzr acoq acoo acop = aoh shx nzn suf
jzs acoo = vhn
jzt acoq acoo acop = yb vaa
jzu acoo acoq acop = wnz jfv gra snf
jzv = ugz
jzw acoo = gkw
jzx acoq acoo acop = all
jzy acoo = qae
jzz acoo = msl aaq
kaa acop acoo = dcd
kab acop acoo = rtc
kac = yeb zqn zgu
kad acoo acop = gux rmk
kae = niw zei
kaf acoo = wkz
kag acoo = vku fss unu
kah = gzg
kai acop acoo acoq = vhf zmq hcg upc
kaj acop acoq acoo = jwi
kak acoo acop = acar
kal acoq acop acoo = pmc
kam = kuo
kan acoo acop = cfp
kao acoo = zxi
kap acoo = vtb
kaq acoq acoo acop = abyr mtt
kar acoo = dzf
kas acoo acop acoq = vki
kat acop acoq acoo = uhx
kau acoo acop acoq = ncn pzo
kav acop acoo acoq = dzf oti pxl
kaw acop acoo = xzc wbe aakq xqg
kax = lci eyw kkl xbq
kay acop acoo acoq = pwj
kaz = ooh
kba acoo acop acoq = oaz qvj
kbb acoo acop acoq = xzl wjl
kbc = qda kaa acde thg
kbd acop acoo = qbl
kbe acoo = ada llb
kbf acoo = xvh
kbg acop acoq acoo = irf tvb
kbh = jnm
kbi acop acoo = leh tcs
kbj acoo acoq acop = lik qxf
kbk acoo acop acoq = vso
kbl acoo acoq acop = fuw
kbm acop acoo = nhy
kbn acop acoo acoq = pdh
kbo acoq acop acoo = xsx
kbp acoo acop acoq = vkh
kbq = xan nnf nrk
kbr acoo acop = fti (abp btj)
kbs acoo acoq acop = ybl
kbt acop acoo = abst
kbu acoo acop acoq = qxa
kbv acop acoo acoq = usb nzh ti uyj
kbw acoo = sfv
kbx acoo acop = abs
kby acop acoq acoo = vtd
kbz acop acoo = hnw ackc
kca = abhs
kcb acoo = irc
kcc acoo = fqb teh
kcd = gvj
kce acoq acop acoo = ovc pvf
kcf acoo = ovz gr vem
kcg acoo = rhz
kch acoq acop acoo = yib zho tvp
kci acoo = zp
kcj acoo acop acoq = abyv
kck acoo acop = hme gez aow
kcl acop acoq acoo = bgp
kcm acoo = ujo
kcn acop acoo acoq = vjj mhg
kco = mmv dgb
kcp = qk
kcq acoo acop = vdl
kcr acoq acoo acop = ddc trq vtr
kcs acoo acop = zlr
kct acoo = sf
kcu acoo acop acoq = dyr ces
kcv acoq acop acoo = qny
kcw acoo acop = szw
kcx acop acoo = nhi
kcy acoo = dfm lmb pdj
kcz acoo acop = ycz
kda acoo = vzd
kdb acoo = lwc
kdc acoo = xjj
kdd acoo acop acoq = ut vdh xxc syf dzb
kde acop acoq acoo = ihg fhg mgc
kdf acop acoo = mvn ipb
kdg acop acoo acoq = ubl dlu ujl rra
kdh acoo acop acoq = dmm
kdi acoq acop acoo = gcf
kdj = pab plo
kdk acoq acop acoo = ytt
kdl = jdf
kdm acop acoo = eqb nen
kdn acoo acop = djg abzc
kdo = mbp mzv elj
kdp acoo = upe aayr fnd
kdq = hum exx
kdr acop acoo acoq = lhk
kds acoo acoq acop = aaws acdy
kdt = mt diy
kdu acop acoo acoq = gvq (acjm ka) tee
kdv acop acoo = bnb brj dqb accg
kdw acoo = oew uon tvi sic
kdx acoq acop acoo = obp
kdy acoo = wsb
kdz acop acoo = aayo ejl
kea acoo = sim
keb = tfa
kec acoo acoq acop = dht
ked = cgt
kee acoo = aacj uxv
kef acop acoo acoq = hfg sfp gyt
keg acop acoo = iuy
keh acop acoo = ufa
kei acop acoo = het
kej = jfd isv ecv uzn
kek acoo = egs efh wol
kel = nbu mki dvv tnr
kem acoo = jch
ken acoq acop acoo = xzt
keo acoo acop = odv gbw nhx
kep acop acoo = mzl
keq acop acoo = qma xtn
ker acoo = gbe
kes = pob
ket acop acoo = ovq tua
keu acop acoo acoq = ndq
kev acoo = hoz
kew = fdn
kex acoo = lif
key acoo = riv slg
kez acop acoo = xye mxu
kfa acoo acop = ru msi
kfb acoo acop acoq = ymi
kfc = mnf qfb obx
kfd acoo = kwl
kfe = ccx (mcn skw hvb)
kff = nxe
kfg acoo acop = mrr (jyx yyp)
kfh acoo acop = ljn
kfi = hxk
kfj = apv
kfk acoo = uyv
kfl = onc
kfm = qxv rvz
kfn acop acoq acoo = fvr
kfo acoo = iaf xgg
kfp acoo = wbx (szl cei gen)
kfq acoo acoq acop = vvs spr
kfr acoo = qfv
kfs acop acoo = rfy
kft acoo acop = oze eae bsl
kfu acoo acop = ghz
kfv acop acoo = itd sia
kfw acoo acoq acop = wsk
kfx acoo acoq acop = pdd
kfy acoo = bfn
kfz acoo acop = lnc
kga = abeh
kgb acop acoo = zww
kgc acoq acoo acop = aanj
kgd acoo acop acoq = ssy
kge = kft
kgf acop acoo acoq = jat
kgg = tnq
kgh acoq acop acoo = nqb
kgi acop acoo = btu trf wmd
kgj = hyj
kgk acoo = jlw
kgl acoo = rul
kgm acoq acop acoo = qox auy
kgn acoo acoq acop = abed
kgo acoo acop = sbq
kgp = pdx abhq
kgq acop acoo = abfi tql ubz
kgr = fi vjb
kgs = idd
kgt acoo acop = ub
kgu acoo = bpe
kgv acop acoo acoq = ueg bna bsq
kgw acop acoo = wnz abee
kgx acoo = utg
kgy = kjv
kgz = nmi
kha acoo acop acoq = kgr
khb acop acoo = kmg
khc acoo acop = fc
khd acoo = csc
khe acop acoo = bjm
khf acoq acoo acop = wri juk
khg acop acoo = trj gjl acbs
khh acop acoq acoo = chb fxq gym
khi = aaje
khj acoo = lyn
khk acoo = spa abby dta aaso jng
khl acoq acoo acop = qad vbg bcz bsa
khm acoo = myj
khn acoq acoo acop = aale ud spy tca
kho = acii zqj
khp acoq acoo acop = zco acmk
khq acoo acop = oh
khr acoo = vvo
khs acop acoq acoo = scs
kht acop acoo = xrz vzm umf eaf ovi
khu acop acoo = iou
khv acop acoo = abyl
khw = dah
khx acoq acoo acop = spx
khy acoo acop = hlu wfw xio pdi
khz = pcf hdc bcf siz
kia acoo = zuu
kib acoo acop acoq = uaj ymw
kic = abbe
kid acoq acop acoo = kej
kie acop acoo = kp
kif acoo acop = az
kig = tnr oui abdr
kih acoo = vhs
kii acoq acop acoo = xdd
kij acoo = apy wqv era
kik acoo = tpr
kil acoo = swo
kim acop acoo = mig
kin acoo acop = cfh
kio acop acoo = upx
kip acoo = lvz
kiq acoo = hvb
kir acop acoo acoq = aio
kis acoo acop = wzb
kit acop acoo = dpv
kiu acoo acop = rsv
kiv = lof
kiw acoo = hrs ooe dol tzu
kix acoo acop = jvs
kiy = iqo jgu
kiz acoo = xun
kja = jha
kjb acop acoo = abfo
kjc = qpq
kjd acoo acoq acop = pse
kje acop acoo = tig fhz
kjf = fcv
kjg acoo = yaq rcd
kjh acop acoo = rfa
kji = cjt oko dix vrf
kjj = uan wgx
kjk = jki isi
kjl acoq acoo acop = bnk
kjm = asw fol vsx
kjn acoo = fuk dll
kjo acoo = wdo wmc
kjp acoo = zhr kyx fkk
kjq acoo acop acoq = vpi wui bgm
kjr = uwo
kjs acoo acop = nev hag txd jlt
kjt = tw cxo tri
kju acop acoo = bsh zmt bxy irr
kjv acoo acop = nfx dww vvq
kjw = lkg dan
kjx acoq acop acoo = yht
kjy acoo acop = gas
kjz = xlv
kka acop acoo = bkc
kkb acoq acoo acop = xgv
kkc = vmt
kkd = tkn
kke acoo acoq acop = ynk
kkf acop acoo = aaht jre nba
kkg acoo = abyz
kkh acoo = xxf
kki = ifl
kkj acoo = niz
kkk acoo = wmn
kkl acop acoo = sbw uqq koc
kkm acoq acoo acop = gtj
kkn = dhj kqf
kko acoo acop acoq = xjl
kkp acoq acop acoo = uhn
kkq = hbv vg
kkr acop acoo = vcm
kks acoo = ehp
kkt acoq acoo acop = tcl
kku acoo = rwh
kkv acop acoo = lkf
kkw acop acoq acoo = dya enh lzw lcy
kkx acop acoo = efo
kky = yqd
kkz acoo = blf
kla = lpn
klb = vn
klc = acjl
kld acop acoo = oyq
kle = epk
klf acoo acop = aawn
klg acoo = abmg
klh acoo = cnw
kli acoo = qal ozo gwq exr
klj acop acoo = abtc
klk acoo = ojs sf lnq
kll = dhv bhv
klm acoo acoq acop = ceo soi eir
kln acoo = poa gbx jba hmm
klo = etc uax
klp acoo acop = pas
klq = mxg wqj ett
klr acoo acop = frb flt
kls acoo acop = bjd xpd dlq
klt acop acoo = uxg
klu acoo = tqi vcv fgm
klv acoo = qry
klw acoo acop = wqn ols tvz
klx = hdl bcx
kly = ihg
klz acoo = byl
kma = itb
kmb acoo = jy
kmc acop acoo = aakg dma
kmd acoo = rnv noc auj pmn
kme acoo acop acoq = wpg pne qzx
kmf = vpw
kmg acoo = axj
kmh acop acoo acoq = wtk
kmi acoo acop = hjy pcy
kmj acoo = kix rbu
kmk = nll ah ah srs
kml acoo = dui bvs
kmm acoo = lmw
kmn acoq acop acoo = ivg
kmo acoo = cjb
kmp acoo acop = ewo
kmq acoo = zbi
kmr acoo = aei zwa qpz
kms = nw wnq evq
kmt acoo acoq acop = don qse
kmu acop acoq acoo = oen
kmv acoo acop = vvh ruj
kmw acop acoq acoo = xnw wlk iia
kmx acoo acop = fcj jzy
kmy acoq acop acoo = vma
kmz acoo = ewj
kna acoo acop acoq = iin yij
knb acoq acop acoo = scl
knc acoo = txe saf ckx aavy
knd acoo acop = whe lmq
kne = bma
knf acop acoq acoo = nkb
kng acoo = afv
knh acoo = czb qzs
kni acoq acoo acop = vxc
knj acoo acop = acdj
knk acop acoo acoq = zy hyt cri
knl = ark
knm acop acoq acoo = gus
knn acoo = vcj
kno acoo acop acoq = ptr
knp acoq acoo acop = kpu pin
knq = uez ckl ntf abwp
knr acoo = kzb
kns acoo acoq acop = wos ogh ain tcl
knt = plt zot tws
knu acoo = xdb
knv acoo acop = hnf xfq xuf
knw acoq acop acoo = uun abjw
knx acoq acoo acop = vtz bmi
kny acoo acop = oqo
knz acoo = ccf gxw wjx
koa acoo = bjl
kob acop acoo = abne zhm
koc = suf aen tth lux
kod acoo = juk pkb fga ehe
koe = rjv avf iih
kof acoq acoo acop = faw
kog acoo acop = qvy oqp eaz sm
koh acoo acop acoq = isq fun kwz chq
koi acoo = xlt acho ljx
koj acoo = ike hwq wdw
kok acoo = wnz
kol acop acoo = yew ldl mvt
kom = wms
kon = soc aaof
koo acoo = oxo
kop = xfy
koq = vju jgj (ias yks)
kor acop acoo acoq = bhm vof beu eot
kos = fmj
kot acoq acop acoo = acho
kou acoo = mm xbu
kov acop acoq acoo = xvg dfb scp abwt
kow acoo = bog
kox acoo = pta
koy acoo acop acoq = lxk
koz = zpz xln tbs vax
kpa = zas
kpb acoq acop acoo = ppp
kpc acoo = xlc abxm
kpd = ufq pbe
kpe acop acoo acoq = dmc jmu
kpf = daw
kpg = kke
kph acoo acoq acop = grg
kpi = opx
kpj acop acoo = wbb lra
kpk acop acoo = plu wwg aaok
kpl acoq acoo acop = sna lrm hsq
kpm acop acoo = cit rar nfz tss
kpn acoo = qpt rwe
kpo = bvx mmg nlj gwm
kpp acop acoo = nhs
kpq acoo = tmf kle txz
kpr = nyj
kps acoo acop = iee
kpt acoo acop acoq = ehb
kpu = atb
kpv acop acoo acoq = gnz
kpw acop acoo = awm
kpx = ooj
kpy acoo = pci
kpz acop acoo = jue
kqa acop acoo = pcd rrb opk chp pte
kqb = haz
kqc = aeu
kqd acoo acop = ubz qwn
kqe acoo = nvc
kqf acoo acop = abhf aaum kfg
kqg acop acoo = wuh yuk nsg
kqh = hxo
kqi acoo = wkk
kqj = dsa
kqk acoo acop acoq = wya (cfb xkm)
kql acop acoo = xlj frz abmf
kqm = btc
kqn acoo acoq acop = kbh (tur dyo)
kqo = bpe sty lbo tru
kqp = kez mlt
kqq acoq acoo acop = mig
kqr acop acoq acoo = dtx ntd cxm
kqs acoq acop acoo = xny qqj bpj weq
kqt = soj
kqu acop acoo acoq = nvo gse
kqv = ngv yqh
kqw acoo = fab
kqx acoo = kyn
kqy = zos
kqz acop acoo = tna
kra acoo acop = lzc i kwr
krb acoq acoo acop = znt min kzz fwd
krc acoo acop acoq = ger mvh pzn
krd acoo acoq acop = gnd vlm
kre acoo acop = wch yhf ios
krf = yoq ioq
krg acoo acop = oyb aakp mmo zfw
krh = xxe
kri acoq acop acoo = rsj xer byc vql
krj acop acoo = abez okp
krk acoo = grz
krl acoo acop = fcl
krm = kyk gyw
krn acop acoo = mdv ugd koa
kro = yyr
krp acoo acop = icq
krq acoo = yeu
krr acoo acop = sre
krs acoo acoq acop = aams
krt acop acoo = yap
kru acoo = jwg abxe ttz wpc mjr
krv acoo = amz
krw acoo = tsi
krx acoo = ywb jst cwg
kry = acko
krz acoo acop acoq = qft
ksa acoo = bfl
ksb acoq acop acoo = gq
ksc = nim rig vup kfi
ksd acoo = plf uah
kse = os bqu nnl fdl nn
ksf acoo = acjp cbo wlj
ksg acoo = ijo fbd kkx eww
ksh acop acoo = gxl pse
ksi acop acoo acoq = vax
ksj acoo = fxf xnz
ksk acoo acop = xij
ksl acoo = wxs ioz
ksm acop acoq acoo = mvc
ksn acoo = owb abil wer
kso acop acoo = jua zmi
ksp = mna
ksq acop acoo = abce nvq acjl
ksr acoq acop acoo = woz
kss acop acoo = cys
kst acoo acoq acop = xgp
ksu acop acoo = art jbx
ksv acoo acop = pbb
ksw acoq acop acoo = edn
ksx acoo = xad eci zci
ksy = dkp
ksz acoo acop = cqg ktr nua ynn
kta acoo acop = pqm fts
ktb acoo acop = nww
ktc acop acoo = mzx
ktd acop acoo = eip abgy
kte = tzf (udq lwe)
ktf acoo acop = cmc oho
ktg acoo = kur qef uqs ykf
kth = udr
kti acoo = gmu oyl yde wpa iqq
ktj acoo = bpv oyp
ktk acop acoo = rds qbe zmi
ktl acoo = rmk pgs wuf czl san
ktm acop acoo = kap
ktn acoq acoo acop = xan
kto acoq acoo acop = qle
ktp acoq acoo acop = gbi mhg
ktq acop acoo = obi uty
ktr acoo = jlw
kts = lzr abow
ktt acop acoo = buj xud kte
ktu acoo = rmq
ktv acop acoo = kpi wfc rlo
ktw acop acoo = rqa wfs
ktx acop acoq acoo = ngc dhc
kty acoo = thg mta
ktz acoo acoq acop = rsv onp
kua acoq acoo acop = huw ggb
kub acoo acop = obf
kuc acop acoo acoq = gbe
kud acoo = lqs
kue acoo = qev
kuf acop acoo = une kqu cnc aahu nuk
kug acoo acop = pde
kuh = gch
kui acop acoo = gsx
kuj acoo acoq acop = uag cot
kuk acoo = tfn
kul = aatv hwa ter
kum = cnu lad (aahf hdg)
kun acoo acop = lmx hnb
kuo acoo = cel bvb
kup acoq acop acoo = aahh
kuq acop acoo acoq = aamt
kur acoo acoq acop = bfr rig pdm kpy
kus acop acoo = vfq pld fdd ivi
kut acoo acop acoq = iml hkg
kuu acoq acop acoo = bue llm
kuv acoo = sek gja
kuw acoq acop acoo = cyp
kux acop acoq acoo = vbb
kuy acoo = lkc
kuz acop acoo = kwu hcn abis
kva acoo acop = ano
kvb acoo acop = iwn ska ahc
kvc = nl qix
kvd = gvz
kve acoo = bcq ncz
kvf acop acoo acoq = imc uoz (ffo yp pga)
kvg = acbl saj dyu
kvh acop acoo acoq = avb
kvi acoo acop = srh
kvj acoo = aadc qnz
kvk = njx zmf gbo yxb acex
kvl acop acoq acoo = rie lzf
kvm acoo = gvv
kvn = xqe
kvo acoo = qtv
kvp acop acoq acoo = iqp
kvq acop acoo = abwg
kvr acoo = dfl iff ida mpz gqw
kvs acoo = pwg abqb aabl
kvt acoo acoq acop = xok
kvu acoo = bgc iky ium
kvv = bvt
kvw acoo = tkn
kvx acoo = txt olp
kvy acoo = bro pci
kvz acoo = lwx lsx tvb
kwa acoo = iqs
kwb acoo = rdj vgq
kwc acop acoo = oyd xow
kwd acoo acop = hgk
kwe acoo acop = wkc asc
kwf = zbe
kwg acoo = pwh
kwh acoq acoo acop = aaix
kwi acoo acop = wbw
kwj acoo acop acoq = jgl
kwk acoo acop acoq = euf txw (zoo lii)
kwl = nyk
kwm acoq acoo acop = pfc ave eac
kwn acoo = xzh
kwo acoo = gas xnh
kwp acop acoo = mpo
kwq acoo = cwq
kwr acoo = peq aqm qbr
kws acoo = wqh
kwt acoo = fql wyw zyy qsj
kwu acop acoo = aaiu kvk zbx jxt
kwv acoo = buf
kww acoo = fuj
kwx acoq acop acoo = vhd emo
kwy = pjk xev
kwz acop acoo = grg
kxa = tbz
kxb acoo = lwh inq
kxc = qjd
kxd acoo = qcn
kxe acoo = pvr
kxf acoo = dgy aafu raw
kxg acoo = wno
kxh = mix
kxi acoo = dpc
kxj = abev
kxk acoo acop = hk
kxl = aaxc
kxm = dnt
kxn = jns (tvc fti)
kxo acoo = wzg
kxp acoo = myp wmy
kxq = acdl unn tew doy
kxr = tfk
kxs acop acoo acoq = yif
kxt = iez udw slg
kxu acoo = mgh qau yfw
kxv acoo = hoo
kxw = fek eue iof
kxx = lhw cug pln pqb
kxy acoo acop = emh
kxz acoo acop = jjn
kya = erv tym
kyb = zhj wjr bqd
kyc acop acoq acoo = rrk
kyd acop acoo acoq = pdp
kye acoo acop acoq = dwm
kyf acoq acop acoo = upk mw uwh yvb sjk
kyg = mgm xej aaw vfu
kyh = jbq jcf
kyi acoo acoq acop = cxg
kyj = qpp zjl rtn
kyk = zhr
kyl = abhi
kym acop acoo = bpw
kyn acoo = hwv yrn xpy
kyo acop acoo = aaik bha yfp jwr vgt
kyp acop acoo = nvq hxi
kyq acoo acop = bvg pmb
kyr acop acoo acoq = acgj
kys acoq acop acoo = die
kyt = fcg xww
kyu acoq acop acoo = atd
kyv acoo = qvc yjd
kyw acoo = zzh
kyx acop acoo = pdm
kyy = nhi mcm
kyz = jef fgk
kza acoo = abce lwr af amz
kzb acoo = ype tut uvw
kzc acoq acoo acop = zhd
kzd acoo = jzz lmb
kze acop acoq acoo = yrz
kzf acop acoq acoo = wrv
kzg acoo acop = cff uqp ycv
kzh acop acoq acoo = twv
kzi = acgd rvt
kzj = dpy buc
kzk acoo = wpc
kzl acoo = wat
kzm acop acoo = abax
kzn acop acoo = ypq
kzo = pkd
kzp = fdp
kzq acoo acoq acop = ybe
kzr acoo = abnw
kzs = aaqy lro acmf
kzt acoo = gbw
kzu acoo = peu tw
kzv acoo acop = zhb
kzw acoo acop = dzn
kzx acoo = xcr oh
kzy = vmg
kzz = eaw esr
laa acoo = kvq
lab acoo = djf wvb cag ygp
lac acoq acoo acop = waq
lad acoo = jtf gaa
lae acoo acop = abjo
laf = tqx
lag acoo = kqh pif ljt pux
lah acoq acop acoo = lu lsd
lai acoo = dng lit
laj acoo acop acoq = jmj
lak acoq acoo acop = kgu
lal acop acoo = hzj
lam acoo = fsz
lan acoo = egj
lao = wqw
lap acoq acoo acop = aiu
laq = qlv dgz dpr
lar = tjj
las = itz
lat acoo = xqh
lau = iat
lav = nmy nxe
law acop acoq acoo = aara mgy aacb
lax acop acoo = igx
lay acoo = zgt xxx
laz acoo = mnc odo
lba acop acoq acoo = ala
lbb acoo = byx yjm
lbc = ewe cgz
lbd acoo acop = asn
lbe acoo = ric (upr gnt)
lbf acoo = wvd
lbg acoo acop acoq = gjh
lbh = haz
lbi acoo acop = ykw
lbj acoo acop = waw
lbk acoo acop = ackf mpd phr
lbl acop acoq acoo = wbn aaag aaim pnf hlr
lbm acop acoq acoo = fmg
lbn acop acoq acoo = nbv hji
lbo acoq acop acoo = cru
lbp = cra eka pbh
lbq = lpd abih
lbr acop acoo = akx
lbs acop acoq acoo = eiy
lbt acoo acop = bxn (bxs pjq)
lbu acoo = acdi
lbv = nmt
lbw acop acoq acoo = hej
lbx acoo = qdw
lby = dte
lbz = xjt
lca acoo = drp xqi nhe
lcb acoq acoo acop = je
lcc acoo = kqk mep zxb sll rcb
lcd acoo = spj
lce acoo = wly
lcf acop acoo = qbf
lcg acoo acoq acop = yaa
lch acoo = xcj
lci acop acoo = abli obj
lcj acoo acop = uog
lck = uwu
lcl acoo = jxh
lcm = zrr
lcn = fdv acw etb nev
lco = icw
lcp acoq acop acoo = uqx uay abxa vor
lcq acoo acoq acop = jtf abiu qzg
lcr acoq acop acoo = ylz upd
lcs acop acoo = fsu vwd hkb
lct acop acoq acoo = tla
lcu = fcg ofd
lcv acop acoq acoo = yci nix
lcw acoo = pud
lcx acop acoo acoq = kvp (pco zyr pbp)
lcy acop acoo = tcu
lcz acoq acoo acop = mvh abhe ugg
lda acoo = kzl fwr
ldb acop acoo = okt knr zbr
ldc acoo = nqj wig accc agu fbl
ldd acoo acop = bdc bfo
lde acop acoo = pbr zkt
ldf acoo = hqb abmy mee
ldg acop acoq acoo = jjp
ldh acoo acop acoq = tws
ldi acoo acoq acop = ul abfr
ldj = ap
ldk acop acoo acoq = zuj fgc
ldl acoo = qec
ldm acoo acop = tpz
ldn = dkq
ldo acoo = qi
ldp = afi txp rj
ldq acop acoo = wfh
ldr acop acoo = pjw
lds acop acoo acoq = iyj xa jys
ldt acoq acop acoo = vvr
ldu acoo = abmw arz
ldv acoo = vyk uoe
ldw acoo = ozy jr
ldx acoo = prk rjs tlx
ldy acop acoo = taf
ldz acoo = wez wxj
lea acop acoo = anl rlu ajc dfc dog
leb acoo acop = bwf aje kgl
lec acoo = iwd acei aast
led acoo = wyz abmf
lee acoo = twn ctk
lef = kuw
leg acoq acop acoo = nog kns aawz
leh acop acoo acoq = uru
lei acoo acoq acop = aji dib
lej acoo = oje abfj nyz
lek acoq acop acoo = frr pk
lel = abqy
lem = ks
len acoo = mys kwl aawt
leo acoo acop = vvu ypn cld
lep = fzu
leq = lxl
ler acoo = ifz
les acoo = abwk pl jxo ggw
leu acoo acop acoq = wsh qdl
lev acop acoo acoq = jpq
lew acoo acop = prl
lex acoo acop = myj
ley acoo acop acoq = skg gfn
lez acoo = sbk iwz
lfa acoo acop acoq = xsg
lfb acoo = zzk
lfc acoo = qrp abol
lfd acop acoo = zfv red kiy (hkp vjj)
lfe acoo acoq acop = sbc
lff acoq acoo acop = dlp
lfg acoo acop = aaob
lfh acoo = baw
lfi acoq acop acoo = znr lzr seg
lfj acoo = zxn
lfk acoo = iyw
lfl = bwm
lfm acoo = jhq (zqi ptc)
lfn acoq acoo acop = lxm kju dey jwu
lfo acop acoq acoo = yjb
lfp acoo = bkh
lfq acoo = bah
lfr acoo acoq acop = hri kpu kbs
lfs acoo acop = bvj aarw
lft = efv gpe mph
lfu acoq acoo acop = qmh hdi gon fnd
lfv acoq acop acoo = cgb jif
lfw acoq acop acoo = ljg qrq
lfx acoq acoo acop = cik aer eec
lfy acoq acop acoo = mds fnk
lfz acoo acoq acop = hwk
lga acop acoo = efi
lgb acoo = gq
lgc = ebp
lgd acoq acop acoo = wnj pd
lge acoo = xwa
lgf acoo = jpw
lgg acoo acoq acop = jbp
lgh acoo = ugd
lgi acoo = thz
lgj acoo = wzi
lgk acoo acop = vjb
lgl = jtj zic ls
lgm = lzb
lgn acoq acoo acop = acdr
lgo acoq acop acoo = zrs
lgp acoo = dzi
lgq acoq acop acoo = sog wmm
lgr acoo = xmx ctt
lgs = buv
lgt acoq acop acoo = qyr
lgu acoo acop = obk (yjw bkh) sda
lgv acoq acoo acop = rkd (dfx kgj)
lgw = acr
lgx = abkl
lgy acop acoo = adb
lgz acop acoq acoo = cgd hnf yek
lha acoo = zqj
lhb acoo = tdo
lhc = qsr elw sdr abcf
lhd = mxx
lhe acop acoo = vrn
lhf acoo acop = xjo
lhg = dnb raz paw
lhh acop acoo = cg lko aagh cdq acch
lhi = ead abjg gpv
lhj acoo = rzz
lhk acoo acop = xqi
lhl acoo acop = tao jgg flh
lhm acoo acop = ibr
lhn = xfc sdr ncj
lho acoq acoo acop = uhf
lhp acoo acop = fyl utg keh
lhq acop acoo acoq = zyt
lhr acoo = lan
lhs acoq acoo acop = tro
lht acop acoo = mgs ztz
lhu acoq acop acoo = abjx
lhv acop acoo acoq = wrk rnt
lhw acoo = pkr xif hhd cua
lhx acoo = zmz
lhy acop acoo = jlo nod
lhz acop acoo = wte
lia = mbi
lib acoo = eul
lic acop acoo acoq = qkw
lid acoo = udm
lie acop acoo = xtr xso
lif = cjn
lig acoo = tnm r nzn nog
lih = aaes
lii acoo acop acoq = ddq zvk
lij acoo acop = onf iiq
lik = znd rpu swd quo
lil = hgh xkf
lim acoq acop acoo = mqv
lin acoo = fqx afi vwt wke
lio = fmf kcj
lip = zwu cby
liq = mdr ovp
lir acop acoo = bri
lis = aabp bzf kos oje zoe
lit acoo = wg bvd cgl
liu acop acoo = abt
liv acoq acop acoo = wga
liw = ebz dpf afx
lix acoo acop = abiq
liy acoo = ylg
liz = otq
lja = brf toy qnb djm
ljb acoo acop = aaen aabt lix hkx
ljc acop acoo = ilq
ljd = ykb aqo
lje acop acoo = zza iuo bev oyg
ljf acoo = grz zbv
ljg acoo acop = pav
ljh acop acoo = wg eyv uqb
lji acop acoo = xj
ljj acoq acop acoo = ncv
ljk acop acoo acoq = gmd jfu ckg
ljl acop acoo = ohm izj
ljm acoo acoq acop = ujw pto vgd
ljn = xtr
ljo acoo = xhm
ljp = mbl
ljq acoo = mpm
ljr acop acoq acoo = aald
ljs acoo = aaz
ljt = soi
lju acoo = vqw
ljv = qfs
ljw acop acoo = ogk jxm rbb zbl
ljx acoo = jwf ukq ctg
ljy = pih cub
ljz = rik
lka acoo acop = xhn
lkb acoo = ofm aasl exd
lkc acoo acoq acop = xgl pwf
lkd acoo = nhg qjr
lke acoo acop acoq = fts jbm wll ksv
lkf = ndd bwh wed izw tyr
lkg = acgl exg jit ojg
lkh acoo acop = rlo inv
lki acop acoo = jlv hgl
lkj acop acoo = rrh
lkk = ztc mwe
lkl acop acoo acoq = upw
lkm acoq acop acoo = vwt
lkn acop acoq acoo = ocr grt syp
lko acop acoq acoo = sbq bxb vdf
lkp = oin
lkq acoo = sci jli
lkr = mes kdk (sev azi)
lks acop acoo = ngn
lkt = ablf aem
lku acop acoo = abfi
lkv = fqa
lkw = ohl
lkx acoq acop acoo = zff bfh abpp
lky acoo = brd abrx
lkz = zkl ezh ean btr yog
lla acop acoo = htp bgh oon hui
llb acoo = dhp
llc acoo acop = mll oxa
lld = ilp
lle acoq acop acoo = ngw
llf acop acoo = abnl acoh
llg acoq acoo acop = mxp nmn
llh acoo acoq acop = xey
lli = sns
llj acop acoo = hbq
llk acoo acop = acoc wsf
lll acoo acoq acop = bri acdk aafs fiv
llm acop acoq acoo = blw
lln acoq acop acoo = ser
llo acoo = eoa wdf achc
llp = ply fua yon
llq acoo = vuv
llr acoo acop = hew
lls acoq acoo acop = rck
llt acoo acop = rvu vsh jtn xsz gks
llu acoo = nnd
llv acop acoo acoq = mwz
llw = obq
llx = phe acjp
lly = lid
llz acop acoo = rnv
lma = svx
lmb acoo = keq vwo svy aav
lmc acoo = tpo
lmd acoo acop = fmi laa xxd
lme = iur
lmf acoo = yal ngd
lmg acop acoo = umh
lmh = syp
lmi acoo = hca glf pq wsf
lmj acop acoo = qe bdl
lmk acop acoo acoq = dqp abtf wzh
lml = fqd
lmm acop acoo = sin (ocs abxa) hvc
lmn acop acoo acoq = nor wcc
lmo acoq acoo acop = aiz yxy xor
lmp acop acoo = gaj nge abby
lmq acoo acop acoq = zlc oxe
lmr acoo = abez
lms acop acoo acoq = ydf
lmt acoo acop = abl
lmu = jsb
lmv acoo acop = ckk hxk ycg kve czy
lmw = xjm jcw
lmx acoq acop acoo = mfv
lmy = url acoe
lmz = bkt
lna = yyy
lnb acoo = fpj
lnc = men
lnd acoo acop acoq = mjx dfp
lne acoo = djk
lnf = abde
lng acoo = vkc
lnh acoo = qxs abdv
lni acop acoo = fvt afm uuy
lnj acop acoo = jod
lnk acoo acoq acop = ctv
lnl acoo = itw
lnm = psu
lnn acoq acop acoo = mzo phe fjv
lno acop acoo = vjk
lnp acoo = ujq
lnq acoo = zdr oj cvj vfs
lnr acoo = tpe aoi pld kyn ryq
lns acop acoo = pir
lnt acoo = nmn
lnu acoo acop = yyo vjq
lnv acoo acoq acop = ntj
lnw = gbg
lnx = sme crw
lny acoo acop = qij
lnz acop acoo = tud
loa acoo = nse qbg
lob acoo = pb rfc
loc acoo acop = tef pqs qdr fhv
lod acoo = hme
loe = ahw imn rxh
lof acoo acop = iq
log acoo acop acoq = lvl
loh acoq acoo acop = acfe
loi acop acoq acoo = kif
loj = lqg
lok acoo acop = knm ghp
lol acoq acop acoo = riv abmu
lom = xeh
lon acop acoo = dws
loo acoo = abpf
lop acoo acop acoq = yvj abja isf
loq acoo = mvz
lor = tnh
los acoo acop = pgc hks
lot acoq acoo acop = szh
lou acoo acoq acop = teh
lov = abdl
low acoo = pwz
lox acop acoo acoq = qdg wdy
loy = dra
loz acoo = ohb
lpa acop acoo = faz
lpb = tgz
lpc acop acoo = ees ngu
lpd = aym
lpe acop acoq acoo = abxl
lpf acop acoo = kce rfz zdu map
lpg acoo = ruu
lph acoo acop acoq = jvq
lpi acop acoo = tai
lpj acoo acop = nih
lpk = aams jsz jrg jij mlz
lpl = vzm nca
lpm = ttc
lpn acoo = vde aatq
lpo acoo acoq acop = kyv xwy ibf zj
lpp = acio hhl
lpq = jwm leh
lpr acoo acoq acop = omp
lps acoo = kqc
lpt acoo = fgx dqu mci
lpu acop acoo = jae ewr cz
lpv acoo = aio snq
lpw acoo acop = fhb
lpx acoo = ary
lpy acoo = fjl
lpz acoo = oo lpa mgv
lqa acop acoo = lhr
lqb acop acoo = ax dis
lqc = eyi
lqd acop acoo = abny
lqe acoo acop acoq = gwj
lqf = pqe
lqg acoo acop = nha (bak aboe abgn) ki
lqh acoo = smf uut mbq
lqi acoo = rko
lqj acoo acop = euq
lqk acoo = acji
lql = wjj
lqm acoo acop = hjb abtu tku
lqn acoo acop acoq = atx
lqo acop acoo acoq = zqs
lqp acoo = epr
lqq acoo = pbj
lqr acoo = cqp uee
lqs acop acoo = dyv
lqt acoo acop acoq = tkt
lqu = ks
lqv acoo acop = slz pwr ubz
lqw acoo = kiu
lqx acoo acop = czi
lqy acoo acop = ujc
lqz acoo = pns
lra acoo acop acoq = jxo
lrb acoo = hkd
lrc acoo = cst qpc dpa nki
lrd acoo = gat
lre acoo = lsy
lrf acoo = ooz
lrg = woq mit
lrh = jqv guh
lri = ihf
lrj = vnr aaiy
lrk = ymm
lrl = boz
lrm acop acoo = abzz aafq
lrn acop acoo = onp
lro acoo acop = elm
lrp = ablp
lrq = aatl
lrr acop acoo = zpv ntt
lrs acop acoo acoq = abmt
lrt acoo acop acoq = nql
lru acoo = wuz
lrv = lex
lrw acoo acop = orw pzg
lrx acoo = zrh zab
lry = ibs qlp
lrz = ahx
lsa = pij
lsb acop acoq acoo = tx
lsc = unt
lsd acoo acop = yb
lse = elm zof
lsf acop acoo acoq = djz
lsg acoo = ded
lsh = hwz
lsi acoo acop = gxg twa smu
lsj acoq acoo acop = abea qad djf
lsk = abrn epx sa ngf
lsl = edo oso
lsm acoo = hin nyk
lsn acoo acop = wev xqw
lso acoq acoo acop = rrt qin
lsp = thh
lsq acoo acop acoq = ofn pga
lsr = bce psr nmp
lss acop acoo acoq = acnc lho
lst acoo = xap hpb
lsu acop acoo acoq = ezb pck (uvm ybx)
lsv acoo = kz
lsw acoo = em
lsx = gtu efk udh aaye
lsy acoo = qgv ekf zep
lsz acoo acop = oqp ibj loa
lta acoo acop = mti
ltb acoo = zkw
ltc acop acoq acoo = eea
ltd acoo acop = orp
lte = dqf
ltf acoo = edv aku abeg
ltg acop acoo = jym guf mtx
lth acop acoo = fwe h os ylc yvw
lti = fkp nt
ltj acoo = hjx aqc
ltk acop acoq acoo = pmu
ltl = nlz
ltm acoo acop = abwd rtq hto
ltn acoo = klp
lto acoo = ujp eet
ltp acoo acop = qxu
ltq acoq acop acoo = gbi
ltr acoq acoo acop = hfn tyv tkc
lts acoo = rxg kct aajt
ltt acoo = jrn
ltu = xel
ltv acop acoo acoq = gss
ltw acoo = pjz
ltx acoo = ywd jyc
lty acoq acoo acop = nrx
ltz acoo acop = aahp xnv fbv
lua = duh xuc ubx
lub acoo = ufd
luc acoq acop acoo = abob fkk
lud acoo acop = rjy
lue = uyn
luf acoo = tzm
lug acoq acoo acop = yzo
luh acop acoo = bmj jrn qka roz
lui acoq acoo acop = hmn kws
luj acoo acop = cit
luk acoo = ivm mng
lul = put bbq qrq
lum = sew
lun acoo acop = xcf kzb
luo acoo = pfl
lup acop acoo = rvp oxp xko
luq acoo = aazz
lur = mrn efo dnq
lus acoo = lyl peq (tjo rcr) kyf
lut acoo = rzf
luu acoo acoq acop = cfu rua
luv = jkw
luw acoo = mya urz trm kug czf
lux = ucn hyp
luy = mcd
luz = yvs
lva acop acoo = jht
lvb acop acoq acoo = roe wpd
lvc acoo = ouh
lvd = dky dkl
lve acoo = xo
lvf acoo acoq acop = ogs
lvg acoo = aie
lvh acop acoo = oxb mnd fnr
lvi acop acoo acoq = aaur
lvj = fyy
lvk acoo = aawu lrx
lvl acop acoq acoo = mmf
lvm acoo acop = qkq
lvn = qju
lvo acoo = tdh
lvp acoo = lfo
lvq acoo acop = xri
lvr acoo = sdi
lvs acop acoo = arr txq
lvt acoo = vnv
lvu acoo = ayq ngt hcq
lvv acoo = nqj (bfv ihv) ghc
lvw acoo acop acoq = gmp fvd
lvx = xla
lvy = sun
lvz acoo = bkm
lwa acoo acop = abmj tnk ixl
lwb acop acoo = hap otq lzb
lwc acoo acoq acop = aabo
lwd acoq acoo acop = ioq cmr ga
lwe acop acoo acoq = qol bmg ikk
lwf acoo = mca tqu
lwg acoq acop acoo = psr gcu fxy
lwh = ykh
lwi acoo acop acoq = uqa
lwj acoo = ati
lwk acop acoo = qpo
lwl = tvq gmh
lwm acoq acop acoo = ayo gpc cgd
lwn acoo acoq acop = afk
lwo acoo = bdw
lwp acoq acoo acop = dse
lwq = cmx
lwr = ugj
lws acoq acoo acop = zdk
lwt acoq acoo acop = aalf
lwu acoo = ldk
lwv = bdg hsg lef
lww acoq acoo acop = fzh vae rnc
lwx acop acoo = svf hmp hue zeh xkv
lwy = phd
lwz acop acoo = jlj cdv vhr
lxa acoo = vti
lxb acoq acop acoo = ksp
lxc = dtw
lxd acoq acoo acop = kdk rgf
lxe = pkc dfy
lxf acoo = jaq acko qqg jqh crk
lxg acoo acoq acop = oqv
lxh = abea tkz
lxi acoo acop = aclk
lxj acoo = ce
lxk = oif
lxl acoq acop acoo = kfo acoq
lxm acoo = qfs
lxn acop acoo acoq = cbf zre mrv gwr
lxo acoq acoo acop = zuc
lxp acoo = aaop
lxq acoq acoo acop = acax rjf nkx vfz
lxr acoo = nzo glm
lxs acoo acop = agw
lxt acoo = hmt (rjc okv) sgz
lxu acoo = zzu rkp hht tqz kfr
lxv = ybi
lxw acoo acoq acop = ksk ftq pip
lxx acop acoo acoq = jqc (lfj tsc)
lxy acoo acop acoq = eob
lxz acoo = sqe
lya acoo = xt
lyb acop acoo = xwe qux mra zcm
lyc = viy onx ago
lyd = lgr
lye = iaa abfq voq
lyf = xxl muq
lyg = qkl
lyh acoo = yrl abub
lyi acop acoo acoq = ptc bgt
lyj = jru
lyk acoo acop acoq = mnf (xs nva typ)
lyl acoo = wgq
lym = kgr aasy kme wpj
lyn = dkr efg
lyo acoo acop = yrh abdg nwk
lyp = rep
lyq acoo = tai abhg
lyr acoo = feq
lys acop acoo = ooj bbb
lyt acop acoq acoo = vsy
lyu acoo = cdb llr
lyv acop acoo = mno jmy
lyw acop acoo = dok iyi
lyx acoo acop = ezm
lyy acoo = acgi aasy qes
lyz acoo acop = vgm abto
lza acop acoo acoq = dkt
lzb = elm
lzc acop acoo = sgq
lzd acop acoo = xwa du zms
lze acoo acop acoq = tgr lai aclh
lzf acop acoo acoq = jmv
lzg acoo acop = liu odg
lzh acoo = jdc
lzi acoo = rkr
lzj = pxd lhm
lzk acoo acoq acop = fmx
lzl acop acoq acoo = jbi
lzm acoo = ekz acod kqx
lzn acoo = mce
lzo acoq acoo acop = hjg
lzp acoo = bte
lzq = thf
lzr acoo acoq acop = acmw vbf usr
lzs = af sdb
lzt = wbu
lzu acoo acoq acop = abvw uwz wun abxi
lzv acoo = sfz
lzw acoo acop = bpf lru
lzx acop acoo = abtz
lzy acoo = abtr
lzz acoo acop = enm yrb msx
maa = npu gkc asp
mab = aanq
mac = ach
mad acoo acoq acop = prc rwy
mae = xzd zsx lwm
maf = bcf mhy
mag acoo acop = olm
mah acoo acoq acop = ifc
mai acoo acoq acop = ean
maj acoo acop = hch abri
mak acoo acop = abhe (my djr oou)
mal acoo = ppl
mam acop acoo = acoh zwg
man acop acoo = acnz ysi brf
mao acoo = anj
map acop acoo = wvr (bud wth pke)
maq acop acoo acoq = klo hxq ald dhj
mar acoo acop = kot
mas acoo acop = vkx
mat acoo = xoz
mau acoo = otm xeu jc ju jwe
mav acop acoo = uzw
maw acoo = per ldt
max acop acoq acoo = lpf yyr jhp
may acoo = diq
maz acoo acop = cbk idm zml
mba = dxb
mbb = kjl
mbc acop acoo = vof rrx rzk nme
mbd = rqr nto kuf pkx
mbe = rgf
mbf acoo = dyr aqn
mbg acop acoo = cbe eym
mbh acoo acoq acop = kou tsc pev umn
mbi acop acoo acoq = lek aayc
mbj = hei
mbk = ymj owi
mbl acoo acop = agb
mbm = aaqx
mbn acoq acoo acop = acau kki
mbo acoo = afg
mbp acoo acop acoq = jkd umt (rlm pns) yhu
mbq acoo = suj
mbr = azp
mbs acoo = vhh kki aacc sdr
mbt acoo = qcm ley oao
mbu acoq acop acoo = ngj ljf
mbv = mnd
mbw acoo = bsh acbd zqd
mbx acoo = xkv
mby = ver
mbz acop acoq acoo = knt ayo lyo
mca = gus
mcb acoo acop acoq = mrf
mcc acop acoo = pjv
mcd acoo acop acoq = vso
mce = nho
mcf acoo = ovz vlh abbk rqt pxd
mcg acop acoo = dnc
mch acop acoo = ury lxo
mci acoo acop = ukx
mcj acoq acoo acop = zqd
mck acoo = jjt
mcl acoo acop = fik
mcm acoo = nzp
mcn acoo = yiu
mco acoo = ywp
mcp acoo = yyg qno ljg
mcq acoo = dat
mcr acoo = tln
mcs acop acoo acoq = rlz
mct acoo = ocd kui nuj
mcu acoo acoq acop = ebw yav dci pdn
mcv = uaw
mcw acoo acoq acop = fhh ebm yxg kcx
mcx acop acoo = sol
mcy acoq acoo acop = say jmr
mcz = qkw
mda = fsx
mdb = bwf
mdc acop acoo = rrt
mdd acoo acop acoq = ycp mnb abxu epi
mde = cjn cfl mpu
mdf acoo acop = erc
mdg acoq acoo acop = edf
mdh acop acoo = tts (sit zip mkq)
mdi acoo = mqr
mdj acoo acop acoq = dvx hud woq
mdk acoo = dfe jjb
mdl acoo = pql
mdm acoq acoo acop = rtv
mdn acoo = ygn hwy aarb
mdp acoo = upk
mdq = cq
mdr = wkw
mds acop acoo = achf
mdt = ldg
mdu acoo = hnj
mdv acoo acop = gfk
mdw acoo acop acoq = aavy ygg bbt
mdx acoo = fkk
mdy acoo = ttw pfh upg
mdz = kgc gqg
mea acop acoo acoq = jhr
meb acop acoo = qif
mec = ttm fim ofv
med acoo acoq acop = oiu
mee acop acoo = xsh
mef = bjb
meg = pap mrm
meh acop acoq acoo = gkc
mei acoo acop = tgg sdl shk
mej acoo = asi
mek acoo = ump
mel = ksp
mem acoo acop = die abmk nby ezt mma
men acoo acoq acop = ppq
meo acop acoo = mwv
mep acop acoo = mqf
meq acoo = aciu
mer = tow
mes acoo = achk
met acoq acoo acop = lie
meu acop acoo = dqz
mev acoo acoq acop = mdi
mew acop acoo = zow feh jje nar
mex acop acoo = dlq
mey = mxq xtl aqi
mez acop acoo = yck
mfa = sfb zyy poj
mfb acoq acop acoo = voa
mfc = owf zkg fja yws
mfd acoo acoq acop = pdg vsf hzc
mfe = cam egq gpi
mff acoq acop acoo = uhr lqf acch izi
mfg acoo = pzx
mfh acop acoo acoq = oep tae jqm hxo
mfi acoo = vsj
mfj acop acoo = dhr it stm aii
mfk acoo acop acoq = osh
mfl acoo = xpo
mfm acoo acop = aatj tao bsv cmi
mfn acoo acoq acop = etj
mfo acoo acop = kjq
mfp acoq acop acoo = flx
mfq acoo acop = gqx
mfr = xpq zvt
mfs acoo = yqw
mft = voa eno
mfu acop acoo = abod
mfv acop acoo = abnn mbu tnl
mfw acoo acop = ibe
mfx acoo = abrs dds
mfy acoo = aajr
mfz acoo acop = oan kaz abwk
mga acoo acop = bsd
mgb acop acoo acoq = ili kky zga
mgc acoq acoo acop = szc omk guj
mgd acoo acop = d
mge acop acoq acoo = wnh wvg
mgf = ljj
mgg acop acoo = gtp
mgh = nb
mgi acoo = zh
mgj acop acoo = ku
mgk acoo = nyk (jta xgp ryu)
mgl = scx cdb zxc ufj
mgm acoo acoq acop = teh
mgn = atk (abxb uxr)
mgo acoq acoo acop = bhz zsj zxk vqz
mgp = wyu
mgq acoo acoq acop = cue sqq
mgr acoo = nsz
mgs acoo = ezg lak
mgt = ted
mgu acoo = jyc oyk gcb pbo
mgv acoo acoq acop = wkb
mgw acoo = lji hie
mgx acoq acoo acop = wvl
mgy acoo = ade uxj vbc
mgz acoo = mze xcv bzs
mha acop acoq acoo = aya
mhb acoo = sqg rqr whu
mhc acoo acop acoq = dxw fzl
mhd = jus
mhe acop acoo = eeu
mhf acoo = vyr
mhg = mxx
mhh acoo = cdm
mhi acoq acoo acop = rmb yok nlz mme
mhj = fvk eat
mhk acop acoo = mlp
mhl = bpr im qdm
mhm acoo acoq acop = kei glk
mhn acop acoo = gwl
mho acoo = yqj iik
mhp acop acoq acoo = vnj
mhq acoq acoo acop = vlm
mhr acoo = upu
mhs acoq acoo acop = aaug qge cfd
mht acoq acop acoo = mwx vie
mhu acop acoo = ibx
mhv = dud
mhw = scc
mhx acoo acop = qnq
mhy = qz gfb vpi
mhz acop acoo = dx
mia acoo = iba
mib acoo acoq acop = txq
mic acop acoo = xnp
mid = jlw
mie acop acoo = yei tlj
mif acoo acop = ndm eba rqh
mig acop acoo acoq = odc imr sww ioc
mih acoo = xts
mii acop acoo = hwy
mij acoo acop = acis
mik acoo = mcu
mil acoq acoo acop = mvk (ryx sfg)
mim acoo acop = pvr
min = pht
mio = geh ceg
mip acop acoo = two yla mzd wyj
miq = yoe
mir acoo acop = qhe
mis = acnd
mit acoo acoq acop = oox abnu aali
miu acoo = rch vzw ywo
miv acop acoo = qz jml
miw = yqq jtc dkw (au exr)
mix acoo = abhv (ncz vbg lyf) rik
miy acop acoo acoq = sfy tjs ni
miz = qtv irb diq
mja acoo = ohz nig
mjb = aatp kgy
mjc acop acoq acoo = yin
mjd acoq acoo acop = kpm
mje = srw
mjf acoo = roe
mjg = aapl
mjh acoo = rxc
mji acoo = sqe
mjj acoo acoq acop = yeg
mjk acop acoq acoo = ffm
mjl acop acoo = iet
mjm = azu
mjn acop acoo = cjc
mjo acoq acop acoo = fd
mjp acoq acop acoo = znq
mjq acoo = jqg zos snb
mjr acoq acoo acop = qyf xyq
mjs = bqg
mjt = zsm
mju acoo = qgv
mjv acoo = elw (iap njx fss)
mjw acoo acop = vmk
mjx acop acoo = wqc sao
mjy = sya
mjz = guo
mka = lud
mkb acoo acop = oys hz byl jjt
mkc acoo acoq acop = atv gxw obz
mkd acoo = aawb
mke acoo = yet
mkf acoo = odb
mkg acoo acoq acop = ntt wxd mmv zuw
mkh acoo acop acoq = ghd
mki = yjw absv
mkj = uki lfz
mkk acoq acoo acop = sjq zkj wub
mkl = dgx
mkm acoo acop = aarc
mkn = pni jsp ackx
mko acop acoo acoq = dux xnh oeo
mkp acoq acop acoo = dgk
mkq acop acoq acoo = eh
mkr acoo = xad
mks acoo = yle rcc ywm (hnm ygl)
mkt acop acoq acoo = yuw aagr
mku acoo acop = kqg xya
mkv acop acoo acoq = aclg
mkw acoo acop = vnw abff yei
mkx = rfu
mky acoq acoo acop = myq
mkz = piv
mla acop acoq acoo = grm crw aaah boo
mlb acoo acoq acop = lzs
mlc = ov
mld acoo acop = kon
mle = cay
mlf acoo acop acoq = gqn hhf
mlg acoo = abx
mlh = jjx
mli acoo = eqa nrt aatg gz
mlj acoo = ymo
mlk acoo acop acoq = fik
mll acoo = ntb vba
mlm acoo = ecy aama rfd
mln acop acoq acoo = hja gjz pop
mlo acoo = grb
mlp acoo = wwa
mlq = yzd
mlr acop acoo = rpb
mls = qku
mlt acop acoq acoo = xsw uen lms
mlu = iho
mlv acop acoo = rgn tas gsa
mlw acoo acop acoq = sfv acmy
mlx = ghr nxe
mly acoo = ynb
mlz = bem
mma acoo acop acoq = mcn
mmb = bff
mmc = grc the
mmd acop acoo = grt
mme acoo = myn
mmf = gzj
mmg acoo acop = twn
mmh = xgo hgq nir
mmi acoo acop = lkm
mmj acoo = brz iex don
mmk = ltf
mml acop acoo = ekc fyv eza
mmm acoo = nfl
mmn acoo = abis hak fip pxp las
mmo acop acoq acoo = abbt
mmp acoo = rwp
mmq acoo acoq acop = kgw
mmr = xdc iue
mms = dzq jiu
mmt = wkk
mmu acoo = oee
mmv = yif abfu ryr oiz aapx
mmw acoo acop = ols cbs
mmx acop acoo = zqg
mmy acoo acoq acop = zz
mmz acoo = abaq
mna acoq acop acoo = dac agu
mnb = sea ivr ahr lec
mnc acoq acoo acop = aasr oqi bmh
mnd acop acoo acoq = dpm
mne acoo = tyk
mnf acoo acop acoq = acih wcl lcm
mng acoo acop = qjg mqp ksu
mnh acoo acop = uqb sqj abyi
mni acoo acop acoq = ew iqg fdk
mnj acoo = klr
mnk = ll
mnl acoo acop = qeq aahi rst
mnm acoo = xpl
mnn acoq acoo acop = vvd
mno acoo acop = ccq
mnp acoo = jmt
mnq = yjp
mnr acoo acop acoq = tix
mns acop acoo = ezw vwp ywo
mnt acoq acop acoo = aayy kqz
mnu acop acoo = abow
mnv = zj
mnw = aqz jmm
mnx acoo acop = fhl tfs
mny acop acoq acoo = cbq uti
mnz = fgp
moa acoo acop = mzz
mob acoo acop = aant qgn
moc acoq acoo acop = nr
mod acop acoo = itk
moe acop acoo acoq = bub
mof = lpx flr
mog acoo acop = syy rxe ftm hyb wlv
moh acoo acop = aasl
moi = nyl
moj acop acoo = old
mok = abfy
mol acoo = ydu vll wth
mom acoo = zam gmv
mon acoo acoq acop = vrx
moo = tva nsc fzx veu acfa
mop acoo = lzf myw
moq acoo acop = rvy zeo pfe
mor acoo acop = xpd wqx
mos acoo acop acoq = bio aarh kst
mot acoo acoq acop = doq yuf
mou acoo = uvy
mov = usb hit
mow acoq acoo acop = dj
mox acop acoo = uaq wer
moy acoo = yr
moz acoq acoo acop = hdk zik yvp aar
mpa acoo = elb
mpb acop acoo = sws
mpc acop acoo = mnu
mpd acoo acoq acop = ea
mpe = vcs
mpf acoo acop = rqx npq scv
mpg acoo = nmi
mph = ayp
mpi acoo = dkf
mpj acop acoo = aatr gof lwc
mpk = lnl abof
mpl = trg
mpm acoo acop acoq = dna wtp
mpn = qkr
mpo = tkp
mpp acop acoq acoo = bpt
mpq acop acoo = ztu wjm kbx
mpr = bnd
mps acoo = lzj auy
mpt acoo = gpc njl
mpu acoo = fur
mpv acop acoo = pni
mpw acoo = glg nyd
mpx = tjn vse aavg
mpy acop acoo = tvm
mpz acoo = utn ouv jdw
mqa = whe adw
mqb = omk
mqc acop acoo acoq = wmd
mqd = ycb ptm auy ksq
mqe acoo acop = pqn abx wwn ogd roa
mqf = zyl
mqg acop acoo = hkt
mqh acoo acop = ujn
mqi acoo = rld lmx axo
mqj acoo = lqw
mqk acoo = pym
mql acoo = wro
mqm acoo acop = dzk
mqn acoo = aaxm pli imw pox
mqo acop acoo = gcv
mqp acoq acop acoo = ojp
mqq acoo acop acoq = zzo
mqr = awr
mqs = fqw
mqt acop acoo acoq = pcl puc aaxc
mqu = voj kfr
mqv acoo = qrd hus
mqw acop acoo acoq = pzd
mqx acoo acop = wiq
mqy acoo acop = vio rek
mqz = waa evc
mra acoo = abdm ful
mrb acoo = osb
mrc acoq acop acoo = twc cid nia (ban smd)
mrd acoq acop acoo = dtg
mre acoo = tft
mrf acoq acoo acop = lml
mrg acoo = far
mrh acoq acop acoo = niy
mri = vyj
mrj = yof
mrk acoo = kmx ztp vvc
mrl acoo = wnp std kz vrx
mrm acoq acoo acop = bla
mrn acoq acop acoo = lfd ibq ida hvu cp
mro acoo = aagd icb fkz
mrp acoq acoo acop = rio isf
mrq acop acoq acoo = mrr fbn ygd
mrr acoo = bxi
mrs acop acoq acoo = ho
mrt = mfi
mru = iyo vkb
mrv acop acoq acoo = qhi
mrw = klp edn
mrx acoo acop = tkq
mry acoo = akp
mrz acoo = dxc dtw lmv
msa acop acoo = ths
msb acoo acop acoq = oim
msc acoo acoq acop = taz
msd acoo = tpe pyh
mse acoo acop = ysb
msf acoq acoo acop = aayv aclj
msg acoo = gy
msh acop acoo = obr
msi acoo = gky
msj = aado
msk acoo acoq acop = qfs
msl acoo acop = gfx
msm acoo = owl
msn acoo acop = bnc
mso acoo acoq acop = hic jqa
msp acoo = tip mcy htz
msq acoo = lmk
msr acoo acop acoq = vxh
mss = xcw
mst acop acoo acoq = pt
msu acoo acop = yvy yxj
msv acoo = mhw aeu cem
msw acoo acop = goj
msx acop acoo acoq = gic
msy = oon zju xek ctp
msz acoo = gly
mta acop acoo = ljp enz
mtb acoo acop acoq = uhh
mtc = bn
mtd acoo = mqt
mte acoo = qap
mtf acoo = him
mtg acoo acop = pgm
mth = zld qwj tdu xtj vro
mti acoo acoq acop = onv
mtj acoq acoo acop = bjz
mtk = nrv
mtl acoo = eas tvd
mtm acoo acop = hxz lpj
mtn acoo = ke ima cqw
mto = yd cjc
mtp acoo acop = ffw zxm vhe
mtq acop acoo = hms
mtr = qpw
mts acoo = diq
mtt acoq acop acoo = sjk aaqh (hag lva)
mtu acoo acop acoq = jkk ksv ubp
mtv acoo acop = jva
mtw = ssa
mtx = bjd
mty = lya
mtz = ebl
mua acoq acop acoo = aaqq
mub acoo = lzt ulc
muc acoo acop = tff
mud acoo = syo law
mue acoo acop = mxt
muf = rbz
mug acop acoo acoq = yzl gaa roy
muh acoo = qbc
mui acoo acop = hue ail
muj = gye
muk acop acoo = lph vdd gpu
mul acoo acoq acop = lw
mum = gbu qhb aavb kqt
mun acoq acoo acop = lyz
muo = nzy orv tjx
mup acoq acop acoo = zkz
muq = gvk
mur acoo = abvv
mus = jla
mut acoo acop = xsl
muu acoo = zjj
muv acoo acop = ksm
muw acoo = meb
mux acoo acop = mav
muy acop acoo = uwq
muz acop acoo = erf thh yqd npm
mva acop acoo = dno
mvb acoo acop = umt
mvc acop acoo = qrj icp
mvd = sp
mve acoq acop acoo = ber
mvf acoo acop acoq = ltz mez
mvg acoo = ewd
mvh = yvo aald
mvi acoq acop acoo = hke pto wf nfd
mvj acoo acop = hhm slz
mvk acoo acop = lyf
mvl acop acoo = doo tgk (tdt xsz)
mvm acoo = mtj yqu
mvn = apo vfm qyr
mvo acop acoo = saz
mvp = ich
mvq acoo = cbg nvo vqf cyz
mvr acop acoq acoo = aacu
mvs acop acoo = bju
mvt acoo acoq acop = npi nye abbx yn yjt
mvu = wb ocs
mvv acoo acop acoq = zcc xcz
mvw acop acoo = acko qbk
mvx = bba
mvy = dfu
mvz acoo acop = jwu
mwa acoo acop = ovi
mwb acoo = bn bey y
mwc acop acoo acoq = lbm (abpv vrh)
mwd = lpn
mwe = qgh
mwf acoo acoq acop = fhr
mwg acoo acoq acop = abhj sdp
mwh acop acoo = ypz yzz pgi (ahi xje)
mwi acoo acop = klz
mwj = dxb
mwk acoq acop acoo = aabh eij
mwl acoo = abct
mwm = foo
mwn acop acoo = jai
mwo = nzc nkn
mwp = xqd
mwq acoo acop = iyw acnl aaui kga
mwr = abfd
mws = wdm
mwt = aavo
mwu acoo acoq acop = fzv
mwv acoo acoq acop = qaq
mww acoo = hjw
mwx acop acoo acoq = gcq xyh
mwy acoo acoq acop = pvy
mwz acop acoo = lu
mxa acop acoo acoq = cuc
mxb acoo = bpx
mxc acop acoo = pwr
mxd acoo acop = tto
mxe acoo = vuw
mxf acoo = aasi
mxg acoo acop = fbi ilx
mxh acop acoo = oxw
mxi = zgf arv efc
mxj acoo = ndw enc bqj
mxk acoq acoo acop = mzl vqr lfp
mxl = ivl
mxm acoq acop acoo = yah
mxn = bfe
mxo acop acoq acoo = rnc xdu
mxp = gja kxa ajl
mxq acoo = ii
mxr = ypb (pej rvy wxl)
mxs = bjt
mxt acoo = an
mxu = jeu far
mxv = xkc
mxw = hlq
mxx acoo = vuo aaii
mxy acoq acop acoo = plt utu
mxz acoq acoo acop = wth
mya = wwq
myb acoo acoq acop = zrl (pwm vlu val)
myc acop acoq acoo = acel mtt
myd acoo acoq acop = jxp acle upc
mye acoo = yuf
myf acoo acop acoq = vlm kxy
myg acoq acop acoo = sqg
myh acoo acop = msr
myi acoo acop acoq = evm
myj = zsd
myk acoo acoq acop = mbu
myl acoo = umb
mym acoq acop acoo = abrh wam rn
myn acoo = muj
myo acoo = qsx
myp acop acoo = kde
myq = wmf ihg
myr acoq acop acoo = izc vvb dbs ffd
mys acoq acoo acop = zdw
myt acop acoq acoo = upt
myu acoo acop = crb olx qkf
myv acoq acoo acop = apz hsy ypo
myw = nye
myx = umv aawj
myy acop acoo = sma
myz acoo = ojf fuk hqk
mza = vnu fwn yvq
mzb acoo acop acoq = hek
mzc acoo acop = wdb
mzd acop acoq acoo = qil
mze acoo = onc wys jcu jxs
mzf = szl
mzg acop acoo = bvf sdr
mzh acoo acop = pcy
mzi = tjo
mzj acoo acop acoq = kud
mzk = vlz
mzl acoo acoq acop = scc
mzm acoo acop = rwg lih wpy
mzn acoo = dyl lhp kbz
mzo acoo acop acoq = bfp fda uym qah
mzp acoq acoo acop = ezx aayj
mzq acop acoq acoo = opj
mzr acoo = jba
mzs acoo = jvy fhm
mzt acoo acop = nwm
mzu acoo = wee bos hqq
mzv acoo acoq acop = gej
mzw acop acoo acoq = xiy (acv bcf) asy
mzx acoo acoq acop = dcf
mzy acoo = pzl
mzz = qwe
naa acoo = mer xhv
nab acop acoo = nvr hla imp
nac acoo = tmr hoc orn
nad acoq acop acoo = nfp
nae = xdf
naf acoo = vop taz
nag acop acoq acoo = dbl kxp jfe
nah acoo acoq acop = prd fzk
nai acoq acoo acop = vmg
naj acoq acoo acop = ez
nak acoo = fxc xaj fbx
nal acoo acop acoq = azc hmh ddl
nam acoo acop = aaia
nan acop acoq acoo = sdo
nao acop acoo = rfr lxr frm ryr
nap acoo = tmc amx
naq acoo acop = whm
nar acoo = hnj vzk
nas acoo acop acoq = aann
nat acoo acop acoq = aaux
nau = aaid rma ofq
nav = pgi aeb
naw acoo acop = bqp
nax acoo acop acoq = atb chb
nay acoo = twh ong zov pgk hxe
naz acop acoo = icv
nba = abra
nbb = qex epj kdw
nbc = ish nub min
nbd acoo = bap
nbe acop acoq acoo = absc
nbf acoo = lwg
nbg acoo = huh
nbh acoo acop = cka mhl
nbi = iio yrb kzn qne
nbj acop acoo acoq = kyu bze
nbk acop acoq acoo = wnt hot lye
nbl = pnf zog hhs
nbm acoo acop acoq = dmt
nbn acop acoo = edz juj nyo ouq
nbo = mjk
nbp = aatf
nbq acoo acop = fgr oep rcf
nbr acoq acop acoo = zow
nbs = vnw
nbt = aamm wyz
nbu acoo acop = zaj qyx am
nbv = lkj drb
nbw acoq acop acoo = pza
nbx acop acoo = px pdd
nby acoq acop acoo = cue wan
nbz acop acoo = dhw
nca acoo = aboo
ncb acoo = twx aahl
ncc acoo = ucf
ncd acoo = cfh
nce acoq acoo acop = aun wik
ncf acoo = gph
ncg acoo = aakt nya vrg
nch = eec
nci = ozu hep
ncj acop acoo = zzm
nck = ypp
ncl acop acoo = ipu acby zjg uvm
ncm acoo = wwq
ncn acoo acoq acop = uwt wbz wp
nco acoo = abrq
ncp acop acoo = lfw kvt xst jzh
ncq = gjg jtq thw
ncr acoo acop = jqe mol urz
ncs acoo = wqm
nct acoo = zuu
ncu acoo = cbz
ncv acop acoq acoo = qwv
ncw acoo acop acoq = jeh
ncx acoo = rmo (hnm imp psg)
ncy acoo = ike
ncz acoo = awi
nda acoo acop = qca uoh ndb
ndb acoq acop acoo = mhj hif ablg
ndc acoo = acu
ndd = bre
nde acoo acop = hkj aait pjd mmh
ndf = abgg
ndg acoo acop acoq = ckg
ndh acop acoq acoo = wrf mhe
ndi acoq acop acoo = qdf xl
ndj acop acoo = rhb wqx frq ahh tew
ndk acoo = jdj
ndl acoo acop acoq = jtj tdc
ndm acoq acoo acop = gxj kdb qyr
ndn acop acoq acoo = da
ndo acoo = wti bej
ndp acoo acoq acop = nfh
ndq = oll
ndr acoq acoo acop = zhz pbv epy
nds acoo acop = ci
ndt acop acoo = mi vod
ndu acoo = nmh
ndv = pny
ndw = bcx xfr ddq
ndx acoo = vqg
ndy = sap
ndz = kdb
nea = aaox
neb acoo = ris aaxs
nec acoo = ipl
ned acop acoo = qda
nee acoo = kuu
nef acoo acop = fyt uie der amn yix
neg acoo acop acoq = mnl vvu
neh = ll ibv ojr lfi prv
nei = xdq
nej acoo acop = luh psz
nek acoq acoo acop = pkt
nel = swp
nem acoo acop = mov
nen acoo = weq aab xkc
neo acop acoo = avf
nep acoo = mmi cfu irm ay gbp
neq acoo = ehc vri uil
ner acoo acop = ofu anc
nes acoo acoq acop = jyu dts
net acoo = xbw
neu acoo acop = vaq
nev acoo acoq acop = hrt udx fks bfv nu
new acoq acoo acop = yat rez lqi
nex = kxv
ney acop acoo = zya (maj ere abjs)
nez acoo = rqf
nfa acoo = luo
nfb acoq acoo acop = pxo
nfc acoo acop = zpw
nfd = lkq
nfe acoo = nnw egc smc
nff acop acoo = tch
nfg acoq acop acoo = uou uwe ta aoy
nfh = xlp ssh vfr crd
nfi = pdg
nfj acop acoo = kft
nfk = iix
nfl acop acoo = jk
nfm acoo = pvc evx
nfn acoo = qiu hxh jtw
nfo acoq acoo acop = rpe nit abcr
nfp = rbs jdj gjx fbw
nfq acoo acop = urr
nfr acop acoo acoq = cya
nfs acoo acop = ozd
nft acoo acoq acop = fiu gqq
nfu = dpv ssu die
nfv acoo acop = gla
nfw acop acoo acoq = ewf
nfx acoo = eya
nfy acoo acop = npu (tro rcl qkk)
nfz acoo acop = aku rjk ljk
nga acoo acop = aadk
ngb acop acoo acoq = gr nxo bta
ngc acoo = vkz
ngd acoo = zkr
nge acoo acop acoq = tan gxa
ngf = jwb kan achr aue
ngg acoo = keo zgv jch
ngh acoo = sui
ngi acoo acop acoq = ylh jhc wqw
ngj acoq acop acoo = eys ior
ngk = sef
ngl acoo acop = xox sjc rwl abpd
ngm = sdg
ngn = fur
ngo acop acoo = iql
ngp acop acoo = tex wso gwn
ngq acoo = aasr (csi lmp)
ngr acop acoo = klz
ngs acoo acop acoq = bax uks fyh
ngt = pkn
ngu = acek
ngv = nzb
ngw acoo = acjx
ngx = jd oxq
ngy acop acoo = abbm
ngz acoq acop acoo = abay ssv
nha acoo = xeh
nhb acoq acoo acop = hrx knt
nhc = wie
nhd acoo = kgi spw aamd
nhe acoo = ddr nju lmy pel
nhf acop acoq acoo = fup
nhg acoo = wio
nhh acop acoo = hdn
nhi = fve wcl qbc
nhj acoo = cme
nhk = wsb ots
nhl acop acoo = tug
nhm acop acoq acoo = sqo jqt fjn
nhn = wfp iye av
nho acop acoq acoo = sfx grl vga
nhp = gou
nhq acoo acop = wef cdc qqr
nhr acoo acop = yky
nhs acoo = pnf iqd
nht acoq acop acoo = mmz abag
nhu acoo acop acoq = acdh
nhv acoo acop = quf
nhw acoo = fwl wwt
nhx acoo acop acoq = iyx
nhy acoo = aaat
nhz = smp xtb icf abjq
nia acop acoq acoo = znw xsf
nib acoo acoq acop = ikd uoz
nic acoq acop acoo = bjb tap
nid = yyw rjv
nie = bel asw
nif acop acoo acoq = ub fxu
nig acop acoo = abrv
nih acop acoo = mll khv yxh nff
nii acoo = yjw
nij acoo = wtq xln aeu
nik acop acoo = nrl wyl uvl lfw
nil acop acoo = ogu zhm qhy
nim acop acoo = ion vgy aapa wno
nin acoq acop acoo = tpf
nio = tgt
nip = viz
niq acoq acop acoo = uvf
nir acoo = mi
nis = pep
nit acop acoo = maa etr g kri
niu = thg
niv acoo = tmw
niw = edo huy
nix acop acoq acoo = sok kyn abyw
niy acoq acop acoo = idy
niz acoo acop = omc
nja acoo = vep
njb acoo acop = jek
njc acoo = sfv
njd = uew
nje acoo acop = gef
njf acoo = aul aaxw fsc
njg = zjm
njh acoo = flj
nji = ywl zoj
njj = ok mnz ifb
njk acop acoo = gmm
njl acop acoq acoo = aasa
njm = xxm
njn acoq acop acoo = tzv
njo = vwu
njp acoq acoo acop = rwq
njq acoo = vjz uqt jkp (vgb oig)
njr acoq acoo acop = xrf
njs acoo acop = qhn
njt acop acoo acoq = nnd
nju = tsi (omx qoz elb)
njv acop acoo acoq = xsz
njw acoo = pie
njx acoo = iia rdu mpi
njy acoo = ksj yng ablg xke
njz acop acoo = bsp
nka acoo acop acoq = obi
nkb acoo acop acoq = rug hll imf dxz
nkc acoo = gsw ngg
nkd acoo = aqy shb
nke acoo = sob
nkf acoo = yik
nkg acoo = oua
nkh acoo acop = dlh
nki acoo = oqs uuk zke
nkj acoo acop acoq = iia ced
nkk acoo acoq acop = gyw
nkl acoo = xay rak qvg mpa
nkm acoo = abcc (awf jsu) fug
nkn acoo = vuk
nko acoq acoo acop = zzg xzc pkz zhe
nkp = yaf woy
nkq acoo = hxu
nkr acoo acoq acop = bit hnj rz ijj
nks acoo = qvy
nkt acoo = vog
nku = qkj
nkv = hve woh bch ire
nkw = oug ebf
nkx acoo = vxm mnn
nky acoq acop acoo = wno wtk
nkz acoo acop = sxa
nla acop acoq acoo = jhf kya glj
nlb acoo = ypl
nlc acoo = uws l (rwf xyv)
nld acoo = vii
nle acoo acop acoq = ouf
nlf acoo = hzb abhp ogy
nlg acop acoo = xzy
nlh acop acoq acoo = exd
nli acoo = gsu nyy
nlj acop acoo = jh aafw qie qgc ehj
nlk acoo = tuv
nll = abkj
nlm acoo acop = wtd ijg lal
nln acoo = ttq thv rvk avu bpq
nlo acoo acop = hgx
nlp acoo = xyl
nlq acoo acoq acop = wlz
nlr acoo = nif jxp
nls acop acoo = uz iho
nlt acoo = fzq
nlu acoo = tul
nlv = xpl (bjp rv vdn)
nlw = xwq
nlx acop acoo acoq = abaq
nly acoo acoq acop = fcf cqw
nlz acoo acop = gbm
nma acoo acop acoq = aaky
nmb = obk pba
nmc acoo = fx civ sbb
nmd acop acoo acoq = gzd
nme acoq acoo acop = ljo dkr abzf lzy
nmf = aaza spt
nmg acoo = yuv wjy ctq kfp
nmh = aqt
nmi acoo acop = giy
nmj acoq acoo acop = acnt whm qzz jlj
nmk acop acoo = ydr
nml = dvr fbe tyx
nmm acoo = mze
nmn acoo acop acoq = pyr xck
nmo acoq acoo acop = dky bwr saq uhw
nmp = gwf
nmq acoo = qjj bkr ssy
nmr acoo = vng nsa xuf
nms acoo = oqo
nmt = oqx
nmu acop acoo = lkn eai
nmv acoo acop = mhc
nmw acoo = wnc jzz cud
nmx acoo acop = cib
nmy acop acoo = soh nu vfi
nmz acoo = nay bnk
nna = iue
nnb acoq acop acoo = piy
nnc acoo = mpk jak
nnd = pxe fif abcg
nne acoq acop acoo = qtz oih
nnf = jgh
nng = lzy
nnh acop acoo acoq = vlc
nni acoo = abft rld
nnj = cpg
nnk acoo = oes
nnl = uih dek
nnm acoo acop = yod kce (or eg)
nnn = iu wnu
nno acop acoo = gck
nnp acop acoq acoo = wsa
nnq = kdn (ajn zqo)
nnr acoo acop = vit lyb
nns acoo = boj
nnt = qqi
nnu acoo = cdm
nnv = aagj
nnw = qyr rvi gdy
nnx acoo acop = aalp
nny = ysk
nnz = esb dkq
noa acop acoq acoo = ebg
nob acop acoq acoo = qxb
noc = abmh
nod acoq acop acoo = se acoe hwb
noe acop acoo = dpm
nof acop acoo acoq = twp (frz hjx ofk)
nog acoo = mzg
noh acoo acop acoq = amt
noi acoo acop = yum iop fca pej tqe
noj acoo acop = ffg
nok acop acoo = xoz
nol acoq acop acoo = mw hom acia qdn
nom acop acoo = stf pro ozn
non = ycf
noo acop acoo = oen
nop acop acoo = ktx
noq acop acoo = acgw txt
nor acop acoo = yck
nos acoo = ehj
not acoq acoo acop = hqo kcv
nou acop acoo = brk daa jti
nov acoo acop acoq = aiy yfv wlj
now acoo = xly jkv
nox acoo acop = zjm
noy acoo = vem uug
noz acop acoo = cyn
npa = lxh
npb acoo acop acoq = sud
npc = zma
npd acop acoo = yvr
npe = acc
npf acoo = skj thx tjd uot
npg acoo acop = cdh lao
nph acop acoo acoq = ljp
npi = jt
npj acoo = vxl fwl
npk acop acoo = ldk mf
npl = nam bpj dns
npm = gxm
npn = zxx
npo acop acoq acoo = xtv
npp acoo = xtp
npq = yqc iar
npr acoo acoq acop = hil ovq kzh
nps acoo = zpt umd
npt acoo = dlm
npu = wfv rnr jrp aaek
npv = nnt
npw = aaju
npx = umh moh
npy acoq acop acoo = zbc
npz acoo = iwj
nqa = odu
nqb = kos
nqc = lxy
nqd acoo acop = dfu sga bxm
nqe = qmu
nqf acoo = ncd
nqg acop acoo = aaaa
nqh acop acoo = ebi
nqi = isl
nqj acop acoq acoo = hhm
nqk acoo acop = bbk
nql acop acoo = osn ode imt pja wry
nqm = sov
nqn acoo = tiy
nqo = eel lol nob
nqp acop acoo = gwh fy
nqq acop acoo = ujx dch sen
nqr = lnm noi
nqs acoq acoo acop = aat abiq ivv
nqt acoo acop = yci xgt gi nhx
nqu = oaa
nqv acop acoo = rx aaj
nqw = yin fze
nqx acoo = fkk
nqy acop acoq acoo = hfk
nqz acoo = dqe mok xbd
nra acoo acop = qsp
nrb = umy
nrc acoo = mxu cnq izp
nrd acoo = vjn jsm cok
nre acoo = aagw ucj
nrf = cyq fbm cvr
nrg = abef pnj dy
nrh acoo = ivl qiq rdp
nri acoo acoq acop = kit snl
nrj acoq acoo acop = nui
nrk acoo acop = ffn heo aaqm
nrl acoo = xci
nrm = zjb
nrn acop acoo = uiq qwu zuu bnm
nro = pxp
nrp = zr
nrq acop acoo = oig
nrr acop acoq acoo = ghf
nrs acoo acop = kwv
nrt = afm
nru = erj
nrv = gti
nrw acoo acop = viz zqo
nrx = rmj krm
nry acoo acop = xuv ock
nrz acoo = hoh ist qtw
nsa acoo = cnq ngt (hrv abpn)
nsb acoo = qpr uoo slb
nsc acoo acop = aans jhc
nsd = bua obs tkp
nse acop acoo = xuw dwd pmn xzh
nsf acoo acop acoq = dmn sqh oru hbg
nsg acoo = slj
nsh acop acoq acoo = fmv
nsi acoo = kf ojg
nsj acoo = aaco ff
nsk = abjy
nsl acoo = yhp
nsm = lbb yj ynf
nsn acop acoq acoo = tch fcg cvm jhg
nso acoo acop = pkt
nsp = rte
nsq acoo acop = gqe
nsr acoo = aid
nss = vlu
nst acoo = tff
nsu acop acoo = bxr yja abov xfj
nsv acoo acop = bms
nsw acop acoq acoo = acmk (wzy xdk ldj kim)
nsx = byr
nsy = vsw enu dnu
nsz = hjj
nta acop acoo = emj ijy sfn
ntb acop acoo acoq = mok ktc
ntc = ubf svq
ntd acoo = fb nkx lvi rwj
nte acoo acop = ymp
ntf acoo acop = bbx
ntg acop acoo = ubk dgp aaep iqh svn
nth acop acoo acoq = mhw
nti acoo = mxa
ntj = myd ehe
ntk = phn qzq (chy qlx)
ntl acoo = iet
ntm acoo acop = oxa ugp trx hhg
ntn acop acoo = fzy
nto = qzk qzr
ntp acoo = jgj
ntq acop acoo = ire ait vje
ntr = jao rgu zv aawn
nts acoo = aot
ntt = aanc ltx kac
ntu acop acoo = lzq aawz hbi
ntv acoo acop acoq = yba cc llx
ntw acoo acop = eir
ntx acoo acop acoq = mih
nty acop acoo acoq = aafg
ntz acop acoo = hpf olf jmz
nua acop acoo = zxd
nub acoo acoq acop = zta
nuc acop acoo acoq = qkd esy jtk
nud acoq acoo acop = ugv
nue acoo acoq acop = ere npa kaq npe
nuf acoo acop acoq = abav wkf
nug acoo = aaqf
nuh acop acoo = oum rzr
nui acoo = qhs
nuj acoo = pcq
nuk = pxl
nul acoo = qjl
num acoo = pui wwg
nun acop acoo = kou urc
nuo acop acoo = vbv
nup acoo acop = xhp
nuq acoo acop acoq = aadm
nur acop acoo acoq = wfp
nus acop acoo = slb kun
nut acoo = wgl psk txb pri
nuu = fhy
nuv acoo = spy
nuw = xng knf cdi dgx
nux acop acoo = xfl
nuy = accb
nuz acop acoo = zmx
nva acoq acoo acop = lvv
nvb acop acoo acoq = vuc
nvc acoo = cha rru
nvd acoo = jvk
nve acoq acop acoo = qxn
nvf = xme ctc
nvg acoo = fpy sxs qwg aaqi
nvh acoo acop = qlz
nvi acoo = qok
nvj acop acoo = plp
nvk acoo = iqk
nvl acoq acop acoo = lhm
nvm acoo = iqx qkb aacw
nvn acoo acop = cct xbk ddt
nvo acoo acop = mvp
nvp acop acoo = mvd
nvq = est hpj
nvr acoo = icz hca mtp abuc
nvs acop acoo acoq = gk
nvt acoo acoq acop = biy oyz
nvu acoo acop acoq = fqp
nvv acoo = bni
nvw acoo acop = kgg
nvx = sp qtv ntk
nvy acoo acop acoq = twr
nvz acop acoo = xcz xee om
nwa acoo acop = fbt
nwb = ioa
nwc acop acoo = vsd wxe qpg bob
nwd acop acoo = agt
nwe acoo = bxr
nwf acoo acop = joy xia
nwg acoq acoo acop = abxk
nwh acoo = dih
nwi acoq acop acoo = abkw
nwj acoo acop = ulj vcg qfp
nwk acoo = abch
nwl acoo acoq acop = ibj
nwm = hvk
nwn acop acoo = too
nwo acop acoq acoo = oee
nwp acoo = sgu
nwq acoo = isn
nwr acop acoo = ixw ima clk (ptm jcj)
nws acoo acoq acop = dfd ftk
nwt = acju jep icy
nwu = rmf urx abwn
nwv = qer bez
nww acoo acop = oon rzd gue oxx cjc
nwx = jfl tmi acbw
nwy = aqg
nwz acoo acoq acop = kqu
nxa = tst
nxb acoo = clp sxd
nxc acoo = mls b qma
nxd acoo acop = nkr
nxe acoo acop = orc jyy gqm
nxf acop acoo = cyw
nxg acop acoo acoq = gap jbb afi
nxh acoo = acdi
nxi acoo acop = qpt
nxj = jlp rhk jwz dth ezy
nxk acoq acop acoo = skg
nxl acoq acop acoo = lgl
nxm acoo = vsh
nxn = kup
nxo = nng jtq yne chq
nxp acop acoo = kaw
nxq acoo acoq acop = ray
nxr acoq acoo acop = yve
nxs acop acoo = pev piy
nxt = riu zko
nxu acoq acoo acop = am
nxv = ref
nxw acoo acop = slh pvl
nxx acoo acop = xj fqd abxo abre
nxy acoo = cuk kwd
nxz acoo = qqr
nya = grz pw whs giv
nyb acoo = bkc abbj
nyc acoo acop = vlo
nyd acop acoo acoq = nkj xfi
nye acoo acop = at
nyf acoo = ipt
nyg acoo acop = fua
nyh acoq acoo acop = fwn ol jnm
nyi = nsi khz (jds ldw)
nyj acop acoo = ehk
nyk acoo acoq acop = mvz
nyl acoo acop = ybk okb
nym acoo = rlc
nyn acoo = khy qhd
nyo = abzp
nyp = exw qsp dvp he
nyq = ozt
nyr acoo = rly mqs
nys acop acoo = abcc
nyt acoo = acl aals
nyu = haq oyr dpj
nyv acoq acop acoo = dok wsi ljs nka
nyw = goa
nyx acoo = dkz
nyy acoo = cif
nyz acop acoo = mdb
nza acop acoo acoq = wqr
nzb acoo = tdf
nzc = wkk
nzd acoo = ftp qck
nze = tqa accl
nzf = uyh
nzg acoo acoq acop = ihk vwz iql vqe
nzh acoo acop = ljc kaj bms
nzi = bjb
nzj acop acoo = ipg nql pex
nzk = tvy
nzl = hdh gvx
nzm acoo = rfg
nzn acoo acoq acop = ppf jwk
nzo acoo acoq acop = dwi
nzp acoo = etj uti
nzq acoo = owp
nzr acop acoo acoq = fib
nzs acop acoo = sgl mdr
nzt acop acoq acoo = qte
nzu acoo = abrj ugp
nzv acoo = tyb
nzw acoo = koo abxy
nzx acoo acop = dsz rwc cqs pfy
nzy acoo = wrv csc nlt ize
nzz acoq acop acoo = uor poj
oaa acop acoo = abtk wze
oab acoo = bsh uft
oac acoq acop acoo = qgm
oad = keg abes xte
oae acoo acop = awa xyn nnn
oaf = ubi
oag acop acoo = sgy
oah acoo = xvh
oai acop acoo acoq = vyq
oaj acoq acop acoo = qkk abkt efu tsa
oak = abyn ctf
oal acop acoo = nic
oam = rrv lgx thd cpd
oan acop acoo = rtb yfr kaa
oao acoo acop acoq = cxq
oap acoo acop acoq = ewv fc spa
oaq = kpq
oar acop acoo = gnb
oas acop acoo acoq = lln
oat acop acoo = fmw
oau acoo acop = mje
oav = vct
oaw acoo acop = qlm
oax acoo = vop
oay acoq acop acoo = dnh
oaz acoo = mct qox abjp
oba acop acoq acoo = aud vop kb
obb = aei
obc acop acoo = neq grb ygi aaar bwt
obd acop acoo = ozf
obe acoo acop = nje mmr
obf = ffm
obg acoo = mtk
obh acoo = viq nln
obi acop acoo acoq = fgj lzu
obj acop acoo = lco
obk acop acoo = acls fku
obl = rrb
obm acoo = rix
obn = dpp xlm wsg
obo acoo acop acoq = mcm ohr
obp acoo acop = egi bbr
obq acoo acop = kzx wkw gnv
obr = lcj vhj
obs acoo acop acoq = qjo zll
obt acop acoo = qal
obu acoo = dxr
obv = ufc
obw acoo acop = nwg
obx acop acoo = ucq
oby acoo = flz
obz acoo acop = rwy (achb joa xjp)
oca acoo acop = cnu
ocb acoo = pws abz ubx
occ acoo acoq acop = aazq kjs
ocd acoo acop acoq = sbg qmd
oce acop acoo = abty
ocf acop acoo = nde
ocg acop acoo = zij rvj mnv ugs
och acop acoo = atd ggv kgq
oci acop acoo acoq = tez
ocj acoq acoo acop = abwy cob
ock = pkx
ocl acoq acop acoo = ftm
ocm = npb jpx
ocn acop acoo acoq = iub
oco acop acoq acoo = cvu tsh
ocp acoo acop = yyo pxi
ocq = izd
ocr acoo acop acoq = re
ocs acoo = lcp
oct acoo = eez (gxi snk yha)
ocu acoo = hqj
ocv acop acoo acoq = fdx lmy itg
ocw acoo acop = sil
ocx = zov
ocy acop acoo = tk oiu
ocz acoo acoq acop = ldb
oda = fpe ktb ymn txk acgn
odb = ydw lyg ebz
odc acoo acop acoq = wyt vja mfx
odd acoo = rsf
ode acop acoo = abtz
odf acoo = gpj iz cun rzq
odg acoo = azo
odh acoo acop = ezg bqd pdh qua
odi acop acoo = nfg
odj acop acoo = iml
odk acoo acop acoq = uje
odl acoo acop = acnp fqf tbv
odm = nio fzs
odn = ttd oic akq po
odo acoq acop acoo = achc dzx
odp acoq acop acoo = twe ukf
odq acoo acop = jae aqz
odr = aaec
ods acop acoo = fle
odt = rvz
odu acoo = abmv
odv acoo acop acoq = tny
odw = gog
odx = aand
ody acoo = se
odz = vzo et
oea acoo = zxm
oeb acoo = edr gim (upx qjn)
oec = och
oed = abzy
oee acoo = clm hry gie
oef = aaif qyi wud
oeg acoo acoq acop = acoq aazx
oeh = eru vkd jiq uxv
oei acoo acop acoq = ut
oej acoo acop = vax
oek acoo = oh
oel = qwg lgn
oem acoo = rmo
oen acoo = abeu zme acoo
oeo = opp
oep acoo acoq acop = ackz abig ztz
oeq acoq acoo acop = obh hdj jpm
oer = wbi
oes acoo acop = aadn oat naz
oet acoq acop acoo = dwx
oeu = ioe
oev = try pke (abyu xyu)
oew acoo = xs
oex acoq acop acoo = tzn
oey = bch iss sab
oez = pca
ofa acoo = fcy (aarv wny) tjx
ofb acop acoo acoq = lrt svo
ofc = meh
ofd = tyb abkr
ofe acop acoo = jmw xdo
off acop acoo = jqe ilc wqt
ofg acoo = hrk efs
ofh acoo = bwa
ofi acoo = yjg
ofj acop acoo = ugi aboh ywf
ofk = acej
ofl = qei fft jac
ofm acoo acop = lf
ofn = kkg upu
ofo acoq acop acoo = hig
ofp = abrr xwp
ofq acop acoo = bte xon
ofr acop acoo = irx
ofs acop acoo = uxf qjv
oft acop acoo = qqn vng
ofu acop acoo = skh
ofv acoo acoq acop = zxh
ofw acop acoo = lqs
ofx acop acoo = wmv
ofy = abbk tga (afk fxn)
ofz acop acoo = acme
oga = csu ygm zyj
ogb acoo acoq acop = jtc
ogc acop acoo = aceg
ogd = xky
oge acoo acop = aaqv
ogf = czz lgp hqy
ogg acop acoo = tkc
ogh acoo = absa
ogi = nyk
ogj acoo = yvx
ogk acoo acop = abzy
ogl acop acoo = hjh sge
ogm acoo acop = ask nrz rgo
ogn acoo = ajg txl lpm
ogo acoo = bwc
ogp acoq acoo acop = knn
ogq acoo = twa
ogr = ablr
ogs acoo acop = hml mnd
ogt = rcm
ogu acoo = egc uio
ogv = ziu tif ogt
ogw acoo = wly icy
ogx acop acoo acoq = tna
ogy acoo acop acoq = lbb mqu fbe
ogz acoq acoo acop = tql
oha acop acoo acoq = vxq
ohb acoq acoo acop = vgq cvl pqr
ohc = luu knd
ohd acoo = na
ohe = dqn
ohf acoo = xqf
ohg acoo = cyg
ohh acop acoq acoo = qdv ztv
ohi acoo = qhm
ohj acoo = evf pnx
ohk acoo = bku
ohl acop acoo acoq = rzu
ohm acoo = goq sld ylp
ohn = gnw
oho acoo acop = aiu
ohp acoo = tzc
ohq acoq acop acoo = nso
ohr acoo = hxb pny tsm
ohs = kt
oht acoo acoq acop = dzy
ohu = vok io zro
ohv = grd eyu iem rng
ohw acoo = cfw
ohx acop acoq acoo = jub
ohy acoo acop = bcw mho fgc
ohz acoo acoq acop = lgb ykl aye adl
oia acoo = ikb mih
oib acoo = tqm
oic acoo = ecw uvl
oid = kbf xkp lpr aatt
oie acoo = psi acon
oif acoq acoo acop = bhr
oig acop acoo = yzr zmt
oih acoo acop = ubf
oii = mmt pql rhl
oij = ull ukq ece
oik = acdb att
oil acoo acop = hur
oim acoo = sjx
oin acop acoq acoo = muq
oio acoo acoq acop = vkw
oip = vx ocg luz
oiq acop acoo acoq = psx
oir acoq acop acoo = aql nbb
ois acoo acop = hvw ohg
oit acoo acop = egm
oiu = vcr kta
oiv acoo = bxr juj foe kjp
oiw acop acoo = xrn oir
oix acop acoo = wcr
oiy acoo = jir
oiz acop acoo acoq = bud srj fxa tqm vvm
oja acoo = ykh
ojb acoo acop acoq = etm ugp bbe aach deh
ojc = usq sfm
ojd acoo = qfy
oje acoo acop = igq
ojf acop acoo = siy
ojg = ebb aaxe
ojh = hrq
oji acoq acop acoo = qlr
ojj acoo acoq acop = scx
ojk acop acoq acoo = up abai bux
ojl acoo acop = evd
ojm acop acoo = vwn
ojn acoo = hcj
ojo acop acoo = tqr lrz ghf
ojp = vaz mmu zkn fuc
ojq = jev lr bpp
ojr acop acoo acoq = pqk yxu
ojs acoo acop = rsc
ojt = rtt
oju acoo = pao
ojv acoo acop = xpt (hnm xvk)
ojw = nvw yly fkd wxl abbj
ojx acoo acoq acop = acoq iyb acmg wdt
ojy acoo = udd mrp
ojz acoo acoq acop = umj
oka acop acoo = qyi
okb = qwc dlp ftw ksa
okc acop acoo = smy
okd = tay
oke acoo = pxc
okf acop acoq acoo = wjc
okg acoo acoq acop = bec dkp
okh acoo acop acoq = asp zrp
oki acoo acop = xig
okj acoo acop acoq = zcs
okk acoo acop = own hkr
okl acop acoo = evw
okm = yco
okn = oac djc
oko acoo = axv czo
okp = aaba fu
okq acoo = esx
okr acoo = xlc tst
oks acoo = sxy
okt acoo = ackq
oku acop acoo acoq = zeo
okv acoo acop = pfo
okw acoo acop acoq = rs xvc
okx acoo = iqg xrz
oky = abrg ecj
okz acop acoo = cbs ufr aos
ola = ozr pmi nnb nnh
olb acoo acop acoq = nhc bvq fct xfg
olc acop acoq acoo = abnv
old acoo = sgv zyz mne hqf
ole acoo acop = abjh
olf = nml nyp
olg acop acoo acoq = hqz tdw
olh acop acoo = hby
oli acoo acop = qic dyl lau tqc rcj
olj = jkx
olk = eax bvz
oll acoo = nlb
olm acoo = pqr
oln acoo acop = wra
olo acop acoo = cgd fat ftj
olp acoo acop = hdf
olq acoo acop = yfz
olr acoo = exg
ols acoo acop = qfx prq
olt = zth
olu acoo = ioa
olv acoo acop = aia
olw acoo acop = ibi
olx acoo = epy hoh
oly acoo acop = hhs rcj
olz acoo acoq acop = aada
oma = yuz
omb acop acoq acoo = mmc
omc acoo = txa kwp yz
omd = kyp
ome acoo = rdk
omf acop acoo = jtz
omg = ena
omh acop acoo = vwp vbj
omi acoo acop = acar
omj acoo acop = kzv
omk acoo = loc cjb
oml acop acoo = aaaj tks nd
omm acoo acop = aty
omn acoo = lsg uyx
omo acoq acop acoo = gzd
omp = vme
omq acop acoo acoq = aai bqm
omr acop acoo = bia
oms acoo = duq
omt acoo = tzu fry aapw
omu acop acoo = pb
omv acop acoo = dex xpx
omw acop acoq acoo = ypr
omx acoo acop = sof
omy acop acoo = rni
omz acoo acop = wul rga rgl yts oq
ona acoo = oyl
onb = oxo kdn tqp
onc acop acoq acoo = fjb ackh skt fxx lci
ond acoo = qd
one acop acoq acoo = hkg
onf acop acoo = tcz zbs
ong acoq acop acoo = tqo bzw
onh acoo acop = nvp dud rzj ago
oni acop acoo = pkq gud wi hqm
onj acoo = bkc
onk acop acoo acoq = bmw bmj aaqb
onl acoo = umc dtr pbw
onm = rdk okx
onn acoq acoo acop = ackj uue
ono acoq acop acoo = gpx rkh zej
onp acop acoo = dty
onq acoq acop acoo = sad nob acfy oqh
onr acop acoo = nhu
ons acoo = lob
ont acoq acop acoo = tvt ned
onu = abzt aaqq
onv acoo = lka
onw acoo acop = pns gau
onx acoo = bxw
ony = jdb bhv
onz = cfi
ooa = aafg
oob acop acoo = ypk (kdy abyc)
ooc acoo = qdn
ood acoo = bbp
ooe acoo = kbo bum abbg elf
oof acoo acop acoq = twg zpl
oog acoo = tht hlo bpw
ooh acoo = soq rgl
ooi acoo acop = mjm
ooj acoo = uct
ook acoo = jje pif
ool = xfx
oom = jnx
oon acoo acop = ywg
ooo = nvl pvq
oop acop acoo = uhf yeq
ooq acoo = acjh
oor acop acoo = nnm
oos acoo = cnz zcb
oot acop acoo = uml acdn wvs
oou = aahs
oov acoo = xrx yjv cil elm
oow acoo = wwm
oox acoo = xao awo twj sxo
ooy = zeg abyh dw
ooz acoo acop = tdb
opa acoo = dpt
opb acoq acop acoo = fcd nop
opc acoq acoo acop = hom vkv
opd acoo = kpf jhz
ope acop acoo = upf
opf acoq acop acoo = frf
opg = ixf oxl rlp uhl
oph acoo = qbp
opi = sti
opj acoo = slw jgp
opk acoq acop acoo = kej
opl = tfw
opm acop acoo acoq = bil fqf
opn acoo = kpv
opo = bof hvm
opp = acmb
opq = uba
opr acop acoo acoq = dic
ops acoo = ujm abna bug
opt acoo acop = gqb
opu acoq acoo acop = aapq yhn mtv iea
opv acop acoo = mwn wil
opw = tti dpg acfe yrb oes
opx acop acoo = vcn
opy acop acoo = srv nrr xqz aazi
opz acoo = krv
oqa acoo = oix
oqb = abdq npi (ikn aafb)
oqc acop acoo = oaz rmu (achz agw)
oqd acoo = iav gdg
oqe acop acoq acoo = wht ivg eio
oqf acoo acop = agv
oqg = dym
oqh acoo acop = bld wxd aamf rae
oqi acop acoo acoq = txq ggt acex ovy
oqj = kta
oqk = ytw fjv yow
oql acoo acop = cai
oqm acoo acop = ygm ent gfu
oqn acoo acop = ait qvh nsv qpx
oqo acop acoq acoo = lqc ak kgg
oqp = fqv mqo
oqq = ade
oqr acop acoo = zrg acol
oqs acoo = jkb
oqt acoq acoo acop = nlp aayq fuh
oqu acop acoo = sbp dkm xah
oqv acoq acop acoo = gtq nzv cyi rdi
oqw acop acoo = wpk kne
oqx acoo acop = xfc wdt jeh
oqy = ddb avd
oqz acoo = ufr gvt
ora acoo = cqx usy
orb acoq acoo acop = wxp lgw
orc = svm yiz
ord = zuc
ore acop acoq acoo = mqi yvu noc abrv
orf acop acoq acoo = gvz
org acop acoo = aadb
orh acop acoo acoq = ssu sxb
ori acoo acop = vwj
orj acoo = lgi
ork = dhl tdo
orl acop acoq acoo = nnx ywv cjn
orm acoo = mwx
orn acoo acop = sga
oro = ahl aayw cit zts
orp = sfx ljh
orq acoo = jyj
orr acoo = jhh pwl
ors acoq acoo acop = tbh xry
ort acoq acoo acop = ooy fuv tdo
oru acoo = vfm
orv = dwd
orw acoo acop = iwu ogh eww pvp zoi
orx acoo = kdx
ory = jdo
orz = nka
osa acoo acoq acop = wwd yii btm ffn
osb = ypy nhn
osc acoo = gf
osd = kzf aex cdj eln abga
ose acoo acop acoq = wmw
osf = abtx ihw vrf
osg acop acoq acoo = mmx os vpn
osh acoo = bxf rph (acmo er) wvf
osi = zzp fyo vvc kmd
osj = uxt
osk acoo acop = xcz sak tkq
osl = abzq
osm acoo acop = qim
osn acoo = uza
oso acoo acop = nsp
osp acoo acoq acop = pge dww ydq
osq acoo = qhn
osr = fmn
oss acoo acop = ubq aud
ost = oeg
osu = cgy hhg wvp cvz
osv = ngn (xmo oul)
osw = ak
osx = yzt hof slj
osy acoo acop = abxe gly azw
osz = wex
ota = acak oiy ols omv tcz
otb acoo = yai
otc acoo acop = foq
otd acoo acop = rnh
ote acop acoo acoq = cfa
otf = aao
otg acoo acop acoq = sty vay
oth acoo acop = hwo dfe
oti acop acoo = qus
otj acoo = wtx bwj
otk = nnx
otl acoo = hfz
otm acoo acop = edo wxx aayd
otn acop acoo = wab
oto acoo = tts mdz owl
otp = eiz
otq acop acoo acoq = how
otr = omb ngq pno
ots acoo acop = iec
ott = aadj iwd irp hoi
otu acoo acop = qds
otv = wid omj niu
otw acoo = rpz
otx = ufn nu gpw
oty acop acoo acoq = kwi
otz = szx
oua acoo acop = mxv
oub acoo acop = zhk abub
ouc = wu qoy krv
oud acoo = blb loc
oue acoo acop = ykg
ouf acoo = tmd jym (nbq kji aayr)
oug acoo acop = rwv
ouh acop acoo = njr
oui = tns
ouj acoo acop = sfm
ouk = rjd (zyy vnm zga) rdu
oul acoq acoo acop = aale
oum acoo acop acoq = yop
oun acoo = ocr
ouo acoo = zsb pwg
oup = ljk
ouq = orw exr
our acoq acop acoo = kyh
ous acoo = aabd iho
out acoo = dhh
ouu acoo acop = waw abqr xdi ess
ouv acop acoo acoq = oss
ouw = gtb
oux acoo = mcr but qzp hdy
ouy = aqw
ouz acoq acop acoo = tct ejl
ova acop acoo = zcg
ovb = yoo mxi srb
ovc acoq acoo acop = abkw mgi cds
ovd acoo = yhp pal aaxw mie
ove acop acoo acoq = brk ypy
ovf acoo acop = nyv
ovg acoo acop acoq = hta lqo jdf
ovh = kkc bpa tkg
ovi acoo = mjz ywn (xlc yit uss)
ovj = uhz
ovk acoo = nmt npa
ovl acoo = xv km bkm
ovm acop acoq acoo = rva
ovn acoo = sja (nth lml)
ovo acoo = jyd
ovp acoo = mwv naj ssc trs
ovq acoq acop acoo = jaa dwq brx isn nqn
ovr acop acoo acoq = krr
ovs acoo = ehn
ovt acoo acop = wnx xm jax
ovu acoo = yjz
ovv acoo acop = kyp
ovw acoo = aaxr enf qqv cd
ovx acoo acoq acop = wce alc acok
ovy acop acoq acoo = srm ges
ovz acoo acop = acdx
owa acoo = jew
owb acoq acop acoo = ktg
owc = aava
owd acop acoo = auv
owe acoo = xxj
owf acoo acop = pue
owg acoo = umt
owh acoq acoo acop = dca uqs
owi = aiy
owj acoo = yel obs wpk bf
owk acoo = bhg qfn egl
owl acoq acoo acop = whe
owm acop acoo = lpx
own acoo = usz
owo = tgn sbm nwd
owp acoq acoo acop = sb
owq acoq acop acoo = aaev
owr acoo = moy (nst acfm)
ows = ncd (uvy fg dvh)
owt acop acoo = eil ccw
owu acoo = hed btm
owv acoo = ijk
oww = ghn
owx acoo = ocl lcj
owy = byp
owz acoo = nir
oxa acoo = mqi zzn ddh
oxb acoo = blt
oxc acop acoo acoq = kuq
oxd = acfm
oxe = gdm
oxf acoo acop acoq = exf (lft wrx)
oxg acoo acop = mag
oxh acoq acoo acop = gbs
oxi acoo = myw
oxj acoo = fsn
oxk = smy
oxl acoo acoq acop = qzk git rxo ptw
oxm acoo = fgn
oxn acoo acoq acop = acdd
oxo = muy
oxp acoo = gv gyj
oxq acop acoo = eaa jsw
oxr acoo = srt aayr
oxs = oqx
oxt acoq acop acoo = vfs
oxu acop acoo = ypm kxj ufy
oxv acoq acop acoo = md ijn
oxw acoo acop = pzr (yzd isq ff)
oxx = doj kte fvg
oxy = hin
oxz acop acoo acoq = mcf sum bwn abdh
oya acoo = nvj ztd
oyb acoo = sez
oyc acoo acop acoq = vri
oyd acoo = xov
oye acop acoo = wjd
oyf acoo = pui
oyg = aht nkg awa eex
oyh acop acoo = rgl
oyi = eti qzx abgt
oyj = kib
oyk = geo tdx
oyl acop acoo acoq = cuy
oym acoo acop = vdw
oyn acoo acoq acop = abi
oyo = pmz
oyp acop acoo acoq = kcg
oyq acop acoo acoq = nip wvf dai gsq
oyr acoo acop = atq (kpi lmp)
oys = gma xed krm
oyt acop acoq acoo = vgj
oyu acoq acop acoo = hzh xsx (mif vui)
oyv acoq acop acoo = axq aaff ksw
oyw acoo = vga brm lam fpn abmu
oyx acoo = aadd
oyy acoo = kck nqg ado zsx
oyz acoo acop acoq = mxw
oza acoo acoq acop = gci naz acbn
ozb acop acoo = eno
ozc acoo acop = ysb
ozd acop acoo = bik
oze = dgt
ozf acoo acop acoq = tmo kdx
ozg acop acoq acoo = nh
ozh acop acoo acoq = ooc
ozi acop acoo = uvs gpf ackd
ozj acop acoo = ptj vld
ozk acoo acop = igg
ozl acoo = zsq fjj ill kp
ozm acoo = fme
ozn acoq acoo acop = wja
ozo acoq acop acoo = cza kzp bsl
ozp = cth
ozq acop acoo = aace
ozr acoo = axw bbu
ozs acoo = pnm avt qsr
ozt acoo acop acoq = gjv
ozu acoq acoo acop = swo abhe
ozv acop acoq acoo = rtk
ozw acoo acop acoq = ixd
ozx acoq acoo acop = qml
ozy acop acoq acoo = ah kdx
ozz acoo acop = xqb wvp twc nil
paa acoo acop = fo
pab = uhd cnq itv ydw
pac = sap
pad acoq acop acoo = bw nhr crt jio
pae = mlt
paf = rfv
pag = qbq usk nmt
pah acoo acop = vo exd
pai acoo = qvu
paj = tip
pak = ovr
pal acoq acoo acop = kno
pam acop acoo acoq = ekx qet
pan = csu
pao acop acoo = sdq
pap acoo = ztk
paq acoo = oxe lvf mva
par = enh
pas acoo acop = qbn
pat = mnm
pau = fbg
pav = xf acer
paw = aabt lt lmx
pax acoo acop = opy
pay acoo = oqc
paz acoo acop = lvo crl aayj vh uoq
pba acop acoo = gft
pbb = ufi
pbc acoq acop acoo = zfl tqr ybu bic sih
pbd = rgd
pbe acoq acoo acop = dck
pbf = ovv erz
pbg acoq acop acoo = fss
pbh acop acoq acoo = lns nfy
pbi acoq acoo acop = gda pcn
pbj acoo acoq acop = wdy azx pme
pbk acoo = vic
pbl = unf (hwu cju)
pbm acoo = vdr
pbn acoq acop acoo = dqv
pbo acoo = agi fis
pbp acoo = nqr
pbq = bwq
pbr acoo acop = era
pbs acop acoo = jcj ris aatk
pbt = qsf
pbu = mqk mqh
pbv acoo acop = afp
pbw acoo acop = lty uxe vus ggs
pbx acoo = hf
pby acop acoq acoo = pta
pbz acoo acop acoq = nup
pca acoo acop acoq = abfd
pcb = deq eey qgz
pcc acoq acop acoo = raj wak mji
pcd acoo = rfr xqk
pce acoo acop = pjh
pcf = qrh
pcg acoo acop = pyd
pch acoo = rco xyn scu
pci = bpt bku
pcj acop acoo = abkb mxe
pck = xjk ffg mxv
pcl acoo = oku
pcm acop acoo acoq = msx gjo
pcn acoo = uoy
pco = ro crw tye (azw aawq)
pcp acoo = gpw abon aaxg
pcq acoo = swm yzk tgi tlw
pcr acoo acop = nte
pcs acoo = qzk
pct acoo acop acoq = achs uab ugr
pcu = eqr sdf iiw usa sgt
pcv acoo acop = sej wza
pcw acoo = ocg
pcx = gbk
pcy acoo = koc otp
pcz = evo rgt
pda acoo acop = abcg
pdb acoo acop = jmd
pdc = tmr
pdd acoo = bpv (zej jvz)
pde acoo acop = rbp
pdf acoo = iiq
pdg = zmx
pdh acop acoo = ncu dnb
pdi acoo acop = hks
pdj = irr
pdk = jtn fkx nqc okj
pdl acop acoo = cvi
pdm acop acoo = aaho zim
pdn acoo = gwr
pdo acop acoo = ji dmn
pdp acoo = sug syf wym
pdq = scu tsk bfv
pdr acoo = bjs
pds acoo acoq acop = jao qcx
pdt acop acoo = mmq
pdu acop acoq acoo = ltd tos
pdv acoo = nqu xso
pdw = fpe duz
pdx acoo = zlw ywb ahz
pdy acoq acoo acop = aqe rfd beb
pdz acoo = wza dms pjp iup
pea acoo acop = lcv
peb acop acoo acoq = qim
pec acop acoo = kj
ped = num sty lyf
pee acoo = abpa
pef acoo = nig mwu gir abgu
peg = adf mjv
peh = ivs qry
pei acoo acop = skk
pej acoo acop acoq = keh
pek acop acoo = nnl zyl wwf hdh zws
pel = aqx
pem acoo = jfo
pen = juc
peo acop acoo = omp dvl vwq
pep acoo = abpa
peq acoo acop acoq = aceo
per acop acoo = acnf ikx
pes = rrw un yct
pet acoo acop acoq = azh
peu acoo = aare ybm aatd
pev acop acoo = abrt
pew acoo = txs bpw ynb
pex acoo = cd (acbf gws)
pey acoo = qcq aapj aceh
pez acop acoo = lrs aahr thx
pfa acop acoo = rsz
pfb acoo = gcr
pfc acop acoo acoq = re uqs qkj bua
pfd = pez
pfe = xec
pff acoo = qrq fxx asd
pfg acoo = lmr
pfh acoo acop acoq = ydq
pfi acoo acop acoq = swo osi nyh ggk vdo
pfj acoo = pjr
pfk = ism
pfl acoq acoo acop = czc
pfm acoo = uyl
pfn = rnj mrd qit
pfo acoo = wkk gfx ee
pfp acop acoo = abfr whh kmb
pfq = xds cwf
pfr = fob kma
pfs acoq acoo acop = squ yfs
pft = qmy uta
pfu acoo acop = aaij tiw
pfv acoo acop = ackg
pfw acoo = plh acgv
pfx acop acoo = abeh zth
pfy acop acoo = gti uuf
pfz acoo acop acoq = miq
pga acop acoq acoo = ufx
pgb = pkx rlx aqt
pgc acoo acoq acop = pkj
pgd acoq acoo acop = rpf
pge acoo acop = xds sbu jld
pgf acoo = gxa
pgg acop acoo = gzh mep gig dln
pgh = kbw
pgi acoo = rgh
pgj acoo acop = fot
pgk acoo = h
pgl acoo = xzn
pgm acoo = git
pgn acoo = jdp
pgo acoo = aabm nsq sfw
pgp acop acoo = eec
pgq acop acoo = bbu hso
pgr acoo acoq acop = uoc
pgs acoo acop = kwh
pgt acop acoo = sbm
pgu acoo acop = wro
pgv acoo = ram
pgw acoo acop acoq = ovw
pgx acop acoo = eqb tuk
pgy = icw
pgz acop acoo = dav
pha acoo acop = nvk ctw
phb acop acoo acoq = odq xdr
phc acoo = abqe djj ykw
phd acoo acoq acop = eea
phe = jee
phf = tqv
phg acoo = dnr acai lvb
phh acoo acop = acal
phi acoo = kzf svf
phj = cps
phk acoo acoq acop = odi
phl = omj pcr
phm = ffs umb acbb
phn acoo acop acoq = omg (vix vpv)
pho acoo = mds
php acop acoo = www
phq = abta
phr acoo acoq acop = zyc
phs acoq acop acoo = ufx
pht = ixa
phu acoo = ddv mih qsz
phv = pzb sdw
phw acoo = ntl
phx acop acoo = abzw
phy = vxt aqu
phz acoo = aby fll uth bmi
pia acoo = mdj ydi
pib acoo = qml
pic acoo = dtc wvg
pid acoo acop = hzp
pie acop acoo = fjd mur
pif acoo acoq acop = smf jzd achh dcw zke
pig = lc
pih acoo acop acoq = vla
pii acoo acop = pao mkg
pij = lgp skc kft
pik acoo acop = zgr
pil = krz uz
pim = fcn
pin acop acoo = iin
pio acoo acop acoq = ieg
pip = xjz
piq acoo = bsp
pir acoo = pky fzz pka
pis acoo acoq acop = ibp bwl
pit acoq acop acoo = mxm auu aaac
piu acoq acoo acop = qm
piv = dqk
piw acoo acop = wqn
pix acoo acop = aafr
piy = gzd qia poz
piz acoo acop = ija mjz
pja acoo = pud (hvs dfl pzc)
pjb acoo = rn
pjc acoo acop acoq = omk vra
pjd acoo = ik
pje acop acoo = xyx mkz smc oav
pjf acoo acoq acop = epz hcq zre (gdo acco)
pjg acoo acop = yfi orn svd hwc
pjh acoo = nml wfy
pji acoo = qzu gxd gpl
pjj acoo = abgp
pjk acoo acop = bpt
pjl acoo acop = oaf pzz muh
pjm = bvh xrm jgc xwa
pjn acoq acoo acop = art
pjo acoo acoq acop = pwj btu
pjp acoo = oti
pjq acoo = heo
pjr = dtu abtl
pjs acoq acop acoo = wsg
pjt acoq acoo acop = scr
pju acoq acoo acop = uuf hjf
pjv acop acoo = fvo
pjw acoq acop acoo = rnr
pjx acop acoo = qlc aboy ejg ipp aacy
pjy acoq acoo acop = wuw
pjz acop acoo = cav
pka acop acoo acoq = pis awi geo ncf
pkb acoq acop acoo = xgl aawz nlo xkp
pkc acoo acop = ulz shv
pkd acoo = keg
pke acop acoq acoo = wtl mxl rtp rlt
pkf acoo acop = aaah
pkg acoo = uwj abzv abpk
pkh acoo acoq acop = geh abj tir usb mkf
pki = omw
pkj = aaxl ipn
pkk = dey
pkl acoo = ppt xsd
pkm acoq acoo acop = aamu
pkn acoo acop = snv rue pq uwo
pko acop acoo = fhq
pkp acoo acop acoq = oyz
pkq acop acoo = msw
pkr = hbs
pks acoo = tnm
pkt acoo acop acoq = jds
pku acop acoo = oau
pkv = jwl
pkw acoq acop acoo = cv
pkx acoo = ltg igx iah trv aarn
pky acoo = vrr
pkz acop acoq acoo = qdy
pla acop acoo = kcy
plb acop acoo acoq = kqz
plc acoo acoq acop = mcg
pld = mfj
ple = ggf yte
plf acop acoo = dzk
plg acoo = gmo
plh acoo acop = tpd vsb xfy
pli acoo acoq acop = dfr
plj = xew utk bdi
plk acoo acop = aaao
pll acoo acop = fai
plm = uik inx vke gfp mtu
pln acoo acop = jem jjt vvo
plo acoo = itf
plp acoq acoo acop = zvw absv lvm
plq = vom
plr acoo acop = itk
pls acoo acoq acop = xyb doa imn
plt acoq acop acoo = juv
plu = abgk cks tct idz
plv = syj
plw = jse say
plx acoo acop = kad ayi
ply acoo = xpj xtb
plz acoo = sko
pma acoo = dky yhb kke qkk
pmb = ykb
pmc acoo acoq acop = xji jzh
pmd = lfw
pme acoq acop acoo = aamy
pmf acoq acoo acop = qdp
pmg acoo = isp bju ayp ruu
pmh acoo = bbx leb (ybg oiv)
pmi acoo acop = abtl ifu bqj
pmj = nno
pmk acoo = urh
pml = wjl (pxw mtq)
pmm = txp
pmn = mty ze
pmo acoo acoq acop = kv luu
pmp acop acoo = yam
pmq acoo acoq acop = acdh
pmr acoo = lkj
pms = abyn
pmt = dtp abqw yjk
pmu acoo acop = absg mft
pmv acoo acop acoq = jav
pmw = aba
pmx acop acoo = yej
pmy acoo = ucy abxa
pmz = hjr
pna acoo = ddv
pnb acoo = vfd
pnc acoq acoo acop = tlh hof mdn xka
pnd acoo acoq acop = iqn
pne acoo = zmm
pnf = hgw jog abi
png acop acoo = yln
pnh acop acoo = nru
pni = cjp pwk hmk
pnj acop acoo = xtr
pnk acoo acop acoq = ias
pnl acop acoo = rnv mgw aqq
pnm = jfk
pnn = skm bhw
pno acoo = sgh nof yg bfd
pnp acoo acop = ngx
pnq = tij abmm
pnr acoo = phq nys
pns = khv rfe
pnt acoo = asl
pnu acoo acop = tqc ofi
pnv acoo = fxq
pnw acoq acoo acop = ucz
pnx = hat uhj
pny acoo acop acoq = bj
pnz = rzi
poa acoo = tma
pob = mlf
poc = kte
pod acoo = gnw mix fct
poe = igv
pof acop acoo = tkq
pog acoo = kiv
poh acoo = xmq
poi acoo acop acoq = psi acib
poj acoo = mmz bwo
pok acoo acoq acop = bio
pol acop acoo acoq = qyj bon
pom acoo = xpp
pon acop acoq acoo = uwe gpb euh
poo acoo acop = fav xmq gmf gmn
pop acoo acop = zz ulb
poq acoo = qx
por acoq acoo acop = kth eic
pos = tug absm
pot acoo = qqo
pou = faq
pov = hgt
pow acoo = hvl
pox acoo = k
poy acop acoq acoo = awa dlr
poz acop acoo = oal
ppa acoo acop acoq = erz
ppb acoq acop acoo = qbm
ppc acoo acop acoq = yzm
ppd acoq acoo acop = shq
ppe = oel
ppf acoq acoo acop = ozx acjp
ppg acoq acop acoo = rek
pph acoo = hmr cgf kxf bnq
ppi acoo = kfc
ppj = wya dtw
ppk acop acoq acoo = ngy lgc gpi
ppl acoo = vry
ppm acop acoo = lhp
ppn acoo = acw qjp ghe
ppo acop acoo = rtg
ppp acoo = wyh acdy okv
ppq = dkx aaok uxd
ppr acoo = ygy
pps acoo acoq acop = jzg liw pkc
ppt acoq acoo acop = gmq
ppu acoo acop = dsv
ppv = dja
ppw acoo acop acoq = osw
ppx = fyc
ppy acoq acop acoo = zfe iiq
ppz = rga
pqa = uld mix acgw
pqb acoo = uwg aapk abzp mqj
pqc acoo acop = abja
pqd = acnl knd uaa asy
pqe acoo = xmy
pqf acoo = sla
pqg acoo = pvg
pqh acoq acop acoo = jkc che aafs
pqi acoo = bri
pqj acoo acop = lji hfj
pqk acoo = amm
pql = jqp
pqm acoo = glu
pqn acoo = jza
pqo acoo acop = xxz pjj jno
pqp acoo = abez jku cjg jxv
pqq acop acoo acoq = zhv
pqr acop acoo = tyj ukl
pqs = thc ofe fyc
pqt acoo acop acoq = dgj
pqu acop acoo = aaqd
pqv acoo = pnu
pqw acoo = jnm
pqx acoo = sah du
pqy acoo = kdl
pqz acoo acoq acop = yle
pra = qpz
prb = iz jgi cqb fao
prc acoo = qfh
prd = iyw luc
pre acoq acop acoo = dtu
prf acoo = qky
prg acoo = lsj
prh acoo acop = aawk
pri acoo acop = fcj asw sjd rcn
prj acoo acop acoq = ihu
prk acoo = fhd
prl acop acoo = abfw
prm acoo = avo cso
prn acoo = jke
pro acop acoq acoo = ddi oxt rkn zab
prp acoo = gsb
prq acoo = des
prr acoo = qom akr
prs acop acoo acoq = iif trt
prt acoo = abtw
pru acoo acop = htk
prv acoo = nqk
prw acoo = wua
prx acoo = odw jmw zmh vww
pry acoo = xrf
prz acoo = lbx lje
psa = tlu
psb acop acoo = daa ifw ejc soa
psc acoo acop = dxr
psd acop acoo acoq = ghz
pse acoo acop acoq = jip
psf acoo = aang qxa lif ju tao
psg acoo = gcf lno wuh
psh acoo = abzq
psi acoo acop = ews
psj = jxy
psk acoo = qxy
psl acop acoo = own dti
psm acoo acop acoq = tvc qnq
psn acoo acop = aauk eml
pso acoo acoq acop = ial shr eek
psp acoo = trq
psq acoq acoo acop = acbl
psr acoo = dei gc tot
pss = wor oey fyr nzb
pst acoo acop acoq = ptc
psu acoo = abyo jpl
psv acoo = yiq evb
psw acop acoo = sws
psx acoo = wli ehk
psy = vsr
psz acoo acoq acop = etr
pta acoo = wtk
ptb acoo = nfy
ptc acoo = kiw rmj jrh
ptd = goz
pte acop acoo acoq = bxx lwj
ptf = lfq glh gml
ptg acop acoo = ukk
pth acop acoo acoq = nqc oed hwa vkt
pti = zh
ptj acoo = mzg
ptk = ffi wzn
ptl acoo acop = wmj
ptm = ev
ptn = ghc
pto acoo acoq acop = xon
ptp acoq acop acoo = ojx csa
ptq = xcd vmv ouy zci kpl
ptr acoo acop acoq = yee abar
pts acoq acop acoo = ouy
ptt acoo acop = aagj
ptu acoo = aasv
ptv = aayl ckb
ptw = kil gnh yto
ptx acop acoo acoq = jkf (gsr ewh rvu)
pty = eeb
ptz acoo = nf uty tvn uar abiz
pua = dvx qal coh
pub = luz (pwz ise xuu)
puc acoo = abjq
pud acoo = slz
pue acoo = xym
puf = jz cfn crp
pug acoq acop acoo = ackl
puh acop acoo acoq = nsi
pui acop acoq acoo = irq dnz
puj acoo = kzc yjp zcs lvz yqc
puk acop acoo = nvp
pul = hww
pum = aph ldm
pun acoo = igj
puo acoq acop acoo = tip
pup = acnk
puq acop acoo = fzs pow pbj
pur acop acoq acoo = ytg uoq
pus acoo = bgx
put acop acoo = abmq
puu acoo = tqq aarj qwk
puv acoo acop = hos (ryy bdo)
puw acoo acop = frl
pux acoq acop acoo = tte
puy = vdk
puz = lxu
pva acop acoo acoq = spc sjr mjf egr
pvb acoo acop acoq = oen
pvc acoq acop acoo = aasf
pvd acoo acoq acop = el ukw hza
pve acoo = kyq
pvf acop acoo = ezd wru
pvg acoq acoo acop = abfm zgr
pvh = qpt
pvi acoo = acca wdy glv
pvj acop acoo = nuz
pvk acop acoo acoq = sdo lam
pvl acoq acop acoo = ily
pvm = ij vad xpr
pvn acoo acop acoq = dkk nuk
pvo acoo = absu mnj jsn
pvp acoo = udr exb
pvq acop acoq acoo = rws pdx
pvr acoo = caw sdd wav ybh jic
pvs acoo acop acoq = ssw gik orx
pvt = rqo qob
pvu acoo = jbb
pvv acoo acoq acop = wgh
pvw = abpw aqd mfq
pvx acoo acop acoq = qqc
pvy acop acoq acoo = fhn
pvz = izn
pwa acoq acoo acop = agx pay sxu bkv sqa
pwb = qmn
pwc acoo acoq acop = ehp
pwd acop acoo = bst udb
pwe acop acoo = rtp kvc apx ndo tww
pwf = xez
pwg acop acoo = vws
pwh acoo acop = axg ajt qce
pwi acop acoo = aafn
pwj acop acoo = yna gho (dh owi)
pwk = syr dcl
pwl = ujb
pwm acop acoo acoq = tpt
pwn acoq acoo acop = ckw nmf ppa
pwo acoo acop = lno daq urz aaz
pwp acop acoo = dua
pwq = nto
pwr acop acoq acoo = thw
pws acoo = vvg
pwt acoo acop acoq = epr
pwu acoo = wlu ipe
pwv = cjw vnw
pww acoo = wyf
pwx = poq lfl mg jss lpj
pwy acoo = vdz xik
pwz = djy
pxa acoq acop acoo = uzl
pxb acoo = ric vpo
pxc acoq acop acoo = epo
pxd = vtu
pxe = jlw (keb dfz aayv hgj)
pxf acop acoo = lkx
pxg = sjg ackk
pxh = rif
pxi acoq acop acoo = vwx qez tvb
pxj acoo acop acoq = aaum
pxk acoo = ino yhl sgc
pxl acop acoo = odj rwf
pxm acoo acop = bxn
pxn acoo acoq acop = rct
pxo acoo acop = xbq
pxp = pez
pxq acoo = qfk dka
pxr acoo = wew ptw
pxs = gou
pxt = sqk
pxu acoo = df znd lml
pxv = dqh
pxw acoq acoo acop = ona
pxx acoo = k
pxy acoo acop = zqp
pxz = fhw mdk
pya = jwc tzt hqv hty
pyb acoo acoq acop = gbf
pyc acoo acop = ko
pyd = bms
pye acoo = oje aalu
pyf acoo acop = lew
pyg = tzr
pyh = mlt ksl tcf opj hga
pyi acop acoo = zhc erx ivj bkq
pyj acoo = atl (tjp vhr)
pyk acoq acoo acop = ump
pyl acoo acop = ryb uvf ndc fgb
pym = kwd
pyn acoo acop = uek
pyo acop acoo = kbh pto rre lqe
pyp acop acoo = ooy ggf xbg keh
pyq = pw
pyr acoo = bft
pys acoo acop = wua
pyt = vtf
pyu acoo = vqc njp
pyv acop acoo = zxe
pyw acop acoo = ccu
pyx acoo acop acoq = ehq
pyy = clz
pyz = sxb
pza acop acoo = jua pzf
pzb acop acoo = lxt suu ibj xza
pzc acoo acop = aacr
pzd acoo acop = lrw abgv
pze acoo = wxj kpv
pzf acoo = aaka
pzg = lsm
pzh acoo = lqh pnd
pzi acop acoo = ohj
pzj = lxc wec
pzk acoo = fee cet
pzl acoo acop = skn aaaj xug flr
pzm = nvv
pzn = wml zsl
pzo = jxd dxp
pzp acop acoo = gwb
pzq = iox ro
pzr acoq acop acoo = aik
pzs = aarm
pzt = achq vgn pui aalp
pzu acoo acop = acik jgf
pzv acoo acop acoq = srk ufr miw abch
pzw = nqr
pzx acoo = lfw
pzy acoq acoo acop = jij abbx dpx
pzz acoo = aagq
qaa acoo = qjw swk
qab = exf
qac = jut achj oca fll
qad = rhs
qae acop acoo = acnh
qaf acop acoq acoo = acgt hrk
qag acoo acoq acop = lum
qah acop acoo = oow
qai acoo = cvb
qaj = ypl peo ssx
qak = zrq
qal acoo acop acoq = pkl acan qvp
qam acoo acop = wzh nyo abky
qan acoo = srs ecu
qao acoq acoo acop = aaxd pdz
qap acoo = ybo unx iek hze
qaq acoo acop = tvt
qar = acmw alv pbz rae
qas acop acoo = hxf mnp kjx
qat = dtp
qau = vva lez
qav acop acoo = npo
qaw acoo = boi
qax acoo = aanw
qay acoq acop acoo = kxv
qaz acop acoq acoo = hft
qba acoo = bkh
qbb acoo acop = weh
qbc acoo acop acoq = uow cxx
qbd acoo = kmz qrm dxd
qbe = efw
qbf acoo = qgq
qbg acoo = zi
qbh acop acoq acoo = dxt
qbi acop acoo = abat joa kvr
qbj acoo acop acoq = pxr wcy
qbk acoo = ciq cxp
qbl acop acoo = aawf
qbm acoo = san xje aamf
qbn acoo = lwo kwd euf kvr
qbo acoo acoq acop = mbg syt sty
qbp acoo = jmt
qbq acoq acop acoo = ugy (zmh ecn)
qbr acoo = abkq
qbs acoo = okg
qbt acoo acop = bmg
qbu = hsg
qbv = bxr
qbw = uey esw xcl rql smp
qbx = ldp
qby acoo = qcm
qbz = bsf
qca acoo acop = omc
qcb acoo acop = iov aacr
qcc acoo acop = xvy rmb kra
qcd acoo acop = pzt esk kig slf
qce acoo = pvl cux
qcf acoo = yfj rxi fhd
qcg acoo acop acoq = suh
qch acoo acop acoq = wp
qci acop acoo = wqi
qcj acoo = abpc ctm abrg gma
qck acoo = hj
qcl acop acoo = yaq
qcm acoo acop acoq = zni
qcn acoo = fty
qco = zvs sgb
qcp acoo = tuy
qcq acoo acop acoq = vfp
qcr = ubg
qcs = lvp
qct = buf
qcu = sad
qcv acoo = hkv fom fks
qcw = uak
qcx acoq acoo acop = oao
qcy = abnh
qcz acoo acop = lop
qda acoo = bsj itz
qdb = sof
qdc acoo = fbp grk vsw dxn
qdd acoo acop = vah lqc
qde acoo acop = aef rw (zag ebw)
qdf acop acoo = aayc
qdg acoo = zli syw phu
qdh acoo acop = lij
qdi = vbt
qdj = fxm
qdk acoo acop = und
qdl acoo = evc
qdm acoo = hqr
qdn acop acoq acoo = qxb cpa
qdo = afq
qdp acoo = udb
qdq acop acoq acoo = abti
qdr acoo acop = exa mxe pav
qds acoq acoo acop = iko tcr
qdt acoq acop acoo = dpv vmw
qdu = lsm (lno tkq)
qdv acop acoq acoo = hzy jma gwf
qdw acoo = ywi
qdx acop acoo = cem (fyv jsc)
qdy acoo = uo
qdz acop acoo = qon xcv
qea = zid abbc vxv
qeb acop acoo acoq = ejy whu cmb nfm
qec acoq acoo acop = slg acaz dra szg pr
qed acop acoo = tds
qee acop acoo = q sb cdu oud
qef = qza
qeg acoo acoq acop = utw
qeh acoo acop = min
qei acoo = jon fkj (abpd lpq)
qej = ytp
qek acop acoo = jsu iev twr jar
qel = enm cbq ruf
qem acoo acop = nrv gcn
qen = hoa
qeo acoo acop acoq = fif nxp
qep acoo acop acoq = abzn gxk piz
qeq = sjq
qer acoo acop = plz
qes acop acoo = abuf wjt awl
qet = ipd
qeu = abdq
qev = ujk
qew acoq acop acoo = eld
qex = hum
qey = drr aaib
qez acoq acoo acop = uva xjw ackw prq
qfa acoo = zrs
qfb acop acoo = xzr jgo
qfc acoo acoq acop = qsq
qfd = kjo jex anz
qfe acoq acop acoo = svk
qff = dmg yfv
qfg acoo = aack
qfh acoo = klt vur pfy hkv
qfi = mol csk ajm
qfj acoo acop = xmu
qfk = abgx npc elq qqd
qfl acop acoo = inu lcs
qfm acoo = aavd tbl
qfn = wsd mhu wpg
qfo acoo = mfa dcd mbl ctq lfq
qfp acoo acop = veb hgj wwu ias
qfq = gql aaer mwl amv
qfr acoq acoo acop = ixr
qfs = pzf
qft acoo acop acoq = xmo
qfu acoq acoo acop = oso
qfv acoo acop = bfo
qfw = xtd
qfx acop acoo = ood ela
qfy acoo acoq acop = ebn jrz lfi
qfz acoo = eez vky xcb
qga = zja aaqy
qgb acop acoo = wji
qgc acoo = epi aawm
qgd acoo = akl
qge acop acoq acoo = aez kjf
qgf acop acoo = ogp xit
qgg acoo = tfm
qgh acoo acop acoq = qiw fll aboo amk
qgi acoq acop acoo = drf
qgj acop acoo = aasj
qgk = yms
qgl = scd ihe xhs
qgm = tmu wal
qgn = rru
qgo acop acoo acoq = sh
qgp acoo acoq acop = czc dxj
qgq acoo = eax vwu gzb
qgr = fqu
qgs acoo acop = pmv
qgt acoo acop = abrg jqn
qgu acoo acop = jkv
qgv = tah spl
qgw acop acoq acoo = rkq tqj hla fae
qgx acop acoo = eae chp kxf yml ilr
qgy acoo = owq
qgz acoo acop acoq = fmg gjh emw
qha acop acoo = wjt wqb mtv
qhb acoo = nfi
qhc = vdo uxf rkb iqb kmb
qhd acoo acop = pfn ofn qsu tei
qhe acoq acoo acop = zpw osh
qhf acoo = ouc pfz eko joi
qhg acoo = gdc rgv pgg
qhh acoo = gyv rly achr kwl zjp
qhi acoo acop = mol
qhj acoq acoo acop = pzd aom
qhk = wzu
qhl acop acoo = ste qrx
qhm acop acoo = nuv accr tkk yjp
qhn = tjl ywa ipj
qho = abid bpd bqs
qhp = ny ldb geu
qhq = ocv
qhr = hdj mrb tpy
qhs = sjs nns
qht acoo = dgs rkf
qhu = erv
qhv acoo acoq acop = csj mhb
qhw acoq acop acoo = uie
qhx acop acoo acoq = boc cpm
qhy acop acoq acoo = ypi sez
qhz acoo acop acoq = bst
qia = fyz vkk
qib acoq acop acoo = rht nlb ngp yno auy
qic acoq acop acoo = aavu
qid acoq acop acoo = jeb
qie acop acoq acoo = nzi
qif acoo = qtf
qig acoo = zkj wfv
qih acop acoq acoo = nne
qii acop acoo = ndr
qij acoq acop acoo = sqo iyh gpa acfo
qik acoo = bfr
qil acoo = jzl hyi cgt
qim acoo = ehb tdu qri
qin acop acoo acoq = uaq org
qio acoo = bvb
qip acoo = ugt
qiq acoo acoq acop = cpj
qir = zec ic
qis acoo acop = oor sjf
qit = zcu eet ynh
qiu acoo acop = xhg
qiv acoo acop = zqa rhc
qiw acoo = vxm tfq fcb
qix acoo = ody
qiy = fwp wwf bem
qiz acoo = aapx
qja acoo = elj
qjb acop acoq acoo = adx
qjc acop acoo = bqd
qjd acoo = glt rtb
qje acoo acop acoq = afr hqm dwu qgn jhv
qjf acoq acoo acop = idd fdx
qjg acoo acop = xfw (xbe seq)
qjh acoo = rns hrc mnm nfp
qji = xpl zfr apr jd fke
qjj acoo acop = zre map grr
qjk acoo = rea
qjl acoo = sik
qjm acoo = opd
qjn = imd
qjo acoo acoq acop = jzv
qjp acop acoq acoo = vzq efo
qjq acoo = pyt aakm sjv abtu
qjr acoq acop acoo = lwi nkg juq bgo oly
qjs acoo = aanu
qjt acoo = lkr
qju = yhr
qjv acoo = aaqq
qjw = mmm
qjx acoo acoq acop = djx
qjy acoo acop = xpo
qjz acop acoq acoo = ega pfw zwt c
qka acoo acop acoq = nne thg
qkb acoo acop = lan
qkc acop acoo = clh
qkd acoo = frw vmf vaq
qke acoo = oje rr
qkf acop acoo = abmp
qkg = wgx mxc vql cju
qkh acop acoo = xcn ocp
qki acoo = xle kz
qkj acoo acop = tum
qkk = iqe
qkl = yar
qkm acop acoo = nwa
qkn acop acoo = wfd wdd
qko acoq acoo acop = yif abdp aara
qkp acoo acop acoq = oui gvv dtx
qkq acoo acoq acop = eep dmd
qkr acoo = jmb
qks = dyl
qkt acop acoo = voj jlr
qku acop acoo acoq = dsv qrz jer
qkv = acfa
qkw acoo acop = aapn
qkx acoo = jvt
qky acoo = aceb wei
qkz acoo = aanr efh gwa emz
qla = yaj
qlb acoo acop = kqc aajr abey znj
qlc acop acoo = q
qld acoo acop = abez
qle acop acoo = dpn
qlf = jmz
qlg acoo = vmz
qlh acoo = gru
qli acop acoo = wys xnh acep zzi glr
qlj = evq
qlk acoo acop = mka glr
qll = vlu
qlm acoo acop = hli cp
qln = zvv vso fxf
qlo acop acoq acoo = wfc
qlp acoo = wob
qlq = voh
qlr = fjp
qls acoo = wzd
qlt = xld
qlu = elh tnp cjk saz
qlv = gmz
qlw = pld
qlx = ns (hpk kis gbo)
qly acop acoo = xly dlg ena dpv
qlz = hxo
qma acoo acop = yie
qmb acoo = qfw eiv abzb
qmc acoo acop = eyf
qmd acoo = pho zre zuc bll hil
qme acoo acop = cwk nut zxc
qmf = gqo ev
qmg acoq acop acoo = aaqu
qmh = hyv
qmi acop acoq acoo = fsa fzi
qmj acoo acop = fcd vim fvj
qmk acoo acop acoq = anz hom
qml acoo = ngx
qmm acoo = olh aaqk aom oty
qmn = tnm (gmf ms)
qmo acoq acop acoo = ykj rjj
qmp acop acoo = ekx xpr
qmq acop acoo = cdm
qmr acop acoo = kde
qms acoo = avp wiz
qmt acoo acop = evn iwh req
qmu acop acoo = qjs
qmv acoo acop acoq = cmh izs szt (bac zfx)
qmw = zly
qmx = pyr
qmy acoo = jyb
qmz acop acoo = bnf
qna acop acoo = xlh
qnb acoo acop acoq = cxi rir
qnc acop acoo = zt (ttq apj)
qnd acoo = aagu amq vss
qne acoo = yqq prm urg jod
qnf = wit cda
qng = gev yfu
qnh = pqo mjq
qni acoo acop = qdf nxy
qnj acop acoo = eya
qnk acop acoq acoo = jup
qnl acop acoo = rbt nhg pbw zel
qnm acoo acoq acop = rwm aaas
qnn acoo = absz tsb
qno acop acoo = vec vth
qnp = aahe xdz dhi mvw uag
qnq acoo = aahw
qnr = ewh
qns = ohv
qnt acoo = ykr (hna rct)
qnu acop acoo = tpg vem
qnv acop acoq acoo = yfc bvj num aaep
qnw acop acoq acoo = qez
qnx = etj anu
qny acop acoo = jrt zcn inx txb
qnz acoq acoo acop = ygu
qoa acop acoo = oxk kri lnm
qob acoq acop acoo = rmv wwu gtr
qoc acop acoo = aeo
qod acop acoo = tpf
qoe = kcq
qof acoo acoq acop = rdp mfa aja
qog = lna twb
qoh = aaiu brh
qoi = jph
qoj acop acoo = abaw fwb urk
qok acoq acoo acop = xmh
qol acoo acop acoq = ju
qom acoo acoq acop = uxv
qon = kjp
qoo acoo = rzy gcy
qop acoo acop acoq = pyf
qoq = os
qor acoo = vzy vyr xxg
qos acop acoo = bag dl
qot acoo acop = abvy
qou = zjv
qov = onc
qow = pol
qox acoo = mga gyh xcz yau
qoy acoo acop = atn
qoz acoo = toi
qpa acoq acoo acop = pxl zhb gjl
qpb acoq acop acoo = acdy zwi
qpc acoq acop acoo = aatt
qpd acoo acop acoq = vkc wqy
qpe = mlo
qpf acoo = til idc
qpg acoo acoq acop = qff
qph acoo acop = bmq hqz
qpi = juc
qpj acop acoo acoq = zhu abbz vsn wfh
qpk acoq acop acoo = uot rhj
qpl = kzi dft
qpm acoo = fko htn
qpn acoo = ttx lou ors wfn
qpo acoo = hms
qpp = fse
qpq acop acoq acoo = pmn
qpr acoo acop = rux
qps acop acoq acoo = hje
qpt acoo = nup
qpu = miu bxg
qpv = fjz opi
qpw acoo acop = aatl rjj hzx et
qpx acop acoo = tvz pfz
qpy acoo acop = xee ryz fzr
qpz = pmr
qqa = qzz
qqb = stb
qqc acoo = byo
qqd acoo acoq acop = vtn
qqe acoo = prp wdv
qqf acoo acop = qul
qqg acoo = otp dbk wce qkh
qqh = edr sun goy
qqi acoo acop = whq fey uqg ohr heh
qqj = doa
qqk = vee
qql acoo = beg oyy
qqm acoq acoo acop = lmf
qqn acoo acoq acop = aahe
qqo acoo = ip pdr aaoo
qqp acoo acoq acop = bza ryd
qqq = kkc
qqr acoq acop acoo = bho uqr
qqs acoo acop acoq = cbi
qqt acoo = hlv abld oxh
qqu acoo = pkk
qqv acop acoo acoq = ktr
qqw acop acoo acoq = hkm
qqx acop acoq acoo = mab
qqy acop acoq acoo = aatf
qqz = qks dbg ejh
qra = gcl rhe erb zlj
qrb acop acoo = cwn
qrc acop acoo = vay lsm
qrd acop acoo = rcj aajq vvl
qre acoo acoq acop = go
qrf acoo = aavy (mvz jna)
qrg acoo = tcp abpr vcj
qrh acop acoo = aapg sjg
qri acoo = pmu
qrj acoo acop acoq = sji
qrk acop acoo acoq = pkx abjv ipk
qrl acoo acoq acop = dha
qrm acop acoo = ssf pym acdj
qrn = cgm
qro acoo = jzb
qrp acoo acop = rtp tkp wgn
qrq acoo acop = xob dac
qrr = xbi
qrs acoo = qed hnw aage abcz
qrt = ftb abbh
qru acoq acop acoo = gij
qrv acoo acop acoq = rqm wsg
qrw acop acoo acoq = ryc
qrx = aaae
qry acoq acop acoo = kyp
qrz acoo = oji
qsa acop acoo = pth kjt ral
qsb acoo = udh oaw
qsc acoo = xdp
qsd = vzs abdv ix acjw
qse acoo acoq acop = ghh
qsf acop acoo = etq wef tmo
qsg = ell msk
qsh acoq acoo acop = pi odq
qsi = irq ncq
qsj acop acoo = uxs (nqf acla)
qsk = hci lxf gey abbu
qsl acop acoo = xoj
qsm acoo = im syx
qsn acoo acop = yxd
qso acoo = znq
qsp acoo = ius izy
qsq acoo = xpx
qsr acop acoo = tpi rke qou
qss acoo acop acoq = yca pro sis
qst acoo = bvk
qsu acoo acop acoq = ggb jfi qcj eep ceh
qsv acoq acoo acop = yfh
qsw acoo = fan
qsx acoo = lza
qsy acoo = clm
qsz = rd dc edf
qta acoo acop acoq = ts
qtb acop acoq acoo = juy oeh
qtc = png
qtd acoo acoq acop = acgj
qte acoo = zkg giv
qtf acoo = vtp fbu ruw bul aauh
qtg acoo acop acoq = yju
qth = dyz gfy onm
qti acop acoo acoq = flx (mbv agj)
qtj acop acoo = pvn
qtk acoq acop acoo = tcv
qtl acoo acop = scr pfp
qtm acoo = cjq
qtn acoo acop = bzk
qto = achd tev qan xbs
qtp acoo acop acoq = xwm
qtq acop acoo acoq = xdb
qtr = xmv
qts = hxp crt
qtt acoo acop = rsr
qtu acoq acop acoo = dhe
qtv acoo acop = abwk
qtw acoo = ags
qtx = vij kof
qty = ixu
qtz acoo acoq acop = hkt
qua acoo = urg
qub = btg vtw mrw ihj
quc acoo acoq acop = nn
qud acoo = bhx oho hot txz
que acoo = pmd
quf acoo acop = zeo
qug acoo acop = ocd ujp ybf
quh acoq acop acoo = pwv oig ngm
qui acop acoo acoq = prl
quj = qws wun achw
quk acoo = urb toj aawj
qul acoo = gve rzc kem
qum acoo acop = klv
qun acop acoo = hli
quo acoo = doe pmp
qup acoo acop = qar nvg
quq acoo acoq acop = pfq
qur = url
qus = qtk
qut acop acoo = xly
quu = fxe zqr
quv acoo = hod xma tet
quw acoo acoq acop = hip icr
qux = oug
quy acoo = znv
quz acoo acop acoq = zhu qoa aaau aadf
qva acoo = xsx
qvb acoo = lf
qvc acoo = wwy hrq lcw ccw
qvd acoo = uag
qve acop acoo acoq = gcd
qvf acoo acop = abil (abfz vtn)
qvg = snh
qvh acop acoo = xah zcg
qvi acoo acop acoq = aaqb
qvj = veb
qvk = vac alw
qvl acoq acop acoo = acfd esw dke jhb abrs
qvm acoo = oqz
qvn acoo = fiw zgl oox
qvo acoo acop acoq = fdk jnm
qvp = vho fow ztl ogs bgs
qvq acoq acop acoo = acdp tf lmf ism
qvr acoq acoo acop = etj bio wzs
qvs acop acoo = vpa
qvt acop acoo = bic abey
qvu acoo acoq acop = twq
qvv acoo = ackx
qvw acoo acop = vif
qvx = yqg
qvy = jge yrl jfu akr
qvz acoo acop = xgr
qwa = kxf
qwb acop acoo = xos aatk
qwc = oru
qwd acoo = mmq
qwe = xty xic
qwf acop acoo acoq = fxu ablw qft vwy
qwg acoo = acal
qwh = pnq osz kbu
qwi acoq acop acoo = kau
qwj acoo = ta
qwk acoo = ecm rje pwg btb zpt
qwl acoq acoo acop = vqw nwc rgw
qwm acop acoq acoo = jap zjq
qwn = sop
qwo = rmj
qwp acoq acoo acop = pyy bnr
qwq acoo acop acoq = xwj ted
qwr acoo = pna
qws acoo = lyz
qwt acop acoo acoq = ylc wqs
qwu = qhn ngx uai nws
qwv acoo acop = hzu (acex aait)
qww acoo = wac esw
qwx acoo = kqv
qwy acoo acop = wtq
qwz acop acoq acoo = qde
qxa acop acoo = cwx (wwk mre)
qxb acop acoo acoq = aazr
qxc acoo = acnz kho
qxd acoo = hze wwf jdf ilw aby
qxe = hgg
qxf acoq acop acoo = egg
qxg = nnv bju vnj
qxh acoo acop = ovw
qxi = oon
qxj acoo = mor
qxk acoo acoq acop = jye cyz phk rhp
qxl = cpd (nly abpw ems)
qxm acoo = jml
qxn = sda
qxo acop acoo = xqn
qxp acoo = ozd
qxq acop acoq acoo = bup (sma lxd cij)
qxr acoq acoo acop = acct aayf tew cdr
qxs acoq acop acoo = accp
qxt acoo = huo
qxu = zhm fqm
qxv acoo = gys
qxw acoo = afa
qxx acoo = zod ach voo
qxy = haw
qxz acoo acop = jtg
qya acoo acop = vhr
qyb acoo acoq acop = yam pap
qyc acoo = jkl (gxw op)
qyd = acjx
qye = sxu jdq
qyf = msg
qyg acoo acop acoq = fsz
qyh acoo = zta aanc fvc
qyi acoo = loy
qyj acop acoq acoo = log jlm rnw
qyk acop acoq acoo = ccj
qyl acop acoo = abgv
qym acop acoq acoo = thr imw
qyn acoo = acbc tyt mow
qyo = ast
qyp acoo acop = dpr aft
qyq = rqc rpj vwm
qyr acop acoq acoo = aavz
qys acop acoq acoo = fee
qyt = emw bfy
qyu = quj yuu
qyv acoo acop = ygx
qyw acop acoo acoq = ablg bgv inn
qyx acop acoo acoq = abtc crx acar
qyy acop acoo = mos scr dbx
qyz acop acoo acoq = hfn mpx
qza = btv uvu nmc
qzb acoo acoq acop = rem
qzc acoo = exi qpt
qzd acoo acop = lbz
qze = fij
qzf acop acoo = acae
qzg = heh
qzh acoo acop = gtp acfm
qzi = puo
qzj acoq acop acoo = eqt
qzk acoo acop acoq = uap hez
qzl = pkv icj dzt
qzm acoo acop = al tvb gyv dah
qzn acop acoo = kma
qzo acoo acoq acop = ooc
qzp acoq acoo acop = qmn agq
qzq acop acoo = ees aads egi
qzr acop acoo = xle
qzs = hbo mim
qzt acoq acop acoo = tgi
qzu acop acoo acoq = zuc
qzv acoo = jce
qzw acoq acop acoo = afn jcv
qzx = mgu
qzy acoq acoo acop = jyq
qzz = bsp kbs bil
raa = abuk qhg tma (lam pdr)
rab acoo acoq acop = rhh bsc
rac acop acoo = xvp
rad = aajn
rae = ttr
raf acoq acop acoo = mqj
rag acoo acop = ejr
rah = kvw dug
rai acoq acop acoo = aalw
raj acop acoo = hdg wrk nby
rak acop acoo = yri
ral acoo acoq acop = zcr
ram = gev
ran = xks zyw
rao acop acoo = dbf ytq
rap acoo = qnx
raq acop acoo = gke uba
rar acop acoo = xvr
ras acoo acoq acop = zbx kug
rat acop acoo = il flz
rau acoo = ablz
rav acoo = otr qhc
raw = gpe
rax acoo = yvv
ray acoo acop = kht
raz acoo = acnk dvi gkz
rba = xcq abjy lpb
rbb acoo = pdv bgj szl
rbc acoo acoq acop = abep
rbd acoo acop = abdo
rbe acoo = pxn ee
rbf acoo = bai hwq eon
rbg = lbo
rbh acoo = wpj teq ibi ctt
rbi acoo = vky
rbj = pzr abkp heb
rbk = fwn qpm
rbl acop acoo acoq = mpr
rbm acoo = cnr
rbn acoo = nlz
rbo acoo acoq acop = hid (ij brw) zkn
rbp acoo acop acoq = hhl
rbq acoo = fwq
rbr = fkb
rbs acop acoo = hms xsz fz bre xcd
rbt acop acoo = wll jwc jdk lpq
rbu acoo acop acoq = wme
rbv acoo acop acoq = woc
rbw = dyf ujn
rbx = hm
rby acop acoo = aawc
rbz acoo = ekv rkb
rca acop acoo = xwa vcn
rcb acop acoo = kaq zho hfp
rcc = jto lhq
rcd acoq acoo acop = rtj smr
rce = zl
rcf = aaep
rcg acoo acop acoq = ogp
rch acoo = eew
rci acop acoo acoq = xpx yyg suu lqv rbc
rcj acoq acoo acop = hhn
rck acoo acop = qoc rnm
rcl acoo = rud kub
rcm acop acoo acoq = cce lyz quo rzx
rcn acoo acop = jlw
rco acoo acop = upd
rcp = khm gak kus
rcq acop acoo = czi lyx txl xay
rcr acoo acop = vhs
rcs acop acoq acoo = uzz odx sjb wdr kpb
rct acoo acop = tnx lcu
rcu acoo = lpm
rcv acop acoo = knp jbz
rcw acoo acop = lch
rcx acoo = new wxp
rcy acoo acop = absh
rcz acoo = ufb
rda acoo acop = xqt go xyd orj
rdb = pyi
rdc acoo = sd
rdd acoo = ysj
rde acop acoo = ejg
rdf acoo = ngj
rdg acoo acop acoq = aou
rdh acoo = xm
rdi acop acoq acoo = khz zgb wlv dre ldn
rdj acoo acop = ggz
rdk acoo = twn
rdl acoo acop = usq
rdm acoo acop = tyd aaix
rdn acoo = bso
rdo = mig vv
rdp acoo acop acoq = irg
rdq acop acoo = wew
rdr acoo = jws
rds acoo = unr axl
rdt = lce pac
rdu = tht hyl
rdv = wuh nfr ghf zfw
rdw acoq acop acoo = myj rtk
rdx acoo = abjz
rdy acoo = ozt
rdz acop acoo = onq urg
rea acoo = vsd sim vgs qhv qjc
reb acoq acoo acop = set hxa
red acoo = qjt
ree acop acoq acoo = vzk (tyx abml) yhf
ref acoq acop acoo = jjd hwm zje
reg acop acoo = qtn tku aaqu
reh = aey acmf jhv ddo
rei acoo = ckm wai abxn dxa pdk
rej acop acoo = itv wfg
rek acoq acoo acop = bum
rel acop acoo = pl
rem acop acoq acoo = ueo kvu
ren acop acoo = jbc
reo = knv
rep acoo = yhu vao
req acoo = etr
rer acop acoo = tjz
res acoo acop = cxl
ret = veg
reu acoo = wbi aqv
rev acop acoo acoq = kzh qak ffd
rew = xjj
rex acoo acop acoq = jci bmx xfo mjg
rey acop acoo acoq = ehk
rez acoo = ynp nrm
rfa acoo acop = urm jkh abok abmm
rfb acoq acop acoo = jiz xll
rfc acop acoo acoq = vnn
rfd = rvd mhw
rfe acop acoo acoq = lww pfv
rff acoo = wjy kum
rfg acop acoq acoo = aann skg kuh
rfh acoo = nar
rfi acoq acoo acop = pne
rfj acoo acop = ixd dcv wsh
rfk acoq acoo acop = ktu
rfl acop acoo = tro
rfm acoo acop = aaru
rfn acoo acop = tgd mvq cvs
rfo acop acoo = ackk bki yfv
rfp acop acoo = gys xwt absf
rfq acop acoo = kpw
rfr acoo acop acoq = uno ehq
rfs acoo acop = cfq vun
rft acoo acop = nny
rfu acoo acop = aaxk
rfv = krr
rfw acoo = aawf
rfx acoq acop acoo = llu fau
rfy acoo = bnn
rfz acoo acop = cbi
rga acoq acoo acop = rgi yev xbn mrz
rgb = abpt
rgc = acka quj
rgd acoo = yia
rge acop acoo acoq = ury (bkd hbn)
rgf acoq acoo acop = pnw qwb dun aats
rgg acoo acop acoq = mpc
rgh = kwz yfa bsi
rgi = sej
rgj = frr
rgk acop acoo acoq = soc wnu iqs
rgl = xmc
rgm = azv
rgn = vkg dpa
rgo acoo = edp nfo tau rce
rgp acoq acop acoo = emq ary
rgq = baz
rgr acoq acop acoo = loz
rgs acoq acop acoo = mmt
rgt acoo acop acoq = aanq abhq qnf
rgu acop acoo = php aawp cuj (sqc odc)
rgv acoo = gtx
rgw acop acoo = tjl geq fby bbe
rgx = jgk
rgy acop acoo acoq = vma
rgz acop acoo acoq = jkt vjh kqa
rha acoo = sis
rhb = yul jyi
rhc acop acoq acoo = obl
rhd acoo = kfi
rhe acop acoo = vwn
rhf acop acoq acoo = axe
rhg acoo acoq acop = ifx
rhh acoo = ebl
rhi acoo = rhm
rhj acop acoo = ycy
rhk = ghg
rhl = dcy
rhm acop acoo = msh mnw
rhn acoo acoq acop = thq
rho acop acoo = fem
rhp acoo acop = rqc nco abrn yey
rhq acop acoq acoo = nu
rhr acop acoo acoq = zqk
rhs acop acoo = vpx
rht = ent
rhu acoo = eqo
rhv acoo acop = sse
rhw acoo = acne
rhx = eym
rhy acoo = zjg
rhz acop acoo = bdz qlt scx
ria = viy
rib = sc
ric acoo acop = daa
rid = hev
rie acoo = abqy abvc
rif acoo = ecp
rig acoo acop = obn kav
rih = npo
rii = oho iar cjb
rij acoo acop = wbx
rik acoq acop acoo = kob
ril acoo = elf vgi
rim acop acoo = qaq xrn z
rin = foh fgv
rio acoq acoo acop = uuz (dtd szg)
rip acoo acop = skj
riq acoo = qai
rir acoo = aall
ris = poj ajq hqt ncg
rit acoo acop = nzu tbt ncl
riu acoo = klk
riv acop acoo = fzi
riw acop acoo acoq = axf
rix acoo = itg
riy acoq acop acoo = eee
riz acop acoo = pjh
rja acoo acop acoq = szp cke
rjb acoo acop = cmr
rjc acoo = yvv
rjd acop acoo acoq = aalh fuy
rje acoo acop = xdj
rjf acoo = vkz
rjg acoo = acfd ahc abfm wis
rjh acoq acop acoo = zmi
rji acop acoo = syw
rjj = hyi
rjk acop acoo = pto
rjl acoo = sco yjj
rjm acop acoo = bdg atr
rjn = xnz abfa til aawt
rjo acoo = xlc
rjp = nse
rjq = abpo rgi
rjr = oyu
rjs = aby gmw
rjt acop acoq acoo = xks (cfd abdq mvb)
rju = eqx gtb fdl
rjv acoo = aasw ipr kze lig
rjw acoq acoo acop = abvo
rjx acop acoo = ydq
rjy acop acoq acoo = cze
rjz acoo = hoc vzb ejy abyj
rka acoo acop = thg
rkb acoo acoq acop = jow wrd dhh
rkc acop acoo = td
rkd acop acoo = fkd cxs nuo hrc
rke = aaxk cut gfh
rkf acoo acop = uhb
rkg acoo = lye lbl
rkh = frq yek
rki = mos krp lgq fut
rkj acoq acoo acop = pdk aalu
rkk acop acoq acoo = zyj
rkl acoo acop acoq = rip dfp
rkm = tfv
rkn acoo acop = acit tlw ej
rko acoo acop acoq = pff olt
rkp acoo acop = abtw
rkq acoo = abpb rfw wvt
rkr acop acoo = fad ivw aciu
rks acoo acop = cyx
rkt acoo = adk
rku acoo = vcj
rkv acoo acop = aabd
rkw acoo acop = gad
rkx acoq acoo acop = frj
rky acoo = npf rce
rkz acoo = pwa wci
rla acoo = gmk les drx aadi
rlb acop acoo = nlb
rlc = lxo
rld acoo = vxr
rle = ape
rlf acoo = gls gud absl
rlg acop acoo = ws
rlh acoo acoq acop = qzr htu qcp abol ofe
rli acoo acop = ujc
rlj acoo acop acoq = bjn
rlk = nhc hic aagg gxj ed
rll = lck
rlm = met
rln acop acoo = jqq fmn
rlo acop acoo = uxo
rlp acop acoo = wnm zee zrd zcw
rlq acop acoq acoo = bzo
rlr acoo = rwv
rls acoo acop = xsy
rlt = hjq
rlu acop acoq acoo = mmh
rlv = bzi
rlw acoo acoq acop = zax qdk vni abkg
rlx acoo = pur
rly = aadh aaaw nod ipv cvu
rlz acop acoo = abvd vkf ntl
rma acop acoo = yca rlv cum
rmb acop acoq acoo = xhj
rmc acop acoq acoo = xur
rmd acoo = rbb aabk opj zbi
rme acoo = gve
rmf acop acoo acoq = idx de xzg
rmg acoo = neu
rmh acop acoo = ira
rmi acop acoo = tbg pqc aayn
rmj acop acoo acoq = lli eoo
rmk acoo acop = etn orb
rml = xtm
rmm = fpx
rmn acoo = yqx btb
rmo = gwa
rmp acoo = qpk aaez
rmq acop acoq acoo = mrb bbk vaa
rmr acoq acoo acop = elv
rms acoo acoq acop = vdo
rmt acoo = kep llb bdv abwr
rmu acop acoo = wdz
rmv = fjy
rmw acoo acop acoq = iru
rmx acoo = inq
rmy acoo acop = abhz wzc bpu
rmz acoo = nih zky (mit xmd)
rna acoo acop acoq = apx cyb dpl yjo
rnb acop acoo = bzr
rnc = lzx
rnd acoo acop = lio
rne = abul mvj
rnf acoo acop = gdk tnm bfp
rng = vdn
rnh acoo acop = mbf toh sz
rni = zaf
rnj acop acoq acoo = uvy
rnk acop acoo = aasq
rnl = zbj
rnm acoo acop acoq = abzx
rnn acop acoq acoo = xvs
rno = prh jov fnw
rnp acop acoo = tpz
rnq acoo acop acoq = rmv
rnr acoo = avu
rns acoo acop = lgo (accs kvc pgh qud)
rnt acoo = kef rtk njj
rnu acop acoo = zwc shr
rnv acoo = acoo mj
rnw acoo acop = nky oin
rnx acop acoq acoo = mew fdv
rny = ynl
rnz acop acoo = vun wxu
roa acoo = snl vpw
rob = vyb
roc acoo = qtn zhu wwm abbm
rod acop acoo = iur
roe acoo = gqm
rof acop acoo = ufc ijr
rog acoo = udm
roh acoo = abza
roi acop acoq acoo = xsn
roj acoq acoo acop = uot
rok acop acoo acoq = pqe nvo
rol = emz
rom acop acoo acoq = jcc abzm sgk agj ugx
ron acoo = iyp
roo acoo = vml
rop = ilp
roq = nmi zxu
ror acop acoq acoo = yhm
ros acoo = bis lbp
rot acop acoo = hzt zea dri vlj vxe
rou acop acoo = fqb kem
rov acoo = swi epe
row acop acoo acoq = mea exh jlr rts dtx
rox acop acoo = oth acdr
roy acoo = vrh ayj
roz acoo acop = aum uhy
rpa acoo = ma aadw
rpb acoo = egq
rpc = sot
rpd acoo acop = wwg
rpe acop acoo acoq = aajf wpo gxw
rpf acoq acop acoo = fxh bli dvp
rpg acoo = ast
rph = qvr (acif abiz ppt) peb
rpi acoo acoq acop = abrl
rpj acoo = bxy ewf aaxb
rpk acoo = agc tdu uuw
rpl acoq acoo acop = myz
rpm acoo acop = wjo
rpn acoo = hqc uqt (plx yiq)
rpo = ayy
rpp = hjf
rpq acop acoo = tlt
rpr acop acoo = mjn
rps acoo = gck (wyg vol xoj)
rpt acop acoo = wfs gxj hef
rpu acoo = kss obw aadc yal phw
rpv = zar lvu aajd
rpw acoq acop acoo = dwa
rpx acoo = aaxv wg plq
rpy acoo = dkt
rpz acop acoq acoo = dhu
rqa acop acoo acoq = qis idn
rqb = oik maq ybe
rqc = lqp
rqd acop acoq acoo = irf
rqe = leo opl
rqf acoq acop acoo = hav poi
rqg acoo acop = ibt
rqh acoo acop = lsk (wp qsu)
rqi acoq acoo acop = szm am
rqj acoq acop acoo = qxi
rqk acoo = vek
rql acoo = mai
rqm acop acoo = szn
rqn acoo = dfc
rqo acoo acop = lqc pvu
rqp acop acoo = ebo crq hfg
rqq = jkv puv paw
rqr = ol (ewn jiq)
rqs acoo acop = tkk kcx axf qgs ddt
rqt acoo acop = yt npi
rqu acoo acop = lze hdh lvt jau
rqv acoo = qth
rqw acoo = pqp bce lvb
rqx acoo acop acoq = gdd
rqy acoq acoo acop = okw teg ijt hci
rqz acop acoq acoo = nep zlk ltf xd wwo
rra acoo = bcr
rrb = bzn
rrc acoq acoo acop = khj byp icp jdg
rrd acop acoo = jdm ipz
rre acop acoq acoo = gpe
rrf = xwh (dah pgn ozq qsr)
rrg = fmg
rrh acoo acop acoq = vcz lzh
rri acoo = ubw
rrj = shb nij xqf ng
rrk acoo = htz fzj scq lfj
rrl acoo acop = omd
rrm acop acoq acoo = koo
rrn acoo = vy aaln aep
rro acoo acop acoq = elx aalk
rrp acop acoo = ucl
rrq acop acoo acoq = abnq
rrr = npi
rrs acop acoq acoo = arw sed
rrt acoo = ssg
rru acoq acoo acop = mdk aajl tyo xin
rrv acoo = bxe
rrw acop acoo = jkb lmc
rrx acop acoo acoq = ryp yyw
rry acop acoo = aze
rrz acop acoo = abps aeu eie
rsa acoo = atz tns
rsb = gde
rsc acoo acop = akl acbp ihg
rsd = wvv (qjq pj yoh)
rse acop acoo = wav abnq
rsf = fto
rsg = oy
rsh = rwp myo icc (juj vly)
rsi acoo = ohv
rsj = lpi
rsk acop acoo acoq = mno
rsl acop acoo acoq = ld hqv akl
rsm acoo = ysd
rsn acoo acop = mnn
rso acoo acoq acop = zst
rsp acop acoo acoq = qos
rsq acoo acop = ojd
rsr = wim
rss = kji
rst acoo = aaeq
rsu acop acoo acoq = thj wzb ldp ste
rsv = ixe ysp
rsw acoo = yie ptt
rsx acoo = ipv apt
rsy acoo acop = cml uqz whb qjp
rsz acoo acop = mdw wzl ugq
rta = dda
rtb acoo acoq acop = smx (syd thj) egv
rtc acop acoq acoo = asx oyt eq
rtd acop acoo acoq = lhx
rte = rku ugz onh
rtf acoq acoo acop = abzm
rtg = idl
rth = rbt
rti acoo acop = lrc oxp iez cym cpd
rtj acoq acop acoo = mst ijd abzf
rtk acoo = elt
rtl acoo = gvj
rtm acop acoo = gha ikp aclz hbf nnf
rtn acop acoq acoo = hcv
rto acoo = xjt aafo
rtp acop acoo = dcw hje mlw
rtq acoo acop acoq = bxj
rtr acoq acoo acop = rqz
rts = vwa
rtt acoo acoq acop = rou
rtu acop acoo = uva
rtv acoo = hfi
rtw acoo = thz
rtx acop acoo acoq = gtj usx
rty acoo acop = wsd aaiq
rtz acop acoo = pbq
rua = izr
rub acoo acop = sot aaoa asq
ruc acop acoq acoo = leq (zyg xln)
rud acop acoo acoq = mro
rue acoo = acnv biq
ruf acop acoo = tle xmc bau
rug acoo = vvw
ruh acoq acoo acop = haq wpr
rui acoo acoq acop = fvp
ruj = taw
ruk acop acoo acoq = hou
rul acop acoo = acdh nml ado dby
rum acop acoo = abxe nkk lv
run acoo = y eqt
ruo acoo = ngn
rup acop acoo = nfc
ruq acop acoq acoo = vsh epy xoe mvc
rur acop acoo = wzo qwr abgv
rus acoo = iag
rut = rfa
ruu acoo acoq acop = wgz cqt acmj
ruv acoo acop = ute
ruw = pvf tcl
rux acoo acoq acop = yin
ruy acoo = aavo ula
ruz = iou oel
rva acop acoo = snn skn
rvb acoo acoq acop = upl (xz tre) yxm
rvc acoo acop acoq = mjy ypi
rvd = ulr icv
rve acoo acop = aaks
rvf acoo acop acoq = vm cng
rvg = nae
rvh acoo acoq acop = lgy
rvi acoo acop = eix yvd aca njt
rvj acoo acop = aavz
rvk = ocp aaix qfo kpf
rvl acop acoo = een iyd lsa
rvm acoo = zmu
rvn acoo acop = yfu
rvo acop acoo = ftz
rvp acoo acoq acop = twk tr elr
rvq acoq acop acoo = aabx
rvr = cxy sjf
rvs acop acoo = qrj
rvt = ykc hip
rvu acoo = qtk ejy
rvv acoo acop = fde efk rsn
rvw = miw svn cq
rvx = aauw abhx
rvy acoo acoq acop = jlt
rvz acop acoo = mnr
rwa acoo = hjp
rwb acoo acop = jni vgn
rwc acoq acoo acop = ubh kqc chq tur
rwd acoo = iib
rwe acop acoo = hmv
rwf = ciu
rwg acoo = wqx
rwh acoo acop acoq = tcf aaxd lip
rwi = zok
rwj acoo acoq acop = tzm
rwk = qxo khf zvo
rwl acop acoq acoo = euj
rwm = rxp
rwn acop acoo = nqv
rwo = med
rwp = fki swb
rwq = kvf qko
rwr acop acoo = zlt ozb
rws acoo acop = aqb
rwt acoo = lrf
rwu acoo acop = iis
rwv = lyk
rww acoo acop acoq = ble
rwx acoq acop acoo = ucj obw
rwy acop acoo = zjq
rwz acop acoo = lgo dpi
rxa acop acoo = ei
rxb acoo acop = ava vpm vxi vmv
rxc acoo = cqz
rxd = vch
rxe acoo acoq acop = wcr
rxf acoo acop = xya
rxg acoo = nan
rxh acoo = zhy rri
rxi acop acoq acoo = tyo led abwx
rxj = qmn
rxk acoo = bvc
rxl = rfe bro hlf
rxm acoo = czb jyd
rxn acop acoo = bj xgy
rxo = bqt
rxp = pva
rxq = pyh
rxr acop acoo = vez
rxs acop acoo = clj
rxt acoq acoo acop = ool
rxu acoo = hwn
rxv acoo = lud yiw yvv fxh
rxw acoo acoq acop = jse
rxx acoo acop acoq = yad
rxy acoo = jcx
rxz acoo acop = uyj
rya acoq acop acoo = abqv gzu
ryb acoo acop = nxj
ryc acoo = hhw wc zgi
ryd acoo acop acoq = gkf
rye acoo acop = xdp
ryf acop acoq acoo = jzw
ryg acoo acop = vni
ryh acoq acop acoo = xmn dlm tlu onw bsm
ryi acoo acop = vla
ryj acop acoq acoo = dwn
ryk acoo acop = whg bvn
ryl acop acoo = dkc
rym acoo acop acoq = able
ryn acop acoo = qcq
ryo = wgk noo
ryp acop acoo = ap gug
ryq acop acoo = cyv
ryr acoq acop acoo = dvx
rys = flx iai wjf
ryt acoo = dvm acif zbw
ryu acoo acoq acop = gkb cxd
ryv acoo acop = ybq (bja fab) gop
ryw acop acoo = zms ekl rdb yqq
ryx acoo acoq acop = abav iji
ryy acoo acop acoq = aaiy
ryz acoo acop = ycr bji
rza acoo acoq acop = aadt duv
rzb acoo = wu xlj
rzc acoo = eoo twr
rzd acop acoq acoo = duj feh doc dqa
rze acop acoo acoq = cgm aaub rv sim
rzf acoo = mhe
rzg acop acoo = jqu abww wwd gix
rzh = eua
rzi acoo acoq acop = rqf
rzj acoo = lbc bqy
rzk acoo = afr
rzl acoq acoo acop = hsz
rzm acop acoo = jjf
rzn acoo acop = auv emc bwb hrt
rzo acop acoo = ovb
rzp acoo acop acoq = zvu enl zfw
rzq acoo acop = acbs hoe lxl lyf
rzr = zrd qnv xer
rzs acop acoo acoq = rhu
rzt acoq acoo acop = aazu rub
rzu = vlv yye
rzv acoo acop = kbu aasu
rzw acoo = abam zwt acbe
rzx acoo = apt
rzy acoo = xxh
rzz acop acoo = dcx acfr dec
saa acoo acop acoq = abdi mls
sab acop acoo acoq = acbg
sac acop acoo = nbq ltc uzg
sad acoo acoq acop = sbe usp
sae = lsy
saf acop acoo acoq = fvr
sag acoo = aatr
sah = svx
sai acoo = kpe miq
saj acoq acoo acop = tew
sak acoo = abmh
sal acoo = rtn
sam = hzn nod yg kkp et
san acoo acop = mnd jkg
sao acoo = mj kqs arm
sap acoo = xce
saq acop acoo acoq = trp
sar = zmo
sas acoo = yyk
sat acop acoq acoo = yxm
sau acoo = rra
sav acop acoq acoo = aajm
saw acoo = lsg bcx aamd vsb
sax acoo = bcm
say acoq acop acoo = tbo
saz acop acoo = abrx
sba acop acoq acoo = jpu
sbb acoo = bba
sbc acop acoo = csl ehp wjy
sbd = hdk ouo
sbe acoo acop = wwb gut
sbf acoo acop = zoz oqa
sbg acoo = ehi lnh atq
sbh acoo = cnn
sbi = aaxv
sbj = owx imx
sbk acoo = myy
sbl acoo = yic dgg abov
sbm acop acoo acoq = fde
sbn acoo acop = abac vrj vqv
sbo acoo acoq acop = qgr qqt
sbp = oem (ieh his) eny
sbq = rer
sbr acoo = xfc
sbs acoo = ehq sxn
sbt acoq acoo acop = ewm
sbu acop acoo = enq
sbv acoo acop = mee
sbw = tzt zla
sbx acoo acoq acop = lwh ihx
sby acop acoo = aajx gml
sbz = tzb
sca = jsd abvz ydh
scb acoo acop acoq = acem (row jsp mag)
scc = aahh absb
scd acoo acop acoq = vwc
sce = yqk hqe mqa
scf acoo acoq acop = yjc yte tia
scg acop acoq acoo = yvb bty
sch = qrl
sci acoq acop acoo = fvi lem zno
scj acoq acop acoo = fob
sck acop acoo = tnp (ptk tgk) oc mgy
scl acoo acop = dso
scm acoo acop acoq = ryt
scn = abuh
sco = abqq abdi qot abuw
scp = dkv
scq acop acoq acoo = ksu
scr = kap bjl bpa gwj
scs acop acoo acoq = jej
sct acoq acoo acop = yuz
scu acoo = zrs
scv acoq acop acoo = aev tkn dka
scw acoq acop acoo = kvc
scx acop acoo = hfo pjg uik iqe gti
scy acop acoo = tqr umv
scz acoo = aayi
sda = xip
sdb acoq acop acoo = xuw snf
sdc acoq acoo acop = vvr
sdd acoo acoq acop = hkq rdl lkb
sde acoq acop acoo = cef
sdf acoo = vw
sdg acoo = abig
sdh acoo acoq acop = vsg
sdi acoo = ool yri xrf
sdj acoo = kni (rnp auo)
sdk = pjb rbp rtl
sdl acoo = bsw
sdm acoq acop acoo = swq
sdn acoo acop = acjr bsl xnm dxi ozz
sdo acoo = skk ktp kbx
sdp acoo = bgl
sdq acoo acop = bjq hez
sdr acoo acop = qzt
sds acop acoo = pie auj duc avf khf
sdt acoo acop = aaaa (ivl zoz)
sdu = jqm
sdv acop acoq acoo = abqm obg agk fkt
sdw = oeo
sdx acoo acop = yvi gzc bqv
sdy acoo acop = oqp
sdz = nyg
sea = owm
seb acop acoq acoo = vvw
sec = dqh abvr
sed acoo acop = aafv
see acop acoo = lru xsx kik kvb aaen
sef acoo = tgw rsm
seg = yvu dqq (eyh own)
seh = yk
sei acoo = oen
sej acop acoq acoo = hlk spr
sek acoo = azy
sel acoo acop = irx hwi ihi nsz ljk
sem acop acoo = jsz vvu
sen = ayx
seo acop acoo = achg rdr
sep = tp
seq acop acoo acoq = hyx
ser acoo acop acoq = ajd vry abq
ses acoo = aaqk ldl
set acop acoo acoq = ynn snm whi
seu acop acoo acoq = tws ean uwm uya
sev acop acoq acoo = xxl ojo
sew = ajp
sex = nzl
sey acoo = vqf lfr ylk acjf accm
sez = ggg (tts omk hpp)
sfa acoq acop acoo = lhz
sfb acop acoq acoo = dpn lgq jux qqs
sfc acoo acop = pgf ygt
sfd acop acoo = bgp
sfe acoo acop = aabt erl js ovy
sff acop acoo acoq = brp
sfg acoo = ahq nrp
sfh = dvb mdu
sfi acoq acop acoo = ied xxs
sfj acoq acop acoo = mzp
sfk acoo acop = yfe ou
sfl acop acoo acoq = rvl
sfm acop acoo = mxi
sfn acoq acoo acop = acjz
sfo acoq acop acoo = dgc kyp
sfp acoo = aaah pvc pbx wmg
sfq acoo acop = gpf
sfr = pde
sfs = ewq
sft acop acoo = ksn
sfu acoo = efw
sfv = ioh
sfw acoo acop = pqx kky lgu
sfx = nkm hzy abgn
sfy acoo = mmz
sfz acoq acoo acop = nyx
sga = aasp axq ngv
sgb acoo = veg
sgc acoo acop acoq = bhs aatk tib
sgd acop acoo = ddo ops fj xgo
sge = ohw
sgf acoo = qwb
sgg acop acoo = bwv kjo aasi
sgh acoq acoo acop = bzx
sgi acoo acop = dml
sgj acoo = acbq (fsa fup)
sgk acop acoq acoo = azp
sgl acop acoq acoo = kui lho
sgm acoo acop = xni vxj zgy pes
sgn acoo = yfy xii
sgo acoq acop acoo = qiy brq neh
sgp acop acoo = nso
sgq acop acoo acoq = hbk acdr yie
sgr = jsu
sgs = qsx
sgt acoo = egz kyr
sgu acop acoo = nyl gpp jl znn
sgv acoo = zov cgu eza
sgw acop acoo acoq = vnf llk qmn
sgx acop acoq acoo = aayk
sgy acoo = xqg
sgz acoo = gaf
sha acoo = hjz
shb acoq acop acoo = tez
shc = mal
shd acop acoq acoo = yka asr dvc
she = cjn nct
shf = udx
shg acoo acoq acop = hcu
shh acop acoo acoq = amt usi
shi acoo = mod eml uup sji
shj acop acoo = abyn ltc
shk acoo = fr
shl = skd abko
shm = owm ypj
shn acoo = auj
sho acoo = nlu
shp acop acoq acoo = dzd aqx zfu
shq acop acoo = xrk
shr = dl
shs = lng snr
sht acoo acop acoq = efo
shu acop acoq acoo = aapj
shv acoo acoq acop = jm
shw acoo = cpk beg
shx acoo = hgj
shy acoq acoo acop = jgo gm ays pky
shz acoo = kah
sia acoo = qdk
sib acop acoo = hyn kwx
sic acoo acop = nxj cme ogv
sid acoo = pjs abdr
sie acoo = cki
sif acop acoq acoo = hyt
sig = tke ssm pbc
sih acoq acop acoo = gud
sii acoo = reo huz
sij acoo = aacp
sik = fxu
sil = knz huc
sim = tti
sin acop acoq acoo = mxh tgq zwx
sio acop acoq acoo = vsx
sip acoo acop = bml jit
siq acop acoo = dzx
sir acop acoo acoq = faw
sis acop acoo = wes
sit acoo = qsv kvb
siu acoo acop acoq = eog kvy agx
siv = bwi sbs jnm xab
siw acoo acop = ufm
six = cox
siy acop acoq acoo = rln
siz = svt
sja acop acoo = dof
sjb acoo acop acoq = kof
sjc acoo = fzc aawz gxm kzx
sjd acop acoo acoq = wyl
sje acop acoq acoo = aej
sjf = mol (ivs lsb)
sjg acoo = mkm
sjh acoo = ykq (aafj hbd)
sji acoo = nwh
sjj acoq acop acoo = nwz
sjk = gmf (lph gsa wzp rtn)
sjl acop acoo = gcm euc dub
sjm acoo = hcp
sjn acop acoq acoo = ohv cyv bdo
sjo = baa
sjp acoo = jju
sjq acoo = nrq
sjr acoo = gid
sjs = acag
sjt acoq acop acoo = ezr
sju acoo = pkr czk aaog
sjv acop acoq acoo = wjb nfg jxx
sjw = xrq
sjx acoo = zsg
sjy acop acoo acoq = agd
sjz acop acoo = gwp
ska = ofl yni csx vfq
skb = npm
skc acoq acoo acop = vdg
skd = pb jyb
ske acoo = ath (kzl umc)
skf acoo = mpm (aet nyu zsj)
skg acoo = duh gfk uyy keo
skh = abfn ont goc aape abft
ski acop acoo acoq = zlf wvc msn
skj acoo acop acoq = sih
skk acoo acop = acfj
skl acoq acoo acop = egu gux
skm acop acoo = uwk tqb tvc
skn acoo = obf
sko = aen
skp acoq acoo acop = nie
skq = pyp tcj
skr acoq acop acoo = zzw uuw iwn trg
sks = fvp lob
skt acop acoo = cis
sku = acdi
skv acop acoo acoq = nhk miy
skw acoo = eef oiy
skx acop acoo = blq fqu ww
sky acop acoo = dgt tyb zze
skz acoo = qrf
sla acoo = fyo
slb = yrr lfe fms
slc acoo acop = aaou nto
sld acoo acop = jmx anc iwg cla rgc
sle acoo = iod
slf acoo = ogd
slg acop acoo = hfq
slh acoo = xaj dlh ytp
sli acoo acop = ush
slj = ep fqj acgf kdv
slk = mzz
sll acoo acop = ln
slm acoo = aand upe jcd szm
sln acoo = nsj
slo = gsh
slp = zfx ffy
slq acop acoo = xsu hej (ysz xnx) iae
slr acop acoo acoq = aajo iyx qtk xai ujr
sls acop acoo acoq = txj ygf zew aaqm
slt = abql fio
slu = mni kid rnf xrn xrr
slv acoo acop = zep
slw = mub cik qnx
slx = wan
sly acoo acop acoq = aid ntk
slz acop acoo = auy aapi
sma acoo = lmn
smb acop acoo = wut
smc = mac
smd acoq acop acoo = rye
sme = bim
smf acop acoo = jug
smg = kbq (run bak)
smh acop acoo = qc pgr nlx pwc yhr
smi = yur
smj = sei yix (pkm xnv)
smk acop acoo = jzu aarm
sml acoo = pay xvw
smm acoo = ics wqr
smn acoo = lyq
smo acoo = bwy goo
smp acoo = gwj nyl
smq acop acoo = vmf ajp
smr acoo acop = npb fpa
sms acop acoo = hmr
smt acoo acop = esh wej aauw
smu acoq acoo acop = iom iob
smv = fjd wba
smw acoo = yle
smx = kox
smy acoq acoo acop = zph
smz acop acoo acoq = bjt gfe abtl
sna acop acoq acoo = cnz mge apj hxn eio
snb acoo acop = jdh jvs rrr cpd
snc acoo = mcn
snd = klg
sne = axd
snf acop acoo = dcy abvc
sng acop acoo = hpf
snh acop acoo acoq = vnn
sni acop acoo acoq = fhg
snj = abco
snk acoo acop acoq = xqr
snl acoo acoq acop = pke rxc
snm acoo acop acoq = dzc
snn = ayw yca
sno = czx
snp acoo = abrs hza lok xwq
snq acoo = tmj dow abrb ueo
snr acoo acoq acop = tdr
sns = wap dfw kik hfn
snt acoo acoq acop = aoo uqm
snu acoo = jwh
snv acoo = dtf akj
snw = bni oaj
snx acop acoo acoq = gme
sny acop acoo = mbc
snz = avl
soa acoo = aep
sob = yag
soc acop acoo = rgb vcy
sod acoo = ilj
soe acoo acop = num kzd
sof = lfj yrk wgq wad
sog acoo acop = kxq son
soh acoo = dcv
soi acoo = gdn (nts aqd zfd)
soj = mxy
sok acoo = pda
sol = qwg
som acoo acop = bzu msh ypr
son acoo acop acoq = achn acja gpw xmz
soo acop acoo = wuv
sop acoo = kht
soq acoo = hff
sor acop acoo acoq = trg ybw wvk swr
sos acoq acop acoo = cev
sot = sul
sou acoo = nhw
sov acoq acoo acop = duc
sow acoo acop = htw vrk
sox acoo = wwx
soy = lhi
soz acop acoo = cbv
spa acoo acop = tcj
spb acoo acop acoq = oas
spc acoo = wnk yfu yos
spd acoo = okg hty fmh qon pov
spe = uwc
spf acoo = mej
spg = aba elw
sph acoo = yve ecn
spi acop acoo = sjw lyn syf ffc
spj acop acoq acoo = kny
spk acoo = qr aadm
spl acoo = qyu uaf
spm acoo acop acoq = vrq
spn acoo = ihf
spo acop acoo = qrj cjr
spp acop acoo = vua bsg
spq acop acoo acoq = bnz
spr = kdg
sps = lsv (kkk bow)
spt acoo acop acoq = aawp
spu = ynh
spv = izj
spw acop acoo = teq aaga lxz azf
spx acop acoo = hog
spy = nek
spz acoo acoq acop = xhx
sqa acop acoo = vnm
sqb acoo acop acoq = abqp
sqc acoo = acoo
sqd acop acoo = xob wcj pfp uyt
sqe acoo acop = qqp
sqf = hxo jvk
sqg acop acoo acoq = iin xfv (rhz ppl)
sqh acoo acop = rlw lhn
sqi acoq acop acoo = uib abna
sqj acoo acop acoq = nkq
sqk acoq acoo acop = ncb
sql = zlr
sqm acoo = mcc hps tgl
sqn acop acoo = cah iqg vij
sqo = pii vtg
sqp = epp egt vyr
sqq acoo = lyh
sqr acoo acop = gne aalk
sqs acoo = znt
sqt = aj
squ acoo acop acoq = aafr
sqv = egv bpe
sqw acoo acop = ock
sqx acoo = jak
sqy acoo acoq acop = jpx yxu nrh
sqz acoo = uif
sra acoo = xbe
srb acoo = you gjf
src acoo = xo (ska rqe)
srd = qxm uzz
sre acoq acoo acop = dsk fef
srf acop acoq acoo = ysp
srg acop acoo = zxq smo
srh acoo acoq acop = ki tcu
sri = yes
srj = lbs
srk acoq acop acoo = opk qpr
srl acop acoo acoq = abgg
srm = uos
srn = tjl rjc hjq
sro = cww qbl
srp acoq acoo acop = ackw
srq acoo = omo gkf lwa
srr = odq
srs acoq acop acoo = ba knp
srt = aig
sru acop acoo acoq = acjn
srv acop acoo acoq = hwc
srw acoo = ony fvu cav avm vml
srx acoo = kap
sry acoo = cwk
srz acoo acop = cjr
ssa acoo = fmw
ssb acoo = ozh hpi
ssc acoo = wwg uhb ixn
ssd acop acoo acoq = hyg xpm aoj pha
sse = buv wbd nid akk jiy
ssf acop acoq acoo = yqq piw
ssg acoo acop = seo xsz dwm
ssh = zaj
ssi acop acoo = yjf
ssj acoo acop = iiw (noo hxk)
ssk = kca mkk
ssl acop acoo = vos
ssm = arf aavv czz
ssn acoq acop acoo = ivv
sso = eon pzv xjj
ssp acoq acop acoo = aawe jvo um
ssq acoo = dvt
ssr acoo = amp
sss = rfd poc
sst acop acoo = iwc
ssu = sc
ssv = fyz
ssw acoo = wyg mut coj owl
ssx acop acoo = cas acdv edf juk
ssy = uet yat ord
ssz acoo = ecy snh
sta acoq acoo acop = eul
stb acoo acop = mzu
stc acoo = xvj sea smt
std acoo = faj mtv spb
ste acoo = ntw
stf acoo = whb vgi
stg acoo = abwh lpr abbc
sth acoo = wkg
sti acoo = jsn
stj = aceh
stk acoq acoo acop = geh
stl acop acoo = amy jde abvn
stm acoo = cyi
stn = gay aaph
sto acoq acoo acop = jzw suu
stp acop acoo acoq = zwm (vtn xbm)
stq acoo acoq acop = qsl
str acoo acoq acop = bea
sts acop acoq acoo = cxy iad
stt acop acoq acoo = xva
stu acoo acoq acop = aakt
stv = ecr bqj
stw = njr
stx = lrh wrf syl
sty = fav hmq poo
stz acoo = vzl
sua acoo = osd evo mfo cgi
sub acoq acop acoo = cjv kgj
suc = qdx
sud acoo acop = yfu
sue acop acoq acoo = xqr aboc (ptb abta)
suf acoo acop = wmt cmd
sug = jcw
suh acoq acoo acop = cvv nxe wjs
sui acop acoo acoq = myh
suj acop acoo = nja ywz
suk = fjs qut ktv tcm
sul acop acoo = ldl odp
sum acoo acop = abbb
sun acop acoo = lpy
suo = yco idf zxp
sup acoo = yzn
suq acoo = sqs
sur acoo acop acoq = osf ryu
sus = nlc abck sah
sut acop acoo = bky ppe
suu acoo acop acoq = gwl
suv = fl abff bac a wxj
suw acoo acop = iqm ucn
sux = xvm (ykv hxh)
suy acop acoo acoq = voo grp
suz = gas
sva acoq acop acoo = mxu
svb = add
svc = uaa
svd acop acoo acoq = krm
sve acop acoo = xfz urp ulj rjb
svf acoo acop = ysk
svg acoq acop acoo = mbz
svh acoo = kca
svi = dso abbh khl
svj acop acoo = nze
svk = vuv aaxy (dkq mz) ztx
svl acoo = hci
svm acop acoq acoo = zjq
svn acop acoo = ybp uym yzh
svo acop acoo = abxv qkf abgt olg vsq
svp = jcc aapm
svq = ztg (gq zny)
svr acoo acop = yv
svs acop acoo = aatc
svt acop acoo = aafh
svu acop acoq acoo = pcj moq
svv acop acoo acoq = lay hjc
svw = kf
svx acoo acop = jeb rxx
svy acop acoo acoq = tgr uat
svz acoo acop = sgu
swa acoo = aayl ozx
swb acoo = mmf abys ezt vqa
swc acoq acoo acop = vlv
swd acoo = hwb
swe acoq acoo acop = ukx rpz mbn ztp
swf = cwr lvd qyh accl
swg = hn phw rwh
swh = aaki
swi = mxw
swj acoq acop acoo = arr
swk acop acoo = etr
swl acoo = beo
swm acoq acoo acop = jmc (zuk zut)
swn acoo acop = ixh qal
swo = utp
swp acoo acop acoq = ok ehg oii (axz kgv)
swq = grb eov
swr acoo = zml
sws = io
swt acoo acop acoq = ablq
swu acoo = nug
swv = vut
sww = aaya jam
swx acop acoq acoo = twf
swy = avw
swz acoo = bhs aarl
sxa = ur hhv rku
sxb acoq acop acoo = kbn
sxc = tss
sxd acoq acop acoo = pzy aady
sxe acoo acop = afp
sxf = abrs
sxg acop acoo = xmw bcx tsh rju
sxh acoo acop = xhj
sxi acop acoo = fxx
sxj acoo = rkb
sxk = yba
sxl acoo acop = acfj fhv
sxm acoo = hwa toj qll
sxn acoo acop = ljo
sxo acop acoo = loq
sxp = rki ngf
sxq = yrb
sxr acoo = gad
sxs acoo acoq acop = acfq
sxt acoo acop = brg
sxu acop acoo acoq = rmy
sxv acoo acop = ebd
sxw = ort
sxx acop acoq acoo = org ixi
sxy acoo = hwj
sxz acoo acop = ffk gor
sya acoo = diw qoe
syb = aadx
syc acoo acop = qcl gvr
syd = aaj fai lmh
sye = hxa
syf acoo acoq acop = cuk
syg acop acoq acoo = qij
syh = ytj
syi = quz tjm
syj acoo = iea
syk acop acoo acoq = tsq scw vik pwd
syl = qyl wth ocq zei dmd
sym = xpk
syn = mbt mfc
syo acop acoo = aahf
syp acop acoo = ysg tfp
syq acoo acop = zhu
syr acoo acop = pot
sys acoo = mgt
syt = aayy
syu acoo acop acoq = upn
syv acoo = apo
syw acoo acop acoq = exa
syx acoo = dsk thf
syy acoo acop acoq = cph jtn kji
syz acoo = enn
sza = jhq
szb acoq acop acoo = dsn
szc = nbn
szd acoo acop acoq = xme pyh (mjk twh achi)
sze = nlr
szf = tnr
szg acoo = ize
szh = quq aafr
szi acoo acop acoq = abul
szj acop acoq acoo = txy
szk acoo = ghr
szl = zbd xeu
szm acoo = oup
szn acoq acoo acop = abex
szo acoo = hcx
szp acoo acoq acop = fix
szq acoo = dzg
szr acoo = sbk wsa (aafr pdm)
szs acoo acop = xmu tso lju esb
szt acop acoo acoq = zzy
szu acop acoo = bpd
szv acoq acoo acop = dxf ebt
szw acoo acoq acop = qhx
szx acop acoo = osa nag abrf ixd
szy acoo acop = vin
szz acoo = xhc
taa acoo = fck
tab acoo acop = iba
tac acoo acop = xty
tad acop acoo = bkg thn huz nlt
tae = nje uew xjn acn qyw
taf acoo = mbx
tag = cga
tah acoo = zms vyh
tai acoq acop acoo = ijk lcw efq
taj acoq acop acoo = krx yjn bqg xvv noi
tak acop acoo = acgv
tal = acbj egm
tam = hnu abig
tan acoo = dma bix
tao acop acoo acoq = btc
tap acoo acop = ygc
taq acoo acop acoq = vtp vfy
tar acop acoo = rm jfs ral
tas acoq acop acoo = lce
tat acoo acop = aagy
tau acoo = gru npq
tav acop acoq acoo = gjy
taw acoo acoq acop = djr gdq rdv
tax = mgc mhw acme pro
tay acoo = aamt tup
taz acoo acop = qya
tba acoo acop acoq = xoq
tbb = kdl
tbc = hib
tbd = ikq
tbe acoo = nfx gzm grg ol
tbf acoo = grt
tbg = aatr
tbh acop acoo = lus erf upu
tbi acop acoo = gnt
tbj = vnw nqy ujv
tbk acop acoo = wdb
tbl acoo acoq acop = amt
tbm acoo = hlc
tbn acoo = fxu
tbo = xfp
tbp acoo acop = vwn
tbq acop acoq acoo = xmf
tbr = pbs
tbs = zd
tbt = fqk kks
tbu acop acoo = oyq bti
tbv acoo = dyh
tbw = qyc kfr
tbx acoo acoq acop = jhv
tby acop acoo = uoo jnh
tbz acoo acoq acop = chu
tca = umo
tcb acoo acop acoq = yaj
tcc acop acoo = goi
tcd = mru
tce acoo = oxj lyz
tcf acoo = vvr
tcg = ui kle gsc
tch acop acoo = ek mpt bsx
tci acoo = efh
tcj acoo acoq acop = vhk jrm
tck = ciq
tcl acoo acop = nfp fae fen
tcm acop acoo acoq = huq
tcn acop acoo = fwk bln
tco acop acoo = rkg
tcp acoq acoo acop = ogl
tcq = abin
tcr acop acoo = ghi
tcs acoo = gkf oth
tct acoo = sxr
tcu acoo acop = jce vfx xyc
tcv acoo acop = mvf vre
tcw acoo acop = nrv
tcx acoo acoq acop = abhj
tcy acop acoo = lar esh
tcz acoo = tsx wkl
tda acoq acop acoo = qnq
tdb acoo = tld
tdc acoo acop acoq = ybk
tdd acoo = nan
tde acop acoo acoq = uor sam oww ent
tdf acoo acop acoq = prg
tdg acoo = eau six kkb
tdh = lac
tdi acoo = iqp
tdj acop acoo = hib srx aafw abcy
tdk acoo acop = ffg yzw (gug kuf)
tdl = byx
tdm acop acoo = gfm
tdn = srk dpa
tdo acoo acop = kye jza
tdp acoo acop = idh
tdq = tdr
tdr acoo = uvf
tds acoo acop = pqg rgt (wxa ton)
tdt acoo acop acoq = acib gpx zga
tdu acoo = cqx
tdv acoo = duj
tdw acop acoo = egm nqf
tdx acoo acop acoq = klr
tdy = ackd bsn lng
tdz acoo acop = kuh
tea = kaz rvs
teb acoo = urp wfb etj abs acjt
tec acop acoo = abwm qfz
ted acoo = hdf
tee acoo acop = kqd
tef = jep zyt (mib ida)
teg = bqi
teh acoo = lpb mpf nfw
tei acoo acop acoq = xtv
tej acop acoo = hez lei
tek acoo = vgr (yxl pwv) aama
tel acoo = khk
tem acoo = nxp
ten acoo = abeq
teo acop acoo acoq = rkn
tep = pvn
teq acoo = kbk
ter acoo = kga
tes acoo = qqo bva arw
tet acoo = pi
teu = abjn
tev acop acoq acoo = odx
tew = wpt gmo rho ckx
tex = qdy
tey acoo acoq acop = cgw rie
tez = yqr
tfa acoo = kyp gqj npg
tfb = xkt
tfc = erj
tfd acoo = toe
tfe = jdh tby awc
tff = aaju
tfg acop acoo = ipy ikm zxr
tfh acoo acoq acop = oig abxs
tfi = ung rym
tfj acop acoo acoq = igz
tfk acoo = xqq xie tsv
tfl acop acoo = npj rdp
tfm acoq acop acoo = zpp
tfn acoo = aanp
tfo acoo = coq
tfp = mip dxc ieh mdc
tfq acoo acop = koa
tfr = gfc
tfs acop acoo = afr irk
tft = nrq
tfu acoo = xfo isv
tfv acoo = nyq van wer
tfw = wuq
tfx acoo = dkr qzy
tfy acoo acop = mlp
tfz acoo acop = sbr cdi axr rhi
tga acoo = mum
tgb = bqv xvc afj gxw
tgc = syn
tgd acop acoo = si
tge = hpq (nzx bcd)
tgf acoq acop acoo = rfi sss opl ablt kkt
tgg acoo acop = abtt
tgh acoq acoo acop = bwx drt
tgi acop acoo acoq = wgt
tgj = itd bgd
tgk = kog bgk msj
tgl acop acoo = jyy
tgm acop acoo = qhd
tgn acop acoq acoo = gcs
tgo = noa
tgp = wrl pyk onc
tgq = pmc lti mdn
tgr acoq acoo acop = gfd twd
tgs = aafs
tgt acoo acop acoq = lhx
tgu acoq acop acoo = kxv
tgv acoo acop acoq = glk
tgw acoo acop = zvp
tgx = mlf
tgy acop acoo acoq = uqd wq abkj
tgz acoo acop acoq = ief sir
tha acop acoo acoq = myd
thb acoo acop = pfi
thc acoo acop = acmw
thd acop acoo acoq = sko doy hhv bte
the = mtu
thf = rgh efa
thg acoq acoo acop = dzl bvv rpc abwm
thh = oqa
thi acoo acop = atb nqk uok
thj acoo acop = onz
thk acoo acop = ecb
thl = abcf
thm acoq acoo acop = om
thn acoo acop = uoj dxx qji
tho acoo acop = skt
thp = acd
thq = evr ob dgk euf
thr acoo acop = oyz sfg wnl
ths acoo acoq acop = pne
tht acoo acoq acop = dgo
thu acoo acoq acop = knf
thv acop acoo = iys eay
thw acoo = jqx
thx acoo acop acoq = hgv fzk jhv ixy oot
thy acoo = ugs
thz acoo = ada
tia = zve lrn dyz nnt
tib = ixq iit cxe fap
tic acoo = jhr wwh
tid acoq acop acoo = rqt
tie = op abhu zds
tif acoo = sz
tig acoo = gmc
tih acoo = mzw qst lmg
tii acop acoq acoo = djo
tij acoo = kbq aazy
tik = wqv zm aalc cdv
til acoo acoq acop = cui
tim = pxx iaf ha abhs
tin acoo = fep
tio acoo = daj
tip acoq acoo acop = gwo ffy ref jay
tiq acop acoo acoq = iub
tir acoo acop = btz mvr
tis = ait
tit acoo = abxz ijy aamc hne
tiu acoo = ibo
tiv acop acoq acoo = kyt ljw
tiw acoo acop acoq = oyk ojs
tix acoo = nbw xbg
tiy acop acoq acoo = hfh hzx adx zm
tiz acop acoo = wvd
tja acoo = mte odg
tjb acoo = cxd iut
tjc acoo = chm
tjd acoo = ykh kma dq qve
tje = bvq
tjf acop acoo = nuu
tjg = rhu
tjh = xfq
tji acoo acop = dzi
tjj = tht ttw txv
tjk acoo acoq acop = fyq
tjl acop acoo = laz
tjm acoo = mez
tjn = zkk
tjo acoo = uxh fd wua ghe
tjp acop acoo = jyv mm hca kax
tjq acoo = iwc
tjr = krg nmo
tjs = hdt (trn dqg)
tjt acop acoq acoo = aadd
tju acoo = bfa
tjv = bfj
tjw = bkg
tjx acop acoo = wwc
tjy acoo acop = jqy ezt
tjz acoo = iwr omj qgg
tka acoq acoo acop = ntd
tkb acop acoo acoq = nbg
tkc acop acoo = jfd
tkd acoo acop = jdv
tke acoo = pax
tkf acoo = qbi
tkg acoo = oaw ihf
tkh acoo acoq acop = wzg inl
tki = jta
tkj = ejs yeo ltr rty
tkk = cds
tkl acoo acop = usx tgw
tkm acop acoo = cpn ity mbb
tkn acop acoo = oae nsx thx
tko = qmf
tkp = abef kxq
tkq acoq acop acoo = jlc aaqr
tkr acop acoo = tuy
tks acop acoo = umw zo
tkt = vmz xap eob
tku acop acoo acoq = gbz
tkv acoo = acmg dfq abfs
tkw acop acoo = rgx
tkx acop acoo = qqq
tky acop acoo = abnk rgk lpw fjp
tkz acoq acop acoo = lju st
tla acop acoq acoo = vqu
tlb acoo acop = xzp
tlc acoo = jgt
tld acoo acoq acop = ls
tle acoo acop = amn fzd okq
tlf acoq acoo acop = ejy acip
tlg acoo = rdx wwd vha
tlh = gmo
tli acoo = ryx
tlj acoo = tus
tlk acop acoo = muc
tll acoo = mfp
tlm acoo acop = hhq bke
tln acoo acop acoq = acja
tlo acop acoo = ohn
tlp acoo = xtd kes ujc
tlq acoo = xcp bcg
tlr acoq acop acoo = vrj piv
tls acoo = ak
tlt acop acoo = pye hdb
tlu acop acoo = utp
tlv acoo = avi (vfr jil hde)
tlw acoo acop = zjv
tlx acoo acop = sdq
tly = gfn abfo qyx
tlz acop acoq acoo = acbu tda
tma acop acoo = uzt lnj qwn
tmb acoo = cgg aait fla
tmc acoo acop = odb
tmd acoo = ceg
tme acoo = nlz mqs bhs cic eof
tmf acop acoo acoq = nh
tmg acoo = nnu
tmh acoo = aaxb
tmi acop acoo acoq = brc hdy abys
tmj acop acoq acoo = vok iai
tmk acoq acop acoo = eww
tml acoo acop = epx hrx cvz
tmm acoo = jhm
tmn acoo = accg
tmo acoo acop acoq = aceo mac
tmp acoo acop = mvb
tmq acoq acoo acop = aafg
tmr acoo acop = kru
tms = dcz nqe
tmt acoo = bnw xam
tmu acop acoo = moe dfh qir
tmv acoo acop = qiw
tmw acoo acop = aby
tmx = kmu
tmy = ord
tmz = ism wfn
tna acoo = etn
tnb acoo = abom
tnc = xdt
tnd acop acoo = acfx
tne acoo acop = hfq (gfa nam abvy)
tnf = uhm
tng acoo acop acoq = fjj
tnh acop acoo acoq = orp
tni acoo = rb jxw
tnj acop acoo = aaqp
tnk acop acoo acoq = nue
tnl acoo acop = ykf
tnm = lxa wty
tnn acoo = imy xfp
tno acoo acop = ayf ai fzv
tnp = uoj
tnq acoo acop = uzn
tnr = hxq smt tiy cmk
tns = zkg dbw utq
tnt = ogq
tnu acop acoo = vox rro laj
tnv = cjy nqb
tnw acoo acop = sth iqc
tnx = wgh
tny acoo acop = aavr
tnz acoo = jil
toa acoq acop acoo = lkf uth
tob acoo = ka aawu
toc acop acoo = xff nlp wle zbz
tod acop acoq acoo = bks bzl
toe acoo acop = wz qkc
tof acoo = qwk
tog acop acoo = wdz
toh acoo acop acoq = bba
toi acoo = ulf
toj acop acoo = ipj hwq
tok = knt
tol acoo acop acoq = oxo
tom acoq acop acoo = sdi wir qhr
ton acoo = opo aadh
too acoo = hyc pas
top acoo = xey
toq acoq acoo acop = yah
tor = zsc
tos acoo = qse
tot acop acoq acoo = cog
tou acop acoo acoq = tov
tov acoo acop = zzv
tow acoo acop = zhn urj aacp
tox acoo = kur
toy = xii jio
toz acop acoo = ict noe dnv aceu niv
tpa acoo acop = ruh pkf
tpb = nzp
tpc acoo = abwg
tpd acoo acop = szh ddm
tpe = vgs uhg ggb
tpf acop acoo = hrw
tpg acoo acop = rnv wvv qnm gwa
tph acoo = ywf nve phw
tpi acoo acop = ulc
tpj acoq acoo acop = yxx
tpk = aaak bqf
tpl acoo acop = xvi
tpm acoo = ofe wpy gps
tpn acoo acop = dgb
tpo = xxg
tpp acoo acop = ffq
tpq acoo = fhj
tpr = abav exk im
tps acoo acoq acop = acbc qhd dpy
tpt acoq acop acoo = bdu svp
tpu acoo acop = ugu zc
tpv acoo = kij pcr
tpw acoo acop = xkg xmo
tpx acoo = ntv
tpy = ozx
tpz acop acoo = nhb
tqa = hev
tqb acoo = pvd
tqc acoo acop = lhq
tqd acop acoo acoq = pr
tqe acoo = vkv (mra unv klp)
tqf = ydf aeg
tqg acop acoo acoq = kdf rpk kle
tqh acoo acop = laj qll ryw xph
tqi = osf kta mzh
tqj = ab
tqk = zho tbd
tql acoo = nwp
tqm acoo = abfx cmk nnf
tqn acoo acop = fbm gqy yzm
tqo = pck
tqp = mcz
tqq = xxx uyp (qtg aacy)
tqr acoq acop acoo = ywn
tqs acoo = zsk ljw
tqt acoo = ufe
tqu acoo acop = nzh ukm pxk
tqv acop acoo = abiw
tqw acop acoo = dyl
tqx acop acoo acoq = rlj ade
tqy = vtp
tqz acoo = voe
tra = eln xdl
trb acop acoq acoo = abgy
trc acoq acop acoo = rt vrn vur
trd = cbc
tre acoo acop acoq = shy xb
trf acoo = szp sfz ijv
trg acoq acop acoo = reh jmq ecp
trh acoo = tkr weg abe
tri acop acoo = vig aow vxz poi
trj acoo = eof
trk acoo = hds
trl acoq acoo acop = psl wkq
trm acoo acoq acop = ien
trn = ude
tro acoq acoo acop = scg
trp acoo = ycw
trq acop acoo = qkx
trr acoo = kxt
trs acoo acop acoq = jlm cvj
trt acoo acoq acop = jkd
tru acoo acop acoq = qdl bej ubm
trv acop acoo = hgm isj aadm
trw acop acoq acoo = hly
trx acoo acop = yv
try acoo acop = sdg jwk clc
trz acoo = aagb lbv otw
tsa acoo acoq acop = fnu
tsb acop acoo acoq = veq cua ovg vve ecc
tsc = aaho
tsd = dpa pd jke tik gmh
tse acoo acoq acop = acbt qbl avg
tsf acoo = sab
tsg = gvb myb
tsh = vij
tsi acop acoq acoo = yzq
tsj = vif ga mno
tsk acop acoo = aaga
tsl acoo = aacb ysy hbx
tsm acoo acop acoq = bzn
tsn acoo = shd
tso acop acoq acoo = hdb tdl uje
tsp acoo acoq acop = fbc zkc
tsq = juh khe avk
tsr acop acoo = vew
tss acop acoo = cw pkl bai
tst acoo = oyh
tsu = nhy cfy fuq
tsv = tlv
tsw acoo acop = avq
tsx acoo = hcw
tsy acop acoo = hzr
tsz acoo = abjk
tta = kbj
ttb acop acoo = drc qub
ttc acop acoo = mjz elb
ttd acoo acop = ldu mal
tte = aaus wst igw bvd
ttf = soo
ttg acoq acoo acop = hma
tth = hxl
tti acoo acop = wrd
ttj acop acoq acoo = qdm
ttk = hgp kqm
ttl = feo
ttm acoo acop = eok
ttn acoo = sjl emn cth xat vgs
tto acoo acop = uxc vcd vxa
ttp acoo acop = yjv
ttq acoo acop = mgd
ttr acoq acoo acop = exw
tts acoo = cyy
ttt acoq acop acoo = asa abzj jws
ttu acoo acoq acop = iix fyf njt xxr azh
ttv acop acoq acoo = lgv vpf
ttw acoo = tez
ttx acoo = qmh qqz thn
tty acoo acop acoq = aauo eox jyo
ttz = geg piy
tua acoo acoq acop = knf ujv
tub acoo acop acoq = aaye jcw ogw
tuc acoo = vlj ydj
tud acop acoo = kur
tue = jzu
tuf acoo acop acoq = nlq zdt
tug = wld
tuh acoo = izd
tui acop acoo = vzv
tuj = abtx
tuk acop acoo = qr
tul acoo acop = lwh uzq ts iqd
tum acoo = yhy
tun acop acoo = piv aawx gex hix
tuo acoq acop acoo = zep
tup acoo acop = hfd pfz rff qva
tuq acoo acop = yqt hyk vof aadq
tur = uws
tus acop acoq acoo = vru wnf zrd tzl upl
tut acoo = abyq
tuu acoq acoo acop = mil
tuv acoo = lgu eds aai
tuw acoo acop = eer
tux acop acoq acoo = cqr
tuy acoo = fjg
tuz acoo acop = uuq
tva = xrj
tvb acoo = wln
tvc = vjd
tvd acoo = bdp
tve acop acoo acoq = tuc
tvf acoq acoo acop = lsy
tvg acop acoq acoo = ukc
tvh acoq acoo acop = bwr
tvi acoq acop acoo = eqr
tvj = abtl kmb bfb izs
tvk acoo = dxt wfs
tvl acoo acoq acop = wpl abti tio lqw
tvm acop acoo = zyg bej kkj
tvn acoq acop acoo = dxw
tvo acoo = rhh raj rir
tvp acoq acop acoo = fmt
tvq acoo acop = hus nbx mye fxr
tvr acoq acoo acop = rlf
tvs acoo acop = ftc (gcl zfr) acmd
tvt acoo = ablk
tvu acop acoo = ppi avf dmj mug
tvv acoo = eur vhz
tvw acoo = abcz oic
tvx acoo = acel okm
tvy acoo = lgu
tvz acoo acop = prh
twa acoo = kiz
twb acoo = orl ogm naf icv zxx
twc acoo = awq
twd acop acoo = aadw
twe acoo = jcy
twf = fet qry
twg = qop kkh hms
twh = saj
twi = kmb qjm
twj acop acoo = cfv ngr xcq kvp
twk = aclf
twl acoo acop = awe
twm acoo = abkv qjk
twn acoo acop = gum qow
two acop acoo = mic tm spv acoa gxs
twp acoo acop = yl kuk
twq = ldl
twr acoo = yvj gzf
tws acoo acop = aatj roy
twt = kxm mwj tkr czh
twu acoo acop = gpb iil vfh
twv acoo = ggw
tww acoo acoq acop = mru
twx = wkn
twy acop acoo = cfd efg dnl
twz acoo = dtp nta
txa = aia bit
txb acoo acop = dvo
txc acoq acoo acop = ywb
txd acoo acoq acop = chn
txe = vwp
txf acoo = vof aaws
txg acoo = ezb
txh = nlf euv cpb
txi = ern
txj acoo acop = pqw
txk acoq acoo acop = xfr
txl acop acoo = axc jtv
txm acoq acoo acop = evg (qef qhl)
txn = znx
txo acoo acop = wbo bw msn
txp acoo acop = aaev
txq acop acoo = whj ssh qeo
txr acoo = aaur
txs acop acoo = osw
txt acoo = htr
txu = gob
txv acoq acop acoo = aaih
txw = acck
txx acoo = cdc xqs rzy
txy = len
txz acoo acop = oef
tya acop acoo = zwl syy rdp
tyb acoo acop acoq = hdp wkn fnz
tyc acoq acop acoo = mjc hts mbc aajf
tyd = absv wgm
tye acoo = fph
tyf acoo acop = uqz gaq
tyg acop acoq acoo = jmb wlc nbz hsk
tyh acoo = cyh aazm zkg
tyi acoo = iox
tyj acoo acop = fwm
tyk acoo acop = kha
tyl = xwd
tym = ghi lej
tyn acop acoq acoo = aawz tln fxp
tyo = bad
typ acoo = uzy kkm
tyq acoo = qyk
tyr acoo acop = ytl aayc
tys acop acoo = gjq
tyt acoo acop = ejn
tyu acoo acoq acop = bmw
tyv acoo acop = aal
tyw acop acoo acoq = rmm exe udo
tyx = uhg
tyy = xvz
tyz = xwv
tza acoo acop acoq = qin iud shg
tzb acoo acoq acop = vxq
tzc acoo acop = ywc
tzd acop acoo = aagt qlc soe im
tze acoo acop = aapn
tzf acoo acop = bbz
tzg acoo = jug kzw
tzh acoo = akg yiv
tzi acop acoq acoo = xik owi
tzj acoo = xhb (aapa huw bbg)
tzk acoo = qxy
tzl acoo acoq acop = msu baw hl
tzm = lzj crl
tzn acoq acop acoo = hvc
tzo acoo = wxr lzq wiy doe
tzp acoo acop = ibg aasb dtl
tzq acoo = aahy
tzr acop acoq acoo = aaov
tzs acop acoq acoo = nju xkq uak ero
tzt acop acoo acoq = apc
tzu acoo acop = unf
tzv = aasv cne
tzw = zum zmh yfc
tzx acoq acop acoo = qyj
tzy acoo acop = enl bsb wlv
tzz acoo = gju abin jth
uaa acoo acop acoq = swm gnc
uab acop acoo = kyp (lgs uuk qwd)
uac acoo = sws itf fqd
uad acoo = qgw
uae acop acoo acoq = aavg
uaf acoo acop = zpb bkz vnq
uag acoo = ohs
uah acop acoo = ouw mnv hof bfu
uai = aclm acgi pya
uaj acoo = anh
uak = ewq
ual acop acoq acoo = hki
uam acoq acop acoo = nxe ogd abqg tkm
uan acoo acop = hwz pho
uao acoo = pyc xhf duo
uap acoo = ylj
uaq = wpk
uar acoo = fmi cdb qeb
uas acop acoo = omr
uat acoo acop = jxq xen absj
uau acoq acoo acop = oer pij uge lst
uav acoq acop acoo = aabe
uaw acoo = jd
uax = bem rev
uay acop acoo acoq = e
uaz acop acoo = xoy
uba acoo = wsp bji eyj
ubb acoo = vob
ubc acoo acop acoq = smi
ubd acop acoq acoo = rlu llu
ube = weh
ubf acoo acop = htc wyi
ubg acop acoo acoq = skc
ubh acoo acoq acop = svo aabl ftm
ubi acoo acop = fgi ibb wxp ajs
ubj acoo acop = kqb xrj aafy lsy
ubk acoo acop = jdr
ubl acoo acop acoq = erz
ubm acop acoo = ust
ubn acoo acop = zei nqb xxb
ubo = cfv
ubp acoo = bwu plg
ubq acoo = hmf
ubr acop acoo acoq = qqx
ubs = vpi
ubt acoo = rfr
ubu acoo = swl dd
ubv = nkk
ubw acoo = sla
ubx acoq acop acoo = xmp lqb nap aap
uby acoo acop = hqz qxg
ubz acoq acop acoo = abpw lds dho
uca acoq acoo acop = vac
ucb acoo = ivi jq
ucc acop acoo = fmj gxv
ucd = sub
uce acoo acop = qnp dtt gsg
ucf acoo = sbt iby
ucg acoo = riw qt aabv
uch = mze
uci acoo acop = wyd atu
ucj acoq acop acoo = aio qru
uck = nfr wyw dui nly
ucl = jcf fvb erv
ucm acop acoq acoo = cyt bqy onf enf
ucn acoo acoq acop = cen jzf
uco acop acoo = wui
ucp acoo = fdk jab xuh
ucq acoo acoq acop = hu (yiy onn)
ucr acoo acop = juj
ucs = rv
uct acoo acoq acop = aavt
ucu acop acoo = gov xql kyj zpn
ucv acoo = abme
ucw acoo acop = yh mgy
ucx = wjh zef
ucy = zkb gpq njs gav
ucz = ohd
uda acoq acoo acop = aatg efh bbj vtc
udb = xtl
udc acoo = ngw
udd acoo acop = jcv
ude acoo = icf
udf acoo = ymr
udg = miv txs acbd mpu ybq
udh acoo acoq acop = veq (arm zcd)
udi = fwj
udj acoo = dxx ukt reo zsu
udk = lw abfc jon fbm ztx
udl acoo = bfy cyl
udm acoq acoo acop = noe
udn acoo acop acoq = luq
udo acoo acop = wgd
udp acoo = pfb fpn
udq = zzd vlx
udr = xpc
uds acoo acoq acop = ahk
udt = cqa
udu acoo = imw iim
udv = hsg
udw = abob
udx = qpq pnl
udy acoo = aabz kfv vgm
udz acoo = aafg lmc wgn
uea = aalz
ueb acop acoo = hpa
uec = acbw
ued acoo acop = ptp
uee acoo = fci kxd abhu ero
uef acop acoo acoq = tqh
ueg = ihz
ueh acoo acop = dzh
uei acoo = edy
uej acoo acop acoq = wta
uek acop acoo acoq = vjn
uel acoo acop acoq = sas
uem = far
uen acoo acop = wtw
ueo acop acoo = ude rxi
uep acop acoq acoo = pyr wfg jna hyy
ueq = ku hml
uer acop acoq acoo = fyn
ues acoo = abmd
uet acoo acoq acop = ntw wdx
ueu acoo = bbj kmg
uev = fcp
uew acoo acop = ujo
uex acop acoo = ixv
uey acoo acop = ltn
uez acop acoo = qnv
ufa acoo = cpx
ufb = gxr mdl
ufc acoo acop = rdl wmh pyv
ufd = uuw
ufe = wen
uff = rln
ufg acoo acop = cxh aclj ant
ufh acoo acop = tkv eoj lgg cei
ufi acoo acoq acop = dj yfr koa lcg
ufj acoo = bhj
ufk acoo = tnm
ufl = yve wbl dub
ufm acop acoq acoo = zyc uix
ufn acoq acop acoo = acac
ufo = taa aaja jnf hs
ufp acoo acop = iof ackn ptc yqh
ufq acoo = ohe xd ncn
ufr = lds
ufs = f ygb
uft = tpz juc raj
ufu acoo acoq acop = efy rvu
ufv = acno eez rkw oij
ufw acoo acop = bl
ufx acoo acop = hcx xsk pnp
ufy acoo = jms
ufz acop acoq acoo = krz eob ec
uga acop acoo = dzl uzm adm
ugb = gib xjw
ugc acoo = jrz dff fio
ugd acoo acoq acop = amq
uge acoo acoq acop = tpn
ugf acoo acop = tpp
ugg = yaf
ugh = grp
ugi acoo acop = jzh
ugj acoo acoq acop = viu abwp yel
ugk acoo acop = qdt
ugl acoq acoo acop = tuw vsg
ugm acoq acoo acop = gvj
ugn acop acoo = vbk
ugo = mvn cnt abet
ugp acop acoo = fxq pyu
ugq acoo = jos
ugr acoo = ysk
ugs = xnv
ugt acoq acop acoo = dfh yvx
ugu acoq acop acoo = vxz tut
ugv acop acoq acoo = eam
ugw acoq acoo acop = omz ead
ugx acoq acoo acop = yld
ugy = gel
ugz acoq acoo acop = aalb
uha acoo = tkk lmi
uhb acoo acop = mpj afo
uhc acop acoo = bzp
uhd acoo = lbl igk ikc
uhe = rpr
uhf = fir
uhg acop acoo = vqo syh
uhh acoo = gjh agg rgz
uhi acoq acoo acop = jsq azd qpq nrv
uhj acoo = mlh kzq (bhe vhg) fme
uhk = oqd
uhl acoo acoq acop = tsb bnc
uhm = smx
uhn acop acoo = ldy
uho acoo acop = aboh fy
uhp acoo acoq acop = abjn yit
uhq = axz niv aaeq
uhr = abws
uhs = eho aafl box
uht acoo = yrv lkl pwi
uhu acoo = lel svu
uhv acoo acoq acop = ajy
uhw acoo = aamd
uhx = qws dri
uhy acoo = yah
uhz = inx
uia = dja axu sxo wle dtk
uib acoo acoq acop = cnd
uic acoo = wpv
uid acoo = acjn
uie acoo = ylm
uif acoo acop = ihc
uig acoo acop = acdk
uih = tzj gyt jkh
uii = fyc
uij acoo = oyq
uik = ida kzr zui
uil acoo = ackf uwb abbq
uim acoo acop = acez aaji
uin = ncr abou
uio acoo acoq acop = qvo
uip acoo acop = mha mjk
uiq acop acoq acoo = ackh
uir acoo = zri
uis acoo acop acoq = bes
uit = img
uiu = aamu
uiv acop acoq acoo = rji
uiw acoo acop = ngs
uix acoo acoq acop = nhk uph xme
uiy acop acoo = sqw tbu
uiz acoo acop = nnp ackb
uja = whn
ujb acoo = pqm
ujc acoo = ouu n elp zoy
ujd acoo = aauv
uje acoo = gxd
ujf acop acoo = qaa
ujg acoo = syn
ujh acoo = lwo
uji acoo = gso zit vkw
ujj acoo = abtg
ujk acop acoo acoq = wgv yjl
ujl acop acoo = hx
ujm = abwp ygi bll
ujn = miq
ujo acoo = rtw
ujp acoo = odv
ujq = nvs ims baj
ujr = qwf xvz gxd mtb
ujs = etv jtr luo mou evs
ujt = lsm
uju = qes geu kgj
ujv acoo acop = mbg
ujw acoq acoo acop = nlk
ujx acop acoo = gbp beg
ujy acoo = egm (rmp gww) aaks
ujz acoo acoq acop = vqf gah
uka acoo acoq acop = vne
ukb = gep egh
ukc acop acoo = dkm
ukd acoo = acoo ijg jnw abye ocm
uke acoo acop acoq = anq
ukf = nrd
ukg = stg aakd
ukh acop acoq acoo = dhf
uki acop acoo acoq = pam
ukj acoo acop = siz
ukk acoq acoo acop = ueq
ukl = kab acab
ukm acoq acoo acop = mxr
ukn acoo acop acoq = zrf
uko acoo = iyl
ukp acoq acoo acop = qqz
ukq acop acoo = epo usu vnu
ukr acoo = wav
uks = ccr
ukt acoo = wmc (atn sib fdw)
uku acoo = zvm
ukv = lvt
ukw acoo acop acoq = absq gcl (kfs ifj)
ukx = jva zze trw kss hyz
uky acoo = ioo
ukz = qcf gfe ccl nuc
ula = vsg
ulb = cci
ulc acop acoo = drw uqo
uld acoo = yls
ule acoo = sul qoa czn
ulf = dag (rhz ltz)
ulg acoo = lxg
ulh acoo acop acoq = dxi
uli acop acoo = rjq
ulj acop acoo = kdo
ulk acoo acop = wlo tuo zxb yld
ull acop acoo acoq = heh (xfa hor)
ulm acop acoo = okj
uln acoo = ceq wuj acfn upq
ulo = acjw cfp
ulp = uhg
ulq = bih rna
ulr acoo acop = ow odj
uls = reb
ult acoq acop acoo = loa
ulu = giq
ulv acoo acop = xju gkg
ulw = yqx
ulx acop acoq acoo = ypj
uly acop acoo = jdx
ulz acoo acop = kzy fjd
uma acoo acop acoq = vop
umb acoo = iqo rgc cux
umc = aap rrm
umd acop acoo = aaiz aajr
ume acop acoo = liu vgo lkp
umf acoo acop acoq = dbi
umg acoq acoo acop = wvz
umh acoq acop acoo = vfa
umi acoo acop = csh
umj acoo acoq acop = ayi aajp
umk acoo = ncj
uml acoq acop acoo = gcn
umm acoo = yrr
umn = acin mcw syr pqy uhn
umo acoo acoq acop = hjr
ump acoo acop acoq = lds qtp kcy wdk
umq acoo = cbp
umr acop acoo = dwq
ums acop acoq acoo = aahv aapc cpg
umt acoo = zeg
umu = wck
umv acoo acop acoq = hdd
umw acoq acop acoo = owd
umx = seb
umy acoq acop acoo = ablr pvy jsb
umz = bwv vye
una acoo = hmc
unb = pkz lpm aawb
unc acoo = wag idh xms
und acop acoo acoq = ryk die jen tkc
une acoo = xab itp
unf = oum
ung acoo acop = qgv
unh acop acoq acoo = ddp wov zhx jtc ngt
uni = bdu
unj = wau sls
unk = gcg mcd dso xdq
unl = hyn
unm acop acoo = dvd
unn acoo acop acoq = zan (usv hyk aed)
uno acop acoo = ufc cfm
unp acop acoq acoo = qhg ret pyx igx
unq acoo acop acoq = sup
unr acoo = mbp
uns acop acoo acoq = jkd
unt acoo acoq acop = vix mzd
unu acoo acop = fpj
unv acop acoq acoo = kr
unw acoo = ras zvi oio
unx acop acoo = nls
uny acop acoo = orx
unz acoo acoq acop = mlq qzz txg
uoa acoq acop acoo = lvk
uob acop acoo acoq = upb
uoc acoo = hbn vwi gjw rtj
uod acop acoo acoq = dzq pkq fvy
uoe acoo = gqi vlw
uof acoo = udl hlz
uog acoo acop = ofo
uoh acoq acop acoo = dgq jsj
uoi acoo = sph
uoj = hgs
uok = ngx
uol acoo = qjt ro
uom acoq acop acoo = mwz rxe
uon = jsu pus ucc
uoo acoo acop = tyg
uop acoo = roq wpc
uoq acoo acop = qwx
uor = js ed hmt
uos = dza ntv knj
uot = ssd
uou acoo acop = nfd iup pmc
uov acoo = ft
uow acoo acop = xpb
uox = fxw
uoy = ofu
uoz acoo acop = uph
upa acoo = abbb
upb acop acoq acoo = ovu
upc acoo = ida xym
upd acoo = aabt yov xwt
upe acoo = vvi abfq hvc
upf acoo = ghj abhi gxt aafw
upg acoo = req
uph = ojw
upi acop acoo = dlf
upj acop acoo = ebm bih esa hcr
upk acoq acop acoo = aadj bko alg lng
upl acoo acop = zxp
upm acop acoq acoo = bye itl zrl
upn acoo acop = ggu rdy
upo acop acoq acoo = lia
upp acoq acop acoo = isa tip
upq acoo = wid gsa snn
upr acoo acop = ojh
ups = xpt rxm vww
upt acoo = evi
upu = jdf
upv acoo acop = frw
upw acoo = dy
upx acoo = kjl aed eic
upy acoo = rhc psd
upz acoq acop acoo = qdm
uqa acoo = kgl
uqb acop acoq acoo = unv ypz
uqc acoo acop = rph zty
uqd = mrp qfy mhl
uqe acoo acop acoq = abko
uqf acop acoq acoo = aaos
uqg = jov
uqh = tae
uqi acop acoo = dhc znw psf
uqj = hll pvd gng
uqk acoo = wmc foh
uql acoq acop acoo = oaq vny
uqm = hjs lnb (mll rfd)
uqn acop acoo = dli
uqo acoo = vsz wjq xbe luf
uqp acoq acoo acop = ngp
uqq acop acoq acoo = aahl (gst hgv)
uqr acoq acop acoo = ndj mfo
uqs acop acoo = gey
uqt acoo = dvq tyg
uqu = cbs
uqv acoo = zm vtz
uqw = dhz
uqx = kdt
uqy acoo acop acoq = ita
uqz = ktp
ura acoo = loy
urb acoo acop = wfa aqf
urc acop acoo = rar
urd acoq acop acoo = rtx tru obs
ure = hbi pva
urf = knt
urg acop acoo = gvt abxl
urh acoo acop = bka
uri acoo = mzv rsz xkt
urj acoo acop = cth
urk = bxq tqo
url acoo = qgd (bnq feu)
urm = wio abzx fpg wih
urn acoo acop acoq = abyn
uro = xhu
urp acoo = kfd aek
urq acop acoo = ackx zwt erh
urr acoo acop = xid nmn
urs acoo = srv
urt = uom
uru acoo acop = hwg
urv acoo = ztc
urw = yyg
urx acop acoo = vlb baq klv
ury acop acoo = tpv nqa iig ylt
urz acoo acop = kfm
usa acop acoo = sup kye
usb acoo = ctx osl
usc acop acoo = mhi
usd acop acoo acoq = djo
use acoo acop = wod oza
usf acoq acop acoo = hvl ket rpl kzu uij
usg acoo acoq acop = xrw tfg
ush = qgb
usi acoo acop = aex cbb
usj acoo acop = tkc
usk acoq acoo acop = fka ghe
usl acoo acop = pm (abto uyt)
usm acop acoo acoq = anf tay bvc
usn acoo = fv eog nna
uso acoo acop = dlx
usp acop acoo = lig
usq acoo = def dgn
usr acoq acoo acop = abbl
uss acop acoo acoq = mhn
ust acoq acop acoo = hgj ctx
usu acop acoq acoo = lub vr
usv = ned uin
usw = xfc
usx acoo = joh
usy acoo acop acoq = aamw ruk qje
usz acop acoo = rii
uta acoo = fje
utb = zhc
utc acoo acop = mbg
utd acoo acop = igf gqe
ute acoo = afe
utf acoo acop = zxz cvi
utg = epw oyd zqq maj
uth acop acoq acoo = mgz wsr pjw ewe
uti = qux
utj = ta
utk acop acoq acoo = hrz
utl acoo acop = oqv uji
utm acoo acop = hqu
utn = bxk
uto acop acoo acoq = lrg rhl
utp acop acoo = dyg ean dgh
utq acop acoo = cod
utr acoo acop = ubm
uts acoo = cnb wmo yog kxd
utt acoo = abwo
utu acoo acop = apv
utv acoo acop = aady abfr vpc
utw acoq acop acoo = okj jiu nye mon
utx acoo = ssn
uty acop acoq acoo = ysj wam gvt
utz acoq acoo acop = vpo
uua acoo = xyk aang pke bwh
uub acoo acop acoq = paw
uuc acoq acoo acop = xyn llh tw
uud acoo = bgx abrz rvr
uue acoo = lcz
uuf = acaf
uug acoo = aazf
uuh acoo = absu
uui acoo = ydh
uuj acoo = owj
uuk acoo acop = bgv
uul = tup
uum acoo = abfc cyg
uun acoo acop = tpd
uuo acop acoo = yyx tvj
uup = yvg wem
uuq acop acoq acoo = ifi
uur acoo = cxo lvg mep
uus = sxu frd eem uw lyz
uut acop acoo = xqs
uuu acoo acop = jjs dtm hoc jki
uuv acoo acop = csr
uuw acop acoo acoq = zev
uux = cqo
uuy acoo = zmw xje eos
uuz acoo acop = yee
uva acoo acop = yoq dho yvl jqf
uvb acoq acop acoo = iue wja
uvc acoo acop acoq = ibr bsc jfp khs
uvd = ovl
uve acop acoq acoo = hkt qlf
uvf acoo = ghf kb
uvg acop acoq acoo = bym
uvh acoq acoo acop = cwy
uvi acoo = kuu (xds gmf gba)
uvj acoo = kyd
uvk acoo acop = yhj zqn
uvl acoo acoq acop = eox
uvm acop acoo = chj
uvn acop acoo = sfd
uvo acoo acop = awi fir kla
uvp = phu bxg (sbv xzt)
uvq acoo = aamd cjd gbu
uvr acoo = mka tsw wds
uvs acoo = aboe cxf mlp
uvt = gcp rne
uvu acoo = yvy f owe
uvv acop acoq acoo = fos
uvw acoq acop acoo = dwo
uvx acoo acop = cko
uvy acop acoo = rlb
uvz acoo = efg
uwa acoq acoo acop = dko
uwb acoo = trd
uwc acop acoo acoq = wep qke pcj
uwd = bpm
uwe acoo acop = vms
uwf = fhr
uwg = cgm
uwh acop acoo acoq = xdn
uwi acoo = oau jwe
uwj = vda
uwk acoo acop acoq = eze
uwl acoo = abau
uwm = mtu zcg
uwn acoo acop = agf
uwo acoo acop = cwr (rhk kax)
uwp acop acoo acoq = pty osj
uwq acop acoo acoq = osq jed
uwr = qm
uws acop acoo acoq = dqw
uwt acoo acoq acop = gzy
uwu acop acoo = kyx
uwv acoq acop acoo = abjd
uww = per acbw xxc
uwx acoo acop = aabp
uwy acoo acoq acop = uzi syv
uwz = dmk
uxa acoo = vlg
uxb = tjh
uxc = lcy mfi
uxd acoo acop acoq = bco acoo ces yky
uxe acop acoo = ifr
uxf = pkp
uxg acoo = yoo lcq mln
uxh = kpg bcw zrq uv
uxi acoo acop = oph
uxj = oy vbp
uxk acoo = ka
uxl acoo = qal wjo sfk rg
uxm = enn fzn uyy
uxn acoo = pyb ksp ajr
uxo acoo acop acoq = gts lrn
uxp acop acoq acoo = uha bpa puf
uxq acoo acoq acop = ond
uxr acoq acoo acop = zhg (acap pwe)
uxs acoo = abwq och hxq
uxt acoo acop = smb
uxu = hes
uxv acoo = gnn
uxw = mqb
uxx = kgp
uxy acoo acop acoq = oxi
uxz acoo acop = gof
uya = wxx naq
uyb acoo = doz
uyc acoo acop acoq = fst
uyd acoo acop = cnb zzc
uye acoo acop = lme vqc jcp
uyf acoo = bcn ruw gts
uyg acop acoo = lts (aaxp pdw)
uyh acoo acop = enc ois
uyi acop acoo = lfx
uyj acoq acoo acop = oyt
uyk acoo = sio xhm
uyl acoo = aapy bdt zqq
uym acoo = krc vzm
uyn acoo = ztw hny
uyo acop acoo = vxz
uyp = zws (yda alp)
uyq acoo = yww
uyr acoo = wmy fvl
uys acoo acoq acop = yxw tt
uyt acoo = ozx
uyu acoo = pfl
uyv acop acoq acoo = ywb wuf bsf
uyw = tke dej
uyx acoo = acnp oat atp
uyy acoo acoq acop = ryv apn ztj
uyz = mqq
uza = idp fla juj wxd
uzb acoo acop = rhv
uzc = akw hro
uzd acoo = acji etl abai
uze acop acoo acoq = pqc
uzf acop acoo = xb dhs mve
uzg = anr
uzh acop acoo acoq = joj shk
uzi acoo acop acoq = crg
uzj = xlf
uzk = sqy oxo
uzl acoo = avv ziw
uzm acoq acop acoo = uzw sye
uzn acop acoo = pbb
uzo acoo acoq acop = kta
uzp acoo = vlu
uzq acoo acop acoq = dez lui
uzr acoo acoq acop = ntq
uzs acop acoo = aaa
uzt = uvm
uzu = aek
uzv acoq acop acoo = abth
uzw acoq acoo acop = bgl
uzx acop acoo = pxx zng scl
uzy acop acoo = abyi
uzz acop acoo acoq = ubw
vaa acoo = znl
vab acop acoo = qky los
vac acop acoq acoo = dam
vad acoo acop acoq = nkx
vae = acgt
vaf acoo = vvc qec vjb jfa
vag acop acoo = ejo
vah acop acoo = opq lkl nbv mlw
vai = qmf
vaj = kmi
vak = jcs uze aapp
val acoo acop = aanc jpu
vam acop acoo = ify
van acoo acop = gxl
vao acoo acoq acop = gye
vap acop acoo = mbr spv xiw
vaq acoo = aaeu
var acoq acoo acop = gfc
vas acoo = cvj ims hvc phe
vat = sgu
vau acop acoo = lzk
vav acop acoo = fbk
vaw acoq acoo acop = pie
vax = xja
vay = qsb avj noa
vaz acop acoo acoq = yst esy wav
vba acop acoo acoq = nti
vbb = ujy
vbc acoo = absf asg tav cxd
vbd acoq acoo acop = puc
vbe acop acoo = vfn
vbf acop acoo = vdz ccw spv (dzy bov)
vbg = rfc yia etx
vbh acoq acoo acop = bcx
vbi acop acoq acoo = abgd bqq lun haz
vbj acop acoq acoo = zfq xkl grf
vbk acoo = rqh zx
vbl = sbf aawk iku (ity euu)
vbm acoo acop = abpg pjt
vbn acoo = glp elx wmt
vbo = vvh
vbp acoo acop acoq = iji eln
vbq acop acoo acoq = owp
vbr acoo = pha
vbs acoo acop acoq = azt uzj
vbt acoo = uft
vbu = pym pqs syx
vbv = vf uhf
vbw = urk ihy pag dnq
vbx acop acoo acoq = acdq lpv
vby acoo = zen
vbz acoo = ih
vca acoq acop acoo = kjc
vcb acoo = wqf kru
vcc = pna xay ulq
vcd acop acoo = bwt ohi qrz eei
vce acoo = qln
vcf = gzf
vcg = wcd
vch acoo = zxm
vci acop acoo = pum vfc hzx
vcj = lpu gci iun
vck acoo = uih
vcl acoo acop = imo
vcm acoo = wqg bjh
vcn acoq acoo acop = cw
vco acop acoo acoq = abxv cvl rkq aawq
vcp acop acoo = eio djc dpj
vcq acop acoo acoq = fks abxb tpg
vcr acoo acop = lqc r
vcs acoo acop = kfl
vct acoo acop = mgy ajd
vcu acop acoq acoo = gdj
vcv acop acoo = lkg hxd sas
vcw = qmp gpm nrn
vcx = szk lrq
vcy = zt
vcz acoo acop = kps
vda acoo = xvg jjw cph kcr wlm
vdb acoo = gay
vdc acop acoo = atk
vdd acop acoq acoo = abmx
vde acop acoq acoo = pig ove
vdf = wwo
vdg acop acoo = gbu fct
vdh = vnx
vdi acoq acop acoo = vnh vpv
vdj = hoy
vdk acop acoo acoq = fhf lkh ssi jsy aayb
vdl acoo = iml
vdm acoo = yqw
vdn acoo acop = vra nfv mnw
vdo acoo = cdi fom
vdp acoo = yrd
vdq = qcr
vdr acoo = zux
vds acop acoo = oiz
vdt acop acoo = rlb kgu mui
vdu acoo acop acoq = icc
vdv acoo = fcy wul kic xze
vdw acop acoo = gyt (oup gkv aatj) hnw
vdx acoq acoo acop = aciu
vdy = eec
vdz = dah
vea acoo = qao
veb acoo = urk
vec acoo = dfd eoi
ved acoo = fbf mhp
vee = kls
vef acop acoo acoq = lum phq qgl
veg acop acoq acoo = zuk zxq pej njr
veh acoo acop = absd sze cjt
vei acoo = usu
vej acoo = aciq
vek acoq acop acoo = xxw
vel acoo = fhv (zbf lhu)
vem acoo = sv
ven acoo acop = xmr ixl
veo acoo acoq acop = fnq kna yeb
vep acoo acop = ufo zos
veq = dbr ksl
ver acoo = kpj
ves = uuy jui
vet = xio
veu = qkw dme
vev = acgs gum avl
vew = qht
vex = fas
vey = bzm xgg
vez acoo = xuy
vfa = elh uvq
vfb acoq acoo acop = zbf
vfc acoo = zaf pss xll
vfd acoo = jli lrc abru
vfe acoq acoo acop = aadk juu jsw
vff acoo = frw
vfg acop acoo acoq = viw ibv
vfh acoo acop acoq = eue csr qfi shr acmo
vfi = vgs gak srt
vfj acoo = wiu lqg
vfk = aajg
vfl = par
vfm acoo = kup bpi
vfn acoq acop acoo = aazo hiw mti
vfo acoq acoo acop = vgz uva mph
vfp acoo acop acoq = oci
vfq acop acoo = dad amf
vfr = dky pve
vfs acoo acoq acop = hku
vft acop acoq acoo = fzy
vfu acoo = kkk oqn cwj
vfv acoo acop = obc
vfw acoo = rqf hpy uts mxm
vfx acoq acoo acop = kir
vfy acop acoo = vyr
vfz acop acoo = aalf ixa cc goj
vga acoo acop = ysv qxs
vgb acop acoq acoo = heq dui
vgc acoq acoo acop = gpx
vgd acoo = xfz ipd
vge acoq acoo acop = xxc wsb ocy
vgf acoo = gof now
vgg acoo = wzk
vgh acoo acop acoq = hnp
vgi = ckk wsi
vgj acoo = htk
vgk acop acoo = ovc
vgl = mxx
vgm acoq acop acoo = wsi kxi
vgn = abhs htc
vgo acop acoo = mx
vgp acoo acop = lvd
vgq acop acoo acoq = zsm xki aafo
vgr = sjk
vgs acoo = udk ewy drq bqq vnw
vgt acoq acoo acop = bid pqg jts gvb mee
vgu acop acoo acoq = zlt grk
vgv acoq acop acoo = naq atb
vgw acoo acoq acop = abws xzj
vgx acoo = mkg
vgy acop acoo = stc inc
vgz = abml
vha acoo = bnw
vhb acoo = whq dqb zfs
vhc acoo = zdv gg
vhd = vaj
vhe acoq acoo acop = wkr zew
vhf acoq acoo acop = knh
vhg acop acoq acoo = zgx akh an
vhh = abhh
vhi acoo = fjc suw (qzk uta)
vhj acoo = pmt
vhk acop acoo = gjz qdn zze kdh acbr
vhl acop acoo = pwd ynp
vhm acoo = sjd
vhn acoo = bzp erq per
vho acop acoq acoo = ajx
vhp acoo = nos
vhq = aaug
vhr acoo acop = paq xyt
vhs = lsu
vht acoo acop = dxk
vhu acoo acoq acop = iue zmg jrj
vhv acoo = ume aaau
vhw = mku maz cwy dqm
vhx acop acoo = pyt hpz mxp cnl
vhy acoo = aacp
vhz = abdz (kxb ttv ixn)
via acoo = rve ivv
vib acop acoo = tkv gsn xgh
vic = lrm fvc
vid acop acoo acoq = yih
vie acop acoo = kbk ull
vif acoo = ioc ddm
vig acoo acop = gxj
vih = pdr xsu bpr
vii = acan (evi acoe pst acdi)
vij acoo = gov
vik acoo = dmy swh aayx abpo muv
vil acoo = bez
vim = bpj
vin acop acoq acoo = pip
vio acoo = obg
vip acoo = zgx daj
viq acoo = abkj
vir acoq acop acoo = aly
vis = pau ape
vit acoo acop = joa
viu acoo = pkt
viv acoo = lpf zye hni
viw acoo = acad xxd (kky wte)
vix acoo acop = acnn
viy = aavo
viz acoo acop = ahp
vja acoq acoo acop = to ewh
vjb acoo = ovh gmd mwh
vjc acoo = njx nqd
vjd acoq acop acoo = abem
vje = cuj hrk qdr
vjf = vbe pwi (eho xcc)
vjg = hdu enw tna
vjh acoo = cqh
vji = yre tjn
vjj acop acoo = axv wvs rvk zum
vjk acoo = uux
vjl acop acoq acoo = rma
vjm acop acoo = tbz abys
vjn acop acoo acoq = qmt aaxm cun
vjo acoo acop acoq = quy vya
vjp acoo = zww ntu
vjq acop acoo = bnm zqg
vjr = qfu kyu
vjs acoo acoq acop = izy
vjt acoo = lxa
vju = abat
vjv acoo = lzb kfc
vjw = aaeg
vjx = aoa
vjy acoo acop acoq = law
vjz acoo acop = dyg
vka acoo = jwj vyd eeq tki
vkb acoo acop = ipn
vkc acoo acop acoq = pvh achq nty abyp
vkd = rfi
vke = dex
vkf = joa
vkg acop acoo = lks
vkh acop acoo = tys uaz azl wkw
vki acoo = ooz
vkj acop acoo = xcu imo uyh ofs
vkk acoo acop = rul
vkl acoo acoq acop = ohj dhp zyq
vkm = vvw woj hxk esv abvv
vkn acop acoq acoo = zrq
vko = jmg qve
vkp acoq acop acoo = nwy
vkq = jln wpa
vkr acop acoq acoo = tq zrn
vks acoo = jgo
vkt acoo acop = mka
vku acoo acoq acop = iws gnq
vkv acoo = rcj mwd abyv
vkw acoo acop acoq = pem
vkx acoo = zgk
vky acoo = jlg
vkz acoq acoo acop = eva oqg
vla acoo = gsq
vlb acop acoo = eud
vlc acoo acoq acop = wwn
vld acoq acoo acop = gja xfo fbq
vle acoq acoo acop = cst hcy eyk iq
vlf acop acoo acoq = psj tuz qhi dyq
vlg acoq acoo acop = aajw
vlh acop acoq acoo = nib tsh
vli acoo acop acoq = cnj pjd
vlj acoo acop = crz
vlk acoo = jkw
vll acoo acop = fdt kej lxz
vlm acoo acop acoq = pkk qcs
vln acoo acop = hmv lcc
vlo = gxm
vlp acoo acop = vvv (pyy svo)
vlq acoo acoq acop = oea
vlr acoq acoo acop = sxh
vls = pmr bps xsw gmj
vlt = ekm jkj acko
vlu acop acoo = bot
vlv = owl
vlw acop acoq acoo = heo wvw
vlx = pmp
vly acoo acop acoq = vwi
vlz = ijn
vma = yqn
vmb acoo acop acoq = abur
vmc acop acoo = jhd
vmd acoo = hgz
vme acoo acop = dmf qqc aatj frb
vmf acoo acop = uqo
vmg acoo = zrs
vmh = fdu gfn nww
vmi acoo = aaqu
vmj acoo acoq acop = wer zav
vmk acop acoq acoo = tyk rdi
vml acop acoo acoq = zwi
vmm acoo = bpl onx
vmn acoo = ljw cyn ete
vmo acoo = blo
vmp acoo = zvb
vmq acoo = yxw wgg
vmr acop acoq acoo = gty
vms acoo = eya ane mpf
vmt = edg
vmu = jer
vmv acoo = fuh
vmw acoo = sqs
vmx acop acoq acoo = qek
vmy acop acoo acoq = ayt aoc accc gzq
vmz acop acoo acoq = glc
vna acop acoo = ofh
vnb acop acoo acoq = bbf (kkw xzr)
vnc acoo acop acoq = epm zcp dto acfo
vnd acoq acop acoo = vii hgj
vne acoo = ypr bps glh nkt
vnf acoo acoq acop = xeq wxj
vng = lnc
vnh acop acoo = aapa yay dac zvk rsx
vni acop acoo = vyi
vnj acoo = atj qkl ldj ovk
vnk acop acoo = rrg dns
vnl acoo acop = tws ezt
vnm acoo = mtm
vnn acoo acop acoq = ohu
vno acoq acoo acop = aql
vnp acoo acop = zgh
vnq acoo acop = mni ohv xcc
vnr acoo = nkg
vns acoo acop = pim
vnt acoo acoq acop = vdk acax
vnu acoq acop acoo = ued
vnv acoo = aso
vnw acoo = zwm dqd scj
vnx = lyp
vny = aap pt kpi
vnz acoo = qmm
voa acoo acop = gse zkr
vob acop acoo = idq
voc acop acoo acoq = pz pjz unj qre aake
vod acop acoq acoo = atw
voe = dia
vof acoo acop = zeu
vog = wuy abho
voh acoo = eno bue
voi = vbw
voj acoo = csi
vok acoo acop = xzj zpc
vol acoq acop acoo = cci
vom acop acoo = abke
von acoo = pbn rdk wss kdg isy
voo acoo acop = mh oh abno ymf
vop acoo = mzp
voq acop acoo acoq = uyy cgb qkw
vor acoo = wzj fqh uxn
vos acoo acop = dlr
vot acoo acop = aauo xcm zwg
vou acoo acop acoq = ula
vov acoo acoq acop = rsh
vow acoo acoq acop = onj svc aiw nfh ztm
vox = cvv
voy = ktq xwk
voz acoo = xgx jbn
vpa acoq acoo acop = kto
vpb = hga
vpc acoo acop = kmq
vpd acoo acop = iya
vpe acoq acop acoo = xfr nnp lcw
vpf acoo = fnq
vpg acoo = znd
vph acoo acop = sel
vpi = ugp xjx uit
vpj = gnq agd
vpk acop acoo acoq = ohc abqb qfe
vpl acop acoo = cez uyc
vpm = asd
vpn acoo = aav
vpo acop acoo acoq = nxc ymx yxp eur
vpp acoo = tzf
vpq acoo acop acoq = sec
vpr acoo = dvg
vps acop acoo acoq = vxc
vpt acoq acop acoo = ygy
vpu acop acoo = fnr
vpv acop acoo = olv
vpw acop acoq acoo = fsw qpz
vpx acoo = eef
vpy = gcl wku wsq oss
vpz acoo = dm bul vhg acmr
vqa acop acoo acoq = uj
vqb acoo = uyg
vqc = dwk sfw
vqd acoo acoq acop = acd
vqe acop acoo = krh mwg pgf rkq
vqf = bum
vqg = vpo
vqh acoo acop = tiu cqf
vqi = aadd rya (hur hgq)
vqj acoo = jbm
vqk acop acoq acoo = wpc
vql = fai
vqm = aha vrp aasv
vqn acop acoo = vqy zoo mqy wup
vqo = aavh btl dxr (pbv pzj)
vqp acop acoq acoo = voq
vqq acoo acop = lgg
vqr acop acoo = owf uxw fdd jkg
vqs acop acoo = ost rru bcx
vqt = vvi
vqu acoq acoo acop = luj aarr
vqv acoq acop acoo = ctl peu xwn
vqw acoo acop = coe
vqx acoo = thq sum
vqy acoo acop = txj
vqz acoo acop = bdf
vra = qd
vrb acoo acop = gkm qwh efi
vrc acoo = dcp yco xqb hkr
vrd acoo acop acoq = psv enl kvz
vre acop acoo acoq = khc
vrf acop acoo = achw abc
vrg acoq acoo acop = abwf
vrh = kxq nuk ajk axh
vri = qka
vrj = aqm sg
vrk = isx
vrl acoo = tlw wsn ctq
vrm acoo acop = ddx
vrn acop acoo = fni
vro acop acoo acoq = wgu lbr wsn
vrp acop acoo = cvi
vrq acoo acop = kka
vrr acoo = pax
vrs acoo acop = vab ewo (jra mrt)
vrt acop acoo = zwg
vru acop acoq acoo = kdy
vrv acoo = ijr
vrw = ablk
vrx acoo = lhg
vry acoq acoo acop = acbu hk bjq npo
vrz acoo acop = lah hsh
vsa = irx
vsb acoo = mmy lho
vsc = sbz quh bva
vsd acoo acop = lwu
vse acoq acop acoo = pvn
vsf acoo = olz
vsg acoo = tft
vsh = nfu
vsi acoo acoq acop = fw eek mqr
vsj acop acoo acoq = abwe
vsk = aaoa
vsl = daa
vsm acop acoq acoo = uyy
vsn acoo = irw uqk
vso acoo acoq acop = acaj tzy avf ngf
vsp acoo = sss yq nrj avu
vsq acoq acop acoo = abze nbz zwa sao aauq
vsr acoo = izt eeu
vss acoo acoq acop = xze dvk wq
vst acop acoo acoq = xgx
vsu acoq acoo acop = isa
vsv acoo acop = abrk
vsw acoo = nn
vsx acoo = yya
vsy acop acoo = fda ywz wpw rgz
vsz acoo acop = lng
vta = puv mkb dyk gvd
vtb acoq acop acoo = dxj
vtc acop acoo = kkj
vtd acoo = whl ddn
vte acoo = abfx
vtf acoo = phi
vtg acop acoo = ru
vth acop acoq acoo = xc
vti acoo acop = ab
vtj acop acoo = absn
vtk acoo = mnu knz znu jxd
vtl acop acoo acoq = zpz
vtm acoo = uye tbl mkh qvh
vtn acoo = tuu
vto acop acoo = abya
vtp acoq acop acoo = sfx
vtq acoo = abxn cdz yia
vtr acoo acop acoq = jhx aada
vts = qdb kzz
vtt = qqo moi
vtu = cfe
vtv acoo acoq acop = icn ncc abcz
vtw = abxx
vtx = aapm vpu thu
vty acop acoo = jkh
vtz = bgt
vua = vhh (rud ze) zhe
vub acoo = oob
vuc = imc lfn abnm cgx erw
vud = hdn
vue acoo = nzu ndr yxb
vuf acoo acop = qh
vug = bau
vuh = xr
vui acoo = hwn
vuj acoo = duw
vuk acop acoo = tvj tpe jpp puh
vul acoq acop acoo = mrc
vum acop acoo = faf
vun = jpo txz aabj rab
vuo = sue ablk hlp
vup = raq
vuq acoo acoq acop = wgu
vur acop acoo = kgu
vus acoo = btr
vut acop acoo = bto
vuu acoo = bzw
vuv acoo = apz old uzz
vuw acoo = pmj
vux = lii eu
vuy acoq acop acoo = ccd
vuz acoq acop acoo = lpb gdb
vva = pnd
vvb acoo acop = oes mzy fip
vvc = fdd dlm
vvd acoq acoo acop = xih
vve acoo = vsm
vvf acoo = zxs xid
vvg acop acoo acoq = pbx lk gic
vvh = dxm abev
vvi acop acoo = lud
vvj acoo acop acoq = ubb uze upr msv
vvk acoo = lmm
vvl acop acoo = lzy boq
vvm = cub efa
vvn acoo acop = fqx
vvo acop acoo = ehv
vvp = zuf nzq fgr lux
vvq acoo acoq acop = iik
vvr acoo = sdw
vvs = gbk
vvt acoo = noa
vvu acoo acop = yhb
vvv = amc san
vvw acoo = prh
vvx acoo = ykm
vvy = iku bwg dxu xsn ici
vvz acoo acop = iae joo eeo
vwa = iie xvg nlg
vwb acop acoo = sba
vwc acoo = aapp acod ary
vwd = pme
vwe acoo = mny
vwf = pqj cs yqc
vwg acoo = nia
vwh acoo = usz hsx
vwi acoo = gba
vwj acoo = bdq
vwk acop acoo acoq = ahq yso utq
vwl acoo acop = ebv
vwm = blj
vwn acoo acop = rea je
vwo acoo acop acoq = wfx wiz cra
vwp acoo = svt
vwq acop acoo = haa
vwr acoo = aani aawu acia
vws acop acoo = bsv
vwt acop acoo = xfi luo
vwu acoo = ufx
vwv acoo acop = una
vww acoo = qyg ynk
vwx = qum
vwy acoo = nhs qdk ask hff
vwz acoo = bee
vxa = rzm
vxb acoo = kuz izb
vxc acoo acoq acop = abyu
vxd = jwg eky
vxe = aak oqs
vxf acoq acop acoo = tbp hef aavk
vxg = aake
vxh acop acoo = uxt dzi
vxi acoo = qgl
vxj acoo acop acoq = emv
vxk acoo acop = gti whx
vxl acoo acop = qji hvh
vxm acoo = oi ogn
vxn acop acoo acoq = pqu
vxo acoo = moz
vxp acoo acop = rnb
vxq acop acoo = hwl
vxr = cvi ucf flg pmq
vxs acop acoo acoq = mrv aapy uxm
vxt acoo acoq acop = hss gxr
vxu acop acoo = gv
vxv = aadi hms ho
vxw acop acoo acoq = riy yvz
vxx acoo = ebi ppn foy
vxy acoo acop acoq = xfe cig fwo
vxz acoo = lji nap sxf goj fel
vya acoo = pwl
vyb acoo = oze
vyc acoo = aagz
vyd acop acoo = wik lah
vye acoo acop acoq = znm noc
vyf acop acoo = xpn
vyg = wuf
vyh = xil
vyi acop acoo acoq = qah
vyj acoo = iwl htv hrb
vyk acoo acop acoq = axr
vyl acoq acoo acop = lyj
vym = kun
vyn acop acoo = ydd
vyo acoo = bcv
vyp acoo acop = bej pop pqr
vyq = acdp abms dmu pfs
vyr acop acoq acoo = ofu
vys acoo acop acoq = crb
vyt acoo acop = mxe
vyu acoo acop = iiy abql tcu
vyv acoo = gqo aatw
vyw acop acoq acoo = abti
vyx acoo acop = bxo ptr qb
vyy acoo = xlv
vyz acoq acop acoo = absf
vza acoo = dtl
vzb acoq acop acoo = bji nrf fex hlz jjc
vzc acoo = aciz prp
vzd = ker ens ugn kwl
vze acoo = bly poj npo jna
vzf acoo = rzw
vzg = auo vrc pzp
vzh acop acoo acoq = hub
vzi acoq acoo acop = gki
vzj = acdq
vzk acoo acop = lif aaid tqs gbs
vzl acoo acop acoq = yly
vzm acoo = xjl ekj aa oys
vzn acop acoo acoq = aasf
vzo = djc
vzp acop acoo = qqb
vzq acoq acoo acop = hgj wcr xbg aawh foj
vzr = tnx
vzs acop acoo = uwp ppy
vzt acoo = dwh (frr vhi esf)
vzu acoo acoq acop = abvj evy
vzv acop acoo = arq
vzw acoo = pqb
vzx acop acoo = lur goi kma
vzy acoo = wow osu
vzz acop acoo acoq = bww
waa = hlz ent
wab acoo acop = ogf (itf rix)
wac acoo acop = toe npi
wad acop acoo = vhj
wae acoo acop = kzl
waf acoo = cfd zjw
wag acoo acop acoq = vnn jzp rkz
wah acoo acop = zqq
wai acoo acop = yil pvk skp
waj acoo = qtb rwa acaq
wak acoq acop acoo = pwy
wal acoq acoo acop = ruh dsc ryr gbs
wam acop acoo = jyb
wan acoq acop acoo = ved
wao = npv yuo
wap acoo = vfe acof mdm
waq acoo acoq acop = zsq
war acoq acoo acop = cmj jsd
was acoq acop acoo = gvl iwd
wat acoo acoq acop = vqm
wau acop acoo = shp wal
wav acoq acoo acop = ile mfh
waw acoo = ywh
wax acop acoo acoq = nhh
way acop acoq acoo = dnd wgi
waz acoq acop acoo = abol
wba = vqg eej pry tmc
wbb acop acoo = iyt
wbc acop acoo = lc
wbd acoq acop acoo = itr
wbe = hu
wbf acop acoo = kgy
wbg acop acoo = fin ema diw
wbh acoo = day tcf ttf dfk
wbi acoq acoo acop = ylh
wbj acoo acop = pyb
wbk acoo = aabx
wbl acoq acop acoo = bxi
wbm acoo = rcx abbq pkj
wbn acop acoo = cdq
wbo acop acoo = rvq
wbp = kui qij kst
wbq acop acoo = ygq
wbr = hwl
wbs = taw aapm
wbt acoo = ulu tpn
wbu acop acoo = anm
wbv acoo = gyd abao
wbw = usr fc
wbx acoo = uvr
wby = bio rai ija
wbz acoo = es urh xvz mkg
wca acop acoo = ezz pmp bak
wcb = uod yhw rpa
wcc acoo = zdc
wcd acoo = baf pjy gb kit
wce acoo = abzk
wcf acop acoo = efl
wcg acop acoo acoq = un
wch acoo = abdd
wci = ylx wjr
wcj acop acoo = ptd
wck acoq acoo acop = mkj iuj
wcl acop acoq acoo = kgs
wcm acoo acop = tjc
wcn acop acoo = paf
wco acoq acop acoo = nqh
wcp = dcm mwj
wcq acoo = iui
wcr acoo acop = rsg lno
wcs acoo = abiw njn
wct acoq acop acoo = jfn
wcu acoo = pqn
wcv acoo acoq acop = wxv
wcw acop acoo = abnd gss vlf
wcx acoo = dyh
wcy = pep
wcz acop acoo acoq = uki
wda acoo = aaer
wdb = fti blt xw obk
wdc acoq acoo acop = pzt ohc qjk
wdd acoq acoo acop = nqf juk ekc
wde acop acoo = gcw
wdf acop acoo = upm eft (hxb jru)
wdg acoo acoq acop = jqx
wdh = ouw
wdi acoo = fdo jyi
wdj acop acoo acoq = xpv
wdk acop acoo acoq = cuz
wdl acoo = lz
wdm acoo = jeo
wdn = hmn
wdo = npc
wdp acop acoo = izh
wdq acoo acop = jv hii kbi
wdr = nhr
wds = wi
wdt acoo acop acoq = vcl
wdu acoo = uoe kzt
wdv acoo = jek nlk acdj yei fol
wdw acoo = wpi
wdx acop acoo = fgh
wdy acoo = uyv
wdz = abkn unc abkd bkn
wea = ksa
web acoo acop = xjs
wec acoo acop = esr
wed = xaj
wee = hzr vhm
wef acoq acop acoo = mtf gvy
weg = ruw vbx lbp aqw acef
weh acoo acop = aceo ttp
wei acop acoo acoq = abgp
wej = gqh
wek acoo acoq acop = jnb eoh tgl yig abjc
wel acoq acoo acop = by glv aqm
wem acoo acop = abjt
wen acop acoo = mds (nni uhv)
weo acoo acop = jhd
wep acop acoo = nem
weq acop acoo acoq = tet jfy
wer acoo = sb
wes = ycz nam hap iyn
wet acoo = faf
weu = ojn gxq ujj
wev acop acoo acoq = ccw xfg
wew acop acoo = pxc qbc
wex = wbi bbe rvw jll fuc
wey = izv
wez acop acoo acoq = kco
wfa acoq acoo acop = acgv
wfb acoo = tcg
wfc acop acoo = pun awf
wfd acoo = vig
wfe = fzn
wff acop acoo = bdz dsw vro
wfg acoo = jeg
wfh acoq acop acoo = zvc
wfi acop acoo acoq = msz
wfj acoo = fyi
wfk acoo acoq acop = ssj
wfl acop acoq acoo = mpe
wfm acoq acop acoo = ipt
wfn acoo = dsq lk
wfo acoo acoq acop = lyq ghb aef ytn
wfp = aaea ivo
wfq acop acoo = irp
wfr acoo = abrf
wfs = cxw cge
wft acoo = tet
wfu acoo = txa
wfv acop acoo = yta
wfw acoo = tdy ulo
wfx acoo = nss
wfy = jom
wfz = zmf
wga acop acoo = qqd wdf nwk
wgb = sps
wgc acoo = cgh hoc cuq nde
wgd = irm
wge acoo = lor giy
wgf = qyv zcq gvt koj
wgg = bqa
wgh = xjz lkp hck
wgi acoo acoq acop = dec knw ogk
wgj acoq acop acoo = lqr
wgk = rea
wgl acoo = zxq
wgm acoo acoq acop = cfm aes
wgn acoo acop = oba
wgo acoo acoq acop = npr ezk aadw
wgp acop acoo = frh
wgq acoo acop = ybz ghv
wgr acoo acoq acop = mif vvo tbr tjc abx
wgs acoo = rbl kay ula
wgt = abzg zjf
wgu acoo = za
wgv acoo = izs
wgw = wii
wgx = cuv
wgy = grq acjo
wgz = vsj
wha acoo = jcz
whb = kgj ygu
whc acoo = aae
whd acop acoq acoo = yew
whe acop acoo = fvx
whf acoo acoq acop = edh mzw svj
whg acoo acop acoq = ksn
whh acoo acop = abrw jrp
whi acoo acoq acop = fvv
whj acoq acoo acop = fpd
whk = fut nnl
whl acop acoo = kl
whm acoo acop = abib opu
whn acoo acop = xaz
who acoo = hbr
whp = aatb
whq acoo = kdb bgk mke bqd
whr acoo acop acoq = lbv czo
whs acoo acop = akn sxb
wht acoq acoo acop = oex
whu = qtp
whv acoo = abc vbs
whw acoo acop = pjt chn aauf
whx acoo = brb
why acoo acop = for szg oyg qft snh
whz = ztl od hrx
wia acop acoq acoo = pee
wib = thr tnc
wic = kbj hzu rsg
wid acoo = udv flw mjp
wie acoo = nhi abd rgp
wif = fvv
wig acoo = myq qqr
wih acoo = ptr
wii acop acoo acoq = vwt tdj zj
wij acoq acoo acop = yyu klx fzn
wik acoo acop = vli pqw
wil acop acoq acoo = psw
wim = wgn
win acoo acop = abfw
wio acoo = syd oyi
wip acoq acop acoo = vi
wiq = waf
wir acoo acop acoq = abms
wis acoo = ocf
wit acoq acoo acop = nhy
wiu acoo acop acoq = esx kog rrk
wiv = tjl
wiw = svj
wix = jhd
wiy acoo = qul zma bdu
wiz acop acoo = xpr xgo
wja = vot qky
wjb acoo acop = fzo
wjc = dkg
wjd acoo = tei ieb
wje acoq acop acoo = qhv
wjf = eeq
wjg acop acoo = hyk
wjh acoo acop = szm fcp
wji acoo acop = abbj nlc omo
wjj acop acoq acoo = awo bxf
wjk = hcb ahx bje
wjl acoo = eeb
wjm acoo acop = biz ufw rzq ipr
wjn acop acoo = ch
wjo acoo = aanw awn etq
wjp acoo = acla
wjq acoo = lrc oh
wjr acoo acop = aazr
wjs = jpx
wjt = ycu kkq jec tgv
wju acoo = ofp gza
wjv acoo acop = vug
wjw acoq acop acoo = akt
wjx acop acoo = ged jyw xkw
wjy acop acoq acoo = odt
wjz = jku
wka acoo acop = fad
wkb acoo = hnn
wkc acop acoo = zv
wkd = wnx
wke acop acoo = zeu
wkf acop acoo = ckl aatp okm
wkg acoo acoq acop = bjh
wkh = wgp
wki acoo = old stf ocw anu
wkj acoo acop acoq = tpt
wkk acop acoq acoo = pqt jrq
wkl acop acoo = aazf vre
wkm acoo acoq acop = djy
wkn = vwn
wko acoo acop = abpo
wkp acoq acop acoo = hhq
wkq acoo = uwj
wkr acoo acop = sud
wks = xfg
wkt acoo acop acoq = ka hby
wku = wps sww
wkv acoo = gp
wkw acop acoo = ppf
wkx acop acoo = fxa abgq mzo
wky acoo acoq acop = abkw
wkz = ami unz
wla = obz
wlb acop acoo acoq = rqe
wlc acoo = evz
wld = dav
wle acop acoo = div
wlf acop acoo acoq = yli
wlg = zoy
wlh acoo = bsj abax khy kpq rte
wli = ycu elb ycg
wlj acoo acoq acop = zec
wlk = mhh bua cxd
wll acoq acoo acop = aabq ydf
wlm = nsl
wln acoo = qia
wlo acoo = qgd ouh
wlp acoo = mqf edc
wlq acop acoo = zzd (cny zbj lur)
wlr acop acoo = ds
wls acop acoq acoo = pyc nsg
wlt = xee
wlu acoo acop = map vlw acmh scm dbz
wlv acoo = btx aaip
wlw acoo = jfy
wlx acoq acoo acop = vte
wly = zem kih qrx
wlz acoo = ire rhm exb
wma acoo acop = don lcq inc
wmb acoo = rrw
wmc acoo acop = xgr rnn jhg
wmd = vmz nly njl
wme acoq acoo acop = bnw nse
wmf acop acoq acoo = aja
wmg acoq acop acoo = tvd
wmh acoo = xsz
wmi = hfs kkn vnd
wmj = mgj inn
wmk = tgr
wml acoo = ylx
wmm = bwn qbl
wmn acoo acop acoq = oll eem
wmo acoo = nph
wmp acoq acoo acop = vdw giw
wmq acoo = rws udu
wmr acoo acop = amj exp fle
wms acoo = ifb lqz jkf
wmt = pcw tbb cr gai
wmu acop acoo = zra jxx ouq (jmu fbj)
wmv = ihi aboo ooz
wmw = nuz gqz
wmx acoo acoq acop = fqe ayq
wmy acoo acop = cl
wmz acoo acoq acop = gxb lvw vil
wna acoo acop = abzl
wnb acoq acoo acop = myi dvk
wnc acop acoo acoq = hnb
wnd = lsa fbb tbi
wne acoq acop acoo = jdc
wnf acoo acop = cex zcb mlt
wng acop acoo = wre jmy
wnh acoo = yfq
wni acoo = kcg pgw ezm
wnj acoo = krn epd aann pfa
wnk acop acoo = jex gsa
wnl = din zai jim gvm cry
wnm acop acoo = uzq nvh jgf cvp
wnn acoo = lgm
wno = bmg
wnp acoo acop = jtu
wnq = nwk aali
wnr acoo = cvb
wns acoo acop = fws kbh tca sty
wnt acoo = dxd
wnu acoo = dmx
wnv acop acoo = myl
wnw = agh
wnx acoo acoq acop = bnd asw hks
wny acop acoo = eos
wnz = hfi cwl ktg (bwq wxq)
woa acoo = xrn qdd
wob acoq acoo acop = acig
woc = acns ohn
wod acop acoo = pns
woe acop acoo = hpd
wof acoo acoq acop = qcg lyb mqu rry wmb
wog acoo = ky zzk hoo
woh acop acoo acoq = zcu pou yca
woi acop acoo = dwm abon msp
woj acoo = abtr ap wwj
wok = vyq
wol = rac zby
wom = cwz ebr
won acoo acop = zpd ttl
woo acoo = mxl
wop = wpy
woq acoo = iou
wor acoo = bxi
wos acoo = kdf
wot acoo acoq acop = lix lmx rwy
wou acoo = wuy
wov acoo = usa
wow acop acoo acoq = caw ohn
wox acoq acoo acop = abip
woy = fky abyi ztw
woz acoo = vvn fck map xfl kgh
wpa = lza
wpb = acp
wpc acoo acop = ziz mpo
wpd acop acoo = qbq
wpe = hjj
wpf acoo = oye
wpg acoo acop = nll
wph acoo = liu
wpi = yzt
wpj acoo acop acoq = wpe dlc bhu
wpk acoo = hge vfb (cbf uqt)
wpl acoo acop acoq = rvy
wpm acoo acop = zgt
wpn = oez
wpo acoq acoo acop = egv sks qqo
wpp acoo acop = duf brh xsf
wpq acop acoq acoo = ackz
wpr acop acoo = ngu acku cxy nhi aaxl
wps acoo acop = ntt gfm bqw
wpt = cwm
wpu acop acoo acoq = qfw (ndy xhr)
wpv acoo = bxm vkv abek
wpw acop acoo acoq = eqz vbj ygk ztl abhc
wpx acop acoo = ocb
wpy acoo = slm quj
wpz acoo = bps
wqa = itu otj fms
wqb acop acoo = elz
wqc acop acoo acoq = nge
wqd acoq acoo acop = ktk
wqe acoo = yna olw
wqf acoo = yeq tsx ayq
wqg acoo = hv
wqh acoo acop acoq = zmw
wqi acoo = rg
wqj acoo acoq acop = abqf
wqk = vej ckj
wql = mpw ghe
wqm acoo = tvw nvs xft
wqn = db (npw qsu abmt)
wqo acoo = mbz
wqp acoo = hyy kvk
wqq acoq acoo acop = fgb ftw elg
wqr acoo = aazz
wqs acoq acop acoo = dlq
wqt acoo = sxn njd
wqu acoo acop = aez uff
wqv acoo = frw wot blk
wqw = qwm jjt
wqx acoq acop acoo = umb
wqy = aka
wqz acoo = gp
wra acop acoo = bti xpx aces jgq ptg
wrb acop acoo acoq = ifr ggp abtk
wrc = zwu
wrd acoq acoo acop = fij lgg cef (acfk grc)
wre acoo = pab
wrf acoo = gou etk rlh beg rjk
wrg acop acoo acoq = qtw
wrh acoo acop = gfi
wri = mpv
wrj acoo acop = jxf mjs ggf
wrk acoq acoo acop = gka mly
wrl acop acoo acoq = myj bro noc abcf
wrm acoo = tye jct ebr
wrn acoo acop = abiu
wro acop acoq acoo = imc byp
wrp acoo acop = hgx
wrq acoo acop acoq = hdb
wrr acoo acop = aakf
wrs acoo = daq
wrt acop acoo = hke
wru acop acoo = qw otv fzn lrh
wrv acop acoq acoo = abdk
wrw acop acoo = nhf fbb
wrx acoq acop acoo = trn cek
wry acoo = uwk
wrz acoo = keu
wsa = vav acin ewn
wsb acop acoq acoo = kfd
wsc acoo acop = znx iyw
wsd acop acoo = ao aafl
wse acoo = ccn
wsf acoo acoq acop = lsl
wsg acoo acop acoq = oxd
wsh acoo = stu
wsi acoo = abja bxd rdx
wsj acoq acop acoo = dml
wsk acoo acop = byo kqt vjq
wsl acoo acop acoq = igj zxi vox bxu mol
wsm = oor
wsn acoo = acjk
wso acoo acop = lpv (wbp dwe)
wsp acoo = odi
wsq = yoa
wsr acoo acoq acop = tyv
wss acoo = xpg aafb nka
wst acoq acop acoo = gzg
wsu = btq the
wsv acoo = npe olq euu
wsw = mgw acol
wsx acoo = opx njo
wsy acoo acop acoq = vtb rmm
wsz acoo = wwc
wta = wxe
wtb acop acoo = khy
wtc acop acoo = wlb tii jjp kjx
wtd acoq acop acoo = ysa rmi
wte acoo = ffo
wtf acop acoo = abce vcl
wtg acoo = qxb
wth = fgs sov
wti acoo acop = vxl ymo ekd
wtj acoo acop = bbh
wtk acoo acop = acgf
wtl acop acoo = dkq aqk
wtm acoo acop = qsj cla
wtn acoo acop = zyu sow wcj qor
wto acop acoo acoq = ydy
wtp acoo = cqa
wtq acop acoo = oca
wtr = gwg qis
wts acoo = yfy
wtt = swi urc
wtu = lhz
wtv acoq acoo acop = jwh
wtw acoo = jyq
wtx acoq acoo acop = wus smw zrx
wty acoo = qnp
wtz acop acoo = oj cyr
wua acoo = uvf abde dxn lxl
wub acoo = mxe
wuc acoo acop acoq = jnb dcm
wud acoo acoq acop = miv
wue acoo acop = wkl
wuf acoq acoo acop = akl cdf vpl uim acaz
wug acop acoq acoo = ngq kke tfv
wuh acop acoo = unr gj
wui acoo acop = qlj roc plh
wuj acop acoo acoq = ynm
wuk = mh
wul acop acoo = ykg lta
wum acoo acop acoq = kw
wun acoo = typ uiu
wuo = qbk
wup acoq acop acoo = plr bnx htq hfz
wuq acoo acoq acop = yfb
wur = hmf cnf aamz
wus acoo = goe
wut acop acoo = nsa
wuu acop acoo = bux
wuv acoo = vc fnv ggn aaqa
wuw acop acoq acoo = uge zcq f pwe
wux acoq acop acoo = gky kmh pwq
wuy acoo = gmi
wuz acoo acop acoq = lew
wva = juh nzy lrr
wvb acoq acop acoo = frg fyi xql
wvc acoq acop acoo = hol
wvd acoo = esi
wve acoq acop acoo = iij
wvf acoo = fvg
wvg = aaph
wvh acoo = fqo
wvi = cwh
wvj acoo = vtb
wvk = wlx
wvl acoo = wnx
wvm acoo acop = zba
wvn acoq acoo acop = abbh jkc
wvo acoo = qcy gfl muo dfd
wvp acop acoo = aarf
wvq acoo = hxb xec
wvr acop acoo = acau iyx
wvs acoo = mgk kgk pqm
wvt acoo = sve
wvu acoo = kr frm aaoo vdl ujh
wvv acop acoo = bi oyv fsn
wvw = uub kpg ezo
wvx acoo acoq acop = ond odt
wvy acoo = rbc pv bzq
wvz acop acoo = ijy
wwa = wub
wwb = nxs spy
wwc = hcy axz
wwd acop acoq acoo = jlb
wwe acoo = aaya ryh psb
wwf acoo = opw
wwg acoq acop acoo = azo
wwh acoo = etk crn kzt
wwi = pkb
wwj acoo = rph abbc udf aayd
wwk acoo = lzw des
wwl acoq acoo acop = enr sv
wwm acoq acoo acop = irj yrk usa qub yfi
wwn acop acoo = fyg
wwo acop acoo = web
wwp acoo acop = tra
wwq acoq acop acoo = aagu
wwr acoq acoo acop = aagw
wws acoo acop = bcy
wwt = zfy qev
wwu = kjr esr qcg
wwv acoo = vis
www acoo = mtv hjm (idd col)
wwx acoo = ofb rif aazj cbb
wwy acoo = bai
wwz acoo = ooi
wxa acop acoq acoo = ity
wxb acoq acoo acop = kjy ojq dof vpx
wxc acoo acop = jzf ngw jla okl
wxd acoo acop = cxo
wxe acoo = iqs nhu acgs
wxf = fhq vg arm pvs
wxg acoo acoq acop = vbc hbe
wxh acoo = fjs qld
wxi acoo = elg mbh ndq
wxj acoo acop acoq = dgf apg
wxk acop acoo = ekq
wxl = lar qtc
wxm acop acoo = ocn
wxn acoo acop = xbl abxc bql
wxo acoo = zmv
wxp acoo acoq acop = tvm mrw
wxq acoo acop = cqq aarf jyb
wxr = ez zz
wxs acoq acoo acop = tzd abtl
wxt acop acoo = nui (zzh rvm) abip
wxu = flj
wxv acoo = zef pbh dor ham
wxw = aben oto
wxx acoo acop = dxu
wxy = iwz
wxz acoo acop = oaj abih
wya acoo = pbt
wyb acop acoo = gry yxm
wyc = abhm
wyd acoo = cjt
wye acoo acop = ydr kqw jro jkb
wyf = fox sn
wyg acop acoq acoo = gyg cko nqc
wyh acoo acop = tzz
wyi acoo acop = pgz tkk
wyj = syg
wyk acop acoo = mgc
wyl acop acoo = fqd
wym = cix nmo lps lod
wyn acoo acop = vql
wyo acoq acop acoo = lfw
wyp acoo = zqm
wyq acoo acop acoq = egv
wyr acoo acop acoq = zop (iap pwq oxi)
wys acoo acop acoq = gxc
wyt = eyd tlh ap tro
wyu acop acoo = hzq
wyv acoo acop = muy jcf rgu
wyw acoo = lwb dav
wyx acoo = emy jjy mls
wyy acoo acop = hvh
wyz acop acoo = xre
wza acoq acop acoo = tcd xge
wzb acoo acop acoq = wof
wzc = hkz pao sgu
wzd acoo = hfw
wze acop acoo = ia
wzf acoq acoo acop = ezh oed
wzg acoo acop = esq
wzh acoo = swf hlv aagw
wzi acop acoo = ffd nox abql lbq
wzj acoo acop = hp
wzk = gtc
wzl acop acoo = mgh
wzm acoo = xux ujp
wzn = euy
wzo = blo fkg aoa
wzp acoo acop = hat
wzq = efo nux
wzr acoo = kls aajk ibd
wzs acoo acop = acoi
wzt = nrm (zos yxk)
wzu = jua cow
wzv acoo = ayl wzw wzf hcr zll
wzw = oyu aasp oaz
wzx = jcf
wzy acop acoq acoo = keb zil
wzz acoo acop = qae
xaa acop acoo = wnk
xab acop acoo = lnw acft (uif aakr qlm)
xac = mzf
xad acop acoo = god zup tks szw
xae acoo = gnh ups acln
xaf acop acoo = vle knb vvz
xag = mpa ixh ufi
xah acoq acop acoo = zhf
xai acoo = md wsr dwx
xaj acoo = sxg abwe
xak acop acoo = ahw fja
xal acoo acoq acop = aalv wnt ift iif sff
xam acop acoo = ost wld
xan acop acoo acoq = yon
xao acoo acop acoq = tpe
xap acoo = ozl opt ura zhb zhe
xaq acoo = acnv
xar acoo = jlg
xas = jlm asg dlh
xat acoo = cck
xau acoo = gpx ppd wnp
xav acop acoo acoq = aaqw ibq oso yqe
xaw acop acoo acoq = znl
xax = abeu mfo
xay acop acoo = rbp
xaz acoo = lxk (svx wwz wpl)
xba acoo = khe nsb jpv yrx
xbb acoo acop acoq = hly igj
xbc acoq acop acoo = mk
xbd = nou
xbe acoq acop acoo = eak
xbf acoo acoq acop = abdg
xbg acop acoo = jpy
xbh acoo = yxi abqe bua
xbi acoo acoq acop = kxl
xbj acoq acoo acop = lei
xbk acoo = lth
xbl acoo = ks
xbm = lpn
xbn = avj dkg dgn
xbo acop acoo = gel
xbp acoo = whf qhx qfq
xbq = wgf ivx ppw uiy
xbr acop acoo = tbj
xbs acoo = fpv ohp
xbt acop acoq acoo = uws ufs oof kbb qnt
xbu acoo = taj
xbv acop acoo = bdd
xbw acoq acoo acop = lnw anr
xbx acop acoo = bhn abpp nov uiv
xby acoo acop = lek
xbz acoo = bkg afs oro bwe yid
xca acoo acop = tll ibe ndd zef
xcb acop acoo = dra
xcc = fqp
xcd acop acoo = zao olb acgz
xce = lhn
xcf acop acoo = ixo
xcg acop acoo = syb fzo
xch acoo = hy ilr slv
xci acoq acoo acop = myd
xcj acoo = jmz ui afm
xck acop acoo acoq = wri aaq ocf
xcl acoo acop = lkc vye rvj
xcm acoo = kgn vf
xcn acoo acop = lxj
xco acoo acoq acop = sbo qgk hpl
xcp acoo = nal
xcq acop acoo = dlw
xcr acop acoo acoq = fzo
xcs = aou
xct = zae cuu
xcu acoo = nge
xcv acoo = mav xee
xcw acoo acop = jwr abp
xcx acoo = csg abyc
xcy acoo acop = fej
xcz acop acoo acoq = kke ycg
xda acoq acoo acop = jge mtr way
xdb = abqq
xdc = pws aaql
xdd acoq acop acoo = mgq
xde acop acoo = frk
xdf = qlv soe
xdg acoo = qbt
xdh acoo = ic oln
xdi acoo = wct tvk rle
xdj acoo = xeg utt ncm erd
xdk acoo acop = ywb
xdl = dfe
xdm acoo = abpg jcw
xdn acoo = dbx
xdo = bba
xdp = iqk
xdq acoo acoq acop = qxs bce
xdr acop acoo = ytp
xds acoo acop = ajr
xdt acop acoq acoo = gzq
xdu acop acoo = bds tsu abcj
xdv acoo = wru gnp
xdw = zlb
xdx acoo acop = fug
xdy = ond ikc
xdz acop acoq acoo = aauy jlu syl
xea acop acoo = rpa cyh grg dpw hkr
xeb acoo = zng
xec = moa
xed acoq acop acoo = qls
xee acoo = qxj pon
xef = vrg oyu (oqg ppb)
xeg acoo acoq acop = fja efu
xeh acop acoq acoo = con
xei acoo = ackp acav
xej acoo acoq acop = fek
xek acoo = pbp
xel acoq acoo acop = vkm rzq
xem = mln afd
xen acoo acop = art vou
xeo acoo = tnu avl
xep acoq acop acoo = aamq
xeq = czx aaod
xer acoq acop acoo = svl ttr wzb pqz
xes acoo acop acoq = ytt xbi
xet acop acoo = pqo hle afe
xeu acop acoq acoo = vqq (enj abfn)
xev acoo = tov vun
xew = nja
xex acop acoo = gyj zql mtp
xey = cxt
xez acop acoo = xob
xfa acop acoo = acgh
xfb acop acoo = uuf una
xfc acoo acop = ovx (sau eef)
xfd = ono pcn qtb
xfe acop acoo acoq = bae okj
xff acoo = kgg
xfg acoo = dhe jeo rqc gry fpo
xfh acoo = pmk
xfi acoo = gbg
xfj acop acoo acoq = zzx abvx cah ohl vmx
xfk = dxu gxf jie omg
xfl acoo acop = muz
xfm acoo = cfy
xfn acoq acop acoo = abas
xfo = uob bmt
xfp acop acoq acoo = itf bii
xfq acoq acop acoo = xgm
xfr acop acoo acoq = aa rhz
xfs acop acoo acoq = fkt (cf btt)
xft acop acoo acoq = hji vtn (hzi ugr)
xfu acoo acoq acop = ovy
xfv = wlm
xfw acoq acoo acop = xuj rhx oui abah
xfx = acno
xfy acoo acop = abxl
xfz acoo = xpa
xga acoq acop acoo = aakj fhr nwz
xgb acop acoo = rj
xgc acoo = abtc
xgd acoo acop = mnl
xge = ncq roy rbb
xgf acoo = cfb fzv
xgg = uga
xgh acop acoo = afa
xgi = aba sin civ yow
xgj acop acoo = alf qvi sho
xgk acoo = zeu
xgl acoo = rp
xgm acoo = vxc
xgn acop acoo = xok
xgo acoq acop acoo = bwq dey
xgp = bfh sus
xgq = kzk
xgr = hy nvg
xgs acoo = atw
xgt = pni
xgu acoo acop = abt
xgv = zuh heo
xgw acop acoq acoo = dnz lny
xgx acoo = huu
xgy acoo = xjg
xgz acoo acop = gwr akw rnl zvt abun
xha acoo acoq acop = inm
xhb acoo acoq acop = cxf
xhc acop acoo acoq = hcl
xhd acop acoq acoo = oca lwj
xhe acoo = prw aclg
xhf acoo = pca ro xjs
xhg acoo = gpc
xhh acoo acop = oin wck
xhi = nbd
xhj = jss
xhk = xj dbq orw art
xhl acop acoo = uxr sse fcv
xhm acoo acoq acop = lcf
xhn acoo = tst
xho = jkm
xhp acoo = kua ehu
xhq = cjc klu
xhr acoo = sfr (brh pfx)
xhs = jbr apg emr
xht acop acoo acoq = mxv im rhy jtk
xhu = hil cr pgz ygq
xhv acoo acop = hrm nwz wtl abfb
xhw acoo = npj
xhx = lli
xhy acoo = xzz
xhz acoo = sdp rej
xia acop acoo = ujt
xib acop acoo = rht yet ldy
xic acop acoo = qpc cvw hvy xjs
xid = nqk
xie acoo = vww lib zve
xif acop acoo = kci
xig = jje
xih acoo acop acoq = rx
xii = nwk
xij acop acoo = ppf
xik acoq acoo acop = unc bjk
xil acoo = oxy kiz
xim acop acoo = mzl poe
xin = uvf rcc
xio acoo acoq acop = ovw
xip acoo acop = aasl xxk
xiq acoo = yqr ndx spj ftv
xir acoo acop = nmu mlg cfe
xis acoo = ptc
xit acop acoo acoq = acoq aabu
xiu = yux cxx
xiv acoq acoo acop = qta vuw aayg
xiw = frf wvo
xix = gxi
xiy acoo = gln shy
xiz = qpy
xja acoo = abqm ndg
xjb acoo = pzf tnx rbn
xjc acoo acop = trb bje bmq kta rt
xjd acop acoq acoo = bcv
xje acoo = uaz juq abgt abdk xnw
xjf acoo = aaqg
xjg = mrh
xjh acoo acop = aeq
xji acoo = dzg
xjj = hqz ssk szt
xjk acoo = qgx xd foq jmg
xjl acoo acoq acop = ofb
xjm acop acoo = qgz
xjn acoq acoo acop = gee
xjo acoo acop = nqe qlo isj xey mlu
xjp acoo acop acoq = amt
xjq acoo = abad apn
xjr acoo = dqv
xjs acoq acop acoo = nyg abln
xjt acoq acop acoo = gwk
xju acoo acoq acop = lpn flh
xjv acoo = eif zjn qhk
xjw acop acoq acoo = qys
xjx acoo = sjg
xjy = unu
xjz acop acoo = jto wbs
xka = jco sns skf
xkb acoq acoo acop = aads
xkc = ovu enu
xkd acoo = ycf
xke acoo acop = oab
xkf acoq acop acoo = nny ksq (pwz pvr)
xkg = nkp pcp vmt
xkh acop acoo = jji
xki = jno
xkj acoo = nsf
xkk = apa ijf
xkl = epa vm
xkm acop acoo = oiu xcw
xkn = aavu
xko = otl
xkp = wwi axq seb
xkq = sap rzp mew
xkr acoo = ihp uma aahi
xks acop acoo acoq = joo
xkt acop acoo = re
xku = jfs
xkv acoo acop = atj
xkw = qft nfg bol
xkx = qwp
xky = qk vea
xkz acoq acoo acop = xmv
xla acoq acoo acop = aef
xlb = ick npy ydv hft
xlc = iop jyw gjd ktv
xld = kll qtb vaa
xle acoo = yhq
xlf acoo acop = ziy
xlg = oyp
xlh acoo acop = rba
xli acoq acoo acop = dte
xlj acoo = gll
xlk acoo acop = eme
xll = abch
xlm acop acoq acoo = rwx
xln acoo = tyf frg
xlo acoo acop = zio
xlp = vco
xlq acoo acop = tys cyj qxs
xlr acop acoo acoq = dnk
xls acoo = dao yuj
xlt acoo = ojl
xlu = rge
xlv acop acoo acoq = urx ide
xlw acoo = rts
xlx acop acoo = nzr (wkm ssz)
xly = qtw eln
xlz acoo = zbp
xma acoo = acll vjm aauo
xmb = xnb
xmc acoo acop = osa aauk
xmd acoo = ost
xme acop acoo = yoo huw
xmf acoo = gzb cvk uai
xmg acop acoo acoq = lrz
xmh = mrf ujp (tpm hsp)
xmi acop acoo = qgu
xmj = wga hsg dle dcv
xmk acop acoo acoq = ixy jnr qfj tct i
xml acoo acop acoq = acln
xmm acop acoo = kzz cuq
xmn acop acoo = pvw abtf
xmo acoo acop = vcj
xmp = zbm
xmq acoo acop = lji
xmr acoq acop acoo = ani
xms acoo = mls hzj gri
xmt acoq acoo acop = mrb
xmu acop acoo = mbo
xmv = ojg
xmw = air
xmx = hnk
xmy acoo acoq acop = krk ekr
xmz acoo = oxa eve
xna acop acoo = wan cxl
xnb acoo = lup
xnc acoo acop acoq = xvn qsw khn qql glz
xnd acoo acop acoq = olv
xne acoo = huo
xnf acoq acoo acop = ylk hgt aajs
xng acoq acoo acop = aws
xnh acoo = aaui jmb
xni acop acoo = abck tzw lff ttx nxh
xnj acoo = zo
xnk = rpf
xnl acoo acop = oib
xnm acop acoo = mrw
xnn acop acoo = zju
xno = coz
xnp = prt ogz obk
xnq acoo = rvb (akc eyj xzm) ifw
xnr acoq acop acoo = abw
xns acoq acop acoo = aol ncx qhz
xnt acoo = euj
xnu acoo acop = xnk
xnv acoo = hsk
xnw = hhp
xnx acoo = wva
xny acoo = lgy jde
xnz acop acoq acoo = lej mmn
xoa acoo acop = nj
xob acop acoo = rzz ebo
xoc = rox thx uwd
xod acoo acop acoq = pwt
xoe acoo acop = tcl (sos bnw)
xof acoq acop acoo = yxk gor ggy
xog = sim
xoh acoo acop = qlk jz
xoi acop acoo = abxe anr (nqu abyg)
xoj acoo = zvv
xok acoo acop = iip out vbq
xol acoo = xsl
xom acoo acop = nej
xon acop acoq acoo = wjj
xoo = sxs
xop acoo = iea
xoq acop acoo acoq = wmk
xor acoo = nzm
xos = lax tsl eyk cn
xot acoq acoo acop = jvw jyp jni
xou = rwq
xov acoo acop acoq = pit
xow = qsn nwa
xox acoo = imk
xoy acoq acop acoo = paz nui dts noh
xoz acoo = yak abfc
xpa acoo = srn
xpb = ecf
xpc acoo acoq acop = nrx
xpd acoo = wep ypo yqv mth
xpe acop acoo acoq = lau
xpf acop acoo = bij
xpg acoo = pfb plw isl fah
xph acoo acoq acop = ilz
xpi acoo acop = fi
xpj acoq acop acoo = aab
xpk = lde (ovm zlv) ukb
xpl = nav slm
xpm acop acoo acoq = tkz
xpn = rav
xpo acop acoo acoq = bus
xpp = uir zys vjs
xpq acoo acoq acop = ewp
xpr acoo = fad
xps acop acoo = miy
xpt acoo = uxd
xpu acoq acop acoo = btw kpc ejo fnw
xpv acoo = jsa jta mta
xpw acoo acop = zsz
xpx acoq acop acoo = zam
xpy acop acoq acoo = qil
xpz = twe zom dfx hou vxt
xqa acoo = jqg
xqb = nfp eec nox hmm
xqc acoo acop = uvo ife
xqd = wi xcu
xqe acoo = joe
xqf = ttz nim pqw
xqg = veq
xqh acoo = dne cae
xqi acoo = zkc yce dag anx atm
xqj acoo = abvm
xqk = lvd jcn
xql acop acoo = ekr
xqm acoo = tqh ery iqk
xqn = aceh
xqo acop acoq acoo = dje zhx pwy ysl
xqp acop acoo = fzn
xqq = nzq vmq giz
xqr acoo acoq acop = jyy
xqs acoo acop acoq = uqx
xqt acoo acop = mdw xqg
xqu acop acoo = aaca
xqv acoo acop = sb opf tkw
xqw acoo = ifq zev
xqx acoo acop = vvx qct
xqy acoo acop = acke dtu oas ouy
xqz acoo acop acoq = sxc oou knx
xra acoo = pkd
xrb = ttq aci qvh nh
xrc acop acoo acoq = mil dds qht wnr
xrd acoo = ablp kei
xre acoo = lqk yza
xrf acop acoo acoq = dbi
xrg acoo = lqh
xrh = aaec
xri acoo acop = uoj
xrj acoo acop = lki
xrk = kzo tnd thy ruh
xrl acoq acop acoo = mwa
xrm = ane
xrn acoo = mfp cwv dkt
xro = pzo ide whg
xrp acop acoq acoo = lfh
xrq = lik ixh
xrr acoo = vyk cvy
xrs acoq acop acoo = abuu njj awa aaqm
xrt = fhb
xru acoq acop acoo = qba
xrv = jbs lcc (ygj crp)
xrw = pdi
xrx acoq acop acoo = abyq qfy aaub bk
xry = ngg
xrz acoo acoq acop = ijg
xsa acoo acop acoq = y
xsb acoq acoo acop = rov
xsc acop acoq acoo = frt
xsd acoo acop = hxj
xse = wva
xsf = txl hne
xsg = pxw ubb jcq suh
xsh acoq acop acoo = vwz
xsi acoq acoo acop = fdt wdm
xsj acop acoq acoo = idj
xsk acoo acop = pnp
xsl acoo = pil gxs miy
xsm acoq acoo acop = rke uke zqm
xsn acop acoo = acba
xso = vcs dfb
xsp acoo = ldt
xsq = ytz
xsr acoo acop = ust err dpq
xss acoq acop acoo = vuc
xst acoo = hgw ebr
xsu acop acoo = fvf nko ril abjz
xsv acoq acop acoo = iyw vat
xsw acoo = zkd
xsx acoo = xlx
xsy = uko
xsz acop acoq acoo = skp
xta acop acoo = rdz vzv psb
xtb acoo = acdq iby aatq lvq
xtc acoq acoo acop = fcz fhq rla
xtd acoq acoo acop = quz (ruz uhc)
xte acop acoo = tkn sn vpe fdm so
xtf acop acoo = jyq jni
xtg acoo = dou
xth acoo acop = yre atu plu czg
xti = pow
xtj acoo acoq acop = lzq
xtk acoo acop = fcm (acno mfz)
xtl acoo = ddc nmc
xtm acop acoo acoq = htx uby wnl
xtn acop acoq acoo = ssn gkq tlt gng rje
xto acoq acop acoo = fcx uoe
xtp acop acoq acoo = hnq aho abzs
xtq acoo = eyl xcu phj nkd
xtr acoo acop acoq = nha
xts acoo acop = xxw
xtt = qeg mzo krd
xtu acoo = aawl
xtv acoo acop = wlk nel
xtw = ln
xtx acop acoo = ffu
xty = zfs
xtz acoo acop = yvd
xua acoo = yny tmt mie
xub acoo = ljd
xuc acoo = sim bgu
xud acoo acoq acop = znr
xue acoo = ukg
xuf acoq acoo acop = bnf
xug acoo = eju
xuh = aays
xui acoo = ihj
xuj acoq acoo acop = ztx zah aain
xuk acoo = ugr
xul acop acoo = gwg
xum = jdy yw aclf kon
xun acoo = ywo
xuo = xfu
xup acop acoo acoq = abfn
xuq = rpp nhp qrx mfr
xur acoo acop = vxq
xus = ept
xut = hzz ujf
xuu acop acoo acoq = nxq aanb
xuv = ohr
xuw acoo acop = acdz
xux acoo = ggh gpn
xuy acoq acoo acop = ral qtl ogb
xuz acoo acoq acop = gva liv
xva acoq acop acoo = aary
xvb acop acoo = gbz
xvc = ozp ohg fvm sar dfn
xvd acoo acop acoq = org phv
xve acoo acop acoq = xby acjr lul
xvf acoo = aclt
xvg = zvg
xvh = rfw
xvi = nye
xvj = vjl
xvk = emb
xvl acoo acoq acop = fhr ylv nhj nvk
xvm = je (tsr aaso)
xvn = vcr kff
xvo acoo = zz txx uzj
xvp acop acoq acoo = aawt
xvq = wvb aakg
xvr acoo acoq acop = tuw vpq
xvs acoo acop acoq = pmw
xvt acop acoo = gru
xvu = mye ppe zf wbh vip
xvv acoq acoo acop = gex
xvw acoo = bux kxk
xvx acop acoo = yhp abpv zgs avi
xvy = xlm
xvz acoo acop acoq = low veg cua qvf
xwa acoo = shm
xwb = wzz
xwc acoo acop = aada xuu lsc ppt
xwd = ked accv ahv
xwe acoo acop = bzl acjf
xwf acoo = abvb gyd tgo
xwg acop acoo acoq = pix
xwh acop acoo = jof
xwi acoo = skk
xwj acoo = yot ost
xwk acoo acop = xcx (fjd qgb)
xwl acoo = abzi scy hfv
xwm acoo acop = ojs
xwn = abgr
xwo acoo = rno
xwp acop acoo = zql
xwq acoo acop acoq = awt eer
xwr = vww igp
xws acoq acoo acop = uze akm qbo
xwt = eim tuj
xwu = bka ddh tkd
xwv acoo = uhr wys jqe (eit jqj)
xww acop acoo = gns
xwx = ply
xwy acoo acop = sdy
xwz acop acoo = jwu
xxa acoo = uci
xxb acoo acop = uro glp aaxy
xxc = ogu
xxd acoo = aj
xxe = fhc grd jch
xxf = syt
xxg acoo = ein
xxh acoo = ldb
xxi acoo acop acoq = fut
xxj = m fvy
xxk = abdb tgo
xxl = nvr
xxm = lue shg
xxn acop acoo = tp
xxo = kzx gvh gha rbm
xxp acoo = ja uwq
xxq acoo = grx
xxr acoo = ygb pds bmf
xxs acoo acop = vvo
xxt acoo acoq acop = mom
xxu = brt kyb
xxv = gjp
xxw acoo = edr gq aqa cpv
xxx acoo = lqi aavc
xxy acoo acop = cvp nnp zqq xvi abts
xxz acoo = uyf
xya acop acoo = qso
xyb = jpv
xyc acoo = rmp
xyd acoo = qku
xye acoo = pku
xyf acoq acop acoo = hxj ivr rlz
xyg acoo acoq acop = uvl awb
xyh acoo acop acoq = ftw
xyi acoo acop = xut
xyj acoo acop = ytt
xyk acoo = acoc
xyl acoo = ckn
xym acoo acop = uwu jaq fvc gyc
xyn acop acoq acoo = lsh
xyo acoo acop = ver mtj
xyp acoo = egr fj nea
xyq = qbc dcr
xyr = tlh
xys acoo acoq acop = gkh zfb
xyt acop acoo = gov efx
xyu acoo = y chg
xyv acoo = olx tsa
xyw acop acoq acoo = ejs
xyx = anq lf glc hwn
xyy = trj gxi eqb
xyz acoo acop = hxc
xza acoo = abaw ubo oga hkv
xzb = gjo
xzc = dis
xzd = mqq ymi
xze acoo acop = acfv
xzf acoo = xhl ahc (sla bty)
xzg = fzz mqt
xzh acoo = jeh bvt pan btf
xzi acoo = roo
xzj acoo acop = apy abnr pgp
xzk acoo = aaez
xzl acoo = ejj
xzm acoo = qzu
xzn acop acoo = fzx
xzo acoq acop acoo = vdw
xzp acoo acop = q
xzq acoo = mke acmc
xzr acoo acop = ubs
xzs acoo = xmm
xzt acoo acoq acop = prt wxv
xzu acoo = nir
xzv = veg
xzw acoo = onk ago
xzx acop acoo acoq = rbu
xzy acoq acop acoo = juq
xzz acoo acop acoq = vvr jhs gmi ink
yaa acoo acop = oyn aawt
yab acoo = ubd zga zme ksr
yac acop acoq acoo = nca
yad acoo = lmm
yae acoo = mmi
yaf = jsd
yag acoo acop = uwj nfo
yah acoo acop = mvb iou
yai acoo acop acoq = zkj dcg nzu
yaj acoo = tym eag
yak acop acoo = ifs (ttb hpi)
yal = nbs
yam acoo acop = mpx
yan acoo acop = noi ibi
yao = efn bwa
yap acop acoo = aajv
yaq acoo acop acoq = dql
yar acoo acop acoq = zbi
yas acoo = klg
yat acop acoo = snc
yau acoo = cqo
yav acoo = rqy asl
yaw acoo acop = knm xhn
yax acop acoo = aahv
yay acoo = yka xhq kde und
yaz acop acoo acoq = twu
yba acop acoo = abaz
ybb acop acoq acoo = xyi thq
ybc acoo acop = fxn blq dev aavw
ybd acoo = xke
ybe = rfd kpo
ybf acop acoo = sv hbt (slg btq)
ybg acoq acop acoo = ugn
ybh acoo acop = iyr utu jzl yyq
ybi = jtv (abfm kj)
ybj acoo = ytj ixm
ybk acoo = cgv (hth owf)
ybl = bvh
ybm = acmg dak
ybn acoo acop acoq = hzt srd kvy
ybo acoo acop = xdr qar
ybp acoo = crv yje
ybq acoo = kqp
ybr acop acoo = hwc fsf
ybs acoo acop = gjn
ybt acop acoo acoq = yym mtt
ybu acoo acoq acop = job
ybv = zgp
ybw acoo acop = sds dat
ybx acoo acop acoq = psj tns czb rvb
yby acop acoo = qch
ybz acoo acop = kbn
yca acoo = aasy xsy
ycb = voy qyg
ycc acoo = gja
ycd acoo acop = cfh
yce acoq acop acoo = lrj aayo hqm
ycf acoq acop acoo = brf rpg
ycg = cex
ych acoo acop = pap mfm ewq
yci = ako
ycj acop acoo = lbd
yck acoo = ldf pyq twg (xwn zs)
ycl acoo acop acoq = kml urx
ycm acoo acop acoq = ivw ikx kao
ycn acoq acop acoo = jgm vdy
yco acoo = abde xwh (fgy rhu)
ycp = zkc rc
ycq = juu zal qsj
ycr acoq acop acoo = dmf
ycs acop acoq acoo = ablc
yct acoq acop acoo = bzr
ycu acoo acop = rbi
ycv acoo = fns
ycw = vyu
ycx acoo acop = dhu bjh llm hzo fis
ycy acop acoo = nwy trl bww
ycz = acll
yda acop acoo = adm
ydb acoo acoq acop = gpr qhh gsy
ydc = aboz
ydd = bdq
yde = knu uee vtz fuc trn
ydf acoo acop = lzk
ydg acoo acop acoq = mub
ydh = koh lpy ypy acnl
ydi acop acoo = jfr mji kae
ydj acoo = aayj
ydk acop acoo = kmx
ydl acoq acoo acop = ugb
ydm acoo acop = zmj
ydn = lhh cdr iuf (vgs kyd)
ydo acop acoq acoo = abki
ydp = ggh abra aasd hcm
ydq acoo acop = boa fa
ydr = aatn vzp
yds acoo acop = rug obn yuh
ydt acoq acoo acop = fs
ydu = pmn abqa
ydv = mtf
ydw acoq acop acoo = dar cwu
ydx acoo acop = ko
ydy = xgc
ydz acoo = rta
yea = ik fsq xws
yeb acoo acop = roa kzm cj
yec acop acoq acoo = t gyw
yed acop acoo = tud sym
yee acoo acop = xou jsk
yef acoo acop = ehf ivl guf
yeg acoo = aob ghy
yeh acoq acop acoo = ppq bhc
yei acoo acop = gah coo qhk siz
yej acoo acop = acoo
yek acoo = kxs tms pvz
yel acop acoq acoo = hnt aahp fbe
yem acoo = yyp
yen = azo
yeo acoo acop acoq = ptl
yep acoo = pcs
yeq acoo acop = yxk fco
yer = tnl
yes acoo acop = gvr kip kpq
yet = iau gjb iej
yeu acoo = bqs
yev acoo acop acoq = abry
yew acoo acop acoq = vzx pjm
yex acoo acop = xeo fnq aatr
yey acoo acop = ami
yez acoo acop = jqc
yfa = ozd vuc
yfb acoq acoo acop = hly
yfc acoo acop acoq = tfz jzx kas
yfd acoq acoo acop = iec du pfp mpq
yfe acoq acop acoo = ita
yff acoo = haw znj gtf
yfg acoo = hrh ooz
yfh = wpm jqf
yfi = zqx
yfj acop acoq acoo = zju
yfk acoo acop = ubn avh vzm
yfl = ebt
yfm acoo = ygv vcx
yfn acoo = pje
yfo acop acoo = ksh aatb abqv
yfp acop acoo = nqs
yfq acop acoo acoq = zqt
yfr = mel abho jdk
yfs acoo acop = kys kwz
yft = eco
yfu = cuy bqi
yfv acoq acoo acop = nxc
yfw acoo acoq acop = ivp
yfx acoo acop = fij ctu
yfy acop acoq acoo = kqg xmg mfo
yfz = htt gxl nf
yga = abq yjc
ygb = uno
ygc acoo acop = kfm
ygd = ltx
yge acoo = lkf uxn
ygf acop acoo = eod
ygg acop acoo = ohs
ygh = abrc cdt hrd
ygi = eru
ygj acoq acoo acop = rtk
ygk acoo = sxl fpq
ygl acoq acoo acop = eau iya vat
ygm acoo = abrz
ygn acoo = zwa
ygo acoo acop acoq = ecf
ygp = cyp
ygq acoo acoq acop = ruc
ygr acop acoo = tbm aana hhe
ygs = pqs
ygt acoo = acmo wow yjs
ygu acop acoo = enk hsr nss
ygv acoo acoq acop = nit
ygw acoo = lww
ygx acoo = rjh hyu
ygy = cif
ygz acoo acoq acop = mnc
yha = jte sjq xuz
yhb acop acoo acoq = fp
yhc acop acoo acoq = wqg aara
yhd acoo = jfn
yhe acoo acoq acop = ukm
yhf = qfw kzc iac
yhg acoo = vza gov
yhh acop acoq acoo = ghf
yhi = xns acde
yhj acoo acop = qla evu rhs zmb
yhk acop acoo = knc zsn
yhl acop acoo = ywb stn
yhm acop acoo = ykg
yhn = rzu luz
yho = aym sjg
yhp acoo = abvz
yhq = bkw
yhr = kww
yhs acop acoo acoq = cwk
yht acop acoo acoq = thd dsg epf
yhu acop acoo acoq = sdq
yhv acoo = sfl
yhw acoo acop = acfg
yhx acop acoq acoo = etn
yhy acop acoq acoo = hzf
yhz acop acoo acoq = ajs mxm lks
yia = dtq
yib acoo acop = aua
yic acoo = hns bjw
yid acoo = xy
yie acoo acoq acop = gmy fmc
yif acop acoo = ece wzb
yig = rit zwc pjw
yih acoo acop = aaly
yii acoo = dpk
yij acoo acop acoq = pgc
yik acoq acoo acop = bjy
yil acoo = qyy abls
yim acop acoo = foh bqu dzt
yin acoq acoo acop = jqh aaef tns
yio acop acoo = emr
yip acoo = zop pos wcy bwn
yiq = aa
yir acoq acop acoo = aazu ryp atv
yis = evv
yit = rgr
yiu acoo acop = pqw dad aaxe
yiv acoo acop = qhz aaqu
yiw = bix
yix acop acoo = myl vgt mxy gjd
yiy acop acoo = sim
yiz acoq acoo acop = abnn
yja = ar
yjb acop acoo = se wt osv
yjc = fdb sbj
yjd = hyb wni
yje = zpt ava
yjf acoq acop acoo = mip nlv atf swq
yjg acop acoo = wal
yjh acoq acoo acop = fm
yji = ruv rts
yjj acoq acop acoo = gbj kiv tp
yjk acoq acop acoo = zow xco
yjl acoo = jrz zvx
yjm = vyq
yjn = gtl
yjo acoo = gdc aeo vvj
yjp acoo = vhv jih zus vdc
yjq acoo = sgu
yjr acoo = acey
yjs acoo acop = qh ll
yjt = wqh
yju acop acoo acoq = piq yfu kas
yjv acop acoq acoo = lyu
yjw = lnw ouo wno
yjx = sme
yjy acoo acop acoq = bhg
yjz acoq acop acoo = acop
yka acop acoo acoq = say vxf
ykb acop acoo = aafm
ykc = cya
ykd acop acoo = cdp kap
yke acoo = rvs abhp
ykf acoo = ssq aawf
ykg acoo acop = jid
ykh acoo = zj jch
yki acoo = dnn dfe qxr
ykj = mrz
ykk acoo = blx
ykl = xwm cav
ykm = ewy
ykn = pfr gmc
yko acop acoo = zgc
ykp = era
ykq acoo acop = qas
ykr acop acoo = zcx
yks acoo acoq acop = ablf hgl ackj
ykt acoq acop acoo = ppk stw ims
yku acop acoo = dwf
ykv acoo = nhi
ykw = bcd otb
ykx acoo acop = acfd vrl oae hno evz
yky acoq acoo acop = tzk
ykz acoo acop = acad
yla acop acoo = jhv
ylb acop acoq acoo = gmf
ylc acoo acop = djb
yld acoo acop = meh xwm rfr ikj
yle acoo = gtl kct byf
ylf = zzv
ylg acoo acoq acop = abd
ylh acop acoo = zbo wyo vrz (cxi aasw)
yli = iqo mcj
ylj = ceh
ylk acoo = yzg
yll acoq acoo acop = dea
ylm acoo acop = acmd fhu pko
yln acop acoq acoo = bjv tgh (ijy pyu) aala
ylo = ocq
ylp acoo acop = mwa
ylq acoo = tog nsv zdj
ylr acoo acop = doj sef mks sdr
yls acoo acoq acop = ije rtq dah aaqk
ylt acoo acop = abbv eqy
ylu = dfn abqu
ylv = iks gvz
ylw = gba vsa ynb
ylx acoo = mbb plc nfb yho
yly acoo acop acoq = jkc
ylz acoo = abon lxx
yma = ush
ymb acop acoo = jyu
ymc = hku fwc
ymd = ogt
yme acoo = tec ugh
ymf = ymm (aask syq)
ymg acop acoo = fkp ptw eqt
ymh acoo acoq acop = jvy cq
ymi = wok (zfh scr zlh)
ymj = xtn
ymk acoo = pgd dfj
yml acop acoo = mgy
ymm acoo acoq acop = ozw
ymn acop acoo acoq = jat bba
ymo = tre
ymp acoo = mxw qqk
ymq acoo acop = xgb jkj (irr gxe omb)
ymr acoo = ilp
yms acop acoo = efv
ymt = fkc rgk prf
ymu acoo = aki (aapv zsi)
ymv = blr
ymw = kug ndx fp
ymx acoo acop acoq = mwc pvx
ymy acoq acoo acop = abqx
ymz = uvo
yna acoo acoq acop = bea sfn
ynb acoo = jml
ync acoo acoq acop = nnu
ynd acoo = aahl
yne acoq acop acoo = zsr xez
ynf acoo acop = mzt
yng acoq acop acoo = adb tdu
ynh acoo = stg
yni = lny rlj cdn
ynj = ws qov
ynk = rz zqo aavz kka
ynl acoo acop = rfk
ynm acoo acoq acop = okj
ynn acoo acop = y
yno acoo = ndw
ynp = woo jee
ynq acop acoo = rhj
ynr = ffk
yns acoo = xas
ynt = rqh
ynu acop acoo = dyr
ynv acoq acoo acop = jxz
ynw acoq acoo acop = cxp edu uo
ynx acoo acop = abhh
yny acoo = tty
ynz acoo acop acoq = afs
yoa acoo = pij hcm
yob = mgi ymo vwy
yoc acop acoo = oun lhp ipy
yod = cjf
yoe acoo acop = mtf aatz dtp rcb wot
yof acoo acop acoq = viy
yog acop acoo = jqq tfx
yoh = zxq
yoi acop acoo = zol woh lfe
yoj acop acoo = ubh
yok acoq acoo acop = iaf ydt qml swo
yol acoo = mbl
yom acoo = njn ktg fzl vuf
yon acoo acoq acop = lci
yoo = wkm
yop acoo acop = wb mtd rrt
yoq acoo = hhq
yor acoo = ibs
yos = iqs
yot acoo acop = gkh
you = jip
yov acoq acop acoo = tdt
yow acoo acop = eis ifk
yox acoo acop = abeu
yoy = efy abzr bhk dtf
yoz = vdh
ypa acop acoq acoo = aayq ijw
ypb acoo acop = bhg
ypc = qcv orp
ypd acop acoo = uzu tnl wdp
ype = wic
ypf acoq acoo acop = jxd
ypg = dnh acdx
yph acop acoo = dtg
ypi acoo acop = jxk fe nje lks
ypj acoo acop = ghi
ypk acoq acop acoo = hii
ypl acoo = boy lyy
ypm acop acoo = pzy
ypn acoo = wvj szw sqp
ypo acop acoo = rav
ypp = lqx abxf mz
ypq acoo = cel
ypr acoo = fnm xza byg mmt
yps = yaf
ypt acoo acop acoq = grl
ypu = gml sht
ypv acoo = hzv
ypw acoo acop = qto jvf
ypx acop acoo = nfw hzz ila piu wnd
ypy acop acoo acoq = qht
ypz = bqk
yqa acoo = nwd dci
yqb acoo acop acoq = aaln cdd
yqc acop acoo acoq = ipy
yqd = pfi
yqe acop acoo = tim
yqf acoo = ihr hyp
yqg acoo acop acoq = bnz zxh btm
yqh acop acoo = khj abww
yqi = uqz
yqj = oop
yqk = aavl
yql acoo = typ xwo
yqm acoo = abvm wha cy aceu
yqn acoo acop = ohf (nax ugu pem)
yqo acoo = nt
yqp = idq
yqq acoo acop = mnm
yqr acoq acoo acop = zhl sew kdn
yqs acop acoo acoq = aagm
yqt = htt abjs mg aadu
yqu acoo acop acoq = zwl
yqv = ynw yva
yqw acoq acoo acop = jfc
yqx acoo = msu oic
yqy = wyj
yqz acoo = zyu
yra acoo acop = qwd kac hp jna
yrb = tea pxu rzo bjb
yrc acoo acop = oss mly oyp
yrd = abcb
yre acop acoq acoo = vwq
yrf acoo acop = abbz
yrg acoq acoo acop = ocn wwl zni tyn
yrh acoo acop acoq = ijm
yri acoo = ynh dvt
yrj acoo = lgv lj acde
yrk = eeo bxn
yrl = jnv aaqm
yrm acoo = eui
yrn acop acoo = rox
yro acop acoq acoo = lgg
yrp acoo = gjn
yrq acoo acop = iyw
yrr acop acoo = san
yrs = ici
yrt = kqs efj
yru acoo = bns oqy gid gsk
yrv acop acoo = abxf wrm
yrw acoo acop acoq = app
yrx acoo = tsu
yry acoo = acgh
yrz acoo = los
ysa acoo = osg jti uaf
ysb = nhp
ysc acoo = jbt
ysd acoq acoo acop = xdt
yse acop acoo = ooy jwm ias acfm
ysf acoo = yvp xl
ysg acoo acop = iso
ysh acoo = hfx
ysi acoo = aabn
ysj acop acoo = aamz mpm
ysk acoo = pfp sbc
ysl acoo = zmj
ysm acoo acop = hbi
ysn acoo = gtn ona bik mgm
yso = xil
ysp acoo acop = aaxg tsd
ysq acoo = pxg
ysr = agu tkq
yss acoo = cne sas huf
yst = ihi
ysu = hha
ysv acop acoq acoo = ix
ysw acoo = qyb abby zhp wzi
ysx acoo acop = ezz
ysy acoo = lth zlo
ysz acoo acop acoq = jfc
yta acoq acop acoo = dtl
ytb = wjf goi
ytc = il jyx pwq
ytd = eou aaza
yte = cqn
ytf acoo acop acoq = aom rpk
ytg acoo = aamb
yth = ydt boz
yti acoo = riy
ytj = zwc abcq pdh pdc gdj
ytk acoo = ecm hrl
ytl acop acoq acoo = ubn twr lig ssd
ytm acoo acop acoq = xnd
ytn acoo acop acoq = mkx
yto = snw
ytp acoo acop = ddo zsw (bat dee)
ytq acoo = bwm
ytr acoo = zux wck tjx khg
yts acoq acop acoo = uco
ytt acoo = rha klu
ytu acop acoo = mn
ytv acop acoo = zti
ytw acoo acop acoq = dsa
ytx acoo = ich
yty acoo = myw skl vmn
ytz acop acoo = jxi
yua acop acoo acoq = pnm abfj gpi adt
yub = nuo
yuc acoo = noh
yud acoo acop = qct nkr (aawo shp)
yue acoo = lkc
yuf = rgp zfb abau abdm
yug acoo acop = bzj
yuh acoo acop = zqf zrb pdd
yui acoo acop acoq = mdy aazm
yuj = aawp (ybt mym)
yuk acoo = bye
yul = far jct
yum acop acoo = mak
yun acop acoo = bsh zxc jse
yuo acop acoq acoo = ak ygo
yup = yug iao bih ukx
yuq acoq acop acoo = trz syv bax
yur = ppl
yus acoo = uqt wsi
yut acoo = ccw
yuu acoo acop = opf djw
yuv acoo acop = ahr
yuw acoo = smi aph qyl
yux acoo acop acoq = hhe mxi rhr vwx
yuy = ftd hvs
yuz acoo acop = ackp
yva acoo acop acoq = nhd odx iba moj
yvb = iea
yvc acoo acop = qsj
yvd acoo = tsi afz cdl sek
yve acop acoo acoq = jeg xwm oma
yvf acop acoo = axl
yvg acop acoq acoo = vil
yvh acop acoo = lun
yvi acoo acop = unk aauz hxk
yvj acop acoo = lej
yvk acoo = ohi
yvl acoo acoq acop = hna
yvm acoo acop = euy ndn
yvn acoo = izu
yvo = nih
yvp acoo acop acoq = rfc
yvq acoq acoo acop = irn abti stn
yvr = acio
yvs acoo acop = ktb
yvt acoo acop = boa
yvu acoo acop acoq = aaqp (dmd etp)
yvv = vlr
yvw acop acoo = ciz
yvx acoo acop = szh
yvy acoo acop acoq = cfk
yvz acoo acoq acop = eoy am
ywa acoo acoq acop = mas hld bly mql
ywb acoo acop = fdo
ywc acop acoq acoo = dtl
ywd = tpn
ywe acop acoq acoo = syw
ywf acoo acop acoq = tnc
ywg acoo = xdv
ywh = vmy nqs
ywi acop acoo = wut frp qit gig
ywj acoq acoo acop = lhi
ywk acoo = vqt grk
ywl acoq acop acoo = vgf
ywm = apy xcm dcs iih cqw
ywn acop acoo = aang myo xnp
ywo = tnf vxp
ywp = hhu tyl
ywq acoo acop = zuo uus epy
ywr acop acoo acoq = nta abgc
yws acoo = dts
ywt acoo acop acoq = alw atp
ywu = lac
ywv acoq acoo acop = xsx
yww acop acoq acoo = acgr
ywx acoo = aaib ync
ywy acoo = xhn
ywz acop acoo acoq = avh
yxa = aadf
yxb acoo = yn nck xsx win
yxc acoo = lnm
yxd acoo = fvs
yxe acoo acop = kln ril vey etg
yxf acoo acop = lvo
yxg acoo acoq acop = iyd
yxh = kjx vkt bfb rt
yxi acoo = wce frl
yxj = otg
yxk acoo = fbg
yxl acop acoq acoo = sih
yxm acop acoq acoo = zru cmt
yxn acoo = nuo
yxo = nwn
yxp = lkf
yxq acop acoo acoq = sns geg
yxr acoo = zbz myi rcn
yxs = ooy
yxt acoo acop acoq = xtj
yxu acoo = aada
yxv acoo acop = ofh
yxw acop acoo = unm
yxx acoo = abuu tvi abhv
yxy = bix shc
yxz acoo acop acoq = hpb
yya acoo acop = rbh
yyb = uqw
yyc = rrh
yyd = nbn
yye acoo acoq acop = uod vwq
yyf acoo acop acoq = abzj xmc
yyg acop acoo = xwh
yyh acoo = ovk aadd obg vnx
yyi acoo acop = pvj
yyj acoo acop = mlc wod tmg abbt
yyk acop acoo = won
yyl acoo = rl
yym acoq acop acoo = ugv
yyn acop acoo = xmo
yyo acoq acoo acop = fea
yyp acoo acop = nao scz mep
yyq acoo = cfh qtm
yyr acop acoo = jiy sog
yys = lnr
yyt acoo acop = dct dyv
yyu acop acoo acoq = gqd
yyv acoo acop = xrd
yyw acoo acop = gqs jpx
yyx acoo = sli
yyy acoq acoo acop = dhm
yyz acoo = thq px
yza acop acoo = oxq
yzb acoo = vlx vdb kgc
yzc = scb
yzd = klj vex pzm
yze acop acoo = dsj
yzf = kna chh
yzg = xfe zin lqf
yzh = qjm
yzi acop acoo = zch
yzj acoo acop acoq = cbx (vtu fds)
yzk acoo acop = xur (hbf rkn)
yzl acoo acop = wny
yzm = mot cra
yzn = upt ovg fyf
yzo acoo = xbw udw
yzp acop acoo = wpy
yzq acoo = xja pkf dhs
yzr = yjs
yzs acoo = luh hlw
yzt acoo = rre (gnf rnp)
yzu acoo = lnr
yzv acoo = sge
yzw acoq acop acoo = ilk
yzx acoo = bps wgm
yzy = pyk
yzz acoo acop acoq = wuf eiq
zaa = eb
zab acop acoo acoq = bgx
zac acop acoo = ag (qhr xmy)
zad = dtc
zae acoo = saj
zaf acoo = dne
zag acoo = cwa
zah acop acoq acoo = xan oil
zai = xqx toh edh dfx oce
zaj acoo acop = ebe
zak acop acoo = ufz
zal = hgn gpt
zam = cvz
zan acop acoo = ktd
zao = ache abkh oad
zap acoo = way
zaq acop acoo = abdl tzi hxu cfe alc
zar acoo = abcr wvj pse
zas = pkv
zat acoo = wxc qgt edv
zau = ydp jzh acfl
zav = lfi acbn aaep
zaw acoo = krq
zax acoo acoq acop = plk
zay acop acoo acoq = rhd iei
zaz acoo = dgk
zba acoo acop = kec
zbb acop acoo = tht cod hgb qdv whh
zbc acoo acop acoq = kyw
zbd acoo acop acoq = ogz sqo hze
zbe = ttu
zbf = qlh glg hvc
zbg acoo acop acoq = nlw hkm xix
zbh acoo acoq acop = gga zut vux tns tyc
zbi = pha gal nwp
zbj acoo = szu
zbk acoq acoo acop = vsl
zbl acoo = rhg
zbm acop acoo acoq = ccw
zbn acop acoo = iml
zbo = qbp
zbp = acdn
zbq acop acoo = bum
zbr acop acoq acoo = aavw qie
zbs acoo = gea foy bjr q
zbt acoq acoo acop = zpd
zbu = emg yhq ixp trd
zbv = mef
zbw acop acoo = gyf
zbx acop acoo acoq = eee
zby acop acoo acoq = vmc aafz myu xef abda
zbz acoo acop acoq = ksr aws
zca acoo acop = jrj suy
zcb = too
zcc = bhp
zcd acop acoo = pzo
zce = wie vow
zcf acop acoo = zve
zcg acoo = sga
zch acoo = kvw zku srg
zci acoo = xwx jtl
zcj acoo acop = qvt oxz
zck = htj
zcl acoq acop acoo = zlo hyp qvr
zcm acop acoo = pox uck hxw
zcn = hci vud mkn
zco acoo = nuv hlv std mpi
zcp acop acoo = odw
zcq acoo = qqy
zcr acop acoo acoq = oxd
zcs = phb
zct acoo = zkr qmr
zcu acoo acop = onk kyp
zcv acop acoo = xnn
zcw acoq acop acoo = mzs yk
zcx acoo acop = aauo
zcy acoo acop acoq = bea (vkd tgd csm)
zcz = itb
zda acoo = buv
zdb acoo acoq acop = asz vea eiu kfc
zdc acoo acop = occ ckg
zdd acoo acop = eaj qnl vrz
zde acoo acop = vdp
zdf acop acoo = qjz
zdg acoo acoq acop = vff unl
zdh acoo acop = kxo fca moi xfy uuq
zdi acoo acop = smp qat kdd
zdj acoo acop acoq = isd
zdk acoo acop = vfv
zdl = shr
zdm acoo = ceh cwv
zdn acoo = psr
zdo acop acoq acoo = ctb (zrs yoz key)
zdp acop acoo = yps
zdq acop acoq acoo = abyr
zdr acoo acop acoq = xzy
zds acoq acop acoo = bny
zdt acoq acop acoo = aajn
zdu acop acoq acoo = ygv
zdv acop acoq acoo = gvy
zdw acoo acop = ufk
zdx = pwc ac aamc doe mks
zdy acop acoo = mfv
zdz = rvs cip zag
zea = cpz
zeb = adi
zec = ehl
zed acoo = acnr
zee = jja
zef acop acoo = nwz
zeg acoq acoo acop = ndi
zeh = vpl
zei acoo = hzw xji tfq qef
zej acop acoo acoq = zho mhm zxf ujg
zek acoo acop = flo hhq
zel = uw utd smd
zem acoo = ysu ogj
zen acoo acop acoq = te
zeo acoo acop acoq = fwq zdn wnd
zep = pfm
zeq acoq acop acoo = ixj
zer acop acoo = fvw
zes = tvd
zet acoo acop = fmv xbd
zeu acop acoo = ndr
zev acop acoo = psv btw
zew acoo = aqy vls
zex acop acoo = ubw
zey = ivg urk
zez acoq acop acoo = xig
zfa acop acoq acoo = abrz nwv aaka
zfb acoo = aace fym abau
zfc acop acoo = xkh ttn vmh vqo
zfd acoo = dp
zfe acop acoo = foz acjm
zff = knb
zfg acoq acoo acop = roy
zfh = asv
zfi acoo = wvz idz uia
zfj acoo acoq acop = lsl
zfk = vyf
zfl acoq acoo acop = vyj
zfm acoo acop acoq = aazs
zfn acoo acop = zy edf ymf abll
zfo = lrz khj dmd xlr
zfp acop acoo = abxu jen hfm
zfq = xhw faw fjf
zfr acop acoo acoq = jz uzo fam txj
zfs acoo = uoj xqn nnp gyd
zft acoo acop = tkx
zfu acoo acop acoq = qsv
zfv = fdx
zfw = epq
zfx acop acoo = ge
zfy acoo acop acoq = xwl vjp
zfz acop acoq acoo = wce
zga acoq acoo acop = aaqz
zgb acop acoq acoo = kyj aada
zgc = wnt
zgd = dlx
zge acoo acoq acop = vqi dig
zgf acop acoo acoq = aawh shz wv vxn
zgg acoo acop = naj
zgh acoo acoq acop = xzx
zgi acoo acop acoq = nlh
zgj acoq acop acoo = pju
zgk acoo acoq acop = aair
zgl acoo = dtd
zgm acop acoq acoo = evx
zgn acop acoo = dht
zgo acop acoo = erv hid uqj aws
zgp acoo = alh kjn
zgq acoo acop = biq
zgr = giy bvg
zgs acoo acop = txl qjv
zgt = lxe kzn mkl dep
zgu = txn
zgv acoo acop = ppf abhd
zgw = khq oso
zgx = emy
zgy acop acoo = jjh kyn mqt
zgz acop acoo = ivz
zha acoo = aalx
zhb acop acoo acoq = dgd zfv
zhc = fpf
zhd acop acoo acoq = zae osm
zhe = kez
zhf acoo = lso
zhg acoq acoo acop = ruu
zhh = dja yz
zhi = fqt
zhj acop acoo = vqp
zhk = bbx
zhl acoo acop = prm wct
zhm acoo = xcf zub xxt ewz
zhn = idq jxv mdw
zho acoo = dwg
zhp = fl
zhq = mfp
zhr = ftw
zhs = aape
zht acoo = aadr lkb fex xti
zhu acop acoo acoq = mpq
zhv = dwi
zhw acop acoo = xkt ujf
zhx = zhf
zhy acoo = kmo
zhz acop acoo acoq = jbf
zia acop acoo acoq = xrf
zib acoo = tcn fqk
zic acoo acop acoq = sbv
zid acop acoo = bfl
zie acoo = yaa sym
zif = bam
zig acoo acop = xof xjl cem aadm
zih acoo = jyu
zii acoo acop = xyu gfs bvt
zij acop acoo = jtx lia
zik acoo = exh
zil acoo acoq acop = kuz
zim acoo = dud qqy xwe gvb abej
zin acoo acop = ald
zio acoo acop = pnp
zip acoo = cdd
ziq = yaq bek hob djo
zir acoo = hqg
zis acoo = cak kye
zit acoq acop acoo = uom ajl iwx
ziu acop acoo = spm aazk
ziv = mjg
ziw acoo = mpi (glv ehq xvo)
zix acop acoo = rcy owo cso pxw acbb
ziy acoo acop acoq = kad
ziz = jnk
zja acop acoo = xfv zca dal
zjb acoo = cox aff
zjc acoo acop acoq = ryo acez srx
zjd acoo acoq acop = bab
zje acop acoq acoo = exc niu
zjf acoq acoo acop = svx zhj
zjg = uic zqm ksj npp bde
zjh acop acoo = ocu
zji acoo acop = dun qql svs
zjj acoo = ipc ksa qve
zjk acoo acoq acop = zxj wtn ajo
zjl acop acoo = aaxn
zjm acoo = vsj
zjn acoq acop acoo = ruz jvo wnw fon gbj
zjo acoo = zgh vql
zjp acoo = nwd nxw qeo hsa
zjq acop acoo = psk oes
zjr acoq acop acoo = lbc tyt (jfb oqe)
zjs acoq acoo acop = bhi acgy
zjt = hqm
zju acoo = xkp aamd
zjv acoo acop = ig
zjw acop acoo = acfz
zjx acoo acop = kop
zjy acoo = aamq hux cye dsn
zjz acoo acop acoq = egk ybo ackn
zka acop acoq acoo = ogo
zkb acop acoo = dum cbb njo ugr
zkc = bxq bzl aru
zkd = oki
zke acoo acop = txq
zkf acoq acoo acop = nff fpw tot
zkg acoo = psu
zkh acop acoo acoq = xee ik ufi
zki acoo acop = mqp ivf
zkj acoo acoq acop = jgq
zkk = mtp wwa
zkl acop acoo = hju
zkm = ucz
zkn acoq acoo acop = qhg (kcy cpe wqx)
zko = ojq wf
zkp acoq acop acoo = axr kml
zkq acop acoo = eyl
zkr acop acoo acoq = xsh khx vqc
zks = ehj
zkt = pqs (zhr aht) jsl lue
zku acop acoo = rvt nuj
zkv acoo acop = xgx ndd
zkw acop acoq acoo = uze idw aapi
zkx acoo = vhs
zky acoo = abxj ablm hdm
zkz acoo = jlc vih eqd
zla acoo = szl
zlb acoo = xjf gld
zlc acoo = wpl abdb mgs
zld acop acoq acoo = xtm gey
zle acoo = vse
zlf acoo acop acoq = tne jdy oyl
zlg acop acoq acoo = did ivb
zlh acoq acoo acop = mgb tla (ajk vnx) rcd
zli acoq acoo acop = iyc
zlj acoo acop = aazx
zlk = bnd
zll acoo acop acoq = rid
zlm acoo acop = wsn
zln acoo = oiu
zlo acoo = twf
zlp = tlz pgu igp
zlq acoo acop = owv zke
zlr acoo = qyk yyh jno yjj dqp
zls acop acoq acoo = wgn osy mvc
zlt acoo = les
zlu acoo = hnj sos
zlv = hee hdf fcm
zlw acoo = lrx sho
zlx acoo acop = udf
zly = csz wwe pwg
zlz acop acoo = yfs ziu emn
zma acop acoo acoq = ddk ald abfu ayg
zmb = dnt eva
zmc acoo = rpw wae
zmd acoo acoq acop = iwr
zme acoo acop acoq = dyh wnh
zmf = ihi oht aacq hgy
zmg acop acoo = xpo ady aqn qxn htr
zmh acoo = brp
zmi acoo acop = jbq
zmj acoo acop acoq = fui
zmk acoo acop acoq = tlq cfd
zml acoo acop acoq = vkm (acmk kbe)
zmm acop acoo = xln (kdh eqs acey)
zmn acoo = bat
zmo acoo = yzl
zmp acoq acop acoo = jwt
zmq acoq acop acoo = tte quv qtn tsv ksl
zmr acop acoo = ggu ntb
zms = dcx hzw bxp
zmt acoo acop = yya
zmu = jan pmi aahm tcy
zmv acoo acoq acop = put suo apd vgk
zmw acoq acoo acop = cpb
zmx = zkk uio hqn
zmy = tbj gwn abgu
zmz = lor htn zsr nee
zna = ids fcg
znb acoo acop = akr pgb rhp
znc acoo = jwi
znd acop acoo acoq = rio
zne acop acoo = imj
znf acoq acop acoo = vaz
zng acoo acop = vtn
znh = tyc
zni acoq acoo acop = ghd qqe fxv yei
znj acoo = mgy
znk acoo acop = gf
znl acoo = ijh
znm acoo acop acoq = vj rka
znn acop acoo = lhg
zno = kvj ugt zcp
znp = kpz
znq acoq acop acoo = muj
znr acop acoo acoq = jhx vas gqc
zns acoo = kak
znt acoo = sxu
znu acoo = brw edo
znv = nkb cys
znw = eiv bsm (xrk kkx)
znx acoo = gft
zny acoo acop acoq = xaa cib
znz = jvn wmw dqe
zoa = yce
zob = fey
zoc acoo = lrw dpe vo
zod acoo acop acoq = exv rx zxk
zoe = fak
zof acoo acop = xov
zog = chy
zoh acop acoo = fbm
zoi acoo = kyy mue xmn
zoj acoq acop acoo = acfh
zok acoo = akt
zol acop acoq acoo = fcc irg
zom acoo acop = acge qaq pqd eha nsv
zon acoo acop = aau ivl
zoo = zbv jst aail
zop acoo = aag
zoq = aamo
zor acop acoo = kwf
zos acoo acop acoq = ydh abfu cfs qrx
zot acoo = fxb gso
zou acop acoo = ablc us m ttz
zov acoo = cpo
zow = ajx jnz
zox acoo = ttq
zoy acop acoo = sc
zoz acoo acoq acop = aboy puo
zpa acoq acoo acop = vih
zpb = bhn xby
zpc acoo = dzy cxl itr rlp
zpd acoo = gwa
zpe acoo = hfj
zpf acoo = jpc
zpg acoo acop acoq = qka vrm ujv
zph acop acoq acoo = hhj
zpi acoo acop = wvx
zpj acoo = taj
zpk acoo acoq acop = abzg
zpl acoo = nup vnt htf
zpm acop acoo = ace pal
zpn = rwo
zpo = gtd
zpp = bse
zpq acop acoo = whh rfk aaad
zpr = soc
zps acop acoq acoo = aajp
zpt acoo = hba
zpu acoo acoq acop = ypn bed
zpv acop acoo acoq = aqd wve
zpw acoq acoo acop = xab
zpx acoo = dpc
zpy = qdv wrz pdy
zpz acoo = hww pt
zqa acop acoo acoq = vma
zqb acop acoo = ijq
zqc = jsn
zqd = omo (ngm ftj) bxo
zqe acop acoo = vor
zqf acoo = qlq ivf ccj
zqg acoo = lfz vka xki
zqh acoo = avm
zqi = iqm job jll xsr
zqj acop acoo = thz
zqk acoq acoo acop = nsy
zql acoq acop acoo = mfx avw oyc
zqm acoo = ltu ttq kb ydq
zqn acop acoo = bxi
zqo acop acoo = ugr
zqp acop acoo acoq = hqh (aawa gdl)
zqq acoo = uap
zqr acoo = oux
zqs acop acoq acoo = mfd
zqt acoo = hse
zqu acoo acop acoq = accy
zqv acoo = onn
zqw acop acoo = dad
zqx acoo = wnz sxd bqd
zqy acoo acoq acop = kvn jsm hl bsj
zqz acoo = egi
zra = xht
zrb acoo = cwn
zrc = agu sav usu qdq
zrd = aaz jzj dvr
zre acop acoo = acr
zrf = ubf kft vla
zrg acoo = ahk accz
zrh acoo = fjk jxc (acdx sqv)
zri acoq acoo acop = rxw mzz
zrj acoo acop acoq = ydq
zrk acoo = llr crh ablw
zrl acoo = cdx (xqr lwk)
zrm acoo = oel
zrn = ykc keu jyg bvg
zro acoo acop = she dhk
zrp acoq acop acoo = mbn xrn
zrq acop acoo = hbo
zrr = hkf sfs
zrs = ovm gap
zrt acoo = bak
zru acoo = jc ilk ahj sqc
zrv = urv
zrw acoo acop = nel
zrx acop acoo = vyq
zry acoo = lvt
zrz acop acoo = spk
zsa acoo = sli
zsb acoo = hju cur
zsc acop acoo = kkm csu ouu apo
zsd acoo = epw xvy yho rua
zse acoo = ugs
zsf acop acoo acoq = nfb tgl
zsg acoo acop = fj (pgg pse)
zsh acoo = mro haz
zsi acoo = wtc bpy (gn gbb)
zsj acoo acop acoq = hiq
zsk acoo = ucj
zsl = zge nsp
zsm acoq acop acoo = qhg feo pxp
zsn = ci jzy
zso = fsp ugg
zsp acop acoo = gly
zsq acoo acoq acop = zsi agb ackn
zsr acoo acoq acop = vzt hal
zss = cns
zst acoo acop = scj
zsu acoo = evi mh
zsv acoo acoq acop = fzu psr abhm
zsw acoo acop acoq = lwf
zsx acop acoq acoo = fai zgf
zsy acop acoo = nl
zsz acoo acop = ttt
zta acoo = ogj
ztb acop acoo acoq = rpq pgv vvg cex
ztc acop acoo acoq = eri
ztd acoq acop acoo = raq nzo
zte acop acoo = acer acfv jlj
ztf acoo = wyr
ztg = vof msz aaad
zth = wfu
zti acoo acoq acop = gqz
ztj acoq acop acoo = vrp
ztk acoo acoq acop = dzp
ztl acoo = niu
ztm acoo = zoq nb
ztn acoo acop = omx vxc
zto acoo acop acoq = aajy
ztp acoq acop acoo = afl
ztq = nbp
ztr acoo = ftd td
zts = dhh fpe rzt
ztt = iar vbw
ztu acop acoo = vfg
ztv acoo = geu fzr
ztw acoo = wwz
ztx acoo = ggh
zty acoo acoq acop = hjm
ztz acoo = cub dru uie
zua acoo acoq acop = etb aalo xcz zvl axb
zub = tng uyn hds
zuc = rov
zud = ack kve (vha sss)
zue acoo acop = gwr
zuf acoo = xtn
zug acoo = mal wep dsb
zuh acoo acoq acop = auh
zui acop acoo acoq = ksq lvu
zuj acoq acoo acop = ghy
zuk acoo acop = yto ptc
zul acop acoo = pld
zum acoo acop acoq = ssq
zun acoo = rwp qnb qhu ukp
zuo acoq acop acoo = xfv
zup acoo acoq acop = mjh uke
zuq acoo = lbx
zur acoq acoo acop = yia zoe zib
zus acop acoo = er hvv smh
zut acoo = lfd bda
zuu acop acoo = cjy
zuv acoo acoq acop = lng dzn
zuw acop acoo = bte
zux = khi lbt
zuy = shc (wgj gno)
zuz acoo = dob
zva acop acoo acoq = exn mxc ool
zvb acoq acoo acop = tre
zvc = ywz bmp brk
zvd acop acoo = bcu mnc gnr
zve acop acoo = wsk
zvf acoo = bry
zvg = agw acog
zvh = iiw iop
zvi acop acoo = pyn
zvj acoo = ua
zvk acoq acoo acop = qoo
zvl acoo = yty
zvm acop acoo = nik
zvn = jor laj
zvo acoo acoq acop = qbc
zvp acoo = ks mpk
zvq = iyb
zvr acop acoo = npo
zvs acoo acop = loy
zvt acoq acoo acop = xap jtc vcp
zvu acop acoq acoo = fje
zvv acoo acop = uda
zvw acoo acop = zwq npu ypc
zvx = ieu xjo
zvy acop acoo acoq = ahb
zvz acoo acop = laf
zwa acop acoo = xs (agx vrk sgn)
zwb acop acoo acoq = zfe
zwc = uwz
zwd acop acoq acoo = kgu
zwe acoo = wit xwu bgc rbo
zwf acop acoo = eqy
zwg acop acoo = owz
zwh = efd
zwi acoo = zgy
zwj acop acoo = lzv
zwk acoq acoo acop = jpo xtx
zwl acoo = bkp
zwm acoq acoo acop = njk
zwn = jto
zwo acoq acop acoo = yao
zwp acoq acoo acop = kca kat pak
zwq acoo = kxt
zwr = vsr
zws = xyi
zwt = ackz pmo
zwu acoo = kgd ukl ths
zwv = tcy
zww acop acoo = ldx
zwx acoq acop acoo = mat
zwy acop acoo = zns
zwz acoq acop acoo = but
zxa acoo acop acoq = gvo
zxb acop acoo = uuo egm
zxc acop acoo = jky
zxd acop acoo acoq = eqs
zxe acoo = sgo
zxf acop acoo = ojw aazw xym
zxg = gea
zxh acoo acop = xto
zxi = djz ckd
zxj acoo acop = iec
zxk acoo = mu
zxl acoo acop = uda
zxm acoo acop = acab qjj xjw qzd pod
zxn acoo = xpr
zxo acoo = xum
zxp = acd nek abrp aarz bma
zxq acoo acop acoq = iaz
zxr = gmq
zxs acoo = ikb
zxt = dlz
zxu acop acoo = acki aaut
zxv acoo acop acoq = gvc miv
zxw acop acoo = zgt arv fzh wxs
zxx = arw (etl ami)
zxy acoo acop = abek
zxz acoo acop = iii
zya acoo acop = bkx
zyb acoo acop = obj lvs
zyc acoo = mcp ikm fho jlw nqf
zyd = zur aafh (icc avv)
zye acoo = vrq
zyf acoo acop = afp
zyg = ymu tci hte kqo acbx
zyh acoo acop = dcc
zyi acop acoo = dsn sjl
zyj acoq acoo acop = mss
zyk acoo = cbg pcr rly
zyl acoo = uwh gjv nnp koy rrr
zym acop acoo = uvn hea
zyn = ppd
zyo acoo = dq
zyp acoo = abxn ehm
zyq acoq acoo acop = zfs
zyr acoo = gja gny lox
zys acoo acop acoq = jht qrb yti zvk
zyt acop acoo = dan
zyu acoq acop acoo = xwu
zyv = cgz
zyw acop acoo acoq = rfg obf lff
zyx acoo = kyz jxg ftz
zyy acoo = wkg mva col
zyz acop acoo acoq = abnn ukw nlo
zza acoo acoq acop = suh
zzb = dlm
zzc acoo acop = que
zzd acop acoq acoo = lyp
zze acoo = cvv vh
zzf acoo acop acoq = pob
zzg acoo = ocm
zzh = lgj
zzi acoo = ncn
zzj = idn
zzk = aaev
zzl = hyv
zzm acop acoo acoq = psq
zzn acop acoo acoq = evc
zzo acop acoo = xdf
zzp acoo = ihq
zzq = zzk doo
zzr acop acoo = clb vrn mea
zzs acoo acop = rd
zzt = kmz
zzu = ucc ri se fwb
zzv = vqt fkt
zzw acop acoo = hth
zzx acoo acop acoq = xmr
zzy = bxp lnx
zzz acop acoq acoo = fgq nil cqm
aaaa acop acoo = cxg
aaab = euk beg bci
aaac acoo = zlr
aaad acoq acop acoo = gqf
aaae acop acoo acoq = fpr mwu hil
aaaf acop acoo = nli hwu
aaag acoo = aqh abp
aaah acop acoo = csl agr bjw ysh
aaai = xlx ypq
aaaj = dnt flj
aaak = agf
aaal acoo acoq acop = bdf thi lwj
aaam acoq acoo acop = dau
aaan acop acoo = dcs kzp tsa wjr
aaao acoo acop = wpb
aaap acoo = fuj
aaaq acoq acoo acop = rax (abvj fxh) qap
aaar acop acoo acoq = rhr lsr aasr n
aaas = gtx qzx
aaat = aayp mpn acea cjo tce
aaau acoo acop = sga (pmq yw)
aaav = zql abmi qii aro
aaaw = knv
aaax = lkz pux nnd
aaay acoo = zbj ibe ksz
aaaz acoq acoo acop = hnh
aaba acoo acoq acop = abmj
aabb = ygy guq
aabc = acey zqi byz
aabd acoo acop = acmr qa vxp
aabe acop acoo = aael
aabf acop acoq acoo = ghr
aabg acoo acoq acop = jip
aabh acop acoo = lxm sto wbv
aabi acoo = dst
aabj acoo = sii rkq
aabk acoq acoo acop = hkh
aabl acoq acop acoo = sc
aabm acoo acop = jlr ablu rdc jsw qzm
aabn acoo acoq acop = dcl bae qea
aabo acoo acop = uto
aabp acoq acop acoo = mfw zne
aabq acoo acop = egs
aabr acoo = sck
aabs acoo acoq acop = ixt nps
aabt = jba srg
aabu = yyv
aabv = jxu sgf acdz
aabw acop acoo acoq = shd
aabx = achq
aaby acop acoo = bvd lqm iei aacv
aabz acop acoo acoq = wrj fuk abxm
aaca = lqk wjd yxf
aacb acoo acop acoq = ttv
aacc acoo acop = nnj
aacd acop acoo = gqh daw
aace acoo acop = cia
aacf = woh nhx
aacg acoo acop = zkv rac
aach = fgl
aaci acoo acop acoq = qfs
aacj acoo acop = bpw
aack acoo = abd
aacl acop acoo acoq = wcn upp zgv klh
aacm acoo = msf
aacn acoo = dsh
aaco acoo acop = rsa
aacp acop acoo = gyu bsy aaal
aacq acop acoo = ujx
aacr acop acoo acoq = sxk lvc hmp
aacs acop acoq acoo = mwe
aact acoo = ymt
aacu acop acoq acoo = jae
aacv acoq acop acoo = vsi ttf
aacw acop acoo = md wlj
aacx acoo = pse
aacy acoo = fis fzy lcp abre
aacz = dje
aada = muh hbu (kez mmf)
aadb acop acoo = bbr
aadc = hve
aadd acop acoo = ttn
aade acop acoq acoo = rmk req ggt
aadf acoo = ssq
aadg = aaxe
aadh acoo = avq hck snp
aadi acop acoq acoo = cc fp
aadj acoo = jdf bvr bhx
aadk acop acoo = yyu xrs
aadl = gcz tiy
aadm = dt gqj wft
aadn acoq acop acoo = aapf gan
aado acoo = ztv
aadp = ydj
aadq acoo = wnl
aadr acop acoo = std
aads acoo = kca
aadt = vy
aadu acoo = zyf
aadv = xjz
aadw acop acoo = fc
aadx acoo acop acoq = zft
aady = rzf hbr pha
aadz = crx gtm aahi dgt mfx
aaea acoo = lva eep aayy htf
aaeb acoo = dz
aaec acoq acop acoo = aafu mur abkm
aaed acoo = waf
aaee acoo = kpg
aaef acoo acop = sgv
aaeg = mym wzf yrl
aaeh acoo = ig ptr lyu lnv
aaei acoo acop = mhr
aaej acop acoo acoq = uff
aaek acop acoo = jvf xcs czq bjo
aael acop acoo = muu
aaem acoo = gqc llo feq
aaen acop acoo acoq = sgo
aaeo acoo acop = fmy
aaep acoo = twu
aaeq acop acoq acoo = da zhn aazl
aaer acop acoo = xle
aaes = ifi
aaet acoo acop acoq = vgp pjl
aaeu acoo acoq acop = vu eqw
aaev acoo = dhn
aaew acoo = abtn wwc tzb
aaex acoo acop acoq = uer dxo jrp
aaey = gto
aaez acoo = xof
aafa = hfd
aafb = bna
aafc acoo = tqa lmm cvf
aafd = ebi sbw otm
aafe acoo acoq acop = tam qde
aaff acoo acop = srm
aafg = idc uei bwf ppx
aafh = mrx zzq
aafi acoo acop = xsk
aafj acoo acoq acop = icb
aafk acop acoq acoo = qcs zyf ocb
aafl = ast
aafm acop acoo = oko
aafn = fdn
aafo = ukk osr
aafp acoo acoq acop = jii accr uhk
aafq = wrm xno zpz
aafr acoq acoo acop = bgu lsc reo achy
aafs = ifi
aaft acop acoq acoo = igt
aafu acoo = wan ohj
aafv acoo acoq acop = zbb wui
aafw = nvs (lbp cxq)
aafx acop acoo = cfl
aafy acoo acop = nii aaxf
aafz acop acoq acoo = kpf tnm mnh
aaga acoo = jnm
aagb = sxi aatx
aagc acop acoq acoo = flo
aagd acoo = snw rxm wsv
aage = gos
aagf acoq acop acoo = ko
aagg acoq acop acoo = aft ydn
aagh = feh xbn wis
aagi acoo acop = tab
aagj acop acoo = krk vpx nnq
aagk acoq acop acoo = zsq
aagl acoo = aagt
aagm = dgl rdp
aagn acop acoo = awy
aago acoq acoo acop = lyc ljy
aagp acoo = mdg
aagq acop acoq acoo = bco
aagr = xny cfw hny
aags acoo acoq acop = fpz xsk
aagt = mam eyn
aagu acoo acop acoq = abzu pez
aagv acop acoq acoo = sox kah bfn
aagw = aanz ppj (htq ysl uya)
aagx = big
aagy acoo acoq acop = yji
aagz = ibw
aaha acoo = cjt
aahb acoo acop acoq = ayy eqi gtt aaju
aahc acoo = nhd
aahd = aaqa
aahe acoo acop = fjg ddw
aahf acop acoo = gpc ina ine
aahg acop acoo = dqz
aahh acoo = lvm
aahi = oby
aahj acop acoo = qad qib
aahk acoo acop = sxi
aahl acoo = wnc
aahm acoo = txh
aahn acoo acop = acbm
aaho acop acoo acoq = adj
aahp acoo = lnr mkm dee yfv qdj
aahq acoo = wcx ziz ivw
aahr acop acoq acoo = aiq obx gdx csp
aahs = yor
aaht acoo acop = wtg
aahu acoo = ysu
aahv acoo = qvo
aahw acoo = tox (ket llo txn)
aahx acoo acop = nv
aahy = obd
aahz acop acoo acoq = sfz
aaia = yhl
aaib acoo = dhw
aaic = pwg jbf tvt omk
aaid acoq acoo acop = abzr wpo
aaie = qsp vk
aaif acop acoq acoo = kms wuu
aaig acop acoo = acnp
aaih acoo = chj
aaii acop acoq acoo = qxp
aaij = kiy fyl
aaik = nyu
aail acoo = dug (uaa olg acay) oda
aaim acoo = gzg
aain acoo acop = kkm
aaio acoo = ibx
aaip acoo = faw
aaiq = yqt jsg
aair = rom aauj azt xoo
aais acoo = jyg dox
aait acoo acop = sxq mzs
aaiu acoo acop = hrk cff om ackd
aaiv = box dvj kmj
aaiw = cez ri
aaix acoo = suz
aaiy acop acoq acoo = zbk
aaiz acoo = aaaw
aaja acop acoo = jms
aajb = aatk
aajc acoo = wsg
aajd acoo acop acoq = sub
aaje acoo = cfr ghq qug
aajf acoo = ajw
aajg acoo = lhw
aajh acoq acoo acop = wir
aaji = bor
aajj acoo = ssl
aajk acop acoo = ari
aajl acop acoo = ptg
aajm acoo acoq acop = bce smj
aajn acoo = vuj yq
aajo = mxp
aajp acop acoo = abxg
aajq acoo acop = idp lza yez yu
aajr acop acoo = gfe
aajs acoo acop = ir hhp (mj eoa)
aajt = sjg
aaju acoo acop = coz hdp
aajv acoo acoq acop = zxq
aajw acop acoo = roa aow
aajx acop acoo = jem
aajy acoo = flp qpd
aajz = knq
aaka = zul
aakb = ntz
aakc acoo = rhq
aakd acoo = fzh
aake acoo = mit gtp wgc
aakf acoo = lgz ylw qzw
aakg acoo acop = hzq
aakh acoo = ajj (obd zfc)
aaki acoo = axs idu
aakj acoo acop acoq = fqv atw csv
aakk acoo acop = oii dim
aakl acoo = wt aapb ffh
aakm acoo acop = qrw acio duv wea
aakn acoo acop = zl upz aabj huq
aako acop acoo = wok aciu qj
aakp acoq acop acoo = eve
aakq acoo = tdk
aakr acoo = wry hyo hsf njf
aaks = ulj juz kop
aakt = fzq
aaku = ttm abtq yqj zaf
aakv acoo acop = abdg
aakw acoo acop = qmo bhr
aakx = mrq wxs ofu
aaky acop acoo = dtv gsv xje zv
aakz acoo acoq acop = lzm
aala = bgv
aalb acoo acop acoq = qgj
aalc = ntg (iso mii)
aald acoo = ztq btl aazg
aale acoo = lvg qls eyo hcy
aalf acoo = ufx
aalg acoo = bvy
aalh acoo acop acoq = jtd bk wvd ilo
aali acoo acop = vwj
aalj acoo acop acoq = mbt
aalk acop acoq acoo = xsa plc
aall acoo = pmk
aalm acop acoo acoq = wbn nut jou
aaln acoo = lpq
aalo acoo acoq acop = qoe
aalp acoo acop = wof dpt dlq jri vlu
aalq acop acoo acoq = jpl dru
aalr = shb
aals acoo = zeg trt
aalt acoq acop acoo = bar
aalu = men dmg mpu
aalv acoo acop = aab gpe aann (kvl oio)
aalw acoo = vun
aalx acoo = oll
aaly acop acoo = yzv
aalz = aasy
aama acop acoo = fmm
aamb acoo = loc
aamc = ajz
aamd acoo = abos
aame acoo acop = euh
aamf = aaft
aamg = aayo
aamh acoo = mgs
aami acoo = qhp
aamj = fdn
aamk acoo = wgz ntu
aaml acoo = yiq qag ekl
aamm acop acoo = mni
aamn acop acoo = abat (fjr rlb) tia
aamo acoo = igu
aamp acoo acoq acop = pxm
aamq acop acoo = mtd
aamr acoo acop = mhi uji
aams acoo = foh
aamt acoo = mnt
aamu = yfw
aamv acoo acop = tqa mfl zea
aamw acoo acoq acop = dgb oc
aamx = mfx
aamy acop acoo = iqk exz vtk hmz gqt
aamz = bzq
aana = jkb xem
aanb acoo acop = cdx hrq
aanc acoo acop = byr
aand = dys
aane acop acoo = spr
aanf acoo acop = hrl (foh aagj) ikw
aang = zwk dpk zxx
aanh = awc
aani acoo = wnu
aanj acoo acop = buh
aank acoo = kxn gmg (frp abtt)
aanl = nkh
aanm acop acoo = keg
aann acop acoq acoo = mpg pku
aano acoo = apk
aanp acoo = xws
aanq acoo acop = xcl
aanr acoo acop acoq = wza eta
aans = ozl
aant acoo = pn rad djg
aanu acop acoo = pag
aanv acop acoo = dlc
aanw acop acoo = pv
aanx = kzm gxe
aany acop acoo = eiw
aanz acoo acop acoq = aahp
aaoa acoq acop acoo = dbj
aaob acoo acop = ugf
aaoc acoq acoo acop = spg
aaod acop acoo = cdy aafs
aaoe acoo = aayv
aaof acop acoq acoo = xri
aaog acoo = une rsi nto
aaoh acoo = ip bin nfp
aaoi acop acoo acoq = aaty mpi kqn
aaoj acoo = ico
aaok acoo = mgp (pcu adb dvp)
aaol acoo = roi owa
aaom acoq acop acoo = slg
aaon acoo acoq acop = owx
aaoo = tcm oti
aaop = abem
aaoq acop acoo acoq = uya rz zih
aaor acoo acop = qmj
aaos = kef ezg
aaot acoo = kbs
aaou acoo acop = gde ghp
aaov acoo = acmm
aaow acoq acop acoo = shi dfl
aaox acop acoo acoq = wwj olf
aaoy acoo = tx iao wta rxk
aaoz acoq acop acoo = nuv rrq
aapa acoo = abvr
aapb acoo = jjp yhe zre
aapc acoo acop = vez acch
aapd acoo = nqq
aape acop acoo = aqx kod dvg
aapf acoo acop = qod
aapg acop acoo = umm
aaph acop acoo = fmb
aapi acoo acoq acop = doh
aapj = bsa wky aoq ihn ver
aapk acoo = qev dap ihb
aapl acoo acop acoq = vq abco zoi dpa
aapm acoo acop = uvq cdj eod nsy
aapn = bkp
aapo = zvt
aapp acop acoo = nfh gkm
aapq = aee jpz rnn
aapr acoq acop acoo = kox
aaps acop acoo = xvb
aapt acoo acoq acop = aax
aapu acoo = pk
aapv acoo acop = zex
aapw acoo acop = kdd hnn
aapx acop acoq acoo = dzf
aapy acoq acop acoo = jhy
aapz acoo = rih
aaqa acoo = ebh ona
aaqb acoo acop = vhs
aaqc acoo = ftf vkm
aaqd acoo = ggj wjf
aaqe = fay wjh
aaqf acop acoo = lom qvy
aaqg acop acoo = acjo
aaqh acoo = czg tcv
aaqi acoo acoq acop = zrm
aaqj acoo acop = vmh hcw ivs hlt rrt
aaqk acop acoo = dut
aaql acoq acop acoo = dlg
aaqm = aqd duk nxw rnc
aaqn acoo = rba
aaqo = rwg wlo
aaqp = trx qvl
aaqq acoo = wqz
aaqr acoo = abxm nqr
aaqs acoo acop = acfs
aaqt acoo acop acoq = kou
aaqu acoo = cit
aaqv acoo = qol rly zot zpg aum
aaqw acop acoo acoq = egr
aaqx acoo acop = dpt zcc vtx sgt
aaqy acoq acop acoo = idn qjo abzs
aaqz acoo acop = tbr mrs
aara acop acoo = rhw
aarb acoq acop acoo = afq eiw pwi qul
aarc = ksh
aard acop acoo = lld
aare acoo = pn
aarf = udw abtd
aarg acoo acop = abbw
aarh = kzn sre abvr fnu
aari = rat yzs ixo
aarj = wug lts dvj tpf igo
aark acoo = vif xas
aarl = uxk
aarm = wkg
aarn acop acoo = lz
aaro acoo = osz
aarp acoo acop = tsz
aarq acoo = bta
aarr = aaaq
aars acoq acop acoo = weu
aart acoq acoo acop = wug
aaru = mxq ynb xop lnt itk
aarv acop acoq acoo = dcr
aarw acoo = fih
aarx acoo acop = kni pkv dmj
aary acoo = yce bcm
aarz acop acoo = aaax
aasa acoq acop acoo = bty
aasb acoo = cyo zse abkz
aasc = vic hoi
aasd = ojx tht
aase acop acoo = pxv tgn
aasf acoo acop acoq = dcw efz
aasg acoo = nfw qpf wgk mcw ydt
aash = acnp (wps lxs)
aasi acoo = arz (dxs azc)
aasj acop acoo acoq = ivw (iuo aafh)
aask acoq acoo acop = fck
aasl = vsg aanj
aasm acoo = fxu (niw qjf)
aasn = ade ucx
aaso acoo acop = dlq abim
aasp = bjx gpk
aasq acoo = iis niz hjx myh
aasr acoo acop = tad
aass acop acoo = wd
aast acoq acoo acop = civ bzp
aasu acop acoo = rwx aapk wjj tym
aasv acoq acoo acop = abuo
aasw acoo acop = jwv
aasx acoo acop acoq = nek
aasy = kqx
aasz acoo = aazv
aata acop acoo = toi dad
aatb acoq acoo acop = d (xat zqf) ins
aatc acoo = uqj
aatd acop acoo = mvw
aate acoo acop = xmv
aatf acoo acop = aagf
aatg acoo = oes wsa xlu esx yby
aath acop acoo acoq = ywo
aati acoo = my aabj
aatj acop acoo = ixj
aatk acoo = nga
aatl = ref uys
aatm acoo = zur vox
aatn acop acoq acoo = aaqi
aato acoo acop = hlm
aatp = rnn
aatq acoo acop = iav
aatr = bnb
aats acoq acoo acop = lbi eec
aatt acoo = puv
aatu acoo = wwh
aatv acop acoo = tjr dw pnd wvf
aatw = roj jt
aatx acoo = lni
aaty = kyd
aatz acoo acop = nek aakn
aaua = plc bue ojc
aaub acop acoo = kwc qxu apq
aauc acop acoo = ryq ygo
aaud = bii
aaue acoo acop = bnu qbp aahx gsc
aauf = did ebt uhi
aaug acoo acop = xor
aauh acoo = plu hlu
aaui = abbh pjw
aauj acoo acop = mhw zai kod
aauk = mxp
aaul = num
aaum = ajm
aaun acoo = aado
aauo acoq acop acoo = dbe ve (tf vop xvp)
aaup = ujx mkl tae qan
aauq acoo = rem (gsa pxj au)
aaur = exy
aaus acoo acop = lap woq gra acbi
aaut acop acoo acoq = tlx
aauu = svz gty
aauv acoo = svi wfg krn pj
aauw acop acoo = dow
aaux acop acoq acoo = rmn
aauy acoq acoo acop = zvp
aauz = swp
aava acoo acop = wol
aavb acoq acoo acop = src
aavc acop acoo = xnp pcp hal
aavd acoo = oqs
aave acoo acop = abej aagq dxb
aavf acoo acoq acop = xry
aavg = nkn
aavh acoo acoq acop = aceh
aavi acop acoo = nu
aavj acoo = rin okm xzj lnm kri
aavk acoq acop acoo = tmw
aavl acop acoq acoo = ygz
aavm acoo = cot aarc adp
aavn acoo acop acoq = onq dqh
aavo acoo acoq acop = miq igy mjn vmc
aavp acoo = rlv
aavq acop acoo = qur
aavr = udq
aavs acoo = acx
aavt acoo = mkh zoq ice
aavu acop acoq acoo = vjk hyh zdp
aavv acoo = noh uvp
aavw acoo acop = cnb kmm was
aavx acoo = wkl (eqr wxl)
aavy acoq acop acoo = xhz
aavz acoo acop = abzp srl
aawa = xht mio cdz oif
aawb acoo = umh
aawc acoq acop acoo = cjn xai
aawd acoo = ea
aawe = yyz
aawf acoo = cgq egq
aawg = jqd hjx
aawh = eog bxe
aawi acoo = xkv
aawj acoo acop = ros
aawk = kj
aawl acop acoo = zrj acns
aawm acoo = uzf
aawn acop acoq acoo = fmk
aawo acop acoo = mng btv huh acdu
aawp acop acoq acoo = oxi
aawq = ebb
aawr acoo = lqi (lkw kuf)
aaws acoo = xtd
aawt = xvt
aawu = rti
aawv acop acoo = ahq
aaww acoo acoq acop = fzc
aawx acop acoo acoq = wvg zyx
aawy acoo acoq acop = fdd
aawz acop acoo = ecn jth cqd
aaxa acop acoo = ahd kax
aaxb acoo acop = rxm
aaxc acop acoo = kam
aaxd acoq acop acoo = dld
aaxe acop acoo acoq = khp
aaxf acoo acop acoq = aatu kpa
aaxg acop acoo = xuc hje uaj znn
aaxh acoo acop = acno
aaxi acoo acop = abng
aaxj acoo = xvx
aaxk acoo acop = ezk
aaxl acoo = fbm zvv ymb jev
aaxm = wxv
aaxn acop acoo = ycv
aaxo = cpy jcm abhs
aaxp acoo = vxm qxw xb
aaxq acop acoo = lu kra liq
aaxr = kjz udl icw
aaxs acoo acoq acop = sa
aaxt acop acoo = hwh xmf qoo
aaxu acoo acop = qdn zjv
aaxv acop acoo = ozi
aaxw acoo acop = dla
aaxx acoo = mdk
aaxy acoo = dom abac
aaxz acop acoo = xfu hud fuu exr
aaya acoo acop = dnk
aayb acoo acop = ofw fmm kwf
aayc acoo = yyg
aayd acoo = pbv
aaye acoo = zfk gqs oaa (lps stp)
aayf acoo = hhh
aayg acop acoo = evj pwc
aayh acoo acop = hyy heu aaqc qyy
aayi = uht
aayj acoq acop acoo = vuf cob lew teb
aayk acop acoo = iih
aayl acop acoo = vrx
aaym acoq acoo acop = sdi
aayn acop acoq acoo = myc iur axs nlt
aayo acoo = suf cuj
aayp = jlp
aayq acop acoo acoq = afd zkb
aayr acop acoo = qx
aays = axp
aayt = aasg dfo tan ybk
aayu acoo = oan
aayv = kap qaj qkb
aayw acoo acop = lgz
aayx acoo acop = tmv
aayy acoo = omq wmm ablg sff
aayz = nnd hav cot
aaza = eoo
aazb = tx
aazc acop acoo = ef
aazd acoo = igq kjs wmr hxc
aaze = yjc aaxu hzn pjd
aazf = flu
aazg acoo = acdl dzj exg feg mkw
aazh acop acoo acoq = tqu
aazi acoo = gkq
aazj acoo = nyv jnn (eog dks)
aazk acoo = aapv
aazl acoo acop = itg asu sau
aazm acop acoo = kvj xpu wtp
aazn acoo = aaem fco acgg qwy
aazo acoo acop = pmj lsp bqe wzu idn
aazp acop acoo = fys
aazq = xip
aazr = zkx emk
aazs acoo = bnq wyb rvr ksf
aazt acoo = jwj
aazu = jh mjn jmh aagz
aazv acop acoo = frz
aazw acop acoo acoq = bpq mgl
aazx acoo acoq acop = xmo zjr ecr uhl sd
aazy acoo = qhw yex
aazz acoo acop = pnt tpu puw
abaa = sju
abab acoo = vrg
abac acoo acop = fjo
abad acop acoo = vbp aagi
abae = nic
abaf = sda abxf bdg uof
abag acop acoo acoq = uvi keq oqg
abah acop acoo acoq = lbx kck zja hel ifs
abai acoq acop acoo = sqk lvl
abaj = aip
abak acoo acop = uvc yk jku ytc
abal acoq acoo acop = mar tbt
abam acoo = ugu
aban = cim
abao acop acoo = uqv
abap acop acoq acoo = pc
abaq acoo = aalx
abar acoo acop acoq = law
abas acop acoq acoo = suy vmt kiz
abat = ubl mer
abau acop acoq acoo = oyq abcf
abav acoo = ehv
abaw acoq acop acoo = ikg
abax acoo = qgm bna wpe acfp
abay acoo acop = aarv
abaz acoo = cnz
abba acoo acop = eyu
abbb acoo acop = iem iah ipr
abbc acoo = vtc
abbd acoo = qvt udp
abbe = pr
abbf acop acoo acoq = nkg
abbg acoo acop = cwm
abbh acoo acop = tfc
abbi acoo = abog
abbj = jwq ruc
abbk acoq acop acoo = kzc
abbl acoo = reb (dwm bfu)
abbm acoo acoq acop = iym
abbn acop acoo acoq = aafw lcs em
abbo acoo = fng
abbp acoq acop acoo = abpi
abbq acop acoo = pxp
abbr acoo = abcg nhn iqb
abbs = rse
abbt = hwh
abbu acoo = mvs
abbv = yoo
abbw = kos yxt
abbx acoo = zgf
abby = zmj
abbz = bnf vzr
abca acop acoo = ymd
abcb acoo acop = bog
abcc acoo = bfj
abcd acoo = ict abvv
abce = wad
abcf acoo acop acoq = kqc
abcg = jrk
abch = ikj
abci acop acoo = bsj
abcj acoo = qst
abck acop acoo acoq = aez
abcl acoo acop = at cql
abcm acoo acop = gcm aaqj ae inh
abcn acoo acop acoq = mln bfi zer
abco = kyw
abcp acoo = vmm jfd asu poc uao
abcq acoo acop = itz wvv
abcr acop acoo = dww
abcs acop acoo acoq = hlg
abct acoq acoo acop = ors kgx
abcu acoq acoo acop = ogx
abcv acoo = abhc
abcw = tlh nqs
abcx acop acoo = aamt
abcy acop acoo = mko jwu
abcz acoo = etu upf
abda acop acoo = wkk
abdb acop acoo acoq = gcd
abdc acoo = qmg
abdd = wje isw wkj
abde acop acoo = sqo
abdf acoo = mvo
abdg acoq acop acoo = tan
abdh acoq acop acoo = mtx kha zwu
abdi = ryi
abdj acop acoo = abuw ben eyp scr
abdk acoo = mhi nuk
abdl = cwg
abdm acoo = hdh bfd
abdn acoo = muf
abdo acop acoo acoq = xfr dnz aaqk
abdp acop acoo = ijv udk tda vgf gnt
abdq = rzb
abdr acoo acop = pln usv qvb hgc
abds acoo acop = bga gcs aom exp
abdt acoq acoo acop = jkg
abdu = zmg yd (qxj tkm)
abdv acop acoo = zgf
abdw acoo acop acoq = ksn
abdx acoo = csk (sdg tgr)
abdy acoq acoo acop = esf
abdz acoo acop acoq = pxs xli
abea = ikx aaqx nej
abeb = xfb swq aazs xcs jif
abec acoo acop acoq = bp vbr
abed = zlv
abee acoo = un
abef acoq acoo acop = thu (ww szo)
abeg acoq acop acoo = pnw
abeh acoo = vla rhw vfk
abei = aayb
abej acoo = dda ggs
abek = owu mzs ivx syy dvd
abel acoo = zne cxa
abem acop acoo = bqr dtg
aben acoo = aaku
abeo = mnu
abep acoq acop acoo = eui iky (qwj ackx)
abeq acoo acop acoq = ablc
aber acop acoo acoq = jd bfy
abes acoq acoo acop = bue kii jgz
abet acoo acop = glz kbv vtw
abeu = abmw jbl utf
abev acoo = kbm
abew acoo acop acoq = uru
abex acoo = dsy fcs qfa abry
abey acoo acop acoq = abzz
abez acop acoo = yqo
abfa acop acoo acoq = zi rkt qxb
abfb acoo = hot lgm
abfc acoo acop acoq = wih jia
abfd = dmf
abfe = xlp
abff acoq acop acoo = eth lix
abfg acop acoo = lzf
abfh acoo = hck
abfi acoq acoo acop = soa
abfj = pag
abfk acoo acop acoq = sqg
abfl = sxc
abfm acoo acoq acop = asu
abfn = lyl kdl dab
abfo acoo = qxm
abfp acop acoo = xxh
abfq acoo acop = vqr
abfr = ggh lva art vvt
abfs = sbk
abft = oez bvd
abfu acoo = fps
abfv acoq acoo acop = fzu zob
abfw acop acoo = ces
abfx acoo = cfq
abfy acoo acoq acop = nhj
abfz acoo acoq acop = hix acaz ess
abga acoo = abjq ifc
abgb = dny wj
abgc = cvk
abgd acoo = kdx
abge acoo = acjj (cxk (ica ud bpu))
abgf acoo = pxy gyf abqh hxa
abgg = abzx
abgh acoo = sbi
abgi = aaie aaha jtw
abgj acoq acoo acop = uij
abgk acop acoo = hpu jkh abff
abgl = qfx
abgm = bbl jm
abgn = od
abgo = bti
abgp acop acoq acoo = llj rkc abjk nek gtm
abgq acoo acoq acop = bpg cko
abgr = vny
abgs acoq acoo acop = ggo fww
abgt acoo = hs
abgu = tqc abbd uvw abbr
abgv = wvu gsz
abgw acoo = ens gek
abgx acop acoo = iqn kyg
abgy = cst
abgz acoo = xwa
abha acoo acop = sra qmu
abhb acoo acop = peh
abhc = ile
abhd acoq acop acoo = ykc
abhe acoo = aaas tpa
abhf acoo acoq acop = jbl
abhg = sju xqu
abhh = lat eky qtu
abhi acoo = nha
abhj acop acoo acoq = hdx txo oqq
abhk acoo acop = abqh
abhl acoo = vow npb plg
abhm acoo = axt
abhn = kp dhy
abho acoo acop = dhk
abhp acop acoo acoq = xqk
abhq acoo acop = zwm kuf pzq jbk
abhr acoo = zpc accj kie
abhs acoo = pdr
abht acoo acoq acop = nxm qmt ucq vhj
abhu acop acoo acoq = ipc wxs
abhv = prg
abhw = qbe
abhx acoo = co
abhy acoo acop = gwq ppb pfa
abhz acoo = sew
abia acoo acop = wvc
abib acoo acop = uqn
abic acoo acop = mun
abid = zum
abie acoo acop acoq = mbc
abif = tut
abig acoo acop = vem omn
abih acoo = mwq
abii acop acoq acoo = mlg
abij acoq acoo acop = qjs
abik acoo = oql hxf yav
abil acop acoo acoq = iks
abim acoo acop = aht
abin acoo = fjv pci
abio acop acoo acoq = dtq
abip acoo = ugk wpk
abiq acop acoo = ijl abdj
abir acop acoo = ik kqt acla
abis acoo acop = acdh
abit acop acoo = mxr
abiu acop acoo acoq = z
abiv = epr
abiw = abno n
abix acop acoo = vzy pol
abiy acoo = abji ple
abiz = abl vqr
abja acoo acop = qhr
abjb acoo acop = qvn
abjc acop acoo = kll
abjd acop acoo = cud loh
abje acoo = ud wfk rpz ci
abjf = mju zqw
abjg acoo acop = icp cgy ezv naz
abjh acop acoq acoo = aati
abji acoq acoo acop = bzm
abjj acoo = cjq
abjk acoq acop acoo = qih pxi vxc
abjl acoo = rkr cwc hya
abjm = aawl
abjn acop acoo acoq = wo
abjo acoo acop = tpd
abjp = dbc
abjq acoo = aavp sqq uvk
abjr acoo = raa aauf
abjs acoo acop = vl
abjt acop acoo = cuz
abju acoo = bn caj
abjv acoo acop = wwj zel jpw
abjw = sar
abjx = sjz abjk
abjy acoo acop acoq = gpi
abjz acop acoo = abwg fwz
abka acoo = pki rjy
abkb acop acoo = mkp gfb txp acnp
abkc acoo acoq acop = ugm
abkd acoo = opq cfv kpj ryu
abke = brq (axn weu)
abkf acoo = snn
abkg acoo = auz
abkh = ykk alp
abki = txr
abkj acoo = tgv opw
abkk acop acoo = lcy bnk pik
abkl acoq acoo acop = abvs ycf ujr
abkm acop acoo = aaib
abkn acoq acoo acop = uqf
abko acoq acoo acop = kaw
abkp acoq acoo acop = fex
abkq acoo = lgv uvj dka
abkr acoo acop acoq = wht
abks acoo = qys
abkt acoo acop = zzb
abku acoo = aay
abkv = acnw
abkw acop acoo = mft
abkx acoo acop = bao gft
abky acoo acoq acop = cgz vye oub
abkz = zvv bpq bgc
abla acoo acop = qa jpz xst
ablb acop acoo = rhl
ablc acoo = lrw mpi dzu cuz
abld = dhh khb fzm
able acop acoq acoo = jxn
ablf acoq acoo acop = hyx
ablg acoo acop acoq = ayc brg dna
ablh acoo = tbc acfa qdk
abli acoq acoo acop = whs mi dwn
ablj acoo = ipl
ablk acop acoo = idx tos
abll acoo = zur
ablm acoq acoo acop = ttf xzo (rdx rba)
abln acoo acop acoq = vip
ablo acoo acop = cfn
ablp acoo acop = knk
ablq acop acoo = aaqp (vew vge)
ablr acop acoq acoo = nhh qqu
abls = gvb hff
ablt acoo acoq acop = dta
ablu acoo = ewo
ablv acoo acoq acop = cyv
ablw acoo = vte
ablx acoo = tcm
ably = now
ablz acop acoo = cp
abma acoo acop = mhf
abmb acop acoo acoq = sea
abmc acop acoo = gln iyt ysq
abmd acoq acop acoo = pgs yqp gsz
abme acoo acop = bhc
abmf acoq acoo acop = enx hkh
abmg = kse
abmh acoo = iso
abmi acoo = soe
abmj acoo = hla
abmk = rev
abml acoo acop acoq = lbq
abmm acop acoq acoo = ciu idl
abmn acoo acoq acop = ign aanw
abmo acop acoo = iyf
abmp = wxi bxr
abmq = fwn zyn
abmr = onr
abms acoo = upg
abmt = cia
abmu = jop
abmv acoo = yah
abmw = abzk
abmx = yvz
abmy acoo = nfj
abmz acoo acoq acop = ebn
abna acoo = aanf
abnb acoo = lrf xbb
abnc acop acoo acoq = cuc
abnd acop acoo = scs ern ozk hpv
abne = nhx guo
abnf = zmj
abng acoo = vtx
abnh acop acoo = bev
abni = aaft uge
abnj acoo = rpj rjb (dxk abal)
abnk acoo = adm
abnl acoo acop acoq = oxm abdc
abnm acoo acop acoq = ozn
abnn = tuy uvy hqb eje
abno acoo acoq acop = jkw uif ct
abnp = wxr
abnq acoq acoo acop = gxb xif mtg
abnr acoo acop = woj abyh
abns acoo = qps bqw
abnt acoo acop = fic
abnu acoq acoo acop = jhh ckw kgo ycx
abnv acoo = nim mns
abnw acoo acoq acop = rlg
abnx acop acoo = tka pil
abny acoo acop = xqs
abnz acoo acop = vam cjv
aboa = agy
abob = bgt evl
aboc = fo aeh
abod = uxr (ddb zee rfw)
aboe acoo acop = uzl accr
abof acoo acop = kf
abog = aty
aboh acoo acop acoq = txu
aboi acoq acop acoo = jue sxo kgx
aboj acop acoo = bqx
abok acop acoo acoq = knt
abol acoo = fxi spz ebu
abom acop acoo acoq = qxf
abon acoo acop = jrr acax
aboo = hot
abop = jwk
aboq acoo acoq acop = fwo
abor acoo acop = yh ngj vll
abos acoo = sas
abot acoo acop = frv
abou acoo acop = xfr
abov acop acoo = kxd
abow acoo acoq acop = mbp
abox acoo = lav nge
aboy acoo acop = aaaz
aboz acoo = tha
abpa acoo acop = abp (ryp epe)
abpb acoo acop = dea
abpc = skf blf txi yrl
abpd acoo acop acoq = txk hhq
abpe acoo = ufi
abpf acop acoo = wlw ovf (lhr rgk dtv)
abpg acoo acop = fii
abph acoo = pgx
abpi acoo acop = raw lwf nkq
abpj = abwl vep
abpk acoo = sac
abpl = zki
abpm acop acoo = qik
abpn acop acoo = zq
abpo acop acoo acoq = rdn
abpp = rql
abpq acop acoo = mva
abpr acoo = fbl
abps acoo acop = vqg
abpt acop acoo = wqg
abpu acop acoo acoq = cke
abpv acoo acoq acop = lif
abpw = jee ijv
abpx = abai
abpy acop acoq acoo = gxs njt orf
abpz acoo = mtq
abqa acoo = gs vrn
abqb acoq acop acoo = bmg tnk syw
abqc acoq acoo acop = obe
abqd = ksy xnj
abqe = aig xqd
abqf acop acoq acoo = mzc
abqg acoo = rtx
abqh acop acoq acoo = qmv
abqi acoq acoo acop = xyu
abqj acoo = vsl
abqk = fod
abql acoo = aann eka jbk
abqm acop acoo = pme
abqn acoo = pup (abik yzb)
abqo acoo = tbz
abqp acoo acop acoq = ouw
abqq acoo = vro
abqr acoo = rdk (akz wiv) zfn
abqs = ybb
abqt acop acoo = jby
abqu acoq acoo acop = aaav
abqv acop acoo = fnh pbb wak
abqw = srp
abqx = zsr ugp
abqy acop acoo = zak hsc mjz gyv
abqz acoo = ksc (lx nhq)
abra = aaht
abrb = qjc eje qvw
abrc acoo acoq acop = abkc
abrd = rik
abre acoo = wpk wdh aclh nrn
abrf acop acoo = icv iil abkg
abrg = pke
abrh = ifk scl
abri acoo acop = stc abnc nri eck
abrj acoo = ooq
abrk acoo = vwf
abrl = pok
abrm acoo = nqm
abrn acoo = awi kdn biy
abro acop acoo = lmp
abrp acoo acop = zzx gwz ibq
abrq = arf
abrr acop acoo = cae
abrs acoo = pge
abrt acoo = jiz
abru acoo acoq acop = gif
abrv acoo acop = sdr
abrw = aqg
abrx acoo acop acoq = gaz jls
abry = hat tjy
abrz acoo acoq acop = rti
absa = dgb
absb acoo acop = twd
absc acoo = kni
absd acoo acop = ytq fns
abse acoo acop = ogq
absf acoo = boi ndg
absg = sdh gh
absh acoo acop = dzc mtp
absi acoo = gkg
absj acop acoq acoo = krl
absk acoo = zna
absl = zva
absm = abbk avv vlw
absn = tik wgl
abso acop acoo = gxd ttd jpx
absp acoo acop acoq = mxe
absq acoo = jav
absr acoo = luo
abss acoo acoq acop = ghx lbb hjo
abst = qxb
absu acoo = lo icz fyt dcw
absv = bbh nrh
absw acoo acop = ar
absx = mis
absy = aaul lqj (xer hpo)
absz acoo acop = jnu ackm
abta = aawz
abtb = xke
abtc acoo = env aake
abtd acoo acop acoq = bjs
abte acoo = xu wvo
abtf = fte
abtg acop acoo = afy
abth acoo = abcb joz bbw
abti acoo acoq acop = bzv
abtj acoo = oim
abtk acop acoq acoo = ljr
abtl acoo acop = xsi cwd
abtm acoo acoq acop = sdx ueb
abtn acoq acoo acop = nyz
abto = ekd oud msy
abtp acoo = ziw
abtq acop acoo = jsx nqa apc
abtr acop acoo = hth
abts = rfm liw nb haz
abtt = ivf yqi abbu aciz ykz
abtu acoo = aeu
abtv acoo acop = ohd xjn
abtw acoo acoq acop = yxp thw
abtx = avt dua cks ucy
abty acoo = acbr
abtz acop acoo acoq = mai
abua acop acoq acoo = ags
abub acoo acop = rsx
abuc = zgn miv
abud acoo = bce
abue acoo = vcb qkl
abuf acoq acoo acop = ffc
abug = ybk
abuh acoo acoq acop = qlz sli
abui acop acoo = xtx
abuj = ges
abuk acoo = iyl jsk
abul = rtb exy zrs uyj
abum acop acoq acoo = egl aasx
abun = utu
abuo acoo acop = usv abq
abup acoo acop = ic
abuq = tkj wqd xsy xmc
abur acoo = aaqc
abus acoq acop acoo = waz
abut acop acoo = gro
abuu = aaub
abuv acop acoo = yhe lyh
abuw acoo acop = egj
abux acoo = sno acjp anv
abuy acop acoo acoq = hcz
abuz = hqb nzo
abva acop acoo = ckx oun
abvb acoo acop acoq = acko fpr wld
abvc acoo acop = zb
abvd = qnc
abve acop acoo acoq = huk
abvf = ikn
abvg = dbx aqx omq jgy
abvh acop acoq acoo = jvc
abvi = ish
abvj acoo acop = vni
abvk acoq acoo acop = aajp
abvl acop acoo = acae txo dln
abvm acop acoq acoo = hjo hvw
abvn acoo acop = qby gor
abvo acoo = uwt
abvp acop acoo = wqw azz
abvq acoo = jne
abvr = xjr xya apq
abvs acop acoo acoq = jfs eqd mzw
abvt acoo = vlz
abvu = ocm
abvv acoo acoq acop = hcy nzj rcg
abvw acop acoo = eon
abvx acoq acop acoo = rsk
abvy = wok
abvz = ohj
abwa acoo = sdu
abwb = evo eyz
abwc = xgr wya lkj aapq
abwd acoo = pvw
abwe acop acoo acoq = vhd (ovc kyh vcg)
abwf acoq acoo acop = jiu
abwg acoq acop acoo = acnp
abwh = pyt
abwi = hfe
abwj acoo = xeq
abwk acoo = hhk
abwl acoo = stt
abwm = dbm uig abxe zce
abwn = xjo
abwo acoo = dkk
abwp = aoz
abwq acoo = ukq
abwr acop acoq acoo = uuv
abws acop acoo = wwy
abwt acop acoo = absc
abwu acoo = hql sba
abwv acoo = yx
abww acop acoo acoq = ysy cqt
abwx acoq acop acoo = hug
abwy acoo acop acoq = dz
abwz acoo = iqf
abxa acop acoo acoq = fpg shc sra
abxb acoo acop = whm
abxc acoo acop = xxf aars bve bos qwp
abxd acoo acop = dzx
abxe acoo acop acoq = evh zmv mqm
abxf = skk
abxg acoo acop = cup
abxh acoo = zov kjv
abxi acop acoo acoq = jec yfc
abxj = jtr
abxk acoo acop = ywp (dxn nth izt)
abxl acoo acop acoq = efo
abxm = nlv ecp
abxn = peb
abxo acop acoo acoq = uu
abxp acop acoo acoq = cqe fwc vpz
abxq acoo = hpd
abxr acoo acop = abrx
abxs acoo acop = mdk kay qki
abxt acoo acop = dlr
abxu acop acoo = uok oam abwn
abxv acoq acop acoo = hvn aqk zjk
abxw acoo = vqo
abxx acoo = abtx
abxy = vjk
abxz acop acoq acoo = pyp (pms absi pdx) dwr
abya acop acoo = cem aabb im
abyb acop acoo = idy
abyc = tjl
abyd = bpv
abye acoq acoo acop = cee wzx ybx krd
abyf = lkf zzz
abyg acop acoo acoq = cec mka kia aart
abyh = mpe
abyi acoo acoq acop = qbb
abyj acoq acop acoo = yur
abyk acop acoo acoq = ili tky hpx
abyl acop acoo = cgp kje chv
abym = btc
abyn acoq acoo acop = mkj gzz
abyo acop acoo = pig
abyp = aayg rum
abyq acoq acoo acop = czc
abyr acop acoo = vgr
abys acop acoo = nac
abyt acop acoo = aaqz
abyu = aanv
abyv acop acoo acoq = zra
abyw = abec
abyx acop acoo = aky
abyy acoo acop = vtp zua dfe
abyz acoq acoo acop = nui
abza acop acoo acoq = acig wmd
abzb acop acoo acoq = ohu azv
abzc acop acoq acoo = umv nte whv
abzd acoq acop acoo = hob
abze = any
abzf acop acoo = pnn ypk gwg vgj tpz
abzg acoo = pbf jil jdr
abzh = ity roq
abzi acop acoo = ablu rhi
abzj = xwk
abzk acop acoo = mae cko (cfd szv)
abzl acop acoo = nuc dis
abzm acoo acop = qdy
abzn acop acoo acoq = aayf
abzo = cfh
abzp acoo acoq acop = gxq
abzq acop acoo acoq = neb ebu
abzr acoq acoo acop = vxb dmj xen
abzs acop acoo = odj
abzt acoo acop acoq = pal
abzu acoo = gwu
abzv = xgz
abzw = acfm
abzx acoo = tdu
abzy = ubv
abzz acoo = ewv joy fdi yui aaay
acaa acoo acop = fkc
acab = toe nfi
acac = jqq txe aagp
acad acoo acop acoq = rl
acae acoq acoo acop = qzp
acaf acop acoo = acct
acag acoo = cyd
acah acoq acop acoo = bab
acai acoo = aakl
acaj = yiv eqw
acak acop acoo = gby
acal acoo acop acoq = jkc all
acam acoo acop acoq = hud ulf eaq ftd
acan acop acoq acoo = wtk wxh
acao acop acoo = wxz
acap acoo acop acoq = ave
acaq = rsy
acar acoo = utb
acas acop acoo = cgk
acat = vgm zgn
acau acop acoo = ktb
acav acoo acoq acop = vjw
acaw acop acoq acoo = dji
acax acoo = aahn
acay = qmq
acaz = elv vgv
acba = kqg
acbb acop acoo = rdv imn
acbc acoq acop acoo = coc
acbd = tiq nou wug sfj tek
acbe acoo acop = xho
acbf acoo = gul mxh opi
acbg = zfo qjk pop
acbh acoo = prx glz acbs
acbi acoq acop acoo = tzu
acbj acop acoo = irs ifw
acbk acop acoo = bbr
acbl acoo = eni gnt (aaqe yqc) oxq
acbm acoo acop = jgt
acbn = aaoj rmf ayx
acbo acoo = qqu uqj
acbp = cuc
acbq acoo acoq acop = zvk ele myt
acbr = wir
acbs acoq acop acoo = vzs
acbt acoo = ufn
acbu = xtv (acej sqb)
acbv = chl
acbw acoo = yt ank
acbx acoo = uwk
acby acoo = ache
acbz = ouz
acca acop acoo acoq = inb
accb acoq acop acoo = rjj wvb azt
accc acop acoo acoq = eme
accd acoo acop = ajn
acce acop acoo acoq = gjs mrf
accf acoo = fuy
accg acoo = abii
acch acoo acop acoq = qyu
acci acop acoq acoo = wty pjg
accj acop acoo = mdp
acck acoo acop = qfy
accl acop acoq acoo = pp abzx uut mcr
accm acop acoo = iue
accn acoo = cox
acco acop acoo acoq = evo
accp acop acoq acoo = mnf
accq acoo acop acoq = zlr uda gbt scy
accr acoo acop acoq = pga hpj
accs = qyo
acct acoo = ywk lth
accu acoo acop acoq = nql
accv acoo = unh
accw = zsp
accx = gof wds
accy acoo = muy
accz acop acoo acoq = zjk
acda acoo = acbg tvs ysi bpy vdi
acdb acoo = odx keu fci aaxo
acdc = hhw aayt abrs
acdd acop acoo acoq = ham
acde = mho dvu ado onr
acdf = wtr
acdg acoo acop = jtq nzh xfb
acdh acoo = vws bls tkc
acdi = svh
acdj acoo = low
acdk = pzc
acdl acoq acop acoo = pvu
acdm acoq acop acoo = jgu
acdn acoq acop acoo = snf duo xbk
acdo acoo = rgv
acdp acop acoq acoo = xeg
acdq acoo acop = pvy
acdr acoo acoq acop = vdd wya
acds = hge
acdt acoo = acnl (xwr ru)
acdu acop acoo = yon
acdv acoo acop = gih
acdw acoo acoq acop = cgw
acdx = ymj
acdy = ooz uei igb ezd
acdz acoo = knq
acea acoo acop = fmx
aceb acop acoo acoq = xtg
acec acoq acop acoo = ego
aced = achl tdw abqm abzm gel
acee = gdx jpv mfe
acef acop acoq acoo = ujz
aceg acoq acop acoo = khy
aceh acoo = vt qgb
acei acoo = vxg fau jgw
acej = yno abmg
acek acop acoo = msh ogw
acel = kdv zmw
acem acoq acoo acop = yzu lyg xpr qmj
acen acop acoo = nur ypj
aceo = nye eal inh qmx efm
acep acoo = viw
aceq = qnm gnv qoh
acer acop acoo = zvs dmm
aces acoo = dat
acet acoo acop acoq = omc hl lzp
aceu = stf cof xle etn
acev acoo = qyx
acew = drq
acex acoo acop = cqc usu
acey acoo acoq acop = var
acez acop acoo = kto
acfa acop acoq acoo = tjr ycp
acfb acoo acop = chk pxf rja bpz
acfc acoo = wuf
acfd acoo = rlu dkj
acfe acoq acop acoo = abwo
acff = yoi
acfg acoq acoo acop = abtn
acfh acoo acop = jha
acfi acoo acop acoq = qr abnw qix csa
acfj = adg kza spp
acfk acop acoq acoo = fng
acfl acop acoq acoo = omw bsb
acfm = klq acdn sqv
acfn acop acoq acoo = gtu
acfo acoo = cgc
acfp = ozu
acfq = jcf
acfr acoo acoq acop = rfe
acfs acoo = iqy bld qas
acft acoq acop acoo = zqx gck
acfu acoo = etd esx ywj
acfv acoo acoq acop = ykj
acfw acoq acop acoo = iqd
acfx acoq acoo acop = lnp (vgk jkn)
acfy acoq acop acoo = eos
acfz = kuq
acga = ast
acgb = ycy
acgc acoo = wzz nxk
acgd acoo acop = lrl qfp (due thr)
acge acoo = efi gew
acgf acoo = abde
acgg acoo = vdi ifv
acgh acoo acop = zcc
acgi = etb
acgj acop acoo = jmn cgf
acgk acop acoo acoq = vsc
acgl acop acoo acoq = sxs
acgm acop acoq acoo = jah hzr
acgn acoo = tde mgo
acgo acoo = abkv acap
acgp acop acoo = dcn frp ckk
acgq acop acoq acoo = zcf ea
acgr acoo acop = wyd
acgs acoo acoq acop = ofj
acgt acoo = lix
acgu acoo acop = kpv
acgv acoo = ivf mai exr
acgw acop acoo = sxw myq vpj ze
acgx = sqm myb
acgy = kd
acgz acop acoo = abwk lzr uax ium nt
acha acop acoq acoo = wti aagj
achb = vtp
achc acoo acop = ncg ndb
achd acop acoq acoo = giv
ache = rmz
achf = vpw gbh iyh
achg acoq acop acoo = uqq
achh = afu dni lxu
achi = vlp ger abbl
achj acoq acoo acop = qgu
achk acop acoo = abcp lxd cqb igf
achl = exr
achm acoo acop = abx daf
achn = sck lr guc wlv
acho = isu qqc eh
achp = jqe
achq acoo = igo hsk rbz ggm
achr = ivi ffd zsd
achs acop acoo = rnn
acht acop acoo acoq = ese
achu acop acoo acoq = zqa git qym
achv acoq acop acoo = hcr
achw acoo acoq acop = jdm aaez lhk
achx acoo acoq acop = zap
achy acoo = abmy tzh
achz acoo acoq acop = wjj fnh
acia acop acoo = nmn wwo
acib acoo acop = gfv cvv row srm
acic acoo = flp
acid acoo = ulm fsj gwf
acie = abpj ptj
acif = vvg
acig = sn
acih = oen
acii acop acoo = dlb
acij acoo = aavw
acik = iwg
acil acoo = zxa zit lyh dot
acim acoq acoo acop = lbz
acin acoq acop acoo = pae
acio acop acoq acoo = wgt
acip = pjz
aciq acoo = ofi
acir acop acoo = epw nrm qjb ixl zuc
acis acoo acop = rtg
acit acoo acoq acop = fqk aanf aafy
aciu acoo = oyr
aciv acoo = ncr wcu
aciw = grj exl
acix acoo acop = xdx (giu twj znf)
aciy acoo = bgq
aciz acoo = abxu
acja acoo = fhf xyk jvb accg
acjb acoo = abhh
acjc acoo = luc
acjd acoo = acmb qmy xpo
acje = fvf ehu
acjf = hhq yde mj
acjg acoo acoq acop = tyq wsm yxn
acjh = vgy ivx bxo
acji = rgp rth
acjj acoo acop = vva
acjk acoo acop = vuf xhk bur dew
acjl acop acoo = asw
acjm acoo = lyi vs
acjn acoo acoq acop = abgk
acjo acop acoo acoq = wnb
acjp acop acoo acoq = lcn
acjq = ho
acjr = nqw inv
acjs acoo = pym
acjt acoo = oit zob
acju acop acoo acoq = vzh
acjv = eoj
acjw = lip nfk acy
acjx acoq acop acoo = jhd
acjy acoo = kyb
acjz acoo acop = ziq jbd gqy wru bmd
acka acoq acop acoo = nsh
ackb acoo acop = tek
ackc acoq acop acoo = sqn
ackd acop acoo acoq = axv pkb
acke acoo = pck ddw
ackf acoo = sik cwj loo
ackg acoq acoo acop = vqg
ackh acoo acop = wbr oac
acki acop acoo = xxm wig czc eyr
ackj acoo acop = zox
ackk acoo acoq acop = dps fby
ackl acoo = ose
ackm = wdu lpp
ackn = cca eau
acko acoo acop = fhp
ackp acoo acop = yhh nzn
ackq acop acoo = chq
ackr = zor
acks acoo acop = cad ldv
ackt acoo = uog aaq
acku acop acoo = hkp hae
ackv = dcl
ackw acoo = ojn
ackx acoo = mig
acky = wux
ackz acoo = kwi
acla acoo = gum
aclb acop acoo acoq = icf bsg
aclc = gcw
acld acoo acop = daa mb
acle = veq
aclf acop acoo = tuc
aclg = csn nbb
aclh acop acoo acoq = cjk zwf (kpm ije qnr)
acli acop acoo = zot
aclj acoo = jbk
aclk acop acoo acoq = ayo pfw cxa kwr
acll acoo = qww
aclm acoo acop = zwc
acln acoo = zie abye
aclo acoo = jbu
aclp acoo = dpf ly
aclq acop acoo = eqs bns unx
aclr acop acoo = xzz jai (hne kdc wku)
acls acop acoq acoo = smw zqo twy
aclt = xkw wzm sfw aagg wmg
aclu = syx
aclv acoo = ymx
aclw acop acoo = vvo
aclx acoo acop acoq = yel yn
acly acoo acoq acop = cwr
aclz acoq acoo acop = cna rrs vjk vnk
acma acop acoo = aanc vsz
acmb acoq acop acoo = ohh ckt aacx slc zux
acmc = hhh ntb
acmd acoq acoo acop = aki spq vfm
acme = nll gwn
acmf acop acoo = kgj taq uia
acmg = hli ych xkk xxb
acmh acoo acop = ddm
acmi acoo acop = iou lmw
acmj acoo = yju jtu rkl
acmk acoo acoq acop = zbp
acml acoo = crg
acmm = hnz
acmn acoo = yhe
acmo acoq acoo acop = suu
acmp = iol
acmq acoo = cim gjl fov dlu
acmr acoo = xcw egw lof
acms acoo = vdt
acmt acoo = lui
acmu acoo acop acoq = rmh
acmv acop acoo = jkf
acmw acop acoo = qsu
acmx = lha xvj
acmy acoq acop acoo = khi
acmz acop acoo acoq = sfe
acna acop acoo = dpb dsk
acnb = gov
acnc acoq acoo acop = qqo
acnd acoo = sgu cwn spz
acne = kmc
acnf acoo acop acoq = rx
acng acop acoq acoo = aagx
acnh acoo = szr
acni acoo acoq acop = heq (aayw umm) dwq zpr
acnj acoo = wxk pny
acnk acop acoo = sbr
acnl acoo = dd
acnm acop acoo = fes
acnn acoo acoq acop = cth
acno = npn ehn
acnp acoo = xpn
acnq acoo acop acoq = ymd
acnr acoq acoo acop = abic
acns acoo = hzx
acnt = eom
acnu acoo = kc
acnv acop acoq acoo = xzb
acnw acoo acop acoq = abik
acnx acop acoo acoq = wyi
acny = gjq vhb
acnz acoo acop acoq = dhg
acoa acoo acop = els
acob acop acoo acoq = nl
acoc acoo = sjh fug
acod acoq acoo acop = lcx
acoe acoo acoq acop = gkx
acof = ppe dta
acog acoo acoq acop = kzm
acoh acoo acop = lue
acoi acoo = aaqh
acoj acoo = xoa bgi
acok = voq
acol acop acoo = snn
acom acoo = vmk ebx
acon = elt ttg nem prv
main = A (vac rvh) brc kjk B cb C D dpr E nqn asn chf kgn hxh (F (G H abnj xus cqn) I rkp hzx cve gpk J K nrl) (L M pm N cdb hvb (O P (qpr (zwt ogy fuo (gjf byy ghf Q (nio R) eeb)) hcj nav) sho (S T U xzg cju acbt) aso lpq iyg) V ayc aail aceb kfm) wca W ble avt dqb (X knk) (Y gk suf) quo Z sod gyw tuq (pri tev (kpl rfu (nk (AA abgr)) vxk abvh cci) xxu ysk AB sae AC) oxw phr (tez ssh dya okl abnb AD (ani cem (qpt AE dvz) htm (zjm doy) omd)) tdh (AF zpp itj uva (AG AH omw ond zpp zwg (AI ydm AJ den AK rju dp uen (zeu (AL AM AN ojc)) pni cuj lbn) evi qxh (AO qvb) kaa zqb) (wxw psk AP nwt ejp AQ) zqf gl AR ldb nrh lic) AT erj xto AU cso jqu AV (AW AX npj AY (AZ nmr) nlo aawl nio aawa) eeq nkz abxw fff BA BB BC nvf (BD zor) (BE pdn) lrk BF xps btq BG jjs BH okw BI BJ BK gjw BL BM cvu BN wky yid ora xgd osy dtn zdo BO (BP aaas) abmv (BQ BR BS BT pfk dqv) BU BV xsv BW xgh abay BX BY BZ hut CA jjt mxs lgr isz xwv wmk CB CC vow xf eqg CD CE CF (aamj CG (uac rxp xep (zgp CH CI vtv sul aakn) mm oqg org uqu (um CJ CK cfw)) rwe) xrd mpv pex CL CM CN bga dgh CO awm CP wmp gdw CQ okr abji cph CR jal iyc CS nvn CT CU dsi CV (CW wod CX) CY CZ ldf DA uog DB goq xvh DC DD gro DE DF hzl fns DG ggv eby agj axk vcw vyp DH mmq tma xmv DI (hc xqq hrv tyc ndl) lbj (DJ leq ugd brc) DK DL (DM (tnq aajh hxb abby ziw ovq trv cxs) DN rid eey cvf gdu lbx) (clm she DP (DQ naf yed (zte wje kaa kmp (avf DR)) ril svp rnz ksn DS (DT vxt (abzp DU acdb) mgu yea) (DV (DW DX (DY uxu dha qqa vpf DZ dhw cnl) wxd lrw) gmp pct EA oqv) wlh gvf (lqm EB EC)) ucv) ED EE yuf aarx ypn
------------------------------------------------------------
A (vac rvh) brc kjk B cb C D dpr E nqn asn chf kgn hxh (F (G H abnj xus cqn) I rkp hzx cve gpk J K nrl) (L M pm N cdb hvb (O P (qpr (zwt ogy fuo (gjf byy ghf Q (nio R) eeb)) hcj nav) sho (S T U xzg cju acbt) aso lpq iyg) V ayc aail aceb kfm) wca W ble avt dqb (X knk) (Y gk suf) quo Z sod gyw tuq (pri tev (kpl rfu (nk (AA abgr)) vxk abvh cci) xxu ysk AB sae AC) oxw phr (tez ssh dya okl abnb AD (ani cem (qpt AE dvz) htm (zjm doy) omd)) tdh (AF zpp itj uva (AG AH omw ond zpp zwg (AI ydm AJ den AK rju dp uen (zeu (AL AM AN ojc)) pni cuj lbn) evi qxh (AO qvb) kaa zqb) (wxw psk AP nwt ejp AQ) zqf gl AR ldb nrh lic) AT erj xto AU cso jqu AV (AW AX npj AY (AZ nmr) nlo aawl nio aawa) eeq nkz abxw fff BA BB BC nvf (BD zor) (BE pdn) lrk BF xps btq BG jjs BH okw BI BJ BK gjw BL BM cvu BN wky yid ora xgd osy dtn zdo BO (BP aaas) abmv (BQ BR BS BT pfk dqv) BU BV xsv BW xgh abay BX BY BZ hut CA jjt mxs lgr isz xwv wmk CB CC vow xf eqg CD CE CF (aamj CG (uac rxp xep (zgp CH CI vtv sul aakn) mm oqg org uqu (um CJ CK cfw)) rwe) xrd mpv pex CL CM CN bga dgh CO awm CP wmp gdw CQ okr abji cph CR jal iyc CS nvn CT CU dsi CV (CW wod CX) CY CZ ldf DA uog DB goq xvh DC DD gro DE DF hzl fns DG ggv eby agj axk vcw vyp DH mmq tma xmv DI (hc xqq hrv tyc ndl) lbj (DJ leq ugd brc) DK DL (DM (tnq aajh hxb abby ziw ovq trv cxs) DN rid eey cvf gdu lbx) (clm she DP (DQ naf yed (zte wje kaa kmp (avf DR)) ril svp rnz ksn DS (DT vxt (abzp DU acdb) mgu yea) (DV (DW DX (DY uxu dha qqa vpf DZ dhw cnl) wxd lrw) gmp pct EA oqv) wlh gvf (lqm EB EC)) ucv) ED EE yuf aarx ypn
A (vac rvh) brc kjk B cb C D dpr E nqn asn chf kgn hxh (F (G H abnj xus cqn) I rkp hzx cve gpk J K nrl) (L M pm N cdb hvb (O P (rux nav) sho (S T U xzg cju acbt) aso lpq iyg) V ayc aail aceb kfm) wca W ble avt dqb (X knk) (Y gk suf) quo Z sod gyw tuq (pri tev (kpl rfu (nk (AA abgr)) vxk abvh cci) xxu ysk AB sae AC) oxw phr (tez ssh dya okl abnb AD (ani cem (qpt AE dvz) htm (zjm doy) omd)) tdh (AF zpp itj uva (AG AH omw ond zpp zwg (AI ydm AJ den AK rju dp uen (zeu (AL AM AN ojc)) pni cuj lbn) evi qxh (AO qvb) kaa zqb) (wxw psk AP nwt ejp AQ) zqf gl AR ldb nrh lic) AT erj xto AU cso jqu AV (AW AX npj AY (AZ nmr) nlo aawl nio aawa) eeq nkz abxw fff BA BB BC nvf (BD zor) (BE pdn) lrk BF xps btq BG jjs BH okw BI BJ BK gjw BL BM cvu BN wky yid ora xgd osy dtn zdo BO (BP aaas) abmv (BQ BR BS BT pfk dqv) BU BV xsv BW xgh abay BX BY BZ hut CA jjt mxs lgr isz xwv wmk CB CC vow xf eqg CD CE CF (aamj CG (uac rxp xep (zgp CH CI vtv sul aakn) mm oqg org uqu (um CJ CK cfw)) rwe) xrd mpv pex CL CM CN bga dgh CO awm CP wmp gdw CQ okr abji cph CR jal iyc CS nvn CT CU dsi CV (CW wod CX) CY CZ ldf DA uog DB goq xvh DC DD gro DE DF hzl fns DG ggv eby agj axk vcw vyp DH mmq tma xmv DI (hc xqq hrv tyc ndl) lbj (DJ leq ugd brc) DK DL (DM (tnq aajh hxb abby ziw ovq trv cxs) DN rid eey cvf gdu lbx) (clm she DP (DQ naf yed (zte wje kaa kmp (avf DR)) ril svp rnz ksn DS (DT vxt (abzp DU acdb) mgu yea) (DV (DW DX (DY uxu dha qqa vpf DZ dhw cnl) wxd lrw) gmp pct EA oqv) wlh gvf (lqm EB EC)) ucv) ED EE yuf aarx ypn
A (vac rvh) brc kjk B cb C D dpr E nqn asn chf kgn hxh (F (G H abnj xus cqn) I rkp hzx cve gpk J K nrl) (L M pm N cdb hvb (O P (rux nav) sho (S T U xzg cju acbt) aso lpq iyg) V ayc aail aceb kfm) wca W ble avt dqb (X knk) (Y gk suf) quo Z sod gyw tuq (fcj asw sjd rcn xxu ysk AB sae AC) oxw phr (tez ssh dya okl abnb AD (ani cem (qpt AE dvz) htm (zjm doy) omd)) tdh (AF zpp itj uva (AG AH omw ond zpp zwg (AI ydm AJ den AK rju dp uen (zeu (AL AM AN ojc)) pni cuj lbn) evi qxh (AO qvb) kaa zqb) (wxw psk AP nwt ejp AQ) zqf gl AR ldb nrh lic) AT erj xto AU cso jqu AV (AW AX npj AY (AZ nmr) nlo aawl nio aawa) eeq nkz abxw fff BA BB BC nvf (BD zor) (BE pdn) lrk BF xps btq BG jjs BH okw BI BJ BK gjw BL BM cvu BN wky yid ora xgd osy dtn zdo BO (BP aaas) abmv (BQ BR BS BT pfk dqv) BU BV xsv BW xgh abay BX BY BZ hut CA jjt mxs lgr isz xwv wmk CB CC vow xf eqg CD CE CF (aamj CG (uac rxp xep (zgp CH CI vtv sul aakn) mm oqg org uqu (um CJ CK cfw)) rwe) xrd mpv pex CL CM CN bga dgh CO awm CP wmp gdw CQ okr abji cph CR jal iyc CS nvn CT CU dsi CV (CW wod CX) CY CZ ldf DA uog DB goq xvh DC DD gro DE DF hzl fns DG ggv eby agj axk vcw vyp DH mmq tma xmv DI (hc xqq hrv tyc ndl) lbj (DJ leq ugd brc) DK DL (DM (tnq aajh hxb abby ziw ovq trv cxs) DN rid eey cvf gdu lbx) (clm she DP (DQ naf yed (zte wje kaa kmp (avf DR)) ril svp rnz ksn DS (DT vxt (abzp DU acdb) mgu yea) (DV (DW DX (DY uxu dha qqa vpf DZ dhw cnl) wxd lrw) gmp pct EA oqv) wlh gvf (lqm EB EC)) ucv) ED EE yuf aarx ypn
A (vac rvh) brc kjk B cb C D dpr E nqn asn chf kgn hxh (F (G H abnj xus cqn) I rkp hzx cve gpk J K nrl) (L M pm N cdb hvb (O P (rux nav) sho (S T U xzg cju acbt) aso lpq iyg) V ayc aail aceb kfm) wca W ble avt dqb (X knk) (Y gk suf) quo Z sod gyw tuq (ujz pnl asw sjd rcn xxu ysk AB sae AC) oxw phr (tez ssh dya okl abnb AD (ani cem (qpt AE dvz) htm (zjm doy) omd)) tdh (AF zpp itj uva (AG AH omw ond zpp zwg (AI ydm AJ den AK rju dp uen (zeu (AL AM AN ojc)) pni cuj lbn) evi qxh (AO qvb) kaa zqb) (wxw psk AP nwt ejp AQ) zqf gl AR ldb nrh lic) AT erj xto AU cso jqu AV (AW AX npj AY (AZ nmr) nlo aawl nio aawa) eeq nkz abxw fff BA BB BC nvf (BD zor) (BE pdn) lrk BF xps btq BG jjs BH okw BI BJ BK gjw BL BM cvu BN wky yid ora xgd osy dtn zdo BO (BP aaas) abmv (BQ BR BS BT pfk dqv) BU BV xsv BW xgh abay BX BY BZ hut CA jjt mxs lgr isz xwv wmk CB CC vow xf eqg CD CE CF (aamj CG (uac rxp xep (zgp CH CI vtv sul aakn) mm oqg org uqu (um CJ CK cfw)) rwe) xrd mpv pex CL CM CN bga dgh CO awm CP wmp gdw CQ okr abji cph CR jal iyc CS nvn CT CU dsi CV (CW wod CX) CY CZ ldf DA uog DB goq xvh DC DD gro DE DF hzl fns DG ggv eby agj axk vcw vyp DH mmq tma xmv DI (hc xqq hrv tyc ndl) lbj (DJ leq ugd brc) DK DL (DM (tnq aajh hxb abby ziw ovq trv cxs) DN rid eey cvf gdu lbx) (clm she DP (DQ naf yed (zte wje kaa kmp (avf DR)) ril svp rnz ksn DS (DT vxt (abzp DU acdb) mgu yea) (DV (DW DX (DY uxu dha qqa vpf DZ dhw cnl) wxd lrw) gmp pct EA oqv) wlh gvf (lqm EB EC)) ucv) ED EE yuf aarx ypn
A (vac rvh) brc kjk B cb C D dpr E nqn asn chf kgn hxh (F (G H abnj xus cqn) I rkp hzx cve gpk J K nrl) (L M pm N cdb hvb (O P (rux nav) sho (S T U xzg cju acbt) aso lpq iyg) V ayc aail aceb kfm) wca W ble avt dqb (X knk) (Y gk suf) quo Z sod gyw tuq (vqf gah rcn xxu ysk AB sae AC) oxw phr (tez ssh dya okl abnb AD (ani cem (qpt AE dvz) htm (zjm doy) omd)) tdh (AF zpp itj uva (AG AH omw ond zpp zwg (AI ydm AJ den AK rju dp uen (zeu (AL AM AN ojc)) pni cuj lbn) evi qxh (AO qvb) kaa zqb) (wxw psk AP nwt ejp AQ) zqf gl AR ldb nrh lic) AT erj xto AU cso jqu AV (AW AX npj AY (AZ nmr) nlo aawl nio aawa) eeq nkz abxw fff BA BB BC nvf (BD zor) (BE pdn) lrk BF xps btq BG jjs BH okw BI BJ BK gjw BL BM cvu BN wky yid ora xgd osy dtn zdo BO (BP aaas) abmv (BQ BR BS BT pfk dqv) BU BV xsv BW xgh abay BX BY BZ hut CA jjt mxs lgr isz xwv wmk CB CC vow xf eqg CD CE CF (aamj CG (uac rxp xep (zgp CH CI vtv sul aakn) mm oqg org uqu (um CJ CK cfw)) rwe) xrd mpv pex CL CM CN bga dgh CO awm CP wmp gdw CQ okr abji cph CR jal iyc CS nvn CT CU dsi CV (CW wod CX) CY CZ ldf DA uog DB goq xvh DC DD gro DE DF hzl fns DG ggv eby agj axk vcw vyp DH mmq tma xmv DI (hc xqq hrv tyc ndl) lbj (DJ leq ugd brc) DK DL (DM (tnq aajh hxb abby ziw ovq trv cxs) DN rid eey cvf gdu lbx) (clm she DP (DQ naf yed (zte wje kaa kmp (avf DR)) ril svp rnz ksn DS (DT vxt (abzp DU acdb) mgu yea) (DV (DW DX (DY uxu dha qqa vpf DZ dhw cnl) wxd lrw) gmp pct EA oqv) wlh gvf (lqm EB EC)) ucv) ED EE yuf aarx ypn
A (vac rvh) brc kjk B cb C D dpr E nqn asn chf kgn hxh (F (G H abnj xus cqn) I rkp hzx cve gpk J K nrl) (L M pm N cdb hvb (O P (rux nav) sho (S T U xzg cju acbt) aso lpq iyg) V ayc aail aceb kfm) wca W ble avt dqb (X knk) (Y gk suf) quo Z sod gyw tuq (bum gah rcn xxu ysk AB sae AC) oxw phr (tez ssh dya okl abnb AD (ani cem (qpt AE dvz) htm (zjm doy) omd)) tdh (AF zpp itj uva (AG AH omw ond zpp zwg (AI ydm AJ den AK rju dp uen (zeu (AL AM AN ojc)) pni cuj lbn) evi qxh (AO qvb) kaa zqb) (wxw psk AP nwt ejp AQ) zqf gl AR ldb nrh lic) AT erj xto AU cso jqu AV (AW AX npj AY (AZ nmr) nlo aawl nio aawa) eeq nkz abxw fff BA BB BC nvf (BD zor) (BE pdn) lrk BF xps btq BG jjs BH okw BI BJ BK gjw BL BM cvu BN wky yid ora xgd osy dtn zdo BO (BP aaas) abmv (BQ BR BS BT pfk dqv) BU BV xsv BW xgh abay BX BY BZ hut CA jjt mxs lgr isz xwv wmk CB CC vow xf eqg CD CE CF (aamj CG (uac rxp xep (zgp CH CI vtv sul aakn) mm oqg org uqu (um CJ CK cfw)) rwe) xrd mpv pex CL CM CN bga dgh CO awm CP wmp gdw CQ okr abji cph CR jal iyc CS nvn CT CU dsi CV (CW wod CX) CY CZ ldf DA uog DB goq xvh DC DD gro DE DF hzl fns DG ggv eby agj axk vcw vyp DH mmq tma xmv DI (hc xqq hrv tyc ndl) lbj (DJ leq ugd brc) DK DL (DM (tnq aajh hxb abby ziw ovq trv cxs) DN rid eey cvf gdu lbx) (clm she DP (DQ naf yed (zte wje kaa kmp (avf DR)) ril svp rnz ksn DS (DT vxt (abzp DU acdb) mgu yea) (DV (DW DX (DY uxu dha qqa vpf DZ dhw cnl) wxd lrw) gmp pct EA oqv) wlh gvf (lqm EB EC)) ucv) ED EE yuf aarx ypn
A (vac rvh) brc kjk B cb C D dpr E nqn asn chf kgn hxh (F (G H abnj xus cqn) I rkp hzx cve gpk J K nrl) (L M pm N cdb hvb (O P (rux nav) sho (S T U xzg cju acbt) aso lpq iyg) V ayc aail aceb kfm) wca W ble avt dqb (X knk) (Y gk suf) quo Z sod gyw tuq (cbc ysk AB sae AC) oxw phr (tez ssh dya okl abnb AD (ani cem (qpt AE dvz) htm (zjm doy) omd)) tdh (AF zpp itj uva (AG AH omw ond zpp zwg (AI ydm AJ den AK rju dp uen (zeu (AL AM AN ojc)) pni cuj lbn) evi qxh (AO qvb) kaa zqb) (wxw psk AP nwt ejp AQ) zqf gl AR ldb nrh lic) AT erj xto AU cso jqu AV (AW AX npj AY (AZ nmr) nlo aawl nio aawa) eeq nkz abxw fff BA BB BC nvf (BD zor) (BE pdn) lrk BF xps btq BG jjs BH okw BI BJ BK gjw BL BM cvu BN wky yid ora xgd osy dtn zdo BO (BP aaas) abmv (BQ BR BS BT pfk dqv) BU BV xsv BW xgh abay BX BY BZ hut CA jjt mxs lgr isz xwv wmk CB CC vow xf eqg CD CE CF (aamj CG (uac rxp xep (zgp CH CI vtv sul aakn) mm oqg org uqu (um CJ CK cfw)) rwe) xrd mpv pex CL CM CN bga dgh CO awm CP wmp gdw CQ okr abji cph CR jal iyc CS nvn CT CU dsi CV (CW wod CX) CY CZ ldf DA uog DB goq xvh DC DD gro DE DF hzl fns DG ggv eby agj axk vcw vyp DH mmq tma xmv DI (hc xqq hrv tyc ndl) lbj (DJ leq ugd brc) DK DL (DM (tnq aajh hxb abby ziw ovq trv cxs) DN rid eey cvf gdu lbx) (clm she DP (DQ naf yed (zte wje kaa kmp (avf DR)) ril svp rnz ksn DS (DT vxt (abzp DU acdb) mgu yea) (DV (DW DX (DY uxu dha qqa vpf DZ dhw cnl) wxd lrw) gmp pct EA oqv) wlh gvf (lqm EB EC)) ucv) ED EE yuf aarx ypn
A (vac rvh) brc kjk B cb C D dpr E nqn asn chf kgn hxh (F (G H abnj xus cqn) I rkp hzx cve gpk J K nrl) (L M pm N cdb hvb (O P (rux nav) sho (S T U xzg cju acbt) aso lpq iyg) V ayc aail aceb kfm) wca W ble avt dqb (X knk) (Y gk suf) quo Z sod gyw tuq (aadn AC) oxw phr (tez ssh dya okl abnb AD (ani cem (qpt AE dvz) htm (zjm doy) omd)) tdh (AF zpp itj uva (AG AH omw ond zpp zwg (AI ydm AJ den AK rju dp uen (zeu (AL AM AN ojc)) pni cuj lbn) evi qxh (AO qvb) kaa zqb) (wxw psk AP nwt ejp AQ) zqf gl AR ldb nrh lic) AT erj xto AU cso jqu AV (AW AX npj AY (AZ nmr) nlo aawl nio aawa) eeq nkz abxw fff BA BB BC nvf (BD zor) (BE pdn) lrk BF xps btq BG jjs BH okw BI BJ BK gjw BL BM cvu BN wky yid ora xgd osy dtn zdo BO (BP aaas) abmv (BQ BR BS BT pfk dqv) BU BV xsv BW xgh abay BX BY BZ hut CA jjt mxs lgr isz xwv wmk CB CC vow xf eqg CD CE CF (aamj CG (uac rxp xep (zgp CH CI vtv sul aakn) mm oqg org uqu (um CJ CK cfw)) rwe) xrd mpv pex CL CM CN bga dgh CO awm CP wmp gdw CQ okr abji cph CR jal iyc CS nvn CT CU dsi CV (CW wod CX) CY CZ ldf DA uog DB goq xvh DC DD gro DE DF hzl fns DG ggv eby agj axk vcw vyp DH mmq tma xmv DI (hc xqq hrv tyc ndl) lbj (DJ leq ugd brc) DK DL (DM (tnq aajh hxb abby ziw ovq trv cxs) DN rid eey cvf gdu lbx) (clm she DP (DQ naf yed (zte wje kaa kmp (avf DR)) ril svp rnz ksn DS (DT vxt (abzp DU acdb) mgu yea) (DV (DW DX (DY uxu dha qqa vpf DZ dhw cnl) wxd lrw) gmp pct EA oqv) wlh gvf (lqm EB EC)) ucv) ED EE yuf aarx ypn
A (vac rvh) brc kjk B cb C D dpr E nqn asn chf kgn hxh (F (G H abnj xus cqn) I rkp hzx cve gpk J K nrl) (L M pm N cdb hvb (O P (rux nav) sho (S T U xzg cju acbt) aso lpq iyg) V ayc aail aceb kfm) wca W ble avt dqb (X knk) (Y gk suf) quo Z sod gyw tuq (aadn AC) oxw phr (yqr ssh dya okl abnb AD (ani cem (qpt AE dvz) htm (zjm doy) omd)) tdh (AF zpp itj uva (AG AH omw ond zpp zwg (AI ydm AJ den AK rju dp uen (zeu (AL AM AN ojc)) pni cuj lbn) evi qxh (AO qvb) kaa zqb) (wxw psk AP nwt ejp AQ) zqf gl AR ldb nrh lic) AT erj xto AU cso jqu AV (AW AX npj AY (AZ nmr) nlo aawl nio aawa) eeq nkz abxw fff BA BB BC nvf (BD zor) (BE pdn) lrk BF xps btq BG jjs BH okw BI BJ BK gjw BL BM cvu BN wky yid ora xgd osy dtn zdo BO (BP aaas) abmv (BQ BR BS BT pfk dqv) BU BV xsv BW xgh abay BX BY BZ hut CA jjt mxs lgr isz xwv wmk CB CC vow xf eqg CD CE CF (aamj CG (uac rxp xep (zgp CH CI vtv sul aakn) mm oqg org uqu (um CJ CK cfw)) rwe) xrd mpv pex CL CM CN bga dgh CO awm CP wmp gdw CQ okr abji cph CR jal iyc CS nvn CT CU dsi CV (CW wod CX) CY CZ ldf DA uog DB goq xvh DC DD gro DE DF hzl fns DG ggv eby agj axk vcw vyp DH mmq tma xmv DI (hc xqq hrv tyc ndl) lbj (DJ leq ugd brc) DK DL (DM (tnq aajh hxb abby ziw ovq trv cxs) DN rid eey cvf gdu lbx) (clm she DP (DQ naf yed (zte wje kaa kmp (avf DR)) ril svp rnz ksn DS (DT vxt (abzp DU acdb) mgu yea) (DV (DW DX (DY uxu dha qqa vpf DZ dhw cnl) wxd lrw) gmp pct EA oqv) wlh gvf (lqm EB EC)) ucv) ED EE yuf aarx ypn
A (vac rvh) brc kjk B cb C D dpr E nqn asn chf kgn hxh (F (G H abnj xus cqn) I rkp hzx cve gpk J K nrl) (L M pm N cdb hvb (O P (rux nav) sho (S T U xzg cju acbt) aso lpq iyg) V ayc aail aceb kfm) wca W ble avt dqb (X knk) (Y gk suf) quo Z sod gyw tuq (aadn AC) oxw phr (zhl sew kdn abnb AD (ani cem (qpt AE dvz) htm (zjm doy) omd)) tdh (AF zpp itj uva (AG AH omw ond zpp zwg (AI ydm AJ den AK rju dp uen (zeu (AL AM AN ojc)) pni cuj lbn) evi qxh (AO qvb) kaa zqb) (wxw psk AP nwt ejp AQ) zqf gl AR ldb nrh lic) AT erj xto AU cso jqu AV (AW AX npj AY (AZ nmr) nlo aawl nio aawa) eeq nkz abxw fff BA BB BC nvf (BD zor) (BE pdn) lrk BF xps btq BG jjs BH okw BI BJ BK gjw BL BM cvu BN wky yid ora xgd osy dtn zdo BO (BP aaas) abmv (BQ BR BS BT pfk dqv) BU BV xsv BW xgh abay BX BY BZ hut CA jjt mxs lgr isz xwv wmk CB CC vow xf eqg CD CE CF (aamj CG (uac rxp xep (zgp CH CI vtv sul aakn) mm oqg org uqu (um CJ CK cfw)) rwe) xrd mpv pex CL CM CN bga dgh CO awm CP wmp gdw CQ okr abji cph CR jal iyc CS nvn CT CU dsi CV (CW wod CX) CY CZ ldf DA uog DB goq xvh DC DD gro DE DF hzl fns DG ggv eby agj axk vcw vyp DH mmq tma xmv DI (hc xqq hrv tyc ndl) lbj (DJ leq ugd brc) DK DL (DM (tnq aajh hxb abby ziw ovq trv cxs) DN rid eey cvf gdu lbx) (clm she DP (DQ naf yed (zte wje kaa kmp (avf DR)) ril svp rnz ksn DS (DT vxt (abzp DU acdb) mgu yea) (DV (DW DX (DY uxu dha qqa vpf DZ dhw cnl) wxd lrw) gmp pct EA oqv) wlh gvf (lqm EB EC)) ucv) ED EE yuf aarx ypn
A (vac rvh) brc kjk B cb C D dpr E nqn asn chf kgn hxh (F (G H abnj xus cqn) I rkp hzx cve gpk J K nrl) (L M pm N cdb hvb (O P (rux nav) sho (S T U xzg cju acbt) aso lpq iyg) V ayc aail aceb kfm) wca W ble avt dqb (X knk) (Y gk suf) quo Z sod gyw tuq (aadn AC) oxw phr (prm wct abnb AD (ani cem (qpt AE dvz) htm (zjm doy) omd)) tdh (AF zpp itj uva (AG AH omw ond zpp zwg (AI ydm AJ den AK rju dp uen (zeu (AL AM AN ojc)) pni cuj lbn) evi qxh (AO qvb) kaa zqb) (wxw psk AP nwt ejp AQ) zqf gl AR ldb nrh lic) AT erj xto AU cso jqu AV (AW AX npj AY (AZ nmr) nlo aawl nio aawa) eeq nkz abxw fff BA BB BC nvf (BD zor) (BE pdn) lrk BF xps btq BG jjs BH okw BI BJ BK gjw BL BM cvu BN wky yid ora xgd osy dtn zdo BO (BP aaas) abmv (BQ BR BS BT pfk dqv) BU BV xsv BW xgh abay BX BY BZ hut CA jjt mxs lgr isz xwv wmk CB CC vow xf eqg CD CE CF (aamj CG (uac rxp xep (zgp CH CI vtv sul aakn) mm oqg org uqu (um CJ CK cfw)) rwe) xrd mpv pex CL CM CN bga dgh CO awm CP wmp gdw CQ okr abji cph CR jal iyc CS nvn CT CU dsi CV (CW wod CX) CY CZ ldf DA uog DB goq xvh DC DD gro DE DF hzl fns DG ggv eby agj axk vcw vyp DH mmq tma xmv DI (hc xqq hrv tyc ndl) lbj (DJ leq ugd brc) DK DL (DM (tnq aajh hxb abby ziw ovq trv cxs) DN rid eey cvf gdu lbx) (clm she DP (DQ naf yed (zte wje kaa kmp (avf DR)) ril svp rnz ksn DS (DT vxt (abzp DU acdb) mgu yea) (DV (DW DX (DY uxu dha qqa vpf DZ dhw cnl) wxd lrw) gmp pct EA oqv) wlh gvf (lqm EB EC)) ucv) ED EE yuf aarx ypn
A (vac rvh) brc kjk B cb C D dpr E nqn asn chf kgn hxh (F (G H abnj xus cqn) I rkp hzx cve gpk J K nrl) (L M pm N cdb hvb (O P (rux nav) sho (S T U xzg cju acbt) aso lpq iyg) V ayc aail aceb kfm) wca W ble avt dqb (X knk) (Y gk suf) quo Z sod gyw tuq (aadn AC) oxw phr (avo cso abnb AD (ani cem (qpt AE dvz) htm (zjm doy) omd)) tdh (AF zpp itj uva (AG AH omw ond zpp zwg (AI ydm AJ den AK rju dp uen (zeu (AL AM AN ojc)) pni cuj lbn) evi qxh (AO qvb) kaa zqb) (wxw psk AP nwt ejp AQ) zqf gl AR ldb nrh lic) AT erj xto AU cso jqu AV (AW AX npj AY (AZ nmr) nlo aawl nio aawa) eeq nkz abxw fff BA BB BC nvf (BD zor) (BE pdn) lrk BF xps btq BG jjs BH okw BI BJ BK gjw BL BM cvu BN wky yid ora xgd osy dtn zdo BO (BP aaas) abmv (BQ BR BS BT pfk dqv) BU BV xsv BW xgh abay BX BY BZ hut CA jjt mxs lgr isz xwv wmk CB CC vow xf eqg CD CE CF (aamj CG (uac rxp xep (zgp CH CI vtv sul aakn) mm oqg org uqu (um CJ CK cfw)) rwe) xrd mpv pex CL CM CN bga dgh CO awm CP wmp gdw CQ okr abji cph CR jal iyc CS nvn CT CU dsi CV (CW wod CX) CY CZ ldf DA uog DB goq xvh DC DD gro DE DF hzl fns DG ggv eby agj axk vcw vyp DH mmq tma xmv DI (hc xqq hrv tyc ndl) lbj (DJ leq ugd brc) DK DL (DM (tnq aajh hxb abby ziw ovq trv cxs) DN rid eey cvf gdu lbx) (clm she DP (DQ naf yed (zte wje kaa kmp (avf DR)) ril svp rnz ksn DS (DT vxt (abzp DU acdb) mgu yea) (DV (DW DX (DY uxu dha qqa vpf DZ dhw cnl) wxd lrw) gmp pct EA oqv) wlh gvf (lqm EB EC)) ucv) ED EE yuf aarx ypn
A (vac rvh) brc kjk B cb C D dpr E nqn asn chf kgn hxh (F (G H abnj xus cqn) I rkp hzx cve gpk J K nrl) (L M pm N cdb hvb (O P (rux nav) sho (S T U xzg cju acbt) aso lpq iyg) V ayc aail aceb kfm) wca W ble avt dqb (X knk) (Y gk suf) quo Z sod gyw tuq (aadn AC) oxw phr (jqs jnb cso abnb AD (ani cem (qpt AE dvz) htm (zjm doy) omd)) tdh (AF zpp itj uva (AG AH omw ond zpp zwg (AI ydm AJ den AK rju dp uen (zeu (AL AM AN ojc)) pni cuj lbn) evi qxh (AO qvb) kaa zqb) (wxw psk AP nwt ejp AQ) zqf gl AR ldb nrh lic) AT erj xto AU cso jqu AV (AW AX npj AY (AZ nmr) nlo aawl nio aawa) eeq nkz abxw fff BA BB BC nvf (BD zor) (BE pdn) lrk BF xps btq BG jjs BH okw BI BJ BK gjw BL BM cvu BN wky yid ora xgd osy dtn zdo BO (BP aaas) abmv (BQ BR BS BT pfk dqv) BU BV xsv BW xgh abay BX BY BZ hut CA jjt mxs lgr isz xwv wmk CB CC vow xf eqg CD CE CF (aamj CG (uac rxp xep (zgp CH CI vtv sul aakn) mm oqg org uqu (um CJ CK cfw)) rwe) xrd mpv pex CL CM CN bga dgh CO awm CP wmp gdw CQ okr abji cph CR jal iyc CS nvn CT CU dsi CV (CW wod CX) CY CZ ldf DA uog DB goq xvh DC DD gro DE DF hzl fns DG ggv eby agj axk vcw vyp DH mmq tma xmv DI (hc xqq hrv tyc ndl) lbj (DJ leq ugd brc) DK DL (DM (tnq aajh hxb abby ziw ovq trv cxs) DN rid eey cvf gdu lbx) (clm she DP (DQ naf yed (zte wje kaa kmp (avf DR)) ril svp rnz ksn DS (DT vxt (abzp DU acdb) mgu yea) (DV (DW DX (DY uxu dha qqa vpf DZ dhw cnl) wxd lrw) gmp pct EA oqv) wlh gvf (lqm EB EC)) ucv) ED EE yuf aarx ypn
A (vac rvh) brc kjk B cb C D dpr E nqn asn chf kgn hxh (F (G H abnj xus cqn) I rkp hzx cve gpk J K nrl) (L M pm N cdb hvb (O P (rux nav) sho (S T U xzg cju acbt) aso lpq iyg) V ayc aail aceb kfm) wca W ble avt dqb (X knk) (Y gk suf) quo Z sod gyw tuq (aadn AC) oxw phr (rui aasc hir oad cso abnb AD (ani cem (qpt AE dvz) htm (zjm doy) omd)) tdh (AF zpp itj uva (AG AH omw ond zpp zwg (AI ydm AJ den AK rju dp uen (zeu (AL AM AN ojc)) pni cuj lbn) evi qxh (AO qvb) kaa zqb) (wxw psk AP nwt ejp AQ) zqf gl AR ldb nrh lic) AT erj xto AU cso jqu AV (AW AX npj AY (AZ nmr) nlo aawl nio aawa) eeq nkz abxw fff BA BB BC nvf (BD zor) (BE pdn) lrk BF xps btq BG jjs BH okw BI BJ BK gjw BL BM cvu BN wky yid ora xgd osy dtn zdo BO (BP aaas) abmv (BQ BR BS BT pfk dqv) BU BV xsv BW xgh abay BX BY BZ hut CA jjt mxs lgr isz xwv wmk CB CC vow xf eqg CD CE CF (aamj CG (uac rxp xep (zgp CH CI vtv sul aakn) mm oqg org uqu (um CJ CK cfw)) rwe) xrd mpv pex CL CM CN bga dgh CO awm CP wmp gdw CQ okr abji cph CR jal iyc CS nvn CT CU dsi CV (CW wod CX) CY CZ ldf DA uog DB goq xvh DC DD gro DE DF hzl fns DG ggv eby agj axk vcw vyp DH mmq tma xmv DI (hc xqq hrv tyc ndl) lbj (DJ leq ugd brc) DK DL (DM (tnq aajh hxb abby ziw ovq trv cxs) DN rid eey cvf gdu lbx) (clm she DP (DQ naf yed (zte wje kaa kmp (avf DR)) ril svp rnz ksn DS (DT vxt (abzp DU acdb) mgu yea) (DV (DW DX (DY uxu dha qqa vpf DZ dhw cnl) wxd lrw) gmp pct EA oqv) wlh gvf (lqm EB EC)) ucv) ED EE yuf aarx ypn
A (vac rvh) brc kjk B cb C D dpr E nqn asn chf kgn hxh (F (G H abnj xus cqn) I rkp hzx cve gpk J K nrl) (L M pm N cdb hvb (O P (rux nav) sho (S T U xzg cju acbt) aso lpq iyg) V ayc aail aceb kfm) wca W ble avt dqb (X knk) (Y gk suf) quo Z sod gyw tuq (aadn AC) oxw phr (fvp cso abnb AD (ani cem (qpt AE dvz) htm (zjm doy) omd)) tdh (AF zpp itj uva (AG AH omw ond zpp zwg (AI ydm AJ den AK rju dp uen (zeu (AL AM AN ojc)) pni cuj lbn) evi qxh (AO qvb) kaa zqb) (wxw psk AP nwt ejp AQ) zqf gl AR ldb nrh lic) AT erj xto AU cso jqu AV (AW AX npj AY (AZ nmr) nlo aawl nio aawa) eeq nkz abxw fff BA BB BC nvf (BD zor) (BE pdn) lrk BF xps btq BG jjs BH okw BI BJ BK gjw BL BM cvu BN wky yid ora xgd osy dtn zdo BO (BP aaas) abmv (BQ BR BS BT pfk dqv) BU BV xsv BW xgh abay BX BY BZ hut CA jjt mxs lgr isz xwv wmk CB CC vow xf eqg CD CE CF (aamj CG (uac rxp xep (zgp CH CI vtv sul aakn) mm oqg org uqu (um CJ CK cfw)) rwe) xrd mpv pex CL CM CN bga dgh CO awm CP wmp gdw CQ okr abji cph CR jal iyc CS nvn CT CU dsi CV (CW wod CX) CY CZ ldf DA uog DB goq xvh DC DD gro DE DF hzl fns DG ggv eby agj axk vcw vyp DH mmq tma xmv DI (hc xqq hrv tyc ndl) lbj (DJ leq ugd brc) DK DL (DM (tnq aajh hxb abby ziw ovq trv cxs) DN rid eey cvf gdu lbx) (clm she DP (DQ naf yed (zte wje kaa kmp (avf DR)) ril svp rnz ksn DS (DT vxt (abzp DU acdb) mgu yea) (DV (DW DX (DY uxu dha qqa vpf DZ dhw cnl) wxd lrw) gmp pct EA oqv) wlh gvf (lqm EB EC)) ucv) ED EE yuf aarx ypn
A (vac rvh) brc kjk B cb C D dpr E nqn asn chf kgn hxh (F (G H abnj xus cqn) I rkp hzx cve gpk J K nrl) (L M pm N cdb hvb (O P (rux nav) sho (S T U xzg cju acbt) aso lpq iyg) V ayc aail aceb kfm) wca W ble avt dqb (X knk) (Y gk suf) quo Z sod gyw tuq (aadn AC) oxw phr (uti AD (ani cem (qpt AE dvz) htm (zjm doy) omd)) tdh (AF zpp itj uva (AG AH omw ond zpp zwg (AI ydm AJ den AK rju dp uen (zeu (AL AM AN ojc)) pni cuj lbn) evi qxh (AO qvb) kaa zqb) (wxw psk AP nwt ejp AQ) zqf gl AR ldb nrh lic) AT erj xto AU cso jqu AV (AW AX npj AY (AZ nmr) nlo aawl nio aawa) eeq nkz abxw fff BA BB BC nvf (BD zor) (BE pdn) lrk BF xps btq BG jjs BH okw BI BJ BK gjw BL BM cvu BN wky yid ora xgd osy dtn zdo BO (BP aaas) abmv (BQ BR BS BT pfk dqv) BU BV xsv BW xgh abay BX BY BZ hut CA jjt mxs lgr isz xwv wmk CB CC vow xf eqg CD CE CF (aamj CG (uac rxp xep (zgp CH CI vtv sul aakn) mm oqg org uqu (um CJ CK cfw)) rwe) xrd mpv pex CL CM CN bga dgh CO awm CP wmp gdw CQ okr abji cph CR jal iyc CS nvn CT CU dsi CV (CW wod CX) CY CZ ldf DA uog DB goq xvh DC DD gro DE DF hzl fns DG ggv eby agj axk vcw vyp DH mmq tma xmv DI (hc xqq hrv tyc ndl) lbj (DJ leq ugd brc) DK DL (DM (tnq aajh hxb abby ziw ovq trv cxs) DN rid eey cvf gdu lbx) (clm she DP (DQ naf yed (zte wje kaa kmp (avf DR)) ril svp rnz ksn DS (DT vxt (abzp DU acdb) mgu yea) (DV (DW DX (DY uxu dha qqa vpf DZ dhw cnl) wxd lrw) gmp pct EA oqv) wlh gvf (lqm EB EC)) ucv) ED EE yuf aarx ypn
A (vac rvh) brc kjk B cb C D dpr E nqn asn chf kgn hxh (F (G H abnj xus cqn) I rkp hzx cve gpk J K nrl) (L M pm N cdb hvb (O P (rux nav) sho (S T U xzg cju acbt) aso lpq iyg) V ayc aail aceb kfm) wca W ble avt dqb (X knk) (Y gk suf) quo Z sod gyw tuq (aadn AC) oxw phr (qux AD (ani cem (qpt AE dvz) htm (zjm doy) omd)) tdh (AF zpp itj uva (AG AH omw ond zpp zwg (AI ydm AJ den AK rju dp uen (zeu (AL AM AN ojc)) pni cuj lbn) evi qxh (AO qvb) kaa zqb) (wxw psk AP nwt ejp AQ) zqf gl AR ldb nrh lic) AT erj xto AU cso jqu AV (AW AX npj AY (AZ nmr) nlo aawl nio aawa) eeq nkz abxw fff BA BB BC nvf (BD zor) (BE pdn) lrk BF xps btq BG jjs BH okw BI BJ BK gjw BL BM cvu BN wky yid ora xgd osy dtn zdo BO (BP aaas) abmv (BQ BR BS BT pfk dqv) BU BV xsv BW xgh abay BX BY BZ hut CA jjt mxs lgr isz xwv wmk CB CC vow xf eqg CD CE CF (aamj CG (uac rxp xep (zgp CH CI vtv sul aakn) mm oqg org uqu (um CJ CK cfw)) rwe) xrd mpv pex CL CM CN bga dgh CO awm CP wmp gdw CQ okr abji cph CR jal iyc CS nvn CT CU dsi CV (CW wod CX) CY CZ ldf DA uog DB goq xvh DC DD gro DE DF hzl fns DG ggv eby agj axk vcw vyp DH mmq tma xmv DI (hc xqq hrv tyc ndl) lbj (DJ leq ugd brc) DK DL (DM (tnq aajh hxb abby ziw ovq trv cxs) DN rid eey cvf gdu lbx) (clm she DP (DQ naf yed (zte wje kaa kmp (avf DR)) ril svp rnz ksn DS (DT vxt (abzp DU acdb) mgu yea) (DV (DW DX (DY uxu dha qqa vpf DZ dhw cnl) wxd lrw) gmp pct EA oqv) wlh gvf (lqm EB EC)) ucv) ED EE yuf aarx ypn
A (vac rvh) brc kjk B cb C D dpr E nqn asn chf kgn hxh (F (G H abnj xus cqn) I rkp hzx cve gpk J K nrl) (L M pm N cdb hvb (O P (rux nav) sho (S T U xzg cju acbt) aso lpq iyg) V ayc aail aceb kfm) wca W ble avt dqb (X knk) (Y gk suf) quo Z sod gyw tuq (aadn AC) oxw phr (oug AD (ani cem (qpt AE dvz) htm (zjm doy) omd)) tdh (AF zpp itj uva (AG AH omw ond zpp zwg (AI ydm AJ den AK rju dp uen (zeu (AL AM AN ojc)) pni cuj lbn) evi qxh (AO qvb) kaa zqb) (wxw psk AP nwt ejp AQ) zqf gl AR ldb nrh lic) AT erj xto AU cso jqu AV (AW AX npj AY (AZ nmr) nlo aawl nio aawa) eeq nkz abxw fff BA BB BC nvf (BD zor) (BE pdn) lrk BF xps btq BG jjs BH okw BI BJ BK gjw BL BM cvu BN wky yid ora xgd osy dtn zdo BO (BP aaas) abmv (BQ BR BS BT pfk dqv) BU BV xsv BW xgh abay BX BY BZ hut CA jjt mxs lgr isz xwv wmk CB CC vow xf eqg CD CE CF (aamj CG (uac rxp xep (zgp CH CI vtv sul aakn) mm oqg org uqu (um CJ CK cfw)) rwe) xrd mpv pex CL CM CN bga dgh CO awm CP wmp gdw CQ okr abji cph CR jal iyc CS nvn CT CU dsi CV (CW wod CX) CY CZ ldf DA uog DB goq xvh DC DD gro DE DF hzl fns DG ggv eby agj axk vcw vyp DH mmq tma xmv DI (hc xqq hrv tyc ndl) lbj (DJ leq ugd brc) DK DL (DM (tnq aajh hxb abby ziw ovq trv cxs) DN rid eey cvf gdu lbx) (clm she DP (DQ naf yed (zte wje kaa kmp (avf DR)) ril svp rnz ksn DS (DT vxt (abzp DU acdb) mgu yea) (DV (DW DX (DY uxu dha qqa vpf DZ dhw cnl) wxd lrw) gmp pct EA oqv) wlh gvf (lqm EB EC)) ucv) ED EE yuf aarx ypn
A (vac rvh) brc kjk B cb C D dpr E nqn asn chf kgn hxh (F (G H abnj xus cqn) I rkp hzx cve gpk J K nrl) (L M pm N cdb hvb (O P (rux nav) sho (S T U xzg cju acbt) aso lpq iyg) V ayc aail aceb kfm) wca W ble avt dqb (X knk) (Y gk suf) quo Z sod gyw tuq (aadn AC) oxw phr rwv tdh (AF zpp itj uva (AG AH omw ond zpp zwg (AI ydm AJ den AK rju dp uen (zeu (AL AM AN ojc)) pni cuj lbn) evi qxh (AO qvb) kaa zqb) (wxw psk AP nwt ejp AQ) zqf gl AR ldb nrh lic) AT erj xto AU cso jqu AV (AW AX npj AY (AZ nmr) nlo aawl nio aawa) eeq nkz abxw fff BA BB BC nvf (BD zor) (BE pdn) lrk BF xps btq BG jjs BH okw BI BJ BK gjw BL BM cvu BN wky yid ora xgd osy dtn zdo BO (BP aaas) abmv (BQ BR BS BT pfk dqv) BU BV xsv BW xgh abay BX BY BZ hut CA jjt mxs lgr isz xwv wmk CB CC vow xf eqg CD CE CF (aamj CG (uac rxp xep (zgp CH CI vtv sul aakn) mm oqg org uqu (um CJ CK cfw)) rwe) xrd mpv pex CL CM CN bga dgh CO awm CP wmp gdw CQ okr abji cph CR jal iyc CS nvn CT CU dsi CV (CW wod CX) CY CZ ldf DA uog DB goq xvh DC DD gro DE DF hzl fns DG ggv eby agj axk vcw vyp DH mmq tma xmv DI (hc xqq hrv tyc ndl) lbj (DJ leq ugd brc) DK DL (DM (tnq aajh hxb abby ziw ovq trv cxs) DN rid eey cvf gdu lbx) (clm she DP (DQ naf yed (zte wje kaa kmp (avf DR)) ril svp rnz ksn DS (DT vxt (abzp DU acdb) mgu yea) (DV (DW DX (DY uxu dha qqa vpf DZ dhw cnl) wxd lrw) gmp pct EA oqv) wlh gvf (lqm EB EC)) ucv) ED EE yuf aarx ypn
A (vac rvh) brc kjk B cb C D dpr E nqn asn chf kgn hxh (F (G H abnj xus cqn) I rkp hzx cve gpk J K nrl) (L M pm N cdb hvb (O P (rux nav) sho (S T U xzg cju acbt) aso lpq iyg) V ayc aail aceb kfm) wca W ble avt dqb (X knk) (Y gk suf) quo Z sod gyw tuq (aadn AC) oxw phr rwv tdh (AF zpp itj uva (AG AH omw ond zpp zwg (AI ydm AJ den AK rju dp uen (zeu (AL AM AN ojc)) pni cuj lbn) evi qxh (AO qvb) kaa zqb) (aben oto psk AP nwt ejp AQ) zqf gl AR ldb nrh lic) AT erj xto AU cso jqu AV (AW AX npj AY (AZ nmr) nlo aawl nio aawa) eeq nkz abxw fff BA BB BC nvf (BD zor) (BE pdn) lrk BF xps btq BG jjs BH okw BI BJ BK gjw BL BM cvu BN wky yid ora xgd osy dtn zdo BO (BP aaas) abmv (BQ BR BS BT pfk dqv) BU BV xsv BW xgh abay BX BY BZ hut CA jjt mxs lgr isz xwv wmk CB CC vow xf eqg CD CE CF (aamj CG (uac rxp xep (zgp CH CI vtv sul aakn) mm oqg org uqu (um CJ CK cfw)) rwe) xrd mpv pex CL CM CN bga dgh CO awm CP wmp gdw CQ okr abji cph CR jal iyc CS nvn CT CU dsi CV (CW wod CX) CY CZ ldf DA uog DB goq xvh DC DD gro DE DF hzl fns DG ggv eby agj axk vcw vyp DH mmq tma xmv DI (hc xqq hrv tyc ndl) lbj (DJ leq ugd brc) DK DL (DM (tnq aajh hxb abby ziw ovq trv cxs) DN rid eey cvf gdu lbx) (clm she DP (DQ naf yed (zte wje kaa kmp (avf DR)) ril svp rnz ksn DS (DT vxt (abzp DU acdb) mgu yea) (DV (DW DX (DY uxu dha qqa vpf DZ dhw cnl) wxd lrw) gmp pct EA oqv) wlh gvf (lqm EB EC)) ucv) ED EE yuf aarx ypn
A (vac rvh) brc kjk B cb C D dpr E nqn asn chf kgn hxh (F (G H abnj xus cqn) I rkp hzx cve gpk J K nrl) (L M pm N cdb hvb (O P (rux nav) sho (S T U xzg cju acbt) aso lpq iyg) V ayc aail aceb kfm) wca W ble avt dqb (X knk) (Y gk suf) quo Z sod gyw tuq (aadn AC) oxw phr rwv tdh (AF zpp itj uva (AG AH omw ond zpp zwg (AI ydm AJ den AK rju dp uen (zeu (AL AM AN ojc)) pni cuj lbn) evi qxh (AO qvb) kaa zqb) (aaku psk AP nwt ejp AQ) zqf gl AR ldb nrh lic) AT erj xto AU cso jqu AV (AW AX npj AY (AZ nmr) nlo aawl nio aawa) eeq nkz abxw fff BA BB BC nvf (BD zor) (BE pdn) lrk BF xps btq BG jjs BH okw BI BJ BK gjw BL BM cvu BN wky yid ora xgd osy dtn zdo BO (BP aaas) abmv (BQ BR BS BT pfk dqv) BU BV xsv BW xgh abay BX BY BZ hut CA jjt mxs lgr isz xwv wmk CB CC vow xf eqg CD CE CF (aamj CG (uac rxp xep (zgp CH CI vtv sul aakn) mm oqg org uqu (um CJ CK cfw)) rwe) xrd mpv pex CL CM CN bga dgh CO awm CP wmp gdw CQ okr abji cph CR jal iyc CS nvn CT CU dsi CV (CW wod CX) CY CZ ldf DA uog DB goq xvh DC DD gro DE DF hzl fns DG ggv eby agj axk vcw vyp DH mmq tma xmv DI (hc xqq hrv tyc ndl) lbj (DJ leq ugd brc) DK DL (DM (tnq aajh hxb abby ziw ovq trv cxs) DN rid eey cvf gdu lbx) (clm she DP (DQ naf yed (zte wje kaa kmp (avf DR)) ril svp rnz ksn DS (DT vxt (abzp DU acdb) mgu yea) (DV (DW DX (DY uxu dha qqa vpf DZ dhw cnl) wxd lrw) gmp pct EA oqv) wlh gvf (lqm EB EC)) ucv) ED EE yuf aarx ypn
A (vac rvh) brc kjk B cb C D dpr E nqn asn chf kgn hxh (F (G H abnj xus cqn) I rkp hzx cve gpk J K nrl) (L M pm N cdb hvb (O P (rux nav) sho (S T U xzg cju acbt) aso lpq iyg) V ayc aail aceb kfm) wca W ble avt dqb (X knk) (Y gk suf) quo Z sod gyw tuq (aadn AC) oxw phr rwv tdh (AF zpp itj uva (AG AH omw ond zpp zwg (AI ydm AJ den AK rju dp uen (zeu (AL AM AN ojc)) pni cuj lbn) evi qxh (AO qvb) kaa zqb) (ttm abtq yqj zaf psk AP nwt ejp AQ) zqf gl AR ldb nrh lic) AT erj xto AU cso jqu AV (AW AX npj AY (AZ nmr) nlo aawl nio aawa) eeq nkz abxw fff BA BB BC nvf (BD zor) (BE pdn) lrk BF xps btq BG jjs BH okw BI BJ BK gjw BL BM cvu BN wky yid ora xgd osy dtn zdo BO (BP aaas) abmv (BQ BR BS BT pfk dqv) BU BV xsv BW xgh abay BX BY BZ hut CA jjt mxs lgr isz xwv wmk CB CC vow xf eqg CD CE CF (aamj CG (uac rxp xep (zgp CH CI vtv sul aakn) mm oqg org uqu (um CJ CK cfw)) rwe) xrd mpv pex CL CM CN bga dgh CO awm CP wmp gdw CQ okr abji cph CR jal iyc CS nvn CT CU dsi CV (CW wod CX) CY CZ ldf DA uog DB goq xvh DC DD gro DE DF hzl fns DG ggv eby agj axk vcw vyp DH mmq tma xmv DI (hc xqq hrv tyc ndl) lbj (DJ leq ugd brc) DK DL (DM (tnq aajh hxb abby ziw ovq trv cxs) DN rid eey cvf gdu lbx) (clm she DP (DQ naf yed (zte wje kaa kmp (avf DR)) ril svp rnz ksn DS (DT vxt (abzp DU acdb) mgu yea) (DV (DW DX (DY uxu dha qqa vpf DZ dhw cnl) wxd lrw) gmp pct EA oqv) wlh gvf (lqm EB EC)) ucv) ED EE yuf aarx ypn
A (vac rvh) brc kjk B cb C D dpr E nqn asn chf kgn hxh (F (G H abnj xus cqn) I rkp hzx cve gpk J K nrl) (L M pm N cdb hvb (O P (rux nav) sho (S T U xzg cju acbt) aso lpq iyg) V ayc aail aceb kfm) wca W ble avt dqb (X knk) (Y gk suf) quo Z sod gyw tuq (aadn AC) oxw phr rwv tdh (AF zpp itj uva (AG AH omw ond zpp zwg (AI ydm AJ den AK rju dp uen (zeu (AL AM AN ojc)) pni cuj lbn) evi qxh (AO qvb) kaa zqb) (eok zaf psk AP nwt ejp AQ) zqf gl AR ldb nrh lic) AT erj xto AU cso jqu AV (AW AX npj AY (AZ nmr) nlo aawl nio aawa) eeq nkz abxw fff BA BB BC nvf (BD zor) (BE pdn) lrk BF xps btq BG jjs BH okw BI BJ BK gjw BL BM cvu BN wky yid ora xgd osy dtn zdo BO (BP aaas) abmv (BQ BR BS BT pfk dqv) BU BV xsv BW xgh abay BX BY BZ hut CA jjt mxs lgr isz xwv wmk CB CC vow xf eqg CD CE CF (aamj CG (uac rxp xep (zgp CH CI vtv sul aakn) mm oqg org uqu (um CJ CK cfw)) rwe) xrd mpv pex CL CM CN bga dgh CO awm CP wmp gdw CQ okr abji cph CR jal iyc CS nvn CT CU dsi CV (CW wod CX) CY CZ ldf DA uog DB goq xvh DC DD gro DE DF hzl fns DG ggv eby agj axk vcw vyp DH mmq tma xmv DI (hc xqq hrv tyc ndl) lbj (DJ leq ugd brc) DK DL (DM (tnq aajh hxb abby ziw ovq trv cxs) DN rid eey cvf gdu lbx) (clm she DP (DQ naf yed (zte wje kaa kmp (avf DR)) ril svp rnz ksn DS (DT vxt (abzp DU acdb) mgu yea) (DV (DW DX (DY uxu dha qqa vpf DZ dhw cnl) wxd lrw) gmp pct EA oqv) wlh gvf (lqm EB EC)) ucv) ED EE yuf aarx ypn
A (vac rvh) brc kjk B cb C D dpr E nqn asn chf kgn hxh (F (G H abnj xus cqn) I rkp hzx cve gpk J K nrl) (L M pm N cdb hvb (O P (rux nav) sho (S T U xzg cju acbt) aso lpq iyg) V ayc aail aceb kfm) wca W ble avt dqb (X knk) (Y gk suf) quo Z sod gyw tuq (aadn AC) oxw phr rwv tdh (AF zpp itj uva (AG AH omw ond zpp zwg (AI ydm AJ den AK rju dp uen (zeu (AL AM AN ojc)) pni cuj lbn) evi qxh (AO qvb) kaa zqb) (hqb (drn umk) nwt ejp AQ) zqf gl AR ldb nrh lic) AT erj xto AU cso jqu AV (AW AX npj AY (AZ nmr) nlo aawl nio aawa) eeq nkz abxw fff BA BB BC nvf (BD zor) (BE pdn) lrk BF xps btq BG jjs BH okw BI BJ BK gjw BL BM cvu BN wky yid ora xgd osy dtn zdo BO (BP aaas) abmv (BQ BR BS BT pfk dqv) BU BV xsv BW xgh abay BX BY BZ hut CA jjt mxs lgr isz xwv wmk CB CC vow xf eqg CD CE CF (aamj CG (uac rxp xep (zgp CH CI vtv sul aakn) mm oqg org uqu (um CJ CK cfw)) rwe) xrd mpv pex CL CM CN bga dgh CO awm CP wmp gdw CQ okr abji cph CR jal iyc CS nvn CT CU dsi CV (CW wod CX) CY CZ ldf DA uog DB goq xvh DC DD gro DE DF hzl fns DG ggv eby agj axk vcw vyp DH mmq tma xmv DI (hc xqq hrv tyc ndl) lbj (DJ leq ugd brc) DK DL (DM (tnq aajh hxb abby ziw ovq trv cxs) DN rid eey cvf gdu lbx) (clm she DP (DQ naf yed (zte wje kaa kmp (avf DR)) ril svp rnz ksn DS (DT vxt (abzp DU acdb) mgu yea) (DV (DW DX (DY uxu dha qqa vpf DZ dhw cnl) wxd lrw) gmp pct EA oqv) wlh gvf (lqm EB EC)) ucv) ED EE yuf aarx ypn
A (vac rvh) brc kjk B cb C D dpr E nqn asn chf kgn hxh (F (G H abnj xus cqn) I rkp hzx cve gpk J K nrl) (L M pm N cdb hvb (O P (rux nav) sho (S T U xzg cju acbt) aso lpq iyg) V ayc aail aceb kfm) wca W ble avt dqb (X knk) (Y gk suf) quo Z sod gyw tuq (aadn AC) oxw phr rwv tdh (AF zpp itj uva (AG AH omw ond zpp zwg (AI ydm AJ den AK rju dp uen (zeu (AL AM AN ojc)) pni cuj lbn) evi qxh (AO qvb) kaa zqb) (wgo (zek aazl) nwt ejp AQ) zqf gl AR ldb nrh lic) AT erj xto AU cso jqu AV (AW AX npj AY (AZ nmr) nlo aawl nio aawa) eeq nkz abxw fff BA BB BC nvf (BD zor) (BE pdn) lrk BF xps btq BG jjs BH okw BI BJ BK gjw BL BM cvu BN wky yid ora xgd osy dtn zdo BO (BP aaas) abmv (BQ BR BS BT pfk dqv) BU BV xsv BW xgh abay BX BY BZ hut CA jjt mxs lgr isz xwv wmk CB CC vow xf eqg CD CE CF (aamj CG (uac rxp xep (zgp CH CI vtv sul aakn) mm oqg org uqu (um CJ CK cfw)) rwe) xrd mpv pex CL CM CN bga dgh CO awm CP wmp gdw CQ okr abji cph CR jal iyc CS nvn CT CU dsi CV (CW wod CX) CY CZ ldf DA uog DB goq xvh DC DD gro DE DF hzl fns DG ggv eby agj axk vcw vyp DH mmq tma xmv DI (hc xqq hrv tyc ndl) lbj (DJ leq ugd brc) DK DL (DM (tnq aajh hxb abby ziw ovq trv cxs) DN rid eey cvf gdu lbx) (clm she DP (DQ naf yed (zte wje kaa kmp (avf DR)) ril svp rnz ksn DS (DT vxt (abzp DU acdb) mgu yea) (DV (DW DX (DY uxu dha qqa vpf DZ dhw cnl) wxd lrw) gmp pct EA oqv) wlh gvf (lqm EB EC)) ucv) ED EE yuf aarx ypn
A (vac rvh) brc kjk B cb C D dpr E nqn asn chf kgn hxh (F (G H abnj xus cqn) I rkp hzx cve gpk J K nrl) (L M pm N cdb hvb (O P (rux nav) sho (S T U xzg cju acbt) aso lpq iyg) V ayc aail aceb kfm) wca W ble avt dqb (X knk) (Y gk suf) quo Z sod gyw tuq (aadn AC) oxw phr rwv tdh (AF zpp itj uva (AG AH omw ond zpp zwg (AI ydm AJ den AK rju dp uen (zeu (AL AM AN ojc)) pni cuj lbn) evi qxh (AO qvb) kaa zqb) (npr ezk aadw AQ) zqf gl AR ldb nrh lic) AT erj xto AU cso jqu AV (AW AX npj AY (AZ nmr) nlo aawl nio aawa) eeq nkz abxw fff BA BB BC nvf (BD zor) (BE pdn) lrk BF xps btq BG jjs BH okw BI BJ BK gjw BL BM cvu BN wky yid ora xgd osy dtn zdo BO (BP aaas) abmv (BQ BR BS BT pfk dqv) BU BV xsv BW xgh abay BX BY BZ hut CA jjt mxs lgr isz xwv wmk CB CC vow xf eqg CD CE CF (aamj CG (uac rxp xep (zgp CH CI vtv sul aakn) mm oqg org uqu (um CJ CK cfw)) rwe) xrd mpv pex CL CM CN bga dgh CO awm CP wmp gdw CQ okr abji cph CR jal iyc CS nvn CT CU dsi CV (CW wod CX) CY CZ ldf DA uog DB goq xvh DC DD gro DE DF hzl fns DG ggv eby agj axk vcw vyp DH mmq tma xmv DI (hc xqq hrv tyc ndl) lbj (DJ leq ugd brc) DK DL (DM (tnq aajh hxb abby ziw ovq trv cxs) DN rid eey cvf gdu lbx) (clm she DP (DQ naf yed (zte wje kaa kmp (avf DR)) ril svp rnz ksn DS (DT vxt (abzp DU acdb) mgu yea) (DV (DW DX (DY uxu dha qqa vpf DZ dhw cnl) wxd lrw) gmp pct EA oqv) wlh gvf (lqm EB EC)) ucv) ED EE yuf aarx ypn
A (vac rvh) brc kjk B cb C D dpr E nqn asn chf kgn hxh (F (G H abnj xus cqn) I rkp hzx cve gpk J K nrl) (L M pm N cdb hvb (O P (rux nav) sho (S T U xzg cju acbt) aso lpq iyg) V ayc aail aceb kfm) wca W ble avt dqb (X knk) (Y gk suf) quo Z sod gyw tuq (aadn AC) oxw phr rwv tdh (AF zpp itj uva (AG AH omw ond zpp zwg (AI ydm AJ den AK rju dp uen (zeu (AL AM AN ojc)) pni cuj lbn) evi qxh (AO qvb) kaa zqb) (hil ovq kzh) zqf gl AR ldb nrh lic) AT erj xto AU cso jqu AV (AW AX npj AY (AZ nmr) nlo aawl nio aawa) eeq nkz abxw fff BA BB BC nvf (BD zor) (BE pdn) lrk BF xps btq BG jjs BH okw BI BJ BK gjw BL BM cvu BN wky yid ora xgd osy dtn zdo BO (BP aaas) abmv (BQ BR BS BT pfk dqv) BU BV xsv BW xgh abay BX BY BZ hut CA jjt mxs lgr isz xwv wmk CB CC vow xf eqg CD CE CF (aamj CG (uac rxp xep (zgp CH CI vtv sul aakn) mm oqg org uqu (um CJ CK cfw)) rwe) xrd mpv pex CL CM CN bga dgh CO awm CP wmp gdw CQ okr abji cph CR jal iyc CS nvn CT CU dsi CV (CW wod CX) CY CZ ldf DA uog DB goq xvh DC DD gro DE DF hzl fns DG ggv eby agj axk vcw vyp DH mmq tma xmv DI (hc xqq hrv tyc ndl) lbj (DJ leq ugd brc) DK DL (DM (tnq aajh hxb abby ziw ovq trv cxs) DN rid eey cvf gdu lbx) (clm she DP (DQ naf yed (zte wje kaa kmp (avf DR)) ril svp rnz ksn DS (DT vxt (abzp DU acdb) mgu yea) (DV (DW DX (DY uxu dha qqa vpf DZ dhw cnl) wxd lrw) gmp pct EA oqv) wlh gvf (lqm EB EC)) ucv) ED EE yuf aarx ypn
A (vac rvh) brc kjk B cb C D dpr E nqn asn chf kgn hxh (F (G H abnj xus cqn) I rkp hzx cve gpk J K nrl) (L M pm N cdb hvb (O P (rux nav) sho (S T U xzg cju acbt) aso lpq iyg) V ayc aail aceb kfm) wca W ble avt dqb (X knk) (Y gk suf) quo Z sod gyw tuq (aadn AC) oxw phr rwv tdh (AF zpp itj uva (AG AH omw ond zpp zwg (AI ydm AJ den AK rju dp uen (zeu (AL AM AN ojc)) pni cuj lbn) evi qxh (AO qvb) kaa zqb) (ber ovq kzh) zqf gl AR ldb nrh lic) AT erj xto AU cso jqu AV (AW AX npj AY (AZ nmr) nlo aawl nio aawa) eeq nkz abxw fff BA BB BC nvf (BD zor) (BE pdn) lrk BF xps btq BG jjs BH okw BI BJ BK gjw BL BM cvu BN wky yid ora xgd osy dtn zdo BO (BP aaas) abmv (BQ BR BS BT pfk dqv) BU BV xsv BW xgh abay BX BY BZ hut CA jjt mxs lgr isz xwv wmk CB CC vow xf eqg CD CE CF (aamj CG (uac rxp xep (zgp CH CI vtv sul aakn) mm oqg org uqu (um CJ CK cfw)) rwe) xrd mpv pex CL CM CN bga dgh CO awm CP wmp gdw CQ okr abji cph CR jal iyc CS nvn CT CU dsi CV (CW wod CX) CY CZ ldf DA uog DB goq xvh DC DD gro DE DF hzl fns DG ggv eby agj axk vcw vyp DH mmq tma xmv DI (hc xqq hrv tyc ndl) lbj (DJ leq ugd brc) DK DL (DM (tnq aajh hxb abby ziw ovq trv cxs) DN rid eey cvf gdu lbx) (clm she DP (DQ naf yed (zte wje kaa kmp (avf DR)) ril svp rnz ksn DS (DT vxt (abzp DU acdb) mgu yea) (DV (DW DX (DY uxu dha qqa vpf DZ dhw cnl) wxd lrw) gmp pct EA oqv) wlh gvf (lqm EB EC)) ucv) ED EE yuf aarx ypn
A (vac rvh) brc kjk B cb C D dpr E nqn asn chf kgn hxh (F (G H abnj xus cqn) I rkp hzx cve gpk J K nrl) (L M pm N cdb hvb (O P (rux nav) sho (S T U xzg cju acbt) aso lpq iyg) V ayc aail aceb kfm) wca W ble avt dqb (X knk) (Y gk suf) quo Z sod gyw tuq (aadn AC) oxw phr rwv tdh (AF zpp itj uva (AG AH omw ond zpp zwg (AI ydm AJ den AK rju dp uen (zeu (AL AM AN ojc)) pni cuj lbn) evi qxh (AO qvb) kaa zqb) (mzs ovq kzh) zqf gl AR ldb nrh lic) AT erj xto AU cso jqu AV (AW AX npj AY (AZ nmr) nlo aawl nio aawa) eeq nkz abxw fff BA BB BC nvf (BD zor) (BE pdn) lrk BF xps btq BG jjs BH okw BI BJ BK gjw BL BM cvu BN wky yid ora xgd osy dtn zdo BO (BP aaas) abmv (BQ BR BS BT pfk dqv) BU BV xsv BW xgh abay BX BY BZ hut CA jjt mxs lgr isz xwv wmk CB CC vow xf eqg CD CE CF (aamj CG (uac rxp xep (zgp CH CI vtv sul aakn) mm oqg org uqu (um CJ CK cfw)) rwe) xrd mpv pex CL CM CN bga dgh CO awm CP wmp gdw CQ okr abji cph CR jal iyc CS nvn CT CU dsi CV (CW wod CX) CY CZ ldf DA uog DB goq xvh DC DD gro DE DF hzl fns DG ggv eby agj axk vcw vyp DH mmq tma xmv DI (hc xqq hrv tyc ndl) lbj (DJ leq ugd brc) DK DL (DM (tnq aajh hxb abby ziw ovq trv cxs) DN rid eey cvf gdu lbx) (clm she DP (DQ naf yed (zte wje kaa kmp (avf DR)) ril svp rnz ksn DS (DT vxt (abzp DU acdb) mgu yea) (DV (DW DX (DY uxu dha qqa vpf DZ dhw cnl) wxd lrw) gmp pct EA oqv) wlh gvf (lqm EB EC)) ucv) ED EE yuf aarx ypn
A (vac rvh) brc kjk B cb C D dpr E nqn asn chf kgn hxh (F (G H abnj xus cqn) I rkp hzx cve gpk J K nrl) (L M pm N cdb hvb (O P (rux nav) sho (S T U xzg cju acbt) aso lpq iyg) V ayc aail aceb kfm) wca W ble avt dqb (X knk) (Y gk suf) quo Z sod gyw tuq (aadn AC) oxw phr rwv tdh (AF zpp itj uva (AG AH omw ond zpp zwg (AI ydm AJ den AK rju dp uen (zeu (AL AM AN ojc)) pni cuj lbn) evi qxh (AO qvb) kaa zqb) (jvy fhm kzh) zqf gl AR ldb nrh lic) AT erj xto AU cso jqu AV (AW AX npj AY (AZ nmr) nlo aawl nio aawa) eeq nkz abxw fff BA BB BC nvf (BD zor) (BE pdn) lrk BF xps btq BG jjs BH okw BI BJ BK gjw BL BM cvu BN wky yid ora xgd osy dtn zdo BO (BP aaas) abmv (BQ BR BS BT pfk dqv) BU BV xsv BW xgh abay BX BY BZ hut CA jjt mxs lgr isz xwv wmk CB CC vow xf eqg CD CE CF (aamj CG (uac rxp xep (zgp CH CI vtv sul aakn) mm oqg org uqu (um CJ CK cfw)) rwe) xrd mpv pex CL CM CN bga dgh CO awm CP wmp gdw CQ okr abji cph CR jal iyc CS nvn CT CU dsi CV (CW wod CX) CY CZ ldf DA uog DB goq xvh DC DD gro DE DF hzl fns DG ggv eby agj axk vcw vyp DH mmq tma xmv DI (hc xqq hrv tyc ndl) lbj (DJ leq ugd brc) DK DL (DM (tnq aajh hxb abby ziw ovq trv cxs) DN rid eey cvf gdu lbx) (clm she DP (DQ naf yed (zte wje kaa kmp (avf DR)) ril svp rnz ksn DS (DT vxt (abzp DU acdb) mgu yea) (DV (DW DX (DY uxu dha qqa vpf DZ dhw cnl) wxd lrw) gmp pct EA oqv) wlh gvf (lqm EB EC)) ucv) ED EE yuf aarx ypn


