a acoo acop jkm acdh dtf
b acoq acop acoo xji aayr uae wer nzj
c acop acoo acoq uhu
d acoo acop sic hao pjm
e acop acoo fkd
f acoo acop rpz (pju gxf)
g acoo acop vqz hym tow dck li
h acoo acop acoq absq
i aaku lly
j acop acoo klh wss mjx bfb
k nug gr
l acoo acop hqy ldi csh
m acoq acop acoo vpi oea
n acop acoo acoq cdy yun
o acoo acop acoq fuy
p acoo acoq acop txx xek
q acoo nck
r acoo acld
s acop acoo kgi
t tes
u xps
v acoq acoo acop age wre (sfh nyu)
w acop acoo acoq hev biq nvo
x wqy
y acoo acjs
z ndh ozr
aa wkf
ab acoo acop kry
ac pnq
ad rqe
ae acop acoo qtz fba pxz dsc xhl
af acoo cfk
ag jh
ah acoo acop kqp
ai acoo acoq acop rzh vve vgx zfj
aj acop acoq acoo fjv
ak acop acoq acoo vhz
al acoo yoc
am acoo aazn
an acoo acop acoq miw rrt drs
ao acgf abkx
ap erc
aq acop acoo acoq ftm xpn so kpr
ar abef
at acop acoo oxz
au ggg zie vbv
av acoo veg
aw acop acoq acoo nov gea
ax acoo acop acoq wzi abhc
ay acop acoo abtv dic int qvt
az acoo abmb
ba uhm tfr
bb acop acoo uwp xnw ane acjp
bc acoo pb rqz
bd acoo acop hpv
be acoo acop icy
bf acoo acop lwa
bg acoo lxd
bh acoq acoo acop exb rzc
bi acop acoo brs
bj acop acoo acoq roc
bk fry coz
bl acop acoo acoq ehv
bm acoo acop vof
bn acoo ixd (vcd aakd) xbl
bo acoq acop acoo qfk
bp acop acoo twk abrt
bq acoq acop acoo fhg
br acoo acop vve qwa mim
bs acop acoo qtc
bt acop acoo acoq tjv zpp pe
bu toi gkn
bv acop acoo jzk hiv zds
bw aatw
bx bwc
by acoo acop acax
bz xzz
ca not
cb acoq acop acoo odt
cc acop acoq acoo ppb
cd acoo acop nre
ce acop acoo acoq flm
cf acoo owt
cg acoo nzg igl ajl
ch acop acoo lxj
ci acoo acoq acop tej
cj acoo zzu
ck chg
cl acop acoo ysq rod bt
cm acoq acoo acop gok tpx fkk
cn zyv xcw
co acoo vkr vzw xgu mzb
cp acoo luk
cq acoq acop acoo xub
cr acoo acop fmq
cs acoq acop acoo erl
ct acoq acoo acop hst
cu acoo acop phl
cv jqn bzx aapn
cw acoo foh
cx ofk
cy acoo bzj
cz acoo inr uho rnb saj uoa
da acop acoq acoo ubr
db acoo acop acmd fqe
dc vhq psw cdb
dd acoo accm
de djk ojg
df ygm
dg acoo pqs
dh acop acoo yyz
di acoo fsk
dj acop acoo yir
dk qqz
dl acop acoo onq
dm acoo acoq acop bkn
dn acoo acop acoq jow
dp zhm
dq acoo acop acoq gau
dr acoo acop duz
ds acoo acoq acop ugx mvy nwg
dt ufi jug
du ims tmv ejw kjp
dv acop acoq acoo swg pqc rcy abqn
dw yng jnl ehv mzk
dx acoq acop acoo rxl oj
dy acoq acoo acop hwn
dz acop acoo vlj
ea acoq acop acoo iek
eb acoo qtj
ec acoo abvc
ed mwe ond mfh jqk
ee acoo acop acoq nms hox
ef acoq acoo acop bsv
eg acop acoo too
eh acoo djg aazh
ei acoo abcy
ej acop acoo acoq ykn syk byv
ek acop acoo brm aavk
el acoo yre
em acoo xzb
en acoq acop acoo bya
eo upy rns
ep acop acoo jlc ana vwc
eq pys
er acop acoo ffx
es bno vri
et acop acoo vrg onn
eu acoo acoq acop tjd fik
ev acoq acoo acop acf
ew acoo acop xkj aazh egl jaa
ex uvc jcn igq
ey acop acoq acoo car xqf
ez acoo acop acoq gra cul usr
fa jc
fb acoo erh dim
fc iqm
fd acoo tiy
fe acoo acop quf kjo jzp yko
ff acop acoo xrt bvl rg tfe
fg acop acoo nmx
fh acoo acoq acop gbi dlg
fi acop acoo oza
fj acoo acop nth
fk acoo oaq (htx bf)
fl kfm
fm acoo wvf uxh hcu cfi wl
fn lus
fo acoo lmw lol
fp ccl
fq uca
fr acoo acop acoq zwh mb xnn pyl
fs acoo pyv
ft acoo acop dry
fu acoo acop acoq uzx xjw
fv jya
fw acoo acop acoq idu
fx acoo cwe
fy acoo xvm
fz acoo acml
ga acop acoo qfh
gb acoo aaxz
gc acop acoo ldx
gd acop acoo ax xhq kqp
ge acoo aall sb pqr ryc
gf lxi
gg pic (mfg krx acok)
gh djp
gi acoo acop kkt coj sqb dqm
gj ocp
gk acoo mjz bln (hss dxn)
gl acoo zxy (lsc sc)
gm acoo ruy
gn acoo npc vxa
go acoo acop dwu fwc jhu bux
gp jqd vkb udk
gq acid
gr cmd (vip aays tjc)
gs zio
gt acoq acop acoo fli
gu acop acoo acoq olc ihc
gv acop acoo ttg
gw acoq acoo acop kbz rxr xko aamk
gx acop acoo fha jcu kjz nle con
gy acop acoo bul iwc
gz acoo acop aadg ipw mqv
ha qte ukl spf
hb acoo acop bdz
hc acop acoo buh ezg dwp
hd acoq acop acoo yxe
he abnv
hf frs xvb
hg acoq acoo acop avf
hh acoo acax hqe
hi acoo acop iyv kkm sbd kwp
hj gfd ufv
hk acoo acop hnn gqk
hl acoq acop acoo lyu (oly tzg)
hm acoq acoo acop ad rnp ahx
hn acop acoo lhd
ho acoo row fdh jqi
hp cob
hq acoq acoo acop esc
hr acoo acop faf mpw
hs acoo acop acoq ugm
ht yeh
hu acoq acop acoo mex uzg
hv acoo fjr
hw acop acoo acoq gb rnz yvm
hx acop acoo gck
hy acoo rfz
hz cwh nxb usu
ia acoq acop acoo yhq
ib acop acoo acoq hhc
ic acoo acop ial
id dnf
ie dfb
ig ksi unq
ih acoo acop auf agf
ii acoo acop acoq eis
ij acoo vew
ik acoo jio
il acoo cal
im acoo myq
io acoo acop cel ackj pwp vrp
ip rlj ekh acgu
iq acop acoo vjn rfw qjr wlj
ir acoo hl zbl (pfz kws)
is acoo nhr fow
it acop acoo xl kg
iu acoo byy
iv acoo acop cai
iw acop acoo tzg drm
ix acoo acop wdu
iy acoo acoq acop bst acfb kzo abuk
iz acoo acop yhf
ja acoo acoq acop llj jru
jb acoo acop dhw
jc kff cye
jd acoo acop xyu
je wvi
jf acoo acoq acop ptm
jg acoo qbg
jh acoo tey
ji acoo pox
jj acop acoq acoo acbc sva euj
jk wyz wua
jl dfo
jm acop acoo imo acjf
jn acop acoq acoo etx
jo acoo vnz rt zyv xnm
jp nth dsb bcr
jq acoo bic sxe
jr acoo acoq acop uje hgz spy ntp
js acoo acop agr
jt acoo wnu
ju acoo acop acoq adl
jv ivz
jw acoo acop acoq kdi ppu
jx acoo lbt qac
jy tib
jz acoo otn
ka acoo lml
kb acoq acoo acop abuf
kc acoo acop acoq acjs
kd acoo rtg
ke acop acoo stv
kf acoq acop acoo wsl miy ryu
kg acop acoo myj pfg mwz
kh edi
ki acoo acoq acop abdm vtr
kj acop acoo lhj zjo
kk wz (ruc kop)
kl acop acoo qtm
km acoo acop ixr acnb vno
kn ruu hyl
ko acoo acop roa rae
kp acop acoq acoo vns xcl
kq acoq acoo acop ohs acny gva
kr bae ngv gmt
ks acoo gje
kt acoo acop acoq ka
ku acoq acoo acop daa chj
kv acoo acop axw usr
kw jvy
kx acoq acoo acop mgq ijx nzq mcu
ky sxv gbe wp
kz acop acoo acoq msi
la acoo ncs uhg xvl jmt
lb acop acoq acoo ltt onw huk
lc acoo acop acoq mcn
ld acoq acop acoo qil
le acoo acop pyj abc
lf acoo acop pub
lg acop acoo utd cbu zkn
lh acoo cll pgp aiz
li acoo acoq acop mpf
lj ewu fbh
lk acop acoo coi
ll acoo acop acoq uou
lm acoo uwi
ln vqh
lo acoo acop zdx emd rta
lp acop acoo rkx
lq acoo acop lia njx giw xoy
lr acoq acoo acop kco
ls acoo acop lmk csj rtz
lt acop acoq acoo fgv
lu acop acoq acoo agg
lv ebe wph
lw acoo zfm
lx acoo acop eoq
ly acoo blz
lz vvg
ma acoq acoo acop wii
mb acoo acop afa
mc acoo acop cit fgd us dze
md acoo lzl
me oaq
mf acop acoo xf
mg acoo bse
mh acop acoo acoq dyh
mi ugs xlz
mj acoo acop abgz eww aanb
mk nrl kss ppy
ml acop acoo kov
mm acoo fqw
mn acoq acoo acop pr gzp jcx mxl
mo acoq acoo acop qtg btp
mp acoo bqz
mq acop acoo acoq cvy
mr acoq acoo acop ezq
ms acoo acop aaku
mt acop acoo nhh
mu acoo eth
mv acoo acop kgg nyd gmm
mw cpy
mx acoo vpd gxe ar
my acoo vpq xje bnu
mz acop acoo pct
na acoo xmq
nb acop acoo kbw
nc acoo cph
nd acoo acop acoq omg
ne jnp wii (ivx dqw)
nf gpf ezi uuk
ng ghk lag dzq
nh acoo jrj rhs
ni acoq acoo acop osa
nj thw
nk acop acoo abgd
nl acoo rby
nm xdw qdm
nn acoq acoo acop xur kfi zwy abma
no acoo drz
np hto
nq acoq acoo acop gnh
nr acoo acop acoq dlx bvw lrs
ns acoq acoo acop gvj
nt acoo ppk
nu fxk ggq mir del
nv acoo acop aadq
nw acop acoo acoq ieo trx pjw zos
nx acoo acop iqx
ny nqj llw zxm
nz abgn bzj
oa acoo acop acoq acel viu zkv kru
ob acoo fsb hak
oc acoo acop rnt
od acop acoo vhm
oe acop acoo krm
og acoo acoq acop gpf joc
oh axl
oi uku
oj cip jsk
ok ltt rfq
ol acop acoq acoo ybl
om acoo uog htb
on acoq acop acoo kny txv
oo itm neg taw
op acoo ast
oq acoo acop esj
or acoo csz dlh abpx
os sbo
ot acop acoo zqc
ou acop acoo nlz
ov acoo vgv
ow oli
ox ymi (mbg dtj zha) bel
oy acoo ulb
oz acoo vpt gtu ucj
pa acop acoo xhk nls
pb aacb
pc acoo acop qqj
pd acop acoo acoq aaev
pe acop acoo acad oco
pf acoo acop ugx
pg acoo yio
ph acoq acop acoo kut
pi acop acoq acoo txc
pj acoo acop acoq sae ttf nsz os
pk acop acoo acoq ycb
pl mvt
pm acoo imi
pn acop acoo smn uvh absx
po acoo yag
pp acoo acop ynm
pq acoo aki
pr yiw
ps acoo acop jwz
pt acop acoo ubz
pu acoo acop ybr ayz cuh
pv acop acoo acoq gic cpt nqh bds vsg
pw acoq acoo acop vbm
px acoo sbq aajy uwn wci
py acoo yjd qqa wpb
pz acop acoo kex jxm
qa klh gce abmi ril sxy
qb acoo acop acoq pjf
qc acoo acop acoq jlv
qd acoq acop acoo zdg
qe acoo uaa
qf acoq acoo acop bye
qg acoo mk ac
qh eub
qi acoo evn
qj acop acoo tge plu pya
qk acoo acop ymo
ql acop acoo dqq
qm cgi
qn acop acoo lge
qo acoq acoo acop ghv
qp acop acoo acoq qjg
qq sqb rjk epy mmk
qr acoo vph qif
qs acop acoo eix pdd acoo
qt acoo acop omr (czu anr hkl)
qu dkf
qv acoo sm mxs xkw mvh
qw acoo acop acoq aer
qx acoo acop kny
qy acop acoo tlz
qz djn
ra acoo bwd iaz
rb acoo aais abyy ywc upl
rc acoo rms
rd jgj
re acoo acop tvk
rf acop acoo acoq oft
rg acoo lww
rh acoo acop acoq kri
ri acoo acop lzz dmz dea
rj aayp
rk kok abzy drb
rl acop acoq acoo fhy hwv mir
rm acoo pqf yql
rn acoo dal
ro acop acoo ukc
rp acoo scj achf
rq zum
rr acop acoo nfx
rs vxr
rt acoo tri
ru acoq acoo acop hdw
rv acoo acop xlz
rw wbm
rx acoo acop acoq vbm tnx
ry acoo uc mkn aud
rz ule
sa ff
sb acoo acop lrq
sc acoo zvc vjj bda xlx kkz
sd acoq acop acoo prk
se acoo acop abxn
sf acoq acop acoo hzh
sg acop acoo qnp
sh epa
si acop acoo acoq jia (aape hrr cbj)
sj acoo bfh
sk acoo abux
sl rdm pod ygj uku qte
sm acop acoo ner
sn pcz ynr gwc nmw yqg
so acop acoq acoo yyb sqq wsr qxl
sp acop acoo hip
sq tqy
sr acop acoq acoo emu
ss acoo loj
st acoo xrk dlt
su dwq sxz dmz
sv lhq
sw acop acoq acoo hcs vgp ggx qnn ryb
sx acoq acoo acop rnt
sy acoo acop mom
sz acop acoo acoq rxx
ta acoo fbm
tb rrg
tc ilz ely
td acoo acoq acop lri
te acop acoq acoo mnz
tf zqn
tg aclb qvq
th yvs
ti acoq acoo acop fpv tjw kgh
tj acoo acoq acop ome
tk acop acoq acoo rre
tl beh
tm acoo acoq acop xmq
tn acoo acop xtm ikw az
to acoo rfi
tp acoo gpl
tq acoo kop mwg
tr acoo acoq acop jmy drg
ts acop acoo xla
tt acoq acoo acop acbn
tu acop acoo acoq boz uxt
tv acoo hhi crb xzw pai pb
tw acop acoo fnl
tx acop acoo acoq pql
ty end
tz mzk smz tqy hcr
ua acoo acop acbs
ub acop acoo acoq srk
uc yn acep jqq pro wpe
ud acop acoo uln
ue mwx nvg
uf acop acoo fws fl yuy
ug acoo acop acoq kuy
uh acoo koc
ui acoq acop acoo oeb
uj acoo boa acer
uk acoo acop noh
ul acop acoq acoo qhm zzy qsx
um acoo acop acoq abpo vji
un acoo ehk afa hwe asv
uo acop acoo hms
up acoo acop prb eoy acht
uq acop acoo hmk chn vyq
ur kjh (ovl kvg)
us iqe
ut uaz
uu nvr
uv acoo omx
uw acop acoq acoo mai
ux acoo ltb
uy acoo acop jvy
uz eyd
va acoo lap pmu
vb acoo acop acoq dyz lpk
vc acop acoo qva
vd acop acoo acaf
ve acoq acop acoo rm
vf qqu
vg acoq acoo acop aawd rpl nsk
vh xdw dme
vi acoq acop acoo aes
vj acoo pty rlr ngh obo
vk wop tha yyb
vl acoo btj
vm acoo cve
vn acop acoo abhp
vo nsf
vp uiv ebi aahy aapk
vq acoo zpn zzd rca swe
vr acop acoo abdl
vs acoo acop lpp afv
vt acoo fxo
vu acoo acoq acop wno biw
vv acoo tkd
vw acop acoq acoo aadc
vx acoo acop evh
vy qrm
vz acoo acop omo
wa acoo acop acoq yo (ext tad)
wb acoo qas vbc riz aawk
wc acoo acop acoq abox cxc
wd zur
we mrb
wf acoo hft
wg acoo hhs
wh acoo vgs fkj hvf hna uxs
wi acop acoq acoo mgj
wj acoo fkp
wk acop acoo hpy
wl acop acoo aboi yqg
wm acoo acop wld nfi epe
wn acop acoo rqo
wo acoq acop acoo dtq oxt puo muz
wp acop acoq acoo acmg unh
wq acoo acop abvv dwz
wr acoo acop fds vtv ikv
ws acop acoo aasv urw
wt acoo mhu
wu jcx
wv fnn
ww acop acoo wbf abep
wx acop acoo acoq jfn hvy hwo
wy acop acoo zng uyq vdq
wz acoo yfd
xa acoq acop acoo tpb
xb acop acoo acoq aawa
xc acop acoo hci aadf xtt
xd acop acoq acoo eiz vwi zj
xe acoo vzb
xf acop acoq acoo ycx wqj tee
xg acoo acop muz
xh acop acoo mmw inw fuq bzp efb
xi ejz
xj acoo lsx agq ybe
xk acop acoo yjk kki niy
xl cy dxb kaa sxv
xm acop acoo aauj
xn acoo ofn tei
xo acop acoo acoq wlh hhk vvz uzc
xp tfh
xq nhd
xr acop acoo mcl
xs tpz ozw quw
xt acoo acoq acop aawq
xu acop acoo tsq xrm
xv acop acoo acoq jcs wtp zvo
xw var izu
xx zpq
xy acoo acoq acop uoz
xz acoo fpp myo
ya cc woc diy owe
yb acop acoo efk jfv acam hoj
yc acoq acoo acop jpi
yd acoo hdh
ye acoo paq
yf acop acoo qvx xbg fdi
yg acoo acop jgp
yh acoq acoo acop auh
yi acop acoq acoo nse
yj acoo icg xqc v bgu
yk acoo zem xjy
yl acop acoo acoq ilt jbd
ym acoo cga
yn acoo mww aajd ufy umr
yo kzg tpr lvg
yp ejf
yq acoq acoo acop leu
yr ksc (lmz qer)
ys acoo acop acoq eue
yt acoo acop acoq nfz fxx gxu
yu niw bqj myd wua
yv gvd
yw acop acoo acoq wzs
yx acop acoo gfn cze
yy acoq acoo acop gxs
yz acoo acop uxm
za acop acoo ncr cmp
zb acop acoq acoo jph
zc acoo aajb ecc
zd acoo twk
ze acop acoo kqi yyu rrz (pwj tyo)
zf acoo dom glo mpe
zg fke bul xxo
zh acop acoo pbd
zi acop acoo abtp sfo uph hmm
zj acop acoo yzg
zk acoq acop acoo szk vuk xqu vjd
zl acop acoo acoq ukf tzg bjv ggt
zm acop acoo otn bnh
zn lao
zo sxj tqq
zp acoq acop acoo tfp (umf pxb qyf)
zq aqs fpl ph
zr acoo pcs wao itf
zs acoq acop acoo zmb txv jfi
zt acoo rag atg abhz qkj
zu ek
zv ckq
zw acoo lrs
zx acoo cex aanl
zy zsf
zz acoo acop ykz
aaa acoo acop mar
aab msy kml
aac aaqy
aad acoo acop acoq nxf
aae acoo acop eux
aaf nf ablx
aag acoo exu
aah acoo acoq acop yak
aai acoo yyk yab
aaj acoo abwh
aak acoo acoq acop gkk roz ypj jpi nhg
aal acoo mds ybf gft
aam acoo lmh
aan acop acoo acoq nur sea
aao acoo snl
aap acoo eox aaqe mos jak zai
aaq xiz zjk gsa
aar acop acoo acoq adi
aas acoo acop aceh zve
aat efx wg nvl ewc
aau acoq acop acoo zqt zgm
aav acoq acoo acop gkx
aaw acoq acop acoo ydt
aax acoo heq aaf
aay cwi lxj fsk
aaz acoo acop uod
aba acop acoo dns
abb jjd
abc acoo xjf
abd acop acoo dbh ayd haa
abe acop acoq acoo nbp
abf wsg cdq
abg ol qgo
abh bum pkr
abi acoo acop huy cda cbg
abj dwh pvm rim
abk acop acoo hqg
abl acoo wqf
abm acoo yfg
abn lxk
abo acoq acoo acop sxa znl
abp acop acoo srb abub
abq acoo met aaii jmj
abr acoo acop abdq
abs acoo jmu
abt acop acoo acak prj
abu acoo dlz
abv vza eku fah
abw acoo zme kxa gin
abx acoo acop acoq dor
aby acoo abdn ecr qza
abz acoo acop xyt gku
aca acoo hdb
acb acoo acop qoy sjk gug
acc acoo bwt
acd acoo rnn zxx
ace ljt
acf acop acoo jty
acg xzo yyk itm bwv
ach acoo aclk
aci acoo acop acoq yxf
acj acoo acop acoq xqn
ack acop acoq acoo aanf
acl acop acoo acoq bqc lsw cqd abzt gcc
acm acoo aakd
acn acop acoo abzv igw ojg
aco acop acoo leq
acp acoo acoq acop yyi abmd
acq acoo acop urv
acr wlx jen (cgj tol rmn)
acs qpd aabp xbd
act acop acoo acoq ekg
acu pn seh jko xkq
acv wxi
acw acoo qmp hu gvh qys mql
acx acop acoq acoo pgi
acy acoo acop acoq yht cup
acz acoo acop hlh
ada acoo nyz zna
adb kcf acdp
adc acoo yiz abxb rsr
add acoo acop qyv mqp
ade acop acoo xok
adf acoo tzu
adg gbq
adh acoo acop kag mox
adi acoo acop gjt
adj acop acoq acoo xvo hya
adk acop acoo ytz ife dmi
adl acoo fzg nwf scu aw
adm acoo acop jhz
adn acoo fpd
ado acoq acop acoo mbl
adp acoo wca
adq acop acoo gvp
adr jua
ads acoo czm mkb abrp
adt abtq
adu acoo acop acoq rxu vkk
adv acoo acoq acop jhx
adw ipm
adx acoo cah aaz mlf sjg mhv
ady acoo acop acoq ackv
adz acoq acop acoo zqw
aea acoq acoo acop ziz
aeb acoo acop kac
aec acoo absl
aed acoo xki
aee acoo acop uqh
aef acoo lgi mgs
aeg acoq acoo acop qdx
aeh acoo acop acoq lez
aei acoo acoq acop lbi
aej acop acoo ttt
aek acoo acop acoq tnv
ael vby
aem acop acoo acoq absc
aen rhd
aeo acop acoo ixs
aep acop acoq acoo smz abbp acju abwq
aeq acop acoo vzi mri abqr hzj vkn
aer acoo acop vrq kll vql
aes acoo acop azg
aet acoo unv
aeu vko
aev acoq acop acoo klc
aew acoo acoq acop wws
aex acoo acop bac qth
aey jlp
aez acop acoo abfq (jfy odu nhh)
afa acoo lls
afb acoo own aagi euz ycn
afc acoo qqb dmg
afd acoo acop acoq zot
afe acoo uto aii
aff acoo acop crq
afg acoo owd
afh acoo abhi
afi acoo acop ubr aaxd (jtw xki)
afj acoo acop acoq goa gcj cly
afk aciv
afl idh
afm acop acoo acoq vyc jfj vts aafw xcw
afn acop acoo cij
afo ddo
afp kgi xiw
afq acoo acop cxp (lam mmn) osf
afr acop acoo jlr
afs acoo qub
aft acop acoo wep cwo
afu qrv uvr ulu
afv acoo acoq acop zya
afw acoo acop vgn
afx zrv acfn kun
afy acoo acop vwx
afz acoo acoq acop aaar
aga qfn gyn
agb acoo acop ufv
agc acoo aawb
agd acoo acop acoq ypg
age acoo fo
agf amm
agg acop acoo acbx aano
agh acoo acoq acop jgy (pif rkt)
agi acoo abcx zcm
agj acop acoo acoq xtr
agk acoo acoq acop ftv koe pmr ebw
agl acop acoq acoo hfq
agm acop acoo acoq cxy wic
agn acop acoq acoo kse gvc
ago iji
agp acoo aavf
agq wu
agr acoo rdq
ags ogt wcd xnm dhn
agt acoo acoq acop yph pxq wh
agu acoo acop wjy has sl iuc flk
agv acoo acop abap
agw acoo whi ftl qxw zg mre
agx acoo ymv bwj atw aov
agy acoo urb
agz acop acoq acoo hbq scq
aha acop acoo rnf cf rpy
ahb acoo acop zcj
ahc acoo wm ked
ahd acoo acop oqd fxu blf ubs
ahe acoo acop xxn ku
ahf acop acoq acoo ixc
ahg acop acoo jzy
ahh acoo ofs
ahi acoo acop het qty rem
ahj acop acoq acoo fxb jme
ahk acoo acop rsu
ahl hyk siq weu
ahm okc kl ajt
ahn acoo acop wpx
aho for ovi
ahp cza
ahq acoo wcf abye
ahr acoq acop acoo dgj tjm bqq pso
ahs acop acoo fyh lxq
aht acoo acoq acop hxw vwb ywo
ahu acoo acop yxa ijo
ahv acoo acoq acop wzj hzo hqb mid
ahw acop acoo jlg rqp
ahx acoo sfc
ahy acoo acop acoq bzg var
ahz acop acoo pay bmx wtx bsn
aia ghw
aib acop acoo tdr
aic acoo acop iyi
aid acop acoo rvl qly acmb
aie acoq acoo acop jkh tez pfn gec
aif aagm
aig acoq acoo acop blu acq pfx
aih acoq acop acoo epg
aii vnp xny whg tvv ksf
aij acoq acoo acop nuy acfd fmq
aik yuz
ail acoq acop acoo txk dn mdm
aim vdk
ain acoo acop acoq kum
aio acoo jbz
aip gri tnq xgf
aiq spr (yye ze uis)
air acoo xjo haz
ais vip foj mnf vok
ait vr
aiu acoo sxb
aiv acoo yjn
aiw kfa
aix acoo ccj
aiy acoo acop kno
aiz acoo acop fym dhg rjm vmm
aja acoo cnm dfs
ajb acoo achp
ajc acop acoo ymx
ajd acop acoo gms
aje jfj cgr mlv ozc ixe
ajf acoo acop cjf
ajg acoo acoq acop uht
ajh acop acoo kjo iae spg
aji hpu
ajj acoo cgn
ajk acop acoo mgk
ajl acoo abxy abty
ajm acoo acop df
ajn phj
ajo acoo iye
ajp acop acoo pew
ajq acoo aarr mzk abnz
ajr acoo acop dcw rip
ajs mqg
ajt jzq
aju acop acoo shd oth
ajv acoo acop egf mp dqc zub
ajw acoo abbg
ajx acop acoo mbz
ajy acoo aafq zv
ajz ahk
aka acoo soi
akb acoo kdv
akc acoo acop bcq uzx lwc
akd acoo sop
ake nvt
akf iju yci
akg acoo acop xk
akh acop acoo ada
aki acoo acoq acop ovy
akj acoo ozm qtt cgo
akk acoo acop psc (xmn zxj) rmg goz
akl acoo acop buu
akm acoo yyn
akn kwn
ako bme
akp ne
akq acoo acop nzk idx
akr acoo kny
aks acop acoo eej
akt acoo acop jsv gnd dhk wuy
aku acoo qji ujf c
akv acoo acop amj
akw acop acoo lbx dfb
akx acoq acop acoo wxr
aky acop acoo zq
akz acoq acoo acop mho qji
ala acoo acop icn
alb acop acoo sgw dca vwf uow
alc acoo wsx
ald acoo vif
ale acop acoo cdn abrw
alf acop acoo cut
alg acoq acoo acop ubd
alh acoo shn
ali qq rrm cwy
alj acop acoo rpl
alk acop acoq acoo tll
all acoo hbj
alm acoo yme
aln acoo noy
alo lha zp
alp qrw nml bwd yzn shs
alq acoq acoo acop elz
alr omf
als acoo azp oeg
alt acoo acop fkv abet yyi
alu acop acoo srq
alv acoo acop zdx hno ere
alw acoo acop ysc
alx bro nzi pqp vra
aly acoo acoq acop dlx aacc nly
alz acop acoo hsg
ama acop acoo ynt (wuy lew)
amb acoo bdu
amc acoo kcy dyn ntd
amd ypo wbw
ame acoo wcw
amf jhz
amg waf cqs nqj rni
amh acoo eej
ami fey
amj acoo acop abpc tmp wbg
amk abvg
aml acoo mn
amm acoo abrq
amn acoo acoq acop fyl
amo acoo nvf abft wzq qer
amp acoq acop acoo tcf
amq acoo wnf
amr acoo ylu
ams acop acoo qjj
amt acop acoo ndz
amu acop acoo oit tue (tfc lxx)
amv acop acoo zsj lcc xat
amw acop acoo acoq cpb
amx acoo mpc enp
amy gnj
amz acoo acop dky ghv
ana acoq acoo acop ebd gia
anb acoo acop ere
anc acop acoo acoq hkq
and acoo suk fil huy xdh zrb
ane acoo vk
anf acoo ls gsn
ang acoo acop gnv
anh acoo akj ewl
ani qmq tlc
anj acop acoo yed
ank acoo acop bie pds
anl acoo acop xpi qm acmw abfq
anm acoo oji
ann acop acoo zbs
ano acoo kuk rk
anp acop acoo acoq pqu
anq acoo iil fww enf
anr acoq acop acoo eej
ans acoe koo
ant acoq acoo acop imm nhq
anu tck
anv xkm
anw acop acoo acoq uaz hnj
anx acoo dvm
any vwd
anz acoo aaah ukj acgn
aoa acop acoo aaoj
aob acoo ung
aoc acoo acop acfz xlz hns etb
aod acoo acop geq hkl ftd
aoe kcg
aof acoo ojo
aog soa
aoh acop acoq acoo aapn
aoi acop acoo xvo
aoj lje
aok acoq acoo acop xgv
aol acop acoo acoq xhd
aom acop acoo vsu gz
aon acoo aagn
aoo bxs
aop xnk nya abaj
aoq acop acoo qor bb
aor acoo acoq acop ssz tqs onn
aos acop acoo acoq fps kqc pjy
aot acoo acop lbj
aou acoo yop
aov acoo vvd
aow wfo frc
aox acoo tri
aoy acoo acoq acop kix
aoz acoo men hks
apa acoo jky jiw
apb den
apc acop acoo oke oez aaji jna
apd acoo ywn vkz mnh dut
ape acoq acoo acop mnh
apf acoq acop acoo ztd pxt
apg acop acoo kbb
aph pjv
api acop acoq acoo urv
apj acop acoq acoo jko
apk gjs
apl acop acoq acoo vdo
apm acoo wpz odw abrh
apn acoo rcq
apo acop acoo bqt ofe kiw juc
app kzm
apq acoo abrj hxt diy
apr acoo gor obj dwh lqh
aps acoo unp (rtx bpf)
apt abjo
apu acoo rhl
apv jkc jxi egt
apw acoo ajx rra lmg
apx acoq acoo acop udp
apy acoq acoo acop ggm kzx
apz acoo acop ucq fki jyh
aqa fz dhu auf wct iqz
aqb lta
aqc mug idc gyy has
aqd nks bmm
aqe ewd
aqf acop acoo oma
aqg jqk vqp ore
aqh wg utf wvg alm xxq
aqi acoo acoq acop fjb
aqj acoo qsp jgz fld
aqk moq eeu jxj hpk
aql acoo acop erz aame igf bec
aqm acoo aaha tus
aqn acoq acoo acop cuj
aqo acoq acop acoo chr ats epx
aqp acoo acop dbm (oma tfw) grf yfd
aqq acoq acop acoo uni
aqr lfn (dbi onc) heb sdh
aqs acoo acop acop
aqt acoo yzp
aqu acoo acoq acop wlu vhv abdl yov abbg
aqv oib acid ews
aqw biy
aqx oab
aqy acni
aqz acoo acop nyj
ara acoo acop uyx cxj ozr hog
arb acop acoo pl xqa
arc acoo acop acoq zzq yvg
ard gqi xry cwr ozs
are qkt avt
arf acop acoo abft
arg qph
arh acop acoo thh grs sjw
ari acoo hrk
arj acoo aeb wrg
ark acoq acoo acop yjy
arl acoo acop cub asi dnj
arm acoo acoq acop duk
arn gvw
aro abip
arp tgj
arq acop acoq acoo xfo
arr kjf
ars zfj zuy xk mev
art acop acoo rhl
aru acop acoo acoq nba ovq jvu lir
arv vzx ozz
arw acoo acop evy vdc aamd
arx acoo tfc
ary acoo acop fng kpa
arz acop acoo yky
asa acoo ien
asb opb
asc utk fti slb uxa mxr
asd acop acoo aawc
ase acoo aamv uaq
asf ayw kkj
asg acoo oz
ash acoq acop acoo sao
asi acop acoo hwu zzw kio
asj alg hop rst
ask gu wt
asl acop acoo acoq kym hts ltf alo
asm dck pkd crp
asn acop acoo lkv
aso acop acoo pov odz mqr cco
asp acoo ioz
asq acoo ias nwc aatr
asr cte
ass ypy
ast acoo acop bbg
asu atq rxu
asv acoo aazj vxi
asw acop acoo abco vgb eas
asx aach edw
asy aar aalx
asz acop acoo ivt
ata qbz
atb acop acoo abzr mdl
atc jzs
atd acoq acop acoo kom lgb voc
ate acoo abzx
atf acop acoo pxh
atg acoo xlp
ath jsr aaja
ati acoo acop acoq cte vrx dry pve
atj acoo oat zqf
atk acop acoo tjd
atl acoo dxa
atm acop acoo jih
atn erh
ato acoo acop acoq aaha
atp acop acoo kzq
atq bud
atr acoo acop dps
ats utm urt
att acoo acop fbv xbf aok
atu hqo een
atv aaac
atw acoq acoo acop acly en yvc
atx ejg ouo nhw
aty acoo acop xqj
atz plc
aua acoo rag
aub kzu aafq wvu
auc acop acoo acoq phy
aud acoo nq
aue kbc vit
auf acoo acoq acop lkx
aug zhx iln wyr nzp
auh acoo acoq acop zmp iei
aui abfs kjt rza
auj acoo acop cdp
auk acoo acop acoq dbo deg iwi
aul acoo vbm
aum acoo acoq acop acld
aun acoo hvc vmd lgw ah
auo acoo sri qzm jcq
aup acoo acoq acop vhf ivk
auq acop acoo tss abzi
aur acoo lue abup
aus wbo (vam bce)
aut acoo jjj kko nxy abr
auu acop acoo acoq urm qmw
auv acoo acop aauv
auw acoq acoo acop ptw rci rhx
aux mxy
auy acop acoo uqq vms gwo
auz acoo edx sht
ava ngq
avb acoo vqq
avc cok xvq (nyo hq)
avd pzq
ave acoo onv
avf acoq acop acoo bhf ulb
avg acoo acoq acop las
avh acoo vzd yao ipq amb
avi acop acoo acoq aav gag
avj acoo sao uj
avk acoq acoo acop jff deo xmo nmn
avl acop acoo evw (rhj dzz abei)
avm acoo uvx ram zwp xht
avn acoo acop acoq eyk
avo acoo cbd spt
avp acop acoo acoq zjc xgm aazh
avq acoo acop acoq xoi
avr acop acoo ohg fch
avs rbc
avt aary asi zk pbx
avu acoo mua omv
avv zd xdt
avw acoo acoq acop fcl weq
avx acoo agf bru kcl
avy twk (kvo hro)
avz acoo afm
awa acoo acop acoq frk qsz
awb acop acoo acoq imm fgs
awc acoq acop acoo ioh mtn
awd acoo fif
awe uui zdr
awf acop acoo acoq op
awg acoo lqu ixr acju
awh acoo acop acoq vwu
awi jxu
awj acoo qqj
awk acoo smf
awl apn crt
awm acop acoo aod xd ltm
awn acoo acop tme jly
awo acoo acop fat fmw
awp omk
awq acoo acoq acop pwl bmd
awr acoo acop acoq hwx iyh
aws rdh
awt acop acoo mgb jes
awu acoo acop pcv
awv acop acoo iyq wws
aww acoo acoq acop vgq duo wye upx
awx acoo acop gns
awy kbi abnu
awz acoo abvt
axa acoo jcg
axb acop acoo dsm ipv
axc acoo acoq acop vdr
axd acop acoq acoo zwn
axe acoo eal glo fls qgz
axf acoo yud
axg acoo ybp
axh acoq acoo acop ree
axi acoo acoq acop hlf ohh
axj rh olc abjv
axk acop acoq acoo fro
axl acoo acop etz axk wpp inc
axm acop acoq acoo qnu
axn acoo acop ywx
axo acoo ygq
axp acoo acoq acop onp
axq acop acoo jrb
axr acoo oyx
axs acoo acop aawp
axt acoq acop acoo mdb mlb abcw rfo hky
axu acoo acop acna
axv iup (fdf nks)
axw acoo acop rvk
axx acoo cau pyp tmk
axy acop acoq acoo cuo (ueu iqs)
axz acop acoo hgr dkk
aya aef
ayb acoq acoo acop mqe
ayc acoo fpy
ayd acop acoo ablt
aye fly
ayf acop acoq acoo acns
ayg acoq acop acoo svr ikv fir jqi
ayh acoo abrs
ayi rij
ayj acoo ykl
ayk acoo acop lgc
ayl juy dnj
aym acop acoo noc
ayn ymo
ayo acoo gmf
ayp acoo vdi ddk
ayq vdf loh cta
ayr acop acoo mdb
ays acoo acop aqz wdg
ayt acoo eoa
ayu hrg bo
ayv qmq
ayw acop acoo yuz
ayx acop acoo acoq mgu
ayy acoo acoq acop cda giw
ayz acoo abwu
aza acop acoo yee
azb acop acoq acoo eax kvh
azc acoo acop acoq ewh
azd acoq acoo acop jkc
aze acoo acop acoq bqf
azf acoo dth (qty ptm fxq)
azg acop acoo acoq how
azh acop acoo acoq dqr
azi acoo abbv sfg
azj cfg
azk acop acoo hhv hkn kvd gld nhe
azl qpl
azm acoo acop tbg
azn acop acoo accw ubi
azo acop acoo acoq dpo
azp acop acoo yij ouc ase
azq yyi
azr acoo dum imd syt xu
azs ecx
azt acoo wbn acoo
azu acoo acop acoq eld
azv acoo dvf tl
azw acop acoo aaib
azx acop acoq acoo ndn xud dcj
azy acoo bgz vvl
azz lpk
baa pry
bab acoq acoo acop omo cyb gwx
bac acoo acop acoq onh
bad acoo acoq acop bbb
bae acop acoo acoq hid abtx
baf rko
bag acoq acoo acop lfp
bah acoo acoq acop acop jno ezf
bai acoo flk
baj acoo vcg acdk
bak acoo oas gqa pbc
bal acoo iyq gcj nxi ucj
bam acop acoo ryf
ban lhf
bao acoo pnv
bap acoq acop acoo abaf abog
baq acop acoo aayg
bar acop acoo qne
bas acoo hns dxq xmp
bat dxz
bau acoo cfe hk skz
bav acoq acop acoo lp
baw wfo xpq abvv vho
bax acop acoo uut
bay veq phz
baz acoq acoo acop xsd
bba acoo usm (ehr fmz brs)
bbb acoo mzv gpc pjj
bbc acoo acoq acop hse
bbd acoq acop acoo yhg
bbe acop acoo mrh yvy bpv www
bbf acop acoo ckv
bbg acop acoo acoq ebt
bbh acop acoq acoo jib vaf
bbi acoo acoq acop abts
bbj acoq acop acoo siq
bbk acoo sbu
bbl acop acoo abey aim cz
bbm acoo nrm
bbn acoo dta kqy
bbo acoq acoo acop qbf
bbp acoo cyd dng zaa jzg
bbq acoo gty ezw aabc
bbr obe
bbs acoo acop acoq klb
bbt acoo jmm mwg
bbu xxy
bbv acoq acoo acop ops
bbw acoo uwc kyj
bbx hxm gxa esm
bby mdl
bbz acoo hlw
bca acop acoo hii (ien tca achx)
bcb acop acoo acoq xgh
bcc abpp kql svu
bcd ngd
bce acfc abqr jje cwb
bcf acoo krb
bcg htj zdt
bch acoo bkf
bci acoo acop nsa tak jwe tdv
bcj acoo kcx (mtb xvi)
bck okc lue
bcl acoo acop dfw
bcm slr ulm wrm
bcn acoo gyk
bco acop acoo ecb
bcp acop acoo ejd tns
bcq acop acoo acoq aae
bcr acop acoo fnx
bcs acoo aagl hrs vt pjq
bct acoo dtw
bcu acoo acop zld
bcv aaag zh abns
bcw oau
bcx acop acoo aahl ber xar
bcy acoq acop acoo cvs
bcz acoq acoo acop bns acek
bda acoo oim tjt
bdb acop acoq acoo jeh
bdc acoo acop rtk
bdd acoo iwx
bde acop acoo srz
bdf acoo mmz
bdg acop acoo ccs kzy
bdh acop acoo wts
bdi acoo acop gkp
bdj acoo acoq acop abpl ont sos
bdk acoo ifz
bdl acop acoq acoo gol
bdm acoo bjh
bdn acoq acoo acop lio
bdo acop acoo sok fko
bdp jie
bdq gei
bdr acop acoq acoo fos ybp
bds acop acoo kyk mip tsf
bdt acop acoo ict hok bza
bdu acop acoo fsn
bdv acop acoq acoo iex
bdw acoo acop acoq kea
bdx acoq acoo acop usa
bdy acoo acop vrq
bdz acoq acop acoo nzs
bea acop acoo chu
beb kqw eui abrx hxh bpt
bec acop acoo lsl pux hww agv
bed acoo acoq acop yrb upp
bee acoo acop tnz abof cdq
bef acoo cmk
beg acoo acdh tfo
beh acoo awo
bei acop acoq acoo ffb
bej acoo wys mhz imy jvx ss
bek acoq acop acoo ogc
bel acoo xow mxo
bem acop acoo jxs
ben acoo acop abhy absl
beo acoo jls
bep ibb ook
beq acop acoo bm
ber acoo acoq acop jzt
bes acoo xcb
bet acoo biu
beu hhq (frm kei cxv)
bev acoq acoo acop abgn
bew ril
bex acoq acoo acop csj
bey acoo bry abml ltb yji
bez acop acoo xqu
bfa dq
bfb acop acoo ukw ope fdu
bfc acoo mz
bfd acop acoo mfh
bfe acoq acoo acop ofx
bff acoo acop luq ddx abwc
bfg dpq itp ils gbz
bfh acoq acop acoo xar
bfi acoo acop acoq aaar
bfj acoo ck fsg
bfk acoq acoo acop flt irs bwt
bfl acoo aux szo hvh rlu
bfm acoq acoo acop mgo
bfn acoq acoo acop oea
bfo acoq acop acoo blu
bfp acoo acop jmf rqc
bfq acoq acoo acop crl
bfr acoo glc
bfs acop acoo hai cpj tya
bft vzm
bfu acoo wvl
bfv acop acoo acoq yyj blf alf
bfw klz
bfx acoq acoo acop wqx
bfy acop acoo acoq kon
bfz acoo acop abat rjv tox
bga xmn (wqs edw)
bgb mvy
bgc acoo fvi
bgd acoo aarz
bge acoo acop tqo rtm jjg
bgf avq ipj wzp ygd nxf
bgg acoo tsm
bgh acop acoo xtd
bgi acoq acop acoo bzw kmx irb
bgj acoo acop acoq idy kbu kih
bgk acoo acop aacv
bgl acoo acop pgq
bgm acoq acop acoo xxb vfo rtk
bgn acop acoo dhw
bgo acoo acar
bgp acop acoo acoq aaez
bgq acop acoo rbd qfn
bgr cjr ojm
bgs acop acoo mrw rwn rxq yvy
bgt acoo acoq acop wjg
bgu ody qzk lqz kz
bgv acoq acop acoo hvo uti teg gau
bgw acoo acoq acop lfd
bgx acoo dsp ltc acar iyq
bgy acoo buz (tp tci zfm)
bgz vom
bha acoo acop nrx woo abho utm cye
bhb lqk bju
bhc acoo acop jme
bhd acoo acop gau qls zfq ajv
bhe acoo acop adz
bhf acoo acop dru zsd
bhg acop acoo gw nhj
bhh hxv
bhi acoo usb
bhj acoo acop alx
bhk acoo acop xpi
bhl aafm
bhm acoo acop fuv
bhn jit
bho acoq acoo acop aafi kfi ysv ywm
bhp acoo acop xxr vms sjw
bhq acoo kvl
bhr acoo rmg hac
bhs mxr czf cz
bht acop acoo htx
bhu acop acoo acoq lew
bhv wmo ciy
bhw rkq
bhx zyl
bhy acoo acoq acop pfh zow
bhz acop acoo mbz
bia acoo acoq acop aanm ewm ani erg
bib acoo awq
bic acoo sld
bid gmd
bie tic
bif acoo acop acoq gcd
big acoo aqw rus aby (cnt nfx)
bih acoo acop zal
bii aafy qrn
bij acoq acoo acop abxb hpp
bik gcw pob (fph ozj)
bil acoq acop acoo jtn
bim acop acoo acoq bfh
bin acoo yjx
bio acop acoq acoo qvr
bip acoo acop acoq aase
biq acoo acop acoq jpi
bir acop acoq acoo wq
bis acoq acoo acop nmt
bit acoo qch acgy
biu acoo aapu
biv ablg (vob eil)
biw acoo abnc
bix acop acoq acoo ckw
biy acop acoo jqi phd
biz acoo acop aazt
bja acoq acoo acop zsy qkh iej pop
bjb acoo zjl
bjc acoo pe
bjd acop acoq acoo byd
bje acoo acop qxv xeu
bjf acop acoo ega
bjg acoo acop abcj
bjh acop acoo utq
bji acoo pym
bjj acop acoo qpp
bjk acoo dpv
bjl acoo acoq acop lea kfg
bjm acop acoo acoq abrh ddk
bjn acop acoo wfl
bjo acoo acop lcm
bjp xmb
bjq uqz
bjr acoo acop cmg
bjs acoq acop acoo ee qni uy xtt
bjt zva
bju acoo acog aahn
bjv acoo acop acoq hue qpq bug
bjw acoo had
bjx acoo acop rar
bjy acop acoo lm
bjz fhv
bka acoo acop fvg
bkb acop acoo zss
bkc acoo acop kdh whr (abij cdg)
bkd ikc
bke acoq acoo acop clh
bkf acoo tjm
bkg acoo acop acoq jmc
bkh mm eul hbj
bki pxt
bkj acoo acop acoq acn
bkk acop acoo vza
bkl acoq acoo acop dtr
bkm acoq acoo acop ofz
bkn acop acoo zqe
bko acoq acoo acop txs
bkp acoo aahu nfy cst
bkq rkm
bkr lra
bks acoo acoq acop ixg
bkt acop acoq acoo jtv wal ciu
bku acop acoo acoq anm fob
bkv acop acoo bdr
bkw acoq acop acoo kjy oqb
bkx acop acoq acoo juv
bky acoo aazy
bkz acoo ofh
bla acoo frz bcr
blb sdf
blc acop acoq acoo jlv cjk mqy nfs
bld acoq acoo acop zui uas (xwk jhe)
ble pxt wxs dmb
blf acoo sks
blg acoo jfc hgx
blh acop acoq acoo aavr
bli acoo acop abmw
blj acoo mpi
blk acoo acop vjt
bll acoo pwh acln
blm rza cwl
bln abjm
blo acop acoo acoq spf
blp acoo acop roh
blq acop acoo wkn xus pmp
blr acoo klf
bls acoo kfw
blt acoo acop aln fbp cyt kkn
blu acoo ack
blv ngv aa wfv lhe
blw aarl beq ucg isr xdo
blx acop acoo ixw
bly acop acoo acoq hat
blz acoo mkc
bma acoq acoo acop rcc
bmb acoo aaho
bmc acop acoo yfj yfx szw
bmd jmz
bme acop acoo ptq aee
bmf acoo acop acoq tlu
bmg acoq acoo acop khj vbj
bmh acop acoo acoq yio deq pca
bmi acoq acoo acop jsa mzh vre opi puy
bmj acop acoo hbq tts
bmk acoo acop abfw
bml acoo sxt
bmm mxi
bmn acoo qlq
bmo acoo acoq acop wrm
bmp acoo acoq acop xea dgz
bmq acoo kaz
bmr acoq acoo acop mnx
bms acop acoo rx
bmt acoo lnu achz wlj ard
bmu acoo iat cje
bmv acoo nhd (mew (azu zv) jry)
bmw acop acoo dvx
bmx acoo acop acoq eca
bmy ugt
bmz acoo acoq acop hvj
bna qff
bnb acop acoo qeg uye
bnc acoo bkx
bnd acoo dsg
bne acoo acop acoq bf
bnf acoo dtr pkf bqw
bng acoo abzt
bnh acop acoo acoq aarb
bni lyz wrz bqb wul
bnj efp djl
bnk rjg fpx
bnl acoo acop jba (rhx nbt)
bnm acop acoo acoq lqg
bnn acoo acop lqu (aaww hgz)
bno zgw
bnp acop acoo gug
bnq acoq acoo acop aadt rtu
bnr acoo acad zxx
bns gmh
bnt pvx sow qlv qmy
bnu dlm twn rti
bnv acop acoo rnw
bnw ovb
bnx acoo xxv sid bxo
bny acoo acop acoq nnz
bnz acoo zeq
boa acoo acop aadq
bob acop acoo acoq gtm osd
boc joz cnm dxm kj
bod acoo pky
boe acoq acoo acop aaog
bof abrb
bog acoo acop wwv
boh acoo acop xhx
boi acoo sbo lyw
boj acbz
bok acoo acop cak siv
bol acoo acoq acop iqy
bom acoo exb enq
bon acoq acoo acop qv tno
boo acoo taq
bop acoo acop acoq egp
boq acoo acop lhb
bor pnz mkg
bos hgn
bot acoo vmx acmw hus
bou acoq acoo acop wfi
bov acop acoo jaj acdy
bow acoo ylr gcy koq zvq bh
box wdv vjt
boy acoo acop rkz aio mz qhx
boz qem
bpa acoo xug ejv abzn glv
bpb acoo ykk zdu
bpc acoq acop acoo xke
bpd tqi
bpe kga
bpf acoq acop acoo wzj mmg aahv
bpg fal
bph acoo tjq
bpi acoo acop ddg
bpj acoo ysi vce evj bjx jzt
bpk acop acoo vqr dzr ljf
bpl txi
bpm acoq acoo acop buw
bpn acop acoq acoo bhc
bpo acoo suc
bpp acoq acoo acop jhl ra vep jgs gub
bpq acoo acoq acop osm
bpr acoq acoo acop kfm abhr vuq aia jtg
bps acoo yjp gxl rwx
bpt acop acoo nea xje aadh
bpu acoo naa
bpv acop acoo gny
bpw acoo acop acoq cse aeh
bpx acop acoo acoq goh
bpy acoo acoq acop uvg ntr
bpz acoo acop qyl
bqa acoo acoq acop gnt zly
bqb acoo puk
bqc acop acoq acoo qgt
bqd acoo vvu eez
bqe acoo aqu jdu cqf kmk
bqf acop acoo acoq ztt qhx
bqg acoq acoo acop ynm abed efg cmv
bqh acoo vu ntt ogg
bqi acoo gpb cre
bqj acoq acop acoo twa lux fcj
bqk acoo acop msb
bql acoo xjp
bqm acoo ojz gmv rep
bqn acoo abbn fuh
bqo acop acoq acoo kld tk
bqp acoo acop acoq abpx zzq abno
bqq acoo edw vld ttg
bqr acoo adh pch
bqs acoo yjh
bqt acoq acoo acop aab dig
bqu sgm
bqv acoq acoo acop jya ilf lpq
bqw dif
bqx tzg drv
bqy acoo acop otv qbk wvh kdz
bqz obi obi
bra acop acoo ktb
brb acoo acop acoq jmg
brc xlu tcy
brd acop acoo acoq ato
bre acop acoo mbn
brf acop acoo kah tjp
brg acoq acoo acop tvk
brh wcl guz mft nyb
bri acop acoo rdv
brj acoo acop tec
brk acoo irz qb
brl acoo cte
brm acoo bib qvi
brn acop acoo rsy (udc aazx wom)
bro acoq acoo acop opk vqh pqy
brp ilx
brq acoo osv
brr acoo acop mrn
brs acoo ztd
brt acoo acoq acop ptx rkl
bru vcj xwc
brv xjk
brw qrs vky
brx acoo aoa css lv rha ruo
bry zgz
brz acop acoq acoo wfp
bsa acoo shc
bsb oww
bsc acoo hcz
bsd acop acoo acoq aawj
bse acoq acoo acop mwo qgt
bsf acop acoo pzu rte tqy
bsg lbr eqk
bsh acop acoo phh
bsi acoo abxy cdu rvr uux
bsj acop acoo xda
bsk acoq acop acoo vfx
bsl acop acoo acoq rnd
bsm ryq
bsn acop acoq acoo ackh acep
bso acop acoo acoq xia siw
bsp acoq acop acoo ifb
bsq acop acoo acoq uhy qeg
bsr acoo oix acnj
bss acoo acop vjg
bst acop acoo acoq aca
bsu cvf
bsv acoo za njz lfn
bsw kpw
bsx jnl klc
bsy acjv
bsz acoo acbj cef
bta acoo oem
btb acoo hie
btc eqs kdr ell qtj
btd acoo csg snh
bte acoo ane
btf acoq acoo acop opv
btg acoo abkx
bth acoo ujh
bti acoo acop aof mog aaig
btj acoo rkh lwt
btk acop acoo acoq hxc
btl acoo acoq acop lf xdg vnh
btm acoo hav
btn acoq acop acoo aaig cfs lvm
bto acoq acoo acop fwl ick
btp acoo drk
btq acoq acop acoo kfe tsh
btr acop acoo yet
bts acoo acop acoq zut
btt acop acoq acoo dwf ypz
btu acoo acop tsh pre oxp lae ita
btv npi
btw kpl (uxi fam)
btx acoo pxd abny zwx
bty acop acoq acoo abzr bub
btz acoo acop ybx szy
bua acoo acop bn
bub sxf yz utx brs yyh
buc zqb pyb ygp
bud acop acoo ewd
bue acop acoo emz
buf acoo acop aajz vle
bug acoo acoq acop pye
buh acoq acop acoo sow
bui acop acoo acoq eix
buj acoo ksy abgz yor
buk acop acoo vkr bbf hbj
bul cmc bbx znr
bum dva nhh wlt
bun acop acoq acoo pzt tyg
buo acop acoo acoq soa bei see
bup tat fjb edr
buq acop acoo nwe izj aanj
bur acoo z
bus acoo acop nre fds
but acoo ehw
buu acop acoo deo llv nic shj
buv acoo acop ipw qfi (wvo acjw)
buw acoq acoo acop mss abdt ctr
bux kh dvk
buy acoq acop acoo igt puo
buz acop acoo zem
bva acop acoo aarb dyx
bvb acop acoo ywp
bvc acoo fbp
bvd acoo acop hhy aawi jaa
bve acop acoq acoo xad
bvf ebf jdl
bvg acoo tfx xdj
bvh vxr
bvi ihr hxl oie
bvj acoo tsj xqx mrx
bvk acoo obl jqx
bvl acoo gow
bvm acop acoo yox fua qcg
bvn egb
bvo acoo acop acoq les
bvp gup rvh fvj quf
bvq acoo yof
bvr mi
bvs acoo fzh zlu kht
bvt acoo acop tih jjp
bvu acop acoq acoo bbo
bvv acoo acop otq pkp
bvw ejs (kaa lhf) gcf uhr
bvx acop acoq acoo aanq clj
bvy hxe
bvz acoo xmd xok
bwa qlc fvj ouf
bwb neu rjd tvs gbn
bwc qbx
bwd cdl ysp zft raw
bwe cpq aagt dgs
bwf acoo pdw
bwg acoq acoo acop tbh zvv
bwh acoo acop acoq ggg xdk aec
bwi acop acoo kah wic
bwj acoq acop acoo aakd
bwk sai
bwl acoo acop vmf bhh
bwm pnx
bwn acop acoo acoq bon
bwo acoo acop iaq
bwp abcg
bwq acoo eoz
bwr acop acoo olb sct
bws acop acoq acoo kqt ckj
bwt acoq acoo acop hmr
bwu acoo fog gjk rjr ybb fqz
bwv acop acoo acoq gpw zpa wwi
bww mtq
bwx lmv sfi
bwy acop acoq acoo fee
bwz acoo ndv eah
bxa acop acoo ysj lrq
bxb acoo pxk
bxc acoo acop jro
bxd acop acoo acoq aahd
bxe acoo khy sjk
bxf nkd
bxg acop acoo abqd xyf jha
bxh ypb
bxi acop acoo nvn nge
bxj acoq acoo acop vdd
bxk acop acoo acoq lpa
bxl acoo qed
bxm acop acoo lyc aair (cll hpq)
bxn acop acoo rga
bxo acoo acop knw
bxp acoo acop acoq gq
bxq acoo yid
bxr acoo acop oov
bxs onh
bxt acoo svi
bxu acoo oss
bxv acoo acop sgv vpq nnm udl uu
bxw acoo acop xgi rew
bxx acoo acop xic
bxy mzu
bxz acop acoq acoo gmi
bya acop acoo lmp
byb acoo hfd
byc acoo uay oxs
byd acoq acoo acop nr
bye acop acoo acoq uzb
byf acoo acop unj
byg acop acoq acoo dzt zij
byh acop acoo rzj (kda edt)
byi jnf
byj acoo acop eiz baw
byk acoo acop acoq sfo
byl acoo acop wjl
bym acop acoo fiz
byn acoo acop pmq
byo acoo xzo
byp acoo acoq acop fem aauf
byq acoo jki
byr nrr yfh ecw
bys aamq ph wkh
byt yxo
byu oki
byv eok
byw acoo cso
byx acoo cpt
byy acoo acop acoq yys
byz acoo pjc
bza acop acoo mus zwm
bzb ewy
bzc acoo aqe
bzd coa
bze qha
bzf acoo eyc
bzg gv kwk
bzh acoq acoo acop ivr
bzi acop acoo rea
bzj acoo gcd
bzk abgv mir
bzl acoo sgw cov
bzm acop acoo fhk
bzn acoo ug xoz jif
bzo acoo acop dqe zut dax
bzp acoo kji bvh
bzq acoq acop acoo abit hau
bzr acoo ofu
bzs acoo xgm car
bzt acoq acop acoo wbo
bzu acoo acop aix abbg dxr aco
bzv wpx uiw aao
bzw abpc
bzx pab
bzy acoo wpb hpl stk fmx aaps
bzz acoo gav bmu sba
caa acoq acoo acop yoa bnr
cab acoo abvb
cac hoz atz mnz
cad qcn
cae acop acoo egk
caf acop acoq acoo oki
cag acop acoo xtb
cah acoo acop gfg aeu
cai yzt
caj acoo acop bzv aasf
cak acop acoo skp age qga bav
cal acop acoo ihh
cam hrl vsi eme zmj fxe
can jht fps
cao odq
cap acoo gzy
caq acoo aqk pew
car kxi aboc
cas acop acoo ots rbf
cat ocx
cau acoo xid iyy rfe
cav acoo seu dkw zdh
caw acop acoo arg dcx
cax acoo iz
cay acop acoo vgk
caz acop acoq acoo fqy ehg
cba abtt rta
cbb acop acoo acoq viv aawa hnr
cbc acoo acop wgh
cbd acop acoo acoq brs doc iq vkz upq
cbe acoq acop acoo cai
cbf acoo nev znj
cbg acoo acop bnm
cbh ebv qrt
cbi acoo zcq
cbj acoo acop zwg jkn dw pja ilm
cbk acoo ses nzj zak bum
cbl acoo acop zrw (maq aoa)
cbm acoo hkk
cbn acoo acop mib
cbo acoo yzz mkd nrs
cbp acoo ldn hlz
cbq acoo acop gra
cbr acoo acop hkk
cbs khb abzz
cbt acoo wlh
cbu acop acoq acoo ocy
cbv acoo acop hug njy
cbw acop acoo rjd tjj
cbx acop acoo anv
cby acop acoo dcy poj (lnt nvd)
cbz acop acoq acoo ecy boe
cca acoq acop acoo cw ycr aafh
ccb acoo acoq acop pzl acjd gmd
ccc acoo ghr ogb
ccd acoo acoq acop ojl scp acmy
cce acoo dmc gdj
ccf acoo acop acoq sab odc ilr
ccg acop acoo dtp ccj ftj
cch acoo acop acoq sfo
cci acoo acop acoq mgi lio jix
ccj acoo acop acoq gcr rcd sfb aayv
cck acoo able uzi ukc dwb bqe
ccl acoq acop acoo gcc nfz bwn
ccm acoq acop acoo xkd
ccn acop acoo acoq ytt
cco acop acoo acoq psr bbc
ccp nrl
ccq acoo qiz sbd
ccr acoo acoq acop nvo
ccs scl
cct acoo acoq acop aahr wus
ccu acoo yjg epp emc
ccv uvc kvy acbv gww
ccw acoq acoo acop apm
ccx acop acoo acoq lfz
ccy acoo acoq acop ona bpd dex
ccz acop acoo acoq ktw wqu
cda acoo abui
cdb acop acoo acei
cdc acoo acop qse
cdd acoo vjm sra srd gwn swb
cde acoo tma gio (acmg qc yjr)
cdf acoo aanl
cdg acop acoo acoq kvl
cdh acoo acoq acop aaur vxo nup fmg
cdi jar bev blc os
cdj acop acoq acoo td
cdk acoo zxl
cdl acoo acop zxg
cdm acop acoq acoo rot suc pms qhy
cdn acop acoo cbk
cdo tyi
cdp acoo acop acoq ubn
cdq ccl vur vtq xir
cdr acoq acoo acop kg
cds lsq
cdt achi
cdu abrd hdu
cdv acoo acop azk
cdw acoo hsm gus sxe qmj
cdx acoo acop abpi
cdy acoo acoq acop abpc jom fbp qoa
cdz acoo acop acoq udh
cea acop acoo sjp
ceb acop acoo uxf gwq zki
cec xql
ced acop acoo acoq rx
cee aayj
cef acoo dtp
ceg eho aadl
ceh acop acoq acoo yiz
cei acoo acop acoq yzx abmt
cej xys cbg xix
cek acoo acop fiy wwl
cel acoq acoo acop svd vyg
cem acop acoo acoq kmy
cen aadm
ceo wra ywj
cep acop acoo aawc
ceq mcp
cer xyz mai
ces acoo anl (amx ary biv)
cet pti hwa
ceu cet
cev acoo abxm eee rdx
cew acop acoo acoq luz
cex acoo ilv
cey acop acoo acoq uyw
cez acop acoo hmn
cfa acoo ult
cfb acoo pal
cfc acoq acoo acop dyc gtk rdb
cfd acop acoo aawz
cfe acoo uip
cff acop acoo ddh hvw ras
cfg acoo acop aoq
cfh acoo acoq acop qx
cfi acoo ebx
cfj euc kma
cfk acoo acop fiq dpe
cfl acoo fxn
cfm acop acoo pcc cvu
cfn yrg rpp
cfo mhv
cfp fhn
cfq acop acoo uqq
cfr mog
cfs seq kst
cft acoo acop qih
cfu acop acoo acoq abug
cfv acoo ovx
cfw acoo acop lpk bnf tgt
cfx dmt uua lww zti
cfy acoq acoo acop nbk nfn
cfz acoo aawf
cga afm
cgb acoq acoo acop zpp
cgc acoo acop zhu
cgd hvw
cge acoq acoo acop ciz
cgf acop acoq acoo qav
cgg acoo acop rje
cgh acoo ark
cgi cyg
cgj snh
cgk acoo acop acoq edl
cgl acoo tnv
cgm mxy
cgn acoo acop acoq xbe vvn zop qyd fgp
cgo acop acoo acoq cee
cgp acoo wsz
cgq acoo acop lgb sqt
cgr acoq acop acoo kuc
cgs acop acoo epd gk
cgt acoo hdg
cgu acoo xxu
cgv ria qxo dlu wyf
cgw acoo acop gol aaji ieh sfb
cgx acoq acoo acop tol
cgy bkj
cgz flh lfx yhk
cha cwp aha
chb acoq acop acoo slu
chc acoo wfc
chd acop acoo cbq
che acop acoq acoo dba (igg aanj hik ksp)
chf acoo gsr xdu tzo brp tbu
chg acoo nz
chh acoo acop rxd
chi acoo zqg
chj acoo acop acoq aare fqb
chk acoq acoo acop qs slf
chl acop acoo tyg
chm acoq acop acoo hwe
chn acoo acop xvs ra hdy
cho acop acoo acoq nno sxo
chp acop acoq acoo urb vnb uam uxy lnd
chq tvo jtj
chr acoo qio
chs acop acoq acoo jws yvi
cht aaam lld uvs xpj vfc
chu kds
chv acoo acop acoq qwe (zrd yan)
chw acoo acop mix
chx lqe aaxx
chy abty nup
chz kma pce
cia acoo kcz aawp
cib acoo aani
cic acoo acop acoq bch
cid acoo acop ucr yft
cie fgy
cif ghx vyd
cig msv vyq gai yys cvd
cih acop acoo acoq ubq
cii acoo acop mkm abxw kaf rwu abdw
cij ehg bsk
cik acoo acop acoq aadn hie cfk abde
cil acoo zix
cim acoo acop mde
cin acoo ga
cio acop acoo acoq kky
cip acoo zoq
ciq acoo ohh
cir acoo acoq acop aaus
cis acoo acop acoq abfj
cit acoq acop acoo aadg
ciu acoo aaxi
civ acoo jte
ciw acop acoo tvb
cix tcg
ciy evc
ciz acoo igy
cja jei
cjb acoo snl ygp (shy jlc)
cjc acoq acoo acop jpv
cjd axl
cje acoo iud
cjf acoo acop acoq zmb
cjg acoo pwp
cjh acoo mjx
cji acoo acop bua
cjj acoo aahv
cjk acoq acop acoo pvt owm dsg
cjl acoo acop acoq bze yix dre
cjm fyt
cjn acoq acoo acop oii y aahx jir
cjo acop acoo chh
cjp acoo fvv
cjq acoo oxh tlc ejb
cjr acoq acoo acop fyc jwm acdz
cjs ctc
cjt acop acoo acoq vgj jfo uqq utz tbr
cju acop acoo yop
cjv acoo acop acoq uuk
cjw acoo acop xpt
cjx acop acoo jlw qdw nak abar
cjy uba ovs xgh
cjz acoo ecs xeg
cka acoq acoo acop dor
ckb acop acoo acoq ylw
ckc acoo flp hcr xqa
ckd acoo acoq acop ord abhp wpl
cke bqc
ckf acop acoo qlk
ckg woc
ckh acoo acop qjj
cki acop acoq acoo abww azv dum
ckj ig
ckk acoo acop aaaq
ckl yrg xay
ckm acoo dcm pet
ckn acoo acop acoq hac ool ckd qbq
cko aaop zft oty tai
ckp ld
ckq acoq acop acoo ozg
ckr acoo acop azw
cks acoo acop acoq ze
ckt acoo acop goa acol
cku acoo aatd
ckv acop acoo ctk buo
ckw acoo rpm
ckx acoo plq
cky laz
ckz aapp
cla ros
clb acoq acoo acop cnl gnm gdv
clc acoo oxz
cld acop acoo acoq lja
cle acoo vgw
clf acoo acop rqt (fmh wux)
clg acoo deo kmt lm
clh jcq zav
cli cdr kla ltc
clj acop acoo abmx wrr yfe tdn
clk qtm
cll acoo toh (acom jjn aapt)
clm flb zrl ody
cln acoq acop acoo afq aamh
clo acop acoq acoo kfp (iie gxf fmz bkt)
clp acoo acop vng
clq acop acoo fdk sdv lwq
clr acoo mbh mjk
cls acoq acop acoo yyu sbb abzq
clt zte ga
clu hiz mou
clv owp
clw acoo nco isu llk gic hqq
clx acoo acoq acop ape
cly vre xsf
clz acoo xcb
cma acop acoo zsu
cmb wng
cmc acoo nny stx
cmd acoo fsy tzs itd
cme acoo acoq acop nlr
cmf acoo gio
cmg acoo acop acoq qdy
cmh acoo bzr fgk
cmi acoo acoq acop zsa run
cmj abk
cmk acop acoq acoo gpj
cml bep
cmm tod
cmn acoo acop pbh wzm
cmo acoo ooz
cmp acoo vqp
cmq acoo oxc
cmr acop acoo etk
cms acoo qil fzc nvm
cmt acoo acop ilh
cmu geg
cmv acoo csq
cmw acoo acop acoq ygq
cmx twj doy aash jkv
cmy acoo abaq
cmz acop acoo acoq xil
cna zhh (ykg (qvq bnx tzs))
cnb acoo wha ln fuy
cnc acoo zen xzu gem
cnd acoo acop tdc xsc
cne acoo acop srr
cnf acoo acop acoq uac
cng acoo acoq acop aro
cnh qkp uwe pse
cni acop acoo isx
cnj acop acoo abdc
cnk acop acoq acoo itr lvh
cnl fqg
cnm ajv baz amx
cnn acoo fgu
cno acop acoo abba
cnp rr pbe jda
cnq zcz fbp iun bpc rql
cnr aapj
cns ccf
cnt acoo tzo omh id
cnu acoo acop acoq srp
cnv acoo bhq aamg
cnw acop acoq acoo abla
cnx acoo acop acoq uxa
cny acop acoo lgv
cnz isc aok agr
coa acoo acoq acop cax
cob acoo rhm ivd
coc acoo aazi
cod acoo mex itv
coe acoo acoq acop wgj hha
cof acoo dla
cog acoq acoo acop vpm aqt
coh acoo acop cdj ckn
coi acoq acoo acop ifa apn abyg
coj acoo yad qpd ujg
cok tjp toe ooc
col acoo gkt
com acoo acop acoq aayo
con acoo acop vcl gvv (ipl kfa)
coo bg
cop acop acoq acoo bls
coq acoo exf
cor acoo uvo mbw imc
cos acop acoo bdv zje
cot acop acoo dwb
cou acoo irk yir gpa csn
cov acoo xqp (jpq bwi hdy)
cow acoq acop acoo dey
cox acoo woo
coy ulp lzn ywi
coz acoo xuy xgy
cpa kkv
cpb acoo acop acoq zsv bar
cpc acoo leq ats ess cr
cpd jk cak
cpe acoo jue
cpf acoo acop bgz
cpg abti qrv abqh qy
cph acoo acoq acop wzm abzv maf
cpi acoo acd
cpj acoo giy btv
cpk jeo
cpl acoq acop acoo fgw
cpm acoo acop ouc rrh
cpn acoo acop acoq qtc azl
cpo jjm
cpp acoq acoo acop fab mpv acaz uhs
cpq unl
cpr acop acoo egi
cps acoo acop vgq
cpt acoo wse
cpu hjc hjv
cpv acoo bev ovr
cpw acop acoo mbz
cpx acoo acop lbj
cpy acoo fys aayy pj gkd wgf
cpz acoo nhi
cqa bte jne aze
cqb acop acoo eco aed
cqc odj fsn
cqd acoo acop ogf onp
cqe abmp yhv
cqf acop acoo rgb sdf
cqg acoo abvs urk ezx
cqh acop acoo bzk di dwb
cqi acoo wlo ygq lfi iit
cqj acop acoo acoq ulx zp
cqk zqk
cql acop acoo ojg
cqm qmp
cqn acoo acop aacg
cqo acoq acop acoo hp
cqp acoo dyr
cqq acoo acop aazv
cqr acoq acoo acop sqx
cqs hmx
cqt acoo acop hqe hjt
cqu xpz mdb
cqv gsc
cqw acop acoq acoo jyx abrs mos bwp
cqx acop acoo zyr
cqy dnq mfv jwv ble
cqz acoo acoq acop xt snj
cra acop acoo kff onl fhy ably ayz
crb acop acoo acoq sgt pfd dgz
crc acoo acop xda
crd acop acoq acoo dgf
cre acop acoo acbv fym hsj ire
crf acoo hur
crg acop acoo aavj
crh acop acoo dxe
cri jks qlh
crj qaq
crk acop acoo kha
crl acoo acop fld
crm zyf
crn edl uri abfa
cro acoo acoq acop lxh
crp acop acoo exj
crq acoo acop mwq
crr acoo dlb ef nhg koo
crs acop acoo ujy
crt acop acoo tph ij cwu
cru fzl srl abxl
crv acoo ay dpw
crw qfk swx zdi
crx acop acoo hrf
cry acop acoo acoq pid
crz hmc nzw osl
csa acop acoo acoq pib
csb acoo acop acoq ttl
csc acop acoo cmw
csd acoq acoo acop hfi
cse acoo rzn
csf sdi
csg acop acoq acoo xug
csh acop acoo utw mbu osk
csi acoo ymf abrw
csj acop acoo ghh mdf
csk yjo qcm zim bgq
csl acoo acop acoq acn
csm jvm gjy
csn pxb wrg fql qmg
cso acop acoo acoq acfj (fah gux)
csp acoo acop him gij
csq acoo ogq
csr acoo lho guk gbz ntw
css acoq acop acoo vmb
cst acoo urf
csu acoo wtw mqm
csv acoo vpu fhk bca
csw acoo acop acoq khm olg npc kzg goo
csx acop acoo acoq fsi
csy acoo acop qlt zqa rxe
csz iof
cta acoo acop zpr
ctb acop acoo acoq int
ctc acoo odd pkq
ctd acoo acop acoq nly fmy qly
cte acop acoo abgf
ctf acoq acoo acop xt dql jju
ctg sat abte
cth acoq acop acoo ohl cys zue achq
cti acoo gqz
ctj acop acoo mfa
ctk okw
ctl acop acoo acoq wxx kpq
ctm pxi lqq
ctn acoo acop msk
cto hzn vut
ctp acoo acop eud btt gzc
ctq acoo acoq acop gao
ctr acoo khy
cts acoo acop roz
ctt acoo veb oot
ctu ymd acfa
ctv acoo tlg
ctw acop acoo usw
ctx acoo ake acv
cty acoo hwp tkc dxb wx
ctz acop acoq acoo kjb
cua acoq acoo acop rbm
cub acop acoo qpy
cuc acoo acop wek
cud acop acoo lnu
cue acoo bib vlj qpy aaqp
cuf acoo xed
cug acoo acop wjw da lcp hwv
cuh acop acoo cfc
cui acoo acoq acop ljk
cuj acoo acop oju
cuk acoo acop itu
cul acop acoo acoq acev afc
cum vi sdr
cun abii
cuo hnm
cup acoo abqt
cuq acoo acoq acop bzs
cur acoo acop acoq acgg
cus acop acoo acoq vci
cut acoo acop zci aals
cuu acoq acoo acop cbu tpc phk aclb
cuv acoo rkq xte
cuw acop acoq acoo hjb
cux wiu pkn
cuy acoo ydc
cuz acoo pwl
cva acoo acop xjq
cvb rmw avh
cvc acop acoo acoq kkt
cvd acoo civ
cve acop acoq acoo aapv
cvf acoo acop syw
cvg acoo acoq acop zhz
cvh acoo luu ykw zkr
cvi acoo jqz
cvj acoo qum
cvk fwj wfx acka iyv
cvl acoo pep xaq ows raq wmh
cvm acoo acop acoq ifj (nrj hhp plg lcy)
cvn hip
cvo ivg
cvp acoo thv
cvq acop acoq acoo oar
cvr acoo jeo zut
cvs agt
cvt acoq acoo acop wtl
cvu cdg
cvv acoo acoq acop bzf
cvw fvb ezk qgf
cvx acoo lsh
cvy wlj (hk lly)
cvz mcb
cwa aalx
cwb qgp nol iww
cwc acoo qlr
cwd acop acoo eqi
cwe acoo acop mwi
cwf acoq acoo acop rum
cwg acoo abnr
cwh wib lvt abxm ous
cwi nrq afr qrc gqj yua
cwj acoo acop bom
cwk acoo zjr aawa pcr
cwl acoo jra bis
cwm acoo acop ktr aqk rdn
cwn acoo wcz xwc mvy
cwo acoq acop acoo eps ngx yfu mji dtj
cwp acop acoo ile mnu
cwq acop acoo dqp tqw rfl bwz
cwr acoo wzk avd
cws acoo acop ejf
cwt acoo acoq acop tdn aajz
cwu bim uzx
cwv udi
cww acoo whu
cwx acoo jmx wyq
cwy acoo ifd rxi
cwz acoo acop syi
cxa acop acoq acoo nit xtk
cxb acoo acop aafc
cxc vmc absq
cxd acop acoq acoo xbw hrt
cxe vpl
cxf jlg php sle
cxg acop acoo ipy
cxh acoo wgr
cxi acop acoo kbr
cxj yux
cxk acoo eok kgs ths oqj
cxl acoo acop gxj
cxm acoo yzj oam
cxn acoo acop dtn
cxo acoq acoo acop uro
cxp acoo acop eew abok ufy bpz
cxq acoo acoq acop abhd
cxr acoo acoq acop ztq ouo
cxs acoo nku
cxt nkf
cxu acoo nrn aclk sfr ybf
cxv acoo vko
cxw acop acoo lkb
cxx env rkc abof gvc
cxy acoo acop ofq
cxz acoo edg ilf
cya acoo xvq
cyb acop acoq acoo uvw rp acbp pze
cyc acop acoq acoo eub ksw peq pnt xze
cyd acop acoo odm
cye acoo qey
cyf acoo uvh ekz mjp
cyg uca
cyh acoq acoo acop dzx sip guh
cyi acop acoo llv
cyj dkd jsl
cyk acoo tej
cyl dul var
cym acoq acoo acop gnu bze
cyn acop acoo npp
cyo acop acoo kna
cyp irb wqu cus sgt nxj
cyq acop acoq acoo wko
cyr acop acoo acoq rzd
cys acoo dvc ks jys
cyt acoo agq abz zlv thp
cyu acoo vqo qup abaj
cyv acoq acoo acop cis
cyw acoo acop acoq tzi
cyx acoo uwr
cyy acop acoq acoo wsf wlk
cyz acoo jfa ghs oqz
cza acoo acop fqg hck (dfh ayq) orx
czb acoo acop acoq vxk nlv hgf okc
czc acoq acoo acop egh ekx
czd acoo acop hbc aeb abfy
cze acoo acop xwz gzp zon aawz
czf jao
czg zbs
czh acoq acop acoo pmq irt
czi acoo lmd
czj acop acoo hwc nmy
czk tku
czl acop acoo acg
czm acoo acop ax
czn acoo opa
czo acoo ujj ftc
czp kqr
czq acoq acop acoo apt sdw
czr acoo acop acoq guv
czs acop acoo agg
czt acop acoo zji
czu acoo acoq acop hbd urn
czv acop acoo mni sqq
czw acoo snm zlu cdc
czx acoo acop dzj uxx dlx aaky omz
czy acoo acop lii dkt acog
czz acoo aare bye vza qaa gnt
daa lgr
dab acoo acoq acop xqe xpg ulh xjg
dac acop acoo acoq aas uxe
dad acop acoo aagt yfy
dae acop acoo abnh
daf acoo jky
dag acoo rce
dah acoo ugw
dai acop acoo ohc
daj acen
dak acoo pyt
dal acoo acop sqz
dam acoq acop acoo ygz
dan hwp
dao acop acoo abbf qns
dap acoq acoo acop guj jlf emt hsn
daq qxl hlk
dar acoo aacg
das acoo acop dfj
dat yo
dau acoo aats
dav acoq acoo acop pww acoq
daw acop acoo jmb ffj qdt
dax acoq acop acoo ytv
day acoo ith aazg
daz jdd
dba acoq acop acoo abdw gfl vvt jep
dbb acop acoo acoq hyy
dbc acoo acop aafz
dbd acoo dio
dbe acop acoo lbs gtc
dbf acoo mzw mfb
dbg acoo yih bd
dbh acop acoo acoq ums
dbi acoq acop acoo zyh
dbj acop acoo abtj
dbk acoo acop acoq oqm xak
dbl acop acoo tkk vdq (afs avr)
dbm acop acoo abfl
dbn acoo vrj ju eew
dbo acop acoo lrb
dbp acoo thq edy
dbq tao
dbr acoo aavx
dbs acoo acop wxb ntu ltz
dbt acop acoo acoq wkg
dbu acoo acop wtt ziw
dbv acop acoq acoo vel bya ght
dbw acop acoo zrw gkx wqc
dbx acoo acop exf
dby acoo sjm
dbz acoo acop acoq usn
dca mcm scd
dcb acoq acoo acop epv
dcc llu
dcd acoq acoo acop hdi nya
dce acop acoo wug fpv dro
dcf tfr
dcg acoo mgz
dch acoo fcj
dci acoo acop caz
dcj acoq acop acoo abs
dck acoo cuq fcq zag
dcl acoo acop mdx
dcm acoo acop kux
dcn acoo acop dru
dco acop acoo stt
dcp acop acoo chz
dcq acoo plg
dcr acop acoo acoq ish xev jjv xjx
dcs acoo acop jhc plv ipy
dct zve
dcu acoq acoo acop irs
dcv acoq acoo acop abdh zle
dcw acoo acop acoq uik frv
dcx acoo ea
dcy acoo ldp uov
dcz acoq acoo acop ab
dda acop acoo hmd cwx hia
ddb eqo
ddc acop acoo acoq ikg uux
ddd acoo dgv xmb adw
dde acoo mp
ddf acoo acop ugs iaq (tvs the blm)
ddg acoo zqv
ddh nzb cuw
ddi jyb
ddj acoo wnq wwk
ddk acoo acop lhq
ddl pjy vsi nbr
ddm ltp
ddn gzk jad
ddo acoo lat (xnv tpj) lle
ddp acoq acoo acop gzu
ddq acoo acop xvk
ddr acoo xbq bfi aanl mwo
dds acoo wza bax (sll aabv)
ddt acoo acha
ddu acoq acoo acop ackg yzw
ddv axf
ddw acop acoo mau
ddx acoo odc mij
ddy gtw wxb
ddz vbd wup
dea acop acoo acoq mb
deb acoo fbn
dec fud ozc
ded acop acoo acoq muy srd sje
dee acop acoo abqc zea aboc mif
def acoq acoo acop ppn
deg ley
deh acoq acop acoo ikg uc fyj
dei acop acoo eir tfg
dej kt lab
dek acoo acop acoq ujt
del acop acoo ups
dem yzq
den acoo acop hch uaa
deo kaq xdo
dep acop acoo isx
deq acoq acop acoo ufq
der accp vyz qrt
des acoo acoq acop acmk cez
det acoq acoo acop bdz hs ots axr
deu acoo acoq acop vzz
dev acoo acop aapn wkb zyz
dew acop acoq acoo mxv cbh
dex acii
dey jec qzs
dez acoo acop zqt rgj lil
dfa acoo hdd hau rsi qqz
dfb wvh onu rd
dfc djy
dfd vwa
dfe acop acoo acoq mdi
dff acoo naw
dfg acop acoo ldb
dfh acoo ehb
dfi acoo acop mtx
dfj acop acoo lfm
dfk oxv vuo abwi bxz
dfl acop acoo acoq fnt pzc lqi
dfm yel (cof ggu) ect rkk
dfn aahh
dfo acop acoq acoo fec
dfp acoo acop mla nyk aasx sqg
dfq acop acoo iao gnw
dfr acoo acop fcq hyu
dfs acoo acoq acop low
dft acoo qft (zkv ahy) wfj
dfu acoo qr
dfv acop acoo nml
dfw pwc
dfx acoo qce
dfy aapk
dfz jig
dga fiw
dgb acoo acoq acop wue
dgc acop acoo rvu
dgd acoo acop rw
dge acoo acop szn
dgf acoq acop acoo eoo
dgg acoo acoq acop flj aaqv
dgh acoo xzb
dgi acoo tvd sry
dgj acoo xam abex xvk
dgk acop acoq acoo abln
dgl kcy
dgm acoo acop mnp
dgn ltk
dgo acoo xsy
dgp acoo pt
dgq acoo zey
dgr ver cbl
dgs sie
dgt acoo acop yfu
dgu acoo acop acoq bxn
dgv acoo qxa
dgw acoo acop hmu
dgx qpv
dgy wou
dgz ses
dha fiu jek
dhb acoo acop sfx
dhc acoo twn bie ghl wav gli
dhd abun
dhe acoq acop acoo pts
dhf acop acoo lib
dhg acoo abyc
dhh acoo acop gls
dhi acoq acop acoo aabx
dhj acoo rve
dhk bkx uet
dhl acop acoo uhg (ism uon pss zdu)
dhm acoo acop kht bla qgp aceu
dhn fjb
dho acoo acop sie
dhp acop acoo cmu olx tjc
dhq acop acoo acoq zfs odl eqe b
dhr acoo acop acoq dcn
dhs acoo pez
dht acoo tdp
dhu acop acoo acoq zuk
dhv acoo yxn
dhw acoo yhw (bch bvn)
dhx ibc
dhy qwx
dhz acoq acop acoo aceo
dia mvd
dib fon
dic acop acoo acoq acaw dqr uaj
did acoq acoo acop xyy
die nps kep ohs mew
dif acoo pcm
dig acop acoq acoo scl mxb
dih xlr
dii acoo acop jfi
dij acop acoo jeo oys
dik acoo acop acoq kip iei fqn icc
dil acop acoo gsp kzh aart
dim wya dpg pyr
din acoq acoo acop acgf
dio acoo hat
dip acoo nan
diq acoq acoo acop wuc
dir acop acoo vdd unh
dis acoo dc boq uaa mpf hbm
dit acoo acfw xwv
diu acop acoo acoq fma obi olz
div hsg abfu qmr
diw acop acoo xau
dix acoo gfn
diy acoo gvy
diz acoo acop aabw (bin jak) wjd qzb
dja acoo acop acoq wcs rfs
djb acoq acoo acop ifm vmp
djc acop acoo aauh
djd acoq acoo acop qls qhi
dje sus
djf aeh wvr
djg acop acoo tfy
djh acop acoo thz
dji acop acoo acoq xey ejv vve
djj acop acoq acoo fgm acmz
djk acoo crn qof
djl acop acoo apo jkv wwz fgs
djm acop acoq acoo myt hkx
djn acoo sei ehh
djo acop acoq acoo ztq nce
djp fqi rkw
djq acoo acoq acop czk
djr acop acoo gta
djs acoo acop ueu jcg
djt acop acoq acoo zbz jrr hxd clc
dju acop acoo aago
djv kal
djw acoq acoo acop qep
djx acoo pvg
djy acop acoq acoo lzk
djz acoo otc nzv lem yqc
dka acop acoo skd
dkb acop acoo dtc
dkc acoo uab
dkd acoo uph jdc ape brf uwd
dke acoq acop acoo gsy tej
dkf acoo kub
dkg acoq acop acoo wha
dkh acoq acoo acop epr
dki acoo acoq acop ugf
dkj qha
dkk aatr
dkl acop acoo diz ryd
dkm ilj akn
dkn acop acoo llu oam
dko jhm
dkp acop acoo acoq vug lhi rna
dkq acoo acoq acop bbw kvc ygd ldh
dkr acop acoo rdi
dks acoo acop sih xgc whp
dkt acoo yii (krk acfk)
dku acop acoo acoq vqy
dkv wfb inc
dkw acoo acoq acop klw zgx dgq
dkx acop acoo qbx vce rar zhv
dky ghz dcj
dkz acoo acop tlb
dla acoq acoo acop rln ron
dlb tve
dlc pf
dld acoo glw
dle acoo acoq acop rrz
dlf acoo kfj
dlg acoo acop fig
dlh igc
dli acoo wks
dlj acop acoo acoq wef
dlk acoq acop acoo ypn djy
dll acop acoo acoq zhw wgq urh
dlm ibd jas
dln acoo coq
dlo acoo acop acoq xvo
dlp acop acoo jhs qyg kjt
dlq acoo acop acoq iyi ruh hml
dlr acop acoo acav abqk
dls acoo qfu
dlt axw
dlu acop acoq acoo acfq het
dlv acop acoo bpb
dlw acop acoo xju
dlx acop acoo rjj
dly usl (oes sug)
dlz ghh
dma acop acoo uxf zgf kfu
dmb wre
dmc acoo acop top vnu iil ojk
dmd acoo epf
dme twf btu
dmf acoo rkc
dmg acop acoo pnq
dmh acoq acop acoo hqz qqt
dmi acoo xgw qof hbn
dmj acoo acop jsg
dmk acoo acop lbp bsi ivy hhi
dml kkq ssk ufi
dmm acop acoq acoo aate
dmn acop acoo uqk
dmo acoo jkz
dmp acop acoo acoq iyl
dmq acop acoq acoo mci exn aaqz ark
dmr acoo acop qtb brh
dms vyr
dmt acoo bfp xqt kms bdc
dmu acoo acoq acop jff wzy
dmv acop acoo thw igh gkk
dmw acop acoq acoo oqa yfr lpj
dmx acoo avv
dmy acop acoq acoo aoi
dmz acoo tfy ntl jru
dna acoo acop acoq jub
dnb acoo mzg akz abwo
dnc acoo acop acoq xxg
dnd khq
dne acop acoo pln
dnf acoo acop acoq td (xse rro myi)
dng acop acoq acoo cln
dnh acoo lve afh lut
dni acop acoq acoo ntz
dnj acoo acop acjh
dnk acoo mlo aaix rd
dnl acoo acoq acop hfq syq sft
dnm acoo acoq acop dqz
dnn jyu ce
dno acop acoo fus
dnp acoo byn yim
dnq acop acoo acoq vsn
dnr acoo esg dbj
dns acoo cpj kuy
dnt acop acoo ynf fyn kpb ocq
dnu acop acoo acoq frj jlu
dnv krw ltq bit
dnw acop acoo wb ixa
dnx acoo fij nrk qtu
dny acoo acoq acop pjs wen
dnz acoo acop kjp
doa acoo zwd
dob aaic
doc acoq acoo acop pfs dcv
dod jht
doe rju hul
dof acoo acop acoq xep
dog acoq acoo acop fvf
doh acoq acoo acop evk wvd mvf rxb
doi rae ua
doj acoo jer xgz kus
dok rig
dol acop acoo acoq cvo nfy rn
dom acoq acoo acop klj ipa nts vq
don rag ukj dgp cnn
doo acoo acop asm
dop acoo fmn
doq acop acoo acoq xay iem wkl
dor acop acoo pba iic mlc
dos cgv
dot sog pjo xwy
dou acoo zsa (mvw moq)
dov vzw hzq dpj
dow zjb aamp
dox acoo aabs
doy acop acoo rjm eqz
doz acoo acop eng
dpa acoo ogk
dpb acoq acoo acop eip
dpc acoo acoq acop jsi
dpd acoo acop aaex abem uz
dpe jhw abxk
dpf acoo caw mhi jhx
dpg acoo acdg krk sja
dph acoq acoo acop cod
dpi acop acoo lcy
dpj acoo ngh sdu
dpk acoo acop acoq kyt aadp wos trk wiu
dpl smn
dpm acoo mbl
dpn acop acoo yqb ivg gbo aaya
dpo acoo kl
dpp acoq acoo acop kji
dpq acoq acop acoo obf xgy djn
dpr acoo ujj xlk hdq
dps acoo ctg
dpt acoo klo
dpu acoo acop acoq lin gny (lst npp sjx)
dpv yxm oox sim
dpw acop acoq acoo znb
dpx acop acoo acoq gdo
dpy dtb
dpz dpf
dqa acoo acoq acop zie
dqb acoo fwd
dqc acop acoo xfh
dqd acoq acoo acop pvk
dqe acoq acoo acop hln
dqf acoo acop hfp
dqg acop acoo tng cvn
dqh acoo rhb srv
dqi acoo ggx jpw ujy bnr whx
dqj acoo goc xji cds hzf vua
dqk vxy eqn eyb www lzq
dql acoq acop acoo tyr nph kyu jdd
dqm aaaq oqi jmc
dqn cpx
dqo lmh
dqp acoo yrx
dqq acop acoo acoq ujd kzy
dqr acop acoo wyl pdi uvw
dqs acop acoo aawh kso mmy
dqt acoo acoq acop boq
dqu dxp
dqv acoo iha ldo
dqw frv qtg
dqx acoo pio
dqy acoo abul
dqz acoo acop khb nof ctj
dra wft mlk
drb acop acoo guz
drc acoo acop acoq zpn
drd jxw
dre acoo acoq acop jhe
drf acoo yzw
drg acoq acoo acop eux
drh acop acoo abix rzj onv
dri acoo acop npe
drj acoo zbs enm zvp
drk acoo acop acoq qdp lhk
drl acop acoo acoq rhn zjs dpg
drm acoo acop aazk xqu
drn acoo acop zfp
dro acoo xpf vwu
drp acop acoo lur ov
drq acoo acoq acop kzo
drr acoo roo dyt hwn noe
drs hcv
drt lge unv qik yjg
dru acoo acop acoq pfn aazn jym twm
drv acop acoo ell
drw acoo pqd
drx acoo acoq acop lmo
dry acop acoo gcv
drz ebf qal
dsa acoo utm
dsb acoo acoq acop ekk nrh
dsc acoq acop acoo xbu
dsd acoo abes qcr
dse acoo acop acoq odj
dsf ttj dnb
dsg acoo acop bbf
dsh acop acoo zlu (ryg dbo xrj)
dsi acoo wni
dsj acoo vbl aawa prd
dsk acoo acop aaon
dsl acop acoo vlf lqt bir qlf
dsm acoo cvw
dsn ija
dso acoo cdn vxb
dsp acoo acop ufe
dsq acoo chd
dsr acoo acev
dss un
dst acop acoo acoq tao
dsu eyl mdh dnt
dsv acoo acop kfp
dsw acoo acop tpj pol
dsx acoo acoq acop muv sei
dsy acoo acop zoy hla vmr rhr
dsz acoo acop acoq aane raq
dta acoo chx
dtb acop acoo acoq jov
dtc acop acoo acoq tbd
dtd acoo acop iud kji dzo
dte acoo acop acgf
dtf acop acoq acoo zpt cwd imj aayk
dtg acoo acop nzi tgz
dth ldm jym
dti acoo va
dtj acoo owf pmn
dtk acoo aciv
dtl acoo whp
dtm abpm ppd abvd hsu
dtn acop acoo acoq aarx
dto acoo acoq acop qci zge
dtp vnt skj zwk
dtq acop acoo wub wto ktw
dtr acoo ant
dts acoo pur
dtt acoo acop pkd
dtu whk
dtv acoo acar
dtw acoo acop jxv
dtx rmk xf
dty acoq acoo acop aakj
dtz acoo rib rxs jvk (nrp eze)
dua acoo acop aayf xhz
dub acoo dn xj
duc acop acoo crw
dud acoo xfb pra
due acoo acop acew ors
duf acop acoo etb
dug acoq acoo acop vge xek
duh acoo acop vbu thv
dui acop acoo zoy
duj acoo pwj
duk qop aacb gdg
dul acoq acop acoo ljf
dum acoo aatq
dun acoo fza sxk
duo acop acoo acoq jql qwn sxm ots
dup acoo acgc
duq acoo hbv
dur acop acoo aof vit
dus acoo acop acoq ccz zbh jpx abjc
dut acoq acoo acop tnj nkr
duu acop acoo acoq mos fcw (qwa qqu)
duv acop acoo ksc
duw acoo acop snk
dux acop acoo oij
duy acop acoo qyq
duz acoo ibo uku
dva feb (cvt eiz)
dvb acoo acoq acop tlb
dvc acoo cxr
dvd acop acoq acoo oek esh zkg dtl
dve acoo acop acoq svl ais djm
dvf acoo acop acoq zj yya
dvg acoo acop acoq cle
dvh nyx
dvi ult vsp pcv gpu
dvj acoo qpq ujj
dvk acoo acoq acop esn
dvl acop acoq acoo hsr
dvm acoo mme
dvn acoo acop col ybk
dvo acoo acop prb irg
dvp acoo acoq acop tsn
dvq acop acoq acoo zmy
dvr acoo acop iod
dvs acop acoq acoo ein
dvt mez
dvu hwp qjl
dvv acoo acoq acop cxt lvk
dvw acoo acoq acop gay
dvx acoo iok
dvy acoo acop acoq ah
dvz acoo edt yvz
dwa acoo acop acoq iuc
dwb ccn
dwc acoo qkb
dwd acop acoo apl
dwe acoo acop abrv jek
dwf acoo acop lfn fqb
dwg acoo acop oad
dwh acop acoo accf usn
dwi acoo uxp
dwj acoo acop ugy
dwk acop acoo odf hrl pzz
dwl acop acoo ackl wlc jvg qqe
dwm acop acoo acoq efa
dwn acoo hfp ves
dwo acop acoo uzj
dwp acoo acop euj
dwq acoo acop acoq aawj
dwr abup vgx onw
dws atz aavt
dwt rzs wje (xye jo)
dwu acoo knq fsj bac
dwv acoo wlw abgq ulo alf jsp
dww acoo acop iee
dwx vxm tbj vbc azi
dwy acop acoq acoo izc
dwz acoq acop acoo siq
dxa pkx izd wzn
dxb acop acoo acoq wqd vxo zdb
dxc tea
dxd acoo acby aik
dxe dr
dxf acop acoo xhl
dxg acoo acoq acop acfe ega owd lbm
dxh acoo acop dci
dxi acoo qkx
dxj acoo nee
dxk acoo vnf
dxl acoo sas
dxm acop acoo ihl uvz
dxn acoo tip bnb
dxo acop acoq acoo koz tmr pxi
dxp acoo acoq acop lgk kfg
dxq acoo acop acoq jr
dxr acoo acop acil fil vgd nry
dxs acoo qiz
dxt acoo dtm
dxu acoo xdj jvs
dxv gwd
dxw acoo acop uxv
dxx qle cgb jtp jfi
dxy acop acoo jc npf
dxz acoo ngo
dya acop acoo tez lih ral
dyb acop acoo qxm
dyc acop acoo xnz (pbh cfl eyx)
dyd acoo rtv
dye sur tbt
dyf acoq acop acoo bff
dyg acoo acop roy ecn bjo ygi mbq
dyh acoo enb
dyi acdd ava ujm rht aii
dyj acoo fpe efe aarm
dyk acoo aapg gtp
dyl acop acoo fnj
dym ono (aaza k fnz)
dyn acoo vpd hod kxv
dyo acoq acoo acop urg mgk hfw
dyp whb qex
dyq acoo rjo kmm kbl
dyr acoo kzk zbn jms
dys acoo acoq acop ozz
dyt aaos (esn pie zqk bzu)
dyu acoo em atu yiz
dyv acoo sbb abxu opr
dyw abt
dyx sri lgn sbu
dyy rla
dyz acop acoo idf tdo xem ypb
dza acoo gym yzq (yhz bfh snt)
dzb wmy
dzc acop acoo elg er urj rmx
dzd acoq acop acoo qqq
dze acoo acop xdo
dzf pxv
dzg acoo lsg huy aaj
dzh acoo glj
dzi acoo jpk
dzj acoo acop kcj
dzk acoo kvu
dzl hp aajw oja oyz dso
dzm abls
dzn zgj
dzo acoo acop acoq ovb lna
dzp roe aahf
dzq acoo acoq acop ibn
dzr acoo opm
dzs acop acoo whe rdg
dzt acoo oda
dzu acop acoq acoo edj
dzv acoo acop gnp
dzw acop acoo muf
dzx acoo ozt
dzy acop acoo acoq qsj goh rpv yue dfq
dzz acoo mab pti
eaa acoq acop acoo gdh ycs nhg
eab acop acoo acoq jln txy
eac acop acoo byt
ead acoo acop ils aasl lfd
eae taw
eaf yys ve
eag acoo hej hbr aavi kqb
eah acoo tlq
eai acoo mfh
eaj acop acoo acoq phh xdv
eak acoo emw
eal acoq acop acoo vxu
eam acoq acoo acop lam
ean acoo acoq acop bpr kdm mau exj
eao rhc mhz
eap woz
eaq acop acoo imc pze
ear aanc
eas acoo myu trd
eat acoo acop vhb eal djm lwl
eau acoo udx
eav acoo acoq acop avy rky
eaw acoo acbn ruu
eax acop acoo nzo
eay acoo kyn
eaz acop acoo acoq wty
eba acop acoo wwu
ebb acoo yue
ebc acoo wsy
ebd acoo raa jao yqo fxf
ebe acop acoo acoq zdo
ebf acop acoo acoq aua xxs aip arw
ebg dvo xtd
ebh acoo mnn lqp izg
ebi acoo acoq acop qyl (idr po) dqj
ebj acoo acop acoq jbd
ebk acoq acop acoo qcb
ebl acoo xwo cml
ebm ypa prg zox tdb
ebn lpo wbs
ebo jlq
ebp fhh abfv
ebq acoo acop qt
ebr acop acoo vxs
ebs xbb jnf
ebt jbn
ebu acoq acop acoo ico vkm sjk
ebv acop acoo abvl
ebw acoo acop aakh dma
ebx acop acoo acoq bgt
eby acoo fsz afy dmj
ebz acoo acop ahe
eca acoo acop gkq (hjt dsb)
ecb acop acoo bms hry jes wwh
ecc acop acoo mcn
ecd acoo acop kym
ece acoq acoo acop lwj
ecf acoo rng
ecg acoo acoq acop nou fbt ohb
ech zjb cpr gxi
eci acop acoq acoo wfj
ecj acop acoo vzo nvs
eck acop acoo pil ftw ycp
ecl acoo wwt
ecm acoo ttr isv myk
ecn acop acoo znl wnv
eco acoo acop ouv kbd
ecp acoo wjv nzf
ecq sio
ecr acop acoq acoo vzd aawp
ecs acoo omp abal
ect bzx
ecu wud
ecv acoq acoo acop msh hqf
ecw wai tdk pob wzm
ecx acoo pod aato lhn smp
ecy acoo thx
ecz acoo acop vpl
eda acoo acop acoq qla pf
edb rly
edc dam yub
edd nfu
ede acoo san
edf acoq acoo acop ymm cwl
edg acoo ccs
edh acoo zuj lic
edi wee kyy abpn kek
edj acoo lqf
edk acoo quq
edl acoo acop bc cg
edm acop acoo qhz
edn mro
edo ick qzd bmx
edp ylk zcd hoc jik
edq gwb idr
edr ing
eds acoo acoq acop lpf
edt itb
edu acop acoo mvs ewd agi aaqe ii
edv dkf rkk jps tuf abbd
edw acoo acop htm
edx acop acoo ooe mru ckd nrl
edy xvz
edz acop acoo ywo ks
eea acoo achy kdc abqk
eeb pei
eec nzh aawt
eed acoo mef
eee acoo acop eyb
eef xyd
eeg acop acoo bjx nrn jvl
eeh ux
eei ojo
eej acoo qsd
eek gjn
eel jcg
eem acoo lqk
een acop acoo gcn
eeo acoq acoo acop aafz ackd
eep acoo acop qzt
eeq ttl tih
eer zgj sfr
ees acoo txx
eet acop acoo aapu
eeu phk
eev acoq acop acoo rsr
eew ohm
eex acoo spq
eey gcu yrc aav
eez acop acoo aatb
efa acoo acop kki
efb acoo acoq acop mhf
efc acoo acnx
efd acoo acoq acop dxb
efe acoo hn
eff gmz
efg acoo abpd ata
efh fni
efi acop acoo oks
efj acop acoo acoq nxp klg
efk ywd
efl acoo acop absl aapa waz no
efm acoo cgu
efn acoo cbb
efo acop acoq acoo oyw tvl upr jrh
efp acoo kzj sdr
efq acop acoo wiv guh url ofi
efr acoo mhx
efs acoo acop acoq nwq
eft acop acoo pik
efu acop acoq acoo eza
efv rkw
efw acop acoo acoq ayx cle
efx acoo acoq acop oep
efy acoo qkq hsm
efz acoo acoq acop eeq
ega acoo vgd nw
egb acoo acop hso
egc abpe zix
egd acoq acoo acop aawp ucg
ege acop acoo aaif jrw
egf acop acoo yuw klr
egg acoo acop acoq fkw
egh acoo awf
egi acoq acop acoo fsx ull
egj acoq acoo acop eyx bzk cre
egk acoo ao kvi stx
egl acoo tbl
egm acoq acop acoo jgk
egn acop acoo nmv
ego ikj uwg lqt uf
egp acoo rep orx abpr aait skq
egq acoo aavs
egr acoo acop abot
egs acop acoo azi tug
egt acoo acop qnz
egu acop acoo syt
egv acoo qlb
egw hlc
egx jdd
egy ohy
egz acop acoo acoq bmg fzy bdp
eha acoo ypo
ehb xth
ehc acoo tmh
ehd vrf azz olm
ehe acoo acop abef iwa giy tdx
ehf acoo dab hvs
ehg acoo lgk
ehh bpg lsh
ehi fwd ufi cka
ehj acop acoq acoo jnf nny ekc qpf
ehk acoo yas (ugg ler zhd hfa)
ehl acoq acop acoo pvy xh igk
ehm acoo icx
ehn acoo dqn
eho acoo wmt
ehp acoo cgd syd
ehq acoo aclf
ehr acoq acop acoo ooa
ehs acoo vtz htq
eht acoo aof oqn
ehu acop acoo aaxy (qy dja)
ehv enw jut
ehw shp dhc gto
ehx acoo acop w
ehy jzk (uin wbz tjp)
ehz acoo uvg aavi ugu
eia acop acoo rzr vt uqm
eib acoo acop ola
eic acoo ugq
eid acoo abmz
eie trz abbd
eif acop acoo hoe
eig acop acoo rlk sjy
eih acoo tid
eii acoo acop acoq lyy kgr fqs jdn
eij acop acoo qpr
eik acop acoo lhj pbt uot vin
eil acoo acoq acop lzi
eim acop acoq acoo sxu
ein evq qfw exe
eio acoo acoq acop txt obk
eip pbk kes
eiq acoo acop goa
eir acop acoo acmg aawh aahd
eis acop acoq acoo lug
eit acoo acop acoq mpb zyu rio
eiu eqi
eiv acoo jps abkf
eiw rkc
eix acoo xvw
eiy acoo acnc fax
eiz acoo acop acoq xer
eja uyr
ejb acoo urq kol
ejc ces
ejd xuw kms aafs
eje acoo abuq dbr
ejf acoo pct
ejg acoo acop jnj
ejh fia aaqm
eji acoo ydc
ejj acoo ypa
ejk acoo wdv uzj zma oad
ejl eyr
ejm acoo kxh vpv
ejn acop acoo paz
ejo acop acoo jze
ejp ay
ejq acop acoq acoo pjl sjp kdc skn
ejr acoo acop acoq ft ifi aatz
ejs acoo jwn
ejt acop acoo ugv
eju acoo oxj
ejv hwd
ejw mbf
ejx acop acoo wza
ejy acoo uwt
ejz zuw
eka acop acoo uoo uhl hcy
ekb acop acoo vmf
ekc acoo acoq acop xxb
ekd acoo acop pzj yoa hyz jji
eke fne lve
ekf acoo uvm haa lxh
ekg acoo fsb fyz bcg vgq
ekh acoo acop kky rnc poq
eki acoo pjp
ekj vle
ekk acoo acop yzz dyr nqk wxm jkf
ekl dar
ekm wjn
ekn acoo abcw fwn
eko acoo tpy
ekp acoo acop tri
ekq acoo uod
ekr mno
eks gac
ekt acoo aazs
eku acoo dk
ekv acop acoo act
ekw acoo kwi psa zyo
ekx acoo geg qkw
eky acoo jqj
ekz acoo myd dfh aagc fl lya
ela acoo acop wgv fph
elb acoo oje zic
elc acop acoo abjl kmm
eld acoo acop acoq wwy
ele acoq acop acoo mdr
elf ljn
elg nhf pno fjs
elh dae
eli acef
elj acoo acop bfx
elk xvj
ell acoo acoq acop aboy
elm acoo ktx nlm (qxn it wpw)
eln acoo acoq acop xss ty
elo acoo acoq acop wyn abau evo
elp bif
elq acop acoo acoq gfo
elr acoq acoo acop utb gju
els acoo ygt ps
elt acoo jhd dor
elu acoo fuk
elv acop acoo acoq jua co
elw acoo acop acoq awf qte
elx acoo acop acoq flv cqe
ely acoq acoo acop vqv
elz abme btx msa gma
ema hrg
emb acoo mub pqj
emc acop acoo gfk
emd acop acoo sig yvv
eme acoq acop acoo nia
emf acoo ure
emg acoo abrz
emh acoo gco
emi acoo meo gpe zht uhc abrd
emj acop acoo acoq hkk aafz
emk acop acoo acoq qfv
eml joh
emm acoo acop clq
emn acoo rdb otv
emo cte
emp acoo dwh
emq abf lzx
emr acoo ooa
ems acoo acop guw
emt gmk
emu acoo acop acds ryy qow
emv oap kbj pht fvw
emw acop acoo hbl
emx acoo ieh jvf
emy acop acoo cyz urv mbh
emz acoo jml wbg jqp jrm
ena acoo acop lfj
enb acop acoo kzh (ync soo) ixs
enc naq lia bdq
end acoo sfe ddy lck
ene acoo aadg gna
enf acoo wea
eng acoo acop jah
enh acoo acop wrz mxf bgk
eni acoq acop acoo yah
enj acop acoo acoq czl
enk acoo acop acoq emz
enl aabe
enm acoo acop dzg
enn acop acoo mbv fax eup
eno acop acoo ukg
enp acoo scx ehj rvl
enq acoo acop cqj
enr acop acoo tyo oxb uoi abqu aapb
ens acoo acop djt
ent acoo acop pxo
enu acop acoo dfh
env acoo nsh ncv xgu
enw acoo lmt rbf sal
enx acoo acop djv
eny acoo wqj
enz acoo acoq acop hrf lfa
eoa wlj (rdv abfl lxq)
eob lxo
eoc acop acoo won
eod bze erb oiz
eoe acol ver xpz cpz nmo
eof acoo acop acoq pcx
eog acop acoo rjw
eoh hvc
eoi tbc itg lxj wnr
eoj aba nzk xsp
eok acoo sog
eol acop acoo asx
eom acop acoo acoq rlf qev klj
eon gzj
eoo acoo rum
eop acoo pzm
eoq acbs
eor acop acoo azm
eos acop acoo acoq pap aaxb
eot acop acoo acoq eme efi abap
eou acoq acop acoo acc rmw
eov acop acoo acoq wbk
eow acop acoo cft zyv fzy usp
eox acoo tkp hdw rmn
eoy acoq acoo acop tpx
eoz qfk asb
epa acop acoo acoq oov aagn acj
epb acoq acoo acop isl xar thy qur
epc acoq acoo acop ebe ekw acgd
epd acoo qhg rs
epe acoo acop smx abtr max
epf acoq acoo acop hoa
epg acoo acoq acop gqq
eph acop acoq acoo wuv aaxg
epi acop acoo rou
epj tle
epk acoo rsd svj dup
epl acoq acoo acop wwj sva
epm nwj
epn acop acoq acoo gwo haj trw olp gns
epo acoo acop rkj bwk xuv kvd
epp akn nbq cjp
epq acoo acop kj
epr acop acoq acoo dhw sol edv pob
eps uix
ept rqw
epu acoo acop kuu ucy tck
epv acop acoq acoo lhm
epw acoo har
epx acoo fip
epy acoo klz
epz acoq acoo acop bfp
eqa acop acoo sbh gwt lwv
eqb acop acoo wwu fjp
eqc acop acoo qtp
eqd wno
eqe acoo pew bia geg kgi qwp
eqf tjv
eqg acoo ycj acif abvo
eqh acoo djr fjr
eqi acoo acoq acop aqz pyd (lbj wlz)
eqj acoq acop acoo qsr
eqk jnn
eql rbu
eqm acoo acop qtf
eqn yfz
eqo acoo kwc
eqp acoo acop cbu
eqq acoo mpf
eqr acoo acop acoq zke xym qxl
eqs acop acoo acoq ges voq
eqt acoo acop acoq gz
equ acop acoo vk qho
eqv aaqx
eqw acoo acop upg
eqx acoo acop vee
eqy acop acoo wzz ddq
eqz acoq acoo acop qyx
era ecb
erb acoo abpu pnq
erc cha
erd gwy
ere acop acoo acoq bym
erf acoo hui
erg acoo tww
erh acoq acop acoo an abxs yjr
eri acoo acop kbc ooz ejj
erj acoo abcr
erk acop acoo abbs
erl acoo wsm
erm lzx
ern mpl
ero acoo acoq acop aaed
erp acoo acop kuo plw phi
erq acoo rv
err zni abnq
ers acop acoo vsc kww
ert qyz wpz hoo
eru acoq acoo acop azo
erv acoo abst sqb ndh odm crm
erw acop acoq acoo hza db tcu abtk
erx ccc vrg (bkp fej yhw)
ery yri fsp oqf
erz acoo lcw
esa acoo acop acoq yiy sim css
esb ezm
esc acoq acoo acop aaic xmw
esd acoo yod
ese cio fhn
esf pw
esg acop acoo gup
esh acoo acop fzd
esi acop acoo kkn
esj acoo ovn jse wqm
esk acoq acop acoo ymo njv vyh
esl acoo acop tvr
esm acoo acoq acop ybe abbo eab fbs gzp
esn acoo acoq acop xfw
eso acoo hel (abba lgi iot)
esp acoo acop dfi cqo tgv avy jgv
esq acop acoq acoo jiu
esr uye
ess acop acoo acoq ati
est acoo umm
esu acoo ihq
esv acoo nbp
esw acop acoo acoq xtc
esx acoo siw ndi (zvp mew)
esy rna grk dez
esz hoh tza yjb
eta acop acoq acoo thm rnt
etb acoo acop vwg jaf (ohh wht)
etc acop acoo xpp
etd acoq acoo acop qby trb
ete xua
etf acop acoo acoq qit
etg acoo led
eth acoo acop zdl
eti rgw yto
etj acoo acop hmd lws mvn
etk acoo acop lqi
etl acop acoq acoo edp
etm acoo acoq acop lgy dnc bvs
etn nro
eto acop acoo acoq bkx sdw
etp dyq lmq
etq nif hku tsm
etr acoo jhr
ets acop acoo bzl rut zyz vuz
ett dax ajn pby
etu acoo acoq acop jgz
etv acoq acoo acop qzf
etw acoo bhu
etx acoq acoo acop ohh
ety acoo wmy
etz acoo acop qdq faa
eua acop acoo acoq uzk pxl
eub acoo esh
euc gdz xkz bcw
eud acoo vtv nau rvg
eue acoo ehv
euf acoo qsy
eug acoo hle
euh rtr
eui psr
euj acoo acop acoq gvy
euk ywq
eul wyu
eum acoq acop acoo vgn
eun acoo acop ekl
euo acop acoo ubw
eup acoo jna
euq acoo acoq acop eta zcn zwx
eur acop acoo tiu nnv mtl
eus acoo acop acoq qym
eut zno
euu acoo qca aajd
euv acoo acop zww moh jop aavl
euw acoq acoo acop aagq qcs swp dwd
eux acoo acop anb
euy acoo accy osv hey
euz acoo crm (oyk mrk nuu) ogc
eva acoo acop acoq acnf ovi
evb mxw
evc acop acoo uqq
evd ahx hqt izq
eve acoo ablz web
evf vwt
evg poh
evh ipa yhb skk ezj jag
evi acoo acop bbq oee
evj acoo kvl
evk acoo acop nkv
evl acop acoo gcm zah
evm hkf zfc
evn acoq acop acoo unp
evo acoo acop hqj (abbz gyy)
evp bt idr kvh
evq acoo acop dov xug bsp
evr acjo
evs acop acoo zkl iwv
evt msu vrw tjs
evu acoo iuk bde woq hxn zbc
evv acop acoo mic el
evw acop acoo acoq acop
evx acoo npl aaim irx
evy wq sgp kyj
evz awt avp sci pb
ewa acoq acop acoo tbp
ewb twy
ewc acoo acoq acop ds sff abfy
ewd acoo kvx bko
ewe acoo oyd
ewf acoo jcf
ewg acoq acop acoo uoo
ewh acoo acop led
ewi acoo acop bcu
ewj acoo nmr
ewk acoo acop acoq wub
ewl fjg
ewm acoo acop ut iwk cqs
ewn ayr rke qtv
ewo aamq pzc qfw
ewp acop acoo acoq jtq
ewq vdt
ewr acop acoo ofb tpm mug
ews acoq acoo acop jer yhv hbn dpu
ewt gqd hzi aacl
ewu acoo bak rax aaiz
ewv acoo acop acoq yma xgg lor wot
eww acoo khr
ewx zc
ewy acoo xzf mhn abht
ewz udp
exa anx iew
exb acoo olb dcw vrr
exc acop acoo vkq irk
exd acoo acop jzc hts
exe acoo acop acoq vnu tpu fmo
exf acoo nyt sns
exg acoq acop acoo wdm
exh yrt
exi acoo acop ymb
exj acoo acop hqo rna rpg
exk acop acoo ncc
exl acoo usp
exm wtx
exn elt onb (hvb vps)
exo abqh
exp acoo xbr
exq bnt ppi stu odo cqr
exr acop acoo acoq acfl wyx kjn
exs acoq acop acoo vsx
ext acop acoo acoq rdl
exu ygq
exv xzz wzp
exw acoo fff
exx aclv
exy iwy
exz mdj jqp
eya acoo acoq acop zhl ofp jyo
eyb acoo byn
eyc aok
eyd acoo gqi mmc
eye acoo vet
eyf acop acoo cnb
eyg hva
eyh jdz
eyi acop acoo acoq xry
eyj vlt
eyk acoo acop acoq pzt ntp vxp
eyl acoo uox
eym ict lfn ptg
eyn acoo uqh igv
eyo acop acoo frj
eyp acop acoo aahn
eyq acoo acop hui mef lvx
eyr acop acoq acoo tjo hld
eys acop acoo ncb
eyt acoo acop yde (nax eov)
eyu ekx dhv gnc ibb
eyv acoo zav
eyw acop acoo sci
eyx acoo acop gsq abjh
eyy acop acoo lfv heb mqe
eyz acoq acop acoo wks
eza pms gtq sii acoj
ezb acoo qlq kwq
ezc acoo acop aru
ezd acop acoq acoo gdy hwk fbh
eze acoo qdi ablm osi ya
ezf acoq acop acoo zfx aabp qql
ezg acoo acoq acop wsh btb
ezh vod rmu dzv
ezi acoo uhl
ezj bns
ezk acoo baw
ezl acoq acoo acop sob ect mxx
ezm acop acoo jgx
ezn acoo czg
ezo acoo php rtg
ezp tdo pbu
ezq acoo bqi
ezr acoq acoo acop gcv
ezs wx
ezt acoo acop xyb hha
ezu kpi
ezv acoo cxn yzf
ezw acop acoo eyb
ezx acop acoo ouu
ezy acoo acop acoq mbz abqb
ezz lhq
faa aahg cqw
fab hcs
fac acoo vya mdf cjq
fad hfo kkn qra zeh
fae acoo acop lpg
faf sms ikz
fag acoo acop abwv
fah acoq acoo acop jqk
fai acoo acop acoq abkb
faj nsb
fak acoo ylw tlu cms
fal acoo sgx wnq soa tph
fam acoo cpc cir odk
fan hqe
fao acop acoo wcy sfy vyu
fap acoq acoo acop rhd nbc nqo xq
faq pzx
far eip sdj sfo
fas acoo acop vtm
fat lgo (ekb kpt zkt)
fau acoo acop dpv
fav acoo tyf
faw acoo acop dtl
fax acoo etw zhy oxa eje gaq
fay acop acoo qet
faz acop acoo acoq bpl
fba acop acoo acoq dds
fbb acop acoo acoq ydw
fbc acop acoq acoo jva zmh
fbd acoo ate
fbe acop acoo mkf
fbf acoo fbt
fbg acoq acoo acop sbq
fbh acoo fry hvz
fbi acop acoo acoq ooq
fbj acoo ufm
fbk abee
fbl dff xee
fbm acoo axq ehn dud
fbn acoo pig evv
fbo acoo acop acoq uje
fbp acoo acop abod rri abde
fbq acoo jfw
fbr acop acoo acoq gpm lxq
fbs lvn yzg nvw vus
fbt acoo djo
fbu acoo acoq acop tmb
fbv acoo acop elv
fbw vdh
fbx acoo bra
fby acoo acop itz
fbz acoo acop acoq fcu btx jce
fca acop acoq acoo dhs
fcb acoo jda yxe xja ipa
fcc knn
fcd acoo ozo djf
fce acop acoo acoq mk tsg xoj gkz
fcf acoo ayj yhg dok abe
fcg acoo acoq acop aani
fch acop acoo kjq
fci acoq acop acoo aalo
fcj acop acoo vnv
fck pwq pqs
fcl zdk
fcm emu
fcn acoq acop acoo dqu
fco acoo njn
fcp acoo acop acoq mme
fcq acop acoo acoq jir
fcr acoq acop acoo ojh myj abxb
fcs acoo jkx
fct acoo acoq acop ikz rpo mtk dew
fcu acop acoo nph gc
fcv acoo aaoj
fcw gnv gym
fcx acoo acop eff
fcy acoo yrf
fcz acoo acop xuv
fda acoo qyj fea gn ygb fhw
fdb joi
fdc acop acoo lan abba (yhx tar)
fdd acoo acop acoq pe gvy pdb
fde acoo ewb
fdf acop acoo mrm hbr cap
fdg acoo acop ziz
fdh acoo acop abmy
fdi acoo acop rvq
fdj acop acoo fsl ffo sjx oei
fdk gic
fdl acoo acop tqm syn qyy
fdm acoo aaco
fdn acoo rla yhj txx aas
fdo acop acoo aagq jum wef
fdp acoo kel lxy
fdq zsf
fdr acoq acop acoo sol
fds cqp
fdt acop acoq acoo lpr zqc id
fdu acop acoo sjy dmb (pzf ykv)
fdv acoo acop ksj
fdw xkq
fdx acoo acoq acop rrz o
fdy acoo ost gbr fgw
fdz pis
fea jct
feb zam jro
fec acoo acop uyp
fed acop acoq acoo evj
fee acoo rkn
fef acop acoo acoq nxp
feg acop acoo wpb
feh acoo cuj
fei acoo acop acfl loe
fej acop acoo crj iod
fek acoo ldm owd vmw sgt hml
fel abuu ggv mvf mua
fem acop acoq acoo aea txj sus
fen acoo acop dup iyx
feo acop acoo piu mdt asa zab
fep acop acoo erd
feq aall
fer acoo gnf
fes acoo gui
fet acoo zir
feu acop acoq acoo aaen ngh bxu tgd
fev acoo oqb
few acoo acop acoq bie
fex als
fey acop acoo bah vsz khg bpc
fez nax
ffa rcf uts ube
ffb dgp
ffc acoo acoq acop ddw bmx qnc
ffd acoq acop acoo aawt rho
ffe acoo egx
fff acop acoo gts
ffg acoo acop acoq cmb jrj
ffh acop acoo zji
ffi ds yek vrx
ffj acoo acop fca
ffk acoo yut fjl eac wiu
ffl acoo ubk
ffm acoo mia xrd
ffn acoo svf
ffo zqw jwk
ffp acoo lmp
ffq wsl
ffr acoq acop acoo zrb
ffs acoo acop aauh
fft acoq acoo acop gus uca jqf
ffu acop acoo yxh yz lpt xwo
ffv acoo acop acoq ane
ffw acoo acop ocl
ffx acoo acop oxd ojj hqx
ffy acoo acop tzd
ffz acop acoo aij
fga acoo acop qgk
fgb acop acoq acoo idt
fgc acop acoo acoq hoo dii
fgd kfq
fge byc xog ikn
fgf acop acoq acoo qoj
fgg kic
fgh acoq acoo acop aaqh
fgi acoo pmk (pmc (wnq zwr ean))
fgj acoo acop abbl wkd
fgk acop acoo rse
fgl msh
fgm acoo acop ulf
fgn acoo eup
fgo acop acoq acoo cix
fgp acoo aafw qwk rlw snc
fgq acoo acoq acop eyo
fgr acoo acop plm abxi ydu dly
fgs vei
fgt acoo acmk
fgu etf keo
fgv acoq acoo acop tud gmd
fgw acoo vlg
fgx acoo acop kcf aaoa yer
fgy acop acoo acoq idj cil yko elh
fgz acoo acop acoq tkq fpd zmm
fha kzo
fhb iue ays fdl
fhc acoq acoo acop aart gt ouc
fhd acoo acop gkx
fhe acoq acop acoo pji
fhf acop acoo ouo omp
fhg acop acoo fnw
fhh acoo acop acoq pdl vxo bjn yrw geu
fhi acop acoo gfl
fhj acoo dis zxq
fhk acop acoo yng ybj nkp
fhl acoo yqy eov sdz
fhm acoo dvi
fhn acoo acop uam fnj
fho acoo acoq acop bpd
fhp tre zrp
fhq acoo acjo rnr avv
fhr acoq acoo acop yzy vjh
fhs acoq acop acoo iyf
fht acfb qo jiu dov irf
fhu acop acoo bpg
fhv acoo acop qoq lvi
fhw acop acoo lyz
fhx acoo aahj sxk uuj gnu
fhy acoo acop mhb chl lcf
fhz acoo ylh up cyz mpl cnn
fia dik idc
fib acoo acoq acop mtj
fic acoo obp
fid acop acoo kpt jdj aail
fie acoo acop aasy
fif acoq acop acoo yxn
fig acoo qij
fih acoo ute me sqr
fii acoo acop pcs aazn zmm
fij acoq acoo acop acnk
fik msr zpl
fil acoo qvz
fim acoq acop acoo vdy iuj
fin ils
fio acoo acop acoq don wsq
fip acoo vxq mot kbh
fiq acoo acop ddj
fir acoo ceg
fis acop acoo luh uyt oct
fit wsx waf
fiu acoo ofx
fiv acop acoo rve
fiw acop acoo drm yse ioc
fix eda tau jgu rgh
fiy nyn fpm qee eks
fiz sfd qdf mor
fja acop acoo ayn xjn lvg
fjb enj hov
fjc vcv
fjd acoo cwo
fje acop acoo acoq abpl
fjf acop acoo tgl hmu ozq vgr onu
fjg xrk fxl pqa
fjh acoo llv
fji acoq acoo acop xvl
fjj gu
fjk acoo lmu slw hvo
fjl bwd
fjm acoo ywb
fjn acop acoo acoq ncq
fjo acoo on vse
fjp kyz zug hlm
fjq acop acoq acoo aapo anv
fjr acoq acoo acop dre oya
fjs acoo acop arc
fjt acoo acoq acop owv tct abpl
fju fke drz aaxg
fjv acoo acop pym
fjw acoo cvd jfh
fjx acoo acop byz oia kph ear
fjy ukr wqq rmx
fjz acoo vwu
fka acop acoo ioe
fkb acoq acoo acop kfy zys
fkc yyp
fkd acoo dyf cqf aamc
fke acoo acop wyt
fkf acop acoo acmw yiu
fkg hjm
fkh acop acoo ptz xjp
fki dwh
fkj acoq acop acoo obj lzh zpr
fkk acoo mtf
fkl acop acoo abhm hcd iye
fkm acoo acop mhn
fkn oqk (aclm uxh bj) xek
fko acoq acoo acop abej
fkp qcr
fkq acop acoo acoq nvh pqr
fkr cmi
fks acoo abgz
fkt acop acoo hhh
fku acoo wcw
fkv acoo acop acoq fru ewr isi (deb lsy)
fkw acoo iuy vsw lsd
fkx acoo acfc ukg cpy hmw
fky acoo wni ypu rqm
fkz acoo acop acoq gvu
fla acoo sgm
flb zns
flc yia ukj
fld acop acoo ekn
fle zwn
flf acoo acop acoq urc
flg acoo jap
flh aazm abad
fli acoo acoq acop abnl
flj acop acoo acoq sjn xrv
flk fvr joh aacj hvf
fll acoo vtl gis fr
flm acoo acop dip
fln acoo acop abfe pto ane zz non
flo acop acoo apq
flp acoo acoq acop mls qht
flq acop acoo acoq waq
flr aanu crv hdr
fls acop acoo ssv
flt ymp
flu acop acoo q
flv acoo acop euh
flw acop acoo azz
flx dyu (jwo msl gsm) wdm
fly fpt
flz acop acoo hii pmc
fma ffr
fmb wbr
fmc acop acoq acoo vuz
fmd acoo knv
fme acoo acoq acop que
fmf acoo vfw
fmg acoo qbp
fmh acoo lxo vex szw
fmi acoo acop acoq acv
fmj acop acoo acoq vbg mkv vlx
fmk acoo gjc nen
fml acoo acoq acop zzc
fmm ilm lcw
fmn acop acoq acoo noi
fmo cda
fmp acoo abrj wjc
fmq acoo acop acoq fdt
fmr acoo acop bzj soa aanz
fms acop acoo dsb
fmt qtp absg xsw vnj
fmu acoo kwv
fmv acop acoo eak mgw bxr pmz
fmw fpc
fmx acop acoo yzv
fmy acop acoo dta fmx qcu itb
fmz acop acoo aara acaj
fna acoo acop acoq bom bid
fnb acoo acop gpe
fnc acoo acoq acop tec
fnd acoq acop acoo qyu
fne acoo acop acoq rpd
fnf djj
fng achx izf
fnh acoo iha
fni ack
fnj ylh fny
fnk tyr
fnl acop acoq acoo yp
fnm wum kfx
fnn cep
fno cnf mfd
fnp mik hzd
fnq acop acoo abld
fnr acop acoo ghb xwr
fns acop acoo hii
fnt lkg
fnu vrx
fnv jny
fnw ehx zoh uvn
fnx acop acoo acoq tyt ldi
fny acop acoo bum
fnz acoo lfj
foa acoo edc
fob acoq acoo acop bez
foc aagv ebx ajc
fod acop acoq acoo xua
foe acoo acop eqv
fof yow
fog acoo lcj
foh acoo acop acoq qrq yge
foi acoo acoq acop cgn
foj hkz
fok acop acoo abxt
fol acoo ejn
fom acoo cmf cdt
fon acoo xdu wyo ake
foo acoo kwr iez wvm gwj orm
fop acop acoo acoq lra yqa
foq acoo npg adg
for yte
fos acoq acoo acop xjo
fot acoo tsl
fou pvg
fov acop acoo ezv
fow acoo acoq acop xtr
fox acoo acfr
foy acop acoo hxi
foz pfm
fpa acoo xnj
fpb acoo acop tvk
fpc vod (apq zwb) ler
fpd acoq acop acoo waq dqv
fpe acoo ffd puo
fpf acoo acop bto
fpg enm phk lpq phz een
fph acoq acoo acop tuj
fpi rnp
fpj acoo pwd
fpk acop acoq acoo ugu
fpl acoq acop acoo plz
fpm acoo vxl
fpn acop acoo heu cuc vor
fpo acoo acoq acop wnj
fpp acoo acop acoq acob
fpq bm bqv orc
fpr bjo (zwk day plc)
fps jbg
fpt acoo wdt
fpu acop acoq acoo lov
fpv abht pyq
fpw acoo sys
fpx acoo ymi
fpy acop acoo acoq owm wrm doo
fpz acoo rea sje
fqa acop acoo ykn jwm
fqb acoo acjc
fqc acop acoo hkz
fqd acoo acoq acop rqj
fqe acoo acop kbl
fqf acop acoq acoo llh njk ta
fqg pkf xyk lpb
fqh acoo mrx ajg vdx qwk
fqi acoo acop acoq fki
fqj acop acoo hhq
fqk fin edf vzu
fql acoo csc
fqm acoo axe
fqn acoo acop mjs
fqo acoo acop ubu
fqp acoo ajg
fqq acoo cus abjb
fqr acoo dm
fqs acoo acop acoq rrh
fqt acoo vts
fqu acoo acop grk
fqv acoo acop pjr wny
fqw acoo acoq acop blt mrp elj
fqx xez
fqy acoo acop acoq oem med
fqz acoo uxy uku yzi
fra acoq acop acoo vtv
frb acoq acoo acop rxd
frc acoo nse
frd acoo acop hfo
fre acop acoo ablw wbt xue aty
frf acoo acop rbz
frg acoo ajt qrm hjt
frh acoo acoq acop pby fxv zye yol
fri acop acoq acoo xtt
frj acop acoo wyf acbd tde aclv
frk acoo ldx
frl acoo ifc
frm wua
frn acoo dmz
fro acoo acop nwb
frp acop acoo mie sct (fxh ocf)
frq acop acoo jjo
frr icu
frs acoo dlk
frt acoo acop pyz pgv
fru eqp imm fgp umz
frv qn
frw acoo acop ybn
frx acop acoo pyr
fry rlm ksn
frz acop acoo nkd rtd fqn
fsa acoo acoq acop pge
fsb acop acoq acoo fjh
fsc gar
fsd acoo mzw
fse xei cdr fno
fsf bwf cbp hxw
fsg acoo ewv ots dya
fsh acop acoq acoo mdd
fsi acoo acoq acop mly
fsj dqg
fsk acop acoo zkp
fsl acoo kkl
fsm acoo yti
fsn cnn abxr
fso rm xne
fsp acoo jlo hcg
fsq acoo acop rxj
fsr acoo vra abju fhw
fss acoo alt
fst acoq acoo acop hxc
fsu acoo acop oox
fsv acfw rbn
fsw zkb
fsx acoo acop mjg dep
fsy acoo acop uds cov udm
fsz acoq acop acoo tzl ujs xgk
fta kvw lvj
ftb acoo acoq acop ud
ftc acoo acoq acop mot
ftd fcr
fte acop acoo xs
ftf acoo qoo usl xak
ftg acoo acop abbz kif bhs
fth acop acoo nwp
fti ab (omi wdh icm)
ftj acop acoo txj obp
ftk acop acoo ng uud fnk mai
ftl acop acoo acoq mnr
ftm abfr aaca ggr pnm
ftn acoq acoo acop ck
fto acoo ml
ftp acop acoo acoq ofz ivf don aoc
ftq acoo acop acoq bue
ftr acoo acop xgj
fts qw uop abqm
ftt acoo acoq acop vml
ftu acoo acop acoq aagn
ftv acoo jti
ftw gqe
ftx acoo acop kdp ta ipa
fty wiq jbz
ftz acoq acoo acop oxs
fua acoo nmi
fub acoq acoo acop gjg
fuc acoq acop acoo jgs qae
fud acop acoq acoo jsr yhc
fue krk kbd
fuf pfg
fug acoo uvf ypq ygb vjv
fuh acoo aka uec imx xwd
fui ggr bdz tej
fuj acoq acoo acop dfq lcz jnj
fuk acop acoo acoq yvv
ful acoo xkv nex qhw
fum ablb
fun acoq acop acoo rnw lu ugw kis sgy
fuo acoq acoo acop onu
fup tbf uhp dmd vzi
fuq acoq acoo acop abrv
fur orx
fus acop acoo wq vmv okk tqx
fut acoo acop njt
fuu nxh
fuv acop acoo bjf
fuw acoo acop aayo
fux pji
fuy acoo mff
fuz acoo acop aaff zeu fsl
fva acoo acop acoq idm (qrc mqk)
fvb pek
fvc acoo zte fqp
fvd acoo zzg
fve acoo mca
fvf acoq acop acoo hon
fvg nqv
fvh acoo ljf
fvi acoo acop hlj jer
fvj acoo ffy
fvk acoo mmj
fvl acoo iku vvt fmf
fvm acoo leo
fvn cj
fvo bev
fvp nof
fvq acoo aasv cns joc iqk
fvr acoo acop acoq nrl prz azg
fvs acoq acop acoo vxz kwu ih
fvt acop acoo ech dyw
fvu acop acoo acoq aov
fvv acoo acoq acop abfw
fvw acop acoo snw
fvx acoo abji yli
fvy acop acoo hbo kjc ss
fvz acop acoq acoo lce aahl rpu iiq
fwa igc jot vob rza inu
fwb acoo acop yrv xgx
fwc acop acoq acoo ewy
fwd acop acoq acoo ikh
fwe acoq acoo acop tsp
fwf acop acoo pjl wih snz
fwg acoo acop hzf dxc cu
fwh acoq acoo acop gjp osu
fwi acoq acop acoo ccr nbi std vst
fwj acop acoo ald ada
fwk acoq acop acoo aary oly mbe hus
fwl qtt asa
fwm acoo nau (zwx nyg) eym
fwn acoo acop cpw
fwo acoo nho
fwp acoo acop rqu
fwq acoo llz
fwr acoo acop acoq jur acoo
fws zmn
fwt qfr
fwu acoq acoo acop aat yry
fwv acoo acop acoq ytd xyk ohj
fww acoo aakq dwy mox
fwx acop acoo dsn qxr
fwy acoo vyu
fwz acop acoq acoo lma
fxa fbs
fxb aatv
fxc acoo oft
fxd acop acoo rnc kyi vge yvy
fxe acoq acop acoo aaex
fxf vql fgs
fxg acop acoo abfj
fxh acoo acoq acop ypg gen csl nuw
fxi acoo acoq acop chh rez abql
fxj acoo acoq acop tlg
fxk acoo acop bwe
fxl acoo hmb xdv ujg mlf
fxm acop acoo hwn
fxn uil xtk vdw
fxo xxa rdo
fxp bqu
fxq acoo acop wud pya
fxr acoo acop pik
fxs lsj
fxt acoo nke
fxu acoq acop acoo mcu
fxv acop acoo vva ynz
fxw cpx qyv
fxx acoo bms xae
fxy hwc
fxz acop acoo tzs
fya acop acoq acoo aays iiu srm
fyb ton lik vmy aan
fyc acoo ldc
fyd acoo acop ubk fkp
fye zvj
fyf kxd
fyg acoo acop utr rez yuh
fyh acoo xmk eqr
fyi acoo acop mdk gvh
fyj acoo kwh ok ibr
fyk acop acoo acoq xom
fyl acoo acop xcg tqd jto cwp
fym acoo acop zgv sgq
fyn acoo acop idm vud lol pte
fyo acoo ackg
fyp acoo acoq acop acop abhe ixg
fyq acoo acop acoq bbk
fyr lrd
fys acop acoo acoq mxm
fyt acop acoq acoo qkj
fyu acoo hbi aod qgy rxy lie
fyv acoo nru (ewc ikz pfw)
fyw swb sdu tcz
fyx doj
fyy qui abef
fyz acop acoo acoq kko crs
fza acop acoo kuq
fzb acop acoo rbx
fzc acoo ecf hyl
fzd acoo acop nyy
fze acoo hmh
fzf acoo fxh
fzg obr sib
fzh acop acoq acoo qgy
fzi gvv
fzj acop acoq acoo aajs
fzk acoo bqw
fzl acoq acoo acop fvz
fzm mls
fzn acop acoo acoq wui (xrm mpu absx)
fzo acoq acoo acop ufd gss rar bow
fzp gin
fzq acoo tix
fzr acop acoo acoq kxr abnb nbt qwp
fzs qmb uxy
fzt acoo osc
fzu acoo acop rcv
fzv acoq acoo acop abfj
fzw acoo shg
fzx acoo qkn
fzy xvd
fzz acoo acop ypt
gaa acop acoo zcb
gab acoq acop acoo pog uhe
gac ykg lrk
gad bhg
gae acoo acop juj lld qxp
gaf acoo cqb
gag gnz
gah acoo sld
gai vpw abxj aatd
gaj acoo sey qbs
gak acop acoo gaj
gal acoo acop acoq vwt
gam xcm hch
gan acoo pol
gao xkp dep led
gap acop acoo acoq tup aki
gaq acoo gpl
gar acop acoq acoo kjm
gas acoo acop acoq axh
gat acoo kvx
gau acop acoo aqx
gav acoo acop yas
gaw acoo tvv
gax acoo vxz
gay acoo acop acoq slp
gaz aaoe lny dxh dex
gba acoo yef bvc nfg aabx
gbb acoo acop acoq rak
gbc acoo acop hfj cx
gbd vqx
gbe acoo dg evv
gbf acoo hef jbr rof
gbg fpb
gbh sp pyh kvk yno
gbi acoq acop acoo gio mch
gbj acop acoq acoo pbd vgi wau
gbk acoo amb vyf cj ydd xjx
gbl acoq acoo acop bep zeu lss
gbm bqo aceu phc irw
gbn acop acoo yr
gbo acop acoo acoq nbj xcj ulq kil gyv
gbp acoo acop zhk
gbq acoo acen vfz
gbr acoo dyl kqr esn
gbs acoo acoq acop qro
gbt uyx
gbu acoo tol
gbv yty
gbw acoo acoq acop bmo
gbx acoq acop acoo mfh
gby acoo acop olu szn abab eru
gbz acop acoo keo
gca acop acoo acoq zxe
gcb com olc rzp
gcc acoq acoo acop ibn nto aakd
gcd qfy zup
gce mub ezu aaqu eiy
gcf jt jqh whx
gcg acoo fmd
gch acop acoo jbz dcw jt dgj
gci acoo goh
gcj acoo acop acoq fbg
gck acop acoq acoo kbl vuy
gcl wzy
gcm acop acoq acoo cve
gcn vmb ndl aady oaw
gco acoo avg mvu
gcp eiz
gcq fei
gcr acoo abpt
gcs acoo pvz
gct rr ikw
gcu acop acoo kqp
gcv acop acoo xmu csd iff nsg
gcw acoo unj
gcx giq jmf
gcy acoo swu lza omm ehq
gcz acoo asc kvg acke dxn
gda acoo dbp kuz lgo kri
gdb acop acoo lxh
gdc aciy ppj tae bux fyv
gdd acoo acoq acop lvs
gde acoo acop cri pav
gdf acoo acop qta hne lye lxr
gdg acoo acoq acop acka
gdh acoo uop nqd bon oyj
gdi acoo tui
gdj acoo acoq acop tkr nop fem
gdk uzk
gdl acoq acoo acop xfx jyj
gdm acop acoo acoq mdp
gdn acop acoo acoq aaqa (kyh nis)
gdo acoo etk
gdp acoo wkx
gdq acop acoo adt zyu
gdr acoo acoq acop ybw bsb
gds acoo acop oqz
gdt acoo liq
gdu yn
gdv acoq acop acoo gbk
gdw acop acoo acoq mpg mgd
gdx acop acoo zxa abzq qcv
gdy acoo lon
gdz acoo acop dbc
gea acop acoo uja
geb acoq acoo acop abel
gec acoo acop txs
ged acop acoo aboh
gee acoo qmx
gef ifd qpj
geg acoo hqu qxp unf kfw
geh kbm
gei acoo acoq acop aqc
gej acop acoo hn
gek uvv ngl uwt jia
gel acoo lca lkv
gem acoo foi aij
gen acoq acoo acop yq
geo acoo imt
gep acop acoo oqn
geq acoo acoq acop sai
ger xxr
ges acop acoo anb
get ldw
geu acoq acoo acop jab
gev uzz fyd
gew acoo acop acoq qum
gex acop acoo abju zbe (lvx xms)
gey gwk
gez acoo acop yya
gfa acoo jlx zye
gfb acoo dkh
gfc acoo wmo uro fyn
gfd acoo otg
gfe acoo uuh rxn kiv
gff acop acoo acoq lnv
gfg acoo acoq acop rrx pwx jxp slv
gfh yrx (abrm xrh)
gfi md
gfj acoo ufa ck
gfk acoo acop aafg
gfl kgh mtz
gfm acoq acoo acop tnd ap sfs ytx
gfn qnh
gfo phg
gfp rwf (yfp wxo) eun
gfq acop acoo uyu
gfr iil ljj
gfs qjm zhv qwo
gft acoo qfl (dry fpz epv tja)
gfu fdk
gfv aavf nbq rbz
gfw oji
gfx imv kby
gfy acoo acop iow
gfz gjz ghe
gga acoo cgl zah
ggb acoo acop etf poz xpp
ggc acop acoo nqi
ggd acoo acoq acop gcg
gge acoo aabz yad
ggf acoo oyq
ggg mqf
ggh acop acoo jum sph pwl
ggi fna
ggj acoo acoq acop gzn
ggk xrv ktn lue
ggl acop acoo acoq vzl
ggm acoo acop icw aaah dlf
ggn xst kve pzd eta
ggo acoo acop ouq
ggp vjn
ggq lcw
ggr acop acoo acoq re
ggs acop acoq acoo bpb xbr ope
ggt acoo acoq acop exy fad
ggu jov aaxg
ggv acoo acop jvx
ggw acoo cwl
ggx acop acoo je uhj eb
ggy acoo acop acoq ltn
ggz acoo acop ids
gha acoo aam abnv huf
ghb zjd sme
ghc acoo xxd
ghd acop acoo pgz
ghe acoo acop ykt
ghf acoo acop ablv
ghg acop acoo fzf
ghh acoo zme
ghi dif
ghj eou
ghk acoo acop wmt
ghl acoo acoq acop guk epk
ghm acoo acop ufo mad
ghn vhs
gho acoo acop gzc
ghp lsx
ghq acoo ekv
ghr acoo acop txt
ghs acop acoo acoq mgd
ght acoq acop acoo tfk sqy ppq
ghu acop acoo mom
ghv acoo iub bbt ydn
ghw acop acoo wnk
ghx acop acoo aun
ghy jeb
ghz acoo acop xee
gia acoo qpx vsx bnv
gib acoo acoq acop jmk dfq mtr
gic mva
gid acop acoo acoq hak tmp
gie acoo eoo cpq
gif acoo wir
gig acop acoo acoq htc
gih acop acoo vrt xji dgd wuc
gii jeg
gij acoo klc
gik acoo aho
gil pzk phf
gim pwq
gin acoq acop acoo hzo ykv
gio ylw
gip acop acoo acdy
giq acoo abrv tol sau
gir pft
gis frs
git acoo lez
giu scv yuq hpt
giv acoo cky fts (akq gyx) efw
giw acoo acop acoq k tsn
gix acoo acop xcn osq qto
giy iwd qm
giz acoq acop acoo xmd yqk blh
gja lkz
gjb acop acoo aakq
gjc acop acoo ueg
gjd acoo ytc
gje hma
gjf acoo fak hnz abfd kuj
gjg acoq acop acoo wis aanp
gjh acop acoo nqm
gji oup
gjj ois
gjk acop acoo abki
gjl acoo acoq acop bah cme
gjm fta
gjn acoo acop acoq sbe
gjo acop acoo acoq pta hhm
gjp acoo ud gfx dpx
gjq qwp
gjr acop acoo cjs kzs
gjs acoq acoo acop ioz
gjt ozg
gju pyw acfi
gjv hjs
gjw acoo wtq
gjx acoo dzf
gjy acoo acop fxw
gjz ackf
gka acoo acop acoq abqd abnj vbz ryc
gkb sls
gkc gme
gkd acoo hry byd
gke acoo gge fwp snh ygd
gkf efw
gkg acop acoo hq
gkh acoo ksh
gki acoo psv (wwd dvp yva)
gkj acoq acoo acop lxt hch jb apd
gkk acoo abvs
gkl acop acoo acoq nww
gkm vyj
gkn acoo acop xuk
gko acoo pur ywk ucl nbx
gkp abea rjk joj vgm
gkq acoo kou
gkr acoo acop vaz gmq
gks acoq acop acoo aalf
gkt acoo acop absk
gku aayh qll qjo bsi
gkv acoo zvr
gkw abfe
gkx joo
gky acoo acop aakl
gkz acoo edc
gla acoq acoo acop xke zme
glb odq obd
glc acoo vpw sc
gld acoo acop lpo lei gjm
gle acoo acop gqh
glf acoo acop acoq any yfd
glg acoo acop acoq knz itd
glh acoo acop xcf djz
gli acop acoo acoq aym
glj nse xue bay
glk acop acoq acoo zmx nsf
gll acop acoq acoo zmg
glm acoq acop acoo rus
gln acoo rrk
glo acop acoq acoo yqa
glp acoo wvw
glq acop acoo zem
glr acoo ofb ydc
gls ryj
glt acop acoo acoq kgm
glu acoo pqk bcc
glv jci
glw ua acbf qas
glx acoo nqc geo pha
gly acop acoo acoq oxl acgz okw abqk keo
glz acoo acop zgd
gma acoo acop acoq ilk yxh abkd abjg vse
gmb acoo acop pvs
gmc ffq
gmd acoo ayh
gme kly
gmf acoo ovd
gmg acoo aml
gmh dzu eyr adc
gmi acoo acop abrj (rbj xub yas)
gmj acop acoq acoo vop
gmk acoo jpg
gml acop acoo acoq ugc
gmm acop acoo efr unl
gmn acoq acop acoo yza acni
gmo acop acoo fxu
gmp acoo pau
gmq acoo acop ktk
gmr haf
gms acoo acop ext
gmt acoq acop acoo hsg hqn vcm
gmu qrd zve
gmv acoo acop bht
gmw omd hyf jpa
gmx kya gof
gmy dje
gmz acoo oqp fhw xro
gna acop acoo otp wxr grn plg
gnb vlj
gnc acop acoo acoq wwj zbf
gnd acoo wrp
gne acoo aapa toh cbd ovk
gnf acoo ydz gkv
gng sjb
gnh acop acoo aaia qch
gni oxb
gnj acoo gup
gnk acop acoo bpa
gnl acoo eb
gnm acoo ikp
gnn acoo acop qy udq
gno acoo aayd atf
gnp acop acoo acoq alt
gnq umg
gnr acoo acoq acop zqc hg frg dhw
gns acoo acop zgg bmj val yej
gnt aaka
gnu acop acoo ehm (vlk wsr xpe)
gnv acoo xeb dwt
gnw acoo ymq
gnx acoo aaeh
gny acoo cgn
gnz acoo ksu
goa acop acoo mcu nez abjs
gob mso jrj
goc acoo acop jpl
god acop acoo qbk
goe wuj
gof abpr
gog kqc
goh acop acoq acoo icw
goi acoo acop acoq gly
goj acoo ian vui
gok acoq acoo acop ojf fzl
gol acoo dm hdz
gom acoo acop tim zoo ohb qvm
gon acoo xl
goo acoo acop gmk
gop acoq acoo acop qil
goq acoq acoo acop pdn
gor acoo acop xai geh
gos acoo lej azd
got ddy
gou acoq acop acoo acq (jhq ppr)
gov acoo zya
gow jst uul wry
gox acop acoo acoq dgn kbt tjb
goy acoo lfa whm cay gbp
goz tjh
gpa acoo acop jxd kxg ykp jhh
gpb gxt
gpc acoo acop vtl ndk nse dbg xb
gpd acoo acop inx gcj
gpe acop acoo mcp
gpf acoo acop wbf abcq abra
gpg acoo acop hag
gph scm cgf
gpi acoo acoq acop abor
gpj acop acoo ory
gpk acoo pbv tei tet vxv abrk
gpl shw xkp
gpm acop acoq acoo tpz
gpn fky dsi
gpo acop acoo jyb
gpp acoo omy
gpq hcq
gpr si frt nbo
gps acoo acop snn
gpt acoo acop kni abym
gpu acoq acop acoo grq
gpv acoo tmc pct
gpw gjp wzq
gpx ras vrl lkm
gpy acoo bqe
gpz acop acoo acoq ace hwr osn kqn ata
gqa acoq acoo acop abcd fln ddt lko
gqb acoq acoo acop axf ymc spm
gqc acoo gza
gqd acop acoo isk
gqe le vpl keu rsg
gqf acop acoo acoq pqx
gqg acoo xpf
gqh acop acoq acoo hus
gqi acop acoo acoq luv
gqj acop acoo dqj
gqk aank
gql acop acoo xtc
gqm acop acoo acoq lgn
gqn lsh
gqo acoo acop ktd jdf aasm
gqp acoo acoq acop tgs qsn lmd
gqq otg
gqr acoo nzs
gqs rwe
gqt acop acoo aamj zhs kia
gqu acop acoq acoo tyj
gqv acop acoo dpv sav jti ael
gqw acoo abkh wyu
gqx qqr tpn mia
gqy acoo byp
gqz yeu
gra acoo ydo mgi
grb acoq acoo acop zsx
grc acoo acop acoq aof
grd acoo acop acoq wvc efu
gre acoo oij
grf acoo veq
grg acoo acoq acop qop
grh acoo acop acoq dar
gri acoo nbc vka aqm
grj acoq acoo acop aaru cjb
grk acoq acop acoo aabs
grl ybq
grm vny ujm anp
grn acoo bhp
gro acoo acoq acop evq
grp acoo doy
grq acoo igo
grr aboe myh
grs acoo lqh xdf
grt vnt abww
gru acoo ukk
grv fpw
grw acoo acop kex
grx acoo acop acoq jxp
gry wyl ki anz xih
grz acoo im
gsa acoo ghg ao
gsb acoo acoq acop okj
gsc acoo smi jhb wcg ute
gsd acop acoq acoo vna ddp gdq exq
gse pnr obm zll xyh xrg
gsf acop acoo gmc ibu
gsg acoq acoo acop xyh wsa wid qst
gsh jiq ynw cie
gsi aagq
gsj acoo pgl
gsk du bvw yjg
gsl acoo gzi flp ert
gsm acoo kmy abes sok abpb
gsn xrq iox
gso acoo vst kgo
gsp acoo acop dqv
gsq suf (hdg ilr)
gsr acft acf
gss mpi rhp
gst aiy ozv
gsu acoq acoo acop dnt abhu uuh gsv
gsv acoo acop zs
gsw acoo ywc (cef cth abvc)
gsx acoo wmt
gsy acop acoo tnw kqn eyx
gsz acoo acop uln
gta aaqd
gtb acoo byx
gtc acoo nja
gtd acoo acop hyz
gte acoo ofn
gtf gqi ivg jsw
gtg acoo acoq acop kqr
gth acoo acop acoq shy
gti acoo aazw
gtj acoo acoq acop guc
gtk acoo abuf
gtl acoo acop lpb lfd ckb
gtm ahp ljv zzb vzu pwy
gtn acoo vmw oio
gto acoo acoq acop ldf ygm xs rzu
gtp acop acoq acoo xsy
gtq bop
gtr acoo acoq acop aahb
gts acoq acop acoo lqr
gtt acoo acop ofq
gtu acoo mxz cqy
gtv adl
gtw acoo abyo
gtx ybu
gty acoo cmf
gtz acoo isy tul acfz aazv
gua acoq acoo acop abih vqw fkh
gub acoo acop nvd uwd pzh hsw uej
guc acop acoo eel
gud acoq acop acoo prq
gue jj byh yqk
guf wnv ocu
gug acop acoq acoo ou
guh acoo ao
gui cn
guj acoo acop dfs
guk acop acoo acoq gtm
gul acoq acoo acop rce obq qvi
gum acop acoo acoq vsz mue hba ook
gun acop acoq acoo rsw uyn
guo acoo aadb
gup acoo xz
guq acop acoo ftv ulb rls
gur acoo acop ycd hcl sno
gus acop acoo acoq jia ftt
gut acoo acop acoq zla (yas kde)
guu suk asu aty
guv acoo acop dfy (ve ipm)
guw pzj
gux xdv
guy wmk
guz acop acoo acoq utw aakt mo kql rmn
gva acop acoo ghk
gvb acoq acop acoo zui
gvc lov fpa nbl
gvd iiv bcc gde
gve acop acoo pft
gvf acoo acop yey hte anv
gvg acop acoo gra vdf fnb vgg ckr
gvh xsu
gvi acoo tpn bfv
gvj kqv
gvk jgt kz uos
gvl acop acoq acoo dov
gvm cyv
gvn voi
gvo acop acoo aaid
gvp acop acoo lup
gvq acoo acoq acop aui epv rhs
gvr aajw
gvs acoq acoo acop nmk cxm
gvt acoo kor
gvu acoo aaho chv
gvv acoo gie
gvw acoo acop rhy
gvx acoo acop kxs ycy ache deb
gvy acoo ojo
gvz ig
gwa cdt
gwb acoo gzt
gwc acop acoo nql ilt lec
gwd acop acoo xfy
gwe who
gwf acoq acoo acop t lam txq ge
gwg cbp
gwh loi aalk wku
gwi acop acoo abxd
gwj psx
gwk acop acoo aafw
gwl acoo ablz
gwm abfw
gwn acop acoo tvz abmo
gwo acop acoo acoq nbr eio
gwp acop acoq acoo qcw
gwq lhu
gwr acoo acop acoq acai aqm
gws acoo lgk kxv
gwt acoo yyt myk
gwu acoo zpq
gwv acoo acop jyt
gww acoo lhg
gwx acoo nef tt xg
gwy zji yql
gwz acoo acop rtd otg qkk
gxa acop acoo ant
gxb acop acoq acoo lzw
gxc acfp
gxd acoo acop acoq abmo
gxe acoq acoo acop jb
gxf acop acoo bpm
gxg acoo acop cxk
gxh riq ftp acce
gxi acoo acop yxi aafj eam rre
gxj acoo g mcx abqf ykq
gxk fnb
gxl acoo acop acoq oui iql
gxm acoo aaeh
gxn acop acoq acoo ov
gxo lec
gxp acop acoo aare
gxq acop acoo cgy
gxr acoo acop hvz
gxs sjt
gxt acoo ppy
gxu acop acoq acoo ksr
gxv acop acoo usp opo iys
gxw zkb
gxx acop acoq acoo ogc
gxy acoo oab yer yxx qzh
gxz acoo fzg
gya acoo acoq acop acfy
gyb gwk
gyc no
gyd acoo fny cjr
gye acoo acop gqs jlg mnn uhh
gyf sds
gyg acop acoo etq
gyh acoo eoy
gyi abjl
gyj inv poy rpt
gyk acoo fzf yeq
gyl efy cyc mpt dxl sko
gym acoo acop nro
gyn acoo mwt toe tyy
gyo acoq acoo acop iwo
gyp ekx
gyq fdg
gyr jnp ezb bms yho
gys acoo acoq acop pmr mid pqj
gyt acoq acop acoo xiu uls ihk ip
gyu sgq
gyv ubb
gyw acoo acop kay
gyx bim
gyy abpx
gyz acoo acop mvq
gza peq
gzb jna
gzc acoo eve yff
gzd gxk
gze acoo ksd
gzf acoo jgd
gzg cki fym xrx
gzh acop acoq acoo vja qwy
gzi acoq acoo acop ala zhu (rvb aajz)
gzj acoo yfy
gzk acoo zrp
gzl ldt pzs
gzm acop acoo ipa
gzn acoo acop hrh
gzo ebu tnu fub
gzp acoq acoo acop zev
gzq acop acoo acoq pfs
gzr wcj jhf jof
gzs imi axu
gzt acoo acop zhn rpz aadq
gzu acoo acop mcz
gzv acoo acop dby
gzw acop acoo mkt
gzx acop acoo acoq wel
gzy bfe
gzz acoq acoo acop qqa
haa rfs
hab axq ein (yph uii wr)
hac acoq acop acoo rmb
had acop acoq acoo gpu
hae acoo abxq
haf acoo acop wez tyi eny
hag acoo ufv abyr hku nwb
hah acop acoo acoq zon
hai acoo lus
haj acoo hew xfc d fxm dyn
hak acoo acop cnl
hal acop acoo acoq ffl
ham acoo mu ugy idb
han acoo acoq acop vyw
hao acoo acop upe
hap acoo acoq acop trq vvm
haq acoo afl ujs
har acoo xxx
has acoo hkl
hat acoq acoo acop qhk
hau vbj
hav acis
haw acop acoq acoo rla
hax acop acoo dof
hay acoo acoq acop dv
haz acoo acoq acop mfn inn aafv syk
hba acoo acop dug
hbb acoo acop acoq dcf yoa
hbc acoo acop abfy
hbd avp
hbe acoo zpa
hbf acop acoo oqy qqv fsa
hbg acop acoo acbm
hbh acoo lpm kb
hbi acop acoo acoq hku (cyn dnk) coc
hbj acoo xbl
hbk acop acoo acoq gqn
hbl isd yaw
hbm acoo iwz
hbn acoo acop kkj
hbo iwi gvg
hbp acoo xis
hbq acoo wsz
hbr acoq acop acoo aate
hbs acoo acoq acop pys jlx ltc
hbt acoo acop vwm
hbu acoo acoq acop abbf svb jhv rwk
hbv acoo dwj
hbw acoo pyq vac etr lgz hpx
hbx uam
hby eov
hbz acop acoo eex
hca acoo acop ijz zux
hcb acoo acop wxi hrf
hcc acoo iap
hcd acop acoq acoo xc
hce acop acoo acoq aamg
hcf acoo acop zye
hcg acoo acop hmx abte
hch acoq acop acoo pkl qha xnq caa abpu
hci acoo acoq acop bkr
hcj acoo gak
hck acoo tnv
hcl acoo rmk wir fur
hcm acop acoq acoo jqy mqd
hcn jge ozi xnm koz
hco qhn
hcp acoo tdt evr jvh dmh
hcq acoo acop gmj xjl nnr lvl
hcr abzu rvf
hcs acop acoq acoo wes
hct acoo mbi (qiv wzd)
hcu acoq acoo acop bgp hv qfe lk rxd
hcv acoo vwr
hcw acoq acop acoo fdo elt
hcx acoo alz
hcy acoo aih nct wrk
hcz acop acoo acoq nzv irf ufg aawo
hda acoq acop acoo qzo qhj mlq
hdb acoo lbh
hdc igg eae rhl
hdd acoq acop acoo niw (tca klt gzg)
hde acop acoo aaty wtm lxr ros gbp
hdf acoo txg
hdg k qz dil
hdh acop acoo aafz
hdi acoq acoo acop jau
hdj acoo pzb pjg re fzg
hdk acoo acop esm owb
hdl acoo acop acoq akh
hdm kow
hdn acop acoo acoq igi (kkf sww awr)
hdo acop acoq acoo qvh pqz
hdp acoo acoq acop aatw ovz byw
hdq acoo oxj
hdr hlf ujo kwt
hds acoo gwd
hdt acoo eyn
hdu oav (aaat ngu pth gdi)
hdv acop acoo qnx
hdw zjq
hdx acop acoq acoo xqa
hdy acoo elo oyq
hdz acop acoo pp emt
hea acoo xrf
heb acoo acoq acop frx
hec acop acoo acoq jvd
hed bgy blk
hee acoo acop tdx sht
hef acop acoo acoq fld wpd tyh nju
heg acoo qmd qem gst
heh acoo acop yma ucj
hei nlk wyi
hej wbf
hek xvs hv
hel acoq acoo acop fov
hem btb
hen acoo acop jon hqs
heo acoo tht
hep acoo ciy
heq acoo nlo
her acoq acoo acop cld hys
hes acop acoo acoq lui
het zuy cdp
heu acoo acoq acop yyz
hev acop acoo acoq zou
hew acoo acop uib
hex yla
hey acop acoo gbx pjw dyo
hez acoo aamr
hfa acop acoo acoq eyk
hfb cid aqe
hfc kos
hfd acoo kgq ott
hfe acoo onx
hff acoo nym
hfg ntt
hfh acop acoq acoo rru shd
hfi acoo jee vgn abpw oof
hfj acoo ccb spb acfh knm mpd
hfk acoo izm
hfl acoo ulu
hfm acoo acop acoq pkv fxp
hfn khi
hfo acop acoo ablr
hfp acoo acop acoq mkk kpw aaky kma xyg
hfq acoo acop dwr
hfr acoo fql
hfs acoo acop ohx xhx pgg
hft acoo abfe
hfu acoq acop acoo juh
hfv acoo flm nnr
hfw acoo acop faa zej urc acn
hfx acop acoo hqv mjt
hfy uyu
hfz acoo abhc
hga acoo acoq acop ebl
hgb acop acoo izx
hgc acop acoo mgm
hgd acop acoo bur isx
hge acoo vml yds lwe
hgf acoo acop ynf maj
hgg acoq acoo acop obe ucq
hgh acoo acop sys dqa wdr abow
hgi acoo acop lqy
hgj acoo acop acoq rxb
hgk acoo acoq acop lca
hgl acop acoo zfq
hgm acoo kuk feh
hgn acoo yi rak
hgo acoo abeo ybi
hgp ogu
hgq hm
hgr acop acoo acoq mzp
hgs iuw juq dxy
hgt acoo cgo
hgu acoo acop acoq qpm pnn auv yqo ohf
hgv acoo acop dtx eue
hgw abfp snw gpz
hgx acoo acop acoq ukm
hgy enk wyi uii pig
hgz acoo acop ygt pvc
hha acop acoo eiu
hhb acoo acoq acop jhp
hhc kuz wnt
hhd acoo oox
hhe sim epy abfq
hhf acoo acop tji
hhg acoo acop acoq pwb
hhh acoo acop acoq ms
hhi wml tkt stk
hhj acop acoq acoo hsp rlo
hhk acoo dqj tyl kwg
hhl ykb aaiv gv
hhm acop acoq acoo izx
hhn yhp
hho acoo yb
hhp acoo acop anb
hhq acop acoq acoo no
hhr acoq acop acoo oo
hhs acoo acop ovg abd nwy
hht acoo ehh bqh pad
hhu acop acoo yvb gvg
hhv acop acoo wmr pio
hhw acop acoo jbx
hhx acop acoo jfg
hhy acoo acop kux xxn sci
hhz wvh odl dvh yzt
hia acoo acop ltt nue epe
hib acoo acop zmr kze rpw uoh ygk
hic abzf ghs
hid wfe
hie qvt
hif acop acoo hkv vwm ddu
hig acoq acoo acop qjy rzg dkd
hih pan tbv sjp hzx
hii nai epk tgm
hij acoo fcv
hik acop acoo jeu
hil acoo cyz
him acop acoo ugp ufv
hin hky gdi kcz
hio acoo sga
hip acoo qgb
hiq acoo cnu llw
hir acoo xsh
his lmr
hit acoo kru aafv
hiu acoq acop acoo ogq
hiv cjo
hiw acoo vom
hix acoo acoq acop zfd
hiy acoo acop acoq pms smu bap
hiz acoo mge
hja acop acoq acoo ipe
hjb acoq acoo acop mvd
hjc acoo lwk abmy clc
hjd owd smk iiy mkf
hje acop acoq acoo prn
hjf acoo acop tom
hjg acoo acop nfu
hjh acoo grx djn icf
hji acoo acjj
hjj acoq acop acoo pva
hjk acop acoo vvj
hjl acoo acop fcl ifc
hjm jvq hvp
hjn acop acoq acoo fto trr
hjo acoo ofm
hjp acop acoo hun itw
hjq qbc onn xzb
hjr bpa dzp lzn auv
hjs acoo acop aarp
hjt acoo nwt biw cyn hfj
hju vwt
hjv oxx
hjw nvb swd
hjx acoo acop ceg dmp
hjy acoo acop vxt coq
hjz acop acoq acoo abdv gjv qfq
hka acoq acop acoo xhb afr
hkb yde
hkc acop acoo oip
hkd acop acoo qhh vvp rsf aboa ytg
hke acoo iom
hkf qdu
hkg acop acoo wnz voa
hkh acoo lxv wek
hki jra
hkj acoo acop ycv omu bkm acfk
hkk acoo acop tuk
hkl acop acoq acoo dzo
hkm acoo acoq acop rjc
hkn acoo aakn
hko acop acoq acoo cmu
hkp acoo ptv
hkq acoo lyh man
hkr acoo yki
hks acoo epu
hkt acoo ejj aacx
hku jth erh qtz
hkv acoq acop acoo dfm oiz afz
hkw acoo zhn
hkx acop acoo acoq eit cmk avq
hky yro
hkz acop acoo mkg fjb
hla acoo acoq acop jwa bdi aatg
hlb ksu
hlc acop acoo acoq cve xps
hld ykc aei ubu
hle acoo xwm
hlf acoo ynn
hlg acoo acop hni accg
hlh acop acoo ifw eun vbr
hli acoo mpt
hlj acoq acoo acop szh
hlk acoo acoq acop kql
hll acoo hvc
hlm acoo abqa cah
hln acoo acop iuq
hlo acoo wcw
hlp acoo pxg nzc ogz
hlq acoo ixa tal
hlr lfm
hls acoo acop shx eqq qga rfy
hlt mvd
hlu vol
hlv acoo iks
hlw abnu
hlx acop acoq acoo yii
hly gir
hlz acoo kpy
hma acoq acoo acop egz
hmb acoo acop mkj jxv
hmc acoq acop acoo cha
hmd xva jhl gul
hme acdt aacw fga
hmf acoo iyk
hmg acoo asx gi ydp
hmh acop acoo ofw qbb
hmi qtr
hmj acoo qdu
hmk acoq acop acoo srn fsl
hml yfa
hmm acoo acop tag
hmn vyi ylq mii
hmo qqi (abrb tei)
hmp cwq
hmq acop acoo jti
hmr acoq acop acoo dzq
hms acoo acop acoq ceg
hmt acoo fyj zyp acep
hmu acop acoo pc byz nxv
hmv acoo acop vwd
hmw acoo yj zll
hmx ycg ygw amj
hmy acoo acoq acop fer
hmz acdh
hna acop acoo kzc ooe cgj ifz
hnb akh pxn
hnc acop acoo wzx
hnd utj wpp
hne acoo abji mwe
hnf acoq acop acoo ihv
hng acoo acoq acop bxp
hnh acoo wwr nah wpa mrw
hni acoo eyv vlh cmy
hnj acoo acop sgg ygz vac
hnk acoq acoo acop dzq erm nxg wdz
hnl ablz
hnm acoo abim aadd wip
hnn rwi prb
hno acoo acop ozw vmi yds fkz
hnp acoo acop shy ihx
hnq jwb
hnr acoo abyv yic ykf
hns acop acoo pxj
hnt uta
hnu acoo lt pum uiu
hnv acoq acop acoo abka vqb
hnw acoq acop acoo pbx
hnx acoo rvl
hny acoo acop aaij zju
hnz acoo acop uoz
hoa acoo lzz nri nzk jl
hob acoo hwd
hoc acoo acop gwk
hod acop acoo qye
hoe ljc mje
hof acoo whg
hog acoo acoq acop tza
hoh acoo hdx
hoi acop acoo acoq iaw
hoj acoo bhu
hok acoo jpt ikp phl qzz
hol acoo wai
hom acop acoo acoq acau bdu vny
hon acop acoo acoq sjd
hoo osg kor
hop acoo acop thn
hoq mpb mcl aadz efa
hor wmp wr
hos acoo iaq
hot acoo acop yfw kez
hou cak
hov acop acoo acoq noi
how acop acoq acoo ain
hox acoo acoq acop wdw
hoy srm ohm uef
hoz acoo acop xnc
hpa leb
hpb acop acoq acoo qdw
hpc acop acoo mtm bpt mua
hpd xbp upu st
hpe acop acoo ymi
hpf acop acoq acoo vj ihv
hpg acoo acoq acop eqz
hph acop acoo acoq aann
hpi acoq acop acoo mni xox jbf cit
hpj acoq acop acoo hvt hsi abwy
hpk acoo ydb uyx
hpl acoo acop iav pzl
hpm kmy
hpn acoq acop acoo cff
hpo acoq acop acoo xxm
hpp acoo nwv
hpq acoq acoo acop zcs
hpr acoq acop acoo tug
hps acoq acoo acop shq uld
hpt dbq
hpu acoo acop ajc
hpv acoo bv
hpw acoo acop okw
hpx kiu
hpy acoo bhh xzj abcb
hpz acoo jmc
hqa acoo asd msd
hqb acoo acop vlu jfv aapd xgd
hqc acoo acop ru
hqd btq
hqe acoo acop zft qvv bxf
hqf rdb zvr ggn
hqg upd qbg
hqh acoo acop jqc
hqi acoo acop bdl hme
hqj hjm
hqk acop acoo lwf ahv aet
hql acoo acoq acop aaa
hqm acoo acop lge ipo yvh
hqn acoq acoo acop epx
hqo acoo acop zmo
hqp acoo acop acoq ntz wsj
hqq mhi olf paz
hqr acoo acop hus
hqs acoo nhl
hqt acoo acop ype
hqu aatc
hqv acop acoo ktt
hqw acoo acop foe cri
hqx acop acoo acoq xqd (ykg fh apu)
hqy acoo acop gyy
hqz acoo lcn ohe vpe sod azy
hra acoo cyj
hrb acoq acop acoo mmc ogd nbg ltv
hrc acoo jt
hrd acoo uej bbv gbr dxa oru
hre czm eyj awj bcv
hrf acoo aaot kcr
hrg ram rtm
hrh rsw
hri acoo wfo nz
hrj acoo gxs xpq
hrk acoo acop acoq uk
hrl acoo acoq acop aaga
hrm acoo lxg cze oya rax abtr
hrn acoq acoo acop bv iae
hro acoq acop acoo kkk vsr dcf dpr aaar
hrp foe
hrq acoo acop abyb
hrr jan
hrs abqz
hrt acoo fkl
hru acop acoq acoo fyw
hrv acop acoo lnb
hrw acoq acop acoo oxn
hrx acoo abz gxa jej
hry acoq acoo acop bml ihp
hrz acoo acoq acop btf ocf pft
hsa rvl
hsb qha qhx
hsc acoo acop jth
hsd jsy
hse acop acoo nsq
hsf acoo hfk
hsg acoo cbn
hsh acoo plf qya jfk
hsi acoo pi
hsj acoo bmf
hsk acoq acop acoo pui
hsl acoq acop acoo ablu kuh tbj etu
hsm acoo acoq acop eqh czw
hsn acoo brl
hso acoq acop acoo asg
hsp quv ufd
hsq acoo ve abwy apr jjc
hsr acoq acop acoo xad tmc
hss acoq acoo acop iol lti fen jsn
hst wun bzw bpz
hsu acoo umk cwm zxt
hsv acoo xcd
hsw acoo ip tao xov (yff aceh)
hsx ctq
hsy acop acoo fnl ieg qqz
hsz acoo tai
hta acop acoo xal fei pqg
htb acop acoo ilh
htc acoq acop acoo ann
htd acoo acop acoq gvy
hte acoq acop acoo evk mev
htf acoo rwa
htg acoo bkz qtm hqh
hth yzi
hti acoo kpm pfh vkh
htj jal
htk acoo dic aamq oag
htl acop acoo oaq
htm acoo acop acoq ptk cix
htn acoo acop qkf
hto acoo acop acoq hrx
htp acoo mmw
htq acoo iql ana
htr acoq acop acoo acoq uij mvs ubv
hts acoo fwa
htt acoo yai
htu acoo acop acoq zku aavq tpq
htv acoo acoq acop rqz
htw acoo acop ad
htx xxw qrw rur ors
hty srn
htz acop acoo czf nkn mwv
hua flx
hub acoo abvo qlz obz
huc acop acoo acoq uyv bas bnn
hud bmn
hue uvu efp
huf acoo acoq acop fgz
hug acoo acoq acop icg pob flu u
huh acoo hks htm oor
hui acoq acop acoo laz dvt accn rb acat
huj acoq acoo acop wnc
huk sdc llh pan hck
hul acop acoq acoo bqx
hum acop acoo wje xye jmc
hun acoq acoo acop xrb abzh pte
huo eei rah
hup acoo bsy ued
huq acoo aaht bh kaq fhu
hur acoq acop acoo yut
hus acoo ndn
hut acop acoq acoo pjk zkm bhz vvk jhm
huu acoo acop acoq abfc sit
huv acoo acop bn tv
huw gpp
hux lhe saz
huy acoo acop zgt
huz acoo acop lqk qmw
hva acoo acop akc abgm rtg
hvb acoo ngr
hvc acoo acop sxz ric
hvd acoo okx mho ohh
hve acop acoq acoo ycs
hvf aqf
hvg acoo nai
hvh abud
hvi acoo acop kwg
hvj tpf
hvk acop acoo wkd
hvl eqo fmw jez
hvm acoo nxo ukc
hvn acoq acop acoo wej
hvo acop acoo sli
hvp acoq acoo acop oia
hvq acoo acop acoq mik zst
hvr acoo acop acoq pzw ltb aaol
hvs acoo blp
hvt fen
hvu acoo acop abae wlp
hvv acop acoq acoo gsb
hvw acoo hio
hvx acoo cak
hvy acoo mpz
hvz acop acoq acoo pyv acnr
hwa acop acoo jhi vfr lcd
hwb azh abdk nks syo
hwc acop acoo ows
hwd acoo xur jak
hwe ikb
hwf acop acoq acoo jgq
hwg acoo acop awi
hwh acoo acoq acop bvo (ios iqq qne yud)
hwi acoq acop acoo yor qd
hwj acoo acop pbd (rhv oww)
hwk acop acoo kvy yrw xbx
hwl acoo acop acoq aik
hwm acoo aboc
hwn acoq acop acoo ymb
hwo ctw
hwp acoo lsd
hwq acoo acop rcc
hwr acoo zyb
hws acoo acop nun
hwt acoo xca mul wgi
hwu boo edt abun
hwv acop acoq acoo pwn gwq dvn
hww acop acoq acoo olt mfi vym gvl haq
hwx acoo eav
hwy vva aafc
hwz acop acoo nkl
hxa acoq acop acoo deh aaqz ygr
hxb acop acoq acoo lxr wab
hxc acop acoo owc
hxd acoo sd
hxe acoo acop abcy jlo hxa
hxf acoo osi
hxg acoo mwk
hxh acop acoq acoo ycp
hxi acop acoo acoq zwy lyk jxr
hxj acoo qmv
hxk acop acoo pac (tkq wgn)
hxl qaw
hxm acoo acop fnq wwg spp koh
hxn acoo vqi
hxo xce
hxp acoo acop qrl wmd cso sko
hxq chd
hxr xel cck
hxs acoo ghu iei
hxt acop acoq acoo aahv
hxu acoq acoo acop arw
hxv axy
hxw acoo acop acoq ped
hxx acoo acoq acop gnu
hxy ndz
hxz pmt
hya acop acoo gew mij
hyb acoo kzd (nym abks)
hyc acop acoo mre
hyd acoo acoq acop tfb
hye qax
hyf acop acoo jjt wrb htq
hyg bvb kdx xhd
hyh acoo png jqi ifc ext
hyi xpn
hyj acoo acop gvy
hyk acop acoo nis
hyl acoo upl
hym acoo acop acoq gwe
hyn acoo acop xgq
hyo rjr
hyp acs ozp qyl
hyq mne fsx
hyr zip
hys acop acoo lpj man
hyt acoq acop acoo um
hyu acoq acop acoo kbb
hyv acop acoo ogc auw wkn pnw vwx
hyw oyi dxj
hyx utj
hyy acoo riq bdm
hyz wtc
hza rng
hzb umk fck hjo hty fzo
hzc yvj wkj aacd
hzd acoo acop zta
hze pnf
hzf acoo acoq acop gkp thd xpb
hzg acoo gtv (aawz vba vge abth)
hzh acoo acoq acop iii uak kpy
hzi acoo acop bos
hzj vgh
hzk ide
hzl lbf
hzm acop acoo ich
hzn acop acoo acoq xeh
hzo cvz
hzp acoo zek
hzq coq
hzr acoo acop tik bpb
hzs acoo acop ndp jue abva tpj
hzt acop acoo xws meo nig iqd cyn
hzu acoo mjs
hzv acop acoo iws
hzw szi tue hgb
hzx acoo myn
hzy dlp rew
hzz acop acoo djy aacz uo
iaa acoo acop qqy
iab acoo acop acoq aaae
iac acoq acoo acop accb
iad bkg bge (kde cis)
iae acoo acoq acop ygd ema fas pav zww
iaf acoo vnn yy gnv
iag acop acoo yhq
iah acoo acop aced mfp abmm aazi
iai rqk
iaj acop acoq acoo abgk jsr
iak acoo kbx
ial acoo eck
iam acop acoo fuw
ian achb rmh stz
iao acop acoo mkr
iap acoo acoq acop yhi qim
iaq acop acoo afu ndf rzn uvh
iar acop acoo rrx rcp mfo
ias acop acoo ohc
iat vyj aaqp aaqv hzi
iau acop acoo hjs
iav kqa
iaw utb
iax sed bdk gei
iay acu
iaz pzx cst
iba acoo acop vnx (twg gzb jkq)
ibb acdl tds
ibc acoo nbp zdv
ibd acoq acoo acop jmh
ibe acop acoo sip
ibf acoo acop acoq kmr zrc
ibg acoo xpf
ibh acoo acop ect xmo tiu tmt
ibi acoo aary ewo
ibj xmj
ibk acoo txi
ibl acop acoo eeb fr agm
ibm acop acoo iyr
ibn acoo mrt bfk tul
ibo acoo acop acoq ceg a
ibp acoo rny
ibq qfw
ibr uac
ibs acoo abdp
ibt acoo acop sly
ibu acop acoo aahl
ibv acoo acop acoq xkr
ibw acoo wdn
ibx acop acoq acoo dun ldl efz iis aasn
iby acoo acop acoq xqj jwm
ibz tab
ica acoo acop acbp
icb acoo acop djl yzt
icc acop acoq acoo dkc gye
icd acoo acop acoq accj
ice wfl
icf acop acoo udo mxy smx
icg acop acoo mgp lil kbe
ich qva
ici acoo acop ip (pnb jnd)
icj acoo qmf
ick fej
icl acoo acop viw zo
icm acoo acop acoq wmz
icn aja aauz yag
ico acoo acci npo
icp nrc noa
icq acoo fce
icr acoo hgi jis duq
ics acop acoo lsw
ict nhj
icu acoo aadj aazt lms
icv acoo eny
icw acoo ljy zdg ayi aagn
icx acoo acoq acop qkb
icy acoo epv ackv fvz
icz acop acoq acoo odv jcq
ida acoo wyl
idb acoo acop xoe mls kmi knw
idc uay
idd acop acoq acoo fce
ide acoo acop cce aaeg wzg
idf ibs jav
idg acoo acop lcm
idh acoq acop acoo sfx lpo
idi acoo acop ycl nop bel
idj acoo acop acoq jiq
idk acop acoo qxk uxy jxz vif
idl acoo acop jce
idm acoq acoo acop mei
idn acop acoq acoo yad
ido acoo acop ackn aoe jrm aayn
idp acop acoq acoo acau
idq acoo jrk umi
idr acoo acop odx ioo eun ukl
ids acop acoq acoo sli
idt acop acoo acoq ehg
idu acop acoq acoo rfk
idv acop acoo uxe
idw acoo cfc
idx acoo acop cj
idy acoo oqr
idz acoo xpn
iea acoo pog atc
ieb acoo qw aaaq (hon aboj)
iec acoo qfs
ied acoo acop pgm
iee acoo pfm (aboy zhg)
ief acop acoo zpp
ieg bkv
ieh acoo zpz
iei acoo sdt ycn
iej acoo acop tt acml
iek xeo
iel xrz dnx xwq nfn
iem acop acoo acoq tjb pxy naj
ien acop acoo acoq afs nws
ieo acop acoo epo tle xrc
iep acoo acop zrv
ieq pvd rgr
ier acop acoo rjo igy ty qdz
ies acoo kfa
iet acoo rkq bgj jon
ieu acop acoo dqb
iev acop acoo zji
iew acoo akt
iex acoo mo yrc qtf
iey acoo mrr
iez acop acoo acoq cqm
ifa acoo aapq qhk hqd
ifb vqg cbh
ifc zkm
ifd acoq acop acoo izy
ife acop acoo rig clc
iff lug ept
ifg zlb
ifh acop acoq acoo gbb
ifi acop acoo acoq aaxw jeb
ifj acoq acoo acop wjr acig
ifk acoo xxi
ifl acoq acoo acop tap
ifm acoo saa jty
ifn oki jad ycn gmx
ifo acoo byb abud
ifp acop acoq acoo rfw
ifq acoq acoo acop ugm dyf mcg
ifr acop acoo cam bgg
ifs acoo kat
ift acoo acop cfe
ifu acoo gvx ixn (wxv acnv csw)
ifv aakl
ifw acop acoq acoo ekm
ifx acoo acop rrs
ify acop acoo sjv ffs
ifz acoo acop dfm wm
iga acoo uff
igb qhg
igc acop acoo acoq eec wxw fsi
igd acat
ige ble kwn
igf acop acoo eqj abvh mlq
igg acoo acop kau vgm bi oaw gd
igh abzb
igi acop acoo iuc
igj zhq
igk acop acoq acoo aawt
igl acoo qwg qwi
igm acoo acop vgq xrh vgo
ign acop acoo rxm dlv
igo acop acoo hip
igp acoo rwv dve
igq acoo acoq acop wsa
igr acah
igs vko frb
igt acoq acop acoo obq
igu sgf cmd mal
igv acoo pxi dgn
igw acoo acop eww coi aasi zrp
igx acoo acop pau
igy acoo acop hzv
igz acoo acop acoq qgt
iha acoq acoo acop abys kit
ihb acop acoo qqo
ihc acoo qtt
ihd acoo acop lrb acax (khj jgb amo)
ihe acoq acoo acop cpg jtw abai
ihf fb
ihg acoo nog
ihh acoo acop acoq jyv
ihi acop acoo wpn abun yca
ihj acoo acoq acop zgz
ihk mow wto kgk uil fwr
ihl oqs act
ihm cvn dbn bnv
ihn acoo acop xed prx
iho acoo xiz cor
ihp acoo efg
ihq acoo acop irw
ihr acoo acop cqv abqc ale
ihs acop acoo jmj abos
iht wnv
ihu acop acoo esc wwl hjc
ihv acoo fbb
ihw acoo acop acoq qef
ihx qbf (rhp fwz)
ihy acoo acop gzs
ihz acoo acop etp
iia acoo acoq acop bus qtf ijt
iib acoo uww gxy zvw quq
iic acoq acoo acop slp
iid acoo vjx
iie ag
iif acop acoo xax aafv
iig apn
iih acop acoq acoo dmq zr
iii acoo mhz
iij ytz
iik acoo oiw abaz qzi kon
iil lfj
iim acop acoq acoo ave
iin acop acoo lnb
iio acoo tpt
iip acoo acop zzt zhn
iiq tjz
iir xtm
iis acnl gmm fvb
iit acoo acoq acop yia aa psk hpa
iiu acoo acoq acop ljs bcp hii
iiv gdx
iiw acoo xtk gsn
iix qkn vas pzt dej
iiy srs gma xeo
iiz acop acoo tw
ija ydb edu icy
ijb acoo ads ulo
ijc acoo acop acoq sbz
ijd acoo gcy
ije acoo dlu
ijf crj (meu soz)
ijg efp dqh
ijh acoq acoo acop bzz
iji acoo jzh bnu
ijj acoo xia
ijk acoo abmf dwx aciu
ijl mod qjp abjk
ijm acop acoq acoo cok
ijn acoo acoq acop lwr
ijo acoo ykm ik tcr ufq qmg
ijp acop acoo aaaa cq kfq
ijq acoo acop acoq aasa iwb
ijr acoo xdo ejh mtm acdx
ijs acoo yqu xsv ynn skj
ijt acoq acoo acop crp gnb tqq absl
iju acoo acop acoq pm
ijv iri ype bqc cob
ijw acop acoo acoq cum
ijx acop acoo boz wtg
ijy acoo acop acoq rxx
ijz acop acoo aafm
ika rln
ikb pzw mjy aatt
ikc yab
ikd usy eam
ike acop acoq acoo njj
ikf mez
ikg acop acoo mbz
ikh acop acoo acoq drs mdf yyt
iki knj aaiq
ikj acop acoq acoo rny mwo kaf
ikk pyt eoi
ikl acoq acoo acop vno
ikm acoo acop acoq fof
ikn acoo acop abvx
iko acoo djj
ikp uxv
ikq avj
ikr acop acoo acoq czl
iks xbl lwx
ikt acoo ykw
iku hhk jfk
ikv acoo acop wtu
ikw acoo acop avi udw aajr
ikx acoo los
iky mbs
ikz acoo wlc
ila acoo sld
ilb zie
ilc acoq acoo acop fcu dfe
ild acop acoo fix
ile tp
ilf acoq acop acoo zel
ilg acoo acop zkm dhb djs
ilh acoo acoq acop ecr mdr
ili bcw grt mgb vpz
ilj bpt ejp gkp
ilk acoo acop aacd
ill acoq acop acoo kuy acy
ilm acop acoo pdv
iln acoo hzf zzb zhh aalu
ilo acop acoq acoo ps
ilp acoo acop yvk
ilq fej
ilr evt jei
ils acoo acop qmn
ilt odw egm
ilu acoo dj
ilv acoo acop szk
ilw uzp ypt
ilx acoo awi
ily acoo acjp
ilz acoq acoo acop lrw zvq
ima acoo ygp
imb acoo ppy wqs
imc acnb (lgf qbl) acbq
imd acoo egc ear
ime acop acoo acoq znz
imf acoo acfy pf
img acop acoo acoq ffy
imh acop acoo acoq yay
imi acoo sjp
imj txs
imk aclb
iml acoo ztw
imm tso jfo acae
imn acoo aagr vng
imo abgv eqn
imp sqb
imq acoo aalm kue xek gmw ng
imr acop acoo acoq rbz fse
ims acoo acop hpw nrq ksm
imt acop acoo acoq qyk
imu acoo ufu
imv acoo acop ibh
imw bgi
imx nhy
imy acop acoo rac dyq aana
imz ixb dll
ina acoq acop acoo cor
inb acoo acop myj azv ixl orf ksu
inc acoo zdb avz
ind acop acoq acoo gfi
ine acop acoo acoq pot
inf acoq acoo acop woc
ing acoo hfj
inh acoo eft xaa
ini acoo wcz
inj acoo acop acoq kfq
ink acoo kzu
inl glk aalk eez
inm acop acoo gzv
inn orq
ino acop acoo acoq ptn nmp mmq
inp acop acoo mhs zhd btl
inq ogr
inr acop acoo acoq hvj nzo prr vrb khy
ins cgr
int acoo acop mnc dbr
inu acop acoo zur
inv gmb
inw acop acoo mhe keh jop
inx acoo acop ynq
iny acoo acop acoq za
inz acoo acng
ioa ftz fpi
iob acoo acop fsd upc kvw uow
ioc acop acoq acoo aajo
iod acoo abcn
ioe acoo jls
iof whm
iog hre
ioh acoo xwv ese iwx
ioi nxc hrj tdu
ioj acoo acop vno
iok acoo zqr
iol acoo acop riq ice
iom acop acoo acoq enh jgs
ion acoo acop npv
ioo acoq acop acoo euf qlu uvv acjf
iop acoo tzc
ioq acoo kit
ior acop acoo acoq qpn
ios acop acoo ico oja rog
iot acoo edj
iou acoo acoq acop wuh abbs aar pjv
iov acoo syt aaak hzi
iow acoq acoo acop gsl
iox qam
ioy acoo nu fib
ioz acop acoo qhr
ipa ejv lvt amb
ipb nfa tma qbt eco fwr
ipc acop acoo ujj
ipd acoo mrj
ipe acoq acop acoo pvo
ipf acoo tzg xqz
ipg acoo acop acoq uxp
iph acoo acop acoq hno ys tta uay atf
ipi acoo acop eru
ipj fva
ipk wmr abgn
ipl acoo aatd
ipm acoo acop zud (cat uof) ago
ipn acoo acoq acop ggf
ipo qbb
ipp acop acoo aais rgy
ipq ml itm
ipr acoo liw
ips acoo acop tat zqa rek (ivz qcv)
ipt acoo uy
ipu acop acoo acoq abmu lyu aaxs
ipv acoq acop acoo gpw swm
ipw acop acoq acoo ncd kmc
ipx acop acoo acoq oje lxu
ipy acoo acop ixf
ipz acoo yrh hqk raf hxv
iqa acoo aajo
iqb lvl
iqc acoo acop xon gns njo uto
iqd acop acoq acoo abph
iqe pbf
iqf acop acoo aada abdu ujt
iqg agf
iqh acop acoo fuy
iqi acop acoq acoo pkd
iqj acoo acop acoq mnd
iqk acoq acop acoo mmq svy pix ueh
iql ilc irz bif mgc
iqm acoq acoo acop szp
iqn acop acoo acoq xbi
iqo iit huf
iqp acop acoo ykz aao olp
iqq acop acoo izx
iqr acop acoo azn
iqs acoo acop gep
iqt bvb
iqu acoq acoo acop wld
iqv evp
iqw acoo acop xen
iqx acop acoo acoq tla
iqy acoo ly
iqz acop acoo acoq pbg oxf weq
ira gli
irb acoo acop hwr
irc acoo vif lrb drs
ird acop acoo rpy
ire acoo lot ekv ynh
irf acop acoo acoq acev hyr
irg acoo acop ksy
irh acoo acop sjn
iri acop acoq acoo mdr fjf
irj acoo vjk lcs
irk acop acoo acoq ciy
irl ach
irm acoo roh xcm
irn acop acoo csc
iro acoo meq
irp aazg
irq qfi
irr iqf rqd rut cit
irs acop acoo rvc aahc
irt acoo gps kri jlh
iru acop acoo hld
irv acoo mgq bms abrk
irw acoo kgg uep
irx acoq acoo acop kyr oev eab
iry ezb huo
irz dee
isa acoq acop acoo lsx gmi lvy iql
isb acoo acme
isc aamw
isd acop acoq acoo sjx
ise acop acoo acoq tkg xnx
isf acoo acop acoq ogy aafa
isg acoq acop acoo vtw wuc suw agp
ish acoo acoq acop zqr
isi hcj ddm
isj acoo acop sqd
isk acop acoo kly
isl acop acoq acoo tru xku gcj
ism mth
isn acop acoq acoo byy tmk
iso acoo acop acoq aamy
isp qfn qr cpg
isq bep zoj
isr acop acoo jfw
iss acoo acop acoq nxb
ist acoo zib bmp
isu acoo ctu
isv acoo puy kky gbc jdd
isw acoo acoq acop vuu aawm ssy
isx acoo acop zul
isy tam xmt
isz acoo vpy uud
ita acoo ubt dgr bjt gdi
itb acop acoo zwq
itc acoo acop jtk
itd acop acoo lny abpl kko mqr
ite acoo acop pkg nts
itf acoq acoo acop gmp sdr ozd
itg acoo hol
ith acop acoo plk hfj pqy
iti dgn
itj acop acoo tmv shn
itk zwo
itl acoo xjl
itm mkm kcl imc
itn acoo kgg zjl
ito acoo joz xxs
itp acoo acoq acop gij
itq acop acoq acoo jzh yhq lva
itr acoo ugr sug
its acoo fmn
itt acop acoq acoo ote rzu ncx
itu abzx zrr tde gzo
itv acoo edx kaw ouq (otz wti)
itw acoo knb
itx nrb
ity aajy
itz acop acoq acoo gmv
iua acop acoo ht
iub acoo taq kpt lut
iuc acoo aacb
iud tdc
iue acoo acop mct aalg ocu qny
iuf acoo dwt
iug acoo acoq acop yts
iuh acop acoo nnp bfe (zfw eug)
iui acop acoo acnc abvh jpx afd bow
iuj fdt
iuk acoo acop acoq kku ihd
iul acoo acop jkk
ium gne jvj
iun acoo tvy
iuo acoo acjv ofc
iup acoo acop acoq zmw
iuq acop acoo jcr azm vtx (gza gyl)
iur acoo slv akn
ius roy
iut upa bbk ria abhh yxx
iuu acoo qpe xji kzy utp
iuv acop acoo itl
iuw acoo acoq acop cmq
iux acop acoo xyc
iuy kjv gvk
iuz acoo bff
iva acop acoo acoq aavy
ivb xmj
ivc acop acoo acoq thy
ivd acoo uug dgl
ive acoo gty gcg
ivf acoo acop kyr
ivg acoo acop lwv
ivh acop acoo aaex mzu dwc
ivi lk lsy
ivj acoo dky
ivk acoo pxr
ivl mzd hfa lkx vyr
ivm aasy
ivn fmz
ivo acoq acoo acop wqk brl bpj qga ohl
ivp iki hud
ivq rvf
ivr acop acoo kc shg achu
ivs acop acoo cqu bwc
ivt yrj
ivu acop acoq acoo xqc
ivv acop acoo gnu mwd xao odo
ivw acoo hi
ivx dhm
ivy acoq acoo acop yrj qyu mvk epw
ivz acoo acop acoq sjv
iwa acoo aclw
iwb acoo acop acoq ouz (hfj llv pbd) rlt
iwc acop acoq acoo xsg dek tvv kwo hoh
iwd acoo acop iyx
iwe acoq acoo acop rsn nbg
iwf acoo mxi bpl zhx
iwg acoo nvc
iwh acoo vja (bab hgc)
iwi acop acoo a prk wlz sju
iwj acop acoo bxu lct
iwk abke amz
iwl acop acoo nxj
iwm acoo qkp
iwn acoo zrq
iwo acoo jjd yli
iwp bgl ubc
iwq acoo acop fjx uwr
iwr acoo acop fiv
iws acoo bti oxy
iwt acop acoo tq (jiz iol ucl)
iwu acoo snn ftd
iwv acop acoq acoo wgd
iww acoo acop nyd
iwx qzb lag xtj
iwy acoq acop acoo xgj dnm zph
iwz ekw phu efh
ixa acop acoo xhd
ixb acoo tqn
ixc acoo acop kqu kpd ilu
ixd acop acoo afg
ixe acop acoo acoq wpt fme
ixf acoo pwl xrd xes
ixg acop acoo dqe
ixh acoo kah yuu nlw ssk
ixi acop acoo lcx
ixj acop acoo adt ugl
ixk acop acoo psu
ixl acoo acop acoq gvi mey hf lhx
ixm acoo goh mzl
ixn acoo acop lit ss ozh
ixo acop acoq acoo pce
ixp acoo aamg
ixq acoo acop aazq agl
ixr acoo hd tvk fez
ixs wvl
ixt acoo fug vxm
ixu acoo pyi aarm
ixv acop acoo acoq jbx
ixw acoo acoq acop iwy acea caj
ixx acoo vfa
ixy acoq acop acoo pgv jyb hzt mp
ixz acoo ltl (iaq abge kpc mse)
iya acop acoo qjs
iyb acop acoq acoo upl
iyc dkj sw ncg aatr
iyd acoo acop sab ozs dmr
iye acoo acop ocp isl sfm
iyf acoo knk ubh
iyg acop acoo jih zhv aalp tfm
iyh acoq acop acoo eru
iyi acoo si
iyj dbp
iyk acoo hwp zaz
iyl acop acoo ydk
iym boi
iyn acoo abkj gzl
iyo acoo aboc abnp
iyp acop acoo acoq cbw tfh abhj
iyq acop acoo acly kfg
iyr acoq acoo acop ser
iys acop acoq acoo jlp sd zkb qbh
iyt cyc
iyu acoo brf mss dmy azx frs
iyv acoq acop acoo efo pcu
iyw acoo aara opb
iyx acoo acop vtt
iyy acop acoo hry wid
iyz acoo acop msc
iza acoq acop acoo cdf
izb tue fqf
izc acop acoq acoo abqc
izd acoo pud
ize acoq acop acoo jig
izf acop acoo acoq mha qbu adj his lxe
izg acoo jml
izh acop acoo jju orw lrg pwh nyy
izi acoo ewc abus eie lb
izj acoo eku
izk oze bps abij zkd
izl acop acoo eax aej
izm wbc abgc ldl
izn acoo lnc ixw
izo acoo acoq acop ohl gmu pqh
izp acoo xtg
izq acop acoo gx
izr pcu geq
izs acoo gkp llo
izt acoo acop lya wcg cjd
izu acoo aqh
izv acoo acop ade
izw pfw
izx fgc
izy acoo acoq acop bzn
izz dwe fwq nit
jaa acoq acop acoo ney qae pkf
jab acoo acop ackh
jac acop acoo mfi
jad acoo ovi yyo
jae acoo ujq ynb
jaf acoo idg cnm niz
jag acoq acoo acop ray
jah rne tnu
jai acop acoo qkq
jaj qhl zms cxs
jak acoo ycz cmd
jal acop acoo acoq edl aafh
jam acoo jan fgk
jan acop acoo gba dh
jao acoo tvb
jap acoo acop jl yje
jaq acoo acop acoq nqu eiu zxo ehw aayu
jar zrf ltu qgm
jas acoo pku
jat acoo kux jho
jau acoo acop bun
jav acop acoo uiz bil acif dcf ilw
jaw lbl
jax acoo lw qiq
jay acoo don
jaz acoo acop qu
jba acop acoo acoq iov
jbb acoo abhr
jbc acoo acop acoq urm
jbd acop acoo acit
jbe acop acoo acoq kci kpn abga hnz
jbf acoq acop acoo ifk
jbg acoo acoq acop ncn
jbh acop acoq acoo lxe jf
jbi acoo acop try ddc
jbj acop acoq acoo msf dbv zix
jbk acoo gqm
jbl acoo acop mqh
jbm acoo acop acoq yht vjx lxr
jbn uvu
jbo acoo acop egi xtu bal und
jbp acoq acoo acop nip aaif knh
jbq acoo qgl aayo oaq
jbr acop acoo acoq chy yyq dah aakt dxb
jbs acoo vjy khz yz tyc oax
jbt acoo acop ekq sg
jbu acoo acop npd fzm
jbv cyd
jbw acoo pbd paf (aga tbz uad)
jbx vbs
jby acoo acop yoe edo
jbz acoo oym vgb ifp
jca opo
jcb zhb gbn
jcc acop acoq acoo ikd ruo
jcd hib
jce acop acoo cgh
jcf luf
jcg acoo fub
jch acoo iuh orj
jci lif
jcj acoo acop una
jck acoo gjl
jcl acop acoo inu
jcm acoo obh
jcn ksr ire crn
jco acoo acop zff
jcp ak ljq
jcq acoo acop acoq imp pwf abmb ctx
jcr acop acoo oyz
jcs acoq acop acoo kkh tyt
jct acop acoq acoo ges
jcu qie
jcv acoo ysn uyx
jcw acoq acoo acop ke
jcx nmb jgy see vtt mba
jcy acoo gzg jkn pvx
jcz acop acoo kmo
jda acoo msw cxz wno aps aajd
jdb acoo acop bkx yes clk
jdc zyr pia ogh
jdd acoq acop acoo crk
jde acoo acop kas
jdf acop acoo acoq qhd prv oku ehy zpk
jdg acoo acop eaq
jdh oas
jdi acoo raw
jdj acoo acop jjp dis
jdk acop acoo xta yzf
jdl acoq acop acoo gom pqw hav ckl
jdm acoo acop ihg gxv wkf
jdn acoo vr
jdo acoo ebl inb
jdp ibl
jdq acoq acop acoo abbj abji
jdr ckd
jds acoq acoo acop oqh (dme jig ej cdu)
jdt wlj
jdu acop acoo lyy owu xpw
jdv cre
jdw jle
jdx unc
jdy acoq acop acoo mmo
jdz acoo acop vma
jea xpa
jeb acoo qnb wwp qkh
jec ygo
jed tv ufn ded
jee acop acoo sum ymc
jef acop acoo dgb
jeg hdg
jeh acoo acop uri iwb
jei qz cqf
jej acoq acoo acop ach hvg
jek acoo acoq acop ibm wtp fnk
jel qip
jem irn huj
jen acoo dmh
jeo acoo acoq acop spk zgh
jep mlf
jeq acoo acoq acop giy abwq
jer acop acoq acoo lxb
jes acop acoo aaqm nlv
jet tui
jeu acoo acop acoq xty nuf abub vzq kwg
jev acop acoo aadj zyj qib lwa
jew acop acoo aq
jex cyq iro
jey acoo mmp
jez abzy jyd cem
jfa acoq acop acoo wuc
jfb acoo acop jtk zrx
jfc acop acoq acoo wcl jik aazo
jfd acoo acoq acop pry di
jfe acoo acop acoq yp
jff fyt
jfg abjo qxy
jfh acoq acop acoo qvv
jfi acoo nrh vnv xlu
jfj acoo acoq acop pxs
jfk dgb
jfl acoq acop acoo vcl
jfm rbf svl
jfn acoo sfz
jfo acoq acoo acop sfg
jfp acop acoo acoq vvy
jfq acop acoo abxf
jfr qvh
jfs acog
jft acoo acop nbg
jfu acoo oka
jfv acoq acoo acop eau
jfw acoo acoq acop wxg
jfx acoo acop cjr
jfy kkq
jfz acoo acop aaur nbr
jga acoo acop aaku
jgb acop acoq acoo aht
jgc acoo acop mvn
jgd taw cyv
jge acoo vdw
jgf acoo acoq acop wmb
jgg oep
jgh acoo acop nex uum
jgi acop acoq acoo gxf nir
jgj acoo cna
jgk acoq acoo acop gus
jgl acop acoo yun ck
jgm dru vbd ljn cmn
jgn acoo acoq acop pxz qxm yjp
jgo snm
jgp acop acoq acoo djw
jgq acoo kfi kog
jgr acoo np lxg
jgs acoq acoo acop aadp
jgt acop acoo rxf
jgu acoo fqr
jgv acoq acop acoo zjo zfl sgs
jgw omk
jgx acoo zfg kpk
jgy acoo yqi kys lof ackg
jgz wcn ces
jha acoo acop jor unk ylt
jhb acoq acop acoo qkt
jhc xds
jhd ibq
jhe acoo acoq acop jqr
jhf acop acoo yfs
jhg acoo acop amf ovc oov eho lrz
jhh acoo ulh
jhi acop acoo pey swo uwb npn
jhj acoo acop fvi gtg xxn
jhk gqa
jhl acoo qx lno abkc
jhm acoo byf
jhn ssi pam zex hlj
jho goe
jhp acoo nzz
jhq acoo fih iml
jhr acoo acoq acop lwy
jhs acoo rch
jht acop acoo jib qkc hos
jhu acoo acop xao hsj
jhv acoo acop oku wgb vgg lrb yjv
jhw acoo acop acoq awn (jsi yze vnu)
jhx crz sfx
jhy acgr hbp
jhz acop acoo py
jia acoo acop dvy jav dtk
jib acoo aem xkq
jic acop acoo aakr edj ukf
jid bko gyw psg ncz
jie acoo evj
jif acop acoq acoo qrm ahk cmz
jig upw
jih irq
jii acoo ao
jij abcu
jik rij
jil snh
jim ldo bhi qhb
jin acoo rxu
jio acop acoo huc vfy
jip acoq acop acoo oxh
jiq acoo acop acoq ccg sal nhq
jir acop acoq acoo olp
jis lpv
jit acoo tsy evh nii jdl
jiu acoo acoq acop xka
jiv acoo acop lvx
jiw abri wpl rzx
jix dro
jiy acoo acop acfe
jiz acoo acop xfh (aagt abfn) bxo
jja acop acoo bhe
jjb acoo lnd uhj bnh
jjc acop acoo wsw uus
jjd acoo acop rwm wmc ui wof
jje acoo vbo
jjf acoo acop acoq rae
jjg acop acoq acoo rbq eph
jjh acoq acop acoo nqu soi
jji acoo dsg abci pws
jjj aagv rtm
jjk acoo acop rak
jjl acoo tvw ljo (nvh ejv jsn)
jjm acoo tpn
jjn hsr abrj
jjo vdb
jjp jsx
jjq acoo agb
jjr acoq acoo acop dty cud
jjs acoo vb hxt qtb
jjt acoo acop vtt nqx
jju acmh klq
jjv acoo acop acoq fhm
jjw uln
jjx acoo acop acoq elh mca
jjy acop acoo wpu
jjz acoo rmc mob
jka acoo esu
jkb acop acoo tej
jkc acoo jzn
jkd xpc
jke acoo acoq acop jug usv dmo
jkf czj bku
jkg acoo acop acoq vxk djs
jkh acoo wrm tle
jki acoo acop iem rhq
jkj acoo acop esc
jkk acoo abhc avc kne
jkl acoo acop bhb
jkm csi
jkn acoo yzp
jko acoo acop quv (ple gma)
jkp acoo acoq acop kul
jkq acoq acoo acop moc
jkr acoo acop smi qoz
jks acop acoq acoo zza gcx
jkt acoo acop acoq eef zzx
jku acop acoq acoo maa
jkv acoq acoo acop jxj
jkw ieh mse rzn
jkx acoq acoo acop awr tsi kzj
jky acoo ppi
jkz acoo xra
jla tjl
jlb acoo tbm
jlc acop acoo acoq omq igk km
jld acoo acoq acop oeo tac pep
jle acop acoo acoq bak
jlf acoo kcp
jlg acop acoo hhl
jlh acop acoo abjt
jli acop acoo fux wle ips
jlj acoo auk
jlk rnw rkj iil
jll gbm qjl
jlm acoo tb
jln lzl
jlo acoo acop acoq jso
jlp accy lce uzy
jlq ifa
jlr acoo pkb tu cxz
jls acoo acoq acop abao tlf fqe luh
jlt acop acoo ydy
jlu acoo jqt bfk aij yol acgs
jlv acoo xrz
jlw acop acoo qbs
jlx acoo dsm
jly dts
jlz acoo lhm
jma acoq acop acoo fan
jmb acoo hvy
jmc acop acoo acoq joy
jmd lhm hbg ebv unq
jme acoo nwl
jmf acoo acop pta
jmg npt vvr
jmh acop acoo fva gpi
jmi acoo acop oyp kvw
jmj acop acoq acoo bbw
jmk acoo acop vww
jml acoo acop him
jmm hyo abbh bzu
jmn acoo acop acoq gmn rfk
jmo acoo vdu
jmp acop acoo acoq mxt
jmq acoo som jsp
jmr acop acoo toq
jms acoo mad
jmt acop acoo dbq
jmu acoo aalt
jmv acoo acop hjd
jmw acoo acop acoq gvp cvb
jmx toz
jmy acop acoq acoo xdh cna ede tww
jmz acoq acoo acop kj qyb dkj wly jrm
jna bzu aas ygg zj
jnb fhb
jnc acop acoo tnv
jnd acop acoo boj gcw
jne acoo swp
jnf cg
jng acoq acoo acop aauc
jnh acoo yml
jni acoo imu
jnj acoq acop acoo bet absk ijd
jnk acoo acop nms
jnl acoo acoq acop qxi egq orf tyn
jnm acop acoo sny aom gnl eep
jnn acoo acop trv
jno bet drx pci
jnp acoo iyx ogc
jnq acoo acop wty
jnr acoq acop acoo ggp
jns acoo acop xt
jnt dvj
jnu acoo rhr
jnv qro gen
jnw acoo ivn
jnx acop acoo erf
jny absi acil
jnz acoq acoo acop aws
joa acoo agd
job acoo bot rbj iil nbj
joc acoo loy
jod acoo sxc abar iat
joe acoq acop acoo zln puy ypc qx
jof xps
jog acoo acop acoq bwi
joh aakm
joi acoq acoo acop ucy
joj acoo acop acoq utc
jok acoo acop kec
jol iua ackq lsi
jom acoo acop qiv
jon acop acoq acoo wik aaz
joo uol boc fiz
jop acop acoo ocf
joq acoo acop aalh
jor acoo amw ivw epc
jos pbv
jot ktv bgj
jou ihy ihn
jov acoo acop djs
jow acoo acop oot
jox acoq acop acoo aaqr wai xpu ixo
joy acoo jja
joz acoo dfd
jpa vgp
jpb acoo zxq
jpc acop acoq acoo qjx abny
jpd zzi abuj
jpe acoo acoq acop ww acgc fkx
jpf acoo acoq acop eca
jpg acoq acop acoo ehn lnr byc abtg
jph acop acoo vmr hua
jpi kkf
jpj acop acoo acoq aarb
jpk acoq acoo acop nve
jpl acoo rjr gdc yzd jz
jpm tbj
jpn acop acoo ttx eay fez dsl
jpo ozx
jpp acop acoo acoq gei lbo
jpq acoo xnu hrm tbo
jpr acop acoq acoo fff tpl cpu
jps acoq acop acoo ati
jpt acoo aadd tcn gmf
jpu acoo nnb
jpv acoo acop acoq iv
jpw dvr
jpx acop acoo ogz
jpy acop acoo abnc wae jbu
jpz gjk vde eif
jqa acoo rfg ste lpl qye
jqb acop acoo twv tas
jqc twt
jqd acoo acop aml
jqe acoo acop bjf uwv
jqf acop acoo lhl
jqg acoo pfc
jqh acop acoo lxs
jqi acop acoo abuu acbc tcf
jqj xgd
jqk acoo acop hnc
jql acoo acop acoq abhg
jqm gcw
jqn svt
jqo acoq acoo acop pvy kt
jqp acoo acop acoq nvs
jqq acop acoo acoq ite
jqr jxk
jqs acoo xlm
jqt acoo acoq acop ciq
jqu acoo zzk
jqv acoo fvi azo izo
jqw acop acoo yti
jqx acoo kzv zrc dtr
jqy acoq acop acoo sxf bkf evl ujy
jqz acop acoo ozm xnq
jra acoq acoo acop pyv
jrb bao nnn
jrc iek too
jrd acop acoq acoo jcj lbq
jre acoo oya izm
jrf acoo abdz (yal ihw ccz)
jrg acop acoo acoq nxn
jrh acop acoo acoq qkc
jri acop acoq acoo aagf
jrj nfg
jrk giz pgz pzr jll
jrl acoo acop yko oye rtd uvs
jrm pvm
jrn zzn abah
jro acop acoo xs
jrp acoo acop hiy
jrq uob pwj
jrr acop acoo bes
jrs acoo qty
jrt acoo acop acoq zzw uuh ssb nav
jru dqi yat imj cat
jrv grp
jrw acop acoo czh
jrx acop acoo ddi
jry acoo acop ixd qla gkp irh
jrz acoq acoo acop edm nca
jsa acoo acop rtr
jsb acop acoo wbb
jsc iyk vor abdu
jsd yzu
jse acoo dmq
jsf acoq acoo acop btt hd
jsg acop acoo vxh slt jdr
jsh acoo abfn
jsi xxg rri icf neo
jsj acoo aawh
jsk acoq acop acoo dsh
jsl acoq acop acoo nel aasr qqp
jsm dpp tga
jsn acoo acop gci
jso pqf
jsp acoo acop acoq zuf at (zog sln)
jsq acoq acoo acop nfm mjm
jsr acoo oyy
jss acoo kxc
jst acop acoo kan
jsu acoo xwb
jsv lql fzu zph
jsw acoo voh
jsx acoo acop zeu
jsy acoq acoo acop glz
jsz acoo acop acoq naa ybj pks
jta acoo iqs bzc
jtb acoo acop ycu
jtc acoo iwz fxj zbu vvw
jtd uyl try
jte acoq acop acoo jtg acik fsk rdx
jtf acop acoo acoq tsr
jtg qfy fgb nhm ozw
jth acoo acop acoq ogg
jti acoq acoo acop kod lej egj
jtj acoo ovg jui
jtk acoq acop acoo vzo sll knv rbf
jtl acoo boo kau ywp
jtm acop acoq acoo oli ndu iiy tbo
jtn acop acoo szt
jto acoq acoo acop fee abmu ntm mnm
jtp gsw uri udr
jtq acop acoo nsx
jtr acop acoo pbu ldy xbz
jts ezd
jtt acop acoo acoq pzg yjs
jtu acoo utz
jtv acop acoq acoo goo
jtw acop acoo acoq gcg fyq
jtx acoo acop mny
jty acop acoq acoo rbs vri weu qhq
jtz acoq acoo acop mf jkd wok
jua acoo acop apu
jub abw
juc acoo axt
jud acoo xti xuj mhu
jue acop acoq acoo abrs
juf acop acoo cfi
jug acoo acop acoq uez jiz xsr
juh acop acoo rqb
jui acoo acoq acop hiz
juj abtt xcx
juk nlv
jul acop acoo jzk wmb gfm lxr yn
jum jxo nek
jun acop acoq acoo tmk
juo acop acoo acoq ce
jup acoo acop sph oiw
juq etr iqx
jur acop acoq acoo cbh tpk fuy
jus acop acoq acoo agk eqg
jut xsb
juu acoo acop faw sfv
juv acoo acop nct jam
juw acop acoo yzq onn
jux acoo mop
juy acoq acop acoo aze
juz acoo uiu
jva acop acoo xoz
jvb acoo pay
jvc gng
jvd gwa abk
jve wzd
jvf acoq acop acoo uej
jvg wae gzq
jvh acoo acop zpl
jvi acoo acop sbh
jvj acoo zrh
jvk jvh
jvl acop acoo fpu zwz qnb
jvm acoo qkp
jvn sef ecf ukn xsk
jvo acoo acop acoq pyl
jvp acoo acop hlt
jvq ofy hkx xcj
jvr acoo aqw kxo
jvs acoo acop acoq lyo
jvt acoo acop fiz
jvu acoo acoq acop wfe
jvv acoo nlt
jvw acoo acoq acop zgj
jvx acop acoo tks wpy mka
jvy acoq acoo acop ouy elx aatf
jvz mpi iwr
jwa acoo abjm kpe pdr
jwb acop acoo fjq
jwc acoo acop dmv kbm
jwd acoo whn
jwe acoq acoo acop bgt zmy
jwf byw hww kod uwl aaog
jwg acoo acop qwd kfz
jwh acoq acop acoo ytd rbt
jwi acop acoo acoq yiu kwb
jwj acop acoo vgg
jwk acop acoo acoq dnn zkm agb dov
jwl acop acoo fah
jwm acoo ymx
jwn acoo acop bbe aagg aacw
jwo acoo bmw
jwp acop acoo osd zbh (ysz qdd uiz)
jwq acoo ziq our wtz
jwr acoo glx zzc abtj
jws acoq acoo acop bg xhb sco
jwt pal
jwu id
jwv acop acoq acoo ajc pus kep
jww dcc
jwx acoo acop vlz
jwy acoo kld
jwz acop acoo pmr
jxa acoq acoo acop wge
jxb acoq acop acoo iwg wqg fsw
jxc mon jcq cti hlr czl
jxd acop acoo mum ouc ofj
jxe acoo sou
jxf acoo acop acoq ahs
jxg acoo acop zhe
jxh obk
jxi acop acoq acoo tqh
jxj acop acoo acoq xwg fjj
jxk zqd ytg zsy
jxl acoo fik
jxm acoo fvs jkr pxh aqa
jxn acoo exn gib ana wyn
jxo acoo acoq acop qhd k bck
jxp acoo acop acoq esm bub ovy
jxq etg tkt bri
jxr acoo ldl abvo tjw uia
jxs acop acoo jzi kwr
jxt acoo kat
jxu acoq acop acoo xer
jxv zgu
jxw srg
jxx acoo qnz foy nzc
jxy acop acoo acoq gqc lwt mdy
jxz acop acoo frs sqf au
jya acoo acop acoq plw
jyb wzy
jyc aiy whj
jyd acoo acln gya ndb
jye acoo acop acoq aaeo
jyf acoq acop acoo ica
jyg acoo kcq fwu
jyh acop acoo acoq ddc ldx
jyi acop acoo pzu yvc sei duv
jyj acoo acop ygp
jyk acoo acop kbm
jyl acoo lva fcd abqu
jym acoq acoo acop kzd
jyn acop acoo rnh
jyo acoo acop xyc iyk lkx
jyp acoq acoo acop hzx
jyq rmf
jyr acoo yho
jys acoo acop lia ltj ysv
jyt acoo acop ako
jyu xf
jyv tlt kjn dfd ely
jyw acoo acoq acop jip
jyx nem
jyy acop acoo oyg ubs
jyz acoo acop acoq rzw
jza acoq acop acoo vei
jzb pbc
jzc ive bva npw fgs
jzd acoo msh pwz eyg
jze acoo acop mtx
jzf acoo acoq acop ipa
jzg acoo acop cog ucq dnd
jzh acoo ibb
jzi acoo xnt brl
jzj acop acoq acoo skw abkw
jzk acoo dma
jzl cud ymu
jzm acoo acop jgq
jzn pts nyh vqj pnk
jzo acoo nam hdr
jzp acoo vxl
jzq acoq acop acoo rkg nhu
jzr acoo acop acoq vxg
jzs acoo acop acoq rau
jzt gx
jzu acoo yn vph
jzv acop acoo acoq gbj
jzw acop acoo qhd ret iax
jzx acoo acop yjr
jzy acop acoo trb
jzz acoo acoq acop svc
kaa acop acoq acoo pll
kab aart
kac acoo acop acoq zci wlz vzm
kad acop acoo nvo jrp wvp oqe
kae aajz smh
kaf vfg aakz mjv yyz guc
kag acop acoo acoq wpi
kah aak
kai ccb
kaj bvf vva tmu
kak acop acoo absq
kal acoo qmz bjq
kam acoo acoq acop cou
kan acop acoo bsi
kao acop acoq acoo euz ijn
kap acoo acop eje
kaq acoo acop kio
kar acoo rtm ur jzh
kas fih (kzm oeu) cvh
kat lga fru
kau acoo hge
kav dcu tsm
kaw nrv abmu utc
kax acoo acop acoq ala abtk bgb jtl
kay acoo acoq acop mwk
kaz acoo rnc (jlj vre) ajw
kba acoo eql ntr pxj ctu
kbb ugf jzc
kbc jhz wls
kbd acoo acop myc
kbe acoo acoq acop xvo hil
kbf acop acoo nge
kbg acoo acoq acop pwe dhs vyb
kbh acoo kqy
kbi acop acoo xda gqr
kbj abry
kbk acoo acop trn
kbl acoo acoq acop unp qcs ipf
kbm xha azu qyc fmn kdq
kbn acoq acop acoo odz (pbx btn)
kbo cpk
kbp acoo oqa
kbq cm
kbr acoo acop hpa cyc abrz
kbs acop acoq acoo zar
kbt acop acoo cnk
kbu acop acoq acoo ru aaus
kbv acop acoq acoo qxk
kbw acoo acop ja
kbx acoo acop noy tch
kby acoo acop beu
kbz pdb psn rut
kca acoo acop onn yrn ikz
kcb ssg aaqp ygg kuu
kcc acoo rre jae pcu zax
kcd acoo acop acoq scg
kce vus vtj vof
kcf acop acoq acoo mbb
kcg acoq acoo acop dpt jim rek dan
kch acoq acoo acop cca abzx yss
kci acop acoo fmg
kcj acoo dzw vhb bwn
kck acoo acop acz pwc
kcl acoo tbk
kcm uyk
kcn uir fff
kco acop acoo acoq nbj
kcp acop acoq acoo zba
kcq rem oyi ablc hph otc
kcr acoo zcv
kcs acop acoo sya
kct acop acoo kd hsl xsc
kcu ekj kdt gjg
kcv acoq acop acoo hkk
kcw tzk
kcx acop acoo es djr ikw
kcy acoo pza dky pgo hih
kcz acoo aqm ctv tqt
kda acop acoo acoq hbc
kdb acop acoo pdm tfc
kdc acoq acop acoo iwd
kdd acoo eqy iuh
kde acop acoq acoo qng ifh aafx
kdf dff (vio jbm)
kdg acoo mio
kdh acoo acop acoq abgj dod (vcm rss)
kdi khm
kdj acoo acoq acop mcc
kdk acoq acop acoo arm dwk abka
kdl wld
kdm acoo aeq tzd
kdn acop acoo alp
kdo acop acoo wnb
kdp acoo zej san
kdq acoo wdq
kdr acop acoo wfk ctv qym
kds acop acoo gif
kdt acop acoo acoq pnu aaab
kdu acoo uei
kdv acoo ypc rdw obu
kdw acop acoo kw lrv
kdx vhn acbi ruy
kdy acoo aapb idp
kdz acoo acoq acop fbw
kea iqt
keb acoq acop acoo dpq nve bvz vj uoe
kec vrh ubw aaow
ked acop acoq acoo pyo abvn wnn
kee eis
kef acoq acoo acop pku nis smi
keg acop acoo acoq edm jjh olu
keh txy rwi
kei acoo jtg
kej acop acoq acoo twg zcw
kek esy acja
kel acoo acop ysx
kem acop acoq acoo vqb
ken acoo acoq acop mvd
keo jht
kep acoq acoo acop ntp
keq rav
ker acoo acop txb
kes hbw ifk
ket acoo acop abzc qzq dyr
keu acoq acoo acop aafk
kev acoo gbi
kew jao
kex acoq acop acoo rsc
key gum
kez acoo yps
kfa acop acoo acoq cqi cwn qtw
kfb uxf zlt uxm zcw
kfc acoq acoo acop eub fkx
kfd acoo zza aaci ism oyv ike
kfe acoq acop acoo aayv
kff acoo mne
kfg acoo kit
kfh acop acoo acca lwq kxp
kfi wvi lpt
kfj ior rax
kfk opf rpp zey otv
kfl acoo hcq
kfm acoo acop lyn
kfn acoo acop acoq udh flu
kfo acoo acoq acop achl
kfp acop acoo acoq byj
kfq acoo acoq acop lq
kfr acoo acop tni nmb kcv
kfs zuo kye
kft acoo abcn tyq
kfu acoo acop ukd
kfv acoo erj lwv
kfw acoo lts
kfx acoo xlk
kfy bry fxu pcz
kfz acoo oub
kga zoy iuw ygw
kgb acop acoq acoo vuf kra nea
kgc qtu aaqz
kgd acoo pui hgn ywc
kge aclu
kgf acoo acoq acop vps
kgg aha lkr spw
kgh lae fcl
kgi acoo acoq acop ssu
kgj acoo acoq acop oai pdg
kgk acoo jzx
kgl acoo acop fgi rib dek
kgm acoo acop acoq jfp qnm
kgn zch
kgo acoo lgk awk xnd wgu
kgp acoo acop acoq vgy bbn
kgq acoq acoo acop qzz qvw aaa
kgr acop acoo yjp wwq nws
kgs acop acoo ouy ybw
kgt aavo zs zeg hce tgw
kgu nua
kgv acop acoo vlz
kgw acop acoo ccu
kgx acoo acoq acop ipq ohd abjy zqn
kgy acoo mqx
kgz acoo acop rsz
kha acoo acop acoq ypd
khb acoo wpn
khc acoo wku jdo
khd acoo whn
khe vvz ita uma lec njb
khf acoo ytd
khg acoo fh iev kbc
khh acoo qdy
khi acoo syt owt
khj yjq
khk acoo acoq acop acex
khl scz elj lzg wyb
khm lpy lvz
khn acoo acop lva
kho tqd
khp acoo nrp
khq acoo acop pfa
khr acop acoo acoq abtg
khs acoo acop ayb
kht acoo hps iez ydh vjs
khu acoo acoq acop knf
khv fcf udr
khw acoo ozf
khx acoo acoq acop ddh
khy acoo sdy dqh
khz ciw
kia bin ykc aez aalh
kib acoq acop acoo xzv ljl aaee rwc
kic gcj
kid acoo acop acoq drq ezr tlu
kie acd
kif acoo jcn
kig acoq acoo acop ghs
kih acoo acoq acop tlv
kii acoq acop acoo tpp qnf
kij acoo wik gvd smj
kik acoo oj
kil acoo urv iiv giw
kim sgw rdf
kin acop acoo gqr
kio acoo qce
kip fuv
kiq bbx qfv bnu
kir acoo acop ikz
kis acoq acoo acop med
kit acoo acoq acop oqs
kiu xok
kiv acoo kb anl
kiw acoq acoo acop gyn
kix jfk
kiy wce vqd pul
kiz acop acoo ydq vtn
kja acoo avv
kjb acoo dnb
kjc ykh fyq
kjd oas
kje acoq acoo acop jaz
kjf acoq acop acoo jto
kjg acoo twv
kjh acoo jxu xzn
kji acoo ruv qzf
kjj acoo dou
kjk acoo pwn
kjl pdb
kjm acop acoo xui cou upj mkb
kjn acoo acop udv gpr
kjo acoo acoq acop oud
kjp acop acoo qpf nz
kjq acoq acoo acop hij
kjr acoo acop qsg
kjs acoo cqn sxj
kjt acoo hob
kju acoo zyo
kjv acoo acop rqb
kjw acoo acop aay xva eub quy
kjx acoo acop his
kjy wbp
kjz acoo acop igy
kka azd
kkb acop acoo wzj sej
kkc mse
kkd jpp jbu
kke acoo acop wwg iwt oyo vpx
kkf acoo acop azk kje
kkg acop acoo acoq xtq
kkh olg abpj njd
kki acoo jwz
kkj dux
kkk acop acoo acoq izf
kkl acoq acoo acop sxu
kkm acoq acop acoo mvr mhv
kkn acoo acop rsk
kko acoo azt wbb mnz
kkp acoo acop xix
kkq acop acoo mfz dpd mno tyc abod
kkr acoo ddc
kks acoo hjz xvl xav hbx
kkt epe ngb fyz
kku acoo acop dkc plf xev jpb aaxc
kkv acop acoq acoo yea
kkw ffy aafj
kkx acoo gfl
kky acop acoo kpq
kkz wax
kla acop acoo acoq dnx
klb acop acoo acoq bdt
klc acoq acoo acop crt
kld acop acoo knb xhx
kle acop acoq acoo hmo
klf acoo acop xab
klg acoo egb
klh yrk accd pt bro
kli njv tkk
klj acoo acop mpm
klk acop acoo acoq og cgd
kll acoq acoo acop ovh fay
klm bmz pqk mjs
kln acop acoq acoo nem
klo acoq acop acoo qoa
klp acoo odp rcf
klq acop acoq acoo voi
klr rgo oxr
kls acoo abuq
klt acoo gam juw irj ypp
klu aavl gqs (eek utx)
klv acoo aaha
klw acop acoo fcy yjh
klx acop acoo ptu
kly aht kfy dwv dla
klz acoo egx
kma acoo lox hxy dfx
kmb acop acoo acoq jwb euz
kmc acoo acop ndk
kmd nii
kme acoo acop fbs gid rvn
kmf rde
kmg dkv
kmh acop acoo gp
kmi acoq acop acoo fdr aff
kmj spn
kmk acop acoo acoq slf
kml acoq acoo acop uga
kmm qnf (fdd ljy)
kmn acoo acop khv
kmo acoo sfv
kmp acoo esp
kmq acoo acop dsq
kmr acoo ndg
kms acoo acop iwt
kmt acoo acop acoq yfa qte
kmu pqu qlm
kmv amd xhu pgh
kmw acoo cfx
kmx prf
kmy acoo hre
kmz acoo zyq abkj
kna acoo acop abnm zfz dsb
knb acoo acop acoq qvz
knc hzf
knd acoo acop udh kgx uz
kne acop acoo acoq vpu
knf zdg nfq
kng abzm jkl
knh acop acoo ehe kub igj rbj
kni acoq acop acoo guk
knj ksw
knk acoo acop man yts hym
knl acoo acop acoq lih
knm acop acoo aze piq use
knn acop acoo acoq flm ika
kno acoq acop acoo ytr
knp acop acoo bhu
knq nbe mdr iby njy
knr fit
kns acoq acoo acop ics
knt acoo rut exh vcb res
knu acoo acop zju
knv acoo aaos wne
knw acop acoo acoq owj
knx qao wxo
kny acoo acop fnz aatr
knz acoo vuo uet lqk
koa kxl lv
kob acoo kub
koc acop acoq acoo ogq
kod ynr
koe acop acoo wlm
kof acoo qnd
kog acop acoq acoo vfe izz duu
koh acoq acoo acop sts wja xqv ply
koi bmm
koj acop acoo jml
kok acop acoo ywg ikt (hep vzr)
kol wrs rtx lqx
kom zxi
kon acoo uir
koo acoo abdq
kop acoo dnn
koq eso dmi
kor pdq kpb iba
kos wtn doj
kot hxc aaok gqv acjk
kou acoo acop qtx fru qtn
kov acoo acop sx
kow acop acoo aakb cma dtg
kox acoo acop acoq hcq wjd
koy aamh
koz blg
kpa acoo acop acoq wuh jip opv jfw
kpb acop acoo xsn
kpc acoo mfw
kpd acoo dzx asv hfe vhv
kpe acoq acoo acop bmh gw
kpf acoo acop pjv
kpg acoo lne ppw pzx
kph acop acoo myo
kpi abys bqx
kpj acop acoo ann
kpk acoo rnl
kpl acop acoo abhh idw
kpm acoo acop fvg tpr nzp aawk qab
kpn adz khv ibm jfr
kpo acoo acop aakz
kpp acoo fii poa
kpq acop acoo jtd
kpr acoo iiq
kps acoo yin ats bqc udn rwo
kpt zd
kpu acoq acoo acop ubh jxk hlh
kpv iey
kpw acop acoo zwc qln apx koz
kpx acoo acoq acop zjc
kpy acop acoo acoq dpb
kpz acoq acop acoo mbh cov ibr pzk
kqa acoo acop acoq yfg aarl uta hvx
kqb acoq acop acoo imv
kqc kpj
kqd acop acoq acoo epp
kqe acop acoo py hfn umv vyr
kqf acoo hiu iwx (hhz acoo uup)
kqg acop acoo lne (rbu rip)
kqh nqr
kqi acol sbo bnj
kqj acoo ysi ujh
kqk dbe
kql acoo acop acoq aajg bcf yoj
kqm acoo lmh abjy hop
kqn acoo enr
kqo acoo acop kpk
kqp acoq acoo acop eyv
kqq acoo acop acoq pju fuv khc abuj
kqr acoo acoq acop myu
kqs acop acoo vgc
kqt acoo jzz
kqu acoo acop jnf chy
kqv acop acoq acoo xek
kqw acop acoo pzd
kqx acoo exd axp
kqy acoo hii
kqz acoq acop acoo wqw ojl rhf fjx
kra acoo acop jud
krb acoo umq
krc acoo qzh
krd acop acoq acoo qe
kre acoo acoq acop uut aafx sji
krf acoo dek
krg qtp fsl aaan ezs
krh acoo abkn
kri aoi
krj acop acoq acoo aarv
krk mrg
krl acoo aatd
krm acoo sml
krn acop acoo zhl ftt
kro acop acoq acoo nwz
krp jsd
krq acoo gze
krr acop acoo txd
krs acop acoq acoo cbu
krt acoo eqd zio acaf
kru acoo acop acoq sa
krv acoo acoq acop dyk abwb
krw acoo acop mzf jrk abvw
krx acop acoo qin aapn
kry acoo acop abjp eow voy
krz air
ksa acoo acop fxi
ksb acoo aauk cbf
ksc acop acoo qtx
ksd acoo acop abnx
kse acop acoo ue vhu
ksf acop acoo zxf are
ksg acop acoq acoo ktv
ksh ya oev wvf tpt
ksi oqj
ksj lyd ddt hkv czr
ksk ufx
ksl iud
ksm acoo acop oox
ksn acoo acop uh kza ihr bvw
kso yyt eur
ksp acoq acop acoo pxn
ksq acop acoo rrb
ksr acoo acop fbg ddm xwx
kss acoo uaa zjt yng tlk
kst acoo vtc
ksu acop acoo lro vry
ksv acop acoo wjc
ksw pm
ksx acoo whi
ksy acop acoo hee
ksz acop acoo vei
kta acoo acop vmp
ktb acoo acop ldo
ktc acoo yst nnj (cef pnz)
ktd acoo ir jcv
kte acoo acop rlp dbh kgf pbz
ktf acoo acop gci
ktg zkp gye
kth acoo lku
kti acop acoo avq
ktj acop acoo acoq kbi
ktk hxi eir zpr
ktl acoo acop acoq cbw
ktm acop acoo ggx
ktn acoo acop fuk
kto ccf
ktp acoo gie
ktq acoq acop acoo ebd bhn whd qpe
ktr acoo jdf thm
kts acoo ary ntd ikf
ktt yhd fxi (gpw xiy)
ktu acoo pt ign
ktv acop acoq acoo rmn ycm
ktw acop acoq acoo aags
ktx acoo fsy
kty acop acoo mrn
ktz acoo zar
kua acoo aba
kub acoo acop gao
kuc acoo acop xeh
kud acoo ibk prr
kue acoo cfd sra gdx hl upw
kuf acoo ix
kug aahu gre qbr
kuh acoq acoo acop abri ozi
kui acoo bhz (dhj yy)
kuj qgr
kuk wyg
kul acoq acoo acop dgs
kum acop acoo wfo tch
kun acoo zai
kuo acoo acop yyc
kup grd
kuq acop acoo acoq xtp
kur vyn
kus acoo czi
kut bbq
kuu qsg mnu
kuv owp sw
kuw acoo vkq aauv abgb cqy
kux acoq acoo acop dlt abgr
kuy acoo nlc ofr lqj cwu
kuz acoo oyv
kva acoq acoo acop lgv
kvb acop acoo hde
kvc acoo rps cxk
kvd zsg (fpd uiu)
kve acop acoo ntd
kvf acoo tco qog
kvg acop acoo acoq fsn
kvh acoo acop qky
kvi acoo kju tox ryq
kvj acoq acoo acop naa jhs
kvk acoo acop tda mfn (xiq acjq) plg
kvl acop acoq acoo uci
kvm acoo aasv
kvn dvw
kvo acoo acoq acop ezd
kvp acoo luy
kvq acoq acoo acop dws oup
kvr acop acoo fru vrr yvt
kvs acop acoo qvl
kvt acoq acop acoo imw
kvu acoq acoo acop hub
kvv jsr
kvw hvu
kvx acoo sum
kvy acop acoo mhq
kvz igb zwo
kwa mam nfk
kwb luw uhm
kwc acoo acop wny
kwd yat clk ogb
kwe acop acoo zno kol
kwf abrf acah aom
kwg acoo bck pok mn
kwh acop acoo osz
kwi ite
kwj acoo dce abca abqw rvp
kwk acoq acoo acop wmj
kwl acop acoq acoo e dcz
kwm acoo eyz
kwn puy
kwo acoo vsx
kwp iux
kwq qjb
kwr hol hgb
kws acop acoo acoq jw
kwt acop acoo jsx
kwu acoo etz
kwv acoo aciq
kww tua kzu dgv
kwx yzk
kwy acop acoo gtn zjb (eip ehl)
kwz kjh (azy abtw)
kxa acoo byz
kxb acoo czq
kxc acoo acop tgk
kxd acoq acoo acop xgj zut iiv
kxe acoo pbb igo jhp
kxf xyt
kxg acoo uhx igx
kxh acop acoo alp zqv aahq
kxi acoo acoq acop nzd
kxj acoo acop xgo aako
kxk acoo acop bze kvh aani
kxl acoq acoo acop gty
kxm acoo udi
kxn acoq acop acoo nca
kxo cki juz
kxp fqe
kxq oms (inu tox fbb)
kxr wfj jkw qdi
kxs acoo acop zkg
kxt acoo txw qji lai
kxu zpl
kxv vkb ghb (fpw kvc wgz)
kxw acoq acop acoo xee
kxx acoo gte (mbu bxw)
kxy acop acoo zqg
kxz acoo jod gte akf
kya acoo acop xwn
kyb acoo qok jlg
kyc acoo htq
kyd aaea
kye acoo ang
kyf acoo acoq acop jzf gkr tff
kyg ilj kls
kyh acop acoq acoo inf
kyi acoo acop rgi abjj wrt
kyj acop acoo kpb pkr
kyk acoo acop acoq wxe
kyl acop acoo qzf goo fba
kym abkt
kyn acop acoo aaf
kyo jej npj vxw qvu
kyp acoo uas jsl dds
kyq acoo vrn hjz xpc
kyr acop acoo acoq teg
kys acoo rxq
kyt acoo acgq
kyu acop acoo mww
kyv acop acoo sse
kyw acoo acop bsz lxd rc
kyx acoo acop obe
kyy rtp
kyz utq wtu vod
kza acoo acoq acop kms
kzb acop acoo aacc
kzc acoq acop acoo nds
kzd lkt
kze acoo oqb
kzf ppn ppl oni qpv rtm
kzg acoq acoo acop qhx fwi haa niv
kzh acop acoo fxj
kzi acoo acop cze
kzj nsc zdi
kzk okh
kzl acoq acop acoo aql
kzm acop acoq acoo iib
kzn acop acoo acoq gru
kzo acop acoo qo aave rsr lfm nrq
kzp acoq acoo acop dda hcq
kzq acoo qwi ywl rcb los
kzr acoq acoo acop ilo hhd eie
kzs acoo koq
kzt acop acoo ykf
kzu acoo tmb
kzv acoo acop hid
kzw xsb tkf hjb
kzx acoo kdb
kzy bym
kzz acoo acop wtw ook kya hkb
laa acoo acoq acop sdg wpq bpj bgv
lab acoo acop lch toe fyz ton
lac bbx zxb
lad acoo acoq acop vuk
lae acop acoo lty
laf wce ppv
lag acoo acop zca
lah acoo acop alr zya
lai acoo abgc
laj acoo acop kc
lak pch
lal acop acoq acoo abdi xvx lrq kzl
lam gbn stz pam
lan acoo acop imw
lao dfr
lap acop acoo acoq czi zyq
laq acoq acoo acop wcu rtr wrw jwb
lar acoo nbg
las acoo acop uni
lat hii
lau acop acoq acoo mqu (pau idx)
lav acoq acoo acop lbf rnm bzz aht fbh
law acoo juy
lax acoo izl
lay acoo acop acoq hbq aaiu
laz xgv
lba acop acoo mar uhf bsi
lbb acoo ksp tdg
lbc acop acoo cak
lbd acoo acfk isw oeg awq
lbe acop acoq acoo bsl ehm
lbf acoq acoo acop vng
lbg acoq acop acoo bbh zsg
lbh acop acoq acoo wau
lbi acoo acop acoq yb
lbj acoo dgg aaon
lbk acoo aaxq rhr
lbl acoo acop dkb chs cin
lbm qie
lbn acoo yad swm
lbo aakh
lbp acop acoo eoo
lbq acop acoq acoo ss
lbr acoo acop xpm
lbs acoq acoo acop qud absj euz hrb abuy
lbt acoo oow acak
lbu rgs wlk ie
lbv ru amr psl gqw abok
lbw rep qkw uxt
lbx nfr osi
lby acoo acop acoq aaqy
lbz acoo aawa
lca acoq acop acoo xsy jca lrb uuv
lcb gic
lcc rzo
lcd acop acoo acoq acfk psw pwx jkn
lce acop acoo acoq dce ces
lcf acoo acop hmb rdr
lcg foa
lch acoo acop eqn ikd
lci acoo wtq skd aciq uca
lcj acoq acoo acop phi
lck dbr
lcl acoo acoq acop fay czb
lcm acoo acop ul czo
lcn aasa kqd xon
lco acop acoo yci rac
lcp acoo aaxr
lcq acoo acop tnw
lcr gug
lcs acoo ydm cif
lct acoo acoq acop xjm acfo aarz
lcu acoo acop aayd (cqs wup)
lcv bva
lcw ewd
lcx acop acoq acoo rpy rmg
lcy acoo acop acoq gdh
lcz acoo acop ypg kxd rlg jvb gtm
lda cpd dwx
ldb acoq acop acoo zen
ldc acop acoo aik
ldd acoo epe hey ojz achy
lde kqe ldq
ldf acop acoo ulz
ldg acoo clc rj abxd
ldh acoo ugz
ldi acoo acop axl
ldj acop acoo acoq uhf (hci dpm xud)
ldk yvv
ldl acoo abyp
ldm acop acoo ftz
ldn acoo acop gi cpq pv
ldo acoo uru
ldp acop acoq acoo kjh wp
ldq clk
ldr acoo jcb ets cgv abhq
lds vam
ldt acoo acop wre
ldu cxo
ldv acop acoo fkv
ldw acoo acop agk
ldx acoo acop abxq
ldy jc
ldz acoo svg
lea acoo aauv
leb acoq acoo acop qoj
lec acop acoo mdi hhv apq
led acoo vpb
lee acoo azy jmo
lef acoo acop rhk
leg acoo acop acoq oyv qkk dom mgh
leh acoo jjx
lei acoo ewr
lej acoo lpw clb
lek acoo acoq acop wji xoq
lel acop acoq acoo vef agk
lem acoo mzg
len acoq acop acoo aaai
leo acop acoo vsh abpg
lep acoo pwm
leq acoo ahj
ler acoo acop pqj
les acoo acop pzc krk
leu tgp noo abwk dhe
lev acoo psh
lew abjq
lex acoo acop sxm
ley acoo ahs
lez dvt
lfa acoq acoo acop vek yvb sgx
lfb acoq acoo acop abmi vtm
lfc acoo ajp tab stw gdu
lfd acoo odo
lfe ixr
lff acoo uok vus
lfg acoo acop lla
lfh acoo acop zhi
lfi sew
lfj acoq acop acoo goo acaw
lfk acoo xzv
lfl acoo zrq ozf vzf abbh
lfm zkc
lfn acop acoo acoq nnk vct snm lru rud
lfo acoo amd (fsl vay uuz) orm
lfp abaf
lfq acoo abxi dqq fcr ycb
lfr acop acoo acoq nix
lfs acop acoo wzk nzu
lft acoo mxe
lfu acoo twb lyu xon hvh
lfv acoo acop nnb
lfw acoq acop acoo mjs
lfx acoo rdu qid
lfy acoo acop wks foe tnd vsh
lfz acoo acop bng
lga acoo abnj scr
lgb dmf
lgc acoo whw xhn
lgd vhz (yyk iwh lzk) ytz
lge acoq acop acoo hdf
lgf acoq acoo acop vtq
lgg acoo msi
lgh acoo acoq acop bre
lgi acoo acoq acop nbe
lgj acoo acop vyr
lgk acop acoo gom
lgl acop acoo aazr qpl hlg
lgm acop acoo rwk la achw pia
lgn acoo qps
lgo acop acoo gjt dyf
lgp acoo lrj
lgq qa nhg
lgr acoo lha
lgs acop acoq acoo bkx
lgt acoq acop acoo vsr jcq uo
lgu acoo abac
lgv acoo acop kms zqt pvz
lgw acoo acop rka
lgx acoo xah rsh gwp
lgy acoo acoq acop wux
lgz acoo acoq acop rpm
lha nwi
lhb odp
lhc acoo aapx
lhd acoo gyq ual
lhe acop acoq acoo abql
lhf acoo acop ofu jml cca abir
lhg epi aawp vgf vur
lhh acop acoo aep
lhi acoq acop acoo udb yyo abjf luh
lhj acoo acop zdq atm
lhk acoo acoq acop adj nrq
lhl acoo pwk
lhm acoo abie hfl
lhn acoo dcb rzj
lho acoo jff
lhp acop acoo teg qui gds eee
lhq acop acoo ea
lhr acoo web
lhs acoq acoo acop mfv uub
lht acoq acop acoo idr
lhu acop acoo tvc tmu rk
lhv acoo acop icv brt
lhw acoq acoo acop nye jfg zsg
lhx acoo zhs aax
lhy acoo wpq
lhz ikr soi qyk zit
lia lvh
lib acoq acop acoo stq hlw
lic acop acoq acoo kzg ngf ada ynk
lid acoo acop kba
lie acoo acop mwe
lif sya vog
lig cie
lih acoo acop tvr
lii acoo acop acoq viv rqn ywd chr
lij acoq acop acoo goi lsb uae giw
lik nty
lil acop acoq acoo ftz pfs
lim acoo jjf
lin acoo wgb
lio acop acoo exh egy pde
lip acop acoo acoq awb
liq acoo wdf gpe rog
lir acop acoo cpz
lis acop acoq acoo vaq swm
lit acoo dny idi wbu
liu acoo acop axw
liv pt
liw acop acoo oyd
lix iuy qch
liy acoo acop brh
liz acoo acoq acop fqm
lja acop acoq acoo uzv mpq
ljb ycw ovl
ljc acoo bwn
ljd ao
lje acoo acop rya
ljf acop acoo imz (hbz tbr) prf
ljg vrf
ljh acoo fcx
lji acbn
ljj acop acoo acoq omg
ljk oba
ljl acoo acop cba
ljm lsd wuh
ljn acoo acop ail pca (abhh ry acdc)
ljo acop acoo ckm
ljp acoo zsi
ljq acop acoo acam lfg
ljr acoo acop koq ojf
ljs acoo esz alb vxb
ljt zos
lju acop acoo rek
ljv mqk svp ably ykt
ljw acoo acop acoq pcu
ljx acop acoo yft
ljy acop acoq acoo jza aahn
ljz acoo acop brk uvf
lka gwk
lkb upq abgt
lkc acoo acoq acop vxk lwz
lkd acoo wlg bex
lke acoo bdv
lkf hzw
lkg acop acoo hw aapu cgj
lkh acop acoo acoq ahu
lki acoo gau ff xkf gll
lkj acoo qjb
lkk acoo bcf oyu fwv ntz ger
lkl acoo abwk adt
lkm acoo imz acbb plj
lkn acoo acop ypv dnc
lko acop acoo acoq hmt
lkp aarg mcv
lkq acoo acop yyc
lkr acoq acoo acop abbi
lks acoq acop acoo ikv
lkt zfu jem
lku acoo abej hve
lkv acoo acoq acop ekk
lkw acoo drw oeq eon
lkx qah
lky ftk oac
lkz ngd
lla acop acoo zjq hkj ks jli
llb acoo ysp lcm
llc tzu cvp
lld qmu fqx sq zrl moi
lle hhq nws
llf spg abci
llg abhk rau ghc oqn
llh acoo spw kou
lli acoo jhq
llj acoq acop acoo bgh
llk acoq acoo acop cci rtb foq
lll acoo acoq acop tue
llm acoo cic
lln wxs
llo gpd zbr
llp acoq acop acoo vmz hgx
llq xdf jwg accl
llr acoo acop gey
lls acoo vsg
llt acoq acop acoo kzg aqr mvh ire
llu acoq acop acoo xs
llv acop acoq acoo pmz zbc yjz
llw acoo acop nfb
llx jpp zgw
lly vki
llz acoo bfj
lma acop acoo gxm
lmb acoo zwy dfw aacj axi
lmc acop acoo acoq pjt gmz hlr
lmd tca
lme obe
lmf acoo acop acoq snx
lmg acop acoq acoo gaz hvv
lmh acoo jgn abdh gcq atg
lmi zcu lfc
lmj acop acoo ocq lqm
lmk acoo acop ycb
lml acoo qus ysn cuc ajo
lmm acoo icu
lmn acoo ah
lmo gfr gm cai
lmp acop acoo jni igs znb
lmq acoo ablq
lmr acoo atk
lms ops
lmt acoo njm wzm ojh dob
lmu acoo wls xzm
lmv aaxg aast
lmw acoo acop kyk ablh
lmx ink swm rkp
lmy acop acoo zkr
lmz acoo acoq acop zwx
lna acoq acop acoo ijx
lnb acoo acop acoq dv
lnc fal
lnd xuf znz csu
lne acoo acop ylk
lnf spz
lng acoo ozv dyq
lnh acoo iqp
lni acoo mpv blr unw
lnj acop acoo wgd tqk
lnk oxd xep rqp
lnl acoq acop acoo cpk
lnm acop acoq acoo vrm
lnn acoo crd
lno acoo bdx acig pcz
lnp hvh nrv
lnq uod
lnr kzd mgi
lns acop acoo cok
lnt acoo hdx bbw uvb upx
lnu acoq acop acoo gzu
lnv acop acoq acoo vmy lnh
lnw lmb
lnx acoq acop acoo xbg
lny acoo acoq acop acah sim oit hrl
lnz acop acoo rbv
loa voo
lob acop acoo acoq itv
loc acoq acoo acop dmy
lod acoo acop mah
loe acop acoq acoo paf
lof qzb
log acoo lbz zmn
loh acoo oix
loi rxk dou
loj aoq
lok ped
lol acoo wcx
lom acoo sap
lon acoo uuj
loo hou
lop acoo kso
loq acoo lpt acnl
lor tmm
los acoq acop acoo wzs umt
lot acoq acop acoo djg vob
lou acop acoo acoq vjj dzb dol pnp
lov umr
low acoo kfi
lox acoo tfx pdo nqi
loy acoo cyh
loz acoo acop kaj
lpa acoq acop acoo ehy iya ik
lpb acoo lxv
lpc acop acoo aaxn hrc
lpd acoo rp aaxg mpq
lpe acop acoo aadt
lpf acop acoo acoq ufl
lpg acoo ewc
lph acoo acop aaql ivq
lpi aasu psd qfu
lpj acoo aro yeu
lpk mxx
lpl acoo jiu zge cyb
lpm acoo kjp nev (sak ime)
lpn acoo acop htf
lpo acoo acoq acop zsy
lpp acoo abhf
lpq acoo jco fef ufu
lpr acoo rxe
lps acoo acop acoq ubg
lpt acop acoo cvf kug aaxf bne
lpu acoo jsx
lpv nki
lpw acop acoo tnf vjp hfc ztt
lpx acoo acop gzb imv
lpy acoo vlz
lpz cvi
lqa acoo acop qol (ywy jrl)
lqb qwu
lqc acoo acop csr bdp qmv hio
lqd ygf
lqe kou
lqf acoq acop acoo vrl
lqg nsq
lqh acoo rvu aatw rnp
lqi acoo acop aalu
lqj acoo gjz pvf lgj sdn
lqk utp qmu mbc
lql acoo aabe hbq
lqm acoo oge fip
lqn acoo acop arf
lqo yie mzd yuh
lqp hzh fou
lqq acop acoo yim ube qrf
lqr acop acoq acoo abao
lqs acoo ats ia tnb
lqt urx
lqu acoo agn hqk xit
lqv acoo acop acoq nfj zoy
lqw acoo acop fei xj rra
lqx dhz
lqy acop acoo cbo lhv
lqz acoo acop acoq fxm
lra acoo cdq
lrb acoo xyq
lrc dif
lrd acoo acop ezk
lre acoo acop acal
lrf acoo acop wyb afu ytb
lrg acoo abl kpd udl
lrh acoo x wym
lri klu lho xvy hty
lrj acoo eet atb hyc
lrk acoo uyk ioi jzk aamm
lrl acop acoo acoq xsu
lrm sns
lrn bkr (naj imm) abbh
lro xrz
lrp tdm
lrq acop acoq acoo izb mwc (tnl ekf)
lrr acoo acop rcg wun oqs
lrs jsr
lrt acoq acop acoo zbk ejm
lru acoo aiw
lrv acoo acop voo suc uby
lrw acop acoo kso dcp
lrx acoo gab
lry acoo acop axl nbt
lrz acoo aazr
lsa acop acoq acoo ldk jzk nv
lsb acoo acop vms stm
lsc acoo acop aatu
lsd acoo acop acoq nps tco
lse acoo jjl
lsf acoo acop acoq cfo abem
lsg acop acoo rni aacm jfj
lsh acoo acoq acop ojr njk
lsi acoo acop pvw
lsj acop acoo acoq aaiz bjq blz
lsk lql (rwc slk)
lsl acop acoq acoo lbe ble
lsm qxx
lsn acoo ghg
lso ekd hso
lsp ypb
lsq acoo acoq acop few acmw zvj
lsr wzk
lss acoo acop oie
lst acop acoq acoo jsc cln
lsu qyv
lsv acoo accl
lsw acop acoo zyr fmi
lsx acop acoq acoo ynx
lsy acop acoq acoo byh
lsz acoo tqd
lta abxj njn
ltb rzq oqa umw hqr
ltc rmz
ltd acoo acop lrf ha kea
lte acoo acop wdc lxq
ltf qty
ltg acoo ptb
lth acop acoo iqs xfd fgn opq
lti acoo koc
ltj abyr
ltk acop acoo acoq aasw
ltl acoo acop acoq scm
ltm acoo acop acoq swy afh xgn
ltn acoo acop abqz
lto vcv uzx
ltp cqk fla lxk uel
ltq acoo mqf
ltr acoo ckj
lts acop acoq acoo nda
ltt acoo acop bqb
ltu acoo acop lvu
ltv acoo msg yky
ltw mxd
ltx acoo acop acoq ipx
lty acoo ptx nht
ltz acoq acoo acop pck
lua acoo acop vwe
lub acop acoq acoo ru aajm
luc acop acoo ddt cbe
lud acop acoq acoo guu org adk
lue fut
luf acoo prw
lug acop acoo ycy
luh acoo gwp
lui acoo acop gbq ysy abgr wfe
luj rco (tyk sje)
luk acoo ilr
lul acoo qdk
lum acop acoo svn
lun ncv
luo acop acoo ogv
lup acoo acop acoq qul
luq acoo acop acoq abzi bh sdz
lur acoq acop acoo qmw hro
lus acop acoo dyl
lut acoo zte
luu acoq acop acoo ala
luv qna yc nvs qng
luw cyj
lux acoo rps tte iqo
luy acoo acop acoq ves jxs
luz acoo zrl
lva acop acoo hbg
lvb tvk
lvc acop acoo yxc
lvd acoo svy
lve gcx
lvf acoo gag hrv gkq
lvg acoo acop acoq kxl
lvh acoq acop acoo abcs acli
lvi acoo mz
lvj acoo ayn
lvk tvr
lvl jld
lvm acoq acoo acop umh
lvn acoo mra absb wxy
lvo acoo acoq acop exq
lvp acoq acop acoo xfw
lvq acoo acop olw suv kes yce
lvr acoq acop acoo efk abyx
lvs acop acoo byk hos
lvt acop acoo xlc
lvu acoo acop jnh vns
lvv woh wcp xwg
lvw acop acoo yl hzc rqy
lvx ipy
lvy acoo acoq acop tmg lj vak
lvz acoq acop acoo xp yba
lwa acop acoo uwk
lwb acoo acop qir
lwc vmy
lwd acoo smi kic gi
lwe sun
lwf acop acoo gkg
lwg acoq acoo acop abjj
lwh acoo tno umo bqo xos tvo
lwi acoo acop acoq clp
lwj acoq acop acoo swy
lwk aboe
lwl acoo hvj abv
lwm acop acoo rvg va
lwn ljk
lwo jjf jwf kbh
lwp tww cjq bq ijw
lwq oli
lwr yns
lws acop acoo aawy
lwt acoo acop acoq lon wdb
lwu acoo xgu
lwv acop acoo acdm oez mo gvw
lww acoo acop aec
lwx sif
lwy acoo acop acoq aaxa
lwz acoo yyc sys
lxa acop acoo xxb gwv
lxb acoq acop acoo vxz
lxc acoo acop pkt
lxd acoq acop acoo mjq els ynz
lxe acoo acop ihb
lxf acop acoo iql
lxg acoo acop obt
lxh aagj cpx
lxi acoo acop abao gca
lxj acoo acop abj
lxk acoo udl
lxl lhf
lxm ify rrp
lxn acoo kys
lxo acop acoq acoo aap tok ugj
lxp acoo qvb ncc ro
lxq wkb zmy xud
lxr acoq acoo acop pub abpl
lxs acop acoo aavy tmf
lxt acoo eqy rwn
lxu fuj
lxv acoo acoq acop abmf mpt ypu
lxw wlp
lxx acop acoq acoo dhk
lxy qip
lxz acop acoq acoo bfn
lya acoo cng sfu
lyb iwz hpo
lyc acoo kty
lyd dpg fle
lye acoq acop acoo nad rrk vuz
lyf acoo uj
lyg acoo iaf vio
lyh acoo kun aod mme fwu htc
lyi tyq qpf caq
lyj acoo lpc
lyk acoo acop cwq wxc
lyl acoo bns
lym vty
lyn acoo wog kqf
lyo acoo acop acoq zti ucs
lyp acop acoq acoo gek
lyq acop acoo acoq hhg xyp
lyr acoo acop oko
lys acoo aakn
lyt acoo lx cng
lyu acoo acop uma
lyv acop acoo acoq oss
lyw acoo hyc
lyx acoq acop acoo abtg
lyy acoq acoo acop ntr jtm
lyz tsz
lza acoq acop acoo enn xwc
lzb acoo acop acoq isn xzg uev
lzc acoo acop acoq cxc
lzd acoo gzr vlc abqi yzl
lze abwe
lzf acop acoo tdk wrc
lzg acoo acop nxw
lzh jfu cmz nyt
lzi wcl
lzj acop acoo hld
lzk acop acoo acoq vzg
lzl acop acoq acoo ghw
lzm acop acoo acoq ktb sgk (psk tk cti)
lzn acoo eyd
lzo acop acoo ojn
lzp acop acoo clg
lzq acop acoo zfd (zoh zdb qem)
lzr acoq acoo acop adu
lzs acoo acop ucx
lzt fye
lzu acoo abpz
lzv acoo acoq acop acad
lzw acoo cjy
lzx whi
lzy qvx
lzz acoq acoo acop aaao
maa acoo acop mre ldm rmx dgg
mab acoq acoo acop abcn
mac umh rwf fxc plr
mad acop acoq acoo zlj
mae ccw qhf
maf emo tvf ftq oqw
mag acoo acop kdk
mah acoq acop acoo mhr
mai acoo abrd
maj aapf
mak acoo acoq acop nlp bmu nka qgo
mal acoo acop ag nme
mam acoo tbk
man acoo acoq acop vno qfz ytg
mao acoo acop acoq uez kxf aclq
map acoo pfc
maq acoo cfb ait wjk gpe tho
mar bfm
mas jcr rlt ird qnx
mat acoo acop idg
mau hqv
mav acop acoo acoq uuq
maw qvc
max dpu leg
may acoq acoo acop lto
maz acoo qwl
mba mzu
mbb acoq acoo acop kev
mbc acop acoo ruy oen xsc
mbd acoq acoo acop nht
mbe qdr drg
mbf acop acoo acoq bro
mbg acoo xqk sak vdm
mbh acoo ync
mbi acoq acop acoo bl
mbj clk prv
mbk jjb
mbl acoo acop izq
mbm acoo yur
mbn acoq acoo acop xqg
mbo acop acoo acoq rhe
mbp acoo cya fzm
mbq acoo sbq
mbr acoo tdi lfk kkz wmd
mbs cyj irl
mbt acoq acoo acop avu
mbu acoo abfj isy brt
mbv acop acoo acoq ose avi
mbw acoo lcm aig myh
mbx acoo acoq acop abzd ttu ksq
mby acoo evs
mbz gnn
mca paj pde
mcb acoq acop acoo qfa xyx ppb rpt
mcc acoo eye nyk rjk lbo
mcd acop acoo acoq utf
mce acoo mvi xmz ihb mep
mcf acoo vnx xow mev
mcg acoo zzk
mch sto kmd qpj grk
mci acoo acop qfg
mcj acop acoq acoo nbv
mck lep swa cpv
mcl acoo acop absb
mcm acoo fds wqp qwk wvw
mcn acoo acoq acop faf ooh eim jte gcm
mco pwg
mcp acoo vie
mcq dgl
mcr dal
mcs acoo acoq acop aaof
mct acoo acop eri
mcu acop acoq acoo ukk ysb
mcv acoo ooc
mcw acoo acoq acop gha ggz hsl
mcx acoo acoq acop duh lal
mcy vym ys jsd
mcz acoo acop acoq yuq dhk zlp hvo cgh
mda acop acoo wyi ewo han
mdb szm
mdc zvd lu xdc ysf
mdd acoo slt klz acjx aawr
mde abii kbz uq anu kvm
mdf acoo odz
mdg qog
mdh acoo acoq acop abev xbf
mdi acoq acoo acop eph
mdj acoq acoo acop bkz tvq wyn jsc
mdk acoo acoq acop acbj
mdl acoo koo
mdm acoq acoo acop gpo
mdn acoo acop aadv
mdp acoo acop acoq jdg azd aboh
mdq acop acoo vmi rat
mdr acoo acop tmd
mds acoo mwi vdn
mdt ixl
mdu acoo giv
mdv acoo vhu lqy laj
mdw acoo tbt oi avr
mdx acop acoo txq lgz liv
mdy acop acoo bjs gfh
mdz acoo acop int awj
mea acoo acop acoq daj iri ubc cxg
meb acoq acoo acop hkv rnx yul
mec acop acoo nnc nth mnp tsg
med acoo aake
mee acoo czd
mef acop acoo jgk wss ish
meg dav
meh acop acoo abk abpz tid zxg
mei acop acoq acoo jbd
mej acoo acop ema
mek acoo acop lrt acir evy
mel acoq acop acoo pi rwk cs
mem acoo pfu
men acoo mtr
meo acoo qmf jbi
mep acoq acop acoo accq
meq acoo acop aod
mer acoo acop vmg
mes acop acoo acoq ctw sle cyk khk
met qcx
meu acop acoo acoq sn
mev acop acoo qjp kgb
mew acoq acop acoo ozj
mex fug
mey acoo acop xjr nfd hbm
mez acoo xhd (vvu abfw) acbf
mfa aasi
mfb acoo dqn
mfc absr
mfd acoo acop ldx ytz faq way rel
mfe acoo acop acoq rxu
mff acop acoo orz zln ven uqt
mfg acoo acop nzw
mfh mvh
mfi acoo acop acio wfz
mfj acoo tap
mfk xwq jkm
mfl acoo szt
mfm tnj gtv rfy
mfn acoo iem
mfo gvp
mfp hrh
mfq acoo eoy
mfr acoo acop qnr ukj
mfs acop acoo yhb
mft acoo acop acoq mtn
mfu acop acoo snx (jus abea)
mfv rwx
mfw acop acoo jxz
mfx acoo acop tew
mfy acop acoo aahk
mfz acoo aaht msm
mga acoo sqx
mgb acoo kfr
mgc acoo acoq acop oex
mgd acop acoo dzu
mge acoo acoq acop hkr cmy eiu
mgf acoo jlt
mgg acoo acop qim tyu abcf
mgh acoo dlz umj zax
mgi hy
mgj acop acoo epw gic aceo
mgk acoo acop vaw
mgl deh rvs hmj ocx
mgm acoq acoo acop yew
mgn acoo acop acoq aabp ffl
mgo acoo nhu
mgp acop acoq acoo uwu rug nbo lda ywj
mgq acoo ntg qnf joe pwj
mgr aags
mgs acoq acoo acop zgp
mgt acoo jnl
mgu pbt
mgv acoo acop acoq ogs qzu pvr prv gwa
mgw oyo
mgx acoo svv icl sok
mgy acop acoo acoq ouv
mgz b
mha acop acoq acoo glb clp
mhb acop acoo icd
mhc acoo aadn fh
mhd tlv wud ekd
mhe acoo acoq acop hdl eay (ury pgh lkr)
mhf rtj
mhg acop acoo fgp
mhh acop acoq acoo ugr
mhi acop acoo zeu
mhj tvm aazz rpu kwh
mhk acoo acoq acop srn tiv aave boe
mhl ucv dy
mhm acoo gxq abue rve aboc chs
mhn veg
mho acoq acoo acop qmg mtv
mhp acop acoq acoo mfp
mhq acoo acoq acop xqj
mhr acop acoo ctg vyl
mhs acoo acoq acop vcl nvo aahh
mht nwq
mhu acop acoo acoq shg
mhv cyr
mhw acoo acop cix aadu
mhx acop acoo fuq aatr yap saa vni
mhy acop acoo acoq cwp
mhz yu
mia acop acoo vxv jfe
mib acoo acop fzg
mic mnm dsc
mid acoo acep lqv ket llv
mie pim nts coe
mif abiw hvw eip
mig acoo vcw
mih acoo yje gcc
mii acoo aazc
mij acoo acop acoq nie
mik acoo acoq acop taw afk ackh gly
mil acoo neg
mim yey sdl vmm
min acoo pbd
mio acop acoo kxt
mip acoo irh vnh
miq acoo mko
mir vxj aagg aaen rha
mis acoo eqd
mit acop acoq acoo oft (njp uun)
miu acoo acop dhg
miv acoo acop eis
miw ypz iub
mix acop acoo hrx ust mow
miy acoo acop dfh abio zck
miz acop acoq acoo sow
mja acop acoo fpy
mjb tmc orb abzv
mjc asu ozz lqu grn pxe
mjd acoo acop lng
mje acoo acop vrz
mjf kfv
mjg abwo
mjh acop acoo acoq gil trk
mji ynl vuy
mjj acop acoo weo
mjk acop acoq acoo kag
mjl acoo acop qlw
mjm fmi nff aciq
mjn acop acoo cxl cqn
mjo bsc
mjp acoo acop hnu
mjq nxb xbl ayn aaiu
mjr acop acoo wre
mjs uac
mjt acop acoo jwn skw (okc qal)
mju acoo acop aato
mjv iwy
mjw acop acoo kgx rpi abzc
mjx acoo acop sny
mjy acoq acoo acop ydf lnz czf frl
mjz acoo acoq acop cza (abix tcl)
mka ucf
mkb zcv nfz
mkc acoo eua
mkd acop acoq acoo vmj
mke zru
mkf acoq acoo acop ild
mkg acop acoo dfa
mkh acoo bss app
mki bls
mkj kcp cbu pni
mkk acop acoq acoo pfc xbk
mkl acoo acop acoq dbl eaj fmk ufi
mkm acoo acop acoq hyo
mkn acop acoo acoq ooo
mko alc
mkp acoo acoq acop xww
mkq acop acoo dqm jeo
mkr acop acoo lny
mks acoo lm
mkt acoo peh
mku acoo acop tyo fto
mkv acoq acop acoo mzc
mkw acoo acop hfe ubk
mkx acop acoq acoo uly nm
mky acop acoo wg
mkz acoo acoq acop iog nsp
mla acop acoq acoo achb
mlb jp
mlc acop acoo acoq vgt
mld acoo ixc
mle acoo uum rcz (gqq slv)
mlf acoo pca
mlg acoq acoo acop kem niy ffl
mlh acoo acop nft
mli acoo rpi
mlj giz
mlk acoo fho
mll acoo czu iov jsw
mlm acoo acop acoq ebm
mln acop acoo ablp gru
mlo acoo nqb
mlp uu
mlq fkk iql
mlr acoo acop nmw
mls acoq acop acoo acjv
mlt acoo aavc kjs
mlu acoo acoq acop aji
mlv acoo vfr kwc mhx wel rco
mlw izw
mlx acoo ssz
mly acoq acoo acop pdj
mlz acoo aakc
mma acoo rny fkq
mmb acoq acoo acop nsg (abge obo hwb)
mmc acoo acop nqa
mmd acoo acoq acop ule
mme acoo sbt
mmf acoq acop acoo aaqz
mmg acoq acoo acop tcg xws
mmh acoo acop ukf vbi
mmi acoo acop vli
mmj acoo aclu puk and
mmk jyl
mml acoo acop xnd
mmm aabo
mmn koj ouf pad
mmo acoo acop rjb
mmp omo
mmq acoo acop yxg mil rov
mmr acop acoo np lxy yiv oao
mms zq (skq lsd eqk) pxw
mmt acoo rfm
mmu acoq acop acoo cim bty
mmv acoo yhg
mmw cvn
mmx acoo acoq acop pad akh
mmy acoq acop acoo eyy
mmz acoo acoq acop eit
mna achp heh
mnb ted phs chy bex
mnc tjx
mnd je
mne acoo acop odo
mnf acop acoq acoo abza
mng ieb eai mkg jjr
mnh acoo tbz
mni qsq abbu
mnj njc aadv rwm yyw
mnk thz fed
mnl acoo lbq ylf
mnm acoo acoq acop qdf
mnn hrr
mno acoo acop daq
mnp acoo lbe wma ywd kku
mnq acoo acop kkm
mnr tsq wq pch
mns acoo acop acoq jhs
mnt rsk (hz vlo)
mnu acoq acoo acop ala
mnv acoq acoo acop xsj akt u
mnw xlm
mnx acoo abmi
mny acop acoo ilx
mnz unm
moa acoo ecc
mob aabf xlo uok yai
moc acop acoo vwb
mod acop acoo acoq cps yms iwr
moe acoo ubb
mof acoo acop mmg
mog ofu gfm wzv
moh acop acoo acoq onm
moi acoo acop svx ppr ytg
moj acoo acop acoq nsn
mok kgg
mol eeg rsi
mom acoo acop zrc
mon wai
moo acoo acop emr
mop acoo acop abpf
moq acop acoq acoo yby
mor zva xks
mos acop acoq acoo zpq
mot acoo ock
mou rfb
mov acoo lmt (trc myb bcu)
mow acoo wbc gmf
mox acop acoq acoo pxu hmw
moy eqz
moz acoo acop ipj fkk qop rki
mpa acoo gkk
mpb acop acoq acoo cya mtk
mpc acoo acop uqr
mpd eha
mpe xlr
mpf acoo acop gbn
mpg edu
mph mwe
mpi acoo kn
mpj acoo hos
mpk nfn abbb
mpl acoq acop acoo lvs
mpm acoo acop acoq qvx jvm
mpn acop acoo nmp mnq opn
mpo acop acoo owg abq tjd hmt
mpp acop acoo acoq mik
mpq acop acoo gjt mav kor ktw
mpr acop acoo dqb
mps ckw
mpt xql
mpu acop acoo iqf dse rvq uq
mpv acoo acop acoq qwy
mpw acop acoo acoq juj
mpx acoo acop zgu
mpy acoo lks
mpz acoo lfm bma lwr bec
mqa acoo tvx
mqb ryu
mqc acoo acop rmb
mqd acoo dsb
mqe acoo doi
mqf acoq acoo acop tqq eeg rlf
mqg acoo acop acoq hqt
mqh bzi akm (aafe kbe)
mqi acoo acoq acop pmn
mqj acoo acoq acop ild
mqk acoq acop acoo ybz wvk aalw
mql fxg nha
mqm ls
mqn acoo hpw
mqo acop acoq acoo gaj
mqp acoo upv
mqq acoq acop acoo gyy aew ate
mqr acoo acop cej
mqs acoo acop ysv
mqt roj
mqu acoo kcr laj
mqv acoo acop oba
mqw acop acoq acoo hrl hoq
mqx utd bel jlj
mqy acoo opg (hez gqg)
mqz acoo lwr
mra acoo asb ovn yxa
mrb acoo xtn wph hxd bwi tif
mrc acop acoo osb
mrd aph ssr lbw
mre acoo acoq acop dpg sea
mrf acoo zsc
mrg tik
mrh acoo acop gtd tzs cvv
mri acoo acop fim abcc dhz
mrj acoo acop xzf
mrk rj
mrl acoo jun
mrm acop acoo hkr
mrn acoo acop qls vaq yvv
mro ljg
mrp acop acoo acoq ip
mrq acoo wyp
mrr acop acoo efi (nxc dzd)
mrs acoo abmx
mrt acoo acop acoq qqz
mru acoq acoo acop dao cki xco ndj
mrv acoo mgs
mrw acoq acop acoo kko
mrx acoo wpi ytu iip
mry nlf pga vms czh rur
mrz jbw
msa acop acoo izn
msb acoq acoo acop prf
msc acoo ciw
msd ubx
mse acop acoo yfa
msf acmb tyr
msg acop acoo opl nbv iag
msh acop acoo ysa iw
msi acoo abab
msj acop acoq acoo shk
msk acoo acop iuy pig
msl acoq acop acoo hup
msm acop acoo jc
msn acoo dbh abyh ycu
mso jnx
msp hxh
msq acop acoo acoq hhe mny dhr ity
msr wek
mss acop acoo juy uth
mst acoo wte acjl lbs vpj
msu acoo acop zpj
msv acoo nma sqo
msw ydx oax aeb ww vtu
msx acoo ppq rfh ala yxz aaon
msy acoo bng
msz acop acoo nff fca
mta acop acoo ckq
mtb syi
mtc acoq acoo acop ofy cfa
mtd zqj
mte vyq
mtf acop acoo acoq hej
mtg acoo acop mgd vij dvm maa
mth acoo acop acoq mrm
mti acop acoo acoq w
mtj acop acoo abxk pxn
mtk acoo acs
mtl acop acoq acoo daw
mtm nal
mtn acoo acoq acop oea ebx ygw
mto acoo acop ffz
mtp acoo acmk
mtq acoq acoo acop rjp
mtr acoo acop vtm
mts acoo acop bfb uzt soc eaj
mtt acoo acoq acop dhf
mtu acoo bqz
mtv acoo acop mxb
mtw acoo gb gke
mtx uht nbr
mty acoo pcc ogj
mtz acoq acoo acop ube aayb
mua acoo xsi taj
mub acoo yuq
muc absx
mud acop acoo cto
mue acoq acop acoo wms ras gyx
muf acoq acop acoo cnf
mug acoo nkw
muh acoo acoq acop jod (syp dft) (nm zur)
mui ypi
muj acld aacw
muk acoo fam fgv ytl mjg ano
mul acoo acop jit accp ivr
mum acoo nht jfj
mun acoo wit aath
muo acop acoo fmz
mup acop acoo acoq syf jcl
muq acoq acop acoo gqb rye tag
mur acoo utl rna rue
mus acoq acoo acop pyl
mut acoo dop
muu acop acoq acoo glw
muv abjd
muw acoo bpy
mux acop acoo dq bxq
muy acop acoo yss ryl
muz acop acoo aki
mva acop acoq acoo sce efy abax qxb
mvb acoo acop fuf rfw
mvc acoo acop ghv irk
mvd acoo psd
mve ary
mvf vjh
mvg aec byl
mvh cdd
mvi acoo kmg kdw pfi abjt
mvj acoo acoq acop mhi
mvk acoq acop acoo cws
mvl acoo acoq acop feu
mvm ncv
mvn acoo rvo
mvo acoo vxw
mvp pff
mvq acoo acop nrt qcx
mvr acoo zpp
mvs cnr
mvt acoo acoq acop zpv
mvu wpk xny
mvv acop acoo jkk
mvw acop acoo yzw
mvx acoo acop acoq sgr wnw cqo tiq
mvy jzx
mvz acoo xfa
mwa acoq acoo acop emz
mwb acoo acop ewu
mwc acop acoo cim
mwd acop acoo acoq ugf pgy
mwe ndn acdn
mwf qjr
mwg ccn
mwh acoo acop cbh btr gcr xep
mwi acoo acoq acop lzv oqk jke
mwj kbs
mwk acop acoo mdl jov wup
mwl acop acoo acoq qow ocr fls rmc
mwm acop acoo ntc ols
mwn acoq acoo acop qxv thm hzk sgx
mwo ist
mwp acoo zqk
mwq acoo lih xie abiq
mwr acop acoo ue
mws hkl hhc
mwt acoq acoo acop abtn car rzb
mwu acoo acop kze
mwv acoo acop acoq qij aaxz waz
mww acoq acoo acop cxc vrj ahc
mwx acoo lcr
mwy acoo acop pld xlq
mwz acoo acop acoq gat eqb (aaki aayj) lio
mxa acop acoq acoo obp
mxb acoo qqs
mxc not
mxd acoo zan
mxe acoo acop tyv ydm
mxf acop acoo klw
mxg acoo fux bfq
mxh acoo exe
mxi acoo uav
mxj sry sbf cgi tyv
mxk acoo xqy jtp yiw
mxl acoo wiy
mxm acoo tdd
mxn acoo acop acoq fu lci uls (nqc hne)
mxo acoq acop acoo myo wej orf
mxp acoo ebl
mxq acop acoo qma rtj abga
mxr acoo sbr
mxs acoo jov lil lbx mfe
mxt acop acoq acoo vkv rlk (egv aalo)
mxu acoq acop acoo aaat
mxv acoo cdb
mxw acoo obd
mxx acoo bos
mxy acoq acoo acop yey cuk
mxz acoo acoq acop jrh quh
mya acoq acoo acop paq idd
myb acoo nui
myc ymm crt abys zoa
myd rnu
mye acoo umb
myf ihf (ehn qzf) uzj hbf
myg acoo acop foi
myh acop acoo jdx
myi acop acoo acoq yga
myj acoo qdj ayc
myk acoq acop acoo twl
myl acop acoo rzd
mym sur
myn acoo acop acoq fqj
myo qqc
myp acop acoo acoq bch
myq acop acoo aco lts
myr acoo gsy
mys zvj zoz
myt acoo acop acoq abvo
myu acop acoq acoo ujx
myv acoo svc
myw acoo acoq acop png
myx acop acoo xha
myy acoo utb
myz acoo tyy
mza acop acoo qxp aajf
mzb acop acoo sum
mzc acoo brd
mzd acoq acoo acop hza oxs sak
mze acoq acop acoo abeq
mzf acoo zjx ziq tfd zgo
mzg acoo acop mgj
mzh acoo fbl rsm
mzi zpm ifs
mzj ixb
mzk abmu
mzl acop acoo gqq
mzm acoo acop qrk try mus
mzn eiy
mzo acoq acoo acop koj
mzp ubr tau
mzq acop acoo acoq oku
mzr acoo acop rat aaaz qwb
mzs acoo pel
mzt acoo ysy
mzu acoo aaob
mzv fqc khs aaio
mzw acoo acop aavc (uls zlx)
mzx acoo bcs
mzy acoo vps qyt
mzz acoo yso
naa hna
nab acoo qdd ablc ydf llk
nac acoo oqz the ake aqb aakt
nad ykl
nae nny
naf acoo acoq acop rar
nag vmb
nah acoo acop abyx djj
nai acoo iqh aapw
naj acoq acoo acop iie unh
nak acoo acop ncw
nal acop acoq acoo wli
nam acoo abgb
nan acoo zvr pmm wbf gcl
nao acop acoo jsv
nap acoo acop clv
naq acoo acop myq
nar acoo lli pg yav
nas acoq acoo acop xqe zgq zup
nat ce
nau acoo pqu uef
nav acop acoo azq
naw acoo acop tlp ukg aafn
nax acoo dip
nay acoo acop wof jd pxk aasg
naz vmf bmi fwy
nba acoo cqn hec mll
nbb acoo ypn
nbc acoo acop ove xnw pxg uid
nbd acop acoo acoq tbj (zrf isf dpy yyr)
nbe lcb txl
nbf acop acoq acoo bnl
nbg acak
nbh acoo owo
nbi uxv
nbj jph oac ycw
nbk lhx
nbl acoo loq pmh
nbm acoo acop acoq zjk
nbn acoq acoo acop xvk ygv aqn
nbo acop acoq acoo aalu kve
nbp acoo evi spn fzc
nbq fmh efy lt acaa krb
nbr xdw
nbs acoq acop acoo cfq wtp xpz uxi
nbt acoo acop tfs utt qio
nbu acoo acop pnm nwp
nbv acoo jwn aaqk
nbw qqi uzb
nbx nav
nby acoo acop qcp
nbz acoo acop acoq pex aago
nca acop acoo jpl oaq ozm
ncb acoo rpl
ncc acop acoo gbl fju wnx
ncd acop acoq acoo gzo
nce acop acoo ape vbo ixg
ncf acoj
ncg acoo ix
nch acop acoo tk
nci acoq acoo acop zxx
ncj acoo meo
nck lba
ncl acop acoo acoq kxj hsx ocd
ncm plp
ncn acoo mnq ioa uzc
nco acop acoo acoq dar
ncp acoo acop aadc
ncq acoo acoq acop xrb ves aeo uni
ncr clj
ncs acoq acop acoo nqx uk
nct acoq acop acoo rbz hsx amj xhf
ncu zzt
ncv apc
ncw acoo acoq acop ldv
ncx acoo cwt
ncy acop acoo wys
ncz aayy
nda acoo acop acoq ruy
ndb acoo kmh
ndc acoo abmp
ndd acoo i qqg
nde acoo pkh lme
ndf fsa zbk
ndg acoo acop nfu abdx
ndh acoo acoq acop oov qbu
ndi acop acoo aauv idl gqc ete
ndj sex
ndk acoo acop uqz nrm enz
ndl acoq acoo acop llr
ndm acoq acoo acop jwr zzz
ndn acoo acop nsw
ndo jrb
ndp abck
ndq acoo wmo aapu fwc
ndr vvl mkn egl pgg mlv
nds acop acoo apu wes
ndt feq
ndu iay
ndv acop acoo oha
ndw acop acoo ajk
ndx crm gjz
ndy acop acoo acoq evz fov bkh
ndz acop acoo ba xgz
nea pdq
neb pkd
nec xbn uwj jyb lc
ned acoo acop khq iau str osx fzk
nee acoo acop acoq yqs abic xqe
nef acoo acop pye zyl hxa
neg dyl
neh gcp
nei acoo acop qoe
nej acoo acop mep xrm
nek acoo oiq
nel acoq acoo acop aafu aagy zfi iez
nem hwr kve
nen acop acoo grm
neo acoo bhl
nep acoo fnt rdx
neq acoo ctf
ner laq zxx
nes nss css cmn
net acop acoo gjg
neu enl lij (zou obg)
nev acop acoq acoo wch hez
new acop acoo abmh mqd yf
nex acop acoq acoo nkd nlu
ney bmc ctz
nez vjg
nfa acoo acop acoq el
nfb acoo acop rjr gy (aacp kyz)
nfc acoo acop xut
nfd acoo dvr
nfe acoo acop qdt kbz
nff acoo jjy xdo
nfg acoo rfa
nfh acoo acop aapw
nfi acoo lmx
nfj acoo acop yin wxi
nfk acoo acop ene
nfl acoq acoo acop gpk wti
nfm xvi uzl mnp
nfn acoo wxk zdi
nfo acop acoo bvf hsy lxi
nfp acoo acop acoq nln byb kcj
nfq acop acoo nzr yze
nfr acop acoo dmm
nfs acoo acoq acop haw
nft acoo kwz srt
nfu znp (zdh afr gmq)
nfv acoo acop zwn gpt xux
nfw kdg
nfx nqi
nfy acoq acop acoo osf
nfz qz
nga acoo hpz
ngb tbt
ngc omi fbb ykm
ngd acop acoo acoq fmb qha guo
nge acop acoo acoq gao
ngf acoq acoo acop vib nfs (crz yds)
ngg acop acoo ead
ngh acoo acop fwf usf
ngi acoo psn
ngj jyi rob
ngk acoq acoo acop cwy vjr zma
ngl acop acoo wjd
ngm l
ngn ahg
ngo hos
ngp gub vy (zsd etv)
ngq rkn
ngr acop acoo acoq qdx
ngs acoo acop vno
ngt acoo krz qwz vcy
ngu ced
ngv acoq acop acoo ini
ngw nxf
ngx acoo yai tuu xes mcu tyy
ngy acoo syh
ngz acoo acoo ylh qqv b
nha acoq acoo acop mlc ieo
nhb acop acoo acoq kas
nhc acop acoo acoq gfi jlu
nhd acop acoo iei
nhe exc
nhf acoo mfp
nhg aapk
nhh acoo acop acoq uzp
nhi acoo pxh yub igp
nhj acoo exw wcp (edr qxs)
nhk acoo icl fpg
nhl nef
nhm acop acoo ilr tuy
nhn acoo acop rjs
nho acoq acoo acop azm elv
nhp acoo acop ypm
nhq acoo hyc vmf ggb
nhr acoo acop fzh
nhs acoo wdo bft
nht ihp hxe vwk xkw
nhu faz
nhv acoo acoq acop qms
nhw acoo acop aan how prm bch
nhx acop acoq acoo jk
nhy hud
nhz fjs
nia jxv
nib acop acoo abun
nic acoo acop abba
nid acop acoo gfq
nie pta aaht
nif abtp abxn
nig acop acoo acoq hna
nih acoq acop acoo nvg qdp
nii eim abeq
nij nqa yag aadp
nik itx
nil acop acoo miq
nim acoq acoo acop aamn
nin wra (nhy bpx)
nio cmw
nip acoo acoq acop qov
niq hco qo gnk zfb
nir acoo acop dny
nis acoq acop acoo fiw
nit acoo pch vau fgm
niu acoo mbc
niv tmo
niw acoo hnd
nix acoq acoo acop xfh
niy acoo srp xb nwj
niz acop acoo etk
nja acoo gcq
njb acop acoo acoq rim lmw
njc ocp
njd acoo okd jds
nje ysg
njf acoo acop fqt
njg acoo acop aatk
njh acoo acop tlo
nji acoo acop cfo
njj acoq acoo acop axy eaz
njk acoq acoo acop gd fwf uhr abzt
njl acoo acop ldq xwz
njm acoo acop acoq exa zug
njn onq kot oyw uul zhd
njo acop acoo abbp
njp acop acoo ddo wap bel bdk gmg
njq aabf tlc pnd
njr acop acoq acoo vlg
njs ixs
njt acop acoo bkz acbq
nju acoq acop acoo vdy spy
njv acoo acop ozt
njw byq
njx acop acoo acoq gkh vdz ocj uof rvr
njy acop acoq acoo fkk qni ryf
njz acoq acoo acop ffo
nka acoq acoo acop alo gab nnk sqf pgv
nkb acoo acop kjx
nkc acoo acop xbu zbk
nkd acop acoo vjm xzy
nke edp owb whl nzt qgf
nkf acoo acop acoq rup
nkg acop acoq acoo qpf
nkh acop acoo edk
nki sug xos fdc absb acii
nkj acoo uvs
nkk acoo acoc oxj
nkl acoq acop acoo mvz otw
nkm acop acoo qm
nkn acoo pl
nko acet gnw
nkp acoo lni qdx
nkq acoo acop ycl
nkr acoq acoo acop nib
nks acoo bjo (vjh ka) yqi
nkt acoo acop ruz
nku odf
nkv acoo kmb ldy dzq
nkw acoq acop acoo ayn obq
nkx acoo acop xgk btw
nky acoo tmq
nkz acoq acoo acop pli
nla acop acoo acoq abct
nlb acoo acop dco obn
nlc acop acoq acoo jyy
nld gfw jtr
nle acoo amd hva jun nzb
nlf acoq acop acoo hsp
nlg acoo qxd vmv ruf wia
nlh acoo vir pwj cyi wvk djz
nli acoo aaoe
nlj acoo acop acoq nqq apu abrb
nlk acoq acoo acop joa
nll acoo ioz okg akw
nlm acoo vzs
nln acop acoo rrx xbk
nlo acoq acoo acop qoo ctx ipg
nlp acoo zn
nlq acop acoq acoo nda
nlr acoo acop znk afz nkf
nls acop acoo iwf xrg
nlt acoo abcb
nlu acoo jsq vfr
nlv acoo rvg fxy jxz atq
nlw acoo acop acoq zfp
nlx acoq acoo acop qlc
nly ejv
nlz acop acoo acoq deq
nma acoo acop lch
nmb acoo acop rcb
nmc hdv
nmd acoo hgv
nme ghc
nmf acoo krb dj jww
nmg acoo wyg kfs efm
nmh prw wra mdf
nmi seg pln
nmj acoq acop acoo zvf osc
nmk acop acoo toh
nml acop acoo acaa abxn abqy
nmm acop acoo acoq opx quw
nmn acoo zmy
nmo aays hwt qdz
nmp acoq acop acoo bwq iiw
nmq acoq acoo acop jkr
nmr kfo sqs gwb eik qzu
nms acop acoo jet lkg
nmt acop acoo qap
nmu lfd
nmv acoo acop mip eri abtd
nmw dlt
nmx acoo acop mkz
nmy acoo irb mzk qfm
nmz acoo acop acik gzw
nna acop acoo acoq gt
nnb acop acoo cuw
nnc vef kmy
nnd acoo acop zai szh gwo xux gqg
nne acop acoo zzk
nnf acop acoo pux
nng acje (atg nlg bxq ghp)
nnh nig
nni acoo acop acoq aje ity
nnj acoq acop acoo vqn
nnk acoo htg
nnl acoo acop bch ixd
nnm aaqy qfm (qls nfy)
nnn acoq acop acoo scg wke
nno zuk abty
nnp acoq acoo acop xlu
nnq acoo cre
nnr xoh
nns acop acoo acoq rng
nnt acop acoo okk
nnu acoo acoq acop dlb jta
nnv acop acoo qoi aajy grb
nnw acop acoq acoo gft vja aasb hrj
nnx acoq acoo acop rhw
nny acoq acop acoo qoa pzh pqj mqu
nnz zue
noa acoo kls
nob acoo acoq acop bdu
noc acop acoo hdn ata
nod acoo acop qya rcm voa lxa
noe acoo acop atk
nof iiv
nog acoq acop acoo zem xws
noh fxp
noi acoo goj
noj acop acoo hwd acgf vsc
nok bmm jqn
nol suc avi wco
nom acoo nql
non nno okp ryb
noo xim cvk aboc
nop acop acoo acoq ney
noq acoo ary
nor acoo acop kco
nos acoo acop qzo
not acoq acoo acop nkr
nou acoo acop qhw ucc oof
nov acoo ppo ybu
now acop acoq acoo fqf uvn ggh
nox wky pdp
noy gdc
noz acop acoo zjt
npa acoo tcq rla kec nwv
npb acop acoq acoo qnh ggv
npc acoo loh
npd acoo acjy ekx
npe acoo kiu who
npf acoo haj
npg acoo acoq acop twd
nph acoo acit
npi acoo abdl tqk ddr mdb
npj ces
npk vnv quj
npl flo pmc zsl mxs
npm sfc yok
npn acop acoo esg
npo qxe fur
npp acoo acop jpl
npq acoo acoq acop mwu
npr acoo yhs xlq eva wms
nps acop acoo tuj
npt ibv nmc
npu mcz fzy yzk
npv acoo rvh
npw acoo acop kry
npx acoo acop abjx
npy acoo acop utc
npz acoo glq
nqa acop acoo utf ffd
nqb afl
nqc acop acoo acoq abgo eks
nqd acoo acop acoq ofb
nqe acoo acgv
nqf abvd ipy
nqg acop acoo acoq sei
nqh acoo acgj
nqi abix
nqj acoo acoq acop rja
nqk acop acoo acoq mez
nql acoo fxq
nqm acoo puu ztb aavx dly
nqn kdi
nqo acop acoq acoo wsq zeo
nqp aakn
nqq snf
nqr xwm
nqs acop acoo vji pyo
nqt swj
nqu ivm abzq
nqv gti
nqw acoo wiy
nqx acoo nnq zwz
nqy jhh buw flc
nqz acoq acop acoo vkt
nra jyc
nrb acoq acoo acop htd qlo (dep sry brh)
nrc fbb
nrd acoo skf vlq fxd vhp
nre acop acoo tvg bsj jwp cuv
nrf acoo acop pxb
nrg acoo pzx
nrh brv (azu vfs) lhx
nri acop acoo aabq
nrj acoo acop pfe pls wqb
nrk deu dwe pco
nrl acoo acop acoq izn tkv
nrm acoq acop acoo jiy
nrn vdt tgn
nro acoo tae cap wqj wlh
nrp acoo hpx (ihh yhl)
nrq bsj
nrr acoo qna ami jtx
nrs acoo acop hho
nrt acoo yie
nru emy (paa xzb)
nrv acoo acop gos
nrw acoo abwo
nrx acoo acop tpu
nry acop acoo xhm cto
nrz acoo acoq acop hdy urv
nsa acoo acop acoq sxg vwo
nsb acoo ljc
nsc acoq acop acoo rtu
nsd err
nse acoo kam acmh
nsf acoo aacz zmz
nsg acoo afe
nsh acoo jzf mcu dbf vrc
nsi acoo xoo oyw xdz xkn zan
nsj vkc
nsk acoo acop gqu
nsl acoo iap
nsm acoo acop zyl vft sfp
nsn acop acoo lqn
nso acoo acop ky fnu dnt igh
nsp yfg utk urq
nsq acop acoo rhs wqj
nsr acoo acop acoq avh
nss acop acoo tqu mmr lu wtm
nst acop acoo vdn
nsu acoo acop pjf
nsv acoo zci vys eks
nsw acoo acoq acop ftt bwp
nsx acoq acoo acop lnw
nsy acoo acop acoq yby
nsz acoq acop acoo ndr bdx mmw
nta acoo acop acoq mkj vgs ycz bbb
ntb acop acoo vuz
ntc acoo acop bee
ntd absr mgj aaxv
nte acoo acop tep
ntf acop acoo wwq
ntg acoo acop spa
nth acoo ilv
nti acoo jkz wln ycl
ntj acoo vxl bnz kce
ntk acoo juz
ntl acoo itr wfn bnk grk acjs
ntm tmd elj weg ybf
ntn acoo acop dnt
nto vvy
ntp acoq acoo acop fqs odn
ntq acoo fwr
ntr acoo kbm
nts acoo hcy
ntt acop acoo thx gd oxc
ntu tx
ntv acoo acoq acop gpj ofd
ntw kbc
ntx acop acoo fjp jih
nty sel
ntz acop acoo ppr achb urq nmc
nua acoo acop acoq kym
nub aado
nuc acop acoo fdh qcr trt
nud acoo tgd grx ewe
nue acoo xey
nuf acop acoo acec qqu
nug acop acoo acoq wym
nuh acop acoo dsd
nui acoo lrq
nuj acop acoo esz
nuk acoo qib jdf rdl zmf xky
nul acop acoo ybt mef wgb nyr
num acoq acop acoo jjl kam
nun acoo acop joo
nuo acoo acop dbd
nup gsy
nuq acop acoq acoo bfc
nur acoo acop pbw
nus fpe fpy qnj znb fhy
nut acop acoo btt
nuu acop acoo rkl
nuv hdk plk enh zoa
nuw acoo acop rdo bkc
nux yap
nuy acoo aarf tuy
nuz ygq xvr agk lgk een
nva qgk xnf si
nvb lzo ppc xqw
nvc acop acoo czj eet
nvd acoq acop acoo djf
nve acoo acop nsv rzj
nvf acop acoo rgb
nvg acoo acoq acop zfw lqx ylm
nvh hxx rmg
nvi acoo kfa
nvj jam
nvk acoo zth
nvl acoo acoq acop dom qdi
nvm wng
nvn acoo abuh ajv vcc
nvo acop acoq acoo rsz
nvp acoo acop acoq gci awd zgb
nvq acop acoq acoo cgz
nvr vcm
nvs aqa
nvt acop acoo qqh bhy
nvu acoo kui bzm
nvv acoo acop out
nvw acoo kgm dls gzl
nvx acoo bmz
nvy acoo acop acoq acac aclu
nvz fms
nwa acop acoo acoq qhn
nwb acoq acop acoo tfq xz yte qhs
nwc lmq
nwd acop acoo lxn kbz ouh
nwe acoq acoo acop abjs acnh
nwf acoo yyd
nwg acoo acoq acop kan
nwh wid
nwi acop acoq acoo ykg ubi abcg
nwj gad brz
nwk acoo oaa
nwl acoo suj
nwm acoo pzl yef
nwn acoo acop acoq abrc
nwo acop acoq acoo hql fjh
nwp acoo acoq acop cqf
nwq acoo acoq acop med
nwr chz
nws acop acoo acoq wbi
nwt acop acoo acoq qef
nwu aaiz anp
nwv acop acoq acoo mnz
nww acop acoo acoq smk
nwx acoo svw
nwy acoo acoq acop egn
nwz acoq acoo acop lw oqj ppx siu
nxa acop acoo zha ass jfz qvd dge
nxb acop acoo abws accd lon aboy
nxc acoo uaq
nxd ogw loo awf
nxe acoo gpu niy
nxf vts pbb
nxg acoo nmf
nxh acoo fss
nxi acoo acop acoq abrf
nxj acop acoo zgc
nxk acoo acop fae
nxl acop acoo caq qnc byj edr
nxm acop acoo aaei rvl
nxn pfi htr nla
nxo acoo acoq acop sen gea
nxp acoq acoo acop wty
nxq acoo rhh zs
nxr acop acoq acoo aalo
nxs acoo hpw uad toq hsz
nxt acoo qoa
nxu acoo acop kde
nxv acop acoq acoo ddn upi vnc lqv
nxw acoq acop acoo mnm
nxx acop acoo aek kbr lpm gbo
nxy acoo qyc
nxz acoo fbv wco sna oyx
nya acoo cmr
nyb acoo acop dgn
nyc gpy
nyd lbw
nye acoo acop eii
nyf acop acoo zew bpg
nyg acoo acop dge (ckc bgk)
nyh acop acoq acoo cmn
nyi acoo ghh rwh vvu
nyj fiq
nyk acoo lty
nyl lbc
nym acop acoo acoq lbc abyu axz
nyn acoo acoq acop jhv ckh
nyo mul
nyp acoo lck jng
nyq acoo aaoa aave abwh bdw ksg
nyr pqr cpi (aadp okk)
nys acoo rzx nah twt
nyt acoo acoq acop ccy
nyu acop acoo acoq nyz
nyv omt
nyw acoq acop acoo xlq uwi (aqr abui dfm)
nyx acop acoo bac
nyy acoo exk
nyz lec flp
nza faf pgf
nzb acoo pti
nzc acoo acoq acop pr
nzd acoo acoq acop qkb
nze acoo tvz
nzf acoo acop uqu
nzg acoo pnx
nzh acoo acoq acop eli
nzi acoo acop vpa ziw adq
nzj acoo acoq acop frj soc slk xch hqa
nzk acoo ajl
nzl uzh
nzm acoo acop uyi mjx
nzn nft (vkm tyo) tid
nzo acoo clr
nzp acoo acop hee
nzq acoo zot fwr dfc am
nzr acoo acop nqb
nzs gsq oqh aoc
nzt acop acoo hle
nzu nyv jic
nzv acop acoo nra uwj
nzw acoq acop acoo mqv
nzx acoo acoq acop qjf
nzy acop acoo acky
nzz acoo wie
oaa acoo tgo
oab acoq acop acoo abof lqe aafo uoo hvg
oac je
oad acop acoo hkk itz pws
oae acoo sua
oaf acoo fax
oag acoo acoq acop beo
oah acoo acop su mku jov
oai acoo acop fae (dol zbp nsq) hxv
oaj acoo acop acoq lol
oak acop acoo pib acoe dfm ypt ovi
oal acoo pja
oam mnp myd
oan isz
oao acop acoo acoq trc tex
oap acoo qff
oaq acop acoo ccd
oar acoo acop acoq thl
oas acoo xce
oat rya
oau acop acoo nxt pun rev
oav qoz qmh
oaw acoo ari ruk
oax qlv
oay acoo acop ioy ine shc
oaz acop acoo acoq abcu
oba acop acoq acoo eon ackq aaq wfr gvm
obb zvk
obc pp
obd acop acoo ktf cdv
obe acop acoo soq
obf acoo acop wjb
obg acoo acop abqi rsb aata
obh acoo ork xwk
obi acoo lci
obj acoo acoq acop nbo kpq
obk bkc lsk
obl acop acoo phu (nws vfs)
obm acoo acop yrq
obn acoo hiz gbu vao
obo acoo fvf aavn abrq zxf
obp acoq acoo acop qqx ccw
obq acoo acoq acop lww
obr acoo pkr
obs acoo acop fyh
obt acoo acgo
obu acoo acoq acop tgs kbj
obv rrp rd acoj slg
obw jhx
obx dlh onh kis
oby acoo acop sgw opb
obz acoo ra
oca acoo uak
ocb aaza iar
occ qaw
ocd acop acoo svo rpi
oce aagk
ocf acop acoo txj
ocg aafg rrg wqg
och acoq acoo acop abys rme
oci acoq acoo acop rao
ocj acoo acop acoq hiv
ock acop acoo acoq tly vdh
ocl hyl qzz
ocm acop acoo cqj
ocn suy ovx abvo
oco acop acoo ablb wnc twt
ocp acoo acop pps
ocq acoo jje pqu qfa aoc
ocr acop acoo usn zuv
ocs ojs
oct bjy abvl
ocu acoo acop ed xvl zkj
ocv rrv
ocw acoo wod yzl
ocx acop acoo xgq two
ocy acoo acop czh guq
ocz acoo efn
oda acoo acop osg
odb acop acoo fjt gnn
odc acoq acoo acop kun
odd acoo acop bre dtj
ode acoo qfx
odf ykf
odg kuy
odh acoo acop pu
odi acop acoq acoo yuz
odj acoo upp
odk acoo tyr
odl acop acoo jgx nky nef gne gr
odm fop vlo
odn acoo aapl wsn lyg ote
odo acoo fbt zaa swt
odp acoq acoo acop zvu
odq acoo acop acoq ydq jmf adz
odr mjj
ods acoo vpn
odt acoo acoq acop ddj
odu acop acoq acoo ekq ear (dxq tbk)
odv acop acoo acoq omp
odw acoo jwi
odx acop acoo acoq ackr
ody acop acoq acoo rji gyu
odz gqn
oea acoo acop acoq uiu
oeb acoo cup
oec acoo acoq acop cet
oed acoo acop nvn ugo
oee acoo avo bgf
oef acop acoo ovz ril
oeg acop acoq acoo aapc hhm
oeh acoq acop acoo geh
oei acop acoo foj vkh abev xyf
oej zsj
oek acoo wxo
oel acoo xax
oem acoo tac
oen acop acoo rnm
oeo acoo acop ihr egx
oep acoo txy vgl
oeq aug mwy abrc
oer acoo sco
oes acop acoo ems
oet acoo xma
oeu vth
oev acoo acop zuo
oew acop acoo bnv
oex acoo zdg
oey acoo acop pof
oez acop acoo qaq
ofa acoo acop rgk omf jkm
ofb mgx
ofc acoo acop xkf
ofd acoq acoo acop oek
ofe acoq acop acoo hjy qbi dlo
off acoo vbn
ofg acoo acop myn mch acce rhn
ofh acoo acop acoq evt fbv szb
ofi wu aap owp
ofj acoo acop acoq pjp qlv
ofk eis ekp zjw
ofl acoq acoo acop bfm odg
ofm xnq abyi
ofn acoo acop ins
ofo acoo gub
ofp acoo msq mt
ofq ryo
ofr kza
ofs acoo acop kqe
oft acop acoo aza
ofu acoq acoo acop hqd vvl
ofv acop acoo amg dls
ofw jgr
ofx acoo acop acoq rts
ofy acoq acop acoo yex
ofz acoq acop acoo uff
oga acoq acop acoo vjf
ogb acoo jo abra
ogc iba zhi xt ta
ogd acop acoo qbt
oge wcy
ogf acop acoo tvy esv
ogg abqe abes (mjz tok)
ogh acop acoo fnh
ogi acoq acop acoo abks
ogj acoo acop ilh sov
ogk acop acoo ngl
ogl acoq acoo acop qom
ogm tpc lhp
ogn acoo ouo ttg
ogo brs
ogp acop acoo aabl
ogq acoo acop xxc
ogr acoo hrl ixf
ogs hlv
ogt acoo acoq acop vqq
ogu enf
ogv acoo acop acoq aek agj aaui
ogw acoo jms abuw (acew riv)
ogx acop acoo acoq lmi oif ikf bhs
ogy acoo acoq acop qgo mcc
ogz acoo acoq acop kli
oha abte
ohb acop acoo gwj hlw
ohc alp
ohd acop acoo aakr piy
ohe acop acoo acoq xly yxo gqi abiy
ohf acoo gar
ohg fch
ohh acoo nsj
ohi abyg
ohj acoq acop acoo rbt
ohk acoo rpe pkg
ohl zkt vez
ohm acoo ayn mmg zhe
ohn acoo acop acoq foz wil
oho acoo txe
ohp acop acoo bms aama pdu
ohq pmw
ohr abdg amn
ohs acop acoo rxi yha
oht acop acoo ezb lgh
ohu acoo kbj
ohv acoo abcl ohb dlh
ohw ucj yie
ohx acop acoo hep
ohy acoo acop zup zls xgp hge
ohz acoq acop acoo hfq abmb npc
oia acop acoo zxe
oib vja
oic kkd
oid sbj aabn fei aaxz
oie aadj
oif acoo acoq acop xbn
oig acoq acop acoo nlq bog psm
oih acoo acoq acop tfb
oii dqy fiz urh
oij acoo jei pch
oik zij
oil acop acoq acoo csm
oim acoo acop acoq bt
oin acoo acop ndi
oio acoo muz
oip cbn
oiq qtn
oir acoq acop acoo zim
ois acoo xoa zor xus fgu
oit acoo vkk fmj kqr
oiu acop acoo rfy
oiv acop acoo acoq qlp
oiw yc rxy cep sbv
oix iqz
oiy tcx
oiz acoq acop acoo nze yas aqy
oja acoq acop acoo pcp nwq
ojb acoo bnk
ojc acoo acop mjq
ojd rpb
oje acoo acoq acop daq ihe jtr abpe arp
ojf acop acoo bwa
ojg giz op
ojh vsq
oji frn vch zzn
ojj wlp kot
ojk xxn
ojl acoo acop aaiy
ojm acoq acop acoo sib
ojn acoo acoq acop nct
ojo yby xgo rfl
ojp acoo ggj
ojq acop acoo yan wx
ojr acoq acop acoo nxc
ojs acoo dxx
ojt acoo acop row
oju acoo ymc ugj
ojv acop acoo acoq igh
ojw acop acoo hob
ojx iyw
ojy acoq acoo acop nbw vjm
ojz acop acoo abkx (aht daq)
oka acoq acop acoo pdx wy xtt
okb acop acoo lji
okc acop acoo aamr
okd acoo czg
oke acoo mib
okf acoq acop acoo kbd pha ybk
okg acoo bsl
okh acop acoo acoq zgm
oki acoo rtb (diu nqi)
okj acop acoo acoq wtm
okk acoo abvh
okl acop acoq acoo pmq mdi iba
okm tap
okn achv
oko bt
okp acoq acop acoo pva
okq dxq kfc bwu
okr acoo eyr jre (wsy aaxz)
oks kgg vrn ubi
okt acoo accc nwb zjk bih
oku acoo jt
okv acoo wk
okw acoo ecn lyi
okx acoo zfd
oky acop acoo jxw opd
okz spy hox
ola gsw wwe nhq
olb ybd yao
olc acoo kia
old osd
ole acoo acop hyk jdh dnp kgq
olf acop acoq acoo abxi
olg acoq acoo acop quc
olh rbs
oli acoo acop dsn
olj acoo acop syc
olk acoq acoo acop lsm qje
oll ryp
olm acoo ajg
oln acoo pdj
olo acoo acop wba abbr
olp acoo acop acoq fdb jmb
olq kai
olr ejk
ols faa
olt acoo ffb
olu acoo abru ablu
olv acoo acop cw
olw acoq acop acoo lyb
olx wfz
oly bfj jee yvf pfo
olz acop acoo nmt
oma acop acoo njf
omb acoo zch xgm ackh
omc vtb
omd ore pyr
ome acoo eie
omf huu
omg dzp
omh dj wsz
omi acoo acla
omj acoo vps aca lvz
omk acoo acop fmh orl iuu
oml acgi rbr
omm acoo acop khp (fbv fcn ruv rli)
omn asg
omo acop acoo jel eev dgh fbf
omp acoo jke oov ori
omq wtv
omr acop acoq acoo oyi
oms acoo yfl ofe aaij nwn
omt acoo acde
omu byk owd mmb eds
omv wjs
omw acop acoo blv acch
omx acoo hhu wut
omy acop acoo nae nqp
omz acoo mrg
ona acoo acop aaem
onb acoo vay
onc acoo abhg
ond acoo ezb qrx
one eki txp aayf
onf acop acoo ygc ffu
ong acoo ebi
onh aafr
oni acoq acoo acop bdp ice mxl xql
onj eak
onk acoo iis qer
onl mxz
onm acoo acop tph
onn acoo ysn kla bwb sps
ono qlh abaj
onp ozy pwi
onq acoo acop acoq yhn
onr plv
ons acoo gmy
ont acoo acop sij
onu acoo acop gau
onv acop acoo bmt khc wyt
onw acoq acop acoo ffu
onx acoo nic siv dxk thf
ony acoo acop yzp
onz yol
ooa acoq acoo acop aavr
oob acop acoq acoo trx acjx (drv bsq)
ooc tyx jht
ood acoo nll
ooe acoq acop acoo fgn piy ses
oof acoo acop aayn riq vii jyb
oog acop acoo iiw
ooh acoo acop she
ooi acoo dpo ody
ooj rji
ook acoo acoq acop olt
ool djn
oom acoo mhu
oon acoo ina szf kwa eyc
ooo acop acoo acoq uns
oop acoo acop pux
ooq rgc
oor acoo uku nbi wrz dw
oos acoo nqh aaff
oot acoo caq sbf qky
oou acoo acop imf
oov acoo gjf
oow acoo yfz plp
oox acop acoo acoq isy
ooy acoo dch
ooz acoo acop rlg asr mxb lkf urw
opa hnv
opb acoo xsv
opc acoo udl utt
opd dgh ssp vmk xej aazm
ope mgu szy hw
opf acoq acoo acop ujj vhi
opg acoo epj
oph acoo kud
opi acby ndh
opj acoo acoq acop aagp
opk acoq acoo acop zkv
opl acop acoo tkr abtl edc znr qjd
opm acop acoo rjy ilh
opn acoo svq fas jai
opo acop acoo acoq kxa
opp acoo acop zob erz
opq acop acoq acoo kpv
opr acoo owt
ops acoo acoq acop llp
opt acoo fic
opu phn qoz zyu joy
opv acop acoq acoo ymh oyr
opw qtr
opx acoo acop zwo abha
opy ose (aagr wqt)
opz acoq acop acoo tfh wqp aaur
oqa acop acoo ooi
oqb acoq acop acoo xjb
oqc acoo acoq acop aauj
oqd acoo qzw
oqe xoo kxv kyd
oqf acop acoo we
oqg acoq acop acoo qnx bet
oqh acoo ffv yep
oqi qrf
oqj rfg vnc
oqk acoo obw jcu acoo gim
oql acoo exa
oqm uwc
oqn acoo osa
oqo acoo acop acoq qdc
oqp acoo kio
oqq acoq acoo acop bh
oqr acop acoo cai
oqs jww mbb ydj
oqt hzo
oqu acoo neg nuv
oqv kqn
oqw acoo acop rfn
oqx acoo acop acoq jaj
oqy acoq acop acoo fhe agj
oqz ndw xuy
ora acoo acop kgq zdj
orb acoo hua jcq xtp
orc acoo qks iar ufq
ord acoo acop pyi ruw
ore acop acoo acoq yh aaoe qby
orf acop acoo imy ecf iuo mvj
org arr
orh acoo acop gou khq
ori ybv
orj byr
ork acoo acop esc dws
orl acoo ooq
orm acop acoq acoo bfy bax fwf
orn acoo acoq acop ljr
oro acop acoq acoo bcx aafg
orp acop acoo ovl kck
orq acoo acop acoq cjy
orr acoo acop xll xzu
ors acoo les sqt
ort kbq
oru acop acoq acoo nzf
orv acoo unx
orw acoo uyu
orx acoo bma fpi
ory xrs psb abms fun
orz acoo acop iar (cgs xbq)
osa acoo acop aji xjf kwy
osb acoo aaa
osc jiq zmj
osd absq abmr
ose abvp myk rdi
osf acoo ksi qnv enh ael ml
osg abiu
osh wkq
osi acop acoo acoq bzg uxh qso acdy
osj acoo acop wuf acdb
osk acoo acop msp
osl acoo eeq rfp
osm bhs abyd
osn acop acoo vky lik son
oso acoo ndn (rpb pat zcy)
osp xkx
osq gfy
osr acoo svu zbf atf
oss acop acoq acoo uir xdt dyr
ost utv
osu acoo acki
osv rvc vth iel
osw acoo kgu
osx acoo vft oaa aaud vxl bzb
osy syh
osz acop acoo jfa asv dhj tqw tip
ota acoo acop crn
otb acop acoo vrw
otc acoo yjz
otd acop acoo fif
ote acoo acop eeb
otf acoo acop aapp
otg gud
oth xgm gwz
oti acoq acoo acop cnl
otj acoo acop acjb mdn
otk acoo acop abyi
otl acoo acop aiy
otm tby
otn acoo ahh (hww gqs)
oto acoo fqj obp qhx
otp tac qwj wba itb
otq acop acoo acoq abtq zlx dua
otr acoo asm viv kmp lxo
ots acoo zrm
ott acoq acop acoo woh nng
otu acop acoo qzd phq
otv acoq acop acoo jrc
otw zen
otx acop acoo acoq fx
oty acop acoo xwr gm
otz acoq acoo acop eqe
oua acoo sy
oub acoo acop ptf
ouc acoo acop aaez
oud acoo aaut
oue acoo acop zvo
ouf acop acoo rse
oug acoo acoq acop tlz
ouh acop acoo qsd
oui nzs
ouj qxd xef
ouk yha
oul acop acoo bkw
oum acoo gni
oun dxf
ouo acoo acop acoq msc
oup rtb
ouq acoo aakh yne
our acoo acoq acop lwp
ous knl gpc eow os edh
out acop acoo pgw
ouu mcx
ouv uaw mtg qxn
ouw acoo acop aazu
oux acop acoo xeg aagb
ouy acoo ldh
ouz gmc juk las
ova acoo acop aaqd
ovb acoq acop acoo ovl
ovc acoo ekf
ovd acop acoo acoq qxe wnm dbg
ove abbi
ovf acoo vbq un noz
ovg abwr
ovh acop acoo ir
ovi acop acoo hqp gsd zkh
ovj rjg oqp
ovk acop acoo pr
ovl acoo acop lek srx
ovm tcv uaz
ovn acoo acjf
ovo fy
ovp acoo hdi tnu bxb
ovq njx
ovr fwo jfv pqi wkv
ovs acoo acop acoq mxp (zfo maq)
ovt acop acoq acoo iyq vqp eiv aalp
ovu acoo gax
ovv qpo
ovw fxx
ovx lnt
ovy acoq acoo acop trn
ovz acoq acoo acop orc
owa acop acoq acoo aim ptk
owb acoo aclp nyc otl
owc acoo acoq acop ap
owd acoo kwx egf
owe drn mrk
owf czw (wqq exw jih yvl)
owg ofa szc
owh acop acoo zfw
owi acop acoo acoq jh erf wfa fsf mie
owj acoq acoo acop spt
owk acoo acop acky
owl acop acoo acoq kjf
owm acoo acop mqw
own tcm grw xez
owo acoo acop vkv nbq
owp acoo acop dhf
owq acoo acop acoq oiv vcc
owr acoo hqa
ows acop acoq acoo xki
owt acoq acop acoo fid yty (abqf uaf)
owu sfp
owv ns
oww acoo rzr iwz qvx cyb
owx acop acoq acoo pil szp boi tae kce
owy acoq acop acoo fjt tmb
owz acoo aev aakf biy
oxa acoo acop stc pwg
oxb acop acoo rwv
oxc acoo oho
oxd acoo ndq hu qrg
oxe omv
oxf acoo acgw ngc
oxg jrg
oxh acoo lpk (btu unr wef fan)
oxi zef fvy ukg idu
oxj acoo lae (oa aare) xum aavy
oxk acop acoo cge snx lhk sks
oxl acop acoo acoq tpx axz
oxm acoq acoo acop pns nqb
oxn acoo lfq
oxo acoo pha
oxp nyz
oxq aafj aabk xsj
oxr acoo hym kyh vv rut
oxs acoo nvo
oxt bzn
oxu acoo acop rbe
oxv acoo acop xdi mta
oxw acoo acop zfo
oxx bml
oxy acoo acop acoq fz
oxz acoq acoo acop abje abxw aars wwc
oya acop acoo mbs
oyb acoo znb
oyc acoo sfm
oyd acoo acby
oye acoo acop si abhf
oyf acoo acop fyr
oyg acop acoo mys
oyh acoo acop ogi abcr
oyi acop acoo acoq wgl mms ezf
oyj acop acoo mnr
oyk acoo acoq acop smr sfd sul wsb
oyl abbd
oym acoo acop hqb inz slt rnv
oyn acoo acop gmw
oyo acoo acop bz
oyp za
oyq acoo iku
oyr acoo acop qym
oys jny
oyt acoo myq
oyu acop acoo aok qpw axs
oyv acoo acop acoq jee ndf
oyw acop acoo ndw kff
oyx acoo yva
oyy acoo acoq acop bph jmo
oyz acad
oza acoo bak abnk
ozb ygx aafg
ozc acop acoo zsk wlp msb
ozd abni
oze acoo acop jnb
ozf acoo rfp
ozg acoo epm
ozh wku
ozi acop acoo osj fhw
ozj acoo tbw
ozk acoq acoo acop orm
ozl acop acoo njj aaww (qdc gnb) jnb
ozm acoo qrd
ozn acoq acoo acop mna
ozo acoo vzq
ozp acop acoo dyb tkj
ozq acoo acop hdt yjr rnp xfz
ozr acoo acop acoq urg xng
ozs jno
ozt acoo acop sw idq rwv
ozu hmz
ozv acop acoo kvn bry
ozw eiy
ozx acoo egm ad
ozy acop acoo gbw
ozz acoo nry fve cxn vf
paa acoo dck pd
pab acop acoo acoq wih
pac acop acoo frr
pad lxf mob aaex
pae acop acoo acoq kxl dsy
paf acop acoo mgf jvx
pag acoo acop fsc
pah acop acoq acoo qdb bgv
pai acoo aft
paj acoo acop acoq pbq
pak acoo wxz hfk dxr
pal acop acoo xqe acgm dgh
pam acoo acop xcz wgd
pan kjp nhk kvi
pao ifs
pap acoq acop acoo wlt
paq acoq acoo acop igk xup
par acoq acop acoo jmn
pas acoo acop wav
pat ks abgc
pau acop acoo acoq aaqs fqv euy
pav acoq acop acoo abfe
paw acoo ond
pax acop acoo mes
pay acop acoq acoo llk
paz rle eew yez
pba acoo acop gsh
pbb acoo hr ldx qmf uzx
pbc acoo acop acoq tfq sqp
pbd acoo hii luj vrd
pbe acoq acoo acop htv
pbf acop acoo ztn
pbg acop acoo abks
pbh aayo
pbi coy xbl aawg
pbj acoo acop syg dtd
pbk acop acoo woy
pbl acoo acop kvg
pbm bee
pbn acoo acop acoq gyf
pbo acoo bbf abcv
pbp acop acoo sxy (mid upj bgy)
pbq acoo acoq acop tol
pbr acoq acop acoo fgc
pbs acoq acop acoo wel
pbt acop acoo rne
pbu acoo lja
pbv acoo acop acoq qxf rde
pbw acoo jtn icb gnh ysc
pbx acoq acoo acop sis
pby acoo acop ktx
pbz frc vul imc dgn
pca acoo vhm
pcb acoo acoq acop ank
pcc acop acoo ldw
pcd acoo aaia zbl aad
pce foe
pcf acoo evz (aki abih)
pcg wwp zbn
pch gln
pci acoo acoq acop qqh uva ajo
pcj acoo acop bnv
pck acoq acoo acop nyh
pcl bve
pcm ken
pcn acop acoo onx gvs
pco acoo mf
pcp icp
pcq acoq acop acoo abdo
pcr acop acoq acoo akd to
pcs acoo jnl
pct acoo mef
pcu acoo acop yto
pcv acop acoo agl
pcw acoo lvk
pcx acoo uje xsi uib
pcy acoo acop sfp cwh ugv
pcz acoo acop qxi vro kno neo
pda acoo idn
pdb acop acoo acoq zde zii sxh wpb
pdc acoq acoo acop jsa
pdd yqp doh
pde acoo acop eoy xbu ogg
pdf acoo acoq acop zbu
pdg dsq pha ean aaid
pdh acoo dgs
pdi acoo acop nrt
pdj vai igo (iup egv)
pdk acoo acop aaig
pdl acoo oc mie utp
pdm acop acoo acoq qtd
pdn acoo acop ucu mxo
pdo acoo acoq acop hji jya pgg
pdp acoo ejj
pdq acoo acop aaet
pdr acoo acop lzh mug
pds acoo fih
pdt acoo acop sti
pdu xui
pdv acoo wpg
pdw acop acoo fbj
pdx acoo acop rfq oee
pdy pul wdy
pdz acoq acop acoo bov cvl abdp dbp
pea acoo acop acju yvz cvd
peb acoo acop acoq bap
pec ffe bab
ped acoo axs cna
pee acoo mqm
pef acoo acoq acop fpd
peg lpj
peh acop acoo ofm hzg rzs axr
pei zlu
pej acop acoo jcl
pek thh
pel acoo sbn
pem acoo acop acoq prk
pen acoq acoo acop psw
peo wxn
pep acop acoo acoq feb
peq acoo abfa
per acop acoo tnr
pes mnd
pet pjd
peu acop acoo fx
pev acoq acop acoo sxs
pew acoo jpw
pex acop acoo wpm
pey trq
pez acoq acop acoo skb
pfa acoo abqd
pfb sos avg nnb urk
pfc xsu
pfd acoo dss rys abtu blx
pfe acoo acop gjp (aaiu wsm aawc)
pff rni zsk vhq
pfg acoo acop xip
pfh acoo hrn abuc
pfi huw irr oad
pfj wcq off axw
pfk acoo oma
pfl pgu yi nia
pfm acoo acop acoq ycw bcf idt aasl
pfn tes
pfo acoo acop vnb
pfp mir
pfq acop acoo acoq voq
pfr mbt
pfs acoo nut
pft anp
pfu acoq acop acoo sim
pfv acoo ablb qe abmc
pfw acop acoq acoo awj
pfx acop acoo acbg hbc ghn ecp
pfy acoo ziq
pfz urc
pga zm dpd zao kzh
pgb acoo vpa
pgc acoo acop acoo
pgd hec aaas cwz srf vtf
pge acop acoo achy bua hdc
pgf pux lrl mlu
pgg acoo acoq acop acok nvu ina
pgh acoq acop acoo edp
pgi acop acoq acoo aadg
pgj acoo acop dbv zrp vjm
pgk acoo acop zil abke
pgl fqb rjm
pgm fbi
pgn acoq acop acoo pah pvj
pgo acop acoq acoo eic
pgp acop acoo ozy yal (emr yqj tbz)
pgq acoo cyr efd mgm
pgr acoo lvi
pgs bqh
pgt ofc nhn fio
pgu mpb
pgv acop acoo rgc lhc enn
pgw acop acoo wwa
pgx acoo hxw gvp xhu
pgy acoo acop acoq tia qfr ncc
pgz elc
pha acoo udz
phb ckg
phc acoo acoq acop dgw
phd voz
phe acop acoo gby
phf acoq acop acoo qnz
phg acoo acoq acop rff nkq
phh jjr
phi acoo abaw uic
phj uk vrj oqr fbc aav
phk acoo wl xke
phl acoo vld
phm acoo dtr bzl rdk
phn acoo ojo abrv fiu
pho acoo vys
php acoo zqz aciz
phq acoo acop es
phr sbb gnv
phs ciy
pht uqq
phu kze
phv acoo acop izj dzc
phw vnc
phx acoo acop brg
phy acoo acop pxm njw blh
phz acoo acoq acop mgg
pia acoo oow
pib acoo acop fmp dsx (vkp ezz)
pic acoo acop ugg cbr
pid acop acoo absq abqj tdt aanq
pie acoo acop vmw
pif acoo acop ehc
pig acoo acop kdc (zhq vxv) kno
pih rtc
pii acoo acop acoq gwn
pij acop acoq acoo exn
pik acop acoq acoo wkk abnx
pil acop acoo ytq
pim puq
pin acop acoo acoq wfo
pio cuk
pip acoo kbq nij hor zjp
piq acoq acop acoo ugs
pir acop acoo swq yee
pis acoo ebj
pit acop acoq acoo tcx
piu rhl
piv acoo nmt
piw acoo acop laz
pix acoo bx
piy iqq
piz acoo hht rag
pja acop acoo wvz
pjb acoo aaft bir car
pjc acoo spz
pjd cou lxe qxg gcb
pje acoo acop qsj vft cxn drz
pjf acoo abhu
pjg ks
pjh acop acoq acoo rni
pji ldg fvg npn gct
pjj acoo pdf joe pld
pjk acoq acop acoo ykv
pjl vek
pjm acoo acop acoq xvh
pjn tin
pjo acoo acoq acop lgl
pjp tus
pjq acoo acop rbo
pjr acop acoo nop lak nzz
pjs acoo acop ico yeb kca otv
pjt acop acoq acoo tsc xhq
pju acoo acoq acop mru
pjv acoo too exd abyo
pjw acoo acoq acop nlp icz hhl
pjx acop acoo acoq ehl sut
pjy acoo acop fxp
pjz acoo ucl uzp mzh
pka dzu qku
pkb acoo acoq acop shn oln
pkc acoo xxm mvk abwc
pkd acop acoo acem
pke woj
pkf acoo ytx
pkg acoo vup
pkh acop acoo wun zvp aack rey
pki czm omb rtf baz axt
pkj ve
pkk acoo pgx
pkl acoo soy hz
pkm acoo qv
pkn acoo acop qiz
pko acop acoo onj
pkp hru eky dio
pkq acoo acoq acop ncv uie ath
pkr acop acoo qsn
pks acoo aaxf
pkt acop acoo rka gus
pku acoo abad
pkv eio jhv phs fwr
pkw acop acoq acoo tsu
pkx acoo acop rzd eof jov
pky acoo acop dnd
pkz kdr abum tif clf vyr
pla acop acoo lss epv lps svg
plb acoq acoo acop vhq ivj
plc acop acoq acoo xg vwn
pld dqw
ple acoq acop acoo ean ywu
plf acoo acoq acop bpo ssg
plg acop acoq acoo wkf
plh acop acoo mq bfz pbn
pli acop acoo gle
plj acoo acop tuu
plk brj
pll acoo acop rwm cic
plm acop acoq acoo isr bky pot zur
pln mkw kti
plo acop acoo acoq xhx ybz abqw
plp acop acoo acoq tyo ien euy zdu
plq acoo aev
plr acoq acop acoo msh tbk xdm kuo mey
pls acoo dzu
plt acoo acop dgc xhz
plu acop acoo sdb oiy
plv acoo zhc
plw yrd
plx acoq acoo acop ion otw mky aaiq fch
ply fbk byk
plz acoq acoo acop grd qli
pma acop acoo acoq hzj
pmb acop acoq acoo uum
pmc acoo acnh
pmd edl mnd acio
pme acoo gpu nrc
pmf acop acoo acoq dxy yef uhv yxy
pmg acoo acop ouo
pmh xcd kqf
pmi uvp abvi
pmj vog
pmk acoq acoo acop xoo ovf
pml acoo aacv yoj
pmm tmj abdo ydy bft
pmn acop acoo yzu ut
pmo pch
pmp acop acoo gsu puy kjo
pmq acoo dek mll kjz
pmr cdo
pms acoo acop acoq wxr
pmt acop acoo kgg
pmu acop acoo glm
pmv acop acoq acoo gnw
pmw acop acoq acoo wia
pmx acop acoo xqw
pmy acop acoo lyy ysj
pmz acht
pna acop acoo jym fuj cow
pnb acoo acop wzi
pnc acoo rxr
pnd acoo uyz
pne sla
pnf xrj
png acoo acop nds uvt
pnh acop acoq acoo nee
pni woq cfo ipa (xkn kie)
pnj acop acoo acoq lik pib
pnk acop acoo jng dow
pnl acoo yln lra
pnm acop acoo aafb
pnn acop acoo drt
pno wxm ohn aig
pnp acop acoo rjw gaf
pnq acoo acop ncm ele
pnr acoo acop dzz
pns czc
pnt acop acoo qpz abjn xln cjl
pnu acoo nel
pnv acop acoo bra ocx
pnw gbf
pnx znd fzl gmr
pny cpu eq
pnz acoo acoq acop fio
poa acoq acop acoo btg
pob acoo hug
poc acop acoo ovv
pod acoo acop sys
poe acop acoq acoo eyq
pof acop acoo pgn bmx
pog acop acoo fad
poh acop acoo rrf
poi acoo olb
poj acop acoo acoq aauo
pok acoo acop aavw abky rwl
pol acop acoo lsi
pom acoo luk
pon acop acoo qrg
poo acoq acop acoo fhj zug ide nps muh
pop agb
poq acoq acoo acop pkb
por acoo pom
pos acoo acoq acop rmf
pot acoo acop acoq xt
pou acoq acoo acop ssa
pov lgt
pow acop acoo vaa bqb kbj
pox acop acoo blm
poy acoo obv
poz acoo vnu agc
ppa acoq acop acoo yiu ini
ppb axi
ppc lu jxx lvb
ppd zt bsg thp abkz ycf
ppe rpu
ppf oie moj
ppg acop acoo eh kzg
pph acoo acop vox
ppi zdz
ppj lui jyb
ppk acoo jij
ppl zxm
ppm acoo kmr ydj
ppn acop acoo sau
ppo acoq acoo acop lkf
ppp cix idu mop hfc krw
ppq lil
ppr acop acoo ruf bgc nib
pps aauz
ppt spw
ppu acoo dhs
ppv acop acoq acoo dra (sxi ydj) cvy
ppw acop acoo aaat lcw iek
ppx acoo acop jhv bkx
ppy acoo acop ate
ppz acop acoq acoo uxa
pqa oin
pqb acoo acop acoq shm
pqc acoo zn ts
pqd zvd bnl xtm acnp
pqe zza
pqf acop acoo oje
pqg acoo acop acoq pvd pbx zon
pqh acoo vms
pqi acop acoo acoq iai qev aawe pwv
pqj rbu
pqk acoo acoq acop ouy nso qet
pql ajy
pqm acoo vqa
pqn acoo zov
pqo acoo qvd xcd
pqp gcr
pqq acoo acop acoq qww oev
pqr acop acoq acoo abzr (ovz bgl) xxz
pqs acoo tvu
pqt acoo abnv sqn
pqu acoq acop acoo hpc ggh xad bwx
pqv absr
pqw acop acoq acoo ufi
pqx acoo ldm wry gaj
pqy acoo acop fhv mpf luj
pqz acoo myf iqi
pra acoo acop dtx
prb acoq acoo acop kmy
prc acop acoo vxv fnb fdc
prd acoo knf
pre acoo mfd
prf acoo acop jzj
prg acop acoo hsi
prh acoo mll
pri acoq acoo acop pwj
prj acop acoq acoo qqv
prk bgz ong yaw (tcr jkm)
prl qzb wqq
prm ege
prn acoo ygn
pro acoo acop jlx
prp acoo aajx
prq acop acoo acoq rsm agb
prr acoo nfe ocu chh
prs lk uf
prt acoo fhd ymt (qez wso uzv)
pru acoq acop acoo xqo
prv acoo pyc wkv cep
prw acoo jhn
prx acop acoo acoq edw
pry acoo acop acoq jcn twc wdl npq
prz acoo acop acoq ihw tim
psa acop acoo vsk krp bci
psb acoo acop ujp
psc acoo acop orn tvx
psd acop acoo rvu
pse acop acoq acoo ant
psf acac prk
psg acoo bre
psh pnq xis hyr xug fql
psi acoo acop azb
psj acop acoo acoq ogo hsf
psk acoo acop lsy
psl acoo gj
psm gmm gpk
psn acoo acoq acop ane
pso acoo zch vus
psp acop acoo acoq msq sia
psq acoo naa
psr acoo qaw
pss acoo acop cjq
pst acoo rfh
psu acoq acop acoo yts ssr
psv acoo acop szk
psw acop acoo yex
psx acoo acop smb
psy acoo acop mnv
psz qbr xnx
pta acoo acop dfl
ptb rzz
ptc acop acoo acoq duz cqg tkm
ptd acoo ikf
pte acoq acoo acop gpj rjl mag lsi
ptf acop acoo unw
ptg skz
pth wsx
pti saa
ptj acoo acop acoq aan
ptk acop acoo mwp
ptl acoo zfi
ptm acop acoo acoq vwg
ptn acop acoo acoq gmz pji kn lmg
pto acop acoo acoq kig
ptp acoo fvi ln ie ffg szo
ptq acoo rrm (jeg xkv)
ptr acoo acop vwe nyc xof
pts acoo acop acoq rny xgt
ptt acop acoo fdf nmk
ptu acoo acop ktx
ptv acoo zom
ptw tsa
ptx acoo acoq acop ztt zvg ype
pty acoq acoo acop vyz vhm gri
ptz msk qvz xdq
pua acoo fbs alg yja
pub acoo acop fbl
puc acop acoq acoo mct ejd pwg
pud acoo xwx
pue acoo zwo zfl
puf acoo acop uxi dte joc
pug fkr czh zjg
puh acoo acop kcf
pui acop acoo acoq fxa
puj nrb fdf wzm imb yzu
puk acoo acoq acop jdu
pul ato
pum erq
pun acoo hzj vnj
puo acoo ikh
pup vgy
puq acoo wmt sks
pur acoq acop acoo vci
pus acop acoo acoq urp
put acoo acop cwi cbj abgj nzj
puu a oml vfo
puv zcc
puw qdv
pux acoo lvp
puy acop acoo lid
puz sna ylq
pva acop acoo abuk
pvb acoo acoq acop fiy
pvc acoo ipw
pvd mvf
pve acoo acop acoq hek
pvf acoo acop wtp mpd etv
pvg acoo acop cua (wep vvm qwe gao)
pvh acoo ret
pvi yvy
pvj acoq acoo acop wlz
pvk acoo jox
pvl acoo bix
pvm hgu
pvn acoq acoo acop acop
pvo glc
pvp acop acoo sdn ldq
pvq acoo kkv
pvr way nku knf
pvs acop acoo pce
pvt acoo tqu
pvu acop acoo abgo yje tio diw
pvv acoo acop iey eij
pvw acop acoq acoo jha
pvx ipz
pvy gsk
pvz acop acoo qic
pwa acoo acop atm syy
pwb acoo acop acoq acef ykq iig
pwc acoo pjm wcb
pwd acoo acoq acop ojc
pwe acoo iau adm
pwf plk
pwg aacy wqp
pwh aor acae
pwi acoo zan
pwj acoq acoo acop pld
pwk acoo acop lci
pwl acoo acop map ezm
pwm acoo acoq acop gcv hpp
pwn acoo acoq acop mtd
pwo acop acoo qrl ndy kix
pwp ebo
pwq acoq acop acoo inv
pwr acop acoo lky jcj
pws acoo hgn
pwt acoo acop zkq
pwu acoo acop tjs
pwv acoo msz hda (vt bvd) bfb
pww acoo acop acoq dvj vqm
pwx acoo acop acoq jzt
pwy acoo wqy cxd whb
pwz acoo gsx rlc
pxa acoo xzr zhm
pxb acoo wcr
pxc acoo ap
pxd acoo acop ndp
pxe fyp lqm dy jms
pxf acoo com
pxg acoo ewv wrc (dcw ycr aaik)
pxh pfr
pxi acoo npm lwf
pxj wci
pxk acoo qm
pxl acop acoq acoo ok
pxm acop acoo owd
pxn uhr knc
pxo acoo acop hjl zdn
pxp acoo acop acoq vlx
pxq acoq acop acoo bak ern
pxr acoo acop acoq mwi
pxs acoo guu abkm abbq hm avm
pxt acop acoo acoq zbv
pxu acoo cle
pxv acop acoo fko xbh
pxw acoq acop acoo jbs
pxx acop acoo abay
pxy acoo acoq acop nhj
pxz acoo acop abwu
pya acoo acop jg
pyb acoq acop acoo yok bfx
pyc acop acoo oss abvw mgp diq
pyd jch
pye acop acoo juh
pyf acoo acop ii rmi
pyg acoo weo aaqu
pyh acoo acoq acop jfw
pyi acoo acop acoq esr
pyj acoo ska
pyk azv
pyl acoo acop duv (qhv bcs)
pym acoo nnt
pyn acoq acoo acop ibp
pyo acoo jlg
pyp acoq acoo acop kda ggd
pyq acop acoo nd
pyr acoo egi
pys acoo acop vsb
pyt acoq acoo acop aadc
pyu hyy
pyv acoo acoq acop jwe
pyw acoo acop aiu ewj
pyx acoq acoo acop jvk
pyy nx
pyz imi
pza acop acoq acoo uln
pzb acoo acop acoq xji
pzc shh cif pii
pzd acoo myg
pze acoq acoo acop day auw pan acbi
pzf kff (zoi evr)
pzg acoo qri
pzh acoq acoo acop abvx enp dob
pzi acop acoo aajx
pzj acoo acoq acop wfl dcs zlx ren fkm
pzk acoo acop zoe hpd
pzl acop acoo wha
pzm acoq acoo acop pdw qij
pzn acoq acoo acop cuo
pzo acoo tpj iyt xmj xxt
pzp acop acoo ugw nib
pzq acoo ou
pzr acop acoq acoo gig czt aagw
pzs acoo acoq acop tkq
pzt acoo acoq acop rzv boi
pzu acoo acop acoq imo
pzv itc
pzw acop acoo xxn
pzx bnp
pzy abel xln oqo
pzz acoo hds
qaa okd ulb achy
qab acoo acop aum (apa cts kzq)
qac wjc
qad acoo acop tss dvm tll inp
qae acoo acop ejg
qaf dhx
qag acoo acop acoq yve
qah acoo xlo
qai acop acoo gpk
qaj jvg
qak ruf
qal acoo acop fkn
qam ftt
qan acoo ogu ubs
qao ackb
qap acoo vrt
qaq knf
qar acoo acoq acop wbt iuu
qas acoo acop abnz
qat sqy
qau acoo jfz nqx pjl ulf jrw
qav zwb teh
qaw acoo acop acoq jqo
qax acoo acop nga kdt tdd cvo
qay acop acoo acoq tsa
qaz cxm
qba acop acoo eje abwh
qbb whn
qbc zvr
qbd lom pih acan icm
qbe acop acoo acoq yiq id sad
qbf aclm
qbg acop acoo nxt
qbh acoq acop acoo bye csa mps trk
qbi acoo pat agp acem
qbj acoo qwi dlo
qbk acoo kmu
qbl bnc
qbm acoo acop pxx
qbn acoo dbn xku
qbo acoo acoq acop gtt irq
qbp ung
qbq acoo acop acoq dqg qad
qbr acoo acop absk qzj icl ojp
qbs acoo yqs
qbt acop acoo lwq tny asv abjp
qbu acoo acoq acop jnc
qbv acoo acoq acop zhd ict
qbw acop acoq acoo lab lhj agx
qbx oel
qby acop acoq acoo xzh
qbz oly
qca acoo acop lyd
qcb acoq acoo acop gsk
qcc acoo acoq acop ung
qcd xna
qce lex
qcf acop acoo acoq bz
qcg acoo ifi ezn hbe
qch acoo acop dkw
qci acop acoo onr
qcj acoq acoo acop qbv aagw
qck acoo acop rjn cze usb
qcl acoo tth
qcm acoo qhk
qcn acoo hes
qco acoo svp vic
qcp teq
qcq ivf
qcr acoo jga dnz ryw
qcs kc
qct acoo vyu
qcu acoo uhd apb
qcv dbk grv fww
qcw acoo acoq acop blh wyi tlr obu
qcx uei
qcy acoo acop atj nti
qcz acoo nbt
qda acop acoo bba ojp
qdb acoo aasz
qdc avj
qdd zsb kwg bdw
qde ixy qek
qdf acoo hhh srj cwo
qdg acoo acop ics
qdh acoo jwz
qdi acoq acop acoo tfr
qdj kay ymd mdz aavp
qdk mhe
qdl nwy
qdm acop acoq acoo brt
qdn acoo acoq acop stn ehm gfh bqt
qdo acop acoo apv (gpo nqm)
qdp cni
qdq acoq acoo acop nxs
qdr acoo kyq omw thi
qds acoo qnz kkz dkc
qdt acoo mhk
qdu acoo acop zjr huu ypr omj
qdv jjf
qdw acoo bpp
qdx acoo acop mis rd
qdy xdo vlc
qdz acoo yrx mmz
qea iau kpe
qeb thc
qec acoo acoq acop lfh lye
qed acoo ehz fn
qee acoo acop aafc ilr
qef acoo qsn
qeg mo (uxu xlz)
qeh muc ina zqh
qei acoo acop qel nrp
qej acoq acoo acop eoe
qek acoq acoo acop hyg
qel sho hhs veh
qem ggk
qen acoo acoq acop voz
qeo acop acoo mmt cgi zri svl vnl
qep acoo brf
qeq acoo acop whz rbz uis
qer acop acoq acoo cit
qes yoq xn
qet acoo mej adt
qeu acoo abtt aazh
qev acop acoo nsj
qew gu
qex acoq acop acoo ybc
qey acoo acop qgu
qez tqz prb aaqj
qfa acoo zcr
qfb acop acoo mgp txu vpb klb
qfc acoo guu
qfd nvc acgy
qfe dgi
qff acoo soa
qfg acoo accf
qfh qxq gdk rps coj
qfi acop acoo yob
qfj acoo gbx mcj amo
qfk udh ebj
qfl cfa (mkg xbc)
qfm ium
qfn acoo acop nxa
qfo lth
qfp ibu dvi
qfq acop acoo acoq qsd azh
qfr acoo msq dzf
qfs cbh
qft acoq acop acoo cho abwg lzi
qfu fre
qfv acoo acop qbe
qfw enw mng ggu abhr
qfx ywc
qfy pwk
qfz acoo pln xrm
qga aauh jcw
qgb acop acoo xoc
qgc jxg vxx
qgd acoq acoo acop zfk
qge acoo rqv lie
qgf yek vfx mlq sva
qgg acoo aciz gu
qgh acoq acoo acop fla
qgi bxh bvg ton
qgj acoq acop acoo few
qgk xph auw
qgl acoo acop aoo
qgm acoo sln
qgn acoo acop ivu
qgo acoq acop acoo nkc pbt cok kyz
qgp acoo acho qqx lej
qgq gkp nhy dyx yjv
qgr hde
qgs acoo acop acoq jyu
qgt dar
qgu acoo bpd
qgv acop acoq acoo sgx
qgw acoq acop acoo cdv
qgx acoo abuk abuh
qgy jyn
qgz qiq
qha gzg fvv
qhb acop acoo txl ihu edt tp
qhc acoo acoq acop dkd
qhd acoo acop tom lqc
qhe acop acoo nas
qhf acoq acoo acop rlf pog
qhg acoq acoo acop acbz tmm kvm fzf oiq
qhh acoo lmy
qhi acoo acop acoq umn aqj
qhj xve
qhk fgv
qhl acop acoo lmb yjn
qhm acoo oll
qhn acoo acop aans
qho acoo lsf
qhp lvd
qhq acoo acop aayo
qhr acoo aje rar
qhs gya (avk bpm)
qht acoo ubj
qhu acoo acop abdj bai
qhv acoq acop acoo nkc
qhw acoo acop fvl dys rge
qhx acop acoo rzu (abix svu)
qhy acop acoo mpx
qhz ltj qia oeo
qia acoo acoq acop abuw
qib acop acoo gts
qic acoo acop acoq aaix zkm
qid acoo acop ygy
qie jxj nhj ktv
qif acoq acoo acop gvy wth yym
qig acoq acop acoo nzq df xoa
qih acop acoo rad
qii acoo hyt
qij acoo acop qdh
qik acop acoo itg acim qqi cin
qil acoo qfv abek
qim acop acoo hmy hzo
qin acop acoo acoq zra
qio acoo acop abkf olx
qip acop acoq acoo kid
qiq abqt gbd rpa
qir acoo acoq acop aaws
qis acoq acoo acop oxb kmz
qit acoo acop lht
qiu acop acoo hzu
qiv brf oki
qiw ypm
qix acoo lxi
qiy acoo tzg
qiz acop acoq acoo qvc
qja acoo qtl
qjb acoo hvk
qjc acoo acop dua
qjd sor xf eph
qje acop acoo rtt
qjf acoo acop abeh
qjg pkz
qjh acoo acoq acop tra ivt guo bdg
qji acoo acop nyk
qjj acoo lfy
qjk acoo kmp jps abcg
qjl acop acoo tsa
qjm qal hqu
qjn acop acoo cmq eck
qjo acoo aaow
qjp acoq acop acoo cbk
qjq ylb lxb hql ao
qjr ehc
qjs acoo pjs cfq dne var abwj
qjt irh nft zzx eqn
qju acop acoo acoq aaeh
qjv acop acoo lzc
qjw acoo ibn cet
qjx acop acoo eac
qjy acoo acop aapd
qjz asq
qka rly wib
qkb acop acoo acoq qkq
qkc acoo pgi
qkd abeo acjm qzr
qke acoq acoo acop pze jb
qkf acoo oen igu
qkg acoo bda
qkh tgn jca nsn
qki acoo acop msx
qkj acoo acop kwm
qkk jr
qkl uef nnp
qkm dbg phx
qkn zfr
qko acoo abiz
qkp acoo cjx
qkq acoo yvt
qkr acoo acop wyi utk
qks acoo acoq acop xrw ysj
qkt acop acoo zho
qku acoq acop acoo pwb
qkv acoo jm hcr hqg rzl hdi
qkw acoq acoo acop uwa noq
qkx acoo bz
qky acoo acop kma
qkz akq
qla acoo rpr qjp
qlb bsk
qlc acoo acop afb
qld acoq acoo acop ah qfr
qle acoo aahq
qlf acoo acop acoq ijg
qlg acoo acop acoq abyd vlk cos
qlh acoq acop acoo fyx spc aamv
qli acoo cwo
qlj zpj are nmu
qlk rip svj bou wxr
qll acop acoq acoo tux
qlm acop acoo sgu
qln acop acoq acoo odj
qlo zab
qlp acoo abci
qlq acoo wjz
qlr acop acoo ghq gwn flc epw wez
qls acop acoo mfx oxi fzq
qlt acoo acop jeb mgq
qlu jhh
qlv acoo zf
qlw acop acoo sae vmm mfe vds
qlx acop acoo acoq wdx vtf pos
qly acoq acoo acop rdb
qlz acop acoo acoq rhq
qma iuh
qmb acoq acop acoo ueo dhj
qmc ebg vgp ajt hel eax
qmd acoq acoo acop lee uzq
qme acoo acoq acop aapo zep sqo
qmf acoo acop blq iqi
qmg acoo acop acoq nvk luw ydt
qmh acoo acop acoq aazb
qmi nql tiq yoz
qmj lbk jhy ooa
qmk wxb
qml acoq acop acoo aamq
qmm aawo aqy viy
qmn cip
qmo acoo pj abjs
qmp acoo acop bqz
qmq qez
qmr acoo acoq acop ozb ryc abek rox aadm
qms acop acoo azp fjx
qmt acop acoo swp twl ccq jnt
qmu qlp gnt
qmv acop acoq acoo ptl
qmw ast
qmx acoo acop chb (jpo drr)
qmy acoo xoi
qmz acoo acop aarx ahn
qna bkl
qnb acoo ou
qnc vbd bti rjt ydp acls
qnd acop acoo jm puo chf
qne acoq acoo acop nia epr kea
qnf acoo pwq otm
qng acoo rgy rfd vok
qnh acoq acop acoo zld
qni hdh cdh
qnj yug
qnk jfq
qnl cvc
qnm acoo acop thi
qnn acoq acoo acop vuy
qno bhd
qnp mbt ztn gyz
qnq acop acoo wgh
qnr lsm gra
qns acoo xc aim
qnt acoq acoo acop wjs
qnu acoo acop bwu
qnv acoq acop acoo xlf abgb fzy
qnw acoo acop dd
qnx acoo exd qca
qny acop acoo zjv acs pqh ebb
qnz acop acoq acoo yhu
qoa acoo acop tzc swo qks oag pwh
qob acoo rzn upf
qoc awt ito xvl pfe
qod acoo jij
qoe acoo acop wrc xbh
qof acoo acop acoq von rut qmm hey
qog acoo fbt
qoh acoq acoo acop ejl wlh
qoi acoo acoq acop piw ubr ppu gun
qoj qfx alx
qok zxj hpx zrh jom qmc
qol acoo acop cvu
qom acoo tc zwe rua yxr
qon acoq acop acoo cog zev mqt
qoo acoo acop kje dbs
qop acoo sco
qoq acop acoo acfh kdp wxw enl
qor yia
qos acoo hry (pjx ulo ahh azp)
qot acoq acoo acop tus
qou acoo pdu gwd
qov acoo aatm frq acmh
qow exk ply
qox acoo lrc
qoy acop acoo acoq mlv
qoz acoo acop acoq ache
qpa acgl
qpb acop acoo acoq aee
qpc acoo acop agz xsj
qpd acop acoo bgd gas
qpe acoq acoo acop oyh aaeo
qpf sau
qpg acoo wwl
qph acop acoo acoq ltl cqb abze ooa
qpi acop acoo bix jeb
qpj acop acoo acoq acgr rvz nws cfj pje
qpk acoo acoq acop qpq
qpl acop acoo wbg abad pdl
qpm acoq acop acoo hbv
qpn acop acoo erz
qpo acoo acop tqg
qpp acoo xie hmb
qpq luh
qpr acoo rtp
qps acop acoo ebw dzb abin jb
qpt acoo abzs
qpu abfn
qpv acoo acop acnr vyb
qpw acop acoo wyb gps
qpx acoo acop acoq ndk
qpy acoq acop acoo hyv
qpz acop acoo zdd
qqa acop acoo jbe
qqb acoq acoo acop mum utt hvw tnt
qqc acoo acop nzo
qqd acop acoo wwp
qqe acoo acop acoq cnk hlz luu
qqf acoo til
qqg acoo acop bhk al oap
qqh acoo acop acoq xax
qqi fqo
qqj tok
qqk acoq acoo acop ggh
qql acoq acop acoo rkf
qqm yz
qqn hnp efi
qqo acoo acop nar uce nft srj
qqp acoo xzk
qqq acoo acop acop sbk aapp
qqr acop acoq acoo acdf
qqs acoo acop ekg
qqt acop acoo mvc tyf
qqu acoo pdr
qqv acop acoo dhx hwv kuh
qqw acop acoo ijq
qqx ezb
qqy acoo bga
qqz aadb
qra acoo iuh
qrb acoo iax umz vn
qrc acoo pgz
qrd acop acoo acoq yhe ild nmj
qre acop acoo gee
qrf zsu
qrg swc
qrh acoo fru
qri acoo acoq acop ycr
qrj acoo ecz zkt hdu
qrk acoo acoq acop wsr
qrl acoo acop csh nml rjc kve nfn
qrm baw qli
qrn acop acoq acoo th rbr
qro csl
qrp acoo acop ld
qrq acoo abyl
qrr acoo acop xqw oox sfg abnk
qrs acoq acoo acop faz
qrt acoo szn bce
qru sds
qrv acoo abxr ygo eyi psk
qrw acoo dwv
qrx acoo acop gjv pfc tfh
qry klq emm
qrz acoo pci
qsa pxs msw vtq
qsb acoo acop ljy
qsc acoo acop fal hfx
qsd acoo acop rqe
qse acoq acop acoo shm
qsf acoo fwf
qsg ylr mhw
qsh buq ogh (fcd nq)
qsi usc
qsj acop acoo sd
qsk acop acoq acoo lkq aom
qsl acoo acop jte
qsm acoo amk
qsn ypj
qso acoo aata
qsp acoo acop acoq qve
qsq nmr
qsr acoo acop cib
qss acop acoq acoo utl
qst acop acoo acoq kth
qsu acoo fdm
qsv acop acoo dzo
qsw acoq acop acoo tqu
qsx acoq acoo acop bpl ubg (xp pzj cid)
qsy acop acoo qzz
qsz acoq acop acoo aatt aaax xoe
qta acoq acoo acop jop gga
qtb acoo aaqb ncz jni eue kra
qtc muu
qtd acoo god
qte cbg
qtf acop acoq acoo suy oai
qtg ttz
qth acop acoo ugu
qti acoo vxx dbh
qtj uim
qtk acop acoo abmy
qtl acop acoo ewq
qtm txc lqg otc
qtn acop acoo ldp lqe yq vpb
qto oeh
qtp acoo acop acoq kgm
qtq acoo tes ktv ydm ozp
qtr acoo xuj
qts acoq acop acoo fog
qtt acoo acop acoq idx uja
qtu acoo uwq
qtv acop acoo bhq
qtw acoo mhw
qtx dk
qty acop acoo chg ahx yes mtv
qtz acoo jwm
qua acoo mqn
qub acoq acop acoo dnl tmu bxa qmg
quc acop acoo ny (qyv eky)
qud acoo acop vxm
que aclr
quf acmc xny ytm
qug acoo acoq acop sx
quh acoo bjp
qui acop acoo khm
quj acoo acop aavd
quk acop acoo acoq aiu abxx
qul acoo cio (qwv hlo obo)
qum jhw jjx
qun acoo ixk pce fha
quo bnn aabc nll
qup acop acoo rws gjp tgn ugv
quq acoo acop vpc awx qed sih fwr
qur acoo weq
qus gjs
qut acop acoo ecq zis dbx jgh
quu acoo wzb xzx ewk
quv acoo acop aanv
quw abbf
qux rfk pec apn
quy kjh rox
quz acoo acop ucy
qva bne
qvb acoq acoo acop raz keh tlj
qvc acop acoq acoo afx jk qaj
qvd acop acoq acoo wzj gvw ksc
qve acoo acop lrk ucz kls
qvf pyg shl
qvg ema ucf acga
qvh wjn
qvi acoo vwu ygw
qvj acop acoo xtc
qvk bdm
qvl acoo akf ssx
qvm acoo acoq acop nps veo
qvn abzf
qvo acoq acop acoo aaqr kpv
qvp acoo acop dte
qvq acoq acop acoo gns nmk zjd fyk
qvr acoo acop zpn
qvs acoq acoo acop dlf ruq ef
qvt acoo acop qgp cxg
qvu acop acoq acoo aboi
qvv yph
qvw acoo acoq acop wdy hdu qfj jba
qvx jzn
qvy exs lwg
qvz gul
qwa trr fkd
qwb acoo ovn qrm acol zpl
qwc acoo weh
qwd acoo qkr mmb oik
qwe acoo kcs
qwf acoo acoq acop vtk gcp khe abnl
qwg qrg
qwh eqy gxo vyy
qwi acoo ybw
qwj acoo esn
qwk vmg xil idm
qwl acoo acop wps dgh vdm zpd
qwm gww ydr
qwn acoq acoo acop aarl
qwo acoo acop cmt
qwp fsy
qwq acoo gvk
qwr acoo acoo lqk
qws acop acoo rnh
qwt acoo acop acoq six
qwu ewi cys
qwv pnk
qww acoo vkg
qwx acoo acop icx eyn
qwy acoo xs rea xsf
qwz acoo acop rtn gwi ffd gvt
qxa acoo ylf ify xtp
qxb acoo acop ucc
qxc sid zfo nnu
qxd acoq acoo acop bmt
qxe acoo okz drd osh
qxf gnu
qxg acoo uog
qxh acoo acoq acop dsz byo hmq
qxi acoo xyi hsa
qxj pqp aayj
qxk acop acoo qwv
qxl acop acoo xyy flg xcp
qxm acoo acoo
qxn bfs
qxo hxt
qxp acop acoo xth
qxq acoq acop acoo mkf
qxr ul
qxs dnm ncl frk ytl
qxt acoo acop acoq ony
qxu acop acoo acoq rzv oph
qxv acoo acop yem qat wew
qxw acoo btu
qxx acoo acop acoq leg
qxy rhf
qxz acoo jnm
qya vma
qyb acoo sg
qyc acoo hyi
qyd acoo acoq acop jmm
qye acoo rdj
qyf acoo acop owk
qyg kgq mhk mcw
qyh acop acoo sau
qyi acoo acop lrs hjp fhy zhy kcg
qyj ijt icp
qyk lzx
qyl jcc
qym acop acoo xbw
qyn acop acoo foh
qyo acoo acop ktq wkx wmu xos
qyp pnn
qyq aaxp
qyr acoo usm cqq
qys acoo jip thd ckk
qyt zpm
qyu acoo acop acoq jcb
qyv aaow
qyw wux dl xpe pco
qyx jvm zee
qyy acop acoo dax bmf
qyz twi
qza acop acoo cvl
qzb acoo acop ntr
qzc acop acoo urb cjj wqu yls
qzd acoo dfo jwj
qze acop acoo gca (ouu rli nny)
qzf acoo acop saj tnw
qzg acoq acoo acop vvy
qzh acoo mti xsg
qzi acoo ech jcc fuw
qzj acoq acoo acop ybz
qzk acop acoo acoq ar
qzl acoo uhf sv sfh
qzm acoo ewd
qzn acoo acop dqu xff
qzo acoo mlt lnh eds
qzp acoq acoo acop mct
qzq acoo qyk
qzr ph
qzs lmb
qzt acoo dtf
qzu eam
qzv acop acoo dlb
qzw acoo acop yky tqz dtx
qzx acoo acop uqm
qzy acop acoo acoq wjp rqt unl psr
qzz acoo acoq acop gfc
raa yww
rab acop acoo eui kph
rac acoo wtf
rad acoo whi abe
rae acoo weu
raf acop acoo tcl
rag ktm rae
rah acoo hko
rai acop acoq acoo fau
raj acoo abwq
rak acoo lef
ral acoo acop wuz qvv mht pbv
ram acop acoo acoq ypu
ran acop acoo rcb
rao acoo acoq acop szz cwi
rap lkl ssy xif aazt
raq acop acoo cuo
rar acoo acop nwa spb bos
ras acop acoq acoo apk
rat vp
rau acoq acoo acop sqk
rav acoo hwg dnc
raw yyt ves
rax acoo acop koa acbs net
ray acoo acop acoq abuz
raz acoo zdl
rba acoo acop acoq oln
rbb acop acoo tl jxi
rbc acoq acoo acop cgm
rbd acoo acop acjk esb abmz
rbe acop acoo acoq aax
rbf acop acoq acoo hpk
rbg acoo acop qgv qsv
rbh sam
rbi jua
rbj acoo wlu
rbk acop acoo hpj tne aauo cfl kep
rbl xrr hkc mlj (kb vmx)
rbm acop acoo jph nya
rbn aaf kuz zfj
rbo acoo zlg jkt
rbp acoq acoo acop mah ul
rbq acoo acop dhe tya jxu md
rbr acoo acop ceb
rbs acoo acoq acop rgf ffb czw
rbt acoo xwt bga rvr
rbu acop acoq acoo enh qda
rbv acoo rvx
rbw acop acoo yqe bsk ax
rbx acoo acop acoq hpi
rby acoo gzc
rbz acoo woq
rca acoo acop kyj
rcb aawo
rcc pbj
rcd acoo zjd
rce acoo acoq acop hjr err ofc
rcf acop acoq acoo ozb
rcg cbk vim ejd
rch abhe
rci acop acoo rha
rcj acoo acop gvr shu urj
rck acoq acop acoo jsr tpo
rcl vpw dwb li
rcm acoo acop acoq apo
rcn acoo acop acoq pwj
rco wfc
rcp usd
rcq acoo acop dcb
rcr ovh
rcs acoo aapv
rct acoq acop acoo bio auw
rcu acoo acop accy ryk
rcv kpm
rcw acoq acop acoo dfl
rcx acoo acop acgy
rcy acop acoo azl
rcz acop acoo acko qwg ehd
rda acoo gqc hyu
rdb acoo acop klo
rdc acoo mus
rdd aje
rde aff
rdf djl pxs
rdg acoo yyf ehb zrr zxc wnh
rdh acop acoo czw
rdi acoo acop shu
rdj acoq acoo acop ptw
rdk acop acoq acoo fqn
rdl acop acoq acoo sac
rdm acoo acop ghl kdk xxv
rdn acoq acoo acop vby
rdo acoo acoq acop aacm
rdp acoo nfo
rdq acop acoq acoo nzi cab juu dlj gjp
rdr utd eqm
rds lzd yo
rdt acoo acop egc zbf zh
rdu acop acoq acoo sme
rdv acoo acop qxz
rdw acop acoo flu
rdx xxu xah wno tct isk
rdy acop acoo acoq pth xrk aacl abfo gkk
rdz acoo aue
rea acoq acoo acop lbl
reb acop acoo fnv
red acoq acop acoo lzy
ree hrg ioh igs abru lod
ref acop acoq acoo aalw
reg fub urk
reh acoo peb xym cmv
rei acoo acop mil
rej crz neq unc yro
rek ejc
rel ugk vmv
rem acoo opf
ren msz
reo acoo acop rlk
rep aarf
req acoo acop abd
rer kxp hpl
res dvd
ret acoo uuw
reu acoo acop acoq acfr
rev wqb
rew acoq acoo acop kor
rex acoo bdo
rey acoo acop qnb
rez gxx yme
rfa acoo acop ytt
rfb acoo acop kh
rfc acoo kxx
rfd acoo box ozd kdf gfj
rfe acoo acop acoq aclh xzk
rff acoq acoo acop unn
rfg acop acoo idt
rfh acoo acop zlx
rfi acoo fbz mew abff
rfj acoq acop acoo aall wnt tkm
rfk acoo aalr lkn aawx
rfl acop acoo okc
rfm acoq acop acoo ac
rfn acop acoq acoo yzk
rfo acoq acoo acop abhs
rfp acop acoo acoq kmr
rfq acoo acoq acop abik fkx
rfr ivc bwe xak
rfs trd nsl
rft ixg dek
rfu acop acoq acoo ajs
rfv acoo acoq acop ffg
rfw acop acoo rgu
rfx ewr
rfy acoo acop ikp szy
rfz oip
rga acoo abbz
rgb iys
rgc acop acoo mnv
rgd acgo
rge acoo yam (dyw uwg)
rgf gwx kji
rgg acoq acop acoo accc
rgh ov sto lpe
rgi acoo icz aapb hew eor
rgj acoo bzs
rgk acoo kfw rhb pek
rgl acop acoo gaw
rgm acoo ynz
rgn obd vyr tre
rgo acoo acop zvi abdp vzc
rgp acoo bsq
rgq abxq
rgr acop acoq acoo ogw uaw
rgs acoo acop erd
rgt xxn
rgu acoo aly
rgv acoo acop iei roz
rgw acop acoo acoq nlx kqi yrv
rgx acoo tcg xko
rgy oqf
rgz acoo acoq acop aca bae
rha acop acoq acoo uir
rhb pcd
rhc bxg tqd gbv
rhd acoo abxv
rhe acop acoq acoo gsg uli
rhf acoo acop mvw
rhg acop acoo acoq bow
rhh cpw
rhi acoo acop cn slw
rhj acoo liw
rhk acoq acop acoo xiv nej
rhl acop acoo acoq abup
rhm acoo rtu
rhn acop acoo acoq ovc
rho acop acoo kso tsh
rhp acoo acoq acop tuz
rhq acop acoo acoq saz rij
rhr acoo acop axq
rhs acoo acop acoq abgt lcl uw
rht acoq acoo acop iqy qnn xgp ahl
rhu cop mcd
rhv acop acoo lnt
rhw acop acoo acoq dob vud aib
rhx acoo abf
rhy acoo acop jat abyn utg
rhz acoq acoo acop jr omo xwu
ria yxg
rib acop acoq acoo oik
ric kbj rhg egf gea ezx
rid acoo acmk aayu vcq
rie ewf
rif acoo acop dqh pmv ql lhj
rig acop acoq acoo ez eow ddo
rih acoo acoq acop iul kwd
rii vex
rij acop acoo wcw pxh
rik acop acoo acoq bht ofs ucz tej kwy
ril acop acoo acoq ioi aakx eng rkx
rim acoo fjv
rin acoo iyx
rio abem mwe
rip acoo aauu gcd rwm
riq xjk
rir acoo acop sbd sjw xiu ytl
ris acoo acop abjf
rit acoq acop acoo ryv pjq
riu acop acoo acoq abbv dme ejn
riv acop acoo pse rqf
riw acop acoo rit etu dwr
rix xfv gaa
riy acop acoo sfu
riz mwk abgw
rja acoo waj
rjb acop acoo mys
rjc urf uav miy prq
rjd acoo acop dtq
rje fhz nt
rjf acop acoo glq
rjg acoo aavu
rjh acop acoq acoo wyo
rji acoo acop uya itr dpg
rjj acoo acop adj rsx
rjk acoq acoo acop pmd jdk dib
rjl acoo jlv
rjm acoq acop acoo twg gjk aboh epn oei
rjn agy pks abfq
rjo bbn
rjp acop acoo acoq ksi
rjq aazo
rjr qfs
rjs acop acoq acoo rqv jut
rjt acop acoo ueo
rju acop acoo jov cqe
rjv acoo acop lap
rjw acoo uxo
rjx acop acoo snw
rjy fje wan noi ifj
rjz acop acoo bcq
rka acoo acop gc mbx
rkb acoo cls
rkc acoo acoq acop aapr rs
rkd acoo acop acoq jlf lyh
rke acop acoo akk ijz cxn fiz
rkf acoo acoq acop img uln
rkg sub
rkh yxm
rki acoo moz
rkj acop acoo jdt raj cyh
rkk acoo epl
rkl acoo yuz
rkm acop acoq acoo trw zao abwo
rkn acoq acop acoo mnd
rko acop acoq acoo xqg ojh aaas aof crn
rkp acoo zsr
rkq acoq acoo acop tlu rpj
rkr acoo dgd yet
rks rwd oyy aavi
rkt acop acoo bdi
rku acop acoo hiq
rkv acoo acoq acop ndt
rkw acoo acoq acop fkr
rkx acop acoo hse (tqo ggo)
rky acoq acop acoo tdq
rkz acoo wxq
rla acop acoo pn jhw rnj
rlb mpn
rlc ski
rld afz
rle acop acoo bvc ncd but
rlf acoo acop wie (mzb pag qdq)
rlg acop acoo mtf
rlh acoq acop acoo gzv (ocq rqm)
rli acop acoq acoo dly
rlj acop acoo acoq izs apv ycq ddf
rlk acoo dci mqf
rll acop acoo sht
rlm acoo acop aaoa wzh
rln acop acoq acoo ltu
rlo acoo pxw ktj
rlp ayi
rlq oyy
rlr acoo uz jnf czm
rls acoo dns
rlt abqi urs usg dpy
rlu acoo snk et ggt aadh
rlv acoo acop iqh
rlw hlu zhi lea
rlx acoo acop mpn acjl oey
rly acop acoo nyo amn tce
rlz acop acoq acoo abdx tz
rma acop acoo acoq vjt
rmb absn
rmc acoq acoo acop ne
rmd acop acoo acoq feh wya fu
rme acoo acoq acop whl aaxg ise ljb
rmf acoo acoq acop ybs
rmg acop acoo acoq tny
rmh acoo acop acoq ckn
rmi acoo acop acoq aagv
rmj tkl
rmk acoo gzm kxz osr
rml acop acoq acoo sod qlk ljm mkb ztj
rmm ilu
rmn acoo acop txw lzl wfo dlb pam
rmo mry
rmp acoq acop acoo cbv cdo
rmq acoq acop acoo zch vnk
rmr acop acoo ogb opa
rms acoo ocd
rmt acoo acop qbb
rmu acoo fpo
rmv acoo acop fwt pmt mza rht
rmw acop acoo xkd cge
rmx acoo acop acoq crf xbl
rmy acop acoo bba abqo abm
rmz acoo ysx
rna onv jda tzd
rnb aaxq sau kzb
rnc acoo yit acgb
rnd acop acoo lls
rne acoo acop sls
rnf acoo acop qqg tdn
rng szv
rnh raa gfo
rni acoo acoq acop llt
rnj acop acoo lmy
rnk zyv abth
rnl acoo acoq acop nao aaff xwf
rnm neh nbt hkd
rnn acoo acop gpx
rno acop acoo ozt rrk mjx dpu
rnp acop acoo kfp
rnq acop acoo tmp cji ema ow
rnr acoo rdk
rns acoo acop acoq ihy
rnt acoo acop acoq abtr
rnu ouj
rnv acoo acoq acop abbu
rnw acop acoo acoq vjk lpv zxb
rnx neq bsf zlu
rny ond
rnz acoo acop ngs zep lwn
roa acoq acoo acop ejy
rob acoo hrk anj xan
roc ypw
rod acoo acop cnd ebt
roe acoq acoo acop ask sio
rof acop acoo acoq bok
rog acoo bya
roh acoo tpn kcw
roi rcf no
roj acoo gyp
rok acoo xqi
rol acoo acoq acop agl
rom qtd
ron acoo dce
roo acoo eda
rop ggr
roq acoq acop acoo vnc
ror acoo acop tvg
ros acop acoo yhf
rot acop acoo dju
rou ejb hpi
rov acoo mvb
row acop acoo acoq lab kny tnu
rox acoo acop acoq mcq
roy vfw
roz acoo acop acoq vrt
rpa acoq acop acoo mbc onr
rpb acoo acop dzw
rpc acoo acoq acop sxq
rpd acoo sny
rpe acoo acop ghp
rpf acop acoo ftc yf lsa
rpg acoo muh
rph gon
rpi acoq acop acoo aagt
rpj acop acoo acoq yrn uqo
rpk acoo lef dfi
rpl acoo qpt rmr ogs
rpm qfh
rpn acoo jlt acho oix pgc
rpo aafb
rpp ygv hhl ovm goh
rpq acoo acop cgq pxq nuu
rpr acoq acoo acop qnb
rps acoo pyo
rpt acoo yvx
rpu acop acoo hjp
rpv acop acoo xov
rpw acoo arb
rpx acop acoo txo vky
rpy acoo mta gfk rmm
rpz acoo mpv
rqa abdj ccj
rqb vat
rqc acop acoq acoo qnp yds
rqd acoq acop acoo jkb
rqe acoo xks
rqf acoo qbq jyp ise
rqg acop acoo ddl vtg jcs xcy bvl
rqh acoo gtr gau
rqi acop acoq acoo vcw
rqj acoq acop acoo mrb cud zfz
rqk ojt
rql acoq acoo acop gzj
rqm xax pm
rqn acop acoo ttc
rqo acoo acop psx nty
rqp acoo acop tcj edd pae vza
rqq acoq acop acoo ce
rqr absk
rqs ige
rqt tve
rqu nte abz zhy dyr
rqv acoq acoo acop gyj swx pon
rqw acoq acop acoo otv (oen mjj)
rqx acoo nko eum
rqy acoo acoq acop zql
rqz acop acoo sqy gna odq
rra acoo aakd
rrb acoo jue
rrc acop acoo dxa
rrd gdm ebd csp
rre acop acoo aaea (hnn wvz kqr eyj)
rrf acop acoo gpq abiu geq tse
rrg acoo nda
rrh acop acoo gqw voe ykn
rri acoq acop acoo yur xzw
rrj acoo acop vju eih
rrk acop acoo fat
rrl trg
rrm acoo qmb
rrn mvy
rro acop acoo aawh ccg xnb
rrp acoo acop acoq jil
rrq acop acoo acoq aaxw igl obo myt
rrr acoo acop cnz
rrs abmz lbn
rrt fvv aawb
rru acop acoo acoq rgu (btw aoo)
rrv acoo acop ssj lqf ual phf
rrw acoo acop pia ldn ackr
rrx acoq acoo acop msh bdw
rry avc ngc
rrz ifr
rsa acoo acop kit
rsb byp
rsc drj
rsd acoq acop acoo ngb
rse acoo obd
rsf acop acoo lgg
rsg acop acoo chp jqs vat
rsh hpz wcm
rsi acoo acop xzp
rsj acop acoo acoq aayi
rsk upo gef dzl
rsl vu
rsm acop acoo acoq rbd nej
rsn acoo txo
rso zlf
rsp acoo acgr sr
rsq acoq acop acoo abhg wbp
rsr euj
rss acoq acop acoo yty
rst acoo acop ims
rsu acoo acop omd
rsv acop acoo uiv vd
rsw ybw
rsx acop acoq acoo sgp bpa mxh fbx
rsy acoo lof
rsz acoo qox zxy
rta acop acoo csl
rtb acoo acop rlm ywl fsj
rtc acop acoq acoo jqv
rtd kwp lbp aaby
rte acoo acop zck
rtf acoo xzd mc yph
rtg dds
rth acoo iib erg
rti acop acoo acoq vzt
rtj acoo mtd wqa acs eyv iyd
rtk acoo ort
rtl acoo acop nto
rtm acoo htq
rtn cwl lcp abzc jar
rto tsj
rtp acoo acop acoq abzf
rtq jve
rtr acop acoo acoq nyn lxk
rts quo
rtt ikg
rtu boz
rtv acoo acop acoq fyn
rtw qcd
rtx sp
rty acoq acop acoo gof acj
rtz acoo eb
rua tjh
rub wgg
ruc kcg acnw abhy
rud ljz
rue acoo ohh asx
ruf acoo acop iil
rug acop acoo xbk
ruh acop acoo mfm
rui acoo acop acoq uhn
ruj lru pop
ruk acoo acop nql
rul jfx aaly
rum acop acoo xif kdg
run acoo pno ruo bpp
ruo sad
rup ccn gwd
ruq acoo acoq acop acby
rur acoo pee tpa omr
rus acoo jeb
rut acoo acop xeg ajo ojf
ruu acoo rua
ruv acoq acoo acop fsf aagk juy sty
ruw acoo cxt
rux acoo vip
ruy acop acoo acoq absl accl mfw
ruz ut hdg
rva vei ruy uzt bwv
rvb acop acoo zid qeo
rvc acop acoq acoo ibz
rvd acoo acop tvf
rve acoo zae can
rvf acoo rgy
rvg chb
rvh acoo acop fjl nzn (zxe lkp)
rvi rv
rvj acoq acop acoo hdu zjp
rvk ymm fho
rvl acoo fsz fvn jyx
rvm acoo acjr uqc yws dsu lsu
rvn acop acoo khw fjf mtn zby
rvo utp bar
rvp acoo pji
rvq acoo acoq acop sza jwc
rvr zhc
rvs tlm
rvt acoo acoq acop jmg gkj abdh enc
rvu acoo acoq acop aceq
rvv acoo rza
rvw acop acoo qsz olr hwy ubc
rvx wuh (tbq omc zhq)
rvy jt
rvz ts ttf pda
rwa acoq acoo acop aaza
rwb qoh wsn
rwc fby
rwd acoo spb
rwe tpj
rwf acop acoo acoq ays ksq aapc vzy yha
rwg acoo bhn
rwh acop acoo gjb rtb qgd
rwi acji
rwj pbo zxw
rwk acoo gee yja
rwl acoo acop kid
rwm acop acoo acau
rwn ekk bch uuq
rwo vby
rwp acoq acoo acop ufo
rwq miy
rwr acop acoq acoo yty erj n htb
rws wzb
rwt acoo acop acoq jpn
rwu acoo acop oax
rwv hdv
rww acoq acoo acop lwe
rwx acoq acop acoo sxt rnk esz
rwy ite pic
rwz acoo our (waq lvv kvw)
rxa acoo acop aawq
rxb acoo acop kvd kzt btc
rxc acoo ggu pfb
rxd acop acoq acoo pmw vwm sgb nlh
rxe acoq acoo acop oyc uyj
rxf acop acoo bvn pcg acgz rhp
rxg acoo cuc
rxh acoo dqs edj ims
rxi xcy
rxj acoo acop tzu
rxk acop acoq acoo gxs gcs ngj
rxl acoo elh
rxm aqd
rxn acoo ygo
rxo acoq acop acoo uha
rxp acoo acop ute
rxq acoq acoo acop dvf
rxr acop acoq acoo auq
rxs iru rog (xcz glv) nkk
rxt zrs xsm
rxu ldk ekn aaoc dez
rxv acnp
rxw yre (iyp aanh mgg)
rxx acop acoo atw hnf bez
rxy acop acoo acjo
rxz acop acoo tb ggg abmv
rya aclx goe dtc rvb
ryb xea rat
ryc wll
ryd acoq acoo acop nfz
rye dxn
ryf acoo acop oub (abae hov)
ryg yxw
ryh acop acoo tgc dag
ryi aaav vap
ryj acoo aqa
ryk acoo irf
ryl dmm mr zot
rym acop acoo rrn hfj unl gow
ryn acoo bzo
ryo cee emg
ryp shq
ryq acoo acop fee tjk
ryr oem
rys acoo fku rxz
ryt acoo acop acoq syb
ryu xnk rck abra luq
ryv acoo puq qkc yvd
ryw ctv
ryx acoo acop eol
ryy acoo vds zog svp lus
ryz acoo acop acoq gzd
rza acoo acoq acop kod
rzb acop acoo ffd
rzc hmi acam aaeo
rzd acoo oei
rze acoo hfx
rzf acop acoo lnv
rzg acoo mzz loc ekl
rzh acoo xco
rzi acop acoo cct
rzj acoo abpu
rzk acoo acoq acop ezu
rzl hqm mbi ngv
rzm ncv
rzn acoo oxq (mjo ubw acky)
rzo acop acoq acoo mxk qyq
rzp acop acoo acoq iak fdk fpb
rzq tbb
rzr qsj
rzs vni
rzt acoo zso
rzu hmg
rzv acoo smh
rzw acoo acoq acop abum
rzx acoo kcq
rzy acop acoo acoq aapd
rzz acoo acop edk suz sxt wje kak
saa acoo acop dhw
sab acoo jfr yqy zhy qlf
sac acoo sjb dhi vcf
sad acoo gwr
sae ebg
saf mbq
sag acoo nlo
sah gvq
sai acoq acop acoo abwp
saj acoo fpk vcv aahn
sak acop acoo acoq emc
sal absj
sam acop acoo yz
san acoq acop acoo drz
sao acop acoq acoo eqy gvr bhh qjd oyt
sap atq
saq acoo acop psg aij
sar acoo aq
sas acop acoo umu
sat achv
sau acoo acoq acop jbc
sav acoo mtr jxj ctk
saw hdx abom dlj
sax acoo iwa
say acoo acop ltm
saz acoo glo
sba acop acoo tyq yxr
sbb yvp xvm
sbc acop acoq acoo ox ryl
sbd txt ouh hi buv
sbe lti
sbf acoo acop ttd bhs
sbg acoo tyf fhu
sbh acoo ulx zn kjx
sbi acop acoo gng ype maf
sbj acoo acop axe
sbk fjx kdq
sbl acoo hey
sbm acop acoo fva
sbn kiy
sbo wa
sbp acoo lv
sbq acoo rgh
sbr acoo mme
sbs bgf xom kvh pfb abpi
sbt acoq acoo acop jjw bsv (tdk nvx eom)
sbu acop acoo trt eqt
sbv hzt
sbw whd fxo fhq smi
sbx acop acoo aatq ljx (hdu kmy)
sby acoo ety wdi
sbz iox nil lzi
sca gbd
scb fgp (ruz jim)
scc zra moz ugz yvr
scd acoo acoq acop jes
sce lki
scf acop acoo feb (jqi ywv) pyi
scg acoq acop acoo osb
sch acoo jwm
sci hbg
scj dyn grx
sck ofj mhs rj
scl acoo acop tgt
scm aahl
scn acoo acop mnj
sco mmh nay
scp med yts
scq acoo acoq acop rox
scr acop acoo hbx
scs acop acoo vpi
sct acoo aze
scu acop acoo dqr
scv opc
scw aaau wfp
scx acoo jdh noq cxp qed lai
scy acop acoo acoq mcc jxl
scz acop acoo euu key pyw acoc
sda nxy
sdb acop acoo acnb
sdc wiw
sdd acop acoq acoo zuy
sde acoo abpv sht
sdf acop acoo akj
sdg acoq acop acoo exx
sdh nwg
sdi vk
sdj acop acoo acoq aaml aapw ujq pyb
sdk uav
sdl acoo xlp snp wpb
sdm acop acoo gcs
sdn acoo acop gog ilj
sdo acop acoq acoo ndh
sdp acoo acop abta uhi
sdq acoo acop aaes
sdr acop acoo syd
sds acoq acoo acop bfc
sdt acoo acop acoq fal
sdu acoo acoq acop fhs
sdv acop acoo fzv
sdw rbp jms thf
sdx acop acoo acoq cvn
sdy acoo acop fpz
sdz acop acoo acoq uir
sea acoo acop qhe aahq
seb fjk
sec nbs ng
sed acop acoo dop
see acoo opd uqn
sef flc
seg acop acoo fkv
seh acoo hit
sei acop acoo erg
sej acoo ivk
sek acoo acop anp
sel abhs
sem acoo acoq acop aik qbu
sen acoo dzq
seo acoo acop acoq grb ufo pbx gn ablw
sep aazq
seq acop acoq acoo dwz jfs
ser acoo acop abjw nmn
ses acoo bkx
set acoo acop lhg gsd
seu acoo prv
sev acoo cts
sew acoo acop wxk
sex acop acoo aaim l
sey acop acoo iio hbz
sez acoq acop acoo aaro
sfa twa zyk
sfb acoq acop acoo kfu
sfc acoo acop bdh
sfd acop acoq acoo tzh
sfe mbz qld rop cdq
sff cdo
sfg acoo ile
sfh see pst zaf
sfi acoo acop aaut bhi zeu
sfj acoo amk uvw his
sfk acoo pbd
sfl acoo acop aaug aanq cgc npy
sfm acoo qih tmd
sfn acoo acop niu
sfo acoo eut
sfp acop acoo rly abyq ulq
sfq acop acoo akf gkx
sfr acoo acop oyi wya
sfs acoq acoo acop fjc
sft acoo pjc
sfu acoo acoq acop gle
sfv acoo acop jjp ofo nlo
sfw acoo voh
sfx acoq acop acoo qvx
sfy acoo yux
sfz acop acoq acoo aapz geh jyk ubh
sga neh
sgb aawu
sgc acop acoq acoo hdv dc bff nce vuu
sgd iif
sge acoo acop aaod tnh
sgf acoo acop mub
sgg uyj hqt qww
sgh acoo acop accl
sgi fyz
sgj acop acoo bpc
sgk acoq acoo acop xtt yvc
sgl acoo ewd sxz bgf
sgm rcf jex
sgn acoo acoq acop wue
sgo acop acoo acoq iht
sgp acoo mrp
sgq aah
sgr acoo acoq acop ljr uni aacw cgk fit
sgs uob jes zpq
sgt dpp iwa
sgu acop acoo dbi
sgv acoo acop tre bbm tnj zkw
sgw lao lvf hlz
sgx acoo acop acoq pma mhe vdo owe
sgy acoo acop achf
sgz acoq acop acoo sbp
sha acoo yvx ati vws ynm
shb acoo acop acoq aawi
shc acoo acoq acop igy pbt (jo vby)
shd acop acoo rjp
she acop acoo sxb
shf odq njm
shg acoo bdw vtx
shh acoo acop lvr wda abkv
shi acoo cvg
shj bvk tos jbf
shk acoo aua
shl acop acoo uap
shm acoo gl bp
shn gph
sho acop acoo abqm
shp acop acoo bsu
shq acop acoo ztp
shr acoq acop acoo abqu
shs acoq acoo acop jyg
sht eoj
shu acoo zdw quv aaqo
shv acoq acoo acop rtx
shw acoo fbx fuw abfp qco
shx pkm zwj hfk
shy dwb gni
shz acoq acop acoo aawg prx
sia ipl
sib ovm dtq vir
sic szo
sid nsq kyr lzm qrh
sie acoo qea
sif acoo dqb
sig acoo ipk
sih eil
sii acoo acoq acop xln
sij acop acoq acoo oia
sik dfq
sil acoq acoo acop eak quc
sim acoo acop zfe
sin acoo hkp
sio acoo acoq acop gmq rmo xpj
sip acoo acop rnn
siq acoo aaio
sir acoo acop acoq aaww aed
sis brt voo bl
sit acoo acop ram kfu tnl
siu acoo bxh eox xer
siv kbc qao aqo
siw acop acoo hur uvb mym
six acoq acop acoo jh ipa
siy acoo foq
siz acoo acop zp cu
sja acoo acns
sjb acoo nuh upe jio
sjc acoo acoq acop pus
sjd acoq acop acoo ror
sje acop acoq acoo twj (lxr ubz dws auh)
sjf acoo zoc
sjg acoo vbi
sjh acop acoq acoo cyy
sji acop acoq acoo kpi zsh nlt plk
sjj acop acoo acoq nbh
sjk tm pei
sjl acoo bul xhz afk drn
sjm dub ylw
sjn acoo acop acoq qyt
sjo acop acoq acoo sre
sjp acop acoo gxx juv
sjq acoq acoo acop nud aboy
sjr acoo acop zue
sjs acop acoq acoo xpd fei isq
sjt acop acoq acoo aacp
sju acop acoo ppi zqt
sjv acoo uoc
sjw moh kol
sjx dxe ech ctr
sjy acoo acop wnv
sjz acoo acop uwq zln
ska fps chs
skb acop acoo acoq iud
skc acoo acop omt rgw mex
skd mdg pnw nwm svh
ske acoo acoq acop cak yqg
skf dqv
skg acop acoo pjq kli
skh acoo bwl
ski acoq acoo acop nhn wlt aatg
skj acoo jze
skk acop acoo bik sqd jup
skl kqx dsg ewf
skm gkt
skn acoo fwt
sko acoo acoq acop ijk
skp dmi wzn ftb (fug bur)
skq ha
skr acoo acop acoq ifq ldj ieh bjw
sks acoq acop acoo ntv wsq
skt acoo fvj pmz
sku acoo oak
skv acoq acoo acop abgk
skw acoo red geo uog
skx acop acoo vnt
sky acoq acop acoo hod otf ote
skz acop acoo aay yhb
sla ryi ren
slb acoo acop aaem
slc acoq acop acoo yoj
sld acoo fje
sle acop acoo esv
slf mwr nhq abdn drm ugm
slg zes
slh acop acoq acoo rhz dtp scf
sli acop acoo aale aaou
slj acop acoo ynp gqz ngi
slk acoo mtm llz xbo
sll acoq acoo acop xzj
slm acoo tlz
sln mui
slo acoo acop wwk
slp ceb
slq acoo acop ynq yrv jiq
slr acoo zkt cnw
sls giu
slt acoq acop acoo tpa
slu ssg
slv acop acoo int
slw wtn lzs qup
slx anb cku
sly acoo myb zuz
slz acoq acoo acop sbu
sma acoo acop acoq abhr mfr
smb acop acoo acoq yxb rdl eml
smc acop acoo pkd eet hp aqb
smd acoo kdy usf kqq
sme acoo acop abce sah
smf acoq acoo acop vwd mar zjg
smg eur
smh acoo gyq di
smi acoo hnb aef mlh
smj acop acoo dzs
smk acoo acop lar
sml achx
smm acoo acoq acop svr nek gka aatw aajb
smn abzl
smo acop acoo acoq pni hdm (abzd aadi)
smp czg (obm hfl)
smq acoo edd dov hai
smr jrt
sms acoo pqa lyk
smt acoo rgu ytu
smu acoo gqq
smv gnj vgo
smw acoo acop ruo aaod ezr abtb
smx oxy qxl ors
smy acop acoo ijs abo lue vxm aio
smz acoo my
sna acoq acop acoo aazh bdf evg (kx vfq)
snb acoo jya gzc jfu
snc acoo acoq acop kga jrs tcp
snd acoo kfg
sne acoo zgh
snf acoo acop acoq tgw
sng acop acoo acoq hxv
snh etu
sni sku gte
snj acop acoo lhj
snk acoo tgp
snl acop acoo zdy
snm acop acoq acoo gkz eii
snn acoo srp
sno acoo jty
snp acop acoq acoo xmo flg
snq acoo rjd ihx zwi
snr geo tvb
sns acoo nsp kvr
snt onf cqu wow
snu acoo acop vis jgr
snv acoo acop meu mem
snw acoq acoo acop pbk
snx txh
sny acop acoo ppl igv
snz acoo hub nwp oxp lrq abtm
soa acoo gza dfv
sob acop acoq acoo ezs
soc mnb
sod acoo cvq tnt sbb
soe acoo tru
sof acop acoq acoo oso
sog pwz
soh acop acoo qld (aaxm abql msu)
soi mru
soj acoo acop acoq sxg bxo fox
sok lwd any acnf
sol xwa
som acoo acop ajl
son nhk fjo mez
soo acoo acop acoq gjj
sop mxk
soq acop acoq acoo akh
sor okl jfg vxi
sos aart azu edq qhq
sot rch
sou acop acoo mbj
sov acop acoo top
sow acoo acoq acop vug yap ztv
sox acoo acop dzf abbv
soy acoo acop npm rjj
soz acop acoo upx uqz cey nrb mwh
spa acoo avz
spb acop acoo gld gxe xrx
spc acoo acop rai
spd qpf dmq fcm lde
spe acoo mii
spf acop acoo acoq aagd uqa
spg acoq acop acoo aacn
sph agn zrm (nzo acdj)
spi fgz
spj slr rzv ud (klz thn)
spk acop acoo acoq gek wjv qjm ixv
spl acop acoo jsx ueo hyu
spm acoo acoq acop ype
spn acop acoo jel niv drx wao
spo acoo acop acoq qim
spp acoo acop bkv wic
spq acoo acop kvh
spr acoo acop woa tzy
sps acop acoo gzk
spt acoo vhd
spu acoo kvc
spv yps
spw acoo wpb
spx acop acoo loe
spy aot crc
spz acop acoo owd abfi qsk
sqa acop acoq acoo cug etl
sqb avk fme
sqc acoo acop ptz gqi (ikf zdv)
sqd acoo dry xgf
sqe acoq acop acoo isn (ncg tht)
sqf acop acoo bpw vll pvm
sqg acoo ivg
sqh acoo acop qhc xud
sqi acop acoo wcz acop kqf
sqj acoq acop acoo mck
sqk iy abrc
sql acoq acoo acop rxn
sqm acoo ada
sqn acoo acop vtm
sqo acoo ezt
sqp acop acoo acoq gcw
sqq pzs
sqr acoo vae
sqs acoo acop abjk iak ys
sqt acoo xkr
squ acop acoo ecn abnh
sqv acoo igt apy aavu hwd
sqw acoo acop lxm
sqx acoo mnv
sqy acoo acop xvj
sqz acoo acoq acop koo eko
sra cuf
srb acop acoo tou ifl rbi
src acoo ruu yow
srd acoo absc hvs
sre idv
srf btl gty azx
srg acop acoo acoq yne mbc qdq fie
srh acoo kav
sri acoo wfd coz
srj acop acoq acoo mbj
srk acoo jbv
srl rch
srm acop acoo aaye
srn acop acoo vcw
sro acop acoo ypj
srp acoo rcs
srq acoq acop acoo nti
srr inb
srs ljw
srt acop acoq acoo xvh
sru kwv
srv acop acoo aazz
srw acoo tam
srx acop acoo xep ypw ref xnb
sry vcz
srz snz sae phk osl
ssa acoo adx hsl
ssb zps
ssc acoo acop wwj
ssd acoo accz
sse acop acoq acoo ycq
ssf acop acoo sdf pyv wuh
ssg acop acoo yry fsz heq
ssh acoo acop sgy
ssi acop acoo jqu
ssj acoo abdr
ssk acoo acop abkq
ssl acop acoo ehj
ssm acop acoq acoo nmx
ssn acoo yye fjt ifi vpe
sso acop acoq acoo nf
ssp acop acoq acoo qdj
ssq klp psa
ssr acoo icl
sss acoo nsx
sst acoo acop acoq ieu
ssu vow ayh
ssv acoo jqi
ssw acoo acop acoq abky aaqg
ssx acoq acop acoo fyx
ssy acoo acop opn awq (hbm eyo)
ssz acoo acop aadh
sta grx nge olt wqn
stb sma zey
stc acop acoo xgl
std kny jak
ste oco tlf hnr xtb gcp
stf acop acoo gdd
stg nfu (fpu abbu)
sth gzr
sti acoo vmf
stj acoq acop acoo vvk qpp
stk acop acoo acoq csa acib jzq abke
stl acop acoo icm eei jiw sac noz
stm acoq acop acoo iuy
stn acoo acop qmy
sto acop acoo acoq wcx wlc
stp acoq acop acoo aqy
stq acoo acop acoq ina
str acoq acoo acop juz
sts acoo acop gho
stt acoo rye xse woa acig
stu acoo eji
stv acop acoo egi sso
stw acop acoo acoq gjw
stx vcr
sty acoo acop aarm dck abyh
stz acop acoo wlp oob hqg kcy
sua acoo acop qks
sub acop acoo dkl iie
suc acoo acoq acop oik
sud acoo vrn
sue acop acoo acoq uqx fpt
suf acoq acoo acop fnz
sug emm
suh acop acoo aty
sui acoq acop acoo ixk abhl nym
suj paf
suk acoo abnh him
sul acoo acop acoq vrk
sum acop acoo jno
sun eow
suo acop acoo jmz
sup skj izf xab
suq acoo acop pwk
sur acop acoo nhg exe
sus azg
sut acop acoo xmw uml
suu acoo vyp
suv acoo ipp
suw acoo acop acoq wjk
sux acop acoo acoq wxa plg kfx hjn
suy acop acoo acoq ara
suz acoo acop hph tvp ifc
sva acop acoo fqd edl
svb acoq acoo acop ocz cgf
svc acoo de orw sjz skh
svd acop acoo acoq ugy
sve acoo jnk (vhk zwo aex box)
svf acoo wrm bxq
svg acoo acop djq
svh wum (wqx bta)
svi acop acoo acoq kkx
svj acoo acop mfh
svk jts
svl erk
svm acoo acop nps
svn acoo acop kag
svo uen nse
svp acoq acop acoo lpi lwm
svq acop acoo acoq elk
svr acoo acop acoq imy
svs acop acoo acoq jqn syp aahf
svt mpw
svu acoo acoq acop wqt uva
svv gxg
svw waa pdk uil
svx acoq acoo acop he
svy acoo acop qnz nnp (ztr euh) pvq
svz acoo dvh mae asq
swa uzr
swb acoq acoo acop lwr
swc abzy
swd acoq acoo acop aazp
swe acoo acop lfu
swf ipa
swg acop acoo lyh zrv
swh acoq acoo acop kmy kzv wyl
swi acoo zyl aciv
swj acoo pem khr
swk acoo jqt
swl acoq acop acoo vzb
swm acop acoq acoo adm xrm suz sul
swn acop acoo rrm
swo acop acoo kha hvz
swp acoo czx
swq acoo aqx zil kyy otw
swr acoq acoo acop aacl
sws ebe kla
swt acoo acop fcw
swu acop acoo brt mha wyu gdj
swv inv trm acfk
sww acoo pxo ouj epy vks
swx tri lam
swy pcc
swz acop acoo acoq jpf (nfx abfp)
sxa sit njb
sxb acop acoo uj
sxc kft acdu
sxd tay
sxe ins ord
sxf acoo aur nqe
sxg sta yjq dwc bvf xxn
sxh acoo isx pvq
sxi acoo acop qx
sxj acoo auc oza
sxk acoo acdy
sxl acoo iza uew
sxm acoo fw xln
sxn acoo acop wpm
sxo acoq acop acoo sos
sxp acoo hzi yqd zfv dyw
sxq acoo acoq acop izv
sxr acoo vvj
sxs en onn
sxt acoq acop acoo vs rmf paf pnn
sxu acoo acop asq
sxv vpo tvi
sxw acoq acop acoo ioa
sxx acop acoo mhf pcc
sxy acoo acop smw
sxz acoo jvd
sya acoo acop acoq dql
syb acoo odr
syc acop acoo rky
syd acoo acop nxc abok
sye acoq acoo acop biz
syf acoo acop aadh
syg acoo tat rhc
syh rql
syi acoo ygj
syj vhs
syk aakh
syl acoo pbl
sym acoo acop xkp
syn acoo lkx
syo acop acoo aafr
syp sgx mab gvq pbl
syq acoo acop toq ryb
syr acop acoo qhp hfc lcr
sys acop acoo gxt
syt acop acoo aatu wqs
syu dkp
syv acoo pxn
syw acop acoo nbq
syx acop acoo acoq achu
syy acoo neb
syz acoo kwr aclh
sza acop acoo mju ee
szb acoq acop acoo ahd
szc utf rzo aks
szd ziz feu wdb imj ckr
sze acoo acop acoq tip
szf acoo acop mdf g
szg htp
szh acop acoo acoq acnm rah
szi acoo acoq acop jeu
szj acoo uar
szk acoo lmd eeb
szl ngz pkq
szm acop acoq acoo lmv
szn acoo acop uxc
szo acoo acop ujc
szp acoo kfk
szq xxn
szr acoo atm
szs acop acoo gvy
szt jwh
szu acoo yl nxa ekc
szv acoo eay
szw acoo emc aadx abbe
szx acoo acop pum
szy acoo acop xov
szz acoo gut
taa acoo acop zhb
tab dvx hfs
tac acop acoo nu mau vmr
tad drx
tae srj
taf lzx
tag acop acoo acoq uiy wva knf
tah asf imy
tai acoo acoq acop byo
taj acoo acoq acop ozw
tak xwj
tal acop acoo lrb
tam acoo xpp
tan acoo guc
tao acoo acop pvv oms kmy olt
tap acop acoo cto
taq acop acoq acoo itl gfc kuo ccr
tar acoo acop ppa abgh lk hml
tas acoo acnf
tat acoo abbd eyd
tau sjs
tav acoo cqr
taw acop acoo wcc mjd spn yvj
tax acop acoo vwa lrp
tay acoo tqn
taz acoq acoo acop hqj
tba acoo acop mvo
tbb acoq acoo acop xwu
tbc acoq acoo acop qmx gdc
tbd acoo acop hbt
tbe acoo acop jwr klh
tbf acoo accg eok acky aapn
tbg acop acoo lze
tbh ivh
tbi acoq acop acoo yqb
tbj acop acoo acoq aue
tbk acoo acop acoq xxa
tbl acop acoo vbm qpw ltk anm
tbm acop acoo aagr abco gab
tbn acoq acop acoo cwj rqq
tbo lbu yxl aasr
tbp acoo rgr yqh aazs
tbq acoo acoq acop aen ckr ckf
tbr aavs
tbs jlo (njl lgh)
tbt lat
tbu acoo acop acoq jag
tbv tmc
tbw acop acoo acoq lvm glk
tbx acop acoo tch pwm oc
tby acoq acop acoo hro vdm (adj ukc)
tbz acoo dfg
tca acoo acop ah yal
tcb acoo uuw
tcc jzr
tcd acoo hjv
tce acoo acop aev
tcf acoq acop acoo pal
tcg acoo abkj
tch acop acoo acoq whc
tci acoo wyc (pai nv)
tcj acop acoq acoo gqh
tck fpk
tcl acop acoo acoq akv bil
tcm acop acoq acoo hct nax
tcn acoo ydk
tco oru cbj
tcp acoo wzq abwy oly
tcq acoo kdd
tcr acoo jfs jfn ffa
tcs acoo acoq acop jcj
tct acoo acop abq
tcu acoo acoq acop kwn rtm
tcv acoo acoq acop lfm
tcw acop acoo trq aafe
tcx acoo acop acoq qwl
tcy tjm
tcz acoo arb
tda acoo bhl
tdb acoo acop aaz
tdc hqx pxj
tdd acoq acoo acop oxd
tde acoo huw
tdf dok
tdg acop acoo hiv eng jrr abiu
tdh acop acoo dsj aavc
tdi acoo qvo bie pqe
tdj acoo acop vxr ojb achb kkz
tdk acoo hzk
tdl acoo acop sqx
tdm acoo acoq acop ayv ksa abmt xsy
tdn acop acoo qbz clu mou
tdo ucb
tdp acoo osn
tdq acoo acop nun
tdr ent
tds acoo acop tda abfv
tdt acoo alb olx
tdu acoo zhe
tdv acoo acop tyk
tdw acoo acop rfd zyp
tdx acoo wir jcq abdc
tdy acoo acop acoq olj
tdz acoq acop acoo hao
tea acoq acop acoo acoc
teb acoo nna bsr
tec bug
ted acoq acop acoo xqr
tee tcp qxd
tef mab wuk fbv
teg acoo mxp
teh kuw
tei acoo okh axu abws
tej acop acoo arb zul
tek acoo acop tnq
tel acoo acop oeo
tem acoo xaz xix gll gl wzm
ten acoo ave
teo acop acoo esl wrk aej ylz
tep acoo acop abke
teq acoq acop acoo qqn
ter acoq acoo acop lan htu
tes dsd klz
tet acop acoo acoq dnv
teu acoo acop elj
tev acop acoo sjl jao ztd (jtz dem)
tew acoo uov
tex acoo acop pcf
tey acop acoo suj
tez acoo jrz yrc
tfa acoq acop acoo nsv
tfb acoo gqi pma (rln mwy)
tfc acoo bqj
tfd acop acoo vld
tfe acoo acgx cdj
tff sbq sti
tfg qzd
tfh acoo acop sde abwn fqk iio wlr
tfi acoo acop ywp
tfj imv bif
tfk acop acoo lvj
tfl acoo qhv rek ehw
tfm acoq acop acoo aabm xcg
tfn orr abxu qle
tfo acoo ppp
tfp acoo acop acoq ouz
tfq acop acoo bvy
tfr acoo acop biw
tfs acop acoo idc
tft jgf acge bl
tfu nqc
tfv wuk yfc iks ao
tfw fzk ouo tva ldh lmd
tfx acop acoq acoo bgm rjb
tfy acop acoo njs yyh
tfz acoo kst cro paz
tga azd cxd
tgb acoo ega
tgc acoq acop acoo qnh
tgd oaa jns vrf abot
tge acop acoq acoo dbg
tgf acoo acop ngl
tgg acop acoo jgj
tgh acoo acop vno dyk bzm
tgi acoo acop aaiv zyv
tgj acoo acop stj aadt
tgk esg
tgl ofj
tgm acop acoo acoq xrv
tgn acoq acop acoo tdh rff
tgo acoo sab hav
tgp acoo vnz
tgq acoo acoq acop ydz pmg (uwa yvx) cmn
tgr acop acoo abfb
tgs suq
tgt acop acoo ojd ljl
tgu acoo acop lzm
tgv nqk
tgw stv jyu dgw
tgx acoo acop acoq kap ypo
tgy acop acoo acoq esx
tgz acoo tmy
tha acoq acoo acop twj
thb hyf
thc nlb
thd acop acoo gon
the gca
thf acoo acly sbm
thg czt
thh qyg
thi acoo acop str us
thj acop acoo abeo
thk acoo rto
thl ovi (mxu sjm) kqr sea
thm cty
thn acoo jqf jvt czc qgk
tho acoo ort gdg kqj
thp acop acoo gdl
thq acoo acoq acop aaxl
thr acoo acoq acop fvs (vyt lhc)
ths acoq acoo acop ku uuh tgg
tht acoq acoo acop myz gey mlk
thu acoo acop dti nqq
thv acoo qmw etj gab
thw acoo upk aboe wgf
thx acop acoo cca
thy acop acoo ogu hfq
thz acoo acop bvn
tia acop acoo tmb
tib acop acoo kml vwy kms
tic xwo qrh
tid acop acoq acoo vv
tie acoo acoq acop dqk
tif acoo btv
tig acoo acop acoq vpj
tih acoo juo woc
tii yqn
tij acoo uzk
tik acoo aom
til acop acoo acoq qmb yve
tim acop acoo acoq lwf oo gxa
tin acoo kzc ofs ofk iqq
tio acoo acop poh aanp
tip acoq acop acoo urt
tiq acop acoo wtk abfc
tir qrx
tis acoq acoo acop mbd
tit dfh rty
tiu acoo gcq
tiv acoo acop acas
tiw acoo abfd uro
tix acoo acop fms mem aayk
tiy acoo aasg
tiz xbp
tja acoo cwh dek
tjb acop acoo koh
tjc acoo acop acoq pxw
tjd acop acoo ahb lcr ktt ptk
tje acoo acop acoq ioq aaho
tjf acoo bpt kew
tjg mxe ooo
tjh acoq acop acoo vol
tji acoo acoq acop acb
tjj acoo ost grn
tjk acoq acoo acop iwa fxs dhx
tjl achj (lht tpj)
tjm lqh aadx
tjn acop acoo ent
tjo acoo acop eep uai ioi
tjp acoo gyj hwh kwj
tjq acoo acoq acop aatg
tjr acoo nyb bwe kwu zhn
tjs acoo ztg
tjt acoo acoq acop bom
tju acop acoo acoq fxp feo
tjv acoq acop acoo gqp
tjw acoo zad
tjx ewv
tjy acoo yao mok
tjz acop acoo ftm hhn nae
tka acoo acop acoq arh
tkb abhu kqv
tkc acoo vuc igk
tkd say glv wtt
tke svs
tkf acop acoq acoo cpl
tkg acop acoo vhw abql jmd
tkh sgh
tki acop acoo wjo
tkj acop acoq acoo tyo
tkk acop acoo acoq mqi
tkl abxy acmb
tkm acoo jwe
tkn acoo acop acoq kga abqr zxq
tko acop acoo htx hpn
tkp acoo acop auo yfu
tkq aayk
tkr vkc acio mz
tks acoo acoq acop wdr ttk wqj lma
tkt acoo o
tku acop acoo def foi
tkv rga bap znj
tkw wdu
tkx pyo
tky acoo acop acoq aclp jld
tkz vqs
tla acoo ssa
tlb acop acoo map
tlc acoo hlh abjb
tld aasb (abzm gwa)
tle acop acoq acoo hrv
tlf cha qqk
tlg acop acoo udv rbr
tlh acoo acop rfp
tli acoo acop xjf
tlj acoo acop acoq acjo xxv ojw
tlk qnt
tll acoo qsl
tlm acop acoq acoo ymi tb ablm
tln yje xgo siq eiq gwr
tlo acop acoo acoq aasf
tlp yqc
tlq acoo ygx nti
tlr vac exo
tls uky
tlt acoo rmn jwy
tlu sio odi ebl fgi
tlv acoo quh zzi
tlw acoo nby
tlx zfo
tly acoo fcn
tlz acoo ldz
tma acoq acoo acop lln
tmb acoo acop acoq phq qek
tmc acop acoo acoq lvr x
tmd acoo acoq acop wjo
tme lqw rky gki pvx
tmf acoo joa abcn
tmg acoo ptb pdv
tmh acoo plb dll whv myt
tmi ozp ohu bty zkd svu
tmj xgy
tmk acoq acoo acop muw pno
tml acoo puh
tmm acoq acoo acop ggh
tmn acoo qfy lev
tmo acoo zoy
tmp wxb
tmq url xmv njc mql nzp
tmr acop acoq acoo zx
tms acoo acop acoq iqn
tmt acop acoo acoq xsa
tmu acoo acoq acop rjs gvz lla tne
tmv acoo lxa
tmw acoo acop qxc
tmx acop acoo acoq qre
tmy acoo oaf kvv aabe dek
tmz acoo acoq acop tep
tna vlk
tnb acoo ode
tnc acoo acop acjy erj
tnd acoo tca
tne acoo ppk
tnf abqu
tng acoo bqb
tnh acoq acop acoo yyh
tni dkv
tnj acoo acop czs
tnk acoo acop acoq wep eut
tnl acoo acop acoq isf dgi uap xwf
tnm fpq tax hys
tnn acoo acop sdp sy qin piu
tno acop acoo gal
tnp acoo ghs
tnq acoo acop ptm aajj
tnr acop acoo qh
tns acoo acop acoq hoy sul
tnt acoq acop acoo abkv
tnu acop acoq acoo uxi xeg jar zai
tnv acoo acop wqi
tnw acoo scl
tnx acoo qtx yoq
tny acoo acop wyz
tnz acoo acop kfz fmj
toa acoo rbb
tob abdj
toc w srq aagp hpz
tod vte aum rqd hwn
toe acoo qas
tof acop acoq acoo asc fdt
tog acoo acop cfr cde
toh acoo mi
toi siv
toj ipz
tok acop acoo acoq mdw abpm ykq
tol ttx
tom acoo elb jwt gfe
ton acoq acoo acop ifu
too acop acoo nfk aahs bay kit
top acoo mga ykb
toq hdg
tor acoo acoq acop bur
tos aaon grf
tot acoq acop acoo zuk
tou acop acoo mex
tov acoo fax gyv
tow acop acoo acoq aamr
tox acoo glm wrx
toy acoo abzf
toz acoo acop wcf
tpa acoo acop acoq hmh (rdc iup ojk olb)
tpb acoo acop myj
tpc xqs bwl
tpd ycu
tpe acoo cjx
tpf acoo acop yvn swo drl
tpg acop acoo acoq xsj
tph gue scf
tpi acop acoo acoq egu flh xzw njx
tpj acop acoq acoo aagu wbw qwh
tpk acoo rvd
tpl dxs
tpm acop acoo zkj
tpn acop acoo bni
tpo acoo acop ff
tpp acoq acoo acop oxw kkx
tpq acoo ass
tpr acoo acop acoq aamf
tps vyz
tpt acoo acop qet umx
tpu byb
tpv acoo acop gso
tpw acoo acoq acop bnx spw
tpx ehi enx pci
tpy acop acoo acoq bhm
tpz nph
tqa ktw fxz
tqb yhw sou
tqc acoq acoo acop abcc
tqd ackb
tqe acoo acop nun abdz nez
tqf acoq acop acoo abzx
tqg acoo acop rbf dlz dxu nqr
tqh acoo acoq acop ven nrn ztb
tqi unm lsg (umf zvv)
tqj acoo jkz
tqk acoo acop ehs tgk ewh qpu
tql acoo kqa
tqm acoo acop acoq pli
tqn acop acoo xyh kgg zup
tqo acoo acop zdv
tqp acoo wjl dld vkf
tqq ogd
tqr acop acoo yor fkl jau
tqs lqe
tqt acoq acop acoo xve
tqu acoo acop uts
tqv acoo xjr
tqw pjb
tqx koo
tqy acoo ixx
tqz acop acoo acoq kjq
tra acoo iuc ujk
trb acoq acop acoo qr
trc acoo ejh
trd acoq acoo acop xss xvq aan
tre acoq acoo acop abah chh bdh (jts kkw)
trf acoo acoq acop xxj esf
trg qoy nrt doo
trh abtm
tri ypx
trj acoo ikw
trk acoq acoo acop oad (aalc tuc nqr eoz)
trl acop acoo abdb
trm acoo tbe
trn acop acoo lav tdc
tro acop acoo bjv
trp ccs
trq acoo acop oyu
trr mut
trs acoq acop acoo nii dpm omg
trt aadb yoi
tru hlq vdm
trv aq
trw mhv
trx acoo ael
try acoo acop onl
trz acoo nir kma (dxq wyx)
tsa acoo acop acni vll
tsb thj
tsc aaan aamc
tsd acoo xqr
tse acop acoq acoo aii
tsf gay
tsg acoo fgg
tsh jxa kwh ute
tsi acoo vcv
tsj acoq acop acoo vp achh acgj
tsk acoo acop acoq wrm
tsl acoo dbg wwd
tsm acop acoo blq
tsn acoo nuh
tso acoq acoo acop rx lyi
tsp acoo nfu acaz bkq
tsq acop acoo acoq uos
tsr acop acoo gfn izv (wye nel tie)
tss vvw
tst acop acoo qun
tsu acoo vmw ibu
tsv acop acoo its
tsw acoo acoq acop abeo cun ske
tsx acoo acoq acop bnj (gns ena abit tfh)
tsy acoq acop acoo lvz pzq cgk
tsz acoo tsk qda
tta zek
ttb acoo wjm
ttc acoo acop yyq
ttd acop acoo rvy
tte acop acoq acoo zfw npi aahx
ttf acop acoo wrr
ttg gcy cps zvt asg
tth zuh
tti rai
ttj shz
ttk acoo acop syh
ttl zek uzg
ttm ebl hwn
ttn acoo acop zae
tto acoo yjh aayc xkj acbh
ttp acoo acop ddu
ttq acoo sdk aceo uni
ttr acop acoq acoo abrc bau
tts qoj
ttt mbz
ttu mag fmz fkx
ttv acoq acoo acop rdw
ttw acoo acop yuj
ttx acoq acop acoo rqi achn zut qhx
tty ufh wd bqe
ttz biz
tua gsn kdw zcb
tub acop acoo oub
tuc acoo puj
tud acoo lll
tue acoo qew idx
tuf acop acoo eps (jqo xj) wku
tug ehh
tuh acoo acop lhx
tui acoo acop suo grk wxz
tuj acoq acop acoo eoe
tuk acoo yug jwf
tul acop acoo fqb
tum acoo acoq acop abgl ctv
tun acoo fak zuv noc
tuo acoo acoq acop tna
tup acoq acop acoo duj
tuq acoo acop fep
tur acop acoq acoo kzp
tus acop acoo acoq wol ede
tut acop acoq acoo axm pvh ogd uqs
tuu acoo wsn
tuv vms
tuw acop acoo acoq qwb
tux acoo kza ilx
tuy acoo acop hsq (bci wkp mgx)
tuz aaz aqh
tva acop acoo acoq iwj
tvb acoo acoq acop aamv akz
tvc mbq
tvd acop acoq acoo lbb aza haa
tve acop acoo akr peg ckr
tvf acoq acop acoo sbp
tvg acoo kwd
tvh qzn tbu
tvi acoo acop uby
tvj acoo jym aadm tip ablb
tvk acoo vzt gco
tvl acoo acoq acop asc
tvm acop acoo zqo
tvn acop acoo acoq azm apk buw
tvo liy
tvp euh
tvq skk
tvr acoo xdg
tvs acoo rtu
tvt acoq acoo acop vvy aaok
tvu acop acoo gxh udx hal
tvv fcw
tvw oma bmq
tvx acoq acoo acop fip
tvy acop acoo oya
tvz lzj hex
twa acop acoo upu
twb acoo ydh
twc acoo acop acoq sgg bfl abz
twd acoo acop acoq pqx
twe acoq acoo acop smd jjd (zip nsf)
twf acoo acop acoq ezg
twg tnn
twh acoo kzj yda oxt
twi acoo acoq acop abtq
twj acoo acoq acop hzh wqh ncj daf
twk acoo hhh gsr maz
twl acoq acoo acop iar
twm acoo atb
twn acoo muz
two acop acoo acoq nhp
twp rmx
twq acop acoo ynr
twr acoo ays
tws acoo acoq acop aru
twt acoo acop kvl
twu acoo acop fdi tg jnp
twv acoo bvc
tww kdm aaah vqf rva
twx acoo hnw anu dse
twy gxs
twz acoo acop tog
txa acoo acop thq
txb acoo lap ugs kva pzh dfs
txc acop acoq acoo rav
txd acoo jcn
txe acop acoo peg
txf gxv uqe smk kxn
txg acoo wpw gnc
txh acoo acoq acop fmk (qwy gzl)
txi acoq acoo acop icy vwf
txj bxt
txk acop acoo rvn abjo
txl acoo obk tdx
txm zpz
txn acoo frj
txo acoo iie bcp
txp acoo hrb
txq acop acoo acoq jlu mmj
txr acoo kkd
txs acop acoo acoq haa mmu fod uqc
txt acoo acop eua jle
txu ewq zri ckj rgn
txv acoo acoq acop omt
txw acop acoo xeg
txx acel
txy acoo kgo
txz acop acoo ovp
tya acop acoo ct
tyb acop acoo oky (cat xlj yhn)
tyc acoo mcb
tyd acoq acoo acop acod
tye acop acoo wrv
tyf acoo kzo abzl lot
tyg yl dxj
tyh acoq acoo acop qmo
tyi tbq gov rpx
tyj aaqi
tyk acoo acgh
tyl bnz
tym acoo acop acoq cil tfz wcn
tyn acoo shi
tyo acop acoo nou
typ ula jfb
tyq acop acoo dmd yge ujo
tyr acoo piw
tys acoo acop mbz jk
tyt acop acoo hqi juk
tyu acop acoo cdy
tyv acoo hnl
tyw acoo aaqf
tyx acop acoo yih
tyy acoq acop acoo axr
tyz acop acoo lzl
tza bcz lfq
tzb uif pkk qtz aclp lbv
tzc acoo acoq acop qok lbk emr pob tbm
tzd acoo acop gqs
tze acoo acop uaw cpp
tzf acoo fjn xyr zke
tzg usv usg dbd dmw ofr
tzh acop acoo acoq rhs
tzi acoo wpg xsy
tzj acoo cvr tfr
tzk acoo acop lyo
tzl aso
tzm mkd
tzn acoo acop nl
tzo efc alr xbj
tzp acoo acop kpe
tzq lsq ytm
tzr np abli
tzs acoo acop bde
tzt ecm
tzu acoo pop
tzv acop acoo ztq emj
tzw acop acoo uoo nka oxe
tzx acoo acop qdx
tzy acop acoo tmk
tzz qmk qud iut
uaa jbe qbz abwe fim
uab acoq acop acoo aqi
uac wrg
uad acoo acop acoq yo zqc
uae acoo fji
uaf acoo pwl
uag abri rhf
uah acoo absr bzm kgk
uai acoo acop kwf
uaj acoo rze mdf
uak acoo acop acoq qnt cel hgv
ual bfq fuj
uam acoo acoq acop azy
uan acop acoo vnt
uao acoo acoq acop arl gij
uap cdf xfe
uaq acoo acop acoq vhv ibw ixs fkp ecs
uar pqi gob
uas acoo inw
uat acoo ibv noe
uau acoo acop acoq qjz sdz trw
uav acoq acop acoo zvc orw tkr
uaw yhn vhh
uax acoo jaz (jsg cfh)
uay usk
uaz qet abbm
uba acoo aceq
ubb acoo kcl
ubc acoq acoo acop jea
ubd acoq acop acoo ojj wnz
ube acoo fhc csj
ubf acoo acop fvo
ubg acop acoo acoq ifq nzm ses
ubh nrt
ubi acoq acop acoo wju
ubj ati nfw achc nqc
ubk cho dkg
ubl acoo acop kig wmz
ubm acoo acoq acop hos
ubn vro qqp ptc cjp
ubo fpc
ubp acop acoo xcn
ubq acoo acop hwx
ubr acoo acop acoq dsm wcd
ubs acoo fvr rbk
ubt acoo acop gib
ubu acoo cga dib
ubv acoo hpy
ubw acky woq
ubx acoo gne hor
uby acoo accu
ubz acoo acop acoq azs
uca acoo acop rgi njo
ucb yvr
ucc acoo acop pq
ucd sjl
uce acoo mnu pyg
ucf acop acoq acoo vcr
ucg ddy
uch acoo acoq acop mnf
uci acop acoq acoo qjm
ucj acoq acoo acop nxx icn
uck cts ldz fkh (plu udw)
ucl acoo dyx fvv
ucm acoo gnd nf
ucn ujm
uco acoq acop acoo pcw
ucp acoq acoo acop gsd okc ago
ucq abxo
ucr ixj
ucs acoo vji
uct acoo bue
ucu acop acoo gdu
ucv ykt
ucw acoo exz acmr aaap
ucx acoo abyv jyg
ucy acop acoq acoo tuz iqp ntx
ucz acoo acoq acop ret
uda stc tim
udb hvp
udc acoo imo
udd acoo mlh edj xl
ude zxb xxb zfi syq
udf acop acoq acoo ckz qgo
udg acop acoo xyx gup iab mjm
udh acoo acop vmx
udi acop acoo paw
udj acoo acop uzx
udk acoo acop acoq arr
udl acoo acoq acop vmv vvd
udm acoo acop nhn
udn acoq acop acoo zxk
udo acoo tgk
udp qln bey vxp
udq acoo hj
udr xzb
uds acoo qar
udt acoo acoq acop aaxh
udu acop acoo aawo
udv acoo wem
udw hxu
udx acop acoo ftn
udy acop acoo fzq
udz ryz
uea see
ueb acop acoo lep ackc
uec bmp
ued acoo iza jfn
uee acoo uew uhk
uef uif zja (ooq gts izy)
ueg acoq acop acoo drw ldo poq
ueh acop acoo gpy
uei zw
uej acop acoq acoo vzl
uek ablu
uel acoo vvh cqn lyg ges
uem olx
uen acoo acop acoq gxv
ueo qlr
uep acoo acop dec
ueq acoo acoq acop twx (hgr yqr) knz veu
uer acop acoo ivh
ues acop acoo gms
uet lfz
ueu wcq
uev tfo
uew ujk (lzy nbv) uuq wdy
uex acop acoq acoo abbk
uey acoq acop acoo noo mch
uez acoo xzr
ufa acoo abwl enu vnl
ufb acoo acop tmy
ufc acoo acop hn
ufd acop acoo bej
ufe ugg vhp upb nke
uff acoo acop lfj
ufg acoo gnl
ufh dfa
ufi acop acoo gwz evp nbg
ufj acoo acop fj
ufk acoo acop acoq ks
ufl ogk aavb
ufm acop acoo acoq nne
ufn acop acoq acoo able zmm mju
ufo acoq acop acoo ydn
ufp acop acoq acoo zek
ufq acoo abpd
ufr acoo qad
ufs acoo acop acoq dgr ddq kkt unz
uft acoo nbc avi elm jeh
ufu blu ttb oel lsv lnd
ufv acoo gb
ufw acoo knf ivj
ufx acoo acop sne
ufy ro yrk yyq
ufz thy bpa hrw
uga acoq acoo acop zaj
ugb acoo acop acoq mup
ugc oei
ugd acoo gse zmx
uge ymc
ugf acoo acop hvp
ugg acoo kff
ugh acop acoo acoq xbq
ugi acoo acop dwo acgr (pzy gim)
ugj acoo acop ibs bo
ugk acoo acop acoq swj orm zzu
ugl acoo acoq acop qbr
ugm czn
ugn acop acoo jfp
ugo acoo acop gts acdy tum
ugp acoo csv
ugq hfs
ugr acoo acop acoq rcj
ugs acoo acop acoq yma dhj tat vxs
ugt ble qfv
ugu acoo acop rwx yoq aage
ugv acoo uih
ugw acoo bba
ugx acoo acoq acop vrp tvb dhv
ugy acop acoq acoo dki djk
ugz acoo djw
uha liw
uhb cel
uhc acop acoo gpr tyv iao ruq
uhd acoq acoo acop yzw
uhe acoo acop acoq yqv
uhf acoq acoo acop ynv
uhg acop acoo acoq pai abef aaax
uhh acoo idg yqt xfw
uhi grb (mtf xfw abuh)
uhj abnf
uhk ktj wvq aaci
uhl acoo acop dfc
uhm fad
uhn acoo asu
uho gzy
uhp acop acoq acoo jyd
uhq acoo acop gjm
uhr acoq acoo acop fvh aaol hsg ar
uhs acop acoq acoo wxx ebn esi wbj
uht acoo pf
uhu acoo acoq acop pzq
uhv acop acoo acw hmi zqq
uhw acoo acoq acop mln qjo
uhx acop acoq acoo jxp rte
uhy acop acoo bvx
uhz acop acoq acoo uoz
uia acoo acop wtl
uib acop acoo gbs
uic acoo nji
uid acoo acop stk rni
uie acoo zhw
uif acoo acop acoq cjx
uig acoq acop acoo pka
uih yof
uii acop acoo xlj bgu cqc vnm
uij acop acoo oom szt sms
uik acoo acop aazv
uil acop acoo aayp tlk
uim wbz scx rfh
uin acop acoo oxd
uio acoq acop acoo wbw
uip kqm
uiq acoo akp
uir acop acoo lly joi
uis acop acoq acoo msh igd jeo
uit acop acoq acoo aafr
uiu acoo acoq acop izn zhw
uiv acoo etk
uiw acoo iz mpg
uix acop acoq acoo vot yys
uiy acoo dsz bpi ddf rml
uiz sza
uja acoo idf
ujb kft
ujc acoq acoo acop fea
ujd acoo acoq acop qsu lpt mic tge
uje acop acoo dkg zda slb
ujf acoo acop acoq kxz achn iq yyp zru
ujg acop acoo aafj
ujh acop acoo fkz who
uji acoo nna dkv ovl
ujj acoo ssk
ujk acoq acop acoo szv
ujl fto ilh icn atd owj
ujm acoq acop acoo hem uba oos lac
ujn acoo aqa
ujo acop acoo vql sxj qz axr
ujp acoo bmy mbr dpa gsk
ujq acoo egu
ujr zti jwo ocg las wkw
ujs acoo mdf qxt
ujt acop acoq acoo zlc
uju acoo dkx vij
ujv acoo nyw
ujw acoq acop acoo lcb eof dhj
ujx acoo acoq acop htc nsl abzt
ujy acoo kek
ujz acop acoq acoo rnr plv
uka acoo aalm
ukb amf uzi ubp
ukc acoo igj
ukd acoo dak
uke xwz ars cuc pqu
ukf acoo acop tae nxq xnx cse
ukg gwy
ukh acoq acoo acop khi
uki acoo abbc wfy
ukj acoo cyq
ukk kql qmu
ukl acop acoo wbi
ukm acoq acop acoo tvp adv tko abpj
ukn acoo jin pee
uko acoo acoq acop uif
ukp acoq acop acoo utf
ukq rqo krr
ukr acoo acop acoq gmn acib
uks acop acoo bwd
ukt acop acoo jjz
uku lpc
ukv acop acoo sob
ukw acop acoo ovy abuu mft
ukx koy
uky acoo zyw
ukz acoo acoq acop auy
ula acop acoo yej
ulb acoo acop cqf
ulc acop acoo pgx
uld acoo acop knx aaub eih piq
ule acop acoq acoo crz
ulf acoo acop acoq swg skf
ulg acoo acop pxy
ulh aot wbi knm
uli acoo mpe svd uab
ulj acoo wyt wez
ulk acoo acoq acop jgn
ull acoo ykk
ulm mzx
uln acoo pd
ulo acop acoq acoo iry fbc kao
ulp acoo acop efr
ulq acop acoo qlc
ulr fwv (iqu del ejy)
uls acoq acop acoo aamw lcr
ult acop acoo acoq aey bxz hpu zgf
ulu acoo bpm
ulv acoq acoo acop bil
ulw vqy
ulx acoo acop acoq evv wec
uly zpa
ulz acoo uqh
uma eyl
umb acoo acop sfe jaf osz
umc acoo acop aadt
umd acoq acoo acop jnq
ume acop acoo abol
umf kar
umg acoq acoo acop mjn
umh acoo abfk mgb
umi nps
umj svc sgt htw
umk acoo fjg
uml rii
umm acoo kxg
umn acoq acoo acop qsx sej
umo acoo luu
ump acoo jjh
umq acop acoo xny
umr qqe
ums acoo acop adx
umt acmr
umu acop acoo acoq emi aro aadp olc
umv any
umw acoq acop acoo cbv cml pbx
umx acoo cfh
umy acop acoo abxq oiz av
umz cos
una acop acoo acoq abqf
unb acoo acoq acop rbb
unc acop acoo ziv xlc zrl tey
und acoo ska
une acoo tzd fqn esq ikt
unf acop acoo keh knc
ung aoh
unh acoo rrq
uni acoq acop acoo bia
unj acoo aavz
unk acop acoo fdf
unl mqi acnw zwy aoz
unm acop acoq acoo vai lkd ihd ogp hrz
unn zye (sni hxw)
uno acoo ruk yq czq
unp acoo fvb mhm
unq iox
unr acop acoo acoq xk
uns acoo slq wsz
unt acoo pbo
unu acop acoo lhm
unv acoo tmi nut cx ysg
unw rlw
unx sk
uny aalf daa
unz acoo bzp bmv
uoa acop acoq acoo nxi
uob hqp
uoc cm qdv aaeo
uod acop acoo mkd vav
uoe acoo rgl
uof acoo slb npm
uog lvc riv
uoh lyz
uoi acop acoo xoz nxp psw
uoj acop acoo trt nuz
uok acoq acop acoo sqd
uol acoo zxy
uom acoo qio iue aes
uon acoo acop acoq lyk
uoo acop acoo wde
uop acoo aagc wau cld
uoq acoo acop abps
uor uli
uos acoo acop awz aauh
uot acoo oio
uou acoo sxk
uov acoo dsa vsl mrx lai enj
uow acoq acop acoo tpk fqr zqu
uox iyb
uoy rxb
uoz wxq
upa dnb iz ns fxg qvq
upb vdd zef
upc aand hsz mls
upd acop acoo khu
upe acej
upf acoo acop acoq etk
upg acoo acop qmg wit civ
uph acoo acoq acop tij
upi acoo acop gwu
upj acoo ega
upk acoq acoo acop aces
upl acop acoo hpw
upm syi ahf
upn szi
upo acoo acop cpv
upp acoo acop xo
upq acoo acoq acop qxt
upr acoo acop acoq eye
ups acoo acoq acop ivy tgt yjk
upt cmh
upu xgl ubw
upv oss
upw smm
upx acoo acop lra
upy acop acoo acoq kst (fis viu)
upz acoo iax abef wod zfz
uqa acoo eiu
uqb acop acoq acoo nsh lfm ppx tcb kg
uqc acoo acop dzy pwo aclb
uqd czo btc
uqe acoo acop uwa
uqf acoo aaao usv
uqg acoo acop fkv vkv gpo
uqh acop acoo iwi
uqi acop acoo qat ezi pfb
uqj hgg zci
uqk acop acoo acoq xag
uql acop acoo ovg
uqm gmn qjl
uqn acop acoo xkw lpu qgo szb
uqo acop acoo nvq hhm
uqp acoo acoq acop aiw opl
uqq acop acoo nif
uqr acoo acop jxa
uqs acop acoo acoq hac
uqt acop acoo nrd axp
uqu acoo acop fbf
uqv lal
uqw acoo acop ush spf
uqx acoo nko aawb aala
uqy acoq acoo acop gzt
uqz fjp vtg pyb
ura acop acoo acoq ane dpd
urb hjy dar
urc tco lob rxa szh
urd acoo grp mke abea djs
ure aazu gfc jvq
urf acop acoo acoq rou abmu
urg ose qrq zvu
urh acoo acop auo aakx
uri acoo bsd sl
urj acop acoo ail
urk acoo pgb
url acop acoo acoq fqp
urm jgj nxc ckk
urn hdx wfg
uro acoo jbw abtr
urp acoo acop acez zdr cny
urq acoo acop wok
urr zym hjp tiq
urs acop acoo pax abmh
urt acop acoo wnx
uru acop acoo acoq raz wlk gwf
urv gzo jtz
urw acoq acop acoo fpr
urx lwj abov
ury acoo usc uqo cog
urz acoo tdv hje
usa acop acoo ugt dcy
usb xih
usc qly
usd fqu fkv (ycu xzx)
use acoq acop acoo wub
usf acop acoo zpt rgj qwu
usg oze
ush acoo abic
usi acoq acoo acop xzz
usj acop acoo mg
usk pwq xxy ycr
usl acoo acop upw
usm acoo xha
usn acoo acop lqn byl
uso acoo acop wuc
usp acoo jpz drq yyc kmv
usq acoo kli
usr acoo myd
uss acoo acoq acop rpk mid
ust yus ids
usu acoo acop aarq izd
usv acop acoo euh fgy
usw zca
usx acoo acoq acop cxw
usy jvz (drl oji) tae
usz rxj get
uta acop acoo acoq rmi
utb hpn
utc acoo itn fwn
utd acop acoo acoq drv
ute acoo acop xpj
utf acoo xup
utg acop acoo uoa
uth acop acoq acoo abpe
uti acop acoo wqr
utj grd
utk acoo acop goy
utl acoo acop acoq fjq (lbc vfs aaaj)
utm acoo ifq kot
utn achi
uto acop acoo acbi ljo
utp evb kvf bij (aaad svy)
utq acoo acop acoq efg mq ablc
utr acoo wl mec hzh
uts tjo
utt ocs
utu xiw
utv acoo oqi hwe
utw acoq acoo acop ulq dax yid
utx acoo acop aazc
uty acoo nns rdm
utz acoo llh
uua acoo acop acoq eu kfx nuc
uub mcu
uuc znz fef
uud acoo vvz psa
uue acoo ubk bme yik yra
uuf acoo aaha
uug acoo acoq acop rjc
uuh kry awc
uui acoo acop rky kop dkz sjs
uuj acoo acop esd
uuk acat
uul phr
uum acop acoq acoo uwq abk
uun weu
uuo jt knj
uup tdz
uuq acoo kjs
uur acoo sad bqj bjk
uus acoo iyv
uut acoq acoo acop xqx
uuu acoo bzc qob dub pzr
uuv acop acoo nos jic
uuw acoq acop acoo dsv ici
uux acop acoo kol
uuy acoq acoo acop jyt mmr
uuz acop acoo ini
uva acoo vws
uvb acoo njj
uvc vfj
uvd acoo nmb acee yma
uve acoo acoq acop eio iov ajd
uvf acoo acop acoq hc
uvg acop acoo acoq slq atv
uvh acop acoo acoq ir fx lb
uvi acop acoo gkr qvv zht
uvj wwl
uvk acop acoo rci
uvl acoq acop acoo wzl
uvm acop acoq acoo evf qey rfg ryj
uvn uhb
uvo acoo cvy
uvp acop acoo skl
uvq wur lvd odl cje
uvr gxe
uvs acoo max bnt hef
uvt abfa
uvu acoo cta qqs
uvv acoo lye
uvw acoo acop cim aarl duq
uvx xie
uvy acoo ize
uvz acoo jvf
uwa wh
uwb skf
uwc acoo acop acoq ouq
uwd acoo acoq acop aacf dqi ugu amh aceu
uwe acoo lwh lja
uwf acoo vpt
uwg jkt (qjv zek kuy)
uwh acoo acop hmm
uwi ght
uwj ofw
uwk acoo ypa fau
uwl acoo acop eck yum nwn vjr
uwm lar
uwn acop acoo qmb dff
uwo rij dpu
uwp acoq acoo acop abej
uwq cwp nki
uwr acoo byx
uws acop acoo cty
uwt tea udc
uwu cfg bnx
uwv acoo dcw
uww acop acoq acoo nmz
uwx rfr
uwy acop acoo abjf
uwz acoo yzb
uxa tll
uxb acoo acop tak szz
uxc abuu zyc
uxd acoo tub
uxe acop acoo ocw
uxf xsq
uxg acoo txw
uxh wsr
uxi acop acoq acoo aasd xzs
uxj acoo abjn
uxk kfa ljl cvc shn
uxl acop acoo oct fd
uxm acoo acop acoq uy
uxn acoo knd
uxo acoo aavf
uxp acoo ut ugy iuw rqs amp
uxq acoo enp jrc
uxr acop acoo jtg xhz abzd qxi ewr
uxs acop acoo acgd aami
uxt tki jpl
uxu acoo acop ygo
uxv ssc
uxw acoo fiy rbi (ayv grn)
uxx acoq acoo acop raj fqz dxy cms qjm
uxy acoo iy
uxz acoo ackp xki pku aei
uya acoo acop phc
uyb acop acoo uxb
uyc ksc
uyd spa
uye acoo acop acx
uyf acoo acop ksg
uyg acoo oqd
uyh pmo ctn bli ndj
uyi acoo aanr gsf jvo
uyj acoo qfq rzy
uyk acoo acop xpc
uyl acoo acoq acop kbf
uym acoq acoo acop hnn fmp pwj
uyn acoo jwm vjy die
uyo acop acoo acoq xui
uyp acoo acop acoq giy
uyq uxy
uyr acop acoo aajy
uys acoo cvo
uyt acoo ylb
uyu acoo acop fqy
uyv xcv qna aik aawn
uyw acoo acop dmu
uyx acop acoq acoo acja wjm nul
uyy tob xk
uyz acoo acop acoq gtn lob yap
uza acoq acop acoo aarj
uzb acoq acop acoo ajz rko abam
uzc acoo hjb
uzd acoo wwc
uze acoo bcm
uzf acop acoo ukv vhp slo
uzg san ffa pmb axv
uzh mew hjk hoi
uzi acoo acop iti
uzj acoo gpj
uzk acoo aahp
uzl acoq acop acoo aabm ndb
uzm acop acoo jyj
uzn abaz
uzo pjv yfi uga
uzp acoo acoq acop pzw
uzq wwe
uzr acop acoo ece
uzs acoo acop iwp
uzt acop acoo yqt lrr
uzu acoo wld aaco aiw fcp
uzv acoo acop mnk rhl ozr
uzw acoo acop aciy
uzx sca tub (aajk shq iya)
uzy jxf
uzz acoo qed
vaa grf hu fsl pxp
vab acop acoq acoo wlp
vac acoo acop otq
vad acoq acop acoo ackz
vae acoo ghu
vaf acoo yga jgg gxp
vag acoo acoq acop yxj
vah acoo acop ksb ipe bpq sfe
vai ezy rfr
vaj acoo acop abgt
vak acop acoo abvt
val acoo acop eec cvb fws
vam ufi
van gya
vao acop acoo ftw
vap acoq acop acoo llx
vaq acoo acop gor
var acoq acoo acop psx pye
vas acoo acop noq naq iak mgh
vat acoo acoq acop bgw aya yea
vau acop acoo cmm
vav acoo acop bji
vaw ovo (ufo aaiy)
vax acoo acop acoq yqi
vay aabv
vaz acoo num del ackk nil hwc
vba acoo yx
vbb acoo acop fxa lqj mmy tqx
vbc qoi iii xze dbs
vbd acop acoo acoq vjy hdz nmp mnb
vbe acop acoo abca
vbf kmf
vbg jbf oju
vbh acoo skr zao acmb xut izf
vbi acoo uid nho cnw klh
vbj tmn
vbk acop acoo cvz (nzi xby kqq)
vbl acoo vkh
vbm acoo qai
vbn acoo acop zbe
vbo acoq acoo acop acl
vbp acoo acop lfu vvq dqd abnu bca
vbq acoq acop acoo alh nnd
vbr sxw enb xac zwx
vbs acoo yqr
vbt acop acoo ackg
vbu acoo acop ycg
vbv acop acoq acoo xyj
vbw acoo acop mls sbz
vbx acoo acop cvu fxd mir yrr
vby acoo skk sq acai bup
vbz acop acoq acoo oaq aaxz
vca acoo acoq acop zzq
vcb acdf
vcc bxj ckh uwl
vcd acoq acoo acop qit kie
vce acop acoo xnu mch nxv npy
vcf acoo arj
vcg acop acoo tmz
vch achn
vci aws qdp aamf
vcj acop acoq acoo ocl
vck acoo ifv xju viz kam
vcl acoo acop qfz kgw pdb
vcm joj abve
vcn acoo acop vut di
vco acop acoo abkk tgg (nbj tyt euo)
vcp acoo mgg
vcq acop acoo acoq ysk
vcr acoo tmw
vcs acop acoo tmm
vct acoo acop abto
vcu pek lat
vcv aqt uvg ivl uao
vcw acoq acoo acop vzv noo tac idv
vcx acop acoo uvo
vcy acoo rhq
vcz acoq acop acoo xmk
vda hbe
vdb acoo vva
vdc acoo acop ocf fry
vdd acoo sxs
vde acoo zkx
vdf acoo tfw
vdg wiq
vdh acoo qn
vdi rxg hhd
vdj acop acoo acoq axw kxa
vdk acoo azt
vdl acoo acoq acop nkf wku
vdm acoo acop acoq idl
vdn acoo acop fhe
vdo acoo iux
vdp acop acoo oqm yfz xyn hg
vdq acoq acoo acop sil kuk avr gqm
vdr acoq acoo acop acju
vds acoq acop acoo eji
vdt acop acoq acoo gyt msy
vdu acoq acoo acop ctl bue
vdv acoo dsi reu
vdw acop acoq acoo jph gol foh
vdx acoo acop osn
vdy acoq acop acoo vaw dzr
vdz acop acoq acoo mua aarz
vea acoo acop nhn
veb acoo acop acoq ksb
vec acoo pqt
ved acoo dsx
vee acoo bjp
vef acoo acop acoq by vsc
veg acoq acoo acop oxv yox xmo znn
veh acop acoo abj tll
vei rcu
vej ablg
vek grf
vel acop acoo wiw mdu ayn
vem acoo acop jhf lma iei
ven acoo acop acoq tyg
veo acoo edf
vep acop acoq acoo yyc
veq acoo acop nur
ver acoo acop zad
ves acoq acop acoo ijc
vet fpi
veu xeo acbu
vev acop acoo acoq hij
vew acop acoo xxg
vex myx
vey acoo wnn opb hsq
vez acoq acop acoo bta
vfa acoq acop acoo abeb
vfb myg
vfc jce
vfd acop acoq acoo huk
vfe use
vff lw
vfg itf wbi
vfh acoo tok
vfi juo rlm zlg
vfj acoo acop rs mkh
vfk lhj
vfl acoo qwb
vfm acoo abrz
vfn acoo fce
vfo acoo acoq acop ccn
vfp acoo aaxa njj uig
vfq acoq acoo acop ache
vfr acoq acop acoo acav
vfs gcn
vft acoo acop uaq
vfu acoo lci
vfv acoo acop acoq mwz
vfw acoo acop nfc
vfx acoo acoq acop qev
vfy acoo acop qbt cqv
vfz acoo acop xtp
vga acop acoo fsx xhv
vgb acop acoo etg
vgc acoo uhv
vgd acoo acop vbn khd
vge acoo lhw uvj vxj
vgf acoo acop lrq (pyz ysq aaar)
vgg acoo pem
vgh acoq acoo acop coc aafm bpt
vgi acoo acoq acop tgj ayc
vgj acop acoq acoo dzo
vgk acoo acoq acop spv
vgl acoo bbe
vgm acop acoq acoo res
vgn acaj
vgo acop acoo nju
vgp acop acoo kjh
vgq acoo nfd bqk
vgr acop acoo mql abby vhm
vgs acoo jaf aatz bwy
vgt acoo nga acho zft nle hqy
vgu acoo acop hai tzx
vgv acoo acop abjs jjt abrh hos
vgw acop acoo urk
vgx oii
vgy acoo kmp
vgz acoo uxp
vha udp fuf wwv sjn
vhb acoo acop cvs api
vhc acoq acop acoo rts
vhd acoq acoo acop mst
vhe fit
vhf acoo gov
vhg acoo dvc
vhh acoo ylw
vhi acoq acop acoo vyt vjl abab wfp
vhj acoo acoq acop iy hhe lla
vhk acoo acoq acop eiq ldj ujw lgb
vhl acoo acoq acop stu ilf und
vhm acoo pze (rnr jrk)
vhn acoo qzs ghy ruo
vho acoo dwr
vhp acoq acoo acop yqi
vhq acoo acop fjf gcp
vhr acop acoo acoq pky njs pid
vhs acop acoo acoq yqp ed
vht acoo acop lll
vhu acoo wtj mst upp
vhv acoo dgp
vhw acoo acop acoq fmx
vhx acoo lyv
vhy acoo acop kmm duc qkp
vhz acop acoo env vxr fm
via vtm alu
vib acop acoo veo
vic acoq acoo acop qcl
vid acoo wcv xaf bee
vie acop acoo rwd xtx
vif acoo acop acoq hiw
vig otj dra
vih acoq acop acoo ddc
vii ydl cfp mxr crf
vij acop acoo qco psg ixa mwi
vik acop acoo ykm
vil acoo qul jlq phe vbe sir
vim acoo ksa
vin cwh iaz xsy fcw fwd
vio acop acoo zfw god iod jsz
vip acoq acoo acop weo qew oal bnb
viq acoo acoq acop qza mwv wlc
vir acoo acop acoq cqs
vis acoo acoq acop xir
vit acoo ffw fva gyk
viu acoo lbh
viv acoo acop qft
viw acoo acop mzu
vix acop acoo yqz
viy acop acoo acoq hjt yun rgn
viz acoo hpw xqb fms
vja obk jkw
vjb acjr jva
vjc wyy
vjd acoo acop acoq ojj
vje omi
vjf acop acoo wtb
vjg ufm vrp exx jyt
vjh igh mvc
vji cwm
vjj acoo nbg
vjk acoo szj
vjl acoq acop acoo acel
vjm acoo xod
vjn imc xfl abfz
vjo acoq acop acoo eng nul
vjp acoo acop aabb
vjq lcz
vjr acoo acop zhy gc ccn vvr
vjs acoo yd fgk tko
vjt qgo lai mnh
vju gvv
vjv acoo aayu
vjw acoo abkl xkt
vjx acop acoo ada
vjy acoo arr ltp
vjz acop acoo iej acfh
vka acoo jri qqj abke
vkb acoo wpp
vkc acoo djd thu aqh rcg yix
vkd acoo tqz ece zuu ccj
vke acoo hbc
vkf acoo nyg ygk dmx
vkg mqp
vkh acoo jxr oho
vki acop acoo wpu tks qzb ses
vkj acoo acop rck zmn
vkk acoo acop eit
vkl acoq acoo acop trq
vkm acoo gl
vkn acoo kxs vuo dag
vko acop acoq acoo uoz aaxd
vkp vmj woa xwa wzm
vkq acoo pzp
vkr acoo akn qny
vks acoo acop gba wjp
vkt acop acoo xsh bmf hol
vku acop acoo wyb
vkv acop acoo efn vlx
vkw acop acoo acoq aaon hwh
vkx acoo fxq
vky acoq acop acoo yuj
vkz acop acoq acoo rpe
vla acop acoq acoo ypm iso qqv
vlb acop acoo vvh
vlc acoq acoo acop fen
vld acop acoq acoo wfe
vle acoo acop qwz zfy mao
vlf shp qbq jag
vlg acop acoo acoq zyj
vlh acoo puo bfm fay
vli acoo acop acoq eog qlg
vlj zsn mse pxv
vlk acoo acoq acop hig ppj qnh mor abov
vll acoo znw drq
vlm hmt
vln acoo acop yew
vlo acoq acop acoo kru
vlp xya xpe
vlq acop acoo msz
vlr acoo wcw yyu zna uyt
vls zt
vlt acoo acoq acop qjr niw
vlu acoo acop acoq psn
vlv acoq acop acoo kmt
vlw acoo epe zcj gqj
vlx usa
vly ugb llq aayy oxv jdi
vlz acoo acoq acop zfn
vma acop acoo atu unl
vmb acop acoo acoq qu
vmc shz zlx ehv
vmd acoo acop eiv
vme ocg mgl
vmf uen obn ppk
vmg acoo acop dko acop bg
vmh spt gsy
vmi acoq acop acoo cfa fmy
vmj acoo acoq acop cys qrj
vmk ofj aaoy war czk
vml lyh qxt rr znk abpw
vmm acoq acop acoo amb hqx dha
vmn aaiu gvs (xpd wpb)
vmo acoo tcb
vmp qom rqj
vmq qvj
vmr ueg
vms acoo acop fai grj abwl kul
vmt acoq acop acoo rh ova acgx
vmu acop acoo acoq vng hg joa
vmv wxw ytv imp zgd
vmw acoo mnq
vmx acop acoq acoo scr abke
vmy acoo acop gid kuk
vmz acoo gvk
vna pxz
vnb acop acoo ukg
vnc ei
vnd acoo aop nuh
vne acoo acop iaf
vnf acoo acop soh nlg
vng acop acoo uhc (zis ablw)
vnh acop acoq acoo ric pax ablz zzf
vni acoo ejw
vnj eqq
vnk acop acoo lji
vnl acoq acoo acop haj
vnm rgq
vnn blx
vno acoo mog dop qop
vnp acoo cgw
vnq acoo acop xgb adj mmq cqn bwu
vnr acoo wdb uru fde
vns acoq acoo acop xpt dzi vqm
vnt acoo kfe ing
vnu aat laz yyi
vnv acop acoo cgc
vnw acop acoq acoo ikg yaw mpt csb
vnx acoo olv
vny acop acoo mme
vnz vit avj cxe
voa dlh aarv itv
vob acoo dew
voc acoo acoq acop wjs
vod acoo acop rik yni sb
voe acoo acop fp wvg jww
vof acop acoo gud acaq lpt
vog xtx kex
voh acop acoo acoq uyk
voi acoo ebj bjk ocv
voj acoo acop evj
vok acoo uao acfi
vol acoo vma (eiv sdg)
vom acop acoo eez
von acoo acop tih
voo acoq acoo acop vim tuf c
vop acop acoo nnr aakj
voq acop acoq acoo lhq ixc
vor cnl wtv
vos acoq acoo acop hsc
vot acoq acop acoo mvi
vou acoo acop acoq acdp
vov acoo umx lic
vow acoo jka
vox acoo vxb
voy acoo acoq acop bdn sh
voz qlg
vpa acoo acop ifj
vpb ucn
vpc acop acoo acoq iud
vpd jnq dwl
vpe acoo ntj
vpf acop acoo glq mnv
vpg acoo acop pim
vph acoq acop acoo ayu
vpi hqs kwz mnz
vpj acop acoo zhv
vpk acoo rdh kax ytz
vpl acoo acop elx uyq qgl
vpm acop acoo acoq uhs swy
vpn acoo acop aaiz zef tys
vpo acop acoq acoo tso
vpp rib xcf epo
vpq acop acoo chj
vpr acoo tyw
vps acoo ags aaif dhh qlk
vpt acoq acop acoo gjq
vpu acop acoo acoq zao skk (kkn prt)
vpv acoo acop svq
vpw acop acoo acoq sdx
vpx acoo fov aaqd
vpy acop acoo njb
vpz acoo mql
vqa acop acoo acoq acoo bu
vqb acoo gom
vqc rwe
vqd acoo uzl esd rgb
vqe acoo aaxg fih pdc
vqf acoo acop acjv
vqg acoo acop xhn
vqh acoo acgw tkb bpc pgf tpi
vqi lht
vqj qfw kfr
vqk acoo acoq acop htb aeo zez
vql acoq acop acoo eyl
vqm acop acoo acoq acoo
vqn acoo acoq acop sqi ker
vqo acop acoo acae
vqp acoo acoq acop rlf tub
vqq hns acmv cbz
vqr pbo rsu ofl svk
vqs acoq acop acoo uui
vqt acop acoo dms
vqu acoo aua abqu
vqv acop acoq acoo evo puf ndz rqi byr
vqw acop acoq acoo rd
vqx cmk ofx
vqy acoo oeq
vqz acop acoo acoq ugi
vra acoo abmc
vrb via pnj jhl
vrc acoo acoq acop iyl
vrd aaej mft
vre acoo acoq acop ojb zxq ebu
vrf acop acoq acoo qyg
vrg acop acoo fvq psh ffl
vrh acoo acop ivu ssg
vri rzj
vrj acoo niw xcz
vrk fub unz
vrl acop acoo yri
vrm acoq acoo acop ged vqx jlp
vrn mbz itn ycn aasr crf
vro acop acoo uab dld
vrp acop acoo lhm
vrq acoo kgq
vrr acoo aazv wqp
vrs acoo vpg
vrt acoo lpt acem uqp
vru ebp odb qoa php
vrv zor elr
vrw acoo acop cua
vrx acoo kgu
vry acoo acop baj
vrz woh pjw wgh
vsa acoo pkl nhy
vsb acop acoo xlr
vsc acoq acop acoo cqa
vsd acoo jeo
vse acoo kta aawm bvi
vsf acoo acoq acop abjq qzz
vsg acoo bay
vsh acoo acoq acop aafc
vsi acoo acop htb (zfx iby)
vsj acoo acop wtz
vsk acoo acop lzo (mjq yds) xci csb
vsl acoq acop acoo kup (kic pcc)
vsm pdt qbk
vsn acoq acoo acop rhs acff
vso acoo uoh
vsp acoo acop nor nuk
vsq acop acoo acoq xfu
vsr ablw
vss acoo acop grk
vst dwt mnt
vsu acoo acop aakd iir
vsv acoo qvj
vsw zlk
vsx acop acoo tqd jlp
vsy acoo lsh
vsz acoo erd tqf civ
vta acoo acop ygq
vtb hdn
vtc ixp
vtd acoo pco mr
vte tcc
vtf acoo suy
vtg acoq acop acoo blt
vth ltx omn (erd swi)
vti acoo acop acoq erm
vtj mkx uka vwa
vtk acoo xau
vtl vco
vtm ejv drr
vtn acoo abos
vto qy
vtp acoo acop acoq yhj
vtq acoq acoo acop vkv ftq cso snr
vtr acoo acop acoq mwa
vts acoo acop zqb gyy
vtt acoo wcn zwc
vtu acoo acop hvj
vtv acoo efd lzg mrp
vtw acoo acoq acop qb mew pmo bob
vtx ovq mnj
vty acoo acop aaqs
vtz acoo acop wvx esz kub
vua abwn
vub acoo acop acoq aeb
vuc hao rxv
vud acoo acoq acop moc hms utz
vue acoo aam
vuf acoo acop bnf
vug acop acoo eou
vuh acoo alt zje stk
vui acop acoo jer atb
vuj acoo bmh
vuk acoq acop acoo rqj
vul acop acoo uyd yha azt
vum acoo dqy
vun acop acoo mt
vuo acoo acop txq
vup acoo acop lab
vuq acoo acoq acop lra
vur acop acoo iyt vhd mrs
vus acoo ktd nhc
vut acoo acop mda
vuu bei hjl
vuv dzl
vuw acoq acop acoo ykh
vux acoo bfk acej abte
vuy hij kvp
vuz txz
vva qwm
vvb acoo xpb mec
vvc acoo aafp
vvd acoo acop pny aanx bnb
vve pqu ubg kkn
vvf gua
vvg acoo psw mvg gkj
vvh wwf wbq abqg
vvi acoo acop acoq inx
vvj acoo rjm ike ohm
vvk cyi gul hgh bbq
vvl acoo mvi
vvm acoo ibj jae tme fae
vvn acop acoo abxe
vvo acoq acop acoo pbp qcn
vvp acoo zqn
vvq acoo hpb mim
vvr acoo xku
vvs acop acoo owr eol etn xhp
vvt acoo fms
vvu acoq acoo acop icg cdl
vvv acoq acoo acop mlq
vvw acop acoq acoo jaf
vvx bze njr
vvy acoq acop acoo eqx
vvz acoo ayf
vwa acoo ivg
vwb acop acoo acoq icb
vwc acop acoo hbv sai
vwd acop acoo tgh uaq
vwe hff
vwf lsl
vwg acoo acop acoq udj aajt qlb
vwh acoo acoq acop vhq ula bqv mit
vwi acop acoo acoq yhi vvp
vwj xwz
vwk acoq acoo acop aanh gyz nvt abv
vwl acoo acop acoq yas
vwm acop acoo wvr awp
vwn acoo jwc rcm
vwo acoq acop acoo nwn kps
vwp acoo exl
vwq acop acoo ill gvn
vwr acoq acoo acop hal okz
vws acop acoq acoo yej wzs qxs
vwt acoo acoq acop aapk
vwu acoo kwz
vwv acoo fho aars cxz qoh
vww acoo acop kj
vwx acoo acop pef
vwy fcb
vwz acoo acop eah llu kwm rpj
vxa acoo acop gxb
vxb acoq acoo acop srz
vxc acoo acop hoi
vxd acoo lmg
vxe acoo acoq acop hcs
vxf kyi lqx
vxg acoo kxc
vxh cvc
vxi acop acoo kqv guy
vxj acoo mvb afh
vxk acop acoq acoo zbo
vxl acoo lgi
vxm acop acoo ugz
vxn acoo kms
vxo acoo nbu whx
vxp diu
vxq acop acoo xws rmb
vxr acop acoo ozs
vxs acoo acop acoq fwk mzv
vxt acop acoo acoq hrg
vxu acoo acop acoq xvg chp
vxv dmm ujx
vxw acoo acop acoq szg aarp (kvd tcv odi)
vxx acop acoq acoo zww
vxy rql hy
vxz acoo akt
vya acop acoo hcd
vyb acoo acop bl lqu
vyc acop acoo tom yzs qkg
vyd qaw
vye acoo bzr
vyf bjh aui pno
vyg acoo aer dbf
vyh ons
vyi acoo iys
vyj acoo fg
vyk acoo acoq acop xqd ucv
vyl acoq acop acoo fzk vjg
vym acoo hkr
vyn acoo jmh abyb
vyo acop acoo acoq bpj uqz
vyp acoo acop gga
vyq qkl
vyr acoo dzx
vys acoo acop zuo zuv yft
vyt acop acoq acoo skz moa dls
vyu acoo acoq acop qql sgj
vyv acoo jit ain zcs
vyw acoo acop hsc
vyx acoo acop acoq abqf
vyy acoo acop prx sze
vyz acop acoo hsb
vza msx
vzb tkh
vzc zmd qcg nuo klk
vzd acoq acop acoo wpq
vze mw
vzf acoo vdh hu roi bek jks
vzg acoo lce
vzh acoo acoq acop jlc
vzi acop acoo szd
vzj tky acoj uir
vzk acoo acop acoq eyt
vzl srl
vzm acoo acop nyv
vzn acoo acop acoq amk tyj
vzo acoo xl
vzp hti
vzq acoo uhu
vzr acop acoo qnv tsu
vzs acoo rix img
vzt acoo acop tvo bp abdo jwq
vzu acoo khp pnl
vzv acoo tuf vph
vzw acop acoo fvz
vzx zik
vzy acoq acoo acop abcp bdx ufg gwf
vzz acoo acop agh
waa tbm
wab nbq jmb qsp
wac acoo acop xay jaq vem
wad acoo acop lsz rh urz
wae mzy
waf acoo acop glr lix mzz
wag acoo acop why
wah rbq omr bdi
wai acoo acop acoq uum ujb miw
waj acoq acoo acop evp
wak cqf dtp jwy
wal acoo acop acoq uuh
wam sh
wan acoo ckm
wao acop acoo sju
wap acop acoo acoq abhp gyf
waq acoo lso nkw
war acop acoo abej yyd
was acop acoo oky ghz
wat acop acoo luh
wau acoo kii dlb gnv
wav xdg qtk
waw acop acoq acoo gmu tgi
wax acoo js
way qqh
waz acop acoo wec
wba acop acoo tvn
wbb acop acoo acoq yoy ncw
wbc acoo rax
wbd acop acoo jmo
wbe sxg txq nre
wbf acoo gog
wbg scw
wbh wtp
wbi zhv abdl xxc zzb
wbj abcq
wbk nof
wbl acoo crj eaq
wbm acoo liy snx
wbn vyh
wbo acop acoo aaft ynd isb mwl hgk
wbp acoo ldk igr sle mgx
wbq acoo tng
wbr acop acoo fzz zas
wbs acoo acop tux
wbt acoo acop al qtu ixj
wbu acop acoo lsi
wbv acop acoq acoo fmo dya uqk
wbw acop acoo opw
wbx acop acoo acoq qaj
wby tmd zyp
wbz acoo vle zlk
wca cbm
wcb dh (tfb abek) rbc
wcc acoo acop acoq adj
wcd acoo exo boa
wce acoq acoo acop abox abuj crw vdt bfp
wcf acoo acoq acop acmf uxu
wcg zst jpw iun lfy wca
wch acoq acop acoo lzj lvn
wci acoq acoo acop ukb zl
wcj nwo
wck acoo acop ibo
wcl acoo yvf sts gam
wcm acoo acoq acop dad
wcn acoo acop acoq ktu
wco acoo jqc
wcp dsh
wcq ztw can irg
wcr acoq acop acoo yte
wcs fqe
wct acoq acop acoo aclf
wcu ziy ljd
wcv euj (mud wup)
wcw hah aasw tru
wcx acop acoq acoo apb wuv
wcy acoq acop acoo jex
wcz acoo acop acoq xhq
wda acoq acop acoo abx qpf
wdb acop acoq acoo nxg
wdc acoq acoo acop qzm kxr
wdd acoo uur mgn
wde acop acoo aavz
wdf acop acoo trm
wdg acoo fqp hpq mci eb
wdh acop acoo hjn vz
wdi acop acoo juk
wdj fsk
wdk acoo ixb
wdl acoo acop hhm jdf fho phc
wdm acoo acop acoq tgv xhy acae wbc
wdn oko
wdo acoo ywr (bgn oqd) lfa
wdp egq ow
wdq acoo etl
wdr acop acoo ctm nfd
wds uce ngh
wdt itb
wdu acoo hnr qog duo
wdv lhp
wdw acoo acop edb
wdx huh vwm
wdy acoo xzp aafi abwz
wdz acoo acop kbk
wea acop acoq acoo wrl aces yzt
web acop acoo jjp
wec acoo mdx
wed acoo szb
wee acoo gah
wef acoq acoo acop abqu
weg acoo acop twm zck qyr
weh acoq acoo acop zne
wei acop acoo acoq kcc
wej cos drh qvf
wek acoq acop acoo wlx
wel acoo bgj
wem acoo eqb iv hpd hem
wen acoo pjl lgl eod (vjx fzx)
weo acoo acop xvd
wep euy
weq acoo acop yej (qnk eot)
wer acoo gbs
wes acop acoo acoq reo jse
wet acoo acop aw
weu acoo gve wwk
wev qlt nau zhr
wew acoo acop pmx
wex acoo zdb
wey acoo acop oaa
wez acoo acop eje zwz
wfa acoo acop ada
wfb acoo qgq
wfc acoo acop acoq yxo vvv
wfd acoo acop acoq wgp ufx acin
wfe acop acoo gfj q
wff tin
wfg ckw izt
wfh wen
wfi acoq acop acoo clo
wfj ips bgw ikc
wfk acoq acoo acop dh txx
wfl acoo acop vdi
wfm un
wfn acoo wcn
wfo xyn hyp
wfp nhn
wfq acop acoo ovz
wfr acoo vrb zbf lkl ddf
wfs acop acoo acoq abzf
wft acjf
wfu czq
wfv acoo umd
wfw acoo acop acoq vuj
wfx wyr
wfy acoo acop etp iox
wfz vyw hfx pqo sxc
wga acoo acop zoy vun
wgb acop acoo swc
wgc bbd
wgd acoo acop dhu ouj
wge acop acoo kca
wgf acoo acop ran
wgg dt
wgh acoo gik wex ygx bbb
wgi acop acoo tnj
wgj zuk
wgk acoo kyb rwj
wgl acoo vdh
wgm acoo acop bcr
wgn acoo dgl
wgo acoo mys
wgp acoo spt ore
wgq acop acoq acoo xkz
wgr acoo qqf
wgs acop acoo cpp
wgt acoo acop mip (iv jsg)
wgu acoo yyy
wgv acoo gzh bfo uab
wgw yu
wgx acoo oyl dgs aaji nmc msp
wgy acop acoo ury jb myb
wgz acoo acop cui
wha wbj
whb acoo acop mkn dyq xui eca tdl
whc acop acoo acoq thx
whd acoo gqk
whe acoo hqd aub
whf acoo acop abgf hma abfn kdz
whg acoq acoo acop xiv
whh acop acoo acoq obm rnh
whi cpy wsv gju aac
whj acop acoq acoo kyw
whk bek
whl qqg
whm acoo acop jdh lae xwk jox
whn lhc
who acoo wdo
whp acoo acop lep
whq acoo acoq acop bss kri
whr acop acoo yur
whs acoo acop rkh af
wht acoo acop wos
whu lif tvj
whv acoo acop abeh
whw acop acoo mwu kpc
whx acop acoq acoo hdp
why qgf yfh
whz tgl abjn
wia acoo fbs
wib acop acoo wtb jly
wic acop acoo ooq
wid acmo
wie xfb mxr
wif tkv
wig acop acoo gws
wih acoo ykh ilb
wii acnj
wij acoo acoq acop oos
wik acop acoq acoo bse
wil acoo acoq acop f
wim acoo ycr kew
win lgm ncb qer
wio acoq acop acoo acgy (cwc rif)
wip acop acoq acoo fzc var aly iix
wiq acoo acop acoq wqq
wir acoo rnh
wis acoo rvp
wit xav zmz
wiu xbc
wiv acoo acop rhc dow xlj pxz
wiw azz
wix uwe
wiy abup
wiz sd
wja ozb
wjb fds
wjc weq
wjd acop acoo acoq qfl ycw
wje acoo ule
wjf acoo acoq acop abmp
wjg acoo oxo
wjh xg
wji acop acoo bzf
wjj acoo acop acoq cob
wjk lve qce
wjl acoo acop jxv ihe
wjm acoq acoo acop ypo
wjn nhc mtv
wjo acoo acoq acop acaw
wjp acop acoo dcv cmc
wjq jlt zxg ync
wjr acoo acop kwe zxh
wjs acoo acop qek lzr ixu hpr
wjt hau
wju jsx grj
wjv acop acoo aciw
wjw acoo tem
wjx wrx
wjy abzs pum wby jrq gih
wjz acoo cbh
wka acop acoo lel elh
wkb acci
wkc acoo cji aabq
wkd acoo acop neq
wke acoq acop acoo ong nva ulj
wkf aanl lqs oqe
wkg fkl aev
wkh acoo trz
wki acoo csw
wkj acop acoq acoo vvy
wkk acoq acop acoo xox
wkl acoo yfg pbi
wkm acop acoq acoo abua
wkn acoo acop acoq abkj nsz
wko yqd
wkp acoo urq
wkq acoo dpw
wkr acoo gee
wks vnk tfp
wkt acop acoq acoo opu knn yih
wku acop acoo oiw
wkv qhh
wkw acoq acop acoo ark wev
wkx acoo acop udc
wky acoo acoq acop ubl ilh
wkz acop acoq acoo ssn wzv nhl
wla ufy oij
wlb zn gbm rfr (pgq wib)
wlc acop acoo ifl (oty zv)
wld jtl
wle acop acoo kct kks
wlf acoo acop wh
wlg nry
wlh acoq acop acoo gcx
wli acoo acop orq rld
wlj acoo acop acoq bjw
wlk acop acoo pqr eol
wll acoq acoo acop acmm
wlm acoo jfl
wln acoo fvj yfs
wlo acop acoo olf oet
wlp acop acoo acoq cse
wlq bxw
wlr kps
wls acoo dcv
wlt acoo eoe vaf
wlu acoo acen uns
wlv acop acoo cdu
wlw acoo slb
wlx pil cqo aawp aop
wly acop acoq acoo uzw
wlz acoo yny abdt pdt xlk lyg
wma acoo acop acoq swp xel
wmb acoo sic jxr
wmc vux
wmd acop acoo aafo
wme acoo abt
wmf acoq acoo acop hsz pgg ftd
wmg acop acoo mdt
wmh acoo acop lzf qzh gny
wmi acoo acop acoq fdg
wmj acoq acop acoo bqt ner
wmk tzb aix abpp
wml hmv
wmm acoo acop jyv
wmn acoo fsd mpn nee wbt
wmo acoo pmz
wmp acop acoo wct yzq
wmq acoo acop qtc
wmr acoq acoo acop cyt
wms eqj py aaiq lmu
wmt acoo acop cco sko
wmu acoo acop who
wmv qmf juy (hpn abfa)
wmw acoo acoq acop ipy
wmx ona aclc
wmy acoq acop acoo dix jyh lqo absa nia
wmz acoo ekd
wna rgg fc jqa
wnb rvk ngw
wnc acoo acop wfl fd
wnd sad
wne lqm fde
wnf acoo acop abuv (xfs ezp uel)
wng acop acoo acoq ujf weo tvr uxu uhs
wnh acoo tna
wni cxx
wnj acop acoq acoo zqj cxn jsc fxp
wnk acoo zio arw
wnl fve
wnm zgw
wnn msp
wno vbl
wnp acoo lgt
wnq acoq acop acoo zzm
wnr acop acoq acoo swv
wns acop acoo xdz iut zca kmn
wnt acop acoo byj
wnu acoq acop acoo psv slw kxq jhs
wnv acoo acoq acop dxe
wnw acoo jkq vze zev fhi nft
wnx njh ifj fgy jjy
wny acoo syg
wnz msx
woa acoo mal
wob ucc
woc fsv fdb ukc abrj
wod aarl npm
woe acoo qfi
wof acoo yoa
wog acoo acop acoq mcn
woh acop acoo gjn ikq gyp
woi acoq acop acoo pfl vxq
woj sps aclx
wok acoo acop aid cov
wol acoo buc
wom rsk
won mnc
woo acoq acop acoo cwf
wop acoo bky gyd
woq acoo bfw
wor acoo uij
wos acop acoq acoo pmh
wot acoq acoo acop aun
wou acoo geq
wov acop acoo zle
wow rqg gew pcj
wox acoq acoo acop jqy
woy vca
woz acoo acop qhg
wpa absx
wpb lsa jlz wgh dpe
wpc acoo acop kyi ntx wbp
wpd acoo avh f
wpe acoo acoq acop rwb
wpf dzr jzn
wpg acoo xev
wph acoo acop xup
wpi acoo ysb
wpj acop acoo acii aaro
wpk acop acoo osq cfo
wpl acoo acop acoq pzr okz
wpm acoo ohh
wpn acoo vow
wpo eom
wpp acoo ufk
wpq acoo acop msd pki raq
wpr acoo kdp qxf
wps jbg wvw
wpt acoo xlw
wpu hfr xiv diy df wjl
wpv acop acoo abcg
wpw acoo lve dtg
wpx xtu xbe ixv
wpy acoo apl nok
wpz acop acoo mcl
wqa acoo hhp
wqb acoo acop fky kxj kiz
wqc acoo acop abps
wqd sge
wqe acoo acop acoq pdl
wqf acoq acoo acop onu
wqg acoq acop acoo fvg rzm
wqh acop acoq acoo rha
wqi imw
wqj acop acoo liu
wqk acop acoq acoo rmn
wql acoo cks
wqm acop acoq acoo xth xhj ufv miv ufk
wqn dyb xbz
wqo acoo yfy fvw (acfq qyk kzh)
wqp acoo abma
wqq acoo acoq acop ndy
wqr acoo abil
wqs acoo tzx
wqt acoo jjt
wqu acop acoq acoo acjq
wqv xsm
wqw kbw eax
wqx acoo acop fjc pcp esy
wqy acop acoo xsa wdd (rv abcq)
wqz acoo dgh
wra acoo pef bdn jfn dem
wrb acoo acop gfa ic teq
wrc acoo ljj aaqd eqv xhm
wrd rsm
wre acoq acop acoo esh etr
wrf acop acoq acoo cix phw
wrg acoo acop acoq onw zis nhw tdc ryj
wrh acop acoo xhw
wri wru
wrj acop acoo wjt
wrk acoo acoq acop qtl nnm iab
wrl otd sim ssa yrr
wrm acop acoo fft
wrn acoq acop acoo hnt eeo hqv
wro acoq acoo acop ctm sqy
wrp pfh
wrq acoo cqt xqr bmo
wrr acoo rua
wrs cns
wrt acoo hex
wru hvu nab nee
wrv foc qqb igz sny gyx
wrw acoo acop aciq mtx
wrx xtn yzq jsa
wry acoo abqp
wrz acop acoo mtx azu vlo ymw cgo
wsa acop acoo nuk
wsb acoo xlk
wsc tfl tod bvc
wsd acoo ggo mxr tdd aaxd
wse acop acoq acoo ejy
wsf acoo acop acoq ozt acdu aji
wsg acoo acop tvv hyb
wsh lvb
wsi acoo acop ukg
wsj acop acoo jxq set
wsk nhx wpu
wsl acoo acop hjr fow lkm xft cbh
wsm lcp
wsn crd gzy
wso hdu
wsp qqz
wsq acop acoo bi uya
wsr acoo ejf byz (klv jmd gab)
wss jbq
wst pzd
wsu acop acoo acff
wsv fpn
wsw acop acoo brf
wsx jac zik naw
wsy acoo rlm pc qbm
wsz acop acoo puf
wta acoo acop vyv lur jri
wtb acop acoo ycv
wtc abyu ghm
wtd acoo acoq acop aazv igr
wte acoo acop vdb bjs hhh
wtf acoo acoq acop nyo
wtg acoo fgj qfy
wth fck qzf ugj kdl
wti acop acoo sqd djx vxp
wtj acop acoo bwd
wtk fis
wtl acoo acop fcj
wtm acoo acoq acop ixd
wtn acoo jhb
wto khz ryv
wtp acoo acop bqo izd
wtq acop acoo acoq dju
wtr acoo acop jnl
wts acoo yob aach twl nkd pmo
wtt acoo pnn
wtu acoo vw
wtv dhr clm ocy
wtw acoo acoq acop jvo
wtx acoo mvi
wty acoo gvo
wtz abke
wua sku
wub acop acoq acoo qcz
wuc hxp
wud acoo acoq acop mrc
wue acop acoq acoo mlz
wuf acoo acoq acop afl nrf
wug acoo ayf
wuh xdm naw lqd
wui acoo acop ckm
wuj acoq acop acoo ueb
wuk acoo nud tsj
wul had vmv nqe
wum acoo cxq
wun wry
wuo acoo acop acoq eli bsz acjz
wup xth
wuq acoo acoq acop qkg cbq
wur acop acoo acoq rtk
wus bwe
wut qg iia lts acce
wuu acoq acop acoo moj bjk
wuv acoo atc
wuw acoo eyz
wux acoo acop acoq dos
wuy acop acoo ora
wuz tde opr xsw zxm
wva quv
wvb acoq acoo acop mio aast ioq lbz
wvc acoq acop acoo lxt nce zeu
wvd wkc ody ytg
wve amj
wvf acoo fjo
wvg acoq acop acoo oiy
wvh acoo acop hxz dvr
wvi yiv jow knt
wvj fxt gvj tzt
wvk acoo acoq acop zin
wvl acoq acop acoo msg
wvm acoo fjy ezi cza wcf deh
wvn noc
wvo zid
wvp acoq acoo acop azu bbd uuv
wvq jyv
wvr qce mwd cib
wvs dqk hnn
wvt acop acoo zpp
wvu vov shw vmj
wvv acop acoo gml imj abao grn
wvw acoo htr vrp (flj pox)
wvx sfv
wvy acop acoo wnn laz (fhj lsy)
wvz acoo acop lfv
wwa acoq acop acoo nym nlk iuk oof
wwb acop acoo moj mqj
wwc acoo acop tem uaz kqa
wwd qan
wwe acoo nyh
wwf oad
wwg acoo acop nfa tdg zao
wwh acoo acop abfp
wwi acoq acop acoo glb svr anf
wwj acoq acoo acop mme
wwk acoq acoo acop rrg zbv ijr
wwl acoo wov oiv
wwm acoq acop acoo exx abbm tmz
wwn acop acoo bdu
wwo wdi
wwp fyx
wwq acoo acop acml
wwr acop acoo lco eiu uit
wws qlb
wwt fxa
wwu acop acoo acoq xrb
wwv acop acoq acoo an
www efp
wwx acoo bkv ubc abou pki
wwy acop acoo flv
wwz acoo gbi
wxa acoo acop acoq zkc
wxb acoo wmt
wxc acoo aem cxj ccx
wxd acoo kgc hln
wxe acoo us bsj
wxf acoo vwv
wxg acop acoq acoo abww
wxh acoo jit (ptr wep)
wxi acoo acop yn
wxj toq qgi sth
wxk acop acoq acoo opv ijq
wxl acoo acop acoq tzk
wxm acoo igu
wxn acoo acoq acop idn
wxo acoo rcw
wxp abbs
wxq yvj
wxr acoo egz
wxs emk
wxt acoo aclx
wxu acop acoo opd xpp
wxv acop acoo yrs
wxw aum xzv
wxx acoo acop hmk
wxy acoo fpc
wxz acop acoo xrp
wya hie vvz
wyb dpz qk khp icj
wyc acop acoo cks
wyd acoo fde zsk
wye acop acoo abyd acmg (qyt aaoo) ajx
wyf acoo acop awt ntc atg
wyg acop acoq acoo wey jrb
wyh ie ukb tji ctk
wyi acoo acop gql lec
wyj acoo igk ahc
wyk acoq acop acoo qtf ytx
wyl acoo hdo
wym acoq acoo acop sxc bcu plu lay
wyn acoq acop acoo jle fqy
wyo acoo avj
wyp acop acoo nnz
wyq zlj
wyr acop acoq acoo yeg
wys acoq acop acoo xxs cms
wyt xuz oxg xkn
wyu acop acoo acoq acbj gfh ejk
wyv acop acoo acoq ihz enf vwr
wyw acop acoo abmb
wyx acoo acoq acop tgt xvo
wyy acoo dza abgu jio
wyz crr
wza acop acoo abup jpf wyr
wzb acoo zyx adj
wzc acoo gkx
wzd acop acoo hid
wze acop acoq acoo mfh yal
wzf acoo aaoa vku
wzg acoq acoo acop ggn
wzh onf ccl abki gcn
wzi acoo ens
wzj acoo acop pku
wzk acoq acoo acop lpb
wzl acoo acop lud gq
wzm etz efq
wzn xvf pnq kj ows
wzo acoo abn hoh acaf kua
wzp absx
wzq acop acoo acoq ocr
wzr acoo acop gsc
wzs acop acoo qko wyc
wzt hip yft
wzu fea qbo
wzv acoo lty
wzw acoo vjd rzn
wzx pyu juv
wzy acoq acop acoo jwy
wzz acop acoq acoo thq
xaa acop acoo vtw
xab acoo wau
xac ebk
xad acoo abhs
xae fge
xaf acop acoo gnh
xag acoo acop acoq cux
xah acoq acoo acop alj aano qug
xai ytr
xaj acoo acop ycg
xak acoo vof qbb
xal xwc
xam zko
xan acoo acop ezk
xao acoo acop acoq exz thi dbp
xap nof
xaq acoo acop rse zro
xar atu ackx abfu
xas cbm xij
xat acop acoq acoo lxz
xau acoo ete
xav acop acoo gob kaj cel
xaw acop acoq acoo wyg
xax hqv quz
xay acoo oyz ccd
xaz acop acoo igx
xba acoo mjy ohk
xbb acop acoq acoo uww
xbc acoo ggr
xbd acoo acop abmi njz
xbe acop acoo abpq aakq zet
xbf acop acoo aaz
xbg jak vry mvj
xbh acoo vdo
xbi acoo acop biv
xbj wkj
xbk acoo acop acoq abjn
xbl acoo acop ful ac
xbm acoo xor
xbn acoo xlv
xbo dju
xbp acop acoo acoq aua
xbq cjq
xbr acoo qrg nzg
xbs acoq acoo acop nma
xbt acoo acop avw
xbu acop acoo acoq mfl dgv fzn hgt
xbv acoo acoq acop mma
xbw acop acoo acoq opq
xbx acoo acop ddq rje
xby hwg drn nnt
xbz abil
xca acop acoq acoo gjv xqv
xcb acop acoo obj
xcc acoo lhh
xcd acoo acop acoq jhx dun
xce acoo acop acoq xtf kmy
xcf acoo ltp
xcg acoo orj lcy fdx
xch acop acoo mzv abiw
xci acoo dln
xcj acoq acop acoo wpk
xck zkp
xcl acoo acop asl upb
xcm acoo acoq acop qmc
xcn eil
xco acoo gte
xcp acoo dpy eqx vxs
xcq acoo acop biy
xcr acoq acoo acop fpl
xcs vqt amv fve
xct qrz ooh
xcu acoo acop jj
xcv acop acoo zlf xzz kbt
xcw acoo acop acoq awh hjv lq
xcx acoo ffa bik mim abov uru
xcy acoo lip abtd wkd
xcz acoo acop scp wfc abpg jai
xda ipk
xdb acop acoo acoq acdh wqb
xdc ung sey miw bcx
xdd acop acoq acoo uqd lwy ukc whd cpk
xde cvh (pzg abjv)
xdf acoo iua
xdg acoo bsl
xdh acop acoq acoo yys
xdi acoq acoo acop ljn ado
xdj acoo piv ydx jjh hkm
xdk acop acoq acoo nja
xdl acoo acop se
xdm acoo acop zav gny
xdn acoo htn rdh qqf acoj
xdo abx
xdp acoo bua
xdq acop acoo ikz
xdr acoq acoo acop bek cos
xds cjq aom
xdt acoo voy
xdu bcp
xdv tqy cdv
xdw acoo lhq
xdx acoo rjp ube voq
xdy ucf rda
xdz acop acoo dyr
xea vdm pvs (shl hxw xmu)
xeb xzf
xec acoq acoo acop tgp
xed dzl
xee hae
xef acop acoq acoo bvf
xeg acoo acoq acop ph una fin aaez
xeh pgf
xei naz
xej nkq ywo aaqn abda
xek acop acoo acoq kos fag vhu
xel mzf aadq
xem aayy
xen acoo llw han bta
xeo rtu
xep acop acoo mnl abku
xeq acoo qwc
xer acoo srv
xes acoo pop
xet acop acoo acoq pvi (wci nfk)
xeu acop acoo ecj ubu
xev xgp
xew acoo whj gyj yln
xex aau
xey acoq acop acoo pof epq rdx acat
xez acoq acop acoo aaue el aanu
xfa bvg ack opl amb
xfb acop acoo gam cyr sky ewd jhk
xfc acop acoo qes hcy acda piy
xfd bx
xfe acoo zjz hik rfl
xff acop acoo xfd
xfg acoo oeb abua abda
xfh acoo aadv vqq
xfi acop acoo abhu
xfj acoo acop npi lps vax
xfk acoo acop acoq jkg jiv
xfl acoq acoo acop abmd
xfm axw tet jdc ope
xfn acoo rtn
xfo acop acoq acoo abzq tpo ywn fng
xfp noq
xfq acop acoq acoo tyk
xfr acop acoo cgb
xfs acoo bfu ckt gps
xft etm
xfu acoo rkc xmv xdx
xfv acoo akw
xfw acoo acop acoq yte
xfx acop acoo wnt
xfy acoo xtq aaiw zju
xfz acoo acop xgj
xga eai
xgb rvx bmg poj tyo
xgc acoo ezz
xgd acoo ttu qcj mpl
xge acoo acop hqa
xgf acoq acoo acop jwn
xgg acoo ouj
xgh acoq acop acoo fsy rle
xgi acop acoo hgq mth abt
xgj bkm xvf xwn
xgk acoq acop acoo mld wqb xmr dtx
xgl acoo xxc
xgm acop acoo aabw ius oaq zil
xgn acop acoo acoq jfd
xgo acoo enc
xgp acop acoo jpe mnm aaqu
xgq acoo wsv
xgr acoo wmt
xgs acoo acop fi
xgt bsn
xgu acoo vkv
xgv acoo acop aace
xgw dx myb
xgx ewf
xgy acoo acop lsn
xgz ovo
xha acop acoo mwk cuw
xhb acoo acop syg
xhc acoo acop acoq jye
xhd acoo acoq acop cun ed tuu (vob vnv)
xhe acoo dpx pyz viu cyr
xhf acoo ha
xhg acoq acoo acop zoc ibp ylw
xhh acop acoo vdq
xhi acoo kcn eev
xhj dxe
xhk acop acoo jjo
xhl acop acoo wiq
xhm abxj
xhn fjf
xho elm
xhp vlf nmf
xhq acoo gro tss esx tcm nbv
xhr acoo pay
xhs acoq acoo acop vbe axx onf
xht acoo clv
xhu acoo isq exo
xhv acop acoo acoq hhd
xhw acop acoq acoo ybx
xhx acoo yis
xhy acoo ksr
xhz acop acoo fjd
xia quq
xib acoo acop tik
xic rav
xid nbt eop bti yja
xie acoo acop acch
xif acoq acop acoo tbl
xig acop acoo sdq
xih acoq acoo acop pgt opg
xii acoo zsu
xij obd peh
xik txq
xil acoq acop acoo gpf
xim acop acoo usp dju hms tjq
xin acoo acop khm
xio ackh wz klv
xip acop acoo jkl
xiq acoo acop ibx
xir acoo acop aei
xis acop acoo jar
xit ysp
xiu acop acoo bwp
xiv acop acoo sdk
xiw acoo kly
xix acoo acop wfw
xiy gvm zwd gkx krn
xiz acoo gta ono rxx
xja acoo rbb
xjb kfw
xjc acop acoo yfw rmm bdz pys
xjd acop acoq acoo ksc cyu cc
xje acop acoo mqy rcw exm
xjf acoo acop vih
xjg acoo zxq
xjh acop acoo cxc
xji acop acoq acoo jqe
xjj acoo acop hik
xjk acop acoo yio
xjl acoo acop dhk
xjm mci
xjn acoo fhy
xjo ddx
xjp tkj uea ueo nha
xjq qtk
xjr acoo cdw
xjs aet wut
xjt acop acoo uts rsl xwz
xju acop acoo nmh
xjv vuo bzv ktg byd able
xjw scp
xjx acoo acop acoq dwy
xjy acoo acop khy
xjz acoq acoo acop bfa
xka acop acoo qpt
xkb acoo acop deq
xkc acoo ulq abbt zaq hez iez
xkd acop acoq acoo cjb ofs ous
xke rjq
xkf acoo vfc ncy
xkg acoo zml
xkh acoo epy
xki acoo msj (oeg omj) wae
xkj aaec
xkk acoo acop acoq yxm ygu cct
xkl acop acoo rej
xkm acop acoq acoo rfq
xkn acoo lgf tug
xko uhe
xkp acoo acop hol
xkq acop acoq acoo mru qh hri
xkr vxl ouf
xks acop acoo ouh
xkt acop acoo gjq
xku hvb
xkv acoo acop acno
xkw acop acoq acoo xod zrc
xkx acop acoo bgp
xky acop acoo arz
xkz acop acoq acoo cyp zuh
xla acoo kxe
xlb wwq mcq
xlc acop acoo utw mws xqu
xld acoo acop olw
xle jrl pqs
xlf zun
xlg ixs ldc
xlh acoo svy
xli acoq acoo acop aqt
xlj acoo acop gxt mvh
xlk swd
xll acoo gyd ks
xlm igj
xln acoo ejm ngy
xlo ljx
xlp mgc mkm
xlq acoq acoo acop aagp hie qxw vtc
xlr acoq acop acoo njm ykz abet wnu
xls acoo iel hb
xlt acoo fhe aama fyv
xlu acoo acop ae
xlv acoo pyj dop xwj hxr
xlw acoq acop acoo xwt
xlx acoo acop acoq hkp foe sow qfv
xly acop acoo acoq ugn
xlz acoo dby
xma tiy
xmb acoq acoo acop zsz
xmc acoo acop czg ubk
xmd acoo zep ipb jgt ftl
xme acoo jqw aavf nlq qbv ust
xmf acop acoo btk
xmg acoq acoo acop wcf
xmh zln
xmi acoq acoo acop viz tiw
xmj acop acoo vrk fkb nap crk nzu
xmk acop acoo wwx
xml acoo aagj
xmm acoo ntj abfk
xmn acop acoo kzj wde (acfj sez)
xmo acoo acoq acop bpy mhs
xmp acoo acop acoq rqc
xmq acoq acop acoo zue eia (uip wpx)
xmr nyv syj (kdr bih) wdu
xms ydr yix fjt nih
xmt acop acoo eop akc
xmu acoo acop ss yvl
xmv acoo wza sab tdl txp
xmw acop acoq acoo vgt
xmx acoo fjv udo
xmy fke nam ohz
xmz acoo acop abcf tnq
xna acop acoo bbu jlz
xnb lc rdy
xnc acoo acop cdc ffw
xnd acop acoo cwk dqa
xne acop acoo gmp
xnf acoo tg
xng acoo bkw
xnh acop acoq acoo yfp
xni acoo acop gek
xnj acoq acoo acop suq
xnk pf
xnl acop acoo pqf irs wbi iej ihf
xnm acoq acop acoo hcj
xnn koi
xno acop acoo acoq ijw
xnp acoo tnp rli eec
xnq znk
xnr mle
xns acoo acop nfq jnx qki
xnt fii
xnu acoo bdx rm acoo xzo wrs
xnv ala wcr rri
xnw acoo wzv abap
xnx kvo
xny acoo uxo
xnz acoo jpe pev
xoa mmu djm dkk og
xob acoo acop pdx
xoc acop acoq acoo rrc
xod acoo fzy
xoe acoo fel
xof acoo roy cmn
xog acoq acop acoo ctq
xoh icm hge zvn
xoi acoq acoo acop wuh
xoj acoo uxs
xok acop acoo afu nsv esi
xol ugy
xom acoo pbo mgp
xon acoo ztf
xoo acoo acop acoq tiw
xop chg
xoq acoo acop itd
xor acoo acop poy yoe
xos acoo acoq acop krq
xot cwd
xou acoo sto
xov acoq acoo acop mcf uyv
xow acop acoq acoo ylh (wox pui) aadq ptz
xox acoo tpx
xoy gbi
xoz acop acoo qiu
xpa qwf
xpb acop acoo dqg owh
xpc acoo uzg
xpd zkk
xpe dwh acai
xpf acoo kpj wji
xpg acoo acop tid
xph acoo nsq
xpi acoo acop acv ryg
xpj acoo ikd
xpk acop acoo eos
xpl acoo acop ziq
xpm acoo acop abbm rua
xpn abxk ahu nag
xpo acoo bwh ioj
xpp acoq acoo acop jmf aei
xpq acoo acop acoq rgl
xpr acoo jgj spi
xps acoo qwl
xpt aasq
xpu acoo acop vhx
xpv acoo acop tit aaox
xpw acoo acop ydj oxo aamp fdz
xpx acoo lzx djs
xpy acoo aapl bko avw
xpz acoo acop acoq xjm
xqa acoo mby kmv fxh
xqb acop acoo ohq
xqc acop acoo acoq cfa
xqd acoo acop hpi jcj
xqe acoo acop sct eeu
xqf dxg sfg ui
xqg acoo acop gsb
xqh onh ffs
xqi acoo acop ryu
xqj acoo lrn
xqk acoo zcb rot
xql ogu ffi
xqm acoo xnj tae
xqn acoq acoo acop aayv pyf
xqo acoo acop lmv
xqp acoo dg dpe abjd
xqq acoo vwf
xqr acoo acop lbz wfd
xqs acoo acop acoq xid uuj fhp
xqt acoo acop acoq qiw
xqu hnu
xqv acoo eyd
xqw cnk
xqx acop acoo acoq caq
xqy hnl
xqz acoo utj
xra acoo gbk
xrb acop acoo msy gbj
xrc acoo zun glv
xrd acoo acop zcg
xre acoo acop acoq azu
xrf acoo acop qvc tmr sgo
xrg acoo acoq acop wzf
xrh tdd
xri acoo ett dlt
xrj acop acoo uxi blg
xrk acoo acop im nnx sqw
xrl qkk rle
xrm acoq acoo acop hfy
xrn acop acoq acoo zfl
xro acop acoo acoq bhs
xrp acoo acop uyw
xrq acop acoq acoo oey
xrr acoo acoq acop ivw
xrs acoo acop uri aatf aaoo gyl
xrt acoq acop acoo moo
xru acop acoo xjr
xrv acoq acoo acop evo aart xkq
xrw hoy
xrx acoo acop bfv
xry nzu
xrz acoo acop fsn bvv dnu abnq
xsa acoo acop vmc
xsb uje
xsc zhq
xsd acoo cbu gcu
xse acop acoo vmc
xsf qdc
xsg ntc
xsh acoo acop efl
xsi acoo tdd (lmz abib)
xsj acoo smv
xsk ggh
xsl acop acoo lpj rcx
xsm acoo utc
xsn acoo gbt gdu urt
xso acoo aru
xsp acoo zaa
xsq acoq acoo acop vxr
xsr jvo
xss qff
xst ggq
xsu lna hac nqy
xsv acoo fje
xsw aahf
xsx acop acoo pis kia
xsy acoq acoo acop vyy hnz
xsz acoo acop rib kbq
xta abgr gmr ngf oae
xtb vdg jq ydo lfe
xtc acoo qth
xtd acoo acoq acop fts aadg
xte acop acoo gsn
xtf acoo acoq acop rea
xtg sah kxg
xth acoo acop mm
xti acop acoo yki avm ruv
xtj sqk
xtk acoo vp
xtl acop acoq acoo ucf mdl qwx aaeb qhb
xtm acop acoo qcm
xtn acoo acop acoq zrx
xto acoo gpv elq ptq nvd
xtp acoo tug
xtq qyb
xtr acoo njd
xts acoo rq vya ui aawu
xtt sfv
xtu acoo otp hwh
xtv acoo acop bok
xtw acoo rhg
xtx acop acoo pls chg prk
xty lca bwb
xtz acoo ahp imh aclj
xua acoo acop psv (ggm mwy csx)
xub acop acoo vrz xks
xuc acoq acop acoo jyw
xud acoo duz
xue acoo qkn bqf
xuf aawx
xug acoo acoq acop abqd
xuh acoo acop mzc
xui roz uis
xuj acop acoo acoq fgo
xuk acop acoq acoo wxr
xul bpe
xum acop acoo vnz pfd
xun zhg
xuo acoo zwg
xup zxa
xuq acop acoq acoo cuv
xur acoo acop mka
xus acop acoo fpo
xut cyn pip (qdo aald)
xuu acoo acop xxm
xuv acoo zoj
xuw jqw apv
xux acoo acoq acop abq
xuy acoq acop acoo aayh nl
xuz lyq kcn
xva acop acoq acoo hat
xvb apc
xvc acop acoo zju
xvd acoo acop xkp
xve acoo keb
xvf acoo tff gsi gnb
xvg acoq acop acoo qc uog
xvh acop acoo abjp vhp vtp cym
xvi acop acoo abmi
xvj acop acoo oxl
xvk acop acoo cel lkw ojd wic
xvl acoo acop vdn
xvm acoq acop acoo dew
xvn eqy dzz
xvo lcr
xvp bnl
xvq acoo acoq acop lmi nuh
xvr acoo gup
xvs acop acoo eyv
xvt acoo rlk
xvu acoo acop acoq cww ocf qez
xvv acoo acop aazb
xvw abpb
xvx acoo xk blb doa aatj
xvy acoo acop vdp juk xoa
xvz acoo acoq acop rsn
xwa vmo qds srq aadv
xwb acoo efq cld
xwc acop acoo hjl
xwd acoq acoo acop coa jdg
xwe acop acoo acoq yau
xwf gni nv
xwg acoo cqv abgu
xwh gjl tbp
xwi acoo acop czw aauh niq
xwj acoq acoo acop cur lap
xwk acoo sm
xwl acoo ril zil aop qhg ham
xwm acoo acoq acop ivv
xwn acoo ogl pux acal iho
xwo acop acoo ilw
xwp acop acoq acoo dhj urh
xwq acop acoq acoo jod (ypn zzc tlt)
xwr acop acoo jvq
xws acoo acop acoq qqp
xwt acoo mvb
xwu acoo acop gmr
xwv acoo acop wfl
xww acoo kue
xwx gej abop
xwy ela
xwz acoq acop acoo tdk
xxa acoo acop acoq pat kyn sgv
xxb rjo
xxc acoo acop zwc
xxd acoq acoo acop jzm
xxe mn acnn
xxf acop acoo acoq jpp
xxg wow aamt ruu aasd
xxh gby
xxi acoq acoo acop qqp vzs ccv ubv
xxj acoq acoo acop eev
xxk acoo abcy mtr
xxl acop acoo yvf zea uhz tut
xxm aaak
xxn acoq acop acoo qbx
xxo acop acoq acoo got
xxp acop acoq acoo zdx zwk bng aahv
xxq xsr
xxr xul
xxs acoo ldn
xxt acoo acop yoh
xxu acoq acoo acop bla wgd
xxv acop acoo tcg emc qxk
xxw acoo fwn
xxx acoo acoq acop abmy
xxy acop acoq acoo oec mnv uyb bnp
xxz acoo acop cil
xya acoo aaaa bky abuv
xyb wik qvj
xyc acop acoo fvb tbo
xyd acop acoo toy
xye acoo kqu
xyf acop acoo kop
xyg zl
xyh acoq acoo acop zqw
xyi acoq acoo acop cay jyh
xyj acoo ftt yrt ldn
xyk acoo vxk
xyl tst
xym acoo acop acoq exr
xyn acoo ixf anb wpj
xyo acoo sma igr
xyp acoo rrx
xyq pmo deg drs pkh
xyr acop acoo acoq spc
xys acoo acop acoq rdg
xyt acop acoo gxo
xyu vzp yaw oyk
xyv acoo jqa (gek rnt mhf)
xyw acoo acop acoq bke
xyx acop acoq acoo xlr qzo
xyy acoo hb usa
xyz acoo wgl xnb
xza acop acoq acoo xrc
xzb acoo hdy mwq
xzc acoo acop aek vv aazp
xzd acop acoq acoo stg
xze lqs zzh yts
xzf acoo acop acoq ugo sn
xzg acoo fhp
xzh acop acoo acoq dhr zsr fll jni
xzi nn
xzj acoo abhq aiq
xzk acop acoq acoo dvh abkk
xzl acop acoo pjh
xzm qkl
xzn acoo acop acoq lpq aol wpm qjw vwv
xzo acoo plx agq acnb ihq skf
xzp acoo jqa
xzq acoo hij
xzr ldy
xzs mck
xzt acoo acop acoq yel
xzu acoo ntk rsn wf hzb
xzv acop acoo ppe mya hxo
xzw acoo mce
xzx acoo acop qqf ebq yo
xzy hjb
xzz acoo acop acoq tze vpt
yaa acoq acoo acop tea
yab acoo acop odo bdv
yac acoo hli
yad acop acoo abdl
yae acop acoq acoo tfk
yaf acoo wib
yag acoq acoo acop yhq
yah acop acoo yid
yai acoq acop acoo npp
yaj acoo qxb acdj wig
yak xig pbm
yal acoo iqf srz egt exf
yam acoo acop pxk
yan ohq kul ejx
yao abne
yap acop acoo acoq lti
yaq acoo acop acoq myw
yar acoo abuq
yas acoo acop acoq cea
yat acop acoq acoo ibq iku acaq
yau acoo nuw has
yav wlk api
yaw acoo acoq acop zbz
yax bzr pyv
yay ptt nut fon
yaz acoq acop acoo bhg tyw hpw
yba acoo acop nxu jba ubc
ybb acoo aaya
ybc acoo mfl
ybd acoo vsx rms
ybe naz
ybf acop acoo qlk sjy
ybg acoo acop abhu edz
ybh acoq acoo acop juc mkk dqw
ybi al uau
ybj acop acoo kss
ybk acoo acop acoq kvk
ybl rlv (afn cfp yzq)
ybm ulu him
ybn acop acoq acoo pgm
ybo acoo acop kem
ybp mim
ybq acoo zlo fpi
ybr acop acoo lup vqm kku
ybs qwy
ybt ackq
ybu acoo acop abiw qpx abci
ybv acoo jw ujb xas
ybw acoo acop acoq hcp
ybx acop acoo sfb
yby acoo umy pee
ybz acoo acop jph
yca acop acoo acci
ycb acop acoo acoq abme abz
ycc yki
ycd oit
yce acop acoq acoo yec
ycf abja
ycg acop acoo mbb
ych acoo tiv iqf acgt
yci acop acoo wjz
ycj acop acoq acoo hbh
yck acoo cto (pjo bcn dij)
ycl acop acoo qpe
ycm acoo aki
ycn ncw
yco acoo acop ztv adu toh emi
ycp acop acoo acoq rzk tgl klt
ycq acoo acop ztt qwy xgj ary woy
ycr zuf
ycs epx ybc
yct acoo gns ayz
ycu acop acoo sse
ycv acoo acop hax
ycw cii
ycx ouj dcl
ycy acoo acop acoq qqp
ycz acop acoq acoo qcb
yda wmi
ydb ktf
ydc acoq acoo acop nmr (fdm xbm nao)
ydd tlr
yde ut aapq
ydf jro
ydg acoo nzh
ydh acoo acop abjs bfl omx
ydi acoo uva
ydj acoo acop woy
ydk acoo qvz eir lyb
ydl acoq acop acoo tmt
ydm acoo acoq acop qho xpb poc
ydn acoo tjv
ydo acoo kua
ydp acoo ikm
ydq acoo acop cuo
ydr abnd
yds acoo acop hrr
ydt acoo yrb aaio
ydu acoo wjd
ydv acoq acop acoo dzl nwy abwe
ydw acoo acop kle xcr aard
ydx acop acoo xyi
ydy acoo caq fro pr
ydz acoo acop ins aex
yea acoo acef
yeb acop acoo yov yfq btd unh
yec acoo acop hik
yed efx
yee nne
yef acoq acoo acop ize
yeg acoo zte bbs (lap ttd)
yeh jgg
yei acoo acoq acop jqb
yej acop acoo cqh
yek acoq acop acoo kvs oka wxo
yel fer (aacj zsy)
yem acoo rdx
yen acop acoo jpa ls qkb qnr
yeo byh sui
yep mkr
yeq acoo acop rcu
yer acoo pax
yes acoo acop pxj fzm kxd
yet acoo pp
yeu acop acoo qm wcu
yev acoo acop ewj fsa
yew acoo cyh qyf urm
yex acoo qlp
yey bkk
yez acop acoo rce
yfa cuq
yfb acoo uwr abqz dqh tjr
yfc xqz
yfd acoo sje
yfe acoo acop acoq sta tmh khu uz jbo
yff acoo bck
yfg acoo acop oqm
yfh acop acoo wd
yfi acoo acoq acop rgg qmb zsw
yfj tiq ges nqr nuq
yfk acoo acop nvv rgd bwr aaus
yfl ewi
yfm acop acoo acoq pbe yov jcu hxs yve
yfn acoo rhz
yfo bs
yfp zqu mtv
yfq otn
yfr acop acoo tkn tdf xvm
yfs acoo rlz wvk
yft lcq uhp
yfu acoo yoq
yfv acoo acop urg
yfw acoo rnm
yfx acoo gah abee
yfy acoq acoo acop mbl
yfz acop acoo krn
yga trf hlv abmm
ygb rmz
ygc acoo phs qen aahi
ygd wwg khk loy
yge acop acoo avy
ygf acoo eib
ygg acoo acop ajh rlh ezy
ygh evr
ygi acoo acop acoq lwz avf ycp
ygj acoo rre
ygk acoo acop ddk jhi
ygl acop acoo uen
ygm acoo acoq acop abll
ygn acoo acop acoq fig pnw
ygo acoo hzm
ygp acoo acop txi kxp bqb
ygq acop acoo acoq cos
ygr acoo acop su
ygs vqi
ygt acoo llt
ygu kto
ygv acop acoo psp
ygw acop acoq acoo rxw ojm
ygx acop acoo jpk or
ygy acoo acop aauz
ygz acoo bhi
yha acoq acoo acop no
yhb acoo yvz
yhc acop acoq acoo eom
yhd acoo acop acoq kjb
yhe yla var xds tur
yhf acoo baf (mbt sfe)
yhg acoo acop vsv
yhh acop acoo eqs
yhi acoq acoo acop shw jxb erw
yhj ciy
yhk vcl hqg
yhl acoo acoq acop xvq
yhm acoo lpk
yhn uqd eka xhh xno
yho ggm vh cnh
yhp lzq
yhq acop acoo acoq ypz
yhr fdx
yhs acoo acop pku nfx ruj
yht pnu abxb
yhu acop acoo wpu
yhv gps
yhw azo nry uq
yhx acoo acoq acop guv
yhy acoo unw jlu gsv
yhz mtt
yia acoo acop yct
yib acoo acop pob
yic acoo acop ppu
yid aams oqv
yie acoo acop dzn
yif acbw
yig acoo acop pfo
yih acop acoq acoo yja wim
yii wk
yij acop acoo cls
yik acoo amb
yil acop acoq acoo ackf aje sck
yim xur
yin acop acoo clm
yio acoo esw
yip acoo acop yvy bkx fkv abdr
yiq cpw
yir acoo acop acoq wly
yis acoo abiq
yit acoo gvz (ahy bsk)
yiu acoq acop acoo cqi
yiv acoo acop acoq oxc joj
yiw acop acoo vyu gwh
yix acoo ynu rh abcx
yiy acop acoo cxu
yiz acoo gvp
yja zqk ugj wrx evd
yjb acoo jit
yjc acoq acoo acop xmz
yjd acoq acop acoo jlh
yje jzr
yjf acoo vyf
yjg acoo acop ku xpb
yjh acoo kbq xed ux
yji hsc
yjj acoo rjp oek
yjk acop acoo acoq xw
yjl acoo qrv zl aaql
yjm tzq
yjn acoq acop acoo bfh
yjo acoo tzv
yjp acop acoq acoo ysp
yjq acop acoo aask
yjr acoq acoo acop tqg wti wxr
yjs acop acoo aajz hwz tye
yjt xnh
yju acoo rxs
yjv acoo acop acoq mhw aaed qzr qcb
yjw acop acoo qbg
yjx aun
yjy acoo acoq acop rmt vbb fx
yjz acoo acop aag
yka hmu
ykb acop acoo ixk
ykc wcd mhh
ykd acop acoo lxu mtb acai bvx xze
yke acop acoo znb
ykf ked
ykg acoo acop kel
ykh acop acoo arv cxn qed llr bdv
yki acop acoo acoq yji
ykj acoo acop acoq aarp
ykk acoo acop acoq yvl
ykl acoo acop hso rsg ezw
ykm acoo aaip pco
ykn acoo acop acoq ywv ehw
yko acoo kec
ykp uwm
ykq xum msl
ykr een
yks hre
ykt acoo qmr tmi
yku xss
ykv acop acoq acoo sad
ykw aant hnp qwi
ykx acoo acop whf
yky acop acoo ysl
ykz abcb
yla acoo acop chg
ylb acoo vdm
ylc acoo acop lyj yt (aabx thq hun)
yld acoq acoo acop vwy ouf rnt
yle tqi
ylf acoo acop tid qli nsl
ylg acop acoo th hhc rsh
ylh acop acoo acoq reb
yli acoo xcb
ylj acoo acop acoq ackh
ylk acoo ftb
yll acoo vnk
ylm acop acoo acfz
yln acoo acop acoq kjv xdd rcx
ylo acoo nci
ylp acoo njx twe jmm
ylq acoq acoo acop rwz (ylm ick rnz yyv)
ylr acop acoo aasl tov
yls acop acoo oyd pbc
ylt acky yts ptl
ylu hal
ylv pwf
ylw acoo aaxg abjx lvc rfc
ylx czc mdp bly
yly acoq acop acoo yqe
ylz acop acoo teu
yma acoo acop dej vog
ymb acoo gqz cmb
ymc acop acoo abjr tva cyu vky cce
ymd acoq acop acoo gsb jqg ysc hva
yme acoo rbe nxy pde
ymf npt phq
ymg acoo fec fad
ymh fxb
ymi hyo vqg mqp
ymj acoo acfx waf dqk (paw aace)
ymk rxk
yml rip dcg mjj hsf
ymm acoo acop lvr zgi jdt (ep ahd)
ymn acoo gfp oua dkg
ymo acop acoo qjy tak
ymp acoo tbq vyb ngp abup ygm
ymq acoo acop acoq wbh frw
ymr cek
yms ntc
ymt acoo acop gr
ymu hi
ymv acop acoo xii
ymw acoo acop die uxh
ymx xvo
ymy dkx ejg cyz rfn lcp
ymz acoq acoo acop tjm ydx ciq
yna acoo acop oia
ynb acoo udo
ync acop acoq acoo dds
ynd acoo xgw
yne acoq acop acoo awn
ynf aawy dra
yng acoo urv xs
ynh acoo mgx
yni yfu drh
ynj acoq acop acoo elh
ynk rql (lqj dmh)
ynl acop acoo izz uyg sfb arz
ynm acop acoo uay
ynn acoo acop aaww bzn abpt aaah
yno acop acoq acoo tfo lng xfn eof
ynp acoo acop vev
ynq iyh srp kdy aamf
ynr acop acoo acoq boy
yns acoo abcs
ynt acoo acop wmi am
ynu acoo ssd
ynv acoo dbu cqw aaom hu acbw
ynw acop acoo pcc zip jpa
ynx acoo uzf wrr
yny acoo zrl
ynz acop acoq acoo iaw acd lcd
yoa lqk
yob acoq acoo acop dzw
yoc acoo zvn
yod acoo acop yju abnh
yoe yox tof
yof nh sih cnr
yog ztq
yoh acoo keb abrm yxt dty
yoi acop acoo pho auk
yoj acoq acop acoo nud
yok acoo acop acoq bft ygj wwj
yol acoq acop acoo xmn fsm oe
yom szb
yon acoo abdr
yoo acoq acoo acop xry
yop acop acoo ueb spy
yoq fsg uqr jyt
yor qk cbw abma mpb
yos acoq acoo acop jjp
yot acoo obk (psm krr)
you sfj
yov acoo t
yow acoo vuv
yox ktz bsg aaic
yoy acop acoo bvu
yoz acoo acop uzv
ypa acly
ypb acoo acop tcz woj ejz
ypc acop acoo bot
ypd acoo acoq acop qbo
ype acop acoo zud uqj srg
ypf acoq acop acoo oak jyt viz abop
ypg acop acoo ijj
yph acoq acoo acop zcz
ypi heh
ypj acoo acop acoq gbj bxk
ypk acoo xyo
ypl acoo ekw
ypm ypf
ypn acop acoo cun gsq
ypo acoo lju hmd
ypp acoo xhj
ypq acoo qsi
ypr acoo ypi
yps acoo acop acoq wxw yvb
ypt acoo acop jvq dql izg rt
ypu acoo acop bei pty gdj
ypv acoo ner nuf
ypw poy
ypx acoo tjq
ypy acoo acop acoq aayc
ypz wxf
yqa acoo acop sqb zpj mns oqg mry
yqb acop acoq acoo mor ecc
yqc acoo acop acoq cay pgd fkk
yqd acoo cr psd
yqe acoo bmi oyd pvf
yqf atn
yqg acoo acop acoq two
yqh acoo acop ymn
yqi acop acoo tac thg
yqj acem
yqk acoo acop pl xwm
yql acoo jmo xxm dya
yqm acoo acop ftl fzw ubz
yqn acop acoo acoq bmi yvf
yqo aanu
yqp acop acoo dtg
yqq acop acoo acoq eri eof
yqr acop acoq acoo fgb
yqs acop acoo bxl prn
yqt acoo nvc
yqu ptc aaci lmp oyt aawl
yqv acoq acop acoo abeb ytx whc htu uwf
yqw acoo kur dnn
yqx acoo acoq acop wqf
yqy acoo ofr
yqz acoo acop urw
yra acop acoo hhp
yrb gdd vob zip
yrc acoq acoo acop wmh
yrd acop acoo acoq ytm mny duk kko
yre acoo zwb yim ayb
yrf acoo acop ghz yyv
yrg onl zoo hat rxj vym
yrh tdl
yri acoo lny
yrj acoo acop kez
yrk acoo acop zly
yrl nqf
yrm acoo ope
yrn acoo acop ttz hvq
yro acoo izz mt
yrp acoo acop gms
yrq acoo acoq acop hbr
yrr acoo acop qwk
yrs acoo wjy
yrt ief
yru acoo acop nvo dkq kwg aaon
yrv jkn
yrw acop acoq acoo omi
yrx acoo vds kgy ozj ykv mpu
yry aaop
yrz acoo zcs (eaw ayi)
ysa acoq acop acoo wmf mvb abmu
ysb xzc
ysc acoo acop aji acjx
ysd acoq acop acoo mrf
yse pso
ysf acop acoo zxm
ysg acoq acoo acop nrn
ysh acoq acoo acop icl csi ctj
ysi yqs
ysj acoo jkx tzs abml
ysk acoo qtm
ysl acop acoq acoo cac doc hxo
ysm acei
ysn acoo nvi
yso acoo acop oyt
ysp acoo acop kzy
ysq acoo mbk qvp acgm bgk
ysr liv
yss acoo acop kfj
yst acoo acop cwx
ysu acoq acoo acop zpu
ysv acoo abqv
ysw acop acoo acoq rxd zro uyz mwr
ysx jjf aalg
ysy acoo hkb bkb jov
ysz acoo ackx
yta acop acoq acoo fiq
ytb owh
ytc hub
ytd jee
yte dhz
ytf acoo acop acdf
ytg acoo acop acoq kwc
yth acoq acop acoo ted
yti acop acoo acoq idk
ytj acoo acoq acop cns
ytk acoo rjw
ytl acoo acop txw ead
ytm acoo ege
ytn acop acoo zjd
yto acoo lqw
ytp seq
ytq acop acoo hxz usf yrs
ytr acop acoo acoq qgx ltq
yts acoo acop acoq fry cvl
ytt acop acoq acoo mnx
ytu al
ytv wd
ytw acop acoo acoq bka
ytx acoo pak yfu ngj
yty acoo dhm (hkg mxw ksv)
ytz acop acoo abdm jfl
yua acoo acop mcx
yub acoo acoq acop cun
yuc acop acoo dye
yud acoo dtn
yue ilc
yuf fav
yug acoo acop ozh
yuh acop acoq acoo abmk
yui acop acoo ktq rxq yka
yuj acoo acop kec yj
yuk dfm zdh
yul acoo acop ism
yum vrv xxp urx xdn
yun acoo yul vvx xkl dri aig
yuo aass tdf lcd
yup acoo cnr
yuq acoo acoq acop pkz owc
yur aclt
yus acoo acoq acop hmi hvv
yut dzb
yuu g uur (zbg oab) eem
yuv jfe xfb
yuw acoq acoo acop acbz
yux acoo acop pwy
yuy acop acoo jab mni ywr tdt
yuz xzo
yva abap eei
yvb acoo mkd
yvc acop acoo twq
yvd acoo vih
yve acoo acop lnh
yvf acoq acop acoo wys
yvg acoq acoo acop uta
yvh acoo acop bbj utg
yvi acop acoq acoo fuy mnd teg
yvj acoo iff lfz qoz rtt
yvk acoo ton
yvl acoo iah acbc
yvm acoo kac
yvn acoo uhh
yvo acoo acop bfh dbb abmo
yvp acoq acoo acop clg ggh
yvq plc
yvr acop acoq acoo vmp iwj
yvs acoo acoq acop lpl sot yrf
yvt acoo dcw
yvu vre uqz wiy pxs
yvv tje esk sxg
yvw kbf prm
yvx acoo acoq acop dyr hwy rxf kfe
yvy acoo acop ubu
yvz acoo lwj
ywa hpq ptl
ywb acoo lsm
ywc fou
ywd acoq acoo acop cq
ywe acoo acop bqz
ywf yay ejy
ywg tbt abrw ge
ywh acoo hza
ywi etw
ywj acoo acop nmn pqr oyj rey
ywk acoo hbs
ywl acop acoo rxm
ywm acoo yyc oxx vvm
ywn aaot mfo bck ygy
ywo acoo acop zlz abyn abzb ktr
ywp acop acoo iay
ywq acoo lrk qdf tzn aalw
ywr acoo xik hgp ffw qkm
yws xej
ywt acoo acop krw
ywu acop acoo mct
ywv acop acoo yps byq
yww acoo acop acoq abkv
ywx acoo acop cvb
ywy acop acoq acoo lyd
ywz acop acoo ozr hpe dc aanq
yxa acoo tzn
yxb acop acoo acoq az zth
yxc acoo acoq acop tac hxv ora hsl
yxd acoo jde sjs
yxe acoo adz acie byl
yxf acop acoo xqq acgq ipi
yxg acoq acoo acop ksa
yxh acoo acop tpc abmc
yxi acop acoo acoq syw
yxj acoq acop acoo bwx
yxk acoo acop bqv
yxl acoq acop acoo iu
yxm kbq dvn
yxn acoo tfs
yxo acoo ook
yxp acoo xdd
yxq acop acoo acoq gtk qrm
yxr sti lrc
yxs acoo acop aane sr mbs
yxt acoo acoq acop lvc
yxu xrf
yxv acoq acop acoo aadn
yxw acoq acop acoo aga ich
yxx acoo ncg
yxy acoo ugb yhe spu
yxz acoq acoo acop een
yya sus epf
yyb loq nh qrz jyr eci
yyc acoo upd ebk mf
yyd acop acoo pk sjs ckm xsa
yye acoo acop dyb
yyf acop acoo qeq
yyg acoo acop tj xyi zcv qdy
yyh abqx lmf hcr
yyi acop acoo zds
yyj acoo acop fsb
yyk acoo aet
yyl acoo acop mmt yhy
yym acoo eep aafl inr
yyn pnw
yyo acoo acop acoq djd
yyp acoo acop kda cd syz wtx
yyq acoo acop inh hxg qza
yyr acop acoo egf
yys acoo lmm
yyt acoo kba
yyu ojf
yyv acoo tms
yyw acoo acop rtm aamv
yyx acop acoq acoo oxm
yyy acop acoo cyv iir yll nbs
yyz acop acoo xga
yza acoo acoq acop cci
yzb acoo xff
yzc acop acoo opr
yzd acop acoo jtf
yze acop acoq acoo afe
yzf acoo acop rnf osx
yzg acoo hby zyf abrd
yzh acoo acop pvm
yzi acoq acop acoo cbp suk
yzj acoo acop dvz
yzk acoo acop ukw
yzl acoo tdk
yzm nsx
yzn acoo acop efg
yzo acoo acop bnv
yzp acoo mjs
yzq acop acoo gpx ufb
yzr oa
yzs acop acoq acoo absj
yzt acoo dcw vn lyb
yzu acoo acop idd wvt kha rvu
yzv vpx
yzw acoo acop tqb pkp baq
yzx tpo
yzy acoo acoq acop mvr vql
yzz acop acoo acoq kox vdz
zaa hlu bxj beq
zab acoo acoq acop fvw wrs
zac acoo ivg
zad acoq acoo acop tew
zae acop acoq acoo yfe
zaf bmt
zag acoo prc abhx
zah acop acoo yme
zai acoo lyg yid yrr
zaj acop acoo acoq esq
zak acoq acoo acop rms
zal acop acoo azm
zam acoo gwu
zan jkz
zao acop acoo svh
zap acoo acop acoq iim tvk abzy
zaq acoq acop acoo owb trs pfv
zar acop acoq acoo wy bru wyt aclb
zas dov bla
zat acop acoo etn blo
zau acoo iya
zav acoo bxr ynx pel edt
zaw dyf
zax acoo ky (lvs kxk ghs)
zay puv
zaz wxd gls ymw
zba ila
zbb acoo acop flk lov
zbc acoo acop acoq aanl
zbd ruq aabx wij
zbe acoo pqt gx abdn
zbf acoo acop anc
zbg ehl
zbh lnm
zbi acoo acop acoq aacv
zbj uhu
zbk acoo nxn gbf
zbl tsw fgw zww
zbm acop acoo acoq hvn
zbn acoo sko
zbo acoo acop iwq vrx
zbp bbj
zbq acoo abqb
zbr sqq
zbs acop acoo abbe
zbt acoo hvf tkh iop gag
zbu acoq acop acoo vyz eld aclv
zbv mut
zbw nra tni
zbx acoq acoo acop gck
zby acop acoo acoq cfe iik drn
zbz acoo cwb jns odf
zca vih
zcb acoo acop acoq uul mzp
zcc acoo acop foi
zcd acoo acop vgi (erp qhl erv)
zce acoq acop acoo slf
zcf ffw fem poe
zcg acoo acop aaxi
zch kec iur kzb azd
zci eqg rbi
zcj acoo ruj snj
zck acoo zon
zcl acop acoo vcv
zcm acoq acoo acop vex emu vfn
zcn acoq acoo acop nzf
zco acoo trr vml abvj itq dxt
zcp mkj rio iqf
zcq acoo fci
zcr afj
zcs qfu dqy
zct acoo acop acoq coq wzq qwi
zcu wrl
zcv acoo dto
zcw acop acoo bjw
zcx acoo acoq acop accq
zcy acop acoo jpp
zcz acoo acop ttp peu
zda acoq acoo acop erb
zdb acoo ozb
zdc acop acoo sxo xjc
zdd acoo acoq acop dp
zde yxh aaex sfs jan
zdf acoo acop yma
zdg acoo acop zto
zdh acop acoo acoq ueh
zdi acop acoo abdq utp mbz qat lok
zdj acoo efj plh rna
zdk clu
zdl acoq acop acoo wjq skr acgb
zdm hsk
zdn ljd
zdo acop acoo uub vvv acoj xmj
zdp acoo acoq acop hcb
zdq acoo yoe
zdr acoq acoo acop wkt
zds acoo hvg
zdt acoo eal xew
zdu acoo soj dhb
zdv acoo zto xpu
zdw acoo rgb uvo htx gky
zdx acoo acoq acop ila ctu lns
zdy acoo dks
zdz acoq acoo acop lvz
zea inb
zeb eqp
zec acop acoo fxv
zed xzc pcx
zee ngh
zef acop acoo yob krm oi
zeg nkq mpp
zeh ucj
zei dln
zej jfc oyq nh
zek acoo kqa
zel uec uma
zem acop acoq acoo erw cwi
zen gpi aajv cpk
zeo acoo acoq acop glw abyt ylt jwg
zep acoo elm
zeq acoo acop jkr
zer acoo acop xlt
zes acop acoo acoq ejv
zet acoo acop xle
zeu acoo acop yna gkq abst ezc
zev acoo abfb acav ule
zew acoo bag dok
zex acop acoq acoo ztt ajn qlt
zey acoo usn
zez acop acoo wey uee
zfa acoo cfh
zfb acoq acop acoo jcc hir oom aahp
zfc acoo qbd
zfd acop acoo jkb (ovd yw) hua acmk
zfe acoo aaok
zff acoo acop amw
zfg acoo acop acoq iia aals
zfh muq
zfi acoo acop acoq ndm
zfj acop acoo vzt lhv
zfk vav
zfl acop acoo acoq vqq wdd
zfm acop acoo aazu
zfn bpc
zfo acoo vdg mau
zfp aboh xjh
zfq acoo qkx
zfr acoo tkm ofm mzl ykm
zfs acoo acop dze xgs hfn
zft acop acoo acoq fms
zfu abtn
zfv acoo acop vsn
zfw qnz
zfx acop acoo wmn dpk
zfy aaao
zfz acoo acop acoq jxd hrs cx ocg
zga acoo acop xxo
zgb acoo acop aank
zgc acop acoo fff ewh fph
zgd ecz ygl
zge acoq acop acoo ieh kpp
zgf gmo
zgg sas ugx kwq
zgh acoo qzr aafq aaxk uag
zgi acop acoo uey
zgj ccz
zgk acop acoo fdu (fjj gqn srm)
zgl acoo acop wja
zgm hyw
zgn acop acoo ozl fi
zgo srt aaxm
zgp acoo xnu
zgq acop acoq acoo woe
zgr acoo acop acoq stk
zgs acoo acop acoq myt
zgt zii phx
zgu qmo
zgv skp
zgw rhi
zgx acop acoo zxp
zgy kcb jtq hfx zrb
zgz wgh xiz
zha acoq acoo acop bbb ugk
zhb acoo acop acoq spc
zhc acop acoo abub
zhd aavv bwf
zhe acoo ovi nog rpt
zhf acoo fhp
zhg acoo acop hxj
zhh acoq acop acoo zzd
zhi acoo jil
zhj acoo ymo
zhk ayj
zhl upl
zhm acoq acop acoo umu
zhn acoq acop acoo rlz
zho acoq acoo acop pkk
zhp acoo aamc
zhq acoo acop fsw sfg
zhr acoo acoq acop kuc dzs fvv
zhs acoo bbh fir
zht acoq acop acoo wtv
zhu acoq acoo acop xns ackz
zhv acoo acop acoq zhn (wce ene)
zhw acoq acoo acop qqc
zhx acoo acoq acop qbx wyt xia
zhy acoo zyf
zhz vvj
zia acoo qdn
zib acoo qzw
zic acoq acoo acop zff
zid acoo acop icc pdx yga tgb
zie acoq acop acoo mod
zif acoo acop mnd
zig acoo seb jcl nqx
zih acoo vxp
zii acop acoo gvy
zij acoq acoo acop frb
zik ra mvo lsl
zil acoo gmc vpe
zim acoo acop acoq svv
zin acoo stv
zio acoo nkg bom gfg eqm
zip uqc
ziq acoq acop acoo uem
zir acoq acoo acop tip
zis acoo ejn
zit mhb
ziu nca sjw
ziv acoo acop acoq lm oij uyg ktv
ziw acoo acar
zix acop acoo fpq
ziy ffp zmv jgu
ziz mvn
zja acoo qxy hcs
zjb acop acoo jkx
zjc acoq acoo acop fal
zjd acoo hcs
zje acop acoo hyq
zjf acoo acop yrf
zjg acoq acoo acop xfu ujk
zjh dop
zji acoo viw und gbh uzd
zjj is
zjk acoo acoq acop dgf
zjl acop acoq acoo cno olt pbh xtz ihg
zjm acop acoq acoo bic wxz
zjn acoo abtl iif
zjo iba
zjp pca spn gkt
zjq acop acoo ods uzr
zjr acop acoo voz tkm brq bq tpc
zjs acop acoo qsk
zjt jes cmb
zju acoo acoq acop iyb
zjv acop acoo lyj tty utj mye
zjw acop acoq acoo kqm
zjx acop acoo ntd eog jsa
zjy ddo fvd exg gyf
zjz acoo zyo
zka acop acoo zoj
zkb acoo ywf
zkc acoo crl
zkd acoo acop zyo
zke acop acoo acoq wla asx
zkf acoo hax (shd ec)
zkg acoo aayw
zkh acop acoo ffv
zki acoq acoo acop aatt
zkj acoo trn
zkk acoo yfo
zkl acoo acop vdk
zkm eso erj ktg
zkn acoq acoo acop rnq
zko acoo acoq acop xnw orh aafm (toh bxk)
zkp acoo acop acoq pgo tlz nvu
zkq obv
zkr rsi
zks acoo acln
zkt wnp xbh
zku acoo yig
zkv acoo kcr cxm
zkw acop acoq acoo yuw vkr wab
zkx acoq acoo acop ta vbv
zky acoo acop cif
zkz acop acoo acoq rgw pqn
zla acop acoo afs
zlb acop acoq acoo ebe zss jna hlz
zlc acoo acop vpi kbc
zld acoo acop acoq eqz
zle acoq acoo acop kpv zfl mte
zlf acop acoo acoq tos
zlg acoo acop ark dmo tzh
zlh acoo emv
zli acoo acop qjl
zlj acoo xei xyc
zlk acoo oec
zll acoo acoq acop zqc
zlm acop acoo acoq pxl
zln acoo acop acoq kvt
zlo acoo vjf akp
zlp mqd sqb ijm fig
zlq kot vej
zlr acoo acoq acop dlq
zls acop acoo tea
zlt tsn
zlu acoo pff gjj wfb
zlv acoo acop kih
zlw acoq acop acoo xrw
zlx acoo vit
zly acoo mzo kev gav bem wfg
zlz jaw vkg
zma acoo acop iwd jgr wfv abmi
zmb qkh guf iyx
zmc acoo acop xai
zmd nmi tto
zme acoq acop acoo abyn
zmf acoo aarc
zmg acoo lya yci
zmh acoo acop dwz kwr zai bls
zmi acop acoo tko
zmj acoo ymq
zmk acoo wte iyb
zml acoo etk uha
zmm acoo hnm tdf
zmn acop acoo acoq fgg (cnd afy qkd tvw)
zmo acop acoq acoo rlk
zmp acoo ubg
zmq oxy
zmr acop acoo xsm
zms acoo acop gfy
zmt acoq acop acoo khd mvo osl
zmu acoo pkg
zmv acoo dqd (bdx zo mnq)
zmw acoo api byk
zmx acoo acop uq
zmy acoo acnn
zmz acop acoq acoo qmk (gwz aako)
zna acop acoq acoo aasf ubu fua
znb acoo oh
znc qqm rnk sbs aaxe
znd acoo acop uck
zne acoo acop tkz jkn
znf acoo acoq acop axz
zng acoo jzr
znh acoo mtj (xts scv) wtq xhg
zni acop acoo njj xyv
znj acoo epq pbk cby
znk acoo qji fxw
znl acoo ypz zeb
znm acoo qhw rfv kbn djo
znn acoo xat
zno acoo pqp nxd log
znp acoo acop hbu tcg uok iym
znq acop acoq acoo zcb prr
znr acoo acop acoq aaer exp nuq
zns acoo acop acoq sec xlb
znt acop acoo liv gh
znu acoo zub
znv acop acoo acoq kvo wjs ezb
znw acoo aoy jdm mdr
znx acoo dbu fxr bbw
zny acop acoq acoo abcr mld lms
znz acoo acop acoq sup
zoa acoo acop ifr utf yle
zob vig
zoc acop acoo acoq mwe
zod acoo acop acoq odv
zoe acoo acop wyz
zof acop acoq acoo abfw
zog cfa
zoh acop acoo ugx
zoi gtt
zoj pis
zok wsh hpj
zol acoo gse bgk (kqh bux ivk)
zom acoo acoq acop uwi
zon cgv ofi wyz
zoo abip
zop abpf
zoq acoq acoo acop nkr coy lbz cco
zor acoo acop ukb
zos acop acoo aks kes sqt
zot lhw
zou acoq acop acoo rzn lve zvn nmw
zov poo
zow ivq
zox acoo acop lye rln hkz
zoy acop acoo aasd
zoz acop acoo fdg (iyz pek)
zpa acoq acoo acop iem
zpb acoo hkg nii yes
zpc wcr
zpd acoo acop acoq xst
zpe acoo acoq acop cxy
zpf flh pzz bqk
zpg acoo acoq acop aaqo daa xxu
zph acoo ijj
zpi acop acoo acoq cfw xdq
zpj acoo nah acng
zpk acoo aph
zpl acoo acop fuw afg orr
zpm acoo xul
zpn acoo aap
zpo acoq acoo acop hjo aaag
zpp acoo zqf
zpq acoq acoo acop vzj wsv kdn cjo
zpr acoo acop iur
zps acoo vyd
zpt rqe
zpu acoo acop nqc
zpv acoq acoo acop tem
zpw acoo ab
zpx acoo jcu ftx lmj
zpy acoq acoo acop zgb
zpz acop acoo ghc dds cfh pvz
zqa acoo cft bmm cck hac abhr
zqb acoo acop fea
zqc acoo tyr enc tds
zqd acoo hlz
zqe wxw qfk
zqf acoq acoo acop emi pzq
zqg acoo acoq acop tvi
zqh acoo fmj
zqi acoo acop ihr
zqj acop acoo gvo
zqk acoo ams acgd acmn
zql sbw
zqm acoq acoo acop glj
zqn wry
zqo acoo bnm
zqp fwi qqw
zqq acoo pha
zqr acoo acop wsi
zqs acop acoo zbz
zqt acoo acop dfg
zqu nkv yez
zqv acoq acop acoo vus xkz
zqw acoo wqm
zqx abfe abdo vpg
zqy acop acoo bvp
zqz acoo acop fyp qcn
zra acoo ndj
zrb qpb ed jaf
zrc acop acoq acoo kif
zrd pil
zre acop acoo zcs
zrf tnt
zrg hef ffw cyv
zrh acoq acoo acop abpl cbl
zri acop acoo lxe
zrj jxn
zrk acoq acoo acop cku mri eow cut
zrl acop acoo acoq abbh bzy
zrm acoo acop qnw
zrn acop acoo absz cpc
zro acoo acoq acop fvy
zrp acoo tuz
zrq acoo acop gvy
zrr acop acoo acoq idk
zrs acoo gwm
zrt acop acoq acoo aahg qvj
zru acoo acop xws ved
zrv acoo cmm gsk
zrw acoo acop acoq qak abqg jpj
zrx acoo acop acoq moy
zry acoo ddy kns
zrz acoo acop acoq bkb
zsa rmg
zsb acoo acop acoq cou
zsc fnr cmf pfj
zsd acoo acop sos cjm abkt
zse acoo acop acoq gpf nfg hzs
zsf mal nfh
zsg acoo psx rx nfw
zsh acop acoo dbj cfz
zsi acop acoo aauj
zsj acop acoo acoq oib
zsk acoq acoo acop zyy
zsl acop acoo ldk nfi (phu iyz)
zsm vom
zsn acop acoo ozo aaba syy
zso acoo uvf qht ijf ywq qpe
zsp acop acoo beg
zsq acoo acop dih
zsr aazx mos gmc
zss acoo acop skr
zst acoo bbb
zsu acop acoo nba cak
zsv acoo qsx
zsw acoo acop acoq ovm
zsx znu
zsy acoo wfb
zsz bjv
zta acop acoo gyp hsv
ztb qvm fut fbx ohw
ztc acoo wdb
ztd acoo dmj
zte dxz tjp
ztf qxv
ztg acoo mel
zth acoq acop acoo ryt
zti acoq acoo acop bk
ztj acoq acoo acop ifu uig
ztk acoo fgl
ztl acop acoo mrd
ztm acop acoq acoo zbz vsq
ztn acoq acoo acop abyl aja
zto oxs
ztp acoo sbx
ztq zfz
ztr gxq pqh fsx
zts acoo ktj
ztt acoo kne
ztu acop acoo acoq iuz ugv kxj
ztv acop acoo vzw (she jek) nor
ztw acoo cov mph drg
ztx acoo acop byy cmj
zty acoo gzn
ztz acop acoo hyj lzt m gqv
zua acoo acoq acop brz
zub eek
zuc acoo xjf
zud acoo sui
zue acoo acoq acop gbe
zuf fqg (aabf aic)
zug acop acoo nmr lnq
zuh acoo uxz
zui acop acoo oaz yif grp wyc
zuj acop acoo piv
zuk qnn yqu
zul acoo acoq acop lil yza wbo
zum acoo aadm mgm ick
zun acoo acop bqy
zuo upj lyt fky eg
zup jko jcz
zuq acoo acop acoq dxk yrm
zur acoo baf oas
zus acoo tvj qta vbm
zut gvk hkg
zuu acop acoo nju
zuv acoo acop yfv abtw
zuw ajo vgo
zux acop acoq acoo kdk gqs mys fds
zuy ey
zuz acoo qrh
zva sam aare
zvb acoo achi hha yxa
zvc wla
zvd acoo acoo qyu iux abuw
zve acop acoo acoq red
zvf acoo uji rrx
zvg acoo acoq acop niq
zvh acoo acop arm wgk wqj zsl
zvi acoo omj
zvj acoo lhb
zvk acoo acop wtx
zvl xxf kq nzf fzs
zvm acoo acop xgi lld
zvn lug
zvo mzz
zvp acoo acop acoq abnn tqh dzm
zvq aqq
zvr hwb ncg
zvs acoo ljo dua uhx
zvt vmg
zvu fsg
zvv lez
zvw abb
zvx acoo acop ybj
zvy abqo
zvz acoo oxv
zwa btk
zwb acoo acop acoq yqg ukv itb
zwc hz
zwd abuk bwx dai
zwe acoo acop vhd abpu vov
zwf acdv cqs ehw vki
zwg acop acoo ozc
zwh pfv (mvo wus)
zwi acoo acop acoq vrp
zwj jwb (hyc rcq)
zwk acoo ijl
zwl acop acoo duu ysa
zwm acop acoo nux
zwn acoo umo
zwo acoo kxz
zwp acop acoo acoq kzk
zwq acoo ico
zwr ogk
zws acoo vsu
zwt fon
zwu acoo lar
zwv acoo acop acir
zww acoq acop acoo swc zli sff
zwx acoq acoo acop yrq
zwy acop acoo gin
zwz acoq acop acoo ab
zxa acoo ylv ggm idd
zxb euh
zxc acoo aclh yja qxc mbz
zxd wmf pvx acmn
zxe acoo mla dpk twk
zxf acoo ubb
zxg qcd pax yln
zxh acoo edu
zxi btv acbw
zxj acoo pdt
zxk vgs
zxl acoq acop acoo eat
zxm acop acoo acoq abhu
zxn acoo acoq acop abaa
zxo bna
zxp acop acoo vmd
zxq acoo acop rzc obe
zxr acop acoo acoq qgm vhj amh
zxs acoo tvy
zxt acoo pjq
zxu acoo vsg
zxv acdj lwh svq xya
zxw acop acoo zfv vcf jga
zxx acoo nuv
zxy acoo acop lar pip bnr
zxz acoq acoo acop stp
zya acoo acoq acop vng
zyb acoq acop acoo yxj (spj lnf)
zyc acoo acoq acop kie
zyd yrl cgp fjc lkf qly
zye nz
zyf hnf
zyg acop acoo xlz
zyh acoo io
zyi pmh ejj aaxt
zyj nog
zyk yjf vzf ufi lsw xth
zyl acoo fds
zym acoo acop bwf
zyn acoo acop acoq nxe oao
zyo acoq acoo acop haj
zyp acoo uso tug abn cg
zyq acoo goo
zyr jfa
zys acoo acoq acop yic jel
zyt acoo wgf
zyu vim djq
zyv acoo nmy jga
zyw lqs
zyx acop acoo acoq rlg gfz (xkw kos) fza
zyy acoo acop erg
zyz acoo acop nsk
zza kxe
zzb gcw
zzc acop acoo kmb pnq juk
zzd acop acoo omm
zze acop acoo qmc grf pfl
zzf acoo acop umx iro
zzg acoo qu lsl wtu
zzh acoq acoo acop saa
zzi avh
zzj acop acoq acoo ptt
zzk acoo ytp
zzl xt
zzm acoq acop acoo wpe
zzn acoo acop acoq yil
zzo jfv oml
zzp acop acoq acoo nos fzr gfj
zzq acoo lpy rzi
zzr dyg
zzs acoo iaf
zzt acoq acoo acop ykp htd sog
zzu acoo kl
zzv acoo aapw
zzw hjn
zzx acoq acoo acop gts hpw tjf hxq
zzy acoo acop ksl
zzz sbs
aaaa acoo okh sxu
aaab acoo agx
aaac wdt
aaad acoo acop rmg vlu ibi
aaae acoo acop kp
aaaf acoo acop xac
aaag rnz
aaah acoo acop oxi
aaai acoo acop azt (ydx vlm)
aaaj acoo qcf
aaak acoo iqq
aaal gcz
aaam kgg
aaan acoo qcs
aaao acoo acop ilj ejc bqq
aaap acoo acop eqz
aaaq acoo acop acoq lsg
aaar acoo acop acoq hjs
aaas acoo lcl
aaat acoo acop dru
aaau acoo acop qps abin hsp wph abio
aaav acoo aaxg
aaaw acoo acoq acop rxx
aaax acoo pdx
aaay acoo cqs
aaaz acoo xyy
aaba acop acoo srl
aabb acoq acop acoo rhk aamx
aabc bqj
aabd acoo acop hzx knq rxx
aabe acoo uyq
aabf lbg
aabg acoo hjf pjj eta
aabh acoo gyy bgz bnu buy
aabi acoo acop prz
aabj acoo qox
aabk acoo uum
aabl acoo qs zu ynb
aabm acop acoo nob
aabn acoo acop szg
aabo acoo hzi
aabp una
aabq acop acoo acoq ctd eev
aabr vkg
aabs acoo oyt
aabt acop acoo qzn aar
aabu acop acoo nsw
aabv acoo pgj sfg
aabw xyv (gxn yfc)
aabx acoo acop acoq sb ckx bna fcg
aaby acoo hkl zud
aabz acoo sbc
aaca lji
aacb aqf
aacc acoo acop myo wvy
aacd acoo uyl
aace acop acoo qag ytf rcs ink
aacf acoo acoq acop rgu wcg bdq acht tnp
aacg nou aaei aabk abu
aach acop acoo bjq fqs
aaci acoo acop qxw xpz
aacj acoo ogp
aack abgs abmo
aacl ykf pid
aacm acoq acop acoo cse qaw
aacn acop acoo mev
aaco acoq acop acoo ofk oei jrr eol wgq
aacp acoo acop fex
aacq ajo aape zmc lqf prn
aacr tbh
aacs acoo ero jnj
aact acoo zbq puv
aacu acoo vdz tba cqw gaw
aacv acoo acop acoq frs
aacw acoo acoq acop vfa (sxj qne lht)
aacx bjy
aacy acoo acfr
aacz cmv
aada acoo jgv
aadb hm
aadc acoo wcx
aadd dnl qyz fjm
aade acoo rdd duh ymd hei
aadf yeq xi
aadg acoo yyu quz
aadh acoq acop acoo gsk
aadi hzb
aadj acoo acop wig zjr
aadk hgk (qdy baq)
aadl acoo vot ncx
aadm acoo kay
aadn acoq acop acoo zrb
aado acop acoo afh (iap fsz abcr)
aadp acoo aclw pdo olb kqm
aadq nn rlm (wqk zmq)
aadr acoo acoq acop ced mma ezg
aads acoq acop acoo ahr ezz ico
aadt fea
aadu acoo wsb
aadv gmq
aadw acoq acop acoo cuw
aadx acop acoo acoq njw
aady acoo acop yox dwv
aadz ecc slk aaeu
aaea acop acoo aavy
aaeb acop acoo sqp
aaec acoo acop qbc nen oqc
aaed acop acoo acoq dbj
aaee acoo sgn
aaef spk nwa kbv
aaeg acoo ojy
aaeh ske mlw
aaei acoo acop acoq sgk zuf eeb axa
aaej acoo zrd
aaek acoo acop wem jgg buf
aael acoo acoq acop bxp uns
aaem acoo acoq acop ex tbr dbx jek
aaen vth
aaeo tfg spw dcn
aaep acop acoq acoo aaws
aaeq acoo acoq acop mts
aaer acoo acop ewm
aaes acop acoo acoq teh
aaet nfz
aaeu acoo ebv abd
aaev acoo aasj
aaew acop acoo ekt
aaex acoo acop acoq duw dht
aaey acoo xgt (abdq wum)
aaez abmi
aafa acoo zvx
aafb acoo stt bab nzy lwi
aafc rsy
aafd acoo acop gky xsf ezg
aafe acoo qnh
aaff acoo acop jus
aafg sde xau
aafh gst
aafi acoo acop lwx hbw
aafj acoo pku nvw sca ttj grr
aafk acoo acop uow
aafl pg
aafm acop acoo wrw
aafn acop acoo aasa
aafo acoo kep nmh oog arr
aafp acop acoq acoo wel mls nxr ppi
aafq acoo acop kc
aafr acop acoo hiq xlt xzv
aafs acoo acoq acop abjg fjy skk kyx
aaft acop acoo faq
aafu acop acoo oge hts
aafv acoo acop acoq abmj
aafw acp
aafx acop acoo acoq tmi xac yvk
aafy pgr
aafz acop acoq acoo yvn kzz aach ris
aaga mqr
aagb acoo uoy
aagc acoo rhr chn
aagd acoo egc
aage acoo aaxf
aagf rwv
aagg acoo jip
aagh qny mef yux
aagi acoq acoo acop cdn kfk
aagj acoo rjn
aagk acop acoo sym
aagl acoo acop acoq qod
aagm acoo acop lqn pmv hwt
aagn acop acoq acoo fip iqm bfm
aago acoq acop acoo achd
aagp rkw
aagq ecz ikh abms
aagr acoo acop tel vqu
aags acoo abmn ox
aagt acoo acop hmc aarp huz kzx
aagu acoo qtq
aagv acoo acop tgx
aagw ehb eee cdn kje
aagx ehk
aagy acoo tcb nrn dec loa
aagz acop acoo oza (mzm zxw)
aaha acoo tdk abap gvy
aahb acoo vfg krh
aahc acoo dwq ngr ems
aahd sqs
aahe acoo tow cha yqw
aahf acop acoo zam
aahg acoo acop uuu wvr upy
aahh acoo acop qrz absp ffz
aahi acoo lis
aahj acoo gvo
aahk acop acoo yeb jpl
aahl acoo zjl qqx tmk (mwl seo)
aahm aadn
aahn acoo ahy abqz xff ete
aaho acoo vs
aahp acoq acop acoo uei aapm icp
aahq acoo acop mny
aahr acoo olg
aahs acoo acop xcr
aaht acoo qxr qny
aahu ask oaw
aahv sam
aahw acop acoq acoo wmh
aahx acoo zdy cil dml
aahy okq
aahz acoo evo
aaia acoo dtp
aaib mrn
aaic acoo ldc aacr ca doo
aaid acoo acop rli pso sxh c
aaie acoo fcl nh
aaif acoo acop bln
aaig acoo cxz
aaih acoq acop acoo iae na evm
aaii acoo acop pfu
aaij acoo csq
aaik acoo acoq acop yam her ipl gav cut
aail acoo iuz qnk
aaim acoo acop acoq qii
aain acoo acop glu
aaio zaw vlx alo
aaip gag
aaiq acoo hrh
aair ngj
aais acoo ltg lat
aait absr kui
aaiu acoo acoq acop zgz (yov xpy vck)
aaiv acoo acop acoq ssn gyn byy pxn hfp
aaiw acoo lfo gba vul
aaix nfn yjw tvj yiv jhb
aaiy acoo acop ajd
aaiz abpj
aaja acop acoo luj
aajb acop acoo dqv
aajc acop acoo qoy
aajd acoo dcx
aaje xrn
aajf acoo acop acoq qno uj
aajg tey
aajh acoo vzm
aaji acoo acop acoq jiy
aajj acoo oas
aajk acop acoo zsx
aajl gou quq yqj ngc
aajm acop acoo fvu
aajn acoo acop mhi
aajo acoo acoq acop acak lml
aajp acoo acoq acop rqf
aajq acoq acop acoo aahf dvs zsq
aajr acoo acop acoq yaj
aajs acoo acop inp jqa knh
aajt acop acoo acoq hiu
aaju acoo acop gpc
aajv dij ipc
aajw acmw aces ej
aajx zpo
aajy acoo acop aaqu
aajz tpq nsv jzy
aaka pxx nos
aakb mrr
aakc acoo acoq acop abtc
aakd buk
aake absn aatb iqj qrz
aakf acoo dti
aakg acop acoo you abbq rki
aakh cpj abul aacu
aaki acoo acop evr
aakj acoo kvs
aakk acoo imh
aakl acoo acop acoq nvl
aakm acoo vsn
aakn kzz
aako acoo sgw tcj
aakp acoo acop aclr upz nrz
aakq acop acoo atl reg aru
aakr acoq acop acoo sky
aaks jwh yvx
aakt acop acoq acoo mvw
aaku zzp
aakv rdy onj
aakw veo
aakx acop acoo acoq qku
aaky acop acoo hlp
aakz rmd mme
aala acoq acop acoo rpx
aalb acoo acop qcx bk
aalc acoo xlp
aald gqm cdo
aale acoo kmt
aalf acoo acop acoq abeh sis
aalg acoo acoq acop jcd uwd pcs
aalh acoo acop qoj ami atk yuh
aali acoo ask fhc lcp wae
aalj acoq acop acoo uhs lda int
aalk acoo xb yll
aall acoo dqo drl npt
aalm acoo cjz vmo kri
aaln acop acoo avw zmi
aalo acoo dsv
aalp wvf
aalq acoo uyp
aalr fjb vwm tny akj
aals dpn
aalt acoo acop nv iid xvl
aalu tbz
aalv zut
aalw acop acoo juy
aalx acoo hkd knh jrk
aaly swd
aalz acop acoo grj
aama acoo zqe abnq yaa
aamb mfu
aamc meq
aamd acoo acop acoq clx jaz
aame acoo acop vxr (esp bbv wbw)
aamf zos
aamg pex
aamh acop acoo acoq tqd ixt
aami acoo acop acoq lym
aamj acoo pyf
aamk acoq acoo acop yx
aaml acoo jsn ulq
aamm acoo acop lcf doo
aamn mwh
aamo acop acoq acoo ewo
aamp lrw
aamq acoo wnx fwi boa (awn rbv)
aamr acop acoo fus
aams acop acoq acoo aaur nch (qts yqx)
aamt itx
aamu acoo acop acoq tlz iek
aamv acop acoo njk aceq
aamw acop acoo acoq ryf
aamx acop acoo wos
aamy acop acoo acoq qvq
aamz acoo xac
aana acoq acoo acop hdl gma
aanb acoo dnk aiv
aanc acop acoo acoq etn
aand up chy
aane acop acoq acoo xob
aanf acoo vyw
aang acoo ahw skb
aanh gxx
aani acop acoo oew asp
aanj acoo acop yog
aank acoq acop acoo zg (lde xrv efs)
aanl acoo upe
aanm acoq acoo acop abgy ajy
aann acoq acoo acop uqx
aano mlo
aanp acoo acop izk
aanq acop acoo acoq hqq
aanr acoo nhy
aans mhk
aant acoo abhs bcx yxy
aanu acop acoo sbl
aanv acoq acop acoo mo
aanw aama ablm
aanx qah hgs iiw
aany rcr
aanz acoo inj qvj npn aakg
aaoa acoq acoo acop rdv
aaob acoo aadn
aaoc acoo ggg uat xzm lpv por
aaod acoo acop igs (zis abnz qkv)
aaoe sdv fjp
aaof acoo acop acoq wbt
aaog acoo aaut
aaoh acoo bmk
aaoi acoo gkz ixm oro gbr
aaoj acoo acop hxl
aaok pmb
aaol acoo acoq acop xck
aaom acop acoq acoo yyu wne ifv
aaon wfs ey
aaoo acoo vyy
aaop rin
aaoq acop acoo oty oju ddt
aaor acoo acop acoq ksd lco
aaos acop acoo pnw ujo yrj rrh
aaot dga aqx
aaou acoq acop acoo aaaj
aaov acoo ahw
aaow acop acoq acoo hb
aaox acoo tsb yxz mhv
aaoy acoo acoq acop od
aaoz acoo sfh gme
aapa acoo zgf
aapb wfa
aapc acoo bhy
aapd acop acoq acoo aqw (jdr mjl nwc)
aape acop acoo sys
aapf acoo acoq acop rtl nuo vg
aapg acoq acoo acop ukv kio
aaph zdt bif
aapi acop acoo yfq axi vpe bkj aou
aapj acop acoo acoq rvf
aapk acoo ize
aapl acoo acop cyl pyo dtg
aapm osx
aapn acop acoq acoo por xpy
aapo acoo acop acoq sbv
aapp acoo jae
aapq acop acoq acoo nxk
aapr acoo acop acoq pkz
aaps ubs hzv hin qwy
aapt acoo aban
aapu acoo vlt
aapv acoo acoq acop aga msj
aapw acoo acoq acop sw tem
aapx acoo acoq acop yxz gua zqd akv
aapy acoq acoo acop aaqd fxz xwf
aapz acoo jhu
aaqa oja
aaqb acop acoo hnb
aaqc acoo lgo
aaqd acoq acop acoo qnu
aaqe acop acoq acoo mt
aaqf acoo acop acoq mjn
aaqg acop acoo acoq ehc zbi kzi
aaqh hlm
aaqi acop acoo vsa iee ute
aaqj acop acoo hqq
aaqk acoo acop pcy
aaql giz bgj
aaqm acoo acop aavu
aaqn zc lml
aaqo acop acoo ncw
aaqp acoq acoo acop gi
aaqq acoo acoq acop tgr cdn
aaqr acop acoo fyp
aaqs cdc
aaqt acop acoo efo eej cpp
aaqu acoo acop vyj kaw bgu
aaqv acoo klw ssi
aaqw acoq acoo acop ubi
aaqx acoo acop hle
aaqy zgm
aaqz acop acoo qal
aara acoo hww
aarb acoo iw
aarc acoo acop acoq pnq
aard acop acoo zfm
aare acoq acoo acop rnd
aarf xou
aarg acoq acop acoo wem
aarh acop acoo acce
aari acoo tfl yzk aarj zu
aarj bqd
aark acop acoo achv qkh ucs otr
aarl acoq acop acoo fsv
aarm acoq acoo acop lze hy
aarn acoo iyv aaom jab wjw
aaro acoo bwm
aarp acoo acoq acop hmg
aarq acoo acop acoq qov
aarr jng ukg phr
aars acop acoq acoo aavs abum wpi
aart acoo acop abbk
aaru acop acoo qfb
aarv acoo jkx
aarw acop acoo gzu
aarx acoo acop epk ijv bgl
aary acop acoq acoo ait hvk cjw hlp
aarz aapm
aasa acoo acop jfg xyp ulb
aasb acoq acop acoo abn mug oiq vws
aasc acoo hzd cuj
aasd acoo abrn hvi
aase acop acoo tzd evj ecv
aasf acop acoq acoo yre yty qdx
aasg acoq acoo acop abkv iek
aash acoo acop acoq nyw
aasi acoo vii
aasj acoo acop qxy
aask eeo wvl
aasl aws qxy
aasm clm ywf ica wxj
aasn acoq acop acoo xad
aaso acop acoq acoo se
aasp acoo tqo ovr gpm isl
aasq acoo acop iso
aasr acoo acop szx yng mjy
aass acoo qan cin
aast gee
aasu acoo srn dkv dfn wax
aasv acop acoo yeb
aasw xcw spa
aasx acoq acop acoo uke non cvt
aasy acoo eid aaxn
aasz acop acoo ytx qcx rst cmk xzj
aata aaqx nhp
aatb oiu bjj
aatc acoq acop acoo zbt
aatd acoo acop zpo lpl hki
aate acop acoq acoo clm ykl nng jqo
aatf acoo fql
aatg acoo acop hyu
aath acop acoo acoq jnb (flf qst) gqb
aati aciz
aatj acoo xwx rhs
aatk acoo acop acoq ywv acjk toh
aatl acoo mvc
aatm acoo clu
aatn acoq acoo acop gdj
aato acoo fwg
aatp acoo acop pcw
aatq acoo ual jpp wgi smt ggz
aatr acoq acoo acop abgo
aats rew ipg oty
aatt acoo ues wfu
aatu acoo vyl
aatv acoq acoo acop xsy
aatw acoo fek idc
aatx uhu
aaty acoo acop tct wbl
aatz acoo rul
aaua acoq acoo acop xgz ltc
aaub acoo onu ypa jvj
aauc acoq acop acoo emf
aaud zah
aaue acoo acoq acop aalb kwo lit ivn
aauf acoo aamx acir
aaug acop acoo shr jfq
aauh acoo acop ejl
aaui acoq acoo acop rcs
aauj acoo br (xvm smy wnk ilk)
aauk acoo ulc xrk yki
aaul kqi ppb uyq
aaum acoq acop acoo ubi
aaun acoo str vfu (dxs hvd)
aauo acoq acop acoo eyp
aaup acoo acoq acop utt
aauq acop acoo yok
aaur hys
aaus acoq acoo acop ufu sdj ktx tbq
aaut acop acoo bkx eiz fcz
aauu chm uxm fdp mje rgw
aauv acop acoo mch
aauw acoo rsm
aaux acoo acop acoq kuy
aauy acoo mcb gww
aauz acop acoo xti
aava acop acoq acoo scq ybx
aavb acoq acop acoo ozl
aavc acoo rmg wki aavl
aavd acop acoo kaa
aave acoo acop ddr ehn jwf mqu
aavf acop acoo fyh
aavg pnw hye abtc jea
aavh acoo yhe bzj
aavi acoo plg oqh
aavj acoo acop acoq srl
aavk acoo acop vlz lxe gkd pvo
aavl acop acoq acoo uwz (aart abl)
aavm rme (uxl acnw)
aavn acoo jef eom
aavo acoo acdj aacz aalx acfe
aavp acop acoq acoo fmd xrs ltz
aavq ejq rqv kxk
aavr acoq acop acoo aadu pgs
aavs acoo acoq acop pwe
aavt rsd
aavu acoo xjj
aavv rbe
aavw acoo jgu
aavx gja cod
aavy acoq acop acoo zeq fzp
aavz acop acoq acoo alx
aawa acoo acoq acop vgv ljz njo
aawb kpf
aawc acoo bf nrr czk
aawd acop acoo aaez
aawe acoo djo
aawf acop acoo abgd
aawg acoo cyi mgp mpo
aawh acoo sfb
aawi oig abgr vxr
aawj acoo xhg
aawk acoq acop acoo ucm xtw
aawl ykn lxx
aawm acoo acop mvz oha
aawn acop acoo acoq hxj
aawo acoo ndw
aawp knt qja ggu
aawq acoo lth zeb
aawr acoo fej vr
aaws acoq acop acoo kpr
aawt acoo acop euj
aawu acop acoo acoq vec rzw hcl bpx
aawv acop acoo wij nxx mmf
aaww ggk
aawx acoq acop acoo onl
aawy acoo yxu
aawz acop acoo jnn
aaxa acoo ufa ezg abja
aaxb nhg cyi
aaxc acop acoo aanu
aaxd acop acoq acoo nsz ovh
aaxe acoo acop acoq aaad
aaxf gul gqj aaze hte
aaxg acop acoo fcl asz guv cax
aaxh dwi
aaxi acoo cpw (zef fbf)
aaxj acoo acop acoq mip ksp
aaxk wdt vnh udf
aaxl acop acoq acoo ci uzp
aaxm acoo wtj
aaxn acop acoo nuo kcs lpb
aaxo acop acoo abty fys hhv
aaxp acop acoo acoq dwr
aaxq irj
aaxr acoo acop acoq rph
aaxs acoo acop cei ops jgt
aaxt nj
aaxu omm
aaxv acop acoo acoq kxy
aaxw acop acoo xze
aaxx acoo udb
aaxy acop acoo mpu xuv obn
aaxz acop acoo rzq
aaya vuf hhz (kmi zda qzx)
aayb wio ijq
aayc acoq acoo acop ky hsp qum dnm
aayd acoo acop nlq pjy klb
aaye acoo nmr
aayf hex ypo
aayg acop acoo acoq ekg hmb
aayh acoo brk myg
aayi acoo ocs
aayj acoo n
aayk acoo acop vyy qem bgc
aayl ahd
aaym acop acoo zcf
aayn acop acoo acoq jlr
aayo acop acoo aapr
aayp acop acoo qxf tu gsr pyi bkt
aayq acoo acop gwt
aayr acoo kmg
aays acop acoo ndo
aayt acoo acop aben
aayu acop acoo mkj
aayv mep
aayw acoo acop imp
aayx bh
aayy vpw
aayz acoq acop acoo dxt
aaza acoq acop acoo aail
aazb acoo syb
aazc acoo dgj
aazd acop acoo acoq byc
aaze acop acoo lva nfi aoh
aazf acoo avj
aazg acoo ced
aazh acop acoo eyw bhn enn
aazi igp
aazj acoq acop acoo eji onv mqb zbh hmn
aazk acoo hpu dqt mnf rcf
aazl acoo ugn
aazm acoo acoq acop rns ivf ackp
aazn pwv
aazo acop acoo wmo
aazp acoq acoo acop rih
aazq xua pwj nuj vus ucg
aazr abvj
aazs acop acoo acoq mzk
aazt acoq acoo acop pfb
aazu acoo acoq acop cmv
aazv acoo acoq acop fgs ero bek izh
aazw acoo xdj yzz fjo nio
aazx acop acoo lxe shl avu
aazy acoo deo zok ylb
aazz acoo acop fik sgy ohn tra
abaa aagl kls mkm
abab acoo acop vhg
abac acoo bgm
abad acoo acoq acop abmt
abae acop acoo acoq xfm ath
abaf acoo acop acoq mai
abag tuj
abah acop acoo zgy
abai acoo ylr
abaj acoo acop aclg
abak nfi
abal acoo cmw
abam acoq acop acoo ijz abra rai muo
aban huf
abao acoo acop acoq aoy
abap acoo fxt anc acky
abaq yyg abon
abar acoq acop acoo zho
abas acoo iyb
abat hcz bzf
abau eof
abav acop acoo acoq zic sft piq
abaw acop acoo dnv
abax cqt oem tvi mrh csy
abay acoo hfl
abaz acop acoq acoo yud pnw
abba acoo gpg
abbb yiu
abbc acoo acop bjx
abbd acop acoq acoo axr
abbe toy
abbf eqj
abbg acoo acop pmi ler qvy
abbh qmj
abbi acoo acop rey
abbj iib bkr
abbk acoo wkb
abbl acop acoo acoq nuh
abbm acoq acoo acop xwj
abbn acoo acoq acop ohp hnd ycf
abbo acoo acop acoq zy wmy
abbp acoo acop knf
abbq acoo deb urm
abbr acoo ikz hbj
abbs g don
abbt zxl
abbu acoo acop qdv (hln jtp)
abbv acop acoo qgg
abbw acoo acop fdu
abbx olz
abby dfa
abbz acoo usp ilk he
abca acoo acop jtz
abcb acoo hjf
abcc acoo cee
abcd acoo ruv
abce acoo acop wfk
abcf acoo acop aauk
abcg acop acoo acoq krp kpz
abch ncc
abci acop acoo siy
abcj acoo acop ybu
abck acoo acop wke
abcl acoo aacu tll
abcm acop acoq acoo afq ivv
abcn acoo ezo tsz mcn
abco acop acoq acoo qqy dik sgi tkv
abcp acoo dyv
abcq acoo acop mza
abcr acoo aakw kfp
abcs acoo kk
abct acop acoo ifd nel hri gxr aajl
abcu acoo ols acjw
abcv acop acoo acoq kuv
abcw cxu hkz abnu
abcx acop acoo acjg
abcy aasl axp ylj
abcz acoo vsu qcp
abda acoq acop acoo fks
abdb acoo bzh
abdc acoo kgj iha bgn pez irc
abdd nmj
abde acoo acop szq
abdf acoq acop acoo eyw
abdg qty ykc
abdh bsq dai cjd
abdi tpm ylr qtq xoy
abdj xrb
abdk mzu
abdl acoo acop ewn
abdm acop acoq acoo vcs ivt ktw mmz
abdn acop acoo qhb
abdo acoo acop acoq aak
abdp acoo hgy
abdq acoo acop acoq aceb kqm bpq
abdr acoo vsp zrv aaai (czd nsk)
abds acoo yvd
abdt acoo acop acoq ohq
abdu vzk jvv qep
abdv acop acoo pkx
abdw acop acoq acoo ijv
abdx acoo mdq
abdy acoo zce
abdz acoq acoo acop crs rbz
abea acoo abch
abeb pzj wjt
abec acop acoo mxp
abed acop acoo duz
abee acoq acop acoo yzr qcw
abef acoo acop acoq mez clr mgt
abeg acoo acop acoq ipx
abeh acoo acop kkv
abei wlm
abej acoo vay
abek acoo acop lnu xht bno
abel acoo fxh
abem dkx
aben acoq acop acoo gsk
abeo qkg
abep acoq acoo acop big
abeq acoo kwl
aber acoq acop acoo fba
abes acoo iv
abet acfd acef
abeu acoo acop spt
abev acoo acoq acop qnj
abew acoo acoq acop aabn (jbo sqv) abus
abex na qgp
abey acop acoq acoo uzf
abez acoo acop rn
abfa acoo ocf
abfb uit apo
abfc acoo acoq acop wul ppz oe
abfd acop acoo acoq acef jss
abfe ltd
abff acoo gmg
abfg acop acoo acoq cxc
abfh acop acoo wcz
abfi pro nvv
abfj acoo acoq acop dwk
abfk acop acoo tlp
abfl acop acoo vme aoi wkl
abfm acop acoo qvg
abfn acoq acoo acop nmo
abfo acoq acop acoo fps lsb txl srq
abfp acoq acop acoo aboo
abfq acop acoq acoo amn sqn zxq gli
abfr acoo acop sxe
abfs acoo acop aakx lal rxp cvg
abft acop acoo wjb
abfu acoo mqm tbp huw rne abtb
abfv acoq acop acoo pyg kkm zil
abfw acoo omq
abfx mdy
abfy acop acoo lzi
abfz acoo acop evq zlh
abga acoo acop hrq ysc
abgb mkb
abgc acoo xud
abgd acoo xgd zms mnw qff
abge acoo acop quo ffj
abgf abcr ixw zor
abgg acop acoq acoo gjl nor hby
abgh acoo sgs
abgi acoo var wtv cua fmg
abgj qmf
abgk acoo tw fuh
abgl acoo spr xgl
abgm acoo acoq acop xcy abjr
abgn acoo rsb abga ocl gaq arw
abgo tfu rgs hji nfw cks
abgp acoo evz dqo wtv vdm
abgq acoo wue mfm
abgr gxc
abgs acoq acoo acop yrz
abgt acop acoo ghh jrg
abgu acoq acop acoo bjc
abgv acoo aaob
abgw acoq acop acoo vgb uri jne wfh
abgx kjh tww uhw ibu
abgy acop acoo ayp
abgz acoq acoo acop lcw
abha acoo acoq acop hlw wpa
abhb ptx wek
abhc acop acoo tbp ssq szh wlm
abhd acoq acoo acop chf
abhe acoo aclv (mqn wjc ay)
abhf acoo acop xuq zmh ghp fj
abhg weq
abhh acoo bns
abhi acoo acop oiv xam ppj nco
abhj acop acoq acoo sxv (qxl hls) kxm
abhk acoo ppa
abhl acoo gro
abhm acoo ogl
abhn rse rfx kmb qqd
abho acoo acop uog
abhp abhg aqf tml
abhq acop acoo mro
abhr acoo gmf vmv rom emm
abhs acoo dya riw
abht acoo tej
abhu acoo acop ikq
abhv acce cbm tdq jay
abhw acoo vbe wpj lnu
abhx smg
abhy acoo aatq lpp bmy rvv
abhz vob pcv
abia iyd xwz ocy eqj fsn
abib zhs
abic acop acoo uev yys vuk
abid waa yfe zuu
abie dxk
abif shx
abig acop acoo acoq ceh
abih cze
abii acop acoo acoq gxf (pvh abxl)
abij acop acoo olu
abik acoo acop cxq kcn xok
abil acop acoo emq
abim acop acoo jwb
abin acop acoo iiz uyj iy
abio nzs
abip acoo acop lyc
abiq acoq acop acoo rlu
abir acoo aww
abis acop acoo acoq qmq
abit acop acoo acoq jeb
abiu acoo acoq acop aaoa
abiv acop acoo acoq pmy
abiw acoo wvj
abix acop acoo bzw gdd
abiy acoo nbl
abiz acoo rji
abja acoo acop acoq nfe
abjb acop acoo abgk
abjc gie ads
abjd acoo acop xds
abje acoo acim
abjf acoq acoo acop dun wog nkm mqo
abjg acoo aair pcf ov
abjh acoo nrk apa
abji acoo acoq acop gfz
abjj idt
abjk acop acoo acoq xob mbn uzx
abjl acoo abhm nxt yhc svm
abjm acoo ctu
abjn ygg xam (aben bc)
abjo acoo achr
abjp acoo uec fgk emn
abjq acoo sej
abjr rwo kct aach spq
abjs acop acoo cto
abjt acoo pdm
abju acoo acop frk
abjv acoo gvp
abjw acoo kdh
abjx ruc wwb fle
abjy acoo hwq gkl
abjz acop acoo oxk aact hwp (xln abnz)
abka acoo acop abqv
abkb acoo vex
abkc acop acoo iat jeo xnl
abkd acoo acop cvx
abke acoo acop acoq ccj
abkf acop acoo jth
abkg acoo acop gif
abkh acoq acop acoo gqe vgu
abki mue mhu guf ifo nyr
abkj acoq acop acoo fxk cjz
abkk zoo mfe aanu stn jqf
abkl acoq acop acoo tfh
abkm xit b
abkn vhy wmu biv dja
abko acoo acop acoq qmn
abkp acop acoo pmp
abkq acoo acop tnl
abkr acoo acop acoq zdz
abks tcj
abkt lya qaq grf aawq
abku acoo qfu
abkv acoo acop hun
abkw acoo acop icy dje
abkx czq aafa mpc
abky acoo kot
abkz acoo aacu
abla acoo acop rio
ablb acoo acop crm vno ihs flw
ablc acia tzu ycn
abld acoo iiz
able dqd vzo acny bpy
ablf acoq acoo acop bir
ablg qvj dtk
ablh acoo jtg
abli acoo rnw
ablj acoo spr
ablk jxt kpq qzn
abll acoo acop pqa
ablm acoo znk
abln acoo acop slx xm
ablo acoo acop roj
ablp acoo hko
ablq acop acoo acoq pjg
ablr acoo acop hpm zqo egb doy lqx
abls acoo acoq acop aark zdh kqv
ablt acoo acop acoq wzy (cws ygk) asx dmp
ablu git zpb
ablv acoo zli
ablw acop acoq acoo rxn ore mbp wmc
ablx acoo acop acoq cic qu axv
ably acoo acop lec
ablz acop acoo qoc yzi wjt
abma spr
abmb acop acoo snc bis
abmc acoq acop acoo slh ycy
abmd wma aasu
abme vww akq
abmf acoo acop gks fzx hqo
abmg ecc osn jig
abmh ajv afv
abmi acoo acop xfy
abmj rrm aalq mwj nui
abmk acoo acop dol
abml acoo mda
abmm acoo wgy ryb acoo
abmn acoo pyw mtf
abmo miu
abmp ltl kz
abmq acoq acop acoo mad qao
abmr acop acoo xti ogh
abms acoo xjd bnw (nex eie)
abmt acoo acop ynj
abmu acoo gtb gpi aakh
abmv acoq acop acoo cxq
abmw acoo acop gwa
abmx gkh dia
abmy acop acoo oqk
abmz acop acoo kqr hsv srq pxf
abna acoo srv
abnb aawz aasc cyo
abnc acop acoo acoq aaaj
abnd acoo acop eiw aaav
abne acoo acop yll
abnf acop acoo uml
abng zjk
abnh zxv
abni acop acoo bpe wgp hgk
abnj acoo uft bkj qdm lcv
abnk acop acoq acoo aclu mm (mqs ail)
abnl jyz
abnm acoo acop wtt fid
abnn acop acoo aawe
abno pus tce nin
abnp acoo acop fci
abnq acoo acop bmw tqj
abnr acoq acoo acop sho ore
abns acoo zig lpx hnt gfr
abnt acoo acop hbm
abnu acoo acop btl ewg
abnv sve (hoc avl)
abnw aabe
abnx ugk
abny tqi
abnz pqk
aboa opv tlv ryb ebl coi
abob acoo acoq acop ftn
aboc acop acoo fhv
abod acop acoq acoo fwm
aboe acoo oxo sca
abof acej
abog acop acoo tmg
aboh nws xq
aboi acop acoo zcu mat aayy
aboj ool xyf
abok acoo huw fcz trf gbp
abol acoo acab
abom acop acoq acoo lnr
abon acop acoq acoo usc
aboo wbi
abop acoo sed
aboq acop acoo ozj tsg
abor acoo acop acoq tiy
abos acoq acop acoo can
abot ysu
abou acop acoo jo fks qaz
abov acoo qez abl
abow acop acoq acoo vvd
abox wro ltp pvc tnm
aboy aasp wnr
aboz acoo ndw
abpa acoo acop bpv
abpb acoq acoo acop omo kgt
abpc acop acoo zvh
abpd acop acoo abro gjd acfk
abpe acoo sid
abpf ohh xuv wtt
abpg acoo piw
abph acoo acop acan
abpi acop acoq acoo ackw
abpj ptl
abpk acoo mbi
abpl acoo srj iwx oiw pdc
abpm nyx oiq abyf hww
abpn absj tlt (odp atu)
abpo acoo aauj wic
abpp acop acoo vth
abpq acoo zgi
abpr ifx aeo ute zkm tqs
abps acop acoo fwr
abpt acoq acop acoo aarb
abpu acoo acop vyr
abpv acoo acop zpe
abpw acoo acoq acop jju
abpx acoo uzh
abpy qfh
abpz acop acoo ubv bef
abqa abpy hrw
abqb acoq acop acoo djk
abqc acop acoq acoo pck
abqd jhb ssm acgv
abqe acoo tiv hvz
abqf acoo acop acoq aaeu
abqg acoo abpo
abqh acoo wbg
abqi acoo rkl
abqj acoo acop cld mjy
abqk acoq acoo acop qvj
abql jty
abqm acoo wnq
abqn acop acoo rhj
abqo acgr
abqp vxd abue
abqq acop acoo acoq dly
abqr acoo mmo
abqs acoo acop acoq ejc zsy
abqt aawj jcj aaqb
abqu acoo yew qoc csn
abqv acoo tyu esp wqv tda
abqw acoo eul syj rgf hwx
abqx abov gtl qti abdr sqv
abqy vzv ovx bkf
abqz acoo ppn
abra acoo acop qtk zdb
abrb acoo acop snw asf foh
abrc acoo ycw
abrd acoo str
abre acoo acop biq
abrf acop acoo oqt hyn gx hqb
abrg acoo ish
abrh acoo jgg abje ipy oqu
abri acop acoo ujd
abrj acop acoo acoq chc uof slq slq
abrk acoo acoq acop mgo kqy
abrl acoo ktd
abrm acoo sth ackw
abrn xje
abro hbg abgy tyk wci
abrp acoo acop lad dwx
abrq acoo lxm
abrr acoo kmg tow rtx
abrs acop acoo acoq ojg
abrt acoo uto khd
abru ir
abrv nwo ngb svl
abrw dlb eyl nha
abrx prx
abry ouf
abrz acoo qys ceq pfo
absa acoo acop lsd
absb acop acoq acoo yut loy
absc acoo acoq acop vdl
absd yuu
abse acop acoo abhu
absf acop acoo ablq
absg acop acoo acoq ory
absh rhz abl kla idn uwk
absi acoo acop acoq kgj
absj acoo acop acoq xnx
absk acoo uxw
absl acoo abot kbo
absm acop acoo acoq ein
absn acoo diq
abso acoo acoq acop imh
absp tmg
absq acop acoq acoo aaap mcc cmd
absr acop acoo xur acmu kgq npd
abss acoo vco
abst acoo acoq acop acbj v
absu acop acoo jnt ouc hxl
absv acoq acoo acop abgx vvv
absw acoo acbc
absx acoo ccl
absy ppd svf zbd
absz acop acoq acoo xcq oby
abta acoo acoq acop ztc lkf wuz yza
abtb acoq acop acoo fnj yat
abtc acop acoo acoq aawd
abtd acoo hcw
abte acoo jqa
abtf xxc
abtg acop acoo aoe
abth acoo cpn xnl (nqd ixg nfj)
abti rlm
abtj acoq acoo acop aaqa eic abpf
abtk acoo lir
abtl hjx wli tvh pqt acge
abtm owx fkg pnh aavi
abtn acop acoo dqw odq eam
abto acoo lfv inn
abtp agd
abtq acop acoo iv
abtr acoo fjv
abts acoo acop kzw
abtt stv
abtu acoo acop sgo jjn urp
abtv acop acoq acoo gbo rrc
abtw qzl
abtx acoo acop mex ssd fkj
abty acop acoo acoq ahm
abtz acop acoo acoq rtg tvc dtn
abua acoo oc
abub xsh
abuc acoo buj
abud acoo acop rmc
abue acoo ax
abuf acoq acop acoo gxa
abug acoq acoo acop krf
abuh dro
abui uja
abuj acoq acop acoo fkv
abuk xdf not kir
abul acoq acop acoo nu fxk kwk xiz
abum acop acoq acoo wsc puy
abun acop acoq acoo znm
abuo acop acoq acoo txn wvx tyz
abup acop acoq acoo kui xi abmr
abuq acop acoo acoq iqg rft
abur acop acoq acoo gxn
abus acoq acoo acop mxy
abut acoo acop ucf
abuu acop acoo mht nny
abuv acoo acop abrz
abuw acoo upp qiw
abux acoo vzu zag
abuy zbo
abuz acoo acoq acop zmw bus gge
abva acoo acoq acop uyp
abvb pms abol wrc
abvc nib xhb
abvd bgr
abve pv
abvf fvt aacw
abvg acop acoo acoq aas
abvh acoo zhi nly aauo
abvi acop acoo acoq hkj
abvj acoq acoo acop hfv
abvk dyw
abvl jis nve
abvm wlz
abvn dgh
abvo acoo fsc aahq vfu sud cxi
abvp acoo acop rfk
abvq acoo acop acoq wkt
abvr acop acoo lu ioe cuu
abvs acop acoq acoo iqt
abvt acoo acop acoq acjl
abvu acoo aadf
abvv acoo xgx
abvw acoo lho
abvx acop acoo acoq ahv wtd afn
abvy acop acoo oby qbp
abvz acoq acop acoo mqq (vvo msb)
abwa acop acoo bit
abwb acop acoo acoq qf
abwc acop acoo xvo ph
abwd tpt
abwe acoq acoo acop ero
abwf acop acoo acjg
abwg acoq acop acoo fxy bij
abwh wvq
abwi zqu
abwj acoo acop jb ini
abwk poi wgc eoy
abwl acoq acop acoo bdm ztd
abwm tsp qus qcu oda
abwn acoo exe ah xvq
abwo cok
abwp acoo lpr
abwq acoq acop acoo vc
abwr acoo bxe aaym czn yez
abws acoo owr ac ovk nwi
abwt acoo acop iab
abwu acoo ihq
abwv ecp aii fad
abww acoo hhb
abwx acoq acop acoo ooy
abwy acoo acoq acop dya
abwz acoo unl hze
abxa acoo iql cyl hvz
abxb acoo qen hdn kft
abxc acoo aabr wtj dqn aob
abxd acoo acop mfb ggp
abxe acop acoo acoq cre qpq
abxf acop acoq acoo jzv mit
abxg acop acoo szz
abxh acoo acoq acop jil
abxi acoo acop gsu
abxj qjp
abxk acop acoo acoq wey
abxl acoo acop nmd
abxm aajj
abxn acop acoo oet
abxo acoq acop acoo oyd
abxp acoo acoq acop pdq
abxq acoo acoi
abxr acoo acop nhs pzl uul
abxs ir
abxt zrs quh
abxu acoo acop acoq ssz
abxv acop acoq acoo viz
abxw aaqi
abxx acop acoo bku ujp
abxy acoo acop ojn
abxz vcc ncp
abya acoo acop acoq gos
abyb acoo yiu (fcq iww gmp fur)
abyc acoo nn
abyd acoq acoo acop edq
abye acop acoo zdh abwc
abyf bhi
abyg acoo zrs xez flp
abyh acoq acoo acop mwu
abyi acoq acoo acop gog
abyj acoo nhp
abyk acop acoo acoq dfl (vac hbu yyf aalm)
abyl acoo acop axh
abym acoq acoo acop atu fuq icr gxf
abyn acoo acop svd srx
abyo acoo epz ada
abyp piq
abyq acoo acop dkb
abyr acop acoo czw acfs
abys acoq acop acoo jgc
abyt iad ehm ro zjy
abyu acoo acoq acop qjr
abyv acop acoo ryi
abyw acoq acop acoo abyo rud ngw
abyx acoo acop rbu
abyy acoo gzq
abyz acoo acop phu wkd vpr aaqs
abza dta axi
abzb acoo acop abun
abzc acoo ilr ujn
abzd lvt
abze eio wod
abzf acoo acop cqk hbh aaqb nuj
abzg acoo omr
abzh acoo acop acoq sum
abzi cbs
abzj acoo acoq acop ymn (ysa lpq)
abzk acop acoo pzm gdy sau
abzl acop acoo acoq kwb xay ozy
abzm kvi xca
abzn acoq acop acoo hdi
abzo mbu ref
abzp acop acoo nun
abzq acop acoo dgc
abzr acoo acop acoq lei
abzs txi nzp gjb
abzt acoo acoq acop abms
abzu acop acoo acoq ntq abus
abzv exy
abzw acoo msa
abzx acoq acop acoo rbc
abzy qvw
abzz acop acoo zaw kjr
acaa acop acoo acoq xbj zzf ncb
acab acoo acop pkn iud jem
acac acoo aary nhe
acad wul
acae acoo bby
acaf acoo yqu
acag vta
acah acoo mjj eqz dpe
acai acop acoo xgp
acaj axo
acak acop acoo csu
acal igk eac
acam ajn fzm
acan acoo acfo wpf (lek aauk)
acao acop acoo jdg
acap acop acoo acoq tdi zpx fxf jvk
acaq vow
acar acoo pog
acas acop acoo opy
acat acop acoo acoq vqn
acau acoo qua
acav acop acoo klx cwx
acaw acoo mtm
acax acoo lhu kxp ihp rxs smo
acay acoo qca aafd okz bcy
acaz acoo apu nfg
acba acop acoq acoo fmo nev fow
acbb acoq acop acoo ani
acbc kfd byc
acbd wot
acbe gvf
acbf acoq acoo acop aaes
acbg acoo ai yms
acbh acoo oir enq
acbi ufq jco mio
acbj dsq
acbk gfc jvz ild abmy
acbl acoo dpi zzs pwx
acbm acoo acop ugb
acbn acop acoo nil
acbo acoo acop acfu jad evs
acbp aafx
acbq owl tmv
acbr acop acoo ryf nzo
acbs rpn
acbt acop acoo etw
acbu wr
acbv acoo acoq acop aalu
acbw acoo acop fuq eel
acbx acoo acop dvm (lgf bgx)
acby acoo tfm hfm pqd
acbz acoo ojb
acca acoo acoq acop aajt
accb acop acoo hvr mwj thz bln uli
accc acoo sxq
accd acop acoo acoq abrr qqq abtk
acce aciu ldy pph zpu
accf acoq acop acoo jer
accg blq
acch acoo wdv
acci vlo
accj acop acoo lot pmi bnm
acck piw
accl acoo og
accm ydr nop zag
accn acoo a
acco acoo kkd
accp acop acoq acoo rsi
accq acoo xs lyp
accr acoo nue
accs acoo ipb
acct acoo uzt uuu uya
accu acoo swl abst
accv acoo acoq acop okp
accw acoo eul (rsb fmu grg)
accx acoq acop acoo gus
accy ypx
accz acoo acop acoq ke
acda acop acoo mom nxp qew
acdb acoo jxw
acdc vll
acdd acoo acoq acop yuw
acde hqd
acdf acop acoo twv
acdg acop acoo acoq fei (gx zbi)
acdh acoo hop
acdi acoo acoq acop xri ogj
acdj tny
acdk acoo bab
acdl acop acoo zqd
acdm acoo die
acdn acoo acoq acop bwo
acdo acoo acop ofo
acdp acoo rjy fgu
acdq nkl yao
acdr acop acoo acoq sru
acds ofd
acdt ilb gnr
acdu acoo lat koh
acdv coo loe
acdw acoo acop cta yxw tnw ose
acdx acoo acop qhs
acdy acoo acop acoq abnk
acdz aqz
acea eyh iex xds
aceb acoq acop acoo hly
acec rap
aced acop acoo acoq mju
acee acoo acop acoq uye uov
acef acop acoo vvk jaf nfw
aceg acoo kfb
aceh acoo acop duc
acei zct yjx edb
acej rxq cqj mrh
acek acop acoo ote
acel acop acoq acoo aaxq mcf abpc rwd
acem acoo xcx
acen acoo acoq acop fqm
aceo dzg pxn
acep acoq acoo acop etf xul vcd
aceq acoo acop acoq fyt
acer dtj
aces twy yjk cgi
acet acoo ocb
aceu acop acoo acoq xfe xrm nuq sif
acev aagt qxx jmw
acew djm pyx acmj
acex acoq acop acoo uoc deu bbu jrr
acey acoo zbu sms
acez acoo omh
acfa rkx piv (jon ukq)
acfb acoo ssr
acfc acoo abut aarz
acfd acoo acop xvb
acfe owh unv nab
acff acoq acoo acop xww ubr kyp vcz
acfg acop acoo abez
acfh acoo bk tfp taj cxm
acfi acoq acop acoo xsy
acfj acop acoo acoq xyv
acfk xye
acfl acoo nzg vyj wrl
acfm acoo acoq acop tpp
acfn igp eeq nyp
acfo acoq acoo acop dgu achc (aaxu dys)
acfp acoo yqv myx xew gea
acfq acoo acop eud ouy
acfr qiu crk
acfs acop acoo acoq abcn cxd
acft acoo goi
acfu acop acoo acoq uty abpt fcb
acfv acop acoo vgl rph
acfw acoo gxj ctn (pzz szq zzc)
acfx acop acoo thd
acfy acoo xea
acfz acop acoo qbh
acga ftu lst xyj
acgb acoo acop foa
acgc acop acoo acoq ibe txw
acgd wts
acge cdf
acgf acoo vxv ozn aaaj
acgg acoo xns zis
acgh acoo acop acoq hpr
acgi scq
acgj acoo dab xby abhk
acgk zqh amj abgv
acgl acoo acop prz fwh ouk nxr vpl
acgm acoo brz
acgn bxi thq
acgo acoq acop acoo sgu
acgp acoo izw
acgq acop acoo ldt
acgr acoo acoq acop gjh dim qum etf
acgs yx
acgt acoo acop nzb
acgu acoo acop ytn lza
acgv acoo ogy
acgw acop acoo ldf
acgx acoo yuv
acgy acop acoq acoo aabf qwp
acgz acoo acop aadj tlr
acha acoo acop gul tqm
achb acoo sza (xon vsi)
achc low zot
achd acop acoo otz
ache acop acoo ffa
achf acoo ksm xhr
achg acoo acop wmp
achh vxy
achi acoo acop acoq xp aama
achj acoo vjw
achk acoo acop kea
achl acop acoo acoq leu ekj tcu
achm acoo azh
achn acop acoo acoq mmi
acho acop acoo qkq xrw you
achp np
achq acop acoo zdo
achr acoo jfv fyn apk
achs acoo acoq acop ziu
acht vuk
achu acoo wqf
achv acop acoq acoo geq qwr
achw acoo acop cgd gai
achx acoo acop acoq qph
achy acoo xih
achz acop acoo qxp
acia acau
acib dls
acic yny
acid acoo tcm
acie acoo accg xab
acif acop acoo tzn gpg tou jn
acig acoq acop acoo fmt pac ymo
acih acoo acop kmd
acii acop acoo acoq ast dxf poh
acij acoo acop wan
acik acop acoq acoo rkb
acil sig
acim wqg
acin qwr ssu piv
acio acop acoo acoq abmz wzw
acip acop acoo acdr
aciq acoo kso psv
acir acoo arm
acis abgc
acit nxc
aciu acoo acop acoq rex
aciv acop acoo accm rgu
aciw acoo rvl
acix acoo kyy gln (xib rdy)
aciy qru abtm
aciz acoq acop acoo sqg
acja acoo dnr dic yok fmn
acjb acoo acoq acop zql fdm
acjc sdu
acjd acoo acop syc
acje gqt mvo oki pqt
acjf acop acoo zpb
acjg acop acoq acoo ecr lnc zaa ild
acjh ovz dcv wyt skh azy
acji acop acoq acoo pcm
acjj acop acoo acoq otn lbl lxo gae
acjk acoo gjg itf
acjl acoo gcg
acjm acop acoq acoo agj gq
acjn acoo bkr zga
acjo ocs chk cpr
acjp cf
acjq acop acoo lcy
acjr acoo ken wdi nva
acjs acop acoo hzc
acjt inw
acju acop acoo vbq cal abrs
acjv acop acoo beq iqv jzw acfe aat
acjw acoo sds qfe lab
acjx acop acoo acoq xc nug pnp
acjy acoo acoq acop mpm bjb rmr
acjz acoo aaos yje abuk
acka acoo hyh qlf yrh
ackb jef zlx bda
ackc acoo wex
ackd acoo acop vzj
acke acop acoo acoq qhx abca xtc
ackf acoo njp
ackg acoo sjk cgb dfm (vvk nuv)
ackh acoq acop acoo emp geb
acki acoo ryr
ackj acoo vob vzc ujv
ackk swh
ackl acoo acop atw (xbr wzj bcy)
ackm nvn bct xsn
ackn sxb
acko acoo acop pie
ackp acoo acop acoq eaa
ackq acop acoq acoo bxr
ackr acoo acop jwp
acks yeo
ackt acoq acop acoo aaky
acku lpl hdk aand
ackv acoo acop bvk
ackw acoo fbl lsz abnf wsg
ackx acop acoo btz xiv oej
acky acoo yxg
ackz acoo mye
acla acoo mew esk vyh
aclb zcj
aclc ohf
acld acoo acop hka
acle abia lkx
aclf ctr zlt kub jm
aclg acoo acop ljf
aclh acoo itb cqz sbd
acli acoo acop acoq jeg (i zze bun)
aclj acoo ryt rj umj
aclk acoq acoo acop ujt ane epj mub aasi
acll uzp yyf
aclm goz zhm
acln rsd
aclo bzd
aclp gn
aclq lbr aatj juh kac
aclr acoo acop krt
acls noo dhk feh
aclt acoo acoq acop lxu ekk jk sge
aclu acoo wrc vca nev
aclv oyy fpn
aclw acoo acop acoq aas
aclx acop acoo czx
acly abul kdl taz
aclz acoo acop erq
acma acoo hoc stz (ntd abod)
acmb acoo acop acoq uzb sge uhg
acmc zdx srh
acmd acop acoo pu
acme acoo acop acoq zjf
acmf acop acoo acoq yac
acmg acoo bli achm
acmh uio
acmi acoo jui vec zkl jri
acmj kgb
acmk acoo kav
acml acoq acoo acop slj spp
acmm acoo ztw mgk
acmn acoo tpn
acmo acoo acop kqm
acmp acop acoq acoo kwt
acmq acoo acop nbd gyh
acmr acoo ilv abwl bvt psz fau
acms acoo wnn
acmt acoo acop qhb ebi eto
acmu acoo hkc wzh iaa mro
acmv kwg
acmw vxp
acmx iwk
acmy acoo acop fxp
acmz acoo lvn yhu
acna acop acoo aarv (jqj ury) vdv
acnb acoo abni
acnc acop acoo kor zvd kei
acnd acop acoo qf nkx
acne acop acoq acoo jal kdu hif nph
acnf acoo acop pmn gvc
acng acop acoo qfv qgq xzx
acnh acop acoo rza
acni lrm
acnj acop acoo hzr
acnk rnl obu
acnl acoo abwa
acnm tbi mvj ztf
acnn acop acoo acoq aatx
acno ilc jgk
acnp acoo fso
acnq acoo acop fyd zsf abkz taa
acnr acoo mvo
acns acop acoq acoo gpq
acnt acoo esz
acnu acop acoo zkv hir xpd cgr
acnv acoq acop acoo abxd
acnw acop acoo wdx
acnx acoq acoo acop lii
acny dny
acnz acoo hfn
acoa acoo acop ump
acob acop acoq acoo abhx
acoc acoo acop gff
acod acoo acop chy
acoe acoq acoo acop yoq
acof acop acoo suh
acog acoo dei pzq emo tvi
acoh ipn akz
acoi acoo acoq acop aaym qc
acoj acoo acop gvt thm lar
acok fbm
acol acoo mdr fhh ech
acom acop acoo tle
acon acoo yww ksi ajt
main yfi jbt abqz oxv aarl tdn kgw nrq A tnr B aaja C D E F abtu vok acol sem G H (beo zni (hmf (I jjm J nde K nvc rdl) nf) uul (L idy fpm) cjl M qyh cnd (onp mym uzv aayl N (O duw ytp jqp) lyx bob P abza hfb xaa Q jnu css fhx R hfq (osy otr di xci acat smk) (abac wgi) iyg S zfl T uqd iam (hvm aaot ipx (ihv zyt) qtr (U V acht) kit cq jzm ysc uti dxw) lpk prl rum roz iai (tyt usq) (jlw grb) pgn skq) W snb (nxf nhv aaeh) ioc jsb kqi eye (lad wn cef)) fzb X ackw mwn Y plk Z aago AA AB AC rky xkm AD rpa AE (svk onj nmp) fjh AF AG eet AH tlz acnr AI AJ dgz uvw mjj yya gdz ftx xtv oq jhm acls vht AK AL AM toe hgf acbt wty gpd AN yph hav (AO AP (AQ uyo ilg AR AT abzt pox) sow bub xdd njs AU ntn thq ifx) bgp kwu eou AV AW AX abqx AY kai ig AZ faf fih zra vre bcu acnk BA rlq abuy BB BC (BD BE gnr wnt (cwp BF BG BH xqy (BI eoh qnn (sqh (uoo sqx hln aacu BJ) acli xvl chu vdd BK cbb aavp rye (BL BM bst) kbo) dgo sdb igi phj) ror (BN BO BP BQ BR BS BT (BU BV BW lmw zab BX mda gkm BY BZ qem CA) zsk CB vrl)) pyh tzu hgc eig prb CC kef CD srk nag xqg uow gax) hqx iav nhb bwh CE bxr CF bjg CG CH CI CJ mrw qgh hfl vbx CK CL aboz msl CM CN mny ogk tfg izm cdd CO xlk zjb qdt cat vso ne asv sii CP CQ CR CS jeb pyo msa aatm smy yda ela sew abys acef qqy lbs CT CU cud tvh uqv CV abnj CW svy CX pom sff CY w CZ hri (DA qmr ceb) DB mjt DC aqg DD asz DE DF eke DG aboa DH DI jug esb rua aqu (DJ DK DL rar DM kxc (bci ibr zry)) DN jdf DP DQ DR heu DS xby qwe (aakj DT cnn yej rj (DU DV DW vsz (lw (DX wjv bsi em)) bck bwe) DY htk DZ) yhk EA
------------------------------------------------------------
yfi jbt abqz oxv aarl tdn kgw nrq A tnr B aaja C D E F abtu vok acol sem G H (beo zni (hmf (I jjm J nde K nvc rdl) nf) uul (L idy fpm) cjl M qyh cnd (onp mym uzv aayl N (O duw ytp jqp) lyx bob P abza hfb xaa Q jnu css fhx R hfq (osy otr di xci acat smk) (abac wgi) iyg S zfl T uqd iam (hvm aaot ipx (ihv zyt) qtr (U V acht) kit cq jzm ysc uti dxw) lpk prl rum roz iai (tyt usq) (jlw grb) pgn skq) W snb (nxf nhv aaeh) ioc jsb kqi eye (lad wn cef)) fzb X ackw mwn Y plk Z aago AA AB AC rky xkm AD rpa AE (svk onj nmp) fjh AF AG eet AH tlz acnr AI AJ dgz uvw mjj yya gdz ftx xtv oq jhm acls vht AK AL AM toe hgf acbt wty gpd AN yph hav (AO AP (AQ uyo ilg AR AT abzt pox) sow bub xdd njs AU ntn thq ifx) bgp kwu eou AV AW AX abqx AY kai ig AZ faf fih zra vre bcu acnk BA rlq abuy BB BC (BD BE gnr wnt (cwp BF BG BH xqy (BI eoh qnn (sqh (uoo sqx hln aacu BJ) acli xvl chu vdd BK cbb aavp rye (BL BM bst) kbo) dgo sdb igi phj) ror (BN BO BP BQ BR BS BT (BU BV BW lmw zab BX mda gkm BY BZ qem CA) zsk CB vrl)) pyh tzu hgc eig prb CC kef CD srk nag xqg uow gax) hqx iav nhb bwh CE bxr CF bjg CG CH CI CJ mrw qgh hfl vbx CK CL aboz msl CM CN mny ogk tfg izm cdd CO xlk zjb qdt cat vso ne asv sii CP CQ CR CS jeb pyo msa aatm smy yda ela sew abys acef qqy lbs CT CU cud tvh uqv CV abnj CW svy CX pom sff CY w CZ hri (DA qmr ceb) DB mjt DC aqg DD asz DE DF eke DG aboa DH DI jug esb rua aqu (DJ DK DL rar DM kxc (bci ibr zry)) DN jdf DP DQ DR heu DS xby qwe (aakj DT cnn yej rj (DU DV DW vsz (lw (DX wjv bsi em)) bck bwe) DY htk DZ) yhk EA
rgg qmb zsw aarl tdn kgw nrq A tnr B aaja C D E F abtu vok acol sem G H (beo zni (hmf (I jjm J nde K nvc rdl) nf) uul (L idy fpm) cjl M qyh cnd (onp mym uzv aayl N (O duw ytp jqp) lyx bob P abza hfb xaa Q jnu css fhx R hfq (osy otr di xci acat smk) (abac wgi) iyg S zfl T uqd iam (hvm aaot ipx (ihv zyt) qtr (U V acht) kit cq jzm ysc uti dxw) lpk prl rum roz iai (tyt usq) (jlw grb) pgn skq) W snb (nxf nhv aaeh) ioc jsb kqi eye (lad wn cef)) fzb X ackw mwn Y plk Z aago AA AB AC rky xkm AD rpa AE (svk onj nmp) fjh AF AG eet AH tlz acnr AI AJ dgz uvw mjj yya gdz ftx xtv oq jhm acls vht AK AL AM toe hgf acbt wty gpd AN yph hav (AO AP (AQ uyo ilg AR AT abzt pox) sow bub xdd njs AU ntn thq ifx) bgp kwu eou AV AW AX abqx AY kai ig AZ faf fih zra vre bcu acnk BA rlq abuy BB BC (BD BE gnr wnt (cwp BF BG BH xqy (BI eoh qnn (sqh (uoo sqx hln aacu BJ) acli xvl chu vdd BK cbb aavp rye (BL BM bst) kbo) dgo sdb igi phj) ror (BN BO BP BQ BR BS BT (BU BV BW lmw zab BX mda gkm BY BZ qem CA) zsk CB vrl)) pyh tzu hgc eig prb CC kef CD srk nag xqg uow gax) hqx iav nhb bwh CE bxr CF bjg CG CH CI CJ mrw qgh hfl vbx CK CL aboz msl CM CN mny ogk tfg izm cdd CO xlk zjb qdt cat vso ne asv sii CP CQ CR CS jeb pyo msa aatm smy yda ela sew abys acef qqy lbs CT CU cud tvh uqv CV abnj CW svy CX pom sff CY w CZ hri (DA qmr ceb) DB mjt DC aqg DD asz DE DF eke DG aboa DH DI jug esb rua aqu (DJ DK DL rar DM kxc (bci ibr zry)) DN jdf DP DQ DR heu DS xby qwe (aakj DT cnn yej rj (DU DV DW vsz (lw (DX wjv bsi em)) bck bwe) DY htk DZ) yhk EA
accc tdn kgw nrq A tnr B aaja C D E F abtu vok acol sem G H (beo zni (hmf (I jjm J nde K nvc rdl) nf) uul (L idy fpm) cjl M qyh cnd (onp mym uzv aayl N (O duw ytp jqp) lyx bob P abza hfb xaa Q jnu css fhx R hfq (osy otr di xci acat smk) (abac wgi) iyg S zfl T uqd iam (hvm aaot ipx (ihv zyt) qtr (U V acht) kit cq jzm ysc uti dxw) lpk prl rum roz iai (tyt usq) (jlw grb) pgn skq) W snb (nxf nhv aaeh) ioc jsb kqi eye (lad wn cef)) fzb X ackw mwn Y plk Z aago AA AB AC rky xkm AD rpa AE (svk onj nmp) fjh AF AG eet AH tlz acnr AI AJ dgz uvw mjj yya gdz ftx xtv oq jhm acls vht AK AL AM toe hgf acbt wty gpd AN yph hav (AO AP (AQ uyo ilg AR AT abzt pox) sow bub xdd njs AU ntn thq ifx) bgp kwu eou AV AW AX abqx AY kai ig AZ faf fih zra vre bcu acnk BA rlq abuy BB BC (BD BE gnr wnt (cwp BF BG BH xqy (BI eoh qnn (sqh (uoo sqx hln aacu BJ) acli xvl chu vdd BK cbb aavp rye (BL BM bst) kbo) dgo sdb igi phj) ror (BN BO BP BQ BR BS BT (BU BV BW lmw zab BX mda gkm BY BZ qem CA) zsk CB vrl)) pyh tzu hgc eig prb CC kef CD srk nag xqg uow gax) hqx iav nhb bwh CE bxr CF bjg CG CH CI CJ mrw qgh hfl vbx CK CL aboz msl CM CN mny ogk tfg izm cdd CO xlk zjb qdt cat vso ne asv sii CP CQ CR CS jeb pyo msa aatm smy yda ela sew abys acef qqy lbs CT CU cud tvh uqv CV abnj CW svy CX pom sff CY w CZ hri (DA qmr ceb) DB mjt DC aqg DD asz DE DF eke DG aboa DH DI jug esb rua aqu (DJ DK DL rar DM kxc (bci ibr zry)) DN jdf DP DQ DR heu DS xby qwe (aakj DT cnn yej rj (DU DV DW vsz (lw (DX wjv bsi em)) bck bwe) DY htk DZ) yhk EA
sxq kgw nrq A tnr B aaja C D E F abtu vok acol sem G H (beo zni (hmf (I jjm J nde K nvc rdl) nf) uul (L idy fpm) cjl M qyh cnd (onp mym uzv aayl N (O duw ytp jqp) lyx bob P abza hfb xaa Q jnu css fhx R hfq (osy otr di xci acat smk) (abac wgi) iyg S zfl T uqd iam (hvm aaot ipx (ihv zyt) qtr (U V acht) kit cq jzm ysc uti dxw) lpk prl rum roz iai (tyt usq) (jlw grb) pgn skq) W snb (nxf nhv aaeh) ioc jsb kqi eye (lad wn cef)) fzb X ackw mwn Y plk Z aago AA AB AC rky xkm AD rpa AE (svk onj nmp) fjh AF AG eet AH tlz acnr AI AJ dgz uvw mjj yya gdz ftx xtv oq jhm acls vht AK AL AM toe hgf acbt wty gpd AN yph hav (AO AP (AQ uyo ilg AR AT abzt pox) sow bub xdd njs AU ntn thq ifx) bgp kwu eou AV AW AX abqx AY kai ig AZ faf fih zra vre bcu acnk BA rlq abuy BB BC (BD BE gnr wnt (cwp BF BG BH xqy (BI eoh qnn (sqh (uoo sqx hln aacu BJ) acli xvl chu vdd BK cbb aavp rye (BL BM bst) kbo) dgo sdb igi phj) ror (BN BO BP BQ BR BS BT (BU BV BW lmw zab BX mda gkm BY BZ qem CA) zsk CB vrl)) pyh tzu hgc eig prb CC kef CD srk nag xqg uow gax) hqx iav nhb bwh CE bxr CF bjg CG CH CI CJ mrw qgh hfl vbx CK CL aboz msl CM CN mny ogk tfg izm cdd CO xlk zjb qdt cat vso ne asv sii CP CQ CR CS jeb pyo msa aatm smy yda ela sew abys acef qqy lbs CT CU cud tvh uqv CV abnj CW svy CX pom sff CY w CZ hri (DA qmr ceb) DB mjt DC aqg DD asz DE DF eke DG aboa DH DI jug esb rua aqu (DJ DK DL rar DM kxc (bci ibr zry)) DN jdf DP DQ DR heu DS xby qwe (aakj DT cnn yej rj (DU DV DW vsz (lw (DX wjv bsi em)) bck bwe) DY htk DZ) yhk EA
izv tnr B aaja C D E F abtu vok acol sem G H (beo zni (hmf (I jjm J nde K nvc rdl) nf) uul (L idy fpm) cjl M qyh cnd (onp mym uzv aayl N (O duw ytp jqp) lyx bob P abza hfb xaa Q jnu css fhx R hfq (osy otr di xci acat smk) (abac wgi) iyg S zfl T uqd iam (hvm aaot ipx (ihv zyt) qtr (U V acht) kit cq jzm ysc uti dxw) lpk prl rum roz iai (tyt usq) (jlw grb) pgn skq) W snb (nxf nhv aaeh) ioc jsb kqi eye (lad wn cef)) fzb X ackw mwn Y plk Z aago AA AB AC rky xkm AD rpa AE (svk onj nmp) fjh AF AG eet AH tlz acnr AI AJ dgz uvw mjj yya gdz ftx xtv oq jhm acls vht AK AL AM toe hgf acbt wty gpd AN yph hav (AO AP (AQ uyo ilg AR AT abzt pox) sow bub xdd njs AU ntn thq ifx) bgp kwu eou AV AW AX abqx AY kai ig AZ faf fih zra vre bcu acnk BA rlq abuy BB BC (BD BE gnr wnt (cwp BF BG BH xqy (BI eoh qnn (sqh (uoo sqx hln aacu BJ) acli xvl chu vdd BK cbb aavp rye (BL BM bst) kbo) dgo sdb igi phj) ror (BN BO BP BQ BR BS BT (BU BV BW lmw zab BX mda gkm BY BZ qem CA) zsk CB vrl)) pyh tzu hgc eig prb CC kef CD srk nag xqg uow gax) hqx iav nhb bwh CE bxr CF bjg CG CH CI CJ mrw qgh hfl vbx CK CL aboz msl CM CN mny ogk tfg izm cdd CO xlk zjb qdt cat vso ne asv sii CP CQ CR CS jeb pyo msa aatm smy yda ela sew abys acef qqy lbs CT CU cud tvh uqv CV abnj CW svy CX pom sff CY w CZ hri (DA qmr ceb) DB mjt DC aqg DD asz DE DF eke DG aboa DH DI jug esb rua aqu (DJ DK DL rar DM kxc (bci ibr zry)) DN jdf DP DQ DR heu DS xby qwe (aakj DT cnn yej rj (DU DV DW vsz (lw (DX wjv bsi em)) bck bwe) DY htk DZ) yhk EA
ade aaja C D E F abtu vok acol sem G H (beo zni (hmf (I jjm J nde K nvc rdl) nf) uul (L idy fpm) cjl M qyh cnd (onp mym uzv aayl N (O duw ytp jqp) lyx bob P abza hfb xaa Q jnu css fhx R hfq (osy otr di xci acat smk) (abac wgi) iyg S zfl T uqd iam (hvm aaot ipx (ihv zyt) qtr (U V acht) kit cq jzm ysc uti dxw) lpk prl rum roz iai (tyt usq) (jlw grb) pgn skq) W snb (nxf nhv aaeh) ioc jsb kqi eye (lad wn cef)) fzb X ackw mwn Y plk Z aago AA AB AC rky xkm AD rpa AE (svk onj nmp) fjh AF AG eet AH tlz acnr AI AJ dgz uvw mjj yya gdz ftx xtv oq jhm acls vht AK AL AM toe hgf acbt wty gpd AN yph hav (AO AP (AQ uyo ilg AR AT abzt pox) sow bub xdd njs AU ntn thq ifx) bgp kwu eou AV AW AX abqx AY kai ig AZ faf fih zra vre bcu acnk BA rlq abuy BB BC (BD BE gnr wnt (cwp BF BG BH xqy (BI eoh qnn (sqh (uoo sqx hln aacu BJ) acli xvl chu vdd BK cbb aavp rye (BL BM bst) kbo) dgo sdb igi phj) ror (BN BO BP BQ BR BS BT (BU BV BW lmw zab BX mda gkm BY BZ qem CA) zsk CB vrl)) pyh tzu hgc eig prb CC kef CD srk nag xqg uow gax) hqx iav nhb bwh CE bxr CF bjg CG CH CI CJ mrw qgh hfl vbx CK CL aboz msl CM CN mny ogk tfg izm cdd CO xlk zjb qdt cat vso ne asv sii CP CQ CR CS jeb pyo msa aatm smy yda ela sew abys acef qqy lbs CT CU cud tvh uqv CV abnj CW svy CX pom sff CY w CZ hri (DA qmr ceb) DB mjt DC aqg DD asz DE DF eke DG aboa DH DI jug esb rua aqu (DJ DK DL rar DM kxc (bci ibr zry)) DN jdf DP DQ DR heu DS xby qwe (aakj DT cnn yej rj (DU DV DW vsz (lw (DX wjv bsi em)) bck bwe) DY htk DZ) yhk EA
xok D E F abtu vok acol sem G H (beo zni (hmf (I jjm J nde K nvc rdl) nf) uul (L idy fpm) cjl M qyh cnd (onp mym uzv aayl N (O duw ytp jqp) lyx bob P abza hfb xaa Q jnu css fhx R hfq (osy otr di xci acat smk) (abac wgi) iyg S zfl T uqd iam (hvm aaot ipx (ihv zyt) qtr (U V acht) kit cq jzm ysc uti dxw) lpk prl rum roz iai (tyt usq) (jlw grb) pgn skq) W snb (nxf nhv aaeh) ioc jsb kqi eye (lad wn cef)) fzb X ackw mwn Y plk Z aago AA AB AC rky xkm AD rpa AE (svk onj nmp) fjh AF AG eet AH tlz acnr AI AJ dgz uvw mjj yya gdz ftx xtv oq jhm acls vht AK AL AM toe hgf acbt wty gpd AN yph hav (AO AP (AQ uyo ilg AR AT abzt pox) sow bub xdd njs AU ntn thq ifx) bgp kwu eou AV AW AX abqx AY kai ig AZ faf fih zra vre bcu acnk BA rlq abuy BB BC (BD BE gnr wnt (cwp BF BG BH xqy (BI eoh qnn (sqh (uoo sqx hln aacu BJ) acli xvl chu vdd BK cbb aavp rye (BL BM bst) kbo) dgo sdb igi phj) ror (BN BO BP BQ BR BS BT (BU BV BW lmw zab BX mda gkm BY BZ qem CA) zsk CB vrl)) pyh tzu hgc eig prb CC kef CD srk nag xqg uow gax) hqx iav nhb bwh CE bxr CF bjg CG CH CI CJ mrw qgh hfl vbx CK CL aboz msl CM CN mny ogk tfg izm cdd CO xlk zjb qdt cat vso ne asv sii CP CQ CR CS jeb pyo msa aatm smy yda ela sew abys acef qqy lbs CT CU cud tvh uqv CV abnj CW svy CX pom sff CY w CZ hri (DA qmr ceb) DB mjt DC aqg DD asz DE DF eke DG aboa DH DI jug esb rua aqu (DJ DK DL rar DM kxc (bci ibr zry)) DN jdf DP DQ DR heu DS xby qwe (aakj DT cnn yej rj (DU DV DW vsz (lw (DX wjv bsi em)) bck bwe) DY htk DZ) yhk EA
afu nsv esi F abtu vok acol sem G H (beo zni (hmf (I jjm J nde K nvc rdl) nf) uul (L idy fpm) cjl M qyh cnd (onp mym uzv aayl N (O duw ytp jqp) lyx bob P abza hfb xaa Q jnu css fhx R hfq (osy otr di xci acat smk) (abac wgi) iyg S zfl T uqd iam (hvm aaot ipx (ihv zyt) qtr (U V acht) kit cq jzm ysc uti dxw) lpk prl rum roz iai (tyt usq) (jlw grb) pgn skq) W snb (nxf nhv aaeh) ioc jsb kqi eye (lad wn cef)) fzb X ackw mwn Y plk Z aago AA AB AC rky xkm AD rpa AE (svk onj nmp) fjh AF AG eet AH tlz acnr AI AJ dgz uvw mjj yya gdz ftx xtv oq jhm acls vht AK AL AM toe hgf acbt wty gpd AN yph hav (AO AP (AQ uyo ilg AR AT abzt pox) sow bub xdd njs AU ntn thq ifx) bgp kwu eou AV AW AX abqx AY kai ig AZ faf fih zra vre bcu acnk BA rlq abuy BB BC (BD BE gnr wnt (cwp BF BG BH xqy (BI eoh qnn (sqh (uoo sqx hln aacu BJ) acli xvl chu vdd BK cbb aavp rye (BL BM bst) kbo) dgo sdb igi phj) ror (BN BO BP BQ BR BS BT (BU BV BW lmw zab BX mda gkm BY BZ qem CA) zsk CB vrl)) pyh tzu hgc eig prb CC kef CD srk nag xqg uow gax) hqx iav nhb bwh CE bxr CF bjg CG CH CI CJ mrw qgh hfl vbx CK CL aboz msl CM CN mny ogk tfg izm cdd CO xlk zjb qdt cat vso ne asv sii CP CQ CR CS jeb pyo msa aatm smy yda ela sew abys acef qqy lbs CT CU cud tvh uqv CV abnj CW svy CX pom sff CY w CZ hri (DA qmr ceb) DB mjt DC aqg DD asz DE DF eke DG aboa DH DI jug esb rua aqu (DJ DK DL rar DM kxc (bci ibr zry)) DN jdf DP DQ DR heu DS xby qwe (aakj DT cnn yej rj (DU DV DW vsz (lw (DX wjv bsi em)) bck bwe) DY htk DZ) yhk EA
qrv uvr ulu nsv esi F abtu vok acol sem G H (beo zni (hmf (I jjm J nde K nvc rdl) nf) uul (L idy fpm) cjl M qyh cnd (onp mym uzv aayl N (O duw ytp jqp) lyx bob P abza hfb xaa Q jnu css fhx R hfq (osy otr di xci acat smk) (abac wgi) iyg S zfl T uqd iam (hvm aaot ipx (ihv zyt) qtr (U V acht) kit cq jzm ysc uti dxw) lpk prl rum roz iai (tyt usq) (jlw grb) pgn skq) W snb (nxf nhv aaeh) ioc jsb kqi eye (lad wn cef)) fzb X ackw mwn Y plk Z aago AA AB AC rky xkm AD rpa AE (svk onj nmp) fjh AF AG eet AH tlz acnr AI AJ dgz uvw mjj yya gdz ftx xtv oq jhm acls vht AK AL AM toe hgf acbt wty gpd AN yph hav (AO AP (AQ uyo ilg AR AT abzt pox) sow bub xdd njs AU ntn thq ifx) bgp kwu eou AV AW AX abqx AY kai ig AZ faf fih zra vre bcu acnk BA rlq abuy BB BC (BD BE gnr wnt (cwp BF BG BH xqy (BI eoh qnn (sqh (uoo sqx hln aacu BJ) acli xvl chu vdd BK cbb aavp rye (BL BM bst) kbo) dgo sdb igi phj) ror (BN BO BP BQ BR BS BT (BU BV BW lmw zab BX mda gkm BY BZ qem CA) zsk CB vrl)) pyh tzu hgc eig prb CC kef CD srk nag xqg uow gax) hqx iav nhb bwh CE bxr CF bjg CG CH CI CJ mrw qgh hfl vbx CK CL aboz msl CM CN mny ogk tfg izm cdd CO xlk zjb qdt cat vso ne asv sii CP CQ CR CS jeb pyo msa aatm smy yda ela sew abys acef qqy lbs CT CU cud tvh uqv CV abnj CW svy CX pom sff CY w CZ hri (DA qmr ceb) DB mjt DC aqg DD asz DE DF eke DG aboa DH DI jug esb rua aqu (DJ DK DL rar DM kxc (bci ibr zry)) DN jdf DP DQ DR heu DS xby qwe (aakj DT cnn yej rj (DU DV DW vsz (lw (DX wjv bsi em)) bck bwe) DY htk DZ) yhk EA
abxr ygo eyi psk ulu nsv esi F abtu vok acol sem G H (beo zni (hmf (I jjm J nde K nvc rdl) nf) uul (L idy fpm) cjl M qyh cnd (onp mym uzv aayl N (O duw ytp jqp) lyx bob P abza hfb xaa Q jnu css fhx R hfq (osy otr di xci acat smk) (abac wgi) iyg S zfl T uqd iam (hvm aaot ipx (ihv zyt) qtr (U V acht) kit cq jzm ysc uti dxw) lpk prl rum roz iai (tyt usq) (jlw grb) pgn skq) W snb (nxf nhv aaeh) ioc jsb kqi eye (lad wn cef)) fzb X ackw mwn Y plk Z aago AA AB AC rky xkm AD rpa AE (svk onj nmp) fjh AF AG eet AH tlz acnr AI AJ dgz uvw mjj yya gdz ftx xtv oq jhm acls vht AK AL AM toe hgf acbt wty gpd AN yph hav (AO AP (AQ uyo ilg AR AT abzt pox) sow bub xdd njs AU ntn thq ifx) bgp kwu eou AV AW AX abqx AY kai ig AZ faf fih zra vre bcu acnk BA rlq abuy BB BC (BD BE gnr wnt (cwp BF BG BH xqy (BI eoh qnn (sqh (uoo sqx hln aacu BJ) acli xvl chu vdd BK cbb aavp rye (BL BM bst) kbo) dgo sdb igi phj) ror (BN BO BP BQ BR BS BT (BU BV BW lmw zab BX mda gkm BY BZ qem CA) zsk CB vrl)) pyh tzu hgc eig prb CC kef CD srk nag xqg uow gax) hqx iav nhb bwh CE bxr CF bjg CG CH CI CJ mrw qgh hfl vbx CK CL aboz msl CM CN mny ogk tfg izm cdd CO xlk zjb qdt cat vso ne asv sii CP CQ CR CS jeb pyo msa aatm smy yda ela sew abys acef qqy lbs CT CU cud tvh uqv CV abnj CW svy CX pom sff CY w CZ hri (DA qmr ceb) DB mjt DC aqg DD asz DE DF eke DG aboa DH DI jug esb rua aqu (DJ DK DL rar DM kxc (bci ibr zry)) DN jdf DP DQ DR heu DS xby qwe (aakj DT cnn yej rj (DU DV DW vsz (lw (DX wjv bsi em)) bck bwe) DY htk DZ) yhk EA
nhs pzl uul psk ulu nsv esi F abtu vok acol sem G H (beo zni (hmf (I jjm J nde K nvc rdl) nf) uul (L idy fpm) cjl M qyh cnd (onp mym uzv aayl N (O duw ytp jqp) lyx bob P abza hfb xaa Q jnu css fhx R hfq (osy otr di xci acat smk) (abac wgi) iyg S zfl T uqd iam (hvm aaot ipx (ihv zyt) qtr (U V acht) kit cq jzm ysc uti dxw) lpk prl rum roz iai (tyt usq) (jlw grb) pgn skq) W snb (nxf nhv aaeh) ioc jsb kqi eye (lad wn cef)) fzb X ackw mwn Y plk Z aago AA AB AC rky xkm AD rpa AE (svk onj nmp) fjh AF AG eet AH tlz acnr AI AJ dgz uvw mjj yya gdz ftx xtv oq jhm acls vht AK AL AM toe hgf acbt wty gpd AN yph hav (AO AP (AQ uyo ilg AR AT abzt pox) sow bub xdd njs AU ntn thq ifx) bgp kwu eou AV AW AX abqx AY kai ig AZ faf fih zra vre bcu acnk BA rlq abuy BB BC (BD BE gnr wnt (cwp BF BG BH xqy (BI eoh qnn (sqh (uoo sqx hln aacu BJ) acli xvl chu vdd BK cbb aavp rye (BL BM bst) kbo) dgo sdb igi phj) ror (BN BO BP BQ BR BS BT (BU BV BW lmw zab BX mda gkm BY BZ qem CA) zsk CB vrl)) pyh tzu hgc eig prb CC kef CD srk nag xqg uow gax) hqx iav nhb bwh CE bxr CF bjg CG CH CI CJ mrw qgh hfl vbx CK CL aboz msl CM CN mny ogk tfg izm cdd CO xlk zjb qdt cat vso ne asv sii CP CQ CR CS jeb pyo msa aatm smy yda ela sew abys acef qqy lbs CT CU cud tvh uqv CV abnj CW svy CX pom sff CY w CZ hri (DA qmr ceb) DB mjt DC aqg DD asz DE DF eke DG aboa DH DI jug esb rua aqu (DJ DK DL rar DM kxc (bci ibr zry)) DN jdf DP DQ DR heu DS xby qwe (aakj DT cnn yej rj (DU DV DW vsz (lw (DX wjv bsi em)) bck bwe) DY htk DZ) yhk EA
wdo bft uul psk ulu nsv esi F abtu vok acol sem G H (beo zni (hmf (I jjm J nde K nvc rdl) nf) uul (L idy fpm) cjl M qyh cnd (onp mym uzv aayl N (O duw ytp jqp) lyx bob P abza hfb xaa Q jnu css fhx R hfq (osy otr di xci acat smk) (abac wgi) iyg S zfl T uqd iam (hvm aaot ipx (ihv zyt) qtr (U V acht) kit cq jzm ysc uti dxw) lpk prl rum roz iai (tyt usq) (jlw grb) pgn skq) W snb (nxf nhv aaeh) ioc jsb kqi eye (lad wn cef)) fzb X ackw mwn Y plk Z aago AA AB AC rky xkm AD rpa AE (svk onj nmp) fjh AF AG eet AH tlz acnr AI AJ dgz uvw mjj yya gdz ftx xtv oq jhm acls vht AK AL AM toe hgf acbt wty gpd AN yph hav (AO AP (AQ uyo ilg AR AT abzt pox) sow bub xdd njs AU ntn thq ifx) bgp kwu eou AV AW AX abqx AY kai ig AZ faf fih zra vre bcu acnk BA rlq abuy BB BC (BD BE gnr wnt (cwp BF BG BH xqy (BI eoh qnn (sqh (uoo sqx hln aacu BJ) acli xvl chu vdd BK cbb aavp rye (BL BM bst) kbo) dgo sdb igi phj) ror (BN BO BP BQ BR BS BT (BU BV BW lmw zab BX mda gkm BY BZ qem CA) zsk CB vrl)) pyh tzu hgc eig prb CC kef CD srk nag xqg uow gax) hqx iav nhb bwh CE bxr CF bjg CG CH CI CJ mrw qgh hfl vbx CK CL aboz msl CM CN mny ogk tfg izm cdd CO xlk zjb qdt cat vso ne asv sii CP CQ CR CS jeb pyo msa aatm smy yda ela sew abys acef qqy lbs CT CU cud tvh uqv CV abnj CW svy CX pom sff CY w CZ hri (DA qmr ceb) DB mjt DC aqg DD asz DE DF eke DG aboa DH DI jug esb rua aqu (DJ DK DL rar DM kxc (bci ibr zry)) DN jdf DP DQ DR heu DS xby qwe (aakj DT cnn yej rj (DU DV DW vsz (lw (DX wjv bsi em)) bck bwe) DY htk DZ) yhk EA
ywr (bgn oqd) lfa uul psk ulu nsv esi F abtu vok acol sem G H (beo zni (hmf (I jjm J nde K nvc rdl) nf) uul (L idy fpm) cjl M qyh cnd (onp mym uzv aayl N (O duw ytp jqp) lyx bob P abza hfb xaa Q jnu css fhx R hfq (osy otr di xci acat smk) (abac wgi) iyg S zfl T uqd iam (hvm aaot ipx (ihv zyt) qtr (U V acht) kit cq jzm ysc uti dxw) lpk prl rum roz iai (tyt usq) (jlw grb) pgn skq) W snb (nxf nhv aaeh) ioc jsb kqi eye (lad wn cef)) fzb X ackw mwn Y plk Z aago AA AB AC rky xkm AD rpa AE (svk onj nmp) fjh AF AG eet AH tlz acnr AI AJ dgz uvw mjj yya gdz ftx xtv oq jhm acls vht AK AL AM toe hgf acbt wty gpd AN yph hav (AO AP (AQ uyo ilg AR AT abzt pox) sow bub xdd njs AU ntn thq ifx) bgp kwu eou AV AW AX abqx AY kai ig AZ faf fih zra vre bcu acnk BA rlq abuy BB BC (BD BE gnr wnt (cwp BF BG BH xqy (BI eoh qnn (sqh (uoo sqx hln aacu BJ) acli xvl chu vdd BK cbb aavp rye (BL BM bst) kbo) dgo sdb igi phj) ror (BN BO BP BQ BR BS BT (BU BV BW lmw zab BX mda gkm BY BZ qem CA) zsk CB vrl)) pyh tzu hgc eig prb CC kef CD srk nag xqg uow gax) hqx iav nhb bwh CE bxr CF bjg CG CH CI CJ mrw qgh hfl vbx CK CL aboz msl CM CN mny ogk tfg izm cdd CO xlk zjb qdt cat vso ne asv sii CP CQ CR CS jeb pyo msa aatm smy yda ela sew abys acef qqy lbs CT CU cud tvh uqv CV abnj CW svy CX pom sff CY w CZ hri (DA qmr ceb) DB mjt DC aqg DD asz DE DF eke DG aboa DH DI jug esb rua aqu (DJ DK DL rar DM kxc (bci ibr zry)) DN jdf DP DQ DR heu DS xby qwe (aakj DT cnn yej rj (DU DV DW vsz (lw (DX wjv bsi em)) bck bwe) DY htk DZ) yhk EA
xik hgp ffw qkm lfa uul psk ulu nsv esi F abtu vok acol sem G H (beo zni (hmf (I jjm J nde K nvc rdl) nf) uul (L idy fpm) cjl M qyh cnd (onp mym uzv aayl N (O duw ytp jqp) lyx bob P abza hfb xaa Q jnu css fhx R hfq (osy otr di xci acat smk) (abac wgi) iyg S zfl T uqd iam (hvm aaot ipx (ihv zyt) qtr (U V acht) kit cq jzm ysc uti dxw) lpk prl rum roz iai (tyt usq) (jlw grb) pgn skq) W snb (nxf nhv aaeh) ioc jsb kqi eye (lad wn cef)) fzb X ackw mwn Y plk Z aago AA AB AC rky xkm AD rpa AE (svk onj nmp) fjh AF AG eet AH tlz acnr AI AJ dgz uvw mjj yya gdz ftx xtv oq jhm acls vht AK AL AM toe hgf acbt wty gpd AN yph hav (AO AP (AQ uyo ilg AR AT abzt pox) sow bub xdd njs AU ntn thq ifx) bgp kwu eou AV AW AX abqx AY kai ig AZ faf fih zra vre bcu acnk BA rlq abuy BB BC (BD BE gnr wnt (cwp BF BG BH xqy (BI eoh qnn (sqh (uoo sqx hln aacu BJ) acli xvl chu vdd BK cbb aavp rye (BL BM bst) kbo) dgo sdb igi phj) ror (BN BO BP BQ BR BS BT (BU BV BW lmw zab BX mda gkm BY BZ qem CA) zsk CB vrl)) pyh tzu hgc eig prb CC kef CD srk nag xqg uow gax) hqx iav nhb bwh CE bxr CF bjg CG CH CI CJ mrw qgh hfl vbx CK CL aboz msl CM CN mny ogk tfg izm cdd CO xlk zjb qdt cat vso ne asv sii CP CQ CR CS jeb pyo msa aatm smy yda ela sew abys acef qqy lbs CT CU cud tvh uqv CV abnj CW svy CX pom sff CY w CZ hri (DA qmr ceb) DB mjt DC aqg DD asz DE DF eke DG aboa DH DI jug esb rua aqu (DJ DK DL rar DM kxc (bci ibr zry)) DN jdf DP DQ DR heu DS xby qwe (aakj DT cnn yej rj (DU DV DW vsz (lw (DX wjv bsi em)) bck bwe) DY htk DZ) yhk EA
txq hgp ffw qkm lfa uul psk ulu nsv esi F abtu vok acol sem G H (beo zni (hmf (I jjm J nde K nvc rdl) nf) uul (L idy fpm) cjl M qyh cnd (onp mym uzv aayl N (O duw ytp jqp) lyx bob P abza hfb xaa Q jnu css fhx R hfq (osy otr di xci acat smk) (abac wgi) iyg S zfl T uqd iam (hvm aaot ipx (ihv zyt) qtr (U V acht) kit cq jzm ysc uti dxw) lpk prl rum roz iai (tyt usq) (jlw grb) pgn skq) W snb (nxf nhv aaeh) ioc jsb kqi eye (lad wn cef)) fzb X ackw mwn Y plk Z aago AA AB AC rky xkm AD rpa AE (svk onj nmp) fjh AF AG eet AH tlz acnr AI AJ dgz uvw mjj yya gdz ftx xtv oq jhm acls vht AK AL AM toe hgf acbt wty gpd AN yph hav (AO AP (AQ uyo ilg AR AT abzt pox) sow bub xdd njs AU ntn thq ifx) bgp kwu eou AV AW AX abqx AY kai ig AZ faf fih zra vre bcu acnk BA rlq abuy BB BC (BD BE gnr wnt (cwp BF BG BH xqy (BI eoh qnn (sqh (uoo sqx hln aacu BJ) acli xvl chu vdd BK cbb aavp rye (BL BM bst) kbo) dgo sdb igi phj) ror (BN BO BP BQ BR BS BT (BU BV BW lmw zab BX mda gkm BY BZ qem CA) zsk CB vrl)) pyh tzu hgc eig prb CC kef CD srk nag xqg uow gax) hqx iav nhb bwh CE bxr CF bjg CG CH CI CJ mrw qgh hfl vbx CK CL aboz msl CM CN mny ogk tfg izm cdd CO xlk zjb qdt cat vso ne asv sii CP CQ CR CS jeb pyo msa aatm smy yda ela sew abys acef qqy lbs CT CU cud tvh uqv CV abnj CW svy CX pom sff CY w CZ hri (DA qmr ceb) DB mjt DC aqg DD asz DE DF eke DG aboa DH DI jug esb rua aqu (DJ DK DL rar DM kxc (bci ibr zry)) DN jdf DP DQ DR heu DS xby qwe (aakj DT cnn yej rj (DU DV DW vsz (lw (DX wjv bsi em)) bck bwe) DY htk DZ) yhk EA
jlu mmj lfa uul psk ulu nsv esi F abtu vok acol sem G H (beo zni (hmf (I jjm J nde K nvc rdl) nf) uul (L idy fpm) cjl M qyh cnd (onp mym uzv aayl N (O duw ytp jqp) lyx bob P abza hfb xaa Q jnu css fhx R hfq (osy otr di xci acat smk) (abac wgi) iyg S zfl T uqd iam (hvm aaot ipx (ihv zyt) qtr (U V acht) kit cq jzm ysc uti dxw) lpk prl rum roz iai (tyt usq) (jlw grb) pgn skq) W snb (nxf nhv aaeh) ioc jsb kqi eye (lad wn cef)) fzb X ackw mwn Y plk Z aago AA AB AC rky xkm AD rpa AE (svk onj nmp) fjh AF AG eet AH tlz acnr AI AJ dgz uvw mjj yya gdz ftx xtv oq jhm acls vht AK AL AM toe hgf acbt wty gpd AN yph hav (AO AP (AQ uyo ilg AR AT abzt pox) sow bub xdd njs AU ntn thq ifx) bgp kwu eou AV AW AX abqx AY kai ig AZ faf fih zra vre bcu acnk BA rlq abuy BB BC (BD BE gnr wnt (cwp BF BG BH xqy (BI eoh qnn (sqh (uoo sqx hln aacu BJ) acli xvl chu vdd BK cbb aavp rye (BL BM bst) kbo) dgo sdb igi phj) ror (BN BO BP BQ BR BS BT (BU BV BW lmw zab BX mda gkm BY BZ qem CA) zsk CB vrl)) pyh tzu hgc eig prb CC kef CD srk nag xqg uow gax) hqx iav nhb bwh CE bxr CF bjg CG CH CI CJ mrw qgh hfl vbx CK CL aboz msl CM CN mny ogk tfg izm cdd CO xlk zjb qdt cat vso ne asv sii CP CQ CR CS jeb pyo msa aatm smy yda ela sew abys acef qqy lbs CT CU cud tvh uqv CV abnj CW svy CX pom sff CY w CZ hri (DA qmr ceb) DB mjt DC aqg DD asz DE DF eke DG aboa DH DI jug esb rua aqu (DJ DK DL rar DM kxc (bci ibr zry)) DN jdf DP DQ DR heu DS xby qwe (aakj DT cnn yej rj (DU DV DW vsz (lw (DX wjv bsi em)) bck bwe) DY htk DZ) yhk EA
jqt bfk aij yol acgs lfa uul psk ulu nsv esi F abtu vok acol sem G H (beo zni (hmf (I jjm J nde K nvc rdl) nf) uul (L idy fpm) cjl M qyh cnd (onp mym uzv aayl N (O duw ytp jqp) lyx bob P abza hfb xaa Q jnu css fhx R hfq (osy otr di xci acat smk) (abac wgi) iyg S zfl T uqd iam (hvm aaot ipx (ihv zyt) qtr (U V acht) kit cq jzm ysc uti dxw) lpk prl rum roz iai (tyt usq) (jlw grb) pgn skq) W snb (nxf nhv aaeh) ioc jsb kqi eye (lad wn cef)) fzb X ackw mwn Y plk Z aago AA AB AC rky xkm AD rpa AE (svk onj nmp) fjh AF AG eet AH tlz acnr AI AJ dgz uvw mjj yya gdz ftx xtv oq jhm acls vht AK AL AM toe hgf acbt wty gpd AN yph hav (AO AP (AQ uyo ilg AR AT abzt pox) sow bub xdd njs AU ntn thq ifx) bgp kwu eou AV AW AX abqx AY kai ig AZ faf fih zra vre bcu acnk BA rlq abuy BB BC (BD BE gnr wnt (cwp BF BG BH xqy (BI eoh qnn (sqh (uoo sqx hln aacu BJ) acli xvl chu vdd BK cbb aavp rye (BL BM bst) kbo) dgo sdb igi phj) ror (BN BO BP BQ BR BS BT (BU BV BW lmw zab BX mda gkm BY BZ qem CA) zsk CB vrl)) pyh tzu hgc eig prb CC kef CD srk nag xqg uow gax) hqx iav nhb bwh CE bxr CF bjg CG CH CI CJ mrw qgh hfl vbx CK CL aboz msl CM CN mny ogk tfg izm cdd CO xlk zjb qdt cat vso ne asv sii CP CQ CR CS jeb pyo msa aatm smy yda ela sew abys acef qqy lbs CT CU cud tvh uqv CV abnj CW svy CX pom sff CY w CZ hri (DA qmr ceb) DB mjt DC aqg DD asz DE DF eke DG aboa DH DI jug esb rua aqu (DJ DK DL rar DM kxc (bci ibr zry)) DN jdf DP DQ DR heu DS xby qwe (aakj DT cnn yej rj (DU DV DW vsz (lw (DX wjv bsi em)) bck bwe) DY htk DZ) yhk EA
ciq acgs lfa uul psk ulu nsv esi F abtu vok acol sem G H (beo zni (hmf (I jjm J nde K nvc rdl) nf) uul (L idy fpm) cjl M qyh cnd (onp mym uzv aayl N (O duw ytp jqp) lyx bob P abza hfb xaa Q jnu css fhx R hfq (osy otr di xci acat smk) (abac wgi) iyg S zfl T uqd iam (hvm aaot ipx (ihv zyt) qtr (U V acht) kit cq jzm ysc uti dxw) lpk prl rum roz iai (tyt usq) (jlw grb) pgn skq) W snb (nxf nhv aaeh) ioc jsb kqi eye (lad wn cef)) fzb X ackw mwn Y plk Z aago AA AB AC rky xkm AD rpa AE (svk onj nmp) fjh AF AG eet AH tlz acnr AI AJ dgz uvw mjj yya gdz ftx xtv oq jhm acls vht AK AL AM toe hgf acbt wty gpd AN yph hav (AO AP (AQ uyo ilg AR AT abzt pox) sow bub xdd njs AU ntn thq ifx) bgp kwu eou AV AW AX abqx AY kai ig AZ faf fih zra vre bcu acnk BA rlq abuy BB BC (BD BE gnr wnt (cwp BF BG BH xqy (BI eoh qnn (sqh (uoo sqx hln aacu BJ) acli xvl chu vdd BK cbb aavp rye (BL BM bst) kbo) dgo sdb igi phj) ror (BN BO BP BQ BR BS BT (BU BV BW lmw zab BX mda gkm BY BZ qem CA) zsk CB vrl)) pyh tzu hgc eig prb CC kef CD srk nag xqg uow gax) hqx iav nhb bwh CE bxr CF bjg CG CH CI CJ mrw qgh hfl vbx CK CL aboz msl CM CN mny ogk tfg izm cdd CO xlk zjb qdt cat vso ne asv sii CP CQ CR CS jeb pyo msa aatm smy yda ela sew abys acef qqy lbs CT CU cud tvh uqv CV abnj CW svy CX pom sff CY w CZ hri (DA qmr ceb) DB mjt DC aqg DD asz DE DF eke DG aboa DH DI jug esb rua aqu (DJ DK DL rar DM kxc (bci ibr zry)) DN jdf DP DQ DR heu DS xby qwe (aakj DT cnn yej rj (DU DV DW vsz (lw (DX wjv bsi em)) bck bwe) DY htk DZ) yhk EA
ohh lfa uul psk ulu nsv esi F abtu vok acol sem G H (beo zni (hmf (I jjm J nde K nvc rdl) nf) uul (L idy fpm) cjl M qyh cnd (onp mym uzv aayl N (O duw ytp jqp) lyx bob P abza hfb xaa Q jnu css fhx R hfq (osy otr di xci acat smk) (abac wgi) iyg S zfl T uqd iam (hvm aaot ipx (ihv zyt) qtr (U V acht) kit cq jzm ysc uti dxw) lpk prl rum roz iai (tyt usq) (jlw grb) pgn skq) W snb (nxf nhv aaeh) ioc jsb kqi eye (lad wn cef)) fzb X ackw mwn Y plk Z aago AA AB AC rky xkm AD rpa AE (svk onj nmp) fjh AF AG eet AH tlz acnr AI AJ dgz uvw mjj yya gdz ftx xtv oq jhm acls vht AK AL AM toe hgf acbt wty gpd AN yph hav (AO AP (AQ uyo ilg AR AT abzt pox) sow bub xdd njs AU ntn thq ifx) bgp kwu eou AV AW AX abqx AY kai ig AZ faf fih zra vre bcu acnk BA rlq abuy BB BC (BD BE gnr wnt (cwp BF BG BH xqy (BI eoh qnn (sqh (uoo sqx hln aacu BJ) acli xvl chu vdd BK cbb aavp rye (BL BM bst) kbo) dgo sdb igi phj) ror (BN BO BP BQ BR BS BT (BU BV BW lmw zab BX mda gkm BY BZ qem CA) zsk CB vrl)) pyh tzu hgc eig prb CC kef CD srk nag xqg uow gax) hqx iav nhb bwh CE bxr CF bjg CG CH CI CJ mrw qgh hfl vbx CK CL aboz msl CM CN mny ogk tfg izm cdd CO xlk zjb qdt cat vso ne asv sii CP CQ CR CS jeb pyo msa aatm smy yda ela sew abys acef qqy lbs CT CU cud tvh uqv CV abnj CW svy CX pom sff CY w CZ hri (DA qmr ceb) DB mjt DC aqg DD asz DE DF eke DG aboa DH DI jug esb rua aqu (DJ DK DL rar DM kxc (bci ibr zry)) DN jdf DP DQ DR heu DS xby qwe (aakj DT cnn yej rj (DU DV DW vsz (lw (DX wjv bsi em)) bck bwe) DY htk DZ) yhk EA
nsj uul psk ulu nsv esi F abtu vok acol sem G H (beo zni (hmf (I jjm J nde K nvc rdl) nf) uul (L idy fpm) cjl M qyh cnd (onp mym uzv aayl N (O duw ytp jqp) lyx bob P abza hfb xaa Q jnu css fhx R hfq (osy otr di xci acat smk) (abac wgi) iyg S zfl T uqd iam (hvm aaot ipx (ihv zyt) qtr (U V acht) kit cq jzm ysc uti dxw) lpk prl rum roz iai (tyt usq) (jlw grb) pgn skq) W snb (nxf nhv aaeh) ioc jsb kqi eye (lad wn cef)) fzb X ackw mwn Y plk Z aago AA AB AC rky xkm AD rpa AE (svk onj nmp) fjh AF AG eet AH tlz acnr AI AJ dgz uvw mjj yya gdz ftx xtv oq jhm acls vht AK AL AM toe hgf acbt wty gpd AN yph hav (AO AP (AQ uyo ilg AR AT abzt pox) sow bub xdd njs AU ntn thq ifx) bgp kwu eou AV AW AX abqx AY kai ig AZ faf fih zra vre bcu acnk BA rlq abuy BB BC (BD BE gnr wnt (cwp BF BG BH xqy (BI eoh qnn (sqh (uoo sqx hln aacu BJ) acli xvl chu vdd BK cbb aavp rye (BL BM bst) kbo) dgo sdb igi phj) ror (BN BO BP BQ BR BS BT (BU BV BW lmw zab BX mda gkm BY BZ qem CA) zsk CB vrl)) pyh tzu hgc eig prb CC kef CD srk nag xqg uow gax) hqx iav nhb bwh CE bxr CF bjg CG CH CI CJ mrw qgh hfl vbx CK CL aboz msl CM CN mny ogk tfg izm cdd CO xlk zjb qdt cat vso ne asv sii CP CQ CR CS jeb pyo msa aatm smy yda ela sew abys acef qqy lbs CT CU cud tvh uqv CV abnj CW svy CX pom sff CY w CZ hri (DA qmr ceb) DB mjt DC aqg DD asz DE DF eke DG aboa DH DI jug esb rua aqu (DJ DK DL rar DM kxc (bci ibr zry)) DN jdf DP DQ DR heu DS xby qwe (aakj DT cnn yej rj (DU DV DW vsz (lw (DX wjv bsi em)) bck bwe) DY htk DZ) yhk EA
vkc uul psk ulu nsv esi F abtu vok acol sem G H (beo zni (hmf (I jjm J nde K nvc rdl) nf) uul (L idy fpm) cjl M qyh cnd (onp mym uzv aayl N (O duw ytp jqp) lyx bob P abza hfb xaa Q jnu css fhx R hfq (osy otr di xci acat smk) (abac wgi) iyg S zfl T uqd iam (hvm aaot ipx (ihv zyt) qtr (U V acht) kit cq jzm ysc uti dxw) lpk prl rum roz iai (tyt usq) (jlw grb) pgn skq) W snb (nxf nhv aaeh) ioc jsb kqi eye (lad wn cef)) fzb X ackw mwn Y plk Z aago AA AB AC rky xkm AD rpa AE (svk onj nmp) fjh AF AG eet AH tlz acnr AI AJ dgz uvw mjj yya gdz ftx xtv oq jhm acls vht AK AL AM toe hgf acbt wty gpd AN yph hav (AO AP (AQ uyo ilg AR AT abzt pox) sow bub xdd njs AU ntn thq ifx) bgp kwu eou AV AW AX abqx AY kai ig AZ faf fih zra vre bcu acnk BA rlq abuy BB BC (BD BE gnr wnt (cwp BF BG BH xqy (BI eoh qnn (sqh (uoo sqx hln aacu BJ) acli xvl chu vdd BK cbb aavp rye (BL BM bst) kbo) dgo sdb igi phj) ror (BN BO BP BQ BR BS BT (BU BV BW lmw zab BX mda gkm BY BZ qem CA) zsk CB vrl)) pyh tzu hgc eig prb CC kef CD srk nag xqg uow gax) hqx iav nhb bwh CE bxr CF bjg CG CH CI CJ mrw qgh hfl vbx CK CL aboz msl CM CN mny ogk tfg izm cdd CO xlk zjb qdt cat vso ne asv sii CP CQ CR CS jeb pyo msa aatm smy yda ela sew abys acef qqy lbs CT CU cud tvh uqv CV abnj CW svy CX pom sff CY w CZ hri (DA qmr ceb) DB mjt DC aqg DD asz DE DF eke DG aboa DH DI jug esb rua aqu (DJ DK DL rar DM kxc (bci ibr zry)) DN jdf DP DQ DR heu DS xby qwe (aakj DT cnn yej rj (DU DV DW vsz (lw (DX wjv bsi em)) bck bwe) DY htk DZ) yhk EA
djd thu aqh rcg yix psk ulu nsv esi F abtu vok acol sem G H (beo zni (hmf (I jjm J nde K nvc rdl) nf) uul (L idy fpm) cjl M qyh cnd (onp mym uzv aayl N (O duw ytp jqp) lyx bob P abza hfb xaa Q jnu css fhx R hfq (osy otr di xci acat smk) (abac wgi) iyg S zfl T uqd iam (hvm aaot ipx (ihv zyt) qtr (U V acht) kit cq jzm ysc uti dxw) lpk prl rum roz iai (tyt usq) (jlw grb) pgn skq) W snb (nxf nhv aaeh) ioc jsb kqi eye (lad wn cef)) fzb X ackw mwn Y plk Z aago AA AB AC rky xkm AD rpa AE (svk onj nmp) fjh AF AG eet AH tlz acnr AI AJ dgz uvw mjj yya gdz ftx xtv oq jhm acls vht AK AL AM toe hgf acbt wty gpd AN yph hav (AO AP (AQ uyo ilg AR AT abzt pox) sow bub xdd njs AU ntn thq ifx) bgp kwu eou AV AW AX abqx AY kai ig AZ faf fih zra vre bcu acnk BA rlq abuy BB BC (BD BE gnr wnt (cwp BF BG BH xqy (BI eoh qnn (sqh (uoo sqx hln aacu BJ) acli xvl chu vdd BK cbb aavp rye (BL BM bst) kbo) dgo sdb igi phj) ror (BN BO BP BQ BR BS BT (BU BV BW lmw zab BX mda gkm BY BZ qem CA) zsk CB vrl)) pyh tzu hgc eig prb CC kef CD srk nag xqg uow gax) hqx iav nhb bwh CE bxr CF bjg CG CH CI CJ mrw qgh hfl vbx CK CL aboz msl CM CN mny ogk tfg izm cdd CO xlk zjb qdt cat vso ne asv sii CP CQ CR CS jeb pyo msa aatm smy yda ela sew abys acef qqy lbs CT CU cud tvh uqv CV abnj CW svy CX pom sff CY w CZ hri (DA qmr ceb) DB mjt DC aqg DD asz DE DF eke DG aboa DH DI jug esb rua aqu (DJ DK DL rar DM kxc (bci ibr zry)) DN jdf DP DQ DR heu DS xby qwe (aakj DT cnn yej rj (DU DV DW vsz (lw (DX wjv bsi em)) bck bwe) DY htk DZ) yhk EA
qls qhi yix psk ulu nsv esi F abtu vok acol sem G H (beo zni (hmf (I jjm J nde K nvc rdl) nf) uul (L idy fpm) cjl M qyh cnd (onp mym uzv aayl N (O duw ytp jqp) lyx bob P abza hfb xaa Q jnu css fhx R hfq (osy otr di xci acat smk) (abac wgi) iyg S zfl T uqd iam (hvm aaot ipx (ihv zyt) qtr (U V acht) kit cq jzm ysc uti dxw) lpk prl rum roz iai (tyt usq) (jlw grb) pgn skq) W snb (nxf nhv aaeh) ioc jsb kqi eye (lad wn cef)) fzb X ackw mwn Y plk Z aago AA AB AC rky xkm AD rpa AE (svk onj nmp) fjh AF AG eet AH tlz acnr AI AJ dgz uvw mjj yya gdz ftx xtv oq jhm acls vht AK AL AM toe hgf acbt wty gpd AN yph hav (AO AP (AQ uyo ilg AR AT abzt pox) sow bub xdd njs AU ntn thq ifx) bgp kwu eou AV AW AX abqx AY kai ig AZ faf fih zra vre bcu acnk BA rlq abuy BB BC (BD BE gnr wnt (cwp BF BG BH xqy (BI eoh qnn (sqh (uoo sqx hln aacu BJ) acli xvl chu vdd BK cbb aavp rye (BL BM bst) kbo) dgo sdb igi phj) ror (BN BO BP BQ BR BS BT (BU BV BW lmw zab BX mda gkm BY BZ qem CA) zsk CB vrl)) pyh tzu hgc eig prb CC kef CD srk nag xqg uow gax) hqx iav nhb bwh CE bxr CF bjg CG CH CI CJ mrw qgh hfl vbx CK CL aboz msl CM CN mny ogk tfg izm cdd CO xlk zjb qdt cat vso ne asv sii CP CQ CR CS jeb pyo msa aatm smy yda ela sew abys acef qqy lbs CT CU cud tvh uqv CV abnj CW svy CX pom sff CY w CZ hri (DA qmr ceb) DB mjt DC aqg DD asz DE DF eke DG aboa DH DI jug esb rua aqu (DJ DK DL rar DM kxc (bci ibr zry)) DN jdf DP DQ DR heu DS xby qwe (aakj DT cnn yej rj (DU DV DW vsz (lw (DX wjv bsi em)) bck bwe) DY htk DZ) yhk EA
mfx oxi fzq psk ulu nsv esi F abtu vok acol sem G H (beo zni (hmf (I jjm J nde K nvc rdl) nf) uul (L idy fpm) cjl M qyh cnd (onp mym uzv aayl N (O duw ytp jqp) lyx bob P abza hfb xaa Q jnu css fhx R hfq (osy otr di xci acat smk) (abac wgi) iyg S zfl T uqd iam (hvm aaot ipx (ihv zyt) qtr (U V acht) kit cq jzm ysc uti dxw) lpk prl rum roz iai (tyt usq) (jlw grb) pgn skq) W snb (nxf nhv aaeh) ioc jsb kqi eye (lad wn cef)) fzb X ackw mwn Y plk Z aago AA AB AC rky xkm AD rpa AE (svk onj nmp) fjh AF AG eet AH tlz acnr AI AJ dgz uvw mjj yya gdz ftx xtv oq jhm acls vht AK AL AM toe hgf acbt wty gpd AN yph hav (AO AP (AQ uyo ilg AR AT abzt pox) sow bub xdd njs AU ntn thq ifx) bgp kwu eou AV AW AX abqx AY kai ig AZ faf fih zra vre bcu acnk BA rlq abuy BB BC (BD BE gnr wnt (cwp BF BG BH xqy (BI eoh qnn (sqh (uoo sqx hln aacu BJ) acli xvl chu vdd BK cbb aavp rye (BL BM bst) kbo) dgo sdb igi phj) ror (BN BO BP BQ BR BS BT (BU BV BW lmw zab BX mda gkm BY BZ qem CA) zsk CB vrl)) pyh tzu hgc eig prb CC kef CD srk nag xqg uow gax) hqx iav nhb bwh CE bxr CF bjg CG CH CI CJ mrw qgh hfl vbx CK CL aboz msl CM CN mny ogk tfg izm cdd CO xlk zjb qdt cat vso ne asv sii CP CQ CR CS jeb pyo msa aatm smy yda ela sew abys acef qqy lbs CT CU cud tvh uqv CV abnj CW svy CX pom sff CY w CZ hri (DA qmr ceb) DB mjt DC aqg DD asz DE DF eke DG aboa DH DI jug esb rua aqu (DJ DK DL rar DM kxc (bci ibr zry)) DN jdf DP DQ DR heu DS xby qwe (aakj DT cnn yej rj (DU DV DW vsz (lw (DX wjv bsi em)) bck bwe) DY htk DZ) yhk EA
tew psk ulu nsv esi F abtu vok acol sem G H (beo zni (hmf (I jjm J nde K nvc rdl) nf) uul (L idy fpm) cjl M qyh cnd (onp mym uzv aayl N (O duw ytp jqp) lyx bob P abza hfb xaa Q jnu css fhx R hfq (osy otr di xci acat smk) (abac wgi) iyg S zfl T uqd iam (hvm aaot ipx (ihv zyt) qtr (U V acht) kit cq jzm ysc uti dxw) lpk prl rum roz iai (tyt usq) (jlw grb) pgn skq) W snb (nxf nhv aaeh) ioc jsb kqi eye (lad wn cef)) fzb X ackw mwn Y plk Z aago AA AB AC rky xkm AD rpa AE (svk onj nmp) fjh AF AG eet AH tlz acnr AI AJ dgz uvw mjj yya gdz ftx xtv oq jhm acls vht AK AL AM toe hgf acbt wty gpd AN yph hav (AO AP (AQ uyo ilg AR AT abzt pox) sow bub xdd njs AU ntn thq ifx) bgp kwu eou AV AW AX abqx AY kai ig AZ faf fih zra vre bcu acnk BA rlq abuy BB BC (BD BE gnr wnt (cwp BF BG BH xqy (BI eoh qnn (sqh (uoo sqx hln aacu BJ) acli xvl chu vdd BK cbb aavp rye (BL BM bst) kbo) dgo sdb igi phj) ror (BN BO BP BQ BR BS BT (BU BV BW lmw zab BX mda gkm BY BZ qem CA) zsk CB vrl)) pyh tzu hgc eig prb CC kef CD srk nag xqg uow gax) hqx iav nhb bwh CE bxr CF bjg CG CH CI CJ mrw qgh hfl vbx CK CL aboz msl CM CN mny ogk tfg izm cdd CO xlk zjb qdt cat vso ne asv sii CP CQ CR CS jeb pyo msa aatm smy yda ela sew abys acef qqy lbs CT CU cud tvh uqv CV abnj CW svy CX pom sff CY w CZ hri (DA qmr ceb) DB mjt DC aqg DD asz DE DF eke DG aboa DH DI jug esb rua aqu (DJ DK DL rar DM kxc (bci ibr zry)) DN jdf DP DQ DR heu DS xby qwe (aakj DT cnn yej rj (DU DV DW vsz (lw (DX wjv bsi em)) bck bwe) DY htk DZ) yhk EA
uov ulu nsv esi F abtu vok acol sem G H (beo zni (hmf (I jjm J nde K nvc rdl) nf) uul (L idy fpm) cjl M qyh cnd (onp mym uzv aayl N (O duw ytp jqp) lyx bob P abza hfb xaa Q jnu css fhx R hfq (osy otr di xci acat smk) (abac wgi) iyg S zfl T uqd iam (hvm aaot ipx (ihv zyt) qtr (U V acht) kit cq jzm ysc uti dxw) lpk prl rum roz iai (tyt usq) (jlw grb) pgn skq) W snb (nxf nhv aaeh) ioc jsb kqi eye (lad wn cef)) fzb X ackw mwn Y plk Z aago AA AB AC rky xkm AD rpa AE (svk onj nmp) fjh AF AG eet AH tlz acnr AI AJ dgz uvw mjj yya gdz ftx xtv oq jhm acls vht AK AL AM toe hgf acbt wty gpd AN yph hav (AO AP (AQ uyo ilg AR AT abzt pox) sow bub xdd njs AU ntn thq ifx) bgp kwu eou AV AW AX abqx AY kai ig AZ faf fih zra vre bcu acnk BA rlq abuy BB BC (BD BE gnr wnt (cwp BF BG BH xqy (BI eoh qnn (sqh (uoo sqx hln aacu BJ) acli xvl chu vdd BK cbb aavp rye (BL BM bst) kbo) dgo sdb igi phj) ror (BN BO BP BQ BR BS BT (BU BV BW lmw zab BX mda gkm BY BZ qem CA) zsk CB vrl)) pyh tzu hgc eig prb CC kef CD srk nag xqg uow gax) hqx iav nhb bwh CE bxr CF bjg CG CH CI CJ mrw qgh hfl vbx CK CL aboz msl CM CN mny ogk tfg izm cdd CO xlk zjb qdt cat vso ne asv sii CP CQ CR CS jeb pyo msa aatm smy yda ela sew abys acef qqy lbs CT CU cud tvh uqv CV abnj CW svy CX pom sff CY w CZ hri (DA qmr ceb) DB mjt DC aqg DD asz DE DF eke DG aboa DH DI jug esb rua aqu (DJ DK DL rar DM kxc (bci ibr zry)) DN jdf DP DQ DR heu DS xby qwe (aakj DT cnn yej rj (DU DV DW vsz (lw (DX wjv bsi em)) bck bwe) DY htk DZ) yhk EA
dsa vsl mrx lai enj nsv esi F abtu vok acol sem G H (beo zni (hmf (I jjm J nde K nvc rdl) nf) uul (L idy fpm) cjl M qyh cnd (onp mym uzv aayl N (O duw ytp jqp) lyx bob P abza hfb xaa Q jnu css fhx R hfq (osy otr di xci acat smk) (abac wgi) iyg S zfl T uqd iam (hvm aaot ipx (ihv zyt) qtr (U V acht) kit cq jzm ysc uti dxw) lpk prl rum roz iai (tyt usq) (jlw grb) pgn skq) W snb (nxf nhv aaeh) ioc jsb kqi eye (lad wn cef)) fzb X ackw mwn Y plk Z aago AA AB AC rky xkm AD rpa AE (svk onj nmp) fjh AF AG eet AH tlz acnr AI AJ dgz uvw mjj yya gdz ftx xtv oq jhm acls vht AK AL AM toe hgf acbt wty gpd AN yph hav (AO AP (AQ uyo ilg AR AT abzt pox) sow bub xdd njs AU ntn thq ifx) bgp kwu eou AV AW AX abqx AY kai ig AZ faf fih zra vre bcu acnk BA rlq abuy BB BC (BD BE gnr wnt (cwp BF BG BH xqy (BI eoh qnn (sqh (uoo sqx hln aacu BJ) acli xvl chu vdd BK cbb aavp rye (BL BM bst) kbo) dgo sdb igi phj) ror (BN BO BP BQ BR BS BT (BU BV BW lmw zab BX mda gkm BY BZ qem CA) zsk CB vrl)) pyh tzu hgc eig prb CC kef CD srk nag xqg uow gax) hqx iav nhb bwh CE bxr CF bjg CG CH CI CJ mrw qgh hfl vbx CK CL aboz msl CM CN mny ogk tfg izm cdd CO xlk zjb qdt cat vso ne asv sii CP CQ CR CS jeb pyo msa aatm smy yda ela sew abys acef qqy lbs CT CU cud tvh uqv CV abnj CW svy CX pom sff CY w CZ hri (DA qmr ceb) DB mjt DC aqg DD asz DE DF eke DG aboa DH DI jug esb rua aqu (DJ DK DL rar DM kxc (bci ibr zry)) DN jdf DP DQ DR heu DS xby qwe (aakj DT cnn yej rj (DU DV DW vsz (lw (DX wjv bsi em)) bck bwe) DY htk DZ) yhk EA
utm mrx lai enj nsv esi F abtu vok acol sem G H (beo zni (hmf (I jjm J nde K nvc rdl) nf) uul (L idy fpm) cjl M qyh cnd (onp mym uzv aayl N (O duw ytp jqp) lyx bob P abza hfb xaa Q jnu css fhx R hfq (osy otr di xci acat smk) (abac wgi) iyg S zfl T uqd iam (hvm aaot ipx (ihv zyt) qtr (U V acht) kit cq jzm ysc uti dxw) lpk prl rum roz iai (tyt usq) (jlw grb) pgn skq) W snb (nxf nhv aaeh) ioc jsb kqi eye (lad wn cef)) fzb X ackw mwn Y plk Z aago AA AB AC rky xkm AD rpa AE (svk onj nmp) fjh AF AG eet AH tlz acnr AI AJ dgz uvw mjj yya gdz ftx xtv oq jhm acls vht AK AL AM toe hgf acbt wty gpd AN yph hav (AO AP (AQ uyo ilg AR AT abzt pox) sow bub xdd njs AU ntn thq ifx) bgp kwu eou AV AW AX abqx AY kai ig AZ faf fih zra vre bcu acnk BA rlq abuy BB BC (BD BE gnr wnt (cwp BF BG BH xqy (BI eoh qnn (sqh (uoo sqx hln aacu BJ) acli xvl chu vdd BK cbb aavp rye (BL BM bst) kbo) dgo sdb igi phj) ror (BN BO BP BQ BR BS BT (BU BV BW lmw zab BX mda gkm BY BZ qem CA) zsk CB vrl)) pyh tzu hgc eig prb CC kef CD srk nag xqg uow gax) hqx iav nhb bwh CE bxr CF bjg CG CH CI CJ mrw qgh hfl vbx CK CL aboz msl CM CN mny ogk tfg izm cdd CO xlk zjb qdt cat vso ne asv sii CP CQ CR CS jeb pyo msa aatm smy yda ela sew abys acef qqy lbs CT CU cud tvh uqv CV abnj CW svy CX pom sff CY w CZ hri (DA qmr ceb) DB mjt DC aqg DD asz DE DF eke DG aboa DH DI jug esb rua aqu (DJ DK DL rar DM kxc (bci ibr zry)) DN jdf DP DQ DR heu DS xby qwe (aakj DT cnn yej rj (DU DV DW vsz (lw (DX wjv bsi em)) bck bwe) DY htk DZ) yhk EA
ifq kot lai enj nsv esi F abtu vok acol sem G H (beo zni (hmf (I jjm J nde K nvc rdl) nf) uul (L idy fpm) cjl M qyh cnd (onp mym uzv aayl N (O duw ytp jqp) lyx bob P abza hfb xaa Q jnu css fhx R hfq (osy otr di xci acat smk) (abac wgi) iyg S zfl T uqd iam (hvm aaot ipx (ihv zyt) qtr (U V acht) kit cq jzm ysc uti dxw) lpk prl rum roz iai (tyt usq) (jlw grb) pgn skq) W snb (nxf nhv aaeh) ioc jsb kqi eye (lad wn cef)) fzb X ackw mwn Y plk Z aago AA AB AC rky xkm AD rpa AE (svk onj nmp) fjh AF AG eet AH tlz acnr AI AJ dgz uvw mjj yya gdz ftx xtv oq jhm acls vht AK AL AM toe hgf acbt wty gpd AN yph hav (AO AP (AQ uyo ilg AR AT abzt pox) sow bub xdd njs AU ntn thq ifx) bgp kwu eou AV AW AX abqx AY kai ig AZ faf fih zra vre bcu acnk BA rlq abuy BB BC (BD BE gnr wnt (cwp BF BG BH xqy (BI eoh qnn (sqh (uoo sqx hln aacu BJ) acli xvl chu vdd BK cbb aavp rye (BL BM bst) kbo) dgo sdb igi phj) ror (BN BO BP BQ BR BS BT (BU BV BW lmw zab BX mda gkm BY BZ qem CA) zsk CB vrl)) pyh tzu hgc eig prb CC kef CD srk nag xqg uow gax) hqx iav nhb bwh CE bxr CF bjg CG CH CI CJ mrw qgh hfl vbx CK CL aboz msl CM CN mny ogk tfg izm cdd CO xlk zjb qdt cat vso ne asv sii CP CQ CR CS jeb pyo msa aatm smy yda ela sew abys acef qqy lbs CT CU cud tvh uqv CV abnj CW svy CX pom sff CY w CZ hri (DA qmr ceb) DB mjt DC aqg DD asz DE DF eke DG aboa DH DI jug esb rua aqu (DJ DK DL rar DM kxc (bci ibr zry)) DN jdf DP DQ DR heu DS xby qwe (aakj DT cnn yej rj (DU DV DW vsz (lw (DX wjv bsi em)) bck bwe) DY htk DZ) yhk EA
ugm dyf mcg nsv esi F abtu vok acol sem G H (beo zni (hmf (I jjm J nde K nvc rdl) nf) uul (L idy fpm) cjl M qyh cnd (onp mym uzv aayl N (O duw ytp jqp) lyx bob P abza hfb xaa Q jnu css fhx R hfq (osy otr di xci acat smk) (abac wgi) iyg S zfl T uqd iam (hvm aaot ipx (ihv zyt) qtr (U V acht) kit cq jzm ysc uti dxw) lpk prl rum roz iai (tyt usq) (jlw grb) pgn skq) W snb (nxf nhv aaeh) ioc jsb kqi eye (lad wn cef)) fzb X ackw mwn Y plk Z aago AA AB AC rky xkm AD rpa AE (svk onj nmp) fjh AF AG eet AH tlz acnr AI AJ dgz uvw mjj yya gdz ftx xtv oq jhm acls vht AK AL AM toe hgf acbt wty gpd AN yph hav (AO AP (AQ uyo ilg AR AT abzt pox) sow bub xdd njs AU ntn thq ifx) bgp kwu eou AV AW AX abqx AY kai ig AZ faf fih zra vre bcu acnk BA rlq abuy BB BC (BD BE gnr wnt (cwp BF BG BH xqy (BI eoh qnn (sqh (uoo sqx hln aacu BJ) acli xvl chu vdd BK cbb aavp rye (BL BM bst) kbo) dgo sdb igi phj) ror (BN BO BP BQ BR BS BT (BU BV BW lmw zab BX mda gkm BY BZ qem CA) zsk CB vrl)) pyh tzu hgc eig prb CC kef CD srk nag xqg uow gax) hqx iav nhb bwh CE bxr CF bjg CG CH CI CJ mrw qgh hfl vbx CK CL aboz msl CM CN mny ogk tfg izm cdd CO xlk zjb qdt cat vso ne asv sii CP CQ CR CS jeb pyo msa aatm smy yda ela sew abys acef qqy lbs CT CU cud tvh uqv CV abnj CW svy CX pom sff CY w CZ hri (DA qmr ceb) DB mjt DC aqg DD asz DE DF eke DG aboa DH DI jug esb rua aqu (DJ DK DL rar DM kxc (bci ibr zry)) DN jdf DP DQ DR heu DS xby qwe (aakj DT cnn yej rj (DU DV DW vsz (lw (DX wjv bsi em)) bck bwe) DY htk DZ) yhk EA


