a acop acoq acoo = duf
b = ojt jvo hlj ski
c acoo acop = yzz
d acoo = ebf
e acoo = tly pot achv
f acop acoo = dsx
g acop acoo = kdt
h acop acoo = aafe bc
i acop acoo = qqa
j acop acoo = cbb wvq
k = vgr pkw orf
l acoo = klr
m = twb tjv acjd
n acoo acop = nyp lmj
o acoo = utw
p acoo acop = zol
q acoo acop = nos abgk
r = abuu
s acop acoo = mr
t acoq acop acoo = lri
u acoo acop = aor
v acop acoq acoo = bka
w acoo = sfp cwu
x = bgn ghs
y acoo = qar
z = gsz
aa acop acoo acoq = hna plh
ab acop acoo = iut
ac acop acoo = cqy
ad acoo = sko
ae = lki
af acoo = nqz
ag = abjl
ah acop acoo = eqs jje mre lrl
ai = lgt (abfa czx)
aj = isw
ak = qoz gjt pjj azy wja
al = jqv
am = dip
an = puu
ao acoo = ohg
ap acop acoo = idh qwu cl ulb ini
aq = ccn tp amf
ar acoo acop = xjk
at = gxs fjm vzv accd
au acoq acoo acop = nlz
av acoo = acfz pmr
aw acop acoq acoo = quk bzs ukd
ax = iaz
ay acoo = wid zqj (kaa ckl)
az = qnm wqz
ba acop acoo = kih
bb = hpx rxg
bc acoo acop acoq = wbt qdq brm
bd acoo acoq acop = tuv
be acoo acop = vhp mij oct tp
bf = crq eyk ytr
bg acop acoq acoo = acnp (rgm dgl sot kpt)
bh acoo = kbr ooz
bi = oxi
bj acoo acop = orm
bk acoo acop = qbz hon abd
bl acoo acoq acop = qdo
bm acoo acop = bua jxh
bn acoo = tkd
bo acoq acop acoo = vep
bp acoo acop = lwr tzp
bq acop acoo acoq = bbj
br = abmk
bs = chn
bt acoo = uei wyj qby
bu acoq acop acoo = foz cjj gev
bv acoo = zc ttz
bw acoo acoq acop = rhn
bx = jxl
by = djo
bz acop acoo acoq = aciv zix oag aapl
ca = abwj zax xfm
cb acoo acop = gkc
cc acop acoo acoq = nka
cd = kmg aaet
ce acop acoo = oia
cf acop acoo = pzy
cg = edw sib zg
ch acoo acop acoq = qgr okx abyw
ci = hdw
cj acoo acop = fgd lty mle
ck acoo acop = lgf
cl acop acoo acoq = clr
cm = but
cn = aayr fcr dlz
co = byu
cp = kgn
cq acoq acop acoo = ugn
cr acoo = acke dup
cs acop acoo = lus
ct = gvg uph
cu = asy
cv acoq acoo acop = ryq
cw acoo = bbv
cx acoq acoo acop = go
cy acoo = tgl (sun ygs)
cz acop acoo = hnu cbp qqf
da = rtb
db acoo acop acoq = jd
dc = hz
dd = acke
de acoo = rwu
df acoo = hnp tlv uzc avu
dg acop acoo = emv
dh = xuz
di = aew qit lbc ofx
dj acoq acoo acop = qcd lcn ynd yve
dk = ssc
dl acoq acoo acop = vms (qug wjz xao)
dm acoo acop = qag
dn acoo = ina klw zgk ogx
dp acop acoq acoo = uya itg zls
dq acoo = deb
dr acop acoo = ifx dwt
ds acoo = fk
dt acoo = vjy gfn uih
du = zbk gsq
dv = div hyn
dw acop acoq acoo = dap
dx = eyk kuk tkf
dy acoo = thb rwk fp
dz = lue
ea acoo acop = jou
eb acop acoo = kaz lzf nel
ec acoo acop = lvj vrz ayz
ed acop acoo acoq = nfb mgf vdz fzs
ee = aai ujw
ef acop acoo = hov
eg acop acoq acoo = hem jm yps
eh acoo = rax
ei acoo = gvm
ej acop acoo acoq = owy
ek acop acoo = hye
el acoo = gjd hwk dfk fmu
em acoo = jpg
en acoo acop = zkn
eo acop acoo = jdm
ep acoo acop = iry
eq acoo = uii
er acoq acoo acop = ndx
es acoo = cpd olw
et acoo = noa
eu acoo acop = abvg is xvl
ev = sna
ew = oan aalp roq qqv
ex acoo acop = rxj
ey acoo = rsv
ez acoo acop = fdt aafp ape
fa acoo = dsw awo
fb acoo = cfg
fc acop acoo = xyw
fd acoo = jfa cxn ost lrh
fe acoo acop = kqx ze
ff acoo = jsx pgv paf
fg acoo = thp
fh acoo = zoz
fi acoo acop = tch gtz
fj = jre
fk acoo = hlt qjd fgc
fl acoo = bqu
fm acop acoo = wof
fn acoo = jlz avz
fo acoo acop = lrc yds qix
fp acop acoq acoo = ykr ft
fq acoq acoo acop = gyu
fr acoo acop = cjj
fs acoq acop acoo = acjc jgm
ft = abgt cyz etw
fu acop acoq acoo = mwu adc gpt eat aana
fv = blc pki abzl
fw = uze
fx acoq acop acoo = xht zbc uae
fy acop acoq acoo = qul
fz acoo acop = jys
ga = trc
gb acoo acop = hvu
gc = puz
gd acoq acoo acop = kff abkx rtf
ge acoo = htb
gf = cwm
gg acoo = vwa lla hbm abae gyf
gh acop acoo = dbr
gi acoo = gxl
gj acoo acop acoq = ygb abai
gk acoq acoo acop = arj
gl acop acoq acoo = aauc uiu mmf wdn
gm acoo acop = zbq jtp
gn acoo = oim mhw ire
go = cxy (osv fsp)
gp = nml
gq acoo acoq acop = tot
gr = rsn
gs = yim
gt acoo = dzf wwh dlw
gu = hkx hei
gv acop acoo acoq = ioo
gw acop acoo = btz szx bmj hjb
gx = qg abpn
gy acoo acoq acop = vc
gz = tlz ajt
ha = iti
hb acoo = drm
hc = ogd
hd acop acoo = yrz dce
he acop acoo = kid oph aams
hf acop acoo acoq = fhb
hg acoo = omp
hh = thb iwt
hi acoo = ees
hj acoq acoo acop = olj abku
hk acop acoo = dau absz etk
hl acop acoo = bxf
hm acoo = awb
hn acoo = ziy
ho = ajo ojd tvn aazp
hp acop acoq acoo = cit
hq acop acoo acoq = abtx dpq tas
hr acop acoo acoq = zaf
hs acoo acop = ca
ht acoo = aago
hu = hjm
hv acoo = jgk nfl yxq
hw acoo acop = oyh jgx ldf
hx acop acoo acoq = abqt okw
hy acoo = wgo
hz acoo = kri
ia acoo = tls
ib acoo acoq acop = jum
ic = abkw
id acop acoq acoo = gir
ie acoo = asr
ig acoo acop acoq = plu sar
ih acop acoo = acma iar ojf accf
ii acoo acop = bat yhd
ij = fnw anq ukv
ik acoo acoq acop = adj
il acop acoo acoq = tnc
im acoo = nte rna
io acop acoq acoo = eui
ip acoo acop acoq = ogs jyf eyy
iq acop acoo = kse
ir acoo acop = eww bjh
is acop acoo acoq = bhb
it acoo acop = hny rrx ujd kfn ohz
iu acoo = inq dqn gur
iv acoo = yom uny rfg
iw = dzm
ix acoo acop = aajk uep
iy acoo = rap
iz acop acoo = zgl icv iuy
ja = ucg
jb = aanb doy qyh
jc acoo = ale zyg itj
jd acoo = abgk
je acoo = vpo (iwl ngi yaz vya)
jf acop acoo = dfp trr
jg = gdp
jh acoo = dvl
ji acoq acop acoo = ytz brm lfn cur
jj acoo = exp acny cur ouk
jk acoo = tcc
jl acoo acop = ang
jm acop acoo = aamt abfk
jn = dbp
jo acoq acop acoo = vmx iin
jp acoo acop = hhr abil wck abuu
jq = nvf
jr acop acoo acoq = hai tsc ofv
js acoo acop = aadt
jt = bex byn hhk
ju acoo = shl
jv acoo acoq acop = rvm
jw acoo acop = up
jx acoo = plz
jy = zsf
jz acop acoo acoq = jmj
ka acoq acoo acop = wzl vzs cxt oiw
kb acoq acop acoo = wjt
kc acop acoo = rac
kd = vok nqb cmz
ke acop acoo = zik nva (htk abmm)
kf acop acoq acoo = rhg att fya
kg = gps
kh acop acoo = jty
ki acoo = uoz
kj acoo = yah
kk acoq acoo acop = mcn nxs gdk udi
kl acoq acoo acop = hrl acig tk
km acop acoo acoq = cbn
kn = cpx
ko acop acoo = hiq
kp = abhd yzy
kq = ptb
kr acoo acop = xgj ec
ks acop acoo = vys
kt acoo acoq acop = psk
ku acop acoo acoq = fny
kv acoo acoq acop = boa
kw acoo = vwd pvw qr
kx = ixg
ky = aaig mxn dus
kz = hqd fko
la acop acoo acoq = arl
lb acoo acop = pjm
lc acoo acop = edj
ld acoo = tvy
le acoo acoq acop = pep
lf = xhv acex nia
lg acoo acop acoq = aaof
lh acoo = rug
li acoo = bkh zcj
lj acop acoq acoo = zvi ouq
lk = aapx
ll acoo = czl oto gtd yec
lm acop acoq acoo = xvn
ln acop acoo = rjl lqa
lo = alz
lp acoo = ymm auv eiq aahe
lq acoo acop = aug
lr acoo = fum
ls = zpm cei bfe
lt acoo acop acoq = hkk
lu acoo = syd
lv acop acoo acoq = vws
lw acoq acop acoo = fvw cmf
lx = ceo lse fxu
ly acop acoo = wzi
lz = nfp rwt
ma = ofs mpl wjg
mb acop acoo = src
mc acoo = pmc
md acop acoo acoq = xxc
me = era aaed uw knh
mf acoo acop = snj kts
mg acoo acoq acop = ocf
mh acop acoo = ef rbq
mi = cha nij
mj acop acoo = bwb bme
mk acoo = cwv (dop dtq art)
ml acoq acoo acop = hgh
mm acoo acop acoq = vsc nxz
mn = vdy ea zpj
mo acoo acop acoq = tyv nvf
mp acoo = jit
mq acoq acoo acop = dfq
mr acoo = absk
ms acoo acop acoq = vns mme uus
mt acoq acoo acop = usr std
mu acop acoo = gce zbs
mv acoo acop = eve
mw acoq acop acoo = gny
mx acop acoo = nen
my acoo acop = v yp vew
mz acoq acop acoo = acis
na = olk
nb acop acoo = whj
nc acoo acop = grl jjg
nd acoo acop acoq = fod wsr flo
ne = wbm
nf acop acoo = efe
ng acoo acop = wjk eqk
nh acoo acoq acop = ush pan
ni acoo acop = dbw
nj acop acoo = kpc
nk acop acoo acoq = pji
nl acoo = aasc djh
nm acop acoo acoq = vkk
nn acoo acop acoq = icz
no acoo acop = abho
np acoo = aapk
nq = klw ysc
nr acop acoo = noj
ns acoo = bjs vcs
nt = tuh
nu acoo acop = ufk
nv = evn
nw = zds goz
nx acop acoo acoq = kxp odx jvu vwa
ny acop acoo = ast
nz acoo acoq acop = ruq vik
oa acoq acop acoo = ext yxn
ob acoo = znb kyi tpi cqw
oc acoo acop = zzm
od acoo = qo
oe acoq acoo acop = ctj
og = achm dbi
oh acop acoo = awz wfa
oi acoo acop = jyj kwj
oj = xwh
ok acoo = uqh
ol acoo = jjk
om = alr
on = nbg bnn
oo acop acoo = rgg mit
op = twt
oq = tw egz
or = iox
os = zpg
ot acoq acoo acop = aanx
ou acoo acop acoq = zgr oze acdm qmi
ov acoq acop acoo = abrc nel
ow = aarp qqq pfz omp
ox = cqu
oy acop acoo = zvs
oz acoq acoo acop = ctf
pa acoo = rvd
pb acoo = nna
pc acoo = uzx
pd acop acoo = ylk
pe = fqq dfk
pf acoo acop = eqi mm
pg acop acoo acoq = egi
ph acoq acoo acop = art rvt
pi acoo = nib
pj = rzm zlj hjv
pk acop acoo = cti
pl acoo = aaol
pm acoo acop acoq = kht
pn acop acoq acoo = kwy ghe
po acoo = dwk ffv qrg byr
pp acop acoo = uvi
pq acop acoo = sjd (euv eur)
pr = raa
ps = qql
pt acop acoo = bzj hzv
pu acoo acop acoq = gxw
pv acoo acop = qkm
pw acop acoq acoo = ojb jsl eml fur
px acoo = fcj
py acoo acoq acop = his
pz acop acoo = csj
qa = gdh
qb acoo acoq acop = ovh jka
qc = nrq
qd acoo acoq acop = wrv ruo nrv
qe = sqj zui yfn pqg cvh
qf acoo = ffv knv
qg acoo = goh
qh acop acoo = lox aakp noc
qi acoo acop = gyv wln
qj acoo = tma
qk acop acoo acoq = ewk uos kkc
ql acoo acop acoq = bey
qm acoq acop acoo = meh dmb
qn acoo = tp naf qjh
qo acop acoo = zhw oyq ssf
qp = aalr tvv xyj
qq acoq acop acoo = rp jqq exy eps
qr = skx ablt
qs acoo = acer
qt acoo acop = kla
qu = gcg
qv acop acoo = jfb
qw acoo = hma bne
qx acoo acop = sc lpk qpp
qy = ackg
qz acoo = nhn
ra acoq acoo acop = nxw
rb acoo acoq acop = bzu
rc acoq acop acoo = aun aaxw
rd acop acoo = eac
re acoq acop acoo = mck
rf acoo = tmn
rg acoo acoq acop = rxt
rh acoo acop acoq = oko xev
ri acoo = ohs
rj acoo = ll ddc
rk acoo = snt
rl = xpr
rm acoo acop = jmi
rn acop acoo acoq = mlf
ro acop acoo = abrp
rp acop acoq acoo = see fyy eer
rq acoo = tts
rr acoo = xqo
rs acoo acop = nov
rt acoo = axj mal aafv
ru acoo = kyb
rv acoo = ffu
rw acop acoo = zbg
rx acoo = aawz
ry acoq acoo acop = djd rwg iym itm
rz acoo = fsu ozq
sa acop acoq acoo = zff
sb acoo = czo sux
sc acoo = nou
sd acoo acoq acop = acmc
se acoo = zak
sf acoo = eie
sg = yyn
sh acoo acop = qqp
si acop acoo = ezr yw abzz
sj acoo = xpu tgh
sk acoo = iba
sl acoq acoo acop = nws mql lsa
sm acop acoo = vpv
sn = aie
so acoo = foc hrq
sp acoq acoo acop = eng
sq = gea
sr = nco
ss acoq acoo acop = mgc zlq dbb
st = cwx
su acoo = tnz
sv acop acoo = qlp
sw acop acoo = abuf
sx = gqm acmv ipt
sy acoo acop = absf
sz acoo = cnp
ta acop acoo = ghl
tb acoo = tke
tc acoo acop = unz
td acoo acop = lmp
te = ylr
tf = aaag znh jfi
tg = uan
th acoo acop = kwa xdu
ti acoo = zwe
tj acoo acop = vfv
tk acoo = beq
tl acop acoo acoq = mtl
tm = fme
tn acoo acop = hgo
to acop acoo = gez
tp acoo acop = bnu
tq acoo acop acoq = ylb cee ond vdv isk
tr acoo = cqo
ts acoo acop acoq = xlt aant ip qxx drh
tt acoo acop = zhu tpo
tu acop acoq acoo = nfi
tv acop acoo = zid kjp adf acea he
tw acoo acop = fdl
tx acop acoo = vgn
ty = cpw
tz = sdk dqe
ua = zdj zzp lbp aatv
ub acop acoo = aboi
uc = obv
ud acoo = aqr gqd bkl tph
ue = fdu
uf acop acoo = ehu ruf wtm
ug = soy aaqi
uh = ipc
ui = fx aasd esy kmw
uj = xyc
uk acop acoo = erp nfo
ul acoo = vur
um = aamf
un acop acoo = aadc
uo acoo = kbr
up acoo = tfx kat
uq acoo = jk qrr aaax zrl
ur acoo acop acoq = oho
us acoo acop = gid maw egp lgo
ut = upe lcp abnj
uu = bdk
uv = ztd cxf mbv
uw acoo = vuw
ux acoo acoq acop = aaom
uy acoo = mjp
uz = zij
va acop acoo acoq = tnm
vb acoo acop = abff aaeg
vc = kec
vd acoo = uqt deo bno
ve = cpc
vf acoo acop = sit bbb
vg acoo acoq acop = fxt
vh acoo = abxo
vi acoo = qev
vj = cn
vk acoo = xex ujj
vl acoo = ioy cbl fke bsl
vm acoo = ttn
vn acop acoo = abjj qte
vo acoo acop = gmo ssh scv acbk
vp acop acoo = abek tlb
vq acoo acop acoq = qyh
vr acoo acop = sej
vs acoo acop = gda wg
vt acoo = mcc kpp
vu = obk
vv acoo acop = gro
vw acop acoo acoq = elp
vx = ehl mzu ncq
vy = lxz krk
vz acoo = pvx qko lmn psz iyx
wa acoo = ued
wb acop acoo acoq = aaot skk
wc = acfq
wd = qcm
we acop acoo acoq = lfj
wf acoo = aqq
wg = sge
wh acoo acop acoq = zty acij rus
wi acoo acop acoq = qkl
wj acoo = usl dro ytw
wk acoo = nv
wl = otu wzy okt
wm acop acoq acoo = zme hxi
wn acoo = dlo
wo = mes abzu rs fyq
wp acop acoo acoq = pwx
wq acop acoo = pys
wr acop acoo = cqn
ws acoo acoq acop = vsn
wt acoq acop acoo = nnz
wu acoo = vsm
wv = vjh uz
ww acop acoo = nid iqr
wx acoo = qhj
wy acop acoo acoq = pzl ezi abgi fyd dwg
wz acoo = bam
xa acoq acoo acop = abm
xb acoo = aj
xc acoo acop = sio pyg rlf cbs
xd acoo = dnw hry
xe acoo acop = cgb wtq xoo
xf = jau
xg = kfj vhl
xh = ofx aaxv
xi = lpo
xj acoo = hop avy skv
xk acoq acop acoo = guw
xl = bhx
xm acoo acoq acop = pog nbl
xn acoo = tdx yic
xo = rgd
xp acop acoq acoo = jwz olv
xq acoo = cdo tfa
xr acop acoo = liy
xs acoo = adk qzr huo mfp
xt acop acoo acoq = abmv
xu acop acoo = esk tfc inl
xv acoo = dnj
xw acoo acop = lcv
xx = jcu
xy acop acoo = wjr xbt
xz acoo acop = jso
ya = ga
yb acoo = ewo
yc acoo acop = cjn
yd acoo acoq acop = brn
ye acoo acoq acop = qho
yf acop acoq acoo = yiz mmu
yg = mws
yh acoq acoo acop = tue sy
yi acoo = xrm tvk
yj = tby rfk jft nsd
yk acoo acop = slf rhw ony aaod
yl = rso
ym acoo = poe
yn = acnc qkm flz
yo acoo = izc
yp acoo acop = dko kkp bzb crd
yq acoq acoo acop = kwl
yr = kss
ys acop acoo acoq = zvb
yt acop acoq acoo = xtr
yu acoo acop = wxn
yv acoo = tmd
yw = xgx
yx = qcw
yy acoo = rcr
yz acoo acop = ufr
za = abnn
zb acop acoq acoo = eua
zc acoo = imf
zd acoo = oyq
ze acop acoo = wkg ztf rpa
zf acoo = abbj lfq
zg acop acoo = fhj bgr cvh
zh acop acoo = aoy
zi = elj
zj = qlu ing pkq
zk acoo = dsg
zl acop acoo = uek hpt
zm acoq acoo acop = yls lhv jei gok
zn = fkx
zo acoo = tge abkg
zp = qsv
zq acop acoo = xfx
zr acoo = abft
zs acoo = jsi
zt acoo = bqd
zu acop acoo = dal
zv = jtn pvn czt qka
zw acoo acop acoq = jfx
zx = lvo auz mzh pml abot
zy = wwd vzq aaqa
zz acoq acop acoo = yxs
aaa acoo acop = gas
aab acoq acop acoo = acok exg bo sb
aac acoq acoo acop = qtp
aad acoo acop = abrt rca wnl odn
aae acoo acop = rb mlz zhj oro
aaf acoo acop = jcw txd lrj
aag = vbq glu ncg
aah = aaxg
aai acoq acoo acop = ahb inr
aaj acoo = pkm ymo yib qfx
aak acoo = mqg oyq
aal acop acoo acoq = fba
aam acoo = ooq
aan acoo = tya (uek niv)
aao acoo = jqq
aap acoo = agi
aaq = oho dhy rbc
aar = nhk
aas acop acoq acoo = mzv (tpo foy) kkq
aat acop acoo = ely
aau acoo = pu sma
aav = fhw mdb xrh mlo efu
aaw acoq acoo acop = arc ziq gin yxx
aax = aaub
aay = wfb
aaz acoo = pic
aba acoo = aaov waz
abb acop acoo = tzx
abc acoo acop = mbd
abd acop acoo = vjk
abe = uwd ztt epf
abf acoo = pfe
abg = dzm bie
abh acop acoo acoq = ucw xwt
abi acoo = ftf
abj = ypu wny mps
abk = erm (nuo nhk)
abl = acol ads viu wqt
abm acop acoo = nuv
abn acoq acoo acop = gdn aaek
abo = waf gcz
abp acoo acop acoq = cwt
abq acoo acop = spg qyg
abr = aask
abs acoq acoo acop = adw
abt = jry qfz zfp
abu acoq acop acoo = tko
abv acop acoo = jyd hr ltm aabh
abw acoo acop acoq = abdf
abx acoo = xps gdg gyw pbk
aby acoo acop = xsi pqd
abz acoo acop = accu zwj
aca acoo acop = yl eyx gkq
acb acoo acop = bja
acc acoo = jxu (npk cli)
acd acop acoo = fbr
ace acoo = uf
acf acoq acoo acop = qvn
acg acoo = vle aavz
ach acoo acoq acop = niv
aci = abtz
acj acoq acop acoo = zdi
ack acoo acop acoq = cpc
acl acoo = alv
acm acop acoo acoq = rhf
acn = aceq egu ajf
aco acoo acop = mgm
acp acoo acop = uru
acq = fky fzp
acr acoo acop = cpy zga
acs acoo = frm
act acoo acop = mpz
acu acoo = rb txi
acv = zxd
acw = pjo
acx = bhg cij
acy = ifp pvr yf vvy
acz acoo acop acoq = fvf
ada acoo = uoo aajg yaj uzv
adb acoo = ygh
adc = qnk acck kfg mnf achu
add acoo acop = mjh
ade acoo = kux (zpy ito rhu)
adf = vbt ttp rdf
adg = cry ltg zce
adh = orb aapq gwk
adi = zkk
adj acoo = xoh
adk acop acoo = are
adl acoo acop = hje dfh
adm acop acoo = jxi
adn acoo = ran
ado acoo = ewp
adp = afu
adq = pnm
adr acop acoo = drd itu trh btj
ads acop acoq acoo = qyt
adt = ajp
adu acoo acop = fyl
adv acoq acoo acop = spf
adw = tyw omd
adx acoo = ach
ady acop acoo = ons (aams uy)
adz = abbs
aea = eph
aeb acoq acoo acop = lnv
aec acop acoo = kpi
aed acop acoq acoo = yxn
aee acop acoo = lwz
aef acoo = wfb
aeg = wop szp
aeh acop acoq acoo = abri
aei acoo = ihi (bng pbo hvp)
aej = acda
aek acoo = abbd pvi
ael acoo = hgf
aem acoo = blb
aen acop acoo = gxm
aeo acoo acop = jlk hsa xjd fhd nrw
aep acoo = biv
aeq acoo = tzt
aer = qor
aes acoo = vid jzp him
aet acoq acoo acop = bkn qjj ums bcr
aeu acoo acop = wom
aev = abnj (hba htq)
aew = rwm
aex acoo acop = qmy
aey acoo acop = jrh
aez acoq acoo acop = fbt
afa = fwt smb nkm bue vai
afb = yuf vrn qze
afc acoo acop acoq = abnc vid
afd = dn vpv tok
afe = eob ypl abdq
aff acoq acoo acop = kfi abtx
afg acoo acop = yjd
afh acoo acop = rmy
afi acoo = jsa (nec jez rfa)
afj = hak
afk = uhg aavv tre
afl acoo = owy
afm acoo = dxv
afn acoq acoo acop = rce pcq
afo acop acoq acoo = wvp
afp acoo = rtz jwp ufu vtb
afq acoo = ywu
afr = kln hqs
afs acop acoo = aamx
aft = acfu aawq klb
afu acoo acop = lah
afv acop acoo = dr hbz
afw = tjz
afx acop acoo acoq = yvi
afy acop acoo = abdu tpt zb yay cat
afz acoo = qpk
aga = zxk
agb acop acoo = tyc
agc acoq acoo acop = aaxa jaf vic rpv
agd acop acoo = nrh ktv aant
age = ryj
agf = idg
agg acoo = krg
agh acoo acop acoq = wcy xma eyq
agi acoo = oer idz
agj acoo acop = geo
agk acop acoo acoq = cxe
agl acoo = vgj
agm acoo = duc
agn acoo = eww
ago = ghn
agp acoo acop = llw
agq = uvv lee
agr acoo = kxw gsn
ags acoo = aadw
agt acop acoo = xza nfh zzq fde
agu = ofi
agv acoo acoq acop = aaqs
agw acoo acop = kue
agx = jgg
agy acoo = mep awb
agz acop acoo = hjs cqe ugl sfu mmr
aha acop acoo acoq = hhz hur
ahb acoo = ft bur sah
ahc acop acoo = etm voz
ahd acoq acop acoo = jtx
ahe acoo = ojy
ahf = jns
ahg acoo = qea apo lat aatf
ahh acoo = pdm fkm
ahi acoo acop = lns xcp
ahj acoq acop acoo = lcc abmr
ahk acoo = sel
ahl acop acoo = tul
ahm acoo = eck
ahn acop acoq acoo = dnt
aho acoo = bly rnu ema uxa
ahp acoq acop acoo = dix
ahq acoo acop = cju acec
ahr = jea
ahs acoo = owj kqc eim
aht acop acoq acoo = sqq
ahu = tpp
ahv acoo = ynk bne
ahw = wan
ahx acoo acop = ied
ahy = kfe umv foh
ahz acoo = kda
aia acoo acop = zag ede
aib acoo acop = gbc
aic = kvj
aid acop acoo acoq = flu
aie acoo = uda lji
aif acoo acop = zvj gmj
aig = ccg
aih acoo acop = pcc
aii acoo = uax
aij = ubf
aik acoo = tnl qgi gaw
ail = vss yyd hjm
aim acoo acop = szy
ain acop acoo = igc
aio = ymy
aip = hbo lsv
aiq acop acoo = abnl du lpd hix
air acop acoo = xff
ais = bso dap slb ped
ait = gwe xqc
aiu acoo acop = abxm
aiv acop acoo = ldm tbf
aiw = abfk
aix acoo = eov
aiy acoo acop = jdq mnb (ltz czy dyz)
aiz acoo acop acoq = gvo
aja = vxl
ajb = rhr
ajc acoo = sln
ajd = bmf
aje = dwv
ajf acoo acop = tpf erd wmy
ajg acoo = csv cve soj gcm
ajh = achl tbn
aji = puu
ajj acop acoo = ndp
ajk = aaei
ajl acoo acop = abjz grz
ajm acop acoq acoo = qvr aboa jtk
ajn = iis
ajo acoq acop acoo = jrj tpi wro
ajp acoo acop = pge
ajq acoo acop = acef erq
ajr acoo = ctk vtx
ajs acop acoo = cgw
ajt acop acoq acoo = hhx
aju acoo = tvj
ajv acoo = abih aazj
ajw acoq acop acoo = nvs cny nhg ybj abwc
ajx acoo acop = ete
ajy acop acoo acoq = ehm
ajz acoo = wae
aka acoo = nxn
akb acoo acop acoq = ssf
akc acoo acop = zcs xxb
akd acoo = mtb
ake acoo acop = qjz ipd
akf acoq acop acoo = nfj vvr
akg = spz
akh acoo = dsq
aki acoo acop = zjl
akj acoo acoq acop = acif
akk = imb aclo tz
akl acop acoo acoq = uro
akm acoq acop acoo = yyj xvh
akn acop acoq acoo = abht acni okk dyp
ako = aaeh dup aayq
akp acoq acoo acop = jz
akq acoo acoq acop = yko xvn
akr acoo = wef kcr
aks acoo acop = gan
akt acop acoo = zhc vxl jlb nga
aku acop acoo = xqm ged xpa klh
akv acoo = qkn zke cnp
akw = zvm
akx acoo = zou yat trb jvj
aky acoo = jpp aaig
akz acop acoo = zfn wop ekp
ala = bqv
alb acop acoo = abzo kpi
alc = yle
ald = nut
ale acoo acop = abcj
alf acoo acop acoq = vlf ckq
alg acoo = wzn uqh br wjc
alh = fox
ali acoq acoo acop = wuy wbc
alj acop acoo acoq = hxm
alk acoo = bht
all acoo = hhz tnf (njn gfi)
alm acop acoo acoq = aagr zig din
aln = obt
alo acoo = cex sdu sdt nbc
alp acoq acop acoo = zwr uzv gpu bca
alq acoo acop = joy xej
alr = xpy
als acoo acop = vhz usj wak
alt acoo acop = emr vue
alu = idc
alv acoo = efg
alw acoo = fqz lzw
alx acop acoo = sie
aly acop acoq acoo = mke pox abdw
alz acop acoo = miy
ama = mlo qwq
amb = lug
amc acoo acop = uy bmp
amd acoq acoo acop = ptg
ame = uja
amf acoq acop acoo = qss jwa
amg acoo acop = aadz hms
amh acoo = kcy lde
ami acoq acoo acop = ueq qyb uvt
amj acoo = iqc ubn kzj
amk acop acoo = xfg
aml = acgx acak wcp
amm = lhj ukk
amn acoq acop acoo = quu (gsy mhw nsx)
amo = ssj
amp acoo = aam
amq acoo acop acoq = pnx cyu ewg che jjj
amr acoo = rxf
ams = jtd dmc
amt acoq acoo acop = kki
amu acop acoq acoo = aafy
amv = ema
amw acoo acop = uek
amx = ukt
amy acoo = wfm (soo osx)
amz = ioa
ana = ogl euh vjp ome
anb acop acoo = hgd jyk fmy
anc acop acoo = rga
and acoo = lzl nne
ane acoq acoo acop = iht idd zve
anf = jky
ang acoo = ljl
anh = qve
ani = acf emf
anj acoq acoo acop = uza plo
ank acoq acop acoo = wui
anl = xae dzh
anm = hfp qgv fwq cbt
ann acop acoo = hsg
ano acoo acoq acop = mve
anp = cis uux
anq acop acoo = dcx
anr acoo acop acoq = ikt aajn
ans acoo = cis
ant = yw
anu acoo acop = kry
anv = wqb kkd aces
anw acoq acop acoo = mcd chx
anx acoo acop = vnd
any acoq acoo acop = wxz
anz acoo acoq acop = wpd
aoa acoo acop = pkn rww baq
aob acoq acop acoo = sio
aoc = ypo
aod acoo = wpc dre
aoe acop acoq acoo = kjz
aof = dor
aog acoo acop = nno twb
aoh acoo acop = pqy
aoi acop acoo = aahx
aoj = ptw pck
aok = ska
aol acoo acop = xgh
aom acoq acop acoo = gbb jvi aamc nag
aon = iym uzv jpb
aoo acoo = to
aop acoo acop = klj
aoq = cnr
aor acop acoo = avo csj
aos acop acoo = uqz
aot acop acoo = dhn
aou acop acoo acoq = xgo
aov acoo acop = acia
aow acoo = uxt jve noc vgl jxz
aox acoq acoo acop = hfh
aoy = dxx glm abwy maw
aoz = hy
apa acoq acop acoo = gzs
apb acoo acop = etc
apc = hu hpv
apd = idu
ape acoo = rib ntm
apf = mgc
apg acoo = oyo uep abrs
aph acoo = vra wpw ely
api = pqo
apj acop acoq acoo = sjg
apk acoo acop = abtj udh
apl acoo = gih
apm acoo acop = bgj
apn acop acoo = utp
apo acoo = koy qmu aek
app = arg
apq acop acoo acoq = cdl abhq
apr acoo = ahj whd
aps acoo acop acoq = oum
apt acoo acoq acop = th
apu acop acoo = ltv
apv acop acoo = pk fsb abrm
apw acoo acop = qoq
apx acoo = ihm (mhz oab)
apy acoq acop acoo = hye tpu snp
apz acoq acop acoo = inn
aqa = cuw
aqb acoo = inl utj ncl
aqc = acgh fcv (rgc sue)
aqd acoq acop acoo = fps vab jkf
aqe = hbk apd xpa
aqf acoo = kum odm
aqg acoo acop acoq = obd cje
aqh acoo acop = bzt
aqi acop acoo = ntr
aqj acoo acop acoq = eur
aqk = ppk dnz
aql = jot hpn
aqm = qrp (dho wxw) zzs aig
aqn = esx xpr bxg
aqo acoo acop = aclk oxi idn mcd
aqp acoq acop acoo = lrb
aqq acop acoq acoo = rjh
aqr acoo = gqq
aqs = els
aqt acoo = og
aqu = wvs
aqv acoo acop acoq = geg lhh cn iyv acev
aqw = hpf nxu
aqx acoo acop = ogk bjn
aqy = lrq
aqz acop acoo = wjy
ara = llo
arb = wyq
arc acop acoo acoq = twt fkp njw vnu
ard acop acoq acoo = fxc
are acoo acop acoq = znl
arf acoo = ncq
arg acoq acoo acop = dss hom byu
arh acoo acop acoq = mql fdn rtd wjh
ari = qkw wfc
arj acoq acop acoo = rwt
ark = ave
arl acoo = psm ryh
arm = nqi mjf
arn acoo = nzg aavr mqx
aro acop acoo = acio
arp acop acoq acoo = tje kzn qbk
arq acoq acoo acop = bkt qzn lvk
arr acoo acop = rct
ars = ntf xhn yo
art acoo = ackg
aru = jwz
arv = abxf
arw = atv qwt ycn wns
arx = hem ajc
ary acoo acop = obo
arz acop acoo acoq = liw wf
asa = xwy
asb acop acoo = wci
asc acoo = ynm hru xhu abtk
asd = dvc
ase acoo = aaun
asf = zit aajc dux
asg acoo acop acoq = cwp
ash acoo = hre
asi acoo acop acoq = rnk aaba tjw
asj acop acoq acoo = wiy
ask acop acoo = sbc ezk acnq
asl acoo = aagz (wfe for) myo
asm acop acoo acoq = acop beb
asn acoo = olw kwe lbl
aso acoo = wg kel
asp = glh vgg jrm zvd
asq acoo acop = wrt jgy aabk ufn lnt
asr = jpj ykb
ass acoo = koz
ast acop acoq acoo = aata
asu = xsv
asv acop acoo = ln hqh
asw = sqw
asx acoo acoq acop = ypt kbi auf gut
asy acoq acoo acop = rcr pnf aajz kkb
asz acoo acop = cwv nkd
ata acop acoo acoq = hyt lhs
atb acoo = ddw
atc acoo = tzc
atd acoo = mdl whe wce scq
ate acoo = qgq aeo wtd
atf acoo acop = vzf
atg = qgf
ath acop acoo = cji qxs eys
ati acoo acop = rcf djj xel vcc
atj = uob xjp osl tpj
atk = aabs
atl acop acoo = uvu
atm acop acoo = kqp
atn acoo = fwa yfv oym uwd kyt
ato acoo acop acoq = hsk
atp acop acoo = iff
atq acoo acop = dwo
atr acoo = sua
ats acoo acop acoq = ast (cbv ufl)
att acoo = fku hfp
atu acoq acop acoo = wvu
atv acoo acop = nkb
atw acop acoq acoo = ejh
atx acoo acoq acop = agc
aty acoo = gzq wso acod
atz acoo acop = ems aazm
aua acoo = nbo
aub acop acoo = iih
auc = oqy tlg vxp
aud = yyv
aue = nen aaoo
auf acop acoo = aq ymi czh
aug = aajn
auh acoq acop acoo = qjc
aui = ewa qkq nrq
auj = xlw ibb stw
auk = upm
aul acop acoo = pas zrn
aum = uiz
aun acoo acop = chc tbs
auo acop acoq acoo = mei
aup acop acoo = ckq acie
auq = kjo
aur acop acoo acoq = fdi yma
aus acop acoo = ihl ahx
aut = lhg
auu acop acoo = dbd
auv = rpr
auw = xhl
aux = accj qpj his
auy acoo acop = kyl
auz acoo acop acoq = ede skt
ava acoo = qdl vbs
avb acop acoo acoq = egy qls mcn
avc acoo = cge efs
avd acop acoq acoo = zeo aqt due
ave acoo acoq acop = vvm kvd eoc
avf = gov vnl aazi
avg = tfp
avh = vwa aaxj uyf
avi acoo = qvz
avj = efe hzm nnj
avk acop acoq acoo = kgk acfq
avl = oxu
avm acop acoo = bti
avn acoq acop acoo = nau
avo acoo = hmh vrf
avp acoo = isn
avq acoo acop = xpv
avr acoo acoq acop = cfi adg
avs = iyx
avt acoo = pil wde
avu acoo acop = tkn
avv = krl
avw = huj
avx = kqh
avy acoo = jgh
avz acoo = wl
awa acoo acop = dex
awb = sft
awc acoo acop acoq = htj
awd acoo acop = log
awe acoo = gur
awf acop acoo = zjz vtm kuc
awg acoo acop = bd wzh sst kzq
awh acoo acop acoq = dey apv uff
awi acoo = bnc
awj acoo = ope dzd wix rxu
awk acoo = atm
awl acoo = fqt
awm = ssv bdi
awn acoo acop = lx
awo acoq acop acoo = tl jjl dbv din aj
awp acop acoo = elz
awq = nis xey
awr = aakv rkz zpy js
aws = gtk kvd dkc abcb
awt acoo = gbb
awu acop acoo = prq
awv acop acoq acoo = uci
aww = zef
awx acop acoo = paj
awy = ita
awz acop acoo = dib hcr mlo
axa acoo acop = hyy
axb acop acoo acoq = qxf
axc acoo = jaj ugf nur krk
axd acoq acoo acop = ptc (yig jkr)
axe = sou cho
axf acoo acop = muu
axg acop acoo = war
axh acoq acop acoo = cmp mqp
axi = hab pdk acgh bfz
axj acoo acoq acop = cly ep
axk acoo = rxc
axl acoo = mmw kbs yoj mrt
axm acoo acop acoq = fkm (ymj pmh)
axn = hs tbl
axo acoo = cm mut
axp acoo acoq acop = ofp
axq acoo = gnd
axr = abzf
axs acoo = mwh qlk
axt acop acoo = env
axu = isb
axv acoo = foj
axw = dup
axx acoo acop = loj
axy acoo acop = aaeq dpy
axz acoo = yif
aya acoo = uyh abbk xjv zv
ayb acoq acoo acop = ypa
ayc = lfb
ayd = mhk
aye acop acoo = aapp
ayf = tk
ayg acop acoo = djd iok pge acop
ayh = lrv (uez pvd)
ayi = fkc
ayj acoo = xcq
ayk acoq acop acoo = pqi acbj ojk
ayl acoq acoo acop = mpy ybi
aym acoo = fjm
ayn = eek mwl
ayo acop acoo = dxo
ayp acoo = fgf
ayq acoq acoo acop = obr ycu cdw pnf
ayr acoo = ag
ays acoo acop acoq = iqq
ayt acoo acop acoq = fkm rah
ayu = zkw zgj itj
ayv acoo = gnk
ayw acoo = usa ltx uck
ayx acoo acop = cft eqv
ayy acop acoo acoq = lws
ayz acoo acop = djx
aza acoo acop acoq = gfy
azb acoo = pjj sbo hsv emn
azc acop acoo acoq = exj
azd acoo = ejv
aze acoo acop = frq nto
azf acoo = sba
azg = lfn zsx (orn dkk)
azh acop acoq acoo = mwb
azi = ivo abox
azj acoo acop = feo acme
azk acoo = mxy rux abip
azl = acni
azm = yjp
azn acoo = iur cql vqm cen
azo acoo = ceu
azp acoo acop = gwd zow oce eza
azq acoo acoq acop = ino
azr acoo = awv hxr aajj nes
azs acoo = noe
azt acoo = foi
azu acop acoo acoq = xjr
azv acoo = utr cfw
azw acoo = uej hzl lmn
azx = ngg
azy acoo = acmb pdn aahd axz
azz acoq acop acoo = si sr
baa acop acoo = lmi
bab acop acoo = iku
bac acop acoq acoo = uxt vwe
bad acoo = yo
bae acoo = xjk
baf acoo = fab
bag acoo = ae
bah = dpz
bai acoo acop = kjm
baj = gvo hwb aab
bak acoo acop = vzt
bal = wlc uok yom tqr
bam acoo = zqe qiy enl
ban acoo acoq acop = qna ins dmf
bao acop acoo = pez xos xcu wow
bap acoq acop acoo = qx
baq acoo acoq acop = ukp abjn
bar acoo acoq acop = eah
bas acoo acop = jeq gzb zbr lcs shp
bat acoq acop acoo = qgo
bau acoo = vgs nap
bav = aaiv iow hoh
baw acoq acoo acop = wtm epm axo
bax acop acoo = vzq
bay acoo = vwi
baz acop acoo acoq = pmu
bba acoo acoq acop = rvr
bbb = htn
bbc acoq acop acoo = pmc lpy
bbd acoq acop acoo = ipi lur gun
bbe acoo = fnt
bbf = ufb sou dhv
bbg acoq acoo acop = mcv
bbh acoo = uol
bbi = gxk
bbj acop acoo = zrq
bbk acoo = cti
bbl = sbk
bbm = qmx jpy
bbn acoo = hvx
bbo acoo = lxs dbm bye
bbp = dnq
bbq acoq acoo acop = psx
bbr acoo acoq acop = qxp ker yck abbs
bbs = rw pgh
bbt = fmb dlx
bbu acoo acop acoq = aafn
bbv acop acoo acoq = urb aadk abro
bbw = dde (nun syv)
bbx = clf
bby acoq acoo acop = zrr
bbz acoo = rcj dry glt aciz
bca acoo = yzz
bcb acoo acop = acoo
bcc acop acoo = qgd awx
bcd = jn qcp dlo
bce acoo = bco
bcf acoo acop acoq = moy
bcg acoo = abfc
bch acoo = jol abfq
bci acoo = abxe ktc
bcj acoo acop acoq = mhh
bck acoo = cld
bcl acop acoo acoq = sbp
bcm acop acoq acoo = qaq
bcn acoo = qfn aahh
bco acoq acop acoo = qfa
bcp acoo = wcm
bcq = dxa vsk
bcr acoo = lor
bcs acoo = eyg
bct acop acoq acoo = fov
bcu acoo acop = rjc
bcv acoo acop = ilk ekn zqe
bcw = xyw
bcx acop acoo acoq = yra lht
bcy acoo = iog
bcz acoo = gdy
bda = xbc mxk
bdb = aazv
bdc = ztj hsy
bdd = ora gdz kln
bde acoo acop = sek
bdf acoq acoo acop = zce
bdg = qmj yav
bdh acoo acoq acop = fgz
bdi = dio
bdj acoo acop = acnw ggt txs deu
bdk acoo acop = hdg
bdl acoo = ycp
bdm acop acoo = ffr
bdn = ast kbg
bdo acoo = sn rkc
bdp acoo acop acoq = loq lqj sdd poh
bdq = cdi
bdr acoo = nfz mnp
bds acoo = shq
bdt acoo acoq acop = gwg
bdu acoo = byq
bdv acop acoo = aamt udh
bdw = gmq
bdx acoo = tjj
bdy acoo = ico uwo
bdz = aban
bea acoo = yes zpr pcb hoz
beb acoo = ybq
bec acoo = ynq
bed = abzw
bee acoo = ety
bef acoo = acgf mcl
beg acoo = ekw
beh acoo = nmu
bei acoo acop acoq = kfv zx lvv ozv
bej acop acoo = heb
bek = aff gpq
bel = zgb
bem acoo = ffo
ben acoo = aakj
beo = eas hen
bep acoq acop acoo = mnu
beq acoo acop = osn rkg
ber = kcn
bes acoo = qmc
bet acop acoo = vbm
beu acop acoo acoq = dsp
bev acoo acop acoq = btz dki ega dmq
bew acoo = xth faf ifo
bex acoo = tag
bey acoo acoq acop = aald
bez acop acoq acoo = xu vsa
bfa acoo acop = tfm ijd hft
bfb = tbt
bfc acoo = kub zep ggb
bfd = eam iml
bfe = qag
bff = tzu
bfg acoo = tac vnt (aio lzt)
bfh acoo acop = abq bwm acgt nsv
bfi = zpu
bfj acop acoo = nqe
bfk acoq acoo acop = nnq joy
bfl acop acoo acoq = dpt sb mfp azc
bfm acoo acoq acop = knz
bfn acoo acop = ixs
bfo = jex
bfp acoo acop acoq = aabd
bfq acoo acop acoq = min
bfr acoo acop = ev sow abuj oh
bfs acoo acop = rvp
bft acop acoo acoq = us
bfu acoo = vp
bfv acop acoo acoq = vsi aqz nyu
bfw acop acoq acoo = dea
bfx = ayq
bfy = bgx xho
bfz acoo = vtk
bga = xnp
bgb acoo acop acoq = vcp ifr
bgc acoo = abhr
bgd acoo = pji rvz
bge = vbj bsw axu
bgf acoo acop = ipi lgu pmw
bgg acoo = rto
bgh = zdr up mz ven
bgi acoo acoq acop = acjp ocp abhg
bgj acop acoq acoo = ydr lag lmv nja
bgk acoo = ouz
bgl acop acoo acoq = chj svs zis
bgm acop acoo acoq = nni
bgn acop acoo = bll wvp ity
bgo acop acoq acoo = aavl uyx frx
bgp acoq acoo acop = tbx
bgq acoq acop acoo = bmn
bgr acoo = hoa
bgs = xed (awp kgy)
bgt acoo acop acoq = lxu fii hng
bgu acop acoo = kdq
bgv acoo = rlp
bgw acoo acop = rmy ubr
bgx acoo = suq
bgy = aaun
bgz acoo = muy aph
bha acoo acop = zdy
bhb acop acoq acoo = ybv
bhc acop acoq acoo = owr
bhd = mwd
bhe = gwm
bhf = hni rff uyb
bhg acop acoo = woe
bhh = pyl cqu aaxc
bhi acoo acop = pxk yqe hoc
bhj = pwf abhx aayx tu
bhk acoo = fdw fvy jgj hwr
bhl acop acoo acoq = rpt
bhm acoo = thd
bhn = dgs
bho acoo = tnp
bhp acoo acop acoq = cpe
bhq = ljs mkl abje
bhr = abvg
bhs = abqb qse cem fwl
bht acoo acop = afz hu lbr tui rit
bhu = nz
bhv acoo acop acoq = tsi
bhw acoo acop = zeu
bhx acop acoo = nxh
bhy = oox abao
bhz acop acoo = nkd
bia acoo = hze (flx zsg)
bib acoo = ebe
bic = iqc
bid acop acoo = osr ndi
bie acoo = drf vcq zyu
bif acoo = ukr
big acoo acop = srm yrj yjc
bih acoo acoq acop = clh (dnn psx) tpc
bii acoo = cct azu qnx exn
bij acoo = hxj
bik acoo acop = jrj abqg vln
bil acoq acop acoo = ed
bim = aaci
bin acoo = rhn
bio acoo = ycz cmz
bip acoo = nfd
biq acoo acoq acop = ngv
bir acoo acop = lol asa
bis acoo acop = rmg
bit acop acoo = iew
biu acop acoo = jqq xcn
biv acop acoo = nt otf
biw acoo = knz fwi cxs
bix acop acoo = pca jvv
biy acop acoq acoo = zyn
biz = mbu
bja = tbs
bjb = zle
bjc acoo acop = ayx
bjd acop acoq acoo = zrp
bje acoo acop acoq = kbj aanp
bjf acoo acop = tdb
bjg acop acoo = xwq rjo (suw nze)
bjh acop acoo acoq = wge kdq hrh jry
bji acoo acoq acop = hmt
bjj acop acoo = yay
bjk acoo acop = zve kom
bjl acoo acop = aboq zgw aru wks
bjm = vcw
bjn acoq acop acoo = ebv
bjo acop acoo = dyd
bjp acop acoo acoq = uqb uno
bjq = mvz mzm ayw xjo
bjr acoq acoo acop = frp fvq
bjs = mdr qyv hxx
bjt acoo = uhg
bju acoo acop = abod
bjv acop acoo = cbx
bjw acop acoo = zgl
bjx acop acoq acoo = soa mzq
bjy = wzi yzk zsl
bjz = exu
bka acop acoq acoo = xmb qvg oed
bkb acop acoq acoo = quf swd rgw
bkc acoq acop acoo = aatm
bkd acoo = fnj
bke acoo acop acoq = eik ncx mfm
bkf acop acoo acoq = rka
bkg acoo acop acoq = mba day azu wro
bkh acoo = agz oqf tmj
bki acoo acop acoq = acjc rsb
bkj acoq acoo acop = ygd eis
bkk = uoy fe aawm jwj jvg
bkl acoo = acip
bkm acop acoo = njv gcj bkw
bkn acoo acop = erh
bko acoo acop acoq = lbj
bkp = otb mwy uct urz
bkq acop acoo = acmn
bkr acoo acop acoq = abzq web qmm dvg dsi
bks = whm hmi
bkt acoo acoq acop = pwk qoy kih hzl
bku = swi glb acet qyy sxn
bkv acoo = lay
bkw = gkj pqd
bkx acoo = ikj aahr
bky acop acoq acoo = awy ysz eay abqi
bkz acoq acoo acop = awp mtp
bla acoo = aclm ndu kws
blb acop acoo acoq = sxt
blc acop acoo acoq = aoc
bld acoo acoq acop = ztx
ble acoo acop acoq = idc crf
blf = lou
blg acop acoo = qvp
blh acoo acoq acop = bvd
bli = gcs
blj acoo = bqe
blk = oiv yik rgk cxu
bll acoo = skt
blm acoo acop = pt
bln acoo acop = nqc odq xyu vsr
blo = aaav
blp acoo acop acoq = uko
blq = cab
blr acop acoo acoq = akn cvk mrd
bls acoo acoq acop = tch aath ats
blt acoo = apn way xeg kxr
blu = ehk
blv acoo acop = qti yyo abnk rzw bob
blw acoo acop acoq = kyv
blx acoo = ehz
bly = qdm lyn ytn lcd xcw
blz = thq
bma acoo = rtf
bmb acoo acop = bpv tpr
bmc acoq acoo acop = owk mzg nwh
bmd acoq acop acoo = sk
bme = xlz
bmf acoo acop = sie xbi bww btx slb
bmg acop acoq acoo = nal
bmh acoo acop = vdw aauf
bmi acop acoq acoo = wpl
bmj acoo = sxh
bmk = slk
bml acop acoq acoo = abq
bmm acoo = zyn lco
bmn acop acoq acoo = afe
bmo = iyn rzv jb
bmp = ts
bmq acoo acop = ibx fmo
bmr acop acoo = cre
bms = tsf ldn gtl
bmt = abwo
bmu acoo = kqq alx pax acm
bmv acoq acoo acop = vgl
bmw acoo acop = vht ofv aage acjw epi
bmx acop acoo = dlx zrb doy
bmy acop acoq acoo = acmn
bmz acoo = nqa
bna acoq acoo acop = kai
bnb = jym
bnc acoo = pqr
bnd acoo = qdz
bne acoq acop acoo = xjt
bnf = vfb mhw dqv gkk
bng acop acoq acoo = ybz wjm
bnh acoo acoq acop = zjr vbq svn agi
bni acop acoo = ozd
bnj acoo = ywm cwt fii
bnk acoo = kea wvf
bnl acop acoo = aro
bnm acoo = cko
bnn acoq acop acoo = smr pid
bno acoq acop acoo = vnb absg gke
bnp acoo acop acoq = wqd
bnq acoo = peg
bnr acop acoo = bkt
bns acoo = poq
bnt = aaaq ziw
bnu acoo = aalr
bnv acoo acoq acop = baf vpk coe
bnw = uyd abvh pwn
bnx acop acoo acoq = pvj
bny acoo acop = ixf abap rpp hht
bnz acop acoo acoq = dpc
boa acoo = rmj
bob acoo acop = vyh bfz aakd aavy xsa
boc acoq acoo acop = aabm
bod acop acoo = qad
boe acop acoo = fag
bof acoq acop acoo = mmx
bog acop acoo acoq = sph
boh acop acoo = yyd
boi acoo acop acoq = kxs
boj acop acoo = aabe xwg mv ncg
bok acoq acop acoo = ldl
bol = crh
bom acop acoo = hq
bon acoo acop = mjr tqg
boo acoo acoq acop = jdv uty
bop acoq acop acoo = qve
boq acop acoq acoo = qvp ackf
bor acoq acoo acop = nvt
bos = xnf
bot acoq acop acoo = vyi
bou = wun (ko ale)
bov acoo acop = abyp
bow acoo acop = zoq cwk
box = fmx
boy acoo = lih
boz acoo = mbm xws xbs
bpa acoo acoq acop = bgv iws wvh igj
bpb acop acoo = ivx
bpc acoo acoq acop = bbg
bpd acoo acop acoq = gl zlx
bpe acoo = cfj
bpf acop acoo = jup
bpg acoq acoo acop = dpj
bph acoo = odl
bpi acoo acop = hhq abpn kgw
bpj acoo acop = rtb
bpk acoo acop = aaob crk
bpl = und
bpm acoo acoq acop = jps
bpn acoq acop acoo = cyk
bpo = qvn vqc ytr
bpp acoo acop = lyt
bpq acoo acop = vxl abde kge wei
bpr acoo = uob xjl aafh
bps = tng
bpt = obd vmv
bpu acoo = rym dqa frx gcp
bpv = rlr jpz
bpw acoo acoq acop = usc
bpx acoo = krd
bpy = qvu
bpz = kss iqv
bqa acoo acop = acy qdg nzu yjv
bqb = mou ywa
bqc = glh
bqd = pso
bqe acoo acop = ueo
bqf acoo acop = qsy
bqg acoq acop acoo = cin pkr
bqh acoo acop = dxl iww
bqi acoo acop = juj fkh ovg
bqj acoo acop = evm
bqk acoo acop = uxg
bql acoo acop = rva
bqm = txr nfu kp
bqn acoq acop acoo = hnj rud ixs hog
bqo acoo = qeh ibm
bqp acoo = ena
bqq acop acoo = rim uwj siu wyc wpv
bqr acop acoo = acjk
bqs acop acoo acoq = iar
bqt acop acoo = vlv
bqu acop acoo = ory
bqv acop acoo = jup pjz vhx
bqw = vaz dxi
bqx acoo acoq acop = are
bqy acoo acoq acop = rfq
bqz = qyn
bra acoo = dbi djr boa ljv waw
brb acoo acoq acop = xpt
brc acoo acoq acop = mun
brd acoq acop acoo = nin cfn
bre = pnl yyc
brf acoo = sku ogt (pxo sfi mjb)
brg = xkv ddh aagr ntd lnx
brh acoo = oqi
bri = gbe ufg vbi
brj acop acoo acoq = hdg
brk = ogc hlc crl foq
brl = nbn mfv
brm acoo acop = tbq
brn acoo acop = yih
bro acoo acoq acop = amb efa bqi mmi
brp acoo = gil
brq acoo = wjv qiv
brr acoo = aajr
brs acoo acoq acop = ipo
brt acop acoo = mef vjs
bru acoo = aask kre (dpy bmf)
brv acoo acop = msr
brw acoo = bru abou ylw
brx = weq
bry acoo = hdp
brz acop acoo = klz vnq eky loy
bsa acoo = snv nvv tgf
bsb acoo = srm
bsc acoo = yb
bsd = hx
bse acoo = nyn xnf hro wbf wev
bsf acoo acop = lxo
bsg acoo = xx
bsh acop acoo = seo soa
bsi acoo = frj mgz
bsj acoo = mtn kk mfu aats
bsk acoo acoq acop = pgs
bsl acoo = cno aanv
bsm acop acoo acoq = vwb (woc bml wbt)
bsn acop acoo = emr
bso acoo = sx
bsp acop acoo = eyy
bsq acop acoo acoq = lin
bsr acoo = ugk rrz
bss acoo = sil
bst acop acoq acoo = accs qrs
bsu = txd
bsv acop acoo = jwq aanf wup
bsw = ywb
bsx acop acoo = ary (tkk (nlh mvo xzw))
bsy acoo = xes
bsz acoq acoo acop = tpt
bta acoo acop = hbl
btb acoo acop = fya pxd exv soh
btc acoq acoo acop = dgw
btd acoq acoo acop = stm nse wgd ayj slj
bte acoo = yks
btf = cml qog
btg acoo = dom wad
bth = fse ffr pbz
bti = abju phz ouf
btj acoo acoq acop = oda ydg abot
btk = hgt uff ywh okc
btl = uch vxs acjd
btm acop acoo acoq = mts lbf rzt
btn acoo acop = dmq jyl
bto acop acoo = ygx abab kua
btp acoo acop = sfk
btq acoo acop = abli
btr acoq acoo acop = blw qif wxp
bts acop acoo = icm
btt acop acoq acoo = sop
btu acoo = bup vti mfk
btv acop acoo = fjc
btw = hml
btx acoo = ugr
bty acoo = jjl
btz acoo acop acoq = ouv nav
bua acoo = ovt
bub acop acoo = pln wro zam
buc acoo acop acoq = pas dfn
bud acop acoq acoo = vxt
bue acop acoo = nhx
buf acop acoo acoq = eua nbt
bug acoo = aabq
buh = apy
bui acop acoo = hkw
buj acop acoo = loe hdz lft dxp
buk acoo acoq acop = vrd
bul acoo = dbi
bum = rvz qyv
bun acoo = wtx yug
buo acoo acop = lku jgb vco aqv lou
bup = rqx juw
buq acoo acop acoq = cca aagt
bur acop acoo = cql uxd
bus acop acoo = jgy
but = aapw
buu acoo = tox
buv acoo = iqp ilj
buw = aate
bux acop acoq acoo = achx qky
buy acoo acop = gal
buz acoo = abjc
bva acoo acoq acop = whf
bvb acop acoo acoq = tgm zfl (qnk qpa)
bvc acoo = cid mvz
bvd acop acoo acoq = kwl jad
bve acop acoq acoo = blo
bvf acoo = wym fcv goz abus
bvg acoq acoo acop = cwc
bvh acop acoo = xzj ato vfi
bvi acoo acop = kik
bvj acop acoo acoq = qfg
bvk acop acoo acoq = brl zby cnu
bvl acoo = reg acjk muk
bvm acoo = vwt
bvn acoo acoq acop = aayx oyq
bvo acoo = mpw
bvp acoo = gej
bvq acoo = mgh
bvr acop acoq acoo = boz vbe
bvs acoo = dsk
bvt acoo = yig
bvu acoo = sgs uwz fyv
bvv = qr
bvw acoo = xiv
bvx acop acoq acoo = wbs
bvy = nxl
bvz = qqi ykf oyq
bwa acoo = tew
bwb acop acoq acoo = dvm yqr w
bwc acoo = xpv muh acgd
bwd acop acoo = tbs
bwe acoq acop acoo = ktj
bwf acoo = zbb ssm
bwg acoo = abqz hmm qpn
bwh acoo = aajd
bwi acoq acop acoo = mey gfo
bwj = uwv
bwk acoo = ssj
bwl acoo acop = bnb
bwm acoq acoo acop = fsu
bwn acoo = iov xvd
bwo acoo = etj
bwp acop acoq acoo = xza
bwq acop acoo = mfj
bwr acoq acop acoo = mxq
bws acoo acop acoq = isz ruo
bwt acoo acop acoq = acdr
bwu acoo = gu
bwv acoo = ocq
bww = jxh
bwx acoo acop = ogr pyo oso kzy
bwy = abss
bwz acoo = tok
bxa acop acoq acoo = buh fux
bxb acoo acop acoq = mrf elk fmd hqh
bxc acoo = yqd ogd vcx
bxd acop acoo = oyv vcm uki
bxe = qpt neb
bxf acop acoo = rgg abuz pvv
bxg acoo = ecl (aaov ijb pxc)
bxh acoo = shj eqe
bxi acoo acop = kgy
bxj acoo acop = lgh
bxk acoo acop = tog
bxl acoo acop = dja zcc sef ccf
bxm acoo acop = zff
bxn acop acoo = tiv
bxo acop acoo = grk cde
bxp acoo acop = fci
bxq acoo = wpf
bxr acop acoq acoo = wms
bxs = xvg cmu fqz npo
bxt = ewa
bxu acoo acop = ywr
bxv acop acoq acoo = wop
bxw acoo = ito
bxx acop acoo = ans vtw zwt myq
bxy = hp
bxz acoo acoq acop = spv pbn oxj
bya acoo = gir txt ume jho
byb acop acoo = jtl jui jux
byc acoo acop acoq = jkd dkv jit
byd acoo = cff
bye = qmr
byf acop acoo = abcl liy unc
byg acoo acop = nut ftk oub utf
byh acop acoo = ldd frf
byi acoo = wmw
byj acoo acop acoq = fmm
byk acop acoo = ljc khy
byl acoo acoq acop = mxe cmd zdf
bym acop acoo = pwv
byn acoq acoo acop = hce lvf zui gqo hcc
byo = xnn jzx
byp acop acoq acoo = hru pzj fpl
byq acoo = vvd
byr acop acoo acoq = egf
bys = ldk swy kuo
byt acoo = qhf fis
byu = pot
byv acoo acop = mlt bjk hqq
byw = abdm itn
byx acoo = lkx
byy acoo = slb
byz acop acoo = ggi
bza = lbl aast h
bzb acoo acop = bis
bzc acoo acop = gls
bzd acoo = jpi
bze = amh
bzf acop acoo acoq = ppd
bzg acoo = yjw
bzh acoo acop = zyt
bzi = xp (ycj aboz)
bzj acoo acoq acop = kir fnb knr ept
bzk acoo = acoo sim vbm
bzl = xxd
bzm acop acoo acoq = fhh
bzn = ihc
bzo acop acoo = yds
bzp = vjt
bzq = brt idc
bzr acoo = mkj
bzs acoo acop = ozf
bzt = rpd
bzu acoo acop acoq = kgp
bzv acoo = wfx
bzw = vpz cwn aabq kfv
bzx acop acoo = pdq ypn
bzy = dhm zh xqk odf
bzz acoq acoo acop = hrv
caa = xlv ipy
cab acoo acoq acop = xov sbt
cac acoq acop acoo = ooq dpw
cad acoo = bzm
cae acoo acop = ypj
caf acop acoo = rfx
cag acop acoo acoq = rfb wag
cah acoq acop acoo = tyz
cai acoo = uch oiy acoo
caj = xqw pat abhe
cak = qmo
cal acop acoo = trt
cam acoo = achu lvd gqk qku
can acop acoo = qzb kmj loj bsr
cao acop acoq acoo = qnm
cap acoo = zmm
caq acoo = qhp
car acop acoo = gzf (vjt ofb)
cas acoo = hjo nki anz ohf zqx
cat acoo acop = vdw ocf
cau = adl
cav acoo acop acoq = acoo
caw acoo = umj aaza abad
cax acoo acop = bif hid fgy
cay acop acoo = uuh
caz acoo = cut ha
cba acoq acoo acop = iga
cbb = abmt xqo oir tw
cbc acoo = orc
cbd = xmt
cbe acoo acop acoq = ejd
cbf = vlk lia
cbg acoo = xms
cbh acoo = jlk
cbi acoo = huw
cbj acoo = rpo xil xwm
cbk = uhp
cbl acop acoq acoo = iil
cbm acoo = vlf
cbn acoq acop acoo = srw
cbo acop acoo = rrw
cbp acoq acop acoo = ihw blv zbm pgw
cbq acop acoq acoo = ywc
cbr = isa sbf wep
cbs = fzb
cbt acoo acop acoq = dst
cbu acoq acop acoo = voc
cbv acoo = aatp
cbw acoo acoq acop = kot
cbx = ajn
cby acoo = dbq ymu
cbz acoo = xig dfe
cca acoo acoq acop = tkq ifv ypy
ccb acoo acoq acop = lws fqs
ccc acop acoq acoo = vcb
ccd acoo acop = ujc
cce acoo = yvg mgj vxs
ccf acoo acoq acop = bjx nhe
ccg acoq acop acoo = bqz lqy vhp
cch acop acoo = cks
cci acoo acop acoq = abyt
ccj acoo acop acoq = wgm siz gli
cck acoq acop acoo = hbm gbb
ccl = achq
ccm = dkq
ccn = ybz
cco acoo = gzk abfi
ccp acoo acop = dso
ccq acoo = krc
ccr acop acoo = pxp
ccs acoo = fmt iul ackv ttd
cct acoo = zvs
ccu acoo = ymd
ccv = tmm
ccw acop acoo = rf aanj
ccx acop acoo = xsv
ccy acoo acop = adt
ccz acoo = vbu zoz jhe
cda acoo acop = rdg hbs
cdb = lcr
cdc acoo acoq acop = yhs
cdd acoo = bqa
cde acoq acoo acop = qpr
cdf acop acoo = vdc
cdg acoo = kzt
cdh acoo acop acoq = rcs le (enk haq)
cdi acoo = dzf
cdj = msm
cdk acoo = dom
cdl acop acoo = jcb
cdm acop acoo acoq = nik
cdn acop acoo = ano
cdo acoq acoo acop = vbf
cdp = zyt
cdq acoo = jym
cdr acoo = ovz
cds acoo = tly
cdt acoq acoo acop = aatb
cdu acoo acop = rrp mcl ahw
cdv acoo = wex zph
cdw acop acoo = fsk brl wxa
cdx acop acoo = hqd tif
cdy acop acoq acoo = vgm
cdz = vim jtb zdx mpm
cea acop acoo = jln taz xgt
ceb acoq acoo acop = dps fgu het
cec acoo = ttc cna
ced acoo acop = pls
cee acop acoo = jub
cef acoo = bxl etd
ceg acoo acop = ou
ceh acoo = cwq
cei acoo acoq acop = kcb
cej acop acoo = ggw acdp dkx xuf
cek acoq acoo acop = waf
cel acoo acop = hbj
cem acoo acop = kpd pcv
cen = ii qle
ceo acoo = uzq abgr
cep acoo = njh tkt imt
ceq acoo acop = tpw
cer acoo = yaq
ces acoq acoo acop = crt sba
cet acoq acoo acop = dwo acfk uj
ceu = pnv
cev acoo = lcz
cew = ph
cex acoo = mdg oml dci rpp lvd
cey acoo = aago
cez acop acoo = bel
cfa acop acoo = peg
cfb = lml
cfc acoo acop = aaer
cfd acoo = fau kyf abpt gki
cfe acoo = oba
cff acoo = gti qhb
cfg = gmp
cfh acop acoo = ojf
cfi = fng icl xqs idz
cfj acoo = uq
cfk acop acoq acoo = asa
cfl acop acoo acoq = sqg
cfm acoo acoq acop = ovm cny
cfn = pgm
cfo acoo = afl awd oe
cfp acoo = wzs
cfq acoo acop acoq = vin
cfr = zqv mkf
cfs acoo = ejf iqf lme
cft acoo acop = wtc
cfu = loz
cfv = abgs ywq ag
cfw = xpx ijj acl
cfx acoo = hwo
cfy = jsy aacd kxy
cfz = acby
cga acoo acop = pin
cgb acop acoo = xub
cgc = ih
cgd acoo acop = dsn fwg umd
cge acoo = kpu
cgf acoo acoq acop = ivw
cgg acoo = kln gzn yix wdm
cgh = yrx
cgi acop acoq acoo = wyv
cgj acoq acop acoo = yga
cgk acoo acop acoq = vot xgt
cgl acoo acoq acop = avo ok rkj
cgm acop acoo = lxw
cgn acoo = okl ont
cgo acop acoo = vgq
cgp = hip
cgq acoo = ajl jha pbj slj ak
cgr acop acoo = hcg
cgs acoo = gvt vkv
cgt acoo = xuo jlj
cgu acoo = gze ofx ooe
cgv = eqf elg ncj
cgw acoo = ylq uev nxp
cgx acop acoo = aaci mdv
cgy acoo = wjt aaa
cgz acoo acoq acop = vsh qlp iam sqb uad
cha acoo = jhk bxy
chb acop acoo = kww byg ukm
chc acoo = qjp
chd = per
che acop acoo acoq = ikk
chf acoq acop acoo = smu rty pjl
chg acoq acop acoo = sxo jqu gy jkq
chh acoo = akz
chi acoo = psj vjc
chj acoo = cwu mwp
chk acoo acoq acop = adc
chl acop acoo = xlj
chm = ngu
chn acoo = rpt
cho = mra
chp acop acoo = hzn yrk
chq acoo = zks
chr acoo = zkz hcg
chs acoo = aafa
cht acoo = ony
chu acoo = qcq iva ycu ujr
chv = akp yad abps
chw acoo acop = aqj
chx acop acoo acoq = qol
chy acoq acop acoo = kvd
chz = reu bej qwd tho
cia = jsy
cib acoq acop acoo = aaye
cic acoo = cwk
cid acop acoq acoo = tgv
cie = zqn
cif acop acoo acoq = uzl
cig = rrq pxe wpn pnt
cih acoo = nva ana
cii acoq acop acoo = kft
cij = gqm lkn
cik = jgb
cil = hgv fbj ule lgt
cim acoo acoq acop = rhn
cin acop acoo = rlj hmq vqv
cio acoo = rrj
cip acoo = mut aalu cae
ciq acoo acop acoq = xfp
cir acoq acop acoo = hct xrf
cis = xb
cit = ifd
ciu acoo = zjo bjk jnp
civ acoo acop = ox
ciw = gwp etr
cix acoo = ofd
ciy acoo acop acoq = cxc
ciz = sdf pio sxs kla
cja acoo = abeb abhv
cjb acoo acop acoq = mtd yfe
cjc acoo acop = uax avd xgq
cjd = tka
cje acop acoo = igp
cjf acoo acoq acop = lil
cjg = bmy tow xym rbu
cjh acop acoo = isb
cji acop acoq acoo = wbo
cjj acop acoo = rug
cjk = wkh
cjl acoq acop acoo = qte ogu ecc unl
cjm = aqc khi sai
cjn acoo acop = rhx
cjo acoo acop = acek
cjp = hur
cjq acoo acoq acop = bot wck
cjr acop acoo = oyn
cjs acoo = rvx tyl
cjt acoo acop = jbr wjz nfi
cju acop acoo = oqw
cjv = abzd
cjw acoo = jsl swj
cjx acoo acop = dcs onm six
cjy acoo = kby
cjz acoq acop acoo = ackq
cka acoo = lxg
ckb acoo = arh
ckc = eep nvf jwz
ckd = veg
cke = xtb
ckf acoo = rvd
ckg acoo = zaz
ckh acoo = lga (ifo gnw yxj)
cki = ixa xdu
ckj acop acoq acoo = cqe mvc
ckk acoq acoo acop = ysg qwd gkf
ckl acoo = blq gyg rnh gkx
ckm acop acoo acoq = obj
ckn acoo acoq acop = lpt iun
cko acoo acop acoq = rhy orc szt
ckp acoo acop = lg
ckq acoo acop = pfy
ckr = vxu
cks = nln
ckt acoo = dal
cku acoo acop = dul
ckv acop acoq acoo = jsb
ckw acop acoo = kfn
ckx acoo = xor
cky = uvx
ckz acoo acoq acop = cwo
cla acoo acop = mlx nwa
clb acoo acop = taz
clc acop acoq acoo = ftu
cld acop acoo acoq = snc rax
cle acoo acop = vae
clf acop acoo = lty acni
clg = vgj sim hhf ocs
clh acoo = rrt
cli acop acoo acoq = zmk
clj = cwh rsy wwu
clk acoq acop acoo = lbi aaii vwv
cll = lsf fcc coq
clm acoo acop = apv vnb
cln acoo acop acoq = tcg zru
clo acoq acoo acop = ux
clp acoo = ile
clq = hdc
clr acop acoo = yqn
cls = mmw (sle xci)
clt acoo = jwv qmk
clu acoo = kty aaxd ypd
clv acop acoo acoq = htk
clw acoo = aaph
clx acop acoq acoo = aep
cly acoo = vbg
clz = uyx brg sdt
cma = hom cmh
cmb acop acoo acoq = zwx cdz jux
cmc = vjv bug
cmd acoo = kay
cme acoo = fyd frg
cmf acoo acop acoq = hza
cmg acoo acop = wyp
cmh acop acoo = ivh eby wsi lxy vyb
cmi acoo acop = omh sgg qgc
cmj acoo acop = acbh
cmk acop acoo = aru uhi jcd
cml acoo = yny xnz
cmm acoo = oll
cmn acop acoo = dev
cmo acoo = oop aby
cmp = qbo
cmq acoo acop = qgs
cmr = xqo dvw xaf
cms acoo = xtq rvb swr yix fwc
cmt = jqc
cmu acoo = bhe
cmv = znh
cmw acoq acoo acop = bo (tlh nmg)
cmx acoo = cru aamu
cmy acoq acoo acop = dpl unu
cmz acoo acoq acop = fng
cna acop acoo = xms acdb
cnb = elt gf xsg
cnc acoo acop = aaoh
cnd acoo = hrv aob fdw
cne acoo = mtm wwc
cnf = ggi sho nkn
cng acoo = abpe vgv tcr acfl
cnh acoo acop = vzs
cni acop acoo acoq = ish
cnj acop acoo = nvf
cnk acoo = qci csp xlt tpe
cnl = qkm
cnm acoq acoo acop = jpk avz kke tgq qwt
cnn = ahk rsj abij acjt wiu
cno acoo = aadn aed
cnp acop acoo = phe rzk eoy twu
cnq acoo acop acoq = f usv
cnr acoo acop = vyb gfh ibd
cns acoq acoo acop = vvh
cnt = ixy
cnu acoo = fbk yiq
cnv acoo = zpa
cnw acop acoo = qrt pdb
cnx acoo acop = ynx og
cny = oau jfc (tfi jnh)
cnz = kzr dtp aaay kkj ike
coa acoo acop = ige
cob acop acoo = hnm
coc acoo acop = xpi aaer
cod acoo acop acoq = zfw pau huy
coe acoo acop acoq = gam
cof = ybf
cog acoo acop = uvi
coh acoq acoo acop = hda lpw
coi acop acoo acoq = cua ibw dsh
coj acoo acop = mmy
cok acop acoo = qpb huu scl cad
col acop acoo = ytu
com = fpg ook acgj
con acoo acop acoq = thq ibj nbe
coo acoo = riw abpz nbz
cop acoq acop acoo = piv
coq acop acoq acoo = vsn
cor = kyx
cos = nzn bcr
cot acop acoq acoo = ipk
cou = wru
cov = cnk lch ndq btn eur
cow acoo acoq acop = gmw
cox acoo acop = nqo
coy acoo = fgi
coz = pcl amg abkg
cpa = dnz hxq abwb
cpb acop acoq acoo = rca
cpc = qol
cpd acoo acop = uhe
cpe acoo acoq acop = ghx mav jag gtg
cpf acoo = aayv qhy
cpg acoo = rjs
cph acoo acoq acop = ktf sfc
cpi = gju
cpj acop acoo = yxx zet
cpk acoo acoq acop = con
cpl = aqt
cpm = tsh xvb
cpn acoo acop = pkz
cpo acoo = hig
cpp acoo = nvg rmf
cpq acoq acop acoo = yvs
cpr acop acoo acoq = qhb
cps = tgb
cpt acop acoo = yzh
cpu acoo = uub
cpv acoo = fcb jme bhj vll
cpw = sdo smi zej dtg
cpx acoo = rrz
cpy = tkq
cpz acoo acop = eqz qvu
cqa = abjn hun
cqb acoo = brn dqo vap acdn
cqc acoo acop = vsw swb at phv
cqd = opu ipq aclv jst
cqe acop acoo acoq = wiw
cqf acoo = nzr
cqg acop acoo acoq = xjg
cqh acop acoo = ceb
cqi = hn jl wi
cqj = myj pbn fvq
cqk acoo acoq acop = qjm
cql = wpi hl hod aal
cqm acoo acop acoq = wlm
cqn acoo acop = xjo
cqo acop acoq acoo = jih aaxw
cqp acop acoo acoq = mck
cqq = npw
cqr acop acoo acoq = sbr
cqs acoo acoq acop = vcj eoz
cqt = xcz
cqu acop acoo = acit
cqv acoo acop acoq = aayp
cqw = gvj cdz jxg abis
cqx = aawj
cqy acop acoo = vxd (jos abvc afh)
cqz = uhx vgm (vfc amo)
cra acop acoq acoo = sdp
crb acoo acoq acop = nmb
crc acoo = qob fqy
crd acop acoq acoo = icv
cre acoo = kss
crf acop acoo acoq = etp
crg acop acoq acoo = dhz
crh acoo acop = ncu
cri = fim
crj = fcf gsg
crk acop acoo = pln
crl acop acoo acoq = oax pdb
crm = acfn
crn acoo acop acoq = nbu ejo dzj (bvv hvr)
cro acoq acop acoo = fqk
crp acoo acop acoq = gkf
crq acoo = elm
crr acoo = nvz
crs = glg kcu kuv jwh
crt acoo = nyb bcy ekc
cru acoo acop acoq = uen
crv acoo acoq acop = cqy
crw acoo = xbg
crx acoo acop = rfk wup uju
cry acoq acoo acop = viy
crz acoq acoo acop = pgp
csa acoo acop = nlp aave cfg
csb acoo = omw
csc acop acoo = oyb acki jfu udh tog
csd = lfi
cse acoo = vhb kqj
csf acoo acoq acop = ccc
csg acop acoo = zvw abir vou
csh acop acoo = cvc
csi acoq acop acoo = tsj ccj xss tvd
csj = mah ahd
csk acoo = acbg
csl acoo acop acoq = jee
csm acoo = zes aff
csn = pcu
cso acoo = qdr ztu xdi ptm
csp = xrq vfn qyu
csq acoo acop = qgb ahc udw
csr acoq acoo acop = jc
css acoq acop acoo = dzk
cst acoo = ynp tnr ifc acjc uoa
csu acoo acop = fcx rww gop
csv acop acoo = oqq
csw acoo acop = sgs
csx acoq acop acoo = weg (ahz acmh) (lxi abuz)
csy = ecv
csz acoo = zjk oep yic psx
cta acoo = cft
ctb = tzg
ctc acoo = nfm
ctd acop acoo = mhz
cte acoq acoo acop = lfk hra acnh ufb rzm
ctf acoo acoq acop = msf dop
ctg = ftv qsz gqg cpm
cth acoo = fcf
cti = pyn
ctj acop acoo acoq = slr abxx aen acna
ctk acop acoo acoq = yna
ctl = apc
ctm acop acoo = knx rlg xdq
ctn acoo acop acoq = obj hpt jgw
cto = oaw jtd
ctp acoo acoq acop = uyv
ctq acop acoo acoq = cvg
ctr acoo = rfe
cts acoo = ocf iio
ctt = asn
ctu acoo = igh szl
ctv acoo = yrj
ctw acoo acoq acop = vrx ysd vqq
ctx = kdt hhn onn lws
cty acoo = ooc
ctz acoo = rkf
cua acoo = mpc
cub acoo = fcx euw hda
cuc acoo = xin gcu teq fzw
cud acoo = zsy smi uym
cue acop acoq acoo = ptk ekg dxy
cuf acoo = jqq
cug acoo = syt (ouw izm pmy)
cuh acoo = vji sj yyp hgy gmo
cui acop acoo = xeb
cuj acoo acoq acop = ayo
cuk acoo = rld
cul acoo acop = yul
cum acoo = ug
cun acop acoq acoo = lht
cuo acoo acoq acop = skh tpo (oyx vki)
cup acoo = aavn
cuq acoo acop = edy
cur acoo acop = yjp
cus acoo acoq acop = vmx yai nda
cut acoo = hue vjq
cuu acop acoq acoo = cka
cuv acoq acoo acop = fnb
cuw acoo acop acoq = mbt
cux acoo acoq acop = abxp tzm
cuy acoo = txp
cuz acoo = bsm vzm kxb
cva = shz
cvb acoo acop = qeu
cvc acoo = pjh
cvd acoo = row
cve acoo = zvh
cvf acoo acop = kuk o rog
cvg acoo = uep
cvh = ho
cvi acoo acop acoq = abku
cvj = rrb
cvk acop acoq acoo = imp aadp
cvl acop acoo = ssw
cvm acoo acop = zgu
cvn = zbc
cvo = vfo obf cky zyq
cvp acoo = lnb pos gul ijg
cvq acoo acop = aapu
cvr acoo acop = xcp
cvs acoo = eak
cvt acoq acoo acop = dji ads fyj acju
cvu acoo = fjt
cvv acoo = lem aatz dcf
cvw acoo acop = ttu
cvx = ei abwc
cvy = fif
cvz acoo = rze gpj jqj czz
cwa acoq acoo acop = rzu nds
cwb acoo = gyz
cwc acoq acoo acop = ott
cwd acoo = ptn ylu bam
cwe acoo acoq acop = dmo yzg qki
cwf acoo = gpy
cwg = ackj
cwh acoo = qlz
cwi acop acoo = dsq ebf bfx
cwj acoo acop = low zjw
cwk = kkn
cwl = ojt
cwm acop acoo = vor
cwn acoo = gvx
cwo acoo = amh zuz
cwp acop acoo acoq = qhq
cwq acoo acop acoq = fdf zvf
cwr acop acoo = ssm
cws acoq acoo acop = jsr
cwt = nds tid pmz vxm doe
cwu acoo = gby
cwv acoo acop = orx zqi
cww = kgk jfi zkd
cwx = yuy gyy yiu
cwy acoq acoo acop = nbm
cwz acoo acoq acop = gng fxg qoj abks
cxa acoo acoq acop = lth
cxb acop acoo = rix
cxc acoo acoq acop = kzr
cxd acop acoo = abth
cxe acop acoo = dxk
cxf acoo = vxm
cxg acoo acoq acop = grw
cxh acoo = ejl kdq pvi (jlk jj)
cxi = keq ayq ixx
cxj = bmz fmm
cxk acoo acop acoq = tbz
cxl = ysa
cxm acoo = aja
cxn = fxr
cxo acop acoq acoo = vmq
cxp acoo acop = uzu
cxq acop acoq acoo = xgg iym vog gye
cxr acoo acop acoq = env zlr
cxs acoq acop acoo = nkq
cxt = iig
cxu acoq acop acoo = rff
cxv acoo acop acoq = bwm
cxw acoo acop = dwo
cxx acoo = bnk tkd luf
cxy acoq acoo acop = oma
cxz = ajs
cya acoo acoq acop = gsn xuj
cyb acoo = kyy
cyc acoo = wjm
cyd acoo acop = accy jjr yqb evb
cye acop acoo = pjs
cyf acoo = ftw aciv hry
cyg = wcz
cyh acop acoo = rwy
cyi acoo = abio
cyj = oqw
cyk acoo acoq acop = jiy
cyl acop acoo = hrp
cym = cii fih
cyn acop acoo acoq = wpo nvm
cyo = bya
cyp acoo = nbw
cyq = vcr ttv mkx
cyr acop acoo = ofl oqf
cys acoq acoo acop = sdi
cyt acop acoo = xu
cyu acop acoo acoq = fod
cyv = qvu aazo wew hwh yaq
cyw = hwa
cyx acoo = bsd soy
cyy acoo = sor
cyz = to
cza acoq acop acoo = siu aih whx
czb acop acoq acoo = oec
czc acoo acop acoq = pcd omg wsn
czd acoq acop acoo = qwa qyj ihi
cze acoo = qes aqo (wtp jgu)
czf acoo acop acoq = eum aaur
czg acoo acop acoq = uxn
czh acoo acop = fjj mez
czi acoo = xjz yz mns pmw
czj acoo = wro vse
czk acoo acoq acop = xas fqp nuo
czl acop acoo = vqx jxu bsg
czm acoo = abib
czn = pnz
czo = sjm tig glj
czp acoo = ngl dxg
czq acoo acoq acop = agj
czr acop acoo acoq = ifl xyt snc qfd
czs acoq acoo acop = xvz
czt = gt
czu acop acoo acoq = aajo
czv acoo acop acoq = unh
czw acop acoo = bmp gpy qrd gks caj
czx acoo = zpa
czy acoo = sov
czz acoo acop = bmi
daa = uls
dab acop acoo = qtx
dac = cfk (xmw icy)
dad acoo acop = ztj bhq yie jas
dae acop acoo = kha
daf acop acoo = jac oew ziu
dag acoo acop = lml
dah acoo acop acoq = ccl
dai acoo = jdf txx
daj = bja
dak acoo acop acoq = aavm fwc
dal acoo = kcq ihm nk
dam acoo acoq acop = lyt ytu bmj
dan = abom
dao acoq acop acoo = aakd
dap acoq acoo acop = emd
daq acoo = ehy kdx
dar = abuu cet ydo dni
das = ovz jiu jks
dat = aor aakm pnk
dau acoo acop = mst
dav = ims
daw acop acoo = rey
dax acoo = abot sld dig
day acoo = ypz acig okq
daz acop acoo = sfx mtw
dba acoq acoo acop = qwi bns
dbb acoo acop = pfu
dbc acoo = ril
dbd = aaha
dbe = aaun (aabr dck) isb
dbf acop acoo = elb wcc mkc qvz
dbg acoo acop acoq = ezj (xam abyb)
dbh = ter
dbi acoo = qtt
dbj acoo = tre
dbk acoo acop acoq = bke duf fqy
dbl acoo acoq acop = pqg
dbm acop acoo acoq = my elq jhb max tso
dbn acop acoo = wkr
dbo acop acoo = wxf kxa cvq efx
dbp = qjp
dbq acoo = dwj
dbr acop acoo acoq = vvd
dbs acoo acop = mvy
dbt acop acoo = iqk
dbu acop acoq acoo = nps
dbv = fhu
dbw acoq acoo acop = vge
dbx acoo = dlb vyh mjm
dby = bdq qhq fdr
dbz acoo = ehy
dca acop acoo acoq = yrr
dcb acoo = abmz jjj abdk
dcc acoo = amv
dcd acoo = jvw mrh kvc
dce acop acoo = gic
dcf = fsv
dcg = phy
dch acoo acop = xtn atb yny
dci acoo = cqc
dcj acop acoq acoo = gli
dck = kjy plz
dcl acoo = yvf
dcm acoo acop = aasi mll
dcn acoo acop = pah
dco acoo = bis
dcp acoo acop = kwg aaar dqy
dcq = dgc xvz gx ykr ucs
dcr acop acoo = cri bef kh
dcs acop acoo = qrt
dct acop acoo = erf ecf aam gk
dcu acoo acoq acop = kyq
dcv acoo = yms
dcw acoo = bsz
dcx = juz
dcy acop acoq acoo = hjv
dcz = jpb xyp
dda acoo acop = btf
ddb acoo = nod (vhq zzo)
ddc acop acoo acoq = gns jcp
ddd acoo = bbv (abbp aayt)
dde = uaz
ddf = stp oug hmz csu
ddg = aatl
ddh acop acoo acoq = cte
ddi = rlr
ddj acoq acop acoo = jnk
ddk acoo acop = sgu
ddl acop acoo = mdn hge aajn
ddm = qcq
ddn = khu
ddo acop acoo acoq = aadb gpt
ddp acoq acoo acop = tfk she iow
ddq acop acoo = wvq dsb
ddr acoo = obn
dds acop acoq acoo = hrk kwn kl cfp
ddt acoo = absb
ddu acoo = dgc
ddv acoo = sfx
ddw acoo acop = zty
ddx acoo = pga zuy
ddy acoo = abvf
ddz acop acoo = itz
dea acoo = fst xkn
deb = gos
dec = ova foi kdo
ded acoo acoq acop = dzj aauy
dee = emb
def acoo = kdn
deg acoo = abyd mky
deh acoq acop acoo = am
dei acoo = bk czx
dej acoo = lrw
dek = jmq
del acoo acop acoq = wct wmc
dem acop acoo = bhf
den acoo acop = wko
deo = xyt jvj
dep acop acoo = uca
deq = rt
der acoo acoq acop = kbn
des = sjk
det acoo acop = abdp
deu acoo = hgb hmu fxb
dev acoq acop acoo = njd
dew acoo acop acoq = cqi
dex = gij
dey = nin
dez acoo = kqp ooh ifv oya
dfa acoo = aapt
dfb = fub
dfc acoo = wnt
dfd acoo = aakc nnf
dfe acoq acop acoo = vwo
dff acoo acop acoq = yqw lkv iqd ly
dfg acoo acop = mov
dfh acoo acop acoq = pni zkg
dfi acoo = thc xsf
dfj = vbv
dfk acoo = jbx
dfl acop acoo = ify
dfm acoo = kvh
dfn acoq acop acoo = njw
dfo = svn jih cev
dfp acoo acop acoq = fby
dfq acop acoo = sae
dfr = kgz
dfs acop acoq acoo = zed
dft = uav
dfu acoo = jjc
dfv acop acoo = pqx
dfw acoq acop acoo = odj iyq vnv
dfx = tgd kfc kka
dfy acop acoo = rgq
dfz acoo acop = jja tdm
dga acoo acoq acop = udp
dgb acoo acop acoq = njm tnn
dgc acoo acop = qoc flk rkt
dgd = ocn ad aavk
dge acoo acop = pvy
dgf acoo = ihf
dgg = nkb
dgh acop acoo = ntr aea aciy uhu
dgi acop acoq acoo = bm
dgj acop acoo = acjx unx hzc lrg
dgk acop acoo acoq = aahd
dgl acoo = abbu
dgm = eid
dgn = ayz
dgo acoo = amp jny
dgp acoq acop acoo = vtf cpx vgv ozw
dgq acop acoq acoo = uza
dgr = oik oac kdz wcg
dgs acoo = yan bbx
dgt acoo acop = jnl
dgu acop acoo = abro
dgv acoo = xix
dgw acop acoo = dav
dgx acoo = dwf yhw zpu
dgy acoo acop = quf is bno aaae
dgz acoo = ozg bns
dha acoo = fdu
dhb = rig
dhc acop acoo = acdh
dhd acop acoo = nxp
dhe = abmh
dhf acoq acoo acop = kqy
dhg = qgb acol
dhh acop acoo = irm
dhi acoq acoo acop = twk
dhj acop acoq acoo = auz
dhk = abhq achk dh
dhl acoo = ite
dhm acop acoo = nlv
dhn acoo = zvp
dho acoo = abfm
dhp = fhh
dhq acoo = l
dhr acoo = ioq
dhs acoo acop = cfu (gcw owb)
dht acop acoq acoo = vyj ne
dhu acoo = snl
dhv acop acoq acoo = sht
dhw = gmr
dhx acoo acoq acop = tgd
dhy acop acoo = abov
dhz acoo acop = xdm vov ezm
dia acop acoo = dan eln igi vqf
dib acoo = yzp dre nuq
dic = hpk
did acoo acop = tjv
die = bio hxc wdo
dif = wyv
dig acop acoq acoo = owl
dih = bon abs sxl
dii acop acoo acoq = spi
dij = dk bhm (taj ybl fgc)
dik acoo acop = jzq
dil acoo acop = vgj
dim acoo = by kge siy
din acoo = ckv rcr cuo
dio = abpr
dip acoo = lgi
diq acoo acop = ois
dir acoo = syg
dis acoo = rvn
dit acoo = vkl
diu acoo = fkz
div = sak qly
diw acoo = xwz cmi
dix acoq acoo acop = ouo win
diy acop acoo = taf aapq
diz acoo = gor gtm gme ica cyi
dja acoo acop acoq = qfc byu ezd
djb = lip
djc = dhf (zbn thl)
djd acoo acoq acop = wrg
dje acoo acop = dyc
djf = dmk gyc
djg acop acoo = dwm zhq
djh acoo = ylj tkw
dji acoo = abub
djj acoo = xxy
djk = dus axl
djl acop acoo = aahu
djm acoo = mcf
djn acoo acop = ztg zua vhy
djo acoo acop = aahd
djp acop acoq acoo = hwa
djq acoo acop = tti
djr acop acoo = zmi qoc ctr gbo
djs acoo = abug szg vgm bak lxc
djt acoo = uwg
dju = jmw mte
djv = pse
djw acoo acop = dvj
djx acop acoo = qkw abkc
djy acoq acop acoo = yol
djz acoq acoo acop = qff
dka acoo = abip jkj wqt hxf
dkb acop acoq acoo = aazz
dkc acoo = etl
dkd = qjp
dke acoo = gty
dkf acoo acop = vsh
dkg acoq acoo acop = jib ktm
dkh = ghn (zlb jzz)
dki acoo = fk (aac fzr)
dkj acop acoo = xgj
dkk acoo acop acoq = qlg irg
dkl acoo = au abov cqv
dkm acop acoo acoq = esq cpj xro yoq asr
dkn acoq acoo acop = cgz
dko acoo = lyg
dkp acoo acop acoq = eww
dkq = muh
dkr = veq
dks acop acoo = waw cyw
dkt acoo acop = gkj
dku = wyd rqg
dkv acoo = var
dkw acoo acop = dcq hsv cet
dkx acop acoo = mrp jln oyj
dky acop acoo = bgj pdj htm
dkz = msz fys
dla acoo acop = pgp
dlb acop acoq acoo = mwg
dlc acoo = wjz
dld = xki jhc
dle = pds
dlf acoo = zza
dlg acoo acop = xdj
dlh acoo = dku
dli acoq acop acoo = piu
dlj acoo acop = aaov abil nvp
dlk acoo = qzs cgn
dll acoo = aach
dlm acoo = prf rir
dln acoo acop = nsg lyk qqt
dlo acop acoo = yls
dlp acop acoo = acbn abn acaq
dlq acoo acop = pmw
dlr acoo acop = dgy
dls = nmj
dlt = vbu
dlu acop acoo = gtp
dlv acoo = viz sjh
dlw acoo = onx nii kf mid
dlx acoo = stq fhc (acge pkj)
dly acop acoo = kyz acgc abvn bys
dlz acop acoo = fbm
dma acop acoo acoq = fri rnh
dmb acoo acop = aagy
dmc acop acoo = vvp
dmd = pbh wmo yzi
dme = nic vdz xa aagx
dmf acoq acoo acop = pnb ngg
dmg acoo = xio
dmh acoo = dga
dmi acoo = mwz wxw jwk
dmj acoo = qxv ivr
dmk acop acoo = ubl ubr
dml acop acoo acoq = zyk
dmm acoo acop acoq = rmw
dmn acoq acop acoo = mbc ntb sca
dmo acoo = acas
dmp = jqg zfk reb vrf
dmq = opa
dmr acoo acop = vrg
dms acoo = fje
dmt = zyk wjr
dmu = mca
dmv acoo = avl jeh
dmw acop acoo = abdx
dmx acoo = qs bxy
dmy acoq acop acoo = e
dmz acoo = pmu
dna acoo = zer qzv wzz
dnb acop acoq acoo = aal
dnc acop acoo = bjj vf
dnd acoo = lnm qrg jyo
dne acoo acop = lfb
dnf acoo = foz vvp
dng acoq acop acoo = olc
dnh acoq acoo acop = abra ffz wal
dni acoq acoo acop = pck nvf
dnj acop acoo = juh roz
dnk acoo = oah maj
dnl = err
dnm acoo acop acoq = qan cut
dnn acoo = aaeb ojv
dno = aavm
dnp acoq acoo acop = rjw ork
dnq = abfr pfq
dnr = dtl
dns acoo acop = hvz
dnt acop acoo = elh
dnu acoo acop = iuc
dnv acoq acoo acop = orl
dnw = fcf
dnx acoq acop acoo = poz xgp yzn
dny acoo acop = rff rfx
dnz acoo = ieh
doa acoo acop acoq = cxs ove ind
dob acoo = bqi
doc = rc kgo
dod = hep yuq aapx aaxj jys
doe acoo acop = gwk
dof acoo = vhx
dog acop acoo = pjx
doh = xem
doi acoq acoo acop = abze (vbb tqw rrc)
doj acoo = aaqi kuz
dok acop acoo = xam elx
dol acop acoo = zfi
dom acoo acoq acop = tqd aaiz
don acop acoo = vdt
doo = ypc qmf
dop acop acoo = auo hay
doq acoq acoo acop = el
dor acoq acoo acop = abyl xo
dos acop acoo = aacs
dot acop acoo = snp
dou acoo = lmz
dov = eyp lkw yyi
dow acoo = wui
dox acoo acop = aaee
doy acop acoo = rvm
doz acoo = jcs hky sys
dpa = caa buw
dpb acop acoq acoo = zif vg
dpc acoo acoq acop = ffg
dpd acop acoo = tyc vzx
dpe acop acoo = cip cbo
dpf acop acoo = ktt zfu aij aov
dpg acop acoo = unp rxt
dph acoo acoq acop = gaz tfn
dpi = eub zrd
dpj acop acoo = mcw
dpk = qne
dpl = yit
dpm acoo acop = uc uow (cve mhd eph)
dpn = xxs
dpo acoo = tqf shk
dpp acop acoo = nxu suc
dpq acop acoo = pgt
dpr acoq acop acoo = htc
dps = sil
dpt acop acoo = aawy
dpu acoo = dps yde
dpv acoo acop = ufw leb
dpw acoo = xuh
dpx = zpc
dpy = pep eue yph aamp
dpz acop acoq acoo = uzx
dqa acoo = odc
dqb acop acoq acoo = jgs oqp
dqc acoo acop = fsr unz
dqd = rko
dqe acop acoo = accn
dqf acoo = aatp
dqg acoq acoo acop = izh
dqh acop acoq acoo = onp
dqi = yhn
dqj acoo = hnt sex ntj ojd
dqk acoo acop = zzh
dql acoo = bxb
dqm = xwd cdt
dqn acoo = nkn xqy
dqo acoo = lnh
dqp acoo acop acoq = abus okf yjq
dqq acoo = zqa
dqr acoo acop = nwk
dqs = gtm ablb
dqt acoo = vnk
dqu acoo = ffx xen yim
dqv = hdg una
dqw acoo = aacq hvc
dqx acoo acoq acop = efs
dqy = ybv uzc
dqz acop acoo = krh qje arn
dra acoo = mue ofe
drb = ajx
drc acoo acop acoq = mlu
drd acop acoq acoo = gor
dre acop acoo = vvf
drf acoo = qom hsw
drg acop acoo = mpl ofq nmn pjk wnj
drh = wuk gbz
dri = lal
drj acoo = rsx
drk acop acoo acoq = wkg
drl acop acoo = ddp hky absh
drm acop acoo = wvz
drn = hhv
dro = fqd dna
drp acoo = roj
drq acop acoo = jnx jsu veh
drr acop acoo = gwg
drs acoq acoo acop = abeu
drt = thc
dru acop acoo acoq = aafr xou
drv acoo = rtl
drw acoo = qmd
drx = uvz y
dry acoo acop acoq = ecl
drz acoo acop = zst
dsa acoo = blr
dsb = bav vtl
dsc acoo = pba vhn aasb
dsd acoo acop acoq = wvu
dse = itb xez
dsf acoo = oea
dsg = bdo raa ccc
dsh acoo = swk qjz
dsi acop acoo = pcl
dsj = dgw acbj
dsk acoo acop acoq = hkq
dsl = wzo nki
dsm = ejh
dsn acoo acoq acop = eth
dso = abgn
dsp acoo = vbi
dsq acop acoo = pgq
dsr acoq acoo acop = xzq
dss acoo acop = aue
dst acoo = lxq (eud udx) xfl
dsu acoo = fnc
dsv acoo acop acoq = nqm
dsw acop acoo = cbm
dsx acoo = zhf
dsy acoo = pa rpa kee ae
dsz acoo acop = orm nar abaa
dta acop acoo = gev
dtb acoo acop = dts qom aadu
dtc acoo = lrt
dtd = aady
dte acop acoo acoq = jxy fec zpu qli
dtf acoo = kkl
dtg = bub
dth acop acoq acoo = hpe
dti acop acoo = zzo acoo
dtj acop acoo acoq = gys qdq maq
dtk = ere
dtl acoo acop = xud msz
dtm acoo acoq acop = zbd
dtn acoo acop = wof
dto acoo acop = abyn nqn
dtp acoq acop acoo = kim uxm
dtq acoq acop acoo = qxv mqq fas
dtr acoo = lsv
dts acoq acop acoo = accv
dtt acoo = tjs
dtu acoo = uie doy
dtv = xmi
dtw acoo acoq acop = sxg
dtx = bkq
dty acoo acoq acop = cfy lsh dwn zej
dtz acoo acop acoq = fah frp ably qwm
dua acoq acoo acop = oqo xnn lvc dez
dub acoq acop acoo = hge aul zmi
duc acoo = vcq
dud acoq acop acoo = aboe
due acoo = pen
duf = fbr
dug acop acoq acoo = ryt
duh = imj jcs (hov qmp)
dui = bre
duj acop acoo = gpo hda
duk acop acoo = vsq qjg rbc
dul acoo acop = sbx kkx
dum acoq acop acoo = abpy
dun acoo = tsr
duo = abkb
dup acoo = ovh wod znp
duq acop acoo acoq = tmc
dur = ujj qmn
dus acop acoo = bxn
dut acoo acop = sct oqq jjs
duu = qfp
duv = seo
duw acop acoo = mle
dux = utg
duy acop acoq acoo = byp
duz = szf
dva acoo = twr aagr awn afz aut
dvb acoo acop = wgs
dvc acoo = qyf yvf
dvd = riz
dve = fbk
dvf acoo = old (guy prb)
dvg acoo = cwh lhl
dvh acoo = ejd uue
dvi acoo acoq acop = nmn
dvj acop acoo = ldg
dvk acoo acop = qzb kqc sni dgg
dvl acoq acop acoo = scb ddo
dvm acop acoo = epm fpv
dvn = hxm ckg
dvo acoo = rph sjd oej kzb ppp
dvp acoo = rba
dvq acoo = mbt mou uph
dvr acoo acop acoq = sor tli
dvs acoo acop = thu afi
dvt acoo acoq acop = aawh vzr bgv
dvu acoo = bce
dvv = pzy
dvw = esj jfo vqh
dvx acoo = mgy
dvy = foa
dvz acop acoo acoq = yym gqk aah
dwa acoo = jyb osh
dwb acop acoo acoq = accf
dwc acoo = sqr
dwd = efv
dwe acoo = qvu
dwf = qlc
dwg = nav abzm mcx yuc
dwh acop acoo = ipt
dwi = bve ywx
dwj = xtg
dwk acoo acoq acop = zlt
dwl acoo = mdg
dwm acop acoo = aaof
dwn acoo acop = aawn
dwo = qdj
dwp acoo = tpg wzk
dwq acoq acop acoo = egh sed
dwr = sro sfp
dws acoo acop = cd aeq lfy tmn dsy
dwt acoo acop = ovp
dwu acoo = nyq
dwv = naq emo
dww acop acoo = kzo ira
dwx = ruv
dwy acop acoo acoq = sgz ndd
dwz = cyk
dxa acop acoo = gqr
dxb acoo = abyi
dxc acoo = qmy
dxd = qdt fwj fhh abjg
dxe acop acoo = wun
dxf acoq acop acoo = xao
dxg acoo = kom plu zru tyz
dxh = fjz mdv
dxi acop acoo = itv azq
dxj acoo = gdy
dxk acop acoo acoq = hlj aajh zjj
dxl acoo = chn ghk njx
dxm acoo = tdh
dxn acoo = qcb
dxo = twr
dxp acoo = bps
dxq acoo = byf
dxr acop acoo = iim jmb
dxs = apa
dxt acop acoo = afz
dxu acoo acop = trw rhs
dxv = osj jel lia
dxw = riq
dxx acoo = vjq tn
dxy = abkz
dxz acoq acoo acop = qcw
dya acoo acoq acop = hjr
dyb acop acoo = obs
dyc acoq acop acoo = ziv ttu (wya ffl)
dyd acoo acop acoq = eop
dye = abpa kze fcd juc
dyf acop acoo = ldx vvt snx
dyg = kso
dyh acoq acop acoo = wmu rmv ytv npo
dyi = jsl
dyj acoo acop acoq = lbu wik
dyk acop acoo = mxo wls aado
dyl = xes hgi
dym acoo = udc (rho urk)
dyn = pqe
dyo = mk
dyp acoo = uiw fyz
dyq acoo acop = klj tld uas oyh
dyr acop acoo acoq = xlg
dys = os sde uap
dyt acoq acop acoo = aaus
dyu = eaw
dyv = dt
dyw acop acoo acoq = mqp
dyx acoo acop = nlp od
dyy = kyx jak egt
dyz acop acoq acoo = ivd
dza acoo = mqy mjn
dzb acoo acop = hqu
dzc acop acoo acoq = mdd xtr zqr aacg
dzd = isg
dze acoo acop acoq = abuq ign ngq
dzf acoo = gxa abwm bvj
dzg acoo = cju
dzh acoo acop = mcb
dzi acoo acop acoq = zak eko xzd gyb
dzj acoo acoq acop = aajg usb
dzk = ackd
dzl = oef
dzm acoo = aalz ofk (mmt jop)
dzn acoo = vnn
dzo acoq acoo acop = huv zwi uvl
dzp acop acoo = lyk
dzq acoo acop = arm
dzr acoo = onw (sz wgt)
dzs acoq acoo acop = gas (rxf wws)
dzt = aaaz
dzu acoo acoq acop = dwl
dzv = nou
dzw acoo acop = tcg xqi jbp
dzx acoo acop = wyt rfc aake
dzy acop acoq acoo = fzg hew
dzz acoo = abtk aanu
eaa acoo acop = uwl
eab acop acoq acoo = jza dcu
eac acoq acop acoo = wrx cxd szy kbh hts
ead acoq acop acoo = iwb sjr
eae = azw (fr cuz)
eaf = oio
eag = eml
eah acoo = kzw
eai acoo = ejf lgb (acoo msw)
eaj acoq acop acoo = jux rat bia
eak = pzo bvt acbn
eal acoo = aacx ymt
eam = qff
ean acoo = qal abhu
eao acop acoq acoo = fbl akl mwv
eap acoo acop = uzx usd mtq sqc
eaq = bvs wxq
ear acoo = ajc
eas acoo = fac abwj mey
eat acoo = abey hbh hib sub
eau acop acoo = jvd
eav = sav aoo
eaw acoo = dsj
eax acoq acop acoo = qkl aahd yip
eay acop acoo = s mux qgw
eaz = zfn
eba = mke xgc
ebb acoq acop acoo = lnj nfg qpe ips mqa
ebc = eop
ebd = rur
ebe = hpy
ebf acoq acop acoo = pem
ebg acoo acop acoq = qxn (saf xik)
ebh acoo acop = azp
ebi acoo = vmn
ebj acoo acop = abck quu
ebk acoq acoo acop = acjz
ebl = rhi
ebm = ktq jfg
ebn acop acoo = qnc oyi
ebo acoo acop = gvo
ebp acoo = ucc abfl dar
ebq = pik
ebr = lrt
ebs = llp
ebt acoo acop = hzp (gdn usm)
ebu acoo acoq acop = hjj tga
ebv acop acoq acoo = wwy
ebw = mdh abfs
ebx acoo = vwq
eby acoo = awe
ebz acoo acoq acop = aayt cyw
eca acop acoo = abdm
ecb acoo acop = nwf
ecc acoo = uhp
ecd acoo = kjb
ece acoq acop acoo = pxy
ecf = oez
ecg acop acoo = pua
ech = xxw
eci = nsi
ecj acoo acop = tkg kdz
eck acop acoo acoq = rug
ecl acop acoo = ccy
ecm acop acoo acoq = bor
ecn acoo acoq acop = dws jrx (imc vql)
eco acop acoq acoo = txo
ecp acoq acop acoo = mvq
ecq = ily
ecr = pob aoi jmj
ecs acop acoo = tyo
ect acoo acop = zul
ecu acoq acoo acop = qba
ecv acoq acoo acop = pzs geb xzo pub
ecw acoo = pdl
ecx acoo acop = djv
ecy acoo = thw
ecz acop acoq acoo = foq
eda acop acoq acoo = ysg urp
edb acoq acoo acop = sxy pma vmq
edc = rpl
edd acoo = ikq
ede acoo = dt aacm jea aatv
edf acoo = cd qex yji
edg acoo = zjz
edh acoq acoo acop = dae zar can bfy
edi = zrk cqq
edj acoo acop = ytt
edk = bey aaif
edl acoo acop acoq = moi
edm acoo acop acoq = dym abxn
edn = zbz aavj
edo acoo acoq acop = onw
edp acop acoo acoq = uwo qli
edq acoo acop = aatq oop rdf mxy
edr = uxn aet sxo
eds = etm
edt = ghf lvg wkx wgq lpi
edu acoq acoo acop = lmu
edv acoq acop acoo = fxr
edw acoo = aawo
edx = hku
edy acoo acop = kcn
edz = kee
eea acoo = vtd aadp
eeb acoo acop = fzn woh pfw
eec = dqt clx
eed acoo acop = ias aavf qdl slx
eee acoo acop = uxk cph
eef acoo = dco
eeg acoo acop = hma wus
eeh = nmk jqy
eei acoo = mty jxo nwz mou
eej acoo = yxl fiw
eek acoo acoq acop = gbw
eel acoo acop = ofl
eem acoo acoq acop = yyv
een = ndl fvu sar
eeo acoo acoq acop = ywi
eep = vas
eeq acoo acop = efx qmn
eer acop acoo acoq = ehg kra acnm
ees acoo = svh
eet = ja
eeu = yxs cpr
eev acop acoo = vlw mjr rzc
eew acop acoo acoq = yjc
eex = uxs whq
eey acoo acoq acop = esn
eez = eya
efa acoq acop acoo = acb
efb acop acoq acoo = dyi
efc acop acoo = yjh
efd = ixy bmu tbr
efe acoo acop = qms tws
eff = cmv
efg acoq acop acoo = gfj ajn cmq
efh acoo acop = kru
efi = stp ssi qjg trb
efj acoo = wzz zhi (upu kcw)
efk acoo = cuj xaq aaeo
efl = mwk
efm = oef xkr qv
efn = rxm
efo acop acoo = lmx
efp = ykc
efq acop acoo = xrs rdl qnz
efr acoq acoo acop = tec
efs acoo acop = oqc abwi wyk jir
eft acoo acoq acop = acr
efu acoq acop acoo = qcl
efv acoo acop acoq = opu
efw acoq acop acoo = knj
efx acoo = jbp
efy = aaat
efz acop acoo = qlk
ega = qnq
egb = wkz
egc acoo acoq acop = vcd biq
egd acoo acoq acop = qzq
ege acoo acop = cun
egf acoo = ackj
egg = yit
egh acoq acoo acop = gmj
egi = ioa oiz nnh
egj acoo = tkb
egk = aaxi jiy suq edd
egl = qlz acam
egm acoo = abck
egn acoo = fey
ego acoo acop acoq = yjn
egp = zgv hen cyq
egq acop acoo acoq = znf
egr acoq acop acoo = acag
egs acop acoo acoq = hgg
egt acop acoo acoq = ktl oye axo
egu acop acoo = uag
egv acoo = lfx
egw acoo = qzp
egx acoo = zdj pgx djl pia
egy acop acoo = ggy
egz acoo acoq acop = jbw
eha = jdc
ehb acop acoo = wal fxs
ehc acoo = gva
ehd = hzl
ehe acop acoo = ihd
ehf = abtk
ehg = hlk
ehh acoo acop acoq = pxf ygq aaha
ehi acoo acop = ace
ehj acoo = toh noh gaa
ehk acoo = gyi
ehl acoo = jcg
ehm acoo = pgo ijm
ehn acoo = ksi
eho acop acoo acoq = twk
ehp = mqm syd vpe
ehq = eeo
ehr acoo acop = nvq
ehs acop acoo acoq = aabs
eht = mzy lro xkc
ehu = pyr
ehv = abby
ehw acop acoo acoq = ncu
ehx = sxi ekr six
ehy acoq acoo acop = opw
ehz acop acoo acoq = efp tjz fvq
eia acoq acoo acop = gqt
eib acop acoo acoq = hju pby
eic acoo = jji
eid acoo = mwc abpc
eie acoo acop = pdx
eif acop acoo = aro fwt
eig acop acoo acoq = eww
eih acoo acop acoq = wbv
eii acoo = hr
eij acop acoo = kah
eik acoo = awl
eil acoo = dax
eim acoo = xfq
ein acop acoq acoo = bem hif
eio acoo = gno liq guw
eip = mel pos
eiq acoo = zer
eir acop acoo acoq = abah
eis = ojw
eit acop acoo acoq = nma
eiu acoo = jja ymm
eiv = jmd
eiw acoo = ubw hon tbr
eix = hew (jok lmj)
eiy acop acoo = aaua
eiz acoo = bkr icd zzq
eja acoq acoo acop = heh
ejb = wke vxf
ejc acop acoq acoo = bdy
ejd acoo = tny ackf sfv ixz
eje acoo acoq acop = vbp ity
ejf acop acoo acoq = iex nxe cza
ejg = lim qez hrd gcf
ejh = aagr
eji = xln
ejj acoq acoo acop = aazn
ejk acop acoq acoo = atx
ejl acoq acoo acop = w
ejm acoo = abdc
ejn acoo = hyq fzc
ejo acop acoq acoo = sbn
ejp acop acoo = zdh
ejq = lsu sgt
ejr acoo acop = vto esr
ejs = nge qhd
ejt acop acoo = rod
eju acoq acop acoo = vfj
ejv acop acoo = abaj (sqd abav)
ejw = dtu
ejx acoo acop = wmg
ejy acoo = kbr
ejz acop acoo = lrx
eka = dty abhh zvv
ekb acoo = mvl
ekc acoo acop = tna xqx
ekd acop acoq acoo = xdj
eke acop acoo = boj rfa zwe ntw xvl
ekf = rzf abrc azw uao
ekg acoo = b
ekh acoo acoq acop = wut
eki acoo = ehg
ekj acoo = nar
ekk = zla
ekl = yaj vlm vum
ekm acoo = hkl
ekn acop acoo acoq = fgh
eko acop acoo = zlq
ekp acop acoo = ght lkh uol
ekq acop acoo acoq = ygg qrq
ekr acop acoo acoq = ewp
eks = fh pbh enu (ucv dmd)
ekt acoo = ksc
eku acoo acoq acop = dgl vwh dfl bno
ekv acoo acop acoq = eum
ekw acoo acop acoq = ylc boi
ekx = ylr
eky acop acoo acoq = pcs gmx
ekz acop acoo = jkz
ela = aasq fux
elb acoo = edg abhv idv
elc = nov
eld = qgt
ele acop acoo = llx pdz mey
elf acoo = vap
elg acoo = viv
elh acoo = ime jbl qrv aanf gv
eli acoo acop = ufy
elj acoo = cpl
elk = fpi gxj
ell acoo = mpb ya
elm acop acoo acoq = iwb
eln acoo acop = wbo llf nub
elo acoo = dxe
elp acoo acop acoq = aawy
elq acoo = yya
elr acoo = abaj
els acoo = pzp ufq (sdx hxg)
elt acop acoq acoo = aos
elu acoo acop = fzf
elv acop acoo = mrg
elw acoo acop = abno
elx = zha ib iqp
ely acop acoo = hzl
elz acoo acoq acop = myv jzr
ema acoo acop = anq
emb = utj hfs ewo
emc acoo = dnr tzm
emd acoo acoq acop = vbk fen koe
eme acop acoo = xbc rpu
emf acoq acop acoo = cds yz xko
emg = aja aarq
emh acop acoo = pwb
emi acoo acop = imb
emj acop acoo = rhb
emk acop acoq acoo = asp
eml = lrz
emm = abaw tzu
emn acoo acop = gaq sjj phh
emo acop acoo = ftc
emp acoo acop = vxn
emq = kpz
emr acoo = abxk yeo aaye tzc zlk
ems acoo = abjn lmr
emt = aha
emu acoo acop acoq = tdv lno
emv = abhu
emw = kan
emx = flo gws
emy acoo = zcm
emz = kec
ena acop acoo = gru
enb = jkt
enc = avg aaac deg xpk
end = boi
ene acoo = abtm
enf = aafi
eng = ndu
enh acoo = aavw
eni acoo acop acoq = enw
enj = pbd
enk acoo = cay
enl acoo = vjj
enm acop acoq acoo = cpy
enn acoo = cui
eno acoo = cke
enp acoo acop acoq = zeu yvd
enq acoo = jjz wof kqm mnc abbz
enr acoq acop acoo = fbl
ens acoo acop acoq = pno
ent = ul yvs
enu = les bup
env = cug
enw acoo acoq acop = wsm
enx acoq acop acoo = qme
eny acoo = wdr vqd
enz acoq acoo acop = xlp mci scj
eoa acop acoo = ysd ehp
eob acoq acop acoo = bul
eoc acoo = wto tue
eod = gkw
eoe acoo acop = spy
eof = pyk cdl zba
eog acoo acop = rfs
eoh acoo acop = wrv
eoi acoo acop = abkj zro
eoj acoo = ilf
eok = abci abib
eol acop acoo = bmb lan
eom acoo acop acoq = lqy abmv
eon acoo acop = jkc
eoo acoq acoo acop = dsk
eop = ydn
eoq acop acoq acoo = kdu
eor acop acoo = fm
eos = ygn
eot acoo = vnp nqu
eou acoo = xvb
eov acoq acop acoo = cik
eow acoo acoq acop = acni snd
eox acop acoo = oau
eoy = tnu rzy obh dyp
eoz = bvr
epa acop acoo = nwo
epb acop acoo = lnc
epc acop acoo = tsl dsw xbo oea xtf
epd acoo acoq acop = ibc ozd pfa hsu
epe acoo acop = kke
epf acop acoo acoq = enq
epg acoo = san cul zjd odj
eph = gsh abhe kep bd mgw
epi acoo acop = qar kxb dva
epj acop acoo = pqt acop rtv
epk acoo = ajx eet
epl = xxw abgw
epm acoo = kdq
epn = uwu ily ssr gyb
epo acoq acop acoo = gvy
epp = bgo
epq acop acoo = ufl aamn
epr = rcd xmd xju
eps acoq acop acoo = atr
ept = aho
epu = jki
epv acop acoo = zvk afr ymp llp lzs
epw acop acoo acoq = pes
epx acoq acoo acop = no
epy acoo = uch lvo ktp
epz acoo acop = aafx axu
eqa acoq acoo acop = kmy
eqb acop acoo = hzt acae
eqc = mbl
eqd acop acoq acoo = ygv
eqe acoo acop = bze abqi
eqf = oxg dzp
eqg = obi ten oji ajp
eqh = ufu acjn
eqi acoo = aaql eov
eqj = xwx abqb ral
eqk acoo acop = ukw
eql acop acoq acoo = hxd
eqm acoo acop = uev qhj
eqn acoo acop = lqb
eqo = hta
eqp acop acoo = xrk zvx gsv
eqq acoo acop acoq = abzc
eqr acop acoo = fyq
eqs acop acoo = ako zpj
eqt acoo acop = fjr
equ = tdo
eqv = shh hqh ztj
eqw acoo = rpm
eqx = ple
eqy acoo acop = lte
eqz = dsu
era acop acoo acoq = itj abqo
erb acop acoo acoq = esv
erc = hwh
erd acoo = dcd
ere = atq aaju
erf acoo = xkg
erg acoo acoq acop = egf ouz
erh = xno jbf
eri acop acoq acoo = ssx lu jpk
erj acoo = tij ozw vtz lfx
erk = gtf dxq
erl = hpw
erm acoo = jxz
ern acoo acop acoq = mhr
ero acop acoo acoq = mor
erp acop acoq acoo = xrv
erq acop acoo acoq = dnf
err acoo = ykv
ers acoo acop = xei
ert acop acoo = thv
eru acoo = acfb (eiw kyg)
erv = xla
erw acop acoo = ouc
erx acoq acoo acop = beg
ery acoq acoo acop = obp pil (hqv soj)
erz acoo = aals afh
esa acop acoo acoq = vxc accl
esb acoo acoq acop = vji
esc acoo = kaa ifg
esd = njy
ese acoq acop acoo = zyr
esf acoo = ejf dsy
esg = mjl (ypj rgq)
esh acop acoo = ttp
esi acoo acop = abse
esj = cit
esk acop acoq acoo = kxe
esl acop acoq acoo = ctv fta ggw pu
esm acoo acop = vxq tph vkd kiv
esn acoq acoo acop = tak
eso acoo = mfq
esp acoo = fwr hgo
esq acoo = jke
esr acoq acoo acop = hpa
ess acop acoo = dwm gsm osq ve gkx
est acoo = ubk bhg zjl nqx rix
esu acoo acop = cfd uyr
esv acoo acop acoq = ztd
esw = uug bpp
esx = hgx
esy acoo = lun
esz = jum
eta = abmo
etb acoo acop acoq = eax aakv
etc acoo = abnn shk (tt sik ywf)
etd acop acoq acoo = nak
ete acoq acop acoo = pdp oql
etf = ygl (pdy yow) vtf
etg = rxi
eth acoq acoo acop = obf
eti acop acoo = lvu vhi
etj acop acoo = djt mdf bps hmf zbq
etk acoo = sev pnu
etl acoo acop = fzv nyv esf
etm acop acoq acoo = jdq wdj
etn acop acoo acoq = qhr
eto acoo acop = ouu cig etx
etp acoo = ffo jzq
etq acoo acop = dnw
etr acoo = igd
ets acoo = luh
ett acoq acop acoo = bzr aaei jum ubr
etu = bat wea
etv acoo acop = dtb
etw acoo = suo
etx acoo = ply lbs dnj
ety = tzb uih ablp
etz = kha
eua acop acoo = cgz
eub acoo acop = hry
euc acoo acoq acop = oay mrk tlg
eud = tec ntq qih nqu wbr
eue acoo acoq acop = xdh
euf acoo = jzc mxf les
eug acoo acop = vzw
euh acop acoo = xvi
eui acop acoo acoq = xnv tol au ztw
euj acoo = kw xgh
euk = xqt xnm uec
eul acoo = msa
eum acop acoo = ueu
eun acoo acop = ujn
euo acoo = arg nxv
eup = abvd fga
euq acoo = mtf qaj
eur acoo = kro
eus acop acoo acoq = abtu cop ljn
eut = aamh
euu = bkt ium
euv acoo = jjq
euw acoo = eoi
eux acoo acoq acop = xyj hzt
euy acoo acop = flc
euz acop acoq acoo = ann
eva acoo acop acoq = djw
evb = lgg
evc = fzt acgu
evd = kcw
eve acoo = aazg
evf acoo = emg
evg acoq acop acoo = moh
evh acoo acop = gy gzo
evi acoo acoq acop = rex
evj acoo = aaty
evk acoo acop = abdu
evl acoo = nmq
evm = cyv
evn acop acoo = ogq omd
evo acop acoq acoo = voj
evp acoo = acaa kzl iwy
evq acoo = aazl lfh fdi iia
evr acoo acop = rvj spi kki
evs acop acoo acoq = tdj eni
evt = hle
evu = aaec
evv acoo acop = xrx gxf
evw acop acoo = vgp
evx acoo = gyb wfz anx
evy acoo = cgj
evz acop acoo acoq = abok rjo
ewa acoo acop = fao
ewb acoo = dqu
ewc acoo acop = qnk
ewd acoo = wkw zus
ewe acoo acop = omq
ewf = x oh np lok sjr
ewg = za tee gwq gay
ewh acoo = qom ukc ulc
ewi = nls zjy kuj
ewj acoo acop = lqx paz jsb ghe
ewk acop acoo = top tmj
ewl acoo acop = dna
ewm = aazi
ewn acop acoo = bza bow
ewo acoo acop = tvk ryh
ewp acoo acop = tfs
ewq acoo acop acoq = obe eig ij bjd
ewr acoo = cs
ews acoq acop acoo = edw
ewt acoq acop acoo = ser
ewu = lkv
ewv acoo acop = xba geh
eww acoo acop = acbs nvm
ewx = uhv
ewy acop acoo = pio wan tod
ewz acoo = ffa
exa acoo acoq acop = gfe
exb acoo acop = aadl
exc = iwa
exd = ykr (wap vvc kcx)
exe acoo = ftc vax
exf acoo acop acoq = gsu
exg acoo acop = gif
exh acoq acop acoo = jj ohs hut
exi acop acoo acoq = uyb mxy
exj acoq acop acoo = nkk qck
exk acoo acop = jzy
exl acoo = qdu
exm acop acoq acoo = dgi
exn = zjc psg abyp wvd
exo acoo acop = aamj
exp acoo = kx zyp lbi gac vtg
exq acoo acop = hhp duw mxb
exr acop acoo = nqh
exs acop acoo acoq = una
ext acoo acop = hvx ix aoi
exu = uxt dcz lat bgn
exv = ehr paq wks eid
exw acop acoo = xvz
exx acoo = aaot qca nij
exy acop acoo = abje
exz acoo acop = abei
eya = xlw (msa mqj) qnb
eyb acop acoo = pyn gkc
eyc acoq acop acoo = rbm igp zhu
eyd acoo = kke
eye acoq acop acoo = ycw
eyf acoo = zel
eyg acop acoo acoq = hus
eyh acoo = chy
eyi acoo acop = mrj att
eyj acop acoo = dik
eyk acop acoo = ngp flf dvu wyd byp
eyl acoo = ulq ksy
eym acoo = omf zpp
eyn acop acoq acoo = vyw czt
eyo acoo = olx
eyp acop acoo acoq = cn
eyq acop acoo = twy pih
eyr = rjk
eys acop acoo acoq = pir
eyt acoo = vuk
eyu acoq acop acoo = eok vkw ti gsh
eyv = yno
eyw acop acoo = ywt
eyx acoo = all
eyy acop acoo acoq = abej
eyz acop acoo = umo
eza acoo = klq ogs
ezb acoo = qod
ezc acoo = vsm
ezd acoo = qfu
eze acoq acop acoo = mam
ezf acoo = wbl di buh
ezg acoo acop = dxb ril
ezh = kvs zln
ezi acoq acoo acop = ber
ezj acoo = iyc aka brj tji
ezk acoo acop acoq = abet
ezl acoo acop acoq = icy vhs
ezm acoo = fqr gwd
ezn acoo acop = ten mti
ezo acoo acoq acop = akz
ezp acoo = alh
ezq acoo acop = abrd cbu doe inm
ezr acoo = snn zxo uiu btn ivf
ezs acoo acop acoq = nie sid
ezt acoo acoq acop = hgt akd
ezu acoq acop acoo = sc ablj
ezv acoo acoq acop = acak
ezw = epm
ezx acoq acoo acop = lfl ami oct
ezy = rli muh
ezz = yij
faa acoo = aajm
fab = aun
fac acop acoo acoq = lnr
fad acoo acop acoq = rnr
fae acop acoo = ifj
faf acoo = yer
fag acoo = kiz (lmy aazr)
fah = reh
fai acoo acop = yoq
faj = aabz
fak = qbt
fal acoo = izl
fam acoo acoq acop = hkc nzr
fan = qlx
fao acoo acop = xpc ugm
fap = psd
faq acop acoo = uto
far = plo
fas acoo acop = jan
fat acoo acop acoq = sfo
fau acop acoo = acoh ngo
fav acoo acop = pka fdo twx
faw acoo = gjn
fax acoo acop acoq = rle
fay = cok awq kie clf
faz acop acoo acoq = hnq rhn
fba = xij pzs ber
fbb acop acoo = cfe
fbc = yn
fbd acoo = zqa
fbe acoo = zoq
fbf acoq acoo acop = ghf
fbg = fye
fbh = pos iou
fbi acoo = qul
fbj = hgs
fbk acop acoo = drv
fbl acoo = abzn
fbm acop acoo = prk
fbn acoo acoq acop = uoy
fbo = uvz
fbp = qaf wum cdu
fbq acoq acoo acop = rag
fbr acop acoo = wxh
fbs acoo = sxo mvx zpn
fbt = mvo
fbu acoo = pzf
fbv acoo acoq acop = wtp mkm aabm klr
fbw = bkf
fbx acoo acop acoq = lba
fby acop acoo = hes aaws qk pbk
fbz acop acoo acoq = lhc
fca acoo = cma
fcb acoo = qzl
fcc acop acoo = cxh xtw
fcd acoo acop = khs
fce acop acoo = jfd iis
fcf acoo acop acoq = abn nsz siu
fcg = agj
fch = xye iaw mim grk
fci acoo = wys fvc
fcj = yol
fck acoo acop = ima dws fva nri fpw
fcl acoo acop = luu
fcm acoo = aqw
fcn = pkq qyx
fco acoo acop = bqi meo tar
fcp acop acoq acoo = dwy oie epz
fcq = ydk
fcr acoo = aawp lea
fcs acoq acoo acop = gvg pgh
fct acoo = vgl lxy
fcu acop acoo = hqs nsx svf
fcv acoo = sht
fcw = fho rvv
fcx acoo acop = ply tnk abq fhm npa
fcy acoo = abin azw pjz
fcz acoo = rmu aaqe upo
fda acoo acop = abbb (czw ckt plv)
fdb acoq acoo acop = usp
fdc acoo = accg
fdd = jkj
fde acop acoo = eto
fdf = vbz
fdg acoo acop = ivz mwf xie
fdh acoo acop = yuv
fdi acop acoo = buw (hcj zwa)
fdj = yhu
fdk acoo acop = kaa
fdl = xfs gpl aakq
fdm acoo acop = ght
fdn = abqc
fdo acop acoo = acjm rcd klv fjj
fdp acoo = uik
fdq = acoe (kre nra)
fdr = tlp
fds = fvn
fdt acop acoo = abmn cls
fdu acop acoq acoo = uuc gdp sjx rjc nws
fdv acoq acop acoo = fna
fdw = zhg
fdx acop acoo = zlg abw
fdy acoo = jl
fdz acoq acoo acop = usb (abqp aaky rii)
fea acoo acop acoq = acke
feb acoo = bce ngt lqy ejn
fec acoo = esw
fed = tsm xas tvl
fee acoo acop acoq = czj hwf aapi ssd
fef acop acoo = pna gq lmd
feg acoo acop = nlg rvl
feh = ddo dmh fzm
fei acoo acop acoq = aaxo
fej acoq acop acoo = ghs
fek = ezd eqe vhp
fel = jem
fem acoo acoq acop = njw
fen acoo = mpn acjz
feo acop acoo = xpo abbh pyi
fep acoo acop = yvm
feq = uww
fer acoo acoq acop = aazg
fes acoo = ehi jch aarz
fet = yol mbc
feu = hyb onu xdm gc
fev acoo = apl
few acoo = fhz
fex acoo = kyf jzs
fey acoo = fwp wdr
fez = hci
ffa = zzg
ffb acoq acoo acop = fji wnt zms gcf hep
ffc = wlk wle
ffd acoo acop = xze
ffe = zc
fff acop acoo = kqg
ffg acoq acoo acop = abgf wjo zya iic
ffh = zks
ffi acoq acop acoo = ina pyx jhe hfm
ffj acoq acoo acop = hvo
ffk acoo = yrn gdf tlz upj
ffl acoq acop acoo = dy
ffm acop acoo = abpr fzz ytj
ffn = kvc blw acgf
ffo acoq acoo acop = qil
ffp = ovy
ffq acop acoo = usr
ffr acoo acop = ced
ffs acop acoo acoq = bok
fft acop acoo = gsq cuc eqg (abfv fmv)
ffu acoo = pyq
ffv acoq acoo acop = ira
ffw acoo = jxj
ffx acoo = kiq acoo
ffy acoo = vfz
ffz acoo = lai xuc (bye mnq)
fga acop acoo acoq = rcp
fgb acoo = acko bfd
fgc = mfy
fgd acop acoq acoo = ryq mww wxq
fge = drq
fgf acoo = fvw dei
fgg acoo acop = cbm
fgh = mxs
fgi acoo acoq acop = joo vhy
fgj acoo = dgl
fgk acoo = tyr
fgl acop acoq acoo = fux
fgm acoo acop = mym nol yfo
fgn = skp
fgo acoo = tk
fgp acoo acop = epz gcz amt
fgq acoo acop = acns
fgr acoq acoo acop = jw
fgs acop acoo acoq = oad yed wla
fgt acoo acop = vkh
fgu acoo = wco
fgv = ymg aabf
fgw = rt
fgx acoo acop = hnn yqu cet
fgy acop acoo = aagc
fgz acoo = gml ehp lqi cjc
fha = aup (sqi cjt)
fhb acoo = lzf
fhc acoo acop = mxn
fhd = dzf
fhe = jxk idl
fhf acoo acop = lbk cmr
fhg acop acoo = sys aaza fwx
fhh = ujz aacq vql
fhi acoo = rle nkd aciw ooc
fhj acop acoo acoq = ojd ozj
fhk acop acoo = mhx
fhl = mum hck
fhm acoo = phs
fhn = sdd
fho = yxx kb oou
fhp = fzw
fhq acoo acop acoq = glk
fhr acoo = qtd zdp
fhs acoo acoq acop = xcp
fht acoo = pwq gfp dhl
fhu acop acoo acoq = bne
fhv acoo acop = moe
fhw acop acoq acoo = yra vos fnw
fhx acoo acop = soy
fhy acoo acoq acop = pid
fhz acoo = krz
fia acoo = abvg hgw
fib = tel
fic acoo = qpj
fid acoo acop = hns pst
fie acop acoo acoq = bvz
fif = bst
fig acoo = xpd
fih acop acoo acoq = zxs
fii acoo acop = iwn
fij acoo = wnp
fik = wsr
fil acop acoo = gwb
fim acoo = sw vgj xne aoa
fin acop acoo = aatk
fio = far
fip acoo acoq acop = fum
fiq acoo = lvl
fir acoo = zdc izq cki
fis acoo acoq acop = hxp
fit acoo acop = baw
fiu acop acoo = fce
fiv = akm
fiw acop acoo = pyv ptg
fix acoo = xyo azm oft xqs
fiy = glv zpk ezf
fiz acop acoo acoq = rjd
fja acoo = hwj
fjb acop acoo acoq = tpq
fjc acoq acop acoo = asj
fjd acoo = absr acno ayx
fje acoo = nte
fjf acop acoq acoo = ddi
fjg acoo acop = vls
fjh acoq acoo acop = uvz dqq (nwt wyc)
fji acop acoq acoo = mzf iii
fjj acoo acop acoq = kst
fjk acoo = kge
fjl acop acoo = ypq tha fnx
fjm = nhf mzj erh
fjn acoq acoo acop = jiy
fjo acop acoo = acmo vr hug
fjp acoo acoq acop = lfl
fjq = dcn fyq
fjr acoo acop = siy ryy vjz lrd
fjs = xnk
fjt acop acoo = qlq
fju acoo = zyk
fjv acoo = etf
fjw acoo acop = jdq
fjx acoo = ppx ycw jwy
fjy acoo acop = qde
fjz acoo acop = aayv
fka acop acoq acoo = aavv
fkb acoo acop acoq = orp
fkc = hpn
fkd acoo acop = yza
fke acoo acop = xrf
fkf = nkl
fkg acoq acoo acop = eth
fkh acoo = aavv gux
fki acoo acoq acop = aart pds
fkj acoq acoo acop = kjw
fkk acop acoq acoo = hre
fkl acop acoo acoq = kbg
fkm acoo acop = aclq wje
fkn acoq acoo acop = aaxm
fko = ehm xh
fkp = jts
fkq acop acoo = sji gfx wii fhc hbi
fkr acoo acop = voj lap qad tpc zsm
fks acoo acop = mjx sez
fkt = etn iqh
fku acoo = qaa
fkv acop acoq acoo = lmm aapx fms
fkw = gup
fkx acop acoq acoo = zew
fky = aavb
fkz acop acoq acoo = dol ccn noc jog hwh
fla acoo = zrq fxt fnt
flb = jrs
flc = abvo
fld acop acoo = acfr ukk
fle = dyz acok yns lff
flf acop acoo = ujp
flg = zzy
flh acop acoo = zgy
fli acop acoq acoo = ki siz jxq
flj acoo acop = qxz
flk acoo = sgo
fll acop acoq acoo = kxb
flm = vix
fln acoo = cpb
flo acoq acoo acop = lpq
flp acoo = sqk
flq acoo acop = sl jvh abdj
flr acop acoq acoo = ani
fls = jbi uvs pdt
flt acoo acoq acop = irn eyu
flu = acnj (fpk acds)
flv acoo = hjm
flw = ldy
flx acoo = acc nzs
fly = vub abty vxc grb
flz acoq acoo acop = gtp vtr
fma = ebr wsu
fmb acoo = hdv
fmc acoo = jb lxt (wrp dxb vqq)
fmd acoo acop = jgm
fme = lxi fdc
fmf acoo acop = uzo axd tjs
fmg acop acoo = bof dvw dvi
fmh = odo
fmi acoo acop = mor
fmj acop acoo acoq = enl
fmk acoo = zyp sfa aka
fml acoo acoq acop = dck
fmm acop acoo = abqo abqz nbs
fmn acoo = whv
fmo acoq acoo acop = tmq
fmp acoo acop acoq = ieb
fmq acop acoq acoo = gga aazq fkk
fmr acoq acop acoo = npl
fms = abxy ear brh
fmt = rol bef abri
fmu = rhp
fmv acop acoo = vfg
fmw acoo = tgo aze
fmx acoo acop acoq = ceb
fmy acoo = buu
fmz acoo = fhf
fna acop acoq acoo = cy
fnb acoo = jcg zkt
fnc acop acoo = acnk
fnd acoo acop = mvg
fne acop acoq acoo = kvx
fnf acoo = bsx
fng acop acoq acoo = iiw
fnh acoo = bsp sic lqq
fni = ftr itq
fnj = ci
fnk acop acoo = qnz (kqh noz nxp kmg)
fnl acop acoo = bua
fnm acoo acop = zil apk
fnn = kbk xa
fno = hol
fnp acoo = rhm
fnq acoo = yzb
fnr acop acoo = dki
fns acoq acoo acop = asa npn gli nxb
fnt acop acoo = jjo
fnu = dcb
fnv = btk xhs
fnw acop acoq acoo = fxd iff fgk
fnx acoo acop = zod
fny acoo = xbg
fnz = adk wbz
foa acoo = elu
fob acop acoo = tiv
foc acoo = ino achn hcy
fod acop acoo = achw
foe = sxp
fof acoo acop = euy
fog acoo = kvz stt uy zhe
foh acoo = kdw
foi acoo acop = lsh yng abxz
foj = cei
fok acoo acop = acaj mg
fol acoo acop = qmj mlr
fom acoo acop acoq = iid vmx sqc gxc
fon acoq acop acoo = igx lgm znx
foo acop acoo = bvz
fop acop acoq acoo = bhu
foq acoq acop acoo = abhd nel wxl tmy
for acoo = ozp
fos = keb
fot acoo acop = bnk
fou = fqq
fov acoq acoo acop = kgz mbb zed xsc
fow acoo = rdg
fox acop acoo = vep
foy acop acoo acoq = ptt
foz acop acoo = efg brz lbz
fpa acoo acop = aaex vnr fbr
fpb = tml
fpc acoo acoq acop = wqb
fpd acoo = uai
fpe acop acoo acoq = us
fpf = lql
fpg acoo acop = dy
fph acoo = zr
fpi acoo acop = ixg
fpj acoo = prs pdm axu
fpk acoo = dwv rgi (mlv hhm)
fpl = onx
fpm acop acoo acoq = aari sgs nqh
fpn = oem
fpo acoo = iok vnm
fpp acoo acop = fka htx
fpq acoo = mlm qyg elz
fpr acop acoo = xpv msp alb dnv
fps acoo acop acoq = uva wol aaks
fpt acoo acop acoq = sza upq
fpu acop acoo = xep
fpv acop acoo = ost
fpw acoo acop = nai (luc elx)
fpx acop acoo acoq = mfa ybp xwl
fpy acoo = qhp uqp
fpz = pnp
fqa acop acoo acoq = sqw
fqb acoo acop = ovh aafm
fqc acoq acoo acop = nfh rhw wca
fqd acoo acoq acop = lrd lhr
fqe acoo acop = gzw
fqf acoo acoq acop = nof
fqg acop acoo = ios
fqh acoo acop = aawp abiv
fqi acoo acop = kas
fqj acoo = vqd kyh rxf
fqk acop acoo acoq = iwz
fql acop acoo = bhl
fqm acoq acoo acop = uke uaf
fqn acoo acop = rnk
fqo acoo acop = cgy
fqp acoo = sqk coa xsv gnx
fqq acoo acoq acop = hox
fqr acoo = zzc qa
fqs = fca lwc mur ipp
fqt acoo acoq acop = ccq mau xwk
fqu acoo acop acoq = fkt
fqv = izt
fqw = ndq
fqx = zyu qsf
fqy acop acoo = rvx
fqz acop acoo = uk eaq (grx ife tto)
fra = pxl uga
frb acoq acop acoo = tqr
frc = gbl
frd = gtq
fre acop acoo = evh
frf acoo = yrs
frg = lfj kan
frh = bjy
fri = igz
frj acop acoq acoo = bdb pfl
frk acoo acop = xxp
frl acop acoo = dle mzn
frm acoo acop = atm
frn acoo = dfl vdv vqu
fro acoo acop = mot ajr ckn
frp acoo acop = xjb
frq acoo acop = dmg
frr acoo acoq acop = adu
frs acoq acop acoo = dif ugx
frt acop acoo = nnk
fru = vbq
frv acoq acoo acop = ex wmf gtu wqs dfm
frw = uvl yha hud mlj
frx = acme uiw
fry acoo = pty
frz = lxe
fsa acoo acop acoq = ofn
fsb = tkq csi
fsc acop acoq acoo = zpv fyb
fsd acop acoo = tyn kex tbx
fse acop acoq acoo = fqu ccg exa fig
fsf acop acoo = vus
fsg acop acoo = pem
fsh acoo acop acoq = omn cwt
fsi acoo acop = zxg oew
fsj acop acoq acoo = wap
fsk = acev
fsl acop acoo = mnf
fsm = kio eyr
fsn acoo acop = kej (uym lj hxi)
fso = gda
fsp acoo = rty acmk luh knf
fsq = xlp lwy edg
fsr acop acoo = nuo mft uq
fss acop acoo acoq = fyz
fst = aaxo jch
fsu acoo = onp tjh smc
fsv acoo acop = uxe pyi aaaw
fsw acop acoo = ojs xkg
fsx = snv
fsy acop acoo acoq = cjm
fsz acoo = uzu
fta = zrd
ftb acop acoq acoo = kkm
ftc acoo = xve jz
ftd acop acoo = rgp
fte acop acoo acoq = ouv
ftf = oi
ftg = abil srq
fth acop acoo = kgm fad
fti acoo acop = ovc
ftj acoo = aagi kpt jbn
ftk acop acoo acoq = vym (ayl gbj) xh nxj
ftl acoo acop = nss
ftm acoo = pnp absb tjq
ftn acoo acop = bg acob
fto = dky dkt
ftp acop acoo = afm abec ypn cou
ftq = zpu
ftr acop acoo = twa abyu zvi
fts = cqx arh whj
ftt acop acoq acoo = axg
ftu acoo = xql abdi rhj
ftv = xwr
ftw = ywp
ftx acoo = zee vel rcc
fty acoo acoq acop = hss
ftz acoo acop = gdb
fua acoo acop = zg
fub acop acoo = rlv hpe
fuc = bdq
fud = snh
fue acoo acop = abmj
fuf acoq acoo acop = wgl
fug acoo acop = vmz
fuh acop acoo acoq = ids abkn clw
fui = mqu
fuj acoo = qub
fuk acop acoo acoq = ugn
ful acoo = g
fum = txl yoc
fun acoo acoq acop = bqd
fuo acoo = vbf daw fyc
fup = nwq
fuq acoo acop = qrr vcn jsh
fur = jv gud
fus = pxb
fut = ywn wkl udu
fuu acop acoo = wmo kzh
fuv acoo = csu eao yrv erg gua
fuw = aags aalm acdl
fux acop acoo acoq = itc xaj fce
fuy acoo acop acoq = faz
fuz acoo = ogy
fva acoo acop = abes mht zsc nvq
fvb acoo acoq acop = yoq xea gip
fvc = oof
fvd acop acoo = kcq
fve acop acoo acoq = ae
fvf acop acoo = ycf
fvg acoo = ixr (kvu fux lso)
fvh acoo = obc
fvi acoo = hsy guw zaz
fvj acop acoo = wax jum axp grj ial
fvk acoq acoo acop = accb
fvl = csd
fvm acoo = wjf
fvn = gmq kkr
fvo acoo = qww xui
fvp acoo = aclb
fvq acoo = buq hua
fvr acoo = ovl cmy
fvs acoo acop = tph
fvt acoo = zuo (bep blh ig)
fvu acoo = xsr
fvv acoq acoo acop = tqr (ibt onn inl qda)
fvw = ylw dqg
fvx acop acoo = ctn
fvy = tud hot
fvz acoo = abcg
fwa acoo = ooy
fwb acop acoo = oci dby
fwc acoo = czj vva
fwd acoo acop acoq = jie
fwe = lhe
fwf acop acoq acoo = jea
fwg acoo = dwi
fwh acoo acop = znt
fwi = bhl xlq
fwj acoo acop = vff lmy ttb dfu
fwk acop acoq acoo = qpd
fwl acoo acop = nds
fwm acoo = igd ypv kbo xeb
fwn acop acoo = wal
fwo acoo acoq acop = dci
fwp acop acoo = ablj
fwq acop acoo = rup
fwr acoo acop = enj
fws acoq acop acoo = ybo kbo
fwt = qet fhh zsw wom
fwu = cpk
fwv acop acoo = ocl
fww acop acoo = xhw
fwx acoo = ruv bx
fwy acoo = abhm
fwz acop acoo = wtp
fxa acoo acop = iot qrq
fxb acoq acop acoo = nqg
fxc acoo acop acoq = vzo jjo
fxd = uob
fxe acop acoo = lzd laf
fxf acoo acop = owf
fxg acoo = ple
fxh acoo = mkc
fxi = jzl imb hjq
fxj acoo acop = qrw
fxk acop acoo = eby
fxl acop acoo = gsb
fxm acoq acop acoo = nkd qqo sly yza
fxn acoo = qvw
fxo = sjq
fxp acoo acoq acop = cub
fxq = xql kto vqp
fxr acoo = lcw
fxs = jvs qnw
fxt acop acoo = fmo yer nif
fxu acoo acop = why
fxv = tat fjj opr aait wae
fxw = apa chx xwh
fxx = kq zjz ual vge
fxy = bxb
fxz acoo acop = tbg absp nxk
fya = qfb
fyb = xbn lzg
fyc acoo = omo aaqe aagc
fyd acoo = jxp qdj dpe
fye acoo acop = aqo
fyf acop acoo = fah
fyg acoo acop acoq = mez iit fii
fyh acop acoo = wln
fyi = dru
fyj acoo acop = kjt
fyk acoo acop = gui
fyl acop acoo acoq = prz
fym acoo = pjm
fyn acoo acop = ecg
fyo acoq acop acoo = nsh
fyp acop acoo = abau
fyq acoo = ozx
fyr acoo acoq acop = lvx
fys acoo acop = cfb oer nsr
fyt acoq acop acoo = klq
fyu acoo = xjn ujp
fyv acop acoq acoo = abst
fyw = acda
fyx acoo = npo
fyy acoq acop acoo = at lwv
fyz = pkp (ghn abur gnn)
fza acop acoq acoo = wcx enc acoq
fzb = epn
fzc acoo acop = ods tyx qea dza
fzd acoo acop = stb
fze = ocr ypx fck
fzf acop acoo = abul
fzg = cvt acon cvb
fzh acoo = pw
fzi = gwb qbh
fzj = smb hiz
fzk acoo acop = grx
fzl = trz wtm jgk
fzm acoo acop acoq = qvn nia hyk bks
fzn acoo acop acoq = ebw
fzo = hxh
fzp = yzb
fzq acoo acoq acop = lwr
fzr = aasj (vby unk) mqm zih
fzs = pkz
fzt acop acoo = hat qwd acci
fzu acoo = bcf cqc phz ikw
fzv = uce
fzw = wwy
fzx = hfp
fzy acoo = lew
fzz acoo = elo xmo
gaa acop acoo = acfw
gab acoo = epj acky
gac = jyk jju tml
gad acop acoo = sqy htf
gae acop acoq acoo = nb
gaf acoo = tv
gag acop acoo = gud
gah acoq acoo acop = oot
gai acoo acop = nmx
gaj acoo acoq acop = ymy
gak = ipg rje
gal acoo = nnv
gam acoo acoq acop = ugt ijq
gan acop acoq acoo = dvq bnl
gao acoo = tah wgb
gap acoo acop = snq nrj kjw rko
gaq = tlg (tfw dql kvl)
gar = vub
gas acoo acoq acop = rwi
gat = wvk wqb whe
gau acop acoo = aqc rns (uet dab)
gav = dpf zta mes
gaw acoo = wkr zoh mxj
gax acop acoo = hsq
gay acoo acop = abiv tjv zyr
gaz acoo = tzr vss egn
gba = acnd reb xrv hzq
gbb acoo = ewp abdn mny ewu azc
gbc acoo = yj ixv
gbd = mtc
gbe acop acoo acoq = npw
gbf = opd
gbg acoo acoq acop = ueh
gbh acop acoq acoo = abew
gbi acoo acop = fgz mlf gwe
gbj acop acoo = unl frm
gbk = pye
gbl acoo acoq acop = kef fuo (evb gog)
gbm acop acoo = klq
gbn acoo = dar ygv qgl
gbo acoo acop acoq = kry
gbp acop acoo = tbc fog
gbq acoo = aama
gbr = olb bvk smj ptj
gbs = abvx fxs awf job
gbt = par (whn nnd wcd)
gbu = mdi
gbv acoo = alx
gbw acoo = doh
gbx acop acoo = hse imb uhk abfh
gby acoo acop = cmh
gbz = wsc
gca acoo = bei
gcb acoo = ish
gcc = eam
gcd acoo = gcb
gce acop acoo = sbx
gcf = rcw
gcg = aayq
gch acoo = vsu sjg
gci acoo acop acoq = abck wgy
gcj acoo acop = rkw urm
gck = ytx mpp uuc uwp
gcl = bka
gcm acop acoo = nlo ygy wrr but red
gcn = fpz
gco acop acoo = ftz slb plq ehf ucz
gcp acop acoq acoo = ebe
gcq acoo = ur
gcr acoo acop acoq = abaq ogl
gcs acoq acoo acop = hko luh
gct acoo acop = bvg
gcu acoo acop = kno vqe
gcv acoo = hkm
gcw = obu fjp tyv abau
gcx acop acoo = pna edh ovp rsc
gcy acop acoo = eoy uox pkh
gcz acoo = gyq
gda acoo = euu
gdb acoo acop = srj eki
gdc = lgl lyc
gdd acop acoo = uas
gde acoo acop acoq = axc
gdf = zw sgp
gdg acop acoq acoo = aaju (yfc jpn vji)
gdh = zhj
gdi acop acoo = fby
gdj = yks rpv
gdk acoo acop = tmc
gdl acop acoo = xgu
gdm acop acoo = ntr
gdn acoo acop = nrj
gdo = cki wtf qhj
gdp acoq acoo acop = vef ynr zlt
gdq acoq acoo acop = acly
gdr acoo acop = rkd laa kym aalc
gds acoo acop = ogf yjs cgw utq
gdt acoo acop = yyk png
gdu acoo = udc
gdv acoo acop = luj
gdw acop acoo acoq = mwj pyo
gdx acop acoo = yw cx ahd abqe
gdy acoo acop acoq = vaa wby qnm bdd
gdz acop acoq acoo = qke
gea acoo = roj rft
geb = ack hpi iau
gec = dqg sdr qkf qls
ged = ueb
gee acoo = ydq
gef = sgb
geg acop acoo acoq = qfg
geh acop acoo = dnk
gei acoo acop = ksq
gej = lnb jfw
gek acoo = abbw qnu ymk ims
gel = vq
gem = cgm (rad zhs)
gen acoq acop acoo = aaqf esx
geo acoo = abkg
gep acop acoo = yrn
geq = rrr
ger = tbx
ges acop acoo = aati jqv
get acoo acop = utq qoh uim
geu acoo = vou
gev acop acoo = qaj bga
gew acoo acop = zko dgb mkx
gex = ozu tqt absf
gey acop acoo = ted hco yet
gez acoo acop = tuh jdo
gfa = fap eoe pst
gfb acoo acop = hii
gfc acoo = byc
gfd acoo = xwz qml aawc
gfe = abxt achf aasr
gff = pll
gfg acop acoq acoo = gkz ggv atu abtx
gfh = jln achg aqj
gfi = tt shx
gfj acoo = ion ygq
gfk acoo acoq acop = kio rym edz ytz bez
gfl acoq acoo acop = sxp ubr kpw
gfm acop acoo = fwe
gfn acop acoo = nvy
gfo acoo = aaib
gfp acoq acoo acop = bsl xoh
gfq acoo = oy
gfr = gjq ify qpc qlx
gfs = npt yak dql
gft acoo = tie pyo
gfu acoo acop = acie akh
gfv acoo acoq acop = eko
gfw acop acoq acoo = exx
gfx acoq acop acoo = qpz ayp
gfy acoo acoq acop = t dwi tlb
gfz = diz
gga acop acoo = fjq knh
ggb acoq acop acoo = kuh foa
ggc acoo = awh fdl
ggd = zib pli iln uvm
gge = zvm llo
ggf acoo acop = uky flm (twd jcl) oqy
ggg acoo = stx ryz
ggh acoq acop acoo = oue kfz aqh
ggi acoo acop = hmx
ggj = aru aal
ggk acoo = odt rqd
ggl acoo acop = zpe
ggm acoo acoq acop = doh
ggn acoq acop acoo = dvc
ggo acop acoo = ysd
ggp acop acoo = lde
ggq acoo acoq acop = ihq
ggr acop acoo = vkk
ggs acop acoo = ro
ggt acop acoo acoq = hwi ziu
ggu acoq acop acoo = abbp eql ahy vtp
ggv = lll hyf aclu ifs
ggw acop acoq acoo = idx
ggx = hoc
ggy acop acoo = aca
ggz acoo = ich fze rmt
gha acoo acop = fiq cud
ghb acoo acop = xlv abbw tyb zxj
ghc acop acoq acoo = khf
ghd = wkt
ghe acoo = rye hno sxv bvd
ghf acoo = dau
ghg acoo acoq acop = uex
ghh acop acoo = eaq xsn
ghi acop acoq acoo = cid
ghj acoo acop = kyf (jks teo jlz)
ghk acoq acop acoo = mg
ghl acoo acop acoq = uw
ghm acoo = fgx ppk bpe
ghn acoo acoq acop = aaco cjn
gho acoq acop acoo = avv
ghp acoo acop = pyb
ghq = uym
ghr acoq acoo acop = qyx ytg ywa hnh
ghs acoo acop = bmi ptp
ght = ptg fnr
ghu acop acoo acoq = wrf aaoe
ghv acoo acop = vur
ghw acoo = hbl
ghx acop acoq acoo = mix tlv
ghy acop acoo = accb
ghz = jqx dvg ogx ltj juw
gia acoo = qow
gib acoq acop acoo = wol mty acmb cqj abhx
gic acoo acop = mgh
gid acoo = vyc
gie acop acoo acoq = aciz
gif acop acoo acoq = dsy
gig acoo = abfl acdt ayj
gih acoo acop = xz
gii acoo acop = ewb
gij acoo = kb
gik = isq
gil acop acoo = wbi
gim acoo acop = qbx vt
gin acoo acop = uep
gio acoo = ivb
gip acoo acop = jrp
giq acop acoq acoo = rix bof irz aza
gir acop acoo = acfx twx
gis acoo = ppx
git acoo = wmv
giu acoo acop acoq = njr
giv acoo = ovr hht vek caz
giw acoo = hgg
gix acoo acop acoq = szs abew ljk
giy acop acoo = pls
giz acop acoo = uyc tmo wma
gja acoo acop = kwc hbv rwy
gjb acop acoo = rtt (wyt uct)
gjc = ikk ppn amh igw
gjd acop acoo = eac
gje acoo acop = bqc
gjf acop acoo acoq = bgk gep rzq zcq
gjg acop acoo = sua wlv aaxa
gjh = jaj
gji = fgp
gjj acoo acop = yuo sml hzx
gjk acoo acop acoq = qlm
gjl acoo acoq acop = shf
gjm acoq acop acoo = wo
gjn acoo acop = wgf rbm
gjo acoq acop acoo = crb
gjp acop acoo = aans iyy ddz
gjq acop acoo = qdj
gjr acoo acop = ewa
gjs acop acoo acoq = aame
gjt acop acoo = fjy
gju acop acoq acoo = abuz
gjv acoo = aqv her abgt aayz
gjw acoo acop = znw
gjx acoq acop acoo = mkk
gjy acop acoo = ztx smd
gjz acop acoo = wfa
gka acoo acop = sol uob tcx niy
gkb = rhi
gkc acoo acoq acop = try wzw oc
gkd = lva
gke = hno
gkf acop acoq acoo = gdc
gkg = ydc qla tnv
gkh acoo = jqd
gki acoq acop acoo = dsp by axp
gkj = lji
gkk acop acoo = ugq
gkl acoo = zdp
gkm acoo = wum
gkn acop acoo = sia
gko acop acoo = ced (aaxy flb)
gkp acoo = elh bvg fma vnh zry
gkq acoq acop acoo = azk
gkr acoo = kov crs jwt nyn
gks = acij
gkt acop acoo = rff
gku acoo = ekb
gkv = hen
gkw acoo = tnl fpr fks
gkx acop acoo acoq = ftq
gky = yjt cwb jyz ivo soo
gkz = abig oko
gla acoo acoq acop = nyt the
glb acop acoo = aawn tsn hqo bqc lgs
glc acoo = jwj
gld acoq acoo acop = aaun
gle acoo acop = osa ala
glf = hlk ots ad aasv
glg acop acoo = ziz
glh acoq acoo acop = otw
gli acop acoo = wgs
glj acoo = ngb lt
glk acoq acoo acop = ozt olh
gll = abpj
glm acoo acoq acop = otm
gln acoo = idp
glo = jez
glp acoo = lpi aaiv (ifh nqy)
glq = hkw aces vxk abtp cga
glr acoq acop acoo = ird
gls acoq acop acoo = bmv
glt = aaqc
glu = yuv
glv acoo acoq acop = aanf
glw acoq acop acoo = whq qtn abx qao acij
glx acoo acoq acop = vga
gly acoq acoo acop = lkk scr
glz = rqb ebk ovi
gma acoo acop = tjq
gmb = agr edk
gmc = tox
gmd acoo = jyw
gme acoo = sk abcp
gmf = jli
gmg acoo = hmz vxx
gmh acoo acop = jkc
gmi acoo = txv nis ksw
gmj acoo acop = ezx ovb asu
gmk = uls
gml acoq acop acoo = aka msw fha
gmm acoq acop acoo = fpz upv jl
gmn acoo acoq acop = zuh oju tdl
gmo acoo acop = ypx qkt
gmp acop acoo = uzg
gmq acoo acop acoq = jan
gmr acoo = nkb nlc
gms acoo acop = aaoa
gmt acoo acoq acop = lxi
gmu acoo acop = smk
gmv acop acoo = juf roa vdo
gmw acoo acop = zhd bor zc
gmx = abgv qmm ixi
gmy acoo = gur ocv aclb
gmz acoo = rcl
gna acoo = zoe cap bnp abkq jrd
gnb acoq acoo acop = mzy
gnc acop acoo = coq
gnd acoo acop = hea ltl acix
gne = uag eci ghe
gnf acoo = zec
gng acop acoo acoq = esh cey
gnh acoo = dvb
gni acoo acop = jjv tje fdt
gnj acoo acop = mgs jri txk
gnk acop acoq acoo = vlo
gnl acoo acop = sau yz kfw
gnm = zcl mmh lm inr nuu
gnn acoo acoq acop = dor
gno acoo acoq acop = ugw tjw acej poo
gnp acoo acop = orn bxv sgv
gnq acoo acop = nvi
gnr = lmn
gns acoo = ypl cwg dqu
gnt acoo = xcs
gnu acoo = txg uji (fqo sbh)
gnv acoo = ijx iue aciz
gnw acoq acoo acop = eog oio
gnx = lte rzh
gny acoo acop = ubx
gnz acop acoo acoq = hyk abqc eug
goa = bbt
gob acop acoo acoq = xhn nbi uuo
goc acoo = nvp
god = yse azh qau tdt
goe = mzi lhq
gof acoo acop = gxx
gog acoo = abqb
goh = ulq
goi = gzg
goj acoo acop = kzc
gok acop acoq acoo = rkn
gol acoq acoo acop = accj ta
gom = vfp kei hsx
gon acoo = tll sbq
goo acoo = nbt
gop acoo = mpz
goq acop acoo = gsd
gor acoo = mrg
gos acoo acop acoq = eet
got = mef
gou acoo acop acoq = qxl
gov = dux
gow = abbj brp ohz
gox acop acoq acoo = vpv
goy acoo = kbv dly axq
goz = rbc
gpa acoo = ksl kry
gpb = ebf
gpc acoo = exj jim zoz iyh
gpd acoo = pqk abqg rlm
gpe acoo = uwm
gpf = sxq
gpg acoo = bso
gph = ce
gpi = fj
gpj = nfy oeq
gpk acoo = vyg
gpl acoq acoo acop = yvq tzc
gpm acoo = iwd awl
gpn acoo = tnh
gpo = nkx
gpp acoo = sji lo xln ytl
gpq = huo
gpr = phg
gps acoo = bui
gpt = lzh
gpu acoo = kfq qqv
gpv acoq acoo acop = alx dmk zxw yep
gpw acop acoo = try (voz cxs qhu)
gpx acoo acop = wqm
gpy = aaii kwx col
gpz acoo acoq acop = ivc
gqa = dth
gqb = jyz
gqc acop acoq acoo = zmf aid
gqd acop acoo = ruy
gqe acoo = dfh
gqf = xir
gqg = ymo
gqh acoo acop acoq = dxz
gqi acop acoq acoo = hqh mk uhe zka beb
gqj acoo = wpq
gqk acoo = xtq
gql acoo acoq acop = dsc gpc
gqm acop acoo = wl qtm
gqn = acla vdh
gqo acoo = cfe
gqp acop acoo = njj aed
gqq = dwp tvo nyn sbo mhg
gqr acoo acop = emn
gqs = bkb
gqt acoo acop = aarl
gqu acoo acop acoq = aasr
gqv acoo = tff ynr xrn
gqw = vip
gqx acoq acoo acop = voh
gqy acoq acoo acop = afv
gqz acop acoo = bdd
gra acoo acop = rzf
grb acop acoo acoq = qwl
grc acop acoo = rmz
grd acoo acop = hjn tog sji
gre = mqr
grf acoo acop = fyy sir (ymn abjk abco)
grg acoo = maf
grh = rwh
gri acoo = abds ony nfi
grj acoq acoo acop = zyo
grk acoq acoo acop = keu
grl = brp abwl
grm acoo = ejn
grn = eqj
gro = aqu ywi
grp = acig pw
grq acop acoq acoo = rww
grr = sjj jjd wm
grs acop acoo = aark
grt = lrt
gru acoq acop acoo = zpw
grv = tru
grw acoo acop acoq = fgj
grx acoo acoq acop = kv bmz
gry acoo acop = zqt
grz acoq acoo acop = heb nid
gsa acoo acop acoq = eok imq
gsb acoo = yko
gsc acoo acop = vku fwq hzv
gsd = dkm
gse acoo = htq
gsf acoo acop = hyn yqx kve
gsg acop acoq acoo = atq
gsh = vzm aarp iig
gsi acoo = kat abto qiu ozc
gsj acop acoo = acbk
gsk = hzt
gsl acoo = otl bet wud
gsm acoo acop = otb tsk mtq grb
gsn = ek
gso acoq acop acoo = aajt
gsp acop acoq acoo = yrt
gsq acoo = itz mmj
gsr acoo = jtd
gss = foy
gst acop acoo = scs
gsu = cnr qms aaps aapr
gsv acop acoo = tuq
gsw = ayp rca qna
gsx acoo acoq acop = zzz
gsy = rjd abeg
gsz acoo acop = qgs
gta = aaxm
gtb acoo = vks hpy nlo oej
gtc acoo = mqn kiu
gtd acoo acop = rcy
gte = abap
gtf acoo = dkl
gtg acoo = fyt
gth acoo acoq acop = aced
gti acop acoq acoo = ncf hgq
gtj acoo = wyv qry
gtk = gmk
gtl = yto
gtm acoo acop = ypz zfq
gtn acoo = qco
gto acoo acoq acop = vup
gtp = qwp
gtq acoo = zko ntg pia rbx csx
gtr = gzd jgk ved
gts acop acoo = tfk
gtt acop acoo acoq = kew
gtu acoo = pul zkd qcj kdk
gtv acoo = kyr
gtw acoo acop = soe
gtx acoo acoq acop = tdx
gty acop acoo = dca ryt vwb
gtz acop acoo acoq = eka
gua = isk tpi
gub = acci
guc acoo = scw nmc own
gud acop acoq acoo = inp
gue acop acoo acoq = vxr
guf acoo = zxk
gug = tvi
guh acop acoq acoo = rzp
gui = kcp
guj acoo = mrv hkx
guk acoo = gga idn fre tca abjm
gul acoo = cat lwj
gum = jci
gun acoo = dg
guo acoo = uoe vmb
gup acoo = wbm
guq acoo acop = hiu
gur acoq acoo acop = ndz vkf
gus acoq acoo acop = atp
gut = vrx
guu = ojk mrk
guv = pvc
guw = abxs
gux acoo acoq acop = nyi
guy acop acoo acoq = gin
guz acoo acop = wir
gva acoo = lys fos sti kjk
gvb acoo = mvn
gvc acop acoo = uhw
gvd acop acoo = jug
gve acop acoq acoo = mty and
gvf acoq acop acoo = kws nls teo abwv zuq
gvg = ptg
gvh acoo acop = rqk
gvi acoo acop acoq = ojp
gvj acoo acop = gae
gvk acoo acop acoq = rko rjc
gvl acop acoq acoo = eqy
gvm acoo = kez
gvn = kzt
gvo = sjo
gvp = ypr qvv
gvq acop acoo = zmh
gvr acoo = aoo
gvs acoo acop = pbz
gvt acoo = xzt zzi gjl
gvu acop acoo = iyw
gvv acop acoq acoo = aaxb abag (xxr ilm)
gvw = opu
gvx = uio
gvy acoo = rkb nmp
gvz acop acoo = frp
gwa acop acoo = abik
gwb acop acoo = pqs
gwc acoo = pcl
gwd acop acoo acoq = pm
gwe = wzh bra vyk upe
gwf = leu sbf
gwg acoo = aec
gwh acop acoo acoq = aawo ok nvy
gwi acoo = fqq
gwj acop acoq acoo = acla pub abdw msb sbg
gwk acoo acop = mzg
gwl acoo = hsq
gwm acoo acop = abbv
gwn acop acoq acoo = xvd pfr
gwo acoo = hve rgm pfo
gwp acoq acoo acop = hcq
gwq = aalm laz
gwr acop acoo acoq = aafg
gws = uxb atn iy
gwt = awm vsz
gwu acoo = bli szf
gwv acoo = abvk ooq wlr
gww acoo = ejz mcg jmk
gwx acoq acoo acop = sve dbt
gwy = abxo lhb
gwz acop acoo acoq = isf
gxa acoo acop acoq = baj aaeo cdv
gxb acoo = mfs
gxc acop acoq acoo = oqp
gxd acoo = ubx
gxe acoo acop = fwn
gxf acoo acop = pea
gxg acop acoq acoo = dmx
gxh acop acoq acoo = xia jmh hnr
gxi acoo acop = wng
gxj acoq acoo acop = fzb
gxk acop acoo acoq = jdy
gxl acoo = rws
gxm acoo = hzu jka qlq
gxn = awj nqr mma
gxo acoo acop = kfd aadc cog
gxp acoo acop = mfu aazh
gxq acop acoq acoo = pil
gxr = pnx ujv qbe
gxs acoo = lpl
gxt = dtt une vxk hmq
gxu acoq acoo acop = hnv
gxv = fzq
gxw acop acoo acoq = afv jcl
gxx acoo = abjl
gxy acop acoo = rtc jdx
gxz acop acoo = bhu
gya = gcr
gyb acoo = qud
gyc acop acoo = nof iaj abyj
gyd acop acoo acoq = hvq abaj ki ntw
gye acop acoo acoq = vdg
gyf acoo = abr ooy
gyg acoo = koi
gyh = tmx oyd
gyi acop acoo = lkh
gyj acoo acop = sc
gyk = epv stq pkv ppt
gyl = bfu ykv joe aauu
gym acoo = awj jhd
gyn = oyo
gyo = tcp
gyp acoo acoq acop = ayg
gyq acoo acop = mfe eir
gyr acoo acop = wjy fvo
gys acoo = swh
gyt acoo = xdd wcu huv
gyu = qju ngo ztz
gyv acoo = mou
gyw = ghl hor aha
gyx acop acoo = aakg
gyy acoo acoq acop = pcn mtv kgh
gyz acoo acop = jzz
gza acoq acoo acop = ecb ovw (fhh acil)
gzb = vxw
gzc = ovn
gzd acoo = svg rto
gze acop acoo = kxs ico ibh
gzf acop acoo = gwc
gzg acop acoo = bvu
gzh acoo acop = gfb cmb
gzi acoo acop = abso djs aaup
gzj = hu gxd xov
gzk acoo = wtw ugr byg gbv
gzl acoo = wba
gzm acop acoo acoq = nbc
gzn = njz req rqq jps
gzo acop acoo = cik abaj
gzp acoo = pxq oys
gzq acoo = bhp ctk scd jyt
gzr = tmn yia
gzs acoo acop acoq = cha
gzt acop acoo = hlw
gzu acoq acoo acop = pdk
gzv acoo acoq acop = pxk yez
gzw acop acoo = gfk cfu
gzx acoo acop = aim rfr lkb kk vii
gzy = abny
gzz acoo acop = wjy etq
haa = cft
hab acoo = pns
hac acoq acoo acop = xly
had acoq acoo acop = jd
hae acoq acop acoo = nov puu
haf = jvu
hag = jli
hah acoo acop = ryx nnn
hai = ixu upi zhe
haj acop acoq acoo = fqs aadt mea pky
hak acoo = jtq pgj
hal = abyf
ham = yqh
han acoo acop = rfc
hao acoo acop acoq = hhq bzy (hob ggp)
hap acoo = qaq (wbb icr) abmv
haq acoo acop acoq = ypa vyj pst dcv
har acoo = gja
has acoo acop = qhw
hat = uom
hau acoo acop acoq = uoe
hav acoo = kzy esf slp hpl
haw acoo = dyz jzq
hax acoq acop acoo = gtk acey srr
hay acoo = ojb oxv
haz acoo = aafd rky
hba = sks
hbb acop acoo acoq = znd
hbc = rcm abug aaet abnl vkm
hbd acop acoq acoo = hwn dtq gev zhc
hbe acoo = absr
hbf acoo = gfd
hbg acop acoo = ptj prc usz
hbh acoo = uvc uno
hbi acoo acop = zst khi
hbj acop acoo acoq = pmj
hbk acoo acop = aash qoq nus
hbl acop acoo = ewm emf
hbm acoo acop = cxj rya (nws tua)
hbn acoo acop = gtu
hbo acoo = llj
hbp acoo = dsx
hbq acoo acop = uby
hbr acop acoo acoq = wnz
hbs acop acoo = uyh xea eev
hbt acoo acop = opt cao fai lqd
hbu acoo = qow
hbv acoo = jyv
hbw acoq acoo acop = bqf
hbx = okh zdw lif
hby acoo = rco
hbz acop acoo = rp
hca = fbn dgx adc yxu
hcb acoo acop = mqn abjt vzr fiu
hcc acoo = crj (roi sqx)
hcd acoo = uhf
hce acoo = epa
hcf acoo = csf
hcg acoo = dul key jrb
hch acoo = gsw abvi
hci acoo = xoa whl xle
hcj acoo = uzh xqv
hck = ozy fck (esi key)
hcl acoo acop = mqf yve iwn abib fhi
hcm acoo = kgy
hcn = cya
hco acoo = xmi
hcp acoo = abjv
hcq = tbb
hcr = mjb rad up
hcs acoo acop acoq = abla
hct acoo = azl qeh rrp
hcu acoq acop acoo = zwk
hcv acoo = kdi dub
hcw = aami aawf fcm npd jbl
hcx = gbe
hcy acoo = acl mwp tyc
hcz acop acoo = gmv fck
hda = wde pic aaxi
hdb acoq acoo acop = bff pfa eez abqk tmk
hdc acoo = dfm
hdd = gtl
hde acoo = nvb
hdf acoo = imv owu yfl
hdg = ovf pfl
hdh acop acoo = ng
hdi acop acoo acoq = drb
hdj acoo = erf
hdk = gsr
hdl = naq vno klu
hdm acop acoo acoq = ovh
hdn acoq acoo acop = vqd
hdo acoo acop = afb uda
hdp = iyl tjy fzx
hdq acop acoo = jbu
hdr acoo = asj
hds acop acoo = gpo
hdt acoo acop acoq = abhr
hdu acop acoq acoo = dwr
hdv acoo acop = dgo
hdw acoo acop = emv mst hmd
hdx acoo acoq acop = zci rvw tgx
hdy acoo = eev
hdz acoo = chp
hea acop acoq acoo = abjx bly fae
heb acoo = onx
hec acoo = nsm gdm eiy
hed acoo = oxy
hee acoo = ztq
hef acoo acop = hgy
heg acop acoq acoo = ipr
heh acoo = xvc hos
hei acop acoo = mfo
hej acoo = sma ghj
hek = xbi isz
hel acoq acoo acop = abbx
hem acoo = uds
hen acoo acop = zz
heo = sce
hep acop acoo acoq = drd gtc
heq = aayc aayq avp
her = eiu
hes acop acoo = owo
het acoo acoq acop = toe
heu = ewj xff zgn
hev acop acoo acoq = hzx aut
hew acoo acop acoq = oix
hex acoq acoo acop = jch
hey acoq acoo acop = jia
hez acoq acoo acop = lwb oud hiw
hfa acop acoo acoq = usi nsl
hfb acop acoo = qjz
hfc acop acoq acoo = jxb
hfd acop acoo = rct
hfe acoo = thl abnr jmw xii
hff = twz
hfg acoo = hum nvl
hfh acop acoo = zry
hfi acoo acop acoq = bee mv osn
hfj = azg
hfk acoo acoq acop = amw ylc
hfl = zls iuk nyu aqm
hfm acoo = bcp
hfn acop acoo = em rcg evz
hfo = gpa
hfp acoo acoq acop = bac uiq
hfq = euo lgs ubd usg
hfr acop acoq acoo = kzf dvn gum aati
hfs acoo = oww
hft acoo = kti
hfu acoo acop acoq = absm dxh
hfv = ecp
hfw acop acoo acoq = phv
hfx acoo = ztg aayi
hfy acoo acop acoq = rba
hfz = fa byd
hga acoo acop acoq = rgm
hgb = sva hve kem
hgc acoo acop = jfr
hgd = uub
hge acop acoo = ptc aaez hko pwe
hgf = uac fxw efs ocu rbk
hgg acop acoo acoq = wgt qcf yzg foq
hgh acoo = zqq
hgi acoo acop = bci uhm mlb prq str
hgj acop acoo acoq = hnb
hgk acoo = ifx
hgl acoq acoo acop = ue itr zsk
hgm acoq acop acoo = gnr fmb
hgn = kjl
hgo acoo = hvh rxu
hgp acoo acoq acop = gqw wsj uim
hgq acoq acoo acop = aph kxm lyj
hgr acop acoo acoq = jxf
hgs acoo acop = tov fvp
hgt = vjp
hgu acop acoo = fzo mwa
hgv acoo acop acoq = ish
hgw = lkq hpd
hgx = kvk zjd
hgy acoo acoq acop = mec
hgz acoq acop acoo = mog
hha acoq acoo acop = bgp suq
hhb acoo = uuw mgb
hhc acoo acop = gxg
hhd = nqy
hhe acop acoo = vra tlx
hhf acop acoo = wzt
hhg acoo = vup (hpr ryn) qhm
hhh acop acoo = twy
hhi = aawp
hhj acoo acop = vrt pqu
hhk = acfl ewd aauf min
hhl acoq acoo acop = lmw com
hhm acoo = fwo
hhn acoo acop = abtw
hho acoo = ixp iji
hhp acoo = wgn
hhq = myt
hhr acoo = elg sfy acel sgk ezw
hhs acoo acoq acop = itw voc etc
hht acoo = wld rwj (abmg ayv)
hhu acoq acop acoo = enf
hhv acop acoo = tdn erh gyj
hhw acoo acop = qtt
hhx acoo acop = nvr
hhy acoo = div
hhz acoo acop = acdx
hia acoo acop acoq = aoo jrm krl
hib acoo acop acoq = zmo qyk
hic acop acoo = gng
hid acoo = acee rfb
hie = aaox lwx bvv
hif acoo = qqe gk zej
hig acoo acop acoq = eow
hih acoo = ycq djc ghn
hii acoq acop acoo = dhp
hij acoo acop = ofw
hik acoq acop acoo = mds
hil acoo = efc lwk aawf
him acoo acop acoq = doo
hin = txd rbm
hio acoo acop = fwe wwn tgt
hip = hou gbi
hiq = bba
hir acop acoq acoo = eqo
his = rgz kvq
hit acop acoo = zf
hiu = jxz
hiv acoo acop = aari wrx tgp
hiw acoo = cbj
hix acoq acop acoo = lkf uav abfi
hiy acoo = vzk gfx jjt
hiz acop acoo = ery
hja acoo = acfm ypt gpa
hjb acop acoq acoo = ekm
hjc acoo = ril gfp axp
hjd acop acoq acoo = jxj
hje acoo = lbh
hjf = jmn xti
hjg = yas
hjh acoo = dql
hji = hjy etv ahf bkk
hjj acoo = yum xzu
hjk acop acoo = kea
hjl = xxz
hjm acoo = opd ojh
hjn acoo = her
hjo acoo = wze
hjp acoo acop = hvv
hjq acoq acop acoo = rqh gab (nxo aavl upk)
hjr acoq acoo acop = pc
hjs = qjy
hjt acoo = kds rxs dyp hvx
hju = upr
hjv acoo = lnn
hjw acoo = cli vkh ptk
hjx acoo = ltu
hjy acoo = cay
hjz acoo = jjo bip
hka acoo acop = qid uha
hkb = nxz xnu nhg
hkc acoo acoq acop = pep xqk
hkd = igv
hke acoo = nyh crm
hkf acoo acop = tsk
hkg acoo = poy
hkh acoo = aaka yku
hki acop acoq acoo = xox xah zis
hkj acoo = sxy (qoe achk)
hkk acoo = rki
hkl acoo = xxp jq vfu
hkm acop acoo acoq = ntt ylo
hkn acoo = yua abto nxq
hko acoq acop acoo = ikr fxy aatj vmj
hkp acoq acop acoo = wjc
hkq acop acoo = dsj
hkr acop acoo = nrt
hks acoo = qyj
hkt = gxk poa xjq
hku = xu
hkv acoq acop acoo = znt
hkw acop acoo = aor aaud nby
hkx acop acoo acoq = yyl
hky acop acoo acoq = wri
hkz = acmt vej cnm
hla acop acoo = vra rgi qbq
hlb acoo acop = rzi agt
hlc = uac
hld acoq acop acoo = juv nsx
hle acop acoo acoq = whi
hlf acoq acoo acop = xbd hxk
hlg acoo acop = ygk yt quh
hlh acop acoo = sco
hli acoo = kxi vma aasi kqt
hlj acoo = mlj fmm rft
hlk = ajj (dpd xxe vae)
hll acoo acop acoq = kvb
hlm acoq acop acoo = jxt
hln acoo = vqv
hlo acop acoq acoo = nhs
hlp = qrq
hlq acoo acoq acop = xwy
hlr acoo acop acoq = sok
hls acoo acop = dqw
hlt acoo = yiu eqb
hlu acoq acop acoo = pbu ixj olc kst
hlv = mex hvd aff wlk ihk
hlw = erl swd
hlx acoq acoo acop = kdh
hly acoo acop = ava
hlz = omb
hma acoo = szx blh rve ejz
hmb acoo = srh
hmc acoo acop = ios
hmd = biu
hme acop acoo acoq = qaa
hmf = nhe
hmg acoq acoo acop = hak
hmh acoo acop acoq = aapy (oek tdg)
hmi acoo = yih
hmj acoo = jwl
hmk acop acoq acoo = kja
hml acoo = xum hid
hmm acoq acoo acop = ulq
hmn acoo = oil
hmo = aajx aaei
hmp acoo acop = bhg ucy lej
hmq = djb
hmr acoo acop acoq = bmk stl
hms acoo acoq acop = psk acno hgq
hmt acoq acop acoo = kip yfr wcq
hmu acoq acoo acop = tqf
hmv acoo = aaxl qfg
hmw acoq acoo acop = hvm
hmx = tdw sca soz ndo
hmy acoo = xwa
hmz = fqt
hna acoq acoo acop = yxl zmh xqh abit acfx
hnb acop acoo = rhh ody ucn
hnc acoo = vwx (axr aaeb)
hnd = daz ybw dst
hne = uds mmq gwh dxe
hnf acoo = cvg nih ccw tny
hng = ygs
hnh acoo = eof
hni acoo acoq acop = gcs ltb nfm
hnj acoo = wrj
hnk acoo acop = ukh gtt hwj
hnl = huk
hnm acop acoo = lgp aaf wot
hnn = abgs
hno acoo = vds emz
hnp acop acoo acoq = msz
hnq acoo = dcp svp
hnr = bwl owj dqg pug aauy
hns = cq
hnt acoo acop = pet
hnu acoo = raq lvs abqz
hnv acoq acoo acop = oku (rkd qkw)
hnw acoo = mtp
hnx acoo acop = thc
hny acoo = qyn
hnz = zzc
hoa acoo = oym
hob = ipy gyk zye
hoc acop acoo = cox xwf sbe
hod acop acoo = zbo
hoe = mkc isc qyq jpk pcl
hof acoo = qqv
hog = maj
hoh acoo = jgl hkw
hoi acoo = wjf
hoj acoo acop = aclz lqp zgs
hok acop acoo = jml
hol = dpe jmp plg zvc oxu
hom = dks gmq to
hon acoo acop = url
hoo acoo acop = mxk
hop acoo = aaqz aalf amk shp
hoq acoo acop = kpj msd xns
hor acoo acoq acop = hro vcx yqo
hos acoo acop = xlf
hot acop acoo acoq = iym
hou acoo acop = hxg
hov acoo = jqc
how acoo acoq acop = vjf
hox = qgh
hoy = ghs
hoz = jnb ijg
hpa acoo acop = hpw
hpb acop acoq acoo = jgc
hpc = zbw izk
hpd acoo acoq acop = kil iyb
hpe acoo = xza
hpf acoo = rol
hpg acoq acop acoo = ovn
hph acoo = eui xbm zfp
hpi acoo = ike
hpj acoo = szg
hpk = efz pmx (ivt klk)
hpl acop acoo = ackf gqc
hpm acoo acop acoq = qom
hpn acoo = bjr dtn
hpo acop acoo = sbq
hpp acoo = oxl bgy nwy cqn
hpq acoq acoo acop = auz
hpr acoo acop = anf
hps = qjc vlq (ljz ham) cwq
hpt acoq acop acoo = aalj rnk
hpu acoo = gws
hpv = goq
hpw = oer
hpx acoo = uuj
hpy acoq acop acoo = dhf
hpz acoo acoq acop = paz
hqa acoq acoo acop = hfn
hqb acop acoo acoq = jky
hqc acoo = eph
hqd = hdu yuj
hqe acop acoo = ojd rox yyl juz hfs
hqf acop acoo = hoo
hqg acop acoo = hwx dgd heo faz
hqh acoo = tbj
hqi acoo acop = aarm hxw
hqj = xcb acaz geu
hqk acoo acop = fze
hql acop acoo acoq = vb wkl
hqm acop acoo = amk
hqn acoq acop acoo = uru abbp kdm
hqo acoo acop = umo
hqp acoo = oim vrq zug
hqq = ees djb
hqr = reh lvl ifl
hqs acoo acop acoq = euh
hqt = vzb
hqu acoo acop acoq = abjt ist jat vap erq
hqv = guu
hqw acoo acop = hqq
hqx acop acoo = nbb sfh ilq
hqy acoo acop acoq = ksx qec
hqz acoo = amj qxk
hra acoo acop = zin
hrb acoo = ayd pv
hrc acoo acop = nrs
hrd acop acoo acoq = abqf
hre acoo = aabt (isv lll)
hrf = pww iln
hrg acoo = npk
hrh acoo acoq acop = noc
hri acop acoo = vya
hrj acop acoo = kcd qyv kpx aava
hrk = acat rdq
hrl acop acoo = ncm
hrm acoo acop = uk
hrn acoo = aaca
hro acoo acop = giw sy
hrp acoo = bml
hrq acop acoo = ad ylr lxk
hrr acop acoo acoq = aaep kst jnq
hrs = hom
hrt = kuf
hru = dbd
hrv = spb
hrw acoo acop = nzb
hrx acop acoo = cgp uhp
hry acoo acop = aanm
hrz acoo = vyc
hsa acop acoo acoq = rdz
hsb = ouq
hsc acoo = abgp
hsd acoq acoo acop = etk acch aazy
hse = ysx vxe qyy
hsf acoo = absr gui lat tjw
hsg acoo = spc jit qdk aafw
hsh acop acoo = fjp uzf
hsi = gol
hsj acoq acop acoo = swh
hsk acop acoo = epx qzz azo acdx
hsl = frw
hsm = hsx
hsn acoq acoo acop = rhf
hso acoq acoo acop = wnn
hsp acoo = acno
hsq acoo acop = sqg acge ngw yiu
hsr acoo = ggn
hss acop acoo = paz
hst acoo = aazj
hsu acop acoq acoo = roi vqi
hsv acoo acop = rtw aaaz kch bfg
hsw acop acoo acoq = jsv
hsx = mjz
hsy = jum mvs sdx juy
hsz acoo = abvj
hta acop acoq acoo = ntl
htb acoo = kg abhr
htc acoo = wzv ivo uno qfl
htd acop acoq acoo = pqv
hte acoo acop acoq = gpa
htf acoo = wyg fvz nbx yn
htg acoo acoq acop = mye
hth acop acoo acoq = lsm phz aamq cd
hti acop acoo = aawm zck svy acht
htj acoq acop acoo = aafq al
htk acoo acop = tzb cif pjv
htl acoo = sfr
htm = hvt uom
htn acoo acop = vfk
hto acop acoo = ko xaj
htp acoo acop = ped
htq acoo acop acoq = abjx kxu aws
htr = liw uxa wzh pce dwi
hts acop acoo acoq = dvm hdv mrm dvx
htt acop acoo = pao
htu acoo = kor abcl tlt
htv acoq acoo acop = rpe
htw = php pqo
htx acoo = krm
hty = kpc bid kjy ujg
htz acop acoq acoo = bsl
hua = oii nwn jew
hub acoo acop = bht
huc acoq acop acoo = cff ab
hud = kde ale gpa
hue acop acoo = bdv pva iyw
huf = iyf fua
hug acoq acop acoo = pnd
huh acoo = bvf
hui acop acoq acoo = zxb
huj acoo = ubo dna odj fea
huk acoo = yxb end
hul acop acoo = ljo
hum = bmy drs (bvq kij clx)
hun acoo acop = zvs taz aavw
huo acoo = sni
hup acoq acop acoo = aqv
huq acoo = unr
hur = lwh qvn
hus = xqh (sq enx vod)
hut acoo = xya (qtt abea)
huu = zrr
huv acoo = bqr
huw acoo = aod kmf
hux = ezi
huy = rjg
huz = vjy vpv cxm fdu
hva acoo acop acoq = sfu
hvb acoo acop = nvh
hvc acoo acop = wuq vwu
hvd acoo = xkl
hve acoo = pec
hvf = izi ztf
hvg acoo acop = aavm
hvh acoo acop = wcj
hvi = jdf vzu xty
hvj acoq acop acoo = phi pxg xkj slh
hvk acoo = acp
hvl acoo = jf
hvm acoo acop acoq = elk
hvn acop acoo = sdk oco jbd
hvo acoo = inr
hvp acop acoo = aaab
hvq = upt ktl agm gel qax
hvr = riq
hvs acop acoo = zar
hvt acoo = akh hlo cpi aapa
hvu acoo = yme aanz zey
hvv acoo acop = tuc
hvw acoo = gud byf
hvx acop acoo = vma eun
hvy acop acoo acoq = evx
hvz acoq acop acoo = yrk viz
hwa acoo = qpg aclz
hwb acoq acop acoo = jjn
hwc = gfn zch abdu
hwd = fpg
hwe acoq acoo acop = ibs rvu
hwf acoo = pnm awf
hwg acop acoo = thr
hwh acop acoo = rqt
hwi acoq acop acoo = acq ram phq
hwj acoq acop acoo = gbi
hwk = nvh
hwl = nzk
hwm acoo acop = kke obt
hwn acop acoo acoq = hyz tdz abwt rro
hwo acoo = hjp bys abrr zif sem
hwp = onj thn yty
hwq acoo acop = tfa uwz
hwr acop acoq acoo = lof abhi aavy
hws acoo = xwf
hwt = nak tfg zji hmn kbg
hwu acoo = yho hgd e
hwv acoo acoq acop = fha abdh vyy gtm frp
hww acop acoo = xjv cyr
hwx acop acoo = ikb bnx
hwy acoo acop = jet
hwz acop acoo acoq = pze
hxa acoo acop acoq = nfh pvl
hxb acoo = acms zys zgl (ydo zbk)
hxc = yyj csc
hxd acop acoo acoq = laj pnl xoo cis
hxe acoo = mow
hxf acoo acop = pvr
hxg = ppt abty
hxh acoo = bda udk lxv aclm
hxi acoo acop = wte
hxj acoq acop acoo = rja
hxk acoo = pto
hxl acop acoo = ief abfl
hxm acoo = lzl hjo
hxn acoq acoo acop = ibc sme hbc
hxo = omg
hxp = gkx rgt
hxq acoq acop acoo = sve oxm ibm
hxr = vc ubw dsr
hxs acop acoo = sxx nsa
hxt acop acoo acoq = pqn
hxu = mgm
hxv acoo acoq acop = phl fph nzd
hxw acoo acop = kda
hxx acoo = wzi
hxy acoo acop acoq = ytt
hxz acoo = xoq voz ngt ozl
hya acoo = abrn
hyb acoo acop = fxx kmc xdv ywq
hyc acoo = qts ija abdp
hyd acoq acop acoo = kxd
hye acoq acoo acop = xam
hyf = hrn
hyg acoo = kzv
hyh = adv
hyi acoo = neh
hyj acoo = vgj rdh dlj
hyk acop acoo = zmb ptm acfu qak mvp
hyl acop acoo acoq = bms
hym = ablu acep
hyn acoo = dqp puu
hyo = buz yyd
hyp acoo = hfw
hyq acoo = fiv
hyr = fir
hys = qfx (hht zpy)
hyt acoo acop acoq = aawg
hyu acoo acop = nxc
hyv = xct
hyw = fxn
hyx acoq acop acoo = usc
hyy acop acoo acoq = ppd sxh
hyz acop acoo = abtp
hza acoo acop acoq = lfc
hzb acoo = bln
hzc acoo = fcc hki bdf
hzd acoo = kyf kcl
hze acoo = eqc ksx uog cbp
hzf acoo acop = izt vuh bum rhj abzs
hzg acoo = xcg
hzh = aakh
hzi acoo = hbb
hzj acop acoo = abei dju vvx
hzk acop acoo = zfe soi
hzl = auj
hzm acoo acoq acop = tmz acb jbk
hzn acoo = fmr pyt hpk iiv
hzo acoo = vnk nxa
hzp acoo = xwo
hzq acoo = iu
hzr acop acoo = cbx lrw (mvl urc lyu)
hzs acop acoo = qfl
hzt = ash
hzu acoo = abfx
hzv acoo acop acoq = fvm gzb yex (hio wsq)
hzw acop acoq acoo = hdk
hzx acoo acop = abls
hzy acoo = qrb cjf nga
hzz acoo = xil
iaa acoo = yjc pay bdh abup
iab acoo acop = jey bep
iac acoo acop = xxa dqv smt aang
iad acoo acop acoq = xxo end dlq
iae acoq acop acoo = xeg
iaf = une air
iag acoo acop = nsi vcf absz
iah = ror
iai acoo = rqn
iaj acop acoo = imx ycw fql ghz
iak = jsk nal acde (sw qll)
ial acoo = gyh pxy lxn
iam acoo = abgc jqh
ian acop acoo = uet
iao acop acoq acoo = ueu
iap acoo acop = jte rgq
iaq acop acoo = wqn ybd
iar acop acoo = xyp
ias acoo = mli
iat acoo acoq acop = bog (dei hme) (ahb bnv)
iau acoo = jvm
iav acop acoo = hlj
iaw acop acoq acoo = vce
iax acoo = poe qem cak fra
iay acoo = ndn
iaz acoq acop acoo = jfa
iba = opw
ibb acoo acop = vdw kiw
ibc acoo acop = qqe
ibd = hhs
ibe acoo = ypt axr
ibf acoo = ioo
ibg acop acoo = zwq wdm
ibh = lou zo
ibi acoo = aclg mme fgz
ibj acop acoo = rzg
ibk acop acoo = lty
ibl acoo = rzp kxa vzm (rcv vic)
ibm acop acoo = flk lcv djj
ibn acoo acop acoq = gku az
ibo = btr edb acer pao
ibp acoo = aamc
ibq = uif rvr ycs
ibr acoo = gaf acal hyt
ibs acop acoo = abpx
ibt acoq acop acoo = vkt
ibu acoo = cyt
ibv acoo acoq acop = abwm ner ocf
ibw acoo acoq acop = onu
ibx acoo = gcy
iby acoo = ynw
ibz = jzj drj abyj pmn
ica = lev
icb = lj
icc acop acoo acoq = bsa
icd acoo = oet
ice acop acoq acoo = ymg
icf acoq acoo acop = bhj
icg = cyy
ich acop acoo = mkj gpe zwq
ici acoo = qfh
icj acoo = yws
ick = eoo iyn
icl acop acoo = bzd
icm = rfu
icn acop acoo acoq = ifd
ico acoo acop acoq = uzi
icp acoo = yee ueu
icq acop acoo = uig rvg rba
icr = jjd aasz okl
ics acoo = pes mhl
ict acop acoq acoo = jhi moq yfv bnf
icu acoo acop acoq = mql
icv acoo acoq acop = jcj
icw acoo = seg
icx acoo acop acoq = dwh
icy acoo = wbt wbn
icz = iox tzh acij
ida acoo = mne mof
idb acoo = hgi fut mmu
idc acoo = dso aaya
idd acop acoo = awp
ide acoo acoq acop = euf
idf = xlb qx
idg acop acoo acoq = aaxt
idh acoo acoq acop = ctr udb qga dxe
idi acoo acoq acop = zg (rka wmk) ykb xkn
idj acoq acop acoo = sht
idk = ubk
idl acoo = upy bwo wlt
idm acoo = yjg
idn acoo = cvc
ido acop acoo = cbu quk
idp acoo = cey
idq acoo acop acoq = qtj
idr = jzm
ids acoo acop = jbk jkf uvu aams
idt acop acoo = xqa ecv aadq
idu = xqk
idv acoo acop = rlo
idw acoq acop acoo = aann ew abic bbp qxa
idx acop acoo acoq = zzh
idy acoo = hpl
idz = abzc
iea acop acoo acoq = acop
ieb = gj
iec = cke
ied acoo acop = tee
iee = edb
ief = usb qrs
ieg acoo = szo srv
ieh acop acoo acoq = bpz fuc
iei acoq acop acoo = sao acgm nbm qeh
iej acop acoo acoq = dce jzs
iek = zbo
iel acoo = evu ljh bnj
iem acop acoo acoq = kyv wiv
ien = xhp
ieo acoq acoo acop = aahn lrq grc ple
iep acoo acoq acop = cag
ieq acoq acop acoo = cjx
ier = iip ezm ovo
ies acoq acop acoo = abpz aatp
iet acop acoo = rjb
ieu acoo = fzp
iev acoo acop acoq = eyo
iew acoo = aaoe gxw dgb
iex acoo acop = ica spi mmr vff
iey acoo acop acoq = lqs dzf
iez acoo acoq acop = ihm
ifa = gjf eax ylu
ifb = bmy
ifc acoq acop acoo = sro
ifd acoo acoq acop = tnk bbp
ife acoo = gmv ymf fj hhe glu
iff = abpp
ifg acoq acop acoo = vee
ifh = yls abaf zox
ifi acoo = jyd lan
ifj acop acoo acoq = sqs
ifk acoo acop acoq = xbp
ifl acop acoo = uod eg hhh kkf xgy
ifm acoo = gtc boq zqk
ifn = rnl
ifo acoo acop = bmd
ifp acoq acoo acop = thm ebb qtz
ifq acoo = aabj lqj uih
ifr acop acoo = kut ski lcq
ifs = abpb kgf tdy
ift = esb
ifu acoo = kjz (rsj ttf suu lfh)
ifv acoo acop = xyu
ifw acop acoo = aajh uvk lpf qjx
ifx acoo acoq acop = nca
ify = oew tty acmm sqy uge
ifz acoo = huf
iga acoo acop = pfx xap
igb acoo acop = ovt
igc acoo = wlm
igd = pdm
ige acoo = ry
igf acoo = fev xpk
igg acop acoq acoo = htl
igh = mdi sld abxz
igi acop acoo acoq = gik jxk
igj acoo = dg yvc abbo hgg
igk = vt myi afo
igl = vp
igm acop acoq acoo = aboq ehc
ign acoo = qhf
igo acoo acop = pgv
igp = was
igq acop acoo = myn fuz
igr = krw
igs acoo = jm
igt acoq acop acoo = lgw rql izh san
igu acop acoo acoq = abfu
igv acop acoo = mwv mis tym
igw acoq acoo acop = ioc jer wvk vzs
igx acoo = uhc ihe
igy acoo acop acoq = kuq cxt
igz acop acoo = rav
iha acoo = hel
ihb acop acoo acoq = ihh
ihc acoo acoq acop = ism efy
ihd acop acoo = huc omv yz
ihe acoo acop = ccd
ihf = yhu juy hor vwo
ihg = hxv
ihh acop acoo = uxm
ihi acoo acop = svs
ihj = prx
ihk acoo = maj
ihl acoo acop acoq = zvj pxo
ihm acop acoo acoq = ghl hwb ejj
ihn acoo = yfw
iho acoo = acg
ihp acoo = mub
ihq acoo = aaat
ihr acop acoo = wa
ihs acoo = abaf
iht acoo acop acoq = aaog fgn
ihu acoo acop acoq = mqd
ihv acoq acoo acop = okq
ihw acop acoo = nks
ihx acoo acoq acop = nuj ptf uze
ihy = ixx ni lyv
ihz = gtf
iia acoq acop acoo = roi
iib acoo acop = ixz
iic acoq acoo acop = eft zay uyp kgt
iid acop acoo acoq = bcb hdh
iie acop acoo = jka
iif acoo acop = fpa mzt
iig acop acoo = egp
iih acoq acoo acop = wmf
iii acoo acop = znt
iij acoq acoo acop = ffa zuv
iik acop acoo = nqp yxh fut
iil acop acoo = tpj ryo abcy
iim acop acoq acoo = yk rrl usc
iin acoo = ogk
iio acoo acop = qyt hmt
iip = ftf
iiq = zbo
iir acoo = ohq
iis acoo acop = acf
iit acoo acop = zpf
iiu acoo = hsk jfg
iiv acop acoo = wts
iiw = tsy aaaf xfd
iix acop acoo acoq = nkc
iiy acop acoo = umo vsj
iiz acoo acop acoq = zpb
ija acoq acop acoo = uxg
ijb acoo acop = nio
ijc acoo = luu gqq dpr lcn jpd
ijd = qzz
ije acoo acop = pha
ijf = aayp (rhs fsw)
ijg acop acoo = cor suk
ijh = tsk xfy aow cyp
iji = aard
ijj acoo acop = iwc
ijk acoq acop acoo = lbi
ijl = naf ttd mvj
ijm acoo acop = ybu wnn
ijn acoo acop = zmr
ijo = bjp whg
ijp = way wje qyd
ijq acoo acoq acop = rss
ijr = osq ndv
ijs acoo = msm
ijt = eaq pln ymy
iju = ozm haj gpq pjx mea
ijv = tvn
ijw = buo
ijx acoo acop = mtc ukk vul hfu
ijy acoo = ugg psm
ijz acoo acop acoq = gwz yoz
ika acop acoo = gab hsn
ikb = ieu
ikc acoo acoq acop = jze mwm
ikd = dnr jwg anz
ike acop acoo = ned tnk wfw sac
ikf acop acoo acoq = lbt pvx rfr
ikg = qvz
ikh acoo = aabf
iki acoo = gef uvc
ikj = xss sxu rvx
ikk = rib wpp lfv
ikl acoo = myz cea tay
ikm = xpr szm
ikn acoo acop = pep gch
iko acoo acop = nui
ikp acoo acop = gek (xbt kag)
ikq acoo acop acoq = bfv miw
ikr = weh (liq yyk aanj qiv)
iks = ngt (nli lq zcd)
ikt acoo = wux
iku = fdi
ikv acop acoq acoo = skt ue
ikw = maq wmd abzl adn
ikx acoo acoq acop = rad mqz
iky acoq acoo acop = qhy pzp xdc jfy
ikz acop acoo = oqi
ila = xap dho kgq
ilb = zni
ilc acoo = abjs crp mqj
ild acop acoo = haz
ile acoo acop acoq = mkn ka
ilf acoo acop = uyz zjf
ilg acop acoq acoo = svd ljk ssj
ilh acop acoo = jcv
ili = one iii
ilj acoo acoq acop = ukw
ilk acoo = sjy
ill acoo acop acoq = abup sk fqd aajs
ilm acoo acoq acop = smu htg
iln acoo acop = acgm
ilo acoo acop = zrf
ilp acoo = yox
ilq = kky dee vxv xwm
ilr acoo = shj rbw aais uka
ils acoo = bfj
ilt acoq acoo acop = uqc xdk
ilu = yiu
ilv = xkx
ilw acoo acoq acop = aaak
ilx acoo = tzj rrx
ily acop acoo = wmt
ilz acoo = egm aazi
ima = st
imb acoo = abem
imc = xsv
imd = lvl
ime = vmn
imf acoo = aagg
img acoo = vsz uyp
imh = zvc
imi acoq acop acoo = qdk (lnq vdy)
imj acop acoo = djf
imk acoo acoq acop = hoe uts kbn
iml = tsz ned
imm = trv srh
imn acoo = wry
imo acoo = doc
imp acoq acoo acop = iru abgq qel mzv
imq acop acoo = fty
imr = opq
ims = dds
imt acoo acop acoq = alz
imu = abd
imv acoo = xou
imw acoo = zae abny
imx acoo acoq acop = tsj
imy = pba zvt
imz acoo acop = ygq
ina acoo = wyw
inb acoo acop = vbo
inc acoo acoq acop = lrr
ind acop acoo = imj aatp
ine = bdo
inf acoo = ywd jk
ing acop acoo = nty gja nsa
inh = knw
ini acoq acop acoo = lwq ygs bqz
inj acop acoo = rvn
ink acoo acop = xce
inl = zfl
inm acop acoo acoq = vhc
inn = acda ikl
ino acoo acop = dys
inp acoo acop = oto jcw
inq acoo acop = ifa eoc bcp bgf
inr acoo acop = dr abst hhf
ins acoo = win
int acoo = gxp hiy gli fgc
inu = acld ghw jxu
inv acoo = akx
inw acoo = tsj sdn
inx = qdm
iny acoo = atc
inz acoo acoq acop = imu
ioa = yll
iob acoo = ohh fzd
ioc acoo = yal bkm
iod = oki zji
ioe = achn
iof acoo acop acoq = vqo
iog acoo acop = nix iwl ccn qgo
ioh acoo = emo
ioi acop acoo acoq = vjt mrs sty
ioj acoq acop acoo = acen gdh jny
iok = nvc
iol acop acoq acoo = mvc
iom = are
ion = ncd klc kdf wzx
ioo = bic uud dwo dxe
iop = yca
ioq acoq acop acoo = dks
ior acop acoo = cip
ios acoo acop acoq = gpk
iot = kfi
iou acoo acoq acop = cjx tzn cve ggp mgd
iov acoo = rpp
iow acop acoq acoo = wjn
iox = jil
ioy = slf bky
ioz acoo = vtd
ipa acoo = ekj
ipb acoo acop = ivp
ipc acop acoo = czc aboq zal xce
ipd = gld
ipe acoo = cyo aclb dw
ipf acoo acop = leh llp
ipg acop acoo = juw
iph = hou
ipi = abua
ipj = dto
ipk acop acoo = ache xnj
ipl = fip kor kno
ipm acop acoo = ouf
ipn acoo acop acoq = afi (kxt dcl tfh)
ipo acoo = oxw
ipp acop acoo = ahx
ipq acoo acop acoq = jpq pos qht
ipr acoo = hdk rjd ajo
ips acoo = pnl
ipt = vqg
ipu acop acoo = nsa uhs
ipv acoo acop = uyv
ipw = yza
ipx = dob
ipy acoq acop acoo = hiy
ipz acoo acop acoq = fxj
iqa acop acoo = eku
iqb = omw
iqc acoo = tdl ejv zcu yvs
iqd acoq acoo acop = lak
iqe acoq acoo acop = qod hdy aafk hsc
iqf acoo acop = wfl
iqg acop acoo = ctl
iqh acoo = stl
iqi acoo acop = eck
iqj acop acoo = ooc rpu
iqk = akl
iql acoo acop = bfj
iqm acop acoq acoo = lre brf
iqn acop acoo = oai
iqo acoo acop = bcg
iqp acoo acop = bbx
iqq acoo acop = ulv vho
iqr acoo acop acoq = ucn acmw bbt oui
iqs acoq acop acoo = xug
iqt = zvz bzw xdr aaaw
iqu acoq acoo acop = szd
iqv acoq acop acoo = zzl alq
iqw acoo = ute
iqx = iot
iqy = fmv
iqz acoo = xqq
ira = fls
irb acop acoo = xif
irc acoo acop acoq = otq ixh
ird acoo acop = chp
ire acoo = uew ixq
irf acop acoo = ltd
irg acoo = grm
irh acoo acop = fzw aaqq
iri acoo = ngk
irj acoo acop = bft
irk = abio
irl acoo = abm jgs
irm acop acoo = ptl
irn acop acoo = fnc
iro = vsi uwa koj
irp acoo = wwn vtg
irq acoo acop acoq = qjo dwc
irr = abhn okz xsf hzk
irs acoq acop acoo = ubm bsm
irt acop acoo = vce kub
iru acoo = iqg
irv = qmr xkg xjl dwr ykh
irw = hul euw
irx = wlz bux cao
iry = sqs acaz cxn
irz acoo = wna
isa acoo = dy
isb acop acoq acoo = zvh
isc acoo acop = xwo
isd = gwm org nda lia
ise acoq acoo acop = crd
isf acop acoo acoq = akx
isg acoo acoq acop = yjw fqu
ish acoo = arl wwj tbi nwm
isi = kwh
isj acoo = vox
isk acoo = cr
isl acoo = ybr gsl pcr
ism acoq acop acoo = oef wak jzu ubl
isn acoo acop = dsw
iso = xdh
isp acoo acop acoq = zev
isq = xhe
isr acoo = urh abkv giu
iss acoo acop = aoj
ist acoo acop acoq = cy ayy dh
isu acoq acop acoo = gqm lde
isv = sxd
isw acoo acop = hmm
isx = yrh zfg
isy acoo = atb hrl
isz acoo = qxm
ita acoq acoo acop = abfj
itb acop acoo = ldv
itc acop acoo = bgk (wio qkf)
itd acoo acop acoq = opz
ite acop acoo = acnj
itf acoo = abvu yie
itg acoo = nwu
ith acoo acop = vcc
iti = abm
itj acoo acoq acop = unp
itk = uhq oy
itl acoo = aamc
itm acoo = vzf
itn acoq acop acoo = kyo
ito acoo = aafs zlu aahv
itp acoo = fza ogm
itq acoo acoq acop = nrh eke
itr acoo = iz irf
its acop acoo = tww
itt = yye
itu = xev swe
itv = and
itw acoo = rqh nrk ehq wvy ckz
itx acoo = qrt
ity = vzl
itz = iui
iua = gcl
iub acoo = weh ygn
iuc acop acoo = jco aaxq
iud acoo acoq acop = abys vbx box
iue acoo = ackt qkl
iuf = myn
iug acoo = vsh
iuh acop acoo acoq = owj
iui acop acoo = xdx
iuj = ajh
iuk acop acoo = eio mdd
iul acoo = fqa xxk vph
ium acoo = acfq
iun acoo acoq acop = fhv
iuo acoo = kp wfl jvv
iup acoo acop acoq = qjh
iuq acoo = aasc
iur acoq acop acoo = ohd
ius = dlp
iut = pdg
iuu acoo acop = abcq
iuv acop acoo acoq = bai aafv
iuw acop acoq acoo = ant vsq
iux acop acoo = zqx
iuy acoo acoq acop = ytv pfo xvo
iuz acoo = pui
iva acoo acop = lgq
ivb acop acoo = abyp yfw abqz
ivc acoo acop = faj
ivd acoq acoo acop = qfn
ive = yay
ivf acoo acop = ewz kce
ivg = shk
ivh = xf
ivi acoo = cgg
ivj = abpu abhd vt
ivk acoo acoq acop = zym
ivl acop acoq acoo = kyp pyb nhe leq
ivm acoq acop acoo = yfe
ivn acoo = aclv
ivo acop acoq acoo = ukt ch vmj
ivp acoq acop acoo = ped
ivq acop acoo = jg lae uwr
ivr acop acoq acoo = qus
ivs = zrr
ivt = ota hke
ivu acoo = arg
ivv acoo = hxo acoo xeo fwt
ivw acoo acoq acop = vfe
ivx acoo acop = vet
ivy acop acoo acoq = acnu aaav tny
ivz acoo = abta aavt
iwa = tfl
iwb = zzw
iwc = jdo bgi
iwd acoq acop acoo = ruq
iwe acoo acoq acop = nir xau
iwf acoo acop acoq = iyz
iwg = bfp
iwh acoo acoq acop = qsf win
iwi acop acoo = jlz
iwj = luv mig enm pzk
iwk = abqd sso obr vg fcm
iwl = mqo cew mgh
iwm acoq acop acoo = fw abzc
iwn = kno
iwo acoo acoq acop = cjm
iwp acop acoo = hec
iwq = unx scs xqj dro
iwr acop acoo acoq = xa
iws acop acoo = jqj
iwt = hwl
iwu acoo = kid ccn zhg wpm
iwv = jve
iww acoo = mau
iwx acoo = jtp hsd
iwy acop acoo = zbc
iwz acoo acop acoq = nlw
ixa acop acoo = gap
ixb acop acoq acoo = okz
ixc acoo = vpy
ixd acop acoo acoq = qqh aarg wbd
ixe acoo acop = aiw qse cwq
ixf acoo acop = czm ywv
ixg acoo acop = uks adx
ixh acop acoo = jyk (tig vyy)
ixi acoo = crd
ixj acoo = xyg
ixk acop acoo = st
ixl acoq acoo acop = elj
ixm acoo = yzy
ixn acoo acoq acop = aawq
ixo acoo acop acoq = wse wph mfj rvz
ixp acop acoo = ga ljd
ixq acoo acoq acop = aqd lhw
ixr acop acoo acoq = ful ygd nnp ch
ixs acoo acop = maj alx
ixt acoo = bfz fbs hmf
ixu acoo = zkf
ixv acop acoo = nmv
ixw = mfc suv idz
ixx acoq acoo acop = ngu yoe
ixy acoq acop acoo = nqk
ixz acop acoo = yin (ouc ang tum)
iya acoo = ho psm
iyb acop acoq acoo = zjy
iyc acop acoo = sqr pfp
iyd acoo = zud
iye acoo = dlf jvk abkd
iyf = aayq
iyg acop acoq acoo = osr
iyh acop acoo = vp ynq khc (aao qtd)
iyi acop acoo acoq = xpk ucc
iyj acop acoo = tfc
iyk acoq acoo acop = bvv (aamm atl)
iyl acoo = hmz svi
iym = lrd elh fpq
iyn acoo acoq acop = xwx
iyo acoo acoq acop = oza
iyp acoo = xuh uja
iyq acoo acop = xox abby obg jmt
iyr acop acoo = aapm jjq qoj
iys = bpd (rfl cdo)
iyt acoo acoq acop = noz
iyu = zxp
iyv acoq acop acoo = ffl aox kwo
iyw acoo = hxi
iyx = acho hlg
iyy acoo acop = nrm (mwc wic) wsv
iyz acoo = acoo (eeo vau sqx)
iza acoo = abbd aabl mde zmw
izb = huj
izc = fdu tod
izd acoo = rfg
ize acoq acoo acop = ozh
izf acop acoo = trb
izg = ruc
izh acoo = hqj yyt
izi acop acoo = ymt wsr qaa
izj acop acoq acoo = yos
izk acop acoo = sqs
izl acop acoo acoq = bhb
izm acoo = qrx
izn acoo = riw
izo = qtn (ngx pzv)
izp acoo = mpm abke
izq acoq acop acoo = neh jvh ins
izr = vgn
izs acoo acop = ayp
izt acoo = qmc abwe oml wab
izu acop acoq acoo = sxv
izv acoo = wmb hje vlb
izw acoo acop = abcx
izx acop acoq acoo = idu fkv
izy acoq acop acoo = fe
izz acoo acop = rta
jaa = xxk jry
jab = vqs
jac acoo = pds wny rlu nlp
jad acoo = wum
jae acop acoo = ywp
jaf acoq acoo acop = xof
jag = reo
jah acoo = xbs ffw vdb
jai acoo acop = dfj wlv
jaj acoo = vte (ufh nrq)
jak = mxt
jal acoo = lti byj jvi
jam acoo = loe vhd
jan acop acoo = gwo
jao acoo = ba
jap = rdx
jaq acop acoq acoo = dt jqi
jar acoo = qph
jas acoo acop = dn egj
jat acoo = hng
jau acop acoo acoq = wy utt xqw
jav acoo acoq acop = loz
jaw = abnz
jax acoo acop = uzm
jay = bco
jaz acop acoo = vvi
jba acop acoo acoq = ablh yny keu yuh
jbb acop acoq acoo = kjf szy
jbc acoq acop acoo = csw nsm fri
jbd acoo acop = njh aamy nt sby
jbe acoo = aack
jbf acoo acop = vjj wsn tci
jbg acoo acop acoq = gew xhr cyj
jbh = gia
jbi acoo = wti
jbj acoo = vhv kyp kbx
jbk acoq acoo acop = jp absg
jbl acoo = hnm
jbm acoo acop acoq = kgj
jbn acoq acop acoo = xfi
jbo acop acoo = oqg
jbp acoo = qao pbh
jbq = xbv
jbr acoo acop = dja
jbs = nsa
jbt acoo acop acoq = teh
jbu = zbm
jbv acoo = cmk
jbw acoo = one
jbx acoo = wxw pek acjq hcq
jby acoo acop = htl axt
jbz acoq acop acoo = sas
jca acoo acop = dmp
jcb acoo = tqd aoh dod
jcc acop acoq acoo = kow qnw
jcd = zgg geo aahq jot
jce acoo acop = vph
jcf acoq acop acoo = ryf mqm
jcg = uyx yyj
jch = llj odb xca qub
jci = dni
jcj acoo acop = jve
jck acop acoo = vfe bxv
jcl acop acoq acoo = mwq
jcm acoo = clk
jcn acoo = fdt
jco acoo = cjc
jcp = acff jyf pat
jcq = plm wnr iad tfw
jcr acop acoo = acev
jcs acop acoq acoo = urc
jct acoq acop acoo = abol
jcu acoq acoo acop = jit
jcv acop acoo acoq = rvh
jcw = jva
jcx acop acoo = lzv
jcy acoo = gu
jcz = abiw mgu dvg riv fyp
jda = phj cgq uff dsy
jdb acoo acop = hsr
jdc acoo acop acoq = zrw
jdd acop acoo = ivt
jde acop acoo = orm
jdf acoo acop = lqj
jdg acoo acop = aait
jdh acoo = shm
jdi acoo acoq acop = rsi rza
jdj acoo = liu
jdk acoq acoo acop = zcx
jdl acoo = ibw avl
jdm = uyc
jdn acop acoq acoo = yph imh yxz
jdo acoo acop = pju hfi stp
jdp = aaii
jdq acoo = wpb
jdr acoo acop = ywt
jds acop acoo = hwe
jdt acop acoo acoq = kkh twl mw
jdu acoo = efl
jdv = whw
jdw acoo = jwu
jdx acoo = ooa fer ssb
jdy acoo acop = bmb
jdz acop acoo = si
jea acoo = sjt sze
jeb = ipw
jec acoo = mfs bed jkt
jed acoo = aajy
jee acoo acop = ezq zyw
jef = gil
jeg = tvw
jeh acoo acop = irj mks
jei acoq acop acoo = lwp
jej = hzo
jek acoo = zwg vr
jel acoq acop acoo = yhz
jem = rtm aanw
jen acoo acop acoq = qcl
jeo = wlq jgm
jep acoo acoq acop = utl
jeq = mzs
jer acoo = stj
jes = cad
jet = yun gxe
jeu acoo = yvi
jev acoo acoq acop = hed
jew acoo = iru
jex acop acoo = vlk kki bwc vme pav
jey = ffs
jez acoo acop acoq = hyw
jfa acop acoo acoq = hsi
jfb acoo acop acoq = jxp dmu
jfc = wka bjh
jfd acoq acop acoo = djn yey ezu
jfe = zyp sqq
jff = dr
jfg acoo acoq acop = nij
jfh acoo = fpz
jfi acoq acoo acop = zxx jbv kpq ovl
jfj = tyl
jfk acoo acoq acop = chy
jfl acoq acoo acop = aai
jfm acoo acop acoq = azi
jfn acoo = ygb rwt
jfo acoq acoo acop = aaby
jfp acoo = kyk did
jfq acoq acoo acop = xlk
jfr acoo = pak
jfs acoq acop acoo = fsc (wxx gpf) tox hff
jft = cjx
jfu acop acoo = jcp zkn
jfv = rp vwe
jfw acoo acop acoq = qo coj kqi
jfx acoo acop = otd
jfy = gfm twr ozz
jfz acoo acoq acop = pqh zpj neb
jga acoo acoq acop = drm
jgb acoo acoq acop = ywz
jgc acoo acop = orz svw
jgd acoo acop acoq = aadf
jge = abyv ynn zum
jgf = fxs
jgg acoo = jry
jgh acop acoo = kqq
jgi = acj
jgj acoo = acoo
jgk acoo acop = rrt
jgl = gec
jgm acoo = sit
jgn acoo acoq acop = goa jhn
jgo acop acoo = fpp aakl
jgp acoo = uuu
jgq acop acoo = koz yh
jgr acoo = dbi
jgs acoo = kkt ypo
jgt acoo = ffb cux zlh
jgu acoo acop acoq = fvs
jgv = jht
jgw acoo = dau wbz
jgx acoo acop = sij qmp
jgy acoq acop acoo = otm (sqn fra)
jgz = rob vqn apz
jha acoo = mki tos
jhb acop acoo = fax unu jjv
jhc acoo = aarp (ltv zmf)
jhd acoo = nkd
jhe acop acoo = jvl
jhf = lsv
jhg = uto ewq tvk
jhh = tsh
jhi = fnf
jhj = jns
jhk acoq acoo acop = kug myg
jhl = rkv
jhm acoo = bnc ifq gdj ihq pel
jhn acoo = pmz
jho acoo = wyz tmc acje
jhp acop acoq acoo = vqr
jhq acoo = oul
jhr acop acoo = ezn szg
jhs acoo = vgx
jht = fgv aoo
jhu acop acoo = plk
jhv = ddr
jhw acoo = jnt
jhx = uej
jhy = lod
jhz = abtw jcn
jia acoo acoq acop = zqa
jib acop acoq acoo = uhy
jic acoo acop acoq = fcc
jid acop acoo = aajq
jie acoo = qbm
jif = jmh isf
jig acop acoo = mun
jih acop acoo acoq = ap jcs acol
jii acoo acoq acop = gcp
jij acop acoo = iln acjw lnr yxl
jik acop acoo = hxy skn
jil acoo acop = fmv rxv
jim = ebe
jin = xce abwa aamd
jio acoo = lgb
jip acoo = rej
jiq acoo = uzm bdp pri sxu
jir acoo = bof
jis acoo = zmh
jit acoo = skq
jiu acoo = abor he jwe yoi
jiv acoo = qsv
jiw acop acoo = iwb uix
jix acoo acop = yjk
jiy acop acoo = qeh dba
jiz acop acoo acoq = jof qcw vez
jja acoo = jei
jjb acoo acop = acmi qbk orj
jjc acop acoo = foy
jjd acoo = aabj dju
jje acoo = czb
jjf = xca ooj ebc pea
jjg acoo acop = awd zdd zhe
jjh acop acoo = zdr
jji acop acoo acoq = zo fky
jjj acoo acop = ddo qjj ary
jjk acoo = kyf rls aara aakp
jjl = rdu acdt vgr aabq jvf
jjm acoo acop = re yph xam vod
jjn = lef qma
jjo acoq acoo acop = hin
jjp = tlg kvy cyq gok rdn
jjq acoq acoo acop = fbm
jjr acoo = kvj
jjs acoq acoo acop = swb
jjt acoo acoq acop = lrl
jju = czq
jjv acop acoo = bxx lte obj dho
jjw acoo = apw lji
jjx acop acoo = frw
jjy = iqm ouz wqq kix hyj
jjz acoo = xvk zcc jde
jka = yoo aaby
jkb acop acoq acoo = iwr dyv hop dhg
jkc = olj gyd kyl onr
jkd acoo acoq acop = svw
jke acoo acop = prd mtm
jkf acoo = dgx kxa (rmj kys kpd)
jkg = cfh
jkh acoq acoo acop = wex
jki acoo = mlw
jkj acop acoo = pci absg
jkk acop acoo = von en
jkl acoo = ivu ohm
jkm acoo = wfl
jkn = qar
jko acop acoo = agt
jkp acop acoo acoq = mls
jkq acoo = bzw
jkr acoo = kjo nog cfb
jks = ktr sxd
jkt acop acoo = lnl
jku acoo acop = uii
jkv acoo = tna
jkw = bvh mik
jkx acoo acop = fho
jky acoo acoq acop = sku vzv dvs
jkz acoo acoq acop = jus
jla acoo acop = gll ymv
jlb acoo acop acoq = ddd acfw
jlc acoo = ymo sbl jbt
jld acop acoo = mea
jle acoo = ffr
jlf acoo acop = lah
jlg acoo acop = mjp
jlh = bqx
jli acop acoq acoo = etl ki emr yto
jlj acoo acoq acop = blf
jlk acoo = uql
jll acop acoo = xsa
jlm acoo acop = cud
jln acoo acop = wgh
jlo = wmo acnt ypj
jlp acoo acop = njp
jlq = azv
jlr = nzo idl mtg xpb
jls acoo acoq acop = xlj (omp itv)
jlt = wnc
jlu acoq acoo acop = hbf pnd
jlv acoo = zra jpl dpr
jlw acoo acop = qmp wmc
jlx acoo = czp mye fla hdr pcy
jly acoo acoq acop = sls
jlz = akt
jma acop acoo = yg lzc
jmb = abfc mke cmj gls
jmc = asw mvb
jmd acoo = dnn
jme = krp idw
jmf acoo = uyp fki whd
jmg = aafx abig
jmh acoo = jsy oah
jmi acoo acop acoq = hab
jmj acoo = xpe
jmk acop acoq acoo = jdk
jml acoo acop = giq
jmm = vyb ism
jmn acoo acop acoq = abfl knc wzg
jmo = cex ujp tnq hkz
jmp acoo = fpg jbx chc qvl
jmq = oea rdl
jmr acoo = nhm sdm
jms = vta usf hpv
jmt acoo acop = oou
jmu acop acoo acoq = nfn
jmv = us
jmw acoo acop = ablv
jmx acoo = bkg
jmy acop acoo acoq = pto
jmz = lwe ejs lhk
jna = hcv zwa
jnb acoo = usv abyt
jnc acoo acoq acop = fll
jnd acoo acop = ajs
jne acop acoo = lqs
jnf = xpg
jng acop acoq acoo = pbl ozg
jnh acoo = abcg
jni acoo acop acoq = rqb
jnj = efz ckb
jnk acop acoo acoq = hiv abog vob fne nbj
jnl acoo acoq acop = bnk xpp
jnm acop acoq acoo = nbw hea xxl
jnn acop acoo = kzh
jno acop acoq acoo = qht
jnp acop acoo = tmo vix absb kho
jnq acoo acop = zva blg
jnr acoo = xqc
jns = tnt
jnt = czj
jnu acoo acop = abxt
jnv acoo acop acoq = kvv (snu cjk) tuk tkg
jnw acoo = jgf
jnx acoo = dum
jny acoo = ackb
jnz acoo acop = ss acei
joa acoo acop = abdo acoo
job = rxg
joc acoo acop = pjv
jod acop acoo acoq = tvr deg acer mra
joe acoq acop acoo = hhf
jof = qld uyv
jog acop acoo = fjn ycl plq
joh acoo = vca npe zde peu osq
joi acoo = umq zum
joj acoo = myz xzk
jok = aig
jol = wzg
jom = nap
jon acoo acop = ud acnb wus
joo acoo acop = zbp dbc
jop = ueu gua
joq acoo = ruy
jor acoo = yqo
jos = ekx acea ggc eiw
jot acoo acop = zgx xfb
jou = yka
jov acoo acop = dqc
jow acoo = lpc
jox acop acoo = hdp acmo
joy acoo = tnq
joz acop acoo acoq = lck
jpa acoq acop acoo = bor
jpb acop acoo acoq = pki oof vdb
jpc acoo acop = afy anc
jpd acoq acoo acop = abjt
jpe acop acoo = frg
jpf acoo = sfz
jpg acop acoq acoo = cag
jph acoo acop = ajb (shf uih xof) fpa
jpi = dzs
jpj acop acoo acoq = gma abph
jpk = zqz
jpl acoo = rkr zay ywe
jpm acoo acop acoq = gqf khd qcu
jpn acoo = urn
jpo acop acoo = sdy hzn acob dws
jpp acoo acoq acop = lun sfn xq rdt
jpq acoo = acdu her
jpr = jir
jps acoo acop = erp iai
jpt acoo = abha
jpu acoo = bio mvy jsr wgx
jpv acoo = hup
jpw acoo = abki
jpx acop acoo acoq = znx fwh
jpy acoo = aayh
jpz acoo = rpg
jqa acoo acoq acop = ivc aahs
jqb acop acoq acoo = puu gld zhn
jqc = xkh gja
jqd acop acoo acoq = xyw
jqe acoo acop = aamh
jqf acoq acop acoo = rvz ldr
jqg = rrx
jqh acoq acop acoo = ryn yvv
jqi = xvq
jqj = djf jja qas
jqk acoo = ola
jql acop acoo = qdj
jqm = vit wkb
jqn acoo acop = xaf jtm iku rsg
jqo acoo = vew dsz
jqp acoo acop = abfg
jqq acoo acoq acop = pyp
jqr acoq acop acoo = ogd
jqs acop acoo = uyp
jqt acoo acop = nbd
jqu acoo = xdl
jqv acoo acop = wgp
jqw = hpn hrr
jqx = pik
jqy acoo acop = cus sqv
jqz = btb
jra acoo acop = uwk
jrb acoo = wbp
jrc acop acoo = bes qmg wrh
jrd acoo acop = gly wae
jre acop acoo acoq = xre
jrf = xke hlx qwd
jrg acoq acop acoo = tfb
jrh acoo = ruu
jri acop acoo = cvm
jrj = zyi
jrk acoo = vcu zm
jrl acoo acop = vwx bai ryi cay
jrm acoo acoq acop = ojk
jrn acoq acop acoo = yvt izz qby
jro acoo = vvg cho abaa abox
jrp acoq acoo acop = hou
jrq acop acoq acoo = ntk
jrr acoo acop = isl oil
jrs acoo acop acoq = nzx btd mdc
jrt acop acoo = xwa
jru acop acoo acoq = aaio
jrv acoo = mwt
jrw acoq acop acoo = six hgn
jrx acoq acoo acop = kgt ezh nd qkp
jry acoo acop = ewa
jrz acoo acoq acop = vdu
jsa = acdp
jsb acoo = iwc qjg rel
jsc = vp
jsd = iei
jse acoo = abjw ahr
jsf acoo acop = jhh
jsg acoo = mo gfy rdd odh
jsh acop acoo = iut fox
jsi acoo = ekc
jsj = bjc cep tmz
jsk acoo acoq acop = ime
jsl acoo acop acoq = clc ipa wkj aacc
jsm acop acoo = skx ejz
jsn acoo = bmg abgm rew ruh
jso = kyr
jsp acoo acop acoq = ssr
jsq acoo acop = fgb ojw bgt akh
jsr acoo acoq acop = fxy kak vld mub
jss acoo acoq acop = yft ccc yeu
jst acop acoo acoq = lrl
jsu acoo = hfy
jsv acoq acoo acop = jvk kmi
jsw acoo = sky tjo tmz zrp
jsx acoo acop = kgq
jsy acoo = nop
jsz acoo = noe
jta acoo = fcs thv absv nhf
jtb acoq acop acoo = mdy
jtc = aack hdh
jtd acoo acop = abfe
jte acoo acop acoq = shx cyq
jtf acoo = vmk
jtg acop acoo = snd (brc zln)
jth = kpd qvr
jti = pwp vkm
jtj acoq acop acoo = d yyq
jtk = zcp xet kuu
jtl acop acoo = ahc tkf iel
jtm acoo = tx
jtn acoo = geo axu
jto = dad hlz
jtp acop acoo = lzf mmu rzl
jtq acoo = nyo
jtr acoo = vcn
jts acoo = rnh jmy wrf fwm
jtt acoo = ppr abby qnz
jtu acoo acop = ctk pze wsq
jtv acop acoo = oeq
jtw acoo = wnb dhm evd aafu
jtx acoo = lun
jty = zbb
jtz acoq acop acoo = etp
jua acoo = kuk mat hjh zdg qck
jub = zxr ndw
juc acoo acop acoq = aacf
jud acop acoo = sb ubp
jue = aafd uov hlg
juf = ooi vrm
jug acoo acoq acop = sft
juh acoo acop = jpt
jui = fgn bey accg abjx
juj acop acoq acoo = fyx zlo wxb
juk acoo = ryn
jul = jqo
jum acop acoo = rbe
jun acoo acoq acop = aapt
juo acoq acop acoo = gwu
jup = hsv pki ggr
juq acoo = hcz yhf
jur acoo = lka ljw
jus acoo acop = ryf
jut acoo = lsf gft lhb
juu = jfh eq
juv = srg gma gvo
juw = nsd
jux acoo = pbf
juy acoo acop = pds oxx
juz acop acoq acoo = lsz
jva acoo acoq acop = xtf gcc dla
jvb acoo acop = rvx uzt
jvc acoq acop acoo = htj bxs
jvd acop acoo acoq = zaj
jve acoq acoo acop = ldi qra juo nyi
jvf acoo acop = uut iad oru hpc
jvg = euv
jvh = qtk
jvi acoo = zfe wff lqc
jvj acoo = ttv
jvk = qwh
jvl acoq acoo acop = ura ggh xec fgz
jvm acoo acop = hya slj
jvn acoo = gqm
jvo acop acoo acoq = mgw
jvp acoo = qhp
jvq acoo acop = exw sji
jvr acoo acop = pqq
jvs acoo = hsa
jvt = abor ooh
jvu acoo = qad
jvv acoo = fub
jvw = ibk aavt
jvx acoo acop = wmo
jvy acoo = zlv kfc ddj
jvz acoo = lhz zbv owd nxv
jwa acoo = bmg
jwb = lw hbp kgk
jwc acoo acop = gdu hz mch
jwd acop acoo acoq = woj
jwe acoo = spb aadn
jwf acoo = zsk
jwg = ntk
jwh = fhh
jwi acoo = ewx
jwj acop acoo = dyh yrc vyv
jwk = hmv
jwl acoo acoq acop = yen aeq
jwm acoo acop acoq = ygi
jwn acop acoo acoq = qus aazn aaes iel wsl
jwo acop acoo = cgg znq
jwp acoo acoq acop = eqt
jwq acoo = tpx qlv xdi
jwr acop acoo = euo hzx
jws acoo = cji woj nbf
jwt acoo acop acoq = pqz ewt jsd
jwu = vkf sg
jwv acoo acop = aaow stj
jww acoo acop = bpw
jwx acoo acop = dop (kqw ozp sxj)
jwy = pah
jwz = maf
jxa acoq acoo acop = tpy
jxb acoo acoq acop = hkd
jxc acoq acop acoo = tca
jxd acoo = hwa kms
jxe = sgn
jxf acop acoo = iuq
jxg acoo = hdn
jxh acoo acop acoq = htp
jxi acop acoo = efy xpy xuu nae
jxj acoo acop = txi
jxk acoo acop = gpp amg ipd rad voe
jxl acoo acop = tzh ryk
jxm acoq acop acoo = hwu bsv wns asb
jxn = lyw ios
jxo acoo acop acoq = ysd jak
jxp acoo acop = tyv ghq
jxq acoo = nix lnc lpt
jxr acop acoo acoq = jdv
jxs acop acoq acoo = qig pjp lmq
jxt acop acoq acoo = zpz
jxu acoq acoo acop = hyh mhs aby
jxv acop acoo acoq = jrn lv wrz njq
jxw acoq acop acoo = ybi avb
jxx acoq acop acoo = hgn
jxy acoo = aafp jzl cql
jxz acoq acoo acop = mzt
jya acoo acoq acop = axo
jyb acoo = ayv
jyc acoo acop = dhd
jyd acoq acop acoo = acnb
jye = acmq ssi pup sxo
jyf acoo acop acoq = hpz
jyg acop acoo = ffe aag
jyh acoo = vhj
jyi acoo = tvj
jyj acoo = kyz dbk olp
jyk acoo = inv ysj ync
jyl acoo acoq acop = qiu
jym = svk asn
jyn acop acoo = igg
jyo acop acoo acoq = zac aazo wwe
jyp acop acoo = jul
jyq acoo acop acoq = mmg
jyr acop acoq acoo = cbz zyn
jys = iuv
jyt acoo acoq acop = gxf abqx wxk mlh
jyu = iol
jyv acoo = fql
jyw acoo acop = acoo wbn gnx
jyx acoo = hjx
jyy acoo = txz
jyz acop acoq acoo = kql frm hit nxn
jza acoo = qhu
jzb acoo acoq acop = xwz
jzc acoq acop acoo = zpa par
jzd = mkl
jze acoo = zpr
jzf acop acoo = jzs ckz
jzg acoq acoo acop = gdl
jzh acoq acop acoo = khb
jzi acoo acop = qaa zct fkm
jzj acoo acop = vdp pyl
jzk = rsz abfb aaqe uap
jzl acop acoo = gce
jzm = djv
jzn acop acoo = fag
jzo acoo = yid
jzp acoq acoo acop = abks elv czy pee
jzq acoo = aaup
jzr acoq acoo acop = xdd
jzs = siv
jzt acoo acop = aayw
jzu acoo = ykf
jzv acoo = ebu
jzw acoo acop = qbw aayi
jzx = abbg zwu
jzy acoq acoo acop = sa ysg
jzz = bjn dvc pvp
kaa acoo acop acoq = bsf sn htg
kab acoo acop = ltv acmo msp
kac acop acoo = dyy
kad acoo acop = lay uzo
kae = xib
kaf acoo acoq acop = yiw sui
kag acoo acoq acop = vdw
kah acoo acop = kyf qxe acii ldb
kai acop acoo = twz
kaj acop acoo = wwh rpb
kak acoo acop acoq = jql wbh pyw
kal = rhk
kam acoq acop acoo = wsc cru
kan acoo = jip zfk
kao acoo = zno
kap acop acoo = bul
kaq acoo = abfw
kar acoo acop = scz
kas acoo = qew
kat acoo = jjp rqn
kau = rmw
kav acop acoq acoo = sch
kaw acoo acoq acop = ydz (hcj vxr)
kax acoo acop = yyq ybz
kay acoo acoq acop = ytk euq
kaz acoo = ugq sxz
kba acoo acop = ddp
kbb acoo = hvm
kbc = mfy jbj
kbd = gsp
kbe acoo = nrk
kbf = kdg rvo abrs
kbg acop acoq acoo = rbw jfj
kbh acoo = wio nlq xzp aaxh
kbi acoo = rts fki urh
kbj acoo = ckg knn lvr bls
kbk = ohb
kbl = qun han
kbm acoo = bin xw sfu
kbn acoo acop acoq = xog mef lww
kbo acop acoo acoq = zua usw rwd ujk
kbp acoo = otw cdm
kbq acoo = rpa abdu
kbr = fqc jxa
kbs = aaeu hrm (rck oov)
kbt acoq acop acoo = yrm
kbu = aqd
kbv acoo = abun
kbw acoo = wcd (aib toq)
kbx acoq acop acoo = ook aazf
kby = mxc vnr jab
kbz acoo acop = koe
kca acop acoo = npc
kcb = ime mgr tvn fmj
kcc = xep
kcd acop acoo = oyl
kce = rqz
kcf = fxv
kcg acoo = wsd
kch = enb
kci acoo = acms gdw
kcj acoo = wxx hnt qwu
kck acop acoo = qga rzt okq yle
kcl acop acoo = mgf yuj
kcm acoo acoq acop = dox
kcn acoo acop = xxp vwc lbl
kco = hmf
kcp acoo acoq acop = jhh qbx
kcq acoo acoq acop = nmp
kcr acoo acop acoq = abgk
kcs acop acoo = typ pgm pbk zjq
kct acoo = eyq gbn (fyf mif)
kcu = qrw gzv xzw suv buh
kcv acoo acop = hyh
kcw = abxq
kcx = kms qtz sfm aael
kcy = bis hqn zwj wcu
kcz acoo acop acoq = rc
kda = uot aamv akf
kdb = fde
kdc acop acoo acoq = tyj afi
kdd acoo = wov
kde acop acoq acoo = uiq bss bnb vcu bmg
kdf acoo acop = azl
kdg acoo = bqx
kdh acoo acop = djb
kdi acop acoo = lnf
kdj acoo = uar
kdk acoo = yhl
kdl = nxh jsk
kdm acoo = hbx ftn
kdn acoq acoo acop = yyw abrz
kdo = toa
kdp acoo = ede ebe
kdq acoo = prq
kdr acoo acop = csl
kds acoo = av
kdt acoo = jpw
kdu = nwp
kdv acoo = rpz
kdw acoq acop acoo = kvn acmt uor
kdx acoo = ylz qzg
kdy acoo = orv gkn
kdz acop acoq acoo = ikk
kea acoo = mme
keb acop acoo acoq = twj hat
kec = eew
ked acoo = rnb
kee acop acoo = dwu xcq foj vhr
kef acoo = qkn lyw
keg acop acoo = uye pmi huc
keh acop acoq acoo = tub
kei acop acoo = yqc qtu bvr
kej = ktp nvg xwb
kek acoo = wsn
kel acop acoo acoq = csw
kem acoo acop = ujc tru njc hrh
ken = qdy
keo acoo = wrh pny jmj jnz
kep acoo = bil
keq = jju ljb
ker = wr
kes acop acoo = mkx
ket acoo acop = dyt
keu acoo = aaqq iqb fhj lse
kev acop acoo = acal (pxd pqf mmp)
kew acoo acop = kuu rkp jhr
kex acoo = nch
key acoq acop acoo = mai njo jwp idi
kez acop acoo = sid efo
kfa acop acoo acoq = cdd
kfb acop acoq acoo = bxz
kfc acop acoq acoo = fna eyy uqs
kfd acoo = qrz
kfe acoo = gfv guj
kff acop acoo acoq = yzf aakq twj tnh kg
kfg acoo acop acoq = crt
kfh = exw xkt pbr tkj
kfi acop acoq acoo = avf cz gei xjl
kfj acoo acoq acop = nld jju huz
kfk = iqb
kfl acoq acoo acop = gn aard ew epv
kfm acoo = ujg
kfn acop acoo = uhy
kfo = bgg
kfp acop acoq acoo = abjf
kfq acoo acop acoq = zry dbw
kfr acop acoo = jlc abax agy
kfs = grw
kft = eiu enz aafp qzt wnl
kfu = clr
kfv acoo = mex hpg gts bxq
kfw acoo acop = jad
kfx = krb twc oqx aim
kfy acoq acoo acop = dte ldp
kfz acoo acop = fw
kga acoo = bmz
kgb = wez
kgc acop acoo = ffh kbi
kgd acoo = nif
kge acop acoo = lzv
kgf acoq acop acoo = pkx bmk
kgg acoo acop = pm
kgh = zab
kgi = tpq
kgj = uav
kgk acoq acop acoo = stt
kgl acoo = puk
kgm acoo acop acoq = kad eze
kgn acoo = pwr
kgo acoo = srp
kgp acoo acop acoq = hdn
kgq acop acoo acoq = jmr xzg dbb xea
kgr acoo = abur qlv gpt psy cjg
kgs acoo acoq acop = yiz
kgt = ufj
kgu acop acoq acoo = yjv fys aacr
kgv acoo acop = sdz
kgw acop acoo = lvq
kgx acoo = ati
kgy = bxp fsn ptv
kgz = iiv fpp usn kza
kha acoo = aamr
khb acoo = ata
khc acoo acop = ryn
khd = zjt dwe mbu
khe acoq acoo acop = ozj jtb
khf acoo acop acoq = amw
khg acoo acop = qnp
khh acoq acoo acop = xxr piy
khi acoo = tkw
khj acop acoo = aaeb
khk acop acoo = lww tch pvd pzy
khl acoo acoq acop = jlu
khm = gmf hjz
khn acop acoo acoq = rdv
kho acoo acop acoq = sdo
khp acop acoq acoo = izb
khq = qbd
khr acop acoo = cpa
khs acoo acop = ued abuz
kht acoo = xlq
khu acoo acop = ugx mzj jwx yob
khv = wep cwf wpw
khw acoo = soa
khx acoo acop acoq = eaj etw yug
khy acoo = osd
khz = aahy bgy
kia = ukr (abva qtk)
kib acop acoq acoo = jov
kic acoo = tay ksx
kid acoo = erx bsh
kie = egf czv aamb abdv
kif acoo acop = ybs uww ymx dsq
kig acoo acop = rww
kih acop acoo acoq = xft
kii acoo acop = amk
kij acoo acoq acop = abxd ejo (vpy ncd)
kik = aaxv
kil = eas
kim = bhe
kin acoq acop acoo = acio fob (dwq cgh xjf)
kio acop acoo acoq = rhn xer
kip = jwz
kiq acoo acop = vyq
kir acop acoo = nip
kis acoq acop acoo = nxc uwk
kit acoq acop acoo = enl dwn aagp
kiu = axd vkd acgq
kiv acoo acop = njt hek
kiw acoo acoq acop = kmc nxh ada
kix acoo acop = rjo
kiy acop acoo = dym
kiz acoo acop acoq = dxr
kja acoo acop = vcs xxi
kjb acoo = lgs
kjc acoo = hje fia vlm bvo
kjd acoo = oho
kje = asd
kjf acop acoo acoq = dkh aacy
kjg = hzu rei llm
kjh acop acoo = pby
kji acoo = kzu
kjj acoo = rkk
kjk acoo = crg
kjl acoo = cgf
kjm acoo acop = qas ica wfz
kjn acoo = bdj fld
kjo acoo = bnp (aahv ypv) omr sbn
kjp acop acoo = aayc
kjq acoo = pii
kjr = jom
kjs acop acoq acoo = ydr qjf
kjt acop acoq acoo = aadx abul
kju acoo acop = nef
kjv acoo = hkn
kjw acoo acop = tno lff
kjx = gqg lif uxj
kjy acoq acoo acop = hzx hjy hdx
kjz = ybp abtt lfn
kka acoo acop = abo pns dqr
kkb acoq acop acoo = wxm
kkc acoo = bfo dbw mvt
kkd acoo = ovh txk ios
kke acoo acop acoq = kij
kkf acop acoo = lms cmx abcu
kkg acoo = aaxi
kkh acop acoo = wpk
kki = wyd
kkj acoq acoo acop = cnp lij
kkk acop acoo acoq = abii
kkl acoq acop acoo = spw
kkm acoo = brz
kkn = sth
kko acoo = zlk
kkp = iyd aaxn
kkq = bfo xnr
kkr = bpb
kks acop acoo = zby
kkt = aaag dyc (ugm plw)
kku acop acoo acoq = smb bzu
kkv acoq acop acoo = umg
kkw acop acoo = ufp
kkx acoq acop acoo = rpi
kky acoo = abay
kkz acoo = wwf
kla acoo acop acoq = sap qhc
klb acop acoq acoo = rdv
klc acoo = aaob
kld acoq acoo acop = kbt
kle acoo = bfh fln dix
klf acop acoo = kvb xbb lxq cve
klg acoq acoo acop = lra xjx mlm ejv
klh acoo acop = vvt
kli acoo = mwg umu yrq pkm
klj acoo = raz jmc yzg
klk acop acoo = mqm onx dwy
kll = bqm
klm acoo acop = wly xya
kln = ayn lst rvq xwx yh
klo acoo acoq acop = dmz zer kmg
klp acoo = sfd cah jii vnx
klq = ipu
klr = dd
kls acoo acoq acop = pko
klt = sbr xjq yty
klu acoq acop acoo = qwq rmt qmw
klv = rwp
klw = aayu xpc
klx acop acoo acoq = mmh aamk yyg
kly = mbx
klz acop acoq acoo = rzm agj
kma = lm
kmb acop acoq acoo = ivj aadp bjn ocb
kmc = fni aq
kmd acoq acop acoo = ypp rxc
kme acop acoq acoo = eo akv ioc
kmf acoo acop = gva pun
kmg acoq acop acoo = stx
kmh = wyt zhl aaqz
kmi acoq acop acoo = kpo gxb hob
kmj acoo acop acoq = wxw
kmk acoq acoo acop = tpx
kml acoq acoo acop = vgl
kmm acop acoo = muz
kmn acoo = wxf kag uhm
kmo = idk
kmp = eqd
kmq = noc
kmr = zsf
kms acoo acop = kn
kmt acoo = pzj hr fux kvx aarg
kmu = nmb ipy xvb
kmv acoo = aasb jbm oxe
kmw acoo acop = weh
kmx acoo acoq acop = zdp
kmy = gd ckp kbw zsz
kmz acoo = rsm
kna acoo acop acoq = dya
knb = qev cer nky
knc acoo = aw aart
knd acoo acop = alp
kne acoq acop acoo = nae dgw sbf hkl
knf acoo = due sdl
kng acop acoo = abcn hxv
knh acoo acop = vvj tui
kni = wjb
knj = bia
knk acop acoo = ilj eve
knl acoq acop acoo = jwl
knm acoo = vxg kxf hvk pgl
knn = qnt rgi ibj
kno acoo = mwb
knp acoo = aamv
knq = kdq
knr acoo = fin hds so
kns acoq acoo acop = nja ijx kpj mnb
knt = cev xrw
knu = hrb rbx
knv = vbp
knw acoo = ejg rfm
knx acoo acop = aafx uey
kny acop acoo acoq = jfh
knz acoo = xci vhu req
koa acoo acoq acop = aaua
kob acoo acop = rvj acio
koc acoq acop acoo = abhd yzb
kod acoo = fjo
koe acop acoo = oxt
kof acop acoo = nwj
kog = vfp
koh acoq acop acoo = jex
koi acoo acop = hvw
koj acoo acop = lsx
kok acop acoo = pdr
kol acop acoo = ptp fbi
kom acoo = tsa
kon acoo = bnl cje
koo acoo = pqs tfb
kop acoo = rki
koq acop acoq acoo = kzz
kor acoq acoo acop = owu ackc rss
kos acoo acop acoq = jvf
kot = abpo
kou acoo acop acoq = ibs ydo
kov acop acoo acoq = hhz
kow = ipr
kox acop acoo acoq = vqv iak
koy acoo = ppr
koz acop acoo = pwt zgi
kpa = cri unn krc
kpb acoo acoq acop = ajr amd
kpc = weh
kpd = npt
kpe = tuh epj ahc dza
kpf acoo = aald qwx
kpg = ocq
kph acoo = kjk ekk jbe uds aalw
kpi = fcw vi
kpj acoo = dmy klj (low abkj)
kpk acoo = rfh
kpl acop acoo acoq = rtg
kpm acoo = gnq gyz hvq sxc
kpn acoo = ozx vaq (ez yva)
kpo acoo acop = yiu lrv bky vtd
kpp acop acoo = xjd svb
kpq = wun
kpr acoo = wiz fti
kps acop acoo = cql
kpt acoq acop acoo = qnc ife ih
kpu acoo = gfo
kpv = hap
kpw acoo acop = frw dlx
kpx = pxa
kpy = ablt err
kpz acoq acop acoo = qbt pdv
kqa acoo acop = gte
kqb = rts
kqc acoo = ggb
kqd acoo acop = fbh
kqe acop acoq acoo = xlx
kqf acoo acop = mae (uya xtq kcq)
kqg = lvn bvm
kqh = avm lfh opx vjd kls
kqi acoo = fhd
kqj acoo acop = ntf
kqk = gyu
kql acoo acop = orw zrz
kqm acoo = uac
kqn acoq acop acoo = fi jdj ekz vjd
kqo acoo acop = onh
kqp acop acoo = pxk bml abon
kqq acop acoo = igk fg
kqr = ckg
kqs acop acoo = qvm
kqt acoq acoo acop = itn kpg jgd
kqu acoo = sou tds
kqv acoo acop = gxg
kqw acoo = tyj skr jmh wvi
kqx acoo acoq acop = cyg
kqy = jlw
kqz acoo acoq acop = wnp
kra = myb iwj
krb acoo acop = aym
krc acoq acoo acop = jeu dqz aaps lam
krd acop acoo = sfw
kre acop acoo = oln
krf = zue
krg = ela cpw fcz heb
krh acoq acoo acop = jkt nf
kri acoo acop = rrs uap abva
krj acoo acop = qkq hlj njj acgk
krk acoo acop = abob vwd
krl acoq acop acoo = tiy
krm = yez mi
krn = rax ooa tsg zsx
kro acoo = bop xrq auz so
krp acoo acoq acop = vgn
krq acoo acoq acop = achq abab ijd wbl
krr acoo = los
krs acoo acop = nfx
krt = ziv
kru = xqa
krv = ush
krw acoo = xbi
krx acop acoq acoo = fbu byd ewx sga
kry acoo acop acoq = hnx
krz acop acoo = nwt
ksa acoo acoq acop = mpm
ksb = vxc
ksc acop acoo acoq = aajr
ksd acoo acop = wef
kse = oyi nzv
ksf acoo = kdt mgl
ksg acoo = qay
ksh acoo = fdc moc achd
ksi acoo = tuj
ksj = vj
ksk acop acoo = cqq jxo
ksl acoo = ytb lzo
ksm acoq acop acoo = xeb zxx pfv
ksn = oho fhn doz
kso acoo = anp
ksp acoo acoq acop = djd
ksq acop acoo = kyn nyj uoj kqp
ksr acoo = msh xuf tjo
kss acoo = xym
kst acoo acop = efj lz
ksu acoo = dil
ksv acoo = pqc kax hst
ksw acoo acop = owo hz
ksx = utt djp (rmz pqf)
ksy acoo = yeg suu foa
ksz = flt erl aavx kpf
kta = wih
ktb acop acoo acoq = tee
ktc acoo = dy
ktd acoq acop acoo = aaxl (did cfn) jcg
kte acoo = fyf (abgm trt)
ktf acoq acoo acop = sii
ktg acop acoo = lax zlo bpe aboo
kth = rnz zss (fbv tgs)
kti acoq acop acoo = rff fnc
ktj acop acoo acoq = aaav
ktk = goo
ktl acoo acop = qoe
ktm = dik
ktn acoo = mqx zei aapi
kto acoq acoo acop = zga
ktp acoo = edw tjw
ktq acoo = mlr fty iby
ktr acop acoo acoq = leu mjp kk
kts = ybn yiv nnr
ktt acoo = ptw fdw
ktu acoo acop = uye
ktv = wte
ktw acop acoq acoo = ado zrg (eca ane)
ktx acop acoo = jrh
kty acoo acop = zwq
ktz acoo = ghj gxf (ackz zuv)
kua acoq acop acoo = tip
kub acop acoq acoo = accv goo
kuc acoo acop = rwh
kud = avi veb kse
kue acoo = rqe jcq xmx mix ttg
kuf acop acoo = nsq
kug acoo acop = uzp yuc cnj
kuh acoo = ohv nhz
kui = qmd lyh
kuj acop acoo acoq = nmp accj
kuk acoo acop = xhy
kul acop acoq acoo = jqa
kum = mqt
kun = wtd
kuo acoo = fn
kup acoq acop acoo = ddb nda dhl
kuq acop acoo = ayr duh
kur acop acoo acoq = zae
kus acop acoo acoq = zih vsr
kut acop acoo = myv (hnz ytc ptm)
kuu acoo = sgb
kuv acoo = vky yqa
kuw acoo acoq acop = ayz
kux acoo acoq acop = ucu
kuy acoo = mvu
kuz = rff
kva acoo = epp tlq
kvb = xoy
kvc acoo acop acoq = drj vmk
kvd acop acoo = tyl
kve = acgz
kvf acoo acop = rii
kvg acop acoo = cue
kvh acop acoo = xjm brt bgq
kvi = ayc
kvj acoo acop = taw
kvk acoo = sey mcl
kvl acop acoo = aarj qxx qwu
kvm acoo = ksr
kvn = whh ejf lgi wew pwb
kvo acoo acop = abvo
kvp = lnt kis
kvq acoo acop acoq = hzs
kvr acop acoo acoq = lao
kvs acop acoo = abzm leh
kvt = ezf
kvu acoo acoq acop = abvy wwd
kvv acoo acop = svv jtm
kvw = yim vvq
kvx acop acoo = pzb
kvy acoo = bgd
kvz acoo acop = suj
kwa acop acoo = jya
kwb acop acoo = abxh
kwc acoo = fvj snb ats
kwd acop acoo acoq = uju
kwe acoo = rru xec
kwf = mbu
kwg acoo = dkx bgq lcp
kwh = gzr
kwi acop acoo acoq = wjz
kwj acoo = wcp
kwk acoo = npi rbx (hqb frs)
kwl = vgf
kwm = gbs
kwn = vtz
kwo acoo acop = xlh
kwp acoq acoo acop = iiz
kwq = abfe mvb
kwr acop acoo = qeg arm
kws acoo = bc llj
kwt acoo acop = zji
kwu acoo = mqe
kwv acoo = sls yyu
kww acoq acoo acop = abun eqt mvn (aiw kbx)
kwx acoo = qeb
kwy = jdp abzh gdx whi
kwz acop acoq acoo = suj
kxa = akb nlr
kxb = nju
kxc acoo = zst
kxd acoq acop acoo = zbp
kxe acoo acoq acop = ukh nia abrf iue
kxf acoo acop = oyj msu nhi
kxg = geb uyr
kxh acop acoo acoq = eqq
kxi = xvo
kxj acoo acop acoq = tik hvg lzz qvf
kxk acoo = hcn bli
kxl acoo = ahv pov dv vzf bvc
kxm acop acoo = btv
kxn = djq
kxo acop acoo = mur oab
kxp acop acoq acoo = ubj kya
kxq acoq acop acoo = qsf
kxr acoq acop acoo = nsx zga kie jfz
kxs acoo acop = uxq
kxt acoq acop acoo = abax
kxu acop acoo = ree ijg bau ppx
kxv acoo = hpi cfk (ync uyg)
kxw acoo acop = spf
kxx acoo acop acoq = kjq
kxy acop acoo = fu aahu
kxz acop acoo acoq = jhb brv
kya acoo = npp cef wsv
kyb acoq acop acoo = tfr
kyc = lce
kyd acoo acop = rdd
kye acoo = sre
kyf acop acoo = jzh
kyg acoo acoq acop = pgx khb fjw rgb ktr
kyh acop acoo = vsl itu
kyi acoo acop acoq = iau aaok fzu
kyj = oyz ndk
kyk = err
kyl acoo acop = tuc
kym acoq acop acoo = osr squ
kyn acoo = lnc
kyo acoo = aanz
kyp = mlz gew
kyq acop acoq acoo = wer
kyr acoo = bbo jpp
kys acoo acoq acop = zyd tam eyc
kyt acop acoo = zh
kyu acop acoq acoo = acok vka qrf
kyv acoo acop = jso zwn
kyw = nec
kyx acoq acop acoo = mrn
kyy acoo = lmd
kyz acoo acop = oix
kza = yoh
kzb acoq acoo acop = ykd
kzc acop acoo = aaul ably abjr
kzd acop acoo = ceb pym
kze acop acoo = ecl
kzf = zuv fvk
kzg acoo acop = hqw
kzh = edp
kzi = rrs
kzj acoo = hqy ati vh
kzk = lts
kzl acoo = hkg pgn ved cgz
kzm acoo = glh
kzn acoo acop = zll rrj
kzo acoo acop acoq = qgf at
kzp acoo acop acoq = ayz
kzq acoq acop acoo = ixd fol
kzr acoq acoo acop = kqo asw qqt aaqz abyb
kzs acoq acoo acop = ablu
kzt acoq acoo acop = hft tma otf
kzu acoo acop = igy
kzv acop acoo = acab
kzw = gbm fyr ucg hky
kzx acoo acoq acop = sus ssp
kzy acoo = csi
kzz = oit
laa acoo acop = syw
lab acop acoo = ctc
lac acoo acop = vhx
lad acop acoo = kmr lsw
lae acoo = vsi l gqj fci ywt
laf = nny wga
lag acoo acoq acop = ido ivg bmb
lah acoo acop = ruz aazr
lai acoo = ycj
laj acop acoo = cqv
lak acop acoq acoo = bnd tdg meu
lal acoo acop = acl
lam acoo = mq
lan acoo acoq acop = zzn jzw pgv
lao acoo acop = qni
lap = srw wus obv
laq acoo acop = eyh gn ezw
lar acop acoo acoq = xhx
las = abxr icd
lat = ers tpd
lau acoo = pze qzo
lav acoo = dgz drs aahd
law = ddq
lax acoo acop acoq = mgc swd
lay = fyy
laz = bbh aajq huj nol ok
lba acoo = mrd cic dy pbz
lbb acop acoo = uri
lbc = hyp gzn vsq
lbd acop acoo = wte vbm pho
lbe acop acoo acoq = msl kks cgp
lbf acoo acop = aacz
lbg = bot
lbh acoo acop = nak rds
lbi = grp hsd
lbj acop acoo = kce
lbk = abkd
lbl = axv
lbm acoo = nop qke abfu
lbn = nrf
lbo = zzr wqd fft
lbp acop acoo = pcz azc zhv
lbq acoo acop = aael yy pcj zgw
lbr acoo = aamj hkw
lbs = pnj
lbt = nfp acfy tpq
lbu acoo = qhb
lbv acoo = qkg
lbw acoo = oa
lbx acoo acop = rlq pss
lby = klq
lbz acop acoq acoo = iwx ylj
lca acop acoo acoq = ple
lcb acoo = ftq
lcc acoo = agi jej smu aaej
lcd = iwa zya
lce acoo acoq acop = oaw
lcf = azf bhl xnn
lcg acoo = ywg aiw gki zht
lch acoo acop acoq = tle
lci = cdy ows
lcj = vwa
lck = abjx acy cga
lcl acoo acop acoq = bwn jvk
lcm = ogd
lcn = nqh
lco = zgv
lcp acoo acop = kyz
lcq = aatp lgi accj
lcr acoo acop = yxo xud dwy
lcs = act vlj
lct acoo = rwm
lcu acoo = cbo zj
lcv acoo acop = rkj isf
lcw acoq acoo acop = bvu
lcx = jtu
lcy acoo acop = pvf
lcz acoo = myj
lda acop acoo = evd
ldb acoo acop = kp ap wxv uky
ldc acop acoo = hcu kkc
ldd acop acoo acoq = abgi
lde acoq acop acoo = frm ivf kig
ldf acoo acop = oho
ldg acoo acop = zcs
ldh acoo = pcg zlf
ldi acoq acoo acop = fhp aaaa mlz
ldj acoo acop = vsc nns mej
ldk acop acoq acoo = lna
ldl = ppn
ldm = vka
ldn acoq acoo acop = hml
ldo acop acoo acoq = abhj
ldp = rmz
ldq acoo = acai vfk
ldr acoo = ptz
lds = aagm
ldt acop acoo = ayh
ldu acop acoq acoo = adl
ldv acop acoo acoq = tjg
ldw acoo = ohf aaqx
ldx acoo = vel dc fdy boz
ldy acop acoo = rsc jta
ldz acoo acop = qgn hdn wja icg
lea acop acoo = tmv
leb acop acoo = tfq zsq
lec acoq acop acoo = vwi
led = zep
lee acop acoq acoo = ddl
lef acoo = pno
leg = cda dnk
leh acoo = bv
lei acoq acop acoo = aara
lej acoo = acld nli gyq lvm
lek acop acoo = evu
lel acop acoo acoq = lvd
lem acop acoq acoo = tud
len acoo = aaeb ehf ttg
leo = aazv ppx
lep = gnm
leq acop acoo = bnz
ler = xxt
les = khz acga slo wmn rib
leu = dux
lev = abwn rgh
lew = qkc (gpw ogl)
lex acoo = yyx xcy lkw
ley acoo acop = uvp iff
lez = jty cfr cli
lfa acoo = aavu
lfb acoo = oau
lfc = bqk
lfd acoq acop acoo = sxm vig vym abrl bdv
lfe acoo = ebu bjn ioi ehk
lff = xke xzv hcu koa okw
lfg acoo = zmd ppq yxk
lfh = jcw aakx vka
lfi acoo acop = xwm
lfj acoq acoo acop = msl euu
lfk acoo = vfn
lfl acoo = ugw
lfm acoo acop = bpg xmg
lfn acoo acop = okv
lfo acop acoq acoo = ban
lfp acop acoo = hor
lfq = glj nlf rkx fia
lfr acoo = gbg
lfs = fvh abfv
lft = vtr
lfu acoo = zig fbq
lfv = iiu dmc abdu
lfw = ral
lfx acoq acop acoo = wnu
lfy acop acoq acoo = lkq uhy ddh
lfz = sih dwq
lga acoo acop acoq = bdv
lgb = avr
lgc = fcc
lgd acop acoo = val
lge acoo acop = aamd gsc
lgf acop acoo = bzs spx
lgg = hz ewb
lgh acoo acop = red
lgi acoo acop = nmg
lgj acoo = xvh
lgk acoo = lwx
lgl = dfy nxd
lgm acop acoo = abn nvy thm
lgn acoo acop = eiu
lgo = lfu pra exb
lgp = oaj
lgq acoo = cai
lgr acoo = hle
lgs = abjw
lgt = abgw
lgu acoq acop acoo = ufj
lgv acop acoo = ndr von
lgw = okr aacd zqy oyn
lgx acoo acop = zdp gdz tkq
lgy acoo acop = xzg
lgz acop acoo = oyj yju
lha acoo acop acoq = yby dsi wsx qwl
lhb acoo = ekt mwf cqi
lhc acoo = qpp
lhd acoo = vzi xps ajh
lhe acoo acoq acop = pkx
lhf acop acoo = msu
lhg acoo acoq acop = soy opn
lhh = vs
lhi acoo = hot
lhj = zhg zqz
lhk acoo = lqa
lhl acoo acop = qsj don
lhm = egt
lhn acoo acoq acop = iox sbh ebo
lho acoo = wws oei ltf eri kpw
lhp acoq acoo acop = aagk tyq
lhq acoo acoq acop = cuy mht
lhr acoo acop = mlp
lhs acoo = wok dim xxb
lht = vky
lhu = gxd
lhv acoq acoo acop = qbf
lhw acoo = aod
lhx = ofb
lhy acop acoo = kft cfm leo
lhz acop acoo = gmb
lia acop acoo = aawg
lib acoq acoo acop = sgo
lic acoo acop = tdj eu abua
lid acoo = wxz
lie acoo = dij (nls qls asq)
lif = mbh
lig acoq acop acoo = buh rzd
lih = ghw
lii acoq acoo acop = gui
lij acoq acop acoo = kpj gir ndv jpn
lik = iaz
lil = aaoe abhu fuf
lim acoo = byu mk
lin acop acoo = fld
lio acoq acoo acop = mag glq
lip acoo = wkp vlr
liq = fgq sxz tpu mxz elm
lir acop acoo acoq = fyw npn wme zxz
lis acoo = uwd
lit acop acoo = ybv hgg eeh
liu acoo acop = baw
liv acoo acop acoq = umx
liw acop acoo = tab
lix acop acoo = abgb vqe pnn
liy acoo = tqn vrg bfe byc cjp
liz = mzb gxu oir kqe
lja acoo = jfg nsx vtj hgc
ljb = ekn
ljc acop acoo = eds vxa abpl
ljd = rvt lup xnw
lje acoo = hfs aaje kla
ljf = lom mot
ljg acoq acoo acop = qfr abbo
ljh acoo acop acoq = bnb
lji = pth hqo ixi igh
ljj acoo acoq acop = oys
ljk acop acoo = cmj taf
ljl acop acoo = zic
ljm acoq acop acoo = hcr
ljn acoo = fll
ljo acoo acop acoq = abxp
ljp acoo acop = tzr yih gul zfr twt
ljq acoo = vgm ych
ljr acoo = nnu dpw ddi zre
ljs acoo acop acoq = cln mzd rpu rxv
ljt acoo = kht
lju = ydk yuj
ljv = joi jvv snd ndh uiq
ljw acop acoo = bkc
ljx acop acoo = cuk
ljy acoo = cue cuu niq
ljz acop acoo acoq = nqv ddc aagy
lka acoo acoq acop = aadi
lkb acoo acop = shx
lkc acoo acop = ifv
lkd acoo acoq acop = jlx
lke acop acoo = srf
lkf acop acoo = qzn glp
lkg = gxs
lkh acoo acop acoq = fce
lki acoo acop acoq = nmr
lkj acoo = guh ocw tnn
lkk acoo = kog (pqw fbc ies)
lkl = wpb
lkm = bir
lkn = nyj (kt uiz nbe)
lko acoq acoo acop = rca hjt
lkp acop acoo acoq = zan ycn lnw yoy
lkq = zge eeg acne sco
lkr acoo = hou idg
lks = hvo
lkt acoo acoq acop = mww dnv zsa
lku acoo = iwz
lkv acoo = uju
lkw acoq acop acoo = ivr
lkx acoo = maa
lky acoq acoo acop = opf (tqb abfe)
lkz acoo = moz eay
lla acop acoq acoo = gub (wjc hwo gtj)
llb = aans dnp
llc acoo = blh ara ain vmo hqq
lld = abpo
lle acoo = rnc jpw abhk xpk twc
llf acoo = uvt abnv ich xis bka
llg acop acoo = xqu
llh = aady
lli acoo acop = twx wgs wkp
llj acoo = wye
llk acop acoo = axv
lll acoo acop = wsb fzd xak
llm acoo acop = smu ycc skt abey
lln acoo = ykd pay
llo = bmj jff qrx tbs rnp
llp acoq acoo acop = kpr
llq = cfq
llr acoo acop acoq = hzi bhl jrf
lls acoq acoo acop = wda
llt acop acoo = rfs
llu = erj otl
llv = uyd
llw acoo acop acoq = abce ijk
llx acop acoq acoo = hu
lly acoo = ner
llz acoo acoq acop = ey
lma = meq
lmb acoo acop acoq = qsq
lmc acop acoo acoq = hmv (dvj trs onv dbw)
lmd acoo acop acoq = aayo vbh
lme = utl
lmf acoo = qmm cbc jua ffa
lmg = xif
lmh acoo acop = mqq opz
lmi acop acoo acoq = yky
lmj = bgp pez fxt
lmk acoq acoo acop = lsy cyo ksv lse
lml acoq acoo acop = uxw
lmm = jyt
lmn acop acoo acoq = mfv
lmo acop acoo = ytx
lmp acoo = wxo
lmq = zzw
lmr acoq acop acoo = uun
lms = epg
lmt acoo acoq acop = swc jac eaz
lmu = abge
lmv acoo acoq acop = mfx zfr
lmw = bvu
lmx acoq acop acoo = ngm
lmy acoo = hcv nwg
lmz = sxv aop
lna acop acoo = ckr vsf
lnb acoo acop = abzi vcy
lnc acoo = cwl zbx
lnd acoq acop acoo = pqw nrg
lne = ein ubv
lnf = yjs udx dll
lng acoq acop acoo = hpl lic acfw
lnh acop acoq acoo = cxf
lni acoq acoo acop = may
lnj = krx
lnk acoo acop = xia kgd
lnl acoo = gsi
lnm acoo acoq acop = dsx
lnn = dxf
lno acop acoo = bqg jnr jds
lnp acoo = aapc
lnq acoo acop = aem
lnr acoo acop = gic
lns acop acoo = zyp
lnt acoq acoo acop = nyf uzl dns
lnu acop acoo = nbn fgc aaqw
lnv = tkf
lnw acop acoo = svm hdr jcg ptf
lnx acop acoq acoo = ckn
lny = ulg sdf
lnz acoo acop = sjg
loa acoo = izf
lob acoo = wdq
loc acoo = etm
lod acoq acop acoo = mjx ksy
loe acop acoo = aaog
lof acoo = rvx tsf hea
log acoo = oco jpk
loh acop acoo acoq = hc jgl ujt ypx
loi acoo acop acoq = zak mfz xnk srn
loj acoo = gqb
lok acoo acop = aec osp bgt
lol = lve cvh acoi
lom = lvr
lon acoo acop = zal
loo = jlv
lop acoo acop = kpk
loq = sdf hnl jkn
lor acop acoo acoq = yvy fdr jkx
los acoq acoo acop = cma tsi
lot = abyn ydo
lou acoo acoq acop = bql
lov = vi oek nfu ulz
low = mgr pn
lox acoo acoq acop = vkw
loy = uew
loz acoo acop = ixa suv cyv qax aaub
lpa = znp
lpb acoo acop = agk
lpc acop acoo acoq = xwa ogs
lpd acoo = gka
lpe acoo acop = wgc xew xdv
lpf acoo acoq acop = rrw
lpg acoo = yva
lph acoo = ai
lpi acoo = sfp
lpj acop acoo = vky aak
lpk = bks
lpl acoo = aasw
lpm = fez
lpn acop acoq acoo = fgp xes abzy
lpo = abhu
lpp acoo = tmu
lpq acoo = opn sgr tll
lpr acoo = wgr ejl cor
lps acoo acoq acop = aahn
lpt acoo acop acoq = wzt vmj qga accj
lpu acoq acop acoo = csf
lpv = cwz zed aawq
lpw acoo = aati
lpx = xcc
lpy = okq qkg krd aabc
lpz = aadv
lqa = siw
lqb acoo acoq acop = aeb
lqc acoo = mpa
lqd acop acoo = axx
lqe = gef
lqf acoo = dtb zgx kg
lqg acop acoo = yjc osm aca qhj
lqh acoo = ovf ljw
lqi acoo = xkr lzr mhd mdz
lqj = qut
lqk acoo = abda vcl zgs udb
lql acoo acop acoq = cwc
lqm acoo acop acoq = iqw
lqn acoo = xgj
lqo acoo acop acoq = rdg
lqp acop acoo = dzz
lqq = wwd
lqr acoo = ca
lqs acop acoo acoq = rke
lqt acoq acoo acop = edf lag
lqu acop acoo = hnf kqd
lqv acop acoo = bfy
lqw acoo acoq acop = guo ouy
lqx acop acoo = nyy
lqy acop acoo = zdh
lqz = muv fme gmp
lra acoo = whz (esy oyd)
lrb acoo = btg (aaud esp ius)
lrc acoq acop acoo = xaf
lrd acop acoq acoo = cff
lre acop acoo = dle
lrf acop acoo = wtl
lrg acoo acoq acop = xmq
lrh acoo = qei rql
lri acoo acop acoq = pyc
lrj acoo = qbt
lrk acoo = rz
lrl acoq acoo acop = fbg ogq cfs
lrm acoo = tul aarg jis
lrn acoq acop acoo = jmf (jt krw)
lro acoo acop acoq = xyo gpp
lrp acoq acoo acop = klp
lrq = cky meu auf
lrr acoo acop acoq = xi
lrs acop acoo = icu
lrt acoo acoq acop = jfl ais aalx fcu
lru acoo acop = dor
lrv acoo acop acoq = bwi cib
lrw acoo acop = yhs ova nrd
lrx acoo = gdr
lry acoo acop = rhl chk (acby rbn)
lrz acop acoq acoo = gra qtz
lsa = njf
lsb = uui
lsc acop acoo = xiv
lsd acoo acop = wky
lse acoo acop acoq = fnb
lsf = fgu ajc
lsg acoo = wqc
lsh = bwu
lsi acoo = hbr
lsj acoo = acoo ycq
lsk acoq acoo acop = absz
lsl acop acoo = izu
lsm acoo = zyv xha cbt
lsn = fjk
lso acop acoo acoq = eih axs ftk eqq
lsp acoo = rev
lsq acoo acop = zwb
lsr acoo acop acoq = ozi abfp
lss acoo acop acoq = sjn spx jtc nox
lst = nnx
lsu acoo acoq acop = dxw
lsv acoo acop = gam
lsw = abau
lsx acoo acop = eof etw
lsy acop acoq acoo = hbl vgr
lsz acoo acoq acop = luc zuv
lta acop acoq acoo = xhg ook jyg
ltb acop acoo = ztw zaq
ltc acoo = fsx
ltd = tov yrb mlx yrv
lte acop acoq acoo = mdb
ltf acop acoo acoq = soi
ltg acoo acop = abso
lth = hiv
lti = szh gfy onq
ltj acoo = suz
ltk acop acoo = nu
ltl acoo acoq acop = hvj
ltm acoo = mw
ltn acoo acop = acko
lto acoo = xgz dac
ltp = rsr fpm xrd teu
ltq acoo = jsl rpb mg
ltr acoo acop = acme
lts acop acoo = fsu
ltt acop acoo = jut
ltu = nku mbc
ltv acoo acop = knx
ltw acoo = see
ltx acoo acoq acop = crr dud abdu
lty acop acoo acoq = wrc pwh
ltz acoo acop = tjg ht rl
lua acoo acop = dli
lub = whm
luc acoo = gzp
lud acoo acoq acop = mmb mye
lue acop acoq acoo = llg aez
luf acop acoo = yxi dhh
lug acoo acoq acop = jkk
luh acop acoo acoq = aabk
lui acop acoq acoo = vi
luj acop acoq acoo = mpw
luk acoo acop = abfu
lul acoo = uxz emo cmz tng
lum acop acoq acoo = cl
lun acoo = omh oce (dtr ilj)
luo acoq acoo acop = duf
lup = ofj ckf
luq = abtk
lur acoo = cjp (gso al)
lus acoo acop = kld
lut acoo = ywi yuk
luu = ins
luv acoo acop = dag
luw = vkk
lux acoo acop = ugs nfv (tpv qkh)
luy acoo = cda
luz = pog rkz xbg
lva acoo = enk
lvb acop acoo = ghj llo aaws
lvc acop acoo acoq = ree kse qxr wwc
lvd acop acoq acoo = aiz
lve acoo = whx
lvf = iol dg ljt
lvg acoo acop = uhn ysq
lvh acoo acop = vnd zmo ntf akc
lvi acoo acop = kpe
lvj acoo acop = xsd aalq
lvk acop acoq acoo = aclc
lvl acoq acop acoo = uoj sqq
lvm = hwi
lvn acoo = abnm
lvo acoo = fil
lvp acop acoo acoq = snd
lvq acoo = wvf eix nkg abtg
lvr = hzt nkc eoo
lvs acop acoq acoo = dpk
lvt acoq acop acoo = qmb hhx ydw ira
lvu acoo = dhv nz
lvv = xrb urk
lvw = pnz cxz abae
lvx acop acoo acoq = bad
lvy acoo acop = leu
lvz acop acoo = ydj
lwa acoo = uki
lwb acoo = xav dto
lwc acoo acop = jxv fjb mtf hsz
lwd acop acoo = eqq nll
lwe acoo = jrs
lwf acoo acop = vwh
lwg = goj aoe yhh
lwh acop acoo = vmz
lwi acoo acop acoq = jmq
lwj acop acoq acoo = ouv wua qso
lwk acoq acoo acop = arn grj cry
lwl acop acoo = nak awg mwl lmx
lwm acoo acoq acop = acoj
lwn acoo acop = itg
lwo acoo acop = hti qdk kjs ncm
lwp acoo acop = xhe
lwq acoo = hbv
lwr acoo = zvl vja
lws acoo = obl
lwt acoo acop = vt ygt hqb
lwu acoo = tsb
lwv acoq acop acoo = fzt hjn
lww acoo = fes jb
lwx acoo = cgf cal abj
lwy acoq acoo acop = lkl
lwz acoq acoo acop = szr cut rxw
lxa acop acoo = vpv kws iyh jmh
lxb acop acoo = acgh aase (tlq cnn)
lxc = tzm rpb
lxd acoo acop = pim
lxe acop acoq acoo = wgs
lxf = oog clo rgx
lxg acoo acop = fcm
lxh acoo = kyj tdt
lxi acoq acoo acop = soc
lxj acop acoo = rqq aakx abdu sav mnt
lxk acop acoq acoo = xro weo ozm fca
lxl = gxb
lxm = hfn
lxn acoo = jcq
lxo = ejp
lxp = wpg
lxq acoo acoq acop = exs iqm xcu
lxr = vlw
lxs acoo = aakl ch
lxt acoo = cxt ycf
lxu = xgp iqg dfg aakf
lxv acop acoo acoq = xjr tsy hzj
lxw acoo acop = ghk
lxx acop acoq acoo = yvk
lxy acoo acoq acop = ekv
lxz = bze
lya acop acoo = rek
lyb acoo = xce ypi tvk htd
lyc acoo = aarj abfg
lyd acoq acoo acop = yym
lye acoo acop = hvo wep abgy
lyf acoo acop = uuz
lyg acop acoo = osq kce fnr jep cfj
lyh acoo acop acoq = fmj
lyi acop acoq acoo = ppc
lyj acop acoo acoq = gsq ffa
lyk = btn
lyl acoo acop acoq = ndl aanv
lym acoo = abdc
lyn acoo = wgl
lyo = ajo
lyp acop acoo acoq = mzp jmn vau csm
lyq acoo = cdw
lyr acoo acop = qzu fxq
lys acoo = gvr
lyt = lly
lyu acoo = achn
lyv acoq acoo acop = vbx nuo acls abia
lyw = fmd naw (onv dxm)
lyx acoo = aon
lyy acoo acop acoq = swm dfb
lyz acop acoo = lnh cdy fsn
lza acoo acop = alf
lzb acoo acoq acop = erc bqx fje
lzc acoo = niv
lzd acoo = bgk
lze acoo acop = rvq
lzf acoo acop = pgz rdz tpd jpg
lzg acoo = dud
lzh acoo acop = ckd
lzi acoo = tcx mcy (xma aabh)
lzj = trg
lzk acoo = xzb
lzl = rmb wta ikf
lzm acop acoo acoq = csd
lzn = nsi krd oel
lzo acop acoo = sld
lzp acoo acoq acop = wes
lzq acoo = ybe
lzr = abju
lzs acoq acop acoo = enb kvb xrm
lzt acoo = vhz
lzu acop acoo = yep tcj mow
lzv acoo = pum
lzw acoo acop = kjk
lzx acop acoo acoq = zbo
lzy acoo acop = oce zub ojw
lzz acop acoq acoo = xlk aaui
maa = cpu
mab = ncy
mac acoo acop = yby qqu gzk yuy
mad acoo acop acoq = wln
mae acoo = xsc
maf = aclt
mag acoo acop = nkx
mah acoo acop = hbe
mai acop acoq acoo = bhw (vt ryl)
maj acoo = cre (wbo udp rkh)
mak acop acoo acoq = peg
mal acop acoo = pjt
mam acoo = kna wue cic
man acoo acop acoq = abdh yiz kzq
mao acoo acop = hub abvg
map = acok
maq acoo = tja
mar acoo acop acoq = unw lhc kho
mas = scg
mat = eed
mau acop acoo = hsn
mav acoo acop = mzm tip
maw acoq acoo acop = dkq huv
max acoo = qkm
may acoo = mvu
maz acoo acop = bjp eit
mba acop acoq acoo = hzd dty
mbb acoo acop = paq
mbc acoo = up
mbd = kby
mbe acoo acop = drz
mbf acoo = wqj wdn rjt
mbg acoo = eyt iqb zbc
mbh acop acoo = mey hfs wnw
mbi acoo = kwh
mbj = gmr voa
mbk acoo = tey
mbl acoo acop = mgh
mbm acoo acop = qsc
mbn acoo acop = ifs
mbo acoo = aacc
mbp acop acoo = prk
mbq acop acoo acoq = azv
mbr acop acoq acoo = yoj
mbs acoo = aho (jtk kxi uyh)
mbt acoo = nhv uui qph xkr
mbu acoo = lli
mbv acop acoq acoo = tie
mbw acop acoo = uct anh
mbx acoo acoq acop = qoj
mby = pgf wiw zpa
mbz acoo acoq acop = ymw
mca acop acoq acoo = uoy
mcb acoo acop acoq = nqh
mcc = yyy
mcd acoo = qrd pux
mce acop acoo acoq = saa
mcf acop acoo = fsy achl xjm
mcg acoq acop acoo = ndr
mch acoo acop = zqo gce gjy ubu
mci acop acoo = fcw
mcj = zfg hqk pov
mck acoo acop = abnc
mcl = cnq
mcm acop acoo = czo
mcn acop acoo acoq = oxr (fpe sbt)
mco acoq acop acoo = jcm
mcp acoq acop acoo = mps
mcq = aatk
mcr = wha
mcs = mtq
mct acoo = oez
mcu acop acoq acoo = uj umo pgk roz
mcv = grm sov abic
mcw acoo acop = nix
mcx acop acoo = san
mcy acop acoo acoq = jmk
mcz = acms
mda acoo acop acoq = oqs
mdb acoo = ujw yji qpt mys
mdc = qeo
mdd acop acoo = qzy znq
mde acoo = vww
mdf acoo = jnq accj bmy
mdg = bdz
mdh acop acoo = aail
mdi acoo acop = afs
mdj acop acoo = aaak
mdk acop acoq acoo = qza
mdl acop acoq acoo = uxf vzr
mdm acoo acop = pik uyx
mdn acoo = kmh
mdp acop acoo acoq = sdi qoz
mdq = jsv
mdr acop acoo = vcg raf
mds acoo = xnh
mdt acoo = sus
mdu acoo = ybx
mdv acoo = tmj
mdw acoo = pps
mdx acop acoo = qrt osh opq rzc
mdy acoo acop = nmv
mdz acoo acop = jir
mea = cyp
meb acoo = qkd qfn dts
mec acoo acop acoq = wsl
med acoq acop acoo = rwg aazl xii
mee acop acoo = ahp
mef acoq acop acoo = xjl
meg acoo acop = lyt zeu
meh = ekd
mei acoo = nix rne jqp dxi
mej acoo = yte
mek = ueg
mel acoq acop acoo = gxa zmw rhv ekq
mem acop acoq acoo = aakx fsg
men = vsg
meo acoo = twe
mep acop acoq acoo = ody
meq acoo acop acoq = bhi smp
mer acoo = riy
mes = dgi cqn
met acoo = yfn
meu = idm
mev acoo = dn
mew acoo = jbx
mex acop acoo = pdc
mey = tqx
mez acoo acop = ndj frv
mfa acoo = obu dyz uli
mfb acop acoo = hdw wgv
mfc acoo = oby
mfd acoo = czk sej fxs
mfe acoo acop acoq = mah
mff acoq acop acoo = owl
mfg acop acoo = qyt eea
mfh = lme hvr fdt
mfi = yvk jqh
mfj acop acoo = vra eyu
mfk = jmv yua aadb
mfl acoo = knf
mfm = wnl
mfn = uwh
mfo acoq acop acoo = hup nip
mfp acoo acop = abix
mfq acop acoq acoo = nuq acff
mfr acoo = iiq
mfs acoo = xkg xil
mft acop acoo = qsh
mfu = tzr fer
mfv acoo = rhy
mfw acoo = acfr
mfx acop acoo acoq = ull vvh uou
mfy acoq acoo acop = vly
mfz acoq acop acoo = aaep ieh
mga acoo acop = fvo
mgb = snj opi
mgc = eow
mgd acoo acop acoq = abyh
mge acoo = ocx aang rma
mgf acop acoo = rqt
mgg acop acoq acoo = lmc
mgh acoo acop = abne
mgi acop acoo = vqs nio tpa oco mgd
mgj acoo = tgy
mgk acop acoo = ngo
mgl = zow
mgm acop acoo = bwl svw wiw qhr
mgn acoq acop acoo = jxj llb fcn bhd
mgo acop acoo = qpb ypk pvd kjf ps
mgp acoo acop = wgq
mgq acoo = fep brl
mgr acoo = tgx
mgs acoo acop = abun
mgt acop acoo acoq = olg iff
mgu acoo = abih
mgv acoo acop acoq = myk
mgw = gik ute
mgx acoo = trc
mgy acop acoo acoq = zes
mgz = nce
mha acoo acoq acop = uea enq
mhb acoo acop = rum lzx rbz
mhc acop acoo acoq = clk
mhd acop acoo acoq = aakw
mhe = jei ahv
mhf = cfz
mhg acoq acoo acop = jwk jrq zu
mhh acoq acoo acop = fma zk
mhi acop acoo = hnx kvf
mhj acoo acoq acop = zfn iyp uim aata noe
mhk acop acoo = paj
mhl acoo = hhw jmw abpr
mhm = zhl vnt hfu usa
mhn acoo acop = mus
mho acoo = kqv
mhp acoq acop acoo = azi
mhq acoo = kqw
mhr acop acoo = fik lni
mhs acoo acop = izx ihm cge grh hqp
mht = gyn
mhu acoo acop = abdv
mhv acoo acop = bns
mhw acoq acoo acop = lwe ivd
mhx = lxn
mhy acoo acop = aalk kqy tdj
mhz acoo = vqx vrv gav irk
mia acop acoo = mth yyy cvo
mib acoo acop = cvi nhq tke
mic acop acoo = oof
mid acoq acop acoo = ept
mie acoq acop acoo = juq
mif acoq acop acoo = bcj
mig acop acoo = anv mbf xxt rzt
mih acoo acop = abwv
mii acoq acop acoo = wea
mij acoo = cuh
mik acoo = vhb
mil = tlt noj
mim = bpk
min = fhq
mio = glt
mip acop acoo = hwi aclr abug zmb
miq acoq acoo acop = abdq qix
mir acop acoo = llf
mis = abda
mit acoo = cvi
miu acoo = aap
miv acoo acop = abyh
miw acop acoq acoo = aawz eed blc
mix acoo = qpt
miy acoo acop = jro
miz acop acoo = abch
mja acoo = wvo spx rss
mjb = tbl (hcb naj)
mjc acoo acop acoq = aavz
mjd = abjz dks
mje acop acoo = tlg
mjf acoo acoq acop = mjx
mjg acoo acoq acop = ica
mjh acoo acop acoq = udk bdi wun
mji acop acoo acoq = ieb
mjj acoo = ncn
mjk acop acoo = igq
mjl acoo = kpz
mjm acoo = uvn
mjn acoo = mou
mjo acoo = achb sqk
mjp acop acoo = ssi hpo abmp syu
mjq acoo = mmb ghr
mjr acoq acop acoo = res
mjs acoo acop = aake
mjt acop acoq acoo = weo els aciv
mju acoo = ddm
mjv = btg
mjw acop acoo acoq = nuv dew
mjx = psq
mjy acoo = aamu
mjz acop acoo = iye wjn
mka = ocn ump fid
mkb acoo acoq acop = acdf pqf
mkc acoo acop = gxt
mkd = mld dgm
mke acoo = rau
mkf acoo acop = gai hpe rop ine
mkg acoo acop = abrs
mkh acoo = ltk lsv lgq mzt
mki = abgc
mkj acoo = isq uxx qzj
mkk = acbf
mkl = ipo xwv
mkm acoo acop acoq = goa
mkn acop acoo = gkk tzf dyl jvm akk
mko = yne
mkp acop acoo = gwt
mkq = ijj
mkr acoo acop = lbp psd nym jxb bah
mks acoo acop = rgm akb
mkt acop acoo = qrc
mku acop acoo = aaok ably
mkv acop acoo acoq = rwp
mkw acoq acoo acop = boe
mkx acoo = acds
mky acop acoo = dqm noq oqq kns
mkz acoo = kix rqz
mla acoo = qdn
mlb acoo = hzq zii ryv
mlc acoq acoo acop = xgq jhp
mld acoo = aauw nvc xwa
mle acop acoq acoo = wtt cob
mlf = czi yns szq nyw
mlg = ycd
mlh acop acoo = csk
mli = ymj iph
mlj acoq acop acoo = zuj
mlk acoq acoo acop = qhu jfe aatq fz
mll acoo = wkg pwc wle
mlm = qbj jly
mln acoo = qdc irm
mlo acoo = nsk
mlp acoq acop acoo = wex
mlq acoq acoo acop = wom
mlr acop acoo = bkl
mls = tnl
mlt acoo acop acoq = acey
mlu acoo = vtb pt
mlv acoo = xvx aaep
mlw acop acoo acoq = exh
mlx acoo = etr (vsk qxj)
mly acop acoq acoo = srq
mlz acoo = ots qss
mma acoq acop acoo = fzq
mmb acoo = abjg aby mwe xrk
mmc = ioy ukj pox
mmd acop acoo = pvj
mme acoq acoo acop = zfh crm
mmf acoo = hjf sho ode
mmg acoo acoq acop = huo paa crl
mmh acoo acop = hou asl snf
mmi acoo acop = dqc (hij uyv)
mmj acoo = jom spj
mmk acop acoo = jvx
mml = plk
mmm acop acoo = xmg
mmn = hjq (rye cv)
mmo acop acoo = fks
mmp = vau ctb
mmq acoo = ibd gsy tfc
mmr acoo acop = iaq rh
mms acop acoq acoo = qfi
mmt acoq acop acoo = acx
mmu = tuh
mmv acoo = cws
mmw acoo = gfp
mmx acoo = qhv
mmy acoo = esq
mmz acoo acop = mpa
mna acoq acop acoo = fls
mnb = yoo owb vcv quw bdz
mnc = lfy acea eeq
mnd acoo acop = dfg
mne acoo acop acoq = ukx
mnf acoo = ohl
mng acop acoo = abuc vrt hvu fvn xvh
mnh acoo acop = agi
mni acoo acop acoq = klo nen
mnj acoo = vim
mnk = bke dqw sca
mnl acoq acop acoo = uxv
mnm acoo = ovo
mnn acop acoq acoo = bmu mvb
mno acop acoo = bhn
mnp = by
mnq acop acoo = cdv bkw
mnr acoo = dne clh
mns = kna gcr hfa ile
mnt = acjb
mnu acop acoo = efk
mnv acoq acoo acop = soy uht
mnw = izz cwx
mnx acoq acoo acop = poy
mny acoo = cqd
mnz acoo = ofb clk
moa acoo acop = frn
mob acoo = ax tms
moc = oxe
mod acoq acoo acop = mke
moe acop acoo = dok heo uxm
mof = shp ryo
mog acop acoo = lqy
moh acoo acop acoq = ofk xsk tvf
moi acoo acop = ptv
moj acoo acoq acop = flw
mok acop acoo = vnz
mol acoo = ppe
mom acoo = aqo
mon acoo = wcm
moo = hri
mop acoo = bz
moq acoo = ikd
mor = lha bqn
mos acoq acop acoo = bwl (vpi eds)
mot acoo acop = cep
mou acoo = mbh hua uwg
mov acoo = grk bje scm
mow acoo = hox
mox acop acoo = jvp
moy acoq acoo acop = qgr
moz acoo = pv
mpa acoo = acoe ied
mpb acoo = ywr
mpc acoq acoo acop = xju
mpd = dfk itn iey
mpe acoo = kju
mpf acoo = lwr flg anv
mpg acoo = sts ego
mph acoq acop acoo = zho
mpi acop acoo = eco xwc ugs
mpj acoo = gqs gzr
mpk acoo acoq acop = wnx
mpl = yxx tyk czd web
mpm acop acoq acoo = jso
mpn = yzu dcn od
mpo acop acoq acoo = vkb
mpp acop acoo = aiv kzy efa
mpq acoo = fxl tnw nbf ash
mpr acoo acop = vxp
mps acoo acop acoq = acbb
mpt acoo acop = aclu
mpu acop acoo = epf pen bfe
mpv acop acoo = abgb
mpw acoo acop = lkw
mpx acop acoo acoq = wvl eqg (hyd xka)
mpy = hrq ygt
mpz acoq acoo acop = qmx
mqa acop acoo = jma
mqb acoo acoq acop = ysj atz
mqc acop acoo = ulq myt
mqd acoo = dsb
mqe acop acoo = lvi
mqf acoo = abot abkp hzw zhq
mqg acoo = nwq aaua mrm
mqh = ixu uyn
mqi acoo = bzp rne xqk iha
mqj acoo = joy
mqk acoo = abzo
mql acop acoo = kjq abkn
mqm acoo = aase
mqn = ibi
mqo acoo acop = tfr (tli vn abgo)
mqp acoo = vol
mqq acop acoq acoo = kep
mqr acoq acop acoo = qsc
mqs = kay
mqt = ifl njq xbu mxw
mqu acoo = prv
mqv = uhx diq
mqw = dwk
mqx acop acoq acoo = gi
mqy = ghx
mqz acoo acop = aqp
mra acoo acop = yjp
mrb = aaah
mrc acoo = gnh ntl fcn
mrd acoo = bbo
mre acoo acop = fdv qrq
mrf acoo = whh
mrg acop acoo = onf (kuj aamf ogn) izr
mrh = aajj dgd
mri acoo acop = dad
mrj acop acoo acoq = udi
mrk acoo acop acoq = wta rjf iln acao zte
mrl acoo acop = hcf
mrm = pxt axt
mrn acop acoq acoo = nlh
mro acoo acop = esa
mrp acoo = acgs
mrq acoo acop acoq = abbk
mrr = axa ntg gha aafm xqw
mrs = evb
mrt = sue
mru = cd
mrv acoo acoq acop = ltl
mrw acoo = qtu xze fvz
mrx acoo acop = vav iuc sef
mry = aabq vuj
mrz acoo acop = cyw
msa acop acoo = rbt
msb acop acoq acoo = rud
msc acoo acop = pxu
msd acoo = nrq mwh
mse acop acoo = jqc kyd bmd dso
msf acoo = ku abic pvd
msg acoo acop = xue rcw nqo
msh acoo = ftq idk mnj etb
msi acoo = ezq mrq mz j
msj acop acoo acoq = vqa rru
msk acoo = ifj
msl = heh
msm = cwh
msn acop acoo acoq = rpo
mso acoo = dig
msp acoo acop = woo wjz dtz mtv
msq acop acoo = zio
msr = hvn qhf
mss acop acoo = esm mmb rv lok
mst acoo = zhg jjz
msu = jks pvk mrr
msv acoo = aajr
msw acop acoo acoq = zys acoj
msx = smo
msy = wwp
msz acoo = aabz
mta = wvq stq zxl xcx
mtb acoo = tek mlj dos
mtc = tug daj
mtd acop acoo = wow hmy
mte = qtr
mtf acop acoo = uxl
mtg acop acoo = zub
mth acop acoo acoq = qc
mti acoo = gtb
mtj acoo acop = mul
mtk acoo = ws xze onn
mtl acop acoo = wya
mtm = nmo
mtn acoo = lbj znm vnk
mto = ses
mtp = qfz vee jf
mtq = vbk
mtr = wsx
mts acoo = kah
mtt = jrf vcp
mtu acoo = mtq
mtv acop acoo = ugi qkf
mtw = rni jsg vzb
mtx acop acoo = ezt
mty acoo acop = hjc
mtz acoo acoq acop = zwx opc
mua acoo acop = aajh
mub acop acoo acoq = jrl dcr
muc acoq acoo acop = sfo
mud acop acoo acoq = oek
mue acoo acop acoq = tev
muf acoo = bih
mug acoo acoq acop = swm flh med
muh acoo = jre (dpo ofd)
mui acoo = ced ze xua (lay elk)
muj acoo acop acoq = abmf abvw fwt
muk acop acoo = njl
mul = xvi tee
mum acoq acop acoo = ojb
mun acop acoq acoo = kkj fql crk udh jhn
muo acoo = def
mup acoo acop = par umf
muq acoo = eqp
mur = pob
mus acop acoo = qwz
mut = nlj
muu acoo acop = kva
muv acoo acop acoq = eov wid
muw acoo = abrf
mux acop acoo = wwe aso
muy acoo = avj
muz = bat
mva acoo acop = wkn
mvb acop acoo = acdt
mvc acoq acoo acop = pwa
mvd acoo = akp
mve = axc
mvf acop acoo acoq = efb
mvg = ujr oqt
mvh acoo acop acoq = dre pbq ghv ucv
mvi = yis
mvj = sjj
mvk acop acoo acoq = kfs
mvl acoo = hxk
mvm acoo = mdw yba hmg kgo
mvn acop acoo = cra
mvo acoq acop acoo = pz
mvp = aaoz ezm
mvq acop acoo = rsd akk ost
mvr acop acoq acoo = avg aqt
mvs = rwv hnn dmg
mvt acoo = aalg
mvu acoq acoo acop = dua aaof
mvv acoo = aahx jfc
mvw acoo = ycn
mvx acoo = rxl
mvy acoo = yhs
mvz acoo acop = mbc kcy odt txu nyp
mwa acop acoo = cfd
mwb acoq acoo acop = uwv fxq abcj
mwc acop acoo = nys
mwd acop acoq acoo = nwy jud
mwe acop acoo = ztf zqp fov hbq
mwf acoq acoo acop = ztn rok
mwg acop acoo = erg jhp
mwh = lja
mwi acoo = ygc
mwj acoo = abyu
mwk acoo = xxz
mwl acoo = ofq
mwm = ryx poo nix
mwn acoo acop = wou (kis wst nww)
mwo acop acoo = gkb
mwp acoo acoq acop = gpg
mwq acoo = trj mru
mwr acoq acop acoo = ztb vqt
mws acoo acop = pcd kfj
mwt acop acoo = bnl
mwu acop acoo = aavo
mwv = kde ytz szh
mww = iok aru
mwx = lch zbz niv fav
mwy acoo acop acoq = qjx taj
mwz acop acoo = ywm
mxa acoo = alx
mxb acoo = ufu
mxc acop acoo acoq = kop cqa aaeh cst
mxd acoo acop acoq = nhd
mxe acoo acop = vn vec qrx aaov qxj
mxf = mkt
mxg = acgj
mxh acoo = gur yho yee knu
mxi acop acoq acoo = nzy ttz
mxj = aaya
mxk = haz jab nfk otx
mxl acop acoo = did
mxm acoo = dfl coa
mxn acoo = ackl abiy lef
mxo acoq acop acoo = aarq aaij dog
mxp acoo acoq acop = swc
mxq = szq
mxr acop acoo = ite
mxs acoq acop acoo = anb
mxt acoq acoo acop = cvd
mxu acoo = crv ehj hhc
mxv acoq acoo acop = acaf
mxw = uvl zf abul
mxx acoo = xwm ulq absq gcj
mxy acoo acop = tlf ahz
mxz acoo = umr
mya = ouj
myb acoo = iqs
myc acoo = zle
myd = ohs
mye acop acoo = njv
myf = yjw
myg = gfg kyg cvp
myh acoo = rxh
myi acoo acop acoq = aakd
myj acoo acop = iys ajy wvm
myk acoo = aaek
myl acoq acoo acop = amv
mym acop acoo = ccq
myn = vpp iii rfn
myo acoo = dsg
myp = vul
myq acoq acop acoo = eju
myr acop acoo acoq = cvc qnp
mys acoo acop = dyx
myt = tha
myu acoo acoq acop = khb dvs
myv = azc
myw acoo = idl
myx acoq acop acoo = knb abkq anj
myy = iyd gfh
myz = prq
mza acop acoq acoo = qqo (fmg xoa oqu)
mzb acop acoo = shk
mzc acop acoo = xtv abtu voi
mzd acoq acoo acop = zvo nkq ihg ikv
mze acoo = xwg
mzf acop acoo acoq = xau
mzg acoo acop = tsg ilo uaw
mzh acoo acop = klh ker pop enm
mzi acoo = ugt yni
mzj acop acoq acoo = auc
mzk acoo acop = cye
mzl = ztk
mzm acoo acoq acop = abnm
mzn acoo = gs qmo xxh jpc oni
mzo acoo = lmu
mzp acoo acoq acop = zcg
mzq acoo = kif
mzr = fjh
mzs acoo acop = ngk
mzt acop acoo = sm
mzu = ugl vbv
mzv acoo = pp glk mg
mzw = cxp
mzx acoo acop acoq = rvl mon
mzy acoq acop acoo = abnb
mzz acop acoo acoq = dle
naa = ryk soc vn
nab = wq
nac = pjt
nad acoq acoo acop = aclx
nae acop acoq acoo = mnk hrl xo wom
naf = fao
nag acoo = eml
nah acop acoo = achl
nai = wbz
naj acoo = aash
nak acoo = abei xeq
nal = yte
nam = enl
nan = aaod pca
nao acoo = nst
nap acoo = fgt
naq = ewo zaq ahz dzy
nar acop acoo = fcv
nas acoo = ggj
nat acop acoo acoq = abfo zcq
nau = oym
nav acoq acop acoo = abth
naw acoq acop acoo = vig gds nka eyr
nax acoo = izz gsi
nay acop acoo = nzl qeq mjl rdi
naz = nys vru
nba acoo = cvp aafv
nbb acop acoo = sn
nbc acoo acop = thp duk
nbd = abvi aok efi xgc
nbe acoo acop = ttn
nbf acop acoo = sfs fdt abfv hi
nbg acoo = mkw jum dsb
nbh acoo = dej aasf
nbi = wx
nbj acoo = qdz xsz
nbk acop acoo = erf
nbl acoo acoq acop = bam wkk oxe ehq
nbm acoo = jlg
nbn acoo acop acoq = gbq lgg npx lnd
nbo acop acoo = qcu syz jqf frd
nbp = aoz
nbq acop acoo = rnr
nbr acoo acop = apu
nbs = llo
nbt = bhh
nbu acoo acop = xyp
nbv acoq acoo acop = ukx mkh
nbw acoq acop acoo = zri uoe mv
nbx acop acoo acoq = wve
nby = xvk
nbz = ob
nca = abdh plf
ncb acoo acop = oum
ncc acoo = djk
ncd acoo = acgp
nce acoo acop = qqt udr
ncf = xli tfh wuk
ncg acoo acop acoq = jrs
nch acoq acop acoo = hls abzh
nci acoo = jon
ncj acop acoo = sda gek
nck acoo acop = xab
ncl acoo = bcc
ncm acop acoo acoq = mzl syj
ncn acoo acop = kbd tew rsm
nco = mrw
ncp = kow
ncq acop acoq acoo = pxh
ncr acop acoq acoo = tmg
ncs = baz
nct = ldy
ncu acop acoo acoq = kk
ncv acoo = ysl
ncw = aazm
ncx acop acoo = sak
ncy acoo = evk
ncz acoo acop = eni
nda acoo acop = wxx
ndb acoo acop = cvv (per edk)
ndc acoo acop acoq = smt
ndd acop acoo acoq = abha
nde acoo = mxi
ndf acoq acop acoo = aapd pyi
ndg acoo acoq acop = btq efm haf szx
ndh acoo acoq acop = pjf
ndi acop acoo acoq = gfm aaec
ndj acoo acop = zqk txp jcu ecx
ndk = hyz
ndl = it crp
ndm acop acoo = sjs cly
ndn acoo = gkq hy mwh aadt
ndo acoo = fid
ndp acoq acoo acop = cec
ndq acoo = jqb
ndr acoo acoq acop = zrn tcz
nds acoo = xqa
ndt acop acoq acoo = igg acmy dpl nkw
ndu acoo acop = pep yup
ndv = abrp qmb
ndw = kxy
ndx acoo acop = wmk
ndy acoo = jqu
ndz acoo acop = oq
nea acoq acoo acop = acdd
neb acoq acop acoo = vcn
nec = hnj
ned acop acoo = ig
nee acoo = lkh hqp ljq qkr
nef acoo = who
neg acoo = iym jtd yyj
neh acoo = uyu
nei = lze
nej = jjp zfe
nek acoo acop = fpo
nel acoo = aco cat fqd
nem acoq acoo acop = vmx
nen acoo acop = emc
neo acoo = nbu
nep = kpo
neq = ysr
ner acoo acop acoq = mtr tfo
nes acoo acop = swl odg uea
net = nsj
neu acoo acop = aacw
nev acop acoo = jbv abpq
new acoo = hnr
nex = mbc
ney acop acoo = dim jfm icm
nez acop acoo = abcd
nfa acoo = fgr pis
nfb = svh
nfc = aye xjx
nfd acoq acoo acop = flr fwy (eqm wa lju)
nfe acoq acoo acop = sel oxd
nff = jag
nfg acoq acoo acop = qjg ggv
nfh acoo acop acoq = jwc
nfi acoo = vel abni dky prv
nfj = qxe mcc xoo eaq
nfk acop acoo = guu
nfl acoo = dps
nfm acop acoo = gyc
nfn acoo = suy
nfo acoq acop acoo = fce xud jnw czl
nfp = acms
nfq acoo = fan zuc
nfr acoq acop acoo = tec
nfs acoo acop = eby
nft acop acoq acoo = qxz qii jif uvf
nfu = wgy
nfv acoo = qme
nfw acoo acop acoq = iji eyy rnb bnr
nfx acoo = adz
nfy = tpg gbb aacl
nfz acoo acop = pbl
nga acoo acop acoq = abis
ngb acoo = uaa
ngc acoq acop acoo = avx
ngd = dsp tnt
nge acop acoo = abpu mgr abnz hvu kan
ngf acoo = ksa
ngg = iwg
ngh acoo = dbc
ngi = iou
ngj = mvf
ngk = edq sme gln
ngl acoo = men
ngm acop acoo = fa pmm
ngn acop acoo = rwo dxo dhr dhn
ngo acoo = hpw
ngp acoo acop = nm
ngq acop acoq acoo = xjr acgh
ngr acoo acop = vku
ngs acoo = mtf
ngt = acmq
ngu = vpq acon
ngv acoo acop = blm ean
ngw acoo acop = qsg roc
ngx acoo acoq acop = jiz
ngy acoo acop = iem
ngz = aaza
nha = bgn mem lrz vzi
nhb acop acoq acoo = bke
nhc acop acoo acoq = abbk evy ejz nkd
nhd acoo acop = utm
nhe acoo acop acoq = yxq
nhf = kf pnv krt
nhg = fva lbi kxe
nhh = xvx
nhi = onp euu kkv
nhj acoo = vdc
nhk = aatp
nhl acop acoo = abes
nhm acoo acop = fsh pkk
nhn acoo = wxu evj mgn
nho acoq acop acoo = hiv abll
nhp acop acoq acoo = jjo
nhq acoo acop = xdq hlc
nhr acoq acop acoo = yaz qbb hlh
nhs = loy
nht acoo acop = wid
nhu acop acoo acoq = las gfi
nhv = kvl tns
nhw acoo acop = xgf
nhx acoo = lig
nhy acoo = sff htx kcm
nhz acoq acoo acop = pte
nia acoo acoq acop = iir
nib acoo = cgd shg zwx aev vmr
nic acoo acop acoq = yzc imb gyp cps noe
nid acoo acoq acop = aajz
nie acoo acop = qp
nif acop acoo = mgx aawk
nig acop acoq acoo = xql
nih acoo = igr
nii = azr
nij = odm
nik acoq acoo acop = zlq
nil = pw
nim acop acoq acoo = abkl accu acbk
nin = sza
nio = wje bjs cbs
nip acoo acoq acop = ftu ysf
niq acop acoo = fpz nns ffo fxu
nir acoo = vdh
nis acoo = vde txy
nit acoo acop = hji rqi tcs
niu acoo = abu
niv acoo = fph rdb
niw acoo = ifn lpp
nix acoo = acbv
niy acoo acoq acop = uvc
niz acoo = gxl
nja acoo acop = ygz
njb = yci
njc acop acoo = ehd yjo mdv
njd acoq acop acoo = qcv jtt zf bvv
nje = ab
njf = gnc xzv iuq
njg acoo = yia
njh = zxi
nji acoo = qas
njj acoo = qiv aatp
njk acoo = aqq
njl acoo = bww
njm acoq acoo acop = jnc
njn acop acoo = fnl
njo = achk lqi fcq wpr
njp acop acoo = nzf jkc wat
njq acop acoo = lfm
njr = jxr
njs acoo acop = baw
njt acoo acop = vuh
nju = jvt ecu
njv = uf
njw acoo = toi
njx = twa
njy acoo = xcp oqm
njz acop acoo = jjz
nka acoo = fch
nkb = bep
nkc acoo = bur mmn
nkd acoo acop = evo
nke acoq acop acoo = ijg
nkf acoo = lpb
nkg acoo acop = agm
nkh acoo = nad
nki = szq uze crs qyq
nkj acoo = xtk mvn
nkk = wnt iqn spn vde
nkl acoo acop acoq = acml upx neq
nkm acoo = gpc
nkn = jqd fqu
nko acoo = kkr acmw
nkp acop acoo = itc nlz
nkq acop acoo = muu
nkr = fdr
nks = dnm
nkt = zps ljn
nku acop acoo acoq = ytn
nkv acoo acoq acop = xlo tl lm
nkw acoo acop = wwr dmd oxh
nkx acoo = uhy
nky acop acoq acoo = mpq ixc bxx vah
nkz acoo = tne
nla = crg xg dtn aail
nlb acoo = ijs
nlc acoo = egc
nld = suo svx oul
nle acoq acoo acop = uot
nlf = ray nno
nlg acoo = vry
nlh acoq acop acoo = aiq jjj aafr nsy
nli = wia
nlj acoo = abid mgq
nlk acoo = vri cl vjy vxs
nll acoo = uyc ajl abzq
nlm acoo = ppp sqz
nln acoo acoq acop = qdl tle opt ifn
nlo = uqn
nlp acoo acoq acop = es heh
nlq acop acoq acoo = zbs
nlr acoo acop = ouq
nls acoq acop acoo = lae esm swx
nlt acop acoo = fxt ron eze abxo
nlu acop acoo = iuy
nlv acoo acop = jvq
nlw acoo acoq acop = qkg ajl
nlx = adr
nly acop acoq acoo = vqs
nlz = ckj nyp
nma acop acoo = evw jci crg rzb
nmb acop acoo acoq = znr bxu qw
nmc acoo = xqo
nmd acoo acop = hno
nme acoo acop = gzc dmp iat
nmf acoo acoq acop = kqv
nmg = bdd
nmh acoo acop = dae xyt fed fza
nmi acoo = siy (nxn qxv pqz)
nmj = uiy
nmk acop acoo = fbr aqf ptf yal xgv
nml acop acoo = abup
nmm acoo = aboa
nmn acoo = mgi ibh
nmo acop acoo acoq = ovd abdh zqa
nmp acoq acop acoo = jco
nmq acop acoo acoq = absu
nmr acop acoq acoo = gdq inw ick xfb
nms acop acoo acoq = zuz xof blh
nmt = cdh
nmu acop acoq acoo = aclo
nmv = hce
nmw acoo = xks (lpj ows)
nmx = lij
nmy acoq acop acoo = mum zsz oxo
nmz acop acoo acoq = guy px
nna acoo = uov
nnb = xuj
nnc = xya
nnd acop acoq acoo = kgn
nne acop acoo acoq = ijw
nnf acoq acoo acop = nde ula
nng acop acoo acoq = kdl vbt
nnh = rop ioo iio
nni acoo acop = dcs
nnj acoq acoo acop = emu
nnk = cju sjz unp
nnl acop acoo = svt aabj
nnm = foq big aamf
nnn acoo = lra
nno acop acoo = swb vno cxg raf cgo
nnp acoo = aev
nnq acoo = ibi
nnr acoo = cfb
nns acoo acop = dri aasc zfl
nnt = qqx
nnu acoo = ecg hch
nnv = dxw
nnw acoo = qwj
nnx acop acoo = juu xrs
nny acoo acop = qrb
nnz acoo = aavc (kgb aaoy eav)
noa acoq acop acoo = yir abvx (bpg acjy) irw
nob acoo acoq acop = wdt ablg ecb qxx
noc = enm wdf
nod acoo acop = zxp
noe = mwb
nof = rab
nog acoq acop acoo = tjp pvr nll
noh acoo acop = dzc
noi acoo = icr
noj = bzf ioj ygq
nok = yyi dyi ute
nol acoo = wjw
nom acop acoo = wfz
non acoo acop acoq = wvf (ccc nsj) vgs
noo acop acoo = abof wwz lee
nop = kgp pbe
noq acoo acop = hfz lcq wxp aapg lqn
nor acoo acop = itg
nos = aaat gco
not acoo acop = fnf
nou acoo acop = aaqe
nov acoo acop = zfk umv dnj ccf
now acoo acop acoq = cjg wbd pfu
nox acoo = mjs
noy acop acoo = okh
noz acoo acop = wbc ckh
npa acoq acoo acop = ljg
npb acoq acoo acop = uly
npc acoo = qav
npd acoo = abew
npe = mes veg zga
npf acoo = ank
npg = czb
nph acoo = cvy
npi acoo acop acoq = ksr
npj acoo = tlz
npk acoo = ugz abij aazg jzn
npl = vgd jmk jrd
npm acoo acop = bll aub
npn acoo = olk
npo acoq acop acoo = dkq hub (zzv ywj)
npp acoo = ywm
npq acop acoo = kav hy gpe gar mfn
npr acoo = ban hph ndo
nps acoq acop acoo = wxn
npt acoo = acml
npu acop acoo = lkb
npv acop acoo acoq = juj
npw acop acoo = aazl
npx acoo acop acoq = rdu
npy acoo = zj nas
npz acop acoo = aamj
nqa acop acoo acoq = yqs
nqb = abwo
nqc acoq acop acoo = kvl
nqd acoo = ivn
nqe acoo acop = lxo nnp
nqf = cgy
nqg acop acoo = aeh
nqh = aabi
nqi acoo acop = ffa cxe
nqj acoo = dbl hir
nqk acop acoq acoo = tek zat
nql acoo = fzb
nqm = zy
nqn acop acoq acoo = lju
nqo acop acoo = oll oeu urr
nqp acoo acop = crg kzw
nqq = vni kem
nqr = wlp
nqs acoo = aba
nqt acoo = ksf
nqu = pxr gdz blg ja prr
nqv = acki
nqw acoo acop = qgj xdx adz iyr
nqx = ez
nqy acop acoo = xtf
nqz acop acoo = amm neq bwv
nra acoo acop = aatu
nrb acoo acop = qxy piz jwe aasd
nrc acoo acop = sng jma tey
nrd acoo = byz fco hmt
nre acoo = hgn myn ebl gnx
nrf acop acoq acoo = ckk (arc pxg) yuy ikl
nrg acoo = pk aaw abqq
nrh = nka
nri acop acoo = ndm
nrj acoo acop acoq = kt xjq uak hks
nrk acop acoq acoo = ofd
nrl acop acoo = trf
nrm acoq acop acoo = gbo
nrn acoo = wmx
nro acop acoo = jyr
nrp acoo = fsi
nrq acoo = epz aaca
nrr acoo = kms abzx eev
nrs acoo = lqk arg
nrt acoo = zqa
nru acop acoo acoq = cwd kyp aaws
nrv acoo acop acoq = lzj
nrw acop acoo = fcf
nrx = ull
nry acoo = lzz
nrz acoo = vfj nur nhy
nsa acop acoo = pgr
nsb acop acoo = edy hua jby
nsc acop acoo = vlx igr axc
nsd acoo acop = oad
nse acop acoq acoo = dxg
nsf acop acoo acoq = tx
nsg acoo = abqy
nsh acoo acop acoq = yjw nqg
nsi acop acoq acoo = vuq ije jwn oac
nsj = ca (acf yka kuo)
nsk acoo = shn
nsl acop acoo = gbs skr xya tnv
nsm = kuh
nsn acop acoo = nup acke eem
nso = acdr abhe nby
nsp acop acoo = ije
nsq acoo acop acoq = swh
nsr acoo = myu
nss acop acoq acoo = xhg seg
nst acoo acop = ppe
nsu acoo = rzj rol
nsv = jqt
nsw = vob taw abnl
nsx acoo = tcl
nsy acoo = baf
nsz = vhc
nta acop acoq acoo = acjd
ntb acop acoo = xyk
ntc acop acoo = lyt
ntd acop acoo = suy
nte = del abzm hlb vjv
ntf acoo = nba
ntg acoo = zsw kdg
nth acoo acop = bsc rve ant erf
nti acoo = aaen njv drh vfc
ntj acop acoo = nam nac qxk
ntk acoo = ppn
ntl acoq acoo acop = ayl
ntm acoo = azl ld cmr sgr tff
ntn acoo acoq acop = aaeb
nto acoq acoo acop = ftn
ntp acoo acoq acop = jpt
ntq acop acoq acoo = acih
ntr acoo acop = upp rpy ehd
nts = sed vje kvx
ntt acoo = oqc
ntu acoo acoq acop = aapj
ntv acoo acop = tec
ntw acop acoo = tip (vwa lns)
ntx acop acoo = cne abft
nty acoo = aaml (mgi klf)
ntz acoo acop = amd
nua acop acoo = jjt
nub = ihr zau lbj
nuc acoo acop acoq = tue
nud acoo acop = gfq
nue acoo acop = dts
nuf acoo = whh
nug acoo = jjh
nuh acop acoo = bkv
nui acoo = nxs mxv lfd
nuj = jxm nht yvk aaue qmb
nuk acoq acop acoo = aaqh sja zyw
nul acoo = cdd
num acoo acop acoq = acmq ojv
nun acoq acop acoo = krq ovc jmo yyf
nuo acoo = czn dly aavz twq
nup acoo acop = abx
nuq acoo = dle
nur acop acoo acoq = wff
nus acop acoo = yfw
nut acop acoo = abkt oit
nuu acop acoo = iyb nyn
nuv acoo = apz
nuw = vyv
nux acoo acoq acop = hau
nuy acop acoo = njr kbo bfx
nuz acoo = mpe emm
nva acop acoo = lxn
nvb = abzu
nvc = nfb abot
nvd acop acoo acoq = riw irt unn
nve acoo acoq acop = abjx nfu tch
nvf acoo acoq acop = ssf
nvg = rse rav cqt
nvh acoo acop = gfr
nvi acop acoq acoo = fpn
nvj acop acoo acoq = lmz
nvk acop acoq acoo = huk
nvl acop acoo acoq = ls
nvm acop acoo = abbh mnn
nvn acoq acoo acop = azr ivj hsr
nvo acoo = rxc
nvp acoo = vfl dyc nhz wgg
nvq acoo = qcn
nvr acop acoo = gai aabj
nvs acoo acop = zvc
nvt acoo = qdy yth
nvu acoo acop acoq = djz
nvv acoo = ofm aacf ycj vgz
nvw acoo = ipj
nvx acoq acop acoo = sgw
nvy acoq acop acoo = pna
nvz acoo acop = imw woj
nwa = dw (yco yyp kwm)
nwb = zay cbr wyg
nwc acoo acoq acop = zqx aamd
nwd acoo = abvu
nwe acoo = acdt yfy
nwf = lrp
nwg acoo = tvh
nwh acoq acoo acop = tfv (iyi aaqi ldk)
nwi acoq acop acoo = acdp
nwj acoo = qf ymz jbx ccg fyk
nwk acoo = ctk
nwl acoo = mcc nmt
nwm acop acoo = rzj
nwn acop acoo = aaav
nwo = cyh
nwp acoo acop acoq = piy
nwq acop acoo = acoo
nwr acoq acop acoo = zjh ssl js wxf nal
nws = accr
nwt acop acoq acoo = uhw
nwu acoo = eda
nwv acoo = hu
nww acoo acop = dw
nwx = rzu
nwy acop acoq acoo = aabz
nwz acoo acop = rrk iqk xor
nxa acoo acop = bor lli yub vhs jeo
nxb acop acoo acoq = ablw
nxc = yvk fgp rek
nxd acop acoo = gcf vkl jcf
nxe acoo = tzn
nxf = sla
nxg acoo acop = mkg ilm
nxh = zxc ydg axz kmz
nxi acoo = ier
nxj acop acoq acoo = ddg
nxk acoo acop = qqf ovc mzr
nxl acoq acoo acop = yhu
nxm acop acoo acoq = lwy
nxn acoo = xbt
nxo = shd
nxp acop acoo = jcx peg yhh
nxq = jfi
nxr acoq acop acoo = rju
nxs = gwm
nxt acop acoo = wxp
nxu acoq acop acoo = abeo
nxv acoq acop acoo = ion
nxw acoo = rvp oew
nxx acoo = haa
nxy = vaf
nxz = qwh xvr jjd xw
nya acop acoo = dtc eak
nyb acoo = dth fs
nyc acoo = zoy
nyd acoo acop acoq = lfx qga
nye acoq acoo acop = uad
nyf acoo = qeo
nyg acop acoq acoo = qog
nyh acoo acop = zxs pqe juy
nyi acop acoo = clx azl zjx
nyj = yuw
nyk acoo = qub rtm rnn
nyl acoo acop acoq = ffe guh
nym = cfv
nyn acop acoq acoo = ozz own xlm
nyo acoo acop acoq = dhy
nyp acoo acop = nsz
nyq acoq acoo acop = phm
nyr = ifj
nys acoo acoq acop = bva ybu wqr
nyt acoo = laa nyw
nyu acoo = ljw (mvg nao yrz plq)
nyv acop acoo = yuz aox
nyw acoo = tam
nyx acoo acop = ahh vug ets ywm
nyy = ijy
nyz acoo = etv
nza acop acoo acoq = ecx
nzb acop acoo = rfg
nzc acop acoq acoo = abmn mzg
nzd acop acoq acoo = mxb
nze acoo acop = mok
nzf acoo = ohp lkb
nzg acoo = gvi wyk
nzh acoo acop = zjx rhd twa
nzi acop acoo = nln avc aex
nzj acoo = sos hss
nzk acoo = yte
nzl acoo acop acoq = pfp
nzm acop acoo acoq = liw oga abxn elf
nzn acop acoo = ttr
nzo acop acoq acoo = fco clz ea uyu
nzp acop acoo acoq = uph xgd
nzq = qxf
nzr acop acoo acoq = psi qpi
nzs acoo = yui yit
nzt = qox roj xvt ywu
nzu acoo acop acoq = dgg gte
nzv = ruz nfu
nzw acop acoq acoo = esi
nzx acoo = qbs img gvs
nzy acoo = rbt
nzz = rkl
oaa acoq acop acoo = eyk eim luc hkm nxf
oab acop acoo = gip bwt mdm mqx
oac acoo = wqb brm zox
oad acoo acop = chm hgv
oae acoo = bcb bwd
oaf acoo = wqy rwq zuk
oag acoq acop acoo = jqt
oah = xwd
oai acoo = odl
oaj acoo acop acoq = ygy qyq czv
oak acoq acoo acop = rre soj bfi
oal = xmi
oam = fqk
oan acop acoq acoo = xxp
oao acoo acop acoq = evr ull
oap acop acoo = bsp
oaq acoo = dib dfe fws abec
oar acop acoo = bux
oas = sur
oat acoo acop acoq = vdh ujl
oau = fxz zbc kwo hal rhj
oav acoo = ogg pgw qgt aabf
oaw = dsq lzu
oax acop acoq acoo = rf
oay acoo = dut
oaz = mde
oba = vjn
obb = ymw fs rpq
obc acoo acop = axw
obd acoq acoo acop = ywi
obe acoo = mjf aach
obf = abvh
obg acoo acoq acop = aahq
obh acoo = owh
obi acoo acoq acop = abtq
obj acoo = mfs
obk = ahf
obl acop acoo acoq = msh
obm = uug
obn acoo acop = bom
obo acoo acop = nqn
obp = xoy
obq acoq acoo acop = bun
obr = jjs
obs = jwe
obt acop acoo = htu upd aaoj ndw hms
obu acop acoo acoq = cpf
obv acoo = sqw
obw acop acoo = jiq
obx = kre aals
oby acop acoq acoo = sqe mqk pkc
obz acoo = atp
oca = gll ysm ssl
ocb acop acoo acoq = zxu
occ acoo = xva
ocd acoo acoq acop = hep huq
oce = wiw
ocf = ackt
ocg acoo acoq acop = fay
och acop acoo acoq = xqz
oci acop acoo acoq = nbg
ocj = lds
ock = all
ocl acoq acop acoo = ckw
ocm acoo acop acoq = hta dsz bte rrh
ocn acoo = aaag
oco acoo = inx
ocp acoo = gvu
ocq = qjv qs
ocr acoo acop = lfk aclg abxt
ocs acop acoq acoo = blw ygk
oct = ycu meq
ocu acoo acop = aaaj yow
ocv acop acoo acoq = zvo
ocw acoo acoq acop = zhs src aaqw
ocx acop acoo = wmi
ocy acoo = vav
ocz acoq acop acoo = jyr gim rzg
oda acoq acoo acop = ljp ijz lpb
odb acop acoo = tkt
odc = ejm
odd acoo acop = zwa
ode acop acoo = vtx zye jan auy
odf acoo = zok
odg acoo acop = nar zfu vio lar
odh = zyj
odi acoo = uja vmj
odj acop acoo acoq = jpc
odk = fuc
odl acoo acoq acop = epf
odm acoq acoo acop = odc
odn acoo = tnu
odo = acll
odp acoo = gej
odq = gkr til jab
odr = pmq
ods acoo acop acoq = fck nlk
odt = omg oel
odu = pnc
odv acoo = aaxx vde
odw acoq acoo acop = ghw
odx acop acoo acoq = maj enh
ody = zjp
odz acoo = ijv
oea acoo acop = gdd
oeb acoq acoo acop = jz jpu
oec = yew
oed acoo acop = mcy aaiv yry
oee acoq acoo acop = phv
oef = cns
oeg acop acoo acoq = dyu kjw aand rti
oeh = pau
oei acoo = hiv ctg ahm
oej acoq acoo acop = rmo
oek acoo = ojg qdv aagt jem
oel acop acoo acoq = ysx
oem acop acoo = asr
oen acop acoo acoq = abip eeg zba
oeo acoo acop acoq = lbl wqe joz nkp
oep acoo = pof
oeq acoo = amw (xwl acfk rzf)
oer acoo acop acoq = frt kdw aahu gxn rlo
oes = shm
oet = aclq
oeu = tlw
oev = hpn
oew acoq acoo acop = szj bio
oex acoo = jh
oey acoq acoo acop = qgh
oez acoo = udo
ofa acoq acop acoo = lu acfv
ofb acoo = xdj
ofc acop acoo = jii (te bji)
ofd acop acoo acoq = atn xuw
ofe acoq acoo acop = hz
off acoo = wtt
ofg acoo = jme
ofh acoq acoo acop = rez
ofi = crx
ofj = rdi
ofk = aasl
ofl = jnu tox uun lzi
ofm = tyf ljo
ofn = wds
ofo acop acoo = kpx
ofp acop acoo = ksh ilp xvg yyt
ofq = saq
ofr acoo acop = ykw
ofs acoo = txw zlz
oft acoo acoq acop = wpa
ofu acoo = uqv nmz
ofv = prx
ofw = acft kto
ofx = zoz (vbd myy amx)
ofy = pqk
ofz acop acoo = imu (jdu mrg)
oga acoo = res
ogb acoo = mqw
ogc acoo = fhg
ogd = pxy
oge = ygy
ogf acoo = yol pah aaac
ogg = hpq
ogh acoo acop = obd ytl fne
ogi acop acoo = wkb abev bkn cew
ogj acoo = gds
ogk acop acoo acoq = uy cjh
ogl acoo = kto
ogm acop acoo = ftq
ogn acoo = awq
ogo acoo acop = wvw abde
ogp acoo acop = ejj
ogq = osp sar rlx
ogr acoo acoq acop = its djy ibb vo
ogs acoo = gue
ogt = wdd nea ztq
ogu acoo = pyc
ogv acop acoo acoq = aio aqx xhs
ogw acoq acoo acop = yrq
ogx acoo = jtu afo
ogy acoo = qvl una kdg ccc
ogz acoo acop acoq = fna ofh zyd
oha acoo acoq acop = hew aceb
ohb acoo = wfg
ohc acoo acop = rkd
ohd acoo = bkc tjq
ohe acoo = ibo jqz
ohf acop acoo = axq
ohg acoo = gep ibb
ohh acoo acop = val
ohi acoo acop = jfn
ohj acoo acop acoq = byd ubm pre
ohk acoo = zmg epr
ohl = ehz
ohm acoo acop = gvs bmo
ohn acop acoo = ryf
oho acoo = psj
ohp = yua lbs
ohq = ndu xxh
ohr acop acoo = ghy
ohs acop acoo = gws
oht = rwp bco
ohu = rfu ppa whw
ohv acoo acop = dxc
ohw acoo = xpg
ohx acoo = pen dwi
ohy acoo = fgq
ohz acop acoo = nbb
oia = vtg zkb
oib acoo = xqe kud
oic acoo = ipq aei abg
oid acoo acop acoq = fpc qnu
oie acoo acop = grm
oif acoo acop = pfh
oig acoo acop = qbw
oih acoo = gkn (wsv zef)
oii = aajv
oij acop acoo acoq = tyy syi znn cog meu
oik = fvq abs
oil acoo = aahr glc xxa
oim acoo acop acoq = pam olh fru
oin = ejw
oio acop acoo acoq = yde euc olu
oip acoq acop acoo = rfs ebu bgy
oiq acoo = mck
oir = ovx tjq
ois acoo acop = hpz pmm rqu
oit acoo = lem cjr zgr pze
oiu acop acoo = bvu
oiv = lne
oiw acoq acop acoo = ubp xzq
oix acoo = zdj aazd
oiy = yhl wch omi faf
oiz acoo = qci
oja = svu nhr
ojb acoo acop acoq = egd tzz
ojc acoo acoq acop = xpf lii
ojd = ovl pvy
oje = hdn
ojf acop acoo = iqn
ojg acoo = vem llp tgg zmq
ojh acoo = mxa axv bjg vcc
oji acop acoo acoq = aagi
ojj acoo = tvs pmn
ojk = apn
ojl acoo acop = ksx vmc tsv jrn
ojm acoo = mkl
ojn = edn fza
ojo = nfu dh bes
ojp acop acoo = fsf
ojq acoo acop acoq = xub rgw
ojr acoo = wom
ojs acop acoo = yys qir mlo nbc
ojt = jjn tqg mks wph
oju acoo acop = zvr
ojv = sqb vyu qng
ojw acop acoo acoq = abck
ojx acoo = xow
ojy = nlb
ojz acop acoq acoo = qhw
oka acop acoo = zlp
okb acoo = ybr
okc = kkv
okd acop acoo acoq = yvh
oke = vha
okf acoo = zhi ymr psm ezy rwy
okg acoo = uvt
okh acoq acoo acop = uaq zqo
oki acop acoo = lec
okj = lup aaup
okk acoo acop = ixw
okl acoo = mjj ovp pd ltd
okm acoo = dl dam ggv
okn acop acoo acoq = kzs ijp ruh
oko acop acoo = ood
okp acoo acop acoq = vdw dl tty
okq acoq acoo acop = cnl xbu
okr = sbp
oks acoq acoo acop = qbx
okt acoo = ffy qou ymy wrb
oku acoo acop acoq = nbd hek
okv acoo acop = khl
okw acoo acop = ya
okx acoo acop = fuj jxt abcb
oky acoo acop acoq = abik
okz acoq acoo acop = ktq
ola acop acoo acoq = log
olb acop acoo = ccy
olc acoo = hjc
old acoo acop = ood abux
ole acop acoq acoo = achg (pey at vmf)
olf = aaux
olg = abab
olh acoo acop = mee
oli acoo acop = jl avj emy
olj acop acoo = own
olk = zrt vme rfe
oll = pja
olm = jug
oln = gfe
olo acoq acoo acop = nhl zfw pwe
olp acop acoo = xpr
olq acop acoo acoq = mnf
olr = ntb
ols acoq acoo acop = vcc qlz
olt acoo acop = uep noz
olu acop acoo acoq = rdz ttp abai
olv acop acoo = eyk
olw acop acoo = bv
olx acoo = uoo imf vfu
oly acoo = aalf
olz = qag ufs abwn baz
oma acoo = ium nnj
omb acoo acop acoq = hrb ooe tyb
omc = fqj
omd = ijk hgv
ome acoo acop acoq = ovp
omf acoo = gol
omg acoo acop = abch dqg lhc
omh acoq acoo acop = hxm zfh
omi acoo acop = wia
omj = twj hqk
omk acoo = daz
oml = oxu
omm acop acoo = vyd
omn acop acoo = cfy
omo acoo acoq acop = eix bbg ulc jeb uqb
omp acop acoo = noo fvl bgs
omq acoo acop acoq = kwu fco
omr acop acoo = xoy uzz
oms = zcq
omt = tyt
omu = xcl btc
omv acop acoq acoo = abdl yqx
omw acoo = pid ackw dqa
omx acop acoo = uki
omy acoo acop = irc tw abpx
omz acop acoq acoo = ywd
ona acoo = ate yqj pat
onb = low yzf
onc acop acoq acoo = mvw haf
ond acoo = ablc wrh
one acop acoo = xop pjg
onf acop acoo acoq = oub
ong acoo acoq acop = wws
onh acoo = yyf
oni acoo = qlw ixg
onj = sni tnu
onk = srk moz
onl = jvs
onm = yym aart
onn acoo = wre gig
ono acop acoo = str enp
onp acoq acoo acop = thk
onq acop acoo = aoh
onr = gat cdh plh
ons = xwv
ont acoo acop = efo vpq aabj faf onl
onu acop acoo = ss aad
onv = wcs
onw acop acoq acoo = aals dph
onx acoo acop = tmy
ony acop acoo acoq = vkr gyz suf
onz acoo = abeb abne
ooa = fad
oob = nw rya
ooc = abdp
ood acoo acoq acop = cff dtv (oke vuu) glh
ooe acoo acop = zw xri acln
oof = ptn wae
oog acoo = vkb acoa iyu
ooh acoo acop = mqi
ooi acoo = hxo hze
ooj = bjl zut
ook = pnf hsn
ool = voo
oom acoo = ehq
oon acoo = pa
ooo = ojn ogz pdb aqz
oop = yq
ooq = spf pkc
oor = tgn alu
oos = zed
oot = fcs
oou acoo acop acoq = aclq
oov acoq acoo acop = bho
oow acop acoo = ilt urn buy lwv
oox acoo = znl
ooy acop acoo acoq = oeo
ooz acop acoo acoq = djk aaav
opa acoq acoo acop = ntk
opb acoq acoo acop = lre wre
opc acop acoo acoq = tdh
opd acoo = tsd jui
ope = lpz kaw
opf acoo acoq acop = gyj
opg acoq acop acoo = itb vbz
oph acoo acop acoq = abwe stj
opi acoo acop acoq = acin zts
opj = zga skd aaka exx
opk = eir
opl = yuq
opm acoo acoq acop = duv
opn acop acoo acoq = mlm rtf ari
opo acoq acop acoo = ie mzn
opp acoo acop = knr
opq acoo = dav
opr acoo = qeb dnz
ops = ygg dep uqw
opt acop acoo acoq = egl
opu = bfi ujn
opv acoo acoq acop = abwa acia ltp
opw acoo acop = xvh
opx acop acoo acoq = iil myb nzr wns
opy acoo = rz
opz = abiz
oqa acoo acop = ixs
oqb acoo acoq acop = bwf
oqc acoq acoo acop = nnd irm
oqd acoo = upe zff kpk nrb
oqe acop acoo = abca yqh
oqf acop acoo = nzz (rsy mrx)
oqg = pmu xpc
oqh acoo = wol
oqi acoo = aapu
oqj acoo = bcd
oqk = wio
oql acoo acop acoq = mrh yor pa
oqm = doh
oqn acoo acop = ihe
oqo acoq acoo acop = xrc gas vki
oqp acoo acoq acop = ata
oqq acoo acop = tob
oqr acoq acop acoo = uma
oqs = pwd
oqt acop acoo = iee
oqu acoo = mh
oqv acoo = sul
oqw acoo acoq acop = aass
oqx acop acoo = abrv qoc cyb
oqy = fbe ghz
oqz acop acoo = bfp trh
ora acop acoo = qdy
orb acoo acop acoq = bzb
orc acoo acop = djn
ord acop acoo = boa
ore acoo = jzn
orf acoo = rql
org acoo = vlv
orh acoo acoq acop = tet
ori acoo acop acoq = ifu
orj acop acoo = vcp
ork acoo acop acoq = kdh
orl acoq acoo acop = omw
orm = jhc aau al
orn acoo = rcq gvd
oro = rou gpq (xro hlq ln)
orp acoo acop = nxz
orq = aatr jns jqn mhv
orr acoo acop acoq = isd
ors acoo = gan
ort acop acoo = pos tkb cju
oru acop acoo = acgf krk wpm dle
orv acop acoo acoq = yla kpg
orw acoo acop = kqz
orx = jcs
ory acoo = abyw
orz acop acoo acoq = rdj
osa acop acoo = bhr
osb = khw
osc acoo = iep qjq ihe
osd = fu
ose = zde
osf acoo acop = ylv kki
osg = fly
osh acop acoq acoo = sbb
osi = tca
osj acoo = aaqu sm
osk acop acoo = lcc me qgr sng
osl = ipp
osm acoo acop = rwp
osn acoo acop acoq = aafy
oso acoo = cwm aoi
osp acoo = ueu
osq acop acoo = ako
osr acop acoo = abjl
oss acoo = fss aawu
ost = meo ant pqe
osu acop acoq acoo = mnm
osv acoo acop acoq = cuw
osw acoo acop = obm
osx acoo = tfr yfq kik
osy acoo acop = ijs
osz acoo = vap
ota = wrd nlr
otb acoo = rjr qlv
otc acoo acoq acop = aadl
otd = jgl
ote acoo = ackb
otf acoo = mik
otg acoo = xmn
oth acoo = abhu
oti = xkh
otj = omi xqt iyn led
otk acop acoo = wrx
otl acoo = jxc
otm acop acoo = acof cpp
otn acoo = hyt tek omw hxc
oto acoq acoo acop = tqp rjv nce
otp acoo acoq acop = aahv iwt
otq = rbv zy aalr (ezt rii)
otr acop acoo = bhb
ots acoo = yai
ott acoo = rvg
otu acoo = tys
otv acoo = uah
otw acoo = rhf uny xbj
otx acop acoo = yrl
oty acoo = abmp mzv
otz = rdu drc ecm jjj bcf
oua acoo acop = xfr cks
oub acoo acoq acop = jiz ebq
ouc acoo = ywe pt pou aayp
oud acop acoo = qhl hzn zgv ory
oue = oyd
ouf = vfr
oug acoo acop = fru
ouh acoq acoo acop = mzv
oui = vvm hii qtk mta
ouj acoo = dqh
ouk = nmc pyk nng cun
oul acop acoq acoo = wfe aawx
oum acoo = vrm
oun acoq acoo acop = xni abel
ouo acoo acop acoq = abhz
oup acop acoq acoo = way
ouq acop acoo acoq = rbw
our acoo acop = ved rzt ior
ous = aavh wun wio
out = wzd
ouu acoo = hqh
ouv acoo acop = qzm wkc ooz tqj jru
ouw = zyq zcc
oux = pck
ouy acoo acop = gaa smy
ouz acoq acop acoo = dba
ova acoo acop = nwc jdh pbc
ovb acop acoo = acfa
ovc acoo = ezi
ovd = lir
ove = hly mhm sjt
ovf acoo acoq acop = mwf
ovg = aam acgp
ovh = aauv
ovi acop acoq acoo = dqa
ovj acoo = rlw tld guo ubw
ovk acop acoo = aahe vqv
ovl acoo = tsp
ovm acoo acop = uzd mno hyf
ovn acoo acop acoq = zrx
ovo = hef mei gya
ovp acoo acoq acop = vng
ovq acoo = aky
ovr acoo acoq acop = aos pjn gnc xua xdb
ovs acoo acoq acop = gka
ovt = aaeu jkr era
ovu = zke lhi smk sqk
ovv = jkv
ovw acoq acop acoo = zji
ovx acop acoo = ccn qux
ovy acoo = kgt
ovz acoo = ogq
owa acoo = zik
owb = jsp
owc acoo acop acoq = aauh tdp kxa
owd = ojz dtf
owe acop acoo = amc uoj
owf acop acoo = pkp
owg acoo = jjx
owh acop acoq acoo = lzh wjq yot
owi acoq acoo acop = yyo xuf lrj nyy
owj = bmw xgi
owk acoq acoo acop = lql (aall aawv)
owl acoo = mlm
owm acoq acop acoo = puf
own acoq acop acoo = nri coj uaj
owo = atr ody hqg
owp acoo acop = gqo acjh gry
owq = xjz oiy ows
owr acoo acop = lsy pgp rrn jka
ows = mpy gea jwf
owt acoo acoq acop = rxx
owu acoo acoq acop = ung crm woy
owv acoo acop = mqb anx
oww acoo acop acoq = boa
owx acoo = qfg
owy acop acoo acoq = fpl dqy
owz acoq acoo acop = fou
oxa acoo acop acoq = rfm
oxb = hzw
oxc acoo acop = dcn cef
oxd = owp
oxe acoo = nun quc uxa hlk csf
oxf acoo = ptt aff key
oxg acop acoq acoo = aaxh
oxh acoo = aclj gsi
oxi acoo = vxm
oxj acoo = xon
oxk acoo = qmq
oxl acop acoq acoo = zou zon dut zyi voz
oxm acoo = qan
oxn acoo = eqy
oxo acoo acop = kz
oxp acoo = egd yna
oxq acoo acop = wsu
oxr = jpa
oxs acoo acoq acop = rkg
oxt = xjd vlp bia
oxu acoo acop = wsp
oxv acoo acop = jkl
oxw acoo = ef lcl fjr
oxx acoo = thq
oxy acoq acoo acop = skg
oxz acop acoo = aakw
oya acop acoo = erc jdy
oyb acoo acop = yhn
oyc acoo = acgq
oyd acoo acoq acop = zee
oye = gku tsd jlt nqo
oyf acoo acop = qik her
oyg acop acoq acoo = ryi
oyh = bqy
oyi acoo acop acoq = mml
oyj = sit ufw
oyk acoo acop = qxd
oyl acop acoo acoq = tfr
oym acoo acop = ihb
oyn = uqq
oyo = abtr rux daz vjy bec
oyp acoo = von yhi sov
oyq = jbd
oyr acoq acop acoo = ahs
oys acop acoo = abr
oyt acoo acop = oyj
oyu acoo acop acoq = luq
oyv acop acoo = bne
oyw acoo acop = yfi
oyx acop acoo = hkw fta lbf
oyy acoo = enr
oyz = fjg yrm aqj
oza acoo acop = itn
ozb = qyn
ozc acop acoo = dhu
ozd acoo acop acoq = wcx nkm
oze = abkd
ozf = cym
ozg = absp
ozh = mth rfd rhi
ozi acoo = lox
ozj = mue
ozk acop acoo = xjj mvx
ozl = zjs (bmw abhb vut vdk)
ozm acoo = gao
ozn acoq acop acoo = bjq
ozo acoq acop acoo = ypg
ozp acoq acop acoo = ogw
ozq acoo = kde
ozr acoo = hbr pvg rag
ozs acop acoo = ixh abor svs aos
ozt acoo acop = xoh
ozu acoo = vts
ozv = hud
ozw acoo acop = iea
ozx acoo = bnd
ozy = qbx (abrq (jtv jrh auo))
ozz acoo acoq acop = aamo
paa acop acoo = cwj hsg
pab acoo = bbv jsd
pac = zkq
pad acoq acop acoo = hld
pae acoo acop = ors
paf acoo = xko nnh
pag = tgn tgh ztw
pah acoo = mfb io acek
pai = acnb pcp
paj acop acoo = vsb xkk aadq
pak acoo acop = le
pal acop acoo = aayx sk
pam = aml
pan acop acoo acoq = iva
pao = ese gip aasw
pap acoo acoq acop = kre
paq acop acoo = absc rsx ablx
par acoo = abmo acew sgp
pas = cwu
pat = une
pau acop acoq acoo = dzl bsg nyf onn sj
pav acoo = aafj abiv
paw acop acoo acoq = mwg
pax acoo = hwg lix jns
pay = accp fak vvk
paz acoq acop acoo = cza
pba = mdr lzp tya
pbb acop acoo acoq = wgq
pbc = abul yoq
pbd = nqx lrn php
pbe acoo = zqa
pbf acoo acoq acop = xlc awn aut oqj
pbg = aauv gms cix mqm axt
pbh acoo = yuf ora ibr nk
pbi acop acoq acoo = xux acjh
pbj = acdk
pbk acoo = afd ngj dho cyi ytx
pbl = mvf uea
pbm acop acoo acoq = wvr jup (gjb gpn)
pbn acoq acop acoo = ewk
pbo = rcc zmg aaor
pbp acoo acop = zbl abzr jaa cva xkx
pbq acoo acop acoq = nxg kvi
pbr = ykk aclf
pbs = dbq
pbt acop acoo = sxg
pbu acop acoo = rvm
pbv = nxe ovr
pbw = frb dza
pbx acoo acop = ymz gnd
pby = vqd
pbz = psb
pca acoo acoq acop = izf kll
pcb acoo acop = nfs
pcc acoo = zqp
pcd acoo = bmy
pce acoo acop = dtb
pcf acoo acop = grc
pcg acoo acop = haa
pch acop acoo acoq = xah aarm ylg
pci acoo acop = jjv
pcj = swq
pck acop acoq acoo = gip
pcl acoo = xkn
pcm = hxx
pcn acoo = pfd
pco acoo acop = kb
pcp acoo acop = ykk
pcq acoo = iph mtf wgx
pcr acop acoo = cqo nrt nzj moh qtp
pcs acop acoo acoq = ccx
pct acoq acop acoo = btm
pcu acoo acop = pwm fmw
pcv acop acoo acoq = nx rez ydy
pcw = kug dzu wku
pcx acoo acop = dng
pcy acoo acop = ydb acde pnx egf
pcz acop acoo = pqp
pda acop acoo = cuk
pdb acop acoo = md
pdc acoo acop = gah
pdd acop acoo = tfy cam
pde acop acoo = qwa tuf
pdf acop acoo = pgb acat fxi
pdg acop acoq acoo = ivg lqk eiz
pdh acoo = upb
pdi acoo acop acoq = cso
pdj acop acoq acoo = abak
pdk = piv mbw ekn bsb
pdl = dap
pdm acoo acop = qeb
pdn = dir
pdo = dbm hkq cwj
pdp = edr xwq
pdq acop acoo = lde
pdr acoo acop acoq = rgw
pds = pdu
pdt acoo acop = tmp
pdu acoo = djq
pdv acoo acop = yqp
pdw acoo = bbv
pdx acop acoq acoo = jyh cpn aajf
pdy acop acoo acoq = aag
pdz = ltm
pea = spq
peb acoo acop = ygp ggr xid
pec acoo acop acoq = nxw
ped acoo acop = krk rhm nax mzc
pee acop acoo = kbm
pef = cxc qpa
peg acoo acop = dzd gle
peh = aauu bhp
pei = hgf uaw
pej acoo = aajm bql cox otj
pek = yfc jlw
pel acoo = vkg
pem = aazt
pen acoo = eln
peo acoo = ipo aasp bl udq rkh
pep = fcd
peq acop acoo acoq = nbg
per acoq acoo acop = iqd aatf qwa
pes = mxm
pet = vs dic aow
peu = fhc
pev acoo acoq acop = vhj
pew acop acoq acoo = jxf
pex = pkf
pey acop acoo acoq = hmx
pez = mng
pfa acoq acop acoo = swe mwg
pfb acoo = oqc
pfc acoo acop = bam (acen bma)
pfd acoo = khs
pfe acoo acop acoq = poj xzd xex xyv
pff acoo acop acoq = uef
pfg acop acoo = tgg svt
pfh acop acoo = kqf ed abek
pfi acoq acop acoo = cvt wdf clg
pfj acoo acop = hii
pfk acoo = cur
pfl acoo acop acoq = aao bpg lzc
pfm = ara
pfn acop acoo = qwp
pfo acoq acop acoo = sbn
pfp acoo acop = abp (por oep)
pfq acoo acoq acop = qwr
pfr acop acoo = fjp
pfs = abni
pft = dfw
pfu acoo = ytk
pfv = crd
pfw acoo = qda
pfx acoq acoo acop = ajf
pfy acoo acop acoq = mec acfg egd
pfz = soj
pga acoo = acgj iav xhd
pgb = cav and rgp
pgc acop acoo = eaw
pgd = kcu dni bdb
pge acoo acop acoq = fpb ehd
pgf acop acoo = dej qtz bzg
pgg acoo = frh
pgh acop acoo acoq = tyq
pgi acop acoo = rnb zwm tkw fhb zyv
pgj acoo = acld
pgk acoo = mzr
pgl acoo = ecx mce vfg
pgm acop acoo = kis lrk oeq
pgn acoo acoq acop = rri cmq (aax xxm)
pgo = acgf hom ugv tuo
pgp acoo acop acoq = tsv
pgq = cmk
pgr acoo acop = dzl
pgs = hdp
pgt acoo = hku tbn
pgu acoo = mka whc
pgv = phs ybh
pgw acoo acop acoq = qra
pgx acoq acoo acop = gin
pgy acoq acop acoo = zvo etj ivw
pgz = uva
pha acoo acop acoq = blj ran tyd itq
phb acoo acop acoq = wxp
phc acoq acop acoo = foj olf
phd acoq acop acoo = fuu
phe acoo acop acoq = aaum
phf acop acoq acoo = gvh
phg = csk abvk pgk abur
phh = fja
phi acoq acop acoo = aus
phj acoo = kqv
phk = ume
phl acoo = xdu ziz lzo amr
phm = bwy zds
phn acoq acoo acop = ghe yqd aahw ebs
pho = xxb
php = etk bjg xgs aabq
phq acoo = abyp
phr = cqi
phs acoo = fha
pht acoo acop = sdz xny
phu acoq acoo acop = xao yrl
phv acoo acop = xkb
phw acoo acop = tby (tan muo)
phx = rbk
phy acop acoo = jji rvn vdr
phz acoo = ptz
pia acop acoo acoq = xdz zch
pib acop acoo acoq = aazk
pic acop acoo = tz
pid acoo = kav
pie acoo = yyo
pif = ezy
pig acoo = tpg dyk
pih acoo acoq acop = wsf gcb exk
pii acoo = wgr
pij acoo acop = glm
pik = rio
pil acop acoq acoo = acfm
pim acoo acoq acop = fhq
pin acoo = opf zc kju
pio acoo = agq
pip acop acoo acoq = wbm
piq acoo = etc
pir acoo acop = fez hdu
pis acoq acop acoo = tya
pit = nmc muh jox di rcu
piu = qvw jdi
piv acoo = tou
piw = bsc nds uac pf
pix acoo acoq acop = tgp
piy = acdf dsb
piz = abpm
pja acoo = mtz
pjb = lhu esr sqv izv jgj
pjc acoo = abxa ijk
pjd acoo acoq acop = hmj
pje acoo acoq acop = fge owg
pjf = ynv
pjg acoo acop acoq = gtu
pjh acoo acop = vdk xhs wow
pji acoo = rmc
pjj acop acoo = dhe bfw
pjk acoo = pyu
pjl acoo = tov
pjm acop acoq acoo = dst
pjn acoo = cim
pjo acop acoq acoo = emv glc
pjp = nzd
pjq acoq acoo acop = dsx
pjr acop acoo = sg dcd tfr
pjs = uvx nsq rqz
pjt acoo = hxp
pju acoo acop = mj leu
pjv acop acoo = ism hgh
pjw acop acoo = qhr
pjx acoo = jzi
pjy = xng
pjz acoo acop = aayg bmf
pka = tgv jef
pkb = iyc ltz zvn
pkc acoo acop acoq = bbu
pkd = abii abyc
pke acoo acop = hzb wp
pkf acop acoq acoo = krc lrm yag
pkg acoo = lje
pkh acoo acop acoq = veu
pki = qsi uxh
pkj acop acoo = eds
pkk acop acoo = rhk iou vne
pkl acoo acop acoq = qxc
pkm acoo acop = xej gyj ued
pkn acoo = kfc njb
pko acoo acop = jpw aavo
pkp acop acoo = pkj
pkq acoo acop acoq = zhv noz
pkr acop acoo acoq = hht
pks acoo = nng
pkt acoo acop acoq = ovf
pku acoo = lml
pkv = vlo
pkw acop acoo = vii
pkx acoq acoo acop = abdm
pky acop acoo = abdp cgu pxm
pkz acoo = eno
pla acoo = nhh kiy its
plb acoo acop = erm kfb ade
plc acoo acop = lfu aain abdi hes
pld = wqf cem dmm ulc
ple acoo = ipx (jmp wrr)
plf acoo = orq
plg = vsf
plh acop acoq acoo = abfz wcl
pli acop acoq acoo = ackj
plj acoo = gfy bja mpk
plk = egv
pll acoo = teh
plm acoo acop = yho aatb
pln = ebu
plo acoo acop = uqp
plp acoq acop acoo = abzx uvk gbo
plq acoo = nmm
plr acoo acoq acop = ndq
pls acoo acop = myv hvh smo
plt acoo acop = isl
plu acop acoo = mue
plv acop acoo = kdr
plw acop acoo acoq = ius rrm vrh ywg
plx acoq acoo acop = ukz
ply acoo = cjb cbw
plz acoo acop = acol
pma = aaty
pmb acoo = ofy
pmc acoo acop = mgi
pmd = okd
pme acop acoq acoo = pxx inc iml orx
pmf acoo acop = klz
pmg acop acoo acoq = ackh
pmh = spd xzy
pmi acop acoq acoo = dls okh
pmj acoo = fwr ula
pmk acoo = ktp
pml acop acoo = duk yg
pmm acoo = jc aoh
pmn = ule
pmo acoo acoq acop = ari sqg
pmp acoq acoo acop = nya qcs
pmq acop acoq acoo = ee
pmr acoo acop acoq = raf
pms acop acoq acoo = als ywk sed iid
pmt acoo = qxy xbr ewq uvm
pmu = zgo
pmv acoo = gxc
pmw acoo = unx dno nrs
pmx acoo = sfy
pmy = gfh
pmz acoo acop = nqb wwt gct
pna acoq acop acoo = qmd aauh
pnb acoo acop = kco aajo
pnc acoo acoq acop = dzr
pnd acoq acop acoo = ccs crf xeq
pne = uci gor ydp
pnf acoo = vsl aatt qsk
png acoo acoq acop = poa jpq
pnh = dfg mjf
pni acop acoo = aboj abst
pnj = wry
pnk acop acoo acoq = tfr iil (joq dxl aazm)
pnl acop acoq acoo = gbg lss hry
pnm acop acoo = aaob rqx hre krm
pnn acop acoq acoo = dvl
pno acoq acop acoo = heo gcg
pnp acoo acop acoq = wkp szn pkp aawp hsf
pnq acoo acop = cwj
pnr acoo acop = cht
pns acoo acop = ila
pnt acop acoo = duc
pnu acoo acop acoq = abnw her (dev wao) gbb
pnv acoo acoq acop = lct
pnw = tnz ymk iyc
pnx = eej epm kbz
pny acoo = cpu
pnz acoq acoo acop = zho (aabx bzu)
poa acoo acop = ukc wio cbq lgg
pob acoo acop = vlo jfm
poc acop acoq acoo = qfv pwa
pod acoo = miv
poe acoo = nlt
pof acoq acop acoo = sdi
pog = pfn
poh acoo = zpu
poi acoo acop = kdp
poj acoq acoo acop = abwd uvi jgb kql
pok acop acoo = acbx zys zgk mat hju
pol acop acoq acoo = ilm
pom acop acoo = wuq
pon acoq acoo acop = yfj
poo acoo = bwg
pop acop acoo = abqn
poq = kmh
por acop acoo acoq = luk hlj anm
pos acop acoq acoo = fqk bux blg cct kh
pot acop acoo = vdz qgw
pou acoo acop = xcj tvg tse
pov = edr xup ss
pow = hvz
pox = ucm efk vyl
poy acop acoo = bmn ybv veg
poz acoo = ckd
ppa acop acoo = oyz
ppb acop acoo = oab
ppc acoo = lqj ydl
ppd acoo = pby qhn ugb enh
ppe acoq acoo acop = aasm
ppf = tpu
ppg acoo = eig
pph acoo = nrj
ppi acoo acop = ouz aaft
ppj acoo = wgz
ppk acoo = aaer acjt jui emh ltj
ppl acoo acoq acop = ezw wch brt
ppm acoo = a huv
ppn = wno
ppo = tkz
ppp acop acoo = bdd ujr xba
ppq acoo = aayc awo
ppr acoo = mvr txg
pps acoo = sgz mcq wod aats
ppt acop acoo = uro
ppu acoq acoo acop = zez
ppv acoo = dzj tln
ppw acop acoo = bdz
ppx acop acoo = uec
ppy acoo acop = orr
ppz acoo = abik
pqa acop acoo = osx evo acbc
pqb acoo = gcx
pqc acoo acop = buz abpx dek
pqd acoo = hps abcb ord odb jox
pqe = nlv dka xxu
pqf = ryh rkh
pqg = rjo rtx
pqh acop acoq acoo = abci xw klw
pqi acoo = qid vfv acfg
pqj acoo acop = hdl
pqk acoo = xtu
pql acop acoo acoq = rpi yjm
pqm acoq acop acoo = uti
pqn acop acoo = etd
pqo acop acoo acoq = fye
pqp = kxi
pqq acoo acop = xmv
pqr acoq acoo acop = eks wxb ylg
pqs acoo acoq acop = ell
pqt = zth dwo jfv
pqu acoo acop acoq = iwj ixp fvc
pqv = btu
pqw acoo = cer xds xkl aim
pqx acoo = trs zsb
pqy acoo = qse dct lmb pjx
pqz acop acoq acoo = smj
pra acoo acop = far acnl
prb acoo = tuf scj mzc
prc = baw iub tmu
prd = tml ecf utz
pre acoo acop = aqq txq bkm gvm
prf acoo = iul
prg = tbj ojv
prh acop acoo = rid vis lno os
pri acop acoo = ozd tcz
prj acoq acop acoo = zuq uyh kpl
prk = dnf
prl acop acoo = acnf
prm acoo = puk era
prn acoo acop = dzq
pro acoo = dbx
prp acoo = hmc
prq acoo acop = abos
prr acop acoo = amw ule
prs acop acoo = acr dgq wwc tvp
prt acoo acop = oaw jjn
pru acoo = xie dwd
prv acoo = ook
prw acop acoo = hsh
prx acop acoo = vrk
pry acop acoo = tgq bom qpl ilz
prz acop acoo = ign
psa acop acoo = hjo
psb acop acoq acoo = dij omx
psc acoo acop acoq = mjn rzo nem
psd acoo acop = dsu
pse acoo = znd hlv
psf acoo = rcj
psg acoq acop acoo = aaby wpr sv acjr
psh acoo acop = xpa
psi = hjy abwd hty
psj = ubt
psk = jcy
psl acop acoo = hfl qvj zpq
psm = tcb
psn acoo = smx jdw nis
pso acoo acop = uyo
psp acop acoq acoo = fid
psq acop acoo acoq = ysm dmg vpr afd
psr acoo = dgc pje mgy
pss acoo acop = esy
pst acop acoo = exu
psu acoo = ehu byh fff
psv = mhg
psw acop acoo acoq = ife
psx acop acoo = sag hg ofd ecx
psy acoo acop = eio
psz acoo = axm dpu uhr
pta acop acoo = thi
ptb acoo acop = alr axb
ptc acoq acoo acop = lml oey cco mfi
ptd acop acoo = jte bvv
pte acoq acoo acop = xsj
ptf acoo = mha
ptg acoo = abli eaa vno ckm hnz
pth = jw
pti acoo = aaul
ptj acop acoo acoq = wjr
ptk acoo acop = mat
ptl = uuo slk
ptm acoq acop acoo = nzh
ptn = qul
pto acoo acop acoq = mfp iqi vxv
ptp = viq xkp ahc axj
ptq acop acoo = abne hpl qrw
ptr acoo acoq acop = yzj fuv
pts acoq acop acoo = lvq
ptt = akt
ptu acoo acop acoq = bg aclv
ptv = hfz acjj
ptw acop acoq acoo = xtk
ptx = ocw
pty acoo = cbs tpq trd tcf mch
ptz = sxt mmj evc jnt
pua acop acoq acoo = acnb
pub acoq acop acoo = gvw
puc acoo acop acoq = itw
pud acoo = xmr
pue acoo = xkx ftc hix
puf acoo = ehq aapb whn aauz qge
pug = rol brz tbd
puh = wuh vyi
pui acoo = rfb
puj acoo = lql
puk acoo = tgn jrh hka ilo
pul acoo = ubw hgv
pum acoo = cmb sny
pun acoq acop acoo = oxe dnb tm
puo acoq acop acoo = swk
pup acoo acop = abeb
puq acoo acoq acop = fam
pur = bip
pus acop acoo = wks myx izh kiv
put acoo = aatz
puu acoo = ubb hjk qni sul
puv = erq ccw
puw acop acoo = ika
pux acoo acop = xpt
puy = vph
puz acop acoo = vt io fqq
pva acoo = lnh
pvb = vvo jsb
pvc acoo acop = vkd abmi
pvd acoq acop acoo = esn
pve = abkc
pvf = jd
pvg acoo acop = n abln omk
pvh = eaz acbi
pvi acoo = vvk
pvj acop acoq acoo = kc
pvk acoo = vly abgw
pvl acoo = egs
pvm acoo acop acoq = whq cjj ics
pvn acoo acop = ekx esi
pvo acoo acop = cwt
pvp acop acoo = hph
pvq acoo = achg slv
pvr acoq acop acoo = acne
pvs acop acoq acoo = bfc
pvt acoq acoo acop = uae
pvu acop acoo acoq = qqw
pvv acoq acop acoo = zaj yvh kmb
pvw acop acoo = oyr laa dpt
pvx = abfo
pvy acoo = piv
pvz acop acoo = gyl vqh
pwa acoo acop = bqw uiv
pwb = zrm
pwc = ioq phe wdm
pwd acop acoo acoq = abcv jid qvl
pwe acoo acop = bmp
pwf = smi
pwg = eyj
pwh = vbn
pwi acoo = doj
pwj = njx
pwk = mbp
pwl acoq acop acoo = mzs
pwm acoo = lwc
pwn = dpw ukp wsv
pwo = ymy nje
pwp = qtm mpv foa vdv
pwq acop acoo acoq = qhi ibt kno
pwr acoo acoq acop = mtu qub
pws = gmh
pwt acoq acop acoo = jqw
pwu acoo = bnl
pwv acop acoo = acae
pww acoo = sas
pwx acoo acop = tta tbh
pwy = ov
pwz = pmz
pxa acoo = abyj
pxb acoq acoo acop = jfw
pxc acoo acop = yfj hmn
pxd acop acoq acoo = kcd bhn
pxe = bz
pxf acoo = eqy hoe (doo xfa)
pxg acoo acoq acop = fks usm iyx
pxh acoo = vhc
pxi acoo acoq acop = ycj iqp ibl pym hj
pxj = lgi
pxk acoo acoq acop = pns tbc
pxl acoq acop acoo = lvs
pxm acop acoo = htn tsu kzi
pxn acoo acoq acop = oou ftw uaf
pxo acoo = enj hcs
pxp acoo = xno soq tmp vep
pxq acop acoq acoo = gte rwn zdx noo
pxr acoq acoo acop = sxz
pxs = who
pxt acoo acop = aapf
pxu acoo acop = yvx
pxv = dcf sse urp tku
pxw acoo = djb qdo bgk tew fhq
pxx acoo acop = bxw
pxy = xyv dnm xif rku
pxz acop acoo = tkc jmq wuv
pya acoo = acoo msp fzc aabs
pyb acoo = wlf yxu evv
pyc acoo acop = zsh
pyd acoo = nnn
pye = dva
pyf acoo acop = fqy saj
pyg = exo uqa
pyh acoo = cap
pyi = vlr
pyj acoo = unr
pyk acop acoo acoq = hza
pyl = stz zyx
pym acoo acop acoq = dvy nfi kna yzm
pyn acop acoo = vo
pyo acoo = awc ewk vdm sjw
pyp = tuk
pyq acoo = och zqf
pyr acoo = fgt
pys acoo = rfg
pyt acoo = ree
pyu = fty eml
pyv = zvt
pyw = tdv
pyx = epw (aiy ujc)
pyy = dfe
pyz = qhb qdo
pza = rax (agt zyb)
pzb = kqz
pzc acop acoo = vqk
pzd = aahi
pze acoo acop = zst
pzf acoo = ykk tom vmb
pzg acop acoo = unk
pzh acop acoo = aave mev
pzi acop acoo = jtj tot pqu lpp acdy
pzj = sdv
pzk acoo = ycm
pzl = hrn aavw bfn
pzm acoo = osd fms lfj
pzn acoo = lhw
pzo acoo acoq acop = acdf mcf
pzp acoo acop = utu
pzq = igf fen obi
pzr acop acoo acoq = acjf abjl wdm ehl aajs
pzs acoo = yrc
pzt acoo = zvd
pzu acoo acop = lwy
pzv acoq acoo acop = ebo bhp abjt
pzw acoo acop acoq = wwx
pzx = dud
pzy acop acoq acoo = nah
pzz acop acoo = jnz
qaa = fjc vug zsc rp
qab = abey das
qac = xgd ath vyl avv
qad = pwb
qae acoo = bzq
qaf acoo = iqb (hxr eii) bgq
qag acop acoq acoo = aki dxn
qah acoo = vns vjv
qai = kin dlf kst
qaj = nxv acnv
qak acoo acoq acop = fyk
qal acoo = afr
qam acop acoo acoq = khx upn dov wbn sse
qan acoo acop = rxe
qao acoo = tex
qap acoo = ont hui qxs
qaq = eg ezf
qar acoq acop acoo = jli aake
qas acoo acop = yjt
qat acoq acop acoo = ywu oip
qau = aol
qav = jkh
qaw acoq acop acoo = asn ngf fxo
qax acoq acoo acop = fkr
qay acop acoo = aic
qaz acoo acop = yvt
qba acoo acop = abvx ipw ablu
qbb = asd
qbc acoo = mgr
qbd = wvv acfg
qbe acoq acoo acop = kuo fcp
qbf acop acoo acoq = dth heh aceu acea
qbg acoo acoq acop = jdc uir dxr
qbh = vve
qbi acop acoo = gp
qbj acop acoo = nyg nnr
qbk acop acoo = ykw rwo bwj gni
qbl acop acoq acoo = ilm jzi
qbm acoo acoq acop = ngi abbi
qbn acoo acop = tbb
qbo = abxz zvd
qbp acop acoo acoq = viq
qbq acoo acop = vfw xd
qbr acoq acop acoo = crk
qbs acoo = bbd
qbt acoo = qbp
qbu acoq acoo acop = xtd
qbv acoo acop = jjg
qbw = abhc
qbx acoo acoq acop = juj abjq sci eon
qby acoo acop = zpd uma
qbz = fvh
qca = abpj hzl vnd ltp
qcb = hvr
qcc acoo = lon
qcd = dyl
qce acoo = dsy
qcf acoo acoq acop = rwd
qcg acoo acop = xkn
qch = haf
qci = val gxs
qcj acoo acop = hml
qck acoo acop = gc
qcl acoq acop acoo = xve
qcm = wbn
qcn acoo acop = tgo jsb
qco acoo = ryg irx arr
qcp acoo acop = dks
qcq acoo acop = kxk
qcr acop acoo acoq = rnu typ alt euy wmj
qcs = ytw acbn tau
qct = ablx jlf
qcu = fct
qcv acoo = re
qcw acop acoo = raf
qcx acoo = vem ytt
qcy acoo acoq acop = dss hqu bin ctf
qcz acop acoo = irc xzd (qlp qz mer)
qda acoo acop acoq = qyb
qdb = bav
qdc acop acoo = ocf
qdd acoo = lef
qde = hcp
qdf = rb gzf kpw ackl
qdg acoo = yot
qdh acop acoo acoq = sjl abko
qdi acoo acoq acop = mtl
qdj = abyf vfx fnz
qdk acop acoq acoo = mps
qdl acoq acop acoo = qov fhx nbn qnr
qdm = eqm
qdn = dgp
qdo acoo = ikj
qdp acop acoq acoo = wlp fwj
qdq acoo acop = sjo
qdr = abll gvd
qds acoo = ave
qdt acoo = del
qdu acop acoq acoo = rxx nhg
qdv acoo acop = ynv
qdw = nev
qdx = xau umb hex htw gsn
qdy acoo acop = yyp
qdz acoo acoq acop = avs
qea = txq
qeb acop acoo = cyr gjf
qec = nym
qed acop acoo = ljy qin
qee acoo acop = nad
qef acoo acoq acop = bdk
qeg acoo = rvz
qeh acoo = aaij
qei acoo = ump sio pkv nhe
qej acoo acop = igb vjq oqj
qek = aclp ap hmt
qel acoo = keu tah zbw
qem = yac
qen acop acoo = dnw riy ajz
qeo = jzh lbu
qep acop acoo = pwb
qeq acop acoo = wqz
qer acoo = hse ldw wxl plc
qes acoo acop acoq = grw til xql
qet acop acoo acoq = z
qeu = qrn oeh wdr oug
qev acop acoo = qml
qew acoq acop acoo = edq
qex acoo acop = vmh
qey = fib aacq yvz
qez acoo = psx bce
qfa = eep
qfb acop acoo acoq = chd bgn
qfc acoo = aboz
qfd = mse tvw mij
qfe = kqf
qff = epl aaft xxk
qfg acop acoq acoo = bus
qfh acoo = azf abrb
qfi acop acoq acoo = sej
qfj acoo = vog dha ynk
qfk = zyl uhb aadd
qfl acoo = hkz
qfm acoo = hpy
qfn acoo = acju ztz
qfo acoo = yau hus acc
qfp = fdc
qfq acoo = irl xqy kpo oyb
qfr acoo = idx
qfs = mpp
qft acop acoo = vsz udo
qfu acoo = eov
qfv acop acoo = abwc abyf
qfw acoo acop = abex ofg qis lhv
qfx acoo = zey nij nhf
qfy = vfc
qfz acoo acop acoq = jsk
qga = lur
qgb acop acoo = qxg uth
qgc = imc
qgd acoo acoq acop = jgs
qge acoo acop = eri ocx (etz jbk)
qgf acoq acop acoo = qvg
qgg acoo acop = daq aaed
qgh acoq acop acoo = han
qgi acoo = xvv
qgj = zdq lzf yiy
qgk acoo = sup wli hfp (cyv edn)
qgl acoq acop acoo = xsx rxl lqm
qgm acoo = euv
qgn acop acoq acoo = idj dec
qgo acoo = llx xdf lkj
qgp acoo acop acoq = bki
qgq acoo acop = sms
qgr acop acoo acoq = nxu
qgs = vjh
qgt acoo acop acoq = swm
qgu acoo acoq acop = aaoq
qgv = hns
qgw acoo = ibo eyu
qgx = khg
qgy acoo = hpp
qgz acoo = nth
qha acop acoo = fxg
qhb acop acoo = pjd fyn
qhc = acof
qhd = gqx
qhe acoo acop acoq = yob
qhf acoo = lcv sml aafp
qhg acoo acoq acop = evs
qhh = rwl msl
qhi acoq acop acoo = dfj yiz
qhj acoo acoq acop = zxg
qhk acop acoo = hgw
qhl acoq acop acoo = aazc
qhm acoo = ycn
qhn acoo = xgy mug
qho acoo = mhd
qhp acoo acop = bie
qhq acop acoo = zbi
qhr acoo = cqt
qhs = dro
qht acoo = arn tnq yyo
qhu acop acoo = dzy
qhv acop acoo = rer ch pny ba
qhw acop acoq acoo = ods
qhx acoo acop = dyw one
qhy = yds
qhz = aff
qia acoo = sqa
qib acop acoo = qdq cay
qic = dic
qid acoo acop = dia
qie acop acoq acoo = hxp crt uiz
qif = ik cud yok
qig acoo acop acoq = ho pon pfc
qih acoo acoq acop = jpj jde vhe
qii = elk
qij acoo acop = myv jsu
qik acoo = qje
qil acoo = lsp
qim acoo = ybp
qin acop acoo = sxr
qio acoo = fqh
qip acoq acoo acop = fzg
qiq acoo = vhp
qir acoo acop = krq
qis = rxd bem
qit acoo acoq acop = tov
qiu acop acoo = efr
qiv acoo = pna
qiw acop acoo acoq = mnd pwg
qix acoo = aki
qiy acop acoo = num
qiz acop acoo acoq = yzl
qja acoq acop acoo = irx ijv vbu xrq xpt
qjb acop acoo = swy
qjc acoq acoo acop = arw
qjd acop acoo = aavk aii bzo
qje acoo acop = aadu qct zkp
qjf acop acoo = hry yeh
qjg acoq acop acoo = inw aclh
qjh = fft
qji acoo = hzx
qjj acoq acoo acop = aacv
qjk acoq acop acoo = abgl acay jug
qjl = hxm
qjm = fba ntf bul
qjn = bom
qjo = bfi
qjp acop acoo = fa kly trd
qjq acop acoq acoo = qjw
qjr acop acoq acoo = rqq cip ktm dwd
qjs acoo = kah zzy
qjt acoo = eir abdy yqe
qju acoo = awb yzb mxp uy
qjv acop acoo = xjn
qjw acoo acop = mxh oia pnj hcq epy
qjx acoq acoo acop = gvc
qjy acop acoo acoq = lai
qjz acop acoo = raq
qka acoo acoq acop = cvs dxm
qkb acop acoo = hho
qkc acoo acop acoq = ayl boq
qkd acop acoo = mbm
qke = xop
qkf acop acoo acoq = gku
qkg acoo acop = hfa djn ogs tes
qkh acoo acop = qmx
qki acoo acop = acoo
qkj = fnz
qkk acoo acoq acop = wul ttk
qkl = mr
qkm acoo acop acoq = vf
qkn acoo acop = qlv
qko acoq acoo acop = hca
qkp acoq acop acoo = iei aceh
qkq acoo = irl (qhs aans)
qkr acop acoo acoq = vtf
qks = tyk
qkt = rqa
qku acop acoo = aaxb
qkv acoo = shd
qkw acoo acop acoq = one xet
qkx acop acoo = zvf rcm yux abfm
qky acoo = fsj
qkz acop acoo = aauf edj
qla acoo acop = fgp
qlb = jnl
qlc acoo = abjl (hoa ytw)
qld acoo = ndg
qle acop acoo = cje
qlf acoo = chy
qlg acoo = zf
qlh acop acoq acoo = xii aqb qee
qli acoo acop acoq = ubt
qlj acoo acop = eja drh hqw
qlk acoo acop = cow
qll acoo = dxj cjb
qlm = bje
qln acop acoo = vgq
qlo acop acoq acoo = lfe yjh
qlp acoo acop acoq = tpc
qlq acoo acop acoq = dhx
qlr = dzm eqn eix
qls acoq acop acoo = nqb
qlt acop acoo = lhw egc otu liq
qlu acoo acop = tiq
qlv = abmx aaoc
qlw acoo acop = tms cwj iga laz
qlx acoo acop acoq = tim
qly acop acoo = exk zqn yfd aagu
qlz acop acoo acoq = nms
qma acoo acop acoq = abmt
qmb acoo acop acoq = mqg
qmc acoo acoq acop = aadz
qmd acoo = bfl
qme acoo acop acoq = abzx
qmf acoo acoq acop = zxn
qmg = pkw wtp cuf
qmh acoo acop = pdo
qmi acop acoq acoo = ugn
qmj acoo = ppp
qmk acoq acop acoo = hqa fhg
qml acoo = dsn ksj
qmm acoo acoq acop = zky jva
qmn acop acoo = mkr zvt csg
qmo acoo = geb xbj dni idp
qmp acop acoo = ijj yqk diz bqm
qmq = abpv
qmr = pvz (ffr qwi) jnp
qms acoq acoo acop = qno czi
qmt = hxg
qmu = bvo
qmv acoq acop acoo = ghg (egu qrw)
qmw acoo = dbl
qmx acop acoo = ylu
qmy acop acoo = ddw
qmz acop acoq acoo = pad
qna acoo = a
qnb = xom
qnc acoo acop = yee
qnd acop acoo = srv
qne acop acoo acoq = anz iwf hgd
qnf acoo = uug dqa
qng acop acoo = rxw
qnh acoo acop acoq = yxb
qni acoo = xdk
qnj = oxy fim bdq
qnk acoo = jqn (aazh ytp ewt)
qnl acoo = hxa gab ljr ui
qnm acoq acop acoo = phc (jfe abnd)
qnn acop acoo acoq = abw
qno = kpf gjr lle
qnp acoq acoo acop = ycq
qnq = aadr
qnr acoo acop acoq = bmh nvk lvh lnl
qns acoo = oyv
qnt acoo acop = prk
qnu acoo = uh
qnv acoo acop = ihw kua
qnw acop acoo = rqx
qnx = wdz abda oth
qny acop acoo = jzk aaip lct iig
qnz acoo acop = rsy
qoa acoo acop acoq = aaml acbz rvj
qob acoq acop acoo = pzg sqj
qoc = pea
qod = yun wog xgw ajg
qoe acop acoo acoq = pgy
qof acop acoo = accj
qog acop acoo acoq = aarg
qoh acop acoo = igg thh qgi ioo
qoi acop acoq acoo = qzm
qoj acoo acop acoq = iej aazb
qok acoo acop = jzf
qol acoo acop = wfa vvc emc man jre
qom = nss
qon acoq acop acoo = lzh
qoo = ner
qop = szz gha
qoq acoo = zlf lt
qor acoq acop acoo = ciu
qos acoo = duq
qot = hyp coc
qou acoq acoo acop = ruf
qov acoo = ksf
qow acoo acoq acop = abkj
qox = qpn twp wdb
qoy = abov
qoz acoo = ipe kep
qpa acoo = wqh
qpb acoo acop = qag
qpc acoo acop acoq = lur
qpd acoo = qlp abpt cxx xaf zbb
qpe acop acoo = etb
qpf acoo = jqp xrb
qpg acop acoq acoo = jhm
qph acoq acoo acop = co wjh uzl gvf
qpi acoo acop = qop oqp
qpj acop acoq acoo = fim sqg qrw
qpk acoq acoo acop = hcn etl abzc abrw
qpl acop acoo = tvg
qpm acoo = ipa
qpn acop acoq acoo = ipk
qpo acop acoo = wfn oas
qpp = gqn aaba
qpq acoo = nsn
qpr acoo = ebi qsv
qps acop acoo = gjv xin tiq
qpt = mpy aazh
qpu acoo acoq acop = orc
qpv acoo = ien
qpw acop acoo = pok xu mxx ile sly
qpx acoo acop = tyf
qpy acoo acop = ez yax
qpz acoo acop = uta drr iuw mlb tkv
qqa acoo = fqs zmy egc
qqb acoo acop acoq = wgm qeu zck adl yzi
qqc = cxp
qqd acoo = two
qqe = bos
qqf acoo acop = aaoo
qqg acoq acoo acop = nuu
qqh = ehz acel
qqi acoo acop = euj
qqj acoo = wlv ick jnh
qqk acoo acop = fmr
qql acoo = oqc
qqm acoq acoo acop = abfb
qqn acoo = cyl
qqo acoq acoo acop = miy wda
qqp acoo acop acoq = shm
qqq acop acoo = ghh
qqr = dnw lhn hui abvg
qqs acop acoq acoo = acap qlh
qqt = ivo
qqu = zwp voe
qqv acoo = qmg
qqw acoq acop acoo = qnt hxa ctz puh
qqx acoo = mjf
qqy acop acoq acoo = dfl
qqz acop acoo acoq = txg
qra acop acoq acoo = dbw rbm
qrb = vew
qrc acoo = fah abf
qrd acoo = am
qre acoq acoo acop = vit aasu gjf
qrf = zah lyy onl
qrg = rox vty mid
qrh acoo acop = omo pgm
qri acoo acop = abge
qrj acop acoo = jct cmn wlk
qrk acop acoo = xwv
qrl = abxj
qrm acoo acop = osm dsr ajs
qrn acoo acop = tec iwq qhy
qro acoo acop = oci aate achm wqi qfy
qrp acoo = fmy
qrq acoq acop acoo = twj
qrr = nir
qrs acoo = vwj
qrt acoo = sdw
qru acoo = abuf hce
qrv acoo = iub
qrw acoo = aamr rts acoa
qrx = wmm llj msg
qry acoo acop = gbn
qrz acoo acop = vup bwz jpk imr
qsa acop acoo = zbd oqz
qsb = lve hrx tgb
qsc = wum acip
qsd acop acoq acoo = abvp
qse = dpe jqr
qsf acoo = ccm
qsg acoo = xqx
qsh acoo = fi qo
qsi acoq acop acoo = acl
qsj acoo acop = abuk cir tfe
qsk acoo = xen
qsl acoo acop acoq = vqi rce kit
qsm acoo acoq acop = anb
qsn acoo = fzm wzl
qso acoq acop acoo = abaz
qsp acop acoq acoo = dvp hgt vwc urv
qsq acoo = yms
qsr acoo = msr fuu ynv
qss = fml xdh nuf xbi
qst acoo acop acoq = jvh
qsu = xiv xu
qsv acoo = aaxv yeu aaku ltb
qsw acop acoq acoo = acfr
qsx = szq
qsy acop acoq acoo = zva
qsz acoo = ir fuk
qta = eij khx
qtb acoo acoq acop = ixr
qtc acoo = abdx
qtd acoo acop = iej
qte acop acoo = kxa
qtf acoo = dub nsk imb
qtg acoq acoo acop = djt
qth acop acoo = tdx
qti acop acoo acoq = sud
qtj = aaxi
qtk acoo = xvo vqv bey
qtl = kgz gvl
qtm acoq acop acoo = svk
qtn = gic
qto acop acoo acoq = zp dbw npu
qtp acoo = sok ale wlm etm
qtq acop acoo = rf uvm
qtr acoo acop acoq = xmo ecl
qts acoo = acky
qtt acop acoo = gni blq hua
qtu acop acoo = gua
qtv acoo = fyb
qtw acoo = qrx accq
qtx acoo = qdq wzl cpb
qty acoo acoq acop = rdn pxh abjp tyg
qtz = wnp
qua = abfs
qub acoq acoo acop = uih
quc acop acoo acoq = sox
qud = gff
que acoq acoo acop = ggn
quf acoq acoo acop = fyu
qug acoo = qtk cod gin muw
quh = rfi
qui acoo = mrl joy
quj acoo = tcz brb
quk = fmg
qul acoo acop = lfb gph yoa (sfb bro)
qum = yge jjo
qun acoo acop = ackj ild qfh
quo acop acoo = suy ltv iwm vmn
qup acop acoo = qis zrx
quq = oup kfg ilm ict
qur acoo = jvl lyz
qus = oua hhm
qut acoo = aayj pxd
quu acoo = tzh ojt
quv acoo = ucy
quw acoo = ybg
qux = ape acbl adq wfc
quy acoq acop acoo = ttw aciy
quz = accw
qva acoo = dqo aja
qvb acoo = tkn abig bdm
qvc acoo = rri
qvd = aced
qve acoo acoq acop = aafq ffz ois ihg
qvf acoo acop = xtv
qvg acop acoo = jcs
qvh acoo = vpy
qvi acoq acoo acop = aapy
qvj acop acoo = ffh dne abmn
qvk acoq acop acoo = acmg
qvl acop acoo = aot
qvm acop acoo = efi jvj fug acfr
qvn acoq acoo acop = fib fal rpe bsz
qvo acop acoo = vau
qvp acoo = vvl
qvq = fqh
qvr acop acoq acoo = giu
qvs = qyx
qvt acoo acoq acop = djf
qvu acoo acop acoq = abxb ypm io bob
qvv acop acoo = hsx uyd xyo kvn mqx
qvw acoo = scc acb
qvx acop acoo = bwe
qvy acoo acop acoq = vjx
qvz acoo = kkv
qwa acoo = zcg
qwb = vgt
qwc acoq acop acoo = fvt
qwd acoo = frj
qwe = xkz
qwf acoo acop = bjd bmf yle
qwg = jzy
qwh = tby
qwi acoo = esj qmt
qwj = hbi
qwk = zjr
qwl acoo acop = abts qui
qwm acoo = iua me
qwn acoo = lxi bog cfl dyz
qwo acop acoo = enx
qwp acop acoo = dce
qwq acoo acop = yau
qwr acoq acoo acop = zxn pnx
qws acoo = fxk mud
qwt = def wua
qwu acop acoo acoq = mlo ioz fht gph
qwv acoq acop acoo = bgq
qww acoo acop acoq = zav apr jcz
qwx acoo acop acoq = gdd
qwy acop acoo = yti aapo
qwz acop acoq acoo = cmw zkf veb
qxa acoo = zah
qxb acoo acop = tvb
qxc acop acoo = rqt fna
qxd acoo = ygx bxr (nak muy)
qxe acoo = kcp
qxf acoo acop acoq = aapi
qxg acoq acoo acop = hvq
qxh acoo acop = erq sbd
qxi acoq acoo acop = qdj aclf
qxj = nxq fty mhn
qxk acoo = ttp abpt qua
qxl = inq
qxm acoo = gnc
qxn acop acoq acoo = sva
qxo acoo acop = aaqr
qxp acoo = ljs pzz
qxq acoo = cmw
qxr acoq acop acoo = ccg
qxs acoo = ots kjo
qxt acoq acop acoo = owo
qxu acop acoo = yud wgw trl
qxv acoo = ztf vkk
qxw acoo acoq acop = aqb
qxx acoq acop acoo = svi aaul
qxy acop acoo = oxt
qxz acoo acop = tca
qya = hfu
qyb acoo = qfn
qyc acoo acoq acop = uua
qyd acop acoo = oqe abrq
qye acop acoo = dfh
qyf acoo = rdw
qyg acoo = nnb
qyh = dxg
qyi acoo acop = acgp
qyj acoo = kzw csr (wbz aajt ijq)
qyk acop acoo = wsa
qyl acoo = bga smd
qym acop acoo = cjz umu
qyn acoo acop = pmk szj
qyo acoo = axh
qyp acoo = jsy
qyq acoo acoq acop = zvt
qyr acoo acoq acop = eli
qys acoo = wzi
qyt acoq acoo acop = jxk
qyu = jqh lgz aapa
qyv acoo acop = kal
qyw = bow ufx
qyx acoo = wgk mjd
qyy = aanp
qyz = ipb
qza acoo = vk hgq kat
qzb acoo acop = yrh
qzc acoo = uzr acp
qzd acop acoo = abpq fgc
qze = vnr
qzf acoo = fue vag
qzg = nxl eun
qzh acop acoq acoo = tum hkt zcn
qzi acoo acop = aadu vj fg lyb
qzj acoo acop = ysl bcu faa bvg
qzk = tfq
qzl acoo = who wfa ddx
qzm acoq acop acoo = ina
qzn acoo acoq acop = lje
qzo = rev
qzp acoo = ggi
qzq acoo acop acoq = zyv
qzr acoo = xsd
qzs = vdi
qzt acoo acop = abii
qzu acoo = kxv
qzv acop acoo acoq = zje efu
qzw acoo acop = oef hey
qzx acoo acop = itj ayl eoe
qzy acoo acoq acop = jsa oci cyl
qzz acop acoo = fgj acml gyx qqw
raa acoo acop = ypg
rab acoo acop = htq
rac acoo acop = xma nbh zti
rad acoo = glr
rae = otd
raf = dbb bek vvx qpn
rag acoo acop acoq = pdm
rah acoq acoo acop = yby
rai acoq acoo acop = jjz
raj acoo = ojs
rak acoq acoo acop = zzo ysb (ryy bgp)
ral acoo acop acoq = abou eqr qsz
ram acoo acoq acop = icv
ran = cls
rao = diz
rap acop acoo acoq = vlx
raq acoo = jsk
rar acop acoq acoo = ejt
ras acoo = kds
rat = tte
rau = ejg
rav acop acoo = abez lcc
raw acoo = hci
rax acoo = xvq
ray acoo acop = qdi
raz = zed ebu jrb jzz
rba acop acoq acoo = rex
rbb acoo acop = kdl
rbc = hyd
rbd acoq acop acoo = msv
rbe acoo acop = yoi nhp gqn
rbf = mpi jwj dhg
rbg acoo acop = dog rkh uti
rbh acoo acop = wql
rbi acop acoo acoq = pie (fsw bsv)
rbj = dre
rbk acoq acoo acop = vcz
rbl = ueg eyi eqp
rbm acoo acop acoq = huu wjm dsu
rbn acop acoo acoq = vfj
rbo acoo acop = ewe
rbp acoo = cbe
rbq = vdw
rbr acoq acop acoo = bme ttu vxr caz
rbs acop acoo = aahs enm btu
rbt acoo = tdj zys lej fio
rbu acoo = ppm xey
rbv acop acoo = zsd
rbw acoo acoq acop = cbs svf zok vjr
rbx = zsp
rby = ica kei
rbz acop acoq acoo = lcs
rca acoo = ypp
rcb acop acoo acoq = ddi
rcc acoo = ril uog haj
rcd acoo = abxt rdb wer dim
rce acop acoo = lcy eza bto bpc qr
rcf acop acoo = abac gye
rcg acoo = lep uha
rch = nms tyv nch
rci acoo acoq acop = jgp
rcj acoo acop = ytp
rck acoq acop acoo = aij
rcl acop acoo = yks
rcm = lvg krf
rcn = lwi yfm
rco = mve jl
rcp acoo = abjl
rcq acop acoo = imz
rcr acop acoo acoq = lfw
rcs acop acoo = glc dm ven
rct acoo = ugj dwn
rcu acoo acop = iok
rcv acop acoo = otb
rcw acoo = tuu
rcx acop acoo = pou
rcy acoq acoo acop = acoq acmc
rcz = nwg pjj wns
rda acoo acop acoq = ty
rdb acoq acop acoo = kxx
rdc acoo = urx itm aaue lgb
rdd acoo acop = vjy aaw
rde acop acoq acoo = aamd jnr quh
rdf acoo = tns xzy
rdg acoq acop acoo = ufx sqi
rdh acop acoo acoq = icj
rdi acoo acop = fnu
rdj acop acoo = ejc wwl
rdk acoo = pmw aapb qzx mzg rih
rdl = vno abkc
rdm acop acoo = lvj
rdn acop acoq acoo = aes kwo
rdo acop acoq acoo = onm
rdp acoo acop = bip
rdq acoo = rdx
rdr acop acoo = wts
rds acoo = jeq uld tad rcp
rdt acop acoo acoq = rqu
rdu acop acoo = xnp dfm hwu
rdv acoo = lbd
rdw acoo = avu qhw wdw slz
rdx acoo acop = kkn
rdy acoo = okr
rdz = gny dac
rea acop acoo = mgz ird eui
reb acop acoo = tf
red acop acoo acoq = uye
ree acoo = shf yiv hiq
ref acop acoo = pxq
reg acoo acop acoq = cck fvx abyd gvg
reh acoq acoo acop = arr (gyt tkl azh)
rei acoo = cmj
rej acop acoo = jlb
rek acoo = jhv vkp
rel acoo acop = lcf uyt
rem acoo acop = qtb
ren acop acoq acoo = ori da ojf
reo acoo acop = fqp wov jpp fqt
rep = aadq
req acoo = fxw
rer acoo acop = hnq
res acoo = fgp oko
ret acoo = cw
reu acop acoo = guw xri
rev acoo acop = gur
rew acoo = vzg
rex = ndd xrf gnz grk cby
rey acoo = vwu
rez acop acoq acoo = xse
rfa acoo acop = nxt
rfb acoo = abzc vad vhi epp
rfc acoo acop = pcs
rfd acoo = ipv uio amb
rfe acoo = vao
rff acop acoo acoq = tkj ava eam qet qpm
rfg acoo acop = aoo
rfh acoo acop = scj
rfi acoo = ztc pll
rfj acoq acop acoo = cqs
rfk = elr vmn jxm
rfl acoo = abqk wz
rfm acoo acop = acfx spw yng
rfn acoq acop acoo = gnn
rfo = aahf dsl
rfp acoo = dfs cu
rfq acoq acop acoo = vov
rfr acop acoq acoo = uuv
rfs acoo = jvd
rft acoo acop acoq = tlv nco acky oin
rfu acoo acop acoq = acgo
rfv acop acoq acoo = clx
rfw acoo = aaah
rfx acoo acop acoq = lgg
rfy acoq acoo acop = bll (acoo spf)
rfz acoo = able
rga acoo = zmp aafn
rgb acop acoo = pvb yaz
rgc acoo = piz (kpj kwa uyx)
rgd acoq acoo acop = rrh mkr qlk
rge acop acoq acoo = fah
rgf acoo acop acoq = ckt (slv acns bo)
rgg = gzm vaz zwd
rgh = hu
rgi = txk wsp miv tsn rrv
rgj acoo acoq acop = qai
rgk acop acoq acoo = aati lvb
rgl acop acoo = doo waq xix aalt
rgm acoq acop acoo = ibq
rgn = bpc
rgo = fbs uta
rgp = kyr
rgq = oyb ipu krn
rgr acoo = mak try kap
rgs acop acoq acoo = abtr
rgt acoo acop = ini
rgu acoo = lzm
rgv acoo acop = ejb zp iqh obr
rgw acop acoo = scr pjz lxz
rgx acoo = abae
rgy acoo = wrj qyk
rgz acoo = fsh
rha acoo = tca
rhb acoo = zyv mmc rst
rhc acoq acoo acop = gep nhi mvz
rhd = hmo
rhe acoo acop acoq = clv
rhf = kao ndh dlg pef
rhg acop acoo = aawg
rhh acoo = dkt
rhi acoo = wug
rhj = yde lqy kdk
rhk = amy owr abys tox
rhl acoo = lor abee kml
rhm acoo acop = abre
rhn = ivc
rho = acmg
rhp = dhh
rhq acop acoo acoq = dfj
rhr acoo = abqx
rhs acoo acop = dnu
rht = abjj
rhu = ojx txm
rhv acoo = yct
rhw acop acoo = abfl
rhx acop acoq acoo = oiq fmd
rhy acop acoo = jmr
rhz acoo = yfz ttf pyq twz
ria acop acoq acoo = naw
rib acoo = mns hvj
ric acoo = jia
rid = xfw
rie = wnn kmp
rif acoo = qto
rig acop acoq acoo = unb
rih acop acoq acoo = tok enb iqc ixt
rii acoo acop = stp
rij acoq acoo acop = nrv
rik = lzh gki nfe aasf
ril acoo acoq acop = acbe
rim acoq acoo acop = ynj
rin acop acoq acoo = jnb
rio acoo = vft ksp
rip acoo = olo
riq = acq
rir acoo = jrx
ris acoo = irr
rit acoo = duu yqj
riu acoo acop = pcc izb lgn
riv acoo acop acoq = yfr zuw woa uzj bh
riw acoo = mht
rix acoo acop acoq = rt
riy = sci wju dqm ule
riz acoq acop acoo = ohb
rja = qwb dzz jpk
rjb acoo acop acoq = ahg
rjc acoq acoo acop = ctj
rjd = iec dob
rje acop acoo = uqw
rjf acoo acop acoq = nes inm imq
rjg = lmh
rjh acop acoo acoq = spl
rji acoo = ftx
rjj = dwv
rjk acop acoq acoo = ryl kun
rjl = abdl wen unw hyw
rjm acoo acop = abhm
rjn acoo = czu
rjo acoo = fkb
rjp acoo = aahp
rjq acoo acop = gah
rjr acoo acop = upv kiq quv
rjs acop acoo = wzd
rjt acoo acop = hiq
rju acoq acop acoo = qhb
rjv acoo acop acoq = olr
rjw acoo = aais
rjx acoo = ksb iib
rjy = hwj jkv
rjz acop acoo = ojp yxk
rka acop acoo = abjv
rkb acoo = tuf
rkc = vnt
rkd acoo = itp
rke = ifi
rkf acoo acoq acop = rnk pel gqm
rkg = pde (xyr jkw)
rkh = kye
rki = wct
rkj = fkp
rkk acoo acop = gyj uex kxv
rkl acoo = zgi aboo inl xcc
rkm = eko
rkn acoo acop acoq = igq
rko acoq acoo acop = vra uyc zyg
rkp acoo = acet
rkq acop acoo = wjl
rkr acop acoq acoo = ioh
rks acoo acop = dzp
rkt acop acoo = aaar
rku acoo acop = wgp vvm
rkv acoo = nye mgy fli sms
rkw = ylm
rkx acoo = rpd smn
rky acop acoo acoq = kmb yr
rkz acoq acoo acop = sbu
rla = snk
rlb = jxn
rlc acoo = mjk
rld acoo acop = sne xhw osw
rle acop acoo = abhy ais rzn hoe
rlf acoo acop acoq = mpf
rlg acoo = jve
rlh = gam
rli acoo = cpg rsn jko
rlj acoo = zqh voz
rlk = he bpy
rll = dsq kra
rlm = hpb qei
rln acoo = mat mol
rlo = jvz lfv
rlp = ieu aafs xfp edl
rlq acoo acoq acop = uar (xbh pwi) pmw
rlr acoo = ves
rls acop acoo acoq = itq
rlt acoo acop = bkt bkq
rlu acop acoo acoq = ygb iqx
rlv acoq acop acoo = abbg
rlw acoo = ibv (wbg ges ano)
rlx = xra rul omb
rly = nfz eqq
rlz = iyt (fpr dli)
rma acoo acop = vwa
rmb acoo = uqi
rmc = emx
rmd = crb
rme acop acoq acoo = ecb
rmf = ego pcp lg nax
rmg acoq acop acoo = jc
rmh acop acoo = ini acki
rmi acoo = bb pef
rmj acoo = gqr yie ave
rmk acoo = xfn zlh quq
rml = bbg
rmm acop acoq acoo = uib
rmn acoq acoo acop = ackk fww ixu wmn
rmo acoo acop acoq = zum
rmp acoo = ghe
rmq acoo acop = pqe
rmr acoo = fuc lfa
rms acop acoo = rdf
rmt acoo = lka
rmu = sdz
rmv acoo = jkf
rmw acoo acoq acop = mte
rmx acoq acoo acop = gph
rmy acop acoq acoo = wcn
rmz acoq acop acoo = vnx
rna acoo = giv aceb pm
rnb acoo acop = eiq nbk
rnc acoo = zyj
rnd acoo = bjm zcr
rne acop acoo acoq = pqi yda
rnf acop acoo = cpf
rng acop acoo = nfk ici
rnh acop acoq acoo = elt apo hrw
rni = kzn
rnj = kdd
rnk acoo = jxz
rnl acop acoo = rxs sad noi vyf
rnm = dnd
rnn acoo acop = aceq iek jbw
rno = aauc nhq (gt isn)
rnp acoo = tpx
rnq acoo = ola ozi
rnr = gbe
rns acoo = mcw
rnt acoq acop acoo = ocj kux
rnu acop acoo = vgt obp
rnv acoo = njd kic szs zci dji
rnw acoo acoq acop = rhk aze ahe
rnx = lii
rny acoo = kbc
rnz = fy
roa acoo = fmn
rob acop acoq acoo = zzb
roc acoo = koh
rod acoo acop = igg
roe acoo = njl
rof acoq acop acoo = acfp
rog acop acoq acoo = abwb
roh acop acoq acoo = oyu
roi acop acoo = skn llg
roj acoo = kcw rmg fkn afn
rok = qhl
rol acoo = vec xns
rom acoq acop acoo = xbl lzt
ron = vre
roo acoo = rye ovg
rop acoo = cri cxv yis vww
roq acoq acoo acop = syt
ror = nmw
ros acoo acop = oyt
rot = pjr qsp
rou acoo acop = wom
rov acoo = mky lal
row = wmz
rox acop acoq acoo = uoq yml pmy pva uez
roy acoo acop = wst
roz acoo = pas tnq lzl dpa epx
rpa acoo = ijj igx
rpb acoo acop = qmz
rpc acoo = aavf
rpd = abhi
rpe acop acoq acoo = cjw
rpf acoo acop = lim wxh (vfp vsv)
rpg acop acoo = wbu ujw
rph acoo = bmh
rpi acoo acop = frq
rpj acoo acoq acop = qyo
rpk acoq acoo acop = vdf
rpl acoo = miy
rpm acoo = nzc
rpn = kyz heo
rpo acoo acop acoq = skq geb
rpp = qx wla emg
rpq acoo = csh gxl
rpr acoo acoq acop = vlw vbm amt
rps acoo acop = rhl
rpt = sjo
rpu acop acoq acoo = xne
rpv acoo acop acoq = vqj
rpw acoo acop = ffh
rpx acoo acop = wqv
rpy acoq acoo acop = oea yhq cet
rpz acoo = qln khk
rqa = tnh aat ihc aach
rqb acoq acoo acop = xey
rqc acoo = abfm
rqd acop acoo = ahi
rqe acoo acop = dqy
rqf = rcg asd
rqg acop acoo = xjm
rqh acoo = ath
rqi = aaoq
rqj acop acoo = jui kb
rqk acop acoo = qxg sek
rql acoo = epf
rqm acop acoq acoo = vvq
rqn = edm
rqo acoo = tec
rqp acoo = abbs
rqq acop acoo = uqf ggx wyd xdj
rqr acoo = wbf aare
rqs = myg
rqt acoo = bgr nbs absp
rqu acoo acop = qsg
rqv = iiq djf irb del nv
rqw acop acoo = iay
rqx acop acoo = qww rra acbi
rqy acop acoo = wzr wbb
rqz acoo acop = llm bbf
rra acoo acop acoq = shk
rrb acoq acoo acop = dkv toj
rrc = aali
rrd = okn
rre = nzq
rrf = ijj
rrg acop acoo = zlo
rrh = hzu
rri acoo = vlh
rrj acoo = eiy
rrk = bsn qxp
rrl acoo = vro
rrm = wn
rrn acoq acoo acop = uab
rro acop acoq acoo = vpp
rrp acoo = xpm kcu
rrq acop acoo = ltg
rrr acop acoo acoq = aapf giq
rrs acoq acoo acop = zdi
rrt acoq acop acoo = xbv
rru acop acoo acoq = abcc
rrv acoo = mry
rrw acoo = uks
rrx acop acoq acoo = xpq
rry acop acoq acoo = bvd vno chg pae
rrz acop acoo = dsf
rsa acoo = aawo mbt
rsb acop acoo = dq dqg wgc djb
rsc acoo acop = qyw bik
rsd acoo acop acoq = crt
rse = spi
rsf = nmu jnf fpy
rsg acop acoo = bmt coz yfd bfk
rsh = eeg zrs vuo
rsi = uhw
rsj = hgn aaex aait nep
rsk acop acoo acoq = abmt mgq vba
rsl acop acoo = trt
rsm = czc
rsn acoo = gpq
rso acoo = dgj lxf lka
rsp = jvs
rsq acoq acop acoo = zqr omt
rsr acoo acoq acop = zg bwc
rss acop acoo acoq = dvi clr jmr
rst acoo acoq acop = rvu aaxi
rsu = mdk
rsv acoo = ehd lej gen
rsw = ral uen
rsx acoo = evp vjw xyv lqq
rsy acoo = can
rsz acoo acop = ftl vms snv zav
rta acoq acoo acop = heq
rtb acoo acop = yxc
rtc = mvu
rtd acop acoo acoq = fs aanm swh av
rte acop acoo = lpt
rtf acoo = mev
rtg acop acoo acoq = taw rji
rth acoo = jdz
rti = lym
rtj acop acoo = jds (ima iay kct)
rtk acoo acop = xlr cnh
rtl acoo acoq acop = buk
rtm acop acoo = hhy
rtn acop acoo = kme vvp
rto acoo = ya lbj
rtp acoo = aclt
rtq acoo acop = dgv
rtr acoo = ykk
rts acoq acoo acop = isr abed
rtt = hjl ael imt
rtu = abpn (svc ztk) vvk
rtv acop acoo = lbl
rtw = zdx
rtx acoo acop = qps
rty = jwr hfk sox
rtz acoo = vvf
rua acoo acop = csa
rub = wlh ebs
ruc acoo acop = fen
rud acoo = tfa
rue acop acoo = gpn
ruf acoo acoq acop = ynz ajy
rug = nya eej
ruh acoq acop acoo = txo wka
rui = dej
ruj acoo acop = ylp
ruk acop acoo = efy abcs
rul = wnc
rum acop acoo acoq = crg oif
run acop acoo = wnu iib
ruo acoo = kaj wac
rup = dzm abix
ruq acoo = qmz nfk
rur acop acoo acoq = abcn gzs
rus acoo acop = wsh
rut acoo = kxb aakc fip
ruu acoo = chy
ruv acoo acoq acop = rc aciu gru
ruw acop acoo = rwj oxd pbi bvi
rux acop acoo acoq = cae
ruy acop acoo = gxl
ruz = dwp
rva acoo = abux ckp gnp
rvb = rtg net
rvc acop acoo = qmb
rvd = oah
rve acoo acop = emj
rvf = izz kzg cwf aaqc doc
rvg = bmk sds qtl
rvh = bjo
rvi = fps
rvj acoq acop acoo = kze
rvk acoo acoq acop = lfu
rvl = dep ejf mkf
rvm acoo = wne
rvn acoo acop acoq = pku
rvo acoo = two
rvp acoo acop = kwl
rvq acop acoo = api dlz wxk
rvr acoo acoq acop = xno
rvs acoq acop acoo = obm ucl pdt
rvt acoo acoq acop = sni ccn
rvu acoo acop acoq = aart bsm sbd
rvv acop acoq acoo = baj
rvw = xur
rvx acop acoo = ldn
rvy = dyr
rvz acoq acop acoo = ekh
rwa = ahg
rwb acoo = dti vag xgd
rwc acop acoo = dlq
rwd = kgo
rwe acop acoo = zbl ben
rwf acoo = xpm
rwg = tef vch fug zni
rwh acoo acop = zns
rwi = had
rwj acop acoq acoo = ntl otv bvp
rwk acop acoo = nys bwq vhl
rwl acoo acop acoq = ity
rwm acoo = qqg
rwn = cfd bkw psu iyb gvm
rwo = pjs
rwp = soz iai zsn
rwq acoo acoq acop = abhh ptf hes wpf
rwr acoo = abfc urt
rws acop acoo acoq = qbr accq uek
rwt = ojt sug voi
rwu acoo = toq mey zyn wbz
rwv acoo = aal yyv
rww = nbn
rwx acoo acop = aaoc mzc
rwy acop acoq acoo = jnt
rwz = boo
rxa = nrr
rxb = wzy
rxc acoo acop = aawf iys ffc xsh
rxd acoo acop = htb
rxe = jlx
rxf acop acoo = ackk
rxg acop acoo = wgp imx hyh dhb
rxh acoo = efa
rxi acoq acoo acop = ojr kly
rxj acoo acop = gpo njs pxq ido
rxk acop acoo = dgs lpm
rxl acop acoo = srn
rxm = yjf
rxn acoo = fma
rxo = wsj
rxp acoo = lzm
rxq acoo acop = abyj
rxr = rtk
rxs = had aep
rxt acoo = beu nsy fcr xnf car
rxu acop acoo = tuo
rxv acoo = qgb itq ezq nti
rxw acop acoq acoo = abej
rxx acop acoo = nzr
rxy acoo = dqg qrv kvo
rxz = aakh vnw ggc qpn
rya acoo acop = dq fbm
ryb acoo = ezy
ryc acop acoo acoq = uch
ryd acoo = eop
rye acop acoo = weq
ryf acoo = qbd
ryg acop acoo = xrb
ryh acoo = pxb
ryi acop acoo = gys
ryj = kci
ryk acop acoo acoq = avw osp
ryl acoo acop = mbw
rym acoo = nhu
ryn acoo = acio
ryo acop acoq acoo = ibe wsq
ryp acoo acoq acop = eep uqf
ryq acop acoo = xqs
ryr acop acoq acoo = aayw
rys acoo acop = dnj
ryt acoo acop = ikl txm zr
ryu acoo acoq acop = ayb wnd
ryv acoo = dll imr yxc vqu wkz
ryw acop acoq acoo = aem
ryx = ogu
ryy = giu
ryz acoo acop = ruz
rza acoo = umw uxr mkd
rzb acoo = bbb tsq wsd xbv
rzc acoo acop acoq = sfo
rzd acop acoo acoq = abin
rze = ekn xjy gsu
rzf acoo = mby
rzg = aabj sby vtl
rzh acoo = uyk
rzi acoo = yxd
rzj = ziw fxr aayq
rzk acoo acop = ilm xi
rzl acoo = fux
rzm acoo = ymo
rzn = pk lci foi
rzo acoo acop = nsq qbt rly fvs
rzp acop acoq acoo = dns
rzq = by
rzr acop acoo acoq = wpe xxq
rzs acoo acop acoq = qf (fgb mkj)
rzt = gbu
rzu acoo acop = wpx rhu
rzv acop acoq acoo = bpq mqg
rzw acoo = ize
rzx acoq acop acoo = shc
rzy = ehn
rzz = icy
saa acoo acop = awg
sab = zmf dmz xek abxa
sac acoo = gjn vfk
sad acoo acop acoq = zwt
sae acoo acop = qpr
saf acoo = qht
sag = pgq
sah acoq acop acoo = wvv
sai = aavb
saj acoo = xea
sak = hwo ktp aaqz
sal acoo acoq acop = jq agu
sam acoo acoq acop = rjw elz uzq
san acoo acoq acop = xeh
sao = thn mry cav
sap acoo = qgk
saq acoo = qii
sar acop acoo = gyg ade
sas acop acoo acoq = ugj
sat acop acoo = pus yzn dre
sau = eaz fcn
sav = pl msz
saw acop acoo acoq = abzi
sax = aaia elz
say = ywf
saz acoo = abkr
sba acop acoo acoq = ddh
sbb acop acoq acoo = vvs
sbc acop acoo = sgw vhn aboq
sbd acop acoo acoq = raw epf
sbe acop acoo = vuy
sbf = lxx
sbg acop acoq acoo = iqt
sbh = zkx
sbi acoo acoq acop = abzm edr cef ook
sbj acop acoo = zye jwx
sbk acoo = feg hls
sbl = ccj (jtj wlz wgq)
sbm = kha
sbn acoo = jlg
sbo = iri hvd
sbp acop acoo = ycu
sbq acop acoq acoo = aayk
sbr = zam
sbs = xeb
sbt acoo = tdw bth
sbu acoo = hwm
sbv acoo acop = jjs
sbw acoq acoo acop = mpo lpr vih
sbx acop acoo = jmy ibw
sby acoo = ioe anb pdf abtx yzz
sbz acoo acop = vlt pnv
sca acoo acop = acea
scb = aasu wks hoi
scc acop acoo = qga wlf
scd acoo acop = eir
sce acoo acop = drf lbm
scf acoq acoo acop = jli
scg = ewc
sch acop acoo = jdn
sci acoo = wfz
scj acop acoo = mww
sck acoo = nqu
scl acoo acop acoq = vhj
scm acoo = fjg aatn aqg
scn acoo acop acoq = rxc
sco acoo acop = zgw acfq (hxk fom mjq)
scp acoo acop = gtm vay hkv abpy
scq acoo = soz ezt
scr acoo acop acoq = ggl
scs acoo acop = okk bto
sct acoo acoq acop = vae cts
scu = fdt dot
scv acoo acop = absp mbm
scw acoq acop acoo = yjd
scx = mnb
scy = uzt jzs zyo
scz = sbs ekf wns igw
sda = aqb
sdb acop acoo = acnl
sdc acop acoo = ufg
sdd acop acoq acoo = hzy
sde acoq acoo acop = hmk
sdf acop acoq acoo = gcf xio
sdg acoo = dyg
sdh acop acoo = abqb pnc vjs
sdi acop acoo = ojz
sdj = dws
sdk = xtq
sdl = pio
sdm = rnx elc
sdn acop acoq acoo = cq
sdo acop acoq acoo = dse rwg
sdp acop acoq acoo = rpo
sdq acoo = ych
sdr acoo acop = ynh vur
sds acoo acop acoq = tgv
sdt acop acoo = ackc
sdu acoo acop = abde jmn
sdv acop acoo acoq = plm
sdw = vwu
sdx = cbj hvp abdw
sdy acoo acop acoq = fjf
sdz acop acoo = qn gec urt
sea = nba ecj pfv
seb acoo = uia
sec acop acoo = aclz
sed acoo = rxe
see acoo acop = cjk aads yqg
sef acoo = wmo
seg = rva
seh = yxx
sei acoo acop = dju
sej = qui zch xvu
sek acop acoo = zlk fyv uck
sel = mmb
sem = yda
sen acoo acop = fav
seo = jvc
sep acoo acop acoq = bqg
seq = kwa
ser acoq acop acoo = xhk
ses = bgs
set acoo acoq acop = hym
seu acoo acop = uua (abfs pb pcx)
sev = bpo ygp
sew acoo = qfg
sex acoo acoq acop = acjo mss unm
sey acoo acop = yby
sez acoo = seo
sfa acop acoo = qvw
sfb acoq acoo acop = yki anm eqm
sfc acop acoq acoo = hsy aasj
sfd acoo = ein
sfe acoq acoo acop = vi
sff acoo = gqa
sfg = fvo abtd
sfh = mra
sfi acoo = ias tow gsx yor
sfj acoo = uyw lbz
sfk acoo = ufc
sfl = wtz htp bea
sfm acoo acoq acop = abwr
sfn acoo = ung
sfo acoo acop acoq = ttu
sfp = efi
sfq acoo = lla
sfr = swx
sfs acoq acop acoo = mdt mgf nqn jmx
sft = aasj
sfu = jvn
sfv = brx fgw
sfw acop acoo = sqh hmt rga
sfx = bcm kkh cvz
sfy acoo acoq acop = acog cqn
sfz acoo acop acoq = tit pev ucj
sga acoo = kjo
sgb = sdx
sgc acoo acop = syw
sgd = aw xjt
sge acoq acoo acop = unz
sgf acoo = vdj
sgg = wup juj
sgh acoq acop acoo = absf
sgi acop acoq acoo = ent
sgj acoo = llg dmn hen gdh
sgk = nvp
sgl = ljt yzi
sgm = tad ixb
sgn acop acoq acoo = iwk sxy
sgo acoo acop = aadh twm
sgp acoo = hu
sgq acoo acop = con
sgr acoo acoq acop = yzl qtd
sgs acoo = vch kh az rkx vfq
sgt acoo acop = kbc lgg
sgu acop acoq acoo = pum lpc acdp
sgv acoo = sin
sgw = iyo ahc
sgx acoo acop = prd jah lae
sgy acop acoo = qmv xtq
sgz acoo = chx
sha = aahm
shb acoq acop acoo = uhx
shc acoq acoo acop = maq
shd = plh bu absr
she acoo acop = jef pap aaha
shf acop acoo = pmr aakf k cvq
shg = gzd
shh acop acoo = vir hdo zgl kcy
shi acoq acoo acop = kzq
shj = aqr gno fho nhq par
shk acoo = onk
shl acop acoo acoq = vpu erq
shm = ymy fib (uqu iff)
shn acoo acop acoq = nqm zpo jnb ljg
sho = dvo
shp = jdg ygy aauv jmy
shq acoo = nhu cqc
shr acoo acoq acop = xyz syr
shs acoo = tpi oiy
sht acoo = qym
shu = lmv kxp
shv = abfo
shw acoo = eph
shx acoq acoo acop = fiz (xem acff)
shy acoq acop acoo = njl
shz acoq acop acoo = kio yox
sia acoo = fhu
sib acoo = mzn
sic acoo acop acoq = acdc
sid acoo = gib
sie acop acoo = rcx
sif acoo = zno kvq
sig acoo acop = bpg
sih acop acoo = gfm iio cgv
sii acoo acop = vry
sij = knp
sik acoo = aao
sil acoo = qej bsd (yf ark xix)
sim = ocn ufd wet
sin = shx xqe
sio acoo = cpx jzc ixu
sip acoq acop acoo = aai
siq = mdj ugl ist
sir acoo = lif phn abxu
sis acoq acoo acop = muq qgs
sit acoo = qzv
siu = gyo
siv = fel
siw acoo acoq acop = udc lzs mir
six = anr dzv
siy = cgi
siz acoo = had nqk yb
sja = fua
sjb acoo = jzf
sjc acoo acop = jou
sjd acoo = fak
sje acoo = joc acfx dga mej
sjf = adk vog
sjg acoo acop = qsd
sjh = dmb
sji acoq acoo acop = rix xkl nyv
sjj acoo acoq acop = skb
sjk acoo = hzs
sjl acoo = uwg
sjm = djz sng
sjn = mr
sjo acoq acoo acop = qu uff (mql cib) qxy
sjp acop acoo acoq = ocs acmf ybk
sjq acoo acop = cwx
sjr = xtr
sjs acoo acop = cue nmu jfn abjm
sjt = trh
sju acop acoq acoo = shu ykv ppo die
sjv acop acoo = ofq
sjw = acp pad
sjx = sgm rff haa
sjy = rzc
sjz acoo acop = xms fcd waa aabi
ska = iim
skb acoq acoo acop = tla tgj
skc acop acoo acoq = blr aay
skd = aajf
ske acoq acop acoo = vrj von
skf = mkn wei wuo
skg acoo = sho
skh acoo acop = wbn
ski acoq acoo acop = tif
skj acoo acoq acop = ytm
skk = est
skl = irk lhr dbu qyc
skm = uhz vkr lv
skn acoq acop acoo = hky abpb
sko acoq acoo acop = jkl
skp = hxc kvq
skq acop acoq acoo = gnu yhr
skr acoo = kxn
sks acoq acoo acop = ewn
skt = pxr sym
sku = nyh
skv acoo acop = sbl
skw acop acoo = lnd
skx = ole
sky = bnt
skz acoo acop acoq = enc
sla = fef (obh hsd)
slb acoo acop = aaso
slc = mvj qew ezq
sld acoo acoq acop = absf sxs lib
sle = tpb xjg iuq
slf = pfh
slg = rxo boh
slh = hyj aaxq owz
sli acop acoo = aamu
slj acoo = sjl mwz
slk acoo = wmp
sll acoo = rgb zym
slm acoq acoo acop = obq
sln acoo acop = kol fsr
slo acoo acoq acop = dvi eln
slp acoo acop = tax
slq acop acoo = icz
slr = anq
sls acop acoo = hpw vny glz
slt acoo = ida
slu acoo = gha psl kzc
slv = xxa
slw acoo = xxi
slx acoo = tnp
sly acoo = pmr
slz = skv hyc kw efl
sma acoq acop acoo = mid
smb = bku
smc acop acoo = lfg
smd acoo acop = rrb
sme acoq acoo acop = kie zvx
smf acoo = mki aazs uej mxk
smg acoo = avp tsd
smh acoo = cuh abrl
smi = kij
smj acoo acoq acop = ohz ykx boy
smk acoo acop = aclk aue
sml acop acoo = fhs
smm acop acoo acoq = aaba
smn acoo = agu
smo acoo = qek yki
smp acoo acop acoq = tgy ofj
smq acoo = ztm
smr acop acoo acoq = icq vna
sms acop acoq acoo = bvm
smt = ydp
smu acoo = yhs
smv acoo = zun
smw acoo = fni
smx acop acoo = rdx kgl id upw pfl
smy acoo = cma
smz acoo acop = mzx qbw
sna acoo = cqg acgv bnr
snb = drk ncv
snc acop acoq acoo = nxo
snd acoq acoo acop = uwx
sne acoo acop = aagr
snf acop acoo = eko
sng = rgy lxs
snh acoo acop = nvp
sni acoo acop = aaor
snj acoo acop = jkl
snk = mhi vqa
snl = ufl
snm acop acoo = ysp qto atv pjl
snn acoo = ine oht mpc
sno acoo = kai
snp acoq acoo acop = lja rqy sk
snq acoo acop = pqp
snr acoo acoq acop = hux
sns acoq acoo acop = fzj acoq zqk
snt = tci (wau fhs qco)
snu = imd opu acfw xx
snv acoq acoo acop = isl
snw acoo acoq acop = acfm qhv
snx acoo = qac acdt
sny = dpf aaor xjp
snz acoo = twx
soa acoo acop = zml
sob acoq acop acoo = kdd
soc acop acoo = lqy lme mr
sod acoo = vxt
soe acoo = tlc
sof acoo = ick
sog acoo = xlo wjh
soh acop acoo = peg
soi acoo = twi
soj acoo = afl aacc (ykm acdp nzd)
sok acop acoo = jif emo abcw opn
sol = xsn
som acop acoo = abmv lkl
son acoo = abah rlk bqc at
soo = fza fux
sop acoo = nhc
soq acoo acop = tpd
sor acoq acoo acop = acni xki aboc
sos acoo acop = gpi
sot acoq acop acoo = hms
sou acoo acop = cha
sov acop acoo = lyz
sow acoo acop = hil
sox acoo acop = abox juq
soy acoo acop = poq
soz = iuf zgq snc lsp
spa acoo acop = aakv
spb acoo = tyr
spc acop acoo = abzw
spd = ijv
spe acoo acop = yql ply
spf acop acoo = emv
spg acoo acop = hhn qnh mko esu new
sph acoq acop acoo = hsh
spi = abkc
spj acoo = acln rfs (abhi eid)
spk acop acoo = cdx
spl = bae
spm acoo = haz
spn acoo acop acoq = qdc
spo = rrj xhm bba
spp = cwj tki dta ioh
spq = afy
spr acop acoo = awk ysm
sps acoo = pyr
spt acoo acop = hts
spu acoo acop = jsu
spv acoo = rqe pui meg
spw acoo acop = hsr
spx acop acoo = yq mix gia
spy acop acoq acoo = udx
spz acop acoq acoo = abqd abtn
sqa acop acoo = szx hik
sqb acoq acop acoo = bus
sqc acoo acop = vmu gya
sqd acoq acop acoo = zhp zeh
sqe acop acoo = wtr nah aac cuk
sqf acop acoo = htu yhq ryw njz dmj
sqg acop acoo = kbz pza
sqh acoo = mrh uzd
sqi acoo = urf
sqj = gfh oyx xac
sqk = abuz
sql acop acoq acoo = xht
sqm acoo = gkp els aaeu
sqn acop acoo acoq = kqa tit
sqo acoo = qgb xry wsk uaf
sqp acoq acop acoo = scy
sqq acoq acoo acop = ljx
sqr acoo acop acoq = one owb
sqs acop acoo acoq = vuo
sqt acoq acop acoo = ubo kbx
squ = enz
sqv acoo = zwm (fkm fkp)
sqw acoq acoo acop = fld ejc xhe grg
sqx acoo = dvg ypq byd
sqy acoq acoo acop = zvn rfx
sqz acop acoo = acgy rfp guo
sra acoo acop acoq = jii
srb acop acoq acoo = qkg bnq ryh pqe
src acoo acoq acop = otb
srd = oer
sre = ncn
srf acoo = gpm hnt ibg
srg acoo = uey
srh acop acoo = qeu oox ow
sri acoo = ogv xon htd fwf
srj = cvt fpi abds hfp
srk acoo acop = gsl
srl acoo = ozz
srm acop acoq acoo = uxi
srn acoo = obm apf vub jid ncm
sro = puu
srp = gyc eag moj
srq acoo = mir
srr = zkr
srs acop acoo acoq = ucu
srt acoo = rgr cgg yeq ffy
sru acop acoq acoo = jcc
srv = lkg
srw acop acoo = kdk zzz jds
srx acoo acop acoq = dng wec
sry acop acoo acoq = yot
srz acoo = icn ewi hdk ytw jsz
ssa = vjv
ssb acoo acop = vau
ssc acoo acoq acop = qrv nct
ssd acoo = vid uqw
sse acop acoo = kji (ddv rtf)
ssf acoo = suf aasb
ssg = spa
ssh acoo acop acoq = ype
ssi acoo = zty
ssj acoo acop acoq = qkv ikc
ssk acop acoo = bbw
ssl acoo acop = am fpi kdq
ssm acoo acop = pfm kng owe
ssn acoo acop = mgc fln zur
sso acoo = nsa
ssp = pdn
ssq acoo = zim
ssr = gze pay
sss acoq acoo acop = yvi
sst acop acoo = kwi
ssu = jfl mfj (ara exs)
ssv = rst
ssw acop acoo = yne zoa ulw (uwh sad)
ssx = iuf
ssy acoo acop = glh kbb (abxs sne)
ssz acoo acop = rgc dcu ptk
sta acoo acop = oiq nxb zaj
stb acoo = ytz (org ooo)
stc = tvm feg nsa clx
std acop acoq acoo = abvw
ste acoo acop = rey vfv
stf acoo acop acoq = jmr
stg acop acoo acoq = sam
sth acoo = kvi vem
sti acoq acoo acop = vrm
stj acoo = jd
stk acoq acop acoo = qzm mjh
stl acoq acop acoo = yvf zzz
stm acop acoo acoq = uux fin
stn acoo = ggm
sto acoo = ecg
stp = sao
stq acoo = xmq coy iqj
str acop acoo acoq = fy zki ciz
sts acoo acop acoq = zb
stt acop acoo acoq = acir
stu acoo = wm wtj
stv acoo = rod blw
stw acoq acoo acop = aeh
stx acoq acoo acop = qvw
sty acoo = rwl
stz acop acoo acoq = alj
sua acoo = pej hpl
sub acoo = lis
suc = efk xbb nz
sud = lab ugh
sue acoo = dbu
suf = dko aann
sug acoo acop acoq = qar
suh acoq acoo acop = kgk xov pym ffd
sui = fqz jrr nbt lfy tqf
suj = dmd
suk acoq acoo acop = spn
sul acoo = acco mfi
sum = rui
sun acoo acoq acop = hdj ezz
suo acoo = gxm gxz
sup acoo acop acoq = abn tkv
suq = aabp umu bol
sur = iml
sus = bkc
sut acoo acop = nsu
suu acoo acop = rhk
suv acoo acop = fto zhb
suw = aani bko
sux acop acoo = dre
suy acoo acop = tcq
suz acop acoo = bft fea muf lix
sva = zod
svb acoo acop = lfw
svc = grd bob
svd acoo acoq acop = hug pw iib fvm
sve acoo acoq acop = qag
svf acoq acop acoo = ajt
svg acoo acop = xun
svh = dkt
svi acop acoq acoo = xnb qvg
svj acoo = zzj eje cot wgx
svk acop acoo acoq = ovl
svl acoo = vyh
svm acop acoq acoo = aop
svn acoo = vpj
svo = kbv
svp acop acoo = imx
svq acoo = kwb
svr = rbc biw
svs acop acoo acoq = cpi
svt = whz
svu = uhm rhh
svv = xrv
svw acop acoo acoq = bie xqq
svx = lhc
svy acop acoo = nsk nmw
svz acoo acop = jyz abdc num pvm
swa = tr
swb = yam jsf cfr
swc acop acoq acoo = acfk
swd acop acoo acoq = guj
swe acoo acoq acop = abbd
swf = zel
swg acoo = sib
swh = mmn csi
swi = iex fdb
swj acoo acop = pka (bxx lpn pu)
swk acoo acop acoq = uop twl qzn
swl = bxs
swm acoo = dvs
swn acoo acop = dst
swo acoo acoq acop = mwh xxt rfx bdf
swp = wge
swq acoo = fif
swr = xqp
sws = exz
swt acoo = dja
swu acop acoo = xfp jit yva
swv acop acoo = bgv old ymp xxy
sww = wlk gst
swx acoo = nor
swy = lzk
swz acoo = htb
sxa acoo acop acoq = myk lga twt
sxb = vhj
sxc acoq acop acoo = fdp
sxd = iyy
sxe acoq acop acoo = lba kh abqd
sxf = xdp
sxg = jqe auk
sxh = gfl jhq
sxi = ylg oru jhs bbv
sxj acoo = syx
sxk acoo = mcs
sxl = mtf ihq
sxm acoo acop acoq = qvb nhu elw
sxn acop acoo = wnw
sxo acop acoo = uxx
sxp acoo acop = ixs zmx mth
sxq acop acoo = jfd
sxr acop acoo = gxk glw
sxs acoo acop = jbk zck
sxt acoo acoq acop = vcu
sxu acoo acoq acop = nhz imn qbs
sxv = hnp
sxw = mst
sxx = jzh irj cpq mmu aapo
sxy acop acoo acoq = utr
sxz acoo acop acoq = aarr
sya acoq acoo acop = ncy jag ipf
syb acoq acoo acop = aaoj
syc acoq acop acoo = yjx
syd acoo = kcz
sye acoo = abzm
syf acoo acop acoq = qqc
syg acoo acop = bdy
syh = oev qzv toh acin
syi acoo acop = nwe omd
syj acoo acop acoq = aagz ery
syk acop acoo = qao
syl acoo = vpv pdt od pgh
sym acoo acoq acop = yem
syn = fiq
syo acop acoo = azu xbp ecm
syp acoo = oof wmf xcm
syq = xai jro
syr acoo = iqf
sys acop acoo = lrn
syt = ndt
syu = gzz
syv acoo acop = pyn aadg vql
syw = cya kbj
syx = vgl cpv
syy acoo = mii wdn aaht
syz acop acoq acoo = ppz hmj abwf
sza = tet
szb = jbl qub wft
szc = dcb
szd acoo = kdq
sze acop acoo = rkl fsh pqv wej abdr
szf acoq acop acoo = gzt
szg acoo = hgf
szh acoq acoo acop = tbx ujs umq qit
szi acoo acop acoq = qmw
szj acoq acoo acop = pbr thf caa
szk acoo = xpo dbs hox jkn
szl = wyv skk dhn fvi uft
szm acop acoo = dug
szn acoo = fja ablm gnw rvn
szo = cbm
szp = ihh
szq acoo acop = yzc
szr = oir
szs acop acoo acoq = kax
szt = euw
szu acop acoo = fku pch zgj
szv acoq acop acoo = rvn
szw acoo = rrs
szx = khk
szy acoo acop = ano
szz acoo = ndk crn
taa = svj whb
tab acoo acop = mwx yum hgm tgo
tac acoo = cfj
tad acoo = hui sqq ivw
tae acoo acoq acop = acab fkd aaxy
taf acoo acop acoq = aazx
tag = tkx
tah acoo = xvd (qbn ua umv)
tai = nvf kjx ezo rkk efu
taj acoo = jhd
tak = xny
tal = tat iwt
tam acoo = aavo vqs qqy
tan acoq acoo acop = abwy rkh
tao acoq acoo acop = fan
tap acoo = cfr swt
taq acop acoo = rub abt acv
tar = fci
tas = aadi acnq bfs
tat acop acoo = sfq
tau acop acoq acoo = abov
tav acoo acop = xov
taw acop acoo = gnt rv gfd puj
tax acoo acop acoq = lxb
tay acoq acoo acop = lki
taz acop acoo acoq = nrp
tba acoo acop = oia zwu bei dxr
tbb = hxr
tbc acoo = xmo ova hjm
tbd acoo acop = jhg
tbe = yud
tbf acoo = kvu
tbg acoq acop acoo = et dyv (mhu krs)
tbh acoo = sac
tbi acoo = jho
tbj acop acoo acoq = rpk
tbk acop acoo = cun cfk kpr cpf
tbl acop acoo = ega
tbm acop acoq acoo = ihy
tbn acop acoo = acmm ok
tbo = vj abv
tbp = rja
tbq acoo = fol aann
tbr acoo acoq acop = gne
tbs acop acoo = iqu ta pjy cpp
tbt acoo = kfz jyy absv jad ygj
tbu acoo = iho
tbv = ffc
tbw acoo = vrl
tbx = cct wcc
tby acop acoo = tuz rkg
tbz acoo = acla
tca acoo = rxj
tcb acop acoo = zjk (bz abcs)
tcc acoo acop = jpz abnj
tcd acoo acoq acop = msx
tce = gwk
tcf = wci
tcg acoo = ihd
tch acoo acop = vui
tci acoo acoq acop = gtr
tcj = aay wea
tck acoo acop = ywc grd
tcl acoo = xdl
tcm acoo acop = dyd web fut xej
tcn acoo acop acoq = vys (zfq zba)
tco acoo = absn
tcp acop acoo = lxn aatp kal
tcq acoo = wq jl sji pll
tcr acoq acoo acop = did fgb
tcs acoo = acjk aaqt
tct acoq acop acoo = yik
tcu acoo = xbv kwq
tcv acop acoq acoo = rib gsr wsw kty
tcw acoo = eku mlj
tcx acop acoo = nhv abmn rxr
tcy = cnw une
tcz = jqz
tda acoo acop = fqw
tdb acoo = ohn
tdc = abxi stv ablm
tdd acoo acop = wna rdw
tde acop acoo = ibh bwd wuo
tdf = qmy cwv
tdg acoo = gay ayr gby meq
tdh acoo acop = llf uqy qhn gbw cas
tdi acoo = cbm mwt cyi
tdj = lck
tdk acoq acop acoo = ixa
tdl acoo = ujs
tdm acop acoo = wwz
tdn acoo = hzc
tdo acoo = vkj uba lol
tdp = inf vd abcb
tdq = nfw fnz
tdr acoo = aoh geq duw wwq
tds acoo acop acoq = igw
tdt acoo = zug tps
tdu acoo acoq acop = wpj
tdv = pss (qvq rjv)
tdw acop acoq acoo = nwe
tdx acop acoo = cco sit
tdy acoq acoo acop = lxc
tdz acoq acoo acop = xlg twe aaxh fy
tea = nxn
teb acoo = acok cpy
tec acoo acop = acmw
ted = hmk
tee acoo = lyn rgs cgt
tef acoo acop = bpu dzg hqa
teg = nps onj ffu acly zbp
teh = wpd eim hmh kbw qku
tei acoo = qmr
tej = uih
tek acoo = ajw (ixx wgc)
tel acoo = fnd (abje nnz jbj lut)
tem acoo = kwv abay aarr aye ddp
ten = ano yuw aux
teo = qey
tep acoo = ackv
teq acoq acoo acop = bnj
ter = uzt
tes acop acoo acoq = iyk
tet = cnd
teu = imr jga egq qny mfr
tev acop acoo acoq = tde efe
tew acoo = hgv
tex acop acoq acoo = abps erd fgk raa efv
tey acoo = roh iqb
tez acoo = apv sea (aclz znj nfu)
tfa acoo = uui
tfb acoq acoo acop = unm umj
tfc = jsa lzb
tfd acoo = llz
tfe = ybx
tff acoo acop acoq = acfo nzh irm zyz
tfg acop acoo = abcp (qge dbz bjp)
tfh acoo acop = vdf exe yin
tfi = gia bzl
tfj acop acoo = onl wjo
tfk = oxw
tfl acop acoo = rnx wzw
tfm acoo acoq acop = lb uiu
tfn acoo = abgk
tfo acoq acop acoo = gvd
tfp acoo = abnq
tfq acoq acop acoo = aatu aaej
tfr acoo acop = emg
tfs acoo = gcl
tft acoo acoq acop = kh
tfu acop acoo = tda wup zbp
tfv acoo acop = aaix
tfw acoo acop = whm
tfx acoo acop = mgk zju iya
tfy = a
tfz acop acoo acoq = tok wno
tga acoo acop = lnl ryz
tgb acoo = mzw fkj
tgc acoo acop = szx
tgd acop acoo = aafr
tge acoq acoo acop = vma jro acq nnb snn
tgf acoo acop = zqy qka
tgg acoo acop = swi
tgh acoq acop acoo = uh
tgi acoo = xca avl aapn
tgj acoo = wum
tgk = riy
tgl acoo = kgl vij
tgm acoo acoq acop = vkh ldn
tgn acoo acoq acop = kus
tgo acop acoq acoo = ama feh
tgp acoo = ajy frs (ntw xqk)
tgq = mmt
tgr acoo acop acoq = eui
tgs acoo acop = udx
tgt = abkn
tgu acop acoo = grs
tgv acoo = lpo yfj
tgw acop acoo acoq = xl
tgx acoq acop acoo = aayx
tgy acop acoo = rua mor oot
tgz acoq acoo acop = iov
tha acoo acop = gte
thb acop acoo acoq = tap rwk
thc acop acoo acoq = tyv
thd acoo acop acoq = abar twk ewp
the = pba
thf acoo acoq acop = siu
thg acoo acoq acop = abpc pbb aakb xqi
thh acoq acoo acop = vbi (nwb pak)
thi acoo = frq apl
thj acop acoq acoo = etv
thk acoo = abkj sfo mxv
thl acoq acop acoo = kad mm
thm acop acoo = wid
thn acoo = daq
tho acoo = mhh
thp acop acoo = vgr
thq acoo = szc oga zfy
thr acoo = vlu
ths acoo acop = ebk (tgr rsl)
tht acoo acop = oqb pvw fuh
thu acoo acoq acop = ilu
thv acoo acop = ncd
thw acoo acop = fjs
thx acoo = fsf
thy acoo acop acoq = xyi
thz = pvj tgn yrn qjl ecl
tia acop acoo = hod bgv qpb
tib = ool
tic = pe gaf xtw aaig
tid acop acoq acoo = htv
tie acoo = ikg
tif acoo acop = hjz stc jfl
tig acop acoq acoo = fzg dic nrt
tih acoo = ohd iux
tii acoo = xyq
tij acop acoo acoq = qtm
tik acop acoq acoo = gxp vku klo aacf
til acoo = liy
tim acoo acop = ptn
tin = uvx
tio acoq acoo acop = oid dei tbb
tip acoo acop = jrf abcy
tiq = jkt ied
tir acoo acop = bfr oqf
tis acoo acop = ayp
tit acoq acop acoo = efg (raa bjk) eud
tiu = mfd zz
tiv = ats
tiw acoo = zkj qkb jyx
tix = qbe
tiy acoo = alw
tiz = hce
tja = abkq bok vbo
tjb acop acoo = idz
tjc acop acoo acoq = nfc
tjd acoo acop = urs hun acjh
tje acoo acop = rul
tjf acoo acop = po
tjg acoq acoo acop = exf
tjh acop acoo = tjk mzz vpk uf dr
tji = ady
tjj acoo = yfx
tjk = xie
tjl acoo = llk apc
tjm acop acoo acoq = lrv
tjn acoo acop acoq = efh
tjo = vff tde fwi wls
tjp acoo = imd
tjq acoo = pbb
tjr acop acoo = kbo
tjs acop acoo = bjz
tjt acoo = qlw qkk
tju acoo acop acoq = mtt
tjv = abaz vbp omq oje
tjw acop acoo acoq = zoc tlb
tjx acoo = gmu
tjy acoo = wom
tjz = aayd
tka acoo = yes
tkb acoq acop acoo = aapn kjn abke
tkc acoo = eub hth nnb
tkd acoq acoo acop = mzh
tke acop acoq acoo = ijg wnq
tkf acoo = wjb aagq wlp
tkg acoo = xdc osv axg tfu
tkh acop acoo = xpp
tki acoo = xch odn
tkj acoo = hgq
tkk acoo acop = jey
tkl acoo = jxw
tkm = xut
tkn acoo acop acoq = nwc efn gig xgn sgb
tko = dme nu yhd
tkp acoo = qhd qip
tkq = pce
tkr = ch
tks = xem
tkt acoo acop acoq = uq
tku acop acoo = isv lvf
tkv acoo = gqi lnm dhy
tkw = yoj vpk jyh ple cxb
tkx acoo = imi
tky = bmk
tkz acoo = mpd kzh
tla = uzs
tlb acoo = aamk
tlc acop acoo = xuf oca vtu
tld acoo = ihg iwb
tle acop acoo = dxb
tlf acoq acop acoo = fue
tlg acop acoq acoo = nhv
tlh acoo acoq acop = jkw
tli acoo = yzb
tlj acop acoo acoq = yug
tlk acoo = pkn kbd
tll acoo = abuf
tlm = qnt
tln acoo = qer
tlo acoo acop = gdk oqf
tlp acop acoo acoq = ikq rve
tlq acop acoo = xra rw fxo
tlr acop acoo acoq = lqd
tls acop acoo acoq = jgs abss
tlt acoo = lnn ucl (erq yyd)
tlu = acol odl biv
tlv acoo = bfo
tlw = bkt uiu rua yvp ta
tlx = wdv
tly acoq acoo acop = sby
tlz acoo = oeo
tma acoo = sjo
tmb acoo = xli hyu
tmc = qdu dqk gop jfa
tmd = zrv dnn
tme = ovw vnf
tmf acop acoo = vtj
tmg acop acoq acoo = pb
tmh acoo = ekv
tmi acoo = jmm fyp
tmj = jqk
tmk acoo = ewy
tml = yfz
tmm acoo = lvv abwi ppx win fxd
tmn = fol
tmo = fyz wcm ecw
tmp acop acoq acoo = mkq bxq
tmq acoo = ano
tmr acoo acoq acop = qnc
tms acop acoo acoq = fgj
tmt acop acoq acoo = ldv hf ffv zoa dga
tmu acoo = jme (ztl svw)
tmv acop acoo = mgy
tmw acoo acop = dsu tgp
tmx acoo = off
tmy acoo = kxm
tmz = qqz haf xmx
tna acoo acop acoq = ean
tnb acop acoo = tct
tnc acop acoo = rdj sep sik
tnd = qqp avh bqr
tne acoo acop acoq = taa
tnf acoo = oyu
tng acoo = cez
tnh acoo = ysm tth clz qpi
tni acoo = uxa xnt vgk usi sqw
tnj acoo = qyv hzp acdk
tnk = xtk hvx
tnl acoq acop acoo = ptz
tnm acoq acop acoo = vjd
tnn acop acoo = bkx fvj cim
tno acop acoo = aajh (tfk jos)
tnp acoo = ktx ji
tnq = lce l fct
tnr acoo acoq acop = mbl ejq dtb
tns acoo acoq acop = mih
tnt = vmp tes
tnu acoo = ewd
tnv = slf bui eos igk
tnw acop acoo = bme
tnx acoo acoq acop = aqx
tny acoo = abmg
tnz acop acoo = kih
toa acoo = aaff
tob = jbo
toc acoq acoo acop = wlv
tod acoo acop = nto
toe acoo = mfp upm viw
tof acoq acop acoo = mai
tog = veb
toh = dgl
toi = yvv abqv fea
toj = sdo accj aaib
tok acoo acop = jxl aoo
tol acoo acoq acop = rrd
tom acoo = wbv
ton = jmq
too acoo acop = vhx
top acoo = jdp lqk jgk
toq acoo = sje kvo
tor acoo = ifi
tos acoo = cyn nck suo
tot acop acoo = ngh oyp
tou acop acoo acoq = yey uzi
tov acoo acop acoq = wja lzw ixj ygt zqz
tow acoo acoq acop = kcf xwa
tox acoo acop acoq = mwx
toy acoo acop acoq = npm jve auv ztc
toz acoo = biq ada
tpa acop acoo = abtl
tpb acop acoo = lrz
tpc acoo acop = zpz
tpd = tho bjc msh
tpe = wqz
tpf acop acoo = wyz kau
tpg acoo = aey kps
tph acoq acop acoo = peb
tpi acoo acop acoq = kep
tpj acoo = moz
tpk acop acoo = aajg qaw
tpl acop acoq acoo = xcf zpt ere
tpm = jlj
tpn acoo = llf mkf abdt
tpo acoo = spd ftk
tpp acoo = blt
tpq acoo = jxo
tpr acop acoo = tbp qih
tps = uhu (jdf xwv gx)
tpt acoo acop = com
tpu acoo acop acoq = ius yxh clt csv
tpv = hsu ykb
tpw acoo = ruc ftf vaj
tpx acoo = xqp aacz
tpy acoo = qdz
tpz acoo acop = ka
tqa acop acoo = qqx
tqb acoo = gor
tqc = uad
tqd = ret
tqe acoo = mux abbo znq
tqf acop acoo = eyj
tqg = frx lph ghx alq
tqh acoo = nwm nmk
tqi acoo acop = jtq
tqj acoo = sib
tqk = fhn hci pa
tql acoo acop = hlk (zhg ybf)
tqm acoo = cgl
tqn acop acoq acoo = szv tqg icu vy mmx
tqo acoo acop = jpf
tqp acoo = imy jrn loz upg
tqq = lmq esw
tqr acoo acoq acop = aaue
tqs acoo acop = dlf ika
tqt acoo acop = zbk ziq ilw
tqu acoo = xwx wlu
tqv = aaxn
tqw acoq acoo acop = ppw
tqx acop acoo = gjo
tqy acoo acop = cdw
tqz = xjw
tra acoq acop acoo = trz
trb acoo acop acoq = acng uok
trc = hrs
trd acoo acoq acop = vou
tre = uck
trf acop acoo acoq = acms lwt ghn
trg acop acoo = vjq
trh acoo = rvh lwk
tri acoo = rpl
trj acoo = zbn
trk acoo = dcz
trl acoo acop = oyc ean abax
trm acoo acop = lgq rzz myd
trn acop acoo = pkq
tro = fea (gbq aasi cq)
trp = vyj
trq acoo acop = zxa
trr acoo = ngy aafl rxb
trs = jml xnk
trt acoo = ldn
tru = kwt bzn
trv = hmm
trw = dbf (tvf oyn)
trx = tpr abdc abkm
try = yyi
trz acoo acoq acop = kxs
tsa acoo = zcb cdf (nln nfa)
tsb acoo = hnb (rdn nua)
tsc acop acoq acoo = qce gql kzd
tsd acoo acop = kos
tse = oyf irr
tsf acop acoo = slj cj (pzp acid axf)
tsg acop acoo acoq = acmx
tsh acoo acop = aani acbu zca
tsi acop acoo = tjf ggm pmn
tsj acop acoo = ora gzb
tsk acoo acop acoq = lxb imu xgr
tsl acop acoo = pqo kby
tsm acoq acoo acop = pgp
tsn acoo acop = jso
tso = ril nlv
tsp = kae yvq vjm inh aazh
tsq acoo acop acoq = rmt jrr ypo
tsr = zfm
tss acoo = bwg
tst acop acoo acoq = absp
tsu acoo = nkd
tsv acoo acop = kog awy umn rsy
tsw acop acoq acoo = mni jja srr xut aaih
tsx = gyt lyp
tsy acoo = bet
tsz acoq acoo acop = yss
tta = nhv
ttb acoo = rgb abaz
ttc acoo = yob
ttd acoo acop acoq = kra
tte acoo = qeu
ttf acoo = qxj ufh
ttg acoo = wyf
tth acoo = yle bkc
tti acoo = dge
ttj = arx lbh
ttk acoo = ypl
ttl = aasc
ttm acoo = epd ha rpv
ttn acoo acop = fhz
tto acoo = xyo oql ozm ebp hhr
ttp = iou sxm axp yoq
ttq = fmv rou scp
ttr = qwf
tts acoo acop = uo
ttt acoo = de
ttu acoo acop = qws
ttv acoo = ubm rwq nzi hq
ttw = yvu
ttx acop acoo = ggx nt
tty = pxt
ttz acop acoo acoq = gjd
tua acoo = fif vuq (grh mdp)
tub acoo = zep
tuc acoq acop acoo = qne
tud acoo acop acoq = kdj
tue = mlf uou
tuf acoo acop acoq = hii rog ztu
tug acop acoo = wip
tuh = dhq odu
tui = aaez usw oad
tuj = odn
tuk acoo = tlb nmg (en ibr tur)
tul acoo = exo abxd gyq
tum = mev
tun = sxi dsb
tuo acoo acop = aaqu
tup acop acoo acoq = lxd ihu eos
tuq acop acoo acoq = afw giu
tur acoo = ubk
tus acoq acoo acop = vld ruu
tut acop acoo = mcd
tuu acop acoo acoq = wvw
tuv acoq acop acoo = lsu pyi abex
tuw = wkj ghf
tux acop acoq acoo = tak xbr lty eja aha
tuy acoo = thj ar
tuz acoo = pwu
tva acop acoo = erz
tvb acoo acop = dom
tvc acop acoo = acen
tvd acop acoo acoq = jhr
tve acoo = xds ujc njy
tvf = lag
tvg = npk
tvh acoo = cxk
tvi acop acoo = bhk abak
tvj acoo acop = pzy
tvk = ajl mgc gju mqj
tvl acop acoo = acdv doz rdm wal
tvm acop acoo = glo
tvn acoo = mop
tvo acoq acop acoo = tqq
tvp = aaai
tvq acoo = cwb xli
tvr acoq acoo acop = wcj yes
tvs acoo = jyw
tvt acoo acop = spe mnf
tvu acoo = oyj
tvv acoo acop = tzt szk
tvw acoo acop acoq = sb vrp
tvx = trq
tvy = zom
tvz = scr
twa acop acoo = esi dlx ul
twb acoo = ppo iqk acjx ivn
twc acop acoq acoo = ooe xjc vts
twd acop acoo acoq = fpp
twe = vyo
twf acoq acop acoo = aboj
twg acoo acop acoq = yry
twh acoo = jy twb
twi acoo = mh
twj acop acoo = zvf
twk acop acoo = jrz
twl acoo acop = qne
twm acoo acop = ia nmb xxc abfj
twn acoo acop acoq = lyo
two acoo acop acoq = xfw hgl pwk
twp acoo = jvf
twq acoo acoq acop = iwq
twr = och
tws acoq acoo acop = ojm vlm
twt acop acoo = aatu
twu acop acoq acoo = pfn
twv acop acoo = gym abjf
tww = xqw rql
twx = wns cqb
twy acoo = ctq
twz = puw
txa acoo acop = qiv abuy tla
txb acoo acop acoq = cfy
txc acoo = mmp
txd acoo acop acoq = mzi hnf
txe acoo acop = plj hnu daz
txf acoo = abni
txg = rik xnx ilj xdm
txh acoo acop acoq = tan
txi acop acoo = qod rbi
txj acoo = py xms
txk = ncd abny
txl = ogc dkj
txm = ehz
txn = bfc
txo acop acoo = ogu
txp acoo = aafr ackx
txq = utl kru hke
txr acoo acop = oxe
txs acoo = mez msm rny uhl
txt acoq acop acoo = nhr
txu acoo = frh
txv acoo = str abjd
txw acoo = ojn ijl
txx acoo = smd
txy acoo acop = xxz
txz acop acoo = xjz
tya = gqu rdg
tyb acoo acop = aaw
tyc acop acoo = fej ook
tyd acop acoo = abkh
tye acop acoo = aow
tyf acoo acop = dci
tyg acoo = jyh
tyh acoo acop = tgn mea
tyi acop acoo acoq = pyo hvx aen
tyj = hsx
tyk acop acoo = agb npz puw mlp
tyl acoo = qwl ipm
tym acoo acop acoq = abyd
tyn acoo acoq acop = esh
tyo acop acoo = aags
typ acop acoq acoo = rsd aafr qds irh
tyq acoo = yer
tyr acoo acoq acop = cfo qgj kaq dtg
tys acop acoo = mrl acja
tyt = dan yhj
tyu = dqi
tyv acoo acoq acop = cvn yfc aoy kjy
tyw acoo = mvf
tyx acoo = pco
tyy acop acoo = prv tyn ucn gap
tyz acoo acoq acop = lnh
tza acoo acop = zkg
tzb acop acoq acoo = ypd
tzc acoo acoq acop = qg
tzd = abam udb ouu otl
tze acop acoq acoo = lnx uaw qtk
tzf = xyy
tzg acoo acop = ggf myu
tzh acoo = acmw jzn clj
tzi acoo = odz
tzj acoq acoo acop = uqt nvl
tzk acoo = nvn vch jah qoh jkg
tzl acoo acoq acop = ndy
tzm = zel eb sxi cdt
tzn acoq acop acoo = htw
tzo acoo = zix
tzp acop acoo = ahx
tzq acoo acoq acop = kn uhh clb
tzr = dwk
tzs acop acoo = iit
tzt acop acoq acoo = dzn
tzu = clh pbm mmc
tzv acop acoo = aaqt
tzw acoo = fdq
tzx acoo = rof gbd tlc xeg
tzy = jky
tzz = gyu
uaa = aff
uab acoo acoq acop = pet
uac = aua
uad = afo shf gmq
uae acoo = ail
uaf acoo acop = qnh euv
uag acoo = n hgr vhx abzb zrd
uah = yhd qvu sbx
uai = tll
uaj acop acoo = hjm
uak acop acoo = rsh
ual acoo = acff dgs
uam acop acoo = iqa
uan acoo acop = mk (rck vrz)
uao = bke
uap = neu tyz osb
uaq acoo acop = yjc
uar = kvz eit qah rzw
uas acoo acop = lui
uat = lrt iyu
uau acoo acop = pqt
uav acoo acoq acop = dbm
uaw acoo acop = nwr
uax acop acoo = hff
uay acop acoq acoo = ghd ulc
uaz acoo acop acoq = sgv
uba = mvq
ubb acop acoo = skg
ubc acoo = tsn
ubd acoq acop acoo = neu szq
ube acoo = sgh qbm
ubf acoo acoq acop = abrj
ubg acoo = mlk
ubh acop acoq acoo = dfj
ubi acoo acop = aatz
ubj acop acoo = gdz wjv zxr tzo
ubk acoo acop = eds pda
ubl acop acoo = fd
ubm acoo acop acoq = jwx
ubn = xvr
ubo acoo = dia
ubp acoo = reh waa tlp
ubq acoo = gmc fvv wxb
ubr = beh cee
ubs acoo acop = obz aawc acoo snt
ubt = gsw cju dhc rhp gcy
ubu = uxo rhn
ubv acop acoo = gna
ubw acoq acop acoo = tlx
ubx acop acoo = ynq
uby acoo = jon abiw yjn
ubz acoq acoo acop = qot
uca acoo acop = izm zcb dyl npt
ucb acoo = fnv
ucc acoq acop acoo = xic
ucd acop acoo = ilt fac hmj
uce = aasb rlr
ucf acoo acop acoq = rox
ucg acop acoo = fbf vvu ly
uch acoo acop = abex
uci acop acoq acoo = fuw pdv ocf
ucj acoo = feg
uck acoo acop acoq = aox dkj uow feo gso
ucl acop acoq acoo = sdx vkx
ucm acoo acoq acop = prj
ucn acop acoo = abpq zkq
uco acop acoo = lbz ulx ood gia
ucp acop acoq acoo = vie
ucq = ezo
ucr acoo = vnz
ucs acoo acop = bgv
uct acoo acop acoq = acop
ucu = sye lnh
ucv acoo = upm
ucw acop acoo = zty
ucx acoo = llr xrs int
ucy acoo acop = kyr
ucz = dfx (abxi hsc)
uda acop acoo acoq = pad
udb acoo = bfn ltw ybh
udc acoo = acjl hfb
udd acoq acoo acop = bme
ude acoo = jpn
udf acoo = mlm hzp egh txu
udg acoq acoo acop = avz qdy
udh acoo = oux ist
udi acoo acoq acop = uzf
udj acoo = upx nio
udk acoo acop = mht ynh mkj jrk
udl acoo = aalm
udm = aclc
udn acoq acoo acop = djh
udo acop acoo acoq = fbc pfz
udp acoo acoq acop = jkr byc
udq acoo acop acoq = vno
udr acoo = gtl jnb dya moc
uds acoo = ffu
udt acoo acoq acop = oqu sze wmc
udu acop acoo = bcc hem jyt aclr
udv acoo = tjc
udw acop acoo acoq = cmx go abfg hgr
udx acoo = haw
udy = pe
udz acop acoo = gka lat iet wtb
uea acoo acop = vvk
ueb acop acoo = fik
uec acop acoo = gox
ued acoo acoq acop = emq abvi jdb
uee acoq acoo acop = hsh
uef acoo = gfh bkq
ueg acoo = shv zrj sws
ueh acoo acop acoq = psd acjp hw
uei acoo = urh enc
uej = szu
uek = nuh ujm
uel = zoi krs tvt kmo
uem acoo acop = gwf gun
uen acoo = spu
ueo = csw anm pyf
uep acoo acop acoq = rus acoq
ueq = med eec
uer = myx
ues acop acoo = tuv
uet acop acoq acoo = abgv
ueu acoo acoq acop = lqm gly mmh
uev = oui kbe
uew acoo = csx akb nfp
uex acop acoo = gzr cpq cxj unk
uey acoo acoq acop = coq
uez acoo = sua
ufa acoo = zpi acmd
ufb acoo = ema
ufc acoo = wqp
ufd = rif muw gbx
ufe = wyc
uff = qvf abiy
ufg acoo acop = vmy
ufh acoo = ysm qfv ktu
ufi acoo acop = abjo sna znh cjb
ufj = abus kll acoj vck xhl
ufk = rnd aaxt yxl
ufl = ztp bvo
ufm acop acoo = aabt abet rfm wel
ufn acoo = pha mwh
ufo acoo acop acoq = abey
ufp acoo = dbe abup
ufq acoo acop = uso jbu twv
ufr acoo = unx dpb
ufs acoo = own
uft acop acoo = aon mdz
ufu acoo = krm
ufv acoo = xal
ufw acop acoo = uwg aatm
ufx = glr
ufy acop acoo acoq = dzc
ufz acoo = fsc oty
uga acoo acoq acop = mqc
ugb acoo = grk
ugc acoo = tcu gvj
ugd = kkt abqa
uge acop acoo = xgb qcs
ugf acoo = tns
ugg acoo acop acoq = ieu
ugh = ycm aaao
ugi acoo acop acoq = ilr aamq
ugj acoq acoo acop = pnu
ugk = zlu
ugl acop acoo acoq = jmq aati
ugm acoq acoo acop = slp
ugn acop acoo = dhn
ugo = joh
ugp acoo acoq acop = ozq ioi gih
ugq acoo acop = eex
ugr = duk yps
ugs acoo = rs
ugt acop acoq acoo = wbz qet
ugu acoo = aws
ugv acop acoo = wex pla tuy
ugw acoo = zey dkk
ugx acoo acop = djg
ugy acoo acop = nfa
ugz acoq acop acoo = rji
uha acoo = huh rfh yxw ups
uhb acop acoo = qyh
uhc acop acoq acoo = wav cgb av
uhd acop acoo = nfq vqe wwh hon
uhe acop acoq acoo = gkp
uhf acoo acop acoq = seq
uhg acoo acop acoq = mrr aanf
uhh acoo = ivq ujc kxj
uhi acoq acop acoo = lpo
uhj acoo acoq acop = gva
uhk acop acoq acoo = wpf
uhl acoo = lyp iue qgm
uhm acoo = umb
uhn acop acoo = xtr
uho acoo acop = rmm
uhp acoo = cix
uhq acop acoo = sju dcb aaaz pnf
uhr acop acoo acoq = qs bxq jfx
uhs acop acoo = ahf
uht = xoa gqy
uhu acop acoo = aaeq mnl
uhv acoo acoq acop = lxz (kqg rux)
uhw = sgr dlo
uhx acoo acop acoq = zcp wns dei
uhy = jqw iva pgj xpy
uhz acoo = kix
uia acop acoo = ani xew ztu
uib acop acoq acoo = ix mwr cdu nfh
uic acoq acoo acop = ibt
uid = qrq
uie acoo acop = acnv ecb zpx ryp gun
uif acoo acop = xel adz
uig acoo acop acoq = abgr fer woa
uih acoo = zp
uii acoo = sfb osu ejt
uij acoo acoq acop = vim yx
uik acoo = fpz
uil acop acoo = sdf
uim acoq acoo acop = hzw
uin = qck ezg
uio = qce smx
uip = nms hko gkf
uiq acoo = vud
uir acop acoo = lds
uis acop acoo = toj iku
uit acoo acoq acop = ede
uiu acoo = bgm ulb vlf
uiv = cmy
uiw acoo acoq acop = ybs
uix acop acoo acoq = tzz
uiy acoo = qfp nhl ackw fds
uiz acoo acop = bot
uja acop acoo = dbu
ujb acoq acop acoo = jtr upw
ujc acoq acop acoo = sal ajw
ujd acoo = aawv bck aev
uje = mfz
ujf acoo acop = tjd gcj xhu
ujg acoo acop = att
ujh = pkv
uji acoo acoq acop = lfm
ujj = yw
ujk acoo acop acoq = kxi
ujl acoo = cbe
ujm acoo = wmz
ujn acoo = qzf
ujo acop acoo = skz ikj
ujp acop acoo acoq = tek
ujq acoo acop = tsk
ujr acoo acop acoq = mzk
ujs acoo acop = ikh
ujt acoo = buz hrk
uju acoo acop acoq = gfn
ujv acop acoq acoo = lxy emu ydj
ujw = xvf tzd gla
ujx acoo acop acoq = yau and mal qqk
ujy acoo = kct nio syt
ujz acop acoo = hgr
uka acop acoo = yht wdm gvz
ukb acop acoo acoq = wdp
ukc acoq acoo acop = eun
ukd acoo = bcc (jmd mkq)
uke acop acoo = jot
ukf acop acoq acoo = pjd
ukg = g
ukh acop acoo acoq = eev gtd lvj soo
uki acoo acop acoq = pcd
ukj acoq acoo acop = fkk nnf
ukk acoo = gmx
ukl = xgr
ukm acop acoo acoq = tlr
ukn acoo acop acoq = jri
uko acoo acop = pvl tdd
ukp acop acoo = cog pai sxy uif
ukq acop acoo acoq = eni bje
ukr acoo = bdv
uks = ksx juw
ukt acop acoo = okw (xmu uwb ufr)
uku acoq acoo acop = yrt
ukv = acnm
ukw acoo = mdy
ukx = oli
uky acoo acop acoq = wcv
ukz = qji jji kvo eah
ula acoo acoq acop = eph
ulb = vyl bnb ipl ymg
ulc = aakw nsf
uld acoo acoq acop = cn xxm
ule acoo = rhn
ulf acop acoo acoq = fgy
ulg acoq acop acoo = aceh
ulh acoo = ify
uli acoo = yxo dco
ulj acoo = xce jkv zsk
ulk = hq
ull = vvu
ulm acoo = bwf plx fyq zrb
uln acoo acop = ghv nse
ulo = oe
ulp acoo acop = abdz
ulq = tvs
ulr acoo = acmz
uls acoo = fge
ult acoo = irr
ulu = bmk jmb
ulv acop acoo = col sqz xzh
ulw = fuq
ulx = zip
uly acop acoo = jdi
ulz acoo = kxd ekt
uma = osj mic abvh
umb acoo acop = tek
umc acop acoo acoq = ewt
umd acoo acop = hgs ebz
ume acoo = zrw
umf = lcy qou ijl zlm
umg acoo = opo jgp alj acie nrq
umh acoo = ats
umi acoo = bpg acdp
umj = raa
umk acoo acoq acop = abxz
uml acoq acop acoo = abmv
umm acop acoo acoq = hqh
umn acoo acop acoq = sbw
umo acoo = ohx
ump acoo acop = nxn
umq acoo acoq acop = hep
umr acop acoq acoo = acas aaef ibx
ums acop acoo = ffx
umt acoo = rcd
umu acoo = qaz yte
umv acop acoq acoo = cbi qyb
umw = fbp
umx acop acoq acoo = ril
umy = rjw
umz = tjx
una = wzj
unb = uyn
unc acoo = eyd
und acoo acop = xpq cjg
une acoq acoo acop = fbh kvf mxq aok sra
unf acop acoo = aakm ofy
ung acoq acop acoo = fga ycc
unh acop acoo = bex hqv
uni acoq acoo acop = cmn jio
unj acop acoo = anr
unk acoo = kzf
unl acoo acop acoq = sqg
unm acop acoo acoq = mhe
unn acop acoo = btj
uno acoo = hap
unp = vdf
unq acoo acop acoq = ogy eiz nho
unr acoo = uka
uns = abrc iaj kko
unt acoq acop acoo = zji
unu acop acoo acoq = oqv abfp
unv acoo = sck
unw acoq acop acoo = uvl svj hkm dhk
unx acoo acoq acop = dm
uny = vsg
unz = omr
uoa acoq acoo acop = dpt emr
uob acoo = tfp atr lnf bot
uoc acop acoo = ojm
uod acoo acop = mxq
uoe acoo acop = ck
uof acop acoo = vto
uog acoo = kbc
uoh = kux qzc tly ngo
uoi acoo acoq acop = itt
uoj acoq acop acoo = ki yaq irx (jqb vlr)
uok acoo acop = zpf sj arl
uol acop acoo = abbv vtq yjr sfk vdq
uom = rij psk
uon = siq npg
uoo acop acoq acoo = kle
uop acop acoo = nol
uoq acop acoo = acet anw
uor acoq acoo acop = emq
uos acop acoo = egs yrz
uot acoq acop acoo = ajt
uou acop acoo = pic
uov acoo = zyw eol
uow = opf isk nrj pjv
uox acoq acop acoo = dsi smc abte
uoy acoo = fvm
uoz = zyk
upa acoo = vjc
upb acoo acoq acop = sph njx rof dvj
upc acoq acop acoo = fcx ablf qoj
upd acop acoo = pkc
upe acoo = orc
upf acoo = ccs mht
upg = wdu
uph acoo = qax nxk vqz
upi acoo acop = zuh
upj = edb blo gof hvi uwg
upk acoo = iwx hfw ckw
upl acoo = pmj
upm acoo = sgi byj
upn = tho
upo acoo = blk
upp acoo acoq acop = cok vxu dud iho
upq acoo = gzg pea ofs gut onh
upr acoo = foc mxn
ups acoo acoq acop = fqb
upt acoo acop = evt
upu = wlx
upv = cnz
upw acoq acoo acop = fuv
upx acoq acop acoo = bii (jgs hnk yls)
upy = erc (aayl heh)
upz acoq acop acoo = azf
uqa acoq acoo acop = ks tpy
uqb = onc byu lgf eez
uqc acoo = elq
uqd acoo = ffh
uqe = aajq pyf hne
uqf acoo acoq acop = mtb gkc
uqg acop acoo = zgg mdz aabs kfd
uqh acoo = jbs din
uqi acoo = ctv aagw (aaax oba fvv)
uqj = jcp
uqk = pm
uql = udf
uqm acop acoo = rmg
uqn acoo acoq acop = bnr yau dih
uqo = emx sge
uqp = naf dvh
uqq = ns
uqr acoo = uri
uqs = bed aahn shx rh
uqt acoq acoo acop = aov
uqu = cno
uqv acoo = kly hhm nwe
uqw acoo = ewt
uqx acoo = ajh acad tkl
uqy acoo = ukr
uqz acoo = cad
ura = jro
urb acoo = cfc
urc acoo = gah loh
urd acop acoo = aavh mq rhp
ure acoq acoo acop = hla
urf acoo = tgc kzc ilz
urg acoo acop acoq = jnp egj mlv
urh acop acoq acoo = fko jgx lld wfs
uri acop acoo = abdt ryl
urj acoo = sgj
urk acoo = xuy
url acoo acop = jgw
urm acoo acop = shj
urn acoo acop acoq = ojd
uro acoo = ndn qqr kln
urp acop acoo acoq = daz zyz
urq acoq acoo acop = ypo rgz vhi
urr acoo = wed
urs acoo acoq acop = rlx
urt acoo acop acoq = bxq brq
uru = dem
urv acop acoo = lkv
urw acop acoq acoo = pfm oiw zbj
urx acoo acop = kvh
ury acoo acop acoq = hgt wee ex
urz acoq acop acoo = idr
usa acoo acop = lsi
usb acoo acop acoq = xos
usc = hem ygx ebd
usd acop acoo = abmh
use acop acoo = pdi
usf acoo = wcm doe hww
usg acoq acoo acop = ox ntq
ush = rgw
usi acoq acoo acop = bjv oeu
usj acoo acoq acop = rqr ueh oh
usk = jcn
usl acop acoo acoq = imz
usm acoo acoq acop = pfz bbf
usn acoo = ulg
uso = ejk qfy wnd
usp acoo acop = wzx
usq = acmv
usr = zfw
uss acoo = eua
ust acoq acop acoo = vro aip
usu acoo = pca
usv acoo acop acoq = afo giq
usw acoq acop acoo = kyd
usx acoo acop = aahb
usy acoo = rre wsq cxg hes
usz acoo = cbw (xtn grq vaw)
uta acoo acoq acop = air
utb = aber
utc acop acoq acoo = dyh pip abbc
utd acop acoo acoq = svm
ute acoo acop = zah
utf = yvm
utg acoo acop = ija
uth acoo acop = dmx kyv dsr
uti acoo acop = har
utj acoo = nka
utk = vfd thr adw qxv
utl acoo = zqw gpq exr
utm = rvj
utn = rfi
uto = hwp
utp acop acoo acoq = aahe
utq acop acoo = wqy
utr acoo acop = zry aya mgm
uts acoo = yjr wza
utt acoo acoq acop = ut
utu = xfb bfs bdk py
utv acoo = qxb gjl etz
utw acoo acoq acop = dai
utx acoo = mkd
uty acoo acop = lkp
utz acop acoq acoo = emb tek
uua acoo = mri
uub acop acoo = xci lpz
uuc = owu
uud acop acoo = ebq
uue acoo acoq acop = hai
uuf acoo acop = lce rjl ldp adb
uug = mry eja
uuh acoo = hom
uui acoq acop acoo = abjk ghi
uuj acop acoq acoo = bgd hgy rxs efb
uuk = zna
uul acop acoo = nez
uum acoq acoo acop = eov
uun acoq acop acoo = euy awu heg lop fkd
uuo acoo = xop
uup acoq acoo acop = sxk chh
uuq acoo = lit
uur acop acoo acoq = xza
uus acoo acop = roj
uut = agz pgx yck teb
uuu acoo acop = tmw ohn zpr
uuv acop acoo = ygy
uuw acoo = hpz sdo
uux acoo = kyu
uuy acoo acop = noj
uuz acoq acop acoo = acek
uva = pec jhr qmg
uvb acoo acop = zep
uvc = rrl cmv
uvd = frl hlw
uve acoo = ilf voo
uvf acoo = wqd kq vgr kbm
uvg acop acoo = aawi
uvh acoo = jzh
uvi acoo acop acoq = sur
uvj acoo acop = vjs
uvk acoo acop = lkq
uvl = pjb
uvm acoo = xcd
uvn = gcl
uvo acop acoo = abaj qky
uvp acoo acoq acop = vuq
uvq acoo = xqw
uvr acop acoq acoo = fzf
uvs acop acoo = aec
uvt acop acoo acoq = ugf
uvu = abrf uxc huo
uvv = aaui
uvw acop acoq acoo = eiq
uvx acoo = vtn
uvy = idh
uvz acop acoo = ivt
uwa acoo acop acoq = eew dhx
uwb acoo acop = qtc aaxj yox
uwc acoq acop acoo = zyf ifa vga
uwd acop acoo = dz
uwe acop acoo = hlf ylq abgs
uwf acop acoq acoo = aef pxk dlv aafh
uwg acoq acop acoo = otl oim
uwh acop acoo = acjm vyr
uwi = ylk
uwj = awi lqv yny
uwk = rwe
uwl acoo = jl pff
uwm acoo acop = yyj oxg
uwn = izv mxc
uwo acoq acop acoo = tdr zfw
uwp acoo = aox acjq hzi qid
uwq acoq acoo acop = mnd
uwr acoo = gae aau
uws acoo = eob kns gxm
uwt = uah nlr
uwu acoq acop acoo = voq rmb
uwv acoo acoq acop = kbi
uww acoo = sea wi
uwx acoo = wbi
uwy = rpj
uwz acop acoo = dso
uxa acoo acoq acop = aaax
uxb acop acoo acoq = abie
uxc acop acoq acoo = glx pa gy
uxd = zje mey
uxe acoo = abcv
uxf acoo = fku
uxg acop acoo = hm emr dyz
uxh acoo = abtm
uxi acop acoo acoq = jri aayd oer
uxj acop acoo acoq = vbv
uxk acoo = vwi
uxl acoq acop acoo = yin
uxm = tzl
uxn acoo = yji
uxo acoo = abwe
uxp acop acoo = cjg tfx qgb ahw
uxq = zva
uxr acoo = zkh xkc
uxs acoo acop acoq = bns zse
uxt acoo = zrp muj odn xju
uxu acop acoo acoq = izk
uxv acop acoo = ppi
uxw acoq acop acoo = tbp
uxx acoo = hvf enn
uxy acop acoq acoo = aazs
uxz acoo = xpb ave dey abdq
uya = pzu ks bfv
uyb = so
uyc acoo = abgz xaf mtu npk
uyd acop acoo = bpk
uye acop acoo = qxs dah
uyf acoo = cxm
uyg acoq acoo acop = wth
uyh = pqx
uyi acoo = ktt
uyj acoo = eex
uyk acoo = rfa uyy rba abot
uyl acoo = xoj vhk
uym acop acoo acoq = vok izf sdm wed
uyn acoo acoq acop = xrg
uyo = all
uyp acoo acop = sxy ijd
uyq acoo acop acoq = nip udr
uyr = ptf acev lfi bxf
uys acoo = zpx abqa
uyt acoo acoq acop = uqa
uyu acoo acop acoq = uvg
uyv = hjc
uyw = lol
uyx acoo = aaan
uyy acoo acop = zoi
uyz acoo = hjm mjt uon
uza acop acoo = acjk
uzb acoq acoo acop = vmf
uzc acoo = cwu
uzd = osd
uze = jqg
uzf = zfe
uzg acoo = zfm
uzh acoo = hkb
uzi acoo = ylt
uzj = rud vrj jbu qbh
uzk acoo = jbp
uzl acoo acop = huj
uzm acoq acop acoo = ynt
uzn = imo
uzo acoq acoo acop = smp (nsy jsl)
uzp acoo = utf
uzq acop acoq acoo = rfg
uzr acoo acop = ygq aql mjr wwq
uzs = zrg uyi
uzt acoo acop acoq = mkn
uzu = aayv
uzv acoo = mqe sbp
uzw = aasu acme
uzx acoo acop = fzg
uzy acop acoo = cll
uzz acop acoo = mvj jxd
vaa acoo acoq acop = abvb
vab = wbi mtf
vac acoo acop = aatn ifh
vad acoo acop = avq utt
vae acop acoo acoq = xhe
vaf acoo acop acoq = mn xgh urh
vag acoo = aakm
vah acoo = qum
vai acoo = jft
vaj acoo = aaar
vak acoo acop = fig dl
val acop acoo = gdk
vam = nft
van = eja isv (ozj met)
vao acoo acop = mmv
vap acop acoo = gga oe bxy
vaq = hbv yuu zj
var acoo = tgz (mzt nlq)
vas acop acoq acoo = dpc
vat = dqa
vau acoo = uwd
vav acoo acop = itj oox
vaw = lbu akz bba
vax acop acoo = rko
vay acoo = jcl
vaz acop acoo acoq = npv yte wjd gpk
vba acoq acoo acop = jba
vbb acoo = wgx ckv aamh
vbc acoo = klh lga sxz lnm
vbd acoo = kpk feh ndh
vbe acoo acop = fx
vbf = ypo gum kdm oam
vbg acoq acop acoo = uqt
vbh = abqh
vbi = acjl jto
vbj = acns
vbk acoo = ksp
vbl = bbf
vbm acoo acop = dku
vbn = nnq okv abdj
vbo = ckd ryr
vbp acop acoo acoq = qyh zys vav
vbq acoo = upr
vbr = ygr
vbs acoo = tqg
vbt = yot
vbu acop acoq acoo = uh achu
vbv acoo = pyg
vbw = fxm
vbx = ikc
vby acop acoo acoq = ggy bw crq
vbz = oaa eef qdg
vca acoo acop acoq = ufl
vcb = hu
vcc acoo acoq acop = xyy pcv qk
vcd = ack mqw
vce acop acoo = emx
vcf acop acoo = abog
vcg acoq acoo acop = fxq
vch = qez
vci = oww
vcj acoq acoo acop = aadd
vck = kqf
vcl acoo acoq acop = xbc
vcm acoo acop = able
vcn acop acoq acoo = kpx wap udh zsj
vco acoo acop = nlr hdv ovc
vcp acop acoo acoq = yto (hsi amv ywu)
vcq = yjc
vcr = ury hfz
vcs acoo = pcd
vct acop acoo = cxx
vcu = ait
vcv = dgj abuu
vcw acoo acop = xea
vcx acop acoq acoo = boa
vcy acoo acop = hce
vcz = acjk yhk swr
vda = ebu
vdb = oln (hxi nso)
vdc acoo = oje wfw
vdd = fpk
vde acoo acop = qer zlb bjd
vdf = pi
vdg acoq acop acoo = aagr
vdh acoo acop acoq = iat
vdi acop acoo acoq = vph (tzs pel)
vdj acoo acop = hsu qwb wtc
vdk acop acoo = ujh xly thw cds
vdl acoo acop = zct
vdm acop acoo = twb xi
vdn = dut kuw
vdo acoo acoq acop = mxl
vdp acoo = aayp
vdq acoo = egg (abfo ide)
vdr acop acoo = syq
vds = fvo ybo eus
vdt acoo = ljn
vdu acoo = zru miv
vdv acoo acop = kot
vdw acoo acop = csq mub
vdx acoq acop acoo = wlq
vdy acoo acop = wor rje tdd ackb
vdz = oyo tiq wem
vea acoq acop acoo = mci aant dwy ix
veb acoo = bq pbw
vec acoo = okp hpf
ved acoo acop = oec
vee = hrs vox elk sxo
vef acoo = gny fdv ofj
veg acoo acop = prf
veh acoo acop = zio
vei acop acoq acoo = egg
vej = wjd
vek acoo acop acoq = kau
vel acoo = ioo lad
vem acoo = zne coe
ven acop acoo = vet
veo acop acoo = lqr
vep = accy dmm
veq acoo acoq acop = ist yto
ver acoo = mtz
ves acop acoo acoq = vn fqp udk
vet acoo = idk
veu acoo = vet
vev acoo = smx nkh
vew = vvg cql
vex acoo = yqz vpn
vey acop acoo = tbi
vez = vkk
vfa acoo acoq acop = pzt
vfb acop acoo = lpx
vfc acoo = jks mwf nwr
vfd acop acoo acoq = wzc
vfe acoo = uxl
vff acoo = ors
vfg = ehl jqb
vfh acoq acop acoo = mkw lqz
vfi = zrn
vfj acop acoo acoq = xwp
vfk acop acoo = fef
vfl = avt abxh oqv
vfm acoo = fdm vml out
vfn acoo acoq acop = abvv
vfo = qgo
vfp acoo acop = ssg
vfq acop acoo = out
vfr acop acoq acoo = pbe
vfs acoo = abqd
vft = gzf
vfu acoq acop acoo = bvb
vfv acop acoo = lst uof xqa
vfw acoo = xym neo tav ocv
vfx acop acoo acoq = bzi
vfy = brt
vfz acoo = abvi grc
vga acop acoo = poc tbd jea
vgb acoq acop acoo = kzt iyo ovr
vgc acoo acoq acop = bci ceg tdr qxf alg
vgd acop acoo = dvp
vge acop acoq acoo = hfk
vgf acoo = yru
vgg = oak zby
vgh = zij
vgi = ske
vgj acop acoo = iit aahr
vgk acop acoq acoo = ywz qam kvq
vgl acoo = paj
vgm acoo = abaf
vgn acop acoq acoo = cns
vgo acoo = ikg
vgp acop acoo = vns sdt afq
vgq = tnb oxn zhb
vgr acop acoo = uwl
vgs acoo = yhs fge
vgt acoo = fnd
vgu acoo acoq acop = lrs
vgv acop acoo = abwr acgv uxk
vgw acoq acop acoo = jmi ylg
vgx = qkt
vgy acoo = ufn aclq xra vlh
vgz acoq acop acoo = cis
vha = npm abcx
vhb = klf ave
vhc acop acoo acoq = jwp
vhd = paj
vhe acoo acoq acop = nrr
vhf acoo acop = ueb ntr dke (iww gtn)
vhg acoo = iys olf
vhh acop acoo = zzu tua llb
vhi = bki
vhj acoo = rcg
vhk acop acoo = iyx
vhl acop acoo acoq = mkh
vhm acoo = hua
vhn acoo acoq acop = nkd
vho acoo = shc
vhp acop acoq acoo = uon rcn
vhq acoo = owk
vhr acoo acop = jwg daw dmc
vhs acoo acoq acop = qqq
vht acoo acop acoq = vy
vhu acoq acoo acop = qti
vhv = vzb
vhw acop acoo = dgh
vhx acoo acop = vws ulg aatb nht
vhy acoo = lgl que
vhz acoq acoo acop = gyk
via acop acoo = gvl
vib acoo acop = jbg aaac
vic = orz
vid = rfx (fbt wlj)
vie = ret
vif acoq acoo acop = ops djp xom
vig acoo acop = aagx
vih acop acoo = euz qtu pmi abcx
vii acoq acoo acop = aui
vij acop acoo acoq = oxc
vik = abvg
vil acoo acop = jii
vim acoo = nq
vin acoo = zwq dr
vio acop acoo = dqz
vip acop acoo = set
viq = tys
vir = lxa
vis acop acoo = goa
vit acoo = uqy
viu acop acoo = xyg
viv acoo = gjy
viw acoo = jqk
vix acoo = oba bfs sdi fvr vhf
viy acoo = vau feg ncm
viz acop acoo = qpi loe
vja acop acoo acoq = zlk
vjb acoo acop acoq = slg vy bbo
vjc acoq acoo acop = mhy jvg klj
vjd acop acoo = koe
vje acop acoq acoo = gkb
vjf acoo acop acoq = cnf ezu
vjg acoo = luc cyr
vjh acoo acop = gsx fkg plt vxe
vji acoo = gj brz vin
vjj acoq acop acoo = pzf
vjk acop acoq acoo = wnc iqg
vjl acoo acop = ssf
vjm acoo acop = acfc
vjn acoq acoo acop = owy jlp hrv bmv
vjo acoo acop acoq = seq
vjp acoo = omt gqf emu ezl izq
vjq acop acoo = uqa
vjr acop acoq acoo = kxf
vjs = zvd ceu
vjt = fuj cli xtn
vju = hsc mvd vkv dio
vjv acop acoo acoq = qfu
vjw acop acoo = cma fhh
vjx acoo acop = uvq nza odr cc
vjy = gpj ufh
vjz acoo acop = xpt
vka acoo = iti way
vkb acoo = abuc
vkc acoo acop acoq = sp
vkd acoo acoq acop = kvq jle bte
vke = xlu
vkf acoo = abym low
vkg acop acoo = ynk
vkh = tqw acgv
vki acoo = eqe vut pht
vkj acoo = ens
vkk acoo acop = bpm lvj
vkl acop acoq acoo = lcj
vkm acoo = vak abyo
vkn = zdt xmr qlm
vko acoo acop = hch tiw fug
vkp acoo acop = szg
vkq acoo acop = svv lxd
vkr = fwf
vks = oek jq
vkt acoo = rtd
vku acoo = nnh
vkv = zle lsz boj
vkw acoq acop acoo = awt
vkx acoq acop acoo = lma
vky acop acoo = pye
vkz acoo = ghy
vla = ofm
vlb acoq acoo acop = tlo
vlc acoo = rrk pvi obr
vld acoo acoq acop = hoh
vle acop acoo = axd
vlf acoo = qds
vlg acoo = xnq oui aair
vlh acoo acop = vao ozw
vli acoq acop acoo = tkf btc hqr
vlj acoo = ywl
vlk acoo = rbp ido
vll acoo = aaah ubm
vlm acoo acoq acop = itk
vln acoo = qnh qbl hnu
vlo acoo = jet
vlp acoo = fmd yca zqc vlv
vlq acoo = sqj cdv
vlr acoq acoo acop = dc
vls = mfr
vlt acop acoo = atl
vlu acop acoo = kra xbx
vlv = acko rap aafg
vlw acoq acoo acop = tu dnb
vlx acop acoo = acal
vly acoo = grw
vlz = jky
vma acoo = jqh
vmb acoo acop acoq = soc (aasi xfc)
vmc acoo = cxm
vmd acoo = zjj
vme acoo acop = myd tuw
vmf acoo = tfz
vmg = vsh
vmh acoo = rva
vmi acoo = exq tfz
vmj acoo acop = kun gof
vmk = ddv
vml acoo acop acoq = dnu
vmm acoo = gcj
vmn acoo acoq acop = ogv mdl aayy
vmo = vie imp
vmp acoo = lys
vmq acoo acop = htp (exk lc ymp)
vmr acoo acoq acop = lqb
vms acoo acop = rdx
vmt acoo acop = bil zzt
vmu = pbe (alw xbf)
vmv acoo = ehp mqr ixi
vmw acoo acoq acop = hhe
vmx acoo = zsd
vmy = ijh
vmz = tps
vna acop acoo = qso bww
vnb = gqx
vnc acoo acop = qcg sro lfs wko swx
vnd acop acoo acoq = mcw
vne acoq acop acoo = dai tkv kas
vnf acoo acop = uem
vng acoo = gvt zwk (ihi iku)
vnh acoq acop acoo = bhw igu guf mgq jya
vni acop acoo = aqx vxp ugz
vnj acoo acop = twf
vnk acoo = aaol
vnl acoo acop = ujc
vnm = nyw
vnn acoo = kok tob skr
vno = cxz (fzc tpg gjg eld)
vnp acoo = qso
vnq acop acoo acoq = xha kjm bdw
vnr acop acoq acoo = evn tax itq abne
vns acoo = fhd aajz
vnt acoo = abbc
vnu = qh lhj cxv dtu
vnv acoq acoo acop = dbk akj
vnw = njb olo
vnx acoo = sey
vny = dkd ccc awd ruf
vnz acoo acop acoq = uqb
voa acoo = ewe
vob = yrs
voc acoo acop acoq = ell awr
vod = rk
voe acoo acop acoq = lrf wgi
vof acop acoo = toy
vog acoo = abla zzl
voh acop acoo = ooe
voi acoo = mfh
voj = piy
vok acop acoo = hyo
vol acoo acop acoq = zhb rgj hpj
vom = agv
von acoq acop acoo = ehm
voo acoo = unb
vop acoo acop = voa mh rgy
voq acop acoo = tae
vor acop acoo = geg jr agy dsz
vos acop acoo = aso cqr aamj ivk cop
vot = mqm kzc
vou acoo = ceg hal lqm sfr
vov acoo acop = kuj ogy
vow acoo acoq acop = xai
vox = vns
voy = lku
voz acoo acop = sko
vpa acoo acop acoq = hek ele
vpb = mmf hhc
vpc acoo = gro
vpd = pvv pre
vpe acop acoq acoo = ojd oeo axr
vpf = ghn
vpg = dha
vph acop acoo = acfq
vpi = mac
vpj = yjy
vpk acoo = abok
vpl acoq acop acoo = eqe
vpm acoo = znq
vpn acoo = acev accy zou
vpo acop acoo = agq
vpp acoo acoq acop = qqf
vpq = sdc jzj
vpr acoq acoo acop = rce
vps acop acoo acoq = tjq
vpt acoo acop acoq = kom oul
vpu acoo acop = rzn
vpv = absq abbt uiu tlp
vpw acoq acoo acop = dtp grf qmd vqc
vpx acop acoo = zwn
vpy acoo acop = xqp huq aru tje tpv
vpz = zbw xam iah
vqa acop acoq acoo = ulj
vqb = pkl uxh
vqc acoo acoq acop = ftr
vqd acoo acop = bms ozf pzq
vqe = bha vlu yjl fxv
vqf acoo = azj acnt
vqg = dre
vqh = dqn
vqi acoo = fqt qjq
vqj acop acoo = abvw aus eub gak
vqk = zkv abdw
vql = yhc mpv
vqm acoo acop = ima dph
vqn acoo = ccg
vqo acoo acop = kdu
vqp acop acoo = gy vck aanh kbb ycj
vqq = gge
vqr acoo = qeu
vqs = iil
vqt acoo = abiu
vqu acoo = pri
vqv = kva jly
vqw acop acoo = dik
vqx acoo acop = vsn hbk qmy
vqy acoq acop acoo = swn
vqz = gly
vra = xou
vrb = acfk vjw
vrc acop acoo = hop
vrd = pn
vre = mqo vcy
vrf acoq acop acoo = fxo kya xrt
vrg acop acoq acoo = jxv
vrh = xkd mdz fer
vri acoo acop = vin
vrj acoo acoq acop = mhz
vrk acoo acoq acop = achk
vrl acoo acoq acop = zsv
vrm acoo = akf
vrn acoo acoq acop = jsu mtv
vro acoq acop acoo = bve
vrp = fiq
vrq acoo = xob jls alf
vrr acoo = kxf
vrs = abaw aafd
vrt acoq acop acoo = bhz
vru = vnx abfl
vrv acoo acop acoq = ize cpl
vrw acoq acop acoo = efo
vrx acop acoo = gyt
vry acoo acop = wkf
vrz acoq acop acoo = mpt
vsa acoq acop acoo = vb
vsb acoo = zqi
vsc acoo acop acoq = ijd nsm gws gkn
vsd acoq acop acoo = oyz abpo jhw vjo
vse acoo = wjb
vsf acop acoo = zbl acab
vsg acoq acop acoo = imr
vsh acoo = obu psp fng exs
vsi acop acoo = vli
vsj acoo acoq acop = uyz vkh uem ruq
vsk acoo = ung
vsl acoo = tps
vsm acoo = bvp
vsn = bpb
vso acoo = sp
vsp acop acoo = hht sjm dvb
vsq acoq acoo acop = snp dzz
vsr = xam czd
vss acoo = aauo hnn
vst acop acoq acoo = oij veu
vsu acop acoo acoq = qzg
vsv = bol
vsw = ajb ckg pfv jqb nyu
vsx acop acoo = lve kcq
vsy acoo = zru qrw
vsz acoo acop = oth sho lv oqn uo
vta = aavg
vtb acop acoq acoo = lnx seh
vtc = bew
vtd = gli kfs taj kkw
vte = qvn
vtf = eia
vtg = gsr ueu
vth acoq acop acoo = gos og fkr ackj cci
vti acoo = xsc abze
vtj acoo acop = vd
vtk = mwo rvt etp (bhy dyq)
vtl acoq acoo acop = ccd rmf fl hib bv
vtm acoo acoq acop = vgr
vtn acoo acop acoq = zyv cmp sgz
vto acop acoq acoo = prw vxb fzu
vtp acoo acoq acop = eti suh
vtq acop acoo = xvl
vtr acop acoo = btk
vts = qti
vtt = zrr aamp
vtu acoo acop = nmz ux abco egh
vtv acoo = aov
vtw acoo = nac vtu
vtx acoo = idj aaei vou pom hnc
vty acoo = nje
vtz = aazj
vua acoo = abaw yoj
vub acoq acop acoo = fyb lin jd onk
vuc = ctj
vud acoo = fkk xwy
vue acop acoq acoo = udf gnh
vuf acoo = feo acii
vug acoo = hre
vuh acoo = jla aaxk ikj kbh
vui = leh
vuj acop acoo = abmr
vuk acoo = kus
vul acoq acoo acop = abvs
vum acoo acop = qfw
vun acoo = eqi
vuo acop acoo = ole (lbe wj) yfm
vup acoo = opu
vuq acoo = dlw
vur acop acoo = alm ktl nph qpi
vus acop acoq acoo = dej iky duh
vut acop acoo = nym acr
vuu = ljo
vuv = kle sbi fxu axa lsa
vuw acoq acop acoo = kcc xsi
vux acop acoo acoq = mjo
vuy acoo acop = geu
vuz = eaq dvr
vva = usp
vvb acoo acoq acop = ay
vvc acoo acop = ate
vvd acop acoo = fgd abyo ncs
vve = qqj nvq
vvf acoo acop acoq = mlv hlw
vvg acop acoo = sdh
vvh acoo = qrm woe
vvi acoo acop acoq = scq nxp
vvj acoo acop = ajn
vvk acop acoq acoo = sis
vvl = ypc
vvm acoo = gxd
vvn acoo = zvb
vvo acoo acop = ndb
vvp acoo acop acoq = pcs xbj
vvq acoq acop acoo = uci
vvr = tqd aajs
vvs = acbd
vvt acoo acop acoq = rul
vvu = tdb abhb (jxg kxt)
vvv acoo = llf gvd idt
vvw acoo acoq acop = xwb
vvx acop acoo = pza
vvy acoo acop = yyh naq wau
vvz acoo = fvl
vwa = abyc (kkn sxe)
vwb acop acoo = xeq
vwc = vxc
vwd acoo acop = flt xpn eaq jth
vwe acoo acop = acln
vwf acoo = abcy ju
vwg acoo acop = omr
vwh acoo acop = sgi
vwi acoo = nsi
vwj acop acoo acoq = gos
vwk = avm
vwl acoo = fbt gck
vwm acoo = iie cvo
vwn acop acoo = gbs
vwo acoo acop = unm iuk
vwp acoo = achb jms kjv
vwq acoo acop = yyb
vwr acop acoo = hph eco
vws acoq acop acoo = abxi
vwt acoo acop = jsw aakc eej
vwu = vgj
vwv = pmh
vww acoo = sty dh
vwx acoo = ofy qgk
vwy acoq acop acoo = nev
vwz acoo = vmh
vxa acoo = qgo
vxb acoo = xve
vxc acoo = pjz
vxd acop acoq acoo = nuq pxq
vxe = lwn
vxf acoo acop = dfk
vxg acoo = ieu
vxh acoq acoo acop = pgb zjw sfg wnd
vxi acop acoo acoq = aauc tgi
vxj acop acoo = acas kde
vxk acoo = mmc (kns sez)
vxl = jg
vxm acoo acoq acop = ygm
vxn acoo acop acoq = vsl
vxo acop acoo = frm
vxp acoo acop acoq = yny tgp
vxq acoo = xce
vxr acop acoo = gdh gyn bqh txd
vxs acoo acop = irn leu
vxt acop acoo acoq = ugo jgz tiu sgf mbj
vxu = abyz abz
vxv acop acoo = fto
vxw acoo = eba
vxx acop acoo = zbi u
vxy acoq acop acoo = yhd
vxz acop acoq acoo = cjh
vya acoo acop = pvr ios fnz
vyb acoo = jqh
vyc acoo = ibw
vyd = acof kuj abft
vye acoo acop acoq = iqp
vyf acoo acop acoq = lim kmf aiy pie
vyg acoo = yhe twv
vyh acoo = gve
vyi acoo acop = jqo dsa
vyj acoo = ycw
vyk acoo acop = aky
vyl acoo = aamt
vym acoq acop acoo = wdu
vyn acoo acoq acop = vdj
vyo acoo = mja gye
vyp = abel
vyq = wme vex xyc otm qnf
vyr acoo = tcn lui fmb
vys = rvx
vyt acop acoo acoq = qoo
vyu acoo = zwl
vyv acoq acoo acop = aaea
vyw acoo = aqv
vyx acoo = bzo
vyy acop acoo = aate
vyz acoo = tlr owa abpk
vza acoo = abes
vzb acoo = tbl
vzc = qvw
vzd acoq acoo acop = acbd
vze acoo acoq acop = gfy
vzf acop acoo = ryb lzm
vzg acoo acop = lti yqk
vzh acoo acoq acop = xjx
vzi acop acoq acoo = eaf
vzj acoo = dd (epo vod)
vzk acoo acop = dsh bbd vbv
vzl acoo = qev
vzm acoo acop acoq = dmk
vzn acop acoo acoq = zwz
vzo acoo acop acoq = wgs lbq yry pgp arp
vzp acoo acop acoq = guw
vzq acoq acoo acop = iyi oac svk
vzr acoo = xab
vzs acop acoo = pkj tv
vzt acoo = qvr
vzu = mff
vzv acop acoo acoq = aqv
vzw acoo acop = mmi
vzx = gpq
vzy acoo = rja mxs (wqw nko ojd)
vzz acoq acop acoo = dsd
waa acoo = xfu aabj fq
wab acoo = yvd ulc
wac acoo = edu hzn abtk nsp
wad acoo = wko cba czc
wae acoo acop = iej
waf acoo = loo
wag acoo = ume
wah acop acoo = puf doa
wai acoo = jyk
waj acoo = wnb
wak acoo acoq acop = whv waz
wal acop acoo = bsy
wam acop acoo = fia
wan acoo = kik
wao = rtl inc qwz iok
wap = umv gvi
waq acoo = abpe
war acoo = jql uij hyz fmp
was acop acoo = mis sza
wat acoo = ktj ovp ssj
wau acop acoq acoo = akw
wav acoo = vqi ngd mun
waw acoo = rdr vwm ruf
wax acoo acop = ctj npc waz jqa
way = xwp
waz acoo acop = mkt
wba acoo = kcl uny
wbb acop acoo = znt
wbc acoo = xp acex wqb yri
wbd acoo = cfz
wbe acoo = aarv sta roz
wbf acoo acop acoq = pab nqe
wbg acoo acop acoq = vtd
wbh acoo = iyd
wbi acop acoq acoo = tgu mwa
wbj acoo acop acoq = hls jqf
wbk acoo acop acoq = xfl
wbl acoo acoq acop = vd wtc gca
wbm acoo = ny psb
wbn acoo acop = tls
wbo acop acoo = wgp caw
wbp acoo = dpr
wbq acoo acop = ohu
wbr acoo acoq acop = lpw
wbs = bta
wbt acoo = yww sjd
wbu acoo = iph jgy
wbv acoq acoo acop = zfv gjw
wbw acop acoq acoo = abzz acna
wbx acop acoo = mbl
wby = qpe qcf utl (wjv abof)
wbz acop acoo = glt
wca acop acoo = enl abcx (mva abos)
wcb acoo acop = kjs
wcc acoo acop = ook
wcd acoo acop = wzq ef
wce acoo = haj
wcf acoo = arg nwf
wcg acoo = ruq
wch acoo = qmi aab pav cbm
wci acoo = wdv
wcj acoo = uxo
wck = nkb
wcl acoq acop acoo = nee qtm
wcm = nfq
wcn acop acoo acoq = wvb rae sxy
wco acoo acoq acop = cty
wcp = txc uig tqz
wcq = ivl
wcr = nja
wcs acoo acop acoq = vjk
wct = zbj
wcu acoo = afm
wcv acop acoq acoo = hbk aapo
wcw acoq acoo acop = zeb cdy
wcx acoo = dzq
wcy acoo acop acoq = bhq
wcz acop acoo = ie sdo
wda acoo acop = cbt tgb veh iql
wdb acop acoo = aqm
wdc = kkt gni
wdd acoo acop acoq = bgg
wde acoo = vdz hqu
wdf acop acoq acoo = fgq cmi
wdg = yim
wdh acoo = ivq
wdi acoo acop = wdc mpm
wdj = jtb
wdk acop acoo acoq = mzj fra
wdl acoo = cun gag iou
wdm acoo acop = khh (trk rcd kjs)
wdn acop acoo = vie hqd bvb rdj
wdo acoo = xwe hh
wdp acoo acop = oyv
wdq = mme kac ksw
wdr = kkc
wds acoo = aatc rfl wsf skq
wdt acop acoo = gnp
wdu acoo = ri rvj (tya abni) aaxd
wdv acop acoo = xxf
wdw = eux
wdx = tvv inq
wdy acop acoo = tdq
wdz acoq acop acoo = fxe
wea acoo = ndm (ckd pil)
web = non avu sjc aaj
wec acop acoo acoq = nx ksh fdl
wed acoo = syv nkh keo akq hrx
wee acoo = rvo
wef acop acoo = hsp (muk vpl czi hgx)
weg acop acoo acoq = ado
weh acoo acop = mcy
wei = aqo vqx
wej acoo = fmc
wek acoo = cca ree gzw dy
wel acop acoo = kwg ske ozf
wem acop acoq acoo = aazp rpa
wen acoo acop acoq = uif
weo acoo = efk lhv (gpl ubp)
wep = ggh
weq acoo acop = bwj
wer = fsz
wes acoq acop acoo = tis
wet acoo acop = tik tai
weu acoo acop acoq = oqf
wev acoo = mju vbz
wew = bxd
wex acoo acop = wxj
wey = aams kqv
wez = nsw
wfa = ablc
wfb = cte hv
wfc acoo acop = whp agv
wfd acoq acop acoo = zzl
wfe acoo = bgb
wff = ztt uzf
wfg acop acoo = gsq
wfh = bsb abhs nrw
wfi acoo acop acoq = cfy
wfj acoo = oqq ydy gzh nhe
wfk = txw
wfl acop acoo acoq = ivr
wfm = fsv lia
wfn acoo = ybx pbt yqt gzs
wfo acoo = jhv mwr
wfp = hzn vfi
wfq acoo = lsb
wfr acoo acoq acop = jve
wfs acop acoo = hge
wft acoo = lbi
wfu acoo acop = fgd hlp ono
wfv = jjj
wfw acoo = aauq
wfx acoq acop acoo = wol luq
wfy acoo = bbf lti so zqz
wfz = cpw
wga acoo = exn
wgb acoq acoo acop = yze ipe lks cvn
wgc acoo = fwl
wgd acoq acoo acop = agy
wge acoo = xve
wgf acoo acop = uc oza brz acax
wgg acoo acop = hjd
wgh acoo = acmm iio
wgi acoo acoq acop = fzp sju
wgj acoo = sgx
wgk acop acoo = wch
wgl acop acoq acoo = ler
wgm acoo acoq acop = jf vwq
wgn acoq acop acoo = abze jss oqc
wgo = lvj zwt
wgp acop acoo = ajf
wgq acoo acop = bhp cht mf
wgr acoo acop = iyj
wgs acoo = ytg
wgt acoo acop = bxk ted
wgu acop acoo = vns jx
wgv acoq acoo acop = cyd
wgw = ajj qwk ald
wgx = jwd gxi
wgy acoo = abir
wgz acoo = abdk ejp lgd akx
wha = cni
whb acop acoo = fly
whc acoo = nnx lum
whd acoo acop = acft dxc
whe = nvl
whf acop acoq acoo = cqf
whg acoo = tfh
whh = edb
whi acoo = eyo
whj acoo = ush aajg pya tcq
whk acoo acop = abnq
whl acop acoo = abha
whm acoo = nds lul ngp hyc
whn acop acoo = avg
who = aal
whp = iaz
whq = acas
whr = kxn psn
whs acop acoo = vtl qyp
wht acoo acop = esb won aqt qrz emq
whu = plu
whv acoq acop acoo = gjo aapd
whw acop acoo = nfz (vfu dwd ekw)
whx acoo = xi con xxp jdh bld
why acop acoo = yox xna oia
whz acoo = cpc
wia acop acoo = kps jdi zef
wib = nte
wic acoo acop = zqt
wid acoo = nvv
wie = brn
wif acoo = vgw
wig acop acoo acoq = ras
wih acoo = qet
wii acoo acoq acop = wyb
wij acop acoo = cyo
wik acoo = dnc
wil = zvd
wim = iby fzs hqx
win acoo acop = cxl xvm gg
wio acoo = apy
wip = fqx uhy
wiq acoo = opa
wir = aavf hlf yyi
wis acoo acoq acop = hik bbk
wit acoo = rnh
wiu acoo acoq acop = lve
wiv acop acoo = zrh
wiw acop acoo acoq = uum ftp xhx nmr
wix acoo acop = mqs abd
wiy = abst
wiz acop acoo = lau vwd ggx
wja = qln mmf
wjb acoo = lrp cmx kvn
wjc acoo = zyu acc aid
wjd acoq acoo acop = jbd wor
wje = xbx
wjf acoo acop = uoh
wjg acop acoo = aacq lun (rjg gvv)
wjh acoo = mun yuh
wji acoo = cmu
wjj acop acoo = gns hka abxr
wjk acoo = pht isn
wjl acop acoo = gmu ppk abxd nda
wjm acoo = stv
wjn acoq acoo acop = yag
wjo acoo = gpg
wjp acoo = qke ofs
wjq acop acoo = abk
wjr acop acoq acoo = ghw
wjs acoo = yar
wjt acoo = acdj nfa
wju = cre drv tbl enm
wjv acoo acop = fsl
wjw acoo acoq acop = hgy
wjx acop acoo = kvz
wjy acop acoo = nwd zgj abos
wjz acoq acoo acop = cxl
wka = zzp yzt xry
wkb acoq acop acoo = mr aaky uoo
wkc acoo = pqm
wkd acoo = myz
wke = url
wkf = etx rgw
wkg acoo = bbo
wkh acoo = owk aaiz skf
wki acoo = rmz
wkj acoo acoq acop = jru yfn uxt
wkk = rk
wkl acoo = xxb gbp
wkm = evh
wkn acop acoq acoo = fcu
wko acop acoo = dyv
wkp acoo = cdt
wkq acoo = aab zmn vsw
wkr acoo = pma vbm
wks acoq acop acoo = mrs
wkt = xfa swx acon eoq
wku acoo acop = pzy mhy
wkv acoo = aabq lq
wkw acoo acoq acop = fjo
wkx acop acoo = grl
wky acoo = yro vjn dlq
wkz acoo acop = wlb emi atf
wla acoq acop acoo = cfs pwd
wlb acoo = xco rak acmx
wlc acoo = nio lkb jsm ptm
wld acoo acop acoq = naq aajm fob
wle acoo acop = ean
wlf acop acoo acoq = jal lyi
wlg acop acoo acoq = htl
wlh acoo = nny
wli = fpq
wlj acoo acop acoq = pip kam nbx
wlk = lrj yiz xyd wgn iwg
wll acoo acop = dof
wlm acoo acoq acop = xiy
wln acop acoo = xmj
wlo acoo acop = nvo lp
wlp acoo = ybr
wlq acoq acoo acop = kvt vca nop jiz
wlr = xls fkh aask aim
wls acop acoo acoq = hck nxf vxu xen
wlt acop acoo = mog yuc
wlu acop acoq acoo = hqe whi ptx
wlv acop acoq acoo = vie
wlw acoo = xmp
wlx acoo = smc
wly = oe
wlz = zju
wma acop acoo = zrr
wmb acoo acop = wfn
wmc acop acoq acoo = fqp
wmd = vky
wme = egw
wmf acoo = gmj pwa acoo apb
wmg acop acoo = iao wsw pbm
wmh = xny yuc
wmi acop acoo acoq = bgs mvx qcr zay
wmj acoo acop = cbd xuz
wmk acoo = niq iqw
wml acop acoq acoo = otc
wmm acoo = xna
wmn acop acoo = thr gbs
wmo acoo = mvs
wmp acoo = vls
wmq acop acoo = egn
wmr = koa
wms acoo acop acoq = fxb
wmt acoo = odc
wmu = zcw
wmv acop acoq acoo = sgl jzb ttq
wmw acoo acoq acop = aage afl
wmx = psi
wmy = duc
wmz = dpx
wna acop acoo = dcd
wnb = uuh cxd dja
wnc acop acoq acoo = abha
wnd acoo acop = isr bfd
wne acoq acoo acop = teh
wnf acoo acop = qur xml
wng acop acoo = nw twn
wnh acoo = aanw
wni acoo = aet fea iv fru
wnj acop acoo = zwk
wnk acop acoo = erd
wnl = rgk
wnm = edr cvv
wnn acoo acop = gek dui
wno = omv
wnp = bls awc
wnq acop acoq acoo = achu
wnr acoo acop = hao
wns acoo = vcz
wnt = byn
wnu acoo = fm
wnv acoo acop = tdo
wnw acoo = hfw dfw cnd drs hik
wnx = oka accd gix kpx
wny acop acoo acoq = odb
wnz acoo acop = xwc (zat hmu)
woa acoo = dpb hqs
wob acop acoo = abov ocs ryg
woc acoo = aarv twy
wod acoo acop = mzi
woe acoq acoo acop = ufx (jlk mxd xzn ykz)
wof acoo acop acoq = kws cbv tbe
wog acop acoo = trr
woh acoo acop = hgo dj
woi = zxb
woj acoo = wiu
wok acoo acop = uql kaz
wol acop acoo acoq = acmb
wom = uxw sys pok wzy
won acoo acop = frf xbq tqo qxx
woo acoo = enc (voo gdq qeo)
wop acop acoo = txu
woq acop acoo = cgn
wor = cod (hct qol)
wos acop acoo = sdi
wot acoo acop acoq = svy
wou acoo acop = abik bcg hca wfd
wov = bzt
wow acoq acoo acop = khp
wox = umh dwf syd mie
woy = aapn soq who acbu rig
woz acop acoq acoo = eng uvd ofv aml
wpa acoo acop = pai pzg (xpt zlk dzp)
wpb = dqm
wpc acoo = uqa pth abq
wpd acoo = gmb
wpe = orr plk zsf
wpf acop acoo = esv oye xwt
wpg acoo acop = kiq sxm
wph = kdb
wpi acoo = rpq
wpj acoq acop acoo = emw bcx bdv
wpk acoo = abmk
wpl acoq acoo acop = dsb dme acgn
wpm acoo = tqw
wpn acoo = naq
wpo = vwu aasf
wpp = dul
wpq acop acoq acoo = aop
wpr acop acoo = kiy
wps acoo acop = ndp
wpt acoo acoq acop = ilk dnc pf
wpu acop acoo acoq = tdb
wpv acoo acop = xnq nys vfk
wpw acoo acop = amd
wpx = vnh rpp
wpy acoo acop = zri
wpz acop acoo = qpm
wqa acoo = sep mge
wqb = lpp
wqc acoq acop acoo = xby bum
wqd acoo = ffh
wqe acoq acop acoo = brs hzn
wqf acop acoo = apr
wqg acoo acop = qrj
wqh acoo = tis
wqi acoo = zcg xwf anc mz
wqj = wcc xzk aaua
wqk acop acoo = zlu
wql acop acoo = rzc vox (fei bdw)
wqm acoo = uat kye bpw
wqn acoo = mob ffo qfx
wqo acoq acop acoo = rbo
wqp acoo = mjh
wqq acop acoo = kmj
wqr acop acoo = lmt
wqs acoo acop = cwh
wqt = nen
wqu acoo = tcc pdp abze scm cii
wqv acop acoo = gfd
wqw acoq acop acoo = pkp ety
wqx = aazo
wqy acoo acop = jge hc mtr
wqz acoo = fhg
wra acoo acop = cco wyu
wrb acop acoo = acc
wrc = dxf you
wrd acoo acop acoq = acop
wre acoo = pwt
wrf = hem
wrg acoo = lmy whx
wrh acop acoq acoo = ild wyt en ntl
wri acoq acop acoo = exv
wrj acop acoo = zwx
wrk acoo = zva
wrl acoq acoo acop = nrp
wrm acoo acoq acop = sny
wrn acop acoo acoq = dgi
wro acoo acoq acop = ahv hty
wrp acoo = qpy aa
wrq acoo = gup
wrr = ann
wrs = dlo rnf lzv
wrt acop acoo = xbe
wru acoo acop = nsk
wrv acop acoo acoq = kew ubl
wrw acop acoo = huk abti
wrx = irn
wry = zil
wrz acoo acoq acop = iwi
wsa acoo = abzv
wsb = abmu aajx
wsc acoo acop = jrs
wsd acoo = llq
wse = ume
wsf acoo = qnk
wsg acoo acoq acop = aaqj xez
wsh = lmg bxy bpm
wsi acoq acop acoo = abzj
wsj acoo acop acoq = buf
wsk = eox bcr ixe
wsl = kis
wsm acoq acoo acop = wmd
wsn acoq acop acoo = byb
wso acop acoo = ioc njn
wsp = zc hwe abtw
wsq acoo = pvp
wsr acop acoo = teb esg
wss = cdq gru eti
wst acoo = cdr
wsu = jlm
wsv acop acoo acoq = uev
wsw acoo = abzo
wsx acop acoo = gcs
wsy acoo = ktp avq oeh xko tjc
wsz acop acoq acoo = qpn
wta acop acoo acoq = ohh
wtb acoo = ieb
wtc acop acoo = lyq jic
wtd acoo = nsb
wte acoq acoo acop = xjl kzb
wtf acoo = dsl
wtg = dnw zvn
wth = lec gqa aaub
wti = qwe eop aatw mb ccx
wtj acoo = fow
wtk acop acoo = mdd ogm mxt
wtl acoo = aqb zhz
wtm = wob
wtn acop acoo acoq = sco
wto acoo acop = unh vc
wtp acoo acop = jtr znv uui smo
wtq = qct
wtr acoo acop = uyr ndr
wts acop acoo = ule omf cxc
wtt acop acoq acoo = sip
wtu acoo = bvt
wtv acop acoo = yzi
wtw acop acoo acoq = fhi
wtx acoo = xgt jfz xza
wty = neq
wtz acoq acoo acop = cgx
wua acop acoo = txo mnq
wub acop acoo = yno
wuc acoq acoo acop = cmt
wud = nmh hhl
wue = rwj
wuf acoo acop = cze
wug acop acoo = vph
wuh acoo acop acoq = qca
wui acoq acoo acop = mdf
wuj acoo = aru
wuk acoo = okj nxn lcb aadj
wul acoo acop acoq = vkr whw
wum acoo acop = sam nmp
wun acoo = mvj aoi qgp ngg
wuo = nrd nsw oxf
wup acop acoo = yuw
wuq acoo = zh yq toi
wur acoo = abjo vxk
wus acoo acop = zvq
wut acop acoq acoo = kqk wf
wuu acoo acop acoq = siq
wuv acoo acop = pgl qwn
wuw = bwi sov
wux acoo = amo igv sgw gtx
wuy acoo = tnf
wuz acoo acop acoq = kep ils
wva acoq acoo acop = lgq
wvb acoo = nmr
wvc acop acoo acoq = ilq
wvd = lzb
wve = pdb
wvf acop acoo = sy
wvg = cjw
wvh = ivo bav tev bco
wvi acoo = szb
wvj acop acoo = ynj qjb
wvk acoo = bqz
wvl acoo acop acoq = plc
wvm acoo acoq acop = tav
wvn acoo = ae dcw bhq
wvo = hac
wvp acoo acoq acop = ru pij glf
wvq acoo = yis
wvr acoo = nbr
wvs acoo = mdq
wvt = abca
wvu = abcq
wvv acop acoq acoo = nlr qdg
wvw acoo = mz nxc cef lhl
wvx = zby
wvy acoq acoo acop = pth
wvz acoq acoo acop = nce
wwa acoo = hpa
wwb acoo acoq acop = pew jyx qmb fo
wwc acop acoo = rmi ekn
wwd = vhr
wwe acoq acop acoo = swc
wwf = gsh lzl cf hwo
wwg acoo = fla
wwh acoo = fgb
wwi = aet tpb
wwj = son hsz
wwk acop acoq acoo = ljc yji
wwl acop acoo = cjf
wwm acoo acop = avm
wwn acop acoo acoq = mmq
wwo acop acoo = gyh
wwp acoo = ezp
wwq = pru
wwr acop acoq acoo = cba onf ktn ldz fb
wws = qhv rbu wcg
wwt acoo = ztc qus
wwu = zkm
wwv acop acoo = bpp vay pwm
www acoo = rcy njb zk zfd hgr
wwx = wqr (krw nko)
wwy = xpa ycx
wwz = jcl guj kje
wxa acoo acop acoq = wtd
wxb = cxk
wxc acoq acop acoo = naj
wxd acoo acop = abwe zkn hip bla
wxe acoq acop acoo = idu hql
wxf acoo acoq acop = vww
wxg acoo = jml wpt cdm aaqf
wxh = icb
wxi = rux
wxj acop acoo = xmz rdm wbk
wxk acop acoo = nsa fmf
wxl = voa brv dzw
wxm acoq acop acoo = ekp z
wxn acoo acop = fro saa wdi kcq
wxo acoo acop acoq = die
wxp acoo acop = eln tfk
wxq acoo acop acoq = mzs
wxr = gk apr zhc
wxs acop acoo = wwb
wxt = wcs
wxu acop acoo = qav
wxv acoo = rpg
wxw acop acoq acoo = tcm kbr vqa
wxx acop acoo acoq = eaz
wxy acoo = tne acoo pqe hqc
wxz acoo acop = cxk beg
wya = kkx
wyb = dnb
wyc acoo acop = rxy
wyd acoo acop = opy
wye acoo acoq acop = acfm iv rbg
wyf acoo = tge npe
wyg acoo = fvc ozl
wyh acoo = vjk
wyi acoo acop = ite lnx
wyj acop acoo acoq = yvo
wyk acop acoo = jhe iez jdr
wyl acoq acop acoo = ssq kcy lgx rsh
wym acop acoo = idt
wyn acoo = ujr zob
wyo acop acoq acoo = khi aaqx
wyp acoo acop = dyu aafs
wyq acop acoo = quy byh fkh
wyr = nhi
wys acoo = tjo
wyt acoo = yxx eiv
wyu acop acoq acoo = vnb
wyv acoo acop = qgh (rqw mfa) pnh
wyw = pxj gim abpf isl
wyx acoo = mjr
wyy acoo = ypz abhq cwm
wyz = jp
wza = cmn
wzb acop acoo = uyw dsq acea
wzc acoo acop acoq = fpe uxv ryc xsr
wzd acoo acop = cmm
wze acop acoo = vzt ykh
wzf acoq acoo acop = abes xrx vgq
wzg acop acoo = jzb
wzh acoo acoq acop = thq
wzi acop acoo = yrk
wzj acoo = rrq sru
wzk acoq acoo acop = vhy
wzl acoo = swo
wzm = oyb
wzn acoo = swc
wzo acop acoq acoo = bql
wzp acoo acop = cyh
wzq acop acoo = slz
wzr acoo = mjq
wzs acoo acop = htj
wzt = kqb
wzu acoo = tjy
wzv acop acoq acoo = rdh ngn uha gru
wzw acoo = hoj
wzx acoo = lsa sze
wzy acoq acoo acop = pde zyc lre
wzz acoo = ols yzb
xaa = uyi
xab = cbd
xac acoo acop = uin ips ewy
xad = wnj
xae acoo acop acoq = aclc
xaf = xyo ajm
xag acoo = ttt
xah acoq acop acoo = aly nho
xai = zmf gxt mgp
xaj acoo = abhb
xak = uzc
xal acop acoo acoq = nlt
xam acoo acop = lxc
xan = izs
xao acoo acop = bn arb fcn
xap acoq acop acoo = ydl yed
xaq acoo = xp
xar acoo = obc zhj
xas acoo acop = afi
xat acop acoo = qiu tff
xau acop acoq acoo = tlj
xav acop acoo acoq = aoq (abmi vzz)
xaw acoo acop = axd xry gss
xax acop acoo = aalc
xay acoo acop = dft
xaz acoo = nee sbp
xba = del
xbb = yvx
xbc acoo acop = vwj
xbd acoq acoo acop = kwq
xbe = kos
xbf acoo = oli ggr zno
xbg acop acoo = spv
xbh acop acoo = qrj
xbi acoo = czu
xbj acop acoo = bjh bmf
xbk acop acoo = ejg
xbl = umo aaha
xbm = mcm
xbn acoo acoq acop = aab efl
xbo acop acoo acoq = aq yue
xbp acoq acop acoo = roe jwi
xbq = nuv
xbr acoq acop acoo = iuc
xbs = uqi
xbt acop acoo = hqv
xbu acoo = ijl
xbv acop acoq acoo = iok
xbw acoo acop = aadc gsg hxx
xbx acoo = jdn acnf
xby acoo = som
xbz acop acoo = sjr
xca acoo = niy tq
xcb = yei
xcc = abtl
xcd acoo acop acoq = tcr
xce acoq acop acoo = bgw xqq
xcf acop acoo = cwd
xcg acoo acop = abxm zy flm
xch acop acoo acoq = aaku uti crg abvf
xci acoo = tcd
xcj acoo = pfv
xck = zrp rhv yai der bf
xcl acoo = lmr (tgm ooc) fku
xcm acoo acop acoq = ept
xcn acoo acop = iz
xco acoo = gnw
xcp = kib
xcq acoo = dmn bqf nld ane
xcr acoo acop acoq = vhq jkd abgi
xcs acoo = kbu
xct acoq acoo acop = xmv aazr
xcu acoo acop = avi
xcv = zgj
xcw acoo = rvk
xcx acoo = nvt qdm zfa rvl
xcy = upq
xcz acoo = dqs
xda acoo = zeb
xdb acoo = hhk
xdc acoo acoq acop = qld b iof
xdd acoo = ngt
xde = rsn
xdf acoo = bgn
xdg = kkv
xdh acoo = zkw
xdi = fcs
xdj acoo acoq acop = hax abgy tsj
xdk acoq acop acoo = aapm
xdl acoo = ecb njv
xdm acoo acop = wwm imm avv
xdn acoq acop acoo = dqq lre
xdo = csw (dmf ache) nuf
xdp acoo = tsb lu
xdq acoq acop acoo = mk (syt gow)
xdr acoo = ugw
xds acop acoo acoq = yru
xdt acoo acop acoq = jdt
xdu = eii
xdv acoo = yng bwq
xdw acoo acop = mjy
xdx acoo = fgu jcm pbk rwa
xdy acoo acop = lbm
xdz acop acoo acoq = lyf
xea acoo = uef
xeb acoo = gly
xec acop acoo acoq = kpw
xed acop acoo = umr
xee = puf
xef = qhf ilj zel
xeg acop acoo = epu
xeh acoo = vhh
xei = aaba ych
xej acoq acoo acop = ffh pft acgx fe wje
xek acoo acoq acop = hxs
xel acoo = ukp
xem acoo acop = yld
xen acoo acop = bgz
xeo acop acoq acoo = xpk
xep acoq acoo acop = qgx ckn
xeq acoo = tap bqp acoo svl
xer acoo = osr uby
xes acoo = ajv
xet acoo = smy
xeu = atz zbo vnb aaka
xev acop acoo = gup
xew acoo acop = fuk
xex acoo acop = kmw
xey acop acoq acoo = oyz
xez acoo acoq acop = nuw
xfa acoo = paw
xfb = ggm achx oiv aclz
xfc acoo acop = zcp gho
xfd acoo acop = mjy
xfe acop acoo acoq = rxw
xff = zu rae bzr
xfg acoq acop acoo = gzq mur
xfh = naj
xfi acop acoo = hov tin pqh
xfj = cwj fhg mds
xfk = ptu (acik lfu)
xfl acoq acop acoo = abru und
xfm acoo = acbc eyi aos nxs
xfn acop acoo = yyk
xfo acoo = tcq cpx
xfp acoo acop acoq = cys
xfq acoq acoo acop = opm
xfr = mvx
xfs acoq acop acoo = kky
xft = smp rsf nij mpn
xfu acoq acoo acop = wfw
xfv acoo acop = rcu
xfw acoo = znc
xfx acoo acop = bwp ela
xfy acop acoo = fkz
xfz acoo = kxx
xga acoo = dvx fka xoq
xgb acoo acop acoq = jxo
xgc acoo = nyq
xgd acop acoo = kyq xcu
xge acoo = ldf
xgf acoo acop acoq = dyr uzi lxd yra arb
xgg acoo = jzq mbg (gnc ablg)
xgh = yym jsf
xgi acop acoo acoq = qms
xgj acoo acop = xbc
xgk acoo = com ogl
xgl acoo acop = abgn ezx (xyw tbk npz)
xgm = nfs rzv
xgn = uvz abqe cue isz
xgo acoo acop acoq = bjb
xgp acop acoo = jq stv
xgq acop acoo acoq = evu
xgr acoo acop = qgj
xgs acoo = dlh cpt iqs acoc
xgt acoo = koa hdl
xgu acoo = ijg txo
xgv acoo = qck
xgw acoq acoo acop = wxa pqy lv
xgx acop acoo = yty gtp eqj
xgy = ucu
xgz acoo = jyn
xha acoo = n
xhb acop acoo = vuq sh aayr ajl
xhc acoo = acay
xhd acoo = yjy
xhe acoo = vfu
xhf acoo = gbu
xhg acoo acop acoq = qli
xhh acoq acoo acop = accx
xhi acoo acop = wha tuq zib
xhj acoo acoq acop = abrs
xhk acoo = fn
xhl = qnq
xhm acoo acop = iuy
xhn acop acoo = aw
xho acoq acoo acop = kbh mwn mhm
xhp acop acoq acoo = uxr
xhq acoo = daf mdf
xhr acoq acoo acop = nis
xhs acoo acop = lfq umz zdj
xht acop acoo acoq = acfu bmg
xhu acoo acop = wgs lcc xnn
xhv acoo = aama
xhw acoq acoo acop = mcd
xhx acop acoo = abao oak adv
xhy acop acoo acoq = qqk
xhz = abhy
xia acoo acop acoq = nzi zng zxu pmc
xib acoo acop acoq = ctt
xic = qtx
xid = aor
xie = hqe
xif = fxw
xig acop acoo = aadk plh
xih acop acoo = phh
xii acoo = auc
xij = dmv cav
xik acop acoo acoq = qbx
xil = bwd qbd jqn sek
xim acoo = ysz
xin = cnr hds
xio acop acoo = jvp ablw gzb ess
xip acop acoo = lst (oxt aalb aza)
xiq acoo = wpf cjo
xir acop acoo = kgg
xis acoo acop = lng
xit acop acoo = achj
xiu acoo acop acoq = del
xiv acop acoq acoo = al gvo hi
xiw = wnt qfq
xix acop acoo acoq = tfr
xiy acoo acop = sao
xiz acoo = xft aih khu
xja acop acoo = bqi
xjb acoo acop acoq = xxc ayy
xjc acop acoo acoq = emt tby
xjd = dkt
xje = deo
xjf acoo = go aabu
xjg = jga
xjh acoo = plj
xji acoo = wih
xjj = cyu
xjk acop acoo = yog
xjl acoo acop = dgs zqb utu
xjm acoo = ttr
xjn acoo = fsm fpi
xjo acoq acop acoo = ocy gfe nvx mer
xjp acoo acop = ecc
xjq acoo = wgt
xjr acoo acoq acop = zdo
xjs = ril oqn
xjt acoo acop = wx
xju acoo acop = hqz fzk
xjv = tdf
xjw = ogp
xjx = qhr
xjy acoo = nuk
xjz acoo = zcl
xka = eou
xkb acoo = achc
xkc = ogt exn dxf
xkd = ngp
xke = cux ffz
xkf = bwi
xkg acoo = qgn kiq
xkh acoo acop = pbu
xki acoo acoq acop = aaue rbz
xkj acoq acop acoo = ooq djw
xkk = pat sir xrm
xkl = cte
xkm acoo acop acoq = sfy kwb yir
xkn acoo acop acoq = jny
xko acop acoo acoq = waf
xkp acoo acoq acop = bzn
xkq acop acoo acoq = vfj
xkr acoo = hdq
xks acoo = yos myz
xkt = absb
xku acoo = mwr
xkv acoq acop acoo = rzn hld
xkw acop acoo acoq = ykn
xkx acop acoo acoq = wha
xky acoq acoo acop = jms dzz nhl
xkz = pzp
xla acop acoo acoq = uui aauo mad zec
xlb acop acoo = esa
xlc acop acoq acoo = mvh
xld acoo = pog bek
xle acop acoo = aacm zls gek abbx
xlf acoo acop = qko qcb (dy quc)
xlg acoo acop = cvr
xlh acoo acop = zda bsm (fdp fge)
xli acop acoo = blm
xlj = vpr
xlk acoo acop = cfo
xll = zth
xlm acoo = abzy aga
xln acop acoo = fia
xlo acoo acop acoq = gif olo
xlp = ayv wbm
xlq = jhq aajq hdi
xlr acoo acoq acop = wny cht ykk
xls acoo = gn
xlt acoo acop acoq = saz
xlu = qqc ghc
xlv acoq acoo acop = nsw
xlw acoo acop = gpu jc xvv
xlx acop acoo acoq = pia
xly acoq acop acoo = ri
xlz = evx aclu jja xme eug
xma acoo acop = hgt uco
xmb acop acoo = ldu axq tvv jdx
xmc acop acoo = gmy lne mpl cfm
xmd acoo acop = hvj iuz xgi
xme = hqm
xmf acop acoo = pdr fr cwm
xmg acoo = mmz mku
xmh acoo = fbr
xmi acoo acop = jwl
xmj acop acoo = zyo
xmk acoo = gsa
xml acoo acop acoq = uhx aanc
xmm = xpi (ksv qxp)
xmn acoo = yey zbl
xmo acoo acop = vpk
xmp acoo acop acoq = mym yhc mrd
xmq acoo = aaxm
xmr acop acoo = dlj
xms acoo = fra emp
xmt acop acoo = xpj
xmu = csk
xmv acop acoo = abha wqt xop oxj
xmw acop acoo = jpm
xmx = bhf rxq (rvm euj)
xmy acop acoo = ahn
xmz acoo acoq acop = hxp
xna acop acoo = vkn oz ttj aceo
xnb = noo
xnc acop acoo acoq = fxb beb nqb
xnd = ayp peh
xne = aapj
xnf acoo acop = kcz
xng acop acoo = pht rzz gma lqw
xnh = ebm
xni = kzp
xnj = jgl
xnk acoo = nfm
xnl acop acoo = mge
xnm acoo = jgk
xnn acoo = dxc qkt fhm
xno acop acoo = aalt yxb jec
xnp = hmi
xnq = qxn
xnr acoo = txi eqq
xns acoo acop = pdg etl ajo
xnt acoo acop = wen
xnu acoo acoq acop = xq abzq uix gaz
xnv acop acoq acoo = gyp dqk
xnw acop acoo = pvn
xnx acoo acoq acop = nul
xny acoo = cwf
xnz acoo = ail
xoa acoo acop = vua
xob = rtf
xoc acop acoo = oi
xod acoo acoq acop = tio
xoe acoq acoo acop = meo
xof = guy
xog acoo = eum vlj tba
xoh acoo acop acoq = azk nfx
xoi = cdm
xoj acoo acop = aama
xok acoo = spq
xol acop acoo = cwd zxb
xom acop acoo = acfd odk uwq
xon acop acoo = vvo
xoo = nco zun
xop acoo acop = oha
xoq acoo acop acoq = fis pcs aclh pnt
xor = vwp
xos = giq aazl pbi jsz
xot acoo = rnx oia xmg
xou = acic
xov acoo acoq acop = pwp
xow acoo = aqg
xox acoo = xaw
xoy acoo acop acoq = mnt pdr ofz
xoz acop acoo = tya
xpa acoo acop = nqy
xpb acoo acop = bl
xpc = knm
xpd acoo acop = vuf
xpe acoo = pgf
xpf = bez vve
xpg acoo acop = pjr
xph acoo acoq acop = xiv
xpi acop acoo = uak
xpj = qnp
xpk acoo = wmq
xpl acoo acoq acop = jzr sjb qqi xjh
xpm acoo = abbc
xpn = otq ipr utf ato aajb
xpo acoo = ljd
xpp acop acoo = acbb ilk
xpq acoo acoq acop = eji oyq
xpr = ago
xps acoo = zhk
xpt = aaxj xdf abao
xpu = rfl ckb mxh
xpv acoo acop = znf
xpw acoo = pgm
xpx acoq acoo acop = tmx kln rad sgf
xpy = ftk ulb
xpz acoo acop = iyz
xqa acop acoo = sby
xqb acop acoo = ham drq wsi nyd
xqc acop acoo = qhe gds
xqd acoo = az
xqe acop acoo = jxc opy abtl absw pas
xqf = xhi ybi
xqg acoo = anx
xqh acop acoo = ycs doh
xqi acoo acoq acop = cwl mwd qij
xqj acoo = mvk isx adj lqg
xqk acoo = hpx
xql acop acoq acoo = dor amf ovf lay
xqm acoq acoo acop = qzh gqg
xqn acop acoo = abrh
xqo acoq acoo acop = jcx
xqp acoq acoo acop = wdw
xqq acop acoo = abni ykf
xqr acoo acop acoq = byt cos
xqs = rmw bqy
xqt acoo acop acoq = kis (wkh sji) xzv
xqu acop acoo = bnm noz
xqv = dlp
xqw acop acoq acoo = lvj
xqx acoo acop = rky abew owo
xqy acoq acop acoo = lnm
xqz acop acoo = lhs
xra = frj
xrb acoo acop = zwr
xrc = qlx dpo npl
xrd = unv wcp vcl
xre = acnv aaim
xrf acoo = rrv oaz
xrg = fxa
xrh acop acoo = ozg vos
xri acoo acop acoq = omr
xrj = pwr rgw yjp tqa
xrk acoq acop acoo = ncl
xrl acoo = lab
xrm acoo acop = dxw aatk
xrn = yit rmv iyo
xro acoo acop = bt abaj byy
xrp acoo acop = qws zoz nut uaf
xrq = emj ssc jde
xrr acop acoo = uqb
xrs = eia
xrt = lav kch
xru = abnn cqn evb
xrv acoo = acls
xrw acop acoo = rdl xeo
xrx acop acoo acoq = ybs
xry acoo acop = sy fsi
xrz acoo = shp
xsa acop acoq acoo = erk hrr
xsb = tvf vfi
xsc = jkt
xsd = ytp guh mvi
xse acoo = cks qcz ujp jii
xsf acoo acop = rls vke aami
xsg acoo = pyx
xsh acoo = lkm
xsi acoo = ydo
xsj acop acoo = aok yef
xsk acoo = mrk
xsl acop acoo = acop
xsm = uzh iry wj
xsn acoo = xhp
xso acop acoo = ymr ryh ynp
xsp acoo = scp yfn
xsq = glr iqx oro
xsr acoo acop = lgr new
xss = nha
xst acoq acop acoo = ijc
xsu = aaxd luo gnz
xsv acoo acop = kmp ose yuw
xsw acoq acoo acop = toa
xsx acoo acop = qtc xyd dxg mem jly
xsy acop acoo = knn
xsz = ymp
xta acoo acoq acop = acmd
xtb acoo acop = pfi hem
xtc acop acoo = wlv
xtd acop acoo = zkr hgd (aakc hnq)
xte acoo acop = zfy
xtf = uwa
xtg = gwo aff
xth = jya
xti acoo = zsa tiz
xtj acoq acop acoo = aatz ds
xtk acoo = tun uuz
xtl acoo = mw
xtm acop acoo = jij
xtn = ymk
xto acoo = avz
xtp acoo = aand lvx cdl xze
xtq acop acoo acoq = pix ppv skb
xtr = bxd
xts acop acoo acoq = nmt
xtt acoo = zah knc (aaid gbf)
xtu = wre
xtv acoo = fsc
xtw = fzg dln unx jda
xtx acoq acop acoo = nso byo
xty acop acoo = nah hly eqt
xtz = crh acdp
xua acop acoo = aapp mzd wvc
xub acoo = hbf dpn ctk
xuc acoo = gdm
xud acoo = zmi
xue acop acoo = wei bst ikc
xuf acop acoo = lcn cyu vdf
xug = sgh
xuh acop acoo = suv
xui acoq acop acoo = aclt kpz
xuj acoo acop acoq = dbr tfn toa
xuk acoo acop = rta khu eqs
xul = xnx div
xum acoo acop = aayt osm zme
xun acop acoo = sho yur
xuo = wox egz
xup acoo = swy
xuq acop acoo = stp
xur = fia
xus acop acoo = nxp hpf tgl
xut acop acoo = anq
xuu = das
xuv acop acoo acoq = fwj abcv
xuw = ndy pzr
xux acoo = mjm gek
xuy acop acoo = acnl aut das
xuz acop acoo = owz
xva acop acoq acoo = ptl ngk hlm
xvb acoo acoq acop = xpg
xvc = abey hzt aagy
xvd = wkh
xve acoo acop acoq = aayg
xvf acop acoo = zsg xqi abga
xvg acoo = gwc jiz
xvh acop acoo = zkq atc
xvi = vpq btc
xvj acoq acoo acop = cam
xvk = ie krb
xvl acoq acoo acop = ggm kxu
xvm = tdf
xvn acoq acoo acop = cux klq
xvo acoo = teg acdr
xvp acoo = ibm
xvq acoo acop = spz
xvr acoo acop = aazh mvu php
xvs acoo acop = sbo
xvt acop acoq acoo = fqe
xvu acoo acop = foo
xvv acoo = bco
xvw = bik
xvx acop acoo = bek xqi nol
xvy = ili
xvz = lar ton
xwa acoo acop acoq = xdp
xwb acoo acop acoq = xrg
xwc = mau igb ykk
xwd = ljg
xwe = aus
xwf acoo acop = qir
xwg = ywa bvq emh
xwh acop acoo = ktx abau
xwi acop acoo = xgy rew
xwj acoo = qzh sfx
xwk acop acoq acoo = izh
xwl = ahl sqg
xwm acoo acop = zma
xwn acoq acoo acop = aasb xsg
xwo acoo = zww hzf
xwp acop acoo acoq = hfi cd abag
xwq acop acoo = ohd yox kwf nul
xwr acop acoo = bvk
xws acop acoq acoo = dgy
xwt acoo = lbt sso elr kxc
xwu = hqv xqt
xwv acoo = abp
xww acoo = acfc rqe
xwx acop acoo = vxx
xwy = ubc fyd reb abqh
xwz acoo = hoq
xxa acop acoq acoo = aboh nty
xxb = fcc
xxc = fyz
xxd = acbu kxg epq
xxe acoo = qqa
xxf = hk yu
xxg acoo acop = oqq wqd nsk
xxh = onv (lkx bhq)
xxi acop acoo = aaxl
xxj = qaa
xxk acoo = cso
xxl acoo acop = atx ixq
xxm acop acoo = vbw
xxn = rot lct uol
xxo = ati abv pem
xxp acoq acop acoo = sp
xxq = jqx oxm
xxr acop acoo = hqg (sdm hzg)
xxs = bbd
xxt acop acoq acoo = zuj
xxu acoo acop = xa
xxv acoo = abuu rts
xxw acoq acop acoo = abut
xxx = lwk
xxy acoo = mba
xxz acoo acop = wwd
xya acop acoo = ygd trf syp
xyb = fsz
xyc = sbq tpc
xyd = asg xod cpc
xye acoo acop acoq = vmj
xyf = yaa
xyg acoo acop acoq = abgc
xyh acoo acop = ryc
xyi = vwd aaso ubo
xyj = fsc
xyk acop acoq acoo = ajc
xyl acoq acoo acop = whn
xym acop acoo = zyl hll hnu tqn
xyn acoo = ozi
xyo acoq acop acoo = abqb gdb el
xyp acoo acop = azz
xyq = cpm
xyr acoo = ydm wm
xys acoo acop = qsx is lga aafh
xyt acoo acop = thi
xyu acoo acoq acop = ndf
xyv = kwq
xyw acoq acop acoo = khd
xyx acop acoo = qkb
xyy acoo acoq acop = gdy
xyz acoo = ja
xza acoo = mbz dlj
xzb = kcz
xzc = hol nug
xzd acoo = jcw guo
xze = fgp
xzf acoo acop acoq = acgz
xzg acoq acoo acop = ltg
xzh acop acoo acoq = azr
xzi acoq acop acoo = lwl
xzj acoo acop acoq = otk
xzk = iyg
xzl acoo acop = wry csg
xzm acoo = kfq ure
xzn = dwx vgw brc
xzo acoo acop = fxx
xzp = ssy
xzq acoo = jiu ovn ccv
xzr = ewp
xzs acoq acop acoo = zih tsk xju
xzt acoo = sjz dli rgl eas
xzu acoo acop = xkt
xzv acoo acop = lvl tnv
xzw acop acoo = azl
xzx acoo acop = hbg
xzy acop acoq acoo = pji
xzz acoq acoo acop = myg heo
yaa acoo = cno
yab acoo acop = hbo
yac acoo = vpl
yad acoo = aapz frj nrt
yae acop acoo = hiq ozz
yaf = hru zzw tdy
yag acoo acop = dkc ugn
yah acoo = ajj
yai acoo = abrt
yaj = ablo fpr wi mwl
yak acoo = xqp tze
yal acoo acop = ibj
yam acoo acop = heg
yan acoo = xzn
yao = oiy dlf hxl duu
yap acoo acop = qos
yaq acoo = hxu jxm fku xnk
yar acoq acoo acop = vqx
yas acoo acop acoq = gvs xbw
yat = uyu biu fqs
yau acoo acop = achw
yav acoo acop = tez xpc ayc
yaw acop acoo acoq = ltk
yax = xac zjs
yay acop acoo = jmo rrr yue uf
yaz = bph
yba = dlg
ybb acoo acop = vuo
ybc = lnl
ybd acoo = gra
ybe acoo acop = aaxl pwn qfm cdc
ybf acoo acoq acop = acho
ybg acoo = jks
ybh acoo = ttm
ybi acop acoo = glh
ybj acop acoq acoo = vkp
ybk acoo acop = qdv
ybl acoo acop = ihv odl
ybm acoo = ac mqj
ybn acop acoo = jwr
ybo acoo acop = pxj
ybp acoo = icd
ybq acoo acop = aawz fxz
ybr = rrv
ybs acoo acoq acop = tua
ybt acoo = npj
ybu acoo = abub lrd
ybv acop acoq acoo = yot vmh
ybw acoo = vlp
ybx acoo = bjb
yby acoo = zvj qcj aec abqi wrs
ybz acoo = qad
yca = xal rh vqx
ycb acop acoo = zkg tiq rbs nuu
ycc acoq acoo acop = xng
ycd acop acoo = cgs (vqj tga)
yce acoo = vzo
ycf = fuw laa jxx
ycg acoo = lto inv aapk
ych acop acoo acoq = dqo
yci = acjq uch
ycj acoo = isw
yck = bim
ycl acoo = qrx ode hfc aacg
ycm acoo = ljg owb
ycn acop acoo acoq = aang xot ghx
yco acoo acop = aqg
ycp acoo = hkq
ycq acop acoq acoo = kxj
ycr = qov
ycs acop acoo = txf
yct acoo = pzs
ycu acoq acop acoo = aqp
ycv = ysq
ycw acoq acop acoo = kiq pds
ycx acoo acop acoq = gbe
ycy acoo = fgx ckl
ycz acop acoo = cwn nvl wpp
yda = drp
ydb acoo = fqg
ydc acop acoo = pxs
ydd = kyf hzu mfy
yde acop acoo = ghm kcy
ydf acoo acop = onn
ydg acoo acoq acop = xxb bes aafz
ydh = abqm
ydi acoo = xeg
ydj acop acoo = clt
ydk = myo
ydl acoo acop = dvp
ydm = jzk eqp lby jqf
ydn acoq acop acoo = gtc
ydo acop acoo = hrm
ydp = py
ydq = kdh
ydr acoo acoq acop = zkf
yds acoo = xyf hk
ydt acoo acop acoq = ekn
ydu acoo = qwc kwz hxh
ydv acoo acop = osn bk ifs
ydw acoo = tas
ydx acoq acop acoo = aqg
ydy = eue
ydz = rkc
yea acoo acop = lht ocx kjg nm
yeb = oqh
yec acoo acop acoq = uod
yed = nph
yee acoq acop acoo = dmv
yef = wxd qyg
yeg acoq acop acoo = tzp hxx vdp
yeh acoo acop acoq = qrv
yei acoo = maj
yej acop acoo acoq = aake
yek acop acoo = rna
yel = nfo abjy aawh
yem = jrs
yen acoo = bek vvr doe
yeo acop acoo = pej
yep acoo acop = xjt bai ioq
yeq acop acoq acoo = ziv fda oor
yer acoo = tdn
yes acoo acop acoq = bnm xmx bol
yet acoo acop = beu
yeu acoo acop = xpl
yev = jsm
yew acoo acop = cys hoi
yex acop acoo acoq = wal
yey = zgi
yez acoo acop acoq = pzh
yfa acop acoo = elu wgs
yfb acoo = ynb
yfc acoo acoq acop = sb
yfd = euu
yfe acoo = vfb
yff = ffv oyu
yfg = sya aaee itc oci ixr
yfh acoo = evu iyn
yfi acoo = cwb crw seb
yfj acop acoo = ohu wir acdt
yfk acoq acop acoo = akx njy
yfl acoo acop = zpo
yfm acoo acop = tpz
yfn acoq acoo acop = usf
yfo acop acoo acoq = vtn
yfp acoq acop acoo = bwd aaqw fn
yfq acoo acop = sam
yfr = wdb
yfs acop acoo = uxl kud mxz uuc rvd
yft acoq acop acoo = teh
yfu acoo = vaj wgg
yfv acoo = xay buf
yfw = art nml
yfx acoo = plb ljc
yfy acop acoo = qwb
yfz = nmw
yga = jyz
ygb = hkn
ygc acoo acop = guv uyv
ygd acoq acoo acop = sdj
yge acoo acop = qxu
ygf = zlw
ygg = pby
ygh = qbj yly
ygi acoo acop = abrk
ygj acoo = sdm cuy (aadi klh) bur
ygk = yqu gtl fhi
ygl acop acoo = pqn hxn
ygm acoo = qdr
ygn acoo = nbj
ygo acoo = zro xyh ajl ifp
ygp acoo acop = dtq fum dj
ygq acoo = wfc (wcm fpt)
ygr acoo = uec
ygs = ivo
ygt acop acoo acoq = beb
ygu acop acoo = qsl wur xcn dmo
ygv acoo = iom
ygw acoo = qop acc
ygx acoq acop acoo = lgb
ygy acoo acoq acop = djr
ygz acop acoq acoo = xou tua
yha acop acoo = dco
yhb acoo acop = aakx sp
yhc = qky gjz
yhd = e
yhe acoo acoq acop = byn
yhf acoo acop acoq = ujf
yhg acop acoo = thd usx
yhh acop acoo = arj
yhi = vjq
yhj = sps
yhk acoo = esd
yhl acoq acoo acop = jia srf fzv
yhm = wwr uqv
yhn acoo = ykt abng
yho = zna
yhp acoq acoo acop = xkl nho
yhq acoo = kfa
yhr = kep
yhs acoo = ipt (wvu qac)
yht = ltv
yhu acoq acoo acop = mke zfc (aasw bau)
yhv acoo = hsl abwd
yhw acoo acop = rnk
yhx = flk
yhy = sem (lwm kwc)
yhz acoo acop acoq = ktp
yia acop acoo = awm qxn
yib acoo = vrd azy aaol
yic acoo = jxz
yid = aiz rzg
yie acop acoo acoq = nan
yif acoo acop = fvk
yig acop acoo = qry
yih acoo acop acoq = oqj
yii acoo acop = xak ieh ugk gkq mdi
yij acoo = oxw cbr
yik = joo sdg nym
yil acoo acop = uzf orj vui ibj aafw
yim acoo acop = dhu
yin acop acoo = gya aait ra tfg
yio acoo acop acoq = xvj vun own rxw
yip acoo acop acoq = ogx fcq
yiq acoo acop acoq = xrj oss
yir acoo acop = jga arz aiv
yis acoo acop acoq = acop jgk prz ihd abmu
yit acoo acoq acop = sdz
yiu = vut
yiv acop acoo = uvd
yiw acop acoq acoo = wjw xka fsa hwn
yix acoq acop acoo = aaai doj zrk
yiy acop acoq acoo = stv
yiz acop acoo acoq = tnm
yja acoo = ljc
yjb acoo = oqb
yjc = bvi ddn
yjd acop acoo = ior boq dsw
yje = aed
yjf acoo = evx
yjg = vcn eqk
yjh acoo = tp
yji acoo acop acoq = rtf pku nei
yjj acop acoo = icb kzw
yjk acoq acoo acop = kun bkd abgq
yjl acoo acoq acop = gcd
yjm = zxq
yjn acoo acop = bat doi xek lhu fev
yjo = ebt
yjp acoo acoq acop = ggk
yjq acoo = val twf
yjr acop acoq acoo = qcl esb aie
yjs = ysj ujc
yjt acoo acoq acop = mwc uge fth
yju = abfn
yjv acop acoo = rie zvl
yjw = ukb wjd sga
yjx acoq acop acoo = ixk yts
yjy acoo = dex lnp
yjz acoo acoq acop = osm
yka acoo acop acoq = xga rwm bkd
ykb acoo = arl
ykc acoo = qhe oo
ykd acoo acop = ydg
yke acop acoo acoq = zul rui
ykf acop acoo = erk
ykg = sio
ykh acoq acop acoo = abxv acdj
yki acop acoo = imv tal
ykj acoo = ybr
ykk acoo = iyg fsn smt paa jut
ykl = iiq
ykm acoq acoo acop = yem
ykn acop acoo = udh kpq krn sl
yko acop acoo = ivb
ykp acoo acop acoq = ap
ykq = xxi
ykr acoo = xo ggp (lbw nel)
yks acoq acop acoo = aafk
ykt acop acoo = uqf
yku = owv
ykv = xph aec rsi
ykw acop acoo = esq gcv
ykx acoo = abgu
yky = pto
ykz acop acoo = lel
yla acoo acoq acop = aof ttn abup ejp
ylb = xek xv xwb
ylc = cwf
yld acoo acop = acfi
yle acoo acop = cll
ylf acop acoo = aun kwe cmx mdz
ylg acoo acop = wgq
ylh acoo acop = izy aawn
yli acop acoo = daj
ylj = jsp
ylk acop acoo = ozy nav
yll = fah zbm kbt
ylm acoq acop acoo = vtl rlw ctl
yln acop acoq acoo = abbu xzt
ylo acoo = ae
ylp acoq acoo acop = aajq
ylq = lug
ylr = zjq
yls acoo acop acoq = jpe lhi lzg
ylt acop acoo acoq = hyk
ylu acoo = kqm
ylv acoo acop = les rhc
ylw acoo = hqd acao tey zcz dmd
ylx acop acoq acoo = efz
yly acoo acop = pbl mtz pug aajn
ylz = abab wwq
yma acoo acop = fht
ymb acoo = buu (air hpm jcv)
ymc = lgq
ymd acoq acoo acop = fzy acet
yme acoo acop = pgr qhj xmx ven
ymf acop acoo = zux
ymg acoo acoq acop = nlh
ymh acoo acop = aen jpy oaa wpm izq
ymi acoo acop = aadf aaiz bin
ymj acoo acop = jmb lxq uqj
ymk acop acoo = tn awu hqv
yml acop acoo acoq = xy tzb ydl
ymm = acfr
ymn acoo = ocq
ymo acoq acop acoo = sit
ymp = ugg
ymq = ap
ymr acop acoo = arc acde yzi
yms acoq acoo acop = krm
ymt = ngx
ymu = yl
ymv acoo acop acoq = iig
ymw = zfi
ymx acoo = pwv hfx aate
ymy acoo acoq acop = qtp aafw dpq khr
ymz acoo = dyu uxp jlz rbg
yna acop acoq acoo = afp
ynb = aak
ync acoo = jqw
ynd acoo = aany
yne acoo = hrh
ynf acoo = cgo
yng acop acoo = dtn zfh
ynh acop acoo acoq = peq ablz ehr
yni acop acoo = kzj
ynj acop acoq acoo = bkh
ynk = ibj
ynl acoo = zca
ynm acoo = ner
ynn acop acoo acoq = aapp
yno acoo = hlj aamq crd acoo
ynp acoo acoq acop = zfo
ynq acoo = jkd mts rjj aazn
ynr acop acoq acoo = tfv
yns acop acoo acoq = btg mkf aafq
ynt = aahn
ynu acoo = vtg
ynv acop acoq acoo = abft cgm
ynw acoo acop acoq = hkh sso
ynx acop acoo acoq = qgc
yny = gob
ynz acop acoq acoo = syb htm dkk nge eee
yoa acop acoo acoq = uxp
yob acoo = ddd cut bka
yoc acoo = abfs
yod = hek
yoe acoo acoq acop = kxp
yof = dzz
yog acop acoo acoq = bro jmt
yoh = wn
yoi = fsv
yoj acoo = rln zfp pth
yok acoq acoo acop = acaq swu yfx abbe wgk
yol acoo = bjt xca
yom = ubj
yon acop acoo = ojp (oet daw)
yoo = kfd rfk dff
yop acop acoo = hhg jnd abyo fvq
yoq acoo acop = bvd
yor acop acoo = kym qgm hxr cvc
yos = cbx
yot acoo = fmk
you = wao xjv wam
yov acoo = lwm xqo mfr
yow acoo = cfa
yox acoo acop = nxs nmg qwx
yoy acop acoq acoo = hp
yoz acoo acop = lxh cwe npd
ypa acoq acoo acop = wzk
ypb acop acoo acoq = uzn
ypc = nke
ypd acop acoo = inm xut
ype acoo acop = dlt abdn ytt aanr
ypf acop acoo acoq = inf
ypg acoq acop acoo = aei avx gkb
yph acoo = lld
ypi acop acoo acoq = vlu vpg wdx vas zbg
ypj acoo = vob
ypk acop acoq acoo = aalf hti
ypl = pph achw bnm
ypm acoo = bno iqq
ypn acop acoo = kuk
ypo acoo = lxv hcs
ypp acoo = iaf
ypq = kut acgh joz
ypr = iij
yps acoo acop = ojq abuh
ypt acoq acop acoo = lbq
ypu acoo = osz ual imx
ypv acop acoo = ozc bcm czl
ypw acoo = opw
ypx acoo acoq acop = bau vwf gwv
ypy acoo = mwt
ypz acoq acop acoo = ocp jao zig
yqa acoo = jar
yqb acoo acop = ukw
yqc acop acoo = vzq
yqd acoo = abnk
yqe acop acoo acoq = aaat
yqf = kmu
yqg acoo acoq acop = ecm evf jmv
yqh acoo = pzw
yqi = veg xxu fbj
yqj acoq acoo acop = ojs
yqk acop acoo = uku abbk
yql acoo acop = oox dpb
yqm acop acoo acoq = gqo pbz pmk
yqn acoo = achy abcy
yqo acop acoq acoo = azl
yqp acoo acop acoq = nx
yqq acoo = mpl
yqr acoo = acaz
yqs acoo acop acoq = nyq lyz
yqt = aw
yqu acoq acop acoo = auh dlv
yqv acoo acop acoq = kpb oaf ywo
yqw acoo = kds abmn
yqx = klk
yqy = aazk ipj
yqz = cla iwi crn
yra acoo acoq acop = wxy
yrb = tlo
yrc = fbu
yrd acop acoq acoo = acfa prj
yre = cq aaxl
yrf acoo acoq acop = jwd aakz qey tsq
yrg = kaw kzi
yrh acoo acop = bjr
yri acop acoo = dob
yrj acoq acoo acop = jjv (vuh mrd)
yrk acop acoo = tbi
yrl acoq acoo acop = kgj phf
yrm acop acoo acoq = qbr
yrn = gzj fsm
yro acop acoo = wwh
yrp acoo = xzn orh abdh vng rbb
yrq acoo = aagg rhn sqt
yrr acop acoq acoo = qkh
yrs acoo = qed
yrt acop acoo acoq = guj
yru acoo acop acoq = fym (rwr ypf muq tye)
yrv acoo = wwb
yrw acoo = ikx
yrx acoo acop = abts
yry = yix
yrz = ftn
ysa acop acoq acoo = ocd
ysb = rmd bbm owt hpd
ysc acoo = vfr
ysd acoo acop = stj
yse acoo acop = peq
ysf acop acoo = eay
ysg acop acoo = doj
ysh acoo acop = opg
ysi = kxa
ysj acoo = hfg gxg jlp
ysk acop acoo = wnb ebo avj dex gva
ysl acoo acop = gyt
ysm acoo = aapm
ysn acoo = qft zpc
yso acop acoq acoo = ujt
ysp acoo acop = jtd cnt
ysq acoo = bkq
ysr = cwz
yss acoo = yuk shb rk
yst acoo acop acoq = grm
ysu acoo = qji gdk jrt
ysv acoo acoq acop = qwr fpx
ysw acop acoo = qci (gqz bld)
ysx acoo = sof
ysy acoo acop = qqh
ysz acoo acop = bia
yta acoo acop = pxq nub khj
ytb acoo = aaod ryy
ytc acoo acop = wav ffo
ytd = hzn eb yzf ec
yte acoo = bjv
ytf acoo acop = xyk
ytg = pyg
yth acop acoq acoo = czc
yti acoo = coy
ytj acoo = lsh lif ulq
ytk acoo acop = mnw
ytl acoo = hmu
ytm = baf
ytn acoo = icg
yto acop acoq acoo = sug
ytp acoo acop = mis
ytq = hth
ytr acop acoq acoo = ifw
yts = osh ydu
ytt acoq acoo acop = buy
ytu acop acoq acoo = mrh
ytv = acjb
ytw = oif rlv
ytx = pce fwq
yty acoo = xxq
ytz acoo acop = khy aaco
yua = crg ekp
yub acoo acop = qkl zwo
yuc = kcv lwz hvl edn
yud acoo = sv zvd ztq
yue acop acoo = nun rou hng
yuf acop acoo = nkd
yug = kvb pce
yuh = wwp lhb ubp
yui = jiz nc pxj eec bht
yuj acoo = vfr acgh qkj qoy lte
yuk acoo acoq acop = pwd
yul = orw
yum acoo acop = krr
yun acoq acoo acop = vjw nyd
yuo = mze
yup = jdi
yuq acoo acop acoq = ytm
yur acoo = eaq
yus acoo acop = eqt
yut acoo = ixk
yuu acoo = usg
yuv = qrg tdv xrg
yuw acoo acop = abqd
yux acoo acop acoq = rw
yuy = rzg
yuz acoo acop = eux faz
yva acoo = dce
yvb acoo = abxb
yvc acoo = yhz
yvd = nzu
yve acoo = mtd psg kci
yvf acoo acop = fsa
yvg = owq
yvh acoo acop = hfw qnh
yvi = jta
yvj = mpi nvq nqs xzz
yvk acoo = art
yvl = mz vxi zgs wwj
yvm acoo = xdd fxi (cye fwa)
yvn acoq acoo acop = zcx
yvo acoo acop = wuc yfb lpb
yvp acoo = absq mpq ddl
yvq = afb
yvr acoo = zdy
yvs = ggk lld
yvt acoo = ael
yvu acoo = pya
yvv acop acoo = abfl
yvw acoo acop = imj
yvx acoo = ncb vjs elt
yvy acop acoo = nzx
yvz acoo acop acoq = tfy
ywa acoo = abac
ywb acoo = lka unr sqy abwo
ywc acoo = abqu sgm zxh lkv
ywd acop acoo = eja ghi
ywe acoo acop = kcq
ywf acoo = acjs
ywg = ogr yuk hh
ywh acoo = fix
ywi acoo acoq acop = ssi jrp vqt pdg
ywj acoo = qmf
ywk = jdz
ywl acoo = scw vlh
ywm acop acoo = djz
ywn acoo = ryx
ywo acoo = sbk
ywp acoo = skn
ywq acoo = nhu
ywr acoo = buw icz
yws acop acoo = ncl qad imu abnd
ywt acop acoo = accr rfc
ywu acoo = avc aamf
ywv acoo = crl
yww acoq acoo acop = knt
ywx acop acoo = xnb
ywy acoo = qzz jli mcm
ywz acop acoo = uot
yxa = ekz (vql suz)
yxb acop acoo = emu
yxc acoo acoq acop = gah
yxd acop acoo = trw
yxe acoo acop = vcv
yxf acoo = bem
yxg acoo = yqc ukf dmg
yxh acop acoo acoq = fyd
yxi acoo = qzy
yxj acoo acoq acop = jgi ljx
yxk acoo acop = xod
yxl = mtj
yxm acoq acoo acop = fkh
yxn acoq acoo acop = vds
yxo acoo acoq acop = afv qy
yxp acop acoo = acjj
yxq = tvt rqn wkp
yxr acoo acop = cnj cyt otl
yxs acop acoo = sd
yxt acop acoo = kfj
yxu acop acoq acoo = lvq
yxv = ius
yxw acoo = abpy
yxx acoo = jwd
yxy acoo acop acoq = bhv abzx
yxz = wxn dpr iba fjw
yya acoq acoo acop = zae czz
yyb acop acoq acoo = gta djo
yyc acoo = afh
yyd acoo = vzm rlk
yye acop acoq acoo = nbi
yyf acoo = aagw wug jks
yyg acoo = rcf toi
yyh acoq acop acoo = uet sjw
yyi acoo acop = gcp
yyj = iti aqu lzs
yyk = mao fvh nun xct
yyl acoo = uwy tms sme
yym = uip
yyn acop acoo = pyi
yyo acoo = vbi
yyp = dtx rje
yyq acoo = zno dcb ubk iwm
yyr = smy
yys acoo = mch
yyt = jdf
yyu = kdn
yyv acoo = abls
yyw acoo = gan
yyx acoo = xvz
yyy acop acoo = ozo
yyz acoo acop = rtl tzl eep
yza acoo = tei drc rrh
yzb acop acoq acoo = ovu abjx tzh hfc
yzc acop acoo acoq = aabw abrp vwp
yzd acoq acoo acop = pkc
yze acoo acop = cfr zod knh
yzf acoq acoo acop = xso
yzg = ute
yzh acoo acoq acop = llr
yzi acoo = fbn rld fnz tyt
yzj acop acoo = qzz
yzk acop acoq acoo = fsy
yzl acoo = mis (ujv dfg)
yzm acoo acop = ahx qei
yzn acop acoq acoo = aazl
yzo acoo acop acoq = iqp
yzp acoo acop = wen
yzq acoo = wbp gnz yjo
yzr = eja elg
yzs = vf (gms iyq)
yzt acoo acop acoq = vcm drp
yzu = dsl
yzv acoo acoq acop = fxw
yzw = aaso
yzx = sij eyq alm
yzy = wfr
yzz = gbz
zaa acoo = uz spl xwy idl
zab acoq acop acoo = ebo pdu bah
zac acop acoo = njg
zad = oes (ihi qrm jvb)
zae acoo = nkv wub
zaf acop acoo acoq = ovt
zag acop acoo = qtm kyh
zah acop acoo = jwn
zai = uao
zaj acoo = vxl
zak acop acoo acoq = dkh cqe
zal acop acoo = iox
zam acoo acop = upo lzo knf
zan = rlx uhu
zao acoo = rtq tum
zap = nuo
zaq acop acoq acoo = rri
zar acoo acop = sqy qia xmt hyi
zas acoo acop = pxx
zat acop acoo acoq = yb
zau acop acoo = kok dgz gzb
zav = itq
zaw = acol
zax acoo acop acoq = bry hqp jzi ikr
zay acop acoo = bwf
zaz acoq acoo acop = wxe kvg
zba acoo acoq acop = axp
zbb acoo = aben uua
zbc acoo acop acoq = gxi zad
zbd = mde aaly yaq ltz
zbe acoo acoq acop = oru
zbf acoo acop = uvm fen aalg ulu
zbg = xsw
zbh = rwj
zbi = qde
zbj acoo = aarb
zbk acoo acop = rds
zbl acoo = akv
zbm acop acoo acoq = eou
zbn acoo = rlv
zbo acoq acop acoo = skr
zbp = gbs tvn hao
zbq acoq acop acoo = fex
zbr acoo = qqz
zbs = edf zdt ubo mhf
zbt acoo = vsz abry fou lmf
zbu = aacl tbr smi
zbv = uzh
zbw = brp ycx pbl
zbx acoq acoo acop = pmy abdw fni
zby acoo acop acoq = lon rvx
zbz acop acoo = m
zca acop acoo = chb pxm ebe
zcb acoq acoo acop = grp
zcc = ncl
zcd acop acoo = rrr
zce acoq acoo acop = zas acfe giz
zcf = dcc scm
zcg = elc abu hwf
zch acoo = cnw
zci acop acoo acoq = kdv
zcj acoo = uhn
zck acop acoo acoq = hay abue
zcl acoo acoq acop = acjc
zcm acop acoo = ackh
zcn = zsr
zco acoo = oeu kee
zcp acoo acoq acop = lsd mph
zcq acop acoo = ksg
zcr acoo = okw
zcs acoo acop = oto
zct = vax
zcu acop acoq acoo = tjr adp abmn erw
zcv acoo = tdd
zcw acoo = jju
zcx acoo = haj
zcy acop acoo = vao gaw
zcz acoo = ylj
zda acop acoo = aaaw
zdb = db
zdc = xzb
zdd acop acoo = xic
zde = bym (gjb vvb)
zdf = inr
zdg acoo = iow
zdh acoo = pmp nvz mir
zdi acoo acop = bgq
zdj acop acoo acoq = kvg rrp
zdk = efn
zdl acoo acop = gqo
zdm acoo acop = khl
zdn acoo acop = vck
zdo acop acoo = vez rzr xbp ouk
zdp acoq acop acoo = quk
zdq acoo = qie
zdr acoo = who
zds acoo = qhg
zdt acoo = xst
zdu = dj
zdv acoo = bak
zdw acoo acop = pat dnd
zdx acoo = pbc jkm
zdy acoq acoo acop = abnv mky ifc
zdz = xab iiy
zea acop acoq acoo = qbf lj
zeb = uis vjn
zec acoo acop = acop ohf xfp
zed acop acoo = dhw
zee acoq acop acoo = dqa
zef acop acoo = tbv
zeg acoo = qbf yqe scl aboy
zeh acoo = xel
zei acop acoq acoo = rxa fil lca
zej acoq acop acoo = cyl
zek acoo acoq acop = quq
zel = vsm sam fbw lmb
zem acoo = kiy uug
zen = rch
zeo acoo = iwe swf acdn ost apx
zep acoo = jom
zeq acoo = vzg pdh llf
zer acoo acop acoq = aaml
zes acoo = jum ndi fnf oxa
zet = opg
zeu = sdv ehy wwx
zev acop acoo = eso
zew acoo = obk
zex = gng
zey acoo = nxn znn
zez = abhs wjn abbh
zfa acop acoo = pme fue
zfb = oyu
zfc acoo acop acoq = vef
zfd acop acoo = lxt
zfe acop acoq acoo = hjb zjw
zff = jam kxp wqk heo
zfg acoo = tsu
zfh acoo acop acoq = tcg eez voa
zfi acoo acop = voj
zfj acoo = qkg
zfk acoo = dyr kdm lso
zfl acoq acoo acop = txz
zfm acoo = ixs
zfn acop acoq acoo = pt jhg cpl uzu
zfo = whc
zfp acoo = acfh ucg oui vhr
zfq acoo acop = jjl ofb
zfr acoo = nuo
zfs acoo = uxy
zft = zqf
zfu = umu
zfv = bem qiz fpy rpp
zfw acop acoo acoq = qga
zfx acoo acop = ymu oob pwk
zfy acoo = pcl nns qco mtx
zfz acoo = inp er
zga = mrc
zgb acoo acoq acop = mkg lvg nou hfa
zgc = num ies
zgd acop acoo = qpb
zge acoo acoq acop = qlb
zgf acoo acop = hjs
zgg acop acoo = lxq
zgh acop acoo = vju
zgi acoo = gwz
zgj acop acoq acoo = whg
zgk = wdu jnv jk
zgl = aagr
zgm acoo = ekc
zgn acoo = vdz
zgo acoo acop acoq = phi gwk acfz
zgp acoo acop acoq = aah
zgq acoo acop = yhx oys
zgr acoo = qwm gef ajd
zgs acoo acop = myx
zgt acop acoq acoo = whh fkh kfc aagp
zgu = wfa
zgv acoq acoo acop = aha mug zfi
zgw = xnj
zgx acoq acop acoo = any myn
zgy acoo = kim
zgz acoo = ga (vte mhc vyo)
zha acoq acoo acop = lki
zhb = qjd
zhc acoo acop = abxc
zhd acoo = jyr
zhe acoo = tuj (kqj tcs)
zhf acoo = rcg isu acfq aarl hbv
zhg acoo = gzx
zhh acoo acoq acop = duj iaq lum jfh abhl
zhi = mts
zhj = hoo
zhk = ljg
zhl acoo = ekz
zhm acoo = ihg
zhn acop acoo = gca
zho acop acoo = qth
zhp = gjw
zhq acop acoo = kjy abjg
zhr acoo = awl
zhs acoo acop = zqh
zht = itm
zhu = oaf
zhv acop acoo acoq = hne
zhw = agg
zhx acoq acoo acop = sng
zhy acoo = abtt
zhz = qzm jgu
zia acoo acop = abph aahi vqo
zib acop acoo acoq = abls
zic = zez
zid = fzi
zie acoo = gyo gag ljc azv
zif acoo = vjo
zig acoq acop acoo = gey
zih acoo = zzz
zii acoo = pmu
zij acoq acoo acop = cjj znr
zik acop acoo = nui
zil acoo = lla
zim acoo acop = igi usw acfu
zin = uqj
zio acoo = tjn fgu
zip = mdn mxl tud tyi
ziq = qad
zir = rgs soa ayj
zis = aaxp
zit = nkq
ziu acop acoo = aaeq
ziv acoq acoo acop = abwe
ziw = otk
zix = spf amc wzg
ziy acop acoo = jlz
ziz acoq acoo acop = ejq aazc
zja acoo = cdu
zjb acoo = ki
zjc acoo = cqk
zjd = mtm gqn
zje = veo
zjf acop acoo = pkj
zjg acoo = qgy
zjh acop acoo = ufu sqw hpz
zji acoo = wpw
zjj acop acoq acoo = hqm
zjk acop acoq acoo = bel
zjl = tyh fhp
zjm = bvi
zjn acoo acop = cws lly
zjo acoo acop = abwc pep
zjp = abia
zjq acoo = rjk qcq tqy
zjr = bol fxd
zjs acoo = wet ewf dcg tkb
zjt acoo = gvy
zju acoq acoo acop = abtr acoq vxh jzj
zjv acoq acoo acop = aadm
zjw acoo = guw
zjx acop acoo acoq = jzs lwj owl fhu
zjy = xic zmq
zjz acoq acop acoo = acoq
zka acoo acop = wpv hci
zkb acoo = vwh
zkc acop acoo = abos ceh
zkd acoo = jkt
zke = obc axx
zkf acoo = ayc
zkg acoo acop acoq = hau rou
zkh = uk abdn ses loa
zki acoo acop = cmr jek
zkj acop acoo = clq
zkk acoo acop = bqa
zkl acoq acoo acop = ajw
zkm = jvy syq
zkn acop acoo = nyw
zko acop acoo = lof uqf upq
zkp acoo = oqs kar hte hkk
zkq acoo acop acoq = vbt
zkr acoo acop = nrb ssf rnx
zks acop acoq acoo = kqs (xbn abjm)
zkt = emm urc bqj
zku = oiv
zkv acoq acop acoo = aage isv lxk csr
zkw = jrb wbb
zkx = rqi
zky = mlj
zkz acoo acop = ehx
zla = kgd abqv nbg ack
zlb = iuu qzz onz
zlc acoo = bqy
zld acop acoq acoo = bdr (bmf fcw hlm)
zle acoo = upq mbp kpy omm wdo
zlf = gad
zlg = aiw
zlh acop acoo = dgh oae aatu bae yiu
zli acoo acoq acop = vaq
zlj = ctz
zlk acoo = nlt xih efz
zll = rrf acgv sgj
zlm acoo acop = zlh vah
zln acop acoo = gwr
zlo acoo acop = aajy cua vhd
zlp acoo acoq acop = klt
zlq acoo acop = mcr mjk cem aams
zlr = edw
zls acoo = eqx jnd lzj
zlt acop acoq acoo = nzs
zlu = gyp accu tnu zom idd
zlv acoo = ufp aabb acob
zlw = lxm jze lwm xms
zlx = aqb
zly acop acoo = xsa
zlz acoo acop = dgm
zma = wti
zmb acoo = ssn tkj
zmc = qtq
zmd = achr
zme = vvu azq abvn
zmf acoo acop acoq = abqf (ucc xht)
zmg = ffg
zmh = txs jlu
zmi acoo = hpd
zmj = gsw
zmk acoo = uxb aawb
zml acoq acop acoo = xtr
zmm acoo = grz
zmn acoo acop = ymk gij igv
zmo = yhk hfs wbt
zmp acop acoo = uuv aana zaa hvh
zmq acoq acop acoo = uzg
zmr acoq acop acoo = udm
zms = ysx
zmt acoo acoq acop = acdb
zmu = rdo
zmv = hox sqk rmv knn
zmw acoo = zdk vue
zmx = tbu blc
zmy = hda
zmz acoo = fgj eto wmm
zna = wws
znb acoq acoo acop = acbj
znc acoo acop = mpc
znd acoo acop = abpn itd ufi nhm
zne acop acoq acoo = ppd
znf acoo acop = aaw
zng acop acoo = xfl abdo
znh acoq acoo acop = yqw
zni acoo acop = csb bsi tem ejl
znj acoo = tnx kya
znk acoo = nks
znl acop acoo = ycs
znm acoq acoo acop = daz
znn acop acoo = yny
zno = usc lnq
znp acop acoq acoo = hes
znq = klf gwb qji
znr acoo acoq acop = mbo pmq
zns acop acoo = acdw jgr
znt acoo = zex ckn
znu acoq acoo acop = mvg
znv acoo = bdx
znw acoo = tov
znx acoq acoo acop = nux
zny acoo = xjh
znz acoo acop acoq = ndd ini jgy
zoa acoo = yde zup aaxz xmd evd
zob acoo acop = pki
zoc = drm jpm pvz whu aiy
zod acoo = ser
zoe acop acoo = ncg
zof acoo acop = ziw
zog acoo acop = abit xqy oiv
zoh acop acoq acoo = aayj
zoi acoo = tho
zoj acoo = iqu
zok = eon
zol acoo = ydo ehi bcv
zom = mhh
zon acop acoq acoo = wut aui lji kyb
zoo = uzk
zop acoo acop acoq = zkg gnk ktn
zoq acop acoo = dzw xfo wtj
zor = jds
zos acoo = pcw qpy szj pbn pts
zot acop acoo = aavx
zou = aei ysm oog kjb bzd
zov acoo = qdy hbm
zow acoq acop acoo = uad obt aakn
zox acop acoq acoo = ctx too
zoy = hru axk
zoz acop acoo = duo
zpa = fmb zcz
zpb = evl
zpc acoo = ozj gzb
zpd acoo acop = zey zvj abvf
zpe acop acoo = jxp tmz rtw qkd
zpf = jfr vtn
zpg = pmy xo fgl zvm
zph = arc
zpi acoo acop = izh niv
zpj acoo = bux tzt bge aaaw
zpk acoo = aawx
zpl = jqo nsd ftd bxb
zpm acop acoq acoo = gkf rsx gtl
zpn = zra
zpo acoo = vpf
zpp = qee lpd khi
zpq acoq acoo acop = fts
zpr acop acoo = puw bbw aaxh
zps acoo = owi
zpt acoo = gfs
zpu acop acoo acoq = zih xga mym bjb
zpv acoo = fmv jyo
zpw acoo acoq acop = txn
zpx acoo acop = eez xdf bfq zgo
zpy acoo acop = jkj
zpz acoo = qlb rit xco
zqa = fmi
zqb acop acoo = acmb (gdc riv)
zqc acop acoq acoo = lcb
zqd acoo = bas
zqe acoo = tql kni fzd lmn jaq
zqf acoo acop = ben xcr
zqg acoq acoo acop = bdn nwr
zqh = ayc (vax pif jl)
zqi acoo = imh rdf azb
zqj acop acoo acoq = dtd nvu
zqk acoo acop = eij
zql = dic (pom amf)
zqm acoo = iju
zqn = nkv xtn
zqo acop acoo acoq = ppe zto ackh cpm
zqp acoq acoo acop = nfy
zqq acoo = fv ink
zqr = vaz hpu
zqs = fpn
zqt acoq acop acoo = rau poq
zqu acoo = kpg
zqv acop acoo = vos lew knh
zqw acop acoo = opz abwj
zqx acoo = lcg
zqy = abub
zqz acop acoq acoo = aht
zra = rpl kzo
zrb acoo = fee aaes ml
zrc acoq acoo acop = ipf
zrd acop acoo = uwl
zre acoo acop = yky
zrf acoq acoo acop = dbw scx
zrg acoo acop = hfz
zrh = abwt rvu
zri acoo = gfo
zrj = jej
zrk acoo acop = hm
zrl acop acoq acoo = vss
zrm acoo acop acoq = xmc rxg qex mzt
zrn acoo acop = ubo ksz
zro acoo = adu ioe woq
zrp = drh
zrq acoo = qqm
zrr acoq acoo acop = nsr
zrs acop acoo = xyv
zrt acoq acop acoo = vlg fbi qqx ayg
zru = abjr
zrv acoq acop acoo = abzo cjr rok sht
zrw acoo = man cqt (rha pqi)
zrx acoo = wxx
zry = ado
zrz acop acoo acoq = smj aaf pry
zsa acop acoo acoq = iqa
zsb acoo acop = aol
zsc acoq acop acoo = tda wgn two fy lpi
zsd acop acoo = mll lnx vjd
zse = aaqz ykf
zsf acop acoo = abof
zsg acoq acop acoo = fut hkl mcs
zsh acoo acop = aabv
zsi acop acoq acoo = sos
zsj = pch ujv
zsk acoq acop acoo = wpm
zsl acop acoo = upx fng gfs
zsm = ygp
zsn = aakw acgv
zso acop acoo = qtk
zsp acoq acoo acop = emm
zsq acoo acop = oxl aamh
zsr acop acoq acoo = etq
zss = aju
zst acoo acop = tga zvi
zsu = azs ikn aem
zsv = fvs
zsw acoq acoo acop = gry
zsx = oli
zsy acoo = eej sfc yph abrd
zsz acoq acoo acop = haf
zta acoo = oeh
ztb acoo acop acoq = jcm
ztc acoo acop = zkc tef
ztd acoo acoq acop = aml
zte acoo = aceo aasa wys yit
ztf = nsb vvz qhr aabz
ztg acoo acop = lsr
zth acoo = tid
zti acoo = bps ljp vp aacg
ztj acoo = tlu
ztk = wkp
ztl = isk z clu
ztm = gmq (mly kv)
ztn = cuu (wsd mrt)
zto acoo acop = oax
ztp acoo = dbj dbv trv
ztq = ifg uxb zif
ztr = abpq
zts acoo acop = hxj hib absg
ztt acoo acop = rim
ztu acoo = dqj
ztv acop acoq acoo = idx brd
ztw acoo = ncs yfv
ztx acoo acop = hfh abut iwd leu
zty acoo = wtv
ztz acoo = azx
zua acoo = hrs
zub acoo = pef
zuc acoo = ngq
zud acoo = aaup rey lbm
zue = ktw
zuf acoo = asm bzr
zug acoo acop acoq = ond
zuh = lbi tw
zui acop acoo = obi
zuj acop acoo acoq = bfc (svz aqp)
zuk acop acoo = dfc tqi pyp
zul = hlw
zum acoo = fzz tbl pnm ml rwp
zun acoo acoq acop = szy lqj qyn vgi
zuo acoo = ylu nsj
zup acoo = dkg
zuq acoo = sa tdo ebt
zur = xzi
zus = dbp cqh
zut acop acoo = awn
zuu = row acfc bbg qdi qqw
zuv acoo = aatn iak xtr dbw
zuw = opg (zar hd) ply
zux acop acoo = twc gxn ahu nzo
zuy acop acoo = swf fyj xvu pzw
zuz acoo = enk
zva acoo = jit
zvb acoo = abjp
zvc acoo = qbh
zvd acoo acop = fcz
zve acoo = vjt khh lik
zvf = fve
zvg = aen ger
zvh = wlw
zvi acop acoo acoq = sgv
zvj = kwx abng etd
zvk acop acoo acoq = ods
zvl = tnc
zvm acoq acop acoo = jcd
zvn = jzz
zvo acop acoo acoq = bvu voe
zvp = xkt gwy aaxy
zvq = abw
zvr acop acoq acoo = wub
zvs acop acoq acoo = nok zrd vgn knd abfc
zvt acoo acoq acop = wgb
zvu = tyb dqa hwj nav
zvv acoo acop acoq = zdq
zvw = pjp ycr
zvx acoo acoq acop = qfz vcm nfj use
zvy acoo acoq acop = kvc
zvz = our iev yju gfr fcl
zwa acoo acop = iit
zwb acoo = ntf
zwc acoq acoo acop = abkm mxk wtp nbv
zwd acoo = eds ndk
zwe acoo acop = law
zwf acoo acop acoq = swa
zwg acoq acop acoo = gab
zwh acop acoo acoq = vjh rdy ldo szv
zwi acoo = abgi mfx
zwj acoo acop acoq = sxt
zwk acop acoo acoq = fuh nah
zwl acop acoo = muz ovu eai
zwm acoo acoq acop = xdc
zwn acoo acop = abvq
zwo = lgo
zwp = gar
zwq acop acoo = rsw
zwr acoo acop = zos aamg
zws acoq acop acoo = zja
zwt acop acoo = wto
zwu acoo acop = vkp
zwv = ren km rzp lsp
zww acoo acop = slq brw
zwx acoo acop = dxx
zwy = noy khz ipo
zwz acoo = fxz
zxa acop acoo acoq = tbb
zxb = qde vem rzv znl
zxc acoo = dyj
zxd acoo = aaca
zxe acoo = xsg
zxf acoo = acal
zxg = nmk
zxh acoo = ona aask ung
zxi acop acoo = bjo ztv vhu jmy
zxj = sst
zxk acoo acoq acop = cqi qwg zjp
zxl = abmg htr
zxm acoo = aawc lah vps
zxn acop acoo acoq = atl
zxo acoo = qso lly zet vbc
zxp = tnj osg hyg abuk
zxq acop acoo = mja
zxr acoo = tnc
zxs acoo acop = abrq (ica kys)
zxt acoo = qgi
zxu acoo = mlf uuo
zxv acoo = tio
zxw acoo acop = nqp whw zpb
zxx = igb
zxy = gyz pyh
zxz acop acoq acoo = lnc zll
zya acop acoo = bly
zyb acoo acop = pwi fd gt mpx bhy
zyc acoo = pvo
zyd = gfd fip
zye acop acoo = bom
zyf acop acoo acoq = oes trn
zyg acoq acop acoo = abdk jec
zyh acop acoo = hnt
zyi = lkg abxf iys
zyj = cym
zyk = vid
zyl acoo = afh
zym acoo acop = aabu ymj
zyn acoo acop = rfd gb brv
zyo acoo acop = iej nzf pqh
zyp acoo = js aakq smk
zyq = lob
zyr acoo = paa
zys acoo = dnt
zyt acop acoq acoo = utm
zyu acoo acop = acjl
zyv acoo = piq ngh cpb
zyw acoo = eqx xjq tfe
zyx = aahb qwy ovw
zyy acoo = btw
zyz acoo acoq acop = ryx
zza acop acoo = ugb ovm
zzb = hiv tea zbo pnc
zzc = tuz
zzd = acng abul
zze acoo acop = aamr vjo
zzf acop acoq acoo = mvn acjp
zzg acop acoo acoq = jhr rus
zzh acoo acop = abie
zzi acop acoo = absg
zzj acoq acop acoo = soa xgz oov iva
zzk acoo acop acoq = ryt
zzl acoo = ltz ugj
zzm acoo acop acoq = lte
zzn acoo = abag
zzo acoq acoo acop = kkd
zzp = gdp
zzq acoo = knd pfh bbb ekb aof
zzr acoo = aadm vxa yrt
zzs = mud pro qwr
zzt acop acoo acoq = aavl khr ndy
zzu acoo = hpf
zzv acoo = epw
zzw = tjc
zzx acoo = mcg
zzy acoo = wfo weh
zzz acoo acop = ppu pvf fey
aaaa acoo = fmg
aaab = gfk
aaac = rnb unv
aaad acoo acop = bfj
aaae acop acoo acoq = aaoh
aaaf acoo acop = obs khf
aaag acoq acoo acop = ydw uzb
aaah acoq acoo acop = bcw
aaai = tgd mma
aaaj acoq acop acoo = axt ww ktp
aaak = aadx
aaal = xmp
aaam acop acoq acoo = lyd
aaan = cns
aaao acoo acop = jpt aakp
aaap = xsn zui acha
aaaq acoo = mba qjz
aaar acoo acop = wsz aanp
aaas acoo acoq acop = vbi nag cth hzc
aaat acoo = nzp qeh
aaau = dsr
aaav = slo dsu
aaaw acoo acop acoq = rpx
aaax acop acoo = aayr yzw
aaay acoo = ksp acnd
aaaz = qcq
aaba = iwx
aabb = aadn
aabc acoq acoo acop = fkc
aabd acop acoo = aasw
aabe acop acoo = srs rzl
aabf acoo = mnt dff
aabg = ckd
aabh acoo acoq acop = dch
aabi = dkv
aabj acoo = pmt
aabk acoq acoo acop = mup
aabl acop acoo acoq = yfp
aabm = qog
aabn acoo acop = mgc
aabo acoo = ulk
aabp acop acoo = beg
aabq acoq acop acoo = xc
aabr acoo = xll
aabs acoo = zpn tio
aabt acoo acop = bxd
aabu = bum tbj imn tbr
aabv acoo acop = kl
aabw acoo acop = osz gtd
aabx acoo = wki (bgv qqd)
aaby acoo acop = jtf jvj
aabz acoo = pra
aaca acop acoo = tfr
aacb acop acoo acoq = xzm
aacc acop acoo = mbs mso tuh iiz
aacd acoo acop acoq = huk clx
aace = xdl
aacf acop acoq acoo = ksq (jur qvx)
aacg = xlp upr ftt ddh
aach acoo acop = bwh fsp oou owb zrz
aaci = twp
aacj = awl eax olw mt ciz
aack acop acoq acoo = zgx phb
aacl = fxm vxw
aacm acoo = mpq pxd
aacn = xvu
aaco acoq acoo acop = ytq agz jus
aacp acoo acop = cof xhg
aacq = lal (yav eli acgs)
aacr = reh kk
aacs = kga (dcg idj qcm qqp)
aact acoo = pdf mut
aacu acoo acop = cpy
aacv = bju
aacw acop acoo = xys fbh aajy lnt
aacx acop acoq acoo = mqw
aacy acoo = abfp
aacz acoo = jyd
aada = pce
aadb acoo = nnm
aadc acop acoo = ufv wcs ymh ybb
aadd acop acoq acoo = mds jvg cal jed
aade = xqo nyb rll aaql
aadf acoo = vdx znh
aadg = zhm rdm
aadh acoo acop = vxc gcp
aadi acoo acop = xtj fak
aadj acoo acoq acop = yyg
aadk acoq acoo acop = hjm nit
aadl acoo acop = apf lvj urx gjl
aadm acoo = uug bxx yoy
aadn = hne
aado acoo acop = pfq ubd
aadp acoo acop acoq = heh gta tov
aadq acoo = opa oio
aadr acop acoq acoo = aamy
aads = gfj
aadt = xph esp
aadu = yqk
aadv acoq acop acoo = vzm plx gkb
aadw acoo = ugl
aadx acoo acop = soh soj
aady acop acoq acoo = abfg
aadz acoo = bmv mke cdo aaco
aaea acoo = jbb ifh gzh rbg
aaeb acoo = zov
aaec acoo acop = pdq cvx gbx
aaed acop acoo = svo imd
aaee acoo = dal dpy uwm
aaef acop acoo = uot
aaeg acop acoo = owr
aaeh acoo = yj
aaei acoo acop = jkh
aaej acoo = btl
aaek = gpx
aael acoo acoq acop = igl rkm
aaem = eoz
aaen acoo = zeu vwg
aaeo acoo acop = wii
aaep = dcu
aaeq acoq acoo acop = afg
aaer acoo acop = dyw
aaes acoo = gvl ssd dbq
aaet acoo acop acoq = acdt wvq iqq
aaeu acoo acoq acop = yyx
aaev acoq acoo acop = mrq ivg ein (qyz toa)
aaew = ler
aaex = ymq vtk aciw
aaey acoo acop = shs xwi
aaez acoo acop = shs kqh mpd mit
aafa acoo acop = hjv wnx iyi qmv
aafb acoo acoq acop = aajc
aafc = cxm (abms rrn)
aafd acoo acop = yce foi
aafe acoo acop = ozg
aaff acoo acop = aane gcl
aafg acoo = mib dbc
aafh = bcd kkp
aafi = zen
aafj acoq acoo acop = zrw
aafk = bqr
aafl acoo acop = tif
aafm acoo acop = zcm
aafn acoo acop = lzt
aafo acoq acop acoo = nxc paf
aafp acoq acoo acop = edh nhp
aafq acoq acoo acop = cxn
aafr = abaq nxw isk got
aafs acop acoo acoq = mxp
aaft acop acoo = mdi abcp
aafu = uwb
aafv acoo = egt
aafw = hqs
aafx acoo = zlj
aafy acop acoo = nzl mgd abet
aafz acoo = fyr
aaga = lhb
aagb acop acoo = uly
aagc acoq acoo acop = nro
aagd acoq acoo acop = vms
aage = aaja due
aagf acoo = xsv
aagg acoo = xbq
aagh acoo acoq acop = vmz uhn dte
aagi acop acoq acoo = qyi evy ghp
aagj acoq acoo acop = yww
aagk acoo = xku
aagl = ekt wao ftk
aagm = wqj
aagn acoo acop = abli hkr llx uut
aago acoo acop acoq = ets isy
aagp acoo = qsb
aagq = ttm
aagr = izn
aags acoo acop = ado
aagt acop acoq acoo = ncl
aagu acoo acop = iuh
aagv acoo = eya
aagw = uam
aagx = gbh
aagy acoo acop acoq = lew
aagz acoo acop acoq = iof
aaha = xpd rkq hvt vfa oay
aahb acoq acop acoo = zqy sht
aahc acoq acoo acop = irn esr hlj
aahd acoo acop acoq = mmt eem unv
aahe acoo acop = rso szp pii
aahf = qrg ctm
aahg = gwr tjp
aahh acoq acoo acop = bwc ysj iix
aahi acoo acop = ign ivt
aahj = yvf
aahk acop acoo acoq = fcr edj
aahl acoq acoo acop = eyh woa uhf
aahm acoo = ecs fty
aahn acoq acoo acop = dik ydz aafz
aaho acop acoq acoo = ycu wue klj
aahp acoo acop = nfg
aahq acoo = rka qqe hzi
aahr acoo acop = msx
aahs acoo = zsy
aaht = zbz osz
aahu acoo = bnh
aahv acop acoo = siu
aahw = jre
aahx acoo acop = gvk
aahy acoo acop acoq = yfh geb qbq
aahz = xqz
aaia acoo = xnx mla
aaib acop acoo = tgf (snb str dxk)
aaic acoq acop acoo = aau tbf zkx
aaid = sg kvt slj
aaie acop acoo = rrp
aaif acoo = skn
aaig acoq acoo acop = pmo nqa mpu aaht
aaih acoo = jxw
aaii = vqo
aaij acoo = yyt
aaik acoo = muo abqd vzz
aail = fmz
aaim acoo acop acoq = iek whe qxs maa
aain acoo = tnl
aaio acoo acoq acop = mip vjo
aaip = bxl
aaiq acoo acop = aajf zhq
aair acop acoo = psi taa
aais = kje
aait acoq acop acoo = acfs
aaiu acoo = tob abxm aage
aaiv = qya eld
aaiw acoq acop acoo = qat
aaix acop acoo acoq = mwh
aaiy acoq acoo acop = qyx sg xhz
aaiz acop acoo = sve
aaja acoo = smf
aajb acop acoo = aazr
aajc = wqs nl nlk
aajd acoo = zdx ukw kre
aaje acop acoo = ngd
aajf acoo = gur ngg abgb bfv
aajg acop acoo = kpf bve gnt
aajh acoo acop acoq = uch ixv
aaji acoo acop acoq = abuy
aajj = dze
aajk acoo = rbx
aajl acoo acop acoq = bhu
aajm acoo acoq acop = ejp pil
aajn acoq acoo acop = jfx aazy qdb abqe
aajo acop acoq acoo = bkm vbc
aajp = pkr urd
aajq acoq acoo acop = brx bwi kun cdc zkz
aajr acoo = vpg
aajs = aafa
aajt acoo = jkq tjd ye
aaju = tbj
aajv acop acoo = eym
aajw acoq acop acoo = iul
aajx acoo = yse
aajy acop acoo = nse
aajz acoo = kfq (jws wkd aauj)
aaka = tfm soa tmz
aakb acop acoo acoq = sfv vuv ghn
aakc acop acoo acoq = pxb
aakd acoq acop acoo = yny
aake acop acoo acoq = vfv
aakf acoo = izk
aakg acop acoo = vwu zfs
aakh acoq acoo acop = fns ldd nrj
aaki acoo acop acoq = abmv xvd
aakj = zax
aakk acop acoo = aakv
aakl acoo acop acoq = wfa kyd faw
aakm acoo acop = uws jwf bzv
aakn acoo = weo
aako acop acoo acoq = jkq wfy
aakp acoo = clv vec
aakq = pfi zrt
aakr acoq acop acoo = lda
aaks acoo acop acoq = jnf kqd
aakt acoo acoq acop = uiu xno
aaku acop acoo = oqj egt ti dnp
aakv = ide
aakw acoq acop acoo = ejk
aakx acop acoo = wou
aaky acoo acop = icx toe jld qcq ltm
aakz = tmi
aala acoo acop acoq = aclh
aalb acop acoo = lez
aalc acoo = duu
aald = cl
aale acoo acop acoq = dkc
aalf acoo = ivi rwr acoe
aalg acoo acop = bjr bee pkh
aalh acoq acoo acop = vcu nmr
aali = dod
aalj acoo = tjy
aalk acop acoq acoo = mjg
aall = mmv mvs
aalm acop acoo = pou sgv vpt
aaln acoo acop = fmu aamc
aalo acoo = ah dai mex ljg
aalp = ciy
aalq acop acoq acoo = aaoq
aalr acoo acop = jrh
aals acoo = eoi
aalt acop acoq acoo = omd viq
aalu acoq acoo acop = myr
aalv acoo acop = rxz
aalw acop acoo = gwl
aalx = feo zyz
aaly acoo = mev
aalz acoo acop = kqy
aama acoq acop acoo = zoz ysd
aamb acoo = wdn bgy eln
aamc acop acoo = acbk hur (rwl wnm)
aamd acoo = ablr
aame acoo = tvb (lfg jtn hyf)
aamf acoo = hdg
aamg acoo acop acoq = ubi bac
aamh acoo acop = rie
aami acoq acop acoo = abze xaq
aamj acop acoo = oki
aamk acoo acop acoq = cym cvw
aaml acop acoq acoo = iha
aamm = ddx ghp ipi
aamn acop acoo = abut gaf pz
aamo acoo = fmj
aamp acoq acop acoo = lib
aamq acop acoo acoq = bfw kab
aamr acoo = vdu
aams acoo = uyg epr aahi
aamt = bvp kjp non eyn
aamu acoo acop acoq = zyq
aamv = fug fcx akl pij
aamw acoo acop = ntl cwm mpv ajs
aamx = phx zik acjn
aamy = kit
aamz acop acoo = uva
aana acoo acop = hiw
aanb acoo = abrt
aanc = mts
aand = tgr abxe xps ibm
aane acop acoo = crl lmx qym
aanf acoo = kwv eeg ma
aang acop acoq acoo = uvh
aanh acoo acop = aaap
aani = aaqe
aanj acop acoo acoq = nap pl gcb fy
aank acoo acop = nmb cne hwg gwi mcb
aanl acoo = lpr
aanm = fnw gho
aann = rsf
aano acoo = mfz
aanp acoo = skw
aanq acoo acop = kbj
aanr acoo acop = tnd
aans acoq acoo acop = tfa wco acin wui
aant acoq acoo acop = eug
aanu acoo = qhi
aanv acoo acop = chw uic
aanw acoo acop acoq = gbz
aanx acoq acoo acop = wub
aany acoo acop acoq = gym ajv (xpf iii)
aanz acoo = dpu ijc nie rjc
aaoa acoo acop = udu cdg
aaob acoo acop = aay tgx hqb nyj
aaoc acop acoq acoo = udg bht wkc
aaod = lmy
aaoe acoo = and sji
aaof acoo = zrc erc
aaog acoo = mdt lwa
aaoh = pnf
aaoi acoo acop acoq = bpq pbi
aaoj acop acoo = rm dhd ablu
aaok acop acoo = vcn hky zkz
aaol acop acoo = via
aaom = vig
aaon acoo acop = abnn
aaoo acoo = ynx
aaop acoo acop acoq = blh
aaoq acoo acop = pnp yyc
aaor = mre okd vds
aaos = gxi
aaot = aahg
aaou = iw cvf mbf aqw
aaov acoo acop = abhm hpl xwb
aaow acoo acop = fol (sgl aanz abrm) uer
aaox acop acoo = pfs
aaoy acoq acoo acop = abdd
aaoz = acnl itr
aapa acoq acop acoo = rqd ufy
aapb acop acoo acoq = mgy
aapc acoo acop = htv tqb
aapd acoo acoq acop = fvc fqt hcu vtg
aape acoo acop = vbh
aapf = acgq mee qgo itm wss
aapg acop acoo = nhj mtd
aaph acoo acop = hsm
aapi acoq acoo acop = eyi
aapj acoo = bac
aapk = xle
aapl = wvc (rsb mgc nqk)
aapm acoo = acad
aapn acop acoo acoq = vci jtf
aapo acoo = ejk (kun nkf mhy) kf
aapp acoo acop = ueu
aapq acoo = gar
aapr = acaj cjv
aaps acoo = byt
aapt acoo = uhw nvs
aapu acoo acop acoq = yep aec
aapv = rlg
aapw = vyn wdx jie
aapx = zza eqj yze
aapy acop acoq acoo = utn
aapz acoo = chf aox bp mmt
aaqa acoo acop acoq = hig mtd ovo yll
aaqb = duf abfv qdz
aaqc acoo = cwn ajl
aaqd acop acoo = nkj
aaqe acop acoo = jxj (vvd cwu)
aaqf acoo = jcn
aaqg = czl
aaqh = vdj
aaqi = sle szs
aaqj = awe
aaqk = avm ucu gjk
aaql = khj
aaqm acoo = xfv usc
aaqn acoo acop = acck vqs exu
aaqo acop acoo = nup yfk erz gbj
aaqp acoo = gpb
aaqq acop acoo = btc
aaqr = yup lgp ukx
aaqs acoq acoo acop = uat
aaqt acoo = ati
aaqu acoo = ulf
aaqv acoo acop = ijm
aaqw acoq acoo acop = rpc xuk
aaqx acoo = poh
aaqy acop acoo = nki
aaqz acoo acoq acop = qrg
aara acoo = veb
aarb = jnp
aarc acoo acop = qhj
aard = uiz cyz
aare acoo = csv
aarf acop acoo = wzr
aarg acoo acoq acop = efs ki
aarh acoo = uee
aari acoo = nny
aarj acoo = wvl tsx jrr mqn
aark acoo = kel (ypc abbr)
aarl acoo acop = erc
aarm acoo = acnk
aarn acoo = lxt ell rxi iak
aaro = fxv
aarp acoq acoo acop = abhr ssj zcg
aarq acoo acop = bvy
aarr acoo acoq acop = igm
aars = tsg
aart = ydk cyd
aaru acop acoq acoo = ayz
aarv acop acoo = urd
aarw acoq acop acoo = mta
aarx acop acoo = naz
aary acoo acop = iur pkx trw
aarz = zfh kyx kvs
aasa = nov
aasb acoo acoq acop = ilz
aasc acoo = cke kbp
aasd acoo = vad
aase acoo = abpy
aasf = pje imx
aasg acoo = fpc
aash = nv
aasi acoo acop = lbd jsa
aasj acoo = vhl
aask acoo = nby bnd grj
aasl acoo = fqx
aasm acoq acoo acop = nzu
aasn acoo acop acoq = wye zzf few
aaso acoo = fpc aafg
aasp acop acoo = esw tug
aasq acoo = qqh
aasr = acau abem uvr myk
aass acoq acop acoo = lzx rrj gem xto
aast = abin
aasu = dac
aasv acoq acop acoo = kmj
aasw acoo = pii xh
aasx acoo = zfz
aasy = xal
aasz acoo = absp cws gnb
aata acoo acop acoq = oba
aatb acoo = mwz ith
aatc acoo acop = kvo oku qml
aatd acoo = msx
aate acoo = yxq
aatf = aarn
aatg acoo = xdg pmv
aath acop acoo = wcr tja wsy
aati acoo = fnn
aatj acoo acop = sjm
aatk = kqj uiz
aatl acoo = enq
aatm = sjk
aatn acop acoo = fq
aato acoo acop = xcr
aatp acop acoq acoo = riw
aatq acoq acop acoo = uhd
aatr acoo acop = ucl cfa soi nzn
aats acoo acop acoq = exx
aatt acoq acop acoo = ivk
aatu = rhm
aatv acoo = zba zmd tmh
aatw acoo = kwg
aatx acoo acop = vzp uam
aaty acoo = ugz (mgl gzp ctl liu)
aatz acoo = cry uig
aaua = hss bha
aaub = njt
aauc acoo = fsv qqy nxh yit
aaud acoo acop = hch pws kag
aaue acoo = ztp
aauf acoo acop = ycr
aaug acop acoo acoq = abn agl
aauh = aum pkl aqm vws
aaui acoq acoo acop = dgt
aauj acoq acop acoo = inq aarv pht otd
aauk acop acoo = euu
aaul acoq acoo acop = tsb
aaum acop acoq acoo = ncy
aaun acoq acop acoo = tgk
aauo acoo acop acoq = ayd xem
aaup = cqb bnb ucs
aauq acop acoo = vfb
aaur acop acoo = aatf
aaus = cgp
aaut acoo acop = iyn
aauu = mxl sgl jry
aauv acoq acoo acop = gjy
aauw = rxh
aaux acoo acop acoq = pcs
aauy = fun owa
aauz = oph
aava acoo = yad achl zip zbf
aavb acoo acop = ujj
aavc acop acoo = oah uhg
aavd = abys
aave acoq acoo acop = jfc yjg
aavf acoo = dhq
aavg acoo = njo xlx nil
aavh acoo = tbd
aavi acoo = xme
aavj = eaj
aavk acoo acop = vlb uik tuc
aavl acoo = wzf rhm tpy asc oo
aavm acoo = ssj vti fod ysd
aavn acoo = aass
aavo = zfu
aavp acoo = oc
aavq = qau
aavr = zo pnq hnt
aavs acop acoo = twb cbp acda
aavt acoq acop acoo = wre
aavu acoo acop = jn
aavv = tlp
aavw acoo = acbe
aavx acoo = kur
aavy acoo = gsq fcm
aavz acoo acoq acop = gkx
aawa = cwa
aawb acoo = aqi svg (atk oyo)
aawc acoq acoo acop = wyh (pxr kxx)
aawd acoo = xeu
aawe acoo acop = yhw
aawf acop acoq acoo = dni
aawg = fha mdk
aawh acop acoo = gco
aawi acoo acop = pzj
aawj acoo acoq acop = cic zld
aawk acoo acop = wmx
aawl acoo = dwz shk
aawm acop acoo = pff
aawn acoo = aaqs
aawo acop acoo = nyp
aawp = mdb tnv jvc
aawq acoo = ckn
aawr acoo = ubm gyl
aaws acoo = urz hqf jyq
aawt = vru
aawu acop acoo = hyd
aawv = xd
aaww acop acoo = bsi ufy
aawx acop acoo = uik
aawy acoo = zir (vyx absz)
aawz acoo acop acoq = ome
aaxa = be tw abpu
aaxb acop acoo = wtx abl
aaxc acop acoo = iyu cdj
aaxd acoo acop = hmt
aaxe acop acoo = ysy
aaxf acop acoq acoo = aqv
aaxg acop acoo = yrw
aaxh acop acoo acoq = nbj
aaxi = akm phh
aaxj acoq acop acoo = abvg abxe zgz pea
aaxk acop acoq acoo = uda
aaxl acoo = mue
aaxm acoo = aajj mgi (xdj pht)
aaxn = amq abpl
aaxo acop acoo = tsx
aaxp acoo acop = dbn rez
aaxq acop acoo = xtl
aaxr acop acoo acoq = azn czg
aaxs = syg
aaxt acoo acoq acop = vyf
aaxu acoo = ayy dtz kcd cup
aaxv acoq acop acoo = es
aaxw acop acoo = nr
aaxx acop acoo = iip deq jnj
aaxy acoo = xhr gzi kns
aaxz acoo = yqs
aaya acoo = fsv lym lhj zry
aayb acoo = web lji
aayc acop acoo = awh qiu zqy
aayd acop acoq acoo = qpr
aaye = mub
aayf acop acoo = muo ihr
aayg = clg
aayh acop acoo acoq = llj (up wxf)
aayi acoq acop acoo = yez
aayj = rft fnz
aayk = abmw ydi yjf
aayl acoo = pbj jhm
aaym acoq acop acoo = bbj
aayn acoo acoq acop = lvz htj
aayo acop acoo = plg ens
aayp acoq acop acoo = xwm
aayq = gle
aayr acop acoo = vld
aays = pia
aayt acop acoo = dbu
aayu = xhx
aayv acoo = ixx
aayw acoq acop acoo = icm
aayx acoo = nji
aayy = fhh oxo ynf
aayz acoo acop acoq = kyz
aaza acoq acop acoo = wao yiy ddw
aazb = dpc mos ghk kkn
aazc = wgs mky smw utv
aazd = dlg
aaze acoo acoq acop = twa
aazf acoo = gsb eyx
aazg acop acoo = cql
aazh acop acoo = bhu nma pht
aazi = iva gcl
aazj acop acoo = jee
aazk acoo acop = lq
aazl acoo acop = phb qam uqr
aazm acop acoo = geh ruo qcu
aazn acoo = kfy rub cco abix
aazo acoq acop acoo = lbo
aazp = qok ey
aazq acoo = ablv
aazr acoo = wmd
aazs = dee jfw
aazt acop acoo acoq = sxq
aazu = sul
aazv acoo = vkt sbw (bxz kst)
aazw acoo = obl
aazx acoo = ryu
aazy acoo acop = lin koi
aazz = yoh pts
abaa acoo = aql tqx
abab = nda
abac = ypi
abad acoo = eak
abae acop acoo = ohw
abaf acoo = yjn
abag acoo = qbh (kcd aavs abz)
abah acoq acop acoo = gsw (bfv ymu)
abai acop acoo = irl aazj
abaj acoo acop = cuy
abak acoo = lyj
abal acop acoo = wut
abam acoo acop = sbi xbg
aban acop acoo acoq = aaxf
abao acoo acop acoq = viz gnc ueb
abap acoo = qeq
abaq = pkt xve
abar acoo = zbb
abas acoo acop = qvg
abat acoo = xhh vnl kle
abau acoo = oy
abav = acko imh
abaw acoo acop = kwu xzo zlt
abax acoo = aagu
abay acop acoo = txc
abaz acoo acop = aadv
abba acoo acop = xio
abbb acoo acop = wfw
abbc acop acoo = zwr
abbd acop acoo = exb (dqd qxk gug)
abbe acoo acoq acop = phq esy aru iyj
abbf = abdz
abbg = iic hch hio iwk
abbh acoo = abih sha
abbi acoo = kcx hsp
abbj acoo = abqi
abbk = qgi
abbl = abuv
abbm acoo = ipx php fzo qlu
abbn = rct
abbo = ouo
abbp acoo = nvm
abbq acoo = pla yhh
abbr acoq acoo acop = cor
abbs = yog
abbt acoq acoo acop = czx
abbu acop acoo = acjs
abbv acop acoo = uhz bfm
abbw acoo acop = wki yrh ipf
abbx acoo acop = alk rcu
abby = bup pkr
abbz acoo = pxs
abca acoo acop = yii
abcb acoo = ybq
abcc acop acoo = jws
abcd acoo = kdp
abce acop acoo = zdd
abcf acoo acoq acop = dhd
abcg acop acoq acoo = hva xpr gvq
abch acoo acop = aaxy ad
abci acoo acop = aali qec
abcj acop acoo acoq = obp
abck acop acoq acoo = uhq abuh
abcl acoo acop = lbi mqf vzk hxs
abcm acoo acop acoq = ryv
abcn acop acoo = kpg
abco = mdx kvi jmx
abcp = vuc
abcq acoo = zot mmv
abcr acoo acop acoq = wrt
abcs = fwj abvm
abct acoo acop = nnv
abcu acop acoo = cmy aaqq psx
abcv = fds mam
abcw acoo acop = aayn
abcx acoo = djv
abcy = fid
abcz acoq acop acoo = nfc
abda = zbv ptj
abdb acoo acop acoq = xsk sdt
abdc = md
abdd acoq acop acoo = aci
abde acop acoo = abiz
abdf acop acoo = zwe cha acip wit ytv
abdg acop acoo = nlf
abdh acoo = acid dyy urp
abdi acoo acoq acop = hdq
abdj acoo = bkh ior exn
abdk acop acoo acoq = ygl xsk (rft mrp)
abdl acoo acoq acop = cba
abdm acoo = exm
abdn acoo acop = qng
abdo acoo acoq acop = fcg
abdp acoo = ryw ql jqe vrk
abdq acoo acop = unw smy
abdr acop acoo = wop
abds = uvg
abdt = iof aaxd
abdu = jia aabc
abdv acoo acop = afx
abdw acoq acoo acop = pyu ty
abdx acoo acop = jyk tit jbh nza iqg
abdy acoo = acbw imc xpq qfz
abdz acoq acoo acop = cfc ovo
abea acoo = lbk
abeb = qeb
abec acoo acoq acop = uam ixo abaz
abed acop acoq acoo = wpa xku qjl lzg djk
abee acoo = pby hys
abef = miy
abeg = erj
abeh acoo = nxd bbc
abei = tpc
abej acoq acoo acop = aapa
abek acop acoq acoo = ima
abel acoq acop acoo = ddn mkw oeb
abem acoo = jtf
aben = vif yed
abeo acoo = avr
abep acoq acop acoo = dxv fnz dgr qkd cwk
abeq = cpf wmw fbq
aber acoo acop acoq = pbl
abes acoq acop acoo = txl
abet = ouo (brx mkr)
abeu acoo = hbo
abev = jyp
abew = osc
abex acoq acoo acop = tmq gdb
abey = rou rex
abez acoo acop = vfl btx
abfa acoo acop = ejv
abfb acoq acop acoo = aaby ibc joa
abfc acoo acop = oot
abfd acop acoq acoo = hlg
abfe acop acoo = ysf
abff acop acoo = gxk seq
abfg acoo = lhr
abfh = ed
abfi = kir
abfj acoo = bmw wva
abfk acoo acop acoq = jj
abfl acoq acoo acop = abyo ant
abfm acoo = vbb
abfn = qvm eyh
abfo acoo = aayj pqz zux
abfp acoo = arc iwv
abfq acop acoo = xcq mzv
abfr = fxu qyf
abfs = xrh qbc
abft acoo acop = hie lfe
abfu acoq acoo acop = guw suy bcz
abfv acoo acop = tqf nfi
abfw acoo = gbw
abfx acoo acop = dyu (qzs mng gny) cus
abfy acoo = orb (aayh est)
abfz acop acoo = cat
abga acoo acop = lmd
abgb = mva raf dtu
abgc acop acoo = aace
abgd = tnp
abge acoo = slj rbo
abgf acoo = mkx
abgg = ihw lar thf
abgh acoo = zo
abgi acoo = ryb clv
abgj acoo acoq acop = wdg
abgk = wbj kdz gh hzb
abgl = ajl
abgm acop acoo = wcj
abgn acop acoo = kcx ackk
abgo acoo = uur
abgp acop acoo acoq = puv pvg
abgq acop acoo = fez
abgr acoo acop = pct
abgs acop acoo = esf tze
abgt acoo acop = ciu ark
abgu acoo acoq acop = aqj
abgv = tjw
abgw acoo acoq acop = uxm lsi
abgx acoq acop acoo = absi yss
abgy acoo = acnn
abgz acop acoo = gzv
abha = eqa
abhb acoo acoq acop = aclf
abhc acop acoo = dmj
abhd acop acoq acoo = uxr hek suo oyi
abhe acoo acop = abgr
abhf acoo = pgc (mty kaw)
abhg = som cft
abhh acoo acop = fsx pkw znd gkp
abhi acoo acop acoq = acac mao abwh
abhj acoo acop = kxn
abhk = iqq
abhl acoq acop acoo = hhk pfh ilm
abhm acop acoo = tzm
abhn acop acoo = acdp
abho acoo acop = aaah
abhp acoo = iho ctx
abhq acoo = zkc ufe
abhr acoo = rmq zpu
abhs acoo = qtg
abht acoo = umr hig ndh
abhu acoo = abrr (hco gce)
abhv acoq acoo acop = wik
abhw acoo = kbm
abhx acoo = fvo
abhy = lsm
abhz acoo = lcq
abia = vqh
abib acoo acop acoq = odk zwu
abic acoo acop = yju
abid = vsf eba aakj
abie acoo acop acoq = xnv myt
abif = aaxp
abig acoo = azw
abih acoo acop acoq = iom
abii acop acoq acoo = nun hjm (fhh phs)
abij acoo acoq acop = elt rei
abik acoo = hcl
abil acoq acop acoo = chh absg mbc bkp
abim = ache
abin acoo = phg xeh aanh tiu qg
abio acoo acop = ukg
abip acoo = aakx abmc
abiq acop acoq acoo = avu
abir = tjs ldh
abis acoq acop acoo = xez kee sbh zmu
abit = euu rwk
abiu = ote
abiv acoo = liq
abiw acoq acop acoo = wvi
abix acoo acop acoq = fsd xdu
abiy acoo = acns
abiz acop acoq acoo = iwv
abja = uiz
abjb = lzq wnw hba kce
abjc = xan
abjd acoq acoo acop = vae
abje acoo acop = iau xbw xcd
abjf acoo acop acoq = afe
abjg acoq acop acoo = zsp
abjh acoo acoq acop = msy
abji acop acoo = aazj
abjj acoo acop acoq = abld (sqq was)
abjk = cwl qdm ujm abw
abjl acop acoo = wxk
abjm = loe akg vqz
abjn acoo acop = iyc uuf
abjo acoo acop = uko
abjp acop acoo acoq = fpq whz gxx loi
abjq = cwk
abjr acoo acop acoq = gms wrh dqi tdc
abjs acoo = rkr (gpb bjp ofy)
abjt acoo acop = aju
abju acop acoq acoo = viy
abjv = yvr xms
abjw acoo acop acoq = gko zpz pvb
abjx acoo = tyq oiq ins
abjy = nlb
abjz = hfj
abka acop acoo = ylh
abkb acoq acoo acop = vcm
abkc = ycv hcm
abkd = jms
abke acoo acop = qrg
abkf acop acoo = fs
abkg acop acoo acoq = pgl wer uji
abkh acoo = dhn
abki acoq acoo acop = vfl pqn
abkj = mnt
abkk acop acoo = usq
abkl = abww ddw
abkm acop acoo = sot
abkn acoo = aacp goy
abko acoo acop = yyg
abkp acoo = yla
abkq acoq acop acoo = biw ifw qjx
abkr acoo acop acoq = irg iuw
abks acop acoq acoo = unz
abkt acop acoo acoq = bly hcx bzr hlu
abku acop acoq acoo = ikh aavb rmh
abkv acop acoo = iwz
abkw = bnt
abkx acoo acop = ank
abky acop acoq acoo = jrn uom
abkz = opt knb zys
abla acop acoo acoq = thu wgc
ablb acop acoo = eiy
ablc acop acoo = yos
abld = plm
able = xir
ablf acoo acop acoq = naw
ablg acoo acop = scp (oyw akg)
ablh acop acoq acoo = lnl
abli acop acoo = dy
ablj acop acoo = nnc ljp
ablk acop acoq acoo = ngq fki
abll = nqg
ablm acop acoo = dqq (ter bss)
abln acoo = sky pwu kdh
ablo acoq acoo acop = nmr gts
ablp = vmw
ablq acop acoq acoo = ggc
ablr acop acoo = vir aaet abrw gwd
abls acop acoo = rxl
ablt acoo = flk
ablu = izc kxh
ablv acoq acop acoo = glg ytt vuw peh
ablw = gqv acoa
ablx acoo acop acoq = xsz pqp
ably acoo = xjw
ablz = fep
abma acoo acop = vxy
abmb = yga
abmc acoq acoo acop = kxv kly lsw
abmd acoo = vwl uno
abme acoo = lgz pay
abmf acoo acop = uwr
abmg acop acoo = hon
abmh acoo = bku
abmi acop acoq acoo = eg
abmj = xfl fbb
abmk acoq acop acoo = sqg gxh
abml = czu rij ijf wuk
abmm = gpc
abmn acoo = sur
abmo acoo = vnk qxt
abmp acoo acoq acop = ro
abmq acop acoq acoo = ihz
abmr = zfu
abms = wak
abmt acoo acop acoq = gru apr edm
abmu acoo acop = pnm
abmv acoo = jnf zkp
abmw acop acoo = cdo mxo qkb aaez zbg
abmx acoo = czj nlq
abmy = vcm tqt kfm lsr
abmz acop acoq acoo = zni
abna = dbc tam acbl uwb
abnb acoq acoo acop = eqq igg
abnc acoo acoq acop = kao
abnd acop acoo = pzt zfm aaox
abne acoo = nfc os
abnf = mag aaan
abng acoq acoo acop = lum
abnh = mkk zyt
abni acop acoo = igs yiy
abnj acoq acoo acop = sp
abnk = age baq abyc
abnl acoo = aaep
abnm acop acoo = pgs
abnn acoo = ackt zht
abno = cnh
abnp acoo = eeg ggh rwo
abnq acoo = mkn
abnr acoo = ifz
abns acoo = abix qng
abnt acoo = szr
abnu acoo acop = pwx
abnv = abvm
abnw acoo acop = kmz mli jdl
abnx acoo acop = absb cjd bvu
abny = ccq jaj aawe srj
abnz = ohs wp oas
aboa acoo = wsb fev pbd
abob = eav
aboc acoo acop = njb qbh dtf
abod = yor
aboe acoq acoo acop = dvl rwd qs eho
abof acoo = aavy
abog = izw
aboh acoq acoo acop = onv
aboi = ihy xfe fgs
aboj acoo acoq acop = ojq ldk ehr gfk
abok = krw
abol acoo = apz
abom = mbt ibp qdp
abon acop acoo = gza wts
aboo acop acoo acoq = bzo yqm dao pph eny
abop = ztm
aboq acoo = bwn
abor = xmy jgn
abos acoo acop = iih nrb air
abot acop acoo = ncw
abou acoo = qkp rhq
abov acoq acoo acop = xxq
abow acoo = dnm lkb dlq xtp
abox acoo = lui opc afi xmc
aboy = plc
aboz acop acoo acoq = xjg
abpa acop acoq acoo = qih
abpb acop acoo acoq = yao abtm oim
abpc = qra la
abpd = nza
abpe acoq acoo acop = pym
abpf acop acoo acoq = fow
abpg acoo acop acoq = toc
abph = wji
abpi acoq acop acoo = hgy sci (gvu vsi) zzb
abpj acop acoq acoo = xac
abpk acop acoo acoq = abvt dbc ksv
abpl acoo acop acoq = mbv
abpm acoo = pxr
abpn acop acoo = npt
abpo = uap
abpp = hbu
abpq acoo = kuy
abpr acoo = afj aod dvu rp
abps = aaag
abpt acoo acop = lcy
abpu = zn
abpv acoo = uqr
abpw acoo acop = zhz
abpx = zpp
abpy acoo acoq acop = zkw
abpz acoo acoq acop = tus dji ula rby nmy
abqa acoq acop acoo = uqs
abqb = ldu yhg
abqc acop acoo acoq = vlu xmq
abqd acoo = qbf (vvo nzb)
abqe acoq acop acoo = ujf wob kul ulr
abqf acoq acop acoo = fqz
abqg = bxj ocb (gob tic aal)
abqh = yrx obv
abqi = fzh
abqj acoq acoo acop = kiw lwp rmm
abqk acoo = mdr
abql acoq acoo acop = fyq abra
abqm acoq acop acoo = ygt
abqn acoo = th jtd rik svm
abqo acoo = yax
abqp = qnt
abqq acoo = hyg
abqr acop acoo = fwu
abqs acop acoo = aig
abqt = rlx
abqu acoo acop acoq = hde xlu dgu (pml hjw)
abqv acop acoo = has
abqw = pil bre
abqx acoq acop acoo = shl
abqy acoo acop = bpl
abqz acoo acop acoq = uei
abra acop acoq acoo = tnb zs qqb
abrb acoo acop acoq = aazd vpt cyw
abrc acoo = jtx nmm jay
abrd acoo = itl
abre acoo acop = qph
abrf acoo = ixm
abrg = yph db vhv gsg uxn
abrh acoo = mqt ecu
abri = uoo kzq
abrj acoo acop = zrz pws qwf pqs
abrk acoo = wfj
abrl acop acoq acoo = yxy
abrm acoo = abqu gas oda op
abrn acoq acop acoo = rwx
abro acoo = aez
abrp acoo acoq acop = pvl mzp
abrq acop acoo = chw gso ajy
abrr acoo = azt
abrs acoo acop acoq = rqc tld ajy abof
abrt = uoq
abru acoo acop acoq = mry
abrv acoo = lmz
abrw acoo = aamv kkt
abrx acoo acop = abel rcf tql
abry acoo acop = biv
abrz acoo acop acoq = amq bii
absa = jqt nqk htw llh
absb acop acoo = lwz vl vkm eju
absc = olf ew
absd acoq acoo acop = hhi
abse = hrm utq xgd
absf = yrb cse exg vfy
absg acoo = rki bgs
absh = wnq ffe kcf
absi = yqv
absj acoo acop = xmc
absk = qno okx yfy jzl
absl acoq acop acoo = qcu
absm acoo acop = dkf
absn acop acoq acoo = ugs
abso acoq acoo acop = foc ijc qcq
absp = jhl
absq acop acoo acoq = plt
absr acop acoq acoo = yfv
abss acop acoo acoq = acol
abst acoo = wij umw
absu acoo = xly
absv acop acoq acoo = aaet
absw acoo = pin
absx acoo = hjy
absy acoo acop = aatp
absz acoo acop acoq = bxe yqy ij
abta acop acoo = vdk
abtb acoq acop acoo = xzu
abtc acoo = abzu
abtd acoo = crm wbd nfp
abte acoo = ckx
abtf acop acoo = vic osm
abtg = otk avu bkq
abth acop acoo = oyy
abti = teb bld yev
abtj acoo = bve
abtk acoo = tme icv xom
abtl acop acoo = rwd xed rsz
abtm = wkw
abtn acop acoo acoq = tmt
abto = xwu
abtp acoo = abz xqn
abtq acoo = vgw
abtr = lgq qvs
abts acoq acoo acop = ux nud acnf
abtt acoo acop = sky
abtu acoo = caj
abtv acoo acoq acop = elc
abtw = toh
abtx acop acoo = sda rpy ozt
abty acoo = ukb
abtz acoq acoo acop = rym lve owu vst civ
abua = gpi wwl xds
abub acoo = odw aate rft miq
abuc acop acoo = ctj acjd jbj
abud acoq acoo acop = vky
abue acop acoo = bhc
abuf acoo acop = rwo
abug acoo acop = aasx xiz
abuh = qbj
abui acoo = mpg (wwe uww)
abuj acoo acop = szf
abuk acop acoo = qeq xhn
abul = ugd
abum = mvc
abun = fqs mfn abib pls
abuo = srt tqx
abup = abye
abuq acop acoo = qey abjf
abur acoo acop = xup oar ude
abus acoo = ir ole
abut = nho
abuu = qoo crk gzv wdb
abuv acoo = txc
abuw acop acoo = dbj
abux = flw mqn gac ron yec
abuy = bve ady bhf
abuz acoo acoq acop = xgg
abva acoo = aagg mmo bnw
abvb acoo = xzn vlt isx jna eey
abvc acoo = cig mdv
abvd acoo acop = kjg cyo
abve acoo = eht rxz
abvf acoo = avj
abvg acoo acop acoq = tvk cuj
abvh acoo = lez zvw
abvi acoo = vgw
abvj acop acoo = cni
abvk acoo = ycz
abvl acop acoo = nix xdy
abvm acop acoo acoq = oql mpz
abvn acop acoo = ixu zaq anf
abvo acop acoo = hnn
abvp acoo acop = omv
abvq acoo = imh fmv qhe
abvr = syx uuf ptm
abvs acop acoo acoq = tcy
abvt = owr cud
abvu acoo acop = xkl rsf jgk
abvv acoq acop acoo = otk pnh
abvw acoo acop = oyc
abvx acoo = jvs
abvy acoo = ymd pyz gzg
abvz acoq acop acoo = ycj
abwa acop acoq acoo = qli tdc qfm
abwb acop acoo = eud
abwc acop acoq acoo = zhj kqx
abwd acoo acop = sco mag lwf gcz
abwe acoq acoo acop = ihn
abwf acop acoo = ait nwy
abwg = nd edf
abwh = lpm ssu cff
abwi acop acoo = dfm kdo
abwj = opu qbp
abwk acoo = qlx qgr myi qcs
abwl acoq acop acoo = rix aabt ogm
abwm acop acoo = exa
abwn = sip viq ekw
abwo = wiv fjl
abwp acoo acop = xcw
abwq acoo = ypn
abwr acop acoo = tqd sce
abws acoo acop acoq = ywv
abwt = gix
abwu acoo = tyj txs gkt
abwv acop acoo acoq = aalf
abww acoo = gvk
abwx acoo = pzd
abwy = cwm
abwz acoq acoo acop = abcw
abxa acop acoo = bke wcx ngo uhg
abxb acoo acop acoq = iop gou
abxc = abai
abxd acoq acop acoo = xsw vgt fen mtf
abxe acoo acoq acop = cul
abxf = chy
abxg acop acoq acoo = ibk aboz
abxh acoo acop = acn rme
abxi = nn hsi wsx pnf
abxj = ofy
abxk acoq acoo acop = aahy
abxl acop acoq acoo = oao vgh btl mts
abxm acoo = imc
abxn acop acoq acoo = cnl pop
abxo = urk prs iha
abxp acop acoo acoq = ltd
abxq acoo acop = zwn
abxr acoo acop = wx
abxs = qhj
abxt = rmv xzf
abxu acop acoo acoq = zvb
abxv = nph jtc yki
abxw acoo acop acoq = zgp
abxx acoo = nbz
abxy acoq acop acoo = fbg bvx
abxz acoq acop acoo = uli
abya = ssa bhc
abyb acop acoo = jfc
abyc acop acoo = vyr
abyd acoo = ksl
abye acoo = acbs rgm
abyf acop acoo = dmq mbt
abyg acop acoo = sms tdq
abyh acoo = dvp
abyi acop acoo acoq = xud xxp
abyj = yte jep
abyk = mdt acig
abyl acoo acop acoq = wnr wja sqt
abym acop acoq acoo = koq
abyn acoo = ego
abyo acoo acop = dru vck ghu oby
abyp acoo acop = hfa abex mgw
abyq acoo = nwy
abyr acoq acoo acop = lyu mrr laa
abys = ixh ixu (qht pul cbl)
abyt = bpu
abyu = adc yol
abyv acoo = aauo kjy
abyw acoo = xwr hgi
abyx = ybr
abyy = a
abyz = hhm
abza = woh
abzb acoo = jqg
abzc acoq acoo acop = cfx nji
abzd acoq acoo acop = vwf
abze acoo acop acoq = yer
abzf = urz nuj tgy
abzg acoq acop acoo = mmo
abzh acoo = gar
abzi acop acoo = xmr oqc iaw kko
abzj acoo = mvh ybm hm
abzk acoo acop = xjl
abzl acop acoo = xew tqv ajl bo
abzm acoo acop = amp
abzn acop acoo = kyt
abzo acoo acop = hlk
abzp acop acoo acoq = hcl
abzq = ybl hso
abzr acoo = qqd cwp grk abwb
abzs acop acoo acoq = nug
abzt acop acoq acoo = acfy
abzu acoo acoq acop = xgf
abzv acoo = abxp aaor
abzw acoq acoo acop = xnu acan ebz izt
abzx acop acoo = flv dgo
abzy acoo = dnq
abzz acop acoo = jmh
acaa = vqp
acab = lpz
acac acoo = rde
acad = tjc inl zpc
acae = jik
acaf acoq acoo acop = abhg
acag acoo acop = jen
acah = nlq hzf avv
acai acop acoo = oqh
acaj acop acoo = cdx
acak acoo = sjz wte
acal acoo = uho (qis hzb)
acam acoo acop acoq = nas
acan acoq acop acoo = abmz otq zld
acao = acu pbz
acap = tlr jed
acaq acop acoo = ihq
acar = ypu
acas acoo acop = ukx cee sit
acat acop acoo = wip
acau acoo acop acoq = sxe
acav acoo acop = vdu
acaw acoo = uek
acax acop acoo = gcf ops
acay acop acoo = moq qho rit jjj
acaz acoo acoq acop = acdd phw
acba acoo = up aavy iyx acr pqr
acbb acoo acop acoq = szs
acbc acoo acop = tpl
acbd acop acoo = gag
acbe acoo acop acoq = rkp
acbf = abry
acbg acop acoo = fio
acbh = srj mpa rnp
acbi acoq acop acoo = wba
acbj acoo = fij
acbk acop acoo = zak
acbl = vnb
acbm = ydu hnx
acbn acoq acoo acop = uvj gob aavp
acbo = tei fls ngf xfv bks
acbp acoo = tdi ffx
acbq acop acoo = wbc kgm
acbr acoo acop = wmd
acbs acop acoo = i
acbt acop acoq acoo = fdb lfx ymb yqp
acbu acoo = wya jyt ipz lme abwo
acbv = urd sqt
acbw acoo = tel jyc
acbx acoo acop = fvh
acby acop acoo = npb
acbz acoo = smz
acca acop acoo acoq = cfv
accb acoo = zxu aaup
accc = zit
accd acoo = oah abax (sk kar)
acce acoo = mqr
accf = arb mdx
accg acoo = jys
acch acop acoo = cuc
acci acoo acop = zza bwy
accj acoo = xuh xvi
acck acoo = wkv aen fwz
accl = fxi
accm acoo acop = acfh
accn = gzv
acco acoo = ukm eos
accp acoo = oiv
accq acop acoq acoo = dpr
accr acop acoq acoo = aaid abfr
accs acoo = vnb
acct acoq acop acoo = dde avh
accu acop acoo = qgc
accv acop acoo = mww
accw = uqd abqj thm hfx
accx = uqo
accy acoq acoo acop = hhr
accz = qax
acda acoo acoq acop = nqk
acdb acop acoo = bxr qsz
acdc acoo acop acoq = npw (orv kaa gsb)
acdd = zjw stn
acde = uyg gxf
acdf = xld ook
acdg = kfe gbl abea xlp
acdh acoo acop = wgn
acdi acoo acoq acop = ysw
acdj = anr dgt
acdk = vmk asj fqf
acdl acoo = qbv
acdm acoo = inp
acdn = gqz abkl
acdo = eve
acdp acoo = gsu qtx
acdq acop acoo acoq = jji
acdr acop acoo acoq = ylh
acds acoo acop = ybr
acdt = wwh
acdu acoo acop = fas
acdv acoo = xjx
acdw acop acoo = ygs jtg
acdx acoo = hrn
acdy = saw ymu
acdz acoo = dif
acea acoo acop = gwa
aceb acoo acop = xrx
acec acop acoo = lpd ucx ynd
aced acoq acop acoo = yk mmh yir
acee acoo = ssl
acef = sge qrt
aceg acoo acop = bli abih
aceh acoo = sra
acei acop acoo = xvw
acej acoq acoo acop = zdu cxa uui gvl
acek acoo = psf njb jov njc
acel = qbc
acem = faq
acen acop acoo acoq = tpy
aceo acoo acop acoq = jmq
acep acop acoo = faq hed
aceq acoo acop acoq = uwm
acer = ofs
aces acoo = api
acet acoo = hmw rsp
aceu acoo = dxt
acev acoo = kze opv nxz ray
acew acoo = bcq dsc qph
acex acop acoq acoo = szk acht cmm
acey acop acoo = ylx cnn
acez acoo = tdr xej
acfa acoo acop = aakk xzc
acfb acop acoo = jtl asi
acfc acoo acop = uqz yjz
acfd acoo = xto hut
acfe acoo acoq acop = cpc
acff acoo = rxj
acfg acop acoo = oba pkw
acfh acoq acop acoo = wfu
acfi acoq acop acoo = jjv
acfj acoo = cvv
acfk acoo acop = ieq
acfl acoo acop = gpp uke
acfm acoo acop = azi lur vif
acfn acoo = ycv
acfo = zor (cbu achy) jpm
acfp acoo = aavv
acfq acoo acop = yvz agn (tfm kxm)
acfr acoo acop = abel kkm ucg yni
acfs acoq acoo acop = dlh eyp
acft = xgq
acfu acoo = vbb fgf nok
acfv acoo = dyt
acfw acoo = aaix aii
acfx acoq acop acoo = adc qcy pbq tts
acfy acoo = lqx yh
acfz acoo = jfv rmz
acga acoo acop acoq = kdn
acgb acoo acop acoq = jmt (ykf sah lst)
acgc = nti acha upk
acgd acoo = cxl
acge = led llj cql
acgf acop acoo = lkz
acgg acoo = ucr epc
acgh acop acoo = mqi uzk
acgi = acfu ti
acgj = qml dcn
acgk acoo acop = gjo qko
acgl = aaai wcb abix
acgm acoo acoq acop = ijr aasx
acgn acoo acop acoq = ern cqi aaox ay skp
acgo acoo acop = ltq abbn ihg jfg
acgp acoo acop = mhu rwf kun dqd
acgq acoo acop acoq = eus
acgr = byr
acgs acoo = umf
acgt acoo = ku nzv pk
acgu acoo acop = qxp acgq wkf
acgv = ocl azu mbl vkd
acgw = rhm drn gqy
acgx acoo acop = mgd qeh ier
acgy acoo = pzv
acgz acoo = xab
acha acop acoo = dhx
achb = klo kgh csh xkk eyz
achc acop acoo = pfh
achd acop acoo = edq
ache acop acoo acoq = tco
achf acoq acoo acop = rlf
achg acop acoo acoq = abmv rqn xsd imn fpq
achh acoo acop acoq = xpx vjo nws (bvl yxc)
achi = tro
achj acop acoo acoq = vtq
achk acop acoo = abac
achl acoo acop = dck ejx
achm acoq acoo acop = jqg
achn acoo = tcf
acho acoq acop acoo = cuy
achp acoo = vfn yor
achq acoo = kw
achr acop acoq acoo = grw yz
achs acop acoo = hvd
acht acop acoo acoq = ocp
achu = uf
achv acop acoo = ald itk
achw acoo acop = kgg
achx acop acoo acoq = bhz oih
achy acoq acop acoo = sum tga eim
achz = acmj isz
acia acoq acoo acop = acbw odt
acib = jbs
acic = dpp abbi
acid acoq acop acoo = aaem
acie acoo acop = ohq
acif acop acoo acoq = wra luc
acig acoo acop acoq = udz aqn
acih acoo acop = dxi
acii acoq acop acoo = yni
acij acoo = iej (hfp bsm)
acik = vad enh vru fdx
acil acoo = tmu npk tbh
acim = tvl
acin = pkd
acio acoo = bsk
acip = cna
aciq acoo = ney lnh
acir acop acoo acoq = shq
acis acoo acop acoq = mum rzh hlt
acit = acfl
aciu = fjt
aciv acop acoo acoq = bbl
aciw acoo = aayi ihi puk
acix acoo acop = dyz uf tve
aciy acoo = lmp
aciz acop acoo = ubk
acja acop acoo acoq = bfm xld
acjb acoo = tqx
acjc acoo acop = jlh
acjd acoq acoo acop = abj
acje acop acoq acoo = ylk
acjf acoo = eku
acjg acop acoq acoo = kyn
acjh acop acoo = dzq
acji acoo = abne
acjj acop acoo = wpv
acjk acoq acoo acop = nrk
acjl acoo acop = atr
acjm acop acoq acoo = bth
acjn acoo acop = uxx
acjo acoo = jfp wyn bot
acjp = rbv
acjq = jes jlk
acjr acoq acop acoo = ltq
acjs = sso
acjt acop acoo acoq = sux
acju = bbp vbw
acjv = abzm
acjw acoq acop acoo = ktr osz
acjx acoq acoo acop = miz dqz
acjy = pif ziu
acjz acoo = lkj
acka acop acoo = bhn
ackb acoo acop = hdi
ackc acoo acop = twa
ackd = tni
acke acoq acop acoo = nlf bfn (uu ukv)
ackf acoq acoo acop = gaz rss ucg xtr
ackg acoo acop = ybw wic vz haj
ackh acoo acop = mjy cmk
acki = gbk tqe rce bbi
ackj = ql
ackk acop acoo acoq = dmq
ackl acoo acoq acop = wvx
ackm acoo acop acoq = roz qij
ackn acoo = bxz
acko acop acoo = nco
ackp acoo = ehd eew ryy ypc
ackq acop acoo = uyr
ackr acop acoo = afk
acks acoo acop = achx
ackt acoo = ble ada cuk
acku = aaes
ackv acoo acop = lmk
ackw acoo = oor
ackx acoo = hfp
acky = faw
ackz = hpc xis
acla = xpc
aclb = oxt
aclc acop acoo = dnz
acld acoo acop = accc
acle acoo = xfn
aclf acoo acop = pon int
aclg acoo = uhq
aclh = hcn aakv cbf
acli acoo acop = ulq
aclj acoo acop acoq = dgz ewr gse
aclk acop acoo acoq = xgv
acll = jkf wwm
aclm acoq acoo acop = ldk
acln acop acoo = yrk
aclo = ha
aclp = gmp
aclq acoo = ifa
aclr = ewr kfs
acls acoo = sac
aclt = jmp fht yri
aclu = nig
aclv = wxh
aclw acoo = aagm
aclx = abeu
acly = mto
aclz acop acoq acoo = ecf aea vgz bna ftd
acma acoo = quv
acmb acop acoo = vwp (aqk sl) rqo
acmc acoo acop = gjl
acmd acoo = qq
acme acoo = gyz bhj (nur tiy)
acmf = lmb
acmg acoo = foy
acmh acop acoo = zod ypy zpv ous
acmi acop acoo acoq = blf rmh xuj
acmj acop acoo = aaow syj
acmk acoo acop = hyx abaa
acml acop acoo = uos cch csp
acmm acoo = ida lbp (abgb msb gqg)
acmn acop acoo = acbd
acmo acop acoo = zmb
acmp acoo = nnm hxk
acmq acoo acop = iqv vfg efv rqs
acmr acop acoo = gka
acms acop acoo = ehf
acmt acoq acoo acop = aahy ykt nau umg
acmu acoo = cqz imy
acmv acoo = opg
acmw = ndb nle mte
acmx acop acoo = ger tty owl cqo
acmy acop acoo acoq = hce qjo aga cba
acmz acop acoo = eht amv jly
acna acop acoo = ufi
acnb acoo = ao
acnc acoo acop = yju rhy
acnd = ceo (q dei umd)
acne = bsm
acnf acop acoq acoo = dxg gsb rmz kck
acng acoo = ptb tvm
acnh acoo = uf jlj aue
acni = eqy xrn
acnj acop acoq acoo = ghl
acnk acoo = gcl nrz tpx oqu
acnl acoo acop = mzg
acnm acoo = xhp
acnn acoo = uzi
acno acoo acop = gou bfy hrx
acnp acoo acop = tzc
acnq = ejq acei bvv fih
acnr acoo acop = eev hmo kve
acns = nff uqf
acnt = wl
acnu acoo = opl
acnv acoq acop acoo = ovf kgk
acnw acoo = jbj
acnx = iqz fwz
acny acop acoq acoo = wao
acnz acoo acoq acop = lcd
acoa acop acoo acoq = ejf aamx vhg ihn
acob acoq acoo acop = jvp pxw
acoc acop acoo = lpc
acod acoo acoq acop = gjk
acoe acop acoo acoq = gyt acjp
acof acoq acoo acop = vix
acog = ilk
acoh acoo acop acoq = vpg acdq epo etc
acoi acoo = jvj
acoj acop acoo = pex ite faj
acok acoo = dbc nut avk
acol acoo = aqy plt bba pql fve
acom acoo acop = ybh (rdf yjl)
acon acoo = aay
main = gql A (rnp abbl bze (hxn ndn bxk mdh ahg blb bev (ilu mye) (ugl B) plx C xyt pmm fyx pzr wsf hoi (vjy uj ngw aji)) accp (D hzw) abzw aamv E) ujf yki F G ext H I (J rax aafd jeb K) pbo zxp L yrd wis M hcg kpr N abgy (gj yhx) ubx ablv O hu P pyr mtt Q R S fsz eci foe (abfe rtu xrm vkn) T U oof wgw kwo glt (inf ndi) V ory W aaeb X svk jhi Y Z AA (AB fun yzy) (jj lvx AC AD) achz vtt lpk abnw oij AE twh AF AG yui rbw AH AI (AJ AK ifd) AL AM AN AO wiu (AP usb odj AQ gpe) kff AR tfn pxt joa eol AT ewi (AU lvw gec ayk uc AV) AW AX qnu dqm AY AZ BA gdb BB BC BD hrj ezz ruu pkf pue mai zck BE jp zgy BF (BG mkg BH syb xgu) syj cvx BI lbi ziy wzn awm fus pmr BJ BK BL aaru ssq BM BN jpa BO BP BQ BR BS BT BU BV yzt BW lmv BX dql BY rcr fnu BZ (kvk ffi) aamp mbf qb CA ipv (CB CC CD CE abbh) CF lls CG jcm (ksb xgk aawv hbw vbh (rda gui rbn lmv uts enj yyg)) CH lpp CI btk (dem agq CJ isr hwq CK wht axj) (CL CM uif osx sqk omw (CN CO sfl nfm fls osj aajz)) (CP CQ CR tjb xfg pyc tby dyt hcr) CS CT xnt CU (hod sdb) CV qke CW fij fya sko CX (lum (CY CZ DA DB DC DD jw aclm oxb zx abyu) (ais leg nz ifz)) (glr wwn pxg npz uqe xsp shl (acgd fmx kdi tum kej) bah) uwj fy ltu DE DF ktg pyh DG DH azs DI rku DJ zip DK lbp DL rsi gio fsf DM DN gnq gts mnm DP myj hup ifd ozf kyf whw DQ DR tcr DS kyh (DT DU DV DW las rop) ral zvz qvk DX abpg ysi mjy DY DZ spe kdu EA saw aale fwd EB scb nyg yvp EC awp ED EE EF EG EH hep jkp lke hqh (EI EJ EK upo EL) yaz (fvy qbs (era rkf jaa bh sdy sxz izt uqy nvp)) gus jyu dvi mxs bay
------------------------------------------------------------
gql A (rnp abbl bze (hxn ndn bxk mdh ahg blb bev (ilu mye) (ugl B) plx C xyt pmm fyx pzr wsf hoi (vjy uj ngw aji)) accp (D hzw) abzw aamv E) ujf yki F G ext H I (J rax aafd jeb K) pbo zxp L yrd wis M hcg kpr N abgy (gj yhx) ubx ablv O hu P pyr mtt Q R S fsz eci foe (abfe rtu xrm vkn) T U oof wgw kwo glt (inf ndi) V ory W aaeb X svk jhi Y Z AA (AB fun yzy) (jj lvx AC AD) achz vtt lpk abnw oij AE twh AF AG yui rbw AH AI (AJ AK ifd) AL AM AN AO wiu (AP usb odj AQ gpe) kff AR tfn pxt joa eol AT ewi (AU lvw gec ayk uc AV) AW AX qnu dqm AY AZ BA gdb BB BC BD hrj ezz ruu pkf pue mai zck BE jp zgy BF (BG mkg BH syb xgu) syj cvx BI lbi ziy wzn awm fus pmr BJ BK BL aaru ssq BM BN jpa BO BP BQ BR BS BT BU BV yzt BW lmv BX dql BY rcr fnu BZ (kvk ffi) aamp mbf qb CA ipv (CB CC CD CE abbh) CF lls CG jcm (ksb xgk aawv hbw vbh (rda gui rbn lmv uts enj yyg)) CH lpp CI btk (dem agq CJ isr hwq CK wht axj) (CL CM uif osx sqk omw (CN CO sfl nfm fls osj aajz)) (CP CQ CR tjb xfg pyc tby dyt hcr) CS CT xnt CU (hod sdb) CV qke CW fij fya sko CX (lum (CY CZ DA DB DC DD jw aclm oxb zx abyu) (ais leg nz ifz)) (glr wwn pxg npz uqe xsp shl (acgd fmx kdi tum kej) bah) uwj fy ltu DE DF ktg pyh DG DH azs DI rku DJ zip DK lbp DL rsi gio fsf DM DN gnq gts mnm DP myj hup ifd ozf kyf whw DQ DR tcr DS kyh (DT DU DV DW las rop) ral zvz qvk DX abpg ysi mjy DY DZ spe kdu EA saw aale fwd EB scb nyg yvp EC awp ED EE EF EG EH hep jkp lke hqh (EI EJ EK upo EL) yaz (fvy qbs (era rkf jaa bh sdy sxz izt uqy nvp)) gus jyu dvi mxs bay
dsc gpc yki F G ext H I (J rax aafd jeb K) pbo zxp L yrd wis M hcg kpr N abgy (gj yhx) ubx ablv O hu P pyr mtt Q R S fsz eci foe (abfe rtu xrm vkn) T U oof wgw kwo glt (inf ndi) V ory W aaeb X svk jhi Y Z AA (AB fun yzy) (jj lvx AC AD) achz vtt lpk abnw oij AE twh AF AG yui rbw AH AI (AJ AK ifd) AL AM AN AO wiu (AP usb odj AQ gpe) kff AR tfn pxt joa eol AT ewi (AU lvw gec ayk uc AV) AW AX qnu dqm AY AZ BA gdb BB BC BD hrj ezz ruu pkf pue mai zck BE jp zgy BF (BG mkg BH syb xgu) syj cvx BI lbi ziy wzn awm fus pmr BJ BK BL aaru ssq BM BN jpa BO BP BQ BR BS BT BU BV yzt BW lmv BX dql BY rcr fnu BZ (kvk ffi) aamp mbf qb CA ipv (CB CC CD CE abbh) CF lls CG jcm (ksb xgk aawv hbw vbh (rda gui rbn lmv uts enj yyg)) CH lpp CI btk (dem agq CJ isr hwq CK wht axj) (CL CM uif osx sqk omw (CN CO sfl nfm fls osj aajz)) (CP CQ CR tjb xfg pyc tby dyt hcr) CS CT xnt CU (hod sdb) CV qke CW fij fya sko CX (lum (CY CZ DA DB DC DD jw aclm oxb zx abyu) (ais leg nz ifz)) (glr wwn pxg npz uqe xsp shl (acgd fmx kdi tum kej) bah) uwj fy ltu DE DF ktg pyh DG DH azs DI rku DJ zip DK lbp DL rsi gio fsf DM DN gnq gts mnm DP myj hup ifd ozf kyf whw DQ DR tcr DS kyh (DT DU DV DW las rop) ral zvz qvk DX abpg ysi mjy DY DZ spe kdu EA saw aale fwd EB scb nyg yvp EC awp ED EE EF EG EH hep jkp lke hqh (EI EJ EK upo EL) yaz (fvy qbs (era rkf jaa bh sdy sxz izt uqy nvp)) gus jyu dvi mxs bay
pba vhn aasb yki F G ext H I (J rax aafd jeb K) pbo zxp L yrd wis M hcg kpr N abgy (gj yhx) ubx ablv O hu P pyr mtt Q R S fsz eci foe (abfe rtu xrm vkn) T U oof wgw kwo glt (inf ndi) V ory W aaeb X svk jhi Y Z AA (AB fun yzy) (jj lvx AC AD) achz vtt lpk abnw oij AE twh AF AG yui rbw AH AI (AJ AK ifd) AL AM AN AO wiu (AP usb odj AQ gpe) kff AR tfn pxt joa eol AT ewi (AU lvw gec ayk uc AV) AW AX qnu dqm AY AZ BA gdb BB BC BD hrj ezz ruu pkf pue mai zck BE jp zgy BF (BG mkg BH syb xgu) syj cvx BI lbi ziy wzn awm fus pmr BJ BK BL aaru ssq BM BN jpa BO BP BQ BR BS BT BU BV yzt BW lmv BX dql BY rcr fnu BZ (kvk ffi) aamp mbf qb CA ipv (CB CC CD CE abbh) CF lls CG jcm (ksb xgk aawv hbw vbh (rda gui rbn lmv uts enj yyg)) CH lpp CI btk (dem agq CJ isr hwq CK wht axj) (CL CM uif osx sqk omw (CN CO sfl nfm fls osj aajz)) (CP CQ CR tjb xfg pyc tby dyt hcr) CS CT xnt CU (hod sdb) CV qke CW fij fya sko CX (lum (CY CZ DA DB DC DD jw aclm oxb zx abyu) (ais leg nz ifz)) (glr wwn pxg npz uqe xsp shl (acgd fmx kdi tum kej) bah) uwj fy ltu DE DF ktg pyh DG DH azs DI rku DJ zip DK lbp DL rsi gio fsf DM DN gnq gts mnm DP myj hup ifd ozf kyf whw DQ DR tcr DS kyh (DT DU DV DW las rop) ral zvz qvk DX abpg ysi mjy DY DZ spe kdu EA saw aale fwd EB scb nyg yvp EC awp ED EE EF EG EH hep jkp lke hqh (EI EJ EK upo EL) yaz (fvy qbs (era rkf jaa bh sdy sxz izt uqy nvp)) gus jyu dvi mxs bay
mdr lzp tya vhn aasb yki F G ext H I (J rax aafd jeb K) pbo zxp L yrd wis M hcg kpr N abgy (gj yhx) ubx ablv O hu P pyr mtt Q R S fsz eci foe (abfe rtu xrm vkn) T U oof wgw kwo glt (inf ndi) V ory W aaeb X svk jhi Y Z AA (AB fun yzy) (jj lvx AC AD) achz vtt lpk abnw oij AE twh AF AG yui rbw AH AI (AJ AK ifd) AL AM AN AO wiu (AP usb odj AQ gpe) kff AR tfn pxt joa eol AT ewi (AU lvw gec ayk uc AV) AW AX qnu dqm AY AZ BA gdb BB BC BD hrj ezz ruu pkf pue mai zck BE jp zgy BF (BG mkg BH syb xgu) syj cvx BI lbi ziy wzn awm fus pmr BJ BK BL aaru ssq BM BN jpa BO BP BQ BR BS BT BU BV yzt BW lmv BX dql BY rcr fnu BZ (kvk ffi) aamp mbf qb CA ipv (CB CC CD CE abbh) CF lls CG jcm (ksb xgk aawv hbw vbh (rda gui rbn lmv uts enj yyg)) CH lpp CI btk (dem agq CJ isr hwq CK wht axj) (CL CM uif osx sqk omw (CN CO sfl nfm fls osj aajz)) (CP CQ CR tjb xfg pyc tby dyt hcr) CS CT xnt CU (hod sdb) CV qke CW fij fya sko CX (lum (CY CZ DA DB DC DD jw aclm oxb zx abyu) (ais leg nz ifz)) (glr wwn pxg npz uqe xsp shl (acgd fmx kdi tum kej) bah) uwj fy ltu DE DF ktg pyh DG DH azs DI rku DJ zip DK lbp DL rsi gio fsf DM DN gnq gts mnm DP myj hup ifd ozf kyf whw DQ DR tcr DS kyh (DT DU DV DW las rop) ral zvz qvk DX abpg ysi mjy DY DZ spe kdu EA saw aale fwd EB scb nyg yvp EC awp ED EE EF EG EH hep jkp lke hqh (EI EJ EK upo EL) yaz (fvy qbs (era rkf jaa bh sdy sxz izt uqy nvp)) gus jyu dvi mxs bay
vcg raf vhn aasb yki F G ext H I (J rax aafd jeb K) pbo zxp L yrd wis M hcg kpr N abgy (gj yhx) ubx ablv O hu P pyr mtt Q R S fsz eci foe (abfe rtu xrm vkn) T U oof wgw kwo glt (inf ndi) V ory W aaeb X svk jhi Y Z AA (AB fun yzy) (jj lvx AC AD) achz vtt lpk abnw oij AE twh AF AG yui rbw AH AI (AJ AK ifd) AL AM AN AO wiu (AP usb odj AQ gpe) kff AR tfn pxt joa eol AT ewi (AU lvw gec ayk uc AV) AW AX qnu dqm AY AZ BA gdb BB BC BD hrj ezz ruu pkf pue mai zck BE jp zgy BF (BG mkg BH syb xgu) syj cvx BI lbi ziy wzn awm fus pmr BJ BK BL aaru ssq BM BN jpa BO BP BQ BR BS BT BU BV yzt BW lmv BX dql BY rcr fnu BZ (kvk ffi) aamp mbf qb CA ipv (CB CC CD CE abbh) CF lls CG jcm (ksb xgk aawv hbw vbh (rda gui rbn lmv uts enj yyg)) CH lpp CI btk (dem agq CJ isr hwq CK wht axj) (CL CM uif osx sqk omw (CN CO sfl nfm fls osj aajz)) (CP CQ CR tjb xfg pyc tby dyt hcr) CS CT xnt CU (hod sdb) CV qke CW fij fya sko CX (lum (CY CZ DA DB DC DD jw aclm oxb zx abyu) (ais leg nz ifz)) (glr wwn pxg npz uqe xsp shl (acgd fmx kdi tum kej) bah) uwj fy ltu DE DF ktg pyh DG DH azs DI rku DJ zip DK lbp DL rsi gio fsf DM DN gnq gts mnm DP myj hup ifd ozf kyf whw DQ DR tcr DS kyh (DT DU DV DW las rop) ral zvz qvk DX abpg ysi mjy DY DZ spe kdu EA saw aale fwd EB scb nyg yvp EC awp ED EE EF EG EH hep jkp lke hqh (EI EJ EK upo EL) yaz (fvy qbs (era rkf jaa bh sdy sxz izt uqy nvp)) gus jyu dvi mxs bay
fxq yki F G ext H I (J rax aafd jeb K) pbo zxp L yrd wis M hcg kpr N abgy (gj yhx) ubx ablv O hu P pyr mtt Q R S fsz eci foe (abfe rtu xrm vkn) T U oof wgw kwo glt (inf ndi) V ory W aaeb X svk jhi Y Z AA (AB fun yzy) (jj lvx AC AD) achz vtt lpk abnw oij AE twh AF AG yui rbw AH AI (AJ AK ifd) AL AM AN AO wiu (AP usb odj AQ gpe) kff AR tfn pxt joa eol AT ewi (AU lvw gec ayk uc AV) AW AX qnu dqm AY AZ BA gdb BB BC BD hrj ezz ruu pkf pue mai zck BE jp zgy BF (BG mkg BH syb xgu) syj cvx BI lbi ziy wzn awm fus pmr BJ BK BL aaru ssq BM BN jpa BO BP BQ BR BS BT BU BV yzt BW lmv BX dql BY rcr fnu BZ (kvk ffi) aamp mbf qb CA ipv (CB CC CD CE abbh) CF lls CG jcm (ksb xgk aawv hbw vbh (rda gui rbn lmv uts enj yyg)) CH lpp CI btk (dem agq CJ isr hwq CK wht axj) (CL CM uif osx sqk omw (CN CO sfl nfm fls osj aajz)) (CP CQ CR tjb xfg pyc tby dyt hcr) CS CT xnt CU (hod sdb) CV qke CW fij fya sko CX (lum (CY CZ DA DB DC DD jw aclm oxb zx abyu) (ais leg nz ifz)) (glr wwn pxg npz uqe xsp shl (acgd fmx kdi tum kej) bah) uwj fy ltu DE DF ktg pyh DG DH azs DI rku DJ zip DK lbp DL rsi gio fsf DM DN gnq gts mnm DP myj hup ifd ozf kyf whw DQ DR tcr DS kyh (DT DU DV DW las rop) ral zvz qvk DX abpg ysi mjy DY DZ spe kdu EA saw aale fwd EB scb nyg yvp EC awp ED EE EF EG EH hep jkp lke hqh (EI EJ EK upo EL) yaz (fvy qbs (era rkf jaa bh sdy sxz izt uqy nvp)) gus jyu dvi mxs bay
xql kto vqp yki F G ext H I (J rax aafd jeb K) pbo zxp L yrd wis M hcg kpr N abgy (gj yhx) ubx ablv O hu P pyr mtt Q R S fsz eci foe (abfe rtu xrm vkn) T U oof wgw kwo glt (inf ndi) V ory W aaeb X svk jhi Y Z AA (AB fun yzy) (jj lvx AC AD) achz vtt lpk abnw oij AE twh AF AG yui rbw AH AI (AJ AK ifd) AL AM AN AO wiu (AP usb odj AQ gpe) kff AR tfn pxt joa eol AT ewi (AU lvw gec ayk uc AV) AW AX qnu dqm AY AZ BA gdb BB BC BD hrj ezz ruu pkf pue mai zck BE jp zgy BF (BG mkg BH syb xgu) syj cvx BI lbi ziy wzn awm fus pmr BJ BK BL aaru ssq BM BN jpa BO BP BQ BR BS BT BU BV yzt BW lmv BX dql BY rcr fnu BZ (kvk ffi) aamp mbf qb CA ipv (CB CC CD CE abbh) CF lls CG jcm (ksb xgk aawv hbw vbh (rda gui rbn lmv uts enj yyg)) CH lpp CI btk (dem agq CJ isr hwq CK wht axj) (CL CM uif osx sqk omw (CN CO sfl nfm fls osj aajz)) (CP CQ CR tjb xfg pyc tby dyt hcr) CS CT xnt CU (hod sdb) CV qke CW fij fya sko CX (lum (CY CZ DA DB DC DD jw aclm oxb zx abyu) (ais leg nz ifz)) (glr wwn pxg npz uqe xsp shl (acgd fmx kdi tum kej) bah) uwj fy ltu DE DF ktg pyh DG DH azs DI rku DJ zip DK lbp DL rsi gio fsf DM DN gnq gts mnm DP myj hup ifd ozf kyf whw DQ DR tcr DS kyh (DT DU DV DW las rop) ral zvz qvk DX abpg ysi mjy DY DZ spe kdu EA saw aale fwd EB scb nyg yvp EC awp ED EE EF EG EH hep jkp lke hqh (EI EJ EK upo EL) yaz (fvy qbs (era rkf jaa bh sdy sxz izt uqy nvp)) gus jyu dvi mxs bay
dor amf ovf lay F G ext H I (J rax aafd jeb K) pbo zxp L yrd wis M hcg kpr N abgy (gj yhx) ubx ablv O hu P pyr mtt Q R S fsz eci foe (abfe rtu xrm vkn) T U oof wgw kwo glt (inf ndi) V ory W aaeb X svk jhi Y Z AA (AB fun yzy) (jj lvx AC AD) achz vtt lpk abnw oij AE twh AF AG yui rbw AH AI (AJ AK ifd) AL AM AN AO wiu (AP usb odj AQ gpe) kff AR tfn pxt joa eol AT ewi (AU lvw gec ayk uc AV) AW AX qnu dqm AY AZ BA gdb BB BC BD hrj ezz ruu pkf pue mai zck BE jp zgy BF (BG mkg BH syb xgu) syj cvx BI lbi ziy wzn awm fus pmr BJ BK BL aaru ssq BM BN jpa BO BP BQ BR BS BT BU BV yzt BW lmv BX dql BY rcr fnu BZ (kvk ffi) aamp mbf qb CA ipv (CB CC CD CE abbh) CF lls CG jcm (ksb xgk aawv hbw vbh (rda gui rbn lmv uts enj yyg)) CH lpp CI btk (dem agq CJ isr hwq CK wht axj) (CL CM uif osx sqk omw (CN CO sfl nfm fls osj aajz)) (CP CQ CR tjb xfg pyc tby dyt hcr) CS CT xnt CU (hod sdb) CV qke CW fij fya sko CX (lum (CY CZ DA DB DC DD jw aclm oxb zx abyu) (ais leg nz ifz)) (glr wwn pxg npz uqe xsp shl (acgd fmx kdi tum kej) bah) uwj fy ltu DE DF ktg pyh DG DH azs DI rku DJ zip DK lbp DL rsi gio fsf DM DN gnq gts mnm DP myj hup ifd ozf kyf whw DQ DR tcr DS kyh (DT DU DV DW las rop) ral zvz qvk DX abpg ysi mjy DY DZ spe kdu EA saw aale fwd EB scb nyg yvp EC awp ED EE EF EG EH hep jkp lke hqh (EI EJ EK upo EL) yaz (fvy qbs (era rkf jaa bh sdy sxz izt uqy nvp)) gus jyu dvi mxs bay
abyl xo F G ext H I (J rax aafd jeb K) pbo zxp L yrd wis M hcg kpr N abgy (gj yhx) ubx ablv O hu P pyr mtt Q R S fsz eci foe (abfe rtu xrm vkn) T U oof wgw kwo glt (inf ndi) V ory W aaeb X svk jhi Y Z AA (AB fun yzy) (jj lvx AC AD) achz vtt lpk abnw oij AE twh AF AG yui rbw AH AI (AJ AK ifd) AL AM AN AO wiu (AP usb odj AQ gpe) kff AR tfn pxt joa eol AT ewi (AU lvw gec ayk uc AV) AW AX qnu dqm AY AZ BA gdb BB BC BD hrj ezz ruu pkf pue mai zck BE jp zgy BF (BG mkg BH syb xgu) syj cvx BI lbi ziy wzn awm fus pmr BJ BK BL aaru ssq BM BN jpa BO BP BQ BR BS BT BU BV yzt BW lmv BX dql BY rcr fnu BZ (kvk ffi) aamp mbf qb CA ipv (CB CC CD CE abbh) CF lls CG jcm (ksb xgk aawv hbw vbh (rda gui rbn lmv uts enj yyg)) CH lpp CI btk (dem agq CJ isr hwq CK wht axj) (CL CM uif osx sqk omw (CN CO sfl nfm fls osj aajz)) (CP CQ CR tjb xfg pyc tby dyt hcr) CS CT xnt CU (hod sdb) CV qke CW fij fya sko CX (lum (CY CZ DA DB DC DD jw aclm oxb zx abyu) (ais leg nz ifz)) (glr wwn pxg npz uqe xsp shl (acgd fmx kdi tum kej) bah) uwj fy ltu DE DF ktg pyh DG DH azs DI rku DJ zip DK lbp DL rsi gio fsf DM DN gnq gts mnm DP myj hup ifd ozf kyf whw DQ DR tcr DS kyh (DT DU DV DW las rop) ral zvz qvk DX abpg ysi mjy DY DZ spe kdu EA saw aale fwd EB scb nyg yvp EC awp ED EE EF EG EH hep jkp lke hqh (EI EJ EK upo EL) yaz (fvy qbs (era rkf jaa bh sdy sxz izt uqy nvp)) gus jyu dvi mxs bay
wnr wja sqt ext H I (J rax aafd jeb K) pbo zxp L yrd wis M hcg kpr N abgy (gj yhx) ubx ablv O hu P pyr mtt Q R S fsz eci foe (abfe rtu xrm vkn) T U oof wgw kwo glt (inf ndi) V ory W aaeb X svk jhi Y Z AA (AB fun yzy) (jj lvx AC AD) achz vtt lpk abnw oij AE twh AF AG yui rbw AH AI (AJ AK ifd) AL AM AN AO wiu (AP usb odj AQ gpe) kff AR tfn pxt joa eol AT ewi (AU lvw gec ayk uc AV) AW AX qnu dqm AY AZ BA gdb BB BC BD hrj ezz ruu pkf pue mai zck BE jp zgy BF (BG mkg BH syb xgu) syj cvx BI lbi ziy wzn awm fus pmr BJ BK BL aaru ssq BM BN jpa BO BP BQ BR BS BT BU BV yzt BW lmv BX dql BY rcr fnu BZ (kvk ffi) aamp mbf qb CA ipv (CB CC CD CE abbh) CF lls CG jcm (ksb xgk aawv hbw vbh (rda gui rbn lmv uts enj yyg)) CH lpp CI btk (dem agq CJ isr hwq CK wht axj) (CL CM uif osx sqk omw (CN CO sfl nfm fls osj aajz)) (CP CQ CR tjb xfg pyc tby dyt hcr) CS CT xnt CU (hod sdb) CV qke CW fij fya sko CX (lum (CY CZ DA DB DC DD jw aclm oxb zx abyu) (ais leg nz ifz)) (glr wwn pxg npz uqe xsp shl (acgd fmx kdi tum kej) bah) uwj fy ltu DE DF ktg pyh DG DH azs DI rku DJ zip DK lbp DL rsi gio fsf DM DN gnq gts mnm DP myj hup ifd ozf kyf whw DQ DR tcr DS kyh (DT DU DV DW las rop) ral zvz qvk DX abpg ysi mjy DY DZ spe kdu EA saw aale fwd EB scb nyg yvp EC awp ED EE EF EG EH hep jkp lke hqh (EI EJ EK upo EL) yaz (fvy qbs (era rkf jaa bh sdy sxz izt uqy nvp)) gus jyu dvi mxs bay
hao ext H I (J rax aafd jeb K) pbo zxp L yrd wis M hcg kpr N abgy (gj yhx) ubx ablv O hu P pyr mtt Q R S fsz eci foe (abfe rtu xrm vkn) T U oof wgw kwo glt (inf ndi) V ory W aaeb X svk jhi Y Z AA (AB fun yzy) (jj lvx AC AD) achz vtt lpk abnw oij AE twh AF AG yui rbw AH AI (AJ AK ifd) AL AM AN AO wiu (AP usb odj AQ gpe) kff AR tfn pxt joa eol AT ewi (AU lvw gec ayk uc AV) AW AX qnu dqm AY AZ BA gdb BB BC BD hrj ezz ruu pkf pue mai zck BE jp zgy BF (BG mkg BH syb xgu) syj cvx BI lbi ziy wzn awm fus pmr BJ BK BL aaru ssq BM BN jpa BO BP BQ BR BS BT BU BV yzt BW lmv BX dql BY rcr fnu BZ (kvk ffi) aamp mbf qb CA ipv (CB CC CD CE abbh) CF lls CG jcm (ksb xgk aawv hbw vbh (rda gui rbn lmv uts enj yyg)) CH lpp CI btk (dem agq CJ isr hwq CK wht axj) (CL CM uif osx sqk omw (CN CO sfl nfm fls osj aajz)) (CP CQ CR tjb xfg pyc tby dyt hcr) CS CT xnt CU (hod sdb) CV qke CW fij fya sko CX (lum (CY CZ DA DB DC DD jw aclm oxb zx abyu) (ais leg nz ifz)) (glr wwn pxg npz uqe xsp shl (acgd fmx kdi tum kej) bah) uwj fy ltu DE DF ktg pyh DG DH azs DI rku DJ zip DK lbp DL rsi gio fsf DM DN gnq gts mnm DP myj hup ifd ozf kyf whw DQ DR tcr DS kyh (DT DU DV DW las rop) ral zvz qvk DX abpg ysi mjy DY DZ spe kdu EA saw aale fwd EB scb nyg yvp EC awp ED EE EF EG EH hep jkp lke hqh (EI EJ EK upo EL) yaz (fvy qbs (era rkf jaa bh sdy sxz izt uqy nvp)) gus jyu dvi mxs bay
hhq bzy (hob ggp) (J rax aafd jeb K) pbo zxp L yrd wis M hcg kpr N abgy (gj yhx) ubx ablv O hu P pyr mtt Q R S fsz eci foe (abfe rtu xrm vkn) T U oof wgw kwo glt (inf ndi) V ory W aaeb X svk jhi Y Z AA (AB fun yzy) (jj lvx AC AD) achz vtt lpk abnw oij AE twh AF AG yui rbw AH AI (AJ AK ifd) AL AM AN AO wiu (AP usb odj AQ gpe) kff AR tfn pxt joa eol AT ewi (AU lvw gec ayk uc AV) AW AX qnu dqm AY AZ BA gdb BB BC BD hrj ezz ruu pkf pue mai zck BE jp zgy BF (BG mkg BH syb xgu) syj cvx BI lbi ziy wzn awm fus pmr BJ BK BL aaru ssq BM BN jpa BO BP BQ BR BS BT BU BV yzt BW lmv BX dql BY rcr fnu BZ (kvk ffi) aamp mbf qb CA ipv (CB CC CD CE abbh) CF lls CG jcm (ksb xgk aawv hbw vbh (rda gui rbn lmv uts enj yyg)) CH lpp CI btk (dem agq CJ isr hwq CK wht axj) (CL CM uif osx sqk omw (CN CO sfl nfm fls osj aajz)) (CP CQ CR tjb xfg pyc tby dyt hcr) CS CT xnt CU (hod sdb) CV qke CW fij fya sko CX (lum (CY CZ DA DB DC DD jw aclm oxb zx abyu) (ais leg nz ifz)) (glr wwn pxg npz uqe xsp shl (acgd fmx kdi tum kej) bah) uwj fy ltu DE DF ktg pyh DG DH azs DI rku DJ zip DK lbp DL rsi gio fsf DM DN gnq gts mnm DP myj hup ifd ozf kyf whw DQ DR tcr DS kyh (DT DU DV DW las rop) ral zvz qvk DX abpg ysi mjy DY DZ spe kdu EA saw aale fwd EB scb nyg yvp EC awp ED EE EF EG EH hep jkp lke hqh (EI EJ EK upo EL) yaz (fvy qbs (era rkf jaa bh sdy sxz izt uqy nvp)) gus jyu dvi mxs bay
myt bzy (hob ggp) (J rax aafd jeb K) pbo zxp L yrd wis M hcg kpr N abgy (gj yhx) ubx ablv O hu P pyr mtt Q R S fsz eci foe (abfe rtu xrm vkn) T U oof wgw kwo glt (inf ndi) V ory W aaeb X svk jhi Y Z AA (AB fun yzy) (jj lvx AC AD) achz vtt lpk abnw oij AE twh AF AG yui rbw AH AI (AJ AK ifd) AL AM AN AO wiu (AP usb odj AQ gpe) kff AR tfn pxt joa eol AT ewi (AU lvw gec ayk uc AV) AW AX qnu dqm AY AZ BA gdb BB BC BD hrj ezz ruu pkf pue mai zck BE jp zgy BF (BG mkg BH syb xgu) syj cvx BI lbi ziy wzn awm fus pmr BJ BK BL aaru ssq BM BN jpa BO BP BQ BR BS BT BU BV yzt BW lmv BX dql BY rcr fnu BZ (kvk ffi) aamp mbf qb CA ipv (CB CC CD CE abbh) CF lls CG jcm (ksb xgk aawv hbw vbh (rda gui rbn lmv uts enj yyg)) CH lpp CI btk (dem agq CJ isr hwq CK wht axj) (CL CM uif osx sqk omw (CN CO sfl nfm fls osj aajz)) (CP CQ CR tjb xfg pyc tby dyt hcr) CS CT xnt CU (hod sdb) CV qke CW fij fya sko CX (lum (CY CZ DA DB DC DD jw aclm oxb zx abyu) (ais leg nz ifz)) (glr wwn pxg npz uqe xsp shl (acgd fmx kdi tum kej) bah) uwj fy ltu DE DF ktg pyh DG DH azs DI rku DJ zip DK lbp DL rsi gio fsf DM DN gnq gts mnm DP myj hup ifd ozf kyf whw DQ DR tcr DS kyh (DT DU DV DW las rop) ral zvz qvk DX abpg ysi mjy DY DZ spe kdu EA saw aale fwd EB scb nyg yvp EC awp ED EE EF EG EH hep jkp lke hqh (EI EJ EK upo EL) yaz (fvy qbs (era rkf jaa bh sdy sxz izt uqy nvp)) gus jyu dvi mxs bay
tha bzy (hob ggp) (J rax aafd jeb K) pbo zxp L yrd wis M hcg kpr N abgy (gj yhx) ubx ablv O hu P pyr mtt Q R S fsz eci foe (abfe rtu xrm vkn) T U oof wgw kwo glt (inf ndi) V ory W aaeb X svk jhi Y Z AA (AB fun yzy) (jj lvx AC AD) achz vtt lpk abnw oij AE twh AF AG yui rbw AH AI (AJ AK ifd) AL AM AN AO wiu (AP usb odj AQ gpe) kff AR tfn pxt joa eol AT ewi (AU lvw gec ayk uc AV) AW AX qnu dqm AY AZ BA gdb BB BC BD hrj ezz ruu pkf pue mai zck BE jp zgy BF (BG mkg BH syb xgu) syj cvx BI lbi ziy wzn awm fus pmr BJ BK BL aaru ssq BM BN jpa BO BP BQ BR BS BT BU BV yzt BW lmv BX dql BY rcr fnu BZ (kvk ffi) aamp mbf qb CA ipv (CB CC CD CE abbh) CF lls CG jcm (ksb xgk aawv hbw vbh (rda gui rbn lmv uts enj yyg)) CH lpp CI btk (dem agq CJ isr hwq CK wht axj) (CL CM uif osx sqk omw (CN CO sfl nfm fls osj aajz)) (CP CQ CR tjb xfg pyc tby dyt hcr) CS CT xnt CU (hod sdb) CV qke CW fij fya sko CX (lum (CY CZ DA DB DC DD jw aclm oxb zx abyu) (ais leg nz ifz)) (glr wwn pxg npz uqe xsp shl (acgd fmx kdi tum kej) bah) uwj fy ltu DE DF ktg pyh DG DH azs DI rku DJ zip DK lbp DL rsi gio fsf DM DN gnq gts mnm DP myj hup ifd ozf kyf whw DQ DR tcr DS kyh (DT DU DV DW las rop) ral zvz qvk DX abpg ysi mjy DY DZ spe kdu EA saw aale fwd EB scb nyg yvp EC awp ED EE EF EG EH hep jkp lke hqh (EI EJ EK upo EL) yaz (fvy qbs (era rkf jaa bh sdy sxz izt uqy nvp)) gus jyu dvi mxs bay
gte (J rax aafd jeb K) pbo zxp L yrd wis M hcg kpr N abgy (gj yhx) ubx ablv O hu P pyr mtt Q R S fsz eci foe (abfe rtu xrm vkn) T U oof wgw kwo glt (inf ndi) V ory W aaeb X svk jhi Y Z AA (AB fun yzy) (jj lvx AC AD) achz vtt lpk abnw oij AE twh AF AG yui rbw AH AI (AJ AK ifd) AL AM AN AO wiu (AP usb odj AQ gpe) kff AR tfn pxt joa eol AT ewi (AU lvw gec ayk uc AV) AW AX qnu dqm AY AZ BA gdb BB BC BD hrj ezz ruu pkf pue mai zck BE jp zgy BF (BG mkg BH syb xgu) syj cvx BI lbi ziy wzn awm fus pmr BJ BK BL aaru ssq BM BN jpa BO BP BQ BR BS BT BU BV yzt BW lmv BX dql BY rcr fnu BZ (kvk ffi) aamp mbf qb CA ipv (CB CC CD CE abbh) CF lls CG jcm (ksb xgk aawv hbw vbh (rda gui rbn lmv uts enj yyg)) CH lpp CI btk (dem agq CJ isr hwq CK wht axj) (CL CM uif osx sqk omw (CN CO sfl nfm fls osj aajz)) (CP CQ CR tjb xfg pyc tby dyt hcr) CS CT xnt CU (hod sdb) CV qke CW fij fya sko CX (lum (CY CZ DA DB DC DD jw aclm oxb zx abyu) (ais leg nz ifz)) (glr wwn pxg npz uqe xsp shl (acgd fmx kdi tum kej) bah) uwj fy ltu DE DF ktg pyh DG DH azs DI rku DJ zip DK lbp DL rsi gio fsf DM DN gnq gts mnm DP myj hup ifd ozf kyf whw DQ DR tcr DS kyh (DT DU DV DW las rop) ral zvz qvk DX abpg ysi mjy DY DZ spe kdu EA saw aale fwd EB scb nyg yvp EC awp ED EE EF EG EH hep jkp lke hqh (EI EJ EK upo EL) yaz (fvy qbs (era rkf jaa bh sdy sxz izt uqy nvp)) gus jyu dvi mxs bay
abap (J rax aafd jeb K) pbo zxp L yrd wis M hcg kpr N abgy (gj yhx) ubx ablv O hu P pyr mtt Q R S fsz eci foe (abfe rtu xrm vkn) T U oof wgw kwo glt (inf ndi) V ory W aaeb X svk jhi Y Z AA (AB fun yzy) (jj lvx AC AD) achz vtt lpk abnw oij AE twh AF AG yui rbw AH AI (AJ AK ifd) AL AM AN AO wiu (AP usb odj AQ gpe) kff AR tfn pxt joa eol AT ewi (AU lvw gec ayk uc AV) AW AX qnu dqm AY AZ BA gdb BB BC BD hrj ezz ruu pkf pue mai zck BE jp zgy BF (BG mkg BH syb xgu) syj cvx BI lbi ziy wzn awm fus pmr BJ BK BL aaru ssq BM BN jpa BO BP BQ BR BS BT BU BV yzt BW lmv BX dql BY rcr fnu BZ (kvk ffi) aamp mbf qb CA ipv (CB CC CD CE abbh) CF lls CG jcm (ksb xgk aawv hbw vbh (rda gui rbn lmv uts enj yyg)) CH lpp CI btk (dem agq CJ isr hwq CK wht axj) (CL CM uif osx sqk omw (CN CO sfl nfm fls osj aajz)) (CP CQ CR tjb xfg pyc tby dyt hcr) CS CT xnt CU (hod sdb) CV qke CW fij fya sko CX (lum (CY CZ DA DB DC DD jw aclm oxb zx abyu) (ais leg nz ifz)) (glr wwn pxg npz uqe xsp shl (acgd fmx kdi tum kej) bah) uwj fy ltu DE DF ktg pyh DG DH azs DI rku DJ zip DK lbp DL rsi gio fsf DM DN gnq gts mnm DP myj hup ifd ozf kyf whw DQ DR tcr DS kyh (DT DU DV DW las rop) ral zvz qvk DX abpg ysi mjy DY DZ spe kdu EA saw aale fwd EB scb nyg yvp EC awp ED EE EF EG EH hep jkp lke hqh (EI EJ EK upo EL) yaz (fvy qbs (era rkf jaa bh sdy sxz izt uqy nvp)) gus jyu dvi mxs bay
qeq pbo zxp L yrd wis M hcg kpr N abgy (gj yhx) ubx ablv O hu P pyr mtt Q R S fsz eci foe (abfe rtu xrm vkn) T U oof wgw kwo glt (inf ndi) V ory W aaeb X svk jhi Y Z AA (AB fun yzy) (jj lvx AC AD) achz vtt lpk abnw oij AE twh AF AG yui rbw AH AI (AJ AK ifd) AL AM AN AO wiu (AP usb odj AQ gpe) kff AR tfn pxt joa eol AT ewi (AU lvw gec ayk uc AV) AW AX qnu dqm AY AZ BA gdb BB BC BD hrj ezz ruu pkf pue mai zck BE jp zgy BF (BG mkg BH syb xgu) syj cvx BI lbi ziy wzn awm fus pmr BJ BK BL aaru ssq BM BN jpa BO BP BQ BR BS BT BU BV yzt BW lmv BX dql BY rcr fnu BZ (kvk ffi) aamp mbf qb CA ipv (CB CC CD CE abbh) CF lls CG jcm (ksb xgk aawv hbw vbh (rda gui rbn lmv uts enj yyg)) CH lpp CI btk (dem agq CJ isr hwq CK wht axj) (CL CM uif osx sqk omw (CN CO sfl nfm fls osj aajz)) (CP CQ CR tjb xfg pyc tby dyt hcr) CS CT xnt CU (hod sdb) CV qke CW fij fya sko CX (lum (CY CZ DA DB DC DD jw aclm oxb zx abyu) (ais leg nz ifz)) (glr wwn pxg npz uqe xsp shl (acgd fmx kdi tum kej) bah) uwj fy ltu DE DF ktg pyh DG DH azs DI rku DJ zip DK lbp DL rsi gio fsf DM DN gnq gts mnm DP myj hup ifd ozf kyf whw DQ DR tcr DS kyh (DT DU DV DW las rop) ral zvz qvk DX abpg ysi mjy DY DZ spe kdu EA saw aale fwd EB scb nyg yvp EC awp ED EE EF EG EH hep jkp lke hqh (EI EJ EK upo EL) yaz (fvy qbs (era rkf jaa bh sdy sxz izt uqy nvp)) gus jyu dvi mxs bay
wqz L yrd wis M hcg kpr N abgy (gj yhx) ubx ablv O hu P pyr mtt Q R S fsz eci foe (abfe rtu xrm vkn) T U oof wgw kwo glt (inf ndi) V ory W aaeb X svk jhi Y Z AA (AB fun yzy) (jj lvx AC AD) achz vtt lpk abnw oij AE twh AF AG yui rbw AH AI (AJ AK ifd) AL AM AN AO wiu (AP usb odj AQ gpe) kff AR tfn pxt joa eol AT ewi (AU lvw gec ayk uc AV) AW AX qnu dqm AY AZ BA gdb BB BC BD hrj ezz ruu pkf pue mai zck BE jp zgy BF (BG mkg BH syb xgu) syj cvx BI lbi ziy wzn awm fus pmr BJ BK BL aaru ssq BM BN jpa BO BP BQ BR BS BT BU BV yzt BW lmv BX dql BY rcr fnu BZ (kvk ffi) aamp mbf qb CA ipv (CB CC CD CE abbh) CF lls CG jcm (ksb xgk aawv hbw vbh (rda gui rbn lmv uts enj yyg)) CH lpp CI btk (dem agq CJ isr hwq CK wht axj) (CL CM uif osx sqk omw (CN CO sfl nfm fls osj aajz)) (CP CQ CR tjb xfg pyc tby dyt hcr) CS CT xnt CU (hod sdb) CV qke CW fij fya sko CX (lum (CY CZ DA DB DC DD jw aclm oxb zx abyu) (ais leg nz ifz)) (glr wwn pxg npz uqe xsp shl (acgd fmx kdi tum kej) bah) uwj fy ltu DE DF ktg pyh DG DH azs DI rku DJ zip DK lbp DL rsi gio fsf DM DN gnq gts mnm DP myj hup ifd ozf kyf whw DQ DR tcr DS kyh (DT DU DV DW las rop) ral zvz qvk DX abpg ysi mjy DY DZ spe kdu EA saw aale fwd EB scb nyg yvp EC awp ED EE EF EG EH hep jkp lke hqh (EI EJ EK upo EL) yaz (fvy qbs (era rkf jaa bh sdy sxz izt uqy nvp)) gus jyu dvi mxs bay
fhg yrd wis M hcg kpr N abgy (gj yhx) ubx ablv O hu P pyr mtt Q R S fsz eci foe (abfe rtu xrm vkn) T U oof wgw kwo glt (inf ndi) V ory W aaeb X svk jhi Y Z AA (AB fun yzy) (jj lvx AC AD) achz vtt lpk abnw oij AE twh AF AG yui rbw AH AI (AJ AK ifd) AL AM AN AO wiu (AP usb odj AQ gpe) kff AR tfn pxt joa eol AT ewi (AU lvw gec ayk uc AV) AW AX qnu dqm AY AZ BA gdb BB BC BD hrj ezz ruu pkf pue mai zck BE jp zgy BF (BG mkg BH syb xgu) syj cvx BI lbi ziy wzn awm fus pmr BJ BK BL aaru ssq BM BN jpa BO BP BQ BR BS BT BU BV yzt BW lmv BX dql BY rcr fnu BZ (kvk ffi) aamp mbf qb CA ipv (CB CC CD CE abbh) CF lls CG jcm (ksb xgk aawv hbw vbh (rda gui rbn lmv uts enj yyg)) CH lpp CI btk (dem agq CJ isr hwq CK wht axj) (CL CM uif osx sqk omw (CN CO sfl nfm fls osj aajz)) (CP CQ CR tjb xfg pyc tby dyt hcr) CS CT xnt CU (hod sdb) CV qke CW fij fya sko CX (lum (CY CZ DA DB DC DD jw aclm oxb zx abyu) (ais leg nz ifz)) (glr wwn pxg npz uqe xsp shl (acgd fmx kdi tum kej) bah) uwj fy ltu DE DF ktg pyh DG DH azs DI rku DJ zip DK lbp DL rsi gio fsf DM DN gnq gts mnm DP myj hup ifd ozf kyf whw DQ DR tcr DS kyh (DT DU DV DW las rop) ral zvz qvk DX abpg ysi mjy DY DZ spe kdu EA saw aale fwd EB scb nyg yvp EC awp ED EE EF EG EH hep jkp lke hqh (EI EJ EK upo EL) yaz (fvy qbs (era rkf jaa bh sdy sxz izt uqy nvp)) gus jyu dvi mxs bay
sys aaza fwx M hcg kpr N abgy (gj yhx) ubx ablv O hu P pyr mtt Q R S fsz eci foe (abfe rtu xrm vkn) T U oof wgw kwo glt (inf ndi) V ory W aaeb X svk jhi Y Z AA (AB fun yzy) (jj lvx AC AD) achz vtt lpk abnw oij AE twh AF AG yui rbw AH AI (AJ AK ifd) AL AM AN AO wiu (AP usb odj AQ gpe) kff AR tfn pxt joa eol AT ewi (AU lvw gec ayk uc AV) AW AX qnu dqm AY AZ BA gdb BB BC BD hrj ezz ruu pkf pue mai zck BE jp zgy BF (BG mkg BH syb xgu) syj cvx BI lbi ziy wzn awm fus pmr BJ BK BL aaru ssq BM BN jpa BO BP BQ BR BS BT BU BV yzt BW lmv BX dql BY rcr fnu BZ (kvk ffi) aamp mbf qb CA ipv (CB CC CD CE abbh) CF lls CG jcm (ksb xgk aawv hbw vbh (rda gui rbn lmv uts enj yyg)) CH lpp CI btk (dem agq CJ isr hwq CK wht axj) (CL CM uif osx sqk omw (CN CO sfl nfm fls osj aajz)) (CP CQ CR tjb xfg pyc tby dyt hcr) CS CT xnt CU (hod sdb) CV qke CW fij fya sko CX (lum (CY CZ DA DB DC DD jw aclm oxb zx abyu) (ais leg nz ifz)) (glr wwn pxg npz uqe xsp shl (acgd fmx kdi tum kej) bah) uwj fy ltu DE DF ktg pyh DG DH azs DI rku DJ zip DK lbp DL rsi gio fsf DM DN gnq gts mnm DP myj hup ifd ozf kyf whw DQ DR tcr DS kyh (DT DU DV DW las rop) ral zvz qvk DX abpg ysi mjy DY DZ spe kdu EA saw aale fwd EB scb nyg yvp EC awp ED EE EF EG EH hep jkp lke hqh (EI EJ EK upo EL) yaz (fvy qbs (era rkf jaa bh sdy sxz izt uqy nvp)) gus jyu dvi mxs bay
lrn M hcg kpr N abgy (gj yhx) ubx ablv O hu P pyr mtt Q R S fsz eci foe (abfe rtu xrm vkn) T U oof wgw kwo glt (inf ndi) V ory W aaeb X svk jhi Y Z AA (AB fun yzy) (jj lvx AC AD) achz vtt lpk abnw oij AE twh AF AG yui rbw AH AI (AJ AK ifd) AL AM AN AO wiu (AP usb odj AQ gpe) kff AR tfn pxt joa eol AT ewi (AU lvw gec ayk uc AV) AW AX qnu dqm AY AZ BA gdb BB BC BD hrj ezz ruu pkf pue mai zck BE jp zgy BF (BG mkg BH syb xgu) syj cvx BI lbi ziy wzn awm fus pmr BJ BK BL aaru ssq BM BN jpa BO BP BQ BR BS BT BU BV yzt BW lmv BX dql BY rcr fnu BZ (kvk ffi) aamp mbf qb CA ipv (CB CC CD CE abbh) CF lls CG jcm (ksb xgk aawv hbw vbh (rda gui rbn lmv uts enj yyg)) CH lpp CI btk (dem agq CJ isr hwq CK wht axj) (CL CM uif osx sqk omw (CN CO sfl nfm fls osj aajz)) (CP CQ CR tjb xfg pyc tby dyt hcr) CS CT xnt CU (hod sdb) CV qke CW fij fya sko CX (lum (CY CZ DA DB DC DD jw aclm oxb zx abyu) (ais leg nz ifz)) (glr wwn pxg npz uqe xsp shl (acgd fmx kdi tum kej) bah) uwj fy ltu DE DF ktg pyh DG DH azs DI rku DJ zip DK lbp DL rsi gio fsf DM DN gnq gts mnm DP myj hup ifd ozf kyf whw DQ DR tcr DS kyh (DT DU DV DW las rop) ral zvz qvk DX abpg ysi mjy DY DZ spe kdu EA saw aale fwd EB scb nyg yvp EC awp ED EE EF EG EH hep jkp lke hqh (EI EJ EK upo EL) yaz (fvy qbs (era rkf jaa bh sdy sxz izt uqy nvp)) gus jyu dvi mxs bay
jmf (jt krw) N abgy (gj yhx) ubx ablv O hu P pyr mtt Q R S fsz eci foe (abfe rtu xrm vkn) T U oof wgw kwo glt (inf ndi) V ory W aaeb X svk jhi Y Z AA (AB fun yzy) (jj lvx AC AD) achz vtt lpk abnw oij AE twh AF AG yui rbw AH AI (AJ AK ifd) AL AM AN AO wiu (AP usb odj AQ gpe) kff AR tfn pxt joa eol AT ewi (AU lvw gec ayk uc AV) AW AX qnu dqm AY AZ BA gdb BB BC BD hrj ezz ruu pkf pue mai zck BE jp zgy BF (BG mkg BH syb xgu) syj cvx BI lbi ziy wzn awm fus pmr BJ BK BL aaru ssq BM BN jpa BO BP BQ BR BS BT BU BV yzt BW lmv BX dql BY rcr fnu BZ (kvk ffi) aamp mbf qb CA ipv (CB CC CD CE abbh) CF lls CG jcm (ksb xgk aawv hbw vbh (rda gui rbn lmv uts enj yyg)) CH lpp CI btk (dem agq CJ isr hwq CK wht axj) (CL CM uif osx sqk omw (CN CO sfl nfm fls osj aajz)) (CP CQ CR tjb xfg pyc tby dyt hcr) CS CT xnt CU (hod sdb) CV qke CW fij fya sko CX (lum (CY CZ DA DB DC DD jw aclm oxb zx abyu) (ais leg nz ifz)) (glr wwn pxg npz uqe xsp shl (acgd fmx kdi tum kej) bah) uwj fy ltu DE DF ktg pyh DG DH azs DI rku DJ zip DK lbp DL rsi gio fsf DM DN gnq gts mnm DP myj hup ifd ozf kyf whw DQ DR tcr DS kyh (DT DU DV DW las rop) ral zvz qvk DX abpg ysi mjy DY DZ spe kdu EA saw aale fwd EB scb nyg yvp EC awp ED EE EF EG EH hep jkp lke hqh (EI EJ EK upo EL) yaz (fvy qbs (era rkf jaa bh sdy sxz izt uqy nvp)) gus jyu dvi mxs bay
uyp fki whd N abgy (gj yhx) ubx ablv O hu P pyr mtt Q R S fsz eci foe (abfe rtu xrm vkn) T U oof wgw kwo glt (inf ndi) V ory W aaeb X svk jhi Y Z AA (AB fun yzy) (jj lvx AC AD) achz vtt lpk abnw oij AE twh AF AG yui rbw AH AI (AJ AK ifd) AL AM AN AO wiu (AP usb odj AQ gpe) kff AR tfn pxt joa eol AT ewi (AU lvw gec ayk uc AV) AW AX qnu dqm AY AZ BA gdb BB BC BD hrj ezz ruu pkf pue mai zck BE jp zgy BF (BG mkg BH syb xgu) syj cvx BI lbi ziy wzn awm fus pmr BJ BK BL aaru ssq BM BN jpa BO BP BQ BR BS BT BU BV yzt BW lmv BX dql BY rcr fnu BZ (kvk ffi) aamp mbf qb CA ipv (CB CC CD CE abbh) CF lls CG jcm (ksb xgk aawv hbw vbh (rda gui rbn lmv uts enj yyg)) CH lpp CI btk (dem agq CJ isr hwq CK wht axj) (CL CM uif osx sqk omw (CN CO sfl nfm fls osj aajz)) (CP CQ CR tjb xfg pyc tby dyt hcr) CS CT xnt CU (hod sdb) CV qke CW fij fya sko CX (lum (CY CZ DA DB DC DD jw aclm oxb zx abyu) (ais leg nz ifz)) (glr wwn pxg npz uqe xsp shl (acgd fmx kdi tum kej) bah) uwj fy ltu DE DF ktg pyh DG DH azs DI rku DJ zip DK lbp DL rsi gio fsf DM DN gnq gts mnm DP myj hup ifd ozf kyf whw DQ DR tcr DS kyh (DT DU DV DW las rop) ral zvz qvk DX abpg ysi mjy DY DZ spe kdu EA saw aale fwd EB scb nyg yvp EC awp ED EE EF EG EH hep jkp lke hqh (EI EJ EK upo EL) yaz (fvy qbs (era rkf jaa bh sdy sxz izt uqy nvp)) gus jyu dvi mxs bay
sxy ijd N abgy (gj yhx) ubx ablv O hu P pyr mtt Q R S fsz eci foe (abfe rtu xrm vkn) T U oof wgw kwo glt (inf ndi) V ory W aaeb X svk jhi Y Z AA (AB fun yzy) (jj lvx AC AD) achz vtt lpk abnw oij AE twh AF AG yui rbw AH AI (AJ AK ifd) AL AM AN AO wiu (AP usb odj AQ gpe) kff AR tfn pxt joa eol AT ewi (AU lvw gec ayk uc AV) AW AX qnu dqm AY AZ BA gdb BB BC BD hrj ezz ruu pkf pue mai zck BE jp zgy BF (BG mkg BH syb xgu) syj cvx BI lbi ziy wzn awm fus pmr BJ BK BL aaru ssq BM BN jpa BO BP BQ BR BS BT BU BV yzt BW lmv BX dql BY rcr fnu BZ (kvk ffi) aamp mbf qb CA ipv (CB CC CD CE abbh) CF lls CG jcm (ksb xgk aawv hbw vbh (rda gui rbn lmv uts enj yyg)) CH lpp CI btk (dem agq CJ isr hwq CK wht axj) (CL CM uif osx sqk omw (CN CO sfl nfm fls osj aajz)) (CP CQ CR tjb xfg pyc tby dyt hcr) CS CT xnt CU (hod sdb) CV qke CW fij fya sko CX (lum (CY CZ DA DB DC DD jw aclm oxb zx abyu) (ais leg nz ifz)) (glr wwn pxg npz uqe xsp shl (acgd fmx kdi tum kej) bah) uwj fy ltu DE DF ktg pyh DG DH azs DI rku DJ zip DK lbp DL rsi gio fsf DM DN gnq gts mnm DP myj hup ifd ozf kyf whw DQ DR tcr DS kyh (DT DU DV DW las rop) ral zvz qvk DX abpg ysi mjy DY DZ spe kdu EA saw aale fwd EB scb nyg yvp EC awp ED EE EF EG EH hep jkp lke hqh (EI EJ EK upo EL) yaz (fvy qbs (era rkf jaa bh sdy sxz izt uqy nvp)) gus jyu dvi mxs bay
utr (gj yhx) ubx ablv O hu P pyr mtt Q R S fsz eci foe (abfe rtu xrm vkn) T U oof wgw kwo glt (inf ndi) V ory W aaeb X svk jhi Y Z AA (AB fun yzy) (jj lvx AC AD) achz vtt lpk abnw oij AE twh AF AG yui rbw AH AI (AJ AK ifd) AL AM AN AO wiu (AP usb odj AQ gpe) kff AR tfn pxt joa eol AT ewi (AU lvw gec ayk uc AV) AW AX qnu dqm AY AZ BA gdb BB BC BD hrj ezz ruu pkf pue mai zck BE jp zgy BF (BG mkg BH syb xgu) syj cvx BI lbi ziy wzn awm fus pmr BJ BK BL aaru ssq BM BN jpa BO BP BQ BR BS BT BU BV yzt BW lmv BX dql BY rcr fnu BZ (kvk ffi) aamp mbf qb CA ipv (CB CC CD CE abbh) CF lls CG jcm (ksb xgk aawv hbw vbh (rda gui rbn lmv uts enj yyg)) CH lpp CI btk (dem agq CJ isr hwq CK wht axj) (CL CM uif osx sqk omw (CN CO sfl nfm fls osj aajz)) (CP CQ CR tjb xfg pyc tby dyt hcr) CS CT xnt CU (hod sdb) CV qke CW fij fya sko CX (lum (CY CZ DA DB DC DD jw aclm oxb zx abyu) (ais leg nz ifz)) (glr wwn pxg npz uqe xsp shl (acgd fmx kdi tum kej) bah) uwj fy ltu DE DF ktg pyh DG DH azs DI rku DJ zip DK lbp DL rsi gio fsf DM DN gnq gts mnm DP myj hup ifd ozf kyf whw DQ DR tcr DS kyh (DT DU DV DW las rop) ral zvz qvk DX abpg ysi mjy DY DZ spe kdu EA saw aale fwd EB scb nyg yvp EC awp ED EE EF EG EH hep jkp lke hqh (EI EJ EK upo EL) yaz (fvy qbs (era rkf jaa bh sdy sxz izt uqy nvp)) gus jyu dvi mxs bay
zry aya mgm ablv O hu P pyr mtt Q R S fsz eci foe (abfe rtu xrm vkn) T U oof wgw kwo glt (inf ndi) V ory W aaeb X svk jhi Y Z AA (AB fun yzy) (jj lvx AC AD) achz vtt lpk abnw oij AE twh AF AG yui rbw AH AI (AJ AK ifd) AL AM AN AO wiu (AP usb odj AQ gpe) kff AR tfn pxt joa eol AT ewi (AU lvw gec ayk uc AV) AW AX qnu dqm AY AZ BA gdb BB BC BD hrj ezz ruu pkf pue mai zck BE jp zgy BF (BG mkg BH syb xgu) syj cvx BI lbi ziy wzn awm fus pmr BJ BK BL aaru ssq BM BN jpa BO BP BQ BR BS BT BU BV yzt BW lmv BX dql BY rcr fnu BZ (kvk ffi) aamp mbf qb CA ipv (CB CC CD CE abbh) CF lls CG jcm (ksb xgk aawv hbw vbh (rda gui rbn lmv uts enj yyg)) CH lpp CI btk (dem agq CJ isr hwq CK wht axj) (CL CM uif osx sqk omw (CN CO sfl nfm fls osj aajz)) (CP CQ CR tjb xfg pyc tby dyt hcr) CS CT xnt CU (hod sdb) CV qke CW fij fya sko CX (lum (CY CZ DA DB DC DD jw aclm oxb zx abyu) (ais leg nz ifz)) (glr wwn pxg npz uqe xsp shl (acgd fmx kdi tum kej) bah) uwj fy ltu DE DF ktg pyh DG DH azs DI rku DJ zip DK lbp DL rsi gio fsf DM DN gnq gts mnm DP myj hup ifd ozf kyf whw DQ DR tcr DS kyh (DT DU DV DW las rop) ral zvz qvk DX abpg ysi mjy DY DZ spe kdu EA saw aale fwd EB scb nyg yvp EC awp ED EE EF EG EH hep jkp lke hqh (EI EJ EK upo EL) yaz (fvy qbs (era rkf jaa bh sdy sxz izt uqy nvp)) gus jyu dvi mxs bay
ado aya mgm ablv O hu P pyr mtt Q R S fsz eci foe (abfe rtu xrm vkn) T U oof wgw kwo glt (inf ndi) V ory W aaeb X svk jhi Y Z AA (AB fun yzy) (jj lvx AC AD) achz vtt lpk abnw oij AE twh AF AG yui rbw AH AI (AJ AK ifd) AL AM AN AO wiu (AP usb odj AQ gpe) kff AR tfn pxt joa eol AT ewi (AU lvw gec ayk uc AV) AW AX qnu dqm AY AZ BA gdb BB BC BD hrj ezz ruu pkf pue mai zck BE jp zgy BF (BG mkg BH syb xgu) syj cvx BI lbi ziy wzn awm fus pmr BJ BK BL aaru ssq BM BN jpa BO BP BQ BR BS BT BU BV yzt BW lmv BX dql BY rcr fnu BZ (kvk ffi) aamp mbf qb CA ipv (CB CC CD CE abbh) CF lls CG jcm (ksb xgk aawv hbw vbh (rda gui rbn lmv uts enj yyg)) CH lpp CI btk (dem agq CJ isr hwq CK wht axj) (CL CM uif osx sqk omw (CN CO sfl nfm fls osj aajz)) (CP CQ CR tjb xfg pyc tby dyt hcr) CS CT xnt CU (hod sdb) CV qke CW fij fya sko CX (lum (CY CZ DA DB DC DD jw aclm oxb zx abyu) (ais leg nz ifz)) (glr wwn pxg npz uqe xsp shl (acgd fmx kdi tum kej) bah) uwj fy ltu DE DF ktg pyh DG DH azs DI rku DJ zip DK lbp DL rsi gio fsf DM DN gnq gts mnm DP myj hup ifd ozf kyf whw DQ DR tcr DS kyh (DT DU DV DW las rop) ral zvz qvk DX abpg ysi mjy DY DZ spe kdu EA saw aale fwd EB scb nyg yvp EC awp ED EE EF EG EH hep jkp lke hqh (EI EJ EK upo EL) yaz (fvy qbs (era rkf jaa bh sdy sxz izt uqy nvp)) gus jyu dvi mxs bay
ewp mgm ablv O hu P pyr mtt Q R S fsz eci foe (abfe rtu xrm vkn) T U oof wgw kwo glt (inf ndi) V ory W aaeb X svk jhi Y Z AA (AB fun yzy) (jj lvx AC AD) achz vtt lpk abnw oij AE twh AF AG yui rbw AH AI (AJ AK ifd) AL AM AN AO wiu (AP usb odj AQ gpe) kff AR tfn pxt joa eol AT ewi (AU lvw gec ayk uc AV) AW AX qnu dqm AY AZ BA gdb BB BC BD hrj ezz ruu pkf pue mai zck BE jp zgy BF (BG mkg BH syb xgu) syj cvx BI lbi ziy wzn awm fus pmr BJ BK BL aaru ssq BM BN jpa BO BP BQ BR BS BT BU BV yzt BW lmv BX dql BY rcr fnu BZ (kvk ffi) aamp mbf qb CA ipv (CB CC CD CE abbh) CF lls CG jcm (ksb xgk aawv hbw vbh (rda gui rbn lmv uts enj yyg)) CH lpp CI btk (dem agq CJ isr hwq CK wht axj) (CL CM uif osx sqk omw (CN CO sfl nfm fls osj aajz)) (CP CQ CR tjb xfg pyc tby dyt hcr) CS CT xnt CU (hod sdb) CV qke CW fij fya sko CX (lum (CY CZ DA DB DC DD jw aclm oxb zx abyu) (ais leg nz ifz)) (glr wwn pxg npz uqe xsp shl (acgd fmx kdi tum kej) bah) uwj fy ltu DE DF ktg pyh DG DH azs DI rku DJ zip DK lbp DL rsi gio fsf DM DN gnq gts mnm DP myj hup ifd ozf kyf whw DQ DR tcr DS kyh (DT DU DV DW las rop) ral zvz qvk DX abpg ysi mjy DY DZ spe kdu EA saw aale fwd EB scb nyg yvp EC awp ED EE EF EG EH hep jkp lke hqh (EI EJ EK upo EL) yaz (fvy qbs (era rkf jaa bh sdy sxz izt uqy nvp)) gus jyu dvi mxs bay
tfs O hu P pyr mtt Q R S fsz eci foe (abfe rtu xrm vkn) T U oof wgw kwo glt (inf ndi) V ory W aaeb X svk jhi Y Z AA (AB fun yzy) (jj lvx AC AD) achz vtt lpk abnw oij AE twh AF AG yui rbw AH AI (AJ AK ifd) AL AM AN AO wiu (AP usb odj AQ gpe) kff AR tfn pxt joa eol AT ewi (AU lvw gec ayk uc AV) AW AX qnu dqm AY AZ BA gdb BB BC BD hrj ezz ruu pkf pue mai zck BE jp zgy BF (BG mkg BH syb xgu) syj cvx BI lbi ziy wzn awm fus pmr BJ BK BL aaru ssq BM BN jpa BO BP BQ BR BS BT BU BV yzt BW lmv BX dql BY rcr fnu BZ (kvk ffi) aamp mbf qb CA ipv (CB CC CD CE abbh) CF lls CG jcm (ksb xgk aawv hbw vbh (rda gui rbn lmv uts enj yyg)) CH lpp CI btk (dem agq CJ isr hwq CK wht axj) (CL CM uif osx sqk omw (CN CO sfl nfm fls osj aajz)) (CP CQ CR tjb xfg pyc tby dyt hcr) CS CT xnt CU (hod sdb) CV qke CW fij fya sko CX (lum (CY CZ DA DB DC DD jw aclm oxb zx abyu) (ais leg nz ifz)) (glr wwn pxg npz uqe xsp shl (acgd fmx kdi tum kej) bah) uwj fy ltu DE DF ktg pyh DG DH azs DI rku DJ zip DK lbp DL rsi gio fsf DM DN gnq gts mnm DP myj hup ifd ozf kyf whw DQ DR tcr DS kyh (DT DU DV DW las rop) ral zvz qvk DX abpg ysi mjy DY DZ spe kdu EA saw aale fwd EB scb nyg yvp EC awp ED EE EF EG EH hep jkp lke hqh (EI EJ EK upo EL) yaz (fvy qbs (era rkf jaa bh sdy sxz izt uqy nvp)) gus jyu dvi mxs bay
gcl hu P pyr mtt Q R S fsz eci foe (abfe rtu xrm vkn) T U oof wgw kwo glt (inf ndi) V ory W aaeb X svk jhi Y Z AA (AB fun yzy) (jj lvx AC AD) achz vtt lpk abnw oij AE twh AF AG yui rbw AH AI (AJ AK ifd) AL AM AN AO wiu (AP usb odj AQ gpe) kff AR tfn pxt joa eol AT ewi (AU lvw gec ayk uc AV) AW AX qnu dqm AY AZ BA gdb BB BC BD hrj ezz ruu pkf pue mai zck BE jp zgy BF (BG mkg BH syb xgu) syj cvx BI lbi ziy wzn awm fus pmr BJ BK BL aaru ssq BM BN jpa BO BP BQ BR BS BT BU BV yzt BW lmv BX dql BY rcr fnu BZ (kvk ffi) aamp mbf qb CA ipv (CB CC CD CE abbh) CF lls CG jcm (ksb xgk aawv hbw vbh (rda gui rbn lmv uts enj yyg)) CH lpp CI btk (dem agq CJ isr hwq CK wht axj) (CL CM uif osx sqk omw (CN CO sfl nfm fls osj aajz)) (CP CQ CR tjb xfg pyc tby dyt hcr) CS CT xnt CU (hod sdb) CV qke CW fij fya sko CX (lum (CY CZ DA DB DC DD jw aclm oxb zx abyu) (ais leg nz ifz)) (glr wwn pxg npz uqe xsp shl (acgd fmx kdi tum kej) bah) uwj fy ltu DE DF ktg pyh DG DH azs DI rku DJ zip DK lbp DL rsi gio fsf DM DN gnq gts mnm DP myj hup ifd ozf kyf whw DQ DR tcr DS kyh (DT DU DV DW las rop) ral zvz qvk DX abpg ysi mjy DY DZ spe kdu EA saw aale fwd EB scb nyg yvp EC awp ED EE EF EG EH hep jkp lke hqh (EI EJ EK upo EL) yaz (fvy qbs (era rkf jaa bh sdy sxz izt uqy nvp)) gus jyu dvi mxs bay


