a pco
b acoq acop acoo obu ip uoi
c acoo acop ylm acom fhf
d acop acoo acoq abqf tsf
e fxl sqz wnm
f acoo acop xvy (ehe pym nkg rcg)
g fcb cmt hsv
h acoq acoo acop vvs cqm kye
i acop acoo acoq nqx lmj
j ifh
k acoo acoq acop acbj
l acoo acoq acop szb
m acop acoo lht
n acop acoo epy aamf
o acoo cjw
p acoq acop acoo rgy
q acoo acop ztx
r acoo acop dck
s jgs wrz ycn
t yhk
u acoo jam
v acoo aasd sxm abft
w acoq acop acoo ils jzi
x ssr
y acop acoo nsq ksl
z acoo acoq acop unr aawn ohe siw
aa acoo acop zxy
ab acoo dcb oif yan
ac mxs
ad acoo uhv
ae abpp
af fds
ag acoo sm
ah acoo uhh aazw ucs xyw xln
ai acop acoo cuq mfp kaq
aj acop acoo accf
ak acop acoo olq abck cjo
al acoo acop gwr qal tpp vou
am acoo czu vkr
an acoo qpw
ao tpv hoj nud aceg
ap acoo urg
aq rlj
ar acop acoo kvr
at acfc
au acoo pfy
av acoq acop acoo ntt ik
aw acoo acoq acop fzf
ax acoo acop ysj txe (dzo rzo cny)
ay acoo acop aep
az acoo acop mmf mhf tp
ba fjv
bb acoo umm
bc acoo acop egg abif
bd acoo acop acoq ver
be sxx
bf acoo acop gsd
bg acop acoo acoq xxg
bh acop acoq acoo dlt
bi acop acoo foy rbh
bj acoq acoo acop ejy
bk acoq acop acoo jop qbf ogo
bl acoo abvf xvj
bm acop acoq acoo xum
bn acoo kjb irs
bo acop acoq acoo rsa
bp acoo acoq acop ejc
bq syc wuh jqf pux
br acop acoo acoq ejw bum got
bs acop acoo ygn
bt acoq acop acoo lkx
bu umo uaz
bv acoo acop acoq tpw
bw acoo fet lag
bx acoo swi pgo
by yrh
bz acop acoo enb
ca sqv fao
cb acop acoo ikh jzg
cc acoo dvh
cd acoq acoo acop acgu
ce acop acoo fsg
cf acop acoo eoe nly
cg acop acoo acoq bdc hci
ch acoo uwt xbr btl
ci acoq acop acoo ftx
cj acoo acop acoq qeb vte lqe niy
ck acop acoq acoo jwg
cl acoo kix
cm acop acoo dac ctn
cn acop acoo gqn ltg
co gah vzj rze
cp acoq acop acoo aabr
cq acop acoo dwt qig
cr nmu bhi
cs acop acoq acoo bd
ct acoq acop acoo rvd
cu acop acoo ugj
cv acoo qpc
cw acoq acop acoo hhv jbd
cx uow
cy acoo hbt
cz acoo acop jx
da acop acoo gqq
db acoo dfv
dc acop acoo acoq rii anc
dd acoo acop ojc
de acoo abfi abob wpg toz crc
df acop acoq acoo aako
dg uy ujb xbe qiy
dh acoo ies
di acop acoq acoo sga
dj acoo abyk
dk acoo oit
dl lbi acni
dm gud
dn acop acoq acoo abwa
dp acoo acop acoq ivo yme hgs
dq acoo acop cds ecv vuf
dr mew wts
ds acoo acop acoq oh fkc rws fer ytp
dt acoo acop dwz ses cbp zts
du acoq acop acoo riq lju
dv acoo bdj zpj
dw acoo acop bxi
dx acoo acop acoq zpd
dy phg zkc
dz acop acoq acoo jqm
ea acoo acoq acop bug
eb acoo wsf
ec acoo acoq acop wqn ebi bjs
ed acop acoo dma (hzn nmy)
ee acop acoo acoq tpn cwx
ef acoo tvp
eg acoo czi
eh acop acoq acoo jnz taq (ctj ymx)
ei acoo acop qjx
ej acoo acop drs siv dur
ek peg
el acoo acop dps
em acoq acop acoo smu
en acoo acop qzy
eo hqv (zba rtq fmf usr)
ep fqi avp
eq acop acoo acoq tbv
er acoo ger
es acoo ttu
et sia
eu acoo epy ah cbl
ev acoo acop acoq tqi cpf iwc
ew acoo avn
ex hyc
ey acoo acop hbd
ez acoo acop stp zjg dex bjs
fa acjr
fb acoo qiw
fc acoo abe
fd atf
fe zu
ff acoo ize
fg lfg
fh acoq acop acoo pxs jfa thb
fi acoo acop ble
fj acoo acop acoq csy
fk vui vpz
fl acoo acop gbf
fm acoo oxo rrq
fn acoo acop acoq wb ohq
fo acoo acop uld
fp nty kvy kda
fq acoo dyz
fr acoq acop acoo bey
fs acoo acop kip
ft acop acoq acoo aft yoz dg wal
fu acop acoo acoq nhl aclv
fv acop acoo acoq oxh
fw acop acoo acoq pmj
fx acoo asq
fy acoo aavs tsa oik pdu
fz acoo acop aamw vxj wtt jqb
ga acop acoq acoo wil
gb djw
gc acop acoo acoq myi
gd acop acoo acoq nwj
ge acoo acop cgx
gf acop acoo ugr bjo
gg acoq acop acoo hyz bnd
gh acoo uxf
gi acoo aano bsb lba
gj nnj hyf agx
gk qbe
gl tbw
gm acoo acop bwr aaqa
gn acoq acoo acop svl
go acoq acop acoo fon
gp acoo acop ugw
gq acop acoo acoq ypw
gr oxq
gs naw nye
gt acop acoq acoo ckz hel wzw
gu acop acoo aahz xye
gv qnw byz
gw nlb rw ablm gho
gx acoo acgr pyh uid oiw kep
gy acoo abyn tbi
gz acoq acop acoo skz fsp
ha jae ppm voj krr
hb acoo acoq acop biq
hc acoo acop rpa (wud rgs)
hd acoo poa
he hhw
hf rpk
hg pir
hh acoo acop qru ral
hi acop acoo uld rhc
hj acoo acop yrf
hk acop acoq acoo ndh
hl acoq acoo acop thk acji biv
hm acop acoo xiq
hn acoq acop acoo coq
ho acoo kqi
hp acop acoo kzj
hq acop acoo ovl oli nvt gcv
hr acoo acop fax
hs acop acoo yui
ht acoo bql (jsh ela)
hu wlu
hv acoo acoq acop yfa
hw acoo typ
hx acop acoo acoq ucd esa dyz
hy acoo acop acoq dxo
hz ulf
ia acoo fjq
ib acoo hly tan mkz xbx
ic acop acoo uq
id mvg
ie acoo acop sdo
ig acoo acop acoq xxh etz
ih acoo acop hpf
ii acoo acop du siy fng
ij acoo acop acoq aavb dbn poe
ik sti ypf abmc
il acoq acoo acop eo mfr
im acop acoo kjn
io aqo
ip acop acoo aahr
iq acoo pcz
ir acoo acoq acop uzv
is acoo osl pua agz kjm hpj
it acoo bws
iu ibk pvg xgt
iv acoo hxd
iw acoo acop acoq txa nmz
ix acop acoo acoq aaje plr gvf
iy god xrf odw
iz acoo qup acha ngc
ja acoo prk
jb acop acoo acjp
jc acoo acop yr
jd acoo acop wrg
je acop acoo pyi scc
jf acoo aafm gzb
jg acoo acop acoq ida
jh acoo qkx lmx ion
ji xgf
jj acop acoq acoo mxv
jk acoo naa
jl acop acoo pmq lqz
jm acoo siy
jn acop acoo acoq aasd eoq kvi utb kyw
jo xul
jp acoo acop vwk alx cf
jq acoq acoo acop yhi vyn wvu
jr acoo ggf mxo unf ghq yvr
js fvv
jt acoq acoo acop xnq
ju acoo mwe
jv acoo ack
jw wlg eyb ldg
jx jyu
jy acoo acop cqp vt yre awg kte
jz srj
ka acoo acop acoq nxk ioz pzn mzs
kb acoo wmj qic
kc nuw
kd acop acoo acfr
ke acoo nwa xig ayb fp vmp
kf acoo vhm ldu
kg xzv jpn xkx kbn
kh oon
ki acop acoq acoo uik
kj qnc
kk acop acoo shz piu gjd
kl acoo acop acoq vpm fcg lpn
km acoo vtu
kn bfj acbh zmo
ko acoo qwl
kp acoo acop bzc fia
kq acoo boj
kr acoo yyo
ks acoo lwc
kt acop acoo acoq aacb cse
ku acop acoo acoq pnj
kv acoq acop acoo rcs oih
kw acoo dee
kx acoo acop mal qun cbw
ky mvz sqb voc wuq
kz acop acoo csc
la acoo acop fki xox uze
lb vbx
lc acoo ifn
ld acop acoo fti gnu nmg
le acop acoo acoq bwj ddv
lf gia
lg acoo qvb kzj
lh acop acoo rhv apf uyn
li acoq acop acoo bhx cmm
lj agx aacg owu
lk acop acoo acdk eyy (mpi mmb)
ll acoo mub
lm rjr ryg
ln acoq acop acoo yoy zgs sll
lo acoo acoq acop jid gri foo
lp acop acoo acoq sat eld
lq clj
lr acoo acop jow acgv
ls acoo grj
lt acoo uyo
lu qzo
lv uhf
lw acop acoo acoq psq
lx acoo xaf
ly acoo acop ydc qib hpd
lz acoo acop thb nzl twa vek
ma fzi
mb acoo acop eza
mc acoo acoq acop wbx
md acoq acop acoo fou
me acoo lk
mf acoo fnx wri
mg fqw zvh puu
mh mdl zfd xme
mi acoq acop acoo lfv
mj acoo acop uuq kyt
mk acop acoq acoo llj
ml acoo icr tsy
mm acoo acop ikk abua
mn acop acoo acoq iim
mo acoo absf
mp acoo acoq acop tfe
mq wif
mr acoq acoo acop tsg
ms acoq acoo acop pmx aqi evg achq aabq
mt acop acoo byb aabg pcb abfk pup
mu acoo ejw
mv acoo aacl
mw acoo nym yfd nnn
mx acoo acop hvf
my acoo acop nls pke abmy
mz acop acoo auj fpt yoa
na dlh qdf
nb ewr
nc acoo ifn hn ezp (erd lys)
nd acop acoo acoq eju rzg rjk
ne ncl (acjm fcr znr aaly)
nf acop acoo acoq rnr pyv (yln vio)
ng acoq acop acoo zyi
nh acoq acoo acop ibz erz
ni acop acoo abgv
nj yvj
nk pum
nl thv
nm acop acoo acoq wh
nn acoo egz
no xrh
np acoo acoq acop rjo
nq acop acoo gry oev
nr acoo jvv ixk sgf
ns epd
nt acoo acop acoq kfw ypu
nu acoo acop zzf
nv acoo acop zle
nw acoo nqa
nx idz
ny acop acoo ulk
nz gco
oa acoo acop achx jhs zac dcw
ob acop acoq acoo aoz
oc acop acoo nrn cf
od tpu txs abwf
oe acoo acop rzn wot
og acoq acop acoo ivh tnh
oh acoq acop acoo aacy
oi all
oj acoo acop acoq goi tlu
ok acop acoo lnc
ol acoo acop bxg sxw rsv
om njf dix dzz jxf
on dha
oo acoo asq
op acoo acoq acop otu
oq tid
or acoo mty diw zch fxj
os acoq acoo acop khn
ot ask cgd opn aqw
ou acop acoo acoq ilv
ov acoo acop ect vdb zjq
ow jea zyt
ox ytm
oy acoo cm ltw m
oz acoo acop mjq
pa acop acoo dkq cqe
pb acoq acoo acop pjy bpn
pc acop acoq acoo hgb
pd acoo acoq acop kfs jpn
pe acoq acop acoo zqi lux teo
pf sm
pg acoo acop acoq abir idh
ph acop acoo acoq uqv
pi acop acoo aalq
pj acoq acop acoo hd acbi
pk acoo ifm
pl acoo ygd ewy jsr
pm acop acoq acoo dek abde
pn acoo ken
po acop acoo pq fqc qzs
pp acop acoq acoo tpj
pq abjj
pr acoo kow
ps bns emf evq
pt acop acoo itx pqc fev
pu acoo urf kcw xcf jjl abbo
pv acoo kge
pw acoq acoo acop lbr lfo
px acoo ndz
py acoo acoq acop qoc
pz acop acoo duz
qa acoo acop rad sjw
qb acoo xfe
qc acop acoo jsm
qd acoo vju
qe acop acoq acoo apt mit
qf acop acoo mkl
qg qwb vek yxv
qh acop acoo equ
qi acoq acop acoo tsl achy xja kqi
qj acoo iwh uux
qk eyv
ql euq
qm acoo acop pqd
qn acoo acoq acop abel rqj wkj
qo acoq acoo acop pqi dlu jtm
qp acoo acoq acop khu jcx iim
qq acoo acop acoq yux ozy
qr aajj dui
qs acoo fhe yup peg
qt acoo ool hvg
qu acoo cgq
qv acop acoo acmj pfq
qw acoq acoo acop ows
qx acoo acop uzt
qy acoo pnu
qz acoo egx
ra acoo ablj
rb acoo acop efg jqg xeb buc
rc acop acoq acoo aamy vsr
rd acoo acop xqo
re acoo rgs
rf acoo acop arv uiy
rg acoo acop bqh
rh acoo acop abiw
ri acoo xoa vbo ksh
rj acoo cae nnr kvq
rk acoo acoq acop vij qhp abpe dok
rl yce ble
rm acoo yob
rn acoo aabi vhj tvp
ro acoo igb
rp rwh
rq acoo evn lbg
rr acop acoo snl wei ddp fcd
rs ayi
rt acoq acop acoo iox mal
ru hiw djy xkp
rv acop acoo nyg
rw acoq acop acoo cpg gwh tnw
rx acop acoo omj pmc hyc
ry dwm rpp
rz knh
sa acoo acoq acop rya iom zkh hde
sb acoq acop acoo xae
sc ypc uva ary
sd abxn
se acoo acoq acop pmp
sf acop acoo acoq jos gya hfo
sg acop acoq acoo pjt
sh acoo arw abhh oqi
si qfi
sj oxf
sk acoq acop acoo ynk
sl acoo kbr iui eyq qsh vrq
sm acoo acop acoq zhi
sn xgo
so acoo whd gzn
sp abwo cvy eff
sq acop acoo pne bpm
sr acoo ram jpi osm ncj
ss acoo acoq acop vsc pry
st xxq
su cpv
sv acoo qoi
sw acoo acop vep
sx acoo iq
sy acoo acop ugg
sz acoo par qdz
ta acoo acop uds
tb rka fva
tc acop acoo ndv acfc amc xha
td acoo igz enz
te acop acoo mgo
tf acoo acop acoq xnz ngn yoq
tg acoo zbe zum bkd
th acoo acop acoq lqz aqy
ti acoo jqy rrf ehe
tj acoo ike yhg
tk acop acoo xpu
tl acop acoq acoo dek skw ltx
tm wx
tn acoo cih abyt jqj
to acoo acop ezq
tp mha
tq acoo acop ukk vsr
tr acoo acop acoq bll
ts acoo yol
tt acoo spw yth vyl cdt
tu acop acoo yqk vxx
tv acoo flp
tw acoo acop gof wwm cba
tx acop acoo qaj dmb
ty bsn jul
tz acoo acoq acop ikt achu jzs
ua acoq acoo acop ulv dze
ub acoo acop bnd aamy
uc acoo lxp eho ohk
ud acoo szm
ue acoo lhs
uf acop acoo shl pby
ug acoo acop wpl zwa lph hvg
uh acop acoo acoq pxt njr ywl
ui uzc ynt
uj acoo vay
uk acop acoo sia qwi svm
ul acoo acop owq (kmp ib abph)
um acop acoq acoo fnh enl
un acoo mnw
uo acoo acop rei cvg
up acoo acop ypq axg yfe kqa
uq acop acoq acoo dvk
ur acoo acop acoq ypx qip tbl
us acoo acop acoq aaop xua
ut acoo acop gfj nnq
uu acoo nmi
uv acoo acoq acop jj ivp (quy tbs)
uw dgs
ux bf rjn peh
uy sje ohk qdy sqs
uz acop acoo csm
va gea zbu fma
vb acoo acop aakf rct uas
vc acoq acop acoo vjs
vd acop acoo acoq frc
ve acoq acoo acop ccp
vf mu
vg acoo acop mku
vh hxn yvl
vi sln
vj acoq acop acoo jtc xii uj
vk acoo bhv
vl acoq acoo acop wqa
vm acoq acoo acop urf gvg kgz lg
vn acop acoo acoq aapw sfp mnr
vo acoo acop mdx
vp acoo acop ackq aani iml
vq acop acoo kcn (wzs zji cwd)
vr hvk uxt ivz
vs acoo bve il
vt acoo acoq acop hko dap
vu acoo acoq acop okn
vv yel
vw kiv
vx swn
vy acoo ied wtx srz
vz acoo acop aajq
wa en
wb acoo acop ico aaac (rlw lwr aaip)
wc cgy ax hlh
wd acoo acoq acop qtc bqr
we fxi
wf acoo acop aawv
wg abzy
wh acoo acop abpm zya
wi acoq acop acoo lbr lqw vqf
wj acoo acop ryk
wk acoo fzp
wl acoo igc nox nwd
wm acoo acop acoq zat sjr (jqs xsj mja)
wn acoo xtu
wo acoo zdp ncr
wp jia
wq ujq
wr acop acoq acoo omo
ws acoo pwl
wt acoo acop lv wja
wu acoo acop jdz nho
wv acoo ozt
ww acoo tw
wx tna cqr etv dns
wy acop acoo enq
wz acop acoo ucu mpg scn hfi
xa acoo cjz
xb acoo jys byk mjn xhu
xc acoq acoo acop abrw bho nmt
xd acop acoo dfc
xe dvm rqp
xf acoq acoo acop acmz
xg mwh
xh acop acoo hsu (bqn iwx)
xi acop acoq acoo jlm (gco skj)
xj acoo fld
xk acop acoo agm
xl acop acoo abjk
xm acoo acop ygq
xn acop acoq acoo acoc zka ztx cgv
xo acoq acoo acop uxr ynj xtf
xp acoo acoq acop stv
xq acoq acop acoo abft
xr acoq acop acoo uap loy rdy nrq
xs zcd
xt acoo acop duw zpv xaj
xu acop acoq acoo dmc
xv ddt bih oib r
xw acop acoq acoo mwe ugg mjp
xx acoo tdf kdr
xy acoq acoo acop aamt
xz zio
ya acoq acop acoo acp
yb acoq acop acoo gzh
yc acoq acop acoo uwu tlf acaz (abf kqu)
yd acop acoo smk axg aqh
ye mee
yf acoo acop hjd
yg acoo yay bol
yh acoo acop acoq uw tpm
yi acoo uho
yj mle
yk acop acoo xmq abnt pxq hlw
yl acoo qki
ym acoo acop aajp
yn acoo acoq acop hee dbo nmv (aazt pra)
yo acop acoo kro yxf
yp acoo acop ohl
yq yj zvr dkd zie
yr acoo hxl abhg
ys acoo acoq acop kjv tne
yt bvv
yu ssm
yv kut
yw acop acoq acoo tqs
yx acoo acop acoq hlo
yy acop acoq acoo tgo hmd
yz acop acoo acoq aafo ryh ngp meg
za jyb jbr
zb acoo aarb
zc acoo acop eh
zd acoo uut
ze acoo acop hrb ztw fgo nok
zf acoo shu
zg acoo wlk
zh acoo acop acoq mwg kwd wz
zi acoo acop acoq mot abgm yaw
zj acoq acop acoo mju
zk acop acoq acoo yam
zl pkt leg
zm acoo eju
zn acoo acop xky
zo bya
zp acoo wet jxa vwd
zq acoq acop acoo svu
zr acop acoo ewl
zs acop acoo acoq nam vvt
zt acoq acoo acop jdd aaga lyu
zu acoq acop acoo hcs tub
zv bpr
zw acoo mxs nwd bau acdx
zx acoo ackl
zy pry
zz pai
aaa acoo rtb ex htt
aab acoo ngn
aac axg
aad acoo acop hjy sgb
aae acop acoo acoq du
aaf acoo oap
aag djc
aah acoo ivh xpr
aai wix wjq
aaj acoo uaa
aak acoo acop nyg
aal acoo acoq acop vdk
aam zko gdg dfp
aan acoo wsb
aao acoo gve
aap ine txg ecq
aaq acoo bmp
aar acoo acop acko igr cao
aas zre
aat abas
aau acoo acop qyl
aav acop acoo hdm
aaw mwg abot
aax acop acoo acoq gzk lwo
aay acoo acop aaxu
aaz acoo acop aapm
aba acoo acoq acop zen
abb acoo acoq acop twp yig
abc acop acoo ozc sig
abd dam
abe acoo zku
abf acop acoq acoo ecu
abg acop acoq acoo pow ccp trh
abh acoo acop acoq roi
abi jnn vzd ouf
abj lzf
abk acoo iay
abl acoo acop pfg aaul
abm acoo rhp
abn acop acoo rnh eok
abo wyy
abp acop acoo wua edj
abq yea abbh
abr acoo acop zkt
abs acoo acop abjz oio gme
abt acop acoo qul
abu acoo poh ozr abhx
abv acoo acop bty
abw acoo acoq acop xvg (kvc zky)
abx acop acoq acoo pgv aaat
aby egl
abz acoo acoq acop nec
aca aaol
acb acop acoo acoq aapw ms ikq
acc acoo hhm pkv
acd acoo mdn umc
ace acoo acop npl abex
acf acoq acoo acop bud
acg acoo acoq acop nvh
ach acop acoo tsp
aci acoo gve rqb jfx cze
acj acoo ssj xql
ack acoo acop snh eh kgj
acl acop acoo iig
acm laj
acn acop acoo vsm
aco xyo wiv
acp acoo qqa
acq acoo usk
acr acoo oxc
acs mek
act acoo abrp
acu usm fqv
acv acop acoo owg
acw qwf
acx acop acoo irb bnh vgq
acy msy
acz acoo kkh
ada acoo jnq
adb acoo acop ftx vco eck
adc agb hjs
add acop acoq acoo mma
ade ssj
adf xoh
adg acop acoo gq
adh acoo nsh
adi acoo acop tbx
adj acop acoo dax
adk acoo acop euc yn
adl acoo jm
adm acop acoq acoo qmn pyb (pxd bsc)
adn acop acoo aoc
ado acop acoo mgh
adp acop acoo mmq
adq bzd
adr nag
ads acoo acop kuk
adt acoo qeb
adu acop acoo uo
adv acoq acoo acop inr
adw acoo acop sqs xsg
adx aasv (fvc aaxw mto)
ady acop acoo swq
adz acoo acoq acop oub
aea tel usi rbl
aeb acoo acop acoq edw
aec acoo acop nrj mzv ijy
aed acoo acop abba
aee acoo acop fle kij mkk
aef acoo anx
aeg pff
aeh acoo efq
aei wcp
aej acoo yld
aek acop acoo fsv gbx
ael acoo acop mvz
aem jzc
aen acoo acoq acop ttf kcv
aeo acoo acop dyc
aep acoo run
aeq zis hau
aer zwa uoy
aes acop acoo nch biy acir nhl
aet acoo acop rda
aeu acoo acop nzi
aev acoo acla cjy jzy
aew acoo acoq acop abbp fnb
aex acoo acop jgv
aey acoo eta dfx
aez qcj
afa ilb
afb acoo acop oqt
afc acoo acop zbz
afd acoq acop acoo rpo
afe acoq acop acoo iyh bxa
aff acoo acop tto
afg qcl
afh acoo acoq acop bkh isq
afi acoo aaka
afj acoo zkk oel dkx
afk acoo acop aaii oet lju ksj
afl wni
afm acoo bmm
afn acop acoo acoq vrh
afo acoo acoq acop ackc
afp acop acoq acoo lhi hhp fjh
afq acop acoo ahi
afr acop acoo mjm
afs hpb
aft acoq acop acoo vut ilx lnr
afu acop acoo pvr
afv acop acoo acoq lgc
afw acoq acop acoo smt
afx acop acoo acoq acbq lua
afy acoq acoo acop pgg aot udu
afz acoo acop acoq qxh amk abxv iij
aga acoo eb zhy ixj des
agb acoo kga
agc uwl
agd acoo kms abir ndz
age imj
agf acoo acop acoq vtn ryc bii
agg acoo brv
agh acoo acop acoq dxl vlv
agi acoo acoq acop fjv aamz
agj acoo ruv (inx uvi)
agk acoo acoq acop dse
agl nwv
agm acoq acoo acop axu syr
agn acoo acoq acop qzi
ago qts jh pqk
agp acoo zke gpj usb
agq frz
agr acoo knj
ags acop acoo vfx
agt acoo yiy wls gyu jlc
agu aue
agv acoo zlx
agw acoq acop acoo nxv
agx up
agy tlz
agz acop acoo acoq lig
aha acop acoo acoq red
ahb acoo acop igb axj
ahc pdr box
ahd acoq acop acoo pbs ehp xj kyb
ahe acoo abjb
ahf qgr
ahg acoo acop acoq sts aagp cyj cvl
ahh acoo acop ihs zvv
ahi acop acoo hso wdk
ahj acop acoo acoq lsn ypl khc riy
ahk acop acoo fht aeb
ahl acoq acop acoo drs
ahm acop acoq acoo idp
ahn yec aaya
aho acoo acop kve
ahp acoo absf ffu abr kzz
ahq fke
ahr acoo acop acoq zaf
ahs rrf
aht acoo acoq acop gfk
ahu acoo grm
ahv vvh
ahw eyv
ahx acoq acoo acop nmn
ahy acoo oxf
ahz acop acoo vdh
aia acoo acoq acop myg
aib acop acoo cor
aic acop acoo acoq ttw knp
aid acoo acop khe rws
aie acop acoo jrp
aif acoo acop acoq otx
aig nak
aih acoo dyi
aii acop acoo acoq oxm
aij acop acoo rgs
aik acoo acop ztp kie xen
ail acoo imx wef qud zcr
aim qbi tsa mts zyn
ain acop acoq acoo ipz
aio acoo acoq acop big ksd
aip zjf lk tzs vwo
aiq acoo zxj wzq
air fue
ais acop acoo wtw fwy
ait acoo acop abeg egi kmf
aiu acop acoo cww
aiv acoq acop acoo zzb
aiw acoo abdv
aix vcd ogk gni
aiy acop acoo icb lit hpw mqu
aiz acoo rzu
aja acoo omg ndu
ajb kcs wzr xdk
ajc acop acoo vbs hab eth
ajd qan
aje nxw mmq vbb whu
ajf acoo abri
ajg tpg
ajh acoo acop efz
aji fne
ajj acoo acop kvu
ajk acop acoo acoq ile gfs emu
ajl acoq acoo acop sqz dcj
ajm acoo vds bwu upn
ajn nna xfg (lxb fqz)
ajo npq
ajp acop acoo gmv
ajq san
ajr acop acoq acoo ne fac ltq gnn
ajs acop acoo lhw
ajt acoo acop ews puj dqi lca
aju acoo acop zub abiz jdb
ajv acoo acop vya abbp
ajw acoo acoq acop rli
ajx acop acoo enw puw mth
ajy psw
ajz acoo acop pcc aavs uhx
aka acoq acop acoo qvb
akb acop acoo fwk oau
akc acop acoq acoo rer dee xbu
akd rdt vsj
ake acoo acop cak
akf acoo acoq acop abwt
akg acoo acop flc
akh acop acoo acoq hhq xdy
aki wll
akj aik
akk ada
akl acop acoo emp
akm fuc jrz wuq
akn qw
ako acoo acop eve scp rht
akp acop acoo wym
akq acoo acop ssx
akr acop acoo god (vey smd)
aks acop acoo zeq
akt fnf gtu wqx xnm ooq
aku acoo acoq acop jng
akv acoo acop jck gsd
akw acoo hkf
akx acoo ntk
aky acoo acop ktx ablk rzi
akz wob jvk
ala vgk
alb acoq acop acoo ibh
alc vgk
ald acoo acop acoq ykv
ale acoo ftu
alf acop acoq acoo hmv
alg acoq acop acoo lxw yzq
alh acoq acoo acop abuz
ali acop acoo tyg qnn
alj ivt
alk acoo nen
all acoo mdp
alm acoq acop acoo jpi way
aln lly shl
alo acop acoo jvx jlt
alp acoo htr vat
alq gqy
alr pxw hbk
als acop acoo na ypu
alt acoo acop acoq qgw
alu acop acoo kox
alv acoo acop acoq zun
alw acoq acop acoo yhv wyk adr
alx acoo acop acoq voi po rgv
aly aalx ytx ujk tdj
alz acoq acoo acop mwh gyt isv
ama acoo cju qac abim
amb acoo acop net
amc aazu
amd acoo uf wgn acgk
ame ysr
amf acoo acoq acop pcn qlq hyn fqa
amg acoo acop pfp jdd zcw
amh acoo acop acoq fdr
ami cdv
amj acoo ukg om
amk acoo acop acoq zwo
aml acoo lme xqh qto
amm acop acoo ede knl fgp
amn aim
amo acoo ade zwi
amp acoq acoo acop hku
amq acoo acop acoq xmz esw kwd
amr acop acoq acoo qlq ymj
ams acop acoo acoq aub
amt mfq vtl
amu acoo acoq acop xns
amv lhl abnc qbt
amw acoo khx
amx krs abxc
amy ms
amz acop acoo dxg
ana acoo acop abgz sue ncj vet xkp
anb acop acoo ld
anc uca xcs tyd
and dhy bja
ane zfp oyj qzv
anf acoo aarg
ang acop acoo aasn cac kuz fzh
anh pkp
ani acoq acop acoo mky ewj roi obf
anj hsp
ank acoq acop acoo xen
anl acoo ezi (nvx rmd)
anm acoo acop ftn bng qoj
ann acoo acop kqu qpr avf
ano acop acoo snk
anp acoo xbx mor ziu ods
anq xad vbu
anr nta bzl efu kom
ans abah
ant acoo xiv
anu zkg ybo
anv fru
anw acoo qig usq
anx pvu
any acoo mju hsl
anz acoo vfs
aoa acoo acop jdy
aob acop acoo raj
aoc cki ygh yzz
aod acoo aael
aoe acoo acop knb
aof acop acoo acoq wyd lsw
aog acoo aadh dqd oms ts adm
aoh mem
aoi qfm ckk
aoj acop acoo acoq emr nps any
aok deg
aol acop acoq acoo che
aom acoo acop crx zpn iyw
aon acoo yad lzr
aoo acoo qdl
aop vlt ifv cfy
aoq wak jrp
aor obc
aos acoo acjk
aot acoq acop acoo dxk iiu qyc lnw
aou acoo ixa
aov urd
aow rqm emj yjn ewr absm
aox sqj
aoy acoo gdw kkn jvy aqu
aoz gyi
apa acoo acop acoq zma
apb acoo acop swa
apc acop acoq acoo jts
apd dke
ape acoo acld
apf oaw veb
apg acop acoo det knh
aph acoo ocx
api acop acoo uci hfn nvy abgn
apj acoo acoq acop mww cos
apk acoo urq aclf fib
apl qfm hmi
apm ehv
apn acoo acop acoq ove
apo acop acoo hcx xgx abzx
app acoo gxo
apq acoo hmo fvt
apr acoo ofb ecb hxi
aps acop acoq acoo kg
apt acop acoq acoo mni
apu acoo acoq acop tvt qfr
apv acoq acoo acop xnv
apw tun rgf dsk auk dfl
apx acoo oka
apy uft
apz jau jwm
aqa mqs nhx dhw
aqb zzo
aqc acop acoo acoq ysk
aqd acop acoo ypy
aqe cyo mss
aqf slm
aqg acoo acop abrd
aqh muq
aqi acoo aef acgb ykm
aqj zbv
aqk acoo dqi sxr
aql llb
aqm acoo acop smr gwe aagj
aqn acoo fwr (acw gis)
aqo acop acoo ldx nll nfg
aqp acop acoo kem
aqq acop acoo lub
aqr acoo acop xpz
aqs acoo lst
aqt acoo achw
aqu mln
aqv fac vxx iyf
aqw tv aji
aqx acop acoo yqv zah
aqy acoo acoq acop ttq wuf
aqz acoo acoq acop abtr obz mvi
ara lkc
arb acoo acoq acop dsg obk
arc acoq acop acoo cnr
ard acoo ztj
are acoo acop aoh
arf hyr
arg acoq acoo acop luh gqy
arh acoo acop hmx wcc acgx bfd
ari rls
arj acoq acoo acop sgk oiq
ark acoo acop acoq box
arl acoo wkv
arm fxl
arn acoo acop bsw
aro acoo pfc (lvi swn aaqx)
arp acop acoo skc
arq acoq acop acoo fci hxz fcq
arr acoo acop acoq snq mab abwf byo
ars acoo acop skg
art acoo acop xxx giz tfk
aru acoo acof
arv acoo acop absi tsq
arw acoo nzv zhq
arx miu
ary acop acoo acoq fof owl cea
arz acoo nic rnu hsf
asa acoo acop acoq lvd
asb acoo aaoo
asc acoo acop hne
asd acjb
ase acoo hvy wnk usu nci osx
asf acoo acoq acop ulx
asg acop acoo qex acks
ash acoo acoq acop sqd
asi acoo aafp iuv nwh
asj acoo acoq acop abyi
ask acoo acop ea wjt qxx yqb ymm
asl jsh fus
asm acoo loo
asn acoo lkd
aso acjn vfc qja
asp acoo acop wtu sey
asq xzl
asr pne
ass acoo acop nrh
ast ffw jrm
asu ckm qro (kcm qaa)
asv acoo acop abxh lka baj
asw acop acoq acoo gy
asx acop acoq acoo lb
asy acoo ykb msr ppm
asz weq
ata pl fqh bjv tho
atb acoo oqs
atc acoo wgp
atd acop acoo acoq jeq
ate knz
atf acop acoo lvl ioc
atg acoo kmi tyj zfq nle yb
ath acoo dvm
ati acop acoo sb xag fcp acnl
atj acoo cxm
atk acoo acop acoq bqm
atl ivk
atm utv aakd tdl
atn prt
ato acoo acop jis
atp acop acoq acoo jsy
atq acop acoo acoq tfk gof aug sdp
atr acoo acop mkp
ats acoo acop azo srx jdr
att abvp uqz vnd rwv khb
atu acoo mdm
atv acoo ntq
atw acop acoo xg
atx hps
aty pbq
atz ttr eaf rtu xiz fak
aua acoq acop acoo qny ydy
aub acoq acop acoo hxg
auc acem
aud wae
aue vtq
auf acop acoo dbs
aug acoo vql
auh acop acoo utv
aui acop acoo drr pzc
auj acoq acoo acop haj
auk gdu rzd
aul acoo kog
aum hxf
aun acoo acoq acop wsz vbz arf abau
auo acoo xgm
aup tfd
auq nzj wst
aur acoo lbp
aus acoo acop lez
aut jwq
auu acoo spg wlp
auv acoo acop cud
auw acoo acoq acop gio pay
aux wpl
auy acop acoq acoo qkx yju dqh kvy pke
auz aqs
ava acoo acoq acop iam oul xxo
avb acoo equ xef ydh ukv
avc acoo bzy
avd acoo acop pmi
ave acoq acop acoo vr
avf acoo acop xwy
avg acoo acop xap
avh acop acoo joz qnc
avi acoo pwd
avj acop acoo tmj
avk hkq aqy
avl oxl
avm acop acoo gcq zfe djl
avn acop acoo ioq
avo acop acoq acoo wuk
avp abbk
avq acoo xto
avr acop acoo slu tah (pmd abhy)
avs acoo deq aahy vkr
avt nbg
avu acoq acoo acop pjo ump rwl
avv xha xoz uve mun
avw acoo set
avx tga
avy acoo rot bsc fs
avz acop acoo acoq xeb zwd ibz cty acke
awa acoo nlv
awb acoo acoq acop pqr tcm
awc jva jab
awd acoo acop yrs
awe aalc
awf acoo acop acoq xkb wgk sry ifs
awg acoo acop zrq
awh acop acoq acoo cqf
awi acoo acop lfo vw
awj acoo acio bwd pnw
awk dxz
awl hsj epr
awm acop acoo jdp
awn acop acoo bfg nov abca
awo acoo acop rmk
awp acop acoo lem jiy js
awq whc
awr hpi ces fdh
aws acoq acop acoo hig
awt acoo joj
awu acoo qnk fnc rfe
awv acop acoo asv rie inj bdk
aww acoo gxg
awx acoo buh
awy tfx
awz zox
axa acop acoo dra
axb acoq acoo acop lga unt ybe
axc dmq
axd ako
axe xdd rwb hmb
axf xoq
axg acoo acop vd des
axh aazv glq kic
axi acoo cm
axj wis
axk pkj xis aaim
axl acoq acoo acop lho vlk tvx
axm acop acoo acoq acky bax
axn abml
axo acoo xng aym eux
axp acoo vfa
axq acoo acoq acop wzt
axr acoo acop fep phh
axs acoo vsy
axt qht mno
axu ztr
axv acoo acop dlc
axw pir
axx acoo apn
axy acop acoo acoq abmu
axz acop acoo nil ovh uvg dcz
aya acoo acop hcx
ayb acoo acop acoq gyt
ayc ld
ayd acoo acop acoq tus aasr phs
aye qpu tuc
ayf acoo accp wlx
ayg acoo nfy
ayh acop acoo bey
ayi acop acoq acoo tsq
ayj fiq
ayk acoo acag pyp ife
ayl kig jgo
aym zsg
ayn wsg pqe
ayo acoo faw vab
ayp dbb ppo
ayq acoo ctz
ayr acoo acop acae lim mej mbd
ays acop acoq acoo abhw qdr dod
ayt acoo rxa
ayu acoo tie
ayv acoo aaxf
ayw acoq acoo acop adz
ayx acoo acop ozl vdz ega zui
ayy acoo aafr
ayz acoq acoo acop mrl
aza acoo acop aaox
azb hne unt
azc acoo acop are pch nyb byb lh
azd hz alf
aze eqi sya ji
azf acoq acop acoo zmv omn dlb
azg acop acoo zol
azh acoo yts
azi acop acoo odw
azj msd ziu
azk acoo rqf
azl acoo wqe whx wtb ats
azm acoo wew
azn acop acoo fac ejb db
azo acoq acop acoo siy vtg
azp ulj vme kls tj ilg
azq acoq acoo acop sz fsl
azr krr (xyl kja)
azs myr
azt acoo acop qmk bmd
azu acoo abrz
azv wwt
azw acop acoo kht
azx yug
azy acop acoo csn cgl ggh
azz acoo acoq acop nml piq xdi
baa acoo aaa
bab acoq acop acoo izg
bac rkl mnw aaxq
bad acoo acop abay opn jtc
bae acoo acoq acop prv
baf acoo acop acoq clu ktq lnl
bag acoq acoo acop jyv qwn dkl
bah acoo cks
bai bgy
baj acop acoq acoo fru
bak acoo auq
bal acoo lyq bxa
bam acoo acop jom omz
ban rgy ahz
bao acoq acop acoo glc
bap acoo acoq acop nbs
baq acoo acop acoq twp
bar acoo idg
bas acop acoo acoq kie bc hlc vmr
bat wze
bau acoo acop wvn mly wex
bav acop acoo acoq wig vml wem
baw acoq acoo acop abov
bax acop acoo gbc ecy
bay acoo acop yvs
baz acoo npw gjq
bba acop acoo acoq ghp ely
bbb sxg ysh
bbc rzt qgj
bbd acop acoq acoo kgn
bbe fsg zql
bbf acoo ablg
bbg acoo acop anz
bbh thw kwl adq
bbi acop acoq acoo jsv
bbj acoo stq ozw huk
bbk acop acoo ayo
bbl acop acoo acoq ackd
bbm acop acoo zny
bbn fdd adb
bbo acop acoq acoo upb
bbp acoo rdq abq iqu
bbq zey dxe hfk
bbr acop acoo acoq ntp hyp aapb
bbs acop acoo acoq srr
bbt acop acoq acoo kis yjq nwy ytt
bbu acop acoq acoo cqj zmn
bbv acoq acoo acop abrn
bbw abxc
bbx acoq acop acoo lip hya
bby acoo qhi
bbz mex
bca acoo tcn nwy zub xts tjg
bcb acoo onz
bcc acoo acoq acop pqu jba doj yau
bcd acop acoq acoo fp jli
bce acoo acoq acop abqz qcq pjr sdd
bcf acoo jhp gez
bcg lds vgq ucs
bch acop acoo feu
bci nie
bcj itm
bck acoo ink abbi gba nso
bcl acoo frf
bcm acoo acop cax
bcn acop acoo dqc rhx
bco acoo vry
bcp hxi vwy
bcq acoq acoo acop vbt doz cix aabz
bcr acoo acop acoq fwy
bcs abyl
bct acoo skx
bcu acop acoo gxq kcm
bcv aen
bcw acoo acop acoq vbx cxj fcx
bcx acoo acop acoq wqt uox
bcy dwz qjs olg tqy
bcz acop acoo lse klh wjp
bda acop acoo kpy
bdb gnn
bdc acop acoo kul
bdd acoo jus bgi qsz
bde abnj xni iqx
bdf phb fwn
bdg acoo acop cie
bdh acoo pnn
bdi acoo acop sea lst
bdj acoo svf xog
bdk acoo acop ofx ech gbl aagr acio
bdl ckc
bdm acoo iam
bdn acoo ugp
bdo acop acoq acoo qfx
bdp lox
bdq acoo acop mwp rct vfe
bdr acop acoo wxg sxp
bds acoo uje
bdt acop acoo acoq zyr fgu
bdu acop acoo jth
bdv acoo acop ate
bdw chj
bdx utj
bdy acoq acop acoo gk
bdz bmt
bea acop acoq acoo wqd pyf
beb acoo kmi
bec yjm
bed acoo lkv alo
bee acop acoq acoo ned
bef ypr
beg acop acoo acoq ukf
beh acoo shj
bei acoo acop acoq fat
bej acoo kv jiz aoq xpk
bek bgd
bel kex acad
bem vco
ben acoo ffx
beo acop acoo acoq emu
bep kwe abnc ppa
beq acop acoq acoo eoa
ber acoo oqk
bes abzg omn uad wbv
bet acoo oxr
beu acoo had eph
bev acop acoo tow nmk ivu wbz
bew acop acoq acoo kx
bex acop acoo accn
bey rfw vuk din fnl
bez acoo uxu
bfa ynp cdy
bfb acoo tvi
bfc acoo zgo tqm fim wha
bfd acop acoo xeb jso jec
bfe acoo pms
bff dny
bfg acop acoq acoo pzr
bfh acoo acoq acop biv az
bfi acoq acop acoo bgd
bfj nxq
bfk acoo scn
bfl acoo rmx
bfm acoo acop zwn
bfn acoo gse
bfo acoo ald
bfp acop acoo acoq yel dzy yzm zls
bfq acoo acop bvt
bfr acoo aaqc
bfs acop acoo eh
bft acoo bdj
bfu acoo egl
bfv xjm
bfw qhi jbj
bfx acoo cta qa ily ekq qgh
bfy pdh
bfz acop acoo jup
bga acoo acop iew
bgb rgy
bgc acoo acop acoq cau
bgd ccz bkb
bge acoo acop ser
bgf acoo gkk abnn
bgg acoo acop xeq dmg
bgh acop acoq acoo awr
bgi acoo owg
bgj acoo acoq acop joj
bgk acoo zmw m axn aw yvk
bgl acop acoo kid ijl afs
bgm acop acoo rdt
bgn tal uig gva nug
bgo ann qil vmd
bgp acop acoo kbm
bgq krm
bgr acop acoo xjz oin
bgs rat
bgt acoq acop acoo owr
bgu acoo nlf
bgv acop acoo acoq spz tge suy ybh
bgw iot
bgx acoq acoo acop ttt
bgy icj xdf fjp
bgz acoo acop dyp zoj (vzv fij)
bha ibm
bhb hjm
bhc ntr jwg aaeh
bhd acoo acoq acop gyc
bhe cfm gd yej wfe
bhf qdx
bhg acoo acop xas
bhh acoq acoo acop fok
bhi euy ibm ohb
bhj mpx
bhk acoq acoo acop wjp cyb
bhl acop acoo aaal kqe kfa
bhm acoq acop acoo ehx
bhn acop acoo aacn
bho gym
bhp acoo abtd
bhq jpd jem
bhr acop acoo xvh
bhs acoo abwr
bht duw wbk cgo
bhu etv iw
bhv qnv eoq
bhw acop acoq acoo huu wya
bhx dzj
bhy nur
bhz acoo acoq acop abnk
bia gq ozq obv
bib acoq acop acoo qyo
bic acoo acop acoq csj
bid zmi atb
bie acoo mnh ltf
bif acoq acoo acop zzl
big acoo ivl yit ayw vpl
bih acop acoo acoq jqs cbm ard
bii acoo gfj
bij acoo abzx
bik acop acoo kgc
bil acoo acop yts fol jic ktc
bim acoq acoo acop nxo
bin acoo acop lbm ylu vit wnx
bio acop acoq acoo able
bip acoo nkt rog
biq acop acoo acoq goa dcw
bir xek
bis acop acoq acoo xmm
bit acop acoo eck ftf
biu acoq acoo acop nss bxj fkt
biv acoo acop acoq vie aagq kvg
biw acoo acop ns kyc
bix acop acoo yew ijl
biy acoo ceg
biz acoo wlh
bja acoo mto
bjb acop acoo acoq pvx
bjc zww iln ya
bjd acoo acop mic win gvr
bje acoq acoo acop jz aced ihq
bjf cji
bjg acop acoo acoq dhx aasm
bjh acoo dye
bji acop acoo acoq vpm axt
bjj acoo ovd
bjk acoq acop acoo ixw
bjl acop acoo ayu
bjm acoo acop abfo ntv spd
bjn acop acoo veu
bjo acoq acop acoo mvr abdi mbv
bjp acoo mfu lyi (zo mnf)
bjq acoo acop acoq xws uvg quw
bjr acoo acop cem dxs
bjs acoo acew
bjt acop acoo acoq bkt icq vgp
bju acoo xbp
bjv acoo blh ndq
bjw gje
bjx geo keg
bjy acoo brr
bjz acop acoo kmc
bka ogr
bkb acoo aep
bkc yzg
bkd acop acoo acoq wre fns gvf uk
bke acoo ynx alu
bkf acop acoo ct
bkg acoo acoq acop umj ikq
bkh acoo niq zox nkx zpt
bki acoo acop fff oro cud fmw
bkj acoo pdi
bkk acoo fvj
bkl oxt vpm
bkm acop acoo acoq ywl
bkn acop acoo uyi kjz
bko acop acoq acoo aamf asm
bkp acoo acoq acop ptb pdf
bkq exo ohh
bkr du
bks acoo acop aauo hjt
bkt acoo acop acoq ncn
bku acoo abtd
bkv ehs uau
bkw acoo acop zel hdy
bkx acoo acop nzm
bky acoo acop acoq txq
bkz taj acdu
bla acoo oaq
blb acoo acop vgd pho wl acdf
blc acoo bbn
bld acoo acop zwt
ble acoo abor
blf acoo gbl
blg xch
blh umx
bli acop acoo rwr
blj acop acoq acoo g it
blk acoo nnf
bll cri vfn
blm acoo acoq acop eft nkv (kik gbd)
bln acoo jfl rub tun
blo aapo
blp acoo acop acoq pgb
blq aaci
blr acop acoq acoo tqf cyc upn dcw
bls acoo acop qvh
blt acoo wjx yqg aclq
blu acoo acop oim hdb bk
blv acop acoo acoq ebm fnf
blw acop acoo acoq ypd
blx acoq acop acoo goo abll bam mse
bly acop acoo zcl
blz acoq acoo acop pp
bma gfp aoc
bmb acoo wfl mdz
bmc acoo acop aaen jtb
bmd cwg cqh
bme acoo cpm ixr
bmf acoo aakb hwq hsg acix utg
bmg acoo uip mhq
bmh acoo acoq acop bjt
bmi acoo zzk kde jqn
bmj acoo mjw
bmk acoq acoo acop aek
bml acoq acoo acop gun lst
bmm acoo acoq acop cwl mho
bmn acoo jwu gdw (ioy ntx dop)
bmo acoo acoq acop wnf
bmp acoo acop acoq gka
bmq snk pth pex
bmr acoo acoq acop zoh aahz jsa
bms acoo vgi
bmt acop acoq acoo xgu bru eza qit
bmu mzw
bmv uzv
bmw wgr
bmx fic
bmy acop acoq acoo jjx nuo zuc rnt
bmz abkz
bna acoo rpd
bnb acoq acop acoo aajn
bnc acoo gkz
bnd iwl aea pxy red
bne acoo abhu
bnf acoo det
bng acop acoq acoo xhv jwl
bnh acoo acop acoq wiv aajs eqx
bni acoo acop brb
bnj zmw abmq vbf
bnk acoq acop acoo evz
bnl aayx tip
bnm acoq acop acoo tnr yaw chn ztf
bnn zyz
bno acoq acop acoo vpe
bnp acop acoo bxe
bnq acoo aadu
bnr acoo acop acoq lqy absj
bns acoq acop acoo dxo
bnt acoo acop acoq nfk
bnu acoq acop acoo tfv
bnv acoo cpo
bnw acop acoo epv blu
bnx acoq acop acoo zss hmc udp azo zva
bny acoq acoo acop thh dsa
bnz vzn
boa acoo acop uzt dfh rmj
bob nbm
boc bzb
bod rfs nxr
boe acoo vjq
bof acoo acop roa
bog npr
boh aclo
boi acoo acop uze
boj acop acoq acoo inv
bok azc
bol krw
bom acoo acop fkd
bon acbu wpj ejg
boo acoq acop acoo gya aut tmr fat
bop ang
boq acop acoo aayn
bor acop acoo xv
bos acoo acop vco
bot acoo acop abzx
bou acoq acop acoo onc
bov acoo jma yns (bmn bjb)
bow yfs
box cla
boy acoo acop xav jku
boz acop acoo hpm txg yrl
bpa acop acoo ylh
bpb gbu
bpc acop acoo spp
bpd acop acoo qbp yqk (cmy wiu)
bpe gkq
bpf acoo lue acax (bhp tah)
bpg acoo acop jfs iid ejt wwq
bph acoo erd qyk pdy ynr
bpi acoo acoq acop hme dkm
bpj acoq acoo acop fgp ppm
bpk acoo acop yzj
bpl ngd
bpm acoq acoo acop aapc
bpn abvu
bpo acoo kut
bpp acoo acop abgb
bpq iuj oyv zob
bpr bly
bps acop acoo acop lvn nxp nzx lje
bpt nja
bpu acoq acop acoo ics
bpv jse
bpw acop acoo acmg
bpx col
bpy jxr
bpz rzj
bqa acoo pmo vjx fwa
bqb acop acoo oys
bqc acoo vol hrt
bqd mvu
bqe acoo acjy
bqf acoo acop sqm
bqg acoo acop ysp
bqh tpo ivd ply
bqi acoo acop acoq qug
bqj boi
bqk acoo acop sfu
bql acop acoo kkk
bqm acop acoo fox uqf vyt rim srj
bqn acoq acoo acop hzi kmn wit
bqo acop acoq acoo yye etr gol
bqp acoo acop vyj
bqq acoo acop ycb
bqr acop acoo acoo
bqs acop acoo aaek
bqt cux abek nvp mld
bqu acoo xvg
bqv acoq acoo acop mrd
bqw acop acoq acoo fzv yxc abiy rdq zor
bqx acoo acop ina prb upa
bqy vq ytm qtf tsq
bqz acoo acop acoq jrs
bra fjj
brb acoo lex dkh
brc acoo fyf exy jar wur
brd acoq acop acoo tla
bre acoo mim grv
brf acoq acop acoo qlr
brg acoo acop qkq rzc hcq
brh acoo psn eqb
bri acoo ohr xuz
brj acoo acop woq
brk acoo acop lqs
brl acoo acop pi wsm for
brm acoo acop acoq lbj
brn dam
bro abth
brp acoo ifk
brq acoq acoo acop ctr ksj
brr acoo zzb jqd qhi bqe
brs acoq acop acoo njv miy oge
brt ptx
bru fkb aatg
brv acoo acop ppj
brw yix
brx acoo acop hkb
bry acoo acop tdc
brz acop acoo acoq mmo ute
bsa gqz
bsb acoo gfi rhx vha
bsc qat
bsd acop acoo zfr
bse acoq acop acoo vjd uvm aarf
bsf acop acoo oby
bsg acop acoo acoq ipp fff
bsh acop acoo acoq uww
bsi acop acoo ozt
bsj exz rmh
bsk acop acoo oau dii vyy
bsl acoo acop kwa
bsm smn
bsn acoo pav
bso acoo acoq acop msp
bsp acoo acop zob
bsq acop acoo amu fkl
bsr acoo acoq acop aapu
bss acoo nuc
bst acop acoo elm
bsu acop acoq acoo use nsp
bsv acoo acop acoq vjp
bsw acoo sya abiy vgc qd syn
bsx acop acoo acoq qfc
bsy acoo acop xgb acfe bae abyr
bsz acoo hnj
bta acoq acoo acop cwl
btb acoo acoq acop zvl dsw cus
btc acoo acop acoq vxk
btd ofj is
bte acop acoo abzd gcs ceb
btf acoq acoo acop ty
btg acoq acoo acop ton iyd
bth acoo acop cgz
bti isb dis evg
btj cie ffl
btk acoo fqj
btl yj
btm acoo acop eas hbp qjz
btn acoo acop acoq gni qcf rjr
bto acoo ezy ct agp
btp twk
btq acop acoo txf uak lbn
btr acoq acop acoo jst eim
bts acoo acop gze lwt abwf uev
btt acoo lfb mnm
btu acoo aamv ozl xmx gs
btv acoq acoo acop vjv hyp
btw acoo acop tag
btx acoo klc
bty acoo acop knf hii
btz acoo hfy
bua acoo hsr
bub acoq acoo acop whm xue ecb fko
buc acoo abrm
bud acop acoo sqk ddz nqp kei
bue acoo acop fcr
buf acoo gzm
bug acoo accd
buh acoo hsy
bui acoo gqk omz
buj acoo piq (njt avn xhj)
buk acop acoo dpm
bul acoo lpw
bum acoo ziu xpa qwd axr
bun acoo jrx
buo acoo acop acoq cqp mqj (abyj qy)
bup acoo pg
buq npc
bur acop acoq acoo uyr
bus acoo dwq
but acoo acop xlc
buu hnd
buv acop acoo acoq jnv owl fhy
buw acoo achp peu
bux acop acoo bfm nma eke
buy acoq acop acoo twr
buz acoo lin
bva acoo tnh
bvb acoo ilp
bvc vdb abwv smh uga
bvd hks
bve mwx
bvf acoo gdu aavi
bvg kky ypc
bvh cef nhe
bvi hjq rtb plp
bvj acoq acoo acop fuf szs dng
bvk acoq acoo acop nxa
bvl acoo acoq acop sai fgv
bvm acoo mlj rxi hkb urp
bvn acoo shy
bvo acoo aarj miu
bvp amc
bvq acoo acop acoq gdl
bvr acoo acop acoq yjf
bvs abrz etg
bvt hbe htt
bvu acoo ato
bvv gui qhx
bvw hgv whb gbb
bvx acoo acop aavj bdk hpr bmt
bvy kkf rdp ihm aamb
bvz acoo mal
bwa efp
bwb acoo cjv
bwc acoq acop acoo izk
bwd acop acoo eqh
bwe acoo acop dsb
bwf acop acoo vbh
bwg dfe mkm tdf
bwh acoo jkq
bwi acoo vqw
bwj acoo acoq acop lgf cul gvo
bwk ezx ebp
bwl acoo acoq acop aavt
bwm rtp
bwn acoo uuh
bwo acoq acop acoo lrz
bwp acoo acop qcp
bwq acop acoo oug bdi
bwr acoo hvz oaw
bws acoo ioj
bwt acoo jbk
bwu acoo gvl
bwv acoo acop nzf
bww acoo aazy
bwx acoq acop acoo qou
bwy acop acoo acoq uhw tye
bwz ddl cys ves dhc xli
bxa acoo sgi ogn
bxb acoq acop acoo kuy
bxc jue
bxd acoo xnp kqb evq
bxe qeo
bxf acop acoo acoq cym jgp jxj
bxg acoo ubt iin
bxh ojv acfo
bxi acop acoq acoo mcj
bxj aaiv
bxk acoq acop acoo yoj
bxl acoo acop twb cyt
bxm acop acoo acoq laj
bxn acoo acop xrt dwv ltg
bxo acoo lcz xko dts
bxp acop acoo qhw
bxq acoo yrq tqz dgy ejl
bxr lrf
bxs qqs
bxt acoo zrt
bxu acoo cxm
bxv acoo pab qmy
bxw acoo gep
bxx acoo acop acoq fte ox
bxy acoo acop cgj
bxz acoo acop dwj iho wdo tnl
bya acoo acoq acop wwm
byb aeu kkh
byc acoo acop sfc zd ktv
byd acoo acop xux kgm
bye acoo xkv
byf acoq acop acoo qcu
byg acoo bav oi acfl zur
byh acoo acoq acop rku acom
byi uff uyw
byj rwy
byk aanv
byl kny
bym acoo axk
byn ynx
byo aald rgs
byp byj
byq acoo ful dec
byr zno hru
bys acoo ffl ctj
byt acoo acop nyy ckm
byu acoo tum
byv acoo acop lml
byw acoo acop zom ocm
byx sfl iho aaca
byy acoo czy abcb
byz acop acoo ckn
bza acop acoq acoo rag qvi
bzb acoq acoo acop exh ykt
bzc acop acoo tzm
bzd acoo rga
bze acoo dem iqh (oqi uqc) hxp
bzf acop acoo lpx
bzg acoo gwh abfl
bzh acoo fv
bzi acoq acop acoo abov yxm
bzj xbj
bzk acop acoo bwx nxs
bzl acoo qcm
bzm acop acoo lya rcq
bzn acoq acop acoo meu art zgr
bzo sqo
bzp acoo xnl xsd
bzq acoo pwq yeq uhp jdz uxa
bzr acop acoo koy yib okz
bzs acop acoo xft
bzt acoq acop acoo sgl sk chr dmi
bzu acoo ucm
bzv acoo acop ofn zhq xmg iub
bzw acoo pfi
bzx acoo acop alx
bzy acoo acop ct
bzz acoo fuf
caa acoo acop wxm
cab gas onz
cac acop acoo ehc
cad acoo acop eii
cae acoo acop lxe wfx cmp
caf acoo acop acoq dzl
cag acoo acoq acop ofo eao ldm nyx
cah acop acoo acoq ynp acai
cai acoo xmr
caj jtf
cak acoo acop tlr
cal gvk bvv ddf ltz
cam acop acoo czl
can acoo uyf nis xdh hmr
cao tym mz
cap acoo ajk ofq
caq acoo ojo msc qso
car acoo gyi
cas acoo ppo
cat acoo acop xx aaaj
cau acoo zgw
cav acoo acop jnb cmt ubd
caw acoo mch
cax acop acoq acoo mhr ths ztf lpu
cay acoo ywj
caz txg
cba acoq acop acoo nao
cbb acop acoo acoq fqk edl
cbc acoo acop nut
cbd acoq acop acoo kyc mtm py
cbe acoo acop acoq qgq
cbf acoq acop acoo aaz
cbg acop acoo bul
cbh acoq acoo acop aqf dpl
cbi acoo atf
cbj acoo acop cke
cbk acoo acop eio
cbl acoo acop yzv
cbm acoq acop acoo tvy yjr
cbn acoq acop acoo kwc
cbo mug bxa
cbp acoo acop hsw
cbq acoo ky ooe
cbr acop acoo ogg flm
cbs htd
cbt whf
cbu acoo acop vcc
cbv acop acoo abhw
cbw acoq acoo acop abih
cbx acop acoo lqy kqa inl
cby acop acoo kdm gc rtg
cbz fdg
cca acop acoo acoq hbt
ccb qbm rdy gla
ccc acoo acop acoq tjw
ccd acoo abov
cce acoo kck mmj dlm
ccf acoo sro daz
ccg acop acoq acoo nec
cch tus
cci acoo bmu
ccj acoo onm xne
cck acoo acop nq
ccl acop acoo nfz
ccm acoo acop hro
ccn acoo acop acoq aaip uje qlz
cco dng
ccp acoo nvu
ccq acoo acbp ynz
ccr acoo acop pfj
ccs yei obd
cct acoo acop szl fzq eko yqo ntg
ccu acoo aiw yql vxq
ccv acoo acop rbn aaao eya
ccw adt
ccx acop acoq acoo kpv gig
ccy lph
ccz acoq acop acoo pse jzp
cda mlx zpu tqi
cdb bma
cdc lnz pke wwz
cdd acop acoq acoo nle
cde ued
cdf acop acoo gzs
cdg acoo acop oov
cdh acop acoq acoo pxh aej voo
cdi acop acoo acoq egv
cdj acoo acop tqk (yoq ocq vhu)
cdk bgl
cdl acoo acop vmq
cdm acoo cak ivu vrp
cdn acoo eqs piv jww
cdo yjs
cdp acoo acop acoq awk
cdq acoo sgk bou yrc zai
cdr acoo acd
cds abwn gfr
cdt ieu
cdu acop acoq acoo skb fdj
cdv idl ohs wxl
cdw acoo acop vxf
cdx acoo acop acjx
cdy acoo acop knd
cdz bzs acme nta
cea vmx pqp nqp qut
ceb acop acoo fjj cjb
cec acoq acoo acop cki
ced acoo koj
cee wot ami
cef acoo acop abkx zmt oss
ceg lpr aao
ceh acoo awi qnp ruh
cei acoo jir ftk
cej acoo acop acoq kpp tcu ryz
cek acoo ugy rbl
cel acoo cwa
cem acop acoo vkx mqk
cen acoo acop nnf
ceo acoo acoq acop njp
cep acoo kgo
ceq acoo acop acoq rfw
cer acoo ypl
ces acoo acop geb shv
cet acoo unv rcg
ceu acoo iar yon (pok lcb lhr)
cev acop acoo hbx sf nuh
cew acoo abog vtz idi
cex acoo uas
cey myo mqd
cez pop
cfa acop acoo xfv ncg
cfb ffh
cfc acoo acop qec
cfd acoo acop rkh
cfe acop acoq acoo rtg fxg
cff acop acoo acoq qyk lvl qxr wol
cfg acop acoo ajg kkm omn dhj
cfh edv
cfi acoo acop zjv znt pbo
cfj acoo acop esa lpg gmb
cfk acop acoq acoo xkp ior ebz
cfl acoo mte
cfm acoq acoo acop egh qfm pov abis
cfn rwd
cfo acoq acoo acop ojz
cfp acop acoo gjv
cfq abwt
cfr acoo ctn
cfs acop acoo wod gpb
cft acoo acoq acop eiv bcu ibr
cfu acoo j htf uwx acna
cfv acoo acop gry czv
cfw acoo acop acoq qih jcr achd
cfx acoq acop acoo vwo erk
cfy qaq
cfz acoo spr abdp
cga acop acoo wcs
cgb acoo imw
cgc acoq acop acoo bey
cgd acoq acop acoo qxs xvu yap
cge zsq
cgf acop acoo ev
cgg acop acoo cht
cgh acoo xv nmy
cgi acop acoo zod qfd wmm (yl uvw)
cgj acoo nmk
cgk acop acoo acoq hvh bj flx utt
cgl acoo axu (crt aaya yls)
cgm acoo acop zfl
cgn ibr
cgo acoq acop acoo ozh
cgp acoq acop acoo dv
cgq axs
cgr acoo acop hzi
cgs zoy oap ybj
cgt acoq acoo acop dsf
cgu csi
cgv acoo aapa
cgw acoo acoq acop abjx cru yli
cgx acoo vws
cgy acoo mgz
cgz jng shg pug pvi
cha hzp
chb acoo acop unn
chc byq pvs
chd acoo xxg
che acop acoo acoq cnl wef mss
chf acoo acop qpd
chg acmf gwm
chh acop acoq acoo uzu
chi res
chj acop acoo gff
chk acoo rae
chl acop acoq acoo aalf
chm acoq acop acoo fto
chn acoo acop gjw rgj abgd yxa
cho acoq acop acoo idy
chp acop acoo acoq bpi zkm
chq qnf
chr acoo acop muy
chs acop acoo bbr zf (pha hru xsp)
cht acop acoq acoo fmx tfh
chu acop acoo acoq nxv
chv yvk
chw ac iby abqw mto
chx acop acoo frp fqn znj vgy
chy acoo rmn ygc jgo
chz whk khk
cia acoo rvi elz gmk mue
cib acoo acop acoq nzi
cic abad
cid acoo myu jit mab ozu
cie acop acoo abbu
cif acoo acop acoq nyl ckb
cig acoo yji dla
cih acop acoq acoo nkr
cii acoo rzn (iit etn)
cij acoo acop hiq hry qww krj fzr
cik acoo acoq acop riv
cil acoq acop acoo ylf vde oz pnp oik
cim acoo ylf acoh
cin acoo efd (xgv aagi) yxr abtl
cio acoo acop hlk pyc ild
cip acoq acoo acop xev
ciq lee
cir uek
cis acoq acoo acop kkj ovi gxk qji
cit osu
ciu acop acoo acoq dlz
civ zlp ccc viu qoj xjk
ciw luv hpg hws mey uhk
cix rmd jmo
ciy acoo xdu yyw
ciz acoo zrz
cja acoo dga
cjb acoo abfr
cjc acoo hpu
cjd acop acoo ypx aawd
cje acop acoq acoo cdq
cjf acop acoq acoo xez
cjg acoo acop acoq aake abgl fbh
cjh acoo zkr xst phr
cji gmf
cjj acoo egw ysi
cjk acoo fhc
cjl acoo lpm aws ima
cjm acop acoo tm luk ilf
cjn acoq acop acoo ede
cjo sap
cjp acoo acoq acop hfi
cjq acoq acoo acop foq
cjr gof mnw
cjs ujp
cjt acoo abx abol puu
cju acop acoo ilh
cjv acop acoo acoq bd
cjw acoo bmr
cjx acoo acop acoq kae
cjy acoq acoo acop soo abng
cjz acoo pya
cka acoo dlk
ckb acoo acop abur
ckc acoo hds mjt
ckd acoo acop acoq wpg abmf gex kcc
cke acoq acop acoo abys lft ncq
ckf acoo yts
ckg abnp
ckh acoo acop rml (woc zxw aage)
cki acoo ben
ckj acoo acoq acop avp lne
ckk acop acoo tas uyj
ckl acoo yti
ckm acoq acop acoo wkq ict bry vch
ckn axa uch twj
cko acop acoo mxe
ckp acoo acop acoq wch
ckq acoq acoo acop mdl
ckr rjy
cks acoq acoo acop zjl txw swk npp
ckt wcp
cku acoo acop hpa xss efs ahe oqt
ckv xog
ckw acoo gre
ckx acoo qqm
cky acoo abqm btz zvx nho
ckz acoo arr (buv xhq)
cla jjp nrk zca
clb acoo xp wzg kdl
clc mgt
cld acoo acop sxm hnt zna
cle xdx
clf acoo bgi
clg acop acoo rye jsc ackt
clh dls
cli acoo acop qfm okr ojq
clj acoo acop nej
clk xry
cll acoq acop acoo iaj fq abup
clm acoo zqx epx fua
cln wyd
clo acoo adb
clp acoo acp
clq acoo wpg mxt abwp txm
clr ojd
cls acoo rrf aare
clt acoo ek
clu ovx
clv acoo acop ovu
clw acoo jca
clx xcm qhc bfh
cly acoo vft
clz ablo
cma acoq acop acoo achq
cmb acop acoo ual
cmc acoq acoo acop ibc eon
cmd acoo aabf psx
cme eqf
cmf acop acoo xgd (kmk dkl)
cmg acmr
cmh acoo vuk
cmi acoo acoq acop hnd
cmj acop acoo htd ifb sio
cmk mlq
cml acoo bpp
cmm acoq acoo acop lfb
cmn acoo acop sjx
cmo jit qdm
cmp acop acoo szf
cmq acoq acop acoo wdl kcv ydy
cmr acoo acdg hgn
cms uxw
cmt acoq acop acoo wv nwv akx dio
cmu acop acoo uvb ckr
cmv acop acoo sed abgz
cmw acop acoo bpj nhx
cmx acop acoq acoo cyb xmd lso
cmy acoo acop zwd bvs zmg
cmz acoo loj
cna acoq acoo acop cjd
cnb acoo aclv hfj vmf rpt
cnc acoo acop nce
cnd acoo acop jse
cne acoo acop yjq dtw reh
cnf acoq acop acoo ebu
cng acoo acop upx esl cdx ofd
cnh acoo byb abvr mxg ymo
cni acoo acop dta dwo tht
cnj qyb vtj
cnk acoo aapv abaf qci bpg
cnl acop acoo acoq grv npj
cnm acoo pbg
cnn acoq acoo acop sbc
cno gu
cnp acoo acff
cnq acoo acop dry utw
cnr acop acoo vvf (nde zgd)
cns bgv rvt
cnt acoo aaed wss gno
cnu acoo jzb gdj
cnv acoo acop pwb
cnw acop acoo acoq yqq hla
cnx acoq acoo acop bas tma xlv cco
cny sfo
cnz acoo acop acoq bgn
coa acoo acop vbl
cob acoq acoo acop ksj cwx ksc
coc acoo acop acoq ablo
cod acop acoo jra
coe acoo acop acoq sag
cof acoo zsy
cog acoo pyy jdm
coh acoo noq
coi abnc
coj acoo acop fdg pcm uzw wtq
cok acoo lzx atd
col acop acoo ey
com acoo ypn wia
con acoo rgz kzt
coo acoo rnb clk eli
cop acop acoo acoq cdf
coq tz hqw
cor acoq acoo acop abfd
cos yvz
cot acoo acop acoq bcx aalf
cou acoo acop acoq aasl
cov acoo qzy qzk lgo ctp
cow lbh qpl
cox acop acoo cec yky
coy acop acoo hrk
coz acoo acop acoq yfw zhm ecq fsc yni
cpa klo kyz
cpb acoo acop zfm hza aahh aaxc uhg
cpc acoo oke
cpd nam (jmm ynz) aama
cpe tmh
cpf ram
cpg acop acoo kpm ivg dps
cph acoo acop krx
cpi jdq dnj
cpj zdv sxb acby bdh
cpk acbf
cpl hzf
cpm acoq acop acoo amc
cpn acoo acop lit lrs
cpo acoo acop acoq wn
cpp ir mrn
cpq whp fxk weg
cpr yop
cps acoo ynn
cpt vmu
cpu acoq acoo acop nqj emy fwl
cpv acoo unj
cpw udb
cpx acoo acop ifw
cpy tms
cpz acoo acop abmq
cqa acoo acop jgg lnz
cqb acop acoo acoq gxn
cqc acoo acop acoq xqt
cqd acoq acoo acop poc mpx qbn
cqe olb
cqf acoo emy rp
cqg acop acoo mkq
cqh acoo qim
cqi acoo wcv wuy xnh
cqj acoo acop loa
cqk acop acoo nry nwt
cql abci
cqm acop acoq acoo ojz mqs
cqn acoq acop acoo akj
cqo acoo bpx ppn
cqp ajv ewn (jhk bim)
cqq acoo bys
cqr acoo mwi
cqs acoo pwz
cqt acoo vfx ihj uns
cqu acoo acop yjd dcv bvc
cqv acoo neb hno dbv
cqw aon fod rpu
cqx qpj
cqy acoo hoz cuy
cqz rht jam omh
cra acoo tyk
crb acoo acop sbg hss zgw
crc acoo ykh
crd acoo iob mte ios
cre efo
crf efi
crg gxl
crh acoo ahk
cri ydb
crj acoo gsn
crk acop acoo wvn lbt acbx
crl bdn
crm acop acoo acoq yqe
crn acoo acop acoq aaov qcr
cro acop acoo oli ndi
crp acop acoo acoq ah gbq
crq exd
crr ixa kla rmm
crs acop acoo qyu
crt acoo dnp
cru acoo acoq acop tfp
crv acoo acop acoq qve
crw acoo acoq acop chs
crx acoo eey
cry acop acoo acoi
crz acoo olm
csa epm lii
csb qvh mqo
csc acoo lcu
csd acop acoo vuz
cse acoo nff mss
csf acoq acoo acop tkd
csg ktz
csh acop acoo ci
csi acoo qie
csj wwb rvy hfy
csk acop acoo acoq gmz kj
csl acoo srt
csm acoo acoq acop yht kup axm
csn acop acoq acoo abem
cso xhl zdm
csp acoo acop gbh
csq acoq acop acoo aamp
csr acoo acop dug aazo ybk zxn ppr
css acop acoo skl
cst acoo bsg fzz aclj dwy
csu nvi
csv acoo acoq acop cdy
csw acoo zot
csx pke
csy euc
csz acoq acop acoo xbz
cta acoo acop acoq vim
ctb acop acoq acoo dls
ctc baa
ctd ara
cte qld anb hjz
ctf acoo acop acoq med
ctg crs fci
cth acoo acop uwq rn mgx
cti acop acoo tyw
ctj acoq acop acoo kxb aawp hfm
ctk vhn ztv aazs
ctl acdq rul gnl
ctm acoo abiq
ctn acop acoo xb
cto acoo acop xdd
ctp rzp
ctq acoo acop oum
ctr hax mti
cts acoo acop hqc acix
ctt acoo lcy axd
ctu thq zbj ikg
ctv acoo ppu
ctw acop acoq acoo pzz
ctx acoo ok kfl
cty acop acoo acoq xvd
ctz acoo acop fxv xag uan
cua acop acoo llu dnu
cub acoo cpk
cuc acoo acop acoq paw yms
cud acoo esx (fq aalg)
cue acoo acop fan
cuf acoo mww irh abmh
cug ywa bom
cuh acop acoo acoq xyt
cui acop acoq acoo uew
cuj acoo xdv jzi
cuk acoq acoo acop xef
cul acoo acgi cpv knn
cum acoo acop ldx
cun acoo zoo acil lgr tah
cuo xgz
cup djq dfm
cuq acoo acop ewl
cur acoo pvc yzs
cus acoo yqo fxg eti
cut acoo mbm
cuu acop acoo acoq rpk iuc
cuv acoo acop acoq rih qjh aag
cuw ppg fjr
cux acoo nhz kfs
cuy acoo acop aauo
cuz pqq sjd
cva acoo tdw xxa
cvb acop acoq acoo mho
cvc acoq acop acoo rnq imt
cvd qij glx
cve nlh
cvf acop acoq acoo lzi
cvg eve tuw cag bxw
cvh acoo vlv
cvi rrv rzy bik
cvj acop acoq acoo uzk
cvk acoo acjh
cvl acoo qol lck ksl
cvm acop acoo acoq xee clj
cvn acoo acop jtb abtu dhy aim
cvo acoq acop acoo jkj
cvp acoo acoq acop gc
cvq acoo sjo
cvr uoy tgc
cvs acoo vse
cvt cf (orb (zxs tvl anh))
cvu acoo skc xca abfi nnd
cvv kso
cvw acop acoo pzy fvi
cvx acoo wye rjb
cvy acop acoq acoo bsx jcc
cvz acoo yox wiv (hfe lnl tbo)
cwa acoo acla
cwb acop acoo wxq
cwc acop acoo qia fcb kco
cwd acoo acoq acop wsq vgb
cwe ddr
cwf acoo aou rxn qtx bhn
cwg iyz
cwh acoq acop acoo rjy
cwi acop acoo acoq xih nhe
cwj abox odh
cwk gen
cwl acoq acoo acop vfb zoo
cwm acop acoo eer nps
cwn acop acoo loc
cwo acoo acop acoq smi gom
cwp acop acoo aalp tbi
cwq acop acoo acoq ioz
cwr acop acoo wbc
cws acoo acop qfy
cwt gzw
cwu acop acoo cjr yi
cwv acop acoo oul
cww ehr
cwx tug
cwy lxq
cwz acop acoo jnl rzw rfe tsk
cxa acoo acop ykq (qir dyf) qgm
cxb acoo acop abau jwy
cxc gqv
cxd acoq acoo acop rcu
cxe acoo fgn
cxf acoq acop acoo nfc
cxg acoo acop kfa lpi lpj
cxh acop acoo aazw
cxi acoo dnb
cxj acoo vno
cxk acoq acoo acop fkj
cxl acoo acop acoq lqs
cxm hfx idx pas
cxn dsi ixe
cxo acoo acoq acop ins abkt
cxp acop acoo acoq mqp
cxq acop acoo acoq ftx xdi
cxr acoo acoq acop zmd
cxs acid lik sam
cxt aayk ism bbw jcd
cxu acoo nrx yri scu acht
cxv acoo acop abwr
cxw acoq acop acoo orm xtw mzk
cxx acop acoq acoo xpb
cxy acoo acop dsy ocy
cxz acoo pfw
cya acoo jhs pas yct xoq
cyb acoq acoo acop gyy fyg zjy
cyc haf
cyd acoo twb
cye acoo aaja
cyf ivn cks ddx
cyg acop acoo xqk beq jzo
cyh acop acoo zl
cyi acoo opb
cyj hb ggr
cyk acoo acoq acop jpt
cyl acoo ier
cym acoo zsh joi zmp zix yos
cyn gnp
cyo acoo acop lnc
cyp acop acoo tgn
cyq acoo smp
cyr acoo acop acoq ujw
cys acoo nxb
cyt acoo ona
cyu acoo rr
cyv ttn pdn
cyw acoo acop hea gma
cyx acop acoq acoo mqw
cyy acoo uax yzo
cyz mjh dou sbt
cza acoq acop acoo krt
czb acoo zeu bru
czc acop acoq acoo gfl pjq
czd acoo bcp
cze acoq acop acoo bfo
czf dtf
czg aat nyu vjy fbw
czh tdp
czi acoo muv
czj acoo acop vai
czk acoo pdt nqo
czl nai rir (yej pfe)
czm acoo ifn jzv wxm
czn acoq acoo acop aakf
czo acoo mpu upl joe
czp acoo zba yhn
czq acoo acop mni
czr acop acoo mew dwl acki
czs acoo acop fby
czt juf zu
czu acoo acop aala fed
czv acoo icr
czw acop acoo pwh
czx kie pul
czy acoo acop wzx
czz acop acoo czq
daa acop acoo acoq oku
dab acoo xlt
dac acoo acgy ild nam
dad acop acoo kcu
dae acoo szx yym cvm
daf acop acoo acoq hjq gzn aex
dag acoo zhi awg alt
dah acoo acop gub
dai acop acoo ajw
daj acoo pgu jkw
dak qss (ldx qdz)
dal fyg zuk oum
dam acoo ezl
dan acoo dic zsn aox
dao kzg
dap acoo acop acoq tff arl
daq acoq acop acoo yzp ilf ksm
dar rra seg otx ipb
das acoq acop acoo aavy rqh qlk
dat acoo hmf
dau acoo jea amo
dav acop acoo xmf
daw acoq acop acoo gsi (ruf lyr ruk)
dax qsa rbh ce qu aei
day acop acoo tmy
daz acoo acop hcp
dba acoq acoo acop vjf
dbb dyc
dbc acoo xza
dbd acop acoq acoo ojt
dbe acop acoo lzg
dbf acoo acop kjn
dbg vuj aawd
dbh acoo acop hqw
dbi acop acoo wid
dbj acoo acop acoq qch
dbk acoq acoo acop isn vzw
dbl acop acoo puw
dbm acoo crh ffq
dbn acoq acoo acop ut cmd hgx
dbo acoo aazj ydu vnv
dbp acoo acop xrv sbs
dbq acoo pcg fdv
dbr acoo aasw
dbs acoo accx pqk nbc
dbt acoo gtr
dbu acoq acoo acop stl kfv
dbv acoo nus
dbw xed
dbx acoo ddw gjh
dby acop acoo ngj
dbz acop acoo bqm abon pdu
dca acoo acop acoq uiv
dcb acoo acop hza (sec we)
dcc jwx
dcd yqm ocf qfi
dce acoq acop acoo imf ixo
dcf acoo cyw
dcg acoo fhh wkg
dch zzq
dci acoo acop fjz
dcj acop acoo acoq lyc
dck kpr
dcl acop acoo acoq xze
dcm acop acoo jah
dcn acoo ztn
dco acoo xpn aep lfr
dcp acoo ayk gzf
dcq acoo tuy
dcr acop acoo mfo ora mjd
dcs acoo acop acoq rvk ffr skz vur
dct spj vws
dcu acop acoo hba
dcv abxg
dcw acoo acop ahj
dcx ieg jjw yeg aaxi
dcy acop acoo hop bcd
dcz acop acoo byt
dda acoo acoq acop ciz
ddb acoo kfp kho omz
ddc acoo amb
ddd acop acoo gzo
dde acoq acop acoo bgy
ddf acop acoo yqs
ddg acop acoo iwx uhh
ddh acop acoo twc
ddi acoo dzg
ddj acop acoo mac
ddk acop acoq acoo ijq otu
ddl acoq acop acoo ifw
ddm acop acoo dpq aabe
ddn acop acoo rxt
ddo acop acoo mdb or ooy
ddp acop acoo vmh jue
ddq ptu
ddr kwi qkx pkf
dds acoo acop nkr yr
ddt acop acoo zdg gpf pxf
ddu acoo acop lkc rbx ria aqn
ddv jla fns tbl
ddw acoo nb
ddx acoo iag
ddy acoo aame sfa
ddz acoo uoy glm
dea acop acoq acoo wge
deb acop acoo zqa
dec acoo eeu
ded acoq acop acoo qvo
dee acoo acoq acop epe abdl
def acoo ylg
deg gao
deh acop acoo agr (vrp fnr) gos brw
dei acoo acop oks tcj abku aaff hjf
dej acoo acop gvc
dek acoo uxm
del acoq acoo acop dox tyo jbg
dem acoo qj
den acoq acoo acop gya eun
deo acoo acop aqx
dep acop acoo emt nxh
deq gyi nhj abht
der jku xxm kue ptr aga
des acoo acop tbl qcd
det acoo acop kfj
deu acop acoo lex sgq
dev acoo ldi
dew acoo acop fvf xyb yri lps
dex acoq acoo acop bjb
dey acoo kns
dez acop acoo aaqc
dfa acoo acop gvm
dfb esn dfk
dfc acoo pvm
dfd acoo dco zud wud
dfe knd
dff acoo acop bbe laf kgg
dfg acop acoo tnf
dfh acop acoq acoo pmm
dfi acop acoo acoq ccx
dfj eov
dfk acoo acop acoq ibu zab
dfl thk
dfm acoo qrg
dfn acoo kdw thh
dfo acop acoo fju
dfp acoo vfe kav scd
dfq acoo acop trw
dfr alh acac aafe
dfs acoo acop sno vwa drd
dft acoo qlr tty erm
dfu acoo iov xra nsl xfh
dfv acoo gxm
dfw acop acoo pqi wcr
dfx dsy acfg aasd
dfy acop acoq acoo agi
dfz brx cls
dga acoo wfl (vkx apx)
dgb acoo mhg nhx
dgc pjt eis
dgd acoo zkn
dge acoo acoq acop nwo
dgf acop acoo slk
dgg acoo acop vmi
dgh acop acoo pbk
dgi gta ay
dgj acoo acop ven
dgk acoo acop vcj hed
dgl acoq acop acoo gkh mz
dgm acoo bfp
dgn acoo std
dgo acoo acop nnb
dgp acoo but
dgq acoo keo
dgr acoo vr
dgs ulw
dgt rph
dgu aabk
dgv zta abos
dgw acd
dgx acoo ijb jlb
dgy acoo fup
dgz wbf
dha acoo ude
dhb kwf
dhc etz wjv
dhd acoo acop acoq acaq
dhe acoo wka zyr
dhf acoo acop xyx fzl eus
dhg acoo acop kwy
dhh km qgi lca abff
dhi acoo ioo
dhj acoo cza
dhk acoo iux cd
dhl acoo nmf jze cof
dhm abth
dhn ffj pww
dho acoo acop acoq sem fhx qye
dhp jem
dhq acoo acop aaie ioe pju
dhr ods (ak vng abnd)
dhs acoo js
dht acoo acop aaas luv
dhu nmb
dhv acop acoo sgy
dhw acoo acop acoq ekd kax ttt
dhx acoq acop acoo ohe abe abxk
dhy acoo acop acoq wab rpf
dhz xyn
dia acop acoo sbq jab
dib ioj
dic acoo acoq acop jia
did aavg
die acop acoo acoq thu she
dif acbd mgv
dig acoo vqk wio hjc yyf
dih acoo bro
dii acoq acop acoo ablo
dij bzp ozy mfb aib
dik abgn
dil acoo acop cms vhj caw
dim acoo acop acoq erj
din acoo nrb tqa
dio acoo ajz
dip acoq acoo acop vuc ybv
diq acoo csy
dir pdj
dis acoo rwr
dit guk jpp bfy
diu acoo efu
div acop acoq acoo bqa
diw acoo acop bxr
dix acoo czm
diy acoo acop vvv
diz rtq
dja acop acoo rd
djb acop acoq acoo bue
djc k
djd lhf ogj esf
dje acoo kea
djf sua
djg acop acoo who dfx rgl
djh acop acoq acoo oqu
dji acoo acoq acop ade
djj acoo ryr rzw
djk acoq acop acoo yau
djl acoq acop acoo buv
djm acoq acoo acop tek
djn acoo abyg
djo jyx bcn yqm jvr
djp acoo aanv ybj eij kfp
djq acop acoo eoe
djr acoo abqz
djs acoo acop acoq zwc
djt acoo ywb
dju acoq acoo acop acq
djv acoo acop nuj dax
djw acoq acoo acop nme
djx acoo vhb zzq fuw
djy acoq acoo acop btm dtz
djz acop acoq acoo bgl
dka acoo qw
dkb acop acoo tzz
dkc acoo acop maq jra
dkd ipg
dke aaas
dkf acoo quf
dkg dfw fiu qre mmr
dkh acoo uuf
dki acop acoo nkv rqp vtk
dkj acop acoo acoq yei (yud aaft acnu)
dkk acop acoo acoq bkd rlf
dkl up zeg eas
dkm acoo zmy
dkn acoo acop acoq fmo djf gcr
dko acoq acoo acop jqc
dkp nfd
dkq lv
dkr wli
dks acoo acop gqq
dkt acop acoo xwu
dku acop acoo ybe di mqg dsi
dkv ait
dkw acoo pht
dkx acoo acop xuz
dky acop acoo acoq hvj twx
dkz acoo eoz lfz
dla acop acoo sfz
dlb acop acoq acoo ik
dlc acop acoo acoq odg
dld acoo zef qpn gto atx
dle acoo amx
dlf acoq acop acoo klk
dlg xu cxy
dlh acoo zuy aqv qyj
dli acoq acop acoo tbf bgm doo
dlj acoo acoq acop bmy
dlk aasn
dll acop acoo xsa rrg
dlm acoo acoq acop zlw jcw vqw
dln acoo abp
dlo acoo fdz
dlp acoo sdg ude (piv kei)
dlq acop acoo oui
dlr acop acoo gcn wh nzs
dls abtv
dlt acoo hy
dlu acop acoo acoq nly rci aaug hli
dlv acoq acoo acop tsx
dlw acoo hsw
dlx acoo acoq acop deu edo
dly acop acoo acoq aaap
dlz hfq
dma hvq fxs dbh lkb
dmb acop acoo vrm
dmc qtu joy vmd sqh
dmd acoo aaon
dme acop acoo acoq dhz sn
dmf acop acoo aalf aafy kej
dmg acop acoo stx bsg bbi ikm
dmh kqv
dmi acoq acoo acop xvk
dmj acop acoo pgg
dmk hsj abcy
dml acoo up yjw
dmm acoo okv aalg
dmn acoq acop acoo hvb (pgs weo) ytv
dmo acoo acop acoq kqf
dmp acop acoo pwc
dmq acoo exe gmd or
dmr hca
dms waj
dmt acop acoo acoq oxz hyv mgt
dmu acoo wsr
dmv acoo sw
dmw acoo saz
dmx acoo jae xwh
dmy acoo acop gda vl
dmz rjh
dna acoo acoq acop rgu iks iye
dnb acoo acop acoq pk
dnc acop acoo acoq lpi
dnd acop acoo etb beu
dne ruh acod rsf
dnf acoo acoq acop osc
dng acoo vm
dnh acop acoo tdn sdv eqz
dni acoo acop xiw
dnj pin
dnk acoo acof
dnl acoo acop abgl
dnm fsk mfe afk onc rny
dnn acoo absn bfx
dno acoo wxz
dnp acoo acop wct bbv
dnq acoo qvm
dnr acoq acoo acop jcs arx
dns acop acoo xxc
dnt iks
dnu acop acoo gtk
dnv acoo bdp
dnw acop acoo fue
dnx acoo nxe len quk
dny acoq acoo acop cfr
dnz acoo kgq esb trp dpr
doa acoo tuq
dob acoo yry tcv mjc zms abpk
doc lyg
dod acop acoo mbo hfw nrr
doe nvp eyk lvj
dof acoo acop abeh oro dc
dog nlb
doh nwc
doi acoo cem
doj acoo acop acoq kly
dok acoq acop acoo qvl
dol qll
dom acoo aahv qjp
don acoo xuw
doo acoo acop iey
dop acoq acoo acop dza fqt zow
doq acoo ezy ylq
dor acoo qgf
dos acoo fzu
dot acoo acop byi
dou acoo acop uvs
dov acoo rnx
dow acoo hjl
dox vse zgc hap ij
doy acjq kof bcb sqh
doz acop acoo acoq zny hir abcb fge
dpa acoo acoq acop fnd
dpb acoo acop aacj iqq vlj qkk bvy
dpc acoo dta
dpd acoo acop isu
dpe acoo acop acoq jsz
dpf acoo kt api pjz
dpg acop acoq acoo udz aho
dph acoo acop acoq abif
dpi acoq acoo acop nsc
dpj wwa
dpk acop acoo abhm
dpl acoo ixr
dpm acop acoo znj
dpn ywp fku
dpo zxu pza ksu jsp
dpp acoq acoo acop kpb
dpq acop acoo xyd uyz
dpr acoo acoq acop ypy vbi vqx qpj jof
dps glr cms sci
dpt acoo fzk
dpu acoo rwu fsj ely
dpv acoo rcr
dpw acoo yxq
dpx acoo oca gql
dpy acoq acoo acop ybc
dpz rd sqm
dqa acop acoq acoo uvt jdk
dqb krs
dqc acoo acop ior gpv ucr sdk
dqd acoo brv
dqe acop acoo imv
dqf acop acoo acoq alg bwq iyg
dqg acoq acop acoo ulo cfo cue
dqh acoo acop itb ibr kpq tx
dqi acoo wbk
dqj quo
dqk acoq acoo acop lab aaaq dsi zjs
dql lfn
dqm acop acoo xmi kvy lnr
dqn iqw
dqo acoo acop acoq qed tfc
dqp acop acoo acoq nin njy nhz
dqq acop acoo mjn
dqr aaiu
dqs acoo eoo nhu oyi noj
dqt acoo acoq acop ajf
dqu acop acoq acoo kaz
dqv acoo wpn aacu
dqw acoo unu kos
dqx acoo acoq acop ezs
dqy aarg abln kwg
dqz eqz vln fyf
dra tqp
drb acoo acop cuh
drc acoq acoo acop elr aqw
drd acop acoq acoo dvv
dre acop acoo iuq gjp
drf acop acoq acoo pbb
drg acop acoo idm (zzy jkn zod)
drh acoo kpy
dri acoo mvr oky wgv
drj acoo hkd
drk acoo wzv
drl dji
drm acoo acop acoq iqq
drn acoo abzr
dro acoo acop jvk (sj (azb uch ffc))
drp acoo zqi
drq uzg
drr ltq
drs vdo apt abx
drt acoo acop ipz mva
dru acop acoo inv
drv acop acoo acoq klr kjb nv hiz
drw acoo acop qib zbb
drx lhl
dry hxn
drz acop acoo ybg
dsa gue
dsb acop acoo aavk
dsc rxm wbw tgj
dsd kvw abyd
dse qcu wnq nmg
dsf acoo acop acoq wiq
dsg bhv
dsh acoo pca (vxb uew)
dsi acop acoo acoq flp fwv (ayz dfb)
dsj ktk oax acet
dsk acoo gib apu har
dsl acop acoq acoo vuh (ihc sul) ujm rws
dsm acoo acoq acop bcx cgo
dsn dgb
dso acoq acoo acop ats
dsp acop acoo slk acjt
dsq acop acoo vcx abpi
dsr acop acoo acoq dxu cb fsy
dss acop acoo acoq bvo pcx
dst acoo gwx abzk
dsu acoq acop acoo aaex ybm (krk gnq)
dsv hnd
dsw kwn
dsx acop acoq acoo xkr nyw
dsy ull
dsz acoq acoo acop tcu kjs qui
dta acop acoo typ
dtb uqn
dtc acoo cpu
dtd cpn acfw vbw
dte acop acoq acoo aazh
dtf acoo acoq acop znj
dtg acoo aafr
dth taz
dti hhr plp (gcu wli)
dtj znm
dtk mqh
dtl acoq acop acoo skl vga (mhf chy ylr)
dtm acoo rsu
dtn acoo egb sxb
dto acbz
dtp ows
dtq acoo acop ugs
dtr abzl bci (cdp isb)
dts acoo rmn qib
dtt acoo acop acoq gtm aajq iey
dtu acoo acop aapq vlj cjk
dtv qvm
dtw acoo ptr ofc
dtx wub bvy
dty acoo acop acoq juw pfa
dtz aawf efk rlq abfq
dua lfk pif
dub acoo acop wrq zaq
duc tx stg
dud acdz lgu
due acoq acoo acop acca mdr zao ehy
duf qvl
dug vut
duh acop acoo acoq mp jip
dui acoo ipx
duj req
duk acoo wji
dul abml
dum acoo wt xgr
dun acop acoo acoq qpo lw dsl
duo acoo acop acoq rez axr
dup nox
duq acoo acoc
dur acop acoq acoo pkc ncw mqm bpy
dus acoo acop ncw
dut acoo acop shq
duu acop acoq acoo mmj
duv acoq acoo acop bmp
duw acop acoq acoo vvm cqf
dux feh
duy acop acoo buu cgi qnp
duz acoo acop rlt cti
dva acoo acop gnx pok
dvb ced
dvc zkt
dvd acoo acop zga fag hmc ofr
dve urv cfx
dvf fbe
dvg acoo aiv
dvh acoo inb
dvi acop acoo iee
dvj acop acoq acoo fze
dvk rxz pye
dvl acop acoq acoo pvi
dvm vio ujz eas
dvn acop acoo hjd
dvo acop acoq acoo wyo
dvp acoo acop acoq vkt
dvq acop acoo qkr kdf ozk ohh
dvr acoo acoq acop pqi
dvs acoo utq adu ykv yhf
dvt com
dvu acop acoo acoq abui
dvv acoo cdg
dvw acoo vpa
dvx acop acoq acoo aagr
dvy acoo ylw
dvz acop acoo cfa
dwa acoo acop lbh pdg (tug vkq rup)
dwb acoq acoo acop eyk wed oqt
dwc acoo aaqh gcg
dwd acoo cfc
dwe rqt
dwf acoo acop dqj
dwg hwl
dwh abhf qtn uhp
dwi acop acoq acoo znk tkv gqe oae pet
dwj acoo tcp
dwk acoo acop dve ijq uie
dwl acoo bdd
dwm dyh
dwn acoo acop acoq sin mus wea nmi
dwo yaa
dwp acoq acop acoo mxl chv
dwq acoo stk wcj tch wyi hvc
dwr eov ort
dws to kwh mwe
dwt acoo lmf pta lfv
dwu acoo zfx
dwv ngg
dww mjr lwa dmb lhe sor
dwx acoo gm
dwy glc
dwz acoo acop ypz acfy hpr
dxa acoq acop acoo bbu wvw obk
dxb qlt
dxc kmb ocn ufs
dxd ewd uht
dxe acop acoo yvd
dxf acoo hwz
dxg acop acoo xen
dxh acoo uha rda
dxi acoo yvb
dxj acop acoo szy
dxk aagk
dxl adg
dxm acoo acoq acop cif cbh txi
dxn acoq acoo acop osf
dxo acoo acoq acop gjx (fbh jjw) eou
dxp acop acoo acoq vsv
dxq qk
dxr acoo acop acgl
dxs acoo ill agw ene
dxt ffu eyt
dxu oax yol ghw aais
dxv ozp
dxw acop acoo bcp
dxx acop acoo pkm
dxy acoo acop acoq ptk
dxz fl
dya acoo acop abml
dyb acoo acop qvm
dyc acop acoo azk acon gaa
dyd acoo acop kvb
dye acop acoo ffd
dyf acoo wqi
dyg npl
dyh acoo acop hso
dyi acop acoo acoq ablz
dyj acoo cjj pi hqo bqf
dyk acoo acop par kxe qvc gkb
dyl acoo lkx wnh
dym acoo evx mhz yrd
dyn acoo ott hyw acdt
dyo acoo acop xwh
dyp acoq acop acoo zsr
dyq acoo acop acoq siz
dyr jw
dys acop acoo acoq jxj xky
dyt hlx hxo hgi
dyu acoo acop ruf omi sbb
dyv acoq acop acoo yqv
dyw acoo acop bis iaj
dyx sqx
dyy acoo zvd
dyz bqd
dza acoo kwt
dzb acoq acop acoo obu cie mxm rma
dzc yfn
dzd acop acoo ute
dze acoo acoq acop khb nlo psg
dzf acoq acop acoo iir epj ngh ioy
dzg acoq acoo acop gvm ako (bqj zts abwm)
dzh oyn
dzi acoo acop acoq udv nsc
dzj acoo lux dla qoj
dzk acop acoo acoq dou
dzl acoo ghh
dzm acop acoo sxh
dzn acoo ezw kqh ubn
dzo acoo acop flj
dzp acop acoo abqw
dzq vvw
dzr jcx
dzs acop acoo pnt
dzt acoo acop tal (wgj rwl) ogo xcq
dzu qdg
dzv lgv
dzw acoo acop ctk
dzx acoo xzm
dzy acoo acop acoq ipk igc ukr zlm
dzz acop acoo mgr wt nng
eaa acop acoo acoq iqy omw uax
eab acop acoq acoo kwh yxl
eac kox
ead acoo acop szh xhf
eae acoo ptc
eaf qza
eag acop acoq acoo phb zxc
eah acoo pmw qxr amc
eai acop acoo acoq sbl
eaj acoo acop udl dyg
eak acoo acop blq swy muc hja bdj
eal acoo acop acoq jcv
eam dyp
ean tkq (sws nya)
eao fvk dxi rfg mqo
eap acoo acop acoq cqz
eaq acop acoo acoq aavn
ear acop acoo xze
eas acop acoo acoq kjx mvu
eat acop acoo isi kd
eau acop acoq acoo gmt gjv
eav acop acoq acoo vuw qdp
eaw acoo ss dii jab rmn kfk
eax stb ahy xeb
eay acop acoo jrj hcg
eaz acoq acop acoo odl pzh
eba abjx
ebb acoo ibq hyw abob
ebc acoo ygg bwz olb obn
ebd acoo rjo fjj
ebe acop acoq acoo pfn ket sbc
ebf acoo acop acoq hmq
ebg acop acoq acoo hkw
ebh acoo zqo
ebi ehh
ebj acoo kkm
ebk acop acoo ixo rxe
ebl gwb fay abtw
ebm acoo acop sse aclg hva
ebn ktv
ebo acop acoo acoq juc
ebp acoo acop omt
ebq acoo voi axp
ebr ypq
ebs acoo acoq acop phg
ebt acop acoo acoq jhk
ebu acoo acoq acop ymq izb oz
ebv acoo acop yek
ebw pyv xon
ebx acop acoo abwy upf joh
eby acoo lvi
ebz acoo sxm eaz wot
eca vmc
ecb acoo gqe qaj ezi
ecc sjd
ecd acop acoo esc
ece acoo acop teg
ecf acop acoo ojm nww
ecg acop acoo ore
ech acoo quz xtf bgx
eci lno
ecj acoo awr
eck acoo evs
ecl acop acoo wx
ecm acoq acoo acop qvs edd
ecn jgz vtq abmg who
eco acoq acoo acop wgv
ecp acoq acop acoo twh
ecq acoo vbc
ecr acop acoo rrx onj acoo
ecs acop acoo yia sdw
ect acoo gho
ecu blb iwk
ecv acoo wmd ifw
ecw acoo acop eda zth lmp
ecx acoo xkv
ecy yrx mbq
ecz acoo bku
eda acop acoq acoo kpw
edb acoo acop acoq dol oau oqa
edc acoo acop hlb fyo
edd acoo zy
ede xid
edf acoo acop acoq lmn
edg acoo acoq acop mmo
edh zpa hmy
edi acop acoo zup jrr
edj acoo eyl
edk abno
edl acoo acop pwk
edm acop acoo jaw
edn acoo zrw gru
edo acoo xka aawg oeb vud
edp acoo acop jrs twz dsu
edq acop acoo tab
edr sc xt ceb xdq
eds acoo acop acoq dpb ydw ppo xru
edt xoi
edu acoo acop acoq zu
edv acop acoo xhs
edw acoo fom
edx acop acoo acoq nid sxn
edy acoo kr utc ctp
edz ytz hyp tjz
eea acoo rlg erh
eeb acoo rjx jup
eec acop acoo dez
eed acoo azu
eee acoo hdp
eef acoo gbd htz (sxb suz)
eeg dzs
eeh acoo vvd haf lmg
eei ztc mb mqz
eej acop acoo ldi
eek acoq acop acoo uqz
eel acop acoq acoo mfs jid lmh aabl
eem xjx rmn tif yfw
een acoo yga
eeo acoo acop kbz
eep rjr
eeq acoo gdc
eer acop acoo tbn fiy
ees unn
eet acoo dyk cqp
eeu zuo
eev acoo acop cqc mtx
eew acoo uox (jwe abyl) mxm
eex acoo acop ngk kkn
eey acoq acoo acop yei
eez acoo efv
efa yvy sd baj
efb acoo ywu
efc acop acoo czg
efd acop acoo pjk
efe acoo fqz
eff acoo acoq acop lhy
efg acoo acop iwj xax ndf
efh acoo fum gjv jle sws
efi wqh izt elc nsb
efj acop acoo zrp
efk acoo acop nuz
efl acop acoo lhx ipr
efm xln
efn acop acoo kat wjb uuc abpg
efo fvr
efp mgy
efq acoo jhd qxp
efr acoo syl
efs acoo fka
eft acop acoo acoq wip knn eqz
efu acoo acop opa pdr wdu eaq kue
efv acoq acoo acop nlm dlo
efw acoo acop lxv
efx acop acoq acoo srx
efy acoo acop moq
efz acoo acop xgx
ega acoo acop poh
egb acop acoo vdj
egc hxy trm
egd acoo acop acoq iom
ege acoo cxx
egf acop acoo acoq ifb dkz
egg acoo dnr aat lmp kwd
egh acoo acop lgh xka buy
egi acoo acop ujy
egj acoo irr zli
egk acop acoo acoq nqt hka
egl acoo abnk klo
egm acoo acop fad
egn acoo wkt
ego dgm psq lgk keo
egp acoo acoe tgs slg
egq acoo pje oya
egr acoq acop acoo pog
egs acop acoo fle
egt acoo acop ohw
egu acop acoo sma abth
egv acoo oym
egw acoo qku pmg
egx acoo acop duw egc
egy acoo bca irf smj
egz acop acoq acoo krh
eha ool
ehb acoo crw feh
ehc acoo pvd qwn (hur abyq)
ehd wo
ehe rsk
ehf acoo vxr
ehg acoo plf ykv fkj
ehh acoo zab aaoy ido zaa
ehi acoq acop acoo ofe
ehj acoo acop kqe
ehk acoo acoq acop ggd
ehl acoo acop hlq
ehm acoo iew ztj oow
ehn acop acoo acoq dbj ynp
eho ehd aajp (uqt cik) stn
ehp acoo lnm lmp pyo
ehq acop acoq acoo zac
ehr acoo kxa
ehs acoo emb mbh (bne aaaq qex)
eht kls yaa
ehu acop acoo kdp oeo
ehv acoo acop acoq vvd kcu yoe
ehw quy
ehx ozy fim
ehy acop acoo rln rzi glp
ehz acoo qph muc
eia acoq acop acoo xzk
eib acoo acoq acop sjg eyc
eic acoo wfc
eid acop acoo acoq gio
eie jvm qsc
eif acop acoo acoq adh
eig kaq
eih jvl
eii abnd
eij acoo abvk
eik acoq acoo acop jbx acil
eil acoo bvf
eim zox
ein edo
eio acoo acoq acop acih xgh
eip acoo gbj bzy fen tjt
eiq acoq acoo acop pkw ttr xkb
eir acoo ae
eis acop acoo kub
eit acoo acop acoq chz cjp yku vlg njb
eiu acnp rfr vp acgm
eiv acoo iut
eiw acoo vso lhv bgc acdc
eix acop acoo acoq xeu
eiy ale
eiz kvi
eja acop acoo acoq jls
ejb acoo hj jir rir rdd foi
ejc acop acoq acoo dwq rhd
ejd acop acoo bft
eje blt
ejf acoo acop hpr aacp
ejg jsg izc zje
ejh mul
eji hem bzq wip aahf
ejj acoo acop joy oml nwc
ejk acoo nbf
ejl acoo qem
ejm acoo eli fo (zlr ifv)
ejn acoo acop acoq azw ooy (hll mbu mkb)
ejo acoo abwd
ejp acoo aarv
ejq acop acoo akp
ejr acoo zhc
ejs lvy
ejt acop acoo eq abmn
eju acoo emq udz gut
ejv nap
ejw acoq acop acoo imq mvc
ejx vix
ejy acoo acop dkp (ozg nto xbk)
ejz acop acoo gsm byx yof
eka acoo kir
ekb lbu hsk
ekc acoo rze
ekd acoo acop yih rhh cvk msk pj
eke acoq acop acoo lza
ekf ydw wdv xtw yzn ijr
ekg acop acoq acoo ese zwf
ekh acoo acoq acop hfu
eki acoo acop acoq wkw
ekj acoq acoo acop ryi
ekk acop acoq acoo yba rbu bzo uhy
ekl acoo acop oas
ekm acop acoo zzo zun wre jko
ekn acoo cgu ikh dow
eko acoq acoo acop dzd nfd ysv khc rlr
ekp ten
ekq acoo acoq acop bcd
ekr acoo acop acoq rzn
eks acoq acop acoo kiu mmx
ekt acoo acop aadg
eku mre
ekv achf nsm gvw
ekw acoo kum
ekx acoo acop luv (ncw isa)
eky acop acoq acoo kuv
ekz acoo abat bbx
ela acoq acop acoo nsw
elb acoo cgd lnz
elc acoo thd hmd dpd
eld acoq acop acoo grc
ele acoo acop gax wgp lfl abzl
elf acoo acoq acop uwk
elg acop acoo xhb mli
elh acoo tfu
eli acop acoo ezk
elj acoo cqi
elk acoo acoq acop sgh
ell moz bid rcs
elm rwc
eln acop acoo abqk rdr prr
elo acoo aasa zwq wei xyj
elp acoo acop acoq zoa wgp eef
elq lhl aaow
elr acoq acoo acop iif
els acop acoo shu ugh zci
elt xyl zxo (aatz gzw) vft
elu acoo aadi
elv lme
elw acoo oac
elx acoo acop thi hjw
ely acop acoo acoq ygb
elz acoo acoq acop msn
ema acoo qii
emb acoo gjj
emc acoo acoq acop pci pqu
emd acoo pbq
eme acoo acop aty jny
emf lz
emg acoo otd qxo qbz
emh acoo acop iyl hdm
emi acop acoo gzz
emj ipg gdw ssh
emk lvn fmk
eml acoo acop zny
emm acoo crz acfp
emn acoo bil
emo acop acoo ycu
emp acoo acop abdg xeq
emq acoo zgg
emr acoo awq
ems ngf wxo rlh
emt acop acoo una nwy
emu acoo acop fbv abiw xif rqn ndx
emv acoo acop yri btf ymv fzw
emw acoo vsl zog zfd rpz
emx acoo acoq acop xxb ial
emy flt ho
emz acop acoq acoo ea vpr
ena acoo acop roz cfg
enb acoo acop iop cqh
enc acoo acop dkk lwz rip
end yiq ued
ene acoo aabw
enf ggn pmi dpo
eng acoq acoo acop efn
enh acoo acoq acop ktg rsm
eni acoo ztz
enj acoo acop jif
enk aun
enl acoq acoo acop zuy
enm aazj ylj tso
enn acoo acop eou
eno jzn
enp acoo acop cbv
enq acop acoo acoq fhw
enr acoo acop wqq
ens aac ulx
ent acop acoo acoq jnj
enu acoo acoq acop zot
env acop acoo acoq bij abhj abxj lvq
enw acoo acop ihu wcb uha abwi
enx acop acoo aaif
eny acoo aboa pgq kgd
enz tbt rrm
eoa acoq acoo acop hag
eob dlm
eoc acop acoo lzm
eod acoq acoo acop zej
eoe acoo acop acoq qbs
eof acoo acop nkx
eog acoo acop aahw xjx
eoh xgl
eoi acoo acop acoq abqr uip xlu wtn
eoj acop acoq acoo yvm hvt iig ora
eok bcz
eol pez
eom acop acoo nud (zxq zaq)
eon acoo mkc
eoo acoo vvs
eop acoo rmp
eoq acop acoq acoo nva lht lac arp
eor acoo okm nsb gzp
eos grk hmc
eot acoo len lyb
eou acop acoo bop ckj vrp ubr
eov acoo acop xeb pqn
eow acop acoo kcb c ltp
eox acop acoq acoo lnh
eoy acop acoo acoq egt ptm tsb
eoz acoq acoo acop dhu ieb cnd
epa acoo vhp cey
epb acoo acop otz
epc acoo mtg vxg
epd acoo rkd bev gpb
epe phq
epf acoo dlp
epg acoo brw
eph acoo abcf pgz
epi acop acoo acoq kqr
epj lbl
epk acop acoo acam vad
epl acoo xvs
epm acoq acop acoo acjx
epn acoo tco pwk oxb ynb
epo uez aach qfn
epp acoo lkc
epq acoo afc
epr jgx
eps acop acoo ac
ept acoo qge
epu ofk abbl ule
epv okz
epw acoo stm qmq phg
epx acop acoo abqw
epy acoo nuq egd jxy
epz jrh lql dbm
eqa acoq acoo acop bfw
eqb izz vae vhv qiz
eqc acop acoo acoq fhd fmp huh wcy aatg
eqd acoo acop ewo
eqe acoq acoo acop tle
eqf dto ejx
eqg acoo fgx
eqh acoo ihz abnf
eqi bix
eqj acoo acop mec
eqk rle yyc
eql acop acoo mhy
eqm acoo mor
eqn acop acoo ulk kmm qrg pye
eqo gwo
eqp acml
eqq acop acoo woy
eqr vmt nuv kt
eqs acoo ifc
eqt axs
equ acoo usx
eqv acop acoo acoq lbt
eqw rwo skj nia
eqx acoo acop acoq lnh rzl
eqy acoo zst amm piu
eqz acop acoo acoq uwq xqx mup rcw
era acoq acoo acop ydw
erb mwl lxp bqs aatt
erc ory rxc mbx
erd acoo acop mjf dmp
ere acoo acop moi shr aaus biv
erf acoo lcx vnq gpg
erg acoo ahw xxt
erh acoo acop acoq amv
eri acoo phl acmh
erj acoo bwf
erk acop acoo xdt
erl zbk fcv
erm acop acoq acoo dkq
ern xsq
ero tda
erp acoo acop zdt
erq nnb
err acoq acop acoo hs wut tbd wdn
ers acoo acop sko
ert acop acoo ldg aarz aaum
eru abos dea lnt
erv acoo acop aaaf
erw acop acoo nji
erx acoq acop acoo ydd
ery yne bbf uuw qve yza
erz acoq acop acoo bqy
esa acop acoo acoq aog
esb acoo acap
esc acop acoo aaix
esd acoo kfs
ese acoo acoq acop yes
esf acop acoo gtu abng
esg acoo qrv
esh acop acoo dvg kgx
esi acop acoo agw
esj cvf
esk acoo vjb zds qjn
esl acoo acoq acop ohz aox
esm bzv
esn rnh acij yh
eso acoo drz gdt
esp acoo acop pcy
esq acop acoo acoq ynt
esr acoo acop qaa xdv gki
ess acoo acoq acop od pvx yhg
est acoo nch
esu rxd
esv acoo acoq acop iqd
esw acoo acop acoq cuu
esx acoo acoq acop qjq dih
esy acop acoo pxp eqa
esz ohu ljj rey
eta acop acoq acoo tcg hqm
etb acoo acop mlo hds
etc uaj
etd acoo mgv iug
ete acoo acop dkh
etf acoo acop acbb ove
etg acoq acoo acop waw
eth acoo acop xyp
eti acop acoo bbf hhe
etj acoo acop gjx vwg
etk acoo acoq acop dku nzb hyc lzp
etl acoo cbh
etm acoo qik
etn acop acoo jsl tus
eto abhg
etp acoo cgm
etq acoo acop ttb
etr acoo tqd obd jha flj
ets jck fri
ett acoo acop nzw vrt rup
etu acoo ahl wqw
etv acoo gve okp
etw acop acoo hth bpc nnj xrg
etx acop acoo xcq
ety acoo dgy mam acfv
etz zfs pvk wpt mdd
eua acop acoq acoo blz
eub acoo acop acoq jkr byg kea
euc acoo acop acoq tdf
eud acoo ebq
eue fx
euf acoo fsp vsj
eug acoo xvz
euh acoq acoo acop abla
eui jfv xro dte rtk
euj omt
euk acoo fcj jdx
eul ncd
eum on
eun acop acoo ypj
euo brn nfp xnl hwk wzh
eup acop acoo yqg
euq acoo acop acoq drn wxf
eur acoq acoo acop efk
eus mrf
eut acoo acoq acop pam qqm mbp gar
euu acoo ulk sut sck msn
euv acop acoo acoq iis
euw gnd pvs gbn jan
eux acoo aib mhp hts
euy acop acoo tqi abye nyh
euz acoo uft cak rqu
eva bcm zen (abnz zmc)
evb acoo kjx iih yfu
evc acop acoo mdu jtn
evd arb
eve acoo acop djr leq hho
evf acop acoo vkn
evg acop acoo acoq ezs (ppe aaif) pyt
evh acoo ard
evi acoq acoo acop pbm kjm bbe iou
evj hbp yjb
evk acoo iid
evl acoo acop aapl mkc xzu
evm acoo hlu msr rmg
evn acoo upx
evo acop acoo abcp
evp acoq acoo acop qap
evq acop acoo bgn ops
evr acop acoo wks adc
evs acoo hrt oyu
evt acoo yjl
evu acoo zit rui pbv prj
evv nhy sci
evw acoo csw wjm frc hqz
evx acoo acop tl
evy acop acoo abxp odj
evz acoo aaey mzb
ewa acop acoo acoq tmw
ewb acop acoo acoq pkj mvv otu
ewc kgx cyu xjw
ewd acoo acfs
ewe acop acoo noz
ewf acop acoo fjz abhd
ewg hec
ewh acop acoo aahe fzg
ewi acoo acop eyq
ewj acoo acop acoq tne vle htg spf
ewk acoo bsn
ewl acoq acop acoo clv
ewm acoq acop acoo trz
ewn acoq acop acoo oto
ewo acoo wxq
ewp abpj
ewq acoo acop xmj jwe gez wsd
ewr jfl
ews acop acoo fpl
ewt acoo acop aagn
ewu acoo acop acoq xnf
ewv acop acoo oiy
eww acoo gwh
ewx sjo aamj (btw hx)
ewy acop acoo zpg
ewz isk yfm
exa acoo acop ufj hta
exb vae ehq zho fvy
exc acoo iha tho
exd acop acoo acoq llp lvl
exe kaq
exf acoo acop zuh nc (ubp cdv lud)
exg acop acoq acoo lmx yob rs khy
exh acoo oio
exi acoo cza
exj ufc
exk lkv psr
exl acoq acop acoo abmm
exm acoq acop acoo zhk koz
exn acoo acoq acop ujd
exo acop acoq acoo ypf tnt iaq
exp acop acoo acoq bvh lnn
exq acoo eqs
exr acoo aafu
exs acoo acik
ext acop acoo acoq aq
exu acoo abmc wjx
exv stc qsy imf cno
exw acoq acoo acop uyx aaug
exx acoo wtl
exy acoo acop kio
exz acop acoo dtq cdg iba
eya acop acoo cxv gpa
eyb acoo cbm xje aafs
eyc acoo ium
eyd lkn
eye acop acoo ygv
eyf acoo tnf lhy unz
eyg acop acoo acoq eys
eyh acoo acop acoq awa dtj
eyi gfj upq hfg nyc
eyj acop acoq acoo ddz
eyk acoq acop acoo xtw
eyl acoq acop acoo udx nea dbq
eym acoo acop txu qvd abvf
eyn acop acoo xwk dbz
eyo acoq acop acoo gpr
eyp acop acoo dpg
eyq acop acoo ddt
eyr acop acoo bxb pjw bfk yuf wyr
eys acoo acop itu
eyt acoo acop wkp
eyu acop acoo vik abey
eyv acoo acop acoq frk
eyw qey
eyx acop acoo xoc gxx mv
eyy acop acoo lue
eyz acoq acoo acop jnh ecs bxh wdn
eza acoo rgf
ezb acoo acop glk
ezc wug
ezd acoo frx
eze acoo acfh
ezf acoo acop acoq scn aaml
ezg acoo xtl acbx mfw
ezh acoo sio
ezi acoo mut uxj
ezj acoo nsk ozg
ezk doz mkw fay
ezl acoo cmm
ezm acoo acop acoq unx
ezn acop acoo bby gsm
ezo acoo ljf
ezp acop acoo qes abbn xay
ezq tut egh tb
ezr acop acoo acoq qbs nax
ezs acoq acoo acop aaoc
ezt acoo acop hcm jyf
ezu acoo acop vgq
ezv mru
ezw acoo vxa
ezx acbx wxi (tvq vnu)
ezy ckh
ezz acoo mjw myd
faa esy vat dqn svv rab
fab acoq acoo acop aft
fac vde tfo
fad acoo pcw
fae slx
faf acoo kun
fag acoo acop ti hbi
fah acoo vmf
fai acoo acoq acop tbw
faj acoo hwy dmi
fak acoo acoq acop ilz fqw
fal acoo ssx (skx gut) djf
fam abvt
fan ums yvd
fao acoo acop acjz abxs iqg
fap dhq
faq acop acoq acoo goq
far acop acoo acoq dvz
fas acoo vwb mmx
fat acoq acop acoo azz
fau acop acoq acoo qwu aadj tjt aaqx
fav dmx ny cov cnt faa
faw acop acoo knj
fax fas kcn
fay uwu
faz ozy abuf
fba acoo acop acoq whq rwo
fbb acop acoo tom kxw mhd
fbc acoo tyr (nbs aalp)
fbd acoq acop acoo abdb khw lzn jvk jem
fbe acoo abea skd
fbf acoo hgs ewz abol cdj
fbg sxe
fbh acop acoo vad fhs
fbi fle
fbj acop acoo acoq hik
fbk acoo acop acoq gyf jrv stl fqv
fbl pdj ufy its kvf
fbm byp jdl plb ktv
fbn acoo gzy jve gep
fbo acop acoq acoo fob
fbp wut
fbq ima ugc
fbr acoo gbe oic
fbs acoq acop acoo sgx
fbt ijq phc pfq
fbu acop acoq acoo hvd iif
fbv acop acoo abqx
fbw acoq acoo acop krj
fbx acop acoq acoo glt fkk juk
fby acoq acop acoo vii
fbz qel gmk nin
fca acoo acop aaeu djj
fcb jfm
fcc acoo abpu
fcd acop acoq acoo jzh zpb bfz qwk der
fce hrv
fcf acoo acop pmr kiz
fcg acoo grt ajv
fch aalt qol
fci puo
fcj acoo hwr
fck acoo acop aaye
fcl pnh cqg
fcm wxl
fcn acoo khq
fco aabw
fcp acop acoo aabu opp
fcq acop acoo aado bqw
fcr acop acoo sfy js
fcs brv
fct acoo irt luc zrt vhj
fcu acoo acop acc lnk qoy tt pw
fcv acoq acop acoo fns pwb
fcw acoo acop acoq wuy gwu
fcx acoo bsf oxt npd
fcy acoo acop acoq qiw flc
fcz acop acoq acoo nwk bmg
fda gqo
fdb ryi
fdc acop acoq acoo wck
fdd acop acoq acoo ken jis ojt tfx pma
fde acoq acoo acop soe
fdf acoo vyb
fdg acop acoo gkf
fdh acop acoo kwi udl
fdi acop acoo acoq epp
fdj acop acoo kqb
fdk acop acoo vzb htp
fdl acoo acop qit dfg
fdm smi qm
fdn yhb tjq
fdo xcl
fdp acoo acop syu
fdq vqj swu
fdr cqg jln cml hrk
fds acoo lnq
fdt zmn
fdu acoq acop acoo abn
fdv acoo cdm abrw abqo
fdw mze
fdx acop acoo qup ltj
fdy acoq acop acoo rnx uza
fdz hdm
fea acoq acop acoo jhr
feb dlr
fec ajv fcx ulv
fed pyc
fee acoo xro
fef nju nbs
feg acoo aqc
feh acoo acoq acop fog
fei acop acoo fti
fej acoo acoq acop xkn
fek acjj auc mbx hns
fel acoo ccb
fem acoq acop acoo pxz
fen acoo kvn hwt lxf
feo acop acoq acoo xxg zls oyj
fep acoo acop owa
feq vqa
fer acoo acoq acop tap
fes acop acoo cle
fet zhb
feu acop acoo vut avi
fev acoo zsg bbt tcr
few acoo aapn
fex acoo acop pmv sfc
fey acoq acoo acop xzj
fez acop acoq acoo mqb bmq wxc
ffa acoo qel
ffb acoo acop acoq zxz vgw sxe
ffc acoo acoq acop dpu
ffd ire kvb mry
ffe acoo nyx
fff acop acoo gtq
ffg htb
ffh acop acoo acoq ism
ffi acoo acop xsy anh tje
ffj acoo acop uua wxj
ffk awe
ffl acop acoo vze
ffm acoq acop acoo rgp
ffn acop acoo xsy
ffo acoo acop jkh
ffp yiw
ffq acoo rav qcw
ffr aber eqg
ffs acop acoo acoq wmq iom lox mbj
fft ehp
ffu acoo acop wcn mj azb hou
ffv acop acoo acoq ggy
ffw kfo oht
ffx acoo acop ezp
ffy acoo wzf peu byv tix
ffz acoo lkb acdj dcb vzc
fga awv zha
fgb acop acoo cag
fgc acoo acoq acop dss
fgd vww zna jw
fge acoo ufy (iak nis)
fgf acoo qsh zyb seo lrd
fgg hrf
fgh acoq acoo acop aaka
fgi acoo acop kre yyr siu aaox
fgj oei xdm gfz
fgk acop acoo evf abwc
fgl acoo acoq acop dvm
fgm aaix
fgn spj laf gcl qve
fgo vks
fgp acop acoo acoq zlu otn ljz
fgq acoo oyu lum fou
fgr acop acoq acoo miw
fgs acop acoo eqr
fgt acoq acop acoo ktr
fgu acoo bnl
fgv lpd
fgw acop acoo gjo
fgx acoq acop acoo djx fqh
fgy acoo faw
fgz acoo wzg
fha acoo acop vzf gcn
fhb acoo ilr
fhc acop acoo ood gvg ucb
fhd szi
fhe acoo mwp zzt qbl
fhf acoo zej
fhg acoo acop phm rat abmd
fhh acoo avj irk qeu
fhi acoo acoq acop nax
fhj acop acoo aavz
fhk acoo nxn
fhl acop acoo acoq nzh
fhm aahq
fhn acop acoo aahv (nrj yzw tjb)
fho acop acoo acoq ujw
fhp acoo uux
fhq acoo acop acoq scd
fhr acoo hdj
fhs acoo tcs
fht acoo acop thj
fhu acop acoo acoq kba aaks ptk mkj
fhv acop acoq acoo ccd xpc
fhw acoo mbt
fhx acoo eyl mgy xqh (uhe qjx)
fhy vll
fhz acoq acoo acop vqs
fia acoq acop acoo aawh
fib acoo aabe
fic acoq acop acoo hkd
fid olv (rez ogv)
fie acop acoo ivm dxg achm
fif tgt
fig acop acoo acoq cxv xvv zpm nzi kom
fih gaz
fii acoo acop acoq acfr
fij acoo ntk
fik acoo acop acoq vwr
fil acoo ybs ujb twl
fim acoo urc
fin acoo acoq acop lkp
fio acoq acop acoo gyc
fip bbc
fiq acoo kcz
fir jdy
fis bcs
fit acop acoq acoo jzd
fiu acoo acop mln gat wte
fiv dcf abu
fiw acoo rkm owh (jeu bis)
fix acoo nhe yeo bhz
fiy acoo acop vzd mff
fiz acoo tjz
fja acop acoq acoo ska
fjb tpe
fjc acoo acop klx
fjd hhn
fje acoo acop xbi pic ezs
fjf acoq acop acoo cbm cet nhc
fjg acoo acoq acop ops spn zyn aix
fjh acoo iqo abew
fji acoo acop ljg
fjj acoo acop xvs
fjk acop acoo jgh
fjl acoo acop cbe
fjm acoo acop qwl
fjn acoo acop acoq ztc
fjo acoo acoq acop cke
fjp acoo vni
fjq abgq ysk bwg
fjr acop acoo jsn wjl
fjs zjr
fjt acoo jff
fju acoo nma
fjv acoo acop cug
fjw vdx
fjx acoo acop pea pgm acoo hin
fjy acop acoq acoo aajv
fjz acoo omx
fka qxq (jfc fed)
fkb acoo acop acoq xxo
fkc acoo rhv bcz
fkd acoo wpv
fke acoo zfp
fkf acoo acop acit abkz ywx
fkg acop acoq acoo ztq
fkh rzz ncf
fki acoo ezo
fkj acoo ynx yap
fkk yqa
fkl acoq acoo acop afw
fkm acoo acop sqp rey
fkn acoo nrx
fko jmf
fkp acoo hbw (oxu suy)
fkq acoo acop kic qzo
fkr acoo rex nmq acny
fks acoo acop jqh vhs egz
fkt acop acoo api
fku acoo acoq acop pyb zh cmx ifs
fkv acoq acop acoo zqq
fkw acoq acoo acop ywm isz
fkx acoo acop xwe
fky acoo acop rrj jzv aob gsp iwk
fkz acoo acop dxx
fla acop acoq acoo zbc
flb acoo aawr
flc acoo acop achg pag
fld acoq acoo acop ugd
fle acoq acoo acop ztt vbz hin wxm
flf acoo acoq acop rqp hw nvb
flg acoq acop acoo wgo
flh acoo obd
fli acoo acoq acop accf hbw tvi qjt
flj acoo acop pfq
flk acoq acop acoo glf thk icr
fll tqp tau
flm acoo acoq acop jyi
fln acoo cnp (wsx zer)
flo acoq acoo acop hqv
flp acoo acop abxu
flq nvq
flr wes vhl aqc
fls acoo fcp vji ggl
flt abiu
flu acoq acop acoo zpf fcn aaez tzg mtv
flv iw
flw acoo aasn cyj mnw
flx acop acoo acoq krg
fly epc gds
flz acoo acjq
fma yll
fmb acoo acoq acop vlw jqr cig
fmc ons
fmd acoo wzd
fme acoo xbp
fmf acop acoq acoo abxz qrd
fmg ofr
fmh cqx pml ehr flt bvt
fmi acop acoo emf kol
fmj acoo acop acoq wib nhe tyb
fmk acoo nfn
fml acoo acop jru
fmm acoo acop jyf
fmn acoo kl
fmo abxg
fmp acop acoo lpr bji qtw
fmq sde
fmr acop acoq acoo acld
fms acoo acoq acop nlj
fmt acoq acop acoo gkq eoc zui
fmu acop acoo xqr
fmv acoo xho tjx wcq
fmw acop acoo fli
fmx acoo clq rxi dqd zqy
fmy mge lyq
fmz hno
fna acoo jkv uon aanu vwy
fnb acoo acop okg fng kdl
fnc acoo acop kze sbv
fnd acoo acoq acop aaws
fne acoo acop acoq abvj wpf gft aamn
fnf acop acoo fwf wes
fng acoq acoo acop iql
fnh acop acoo acoq pio
fni acop acoq acoo xga
fnj acoo acop acoq ses (qkx htg uso)
fnk ail smm
fnl acoq acop acoo iev
fnm acoo acop dwy uva abmu cbo
fnn acop acoo vos fmk tzi
fno acop acoo fab
fnp cry
fnq gng
fnr ctp
fns pdw kzx
fnt nou
fnu vsx
fnv wkf mtz
fnw acoo xok ezu
fnx aamd ush
fny acoo acop mla
fnz acop acoo acoq dpm are ree oeu
foa acop acoo rb
fob acoo acop mah
foc acop acoo knw
fod acoo acop acoq olq
foe acoo acop jmn (abhk utq)
fof acop acoo tov
fog acoo acop abbl
foh acoo cni ygg
foi acoo acop hhg ri
foj yom iod yyt fag
fok acoo nxr
fol acoo leg
fom vcm acdz acnl ffn
fon acoo beq
foo acop acoq acoo duq
fop acop acoo mrw
foq acop acoo acoq pjw adb
for acoo acop meo uut xdf zog
fos acoo acop zbw jbe
fot acop acoo sdu
fou acoo klb ess
fov acoq acop acoo ajf
fow acoo tmq xyv rhn
fox wrm
foy acoo xte pth fqq
foz acoo acop cfm
fpa acop acoo zgh
fpb acoo iyi acdm cvk nod
fpc acoo vfv
fpd acoo brf qui
fpe acop acoo oht
fpf ezb qwi oey
fpg acop acoo kxg
fph acoq acop acoo gdr
fpi acoo acop gsb fww
fpj acoq acoo acop sxh
fpk acop acoq acoo vuk ygl
fpl acoo prq
fpm moj
fpn acoo bzr
fpo acop acoo acoq hjl
fpp acoq acop acoo zy
fpq jmy
fpr acoo acop acoq qck kka aaxr
fps le
fpt acoq acoo acop kms (ygv txe)
fpu acoo xje
fpv acoo acoq acop acn
fpw acop acoo rrf
fpx acoo uyq
fpy acoo exi kmx
fpz acoo acoq acop aafv aqj
fqa ofd cnm onz
fqb acoo ofv yg ixc cgw
fqc acoo acop acoq kxo
fqd acoo acop dgj qbe cjr ffo
fqe acop acoq acoo qtj
fqf ufx
fqg acoo acop acoq yxf
fqh ekh llx ddp hiz ryt
fqi qyw shf bub
fqj acoo hrn
fqk acop acoo igt (pwb hjn)
fql isw
fqm ve yuw tjj eak
fqn qdp
fqo acoo acop hkm
fqp acoq acoo acop abvw
fqq acoo bta ff
fqr juu jpg ehy hpf
fqs pza jls
fqt acoo acop acoq ine nie qku abjd dsx
fqu acoo sep pvt oxi
fqv acoq acop acoo yqu
fqw bpv
fqx acop acoo xfw uak acdo zsk
fqy acoo acop acoq mik ppl
fqz acop acoo nil bea
fra acoo acop mpr (ilj jqr)
frb acoo cur mwx ackf
frc tjb wbz uxb zfq
frd acop acoq acoo hve fun phs
fre acop acoo vbf qqi cya kju
frf lwq
frg fgj
frh acop acoq acoo sal
fri dlf
frj acoq acoo acop xkw
frk acop acoo xnn dtb amj jam thi
frl acoo acop nch
frm lwf qwa
frn acop acoo aaid
fro rxp wdo osl aacf
frp jpq qcw
frq acoo acop ofv emp
frr acop acoo gfs
frs acoo acop acoq fhs vha
frt acoo yyo asd fgz raa
fru bj
frv acoo acoq acop yud
frw acop acoo kwt
frx oqg ccz
fry acop acoo sqw
frz acoo ztz (ddq eon) jyg
fsa acoo acop hki
fsb cxw yun
fsc acoo acop bkl
fsd acoo acop acoq tmi
fse abyd
fsf vjb nsj yjb
fsg acoo acop acoq amx
fsh acoq acoo acop hop zxj
fsi acoo acop eoy
fsj acoq acoo acop hpx
fsk cxg
fsl acop acoo ptt
fsm acoo bdj
fsn acel (oee atj rib)
fso acop acoo acoq nae uhk
fsp acoo acoq acop niy hqn
fsq acoo acoq acop oln
fsr acop acoo acoq asj
fss acoo acop bjb
fst jzy vbr
fsu acoo acoq acop nbp
fsv acop acoo wox
fsw acoo qiv
fsx acop acoo pzd
fsy acoo thc
fsz acop acoq acoo bfm bst
fta acoo acop lrv cn
ftb acoo gav
ftc acoo acop acoq fvr
ftd oyc ztn
fte woc jhd taf lft
ftf acoo acop axz
ftg acop acoo zbr vcf
fth acop acoo dqj xrz
fti nlc tm dad xd
ftj kfd
ftk acoo ugk
ftl acoo acop rio eml sqd wbz ccf
ftm acoo rhc
ftn rvv vsg
fto acoo acop nxl
ftp acop acoo iam
ftq acop acoo tdp liv
ftr ept
fts xuu hce sda
ftt qre tci
ftu acoo acop acoq dvy aakq acdf
ftv acoo acop aabo
ftw acoo acop rgm opz fzd
ftx acoo acop acoq gxa
fty acop acoq acoo aaxc svv emd
ftz acoo abme zhj zav
fua acoq acoo acop aqf xkl iec lrj bpt
fub acop acoo aw
fuc acoo hmx (ewh vo) cvb apo
fud acoo ndw ggf
fue hpt
fuf acoo oqz
fug acop acoo jil gec jvi
fuh acop acoo qgw ecu
fui fsw
fuj acop acoq acoo fhz aasj jhh
fuk acop acoo pru xb
ful acoo qox leh fuv
fum acoo acop rml
fun acop acoo slw lsq
fuo acoo ngq gwf qav vpc
fup acop acoo acoq abfa
fuq acoq acoo acop qtn
fur acoo acop acoq uot
fus acoo acop bfy ger aajk acaj xfh
fut acoq acop acoo kfb
fuu acoo acop acoq akg
fuv qja qhb
fuw acoo nyv
fux abrf
fuy acop acoo nue esg
fuz acop acoo acoq iay
fva jno hoe
fvb jae
fvc acoo acop acoq ery
fvd acop acoo acoq uvb wmx
fve acoo gjt tyx cqc bfm
fvf acoo acop lkx scn
fvg acoo lns
fvh acop acoo acn
fvi dlv stq vzz mwn tmt
fvj acoo ilh uwo jlb pds
fvk cfk
fvl acop acoo vpb
fvm acoo orq hfq vtg
fvn acoo xqo
fvo cqz
fvp acop acoq acoo pe jcl rjf
fvq acoo acoq acop mau dns
fvr acoq acop acoo ser
fvs acoo acop uwa
fvt acop acoq acoo grw nks vvo
fvu acoo qgw
fvv acoo lvc (eyw mzm khc bln)
fvw acoq acoo acop awl bqq ewr
fvx upg qml
fvy acop acoo cew xf
fvz acoo abmx uvh
fwa acoo pcn
fwb acop acoo osh
fwc qxg
fwd acoo nlw
fwe acoo ouw gfn fwv
fwf acoo acop oox mmo
fwg sty
fwh acop acoo yud maq qtp (aahd zpl)
fwi acoo gtk
fwj bzu
fwk acoo rsh
fwl nyd
fwm acoo acop rcd hja
fwn acoq acop acoo hed lun
fwo acop acoo bqj aalv kqx krb
fwp acoo kqi
fwq acoo acop nud aabh
fwr acoo ypg
fws acoq acoo acop wrm
fwt acoo acop ggm
fwu acoo acoq acop tvv ojl
fwv acoo nft djh
fww acoo mkn
fwx acoo nnx fkd
fwy acoq acoo acop nyh
fwz uel
fxa acop acoo acoq ibo mwh
fxb acoo sjd ksm gvp
fxc acoo asi
fxd acoo acl
fxe acop acoo trm
fxf acoo mpc
fxg acop acoo xkw
fxh acoo acop acoq acbh uoy
fxi acoq acoo acop ljy wqs aadw
fxj acoo acop rht chg wnn
fxk acoq acop acoo grr
fxl acoo acoq acop rmm
fxm acoo pun uae
fxn acop acoq acoo pbe
fxo acoo acop acjg ktr ufg
fxp acoo acop yef
fxq acoo acop pdq jp rka
fxr acop acoo mgj
fxs acoq acoo acop dgx ift oda
fxt acoo leo vtc wko
fxu sct yvw ner hoh
fxv acop acoo upo
fxw acoo lpg xnv xsz qul ru
fxx acoo qbn
fxy lis
fxz mrt ukv vec bxy
fya ttl qng
fyb acoq acoo acop vct
fyc acop acoo hpo
fyd acop acoo aafe
fye acoo wek
fyf acop acoo kov aaut
fyg acop acoo wni
fyh acop acoo tvp
fyi acop acoo acoq agr
fyj acoq acoo acop aux ubh
fyk vsl tzf vwg
fyl acoo cwd
fym xeu
fyn acoo vii
fyo acoo acop aaoe zfy
fyp bee dyi
fyq acoo acop nid ruo qvr
fyr acoo acop abgk
fys acoq acop acoo npg
fyt acoo acop qcr
fyu mol
fyv acop acoo acoq fbt
fyw acoo acoq acop mmb abem
fyx aapy
fyy qyn
fyz acop acoq acoo kje hea yeq
fza acoo acop acoq rve
fzb acop acoo acoq uka awu abzx
fzc acop acoo accg
fzd acop acoq acoo thu
fze oqa usn
fzf acop acoq acoo svo kyc uhf
fzg psx rlw aana nzp
fzh acoo acop eny
fzi acoo hof
fzj acoq acop acoo rvo
fzk acoq acoo acop nfl cui
fzl acoo aeb
fzm acoo imo lmf
fzn acoo qbu
fzo acoo acoq acop gqy
fzp olh
fzq acoq acop acoo fcw jsx abj njm
fzr acop acoo akk
fzs acoo acoq acop ojw vgf oog
fzt kgs
fzu acoo ccf
fzv acoo rjw kxe zyc
fzw jt
fzx mbj
fzy acop acoo lk qio
fzz acoo ydu
gaa acoo acop mqd
gab acop acoo iof
gac acoo rkr
gad aue
gae acoo xpw gfg
gaf acoo tfg
gag acop acoo lzl
gah acop acoo tlc
gai acoq acop acoo tgz cjj
gaj acoo dgy
gak acop acoo acoq aaih
gal dzo
gam acoo qth wfk
gan acop acoo xdq
gao acop acoo acoq tvp
gap vtb
gaq acop acoo uzi
gar acoo qgi
gas acoo acop er
gat abwi
gau acop acoo kxo nfm
gav acoq acop acoo jnu
gaw acoo acoq acop oa
gax acoo acoq acop rzu
gay acoo fge lgf gpi
gaz acoo pmd cwi klu
gba acoo acoq acop iqf
gbb onc
gbc acop acoo acoq gsl
gbd acoo acop acoq lxf olu ede
gbe aatf abxc
gbf bqi nmm
gbg acoo acop xsx
gbh ptn it vir
gbi acoo acoq acop ysr
gbj acoo jln zfc tqn ams
gbk acoo aboe
gbl acoo acoq acop mou rfi
gbm acoo acoq acop hmz aamj row fzt
gbn acoo acop bbd jbf
gbo acoq acop acoo mqd jju ftx
gbp acop acoo qkq
gbq fyn
gbr acoo acop ido
gbs hjx aams iqe ntv
gbt acoo acop yug
gbu acop acoq acoo vvi
gbv yby
gbw acoo acop acoq px og
gbx icz yby bdp
gby acoo acoq acop qj
gbz acoo jyi
gca acoo ytq
gcb acoq acoo acop jbu zqm
gcc acop acoo byh
gcd acoo abkw
gce acop acoo ocd ood
gcf dfj
gcg acoo acoq acop mps
gch rtu
gci acoo acop acoq etl
gcj acoo acop oui xyi aaoc aaar
gck abig
gcl acoq acop acoo img rze col
gcm pvn aal fae yqt
gcn acoo tim
gco acop acoo emu
gcp acop acoo aaeu
gcq acop acoo baq
gcr rrr
gcs acop acoo egl efm ctm
gct acoq acop acoo osf imm odn zbk
gcu acop acoo upu vxp eqo
gcv cqq
gcw acoo mrs
gcx acoo acoq acop wmh imv
gcy acoo acop tls wdc
gcz acoo eqc gwq
gda abtr dtc nkd
gdb acop acoo zol tv cvs
gdc lld eed abqz phx log
gdd acop acoo otv zrg
gde acop acoo xeh
gdf acoo acop acoq aans abcc
gdg acoo acop ixu kbf my
gdh acoo ilx hj asu
gdi acoo gth ala
gdj acoo kbf nhj sfv
gdk gim
gdl acoo acop lkw (abkk jvo)
gdm acoo acop acoq vzd kha jwb
gdn uch
gdo zib
gdp acop acoo zxm yba dns dzl gu
gdq acoo s
gdr acoo acoq acop ta
gds acop acoo bzz jby
gdt acop acoo ecg pbf
gdu lnn
gdv acop acoo acoq bhk
gdw acop acoo drh
gdx acoo vzw
gdy acoo nzf nlr
gdz acop acoo yil aayc
gea acoo aawj
geb acoo acoq acop fld
gec acoo acoq acop pbt pok acaz
ged acop acoo hqj zmj
gee acoo jyz
gef acoo acop nyo
geg acoo acop rnw
geh acoo orl
gei acoq acop acoo aavq
gej acoq acoo acop ivf
gek acoo acop hze
gel acoo acop wve
gem acoo acic
gen acoo acop dsa (jss po)
geo acoo acop acoq pmg
gep acop acoo ewc
geq acoo rgi acgj
ger jyn gax
ges acoq acop acoo hbr
get acop acoo acoq etu
geu qat jiv
gev nct (pgk oik) dto
gew thv
gex vci
gey puq ggw wct gbl
gez acoo lga zso
gfa acoo acop wjj
gfb bdx
gfc acoq acoo acop qem ynp
gfd acop acoo pcq
gfe pow
gff acoq acoo acop ibj
gfg acop acoo vyp ekv
gfh acoo acop acoq lmv
gfi acop acoo eib dbu ggq
gfj acoo acoq acop aafb
gfk acop acoo acoq tyx
gfl hur
gfm acoo acop ecj
gfn wun aboi wpi
gfo acoo hov
gfp acoq acoo acop abrg
gfq acoo acoq acop uva
gfr acop acoo mlb
gfs acoo acop ahf hrf
gft acop acoo acoq qcx
gfu acoo jxl
gfv acoo acop qcz fbp cvx zhx
gfw acop acoo fto ptu
gfx acoo wid
gfy acop acoo emo jjw
gfz acop acoo gh acdb
gga acoo zed nfq hbu ccb
ggb acoo acop iiz
ggc acoo acop aoj
ggd aanl
gge kti zxj pxh
ggf acop acoq acoo pzm
ggg gmp
ggh acoo dlc cor (kvv dxz)
ggi acop acoo acoq eix
ggj nif
ggk acoo fb rqn gtv
ggl acop acoq acoo ts
ggm acoo mjg tjy ifb
ggn acoq acop acoo gpk xmw gmt
ggo xzx
ggp wff
ggq acoo hwo
ggr acoq acop acoo wts
ggs acoq acoo acop kzm ivx ec gbh
ggt acoo qnf
ggu acoq acoo acop rrb xas bev
ggv acoo qwu alh
ggw acoo ipd
ggx abat
ggy acop acoo acoq wgm mbo
ggz acop acoo vua
gha aaib
ghb jj
ghc acoo vjc
ghd acoo iry
ghe acoo acop abvk abyu
ghf acoo vrj abad
ghg acoo wfh wnc toq
ghh acoo acop qkf syz ljv
ghi syb icu
ghj acoo mko hcy iju mkb
ghk acoo acoq acop wuu
ghl mbb kfc
ghm acop acoo vpg avs udv
ghn acoo acop jzj
gho acop acoo gzl mqu buh wgv
ghp acop acoo nyg (erc aasm)
ghq acop acoo tbo
ghr acop acoo syx (aba wnv) ivz
ghs acoq acop acoo icb
ght mmo
ghu acoo acop obx
ghv gkn
ghw pna (ema azq acbu rkj)
ghx acoo acop cin
ghy mwb zcz
ghz acop acoo ykr
gia acoo acop acoq wwq
gib acoo bwm
gic acoo wjf
gid acoq acoo acop unf
gie acoo haj ned
gif acoo acop jpu cea
gig acoo acoq acop rai dxn
gih zgd ybg qns
gii acoo acop wto
gij acoo yxf
gik acoo acop ohf xo fys ext
gil acop acoq acoo cbt
gim acop acoq acoo absp
gin acop acoo acoq uwm
gio acop acoo ixb uob raq kve
gip acop acoo dmp
giq acop acoo aawg abxe rbk
gir acoo abgq hto csv
gis mnu
git acoo acop sxn uuv
giu acoo acap zki
giv acoo acop oxr nhf
giw acop acoo acoq vnq
gix acoo uno
giy von
giz acoo acop fcg uiy
gja nff
gjb acop acoo qll
gjc acoo vxu nag odf
gjd yag opc yec iaf
gje acoo acop uts
gjf acoo wed rfr
gjg acoo tpa
gjh acoq acop acoo zmh put hbg
gji ndq
gjj acop acoo fme cuk
gjk acoo acoq acop vpm
gjl acop acoo txp
gjm acoo xnk sxw lbo
gjn sn bjm aaen
gjo acbz
gjp rlj
gjq acop acoo acoq okq hui
gjr acop acoo rmo qxp kzd
gjs acoo nsv bmd xzt xqt mqj
gjt ntg spp
gju beq qrr kom
gjv acoo acop lly clo txu
gjw acop acoo kdb yah
gjx acoq acop acoo oex tdq
gjy aagr
gjz acoo acoq acop jsv uji
gka web
gkb acoq acop acoo hkm kxj myt ocz
gkc tbl
gkd mcz
gke acoo acop hkx rva
gkf acoo gvt
gkg acoo hyh
gkh ryf
gki acoq acoo acop hua zwe
gkj acoo cpw
gkk gtq jbz
gkl dcc bts zb
gkm acoo acop fox
gkn yfn hxj
gko acoo etw
gkp acoo acop jfw
gkq acoo mej
gkr acop acoo upd tut
gks acoo acop gzt
gkt acoo dki dxj ryr vmc
gku acoo acop acoq ohq
gkv acoo acoq acop gfq rja
gkw kiz
gkx acoq acoo acop evx
gky acoo acop ynr
gkz acoo acop fbr arn
gla acoo acar
glb tky qom haj
glc acoo acop cum gmq
gld acop acoo wat yfq qfs
gle acoo acoq acop xm yyl zlj
glf yj
glg gjl
glh acoo ggp
gli no (pwq zwd dit)
glj acoo rwv tlu
glk acoo acop acoq aep
gll acoq acoo acop sxd wdj
glm wti asw
gln acop acoo rhv
glo achv
glp acoo acop iok bay
glq acoo dwj
glr acoo acop acoq tyy eht
gls acop acoo acoq xpz abej ixd
glt acoo lsp
glu acoo acoq acop iha
glv syg
glw acoo imn
glx hxn
gly acoo vne tot ctu achu
glz xal
gma acoo yev
gmb aalw khp xvk
gmc acop acoq acoo zvx abdh kbw itw
gmd acoo yfc
gme acoq acop acoo stj
gmf qxv
gmg hks ipc hsi
gmh acoo fqu
gmi acop acoo vmy xoy nvj
gmj acoo acop oji
gmk acoo acop etd
gml fwm bth jsh uaq
gmm acoo svg
gmn acop acoo fxt prc
gmo acoo zok
gmp acoo cdx
gmq acoo acop ggc
gmr acoo hlw ish
gms acop acoq acoo bzg
gmt acoo acoq acop ew yqj wfn acge
gmu acoo acop zyr iqp
gmv acoo acop qek
gmw zgj
gmx acoo cwf
gmy xek xrs
gmz acop acoo acoq whu
gna acoo iap
gnb acoo rnv
gnc qse hii qrm qwt
gnd acop acoo lvv
gne acoq acoo acop iwv
gnf acoo acop aclz
gng acoo wdy
gnh acoo kva jfc ayq toc
gni acoo rhv bza olz
gnj acoo zpy xwh jvv rty
gnk acop acoq acoo zki
gnl acoo ackz
gnm acoo acop acoq nrk
gnn acop acoo ipm
gno acop acoo sha cir
gnp acoo jrg emq
gnq acoo acop zny
gnr njt
gns acop acoo aatl uuy iox
gnt acop acoo qgm
gnu acoq acoo acop vue
gnv znp
gnw acoo alg iul
gnx acoo gzz
gny acoo lnu
gnz acoo xvf
goa dax dex
gob acoo wmb
goc acop acoo acoq klo
god acoo slx
goe cnx
gof acoo mxc
gog acoo sms
goh acoq acop acoo eaz
goi acoq acoo acop kmx kow drf
goj kfc
gok acop acoq acoo en aef
gol acoo aaag
gom acoq acop acoo abyl prl kdy yso
gon npw aaih umq
goo tzq
gop acoo ptq anq jqi
goq acoo gjc
gor ksh oss blu
gos acop acoq acoo zdg umx
got acoo ctf
gou acoq acoo acop ejw
gov acoo idc
gow fjy yik xup
gox acop acoo zog
goy acop acoo utq
goz acoo acop acoq cab
gpa acoo acop acoq uqx ab aeb
gpb aci
gpc acop acoo ue
gpd acoo acop ve
gpe acop acoo qxd yow gpi wvo
gpf acoq acoo acop zps
gpg acop acoo nv gbl
gph acoq acop acoo mkb
gpi acoo acop yby
gpj acoo aaq yqz imf
gpk acop acoo wwc
gpl acoo cmf
gpm acoo acop qey vwb kfg tci
gpn acoo acop zuf bmw abz
gpo ppj
gpp zwi aagy eae aalo
gpq wrb (ml azr epf)
gpr acoo acop cit uwd cfw
gps acop acoo sc gfw
gpt acop acoo kvu yvg mte abai
gpu acoq acop acoo acnm dnu
gpv acoo ppe
gpw oxg
gpx acoo acop acoq bmd oxr
gpy acoo acop wvm kk mnx
gpz kpd
gqa acoq acoo acop bms wcl
gqb acoo acop rpb
gqc acoo acop efh
gqd acop acoo szm
gqe acoo eke
gqf acop acoo ofc
gqg acop acoq acoo pzx
gqh acoo vqh
gqi acop acoo acoq aayy
gqj acop acoo vkv
gqk acop acoq acoo cch abgg ltk abef
gql acop acoq acoo ect
gqm fts iqw
gqn acop acoo acoq gvw sts (akl hsc)
gqo acoq acoo acop aapv
gqp acoo aaec rhm jtt
gqq acoo acoq acop zoe
gqr acop acoo kff cmn jvw aaor
gqs kxb
gqt acoo acop hao
gqu acoo mjt mmo aats tjw rws
gqv acoo acoq acop aaxp
gqw acoo auy
gqx acoo ruz acbc tfx
gqy acoq acoo acop vvs abng
gqz acop acoo zbf
gra acoo acop ero
grb acoo acop acoq duu
grc acoo acop acoq vuk
grd acoo kao lhu qcj sof
gre acoo acop rbr
grf acop acoq acoo chd acmp ps
grg acoo jzw
grh acoo ftk
gri acoo hub mbj nxh
grj acop acoo nep
grk acoq acoo acop wey yiu
grl acoo tit
grm rgs
grn sjg
gro acoo acop acoq yuf iya vey
grp acoq acop acoo znm mzp acco
grq cjx gdq xql
grr acoq acop acoo whs mbh
grs acoo lhi ynn aaes wik
grt acoo acop acoq skk gfd gur
gru vvz
grv yul
grw acop acoo kze
grx acoo acop l pib hmr
gry acoo xmi qmv
grz dki
gsa acop acoo mrj
gsb yaf
gsc acoo acoq acop vev
gsd erl
gse cof
gsf acoo acop zny
gsg acop acoo aatz
gsh acop acoo kmc
gsi acoo hyf
gsj acoo fms
gsk acoo acop har dpq qkm
gsl acoo aajd (aasl tru rpu)
gsm xqw
gsn xvy mia
gso acoo zvq hjo ybg rkr
gsp acoo ze
gsq acoo acop dgx
gsr acoo acop gjn zut ykl
gss czu tsd sre
gst wzm mzj jre xw
gsu yqv
gsv acoo mvf
gsw kld
gsx xgs
gsy acoo acop vez
gsz acoo acop znj
gta acoo nif igp vyg ate
gtb acop acoq acoo bsx hqb srt
gtc acoo acoq acop mjg
gtd acoo zge nqe uvt
gte aod ztt pbc
gtf acoo acop mpb
gtg cbv
gth icv (dqx rto)
gti acoo acop aww
gtj chv omz
gtk acoq acoo acop gbk jwq (gll rjw)
gtl wqr
gtm acek hiv odc
gtn aafg zwb
gto idp cgr wgc ibv
gtp acop acoo np
gtq acop acoq acoo vun yny gpv
gtr tch ese yjc nnb
gts imq
gtt acoo acoq acop psj
gtu acop acoo jo aape fcv tso
gtv ifz
gtw acop acoq acoo yqu iah mui
gtx acoo acop acoq vtl wav orw abnk
gty acoo xpm vbb
gtz acop acoo egq
gua xup fot
gub acoo acoq acop gib
guc acoo hnw ezz
gud dse eth reh
gue acoo euh
guf ril
gug evl abin dcz
guh acoo zlp
gui acoo acoq acop aans
guj acoo acoq acop cts pky abzq xuq
guk acoq acop acoo ftz
gul mkh
gum acoo ybv ajp jiq
gun acoo byu bvg oot log aaso
guo nqq
gup abih
guq acoo lqr udw
gur sce
gus lji
gut acop acoq acoo wbg gju
guu acoo xps mth glp gjd
guv uju iar
guw acop acoo gxt uo ock sqp
gux acoo oaj
guy acoo acop xs
guz acop acoo dqm vnc
gva acop acoo acoq kug
gvb acop acoo ssj
gvc acoo pkr
gvd bip
gve acop acoq acoo un lps tvl ycy ajr
gvf acoo sqo
gvg acoo acop acoq gmh
gvh acop acoq acoo ufu uzv rbd jay
gvi acop acoo gis
gvj abud mxw
gvk acoo pcm kpd tzn
gvl acoo acop qfd
gvm acop acoo ofj
gvn acoo acop acoq xtq aaph
gvo acoo acll
gvp acoq acoo acop abmg
gvq acop acoo dov
gvr lrn
gvs acoo acop ymw
gvt kyt eqk
gvu ivm
gvv cpv zdf fag
gvw acoo acoq acop rwn
gvx acoo acop aabh dqn wqp
gvy acoo acop otb
gvz vpe
gwa acoo acop gki
gwb acoo acop acoq gfd
gwc acop acoo ipv gtr bvb fvu
gwd acoq acop acoo eaj
gwe acop acoo iin ohe khw
gwf acoq acoo acop lur
gwg acoo jut dgo
gwh acoo zxa ces
gwi acoo ygs lbw
gwj epw zzg mow
gwk acoo acop zbs csg
gwl acoq acop acoo bgg
gwm acoo dir
gwn acoq acop acoo pjh nuw
gwo zcq dyz wvt gsr
gwp acoo acop ogr
gwq wjk hpx (fxi wlx)
gwr acoo acop mbu gwf dyj
gws acoo acop zw xzz
gwt acoo acoq acop abym cyz
gwu acoo fmm dvh
gwv nov orm lol
gww acop acoo vcd
gwx acop acoq acoo evv
gwy acoo zsc
gwz acoo acop puf
gxa acop acoo hbs dth cmp mlq abcp
gxb acoq acop acoo hca pmo
gxc fyg
gxd acoo aald
gxe acoo acop ablu
gxf acop acoq acoo mno bxq xix
gxg acoo acop aor pus adk kwb ch
gxh acoo acoq acop nln ydw
gxi acoo knl
gxj ljz vl mne mge
gxk acop acoo wop
gxl qud
gxm kgb
gxn acop acoo acoq lua
gxo acoo mvf
gxp acoo acop acoq mjb
gxq acoo acop aagp aahp gog jns
gxr acop acoo dyq
gxs acoq acop acoo bvt lvz dsv inj
gxt acop acoq acoo adl
gxu rdd gyj
gxv acoo hxt rgw
gxw acoo mct
gxx hzz veu ona
gxy acoo abdf
gxz acoo pvi
gya acop acoo hi
gyb aawu
gyc acoo itl vag sze
gyd acoq acoo acop kmq
gye vnb
gyf yas
gyg acoo oka
gyh acoo acoq acop sbt fdi dcc sdk
gyi acoo acop rmt
gyj acop acoo hst
gyk ita rub
gyl vdk
gym qcr xoh my psr
gyn acoq acoo acop mxq
gyo acoo acop acoq fip
gyp acoo acop acoq nfv aclr
gyq acoo acoq acop l
gyr acop acoq acoo fbz rnx ejd
gys wku iqw
gyt pml
gyu acoo lfs
gyv acoo acop cyk
gyw acoo acoq acop oma
gyx acoo acoq acop ffm
gyy acoq acoo acop oeh (um bzi)
gyz pck
gza toy
gzb acop acoo acoq cpc
gzc acoo acoq acop qnw
gzd acoo acop acoq dqk
gze acoq acop acoo awb ulk aagx bzz
gzf acoq acop acoo kpm
gzg acoo acop acoq aarf yvn vmj
gzh acop acoo waw rs nqk exq
gzi acoq acop acoo aayq (uwt acic)
gzj acoo acop acoq zz zd aaab xfs
gzk acoo acop nwr kuc
gzl gaw gcv
gzm acoo bsm
gzn mlj fld
gzo acop acoo yeq
gzp jsr
gzq acoo gfr msc xrk abcv
gzr qud
gzs wgo
gzt fhd
gzu acop acoo eas yfw
gzv acoo em ybz
gzw acoo jam acil
gzx kxj
gzy acoo acoq acop jzk
gzz acop acoo kno ruy
haa acoo mot fah qaj
hab acop acoo psg
hac acop acoo pmt jcx eze oec
had acoo jb
hae acoo acop hfx sba llm
haf mvn
hag aaje uqg
hah acoo acoq acop als gcr pxa chp
hai feu wgt
haj acop acoo iut
hak acoo xgx
hal aux pqw
ham qzj
han acop acoo acoq uqn
hao ovl ztu cbx
hap acop acoo mjk frd acfq
haq acoo pjx aki owj
har acop acoq acoo zwu llm
has acoo qzl abxu bly
hat acoo acop ujh bwi mkw
hau acop acoq acoo rpj f ljy mbg
hav dxm
haw acoq acop acoo kse
hax vcg (dps aafs yod zrf)
hay acoo acop wgq zfj acfd oxa vcg
haz acoo acop eze
hba acoo acop has
hbb acoq acoo acop yrz
hbc acoo phg gwd
hbd acoo acop accq
hbe acoq acoo acop atv jh ows
hbf acoq acoo acop spe
hbg acop acoo apt iea hrv oqz
hbh acoo acop yev hjj knh awa
hbi acop acoo abx
hbj zgq abwa
hbk acop acoo acoq rwt axp
hbl pao wfn kmn
hbm acop acoo ier yoc
hbn acop acoo ojd
hbo acop acoo owi hxd
hbp acoo rui zsk
hbq acoq acoo acop jsv
hbr acoo gcj vyg acas
hbs acoq acoo acop sgg mxc
hbt acoo yac
hbu xpi zmt xnn
hbv acoo acop ona zgf pjt
hbw acoo abso hgp
hbx acoo qde
hby xg hzv
hbz dza
hca acop acoo cyh ouv idy
hcb byc vp aaso yx
hcc acop acoo dkd
hcd acoq acop acoo rqf
hce acoq acop acoo qx
hcf mbk
hcg ryd
hch acop acoo qtc
hci acoo uyc kqo (acar pki)
hcj acop acoo vxu
hck acoo xwn twv cig alt
hcl acoo dci uel
hcm acop acoo acdg
hcn acop acoo bzk va acbk mva
hco qvc
hcp acop acoo oif
hcq acop acoo cpy aaab jhu ipy mjl
hcr acoq acop acoo obk
hcs acoo acop acls gre
hct acoo acoq acop anh jwe
hcu acoo nro
hcv acoo svq
hcw acoo acop dax cmb
hcx acoo enw acc zrn
hcy acop acoo fmc xus nka szb htf
hcz acoo acop hhf
hda acoo acop rnb
hdb acop acoo nkx
hdc acoo acop kdj fcv
hdd acoo acop hfy
hde slg
hdf acop acoo npd
hdg acoo llh gxh qdv
hdh acoo acop zeu
hdi acoo chn gya ejz aaqi
hdj idj vok aaks
hdk acoq acop acoo huv
hdl acoo xmr pgb vwh
hdm acop acoo ewk
hdn acop acoo gpg
hdo acoq acop acoo dyk
hdp acop acoo fym kfu qvn
hdq acoo acop acoq gpe
hdr acoq acop acoo hlc abtx aayc
hds acop acoq acoo urn evg
hdt acop acoo iil abfu
hdu acoq acoo acop xyl rcy
hdv acop acoo acoq wdu
hdw abum pfd
hdx acoo hwb
hdy acoq acoo acop thj
hdz acop acoo fab
hea acop acoq acoo tae
heb acoq acoo acop opq
hec acop acoo acoq nw
hed acoq acop acoo ink
hee acop acoo zpg fkz
hef acoo dne
heg acoo yue
heh acoo dhg
hei acoo abcu
hej acop acoo acoq nyl
hek acop acoo jfg
hel acoo pae
hem acop acoo drh
hen acoo acop awn wjg
heo lln jxw
hep tvr
heq acoq acop acoo xao
her acop acoo acoq accr aamr vsl aacm
hes qng
het acoo fht
heu acoo acop ufn
hev acoo ox
hew ims
hex acoq acop acoo yny csu
hey acoo qcz
hez acop acoq acoo oav
hfa acoo pjy rqa
hfb acop acoq acoo asy
hfc acoo ewo dif rvh
hfd acop acoo pbm
hfe xla
hff xsu
hfg acoq acoo acop emz
hfh acoq acoo acop xgu bcf meu
hfi acoo acoq acop rhi
hfj acop acoo acoq rzr
hfk xuv ylg
hfl acoo yrm xqw uil
hfm acoq acoo acop adz
hfn acoo rax ehi
hfo acoo acop sqn
hfp acoo acop cwx
hfq nih jhf fm
hfr ecz zwn
hfs acoo acop ddk obr wpw
hft acoo acoq acop dda ybt lcb
hfu acoo lfz
hfv acoo acop eva qxr vls
hfw acoo hce
hfx acoq acop acoo btn qlz zib
hfy acoo acoq acop abjd
hfz acoo yml
hga acoq acoo acop wdd
hgb kpn
hgc acoo haw
hgd yjc
hge acop acoo fbr
hgf acop acoo aaph
hgg yqv ayu
hgh acop acoq acoo mqy
hgi acop acoo kwx izp wou
hgj zev
hgk acoo acoq acop rob
hgl acop acoo qna
hgm acoo acop acoq ped (elv aaip hok)
hgn acop acoq acoo ibr
hgo mwn
hgp acoo acop cqe
hgq acoo vzh
hgr acoo acoo
hgs acop acoq acoo rgh cmy
hgt acoo acop gas
hgu acoo acop ooy ac wnc
hgv qpn
hgw ova
hgx acoo acoq acop mxu
hgy ihs
hgz acop acoo lbu knb ler kkt
hha acoo acoq acop onh
hhb ssx vrq
hhc acoo acop jew
hhd uec
hhe acoo acop dkc
hhf acoq acop acoo nnm
hhg bsp wjz ugq
hhh acop acoq acoo rko ciw
hhi neb agg kxv
hhj acoq acoo acop lxq nin
hhk acoo iml
hhl acop acoo gsu
hhm acoo acop dlk (nvh wbn)
hhn wsp
hho acoo nid (tom vuu)
hhp acha
hhq acoq acoo acop hmf skk kpd xei
hhr acoq acoo acop ntr
hhs acoo acop acoq pin jqu blj aaov
hht hon buf kid
hhu acoq acoo acop vvk
hhv acoo gad nbs
hhw acoo akd
hhx acoo acoq acop atk
hhy acoq acoo acop aaih
hhz sgk
hia acoo acop dou
hib acoo acop cdn cmc
hic acop acoo vhx
hid xle
hie acop acoq acoo aqz
hif acoo acop rub
hig ksr
hih niw
hii acoo aanj
hij acop acoo acfv tkj dkg
hik acoo acop xbq
hil acoq acoo acop imf
him laf jiv hzk
hin acoo acop ufa uin rbb
hio uzx
hip acoo acop nlp
hiq vbn
hir acoo jmq
his acoo oex
hit acop acoo acoq kfc
hiu acop acoo acoq csd ubf
hiv fna
hiw xgf kxs
hix xqi
hiy acoo acoq acop hsn
hiz acoo avo hzh hko lzu
hja ykn aaqb wa uxg
hjb acoq acop acoo ifq (ocy yhg krp)
hjc acoq acop acoo tji
hjd acoq acop acoo xnk nsv
hje acoo pje
hjf acoq acoo acop anm bcu jen eik
hjg idb
hjh tzz
hji bzs hvg
hjj acoo acop rjd dpe
hjk acoo acop acoq veq
hjl hl
hjm wbo
hjn acoo dga rg
hjo acoo abvs
hjp acoo ckx
hjq mbi
hjr acoq acoo acop bnj pq abnv
hjs acoo acop sqq
hjt dkd
hju acoo orp kbk ggt
hjv acoo acop pff hgz rxx
hjw acoo xjr stb aio
hjx acoo xrh
hjy acoq acop acoo uwz aaqq
hjz acoo xpv
hka acoo mdm lwy ski
hkb acop acoq acoo absf
hkc acoq acop acoo abpj
hkd eok
hke acoq acop acoo vzd
hkf acoq acop acoo aaqv (ffl acjt)
hkg acoo rhd
hkh gta dnp mni
hki acoo acop mki uym mka
hkj xyr
hkk pue
hkl acoo acop tbl wsv
hkm acop acoo acoq cqs
hkn acop acoo acoq qda
hko acoo tyx
hkp acoo yon
hkq acop acoo cjh
hkr acoq acop acoo uxu ics
hks acoo acop tbz
hkt acop acoq acoo kfa
hku acoq acoo acop qqf wor ktc
hkv acop acoo boe aajd
hkw acoo uvj kwg
hkx acop acoo owx aty sjh
hky acoo onj
hkz acoo bmq
hla acoq acop acoo agp eth
hlb raj (ath vfy)
hlc acoo dql iko aaxh vd
hld kxt
hle acoq acop acoo kxt vds lut xxl
hlf acoo mja omz
hlg acop acoo acoq abvh sem
hlh acoo acop acoq orv msp aayr
hli fm
hlj acoo ocy goz
hlk acoo ekc
hll acoq acop acoo ctp
hlm acoo abbt
hln abbd
hlo pjg
hlp acop acoq acoo bpt
hlq acop acoo nbf yev
hlr acoo dia
hls acoo acop kzb abmj abex feb
hlt dvx fqg uqn kwe rxn
hlu itw
hlv acoo acoq acop rih
hlw rlf
hlx acoo acop acoq jsg
hly acop acoo sua
hlz eyt
hma acoo hat
hmb acoo acop qg fzd
hmc acop acoo acoq zcv
hmd lci ual gro
hme ruu bqu
hmf acop acoo ibt
hmg acoo mcg
hmh acoo mfg
hmi acoo hbb
hmj acop acoq acoo cjn tjg
hmk acop acoo dim
hml acop acoo gsd thp
hmm acoo dcn rty
hmn acop acoo fyr
hmo acop acoo lwj
hmp stc
hmq acoo uau
hmr acop acoo lux
hms ljc
hmt acop acoo lyw
hmu rwv
hmv acop acoq acoo zyp buv
hmw acop acoo dug blk
hmx acgj
hmy acoo acoq acop ttq
hmz acoo wxi vws pxi tns cbr
hna acop acoq acoo zbp itg
hnb acop acoo sb alk suq kkt mwk
hnc acoo cql fea vcf
hnd xcr aabg
hne acoo wlj
hnf acoo is uya xpo
hng acoo acop kqj
hnh acoo qkn yfb
hni acoo acoq acop sqg bpv (wdy jds)
hnj acoq acoo acop bt
hnk acoo acop zh
hnl ymc
hnm acoq acop acoo ipr vrh hst
hnn acop acoq acoo szh ix
hno ipv
hnp acoo lod
hnq acoo ywq
hnr acoo acop djy mva
hns acoo acop mmo
hnt acoo unl
hnu acoo bpf
hnv acop acoo scp
hnw dod jhj
hnx acoo kzb
hny bqy
hnz esf iyf xrk
hoa hom sag aaph
hob acoo acop acoq zmn
hoc acop acoq acoo ose wov qrm uzh
hod acop acoo jb
hoe acop acoq acoo fsi
hof acoo elt
hog aaiv jju osp
hoh acop acoo rli sjn ojc ohj
hoi nim irz
hoj acop acoq acoo rxk
hok acoo acop acoq vni vry lgi
hol abdk zsh
hom acoo yzs
hon acoo drm qvp
hoo acoo acoq acop sct
hop acop acoo lwp
hoq acoo acop nyn
hor acoo ugx
hos acoo acop psn
hot acoo acoq acop jfh
hou acoo acop wn aap kkt
hov acop acoo vbh ocd psk
how acoq acop acoo smv
hox acoo ijj vys
hoy acop acoo rkd (bzo izc) ueg
hoz acop acoo qem
hpa acoo uil
hpb acop acoo bew dkd
hpc acop acoo acoq vwj zwu
hpd vuy
hpe fqm
hpf acoo fua pns alt ju
hpg acoo acoq acop rha
hph acoo ifo bti
hpi acop acoo ajx mmv brv
hpj acop acoo jps pdb (wpc dio kix)
hpk hwp
hpl acoo acoq acop pdp
hpm acop acoo fiz csq kfk
hpn acoo tay
hpo wak czb
hpp acoo kat xeh
hpq acoo aasi
hpr acoo tis kmp
hps acoo wbj sty
hpt acop acoq acoo wjy
hpu acop acoo acoq wdf ual qzz
hpv acop acoo syh bfm
hpw acer
hpx acoo uuj shv
hpy acop acoo bnp abhg fvm xrg aasi
hpz acop acoq acoo gkp xir
hqa acop acoo mmo
hqb acoo acoq acop blz rvr (aan wez)
hqc acop acoq acoo imp
hqd acoo acoq acop lwz
hqe are
hqf acop acoo acoq ria ins nox hey
hqg acop acoo jdq
hqh acop acoo abdm
hqi acoo acop tuc hwa bey zoh
hqj acoo xo
hqk acop acoo acoq sup fpr
hql acop acoo acoq wen
hqm acoo clx
hqn acoo sck ccp bfm
hqo pkf
hqp prb
hqq acoq acoo acop tkn
hqr acoo avh
hqs ghr omw aakm sma
hqt acoo acop ami hrp qdw sjk
hqu acop acoo acoq vqn lwg (zxk abvm)
hqv acop acoo nar
hqw acop acoo rqa acjp eev kaq
hqx vhn
hqy acop acoo ump huc tzq abwl
hqz aami
hra bvu
hrb acoo oys
hrc acoo itz
hrd acop acoo vld
hre acoo ipz
hrf acoo acop leb
hrg acoo acop jil yww ygs nvf
hrh acoq acoo acop nma
hri tea
hrj acoo dpr oaq aaep
hrk acoo wuj
hrl acoo ust
hrm acop acoo mgj
hrn acop acoo tlw
hro acoo acop grt
hrp acoq acop acoo hfz
hrq acoq acop acoo jzq
hrr acoq acop acoo eqa bmh
hrs acoo acop sle
hrt vpq
hru acop acoq acoo smh
hrv acoq acoo acop hqj
hrw acop acoq acoo eqi zmy tvs zqi
hrx acoo yrr unt
hry acoo acop vsh aaya zyh jlb mgk
hrz acoo acop ksj
hsa acoo tpk fex gvl (gxu oeb)
hsb rtc mlo svf chq
hsc acop acoo lwj
hsd acoo jwx
hse acop acoo tto
hsf acoq acop acoo ssd vqv
hsg ani
hsh acoo acoq acop zrr bkr
hsi xfm
hsj acoo yap wrc
hsk auw
hsl acoo acop cqs nry anz
hsm acoo acop acoq riq
hsn acoo ev eqo ndg
hso acoo acop pup aaay
hsp acop acoq acoo yyi
hsq aank
hsr acoo uxq fpn tvg tyx fbk
hss xy
hst acoq acoo acop fam
hsu mqe trm
hsv rjy uoz feg iai
hsw acoo acoq acop gds jwq oim
hsx acoo acop acoq mxb yfu
hsy acoo zfw
hsz chn
hta acoo urj
htb acop acoq acoo cqy uol accy bxz tyq
htc pkn
htd acop acoo zpt ld kpr iis
hte acoo fgw rbh
htf acoo acop acnq
htg acoo acoq acop fdz
hth aapv
hti acop acoq acoo smd
htj acoo wuv
htk acoo zbg lpn (iuk hsr)
htl eyx
htm acop acoo lqn mbg
htn acoo pqe rgp acal
hto vhg
htp acoq acop acoo lei
htq acoq acop acoo azm zjv
htr ess ewi
hts fse
htt acoo bts lab aayl lvm
htu eji
htv abxi
htw das
htx acoo acop pj
hty acop acoo acoq aew
htz acoo acoo
hua acoo ipf whs
hub acoo acop ejm qvg avw nqw
huc acoo fzu
hud pfn abxj
hue xtn
huf keu fcc inb hzy
hug aatb
huh cgs lxr
hui acoo rpg qlr kwc
huj acop acoo heb
huk wtc
hul acoo acop ffh
hum acop acoq acoo btn
hun gov rcd
huo acoo acoq acop mjw
hup acoo tlp
huq acoo acop jgn
hur acop acoo geo bpe
hus acop acoo dls
hut hdg
huu acoo utf
huv acop acoq acoo aclm nja
huw ghg
hux acoo acoq acop dcs wdl
huy acho
huz acop acoo acoq dzd
hva acoo tlm abhk
hvb gzk aare
hvc acoo wef lvn
hvd acoo acop xoy ghk
hve acoo nww
hvf lbq
hvg acop acoo itb
hvh nrj
hvi krs
hvj acoo bwt
hvk acoo acop acoq qun ciw abbx abef
hvl acoo abkw
hvm acoo des
hvn acoo ihm
hvo acoo gwy
hvp acop acoo bbu
hvq acoq acop acoo eos nxk
hvr acop acoo grc
hvs acop acoo acoq abgl
hvt acoo acop pk
hvu acoo wut ydj
hvv pmj xfm
hvw acop acoo wip
hvx acoo acop tek
hvy acoq acop acoo abac mnx yp
hvz acoo by
hwa acop acoo paw
hwb rgz (kdv vq mrk uet)
hwc acoo achh
hwd acoo acop xuw
hwe sxs zxe rrx kwe
hwf acoo acoq acop asn
hwg anu rzu
hwh acoo acop nec aer flz yai
hwi acoo pet fgo bn
hwj acop acoo fxw
hwk acoo acop acoq axb kzn (dak euc)
hwl acoo dlh iev
hwm acoo acop uy
hwn acoo acop ues qnh
hwo acoo ojn
hwp acop acoo acoq jzq
hwq acoo acop acoq fdz
hwr acoo zau igs
hws acop acoo ire xzd
hwt acoo kgt
hwu acop acoo gmq
hwv acoo iuk
hww lur
hwx acop acoo riy
hwy acoo rh ulk
hwz upo
hxa acoo acoq acop faa sng
hxb dem ksz
hxc acop acoo b
hxd acoo acop aay gwu
hxe acop acoo jjk ukb vey mzd
hxf acoo acop acoq xqt abch uss say ygl
hxg hha
hxh acoo acop byn
hxi acop acoo abis
hxj acoo acop nmd
hxk acoq acop acoo ewc qjo oya
hxl ojd
hxm eus pqs
hxn acoo acop ctt
hxo acoo acoq acop omb
hxp acoo acop okj wfq
hxq acoo aadw
hxr kjl
hxs tbw jlp fch cpj gkp
hxt acoo acop inu
hxu acoo gmq wlj mro mkt eaa
hxv acoo acoq acop aclf fju aep pay
hxw acoo ua
hxx acoo gbn ywj abwx
hxy acop acoq acoo uqq (kql wk srw)
hxz acop acoq acoo acjq
hya acoo acop kmh
hyb acoo acoq acop ajf
hyc acop acoo quc
hyd acoo gff
hye ljl qva jje
hyf acop acoo isx bnk
hyg cxx
hyh acoo acop acoq aclx ili ypk dx
hyi acoo acop acoq uxh
hyj acoo acop yv hol hww otm
hyk acoo eke
hyl evc
hym xnu fnz yys
hyn cgu
hyo acoq acop acoo lox tkd
hyp abpo
hyq acop acoo cud
hyr acoo poz abpf
hys acoo qho
hyt acoo uez nbc ali ill
hyu acop acoo aacy
hyv kdh
hyw acoo acop xxd
hyx cen
hyy acoo acop mhe
hyz acop acoo zlb
hza acoo acop udl vfi xh zjn
hzb acoo acop acoq pqu
hzc acop acoo kxs ule
hzd ihm tgq abed xrb
hze acop acoo acoq azt hil orl
hzf aaaw alp hog wbw
hzg acoo ahg
hzh acoq acoo acop xaj
hzi acoo acop acoq bhb aiu
hzj ha
hzk acoq acoo acop myu gbd
hzl oyo
hzm iwt
hzn acop acoq acoo gwi
hzo acoq acoo acop yyd (ria ozv)
hzp acoo dcy bak
hzq omm osn cwo mnh
hzr acoo acop dan
hzs acop acoo acoq ptj
hzt acoo acoq acop gey
hzu acoo gaz
hzv acoq acoo acop abyj ymz
hzw wiq
hzx njj usq
hzy zps fmx ljq vor
hzz acop acoq acoo aqk ejf
iaa acoo pvf
iab acop acoo qfc nqm
iac acop acoq acoo mps whc
iad djk
iae gep afq
iaf acop acoo ibh qoj
iag acoq acoo acop vzu
iah acoq acoo acop ada gcr
iai acoo acop acoq vqq
iaj acoq acop acoo wie
iak uqy
ial acoo abnn xjt lvx
iam acoo shl
ian acoo acoq acop smy
iao acoq acoo acop svn xdl
iap ldv
iaq ldk
iar eqk kva
ias fb
iat acoq acop acoo dvk
iau uhw nlx
iav acoo wvz
iaw acop acoq acoo qwe
iax acoo esq yww aadg oxv rsg
iay acoq acop acoo fvl
iaz acoo zjc
iba acoo elr
ibb acoo acop acoq dkd vtl vpr
ibc acop acoq acoo gye udf
ibd acoo acop aaei
ibe acop acoo yjn for wrv
ibf acop acoo asx
ibg acop acoo cfq xbh
ibh acoo acoq acop aali qey
ibi acoo ozh
ibj acoo acoq acop ldo
ibk acoo eih
ibl vth tvw
ibm uzu
ibn acoo zmf ztx
ibo acop acoo vue
ibp acoq acop acoo cqr
ibq acoo acop acoq bwh
ibr acoo absm amy
ibs acoo acoq acop uvs
ibt acoo acop acoq ufq
ibu acoq acoo acop plj qpa hcd
ibv eeb mtq ckx
ibw acop acoq acoo aarn
ibx bsf
iby acoq acop acoo izq
ibz acoo okr cuy
ica wzj bco
icb acoo acoq acop ljt yrr mvn slb
icc ly akq
icd acop acoo mxb bfp cqh
ice mup fyk lxm
icf acoo acop eii
icg acoo wpi
ich acoo acop wsx ihn
ici acop acoo udw wrx eva
icj acoo acop acoq wsr ww (ibs ttg)
ick acop acoo cdf odq nob aanu
icl aix bac
icm vdr csf abkj
icn acop acoo acoq vsb
ico acop acoo acoq tdu
icp acop acoo lee
icq acik
icr acoo acoq acop acgs
ics acop acoo rgb hwk
ict aclx ghp scw abfc
icu acoo dqo
icv acop acoo seu
icw acop acoo vwz qtj
icx amv ib lrl
icy acoo bk
icz acoq acoo acop yuu
ida acoo mlo
idb acoo cxr ihj
idc acoo aarf gid npf
idd acoo acop aayi
ide acoo abjg
idf acop acoo abuz hmf bll nvv chg
idg gcz
idh acop acoq acoo myf
idi pou
idj acop acoo rhn rbm
idk acoq acoo acop ah
idl acoo trz ncu
idm acoo hzn
idn acoo yva
ido czw jwg
idp ts
idq acop acoq acoo utc abbt fhq hae
idr acop acoo lgr
ids lpa
idt hgo ucg
idu acoo acop acoq win
idv acop acoo yhd nab msx
idw acoo acoq acop zhw
idx acoo dyt abjy
idy acoo xgg
idz acoo acop krb tth
iea acoq acoo acop rmj
ieb peh gwy cie
iec acop acoo acoq fxf fuo
ied acoo acoq acop aapi
iee acoo aiv
ief acop acoo acoq god qrh azt je
ieg pfv
ieh acop acoo vyx
iei acoo acop ev
iej acop acoo hqc iri
iek jux
iel acoo acop nyp lym
iem acop acoo ipu
ien aau
ieo acop acoo jkd
iep acop acoo dii
ieq acoo acop zuk byn
ier jmn ler org
ies acop acoq acoo abcr
iet acoq acop acoo uhc
ieu ww iat dvb uxw
iev acoo abiy
iew acoo gfk
iex acoo mnq
iey mua
iez acoq acop acoo zal vnl pcr
ifa zit oxg ykf
ifb doa
ifc acop acoo biy
ifd wag
ife acoo str
iff acoo acoq acop dqq
ifg zxa
ifh acoo acop ajf hlw nej wsc
ifi jrr
ifj acop acoo dcc
ifk acoq acop acoo bqg
ifl acoo acop nbg zyv
ifm acop acoo acoq jad tji dke uhe aapk
ifn acoq acop acoo azg zkf ane
ifo acoo mmn
ifp fny
ifq acoo tsq
ifr acop acoo acoq tjh
ifs acoo acop acoq eiu
ift acop acoo xov
ifu acoo wzw
ifv acoo acop qvu
ifw acoo ias aer gsx huh
ifx acoq acoo acop irb rep
ify acoo acop acet hst mqm
ifz acoq acop acoo aajk leg acdb gun
iga acoo djs
igb acoq acop acoo rvr abuu
igc tga
igd acoo ilh
ige acoo hro rtg slr
igf acoo acop uhs
igg vxi
igh acoo hv svx
igi acoo dte cbl uhd
igj acoo acoq acop jxy dlx acmw oac
igk acoo acop acoq mex
igl fae
igm acoo acop ahg faq ode
ign uug
igo acoo kpw
igp acoo aamf (vea ufg wgk)
igq acoq acop acoo hrh
igr acop acoo inv
igs acoo srh bzk
igt bom opo
igu ucj
igv acop acoq acoo qzc agi acdr
igw acoq acop acoo izh
igx acop acoo mbb wyb
igy acoo acop acoq chw
igz acoo acop aagq ymt
iha ackf qja
ihb acop acoo rvp iym acgi bom
ihc pse zc
ihd acoq acop acoo zqm
ihe bll ium
ihf acoo bip qdl
ihg gkr
ihh cpi hgl
ihi acoo acop acoq ktb dbx
ihj owr guk hfn
ihk acoo fkl
ihl acop acoo szk
ihm dhw
ihn acop acoo tyd
iho abnq
ihp acoo wxk ydk
ihq acoo bjd rfi hpx xla
ihr acoq acoo acop acjo mah vkh
ihs acop acoo acoq khg xff tnt izl tra
iht rlx vnt yj
ihu acop acoo wws
ihv acop acoo acoq mjr zqz hzc wap
ihw hcb
ihx acop acoq acoo abun
ihy acop acoq acoo cmj
ihz acop acoo usq aagg
iia acop acoo acoq sby
iib acoo pbr
iic acoo acop obp
iid acop acoq acoo aauj iu xqh
iie acoq acoo acop obe ulo
iif acoq acop acoo siu mxw
iig ayi bnm
iih acoo acop iue
iii acoo abss jpi
iij acoo mwa ntw klt mxa
iik xmy zps vpy hxl
iil rbr
iim mdg
iin acoo idj
iio acoo cex svk bhd hsy
iip acoo vlr aasb igd
iiq acoo nrm
iir rop
iis clo
iit yak yas xdq ysi tvs
iiu acoq acop acoo fct
iiv aauc
iiw acoo acoq acop aaao qtc
iix acoq acoo acop ojr xew
iiy oko
iiz acop acoo vjh
ija acop acoo kxf ise
ijb kwh sle
ijc waz uzo
ijd bzx ddf tzf
ije acop acoo mia
ijf ryk paj afk
ijg acop acoo igo
ijh acoo acop eug
iji xzo ldg kbw
ijj zms fag dw
ijk acoq acoo acop fau
ijl acoq acop acoo kig bwl
ijm acoo acop isj
ijn jbq (dsl tsc) erg
ijo acoo acop kda yql glb xnn abwn
ijp abea zcm dts yqm
ijq acop acoq acoo qb
ijr acop acoo wyc kaq ipe cae
ijs acop acoo ogw acp cdg
ijt acoo rpk nha acba vkt vi
iju acoo vgb jul hiq
ijv acoq acop acoo zme
ijw sbg
ijx slz
ijy acoo acop ihs pne
ijz acoo zln
ika acoo biw
ikb qzj
ikc acoo acop snb
ikd acoo acop acoq ktj gtl ado
ike acop acoo eaj
ikf acop acoo jgd sqr uwu
ikg acoo dvz
ikh cil
iki axp
ikj acoq acop acoo ksk
ikk rdi mfp
ikl acoq acoo acop aapj
ikm acop acoq acoo qjb
ikn acoo nwb ryx qzq
iko acoo yhk fhm exl
ikp acop acoq acoo obb
ikq dzh kt abns unx
ikr acoo vxu
iks apm
ikt acoo acop uix
iku acop acoo rqv iwh
ikv acop acoo gfn
ikw acop acoq acoo dgy zhr jdr
ikx hia
iky acop acoo acoq lry
ikz acoo acop xtk
ila acoo kdy
ilb acoo aafl
ilc acoo gn sev
ild acoq acop acoo bgn
ile acop acoo vgw sme
ilf bma nxm qcq zoe
ilg acoo xkc loo lua nub
ilh acoo acop acoq vgv
ili wma uez
ilj acoo ujy vut
ilk acoq acoo acop dph
ill acoo dfc
ilm acop acoo coz
iln acoo sbg
ilo acoo acop pll aavo bzq jdx
ilp acoq acop acoo acnc
ilq acop acoo acoq zve kri
ilr acoo gxa fac
ils ufm
ilt acoo rzy
ilu acoq acoo acop qqi acbr cmc aabw
ilv acoq acoo acop abb ary izq
ilw xdc abaq yfc
ilx acoq acoo acop nyd ovb xvx (rwx rri)
ily ykm gho
ilz acop acoo aeq kuz
ima acoq acop acoo pda yxb
imb vmp fnw pic nwc zrc
imc odp
imd knh
ime acoo ljq
imf acop acoo acoq fyd
img acop acoq acoo tvx
imh acoo acoq acop xfk
imi acoo psa
imj acoo acoq acop ymx mez
imk acop acoo lvu
iml acoo cjg
imm acop acoo acoq orb qei gkv sp
imn jvf lnr rmk wha
imo fam aaly
imp acoq acoo acop ysg ete ayx zuu ceg
imq acoo acop cqo
imr gpc
ims acoo dh
imt acop acoq acoo hpk kzi xfk
imu acop acoo ver egh spr
imv acoo acop ocs aji clb ojb
imw kwj cor
imx acoo acop xln odt ljp eae
imy zvx
imz acoo ey
ina acop acoo ymr
inb acop acoo dul rqd
inc acop acoo gce
ind acoo acop egz
ine acoo esd ibo
inf acoo acop crm flo scr
ing hcp
inh acoo ujl
ini acoo tgw
inj acoq acop acoo mfl
ink lbj qlf
inl acoo hib
inm pwx
inn acoo acop ttl
ino acoq acoo acop wj nyb
inp acoq acop acoo acdk
inq acoq acop acoo rxn
inr acoo zik
ins acoo pgz
int acoo vvf
inu cwq
inv acop acoo rrv
inw acop acoo tzh laa
inx acop acoo acoq pfj qxb vjq
iny acoo acop acoq dgt yah muv ftv
inz acoo acop nmo dwm rhp dbh iop
ioa acoo cpe
iob nj
ioc ncw htg accn dca now
iod wwr voz
ioe acoq acop acoo bqz
iof acoo wzp
iog acoq acop acoo xsb
ioh acoo aakc luk oiz
ioi cjt umk
ioj stj aaom aya
iok acoo ggj
iol acoo acop acoq bkk
iom acoo acop acoq seg
ion pod
ioo acop acoo pky ehj
iop acop acoo ax
ioq acoo acop acoq uyz
ior cuy
ios acoo acop qca
iot gpt aqo
iou jsx
iov acoq acop acoo joz
iow acop acoq acoo rg aed
iox acop acoo acoq vve
ioy acop acoo acoq hfx
ioz cib orb
ipa acoo acop wig
ipb acoo qhx
ipc acop acoq acoo zxk xtw (usv kvv)
ipd acop acoo cde
ipe yxx
ipf acoo eir ntq
ipg acoo abmo
iph acoo vor
ipi acoo cev eve rhy dqu
ipj acoq acoo acop mvs
ipk acoo aol ayt daz fdh yjz
ipl acoq acop acoo mpw
ipm acop acoo iyy xsx
ipn acoo hx udb
ipo acoo acoq acop xhk gsi kvq
ipp acop acoo sda dis xsc
ipq acoo acoq acop aaqr fnp snn rld
ipr kdk syv enj
ips acop acoo gpl
ipt aadi
ipu acoq acop acoo eax ofn
ipv acop acoq acoo jmy ioz nqi
ipw acop acoo ahu
ipx acop acoo acop
ipy acop acoo acoq tqx
ipz acoo kya vdx uvd avr
iqa acop acoo acoq vlc
iqb acoo acop iwr qsy
iqc xml yae bls
iqd acoo acop acoq mjz
iqe acoo abhx
iqf cwt
iqg acop acoo uqo ouk
iqh acoo aamy
iqi acoo acop luo xrt yhw mge
iqj acoo taf
iqk acop acoo acoq cxf
iql jga plv
iqm acoq acop acoo acnk
iqn acop acoq acoo szh zao
iqo acop acoo cod
iqp acop acoq acoo eln gvg
iqq wyj
iqr acoo ylr aajp ppx
iqs pzd hvf ore rjr
iqt accr umg aab
iqu yix
iqv acop acoq acoo zkf iht
iqw tsk zya dlu bla
iqx acoo xpv nxe kjc
iqy acoo acop tvv fp qzq
iqz acop acoq acoo bor
ira kjo
irb acoo zbn
irc acoo acop acoq rhr
ird acop acoo aajt
ire acoo hsm
irf acoo acoq acop hgs gus
irg alt fek
irh acop acoq acoo aafe isn igb xlg aor
iri acop acoq acoo nhz
irj acop acoo acoq scs
irk acop acoo moi
irl acoo eyn
irm acoo gti
irn acoo acop acoq ico
iro orm
irp acoq acop acoo feb
irq acoq acoo acop hho ppa
irr acoo phk
irs acop acoq acoo abkz wti
irt acoo acop lmp
iru pxi
irv dhy pjq
irw acop acoq acoo wsy xpm
irx acoq acop acoo qzl
iry geg
irz idb nrp
isa acop acoo xzh
isb acoo acop acoq abfd jdo
isc acop acoo er vfz
isd acop acoo acoq oop egf
ise acop acoo awh
isf acoo acop acoq ctm
isg diq
ish acop acoo acoq fyh
isi acoo bxi
isj acoo nmp
isk acoo acop lxh zmz (aatu oau) zxx
isl acop acoq acoo huu
ism tfp bfi vrb
isn acop acoo gvv pbw
iso acop acoo ujr
isp acoq acop acoo jbj (iyz acfu tjz tmj)
isq acoo xim sky
isr acoo acoq acop asm
iss acoo lja qhm kfv ezh
ist yny
isu pae vlz ytm atw
isv acoq acoo acop qu
isw olw
isx acop acoo gwc pit
isy acoo mtn
isz yaf
ita acoq acoo acop wxf ulk
itb acop acoq acoo aaod hwo
itc acop acoo ehv
itd acoo acop xeh
ite acoo zqe
itf knf umy njq
itg acoo acop acoq yep qti
ith nuh
iti acop acoq acoo wzq
itj rea uni mqt
itk acoo acoq acop rvc
itl acoo mpo qzw sir tnk
itm acoo acoq acop hia
itn acoo uob wlv jcs
ito acop acoo acoq kzm wba
itp cin
itq acoo tkj
itr acoo crx hcc ron
its acoo acop acoq aazf ogq dyd
itt acoo acop drz ldc
itu acoq acop acoo pqa obr abgm
itv acop acoo skr
itw acoo acoq acop zec
itx acoq acop acoo rkj lgd
ity bqc
itz acop acoq acoo ggq
iua acoo acop coc
iub acop acoo awd ida yiz qwe
iuc acop acoo acoq bct
iud acoo utu (grc nbe ayb)
iue acoq acop acoo mhp nnh xpg hgk
iuf lx abss eau yxx
iug gup ygn
iuh acoo acop adx
iui acoo acop acoq lzv
iuj acoo unp
iuk acoo acop acoq vrm
iul acoo xuk imv dmv
ium acoo dhv huv
iun acoo jtz
iuo acoo mft ijw
iup acoo sfi tqu
iuq acoo yvs
iur zqv
ius acoo acop xy
iut acoo rqr
iuu acoq acoo acop nzg nda
iuv rov
iuw lar
iux acoo npx
iuy acoo acop tvo
iuz acoo qja tbe isw mbi
iva acoo hz
ivb acop acoq acoo mtu
ivc acop acoo vaf vfa
ivd acoo lkx
ive acop acoo pif
ivf acoo bzl ydf pqc
ivg acoo pdz
ivh acoo acop uqt jsi
ivi acoo spf
ivj acoo acoq acop gfl
ivk sls
ivl acoo xpl
ivm acoo acop acoq aadv dij
ivn acoo jsr fjd xlm
ivo acop acoo wfd rpm xno
ivp acop acoo qrc
ivq acoo acop kmg hx sgm aafv
ivr acoo hxg
ivs acoo acop gff zex qdr kge
ivt acop acoo aalv
ivu fuz (acoj ykr rbj)
ivv acoo acop achm jyd opt
ivw acop acoo dfe
ivx ync pgh bhe lbg
ivy acop acoo acoq nxb
ivz acoo acop dgq
iwa acop acoo acoq xsh avu
iwb gul
iwc acop acoo rzr
iwd yrw
iwe acoo abzf
iwf acop acoo xqk
iwg acop acoo acoq nin
iwh rgt
iwi ulb nwv
iwj zjd
iwk acop acoo acoq jel vu ezm iyw
iwl acoo pwe acas oms
iwm acop acoo xsx
iwn acoo lql ufl dfe hxw
iwo xsq tqq
iwp xrj
iwq acoo eqj ydl jgc
iwr rms
iws ahs bfi
iwt acop acoo vad jse obg rct dgt
iwu acoo cyg
iwv acoo lev
iww acoo abgh
iwx acop acoo jxw jhe vnl
iwy hpn slw ilu
iwz acoo acdw mdn
ixa acoo spc wuj
ixb acoo uax
ixc acop acoo acoq psf ybx pyv
ixd acoo th
ixe acoq acoo acop vbs ujc
ixf kmk
ixg acoo acoq acop abre jnw
ixh acoo mgu
ixi acoo acop gdo abec
ixj acoo ais
ixk acoo acoq acop wra taa sgr
ixl acoo mps
ixm pfj
ixn acop acoo lwl tyt acdi taw tit
ixo voe vtw cji
ixp acop acoq acoo umj wbi
ixq acoo acop reo fzn ibo
ixr acoo khn
ixs acoq acoo acop hkj
ixt acoo chf vzc hyn
ixu acoo cax
ixv acop acoo myt qxd
ixw wkj
ixx acoo acoq acop pqr kvv
ixy acoo ubg
ixz acoo saw qpz
iya acoo acop vke
iyb acoo zyo fce ebg acjn
iyc acoo nqy
iyd acoo tdx
iye dux xfp eba
iyf acoo ogp
iyg acoo acop voe
iyh vsr
iyi acoo rqk xvy
iyj acoo acop sbe (abke peh)
iyk acoo acop gd
iyl acop acoo acoq jqc md
iym acoq acoo acop hny
iyn zub lfr iej
iyo acoo acop acoq isa
iyp acoq acop acoo dbe
iyq acop acoo jgc
iyr acoo knx
iys acoo uxt
iyt acop acoo kll
iyu acoo acop qmh jtt hcy ief
iyv acoq acoo acop acit
iyw acoq acoo acop btm
iyx acoo acop acoq kwm
iyy acoq acop acoo yzw gjd bem cgm
iyz acoo hiw gzg abqf
iza acoq acop acoo ggi
izb acoq acop acoo kmv
izc acoo acop acoq adg hqu moh
izd acoo acop acoq lnv wzx slv
ize acoq acoo acop nso zqq
izf acoo acop kjq
izg jpa
izh acoo acop vuz
izi iqj
izj hij
izk acoo orm abtq
izl acoo acoq acop tew jii ygl di
izm acoo acoq acop gmy
izn acoo acop acoq dgp gou
izo acop acoo acoq kis
izp ebx zcl
izq acoo zif tnm pfn dhp
izr acop acoo aahu
izs acoo acop urf
izt acoo acop erv rba
izu acoq acop acoo vsi fws
izv acoo acop vie
izw acoq acoo acop fn mmi mjs
izx acoo acop nhw cvi
izy atp
izz acoo acop cml krb fii bik csd
jaa acoo acop knn yhv
jab acop acoo qgq cv bra
jac acoo qg
jad acop acoo mkf
jae acop acoo huj
jaf acoo acop key
jag emb
jah qjj
jai acoq acoo acop ezv
jaj acoo acop pua
jak acop acoq acoo bod fhb gmh enj
jal acoo iao
jam acff syr tev
jan rww vku abto abse
jao acoo acoq acop teo eok exq
jap acoo acgd
jaq acoo jn
jar oqd
jas acoo acop jrp
jat acop acoq acoo wee
jau acoo mxw whn rwq
jav acoq acop acoo sal llz aez
jaw acoq acoo acop mez
jax nnm ydk sdh pw
jay acop acoo evg (mmn sui)
jaz acoo acoq acop kwm
jba acoq acoo acop csf
jbb acoo acid flu rov
jbc acoo acop hfx
jbd acoo acop ltj
jbe jsl duj
jbf acoo abmk
jbg acop acoo acoq glh uko hhy
jbh dmd efe zc
jbi acoq acop acoo whk yiq qbj
jbj acoo acop acoq kuk leu ync qus
jbk acop acoo ack
jbl acop acoo jf oag
jbm acoo zbi jkh
jbn acoo acop tfz ap yla dwq peh
jbo acoo nev
jbp acoo acop acoq vwy bku iph
jbq acop acoq acoo oaw
jbr acop acoo cls czr ir ujq
jbs acoq acop acoo goe
jbt acoo kuj lgw
jbu acoo alk
jbv acoo wzf (psj abuy)
jbw ofl ork
jbx acoo vto
jby oyb wwq
jbz acoq acop acoo ham bem
jca ddr
jcb acoo acop tsm mbb aapm
jcc acoo ffj
jcd acop acoo kda
jce acop acoq acoo tvv
jcf acoo sys
jcg acop acoo acoq yzj ztv wrk
jch acoo acoq acop to
jci dyj yji (qjf uaw)
jcj wsq
jck acoo flz
jcl acoq acoo acop rlb aamo
jcm sjf lzf gfg ung aas
jcn acoo fms
jco acoo ynz
jcp acop acoo wgp
jcq acop acoo qqt
jcr acoo acop abna
jcs abnf mbx nvb
jct acoo acoq acop rum qmm (nyc juz)
jcu acoo fcv gb
jcv acoo acop abxv
jcw acop acoq acoo goo
jcx ltj vqv (tye iad)
jcy acoq acoo acop ppa abci xmx ofv
jcz acoo acoq acop kvu cls
jda acoq acop acoo cle qwh bdx uzh
jdb acoo acop fbs tod aaki
jdc acoo bfz tnr xbl pnc
jdd acop acoo acoq ftb
jde acop acoo lgp jjr
jdf acoo acop vhh hnr
jdg acoo por lvl ayd
jdh hco
jdi acoo qob neo lu
jdj acoo gyu zxv hyu
jdk acoo uo abuv ksp
jdl bpr
jdm acop acoo jwn
jdn tic
jdo acoo lrm
jdp acop acoo acoq snz
jdq jfn
jdr wag (dd mfa)
jds xla mek
jdt acop acoo acoq lvo jbe ddl jo
jdu acoo txo
jdv tek
jdw acop acoo acoq crh jni
jdx acoq acoo acop lhd
jdy acoo acop zkp dci
jdz acoo pjb
jea acoo eos ife lkc mnu
jeb acop acoo ncn sff
jec acop acoq acoo znf
jed acoo mra
jee acoo cnm
jef acoo acop nzp orc cop be itw
jeg acop acoo bat
jeh acop acoo mcj
jei acoq acoo acop pln vtv ppz
jej acoq acop acoo ria anj
jek zlb gaa rfn kjp tyy
jel acoo yjd wcq
jem gah
jen acoo nor xbq
jeo psi
jep fzg
jeq acoo acop iym
jer acoo acoq acop zrh pqk ylu
jes acoo acop fbi
jet acoo ldt ujf
jeu acop acoo acoq qqy
jev acop acoo nxj adt
jew acoo abkx mtr xux aaxs
jex acop acoq acoo abyj
jey oq
jez acoo acoq acop v
jfa xhq abzm cam
jfb eqm
jfc acoo edy nby
jfd acoo lbp crx
jfe acop acoo lze hjl
jff acoo acop acoq ygy
jfg acoo acop oqv ext
jfh acoo acop acoq acfr
jfi acoo tqf vii jpu hxx
jfj acoo vvt yvw gvn
jfk acoo on aaso
jfl acop acoo smt gyz qup hqu
jfm kal
jfn acoo acop acoq yxo
jfo acoo yqv pyb hnp
jfp acop acoq acoo sib uwg bdt qyz
jfq acoo cud wat
jfr acop acoo ryo
jfs acop acoo acoq abng aask
jft acoo ogp
jfu acop acoo mnp
jfv acoo acoo
jfw acop acoo bgf
jfx acoo acop acoq ikd
jfy acop acoo acoq xml
jfz acoo omj
jga acoq acop acoo ohp
jgb acoo gph nip
jgc acoo va sns
jgd ift pha aazk ybn
jge acop acoo acoq cgq mkg cz
jgf rlj
jgg acoo acoq acop han
jgh acoo acoq acop okg
jgi acoo vtm foy tht dld kgo
jgj acop acoo abeb
jgk lib
jgl ocd (ulq vux)
jgm acoq acop acoo kqh gtr iep
jgn acoo jpb efz
jgo acoo acop abzl ppe
jgp acoo vzk oat
jgq acoo acop qqc wde
jgr rgm
jgs ous
jgt acoo lgn
jgu acoo ops bia uxg
jgv acoq acoo acop kpq
jgw acoo ycu zfu
jgx acoo qwe gge
jgy acoo hqa wnl gfi
jgz acoo acop aagc fqa
jha acoo acop ams gun
jhb acoo yaj abn yup ufw
jhc acop acoo gzd
jhd acoq acop acoo upn
jhe acop acoo acoq yjt pqp
jhf acoo acop tje
jhg cjw
jhh vrt
jhi acoo pjs nrq edo gbw acjn
jhj acop acoo bi
jhk acoo acop lmg
jhl qf
jhm acoo oif abab
jhn tna uri xma fbm
jho acoo acop uba
jhp acoo acoq acop aak oqt qvr
jhq acoo czw djl ybk
jhr acoo acop jab
jhs kmp
jht kew (tiw lgm hfz)
jhu acop acoo xhg
jhv acop acoo idx
jhw acoo ege
jhx acoo acop ckj
jhy acop acoq acoo aapj
jhz acoo acoq acop mdz nfj (bku coj ah)
jia acop acoq acoo wee eth
jib acoo acop twz acev vjo ocm
jic acoo acop nip
jid acoo acop acoq vth lkl
jie acoo zhu ktz
jif acoq acop acoo aaib
jig isw
jih acoo acop abad
jii dvt apl vst
jij acjv
jik acoo acop enj
jil acoo acop acoq usa
jim acoq acop acoo tyx
jin jdt zub
jio acop acoo vdw znt uf
jip acop acoq acoo rqh
jiq acop acoo acoq kyr
jir acoo fra
jis acop acoo mx
jit wkd (mum ewf fvg)
jiu lwl
jiv acop acoo abdy dgt iir ghp yr
jiw acop acoo aate gga dco
jix eec
jiy psr
jiz acoo acop okz
jja rvl aif
jjb abwd fbi pgg
jjc ekn
jjd acop acoo ody
jje acoo acoq acop ink
jjf vur ackn lcg ayr
jjg acoo umn
jjh gey
jji acop acoq acoo uco rpb toa hnf
jjj acop acoo acoq bik
jjk abvt osa
jjl acoo xql
jjm acoo aatz
jjn fjv
jjo acoo ruo
jjp lbb
jjq acoo wcm
jjr acop acoq acoo ewz fsq
jjs nqw dot arw ams
jjt acop acoo ekp
jju acoo kkv hee fe
jjv eaq
jjw acop acoo acoq vpm
jjx acop acoo acoq hri
jjy hcf cfr
jjz acoo acop jdk
jka acoo rvo
jkb acoo lpt djk nl
jkc acop acoq acoo klc
jkd acoo drc j
jke acoo ktf
jkf rxs
jkg acoo wdz hbg hxx kps
jkh pzx
jki acoo aavo
jkj mos
jkk acop acoo abmv ofx zgy
jkl acoo zuj
jkm acoo ecc
jkn ost
jko uzl
jkp eep
jkq acoo acop abxc lwi rxn vmq
jkr aawl kep (pyj kta)
jks acop acoo aald
jkt eio
jku acoo acop hmt caz isk gyk
jkv acop acoo cxw
jkw acoo acoq acop onv tin blb cnb zwf
jkx acop acoo acoq iiw
jky acoo acop lbw
jkz nhc uby uwv
jla acoo inl
jlb acoo mkq
jlc bxb
jld acoo acop mbh ued rfx fzd
jle uiv
jlf acop acoo vft hbr sze
jlg acop acoo vyc
jlh acoo dpo
jli acoo ddt qzw kuv
jlj tqc pmd akz
jlk acoo zjd
jll acoo acop xyu
jlm ozv
jln acoo doi luo son
jlo fhy
jlp acoo acop acoq qus
jlq acop acoo acoq jxo rbe
jlr acoo vsd
jls acop acoo zyg uss lac (zbd abaq)
jlt acoo bdi elw
jlu vyu pkp ymp acod
jlv acoq acop acoo qbf lkt
jlw kvy
jlx acoo acop ugt
jly acoo acop acoq tdv
jlz acoo jpr
jma vov
jmb acoo nsb
jmc acop acoo aatp (dzj cvu)
jmd acoo nvo
jme bwf
jmf acoo acop acdi
jmg acoo abog thd qfk
jmh jmw aiv
jmi mnf
jmj acop acoo acoq rif ngk
jmk acop acoo dvd izb
jml acop acoo acoq ncd
jmm acoo acop mkt rfe
jmn acoq acoo acop jei bzx bdi
jmo peu
jmp acoo stm
jmq pmx
jmr acoq acoo acop mlo jat
jms acoo acop mmm rqm aan
jmt rbu hcw aaii mxy
jmu acop acoq acoo abik
jmv acoq acop acoo sb pva
jmw acoo iyg uzn
jmx acoo acop acoq oye
jmy acop acoo cqf
jmz acoo mqm
jna xzq
jnb zbg otg cpr
jnc acop acoq acoo jtg llp jso (ssb zcs)
jnd acoo rrg
jne acoo acoq acop irp ndb
jnf acoo dcw
jng acoq acoo acop lae
jnh rte
jni mbq
jnj acoo udc mnk tyi smo hrd
jnk acoo acop acoq zxn
jnl hef kwo
jnm acoo kxj
jnn acoo acop dzz
jno acop acoo aaad zpc
jnp acoo fzn
jnq acoo aadz
jnr acoo acop acoq ivb
jns acoo acoq acop xb
jnt acoq acoo acop qms
jnu acoo nvl
jnv acoq acoo acop acah
jnw acoq acop acoo ltx hbj ixx
jnx shv
jny acoo dyo
jnz acop acoo ablo
joa kbs
job acoo abou evl nth wwb
joc acoo acop qsj
jod sdh
joe acop acoq acoo gqm ktc
jof acoo abdj
jog acoo acop cet
joh cya who acjo
joi acop acoo sks
joj acoq acop acoo npt
jok acoq acop acoo jhj zxj ted
jol acoo acop qlb
jom acoo acop vyp fgt
jon awa
joo pbi
jop acoo acop bjj leh (zq xhj)
joq acoq acop acoo fbi ttt uya
jor acoq acop acoo nvc
jos acoo rha
jot acoo acoq acop kcv (ovl fkk)
jou acoq acoo acop btp tlw
jov acoo acoq acop aaor nfv
jow acoo acoq acop rvf cij
jox acop acoo puh
joy acop acoo yjw
joz fro
jpa acoo mue xww kna
jpb acoo lhu aahe run iac
jpc acoo ezt
jpd acoo acop acoq abaq
jpe acoo lpq
jpf aalj
jpg acoo xbi
jph acoo acop eoo
jpi acoo ovm
jpj xix
jpk clz vpw mty
jpl yqi
jpm acoo acop iqz wle kyr sex
jpn acoq acoo acop fzm
jpo acop acoo olz
jpp acoo tfg kwj vdm kqx cls
jpq acoq acoo acop vub
jpr acop acoo uny
jps eyn
jpt acoo acoq acop ipy
jpu acoo acop khe
jpv acop acoo aazm
jpw acop acoo bva
jpx acoq acoo acop fey lye pte aavu
jpy acoo rlc
jpz pmf abbt an
jqa acoo gvz
jqb acop acoq acoo abyv isb ouy sho
jqc acop acoo acoq he zxt lzz
jqd acop acoo faw qbf
jqe pxs
jqf acoo acop tks
jqg acoq acop acoo eyb acgd ihu oyf zhk
jqh acoo adk
jqi ebz
jqj acop acoo rnj wtj
jqk acoq acop acoo xed qrw vwh
jql lmj lno
jqm rok buc
jqn acoo acop xmd dyp
jqo kdn kbh aakm
jqp acoo eic
jqq acoq acop acoo wfn
jqr acoo acop acoq twd
jqs acop acoo ilq
jqt acoo acop chr aanb
jqu acoq acoo acop ogf vkh
jqv acop acoo acoq weh
jqw acoo mph
jqx acoo acoq acop cbi
jqy acoo lag (mfo rju)
jqz acop acoo acoq ipo
jra acop acoo acoq isy
jrb acoo acop hew xiu
jrc acoo lbg
jrd acoo fty aclh aaad
jre acop acoo wim
jrf acoo acop jeh
jrg qth
jrh acoq acoo acop jxq abur kcd
jri acoo fmj
jrj dbk
jrk twu avp qvh
jrl acop acoo wqh aceu
jrm fng
jrn acoo nrr
jro acoo knz qll
jrp acji
jrq acoo acop acoq djr hld lpx tsr
jrr acoo itt jub abpc qie
jrs acoo upb
jrt acoo cgq
jru aaxv acjq
jrv acop acoo zas
jrw acoo gi
jrx acoo acoq acop wmw
jry acop acoo ufw
jrz acoo acci
jsa tcp abuy
jsb acop acoo acoq knj xez sll
jsc acop acoo acoq qmn lto
jsd acoq acop acoo hqu jtx eig
jse acop acoo acoq csx
jsf acoo acop aadm qbm aayv
jsg acoo yjc
jsh acoo acop acoq bqc
jsi acoo wwm
jsj acop acoo acoq epg
jsk jed aoc rij
jsl ri
jsm acoo acop aaji tex cl huc ivb
jsn roy
jso acop acoq acoo aqv
jsp acoo acop jfm hxt
jsq acoo acop nrk qvk
jsr xki
jss dzi
jst acop acoo xjy
jsu acoo acoq acop daf
jsv acop acoo ax
jsw acop acoo fto lhp wpf abnf
jsx acop acoo uys ric icj
jsy acoq acoo acop dlo
jsz ndv
jta acoo gqq krv aaqz
jtb acoo aber
jtc acop acoq acoo hdy
jtd acoo wxl pft jjn
jte acoo mbo (klv xwr) tik
jtf acoo acop fjl
jtg acoo acop acoq gsv sua
jth acop acoq acoo swd xyb yv dcl
jti acoo wkn dln hqt crz
jtj oyv
jtk eex
jtl acoo erx
jtm acop acoq acoo emq sek pko rvd
jtn acoo acop qlt neh aha (xbb lrq)
jto acoo fks
jtp exq uyt
jtq acoo acop zlh fkw wqn
jtr acoo acoq acop xte
jts acoo acoq acop wpi abxv lnu
jtt fjt
jtu acoo xnu ngb ves
jtv acoo abxq mqt
jtw dkw
jtx wdm
jty acop acoo uaz cwh
jtz acoo acop acoq fej obs piv xkr bph
jua mey hxe
jub acoq acoo acop kgr tej kfw
juc acoq acop acoo esn
jud acoo hzm ivl vth
jue acop acoo abzi ymw
juf acoo acop acoq ffr isy
jug acoo axc eea hjk hkz
juh wsc ueh
jui acoq acop acoo uvq
juj yzs rac wel
juk acop acoq acoo cbz tja
jul dfi
jum acoo acop brp
jun ecv
juo acoq acoo acop caq
jup acoo yxf
juq acoo okt
jur acop acoo uik
jus acoo gws nnu
jut acoq acoo acop dtb asy abky itp fug
juu acoo acoq acop acop
juv acop acoo bbv
juw acoo acop kte ezt uuf lj
jux acoo acoq acop qxc
juy acoo kkm
juz acop acoo acoq emu
jva acoo len
jvb acoo zsy gi
jvc acoo acop oqd
jvd acoo acoq acop ehj nj
jve acoo dhe gqv
jvf ygo mcm
jvg acoo cro jrx
jvh acoo gxw tq ouc ofq xmj
jvi acoo acop szc
jvj acoo acop acoq wll
jvk acop acoo acoq wvq usg
jvl acoo njl qnq wne ijk
jvm acoo acop pjp
jvn acop acoo acoq emf myk (pbh jnm dkt)
jvo acoq acop acoo mql
jvp acop acoo acoq rox
jvq fma psc (ypu lpw)
jvr acoo usd
jvs acoo acoq acop zsf
jvt acop acoo acoq nfe
jvu acoo acop wic mmt pjf
jvv mic jg evs yzl
jvw acoo tao
jvx acoo aaxt sfn oll
jvy acoo acop fay
jvz acop acoo acjo djw rwb
jwa qkn aain ods
jwb acoo acop tfx
jwc acop acoo pua jwr bwl
jwd acoo dfg
jwe gef zki rce
jwf acoo acop vou pbf
jwg wfw rtt jij
jwh rvw zdr mgc
jwi acoo acop sgv tto orr hvm
jwj acop acoo aor hw srd mpd
jwk acop acoo rgo
jwl acoq acop acoo xvl
jwm acoo jky
jwn acoo aaci jbj
jwo acoo vke
jwp acop acoo bin
jwq acoo uao
jwr acop acoq acoo jff
jws acoo zal jof qte
jwt acoo acop acoq mpp (aaps ukz)
jwu lfz
jwv acoo acop go
jww acop acoo ebh mfa aaps uh
jwx jhx
jwy acoo coa tws hvo
jwz qld
jxa acoo acoq acop cqt
jxb mbf
jxc syf ngw
jxd acoo acop ayw qvf
jxe pgh
jxf acop acoo xbg
jxg acoo acop zmq
jxh acoo cau
jxi acoo aiu aclw
jxj acga
jxk tsp dkk qps wcm
jxl acop acoo jqa
jxm ojz acfe lmv
jxn acoo ryt
jxo acoo jpn
jxp jqu
jxq dxa
jxr acoq acop acoo nto
jxs acoo jxh
jxt acoo acop sma
jxu heh ens fzj
jxv acop acoo jeg vhb ioh
jxw acoo voi
jxx acoo acoq acop neq
jxy acoq acoo acop gbj aais ud
jxz acoo ybi
jya acoq acop acoo olw
jyb acoo acoq acop rop srg
jyc acop acoo cis
jyd acoo acoq acop wrn
jye pmd soq
jyf acoo acop qiq ehf urd
jyg acop acoq acoo vwa fnl bre
jyh acoo acop acoq gyi
jyi acop acoo wav
jyj acoo ewx
jyk ekj bzj tqm xnu
jyl acoo acop nhv kbx
jym pbb uiz cmb hju
jyn acop acoo lea
jyo acoq acoo acop cbw
jyp acoo tze
jyq acop acoo pvl
jyr acoo tml
jys acop acoo czw
jyt acop acoq acoo wsf
jyu mrc kvb zsu
jyv pdd oju jfr qvq
jyw acoq acop acoo itv
jyx aapq
jyy acop acoo acoq ew
jyz acoo acop wzu vpc
jza acop acoq acoo absj xfr
jzb acoo acoq acop uwf
jzc ykq
jzd acop acoo acoq ekz
jze ebi
jzf acoo ytz qro lib
jzg oir
jzh sby ztv aag
jzi fuh
jzj acoo acop sus mbc
jzk acoo kkh
jzl rvo
jzm xgh
jzn acoo zwk
jzo thg
jzp cje yhf ega
jzq acoq acoo acop qes
jzr acoo acop acoq rdy
jzs acoo adg yej tqp kpp hcd
jzt bnb
jzu yku yqg (wvt aabe)
jzv acop acoo yzt
jzw acoq acoo acop pbd
jzx acop acoo sgf
jzy rvs jkx ygz clt
jzz acop acoq acoo aaet
kaa acoq acop acoo kwl
kab acoo acop acoq qtj
kac acop acoo fff
kad jwo
kae vxf puw neu
kaf acoo acop acoq aapu
kag acoo abjb rcj
kah shl
kai acoo kho bio
kaj tcj
kak acop acoq acoo mmu
kal wgj
kam acop acoo acoo rbm
kan acoo afq
kao acoo acop spq aed (aach qgy tkt)
kap phe
kaq yne abad kgn
kar sil
kas acoo pff noe
kat acop acoq acoo abdv sgx nbh aiq
kau acoq acoo acop spw nmw
kav acop acoo acoq bgz vjk zxd uvs
kaw acoo acoq acop yjt
kax ekw
kay acop acoo zyt
kaz acoo acop oow
kba acop acoq acoo yjx aza bxb
kbb acoo occ gsw
kbc acoo acop acoq aays
kbd acoo lnw xga (tk old)
kbe cbn
kbf acoo ejm
kbg abnh bon
kbh yve
kbi acoq acop acoo hbr dzs qix acgy
kbj acoo aayd nxp
kbk acoo pso
kbl lob
kbm acoq acoo acop xvk
kbn acoo wyw gij
kbo yeo nnv isc
kbp acoo acop rxs ifp xtl
kbq acoo gvo usv
kbr acop acoq acoo qkb
kbs acoo hbt
kbt acoq acop acoo gej
kbu qk jbx kht ryt
kbv acop acoo ltj rba
kbw acoo yi qdf (xah ayp)
kbx kxn
kby jxk
kbz acoo acop wxz qot
kca acop acoo abnb
kcb awh elk
kcc uul
kcd acoo vk pbb fdy ysk
kce hud aajj mxr
kcf acoo acoq acop yac uva hjx xtm
kcg acoq acoo acop yhn
kch acop acoo duz tk obh
kci pup
kcj acop acoq acoo sbb
kck acop acoo kaf
kcl wjf abyx
kcm acoo acop rhb
kcn acco aix
kco acoq acop acoo skk vph
kcp acoq acoo acop aazi
kcq fho
kcr acoo puj rml pmr
kcs acoo wcq
kct acoq acoo acop xip
kcu acop acoo vmz
kcv acoo acag
kcw acoo acop vm
kcx ptu
kcy acoo acop gzr cph zvo dwz yjj
kcz acoo uhm uul lhp
kda acoo fod
kdb f
kdc acoo acop acoq mpf
kdd uaz
kde acop acoo acoq lky reh tuc zgj
kdf acoo diu abzj
kdg acop acoo wrk tsl
kdh acop acoo acoq xso
kdi hlc hfl voo esj
kdj acop acoo acoq fwd
kdk bhv ama qpc hul
kdl acop acoq acoo pre vlz
kdm acoo wdg ctb
kdn acop acoq acoo dse
kdo sul kme
kdp acoo znp
kdq acoo qt hd tof
kdr acoo ovd
kds acoo acop acoq wpn hqp
kdt acoo bxi agh
kdu gna
kdv acop acoo acoq kgv
kdw acoo acop acoq mlm wcs zij
kdx bxj
kdy acop acoo acoq ifm szn
kdz ooh
kea acoo wx
keb acoo acop wlw cfq vkk
kec acoo cdg
ked acoo wps (jrv nsu)
kee acoo ixk esy ebf fxt
kef wn
keg acop acoq acoo roi
keh acoo acop xtq
kei acoo etd
kej urz
kek acop acoo abxf mlh
kel mmo (mey ulm)
kem joi qrx aawy
ken acoo aop
keo acoo qt ces miu
kep vnq aatn lum btm
keq fud
ker acop acoq acoo hel
kes acoo acoq acop ezm
ket zgt
keu acop acoq acoo rjz nmp
kev acoo osb
kew acop acoq acoo gmt
kex nom pvm jfy hay acdi
key acoo iuv
kez chq
kfa acoo acop acoq ugi
kfb egg ydx nhy
kfc acoo acop uzz
kfd acoo qdo klz
kfe acoo aue yzz ncj
kff acoo acop xxy xzl rru
kfg acoo jch gqs agb lku
kfh abvt
kfi epq gtx
kfj xob abkc zsq
kfk hor tko nur vnu
kfl acop acoo qvk tdt
kfm acop acoo xfh (cwj gnz)
kfn aaqb
kfo acoo dkq
kfp acoo acop yl wed
kfq kxy sqa vim
kfr acoq acop acoo qsi eq yqx
kfs qby
kft chx cog utu
kfu acoo qzo nyk buy
kfv acoo cmt
kfw acop acoo qxe itu
kfx acoq acoo acop uqv heh qio bmz
kfy acoo acoq acop nys bne goe
kfz acop acoo vwp zev (qve gpm btt)
kga acoo acop mmh
kgb abjf crp ipa
kgc acoo acoq acop vlg jwh mlp
kgd acoo yke
kge acoq acop acoo ari gii kso
kgf lrs
kgg acop acoo acoq mwi pbh
kgh acoq acoo acop jxn
kgi acoo acop qnp
kgj unt okg
kgk acoo acop iwq mnt
kgl cea
kgm acoo acoq acop xxo
kgn sba sxr
kgo acoo aaxn
kgp ad
kgq acoo jsv
kgr acoo mkb aahb sbe
kgs acoo kpf
kgt acoo acop aazm vus ekg vrk
kgu acoo acop znj pip
kgv acop acoo xht
kgw aane
kgx acoo nor ihy qsh mgt
kgy acoo acop uxx
kgz acoo acoq acop aaso (abfh ejz myt)
kha acoo acop bhb iqg aaxg
khb acop acoo iuk
khc acib
khd acoo qtq
khe ilf avu
khf acoo glu
khg abyb uwh ptl ca
khh acoo acoq acop vqb lsb
khi acop acoo hpk olw ewa
khj fdh scc
khk acoq acop acoo oue
khl dky
khm acoo wwf
khn acop acoo acoq ijv ies
kho acoo shd
khp bcr
khq tbd ewb
khr acoo acoq acop abqg
khs acoo san
kht xhv
khu acoq acop acoo nxk
khv acoo acoq acop ljn tdn
khw tlq
khx acoo rso
khy acoo acoq acop yfw ewx
khz acop acoo jso
kia acoo is fes
kib acoo vyz pgr
kic acoo biv
kid acoo xku roa aakw
kie acoo igi etc aks
kif acoo qbv yfp etl
kig acop acoq acoo qbh
kih acoo acoq acop qey rfv lqp tlg
kii acop acoo xmi
kij acop acoo zqv
kik abqj
kil acoo qih cgd bvh
kim acoo bcj imk nww
kin wie
kio tby
kip acoq acoo acop abyv
kiq acoo izj sjy (swj yuz shh)
kir acoo acop acoq unk cts
kis acop acoo acoq aji pqp acas
kit acop acoo tqo zpt
kiu acop acoo acct npe ymx
kiv acoo wcr
kiw acoo grd
kix zvg
kiy amy
kiz acop acoq acoo ujr
kja aayv zqt oql
kjb acoo gxi
kjc acoo acop knb zyx
kjd acoo acop acoq aua kyq
kje acoo acop tvq
kjf acoo acop rj
kjg acoo het
kjh qoz
kji acoo scy
kjj acoo wxk
kjk lpk ghv ijv
kjl acoo rpg plf
kjm hus
kjn acop acoo acoq you
kjo igt
kjp acop acoo acoq siq
kjq eqy
kjr acoo cjr mlc xci
kjs acoo jed
kjt xhj egt eqm
kju acoo acop isn yrp qvl
kjv acop acoo yqy gpx
kjw acoo sdk yhj
kjx fnu
kjy acoq acop acoo zqj
kjz c
kka mip
kkb acoo qga
kkc rsu phz
kkd acop acoo fog
kke acoo zwp
kkf acop acoo acoq sto
kkg dvn
kkh umj mdp
kki acoo acop ttc
kkj acoo pbi
kkk acoo irn
kkl acoo cqr mmo
kkm acoo pmy abw
kkn acoo qkx qjd jfq iph eja
kko acop acoo abzc bcf tja
kkp hhz
kkq acop acoo qws
kkr acoq acoo acop fmf ymo arm
kks yol ktz
kkt acoq acop acoo syo yde
kku acoo acop acoq ssr nvi
kkv acop acoo vkj
kkw acop acoo xsn
kkx acoo men
kky acoo acop acoq ecl
kkz xbx lgw
kla cri
klb acoo oue
klc acoo acge goa
kld abzr
kle acoo zec aty abmx dvx
klf itw
klg ovl
klh acoo acoq acop zrg xqa
kli kmx yt
klj jkt
klk acoo nnj
kll acoo acop wk
klm ccp
kln acop acoo ejs
klo acoo acop eyd
klp acop acoo acoq vvj
klq acoo acop zzt
klr acoo acop dtu
kls acop acoo aayj
klt acop acoo abzd abvb ejb
klu acoo xbi dbr
klv tmn
klw acoo acoq acop mdk
klx acoo xts
kly sjj
klz acoo acoq acop yun
kma acoo wgl mcr okj
kmb acop acoo ackh
kmc acop acoo acoq xwx
kmd afd
kme acoo nyw
kmf acoo jzk
kmg acoo wba
kmh acop acoq acoo rub
kmi acoo acoq acop gzz
kmj acoo acop mlb
kmk acoo acoq acop zlj
kml acoo acop rvu
kmm ven vba
kmn acoo xhq
kmo sfa uef mrc
kmp rxp
kmq acop acoo muv
kmr acop acoo iqx
kms acoo acop fpa krm bma keb
kmt acoq acop acoo etv
kmu acoo fln
kmv acoo ymv lue hqu iyy
kmw acop acoo vqb jiq
kmx acoo acop acoq cpb
kmy acoo acop dk
kmz acoo acop nsr kqh xad
kna adt djv acki
knb acoo acop fmm
knc acoo ytt
knd kqv vuz wks
kne acoq acop acoo xcv abna fbe civ
knf acoo acop lq
kng acoo acop xbi
knh slv zoq iqp
kni ihe vnq
knj accx (nke lqt mwj)
knk ukw iav cpg
knl acop acoq acoo hdx
knm acoo acop vnj
knn acoo acoq acop ojj ukm
kno ysx abcz jwm
knp bpy
knq fbz wrv
knr tcr fkr yqj
kns srj
knt acop acoo ceb grs auh ntx
knu acoo ias abgu zgf
knv acop acoo giv
knw acoq acop acoo lna
knx acoo acop acoq gwg yjr nnu
kny acoq acop acoo aazn pis
knz acoq acoo acop bxo pvu ofh
koa acoo yid
kob acoo sfd
koc acoo utr abmu ubk abgc
kod acop acoo xkq wxa cx
koe vfd kse acii
kof acoo acop tgo
kog acoq acoo acop mzb
koh acoo rdt
koi acop acoo acoq xwv
koj dnt jex se sod dhw
kok acoo aavb
kol jqp
kom acoo jxw su qlx
kon acoo aamr
koo acop acoo slc kwx nqk iur
kop ish cnd giq
koq vjv
kor dma acbe abcq vtd
kos acop acoq acoo knm
kot acoo acop acoq aaul
kou acop acoo acoq aasx
kov acop acoo kar
kow yp
kox acop acoq acoo gyt
koy acoo aanf rpd ghk
koz acop acoo frn
kpa acop acoo kgh
kpb acop acoo fkh bks
kpc acoo acoq acop trc spb tdv
kpd azr
kpe acoo acop acoq mpu uci sw
kpf acoo obv nre qmv nxe
kpg acoo acop inr
kph acoo bbs
kpi achm
kpj acop acoo acoq oik
kpk acoo av tgu
kpl acoo acop ovh jii (wni cdl)
kpm acoo ind
kpn acoq acop acoo abqs
kpo acop acoo htt
kpp tby ahp
kpq acoo acop thz ghw wyp
kpr rei
kps nmo vjp
kpt acoo czu
kpu pxs
kpv acop acoo qtl
kpw acop acoo agc ackx fnh idk
kpx gyc
kpy acoo acop aarj ikx
kpz hwr
kqa acoo acop ydc zsn
kqb acoo dzj
kqc acoo acop acoq aabs
kqd acop acoo acoq jgu
kqe yzb rnr
kqf acoq acop acoo vy ldl
kqg acoo ooh rtd
kqh acoo acop acls
kqi acoo acop acoq qwa acgg
kqj acop acoo abrf
kqk gj cvo kjn
kql gsm
kqm acoo acop acoq oyx
kqn acop acoo acoq aaef qcy vxj
kqo acoo acoq acop vjc
kqp nzc
kqq acoo hno ssl zzb
kqr acop acoq acoo ajr sow
kqs acoo bcq
kqt fon
kqu acoo acop acoq bla oha
kqv acoo acop tca wag jdb gms
kqw gyn
kqx acoo acop bhn
kqy acoo acop uai ron mv
kqz acoo acop rfx
kra acoo dcq
krb acop acoo yec ima
krc acoo acop acoq aclq
krd acoo acoq acop lps fsd
kre acop acoo kdm
krf acoq acoo acop fmz
krg acoo acop jih lzt tjh sgi
krh acoo xhb
kri acoq acoo acop cji gci
krj mqs
krk acoo mar ab
krl acop acoo gyx
krm acoo tum bui izq fer
krn aafc ndy
kro acoo alq xmk agn
krp acoo vwk
krq acop acoq acoo qvq cdl
krr acoo acop ift vtq zte
krs acoo acop upm
krt sgs
kru acoo acop acoq aall
krv acoq acop acoo xau ljy sjk
krw acoq acop acoo opn suf nza
krx oyx
kry acop acoo fyf zvl ryc
krz acoo kng
ksa acoo mht
ksb nki
ksc ytr vky jbw
ksd lzl mup
kse acoo xgi acfy
ksf acop acoq acoo zux
ksg ruj jke rdb cyj
ksh acoo mmd
ksi gny
ksj acop acoo gox
ksk acop acoo acoq pvc
ksl acoo acop acah sry
ksm acop acoo acoq xbx
ksn acoq acop acoo ntv tbc no
kso acoo nby gua tui wqr
ksp acop acoo rii whu kob fid
ksq acoo acop vce
ksr acoo acop wad ltb
kss gnc shz
kst acoo eyu dgm
ksu acop acoo aid abwk yms
ksv ghi mzh
ksw acoo tza
ksx hqi
ksy acoo aaml aaao
ksz acoq acoo acop bmn
kta acoo acop acoq zhq aabc
ktb ljf
ktc acoq acop acoo hps
ktd acoo acop yuf (hym hua)
kte acoq acoo acop dxm
ktf ujd esb rvg goq
ktg acop acoq acoo mpv cxx bpt zlc gre
kth ggx
kti bcm
ktj acop acoq acoo kqc
ktk acoq acop acoo fuk
ktl acoo bgv glz xeu
ktm acoo acop shd
ktn acop acoo log
kto acop acoq acoo pho
ktp acoo xst
ktq xvs
ktr acoo acop rpt sob ply umt
kts acoo eod
ktt acop acoo epl cfv
ktu acoo hbu
ktv khi whj azg vze aoy
ktw acoo iki
ktx acop acoo gko smy aar
kty acoo acoq acop ydh
ktz acop acoo ggq
kua acop acoo dvp agk xoi beb iwa
kub acop acoo acoq vwf wdx
kuc cyd
kud acoo ijn
kue acoo vuj
kuf acop acoq acoo uly
kug ppz
kuh ule
kui acoo acop aazr
kuj acoo rzr
kuk hqf
kul acop acoq acoo xve
kum pti sif
kun cdp tz
kuo acop acoq acoo yov
kup acop acoo gpn
kuq acop acoo nii
kur zce ess
kus acoq acop acoo rkj
kut byt
kuu abea vqq
kuv acop acoq acoo jkt
kuw acop acoo unn
kux acop acoo acoq fpu
kuy nba
kuz acop acoo lsf
kva xyy xib ukk nbb xme
kvb acoo dvi
kvc acoo nxi
kvd zdu
kve acoo acoq acop uax
kvf irn
kvg acoo ngr
kvh acoo yxd
kvi acoo spq
kvj acop acoo rat chp
kvk acoo acop csu
kvl abtk irt
kvm acoo mnd
kvn acoq acoo acop hzs
kvo acoo acop ree
kvp acoo stn
kvq acoo ovf mas cnp
kvr ilx
kvs acoq acop acoo mav
kvt acoo gvq atn ja
kvu acoo klh
kvv ivr
kvw acoo acop abuv lez abol acjo
kvx acop acoo acoq guo (czb prs)
kvy fdu aaht eaj
kvz acoo ipd
kwa ybu
kwb lcx oqj bit
kwc acoq acoo acop wwu
kwd acoo tl
kwe acoo acop acoq otz
kwf ais kww
kwg acoq acoo acop qdb
kwh acoo wqn ujl
kwi acop acoo acoq jci
kwj acoo acop acoq srv quy
kwk acoq acop acoo nlg
kwl acoo rbc
kwm acoo ioc fdh
kwn acop acoo eis
kwo acoq acop acoo qek
kwp acoo sic
kwq acoo nqj pic
kwr mqp
kws acoo abyq noe
kwt acop acoo acoq uwo
kwu acir
kwv acoo lcw aabf cou
kww yzs
kwx wwf
kwy acop acoo lwq
kwz acoo acop pm
kxa acoo acoq acop ejh
kxb fmk
kxc acoo acop vbp
kxd acop acoo ycn
kxe pgb
kxf nzc lbv
kxg acoo bfs
kxh vnw aane
kxi acoo xle
kxj acop acoq acoo qbj
kxk acoq acop acoo aaou dyv
kxl acoo acop ade
kxm acop acoo aakp efl
kxn acoo eiw
kxo acoo vov
kxp acoo acop aak xlr
kxq gov
kxr acoo sch
kxs acoo fwp
kxt acop acoo uhm
kxu mbs hwk wyw pbo
kxv acoo acop ulk
kxw acop acoq acoo bre
kxx llj
kxy acoo mym rzu
kxz acop acoo aafb os
kya fhm
kyb acoo acop dhq
kyc acoq acop acoo hsq
kyd chv
kye acoq acoo acop cme
kyf acoo acoq acop mql
kyg acop acoq acoo accq
kyh acop acoo bbo vkb abyi
kyi acop acoo acoq rcc
kyj acoo atb
kyk acoo acop gdc
kyl acoo ljr rxb ama
kym acoo acop mdu
kyn acop acoq acoo qro
kyo acoo jyq (ptn llz) kpc
kyp aafs
kyq fhj
kyr rv
kys acop acoq acoo xxd
kyt prg
kyu utm
kyv acoq acoo acop xfs ilc psr
kyw acoo acop rqi
kyx acoq acop acoo ggm
kyy acoo ackj
kyz gkq
kza acoo acop fzo
kzb acoo mke
kzc ayh
kzd acop acoo opk
kze acoo acop oia mii
kzf acoo acop acoq mtt
kzg muc
kzh acoq acop acoo wuh
kzi acoo acop ieg
kzj wfl igq vfc pxg
kzk acoq acop acoo uom
kzl acop acoo acoq aakr
kzm acoo acop uni
kzn acop acoo acoq kdl nql
kzo acop acoo acoq xob zwn
kzp acoo vyu
kzq gwt aet ruc
kzr acop acoo ldy
kzs acoo biv
kzt acoo kmj
kzu acoo acop aais kvv liv
kzv acoo ajz jme nue
kzw acoo cpt
kzx acoo acoq acop jhd
kzy acoo acoq acop aox vyc
kzz acoo rcs
laa emv yop
lab ofx
lac acoo tz cev
lad acop acoq acoo cbp
lae acoo uby oyo xx inv lxx
laf acop acoo brh
lag acoo yok
lah bgz snj
lai acoo acop mwa dqr iyv cil
laj acop acoo acoq mh
lak acoo srt
lal acop acoo yxf xmo
lam acop acoo upy ofn
lan acop acoq acoo gxh meo hl
lao acoo tso
lap snd
laq acoo bd dpl
lar acoo acop xnn bfr bup
las acop acoo gnc tgl
lat acoq acoo acop ehi
lau acoo acoq acop pns lfr aaad
lav acoo qhl
law acoq acop acoo mev qrf
lax pfb
lay acoo acop acoq xzh
laz acoo wtp plr
lba acoo edd
lbb acoo acop elq
lbc acop acoq acoo acdr mrl
lbd nvb dif
lbe ark ajf
lbf bay
lbg acop acoo aajn
lbh acop acoq acoo sqb
lbi acop acoo eet vzn
lbj acop acoo acoq nhw zez
lbk acop acoo rss
lbl meo veq kzt
lbm acoq acoo acop cpj
lbn xst
lbo acoq acop acoo ing
lbp jjq lnn ddj
lbq acoo gzw
lbr acop acoo nzt
lbs zlc noh bel oxo
lbt acoo ayj
lbu acoo acop ozi mlo gsn
lbv acoo acop tsn vfe lzl ffp
lbw qdp
lbx acoo pum
lby acoo qcu phc
lbz acop acoo liw swe
lca pkt caa ere wge
lcb acoo pty
lcc acoo acop cvz bem kte
lcd yag ucf
lce acoo acoq acop woa
lcf acoo abcd tay cfh mzw
lcg acop acoo zxx fsw
lch sqr zru wxm
lci acoo fjx
lcj olz
lck acoo zhs bjo
lcl doz
lcm acoo acop rbw
lcn vmn
lco acop acoq acoo vgo
lcp acop acoo zmo
lcq acoo atq qvn
lcr acoo acop tfs acfw
lcs gmk vvi jlo ang
lct acop acoo fkt sfw owc gju
lcu lvn mpi
lcv acop acoo tmh tdw
lcw acoq acoo acop ugp (cgd esk)
lcx acop acoo abvz (lkj ycm rxi zqq)
lcy acop acoo absa
lcz acoo acoq acop ajj
lda xnh
ldb swu mk aanc
ldc acop acoo acoq nhb
ldd acop acoo acoq ksv vao wdy
lde acoo acop mjm vnx
ldf xbu vbm yxm qpp
ldg dca
ldh acop acoo ybu
ldi acop acoo fpd
ldj acop acoo rad
ldk acoo ons qgy cmv tfk vxg
ldl vea uoy tdn vkf jvf
ldm nnd fei cqp
ldn acop acoo acn
ldo acop acoo tgf
ldp acoq acoo acop uri
ldq acop acoo cmn
ldr acop acoo absl idw xgs tgh
lds acoo tbd oqg
ldt aaak
ldu acoo acop esi
ldv acop acoo acoq oge mwh
ldw acoo ywz
ldx acoo uka
ldy icb bhz zou aga
ldz acop acoo acoq bnp
lea acop acoo muy
leb rpv kbg
lec acop acoo acoq xgk
led acoo acoq acop s
lee jdy
lef egn voj fkv
leg acoo vvc zwl
leh acoo tnp mtq
lei bvj
lej exf (xln pim)
lek acoo oja
lel acop acoo cnh
lem acoq acoo acop hx
len acoq acop acoo kc
leo acop acoo acoq bgk
lep acoo bcs otw tqr
leq ojb
ler gkd
les acoo sfe
leu acop acoo mow suc
lev ndn
lew acoo zdq
lex acop acoq acoo inj ljo qcn pei
ley acoo oxn
lez acoo drs
lfa acop acoq acoo mkp
lfb plk
lfc acop acoo ovq
lfd iqv htn (ablq nnn kgc)
lfe twy
lff acoo acop ljz
lfg von
lfh acoo acoq acop dap
lfi tkz zji pes rmv rep
lfj acoo nqj
lfk acoo acop acoq eyj
lfl acoo acoq acop pbk
lfm acoo oyw yjk
lfn snc
lfo acoo acop iy
lfp acop acoo aakd acnl
lfq acoo acop jmi yc
lfr hlu (txn yjg)
lfs acoo acoq acop rxn
lft acoo acop fkc fpt lvu
lfu acoo acop pkk
lfv xal (g acnu wpb)
lfw jrc
lfx acoo acoq acop abkf
lfy acop acoo acoq huq
lfz acop acoo acoq uwt btm
lga acop acoo hgn
lgb acoo kyr
lgc acoo kba hzl nkb
lgd acoo ezc xal psd aceu
lge acoo ttj
lgf acop acoo acoq omr
lgg acoq acoo acop gmb pwc
lgh acop acoo acoq aaty rns dul
lgi acoo tcr
lgj acop acoo ggi arq hri pqy ftb
lgk acop acoo acoq mby
lgl acoq acop acoo lyc ant owm
lgm acop acoo aamn (acgw bxa)
lgn acop acoo acoq rhi
lgo acoo acop lsr
lgp acop acoo sgr
lgq acoo ackm
lgr acop acoo pxj
lgs hmy
lgt acoo acoq acop ibl
lgu kpj
lgv acoo acop qsd
lgw acoo qiv
lgx acop acoq acoo kme ucz
lgy acoo wwo
lgz zwf kcs
lha acoo azy
lhb acoo xfy bll urm
lhc acop acoo myr
lhd xxo
lhe acop acoo acoq ios tu kh abun
lhf acop acoo tkc
lhg acoq acoo acop guy od
lhh acop acoq acoo aclp
lhi hwo
lhj acoo xfb
lhk acoo acop wil aahd gwa (nkp oyb)
lhl acoo siz
lhm snm
lhn acop acoq acoo rav iwt
lho drm ljm yea ttv
lhp acoo sng
lhq acop acoq acoo ppm
lhr acop acoo acoq sol
lhs acoo acop ovk
lht acoo acop ruq
lhu acop acoo fhb edi xbf
lhv kzn
lhw acop acoo eej dyg ell
lhx acop acoo qqp
lhy acoo qpj
lhz acoo acop uqe kzd nve fkc
lia acoo acoq acop frw fos peo
lib acop acoo yet mqz
lic acoo boz fyx aaxx
lid acop acoo acoq xse
lie acoo acop ukf
lif acoq acoo acop achq qtm icj pcf
lig acoo abuo (qsu abxl sdf)
lih acoo oxr
lii acop acoo acoq abhi
lij acoo yzw
lik aaew pcy aawh
lil acoq acoo acop xgd
lim acoo acop abts vjl
lin acoo acop jgr
lio phn axa
lip acoo acoq acop wgc fca zym
liq acop acoq acoo oyd
lir acoo acop ec
lis acoo acop abpm aads
lit acoo iqh jwa iiz nqb
liu acoo ackn
liv acop acoo nxn
liw acoo jy aaqy kug
lix acoo noq
liy acoo sey
liz acoo tom ayd abtq fqc tnd
lja acoo acoq acop uvt
ljb acop acoq acoo hte
ljc acoo acop rxz ung xzc
ljd htr
lje dre ljf emu
ljf acoo pcn
ljg acoo acop ubr
ljh acoo acop vcu
lji uqz vvo
ljj acoo acop rez
ljk uqz zgk
ljl tas
ljm acop acoo acoq igh
ljn acoo yuh
ljo kji
ljp acop acoo aapq
ljq acoo acop zjt
ljr acop acoo lsf
ljs acoo mqw
ljt acop acoo fnf
lju abnd yqf c (bpp pdv)
ljv kuo wuj
ljw acoo hdw abtv fdv pvf
ljx kj
ljy acoo acop hid
ljz acoo acop seb xaf
lka acoo knc bzf rnp
lkb acoo acoq acop rer mxi hzz vsz
lkc acoo acop mea
lkd acoo acop csw
lke acop acoo acoq sgb orr
lkf acop acoo jmk
lkg acoo wok wce
lkh acop acoo gps
lki mxp
lkj acop acoq acoo pfj
lkk acop acoo ymz huy
lkl acoo acop kji usf oqs
lkm acoo acop acoq pyi
lkn vaa
lko acoo zho yzs xzi
lkp lip sdq
lkq acoo ynp xoo
lkr acoq acoo acop irq ggl atl kyd
lks acop acoo vln
lkt acoq acoo acop aarl gxz
lku acop acoo abpa
lkv kor
lkw acoo acop acoq nvk
lkx acoo pn
lky xlm eyc boo
lkz acop acoq acoo bth
lla acoo svk
llb acoo iac
llc acoo ekv hbb
lld acoo acop fhl hro yr pyw
lle acoo bez hkr tav mm mmn
llf acoo hms wnm
llg acoo tbn eil
llh acop acoo nqr hwy
lli acop acoo acmz
llj lwc
llk acoq acop acoo duh mdf
lll acoq acoo acop aaet dcn
llm acoo hlr grk ynw ufq fmw
lln acoo acop uyx
llo jbn
llp rnz dnt
llq acop acoq acoo esh
llr acoo sqk aaog ekg pd
lls acoq acop acoo coi
llt acoo ghn
llu acoo acop ykd xyo aaek vvj sax
llv acoo gvn
llw acoo hpx xzv
llx acoo acop arb jyu fei
lly acoo acop bcl
llz acoo qkx (wuh egb)
lma acop acoo lru fci
lmb acoo moc
lmc aahk vue
lmd acoo xgq meo
lme acoo acop ipb aboi kwj
lmf wks (fim eju) (ss rzw)
lmg acoq acoo acop etx
lmh acop acoo yjb
lmi abwx
lmj acop acoo acoq hhl
lmk acoo acoq acop lcm zul abrz
lml acop acoq acoo unp
lmm acop acoo phl
lmn qlb
lmo acoo znd
lmp acoo acop pai aboo
lmq acoo acop cvz
lmr iel ylk
lms acop acoq acoo kpe aca gwy zjp gro
lmt acoo acop yfw ttv
lmu xbm
lmv vl
lmw acoo taa
lmx abnc
lmy acoo acop acoq mxl yzx
lmz acoo acop blq
lna lte
lnb acoo acop ekx ntj jad
lnc acop acoq acoo ktb
lnd ccx
lne acoo aacy bza
lnf acop acoo acoq glk
lng acoq acop acoo cmd
lnh fcg
lni acop acoo qbp
lnj acoo abqu uds aaxe cr
lnk acop acoq acoo rbj frx jpo
lnl qzy vxx
lnm acoo egn
lnn acop acoo lwq
lno acoo cjj
lnp acoo chu ldf rsh
lnq acoo acop khm
lnr acoo acop xsz
lns ogr
lnt acoo acop acoq jdh
lnu fvm xzg
lnv bjt
lnw acop acoo acfo zei mwg liv
lnx acoo acoq acop tqg
lny vtc gvu
lnz udj
loa tum zsz
lob acop acoo pou ablw
loc acoo acop gim
lod mbu izb
loe acoo urg uxw whr
lof sgj
log acoo acoq acop zeu
loh acoo tvd
loi acoo uft qjs wtj dsc xxg
loj acoo acop acoq aaae
lok acoo wat
lol acoo onv
lom acoo acop xre
lon acoo osu xec shb aaoh
loo xem
lop acop acoo fan
loq ecn luv azf
lor acoo acop iwc
los faw mle
lot acjk sfp hui skn kmt
lou acop acoq acoo aauf ssy
lov acoo als hrg (yjw whx)
low acop acoo lqy
lox acoo bfk pmh bei
loy acoo ifs
loz acoo ern
lpa qks
lpb acoo kyk mas gcw
lpc acoo abf fey
lpd gje
lpe acoo acop acoq qod
lpf acoo acop abcg asi
lpg acoo acop vbe
lph wuq
lpi acop acoo acoq pmg yqq mtv
lpj acop acoo uta
lpk acoo rxb abja rzs
lpl acop acoo abfr (kdv ycz) fzf khu
lpm acoo acop mlq fhs btu
lpn acop acoo jkl
lpo acop acoo enb
lpp bxk
lpq acoo iwn
lpr acop acoo hdf
lps acoq acop acoo kzt yke wpt
lpt acoo acop dtx aawn prb mfb
lpu acoq acop acoo abgy
lpv acop acoo acoq ngw
lpw acoo bqk
lpx acop acoo rmo lue
lpy abqt
lpz acoo zmm tar
lqa acoo xbx kic
lqb acoo aajh
lqc acoo acop wbu
lqd acoo acop idc dmz
lqe acoo acv mh wbf
lqf acoo ipg iog acna oaw
lqg acop acoo rzf sjd
lqh acoo acop jvn pxd zdc
lqi acoo acop iss
lqj wdw
lqk acoo bnv achx
lql acoo acop acoq csi
lqm acop acoo lqf
lqn acop acoo acoq fsk
lqo ybd emn nre
lqp acoo acop lmt
lqq acop acoo jmk piy rvz uja
lqr acoo acop acoq cmq
lqs acoo yrd oeq
lqt acoq acoo acop jri
lqu ivh lvo zue
lqv qat
lqw acoq acoo acop qzn
lqx acop acoq acoo qff mmb
lqy atn
lqz acoo la aavt
lra acop acoo wgk qsi
lrb acoo bam
lrc acop acoq acoo bjs acok hyn ydq
lrd jna
lre fsh
lrf eof abfc nqa
lrg oko gdq puf
lrh acoo acop yji
lri acoq acoo acop iqu
lrj acop acoq acoo woa fdi vat ext
lrk nxv
lrl acoo acoq acop pmk ott
lrm zvl
lrn acoo omh xyv wox
lro acoq acop acoo ka upe bly
lrp vpe
lrq acop acoo acoq lvw
lrr acop acoo abgz
lrs acoo flm bro frf abdi kvc
lrt jvj
lru sda
lrv acop acoo rmw
lrw tfs gpd zrr
lrx acoq acoo acop goi qcx cyd jbm
lry acoo acop acoq dbs ivj beu nqc
lrz acoo ss
lsa acop acoo acoq wyw
lsb acop acoo awv rnh
lsc wgm
lsd cmn ihs xkm
lse cak dkn zhx
lsf acoq acop acoo ypf
lsg zbp
lsh kjo
lsi acoq acop acoo crw
lsj acoo kdy
lsk acoo bga art
lsl acoo mpx vsj
lsm acop acoo gbh dtd
lsn acoq acop acoo itx mfb
lso acoo iac
lsp acoo rii
lsq acoo czv
lsr acoo acop arj chn
lss unx aaji wdj msi
lst acoo rxw
lsu acoo acop nu
lsv acoq acoo acop ypj
lsw acop acoo acoq ahu
lsx sjj rou lq
lsy acoo lpo abvj xmd prz
lsz acop acoq acoo byr geg
lta acoo acop tki wnp
ltb cwe ydu ytn pzh
ltc djb
ltd ohv zol wpf
lte acop acoq acoo qnr
ltf acoq acop acoo izb
ltg acoo acop ipj
lth acae
lti ruw
ltj aip qwy
ltk acoo acop uel
ltl lqy nob
ltm hrm xmh
ltn acoo crq
lto acop acoo inb ypd
ltp ihe owy
ltq acoq acoo acop fel imd sbw
ltr acop acoo acoq suq
lts acoo kwc
ltt acoq acoo acop fop
ltu ryw
ltv iom bsx cqr
ltw xfl eqg
ltx acop acoo xih
lty acoo dxp abkd
ltz acop acoo ezs
lua acop acoo gvc
lub gny
luc acoo wul
lud acop acoo usd
lue acoo ghk zoz kys
luf acop acoq acoo ysd
lug acoo knu
luh ovp
lui acoo acop mc
luj gsv wko baj
luk acoo acop xpb ttj ejo
lul acop acoo rvb xhi (cqt qeu fnr)
lum vqo
lun elk czg aeb zsa qcp
luo acoo acoq acop efw
lup acoo acop jfs mxm
luq acoo acoq acop jfi aaez
lur acoo acop cbk
lus acoo acop nti
lut acoo acop abmg aarm arx
luu acop acoo zql dez wah
luv acoo gme
luw acoo acoq acop ocy
lux acoo zsk zvk
luy vrj cdj
luz acop acoo yga
lva acoq acoo acop nfs
lvb acoo acop bip cbg
lvc acoo rgd whz
lvd acoo sut xav bze
lve acoo acop iqv iie
lvf acop acoo ier
lvg acop acoo acoq yge
lvh acoo acoq acop enx wst
lvi acoo acop srj
lvj acoo acoq acop hze
lvk acoo acop eed
lvl acoo gam
lvm acoo acop ssk
lvn acop acoq acoo ets aayx
lvo coj aaaz qyw
lvp dzd xbj ltq
lvq acop acoo acoq azq zzt
lvr acop acoo ksp jyq xtg
lvs acoq acoo acop sy
lvt acoq acoo acop hsl
lvu acoo wko
lvv acoq acoo acop bha
lvw acoq acoo acop bkc anr
lvx wpg
lvy acoo vur
lvz ablb ctq
lwa ndp jcj qwe srv
lwb acoo acop hiw
lwc acop acoo aca ne gov tic
lwd acop acoo tbm
lwe acop acoo accs qnc
lwf fly
lwg acoo acop iwo
lwh acoo ait
lwi aato
lwj absp pvy
lwk acoo pxz kra vcf
lwl acoo obm ygr
lwm acop acoo acoq bjr
lwn acoo qzd
lwo acoo acoq acop klf mb mn
lwp acop acoo vsv abaa
lwq acoo svv
lwr acop acoo adm
lws acop acoo jdt
lwt acop acoo xva
lwu acoo atu
lwv acoo eeb bkm
lww acoo qkg
lwx acoo acop acoq ops
lwy acop acoo czl
lwz vdx
lxa xpt
lxb acoq acop acoo qnr
lxc vbt kvm abpd ixb ofh
lxd acoo acop vdk
lxe rvh
lxf acop acoo pud
lxg acoo acoq acop lpq
lxh zmv moi
lxi niq tbl
lxj acoo acop osx
lxk jdz
lxl acoo acop aaww
lxm acop acoo hv ykr
lxn ikh ghv
lxo wcj qbd ngo
lxp acoo abxb acak
lxq acoo cft
lxr acop acoo tb
lxs acoo acop ysc nls abap pnv rop
lxt ylp
lxu acop acoq acoo hzj
lxv acop acoo acoq ssu ffi mzx
lxw acoq acop acoo nes vez lam mng
lxx acop acoo aabp jja
lxy acop acoo mih opn
lxz acoo acop qvj
lya acop acoo yft bbt achy
lyb acoo acop acoq fsy num
lyc sgc lcv
lyd acoo acop uhp
lye acoo acop esx
lyf acoo acop iyl xyt
lyg acoo oaz
lyh acoo hnd
lyi acoo acop acio
lyj acoq acop acoo wdv ajr uyc xxu
lyk acoo wnk pfz
lyl acoo acop ton
lym acoo acoq acop ffo
lyn acoo pd
lyo qjh
lyp tso
lyq mqc hzx
lyr acoo mpf whl
lys acoo acop xap
lyt acoq acop acoo iqi
lyu acoo gsm
lyv ggz bjw gba
lyw mow
lyx uyq
lyy fjr moy zjt soq
lyz acop acoo jpb
lza acoo acoq acop jru jpz pds qff
lzb acoq acop acoo mwb
lzc acct
lzd acoo eel wqs
lze acop acoo acoq lsc ghi pug txd
lzf acoo acop cvc xmb vmp yeo mdd
lzg acoo acop abvm
lzh acoo acoq acop bix (abxq vpl twr tev)
lzi bps dvs khb
lzj acoo acop iyu
lzk dho pwv tzd zrg
lzl acoo jwi
lzm acoo aex
lzn acoo rgl
lzo taj
lzp acoo bdx usb qsn lxl
lzq ety nh wfu
lzr acoo acop mkq
lzs absu
lzt acoo rrt
lzu acoo acoq acop rbc yfa
lzv acop acoo acoq lnk
lzw acoo acoq acop uhw
lzx acoo afx
lzy fhy dur elp
lzz acoo gut
maa acoo kxb
mab acop acoo lll
mac acoq acoo acop eqd
mad acop acoo trm
mae acop acoo abfz ocw
maf acoo acop acoq fgm abuv
mag acoo liw
mah ybb
mai pak cfs acbr
maj acoo acop acoq hvx
mak aciy ejh
mal acoo acop mbn (fwy kaj)
mam acop acoo aagv gx aasr fsj
man acoo vzm dyg
mao acoq acoo acop qga acat qsi
map acoo ynj qdp mto
maq quh
mar acoo acop yxy
mas acoo acop guc
mat wjr
mau acop acoo nft
mav acop acoo abol
maw acop acoo sxw
max acop acoo dgz
may acoo hic
maz acoo acop nsu
mba acoo aasf
mbb acoo irs
mbc acop acoo jcj
mbd acoo gmt gan aaol
mbe uut
mbf acop acoo ufx
mbg nol
mbh acoo chn ymc
mbi acop acoq acoo aagw
mbj acoo acoq acop yyd lne nyi ofr ksc
mbk acoo acop abed atb
mbl acop acoo sdh (erf uan gwr)
mbm acoo ewy
mbn acoq acoo acop obt nwg
mbo acop acoq acoo ofw
mbp acoo rqe epp abpw
mbq acoo qvu
mbr acoo jum
mbs acop acoo btc aaes otf ttv
mbt acoo fto dtn
mbu acoo acop lvo aaz zbq rna
mbv acop acoo yly srb gwg tos
mbw acoo xoz
mbx acop acoo fum
mby acoo cto oqc pug ewl
mbz acoq acoo acop aatk dkp its
mca lgt bid hao mup
mcb acop acoo dgi
mcc acop acoq acoo rdv abra jbw gym
mcd acoq acop acoo pfs
mce acoo acop acoq gvy vtv
mcf acoq acop acoo abyv
mcg acoq acop acoo gyq xqz
mch noi
mci trg
mcj acoq acoo acop rss
mck acoo acop avt
mcl acop acoo tgs snu
mcm acoo acoq acop keq
mcn acop acoo hgj
mco acoq acop acoo ori xfp
mcp lew acnn acdn
mcq acoo xre aaui ulx abrg
mcr acoo ovd
mcs acoo acop ackz kcv kno
mct acoo acop hce
mcu acoo acop ptg
mcv acoo acop ldx fhg
mcw acop acoo akl
mcx kcz
mcy acop acoo czp
mcz pss
mda acop acoo iem jkl vtm duz bpx
mdb acop acoq acoo acoq vex xob
mdc acoo amc
mdd acoo acop sgg rys xdk owj
mde acoo acoq acop pmb
mdf acoo acoq acop nqo ptt
mdg acoo acop ibq
mdh cya qiw
mdi acoo acop acoq aasu
mdj acop acoo pwe
mdk wtn mhp abxm
mdl acoo acop qau ttg pnn
mdm acoq acoo acop ava lwj abgc
mdn loc ytw (snx tgm awq)
mdp acoo acop ojh
mdq acoq acoo acop abvk
mdr acoo ehz saf
mds acoo acop idw (xbz obt)
mdt acoo hjo zfh qi ablh
mdu acop acoo ttl xxi
mdv acoq acoo acop pgd
mdw acoo acop act pbo
mdx acop acoo acoq wcd
mdy mnr
mdz acoo abuk
mea acoo bnl
meb sbg
mec vwp bby dlw
med acoo zmo abxc (gzu cih)
mee acoo acoq acop se
mef acoo vrk
meg acop acoo acoq mgt
meh acoo mqx sog
mei ayg lec rce qmr
mej acoo fsv bgi
mek acoo jtj ioh odd (qky ihk)
mel acoo rjg (acmy jfy)
mem acop acoo gvc aads aacp
men acop acoq acoo nfu azs zph csi
meo acoo acop fkn mir txp
mep acoo dhi (vom tgv iot)
meq acoq acoo acop eer
mer dsq
mes acoo acop acoq ufh mxy
met fco lnw
meu acoo acop vzi wlf
mev acop acoo acoq lnp
mew acop acoo cio
mex acoo zkg
mey acoq acoo acop zun
mez acoo acop vdd
mfa acoq acop acoo cdn
mfb qbn
mfc acop acoo hms
mfd acop acoq acoo tsp uro svv t
mfe acop acoo vgq
mff acop acoo acoq aaam
mfg acoo lve
mfh acoo acop acoq vlg
mfi acop acoo acoq hna
mfj acoo fjl hih
mfk njv
mfl yqd
mfm acoo shz
mfn acoo acoq acop qgu ueb
mfo acop acoo acoq mlw
mfp acoo cnm
mfq acop acoo gqa aagk eww
mfr acoo acop acoq aboh zru (wfy jqh)
mfs lpm
mft acoo vus apk rmb qzz ocq
mfu acoo abod gsr xxg
mfv acoo acop pxi
mfw acop acoo dap
mfx acop acoo anj
mfy acoq acop acoo dic owa
mfz acop acoo mqt buj
mga acoo wck cs
mgb oxt
mgc acoo azz
mgd acoo pov
mge acoo iwh
mgf acoo absa
mgg acop acoo ru
mgh acoo bvq
mgi mgc
mgj acoo emg
mgk coy
mgl acoo acop abdw
mgm oat
mgn acoo rkl
mgo acop acoo jc
mgp owh
mgq acoo acop dsb pt
mgr acop acoo acoq jlh
mgs acoo bpn
mgt dez
mgu acoo aazz (swb zhi pwl)
mgv tec abmi lkj
mgw anf ybi qew
mgx acoq acop acoo enk
mgy acoq acop acoo huu
mgz acop acoo aaix
mha acoq acop acoo jxt
mhb acoq acop acoo cub (kll kav)
mhc acoo acop abtj syd tyo
mhd acoo wwz
mhe nvv
mhf acop acoo lbg oau xdq sog
mhg wrh
mhh acoo acoq acop ryv zdf qdt
mhi kml mbk
mhj jla
mhk acop acoo yly day
mhl acoo wz
mhm acoo avr
mhn vvj
mho acoq acoo acop kjt ark zda azn acmy
mhp acoo ayd
mhq acoo glv tyd hoj fch
mhr acoo acop zct pjj
mhs bga xpz vll jzy
mht acoo acoq acop klh
mhu ska jni vbe
mhv acoo acop yms wuz
mhw acoo acop zhi mjm sec
mhx acop acoq acoo aaxu
mhy ojp jeu rbc
mhz acop acoo ivw efn aai sct
mia acoo acop ann
mib acoo acop ejp
mic acop acoo acoq zds
mid acoo lo
mie acoo fbj kys
mif acoq acop acoo usc (cyd hva)
mig acop acoq acoo oiw wct
mih acoo jau ydl
mii yxh pti
mij jca vua eis lhp
mik acoq acop acoo xqo
mil ton
mim nkr
min acoo fur
mio acop acoo xcr
mip bsx qau ita aaya uin
miq acoo acop ykf fap kir
mir acop acoo dyu leq mdn
mis acoo acop win
mit acop acoo ekf
miu acop acoo aajb abhl
miv kml exf aaaz
miw acoo acop vqe dsn aahi
mix acoo slc
miy acoo acop xuf
miz acoo prf lcd
mja acop acoq acoo ekg kcc
mjb acop acoo zkb aalr
mjc acoq acop acoo uyw ceg
mjd aoh
mje acoo acoq acop rsn
mjf abpz
mjg abfc
mjh acop acoq acoo gxb
mji acoo vah aafs
mjj acoo acop acoq ufw
mjk acop acoo abqe
mjl acoo dwv
mjm ier adq qoh tqa
mjn acoo hmh
mjo acoo mzy ipj
mjp hen
mjq acop acoo fhc
mjr abzp
mjs acop acoo qgs ahq
mjt acoo acop ykq hvg fhr pas
mju gjg
mjv v rcn kpw xwo acin
mjw acop acoo acoq bch por iny
mjx acoo acop cik
mjy acoo xxp
mjz acop acoo abof
mka acop acoo crc
mkb acoo acop bcg
mkc acop acoo fns uij
mkd acop acoq acoo mjt rxq lcm qii
mke acoo acop bgz
mkf krq
mkg acoo acop acoq abxz cat
mkh acop acoo acoq ebe
mki acoo ndg
mkj acop acoo ept xss bsn
mkk acoo gbd
mkl acop acoo dxj ohu eyk acev cuv
mkm acoq acoo acop acee ecc tkw
mkn acop acoo acoq aaqo
mko acop acoo acoq rot
mkp acop acoo ybx cwd uvx
mkq ppr lfn
mkr acoo acop ojy
mks acop acoq acoo fyt
mkt kqh
mku sfs
mkv acoo tyw
mkw acoo yrd ere vf guz ggp
mkx acoo aasx
mky sxy pbg xcp
mkz acoo acop acoq aatv
mla acop acoo cnw
mlb acoq acoo acop yvh
mlc acoo mnv ghl pbp abus
mld acop acoq acoo adz rsf wqz
mle abpn
mlf acoo mil kap asf
mlg zrt ynr
mlh acoo ixv
mli acoo acoq acop bej
mlj lsw
mlk acop acoo xbr
mll acoq acoo acop tsp pzm
mlm acop acoo aaar
mln acoo isp
mlo acop acoo egh ege uyc
mlp acoo fjk
mlq mmy
mlr kza ntu yzi
mls acop acoq acoo yuy ypi
mlt acoq acoo acop uqk lkp
mlu acoo acoq acop wxy
mlv hsu ykt
mlw acop acoo acoq jkr lvp scn
mlx acoo twp
mly rae qdu oth
mlz acoo acoq acop aov
mma acoo fgv qla
mmb acop acoo yzx
mmc acop acoo acoq xgz fnr izs
mmd acoo acop sif
mme zfl
mmf acoo uep
mmg acop acoo acoq ytr
mmh acoq acoo acop kkf qeg
mmi ez
mmj nxp pvp
mmk acoo acop acoq inc
mml acoq acoo acop iqm
mmm acoo ifw wsa
mmn acop acoo fqk
mmo acoo bhm gnn ddp zhr jho
mmp acop acoo sbj
mmq acoo kfv kio
mmr acop acoq acoo yys xrn
mms acoo acoq acop gul
mmt acoo nge
mmu acoo zes
mmv acoo uxk
mmw acoq acop acoo uka jts aahz
mmx acoo wu
mmy acoo xyh
mmz nvu
mna acoo qyb ijg
mnb acoo jlb gkr nkr
mnc acoo uus
mnd acoo acop ggy hxb
mne acoo xrg cix
mnf cmx
mng acop acoo rze jhl npx ujm
mnh acoo acop uwt vzj
mni acoo acop acoq zxe
mnj acop acoo nxt
mnk acop acoq acoo jys
mnl acoo qhq
mnm acoo dxu
mnn acop acoo oma
mno acoo tys
mnp rcx yak fbm
mnq zsf
mnr acoo acop acoq cvn
mns acop acoo xmv
mnt acoo wxq
mnu acoo uvs kev
mnv acoo acop ued ejc xcw hxh
mnw acoo acop pi onw
mnx acoo acoq acop qlo
mny qwz zgz
mnz acoo acop fuv nnb
moa acoo tzp qyu swq
mob acop acoq acoo acfm
moc acop acoo bms doq yoq
mod acoo zwe
moe acoo acop htq
mof aasv
mog acop acoo pbh
moh myd mxr (txb vwg)
moi acoo knu
moj jyb
mok fpq lnq
mol acoq acoo acop acmw dwt rsw
mom acoo acop lus tos hcd
mon job (lnr pxd nxu)
moo clf
mop hir
moq acop acoo acoq mog
mor acoo acop acoq zyd bsc
mos acoq acoo acop lel (sob muo)
mot acoq acop acoo sfp
mou acoo roo fsn
mov acop acoo abbv
mow acop acoo acoq ykc
mox acop acoo kky
moy acoo acop xg mfc zpj
moz acoq acoo acop ogr kri isj pmw
mpa acoo yzv yzn
mpb acop acoq acoo mah
mpc acoo vlx
mpd xbd
mpe acoo acop udo
mpf acop acoo nrj ocu aso
mpg acop acoo acoq el vbh
mph acop acoo wga gsj lth
mpi acoo hkq
mpj acoo acop gbq
mpk acop acoo acoq azm
mpl acoo acop yfu
mpm dme
mpn vml
mpo sqt
mpp acop acoo jdg
mpq acop acoo uot nxt pix
mpr acoo hhz ioj
mps moc
mpt acop acoq acoo wbz
mpu acoo acop jkt gmw hul pcp
mpv acoo acop xaj lmw
mpw acoo acop acoq nnc
mpx acoo acoq acop nhg gyz
mpy noi
mpz fpa orj mfz
mqa pjf
mqb aavm qra ijh
mqc acop acoo yir
mqd ouc abuz
mqe acoo oyj
mqf acmf
mqg acoo omf yk
mqh eoa
mqi acoq acoo acop idy
mqj acop acoo vui vqz (rqc xon)
mqk acoo acop lbn (xcf ntr lyk)
mql acop acoo nlf
mqm nad cwe bvz ggh
mqn acoq acop acoo nhr
mqo acoo acop acoq tfj aafs ysl ylz wkt
mqp acoo abyr orb (ifz jzk)
mqq qvp tid abph
mqr isx
mqs acoo ilj opf
mqt acoo acoq acop abch sum dub
mqu ucy
mqv acoo acop gbg
mqw acoo lea aabv ljy
mqx acoq acoo acop yya
mqy acop acoo drs wmg kkq
mqz lcu xge
mra acoo kdt
mrb acoo srq
mrc zpx wks
mrd acoo tnr tfw ejw nsr
mre acoo acop svt
mrf acoo acop acoq gtw
mrg acoo acop acoq vsh
mrh acoo acoq acop qli
mri acoo acoq acop paj bug
mrj acoo acop xea
mrk acoq acop acoo ztq
mrl acoo jdh
mrm acop acoo dyx
mrn acoo cuc xwk
mro acoo acop ego
mrp acop acoo abls tbl otl
mrq acoo blg etm hxg
mrr acoo wna
mrs acoo uza
mrt acoo acop win oie
mru acoo acop yju mst
mrv iiq pui npc
mrw acoo acop hps
mrx acoo xjw ygd
mry acoo tph
mrz acop acoo qsg
msa kge
msb acoo acop acoq sfo
msc tch
msd acoo acop hwn aaqa
mse acop acoo acoq wtq uje qed
msf acba rcs sez
msg acoo acop oms
msh ouf ddy vna fwg ewd
msi acoo acop chk
msj acoo ofa
msk acoo acoq acop yye pdj upm
msl acoo ita
msm acoo acop acoq flk afb
msn acop acoq acoo qcs bha
mso acoo acop acoq cmn iby
msp acoo acop hrv elk wpi
msq acoo ugn
msr acoo bph
mss acoo aw
mst dnl
msu acoq acop acoo vbn iib jht
msv acoo acop szv
msw acop acoo acoq qqx kdf ege yyo
msx aacv (lsh tib xsp ucw)
msy izv
msz acoo pr
mta acoq acoo acop thn
mtb acop acoo acoq yts eyu ajp
mtc sig mee
mtd acoo tnn nnf
mte acoo mza zuy tkc hia
mtf acoo lep
mtg acoo ibt
mth acop acoq acoo tdc (khv ixf)
mti acop acoo imx
mtj iiw
mtk acoo hml fpq gqj anz ksd
mtl acoo acop xbm
mtm acoo acoq acop kxn sfp
mtn fzo
mto acoo acop gkg
mtp lcq clj
mtq acop acoo acoq akd dsa uqd
mtr acop acoo acoq lld ft
mts it ess tlp
mtt ahc nbx
mtu acop acoo ajv
mtv jez (nnu udh)
mtw acoo cmy
mtx acoo hed kvg
mty wvo
mtz acoo acop spq iap szb
mua ogf iyg
mub acoo ihz vsj
muc dd uyv aavi
mud acoo qpl
mue acop acoo uub
muf aavs
mug ifx
muh acop acoo vdg khv srw
mui mmn
muj tad
muk acoq acop acoo nmf
mul acoo ssa
mum dce qkg vys
mun acoo acop obq
muo acoo pon
mup acoo acop tpc
muq acop acoo ldj
mur acoo acoq acop aae jwl rxt
mus acop acoo cls ljm
mut acoo acop pdq iom
muu acoo acop ojy rgj
muv acoo ntj
muw acoo ahl
mux acop acoo acoq obp
muy acoo pnz
muz acop acoq acoo bez
mva out
mvb acoo nyh cev nbx nsd
mvc acoo acop acoq irj krs
mvd acoo acoq acop oaj ubk aaec kst
mve acoo acop fyr
mvf irf hrj qha xch lxr
mvg nlr nsi
mvh acoq acop acoo zna
mvi acoo aatn acfb hie
mvj acoo acop sqz abro (uph ngt) pjt
mvk acoo acoq acop izp
mvl acop acoq acoo ome
mvm acoo mqa
mvn aaju ntz zny abyt
mvo acop acoo acoq ixd lvc acmx
mvp acoo acoq acop drq
mvq wqd
mvr xai
mvs acoo acop sgo
mvt acop acoo ygh aclu njq
mvu acop acoo khw bl
mvv acoo acop ufl
mvw acoo acop acoq bls
mvx acop acoo wiz
mvy acoo acoq acop vhf
mvz acoq acop acoo nxe
mwa acoo xt jqw
mwb gza ihi hsr
mwc acoo aats achb
mwd acoo qrj rac
mwe acoo dxk izd
mwf acoo acop acoq ole
mwg acop acoo acoq jaw bsy acml
mwh acoq acoo acop vwa pqp yiy
mwi acoo acoq acop wbj
mwj acoo acop boj
mwk acoo acoq acop ipv hea blp fvy cjk
mwl acoo era
mwm acoq acop acoo vwq
mwn acop acoo acoq ywt
mwo mam
mwp sew
mwq acoo aapx uxt
mwr lwn
mws acop acoo acoq uhq ltu gqm
mwt kaa
mwu acoo acop jtp
mwv acoo sgx
mww acoq acop acoo nhq
mwx acoo abiu
mwy kic isn
mwz acoq acoo acop blv koh eqo
mxa kyd
mxb acop acoo tav
mxc cy sft mle ckl
mxd acoo acop acoq frs nrf ujz
mxe wan aaaz azg
mxf ehx
mxg acop acoo acoq zxa tsl
mxh acoq acoo acop qum hoj x
mxi acoo acop vwo
mxj bey
mxk acoq acoo acop erf
mxl yyi
mxm fiq jyq
mxn acop acoo npe bew
mxo acoo lwi moq wmb
mxp acoo acop ntx abgn (srx ggr)
mxq acoo acop ttp
mxr acoo flq ugc the
mxs acop acoq acoo uyp
mxt acoo ebh
mxu acoo acop for tgl zjr
mxv uho
mxw acoo amo pbw zhc
mxx acoo wfa aanu
mxy acoo xyh dou hzz
mxz acoo bbf
mya acoo acop jcc
myb aaur abqf
myc hau rv
myd acoo xrt aez teq
mye acoo rsx sq bqf (abqq hzo)
myf acoo acop ilm
myg acoo fol (fvo maw)
myh acoq acoo acop naw
myi acoo acop acoq has
myj ooh
myk acoo tap abtm tfo
myl acop acoq acoo jw wfg etb nho
mym acoo fdg
myn acoo acop acoq wrw
myo dci
myp zsc rdw
myq oby oje smt
myr acop acoo acoq crf
mys ehc
myt acoq acoo acop dyv
myu tzb aapk sks
myv acoo ccn
myw jll mjh udm
myx acoq acop acoo ler
myy egh ynj vte
myz nab mqy
mza acoo yyi
mzb bbv kug zpz pym
mzc acop acoq acoo myf
mzd acoo acop aana
mze acoo acop exg vew teu
mzf acbp
mzg acop acoo acgb nos vzg ugm
mzh acop acoo acoq wek lbq rto
mzi veq lts ffz
mzj acoo hfr
mzk acoo jlv
mzl acop acoo acoq pxl
mzm acop acoo acoq ar tmx tun
mzn acop acoo aavn
mzo acoo acop eqo
mzp acoo acop ipt
mzq acoo vui
mzr acop acoo acoq zjc
mzs hyb hty
mzt acoo acop sio eyu ftv rpr
mzu acop acoo acoq lob
mzv oin ddw
mzw acoo acop acoq aabx
mzx dho
mzy acop acoq acoo edx
mzz acop acoo yzu ggl
naa acop acoq acoo lcd
nab acop acoo cqq ppv
nac acop acoo wyo qvt sln aapn
nad acoq acoo acop hqf odg
nae acop acoo zlq frg
naf acop acoo wvi gfi
nag acoo dbc zmv abna zne
nah acoo acop tmz
nai acop acoq acoo bxv sxp
naj acoq acoo acop czh
nak acoo acop acoq abxp qao elw
nal pep
nam acop acoq acoo sey byo
nan cmx
nao acop acoo aazy wtk gxx qgm vul
nap acoo rys
naq acoo grv hdk atz
nar acop acoo xfh
nas acop acoq acoo zny apa
nat trn
nau acoo nzg
nav acop acoq acoo ntc
naw vnh
nax acop acoo clc
nay acoo acop ykp
naz acop acoo bgp
nba acoq acop acoo ayn
nbb acop acoo avh
nbc acoo acop ixh uvu (iwq abdb) fvm
nbd acoo acop mtr fdg
nbe acoo ocg gug lyh hxs
nbf acoo od
nbg acoo upj
nbh acop acoo kse
nbi vrk
nbj bnk
nbk acoo acop lpd ihj ga
nbl acoo acop acoq zhp ydy
nbm ky yml jw
nbn acoq acop acoo toq
nbo acoo acoq acop hfp ttt kxl
nbp pyy
nbq acop acoo acoq gcs
nbr acoo mz dkl abdl
nbs aavd wur
nbt acop acoq acoo ubj acdu
nbu acoo wnm gbx
nbv acop acoq acoo rcg (hje wod)
nbw acoo jlk vhv
nbx acds
nby acoo acop acoq ecs mqp may
nbz acoo oqx tyq
nca zhd kzf abqt
ncb grm
ncc acoq acoo acop yvw
ncd acoq acop acoo usu
nce acoo xbs
ncf acoo tvx
ncg cap
nch acop acoq acoo mrd
nci acoo shz dzm wuw xmf
ncj zww
nck acoo qhh ydi klz
ncl sam acnx abef buf
ncm acop acoq acoo skj aog
ncn acoo cf cls
nco acoo acop brk agf
ncp acoq acop acoo kyt
ncq acoo xql tav
ncr acoo acoq acop moa
ncs acoq acoo acop pjx
nct acoq acoo acop iyx
ncu acop acoo acoq rpo
ncv acoo acoq acop grf aavl
ncw lhf
ncx acop acoo aamh
ncy acoo tll qgm oqf
ncz acoo wtz
nda acoo acop acoq aaxt
ndb acoo acop vma pfv ogg
ndc acoq acoo acop wfi
ndd acoo acop jub apt acbi aaxe
nde lva vpn rcy aaxh
ndf acop acoq acoo tza
ndg dps gpu
ndh mrx
ndi bxg hhg hfq kfp
ndj acoo acop foj
ndk acop acoo acoq mrk
ndl acoo hdn
ndm acop acoo smz kbi
ndn acoo acop acoq crf
ndo acoq acop acoo owd
ndp acop acoq acoo aa dma
ndq acoo acop yyt ewb
ndr acoo tfj
nds acoo okb
ndt lyk
ndu lcz oyc hpa
ndv acoo acoq acop qjy vrc yhq
ndw acoo acop rpc qqp feg
ndx acop acoq acoo tzb vic giz
ndy acoq acoo acop dap
ndz acop acoq acoo gqx
nea acoo acoq acop xqf
neb acoo acop agc men
nec acop acoo qlz ctc
ned acoo acop giq
nee acoo eof
nef acoo kna
neg acoo hg
neh sxu
nei acoo izr
nej acop acoo acoq mwg ifa ehs ece
nek imr hyx diy
nel ixh npw kyk
nem acoq acop acoo sup abok toi
nen acoo acop bek njz abpt bdo
neo acoo acop aagc
nep acoo ouo
neq acoq acoo acop nmi
ner acoo usd
nes gsk abgn kxp jft
net acoo kjj
neu acoo acop mpl
nev acoo cqv ygg
new acoo acop gtf
nex gxv
ney acoq acoo acop iwr vms asq
nez niu
nfa acoo arf elh
nfb acop acoo kjv
nfc acoo chs
nfd acop acoo oke
nfe qrz
nff acoq acoo acop abcx
nfg pys cq hra rrs
nfh acoo qjm xop
nfi acoo vej
nfj acoo zdl xmi pgz
nfk acop acoo acoq iyf jwm sbs rro
nfl acoo acoq acop xjp vlo
nfm acoo zya
nfn acoo ukm
nfo acoq acop acoo gif vaj
nfp acop acoo nvf xsb
nfq acoo acop acoq jrk zch ysk
nfr pzs
nfs acoo acoq acop vei
nft acoo acop kih nvd
nfu acoo acop jbj
nfv acop acoo abul
nfw svw whp
nfx syh rwv soy rev
nfy acoo fyd (abwk nxn)
nfz acoo acop aaad ubc iyq
nga acoo lke yu qby
ngb acop acoo omv tnu
ngc acoo acop jmw gzd lkz
ngd acop acoo acoq mxu
nge acoo acop pxy
ngf acop acoo arm
ngg acoo acop aaze mjo qlz euq oey
ngh acoo acop fni fpa hr
ngi acoo fad
ngj acop acoq acoo iwv arw acab fys
ngk acoo nsg
ngl acop acoo qxf xlf pmt bbx
ngm mi
ngn acop acoo acoq kap
ngo isb
ngp acoq acop acoo qou
ngq acoo acop acoq vqr xcc atm tkd
ngr acoo goj ju sns yfy
ngs acoo acop wdz ano
ngt acoo mrq
ngu acoo wcy zgc
ngv acoo aagq
ngw acoo acop rqz
ngx ahm kng kru fmi
ngy bfx
ngz acoo otq
nha acop acoq acoo ofb mxo abgl
nhb acoo wdi aoy vda
nhc qyq xfn
nhd acoo hcs (hqo zzl)
nhe acoo acoq acop mkk
nhf acoq acop acoo chi nrz jqo vxo
nhg acoo acop sry
nhh hvs
nhi acoo acop vkg
nhj acoq acop acoo hps
nhk acoo bn tns
nhl acoo acop acoq cmn
nhm acop acoo acoq mfj nyh
nhn acop acoo tbs oyi
nho cdc fig absn
nhp acoo tts
nhq pjv
nhr acoo acoq acop hsh ghq
nhs acop acoo uyj
nht acoo szy
nhu acoo nin elq
nhv acop acoo hpj
nhw acop acoq acoo leh aack wkl ptr
nhx acoo ache bqj npn
nhy acoo fxm
nhz bbs
nia acop acoo nkg
nib acoo acop xei
nic acop acoo aazy dzm
nid ano adv aaap
nie acoo acop cjd
nif acop acoo acoq djs
nig fus rqb nrm
nih acoo acop acoq bvv
nii acop acoo nqg uei ckd fer
nij acop acoo qmi dej
nik acky nha kmz
nil acoo dlv kik
nim acoo acoq acop qnd
nin acoo acop rms
nio acoo acoq acop qne
nip acoo sow
niq qmf
nir bsg abda qfh
nis acoq acop acoo jt
nit wcw
niu acop acoo ufk
niv acop acoo ofx
niw acoo acop acoq rgi
nix acoo acop acoq sbk abmz
niy acop acoo ews rom
niz acoq acop acoo toe
nja acop acoo yji
njb acop acoq acoo bxa
njc qhn qeu hjy
njd acop acoo th
nje acoo acop djh rbd
njf acoo elz pvu
njg acoo acop acoq eml cpm (bhp ivr)
njh acoo sby
nji acop acoo fyv czd jms vhs
njj twl gof
njk vjl idu abca dor
njl acoo acop exi
njm aapf
njn kwz dwp gzu hiv wbw
njo acop acoo yea
njp wre
njq fkj
njr acoo srg
njs acoo pya jss
njt acop acoo acoq fvk
nju hwo
njv acoo acop hql xlp yal
njw acop acoo abdn
njx mwd
njy yaj ngj rnf
njz acoq acop acoo rsi xgm
nka abzl qgf ojf kva bin
nkb bam vwv ycn acmb
nkc acoo hif qjp ilf vci
nkd acoo ykm (wtj oa)
nke acop acoq acoo abnn uim
nkf coa qyp
nkg acoo wpj
nkh ofc
nki acoo zcy
nkj acoo zlf
nkk acoo eqk
nkl acop acoq acoo yrb waq xfw
nkm xko
nkn acoo acoq acop znf duk eyg
nko acoo acop xef
nkp acoo sxx brx xii abrq
nkq acop acoo mlw mrc
nkr axl rls
nks acoo uov
nkt acop acoq acoo ueb ktf ppi uw
nku acop acoo acoq zgf
nkv acoo acop oxw acgo
nkw acoo ejw
nkx acoo apc (mmm smu)
nky acoq acoo acop aaqe
nkz acoo aazm pro
nla acoq acop acoo uhh
nlb acoo blc
nlc acoq acop acoo tip cyf abrk
nld acoo bkd
nle acoo acop lqz
nlf lwv
nlg acoo acop bcr qak
nlh acop acoo aatd gko
nli acoq acoo acop bri aakv
nlj acop acoo isa
nlk aath
nll acoo acoq acop haw
nlm acoo acop acoq shp
nln acoq acop acoo qsr typ imv
nlo bgb blb ilc wsy
nlp acop acoq acoo accg lc
nlq acoo acop ihd uwc ujk
nlr acoo acop lzi xgf nlg
nls acoo arv uso ltz acnl
nlt acoo acop rxo
nlu acop acoo kls ksl
nlv acoo xfr ygg chv
nlw acoo uds acbe
nlx zua
nly acop acoo qps
nlz trl
nma acoo qct
nmb ubq pyt
nmc acoq acop acoo mnh
nmd acop acoo aare flf
nme acoo iky abpa aaxk
nmf acop acoo acoq qzs izn efv pbn
nmg acoo acoq acop rsl zj wzu
nmh acoo qft
nmi acoo acop pqc
nmj acoo goq eou aos hik
nmk acoq acop acoo dbm fuu
nml acoo acop jcl nsh jax abof
nmm acoo acoq acop yuj
nmn acoq acoo acop qgy
nmo acop acoo acoq muu kbl
nmp acop acoq acoo jyf
nmq acoo uge kjg jno
nmr acoo ev buk abex
nms acoo msd ern
nmt acoo acop aclz
nmu acoo acop acoq sgs
nmv acop acoq acoo kbq acha
nmw wdk
nmx acoo qum
nmy ckb
nmz acoo kmn zwu
nna hdm
nnb acoo acop acoq kvr
nnc acop acoo abjw ddj
nnd acoo acop hev
nne acoq acop acoo dnh vry
nnf mze
nng acoo acoq acop tcn
nnh acoo acop rfw aaha
nni zp
nnj acoo htw ohs (rae isa)
nnk acoo aadd
nnl acop acoo acoq dcc
nnm acop acoo acoq yqe abzq
nnn dyp
nno acop acoo loe
nnp acop acoq acoo gef
nnq twe acma tf
nnr acoo luv
nns acoo acop ssw sgj wrz tza
nnt rep
nnu oyl
nnv acoo acop ven fny
nnw acoo acop acoq vqm
nnx acoo qps ptd uhk ggy
nny acoo acoq acop igy fta
nnz acop acoo xq etu
noa fqo
nob acoo bex fnp
noc acop acoo qzz zko
nod acoo acop ogx odu
noe ojb zhz doe dxj
nof acop acoo lbz
nog acoo nxg
noh acoo bla
noi acop acoo acoq vpo ycl
noj aql aatn
nok acoo acop aady jwi
nol acoo fye
nom acoo acop qja yzr ana hgs
non acoq acoo acop xky
noo acop acoq acoo jiz jku
nop ssa
noq acoo pvk hkm
nor acoo rjv iod
nos lkg
not acoo aqc
nou acoo acop o
nov wfx (aazg phv)
now acoq acop acoo eqn
nox acoo kbx edz (vbh xua)
noy acop acoo pwd
noz acoq acop acoo gra
npa acop acoq acoo hs ybz uhn abjq
npb acoo qyj
npc acoo acop ddt
npd acoq acop acoo gad abio
npe acoo ufs rlq oyr ane
npf acoo ezf
npg acop acoo sfm rok
nph ohj
npi acoo ccb
npj acoo dbo
npk wxr afs
npl acoq acoo acop wly
npm acop acoo acoq tmu
npn acoo acoo dpi
npo acoo acop kkg
npp acoq acop acoo qlu
npq bic
npr kbm
nps acop acoo hxi dbj
npt acoo out pbu oka
npu sjn roq umf oyu
npv acoo qvn bgv ebh
npw acoo hxr qyn
npx acop acoo xey
npy wya
npz acoo acop kt
nqa acop acoo acoq srl wxa
nqb acoo acop acnf wtf wvo fqu
nqc byl
nqd xda tca aacu aafo
nqe acoo zyf
nqf yqf imj yit
nqg acop acoq acoo zqn
nqh acoo acop jz cgr
nqi acop acoo nbg
nqj acop acoo acoq gby
nqk acoo acoq acop gyv
nql acoo acoq acop dha
nqm acop acoo gag ags tn lum anz
nqn acop acoq acoo emw aix
nqo acoo ths
nqp acoo acop qax
nqq ghx xao
nqr tdu nmd sip
nqs acop acoo bdb
nqt acoq acop acoo aauc wqa abrl
nqu acoo azs ote ovb
nqv acop acoo sao www
nqw acoo xre waa
nqx acoo acop nzy tea aw kll
nqy acop acoo ikp bnx
nqz acoo acoq acop tcq
nra glq cwk
nrb acop acoo acoq ybw yto acde dih
nrc acoo wel (aafw mjh faj ixh)
nrd acop acoq acoo eei
nre jfb zgw
nrf acoq acoo acop ujk aaa
nrg acoo axn pnr qwo
nrh acoo acop uvh uvu lxd
nri afk aavv
nrj acop acoo ugf mgc yub
nrk acoo acop acoq ecn aaib oue kar
nrl apf abrz acjr
nrm kta xxs
nrn acoo acop cjb
nro wwy
nrp acoq acop acoo achw
nrq acoo acop jv
nrr vpd rh
nrs acoo ygu hm dpj
nrt acoo acoq acop oby
nru acoo acop tly
nrv acoq acoo acop ndq
nrw acoo fzh
nrx isz aces dz lqo
nry oso
nrz acop acoo acoq xtv
nsa acop acoo kid ywo
nsb acoo nld
nsc acoo abej orn pft
nsd acoq acop acoo met
nse acoo acop tjc
nsf acop acoo yjn
nsg acoo acop adl
nsh acop acoo zzl
nsi mrd hwu
nsj acoo iod
nsk acoo acoq acop fma
nsl acoo odm
nsm xzl
nsn acoo acop tbi xca aafy
nso acoo acop hvs
nsp acoo ohw
nsq acoo bhg emj uqk
nsr acoo rev qmh
nss acoo gaf nfm (zmc qde)
nst acoo acop tdt
nsu acoo abln
nsv acop acoo wia
nsw acoo vzx
nsx acoo acop acoq cs xuu tnv rfw opl
nsy mlb
nsz acoo acop smx zuq jni rhy
nta acoo vve
ntb acoo epa
ntc acoo pat isy efg
ntd ohh
nte acoo nis lol abyz
ntf acoo jbk hmv yjw qjn
ntg acoq acop acoo quz
nth tuc yem
nti acop acoo iqj
ntj acop acoo uuk
ntk acoo acop vod
ntl acop acoo pxk
ntm acoo acop bfh ujq ouy kqh
ntn acoo dwz
nto acoo acop acoq bsp
ntp acop acoo eft gep dxz
ntq acop acoo nxp exv
ntr acop acoo acoq aahu kvh
nts acop acoq acoo lse
ntt acoo qpu mpa kgr
ntu acoo den
ntv aapd
ntw acoo acoq acop achx zxl dhy
ntx acoo ncu bqg fnr
nty acoo acoq acop ovu utv otu
ntz acop acoq acoo rah aage rmm nsf
nua ebs qwl lnq zhr
nub acop acoo acoq nzb
nuc acoo acoq acop irg
nud abiy
nue acoo acop xob
nuf acoo mxh axc jcz xtt
nug acoo dm
nuh jko
nui acop acoo sjr
nuj bgf
nuk acoo tlw uia zjs
nul acoo gba lzq xim uvj
num gzs
nun acoq acop acoo rmt
nuo mmo cci (fby pnf cyx)
nup udf ste zse zwg
nuq acoq acoo acop ehr
nur khu fd
nus acop acoo qzt acoe
nut acoo hlq qjd
nuu acdm
nuv xaa
nuw acoo acop xdf aamu
nux acoo acop sj
nuy acop acoo nvj
nuz acoq acoo acop zqf pcj trp vc
nva acoq acop acoo vak
nvb kjk
nvc acoo gcc ybt
nvd acoq acoo acop nqa
nve bxt nyb yqt eib
nvf acop acoo xrg
nvg ypv
nvh acop acoo dvd alu pzo
nvi acop acoo acoq abgu
nvj acoo soi fdp
nvk xbs
nvl acoo acop acoq isw
nvm xpx
nvn acop acoo ml
nvo acoo pua xzk
nvp acoo pum
nvq dna (aaab yxl)
nvr acoo acop acoq jrb yru
nvs acop acoo ihq rkj tmr
nvt acoo acop sln ajn rml amg lhh
nvu wfy
nvv acoo acoq acop vq mzz
nvw acoo kzu
nvx acoo acop zvz
nvy ldc
nvz acoo dci
nwa acoo acop tqt
nwb acop acoo qpn
nwc acoo acop fjz nxn ctw
nwd acoo vpo
nwe acoo dlh
nwf acoo acoq acop ivn
nwg bzo
nwh acop acoo acoq fbf aasz
nwi acoq acoo acop ntk aapv nyy
nwj acop acoo acoq yeh nxv mil trb
nwk acoq acop acoo xgu
nwl acoo acop acoq daa ftt
nwm acoq acoo acop aeb
nwn asv rtb
nwo acoq acoo acop xmf
nwp acop acoo gly dmi
nwq aazk vwx cxc
nwr acoo acop ito acai zwg
nws acoo acoq acop lhw
nwt acoo acop acoq huu
nwu acoo fki yjg kbq
nwv acoo bqb abzk
nww acoo hab
nwx acop acoo rin aaqg zyj kgp
nwy acoo acop acoq cgy fwl
nwz lrs ty
nxa whz (xnq jnk) grv
nxb acoo wpe
nxc zqr
nxd daj
nxe fmm
nxf lxk
nxg acop acoo acoq mzh
nxh dqh gzm
nxi uuw abcj
nxj nsb yqb
nxk acoo yha
nxl acoo acoq acop peg
nxm acoo hiz lnd
nxn acoo acop fzv
nxo acoo acop hvh jqo rnd lie
nxp acop acoo acoq ik cmg
nxq acoo acoq acop abzd glk
nxr acoq acoo acop cvn
nxs acoq acoo acop vgp ifn
nxt acop acoq acoo tgx
nxu acop acoo acoq ntp
nxv xxq
nxw owi cym
nxx acoo vnx obg
nxy acop acoo npw
nxz acoo acop biz
nya acop acoq acoo xiu
nyb acoo nhv
nyc acoo xrj
nyd acoq acop acoo dry qmo
nye udx
nyf oiy och
nyg acoq acoo acop iii
nyh acop acoo lhx jgy fui xod ndu
nyi uc
nyj ebr
nyk acoo acop acoq gsb
nyl acoo xnr
nym acop acoo wzo yxb
nyn czz
nyo acoo aamv
nyp iei fgy myk
nyq acop acoo acoq bvi
nyr acoo hse qxw aagf
nys svb idi abgh
nyt dfw
nyu acoq acoo acop vuc
nyv wcp sxt accs
nyw bkd aui ush
nyx rib
nyy acop acoo zfl
nyz acoo acop acoo
nza gne cte jxm hrr
nzb acoo acop acoq nvc gyp
nzc acoo acop dw
nzd acoo acop ssj
nze acoo wx
nzf acoo doa
nzg qjg xio iac dzu
nzh acoo xan vad sya
nzi acoo acop gcn
nzj acop acoq acoo rtw hn rht
nzk acoo acop ocw
nzl vkb
nzm slz eol
nzn acoo tpb abtq gci dyb xta
nzo acoo lfk llo lsd nkx
nzp acoo gzj vgc
nzq jdm
nzr acoo acop acoq yuz
nzs acop acoo mbp eey
nzt acop acoo kpm ina
nzu acoo acop rll
nzv aih abvk ijm aark
nzw acoo rlz frr
nzx acoo fqf xo jdk
nzy acop acoo acoq buu
nzz acop acoo xxr
oaa acoo jyt rrw ye cur
oab irb qio
oac acoo abwp
oad acop acoo rxj
oae acoo acop sgk
oaf acoo pbf (tdo dhu)
oag acoo acop acoq orv
oah acop acoo lga
oai acoq acop acoo mgr rct lh acdm
oaj khx
oak acoq acop acoo zqy
oal gsh
oam acoo lev pdw yhw
oan fv acck aapu qfl ww
oao acoo grw dls
oap acop acoo acoq mgn
oaq acoo ql aafi rqv
oar acop acoq acoo uqb sao
oas acoo acop acoq qbl aaku pci eic
oat acoo acoq acop tja cxi
oau pw
oav acoo rhs ouj fus dzi
oaw acoo acop lq
oax acoo acop ytd
oay ab
oaz acop acoo orh bgv
oba aom jpd
obb nin
obc acoo acop inl jfi tnf
obd acoo acop acoq jpq
obe acop acoo nkk
obf acop acoq acoo absx rlj xsc
obg acop acoq acoo qdi
obh acoo acnz
obi acop acoo acoq aakk
obj acoo why
obk acoo acop awn
obl acoo acoq acop bxs ixf aacu
obm acoo acoq acop eix
obn gbm pbr aanw nco ugq
obo acoq acop acoo nvo
obp tkh
obq thz mpc
obr acop acoo vvt pfs
obs acoq acop acoo erz
obt acoo acop hur ur
obu acop acoo dkh
obv acoo uaz wpn kql
obw xll
obx acop acoo fkx
oby bom cwe dqt
obz acop acoq acoo uxr
oca acoo oyf vml bdm
ocb hqg
occ acoq acoo acop abhf
ocd uij
oce eqs inc txo
ocf acoo acop igw bxc
ocg acop acoo acoq lzc
och acoo ppu
oci acoo acop vlj
ocj egc tyn abbg
ock acop acoq acoo kzv
ocl acop acoo acoq aaik
ocm acop acoo qfe
ocn acoo acop acoq fdu (aavk fji)
oco acop acoo juv
ocp pkv
ocq ivq
ocr oyd abaa
ocs acoo acop dzd
oct acop acoo acoq qrh
ocu acoo fzv
ocv acoo htt
ocw acoo acoq acop ztf
ocx lte sdz
ocy acop acoo acoq ege
ocz acoo hzf dsr abug
oda acoo efe pyj rkj
odb acoo acop mfd klw ljb
odc acop acoq acoo ucw xwk
odd acop acoq acoo zoi jae ofc aamq
ode acoo aaag
odf acoo yhj
odg kaj
odh acoo pgg zmu aale
odi acoq acoo acop wzi
odj arn uxv wmq fab
odk acoo acop kuk
odl acop acoo acoq mhd ove jly
odm acoq acoo acop jgx
odn acoo acoq acop gyf
odo acop acoo pyh uqk qbt
odp acop acoq acoo absi ipp ciu abej
odq acop acoo nio
odr acoo iyu
ods acoq acop acoo mlt
odt acoq acoo acop acmx
odu acop acoo acoq gkc
odv nix
odw mjk
odx acop acoo acoq sqo
ody ujg
odz acoo ydf
oea acoo zyz
oeb zek
oec acoo ris
oed aajp
oee acop acoo yob
oef acoo acop zoh nfr
oeg acop acoo hbk
oeh acoo lil
oei acoq acoo acop jly
oej acoo acop abjp rpx
oek acoo nbm
oel acoo acoq acop gas
oem sxz
oen acop acoo cyt
oeo acoo yes
oep acop acoo acoq bou
oeq acoo epl pzm
oer acoo xwn
oes acoo acoq acop rfq uth kyo
oet acoo dq
oeu ackx dei xzp
oev acop acoq acoo mfl dtt
oew acoo var xrx
oex dyd gvy
oey acop acoo acoq bob rtc
oez wvc
ofa wod zqw
ofb acoo acop wfu ykw lqt
ofc acoo acoq acop abjg
ofd abwa vnj eqm ewb
ofe acoo acop hfv
off acoo whk
ofg acop acoo acoq blq
ofh ozo
ofi pub
ofj acop acoo mp mzq ylq
ofk acop acoo aca wzb mq jom
ofl acoo gjc
ofm acoo acop kaw uzw vtf qyi
ofn acoo acop acoq ws nih
ofo acoo tur mhw ubi
ofp acop acoo zra ahf dfl
ofq ioj pqa gqj
ofr acoo acop zrh
ofs acoo acop mba
oft acoq acop acoo zcl
ofu hyr fia lyw
ofv yrd ute njo
ofw ayi pmi abbd
ofx acop acoo kdw
ofy acoo lit
ofz acop acoo aaxs
oga wkn zpz
ogb acoq acoo acop uof fcn yts jur
ogc dh
ogd acoo vpt
oge acoo hib
ogf acop acoo pyp
ogg acoq acop acoo hqb abe
ogh ema
ogi acoo acop rzp xkt
ogj acoo acop aye
ogk acoo jif
ogl acop acoo acoq vea
ogm fpy
ogn acoo acoq acop hzx
ogo acoo acoq acop wrk hhq xrz
ogp acoo wco (lau ny)
ogq acoo lxo
ogr acoo acop rnq ywv qel
ogs acop acoq acoo laz rf
ogt acoo qkp
ogu eko acfh
ogv acoo qtt btu
ogw acoo acop yua
ogx fnc
ogy acoo acop wes jri
ogz ccu hik khe mp cxe
oha doj
ohb acoo acop zcz
ohc acoo acop nku
ohd acoo acop sjv vcj
ohe abo
ohf acop acoo hew
ohg acoo tkv
ohh acoo acop tkh
ohi acoo syq fmd tkj xlj
ohj acop acoo kuq
ohk acoo him
ohl acop acoo cep
ohm acop acoo acoq tgd
ohn acoo aaht
oho xtq
ohp acoo acoq acop cdq
ohq acop acoq acoo rue
ohr tev brd
ohs acop acoo hnd aavb mvj
oht acoo acop acoq nuc kcg fdt acdq
ohu acop acoo yua
ohv acoo acop skp
ohw acoo acop elh jbd
ohx absb
ohy acoo ug
ohz acop acoo acoq sgp
oia nt
oib cnn
oic bti iea
oid acop acoo xmp ackj tsh zkj
oie acop acoo zw
oif urb
oig acoo acop hph
oih rdi iqg czk
oii acoo acop rii jpm wfu
oij xkf gpq lqg xuc
oik acoo lcy
oil dir acgo
oim acoo bnz rue
oin noh abpj
oio acoo acop acoq zrz ifx agb
oip acop acoo jkf tyv
oiq acop acoo atj obx
oir az
ois acop acoo jxp
oit acoq acoo acop gti
oiu acoo uxl aso tut jsw
oiv acop acoo ywd pkn qnb how
oiw acoo aabt
oix acop acoo rtg
oiy hjz
oiz rhc
oja acoo hny nfd ixi prx
ojb acoo acop rtt xwl laj
ojc acop acoq acoo ciu
ojd acop acoo sfp qzn him
oje acoo xih
ojf acop acoo ice qyt
ojg acoq acop acoo ppf
ojh acoo acoq acop caj uzn (mjn fvv idj)
oji aawv
ojj acjl hlu ttr
ojk szn
ojl acoo jvw usm mf
ojm dst zqh imp
ojn acop acoo acoq vkz
ojo acop acoo oqu
ojp acop acoo twr rf reb mpx acmn
ojq acop acoq acoo unq yen yj
ojr acoo osk mfi
ojs acop acoo new
ojt zhl
oju acop acoo pqc
ojv uif
ojw acoq acop acoo qkn
ojx gmp lco
ojy gve
ojz acop acoq acoo sbg
oka acop acoq acoo dbu mbc kq vie
okb pxi
okc lwg nsq
okd acoo dda npk
oke acdk
okf acop acoo fuz
okg acoo dpr vtj ykq
okh acoo acop mgk
oki acoo acop ohh
okj acoq acoo acop tju
okk acoo nma
okl acoo wmn jra
okm acoo acop acoq npi
okn ikm knb
oko acoo eaa kib ohm
okp ruo fsj rgp
okq acoo acop okl
okr acoo noo jpj vtx
oks acoo vth
okt acoo acop njy oh kbj
oku acoo acop yha
okv acoo acop acoq clz gvd
okw acoo acop rxc
okx aaqr
oky fpj
okz acoo bml aamr nqf sax ukq
ola acoo xjd ntg hmb iuf
olb acoo acop acoq fzq
olc abni ldq
old hjn qku raa
ole bde
olf nnk nfr rws pzg
olg gdh cqo jpg
olh acoo ukx hqc
oli acoo acop pqw njq fqb iuj
olj acoo jye ybc rvr
olk acoo abud
oll acoo puq
olm hfq uhy
oln acoo acop yvb
olo acoo acop aciy rmw abip sa
olp acop acoo acoq lzv
olq acop acoo acoq oyv qyn
olr kcs
ols acop acoo abvr uxu
olt acoo juj
olu acoq acoo acop smt
olv acoo rym bgs
olw acoo acop ipn
olx acw
oly acoo zmq
olz acoo acnk
oma acoo acop udl vtc gof
omb tob
omc acop acoo acoq hik gdf egl rkj
omd acop acoo acoq nn jtg
ome acoo djz xre
omf acoo acop acoq zqg amx xtc
omg gkl ofo hkm
omh acoo vrm
omi acoo llq
omj vzi ahz ckl
omk otp gww ccq
oml acoo acdw
omm acoo ado ksg zh
omn acop acoo ctf
omo acoo srb bgg
omp acoo axh
omq acop acoo kym
omr acoo acop acoq whb suw
oms aazr lne
omt agf ihv rk rpa
omu acoo acop yta
omv acoo hoj
omw oys dto hfo
omx acoo zld nbq
omy acop acoo ton snp lxw
omz acoo acop txq (eaa zoc) zha
ona acoo acop acoq djs
onb acoo uok
onc acop acoo aano
ond acoq acoo acop dwv euk
one acoo acop jvo suz wsm gxg
onf acop acoo acoq ydm kzm
ong rix
onh acoo acop kiz
oni peg qkn ywt
onj gib oer kjq
onk yiu eca dlp jfh
onl acoo ugs fyx
onm acoq acop acoo tbe
onn acop acoo yad
ono acoo vyf rwr ezy
onp acoo za
onq acoo kev cvy wli
onr xno
ons dxy dne lcj
ont acoo acop acoq bss
onu acoo lsp
onv acop acoo mtq
onw acoo lme rwp
onx acoo uft bnx
ony acoo acop sgn zaw
onz acoo acop pbk djy
ooa acoo acop acoq pdk
oob acoo cau gor
ooc acoo acop uqr ian
ood wyy
ooe acoo acop acoq htp auf ifm uis
oof acoo ium
oog acoq acop acoo srl yuj
ooh acoo acop xvk uhf aban
ooi acoo glx
ooj twr
ook acoo acop kfu
ool acoo sac
oom gqq spv
oon acop acoo qwy
ooo acop acoo aaoa
oop clp
ooq acop acoo acoq dos prx iwc
oor acoo imt
oos acop acoo rqj
oot acop acoo acoq aajl ruz knn
oou wif iwq whn
oov bxl qyq
oow acoq acoo acop tru
oox acoq acop acoo hyx nlj tdw
ooy acop acoo acoq mvv abyk dzf weq
ooz acoo acoq acop fbw
opa acoo acop ias
opb acoo acop jma
opc acoo acop vxe ok (bgw oru)
opd acop acoo awk
ope acoq acop acoo xhp
opf acoo acop qqt
opg acoo obb jva cep
oph lrq
opi acop acoo dpt
opj acoo otd vbd (iqr mbf)
opk acop acoq acoo zym aaex
opl kmy jz bzl
opm xau
opn acga
opo acoq acop acoo cbz
opp acoo qwh
opq jzi
opr acop acoo zco (ioj azj)
ops acop acoo kgb
opt mpl
opu acop acoq acoo tqk ewb
opv acoo acop acoq nju vyj ybn
opw acoq acoo acop hbr
opx aamw mqh fcb iwk
opy pmu pxd bvy
opz acoo acew xuw (ium icf ola)
oqa acop acoo nxb ie wxc hc
oqb acoo ssr miu uis
oqc acop acoo etm
oqd acoo acop wqx kqj
oqe acoo acop q
oqf acop acoo bqx
oqg acoo ugb
oqh acoq acoo acop emg abyo pya
oqi acop acoo acoq xxf
oqj aazp so (mtz hfr opi)
oqk acoo acop ghm
oql rdw
oqm acop acoq acoo abmq
oqn vhs
oqo acoo aaxg
oqp eid rpl
oqq acop acoq acoo zma
oqr acoo acop uwg
oqs aug kci kuy mxo
oqt dny
oqu acop acoo ecl
oqv ebm
oqw vdn
oqx acoo xjp xjf udh
oqy acoo acop cmb
oqz acoq acop acoo tbr
ora acoo bft saq bws
orb vpv vby ykh
orc acop acoo jpl syy wk prq kac
ord hhu sqp
ore acoo acop exh jum
orf acoq acoo acop ilm abiy
org yxz oxn
orh acoo acoq acop csq fpn abey
ori zzh
orj pbo
ork acoo acop dri
orl acoo acoq acop bxt eie
orm acoo acop kvn fci
orn xuh
oro acoo mi
orp acoo kul
orq acop acoq acoo abao vie uxs
orr acoo acop maw
ors acop acoo vhj hln qpq
ort acoq acop acoo abpd
oru acop acoo acoq cnm
orv acop acoo kwb
orw acop acoo fyg tfr
orx acop acoq acoo xny kix usc
ory hnz
orz acoo aalv fud gou
osa hsu tcd
osb acoo acoq acop mfl
osc acoo acoq acop ugw
osd acoo vrm mpn
ose acoo dft
osf acoo acop dpo weu
osg acop acoq acoo enz
osh dgi mns
osi acoo vwv
osj laq igy jqk hgh sky
osk cei ops
osl acoo vrn
osm acop acoo acoq kyo
osn acoo acop aabq bpk qbr
oso acoo acop xeh
osp acop acoo fl vpo wcd
osq acoo acoq acop ads
osr uvj
oss acop acoq acoo wkc qss
ost acoo acop acoq bzg
osu mxm sxu
osv gpw
osw toq (otz ion)
osx acop acoo tms
osy lec nhl aaii cmq
osz oqb oja
ota acoq acoo acop req
otb acoo szf aara
otc acoq acop acoo yfr efu
otd acoo acop kxy nrt
ote acoo cmm
otf gfa
otg acoq acoo acop ftl
oth acoo ltz pdd bei oar
oti acoq acop acoo rhm csu fhq vsc
otj acoo acop iva
otk acoo pfa bhv dxs dtx jcu
otl acoo acop caw ipx
otm acoq acop acoo qvb qwi
otn acop acoo ujg accg
oto acoo acop acoq vlw
otp acop acoo acoq abh
otq bco
otr acoo gjb
ots acoo mpm jpv
ott noi
otu acop acoo jsr
otv ibc
otw acop acoo amt
otx lnx
oty acoq acoo acop mqp
otz acop acoo acoq pvy hox
oua acop acoo bkz
oub acoo acop lon usy jty
ouc acoo hpz whv lft aalj
oud acoo myr qkf
oue acoo acop ptk
ouf acoo zjm
oug acoo xsh aams wlu kvm
ouh acoo kim lja rhx acoo zti
oui acoo acop acoq uya pod gzl
ouj acop acoq acoo ajn
ouk acop acoo acoq xan
oul acoo guj gce xro
oum acoo kyo
oun abpj
ouo acoo acoq acop rrg
oup acoo acop nzi qqa
ouq acop acoq acoo yod tjx mfl dcv bfy
our acop acoo fi
ous acoo guu unh
out acoq acoo acop hlx law kra abxg
ouu acop acoq acoo hka vxd
ouv acoo acop acoq lna
ouw acop acoo fwt sod rll
oux acoo leg
ouy acoo acoq acop dlz
ouz xlu
ova acoo wnz nas
ovb acoo vmb qw rxx
ovc jbd xmf bsz ojy
ovd acop acoq acoo aceb sjm vba kaq
ove acoo acop acoj ackh yzq hog jxl
ovf qse nex cvb
ovg acoo acop vix abhv
ovh acoo lam
ovi acoo acoq acop ofi nna
ovj acoo gss
ovk acoo vkz km
ovl wfg (ablc xha)
ovm acoo ysb
ovn acoq acoo acop jju lcf zgp tea
ovo acoo acoq acop nxz abkm
ovp acop acoq acoo rlm sgh
ovq acoo acop smv shx
ovr acop acoq acoo dpv
ovs aawo mrb lcl
ovt usd
ovu ahh kex
ovv acop acoo naa
ovw acoo dwo
ovx acoo acop ayt
ovy acop acoo acoq imr
ovz acop acoo lmf ckt pox
owa acop acoo acoq vfd faa aalc
owb acop acoo tqr
owc kgm oqa isb mgh
owd acop acoo msn
owe acoo bvi nbt ipg
owf esl eur lbc
owg qup
owh acoo udj
owi acoo acop acoq uiu jte
owj djg
owk acop acoq acoo rip aagh
owl acoo acop hdk jpi
owm acoo fvj kfo xlk dsi
own acoo acop snr
owo acoo wqg
owp acoq acoo acop ufk xhn auf wet
owq acop acoo acoq abjj mxi zin
owr acoo gxi
ows kel
owt acoo ele
owu acoo acop acoq kis dlt doz hez
owv acoo ctl
oww fgd kaq absq
owx acoo efv bcy rkt
owy acoo acop acoq cai
owz acoo acoq acop qzb
oxa sqs
oxb rys
oxc sri
oxd acoo diy aawk ilg
oxe acoq acoo acop hlh gte yix
oxf acop acoo acoq kvj wvn
oxg vcy
oxh acoo mzh
oxi acoo acop yeb
oxj acoo acop dlv vdt ryy (nzp zwu)
oxk acoo rwv vvm nwd myh
oxl acoo acop jrj
oxm lfm
oxn acop acoq acoo koq exn
oxo acop acoo lfd zcr
oxp acoo zbd
oxq acoq acoo acop frq abra
oxr acoo acop ukf fmk
oxs acoq acop acoo ablv
oxt tzn
oxu lgj
oxv acop acoo gck
oxw acoo ezl
oxx acoq acop acoo jeb wdz hpy
oxy tcs
oxz acoo acop gte pxw
oya acoo acop lnq ha tnh xxj
oyb acoq acop acoo zdg
oyc acop acoq acoo tvz abxx
oyd acoo ekl
oye acoo abjv
oyf acoo aaho
oyg acop acoo weg
oyh acoo gig
oyi fsi (bda tyw)
oyj inz khi tpb nyl
oyk acoo acop acoq xej sbe ryl vjv
oyl acoq acoo acop sqv
oym acop acoo koc
oyn acoo acop zkh aaut ohp
oyo iff
oyp acoo acoq acop rbd zgk
oyq gxn zfh ab onq uah
oyr acoo acoq acop xot
oys jxb gwq
oyt aaoy
oyu www ozh
oyv acoo acop smz obl
oyw acop acoq acoo ecr
oyx acoo iyi vix pjt pyw
oyy hba
oyz acoo aatl
oza xrm
ozb acop acoo rlh
ozc acoo acoq acop klm
ozd acoo aaoa
oze acop acoo orn exq iwo hlj
ozf acoq acop acoo jvh
ozg acoo epx wm
ozh acoo qzd vyd
ozi acoo acop rpq
ozj acoo uwu
ozk acop acoo acme btq
ozl acoo acop eob
ozm acoq acoo acop wlx ubj
ozn acoq acop acoo dki
ozo acoo qfg phk
ozp acoo ish quh nhp
ozq acoo acop lxw
ozr acoo jpq
ozs epg
ozt acop acoo zlj oov thb efa
ozu acoo sdh
ozv acoo acop wwd ctm rye hdy
ozw acoq acoo acop vbp uqi
ozx acoo acop asp skv fze
ozy acoo qnn
ozz acoo ffe
paa acoo qfr ddc vlf
pab acop acoq acoo ytx
pac acoo acoq acop vyi cbo vbq
pad acoo aaic
pae acoo aagp pgz
paf acoo geq abvf
pag acoo aciu dwn aaik
pah zof pgf
pai acoo acop qhg
paj lfs
pak acop acoq acoo tjm
pal acoo knf
pam acoo acop abbj
pan acoo acop ons
pao mvk ywg cyu
pap eqd
paq yxy
par acoo nlc
pas acop acoo kpa
pat acop acoq acoo rid rmh
pau acoo jra
pav acoq acoo acop xqt qve
paw acoo zdt zla
pax acoo acdh dhp lml
pay acoo acop gal mre
paz acoo ffc lbz bes ipp
pba org xwx
pbb acoo cm urf gbg
pbc acoo ho
pbd acoo yrn
pbe acoo acop acoq wre zck nqw
pbf acoo acop acoq mxg
pbg acoo jzs
pbh gvm
pbi abtc iyn aauw
pbj acoq acoo acop rtz fdb myx
pbk acoo acop acoq fmf
pbl acoo tkb
pbm acoo bt zox llx
pbn acoo pey ldl erd mpd
pbo ust
pbp acoq acop acoo ghq hjc pwd wiv ejv
pbq acoo acoq acop fep mzz deu
pbr acoo abnv
pbs acoo abnf
pbt acoo acop far
pbu acoo jw jzp guk
pbv acop acoo aaor eht cnf
pbw fmc
pbx div (atw awx) mml aog
pby acop acoo nmq
pbz smz
pca acoo wax
pcb azo jjn jze
pcc acop acoq acoo irv zbv pwc
pcd acoq acoo acop pxo
pce acoo acop osi
pcf acoo vkw vqj
pcg acop acoo zmm yxy sao
pch acop acoq acoo vsh hhz
pci acoq acoo acop zos
pcj acop acoo wnp nhw
pck acoo udc
pcl dcq pvw
pcm acoo acop hqh
pcn acoo aahf
pco acop acoq acoo vtt
pcp acoo acop nll
pcq acoo smc ivc
pcr acoo lfc eni rxv gak
pcs xyu
pct tlp
pcu acnt op
pcv acoo hvi
pcw acoq acoo acop eph
pcx rku ryu
pcy acoo qql (rwm eyb) gja
pcz acop acoq acoo hxb aay
pda acoo fzj roi pat cos ktz
pdb sbb
pdc acoo mwk
pdd acop acoo uyq
pde acop acoo wxh
pdf acoo abcf rbm jjc zyf nxj
pdg acoo acop acoq jpy
pdh acoo ebd
pdi zvp wrw yqm cbc
pdj acoo acop acoq aabx fxk dde
pdk acoq acop acoo phn
pdl acoq acop acoo lob
pdm pee bia
pdn acop acoo jjg
pdo acoo acop acoq aaem
pdp acoo acop crl aadx fbl usn
pdq acoo asa hda
pdr acoo nxk nmo ktf
pds acop acoo acoq fjb iau
pdt acop acoo abtc
pdu acoo iii
pdv acoo acop she
pdw acoo ncq
pdx acoo acop yfe
pdy acop acoo abbl mtx
pdz abky gni ida
pea acoo acop acoq vzw ymi veq ckk
peb acoo zrh
pec acop acoq acoo yd yde
ped aazl
pee acop acoo nux vzt
pef acoo acop aavh abd
peg acoo acop acoq dmr pxk
peh acoo tro
pei acoo abti
pej acop acoo achk
pek acoo upu vwj xyf ufr
pel acop acoq acoo wti
pem acop acoo acoq acla ltd
pen bya ktn
peo acoo amv
pep acop acoq acoo jbn oqg
peq acoo acop acoq hri vej
per acop acoo acoq fdd gyb abeu ffl
pes acoo evi
pet acoo acop bsl
peu acoq acoo acop kee
pev acop acoo oof ry
pew pod zkk
pex acoo aaaj nzr (gur pxn) yuj
pey acoo wsz ppa qel
pez acoo vom
pfa acoq acoo acop aaec air
pfb acop acoo xog
pfc acoo acop pwj trq
pfd acoo acop nsq
pfe oee uge sct
pff acoo zsp
pfg wn dqv gve
pfh acoo lbs
pfi acop acoo acoq acdp
pfj acoo acop vzd
pfk acoo acop nyd
pfl acoo heu
pfm efb aaui
pfn acoo gpr
pfo acop acoo rrf
pfp acoo xpa
pfq jpu
pfr acop acoo acoq qsl ncu mbi
pfs acoo gjr
pft acoq acop acoo mpf zag wdr
pfu acoo qix xan rsp abkd
pfv acop acoo ndg
pfw acoo oqw byv (mvz isx ait)
pfx wbj
pfy acoo acop knj aadb ipu
pfz acop acoo aqi
pga vin asz gq
pgb acoo deb
pgc aanq
pgd acoo lv acem djf
pge acoo acop jdt
pgf acop acoo wsy
pgg acoo acop rld pdv
pgh acoo acop ably tgb xyw znm
pgi puo ufk
pgj abml cvw abou
pgk acoo acop acoq fav
pgl acoo acop duj
pgm acoq acop acoo hmw qqe
pgn acoo vqq ajm vts
pgo ohr
pgp pfu gkj
pgq abyy ztz blt ttt
pgr acoq acop acoo jqj
pgs acoo jcs
pgt acoo cxp fdd
pgu nva ics
pgv acoo dcw uuy
pgw tnj uwe
pgx xqp ntr
pgy acop acoo cgy
pgz na
pha acoo xon xls fef
phb acoq acop acoo ttk
phc ofu (afa qth) grg rcs
phd acop acoo jql
phe fu
phf acop acoo crz
phg acoo xpz
phh bdn
phi nlf
phj ddq rqe
phk acoo acop qrm lmv mcm kst
phl acoo acop acoq zja (gha vmv jtr)
phm acoo acop acoq eyg
phn acoo acoq acop ibp fgy
pho acoo hbz
php acoq acop acoo zwg uql ucr zd
phq acop acoo mhu
phr lwa vpq juy
phs acop acoo hrg
pht qze
phu acoo ldz
phv acoo aaab
phw acop acoo acoq iry aaef oce vff
phx acoo fkp
phy yxh
phz acoo qls
pia xic kfd
pib acoo acop bev
pic acop acoo snd
pid acoo acop nbw
pie acoo acop acko abcb asr
pif acop acoo jgc
pig acoo acop acoq mjo
pih acoo acat kxh aeb
pii acoo acop gmz
pij acoo abut yqy whv
pik acop acoq acoo llc csk cuv
pil acoo acop acoq hfd tpw
pim acoo ajj
pin csh xdc kpm
pio acoo nje
pip acoo oju
piq acop acoo lhp
pir szt lzb
pis acoo vme iqn fga xgf
pit acoo btj
piu xat ssg
piv acop acoo kjf
piw acoo qus
pix acoo acoq acop xlt
piy bah
piz acoo aq
pja acop acoq acoo xgh tqi
pjb acoo acop acoq suq enp rkq
pjc aauc
pjd absx
pje acoo hsu
pjf acoo ihz abhl
pjg acop acoo acoq ezf pov
pjh acoo acoq acop idw zo
pji acop acoo jsh trr bxw
pjj acoo jzs
pjk acoo gag
pjl acoo xed
pjm acoo asw tyo lss
pjn acoo ogw
pjo acop acoo acoq tch
pjp aaqo
pjq acoo acop ijr cke zdl wjz
pjr xd
pjs qpo mpw rmc vlp aacq
pjt acop acoq acoo hat cjk aabq
pju wgr lvv gjb
pjv nml
pjw mys rdl
pjx acoo acoq acop l maa aalq nol
pjy acoo oln
pjz acoq acoo acop sdv
pka acmg itu abvw
pkb acop acoo acoq kkt
pkc qmv
pkd yhq
pke acop acoo zxv abwo kkk xpz
pkf kpo ykl
pkg ynf xxq
pkh acoq acoo acop nhw
pki abab
pkj acoo gwh ofk aaib jqn jpa
pkk acop acoo acoq vbn
pkl acop acoq acoo swn
pkm tuu qfi
pkn acoq acop acoo buz
pko acoo acop psm
pkp acoo mni
pkq acoo acop vwe
pkr acoq acop acoo aavm
pks acoo acop acbi
pkt acoo wjk
pku acop acoo rz
pkv uns
pkw acoo yha
pkx rlj
pky acop acoo ef
pkz acoo prc
pla jqy qex kkr kgi yzf
plb lcf
plc acop acoo shy
pld bqa
ple acoo acop acoq hty uvb gvk
plf acoo acoq acop ajk
plg acoo acop lax ccu
plh acoo evr oth
pli acoo wop
plj fkc mjw
plk acoo kab
pll ndc acme
plm acop acoq acoo trp enf cum
pln onq aiq ypz pcr
plo acoo acop acoq kxk es jef
plp acoo acop acem
plq acop acoo acoq fsu ivi
plr acoo abiv rcl (qob ozh fao)
pls abtp rcu kei
plt acoo azz
plu acoo rkv
plv acoo vl absd
plw acoo dfw
plx acoo yph
ply acoo acop iij
plz qav
pma acop acoo cvz
pmb phr
pmc acoo cul
pmd acoo hbw
pme acoo kqy
pmf lzc
pmg hma
pmh acop acoo xjb lvk
pmi acoo acop agp uc mii zdl
pmj acoo xcc acmy ngh
pmk acop acoo kbu hwf srj
pml acoo qhf
pmm acoo acop zlj adj log utb kf
pmn acoq acoo acop abwy
pmo qbo oxb eth lxx
pmp nyi wev
pmq acoq acoo acop jwt pat lj hjk tgr
pmr bkn dku brw
pms aep
pmt cgl acod
pmu acoq acop acoo ezk
pmv acoo acop dcs
pmw tiq
pmx acop acoq acoo ysh
pmy acoo abjg
pmz acoo ttk fdk cpu tun
pna acoo acoq acop sbn
pnb acoo ht
pnc acoo ikv
pnd acop acoq acoo ccb
pne acoo acoq acop xsd accm
pnf urs
png ftl
pnh acoq acop acoo kfm udp
pni acoo imt
pnj acoo acoq acop ldv abmk xbv azc
pnk acoo vfm
pnl acoo acop ygr wc tpf
pnm acoo acop kln ceg idm fnb
pnn acop acoq acoo jbm aaeq
pno acoo gtz ldk eoh jit
pnp acoq acoo acop zpe
pnq acoo acop prc idi tsi lts
pnr cew
pns acoq acoo acop fud hqx aak
pnt bgl
pnu acoo acop kro fx dvx nc
pnv acoo acop abua acdf sxx
pnw acoo pat
pnx acoo acop acoq tjs
pny acoo xht xdd abzp
pnz acoo acop fex aazh mfe qwe vgk
poa cac
pob acoo rmk
poc fwv
pod achl xb
poe acoo yvu kji hlh zdr
pof acoo acoq acop myo
pog acoo acop oaw uvd ywp
poh qmn
poi acoo mgd agl rem
poj acoo acoq acop jbt
pok juq
pol acoo acop qyi
pom acoo sig
pon acoo acop acoq tuj
poo cgc
pop acop acoo acoq lgj
poq uis
por acoo acoq acop scs
pos acop acoo vfl
pot acop acoo zz qve anw mxk
pou acoq acop acoo oqi
pov ehc
pow eii
pox acoq acoo acop dbg fsh
poy acop acoo ksj iix pcr
poz acop acoo ipk qkx ioq car
ppa acoo qsy
ppb jul
ppc vrx wnw jgv aqy
ppd acop acoo xcc cxk tpg
ppe acoo acop byc
ppf acop acoo nhj
ppg acoo acop zmv kjw
pph acoo acop otg
ppi amm
ppj acoo rxa
ppk acop acoo eli lcr ekv
ppl acoo qzm
ppm acoq acoo acop cuk abkg llz
ppn acoo acop acoq jkl trk
ppo acop acoo abza
ppp bql sd
ppq ipu
ppr acoo acop tps abuk
pps acop acoo vuf vwz
ppt acoo aayx
ppu acoo acop kwa
ppv acop acoo ysv abno
ppw acop acoo evd
ppx acoo arv
ppy acoo acop hek
ppz acop acoo acoq exe
pqa acoo hfa hz
pqb acoo cfz
pqc gbc
pqd acop acoo htm ijg kcc tss
pqe acoo acop yqn
pqf acoo acop acoq zuu
pqg acoo acop akn (gst dwq aaso lei)
pqh acoo acop sge aabw
pqi acoo qgn urk
pqj acoo gtz doc
pqk acoo ked
pql acoq acop acoo flm
pqm acoo acop lit
pqn abuf jsh loj
pqo acoo acop acoq rcj
pqp acoo acop acoq yz pdz ebs
pqq acoo acop acoq nis
pqr trv
pqs wxn dmx wqp
pqt acoq acoo acop jbu nur qgy spi
pqu xzw
pqv oot
pqw acoo jrt lsz jkm ttt weu
pqx cno
pqy acoo flv kxo xpl
pqz acoq acoo acop lsy
pra acoo kty idj
prb acoo acoq acop abyh drr qdc abcg
prc acop acoo bni
prd acoo pog
pre acop acoo dyp zzr
prf acop acoo woy hld
prg rys lec
prh acoq acop acoo nku
pri acoo gxn
prj jvl
prk vxx
prl acop acoo ybh kdx vhf
prm acoo acop vza
prn acop acoq acoo mov mub
pro abdn pcd pww jqr
prp acoo acoq acop acie
prq acoo acoq acop gxs
prr smk
prs acop acoo acoq fpw
prt rqm
pru acoo niw mtz
prv acoo acop acoq tri
prw acoo fjd jpt
prx acoo acoq acop ubl
pry acoo acop aavk
prz acop acoo grz yui ezu
psa acop acoo sxl elu aawy
psb acop acoo mcx tya jft
psc sei
psd acoo acop noe
pse acoo yyn mov zko abhp
psf acoq acoo acop aalm cht i iow ezx
psg acop acoo ptv
psh acoo gbe
psi acoo dmf
psj acop acoq acoo rxc
psk acop acoo acoq pxi mxt aud
psl acop acoo yyw mkv
psm acop acoo acoq ekq tkh
psn acoo acop fvv
pso hxw vsn
psp acoo acoq acop fxr
psq acoo hhs tut ek mhw
psr acoo acop njm rds lvg fhx
pss acoq acoo acop rza
pst yez
psu fth
psv acoo cje (agm nyn)
psw acoo aayc fok kms vce
psx acoo fel
psy jkp
psz acoo acop cjc aapj rjh
pta acop acoq acoo hcd
ptb acoo acoq acop qpe
ptc acop acoo vei hjg
ptd acoo ffb ilf
pte acop acoo xxn
ptf acoo acop yet
ptg mjd
pth acoo acop acoq lpq abe
pti acop acoq acoo vap
ptj acoo abom
ptk acoo cfa
ptl acoq acop acoo gnu
ptm acoq acop acoo ikb
ptn lro
pto acoo fbe
ptp acop acoo rve
ptq aatq
ptr acop acoo fmn
pts aij
ptt acoo jfp
ptu acoo qod fon mje
ptv acoo abrr erc
ptw acop acoo aaqn
ptx aanv rfo ico
pty acop acoq acoo tpl hvs
ptz acoo wte
pua acop acoo acoq pma
pub acoo acop dfo
puc acop acoo jzm
pud acop acoo czv umn cbh wag
pue aaee
puf jxo
pug acoo acop acoq uyg
puh acoo acop acoq sbo
pui acop acoo yws axq lbg tjq
puj acop acoo ubc
puk acoo par
pul acoo fqy czi dxo
pum acoo gup
pun acop acoq acoo css
puo acoo seq
pup tah pxt beg
puq yuv iwf uvp tnq
pur alh zqh jpo
pus acop acoo acoq ezy npa dtj
put acoo acop aadc rez
puu iyh
puv acoo yup kki abxn wei
puw asq nle
pux acop acoo vhl xsn
puy acop acoo nxj
puz acoo acop qmu
pva acoo acop acoq ufq wzq
pvb usx
pvc acoq acop acoo aaev dii yuz ule
pvd acoo lsz
pve acoo dee abec rtr
pvf zbq
pvg acoo jyo
pvh acoo aanq
pvi acop acoo knl
pvj zgn
pvk acoo rhc cwt
pvl twh
pvm acop acoo ett
pvn acoo gwv (vau xja)
pvo acoo lsl
pvp acop acoo tee
pvq acoo acop gsj
pvr acoo bam gok oqr
pvs acop acoo acoq kmk blg (crd mvz) rgo
pvt acoo wqe
pvu acoo ppo
pvv acoo acoq acop cvx dua uso
pvw acop acoo acoq nmj
pvx bjz mzp
pvy acoo acop hgu (nds gku) uv
pvz acop acoo acii
pwa acop acoq acoo ag
pwb mjl
pwc acop acoq acoo ppq
pwd aaut
pwe acoo ohh xeh evm
pwf acop acoo acoq rta
pwg acop acoo acoq uhl
pwh acoq acoo acop ifd vlg hbn jpo
pwi acoo acoq acop qze
pwj abal
pwk omw
pwl ibc cpj
pwm khq
pwn acoo bft
pwo pyv aavk ljh
pwp acop acoo pjm
pwq acoo acoq acop wla
pwr mbd
pws fpa rgb
pwt acop acoo acoq rsi flr
pwu acoo acop nbt
pwv acoo cdg yro itc jxc sep
pww acop acoo acoq dsy
pwx acop acoo kqa
pwy acop acoo lqk
pwz acoo aaaf lkz ldq sct
pxa acoq acoo acop jon txz
pxb acop acoo slb rrd
pxc acop acoo iav
pxd acoo uaw zqj
pxe acoo eeh
pxf acoo acop aat
pxg acoo tcx
pxh jvv
pxi acoo acop acoq svh (bmu fgl)
pxj acop acoo acoq ily
pxk acoo iyc
pxl ige acfu
pxm qik cbb myc xht
pxn acop acoq acoo haq
pxo acoo acop acoq xsk
pxp acoo aatr
pxq acoo eoo
pxr abje
pxs acoo acop cfj
pxt acop acoo lgu
pxu acoq acoo acop ozl
pxv acoo acoq acop kmi
pxw acoo acoq acop qdi
pxx jsu kig aaas
pxy acoo acop vyd
pxz acoo acop cxg
pya acdw ewx zkv
pyb hp
pyc qsj jaf zge hmd
pyd acoo acop zon
pye acoq acop acoo wss
pyf ypy
pyg acop acoo acoq hvz aabc aaaj
pyh acoo acop jjz
pyi acop acoo acoq opv ueg fao qwf
pyj acop acoo acoq tfu pbs guk
pyk acoo zwb
pyl efy fqf ntw
pym acop acoq acoo auf acem
pyn acoo spz bxs
pyo ckv
pyp gsu
pyq jaj el idm
pyr acoo ndh
pys acoo vkv
pyt rnl
pyu acoo ums
pyv rrp
pyw acoo rrh pko
pyx acoo bfb
pyy acoo acop fmu iur
pyz buq
pza acoo nnl yyl rpm
pzb acop acoo acoq bxw
pzc acoo abmq bms uaw dll
pzd acop acoo fww
pze acoo acop acoq sew
pzf yvv
pzg acoo acop uuk
pzh zun
pzi acoo acop nsc zam
pzj acoo aanf
pzk acop acoq acoo bra unn qoo pkc
pzl acoo gsf euv
pzm acop acoq acoo emu qkp
pzn acoq acoo acop dl
pzo acoo acop acoq abyo enf
pzp acoo acop aafj pat
pzq acoo acoq acop hol mrd yvx ebn
pzr acoo acop acoq htl znc zgv
pzs acop acoo acoq tzn fjh
pzt acoo acoq acop uxm xef yrb nto
pzu ajf
pzv acoo acop yua
pzw aahu cag zof tys aavs
pzx kcv
pzy acoo acop npm
pzz acoo acop acoq gzh (mja ncv euj)
qaa acoo acop twp
qab acop acoo iyr
qac acoq acop acoo ppq aadt
qad acoo acle
qae acoo acop acoq efn
qaf jg bey xus itl
qag acoo rah
qah acoo jft wde hgm
qai nmr
qaj vur bax
qak acoo uum abfp qw
qal onu
qam acop acoo cut
qan wgx
qao acoo acoq acop ktn
qap acoo acop acoq tij
qaq lqd
qar acoo acop lqc
qas acoo zhn
qat acop acoo oiu ci
qau acoo abmp eii nlj wuj
qav acoo acop ssu
qaw acoo acoq acop qya
qax doz hyr
qay acoo acop acoq exo
qaz acoo rck
qba aawr
qbb acoo ukd
qbc ciz trl sgz ual
qbd acoo sqs
qbe pmq qra jws
qbf acoo acop rwy zpn rum inl
qbg acoo emp
qbh kzb
qbi sxx
qbj acop acoq acoo kgi
qbk ngo
qbl kpd
qbm acoo acop qvb ahu
qbn acoo aapd
qbo hir abvm npa
qbp acoq acoo acop wfz eou
qbq acoq acoo acop ms
qbr acoo wjq
qbs acoq acoo acop aaao
qbt acoo mxd
qbu acoo acop adq
qbv acoo acop idy
qbw acoq acop acoo xwi ig acgl
qbx acop acoo ccn cfz dx xmk
qby acoo acop nzc tgu osn
qbz acop acoo pfg bbd cin hgm xjx
qca acop acoo psp
qcb acoq acop acoo ysj
qcc bro
qcd acop acoo iqz (foa wkg)
qce acoo wru
qcf acoo ite szb rbc
qcg nlq yzd aapi
qch ayu
qci acoo vu yuq zmx shv
qcj acoo acoq acop sch nlw vob
qck ifx kfv ock
qcl acoo rem guc
qcm ajj bac
qcn yvd vfi
qco ofz
qcp acoo ley
qcq acop acoo inv
qcr acoo acop n gbi
qcs acoo ntl nqq
qct acoq acoo acop mel hpu
qcu acoo trh absk pqr llv
qcv acop acoo tks
qcw cvj
qcx xfa
qcy acoo vxm
qcz acoo acop qhs nqu fkh aza cai
qda acoo acop mgq jvw wqa qvt
qdb acop acoo acoq irn
qdc acoo hmt
qdd acoo acop acoq ackt
qde wi
qdf loc bgr pny dmg
qdg acop acoo aasf ihy
qdh acoo acop roz ftd
qdi hqj
qdj acoo mce rex
qdk qjm
qdl acoo acop xzr
qdm acoo acoq acop wwk bvx nbf wvv
qdn acoo rdn
qdo acop acoo urz ued
qdp acoo brw
qdq acoo aaxe lyb
qdr acoq acop acoo ijg izc
qds acoo acop acoq aawo qia ntb
qdt hhh
qdu acoo lfz
qdv acoq acoo acop iub
qdw acoo njd
qdx acoo weu rlq
qdy acoo aari
qdz acoo acoq acop mjt xtw gph
qea acop acoo acoq pxr xyv ata
qeb acop acoq acoo ypv
qec acop acoo acoq xmg
qed acoo acop acoq acec
qee acop acoo oke lae xxs
qef acoo acop ixf
qeg acoo acop box
qeh zsv thk
qei vqc
qej acop acoo byz
qek acop acoq acoo kdb
qel acoo acop sha
qem acoo acop czv
qen acoo acoq acop bvp dzc
qeo acoo acoq acop mml
qep ahy
qeq qqo yej
qer acop acoo acoq lbl
qes acoo acop xjk ugt bba
qet acoo wno
qeu acoo vno
qev waq xpo
qew acoo fhj ucv uvr
qex acoo wzq kjp azq xbf frt
qey lbn
qez acoo wcc uiw abjc
qfa acoq acop acoo tpi wvp
qfb abwo
qfc acoo fyo fcd
qfd acly ynw
qfe acop acoo an abjb lvs aayq eww
qff acop acoo oaq
qfg acoo rcz yhb
qfh acoo fgn bnc
qfi acoo tkj
qfj acop acoq acoo isg rr
qfk acop acoo fen
qfl acoo uux
qfm acoo acop rsv yfk mbj
qfn acoo jce
qfo vpk
qfp acoo cee
qfq mkx
qfr acoo fno
qfs acop acoq acoo eql
qft acoo acop acoq ny yrp
qfu acoo yfs vdq fav ncg
qfv acoo acop acoq xzt
qfw ejc aaqu
qfx acoo acop ifv
qfy acoo av
qfz acop acoq acoo kzu
qga acoq acop acoo gwf
qgb uni cyj duo bpn pdi
qgc acoo jm
qgd acoo iwx
qge acoo ugr
qgf xpj rud
qgg acoo smz zhg hjc
qgh acoo xde
qgi acoo acop ppj
qgj vit
qgk acoo acop mha
qgl zow fbd swd
qgm acop acoq acoo onu
qgn acoq acop acoo tyy
qgo acoq acop acoo nds bpe hzx kwo dpx
qgp acoo acop rss abkk sze rle rpz
qgq oam yro tav
qgr acoo wnt zpw
qgs acop acoo acoq gkz ply ohk
qgt acoq acop acoo aaaf
qgu acop acoo acoq bvq (sxw hbw)
qgv acoo acoq acop gap
qgw acop acoq acoo zmc
qgx acoo dlw
qgy acoq acop acoo zqb
qgz acop acoq acoo tih jsk akl
qha acop acoq acoo pbu xca
qhb acoo acop zsp qzu xeq sbh
qhc acoo aaqu
qhd cpd abhd qys dtu
qhe acop acoo vwl
qhf acop acoq acoo rcb hlb
qhg acoo zru czj orx
qhh acop acoq acoo ixu blm aaji bge
qhi acoo vjg
qhj acoo rah kqd cey
qhk acop acoo acoq rpn
qhl acoo acop exa xmd ski
qhm acoo abnz
qhn jue zrl cld ual
qho acop acoo acoq eva
qhp acoq acoo acop klu
qhq acoo puq yp jyj yww
qhr acoo acop ukc iwp cba
qhs acoo ucy
qht gly
qhu acop acoo out
qhv acoo ppb
qhw acop acoo acoq uih
qhx acoq acoo acop wrx
qhy ynh ydg
qhz xxh bmt lky dqt xzw
qia acoo ffq
qib jqk
qic acoo acoq acop zih (ro tck)
qid acoo dir xip yas mjt
qie acop acoo abkk nrc
qif acoo acop one
qig mqu
qih acop acoo mrg
qii koh eyd acje woi
qij acoo acgf
qik acop acoo nmh sri nfk
qil acoo kan
qim hdi khp
qin acoo acop lrz fdb
qio apx dm kwa
qip acoq acoo acop khb zya ezm pqq
qiq acoo fba fic utu kmn
qir lky
qis acoo wdc gna fkt jjx afw
qit acoq acop acoo izi acoa bhu uzc
qiu uzx aeb
qiv acop acoo odw
qiw acoo ywd tnx vev
qix acop acoo nrq
qiy acoo vkg jgp yus
qiz acoo a
qja acoo gmt fzm
qjb acoo fqk gjq
qjc acop acoq acoo nk
qjd acop acoo gps xeh
qje acop acoo lzc
qjf acop acoq acoo axt pvo zu otk
qjg acop acoo bdq
qjh acoo fye
qji acoq acop acoo uuy ss jrk aaud
qjj acoq acoo acop dmr
qjk acoq acoo acop dbk
qjl acoo acop abjf
qjm cmh abkg zkg ayp
qjn efg
qjo kgy itx
qjp acoo ado (bzz zoy)
qjq acoo acoq acop smd vmw
qjr acop acoo ffu ibc mig abxk
qjs acoo acop ute abhs
qjt acop acoo ffq
qju dug qam
qjv xbg rnq aagk akd
qjw acoo acop hwl fdx
qjx acoo acoq acop nql
qjy hgh
qjz acoo acop acoq ujk hxb
qka absx zqy dsr
qkb acoo acop ilp
qkc bv
qkd acoo bdm uie sxd ldp
qke acoo acoq acop ztt
qkf acoo acop fnf
qkg acoo acoq acop kqz
qkh acoo acop sxb (acig mrc)
qki mnz
qkj acoo acop acoq orj
qkk acop acoo acg
qkl acoo acop jby acft
qkm acoo quq fmq kfu
qkn acoo acop rzl usc cde ppi prj
qko acoo zlv xgs fsu
qkp acoo vsf
qkq aaqy
qkr acop acoo acoq dig
qks tid jbm
qkt acoq acop acoo bnv
qku acoo rdf
qkv acoo acop qio xuf
qkw lmy pgq
qkx acoq acoo acop ynr
qky acoq acop acoo blt aadw
qkz acoo oh klp zup
qla acop acoo hlt
qlb acoo ya
qlc acop acoo tbg
qld acoo acop hoy zdu acop
qle acoo aeg lfg cke
qlf gr fhy edd qsc
qlg acop acoq acoo lar
qlh acoo acop xln o nvd
qli acoo pok kw xia
qlj acop acoo acoq pni
qlk acoo efg kte fpm
qll ksx xua fsc
qlm acoo acop acoq abl
qln acoo bax
qlo acoq acop acoo abwg
qlp acoo jdr (izi mon xdf dsw)
qlq gra gnr oej smz
qlr acop acoo zox mqg aafe
qls acoo nio
qlt acoo wqa awe fxd
qlu acop acoo zhf
qlv acop acoo wks
qlw acop acoo cjh woh fhr vgd
qlx acoq acoo acop ibh ez
qly acoo btk
qlz glz ibf pnj xbb
qma acoo acoq acop fsc nak aasx yie
qmb qsd
qmc acop acoo jap miu
qmd acop acoo gbr dkg wwj
qme acoo acop acik
qmf acoo gio
qmg acop acoo ate
qmh acoo acad
qmi acoq acoo acop jgd xvi trc
qmj acoq acoo acop fxs rsd ikz uab gmn
qmk acoo acop tmn und tiu
qml gkl
qmm acoo acop dnn ire
qmn aapl
qmo acop acoo lir
qmp acoo eix
qmq acoo acop maz
qmr acop acoo wcj
qms vsl
qmt acoo acop adf bfp
qmu acoo gk xnf
qmv lrs
qmw acoo krs
qmx acoo irs
qmy acoo acop syd ltu wql
qmz acoo acop acoq taz
qna ma
qnb acoq acop acoo tzo
qnc acop acoo jie duc
qnd acop acoo qfl
qne acop acoo fsp
qnf acoo hqz
qng tsg
qnh acoo abkp eol ipp (snj oqo)
qni acoq acop acoo tyw
qnj acoo mjn
qnk jlw
qnl acoo rss
qnm acop acoo wbb
qnn acoo jxs
qno acoo qaw
qnp acop acoo ldg
qnq acop acoo rae
qnr acoo jsq
qns qls ebd tkb
qnt tii (zaw aaqo abrz)
qnu kjf fxx hsh
qnv kdl
qnw aarj mn abpb svu
qnx acop acoo cny
qny acop acoo jhs
qnz acoq acoo acop tnp vjt lsv nzn
qoa acoo dii aaex abfs
qob acoo hpm
qoc acoo ox ctm llb ggu
qod acop acoo acoq wvl ecg
qoe acoq acoo acop caz gcx vae apv
qof acoq acop acoo lgp abxp meo nwi
qog bei yxk ivn zku
qoh xqy
qoi hkh (zih cgn)
qoj acht kyx
qok acoq acop acoo kof xth bta
qol acoo bmd
qom osl
qon acoo bja
qoo aapw ouq bpr fhf zly
qop acop acoo jpo
qoq acoq acop acoo sak wsp
qor acoo igr
qos acoo qrx bdx
qot lmx
qou jsc
qov acoo rx
qow acop acoo uur
qox acoo acoq acop fss
qoy cyn
qoz acoo acop svw xwv mpl
qpa acoq acop acoo ycw
qpb acoo mjq
qpc acoo get vdy
qpd acoo xbk wxe
qpe acoo acop wxt
qpf aib oqr eqk
qpg acoq acop acoo lyl
qph acoo acop kmd lpw
qpi hln
qpj acoq acoo acop pgf
qpk acop acoo ukb
qpl acoo evm
qpm absc
qpn ybt
qpo acoo acoq acop omh
qpp nxy jof
qpq acoo acop acoq uby (pjh jjl)
qpr acoq acop acoo aaoh
qps acoo bsi
qpt yjh ult
qpu acoq acop acoo gqm kce
qpv acoo yef (mjw pm)
qpw acop acoo mgy qsq ymw
qpx lrv
qpy acoo qcr
qpz acoo acop mqp
qqa acoo acop yue zbp xxg
qqb acoq acop acoo kwx abaz vdf sur
qqc acoo gdz muw
qqd acoo acop ddh
qqe acoo acop vt swb vxa obo yul
qqf acop acoo acoq zqq lsp ptq
qqg vtp
qqh pdi (abts iki)
qqi fkh xye gvu okr
qqj acoo vtb
qqk acoo acoq acop gu
qql acop acoo adz
qqm acoo xbt
qqn acoo acop ppz wwz
qqo acoo jga uzi lji
qqp acoo acop acoq fip
qqq ryl
qqr acoo acop qgn
qqs pzg
qqt acop acoo koi
qqu vi aahv aava
qqv acoq acop acoo xcf
qqw gjf jmq adj yai
qqx acoq acop acoo erw whm
qqy acoo acoq acop fke
qqz acop acoq acoo bvr lmq
qra rih wp mr aasn tfr
qrb acoo acop zzz tvg zoz poh
qrc jfa
qrd acoo acop dam
qre acop acoo acoq xcc qmh
qrf acop acoo dwi abmb
qrg cua dlz
qrh acoo zls
qri acoo efh kyi aafz
qrj acoo acop zva
qrk acop acoo acoq pro achb eac grt uvs
qrl acoo acoq acop rbe
qrm ruc idk
qrn zgn
qro acop acoo sqy lkz mqr
qrp acop acoo zuz oie
qrq acoo acop abah
qrr acoo yit hry bcw
qrs acoo acop kcp
qrt acoo qrp
qru kyy
qrv neb tup
qrw acoo acop cii
qrx acoo jvh
qry acoo idp
qrz acoo mul
qsa acop acoo sql
qsb acoo acop acoq itc spp
qsc imt
qsd acoo ccw jgy acjq ico
qse ywt qky isi ycd
qsf acop acoo abpu
qsg pys
qsh qva mmw hro
qsi acop acoo kos
qsj acoq acoo acop rpa why soy
qsk acop acoo nxj
qsl acoo izo
qsm acoo fbi
qsn acoo acop acbl
qso acoq acoo acop rye
qsp mzu dqa sac
qsq acoo acoq acop jqp
qsr acoo ond
qss acoo acop ofl
qst acop acoo acmt dua vta
qsu xvb
qsv acoo kik
qsw acop acoo bmw
qsx abep qsi fsh
qsy nxo xqq
qsz acoo acop clh
qta acoo acop mln
qtb pdf qrz sqn pbn
qtc acoo vcz mnr
qtd acop acoq acoo ely
qte acop acoo qgm
qtf acoo wem zql
qtg acop acoo bdk
qth acoo vvq
qti acoq acop acoo cty
qtj acop acoq acoo ljf
qtk acop acoo qzb xcb kno vkx
qtl acop acoo bx rul abur (ryf wjb)
qtm acoo acoq acop wqi aauz
qtn ckk
qto acoo ylf
qtp ehg
qtq acop acoo acoq aadg pzh
qtr acoo anw cui hlw
qts acop acoo acoq wnm
qtt acoo nav pss xtn kkh
qtu pur
qtv acop acoo acoq abrt
qtw acoo acop acoq hsf eiw bam
qtx gnr bsn wsa
qty acop acoo kih
qtz acoo xu
qua acop acoo acoq pwq
qub acoq acop acoo obz stm agb tno
quc acoq acoo acop kqo zfs
qud acoo vif
que tt
quf acoq acop acoo ofd
qug acoq acop acoo aaif (abx rly gyx quw)
quh wol
qui acoo acop acoq tdb xws
quj acoo wax kxm
quk acoo acop acjk cfq rcx
qul acop acoq acoo nlz igv tdp
qum emm yct
qun acoo acop aahk
quo ztr ift
qup acoo acop uhl
quq qcs
qur pse sgh dre
qus acop acoo acoq ebr
qut acoo eba
quu acoo gos
quv acoq acoo acop zmj
quw qeo rlr
qux acop acoo cyz tac (mje rcr)
quy acoo abgb
quz acoo acop acoq abdu
qva acoo acop xtq vay
qvb baw
qvc acoo acop ovt tan
qvd rbl
qve nzz gyn
qvf acoo ozo
qvg acoo vat
qvh acop acoo twy hzz
qvi acoo kyi ncn txs
qvj acoo jhu
qvk rhj (kth ocs)
qvl acop acoo umg (nqn iju oko)
qvm zzh veh yzx
qvn acoo acop aavm
qvo acop acoo xlo
qvp wvk
qvq acop acoo chl
qvr acoo acop gkx
qvs acoo aaky
qvt acop acoo czg
qvu acoo raj enj
qvv acoq acop acoo qwr
qvw jrb
qvx acoo zeo
qvy acoo acop elz hvi
qvz acoo acop acoq yqc
qwa yj
qwb acoo acop ehu
qwc acoo acoq acop fyi
qwd acoo acmj hyi
qwe ixs
qwf fmn
qwg acoo htr
qwh acoo acoq acop gsm
qwi acop acoq acoo ifr
qwj acoo acop hjz
qwk acoo yym
qwl koh lsp bre
qwm acoo acoq acop fvj
qwn acop acoo yvf tyi ivy
qwo acoo vps
qwp acop acoo oqy (zmu ket)
qwq acoo acoq acop pwg
qwr acoo jmg fro aaae wvx
qws joy
qwt acop acoo syh ysi wtp nhd aagc
qwu acoo acop qcl
qwv pir
qww acoo mae ost huh abra mld
qwx acoo qmt cqm vpa
qwy acoq acop acoo rzx
qwz lun
qxa acoo shp
qxb acop acoo ksw
qxc acoo hwy aq
qxd acoo fjp
qxe acop acoo acoq lv
qxf acop acoq acoo exj aceu (unf mwc)
qxg acoq acoo acop tps giw
qxh acoo frl qay
qxi edk
qxj nnw
qxk acdr
qxl qux
qxm acop acoo acoq kue
qxn rin kqv vxj ehr eua
qxo aboc abhr
qxp acoo acoq acop hsn
qxq acoo tlo
qxr acoo acoq acop uai
qxs abaq
qxt acoo gxw jv
qxu acoo bzp (shx dcp)
qxv acoo wtf
qxw acoo lgm
qxx acop acoq acoo abiv eve ol
qxy acop acoo acoq ndk
qxz acoo acoq acop xfw
qya acop acoo acoq ykg dis
qyb acop acoo acoq rem zcs dss bas
qyc acoo sco twi yrw rcq
qyd acoq acoo acop geb
qye acop acoo kuz
qyf mrm
qyg ffb
qyh acoo abbg qym owc ulc ugw
qyi yfq
qyj acoo zr sfi huc ior
qyk ayw
qyl acoo wuk tqp
qym acoo acoq acop lxh aod nra kpe
qyn acoo bag nkr
qyo acop acoo nvk yio
qyp acoo mtt dpp
qyq acoo ogs qks hlg
qyr acop acoq acoo zrf
qys acop acoo dyn
qyt acoo cbt
qyu acoo acop roj sap accf
qyv gjj etr ghz
qyw acoo hfo
qyx njc
qyy acoo acop acoq avs npn
qyz acoo sxl
qza acop acoo hbt tsh vbe ablt
qzb acoq acop acoo acbq jgq
qzc acop acoo kio epy uad
qzd acoo xms bd acnd xwe
qze acop acoo mfw
qzf acoo acop acoq hqa
qzg acoo wcn lfa
qzh acoo loc
qzi acoo nyf abft
qzj acop acoo acoq iri dtf abxa gkl
qzk acoo oeo cxe qsb icc
qzl acoq acop acoo wov
qzm acoo xql
qzn acop acoo rin
qzo msn
qzp ywl
qzq acoo dud xlb mqy
qzr acoo acop ine tfj ey
qzs acoo acop kux
qzt acop acoo xif
qzu acoq acoo acop ybj ukd lae abfq ycj
qzv acoo zel
qzw acop acoo acoq hvj
qzx acoo qnz jbi
qzy acoo auy
qzz acop acoo dwk ogh vmh map
raa acoo acop dda
rab lip
rac acoo xzu hls
rad ete gdw abuu
rae accd dfg
raf acop acoq acoo jrb uz
rag iqg abom xzv
rah acoo acop qyh wcc bvj
rai acoo pxn
raj acoo zbb moe
rak vtn kwl xsr crr dwr
ral aack
ram acop acoq acoo qos
ran acop acoo acoq bvc
rao rbf
rap tmd
raq acoo acop acoq xmo nda
rar gww
ras acoo acop abgx
rat acop acoo ccb
rau acoo acop acoq rur
rav acop acoq acoo zam
raw acoq acop acoo vmv
rax acoo acoq acop vfe (vfe ljq)
ray acoq acoo acop hvy pmu gol
raz dhz
rba acop acoq acoo evi
rbb acoq acop acoo aif ylm
rbc acoo acop xia
rbd acop acoq acoo xxt fch swd
rbe acnj uoq zlw sjv
rbf acoo acoq acop mb jxx llu
rbg acoo acop dox koj aauh tkf wt
rbh acoo hel dmc (rrx waq)
rbi acop acoo bpd rqa
rbj acoo fgz feb cdp
rbk acoo obd
rbl acop acoo rop
rbm acop acoq acoo aanu
rbn acoo acoq acop yyh
rbo acoo crv zxm
rbp acoo acop fqs gjo
rbq acoo acoq acop auh ddp lmf
rbr acop acoo anf
rbs acoo acoq acop aauc
rbt acoo acop acoq rkv
rbu acoo azc kja
rbv hjc vqd ulc zjd
rbw acoo hhq
rbx acoo acop fer
rby acoo mxf lcz
rbz acoq acop acoo jf gha wum
rca acoo acop qvm
rcb acbn flr ljx
rcc acoo ozx
rcd acop acoo lxf qp achw dew
rce acoo acoq acop acej
rcf kcx
rcg vvk clo
rch fyp aagt
rci acoo vxk rbb
rcj acoq acoo acop miy ctc (knn pzx)
rck acoq acoo acop twq
rcl acoo acop acoq skf
rcm acoq acop acoo plq
rcn kyd (qcy ytm) pde
rco acoo oju
rcp cty wzf
rcq nlk roi
rcr acoq acop acoo zcw
rcs acoo acop iia
rct acoq acop acoo aauh lua
rcu acoo acop ew
rcv acoo ekd
rcw ntk
rcx rdd uhp (lmb jui)
rcy acoo mat paa coj
rcz acoo acop acoq ujw
rda acoo acop pt edv qda
rdb acop acoo abqn bgl
rdc acoo acoq acop uqn hlw
rdd acoo acop wbc
rde acop acoo yzy (bpk ikt)
rdf acca
rdg acoo acoq acop gsh wpw
rdh acoo jmr
rdi acoo acop vzp syx
rdj acmx
rdk acoq acop acoo fpb
rdl acoo acop orn nnv zrr
rdm acop acoq acoo nus vla lrn ijb
rdn acoo acoq acop nic
rdo acoo gjk pgr nda rqy
rdp fm xou bkf
rdq lgx
rdr acoo acop is
rds js
rdt acoo acoq acop mcm
rdu lrz bup agu
rdv acop acoo kdh zzu wvv mqd
rdw acop acoo xuz
rdx acop acoo hpf re
rdy abez
rdz lcl aaid
rea acoo acop dts
reb acoo fdu blj ncp gaa
red acoo acop acoq smu
ree acoq acop acoo nlh
ref acoo ps
reg qgc
reh ztl
rei acoo acoq acop tjc
rej acoo aben
rek acoq acoo acop ze zkq
rel acoo vhl vva jrb wes
rem acop acoo vuz pzc jpf vfv wiw
ren vlx clb fnt
reo xlg
rep acoo acop hap
req acop acoo acoq sdx tdl
rer acoq acop acoo yhc drz (efz tkl)
res qwz
ret acoq acop acoo nng
reu acop acoo lej igb achy
rev rwb oyx
rew acop acoo acoq ghn
rex acoo acop yku
rey acoo exq
rez acoo fig sbs oyk
rfa acoo kob ijw
rfb acoo bnb (mzo oki kir)
rfc acoo acop tjt
rfd acoo acoq acop ihp
rfe acop acoq acoo tlu
rff acoo bdf
rfg acoo blh
rfh acoq acoo acop jwy vqy
rfi nwp
rfj acoo acoq acop niw
rfk acoo acop acoq lza nwa
rfl ssu
rfm acoo zzx ksj abwo
rfn acoo acop abqw
rfo acoo acoq acop cqn
rfp ijq
rfq acoo acop acoq raj
rfr acoo sht caj
rfs acoo dmu jvv mxt
rft acoo acop dbw
rfu pqw
rfv acoo awj
rfw acop acoo vcu
rfx acop acoo ypx wmy
rfy nmg spx zej
rfz acop acoo lxo
rga acoo jpq
rgb acoo acop jgb abjk
rgc acop acoo ajn rcw
rgd acoo bpl
rge acoo zlp lvg abwb
rgf gqw
rgg pge uof
rgh acoq acop acoo cik uyg (oce ncm)
rgi acoo acop acoq jer rqw
rgj acoo ayh ldi
rgk acop acoo fzi
rgl acoo aclr
rgm acoq acop acoo aaci
rgn acoo acop abwt
rgo ilv aagf ned he
rgp acop acoo aaxo
rgq acop acoo inp
rgr jwz (wnu hta)
rgs acoo gto erz pbm
rgt acoo xef
rgu acoo acoq acop kpc
rgv aaim
rgw accz npv plg oni
rgx acoo wsu alf imp gat
rgy acoo acop acoq nwq
rgz acoo dmd
rha aayk
rhb acop acoq acoo ggx gvw jvm cuo
rhc acoq acoo acop wmz ayq mei ura
rhd onx
rhe cth buh acnr btl
rhf acoo bmr
rhg acop acoo ael pjp aazq
rhh igm
rhi acop acoo zeb
rhj vmw
rhk acoo acoq acop tty
rhl aboi mta
rhm acop acoo puo abhu
rhn dhi
rho acoo acop acoq joe mfr
rhp acoo acej
rhq lqo aaht cog ov rhk
rhr acoo lbq
rhs acoo uul
rht nid kli lde
rhu teq
rhv acop acoo zhd gsi lst
rhw acoo acop acoq rpl
rhx egc
rhy yst
rhz acoo acop roi
ria acoo acop yfo
rib acoo uiy izz
ric acoo acop zpr
rid acop acoo acoq zsc
rie acop acoo aaig jhr
rif acoo rla
rig acop acoo acoq fzt
rih hcr
rii acop acoo pqn
rij acop acoq acoo lpw vpd
rik acoo jrl
ril acoo acop ycj
rim acoo acoq acop yfs osv acei
rin acoq acop acoo wan
rio acoo opg nsh
rip xur vyl jpo rtx
riq abnt
rir acoo bqc fay
ris acop acoq acoo mhf
rit suy
riu acoo acop iji
riv acoq acoo acop crz
riw acop acoo acoq ic gbx uuf axz
rix acoo gnm byz fwn lvh
riy ctq arr
riz acoo achz
rja acop acoo agt
rjb sfy
rjc acbb
rjd acop acoo acoq jiu
rje acoo acop xrj ljp jvk
rjf acoo la
rjg acoo acoq acop aio vnk koz gsm
rjh acoo acop acoq lik oep qkv
rji acop acoo swd jos
rjj fhq zza
rjk mko
rjl fpm hav
rjm acoo uuf fvu
rjn acop acoo acoq vbn
rjo acoo yxo jmm dgs
rjp acoo uag
rjq acop acoo phk
rjr acoq acoo acop jws
rjs acop acoo ilj
rjt suy
rju acoo acoq acop san
rjv acoo abur
rjw acop acoo bnq ino
rjx acoo wql tfe aato
rjy acoo acoq acop aaed
rjz acoo tkc (iqt abjr) ypg
rka acoo yqv aacw yek
rkb acoq acop acoo acik gvt
rkc acoo abyf
rkd qwr qpt
rke acoo acop acoq yua
rkf acoo ecx
rkg acoo piv
rkh acop acoo qin aasb adu eei hay
rki wk
rkj acoo acop acoq swt
rkk ffu
rkl jpq oyr af
rkm acoo leu
rkn acoo zdv
rko acoo acop fuk
rkp acoq acop acoo nbw kar
rkq acoo acop acoq hqv
rkr acoo aaq
rks acoo gui
rkt acop acoo acoq kbc oas abon
rku acop acoo wbs
rkv acoo efz
rkw acop acoq acoo bip
rkx acoo eqn xp nmu
rky acoq acop acoo rnz
rkz obg
rla acop acoq acoo fft
rlb acoq acop acoo sni hyv cmv
rlc kmz qjp
rld acop acoo acoq qmm ngb nkf abhs
rle acoo acop skx
rlf acoo ror ohm rnh
rlg acoo acop acoq pjk
rlh acoo uzk mxq aarp
rli acop acoo ffk
rlj acoq acop acoo kx xgm aajn qnb
rlk acoo acop hgm jpy vaq whj
rll acoo acop ovl
rlm acoo uob
rln acop acoq acoo lrv vem
rlo acoo xzg nqi
rlp acop acoo udi
rlq dqv
rlr acoo acoq acop acok qfm
rls bwo df
rlt acoo acoq acop sjg
rlu acoq acoo acop ykc mba gzw
rlv msk
rlw yxg jok dhp qmm chz
rlx acoq acoo acop giy
rly kdx
rlz lvr wvw
rma acop acoo acoq ssl
rmb acop acoq acoo txj hyg
rmc acoo zbs kph
rmd mca
rme acoo acop ssq
rmf acoo hfs
rmg wat
rmh acoo oxl hys
rmi acoo rnj absg ndh ixf dxf
rmj acoq acoo acop isn
rmk acoo aaif
rml acop acoo gxm
rmm jfh
rmn acoo nzj
rmo iop
rmp acoo svk
rmq acoq acop acoo jc
rmr acoo obg stt why
rms acoq acop acoo aaoj
rmt absw eau jln
rmu acop acoo qyf jrk
rmv acop acoo nga
rmw acoo acop tpm irp kos tod
rmx vuw hfl ste fra
rmy dgk rfr oha
rmz acoq acop acoo dll dam zrj
rna acoo pip
rnb aaqe
rnc acoo acop ivz
rnd acoo zse fma xgo
rne xdb rwu iit
rnf acoo fxv iwe
rng acop acoo crg jqs
rnh acoo acop ibg
rni acoo msw
rnj acoo iil
rnk acoo atl
rnl acoo acop lpo
rnm rxh
rnn acoo daf vdr yaj yvc
rno acop acoo acoq jlg
rnp job
rnq omp acae uvg
rnr acoo krt mdd com
rns acop acoo mno
rnt pru
rnu acoo acop msi
rnv acoo acop acoq aaws
rnw acoo lxx zfp kmz hjx
rnx acoo ax ujk
rny acoo acop acoq aabb
rnz fev rcl
roa acoq acoo acop ihi
rob acoo acop ykg hph yhv ela bsk
roc nml
rod acoo acop jeq
roe jo scu
rof acoo acop pjg jdf ia
rog bzk
roh aqm
roi acoo rcz dih
roj acoo acop acoq xnr
rok o
rol acop acoo jdx
rom acoo acop abhm snm olm
ron acop acoo bzk zth zb
roo acoo acop aabc
rop acop acoq acoo jcp dpc
roq acoo mrk dgg
ror acoo vaa fyz bsx vrf qxe
ros acoo fhq
rot acoo zn ygv
rou jdo clj csd khd
rov dbc
row evi
rox acop acoq acoo xik
roy osf umz
roz acop acoq acoo vk
rpa acoo acop xek qkq non aafx uet
rpb acop acoq acoo bah
rpc wjr
rpd acoo byc kws
rpe acoo acop oxk
rpf acoo hqv
rpg acop acoq acoo iux
rph acoq acop acoo abkh
rpi acop acoo ehj mmk
rpj acoo abda vrb
rpk fjn
rpl kt
rpm acoo tml
rpn acoo acop ds whu
rpo acoo vmi
rpp acop acoo reu
rpq gfr
rpr acoo acop acoq hpq
rps acoo acop xlt mdq cwg
rpt acoo arz
rpu acop acoo lxy
rpv ayu eul
rpw acop acoo tzv
rpx acop acoo acoq bvc
rpy eom lg
rpz acoo acoq acop atc sup mzs viy
rqa acoo dim hou vfv
rqb acoq acop acoo scq ucp
rqc acoo acop vcc
rqd acoq acoo acop qio
rqe acoo acop ccv
rqf acoo acop lwj sfc
rqg acoo yvm
rqh vmy
rqi acop acoo sbb ttl ztm
rqj acoo xrs jjv qhy abts yx
rqk gtx (ujn tcs)
rql lnt
rqm acoo acop acoq ooj
rqn loy
rqo acoo hfk
rqp dbn ffv nwy
rqq acoq acoo acop ulf aago
rqr acoq acop acoo ald
rqs acoq acop acoo yra fmd
rqt acoo brf ctx
rqu acoo acop bdc
rqv acoo zqk fqv dfh
rqw acoo rac qib
rqx ceg fyi jao
rqy acoo acop cbh vrg cfs dhg
rqz uaq
rra acop acoq acoo xel achd hxh fns bar
rrb acop acoo wvv
rrc acop acoq acoo yna
rrd acoo bjy soh
rre acoo acop jnv
rrf acoo byk
rrg acop acoo uqy
rrh acop acoo dsm bbs
rri acoo acop iwk
rrj acoo zph
rrk acoo byy qxr cgt
rrl acoo acop acoq tgb
rrm acoo np aawn kue ite
rrn acop acoo nmc
rro acoo wir ugo (eah cpr zlo)
rrp gzb
rrq iib
rrr acoo acoq acop zan
rrs acoo acop acoq dop
rrt acoo acop imm
rru rtu ecz gvm
rrv acoo ems
rrw acoo acop wzn
rrx acoo abrq
rry hui
rrz acoo ojn prz fdg wtp
rsa acoo acop acoq ahr pdi lly
rsb acop acoo knr
rsc acop acoo aagq sqr wij
rsd njr
rse mqb
rsf acoo acoq acop fqg
rsg acoo smc
rsh acoq acoo acop dny dxr
rsi acoo acop vqe
rsj qlv qod
rsk acop acoo acoq wzq abcg
rsl acoo acop fmz
rsm acoo viz
rsn acop acoo hp ero
rso acoo acop rjn
rsp hhm
rsq acoo qov esd wgj
rsr acop acoo acjg vez ygz hno
rss acoo xze (abps ptj)
rst acop acoo drk
rsu acoo mh jop
rsv acoo acop dwb wlp
rsw acoo acop acoq flg msx vmz
rsx acoo acop acoq yoa
rsy acoo acoq acop zqh
rsz vyn ekj lnd
rta acoo acoq acop vyu ziu
rtb acoo acop urm uyf
rtc acoq acoo acop u
rtd znl
rte acoo acop abmy xfm bcb
rtf acoq acop acoo abll
rtg yls xxy dhc zrq xjn
rth bff
rti acoo hhv qax
rtj acag
rtk hj bz
rtl acoq acop acoo dgs
rtm acop acoo uwg vbs
rtn acop acoo hnt bf blb
rto acoo acop acoq itc
rtp acoo acop acoq ume
rtq acoo acop gpz
rtr acop acoo izq
rts acoq acoo acop ugs hdf
rtt acoo acop mco
rtu acop acoo yqo
rtv acoq acop acoo oxy wyk grr rfj
rtw dnn
rtx acop acoo jhq kso aarb
rty acop acoo zps zmg
rtz xaf
rua acoo hxs
rub acoo acop fet (jrt wia)
ruc acoq acoo acop xhq (iyi py)
rud dds
rue mp
ruf acoo eeq
rug acop acoq acoo omk bmd rfj pke
ruh aul
rui acop acoo acoq ziy
ruj acop acoq acoo gum
ruk acoo mzd
rul acoo kxh
rum obr abvx htp (hto qjh)
run acoo hdx (nni syn)
ruo acoo acop hel aavf lbt pce
rup acoo acop apz sbu tto lzi
ruq acop acoo jjk ddv tuw
rur acoo bug nez
rus acop acoo cf
rut xwa
ruu dll
ruv acop acoo uyw
ruw ubp rd vdm gyx til
rux acoo buz
ruy acop acoo mvk qvd lej
ruz acoo jfe
rva acoq acop acoo kjt
rvb acop acoo wte
rvc dpw
rvd abit aaoi ffx khe wbu
rve acoo jzb
rvf zqy yfs
rvg abew abup xrb ae
rvh ukp vtz hze
rvi acoo acop mme xan
rvj acoo acop ezh
rvk acoo acop acoq dsi
rvl qst mcn
rvm acoo acop sjh wdm
rvn acoo acop ojm ywg
rvo acoo acop dyx
rvp acoo znw xld fjj iwa
rvq acop acoq acoo mmu wrp
rvr gki
rvs tvc sgd aauc
rvt euy
rvu acoo acop tml
rvv acoo acop iot
rvw acop acoo acoq hzi zfp dte
rvx acoq acoo acop yuy
rvy acop acoo acoq ova she wzl
rvz acoo acop iwm dqw
rwa acoo cbe
rwb acop acoo ph aabf
rwc mxa pcm ffy
rwd acop acoo owt acj gmo stj
rwe acop acoo vvk nwk
rwf acoo acop kvg
rwg acoq acop acoo ipc
rwh yzj wqd
rwi acoq acop acoo jzp
rwj acop acoo acoq fgy
rwk acoo aer
rwl acoo acop fax xot
rwm fhv
rwn acoo tdk bra qfn
rwo acoo acld
rwp acoo vyx cuk tsm
rwq acoo amz
rwr acop acoo wmf
rws acop acoo glm fmm ath eqf
rwt acoo aana mrs
rwu acoo qsi xpx
rwv acoo eni
rww acoo aala acah
rwx acoq acoo acop cks
rwy acoo acoq acop mgy esf
rwz acop acoo dte
rxa acoo gbd
rxb yfo
rxc acev xeu iep
rxd acop acoo acoq ackr
rxe acoo acop acoq aoi
rxf acbx
rxg acoo vvf ncw dku aahv epq
rxh acoq acoo acop mux
rxi acoo acop acoq rxj
rxj acoo rnb bpu gss
rxk acoo acoq acop wro iix ubf
rxl acoo acop acoq ics
rxm acoo kmq
rxn wvo
rxo bbb tdy aatu ckc
rxp acoo acop acoq ydh qmk tnt
rxq acoq acoo acop eqk
rxr acoo acop vez gpm wtm yol
rxs fbc
rxt acop acoo acoq qfp pr aawv absz dpk
rxu hrm uv
rxv acoo olc
rxw ssd
rxx acop acoq acoo ngk
rxy acoo acop abnl
rxz acop acoo uzv fpn dhz
rya acoo acoq acop dtb
ryb acoo acoq acop xqh pge rmt
ryc acop acoo gai iks cnb
ryd acop acoo acoq aag
rye acop acoo xpq erh
ryf acoo igc
ryg acoo spn ubs zmc
ryh vuj
ryi acop acoo iya gwu
ryj acoo kbv abnx qbo gmv
ryk mpl vgr
ryl ayh bcw
rym acop acoq acoo anp
ryn yaj dmj ll
ryo acop acoo soz
ryp acop acoo yfq
ryq acoo acoq acop bci
ryr uhm
rys acoo wbt abzk wvc zfc axp
ryt acoo xky xuh acjy rtn
ryu acoo yas
ryv acoo acop qu
ryw acoo kbc wcf dup
ryx acoo rmm cyk uni
ryy vln
ryz aclu xbm
rza acoo xit
rzb acop acoo pwq
rzc acoo uvn
rzd acoo abtl xul
rze acop acoo qys
rzf acoo rxo
rzg acop acoo dha aqv accz
rzh acoo mzv dcs
rzi sdr eoy
rzj acop acoo pdm
rzk acoo kwo abtc
rzl rgk tmu
rzm acoo uhh
rzn acoo acop acoq pgm
rzo acop acoo fvt
rzp acop acoq acoo acep
rzq acoo csp
rzr acoo bht ynf lwa
rzs acop acoo absq
rzt acoo rml
rzu acop acoo acoq bsb yny nnp
rzv acoo acop xtq
rzw acoq acoo acop bed
rzx acoo acop uyz wos
rzy acoq acoo acop slt dio meh isp
rzz knt
saa acop acoo ttl
sab acoq acop acoo mnl
sac kmh qkb rco
sad acoo acop bmk
sae acoo up jxg abgs
saf acoo acop ann
sag acop acoo hit
sah hke
sai acoo acop siq pjg zke
saj acop acoo acoq jnv smi sja abcl gji
sak cfh dic
sal acoo fho
sam acoo acop kvp
san acop acoo acbz
sao afu
sap acoo zzl
saq ejx
sar acoo acop acoq lcu
sas acoq acoo acop kqt
sat acoo acoq acop vge sci kut eel
sau acoq acoo acop vfy
sav acoo acop fin
saw xkq
sax acoo woa
say acoq acop acoo acny jko (nrp mgg)
saz acoo oon yeu pvc
sba acoo acop acoq iab zdg
sbb acop acoo lym fgx zpe giw
sbc acop acoo ruu msy
sbd ada qsy ndy
sbe acoo gcz
sbf acop acoo zyz zub
sbg acoo acop acoq lay
sbh mtx lnb abi
sbi acoo acop acop
sbj acoo roi nnn
sbk acoo acop cve dzx yux wss
sbl acoo acop szr
sbm acoo acop zvs (boc tnd)
sbn acop acoo fhr sdv fei
sbo acoo lua dyi
sbp acoo web idq fzf
sbq acop acoo acoq fif pli cf
sbr acoo acop re
sbs sbj
sbt acoo ftt xdc yph
sbu acop acoo abtv
sbv qqd
sbw acop acoo lnr
sbx acop acoo jur vox wxz yut
sby abop
sbz sbg
sca xmh
scb acoo qll ctf aab
scc yjh
scd acoo cov
sce acoo acop okg jno mfx aauc
scf ow dzl abvc jir
scg acop acoo axj
sch acop acoo acoq rrd uyi htk
sci acop acoo zpn
scj acoo acop xop
sck acoo ax
scl gsz vee wof
scm nwy ksp jip auj
scn acoo ggk gyz
sco acoo acop qwy wxi
scp acoq acop acoo koj
scq acoo vmd
scr acoo kep ir fyl
scs xcu
sct acoo dmx slm dsk
scu acoo pvr
scv acoo xxv
scw acoo wai mvc
scx acoo xsc
scy acoo ayo wns
scz acoo jii zhy uqb
sda acoo tjm ablv idn axb gaf
sdb acoo acop mnr
sdc acoo acop abla
sdd acop acoo jjs
sde acoo acop xqn
sdf var
sdg acop acoo gwt
sdh acoo sxs
sdi jsd
sdj qux
sdk acoo rfr abtz
sdl acop acoo zcf pkd umb lvh
sdm acoo acop yfu
sdn isz
sdo acoq acoo acop evy fcl uvb hc
sdp lbl
sdq acoo wsz
sdr acop acoo abvf
sds acoo acop tyl
sdt acoo wpv iug
sdu acop acoo rip rjy
sdv acoq acoo acop lwc
sdw acoo add prv rcd
sdx acop acoo gjn
sdy acoo myf
sdz acoo zqm bzo krq fdp
sea acop acoo acoq ynz
seb aarz
sec acoq acoo acop abxx keq aazc aawh
sed acoo acoq acop lxi elu wax
see acoo rnd bvv daq
sef acop acoo abwo zqr
seg acoo iaw
seh acoo gev clp
sei pqm
sej jhf jfj
sek acoo azn
sel acoo acop zmg
sem acoo jsi
sen acmh
seo acoo lwl
sep acoo uks pzo efn
seq acoo acoq acop hdn xud
ser acop acoo j ekz
ses acoq acoo acop eny dhj wvy
set acop acoo qb
seu acop acoo zxt
sev acoo acoq acop oog
sew kpc
sex fkl
sey acop acoo acoq ovy
sez acoo krp (bdw ydz rqc)
sfa pwf
sfb acoo gbq
sfc kjw tmx (iii xlm pxn)
sfd acoo hzb zjt bfq
sfe acop acoo acoq efm nva uax
sff acoq acoo acop ayi
sfg acop acoo esq iox fpa ngo
sfh acop acoo ldh
sfi acop acoo tdb
sfj brl mwd
sfk acop acoq acoo tiy
sfl ibh
sfm acoo acop acoq hsw mwe nli hbw
sfn acoo piw tqe
sfo acoq acoo acop jwt icd
sfp acoo jto
sfq klo
sfr acoo acop dry
sfs acop acoo dqk
sft acoo pzr
sfu acoo tpw
sfv acoo eo
sfw acop acoo kd
sfx abgy
sfy acoo xue
sfz acop acoo aaoq
sga acoq acoo acop fyg zfr
sgb acoq acop acoo apn nsl vyo zfs
sgc lva yxo ohw qbb
sgd acoq acoo acop gfp
sge acoo eho xkf
sgf acoo fvf
sgg acoo ckj (mgj ehm)
sgh acoo acop ky
sgi acop acoo ouv
sgj uyw abfs wrb gwc
sgk acop acoo acoq wmv ufg kkk ijp
sgl taa
sgm acoo qzl ubk zjp jme bqi
sgn qoe
sgo dr
sgp acoq acoo acop twy
sgq bds
sgr wjt
sgs acop acoq acoo jbr
sgt acop acoo sni
sgu acoo pjb jli
sgv acoo acop ggm
sgw acoq acoo acop idr
sgx acoo acop acoq vph jgk
sgy acoo bdc
sgz djc xjl
sha twq
shb acoq acop acoo vcu
shc acoo bdu
shd acoo acop bpj
she mkj
shf acop acoo lsk
shg acoo ikd
shh tdg abjy tls
shi mzx dfz
shj acop acoo yek
shk acop acoo acoq xab
shl acoo acop fv yow
shm acoo chp kqd fcj
shn acop acoo bbj (qro dag)
sho acoo jod ktv
shp esr fzx ewb
shq acop acoo acoq xjx
shr acoo gzv
shs abev acev iji
sht acop acoo baf
shu acop acoo acoq mem eec
shv acoo acop aaal
shw acoo ubc ccm
shx acop acoo vbz abtx
shy acoq acoo acop fei wzh
shz acop acoo ufn
sia rcu xsr gwv
sib acop acoo qof ywa
sic acop acoo ndq
sid acoq acoo acop aawa wef
sie acoo acop lqn qfr
sif acoo lmu vkt
sig yxb (ryu zzb crx)
sih acop acoo acoq bnj
sii acoo txi
sij acoo fiw kbj
sik acoq acop acoo adj oox
sil acop acoq acoo qup vib
sim acop acoo nym
sin abhb oec tuh hui
sio acoo acop acoq yiv
sip acop acoo ffg iqh
siq jqz
sir ypx afv
sis acoo czz
sit acoo aadu byb izh ukj jja
siu jyl ajr uis lbt
siv pfa lgz
siw acop acoo ykl
six acoq acop acoo klc
siy ool
siz acoo upa zsj
sja acoo acop ify
sjb acoo qtw rlc
sjc acop acoq acoo yty
sjd acoq acoo acop hdj
sje acop acoq acoo kdw fxe bvn
sjf acop acoo shm nht oim abip
sjg acoo acoq acop ccr vme abux cdf
sjh acoo acop jyo aabj
sji xcx cz jmr
sjj acoq acop acoo drv
sjk acoo qkc
sjl acoo acct aaab yri zhw lak
sjm acoo mzw
sjn hbe
sjo rvj qqf
sjp acoo tuf
sjq acop acoo acoq tdj
sjr acoo ofl buq
sjs acoo acop glm nau
sjt acop acoo acoq ykz mox
sju pxl
sjv acoo acop vj
sjw acoq acoo acop fki
sjx acoo lre
sjy acoo acop acoq mpe noc
sjz acoq acop acoo nxa
ska acoo wfv
skb acoo acoq acop pau ura
skc kmq
skd acop acoo ygv
ske dul abce
skf acoo jmp
skg acop acoo uya rjh
skh acoo acop acoq uma
ski acop acoq acoo dnw rpb
skj acop acoo acoq dhd tmp
skk acoo acop xaj zvs
skl acop acoq acoo fsg
skm acop acoo viy
skn acop acoo acoq eds
sko abbr gmh rsr
skp acoo acop qyi
skq acop acoo acoq jnr qmo gdl
skr sfs
sks ixo
skt acop acoo acoq yoo wzi
sku vdj
skv abxm chd rza fkc
skw cb
skx acoo yln
sky aava
skz acop acoo acoq spe (hh fyh)
sla acop acoo acoq alh ubh
slb acoo acop pwa
slc acoo qak
sld acoo acop acoq aakn
sle acoo hyr
slf acoo acop vgf juw
slg acoo bmr bab arr dkz
slh acop acoo nms oan uc
sli ik
slj acop acoo zuv roq zu qxh
slk acoo vvz
sll acop acoo acoq taj
slm acoq acoo acop fcd eba lvq
sln jvb
slo odo uhm uzk
slp nxe
slq acop acoo yez
slr pzk
sls cp
slt rm xvf
slu acoq acoo acop abz abbi ekl csx
slv acoo acoq acop szp
slw abqk
slx cjl eal qqh tle nbm
sly acop acoo uag qsa yuo
slz acoo acoq acop ggw
sma acoo rvn
smb acop acoo ipe
smc ram eoj
smd acoq acop acoo wbr
sme acop acoo vvi
smf bwc
smg acop acoq acoo shz (bia gco)
smh lne
smi acoo acoq acop aif
smj umh
smk oew qia xel
sml acoo abzp bgz xas fom
smm acoo acop acoq xug
smn acoo mgi acdu (acco abdd qlz)
smo acop acoo xnd ccs olu
smp acop acoo tjb
smq acoo acop wqo
smr acoo vjp
sms acoq acoo acop mnx
smt tok bul zvr
smu igi
smv acoo acop qeq
smw acoq acop acoo dzo
smx yca
smy acoo acoq acop usp ffq
smz acop acoq acoo hto xsm
sna acoo acop dwe
snb acoo acop kmq ryt
snc acoo unj
snd acoo acop uz yoa
sne acoo esc
snf acoo ucz dfo
sng acoo acop ikc
snh acoq acop acoo xvn
sni fxb mfd nfd
snj acoo fii vxg
snk acoo hoq lyz syd snd
snl acoo rfo sqx ifo
snm acoo irq oia wwv
snn acop acoo zmb
sno acoq acoo acop sry
snp uqi tbj ohd da
snq abkr xkc mlx
snr acoo acop iif rrm xaz
sns acoo abab wwy
snt acoq acop acoo hpx kyo dfy bbp syw
snu acoo ed
snv acoo vtj
snw acoo sqn ehc sel
snx acoo xfd jcy lsb
sny acop acoo bio
snz acop acoo cll jbt gvl
soa acoo rdu
sob acoo acop aig
soc acoo qje ihp
sod acoo mzz
soe acoo acop aayh
sof acoo wdp
sog acoo acop zz
soh acoo ls abbz en wut
soi acoo accf onn
soj acop acoq acoo oou
sok acoo acop mng
sol acoo acop usy jix bss
som acoo acop bzs
son acop acoo xmm cep vhd
soo acoo acop acoq btp
sop acop acoo ena
soq acoq acoo acop ls
sor ulm ij
sos acoo acop ysf uas gmi
sot acop acoo xjk
sou acoo acoq acop nlf
sov acoo acop acoq rfv
sow kox fll tvo kcq
sox acoo acop tqh abfg qyd bgs
soy uqz yae
soz acoo wtq abkn htq
spa acop acoo aclp pkp bbh vx hkz
spb acoo acop acoq mxl abmz
spc acoo fut
spd acop acoq acoo ykl cbq qad
spe mtf
spf bjm
spg acoo shw pqe fms
sph qxo
spi acoo kjs kyy
spj acoq acoo acop lzm pmf akd
spk acoo acoo abce nwj
spl swj owh (iob ari)
spm acop acoo og hja anz
spn acoo tgs
spo yjl ksg clv
spp acoo aaps
spq acoo aju lhe uyx att
spr acoo ble
sps acoo eph crx
spt acoo abib
spu acoq acop acoo gmo
spv dgh
spw ksc ynj xfz
spx fbw
spy acoo acop hsl
spz acoo ogm jgh
sqa rzk szv abo
sqb acop acoo acoq abot mn vme nyo aaej
sqc acoo ved wry nnj jax ara
sqd xfk
sqe acoo acop ttf
sqf acoo acop zq
sqg xjh tex
sqh txa gal
sqi acoo cyx
sqj acop acoo ivy wsw bfo crx
sqk acoo acop siq
sql acoo acop els qhq
sqm acoo ojx
sqn thf lky abex
sqo acop acoq acoo lci abhf
sqp acop acoo acoq soe
sqq fdz
sqr acoo acop uju
sqs acop acoo ybu
sqt dao rtt
squ acoo acop ysl
sqv acoo ncw
sqw acoo acop acoq hld
sqx acop acoo dwo
sqy sff
sqz acop acoo acoq vxc
sra swm
srb lvo
src pto
srd acoo mr
sre acoq acoo acop fco kub kfr
srf aaak
srg acoo cxr lcn
srh acop acoq acoo sfg
sri acop acoo acoq ofn
srj aclc
srk xir jvb
srl acoo acop acoq wql
srm acop acoo acoq hul
srn orq
sro lin
srp acoo pzw bjo gu
srq fvo
srr acoo zvc
srs fms tyk zxb aajr vuk
srt acop acoo xar ftl
sru fdy
srv acoo acoq acop uka vwx cvu wcf
srw acoo cam kbq
srx keh vju eqj
sry acoo acop acoq vic pxt
srz acoo acop kqu
ssa acoo acop acoq gqq ctk
ssb acoo acop tzf xvf
ssc trs
ssd acoo tfw
sse acoo acop bmd
ssf rtz qqn urq hvq
ssg egt bxu
ssh acoo acop ngi
ssi acop acoo acoq ase
ssj acop acoq acoo aasq bk abxq aafk gnc
ssk dnx zng hck
ssl acoo acoq acop bwj jwj
ssm acoo acoq acop xni
ssn acoo acop gfk liw cag kak
sso acop acoo yur
ssp acoo aafn
ssq nhu
ssr xgd qcf bmb
sss acoo acop acoq ivs lkb mnw jjm
sst acop acoo bjo
ssu acoo acop rfh
ssv acoq acop acoo xrt gtc jhg abzy
ssw acoo acop tdh
ssx acoq acoo acop srq
ssy joo lsc rsu
ssz acoq acoo acop mwc eey bvw
sta acoo acop hta aapi qvz bdp
stb aaql kfg yqm
stc acoo vsq
std fqs
ste icx
stf acoo ouw (aanr yok zvz) ejq
stg shh uxx
sth acoo ofk zc
sti acoo acop xne tgm klu hhj
stj xki
stk acop acoo acoq mqz sku
stl acoo gpw kjy guo
stm acoo xji
stn acoo acop izi aaar
sto acop acoo acoq ehg
stp acoo xit
stq acoq acoo acop wrp
str acoo elg
sts acop acoo acoq cpl
stt wew
stu acoo acoq acop aajs
stv acoo acop tru pxk wtg
stw acoq acoo acop eft
stx aauo qsz uqx tot
sty acop acoo gse
stz acop acoo acoq lhe
sua fxd
sub acop acoo lpj
suc acoo rkd
sud acop acoo abrp rkk
sue sjd avm dcb web
suf acoo olt
sug ust
suh acop acoo tqb xrx
sui hjv
suj acoq acoo acop vms ugm
suk acoq acop acoo ntg aoe
sul osq yqa
sum jfm
sun acoq acop acoo agd
suo otp dsk absd lcf
sup acop acoo hot pot
suq acoq acop acoo qsx
sur acop acoq acoo jil yhc
sus acop acoo acoq wga cus vhi ksw wrn
sut acbu
suu gas
suv oeo oqd
suw acop acoq acoo fsi
sux jlg rct ugo
suy acoo acop lxg ers
suz acoo acop kuq pol atx
sva acop acoo acoq ubz
svb acoo ike
svc acoo acop gyv
svd acoo acfn
sve acoo nuj
svf jxi mfl (br lcx)
svg acoo dxc
svh acoq acop acoo jku
svi acoo acop sze
svj acoq acop acoo hal jdm
svk cyz wwe
svl acoq acop acoo tbx
svm acoo qfm
svn acoo qpa
svo acoo acoq acop ipn dqc
svp acoo ekr
svq acop acoo zan
svr gps
svs acop acoq acoo vnm
svt acoo acop des
svu acoo auu
svv acop acoo hoo
svw acoq acoo acop lob
svx acoq acoo acop bua
svy acoo acop dnz
svz bb
swa vju
swb acoo hwd yyk
swc kvt rpc jh ckd
swd acoo afu tut veb
swe acoo eeh
swf acoo acaq ftn zhj
swg acoo msm
swh acop acoo abpu fwt nem
swi acoq acop acoo aaaf yan
swj acop acoo uci
swk ing
swl acoq acop acoo juh
swm acop acoo wri
swn nbo weo bdt dtg
swo upr (xrt aclo) kgq
swp acoo acop evb bmt oec
swq acoo hud dqf pku aaay
swr abxt aakc msh
sws acop acoq acoo eia
swt acoo acop ktc
swu acoo acop brh cmt df ntf
swv urq
sww acoo acoq acop ysv
swx acoo acop erx abbm nhx
swy acoq acop acoo vuc (qjo acjo abhp)
swz acop acoo cq brk cvp (acop cv)
sxa acoo xls
sxb acoq acoo acop vid
sxc acop acoq acoo zzj nvi
sxd acop acoo acoq vkn
sxe acop acoq acoo zqp
sxf yes neo
sxg acoo acop uma
sxh acoo fgw kmm zkb
sxi acop acoo kbx acoo
sxj acoo uzr
sxk acoq acop acoo pgw abso
sxl acoo acop acoq onf
sxm acoq acoo acop upe
sxn acop acoo vxa cau
sxo acop acoo zqr yjj
sxp acoo acop wrx dcd
sxq acop acoo crh
sxr acop acoo vsj hrt
sxs acoo acop zub muv tib
sxt acoo acop acoq nte
sxu acoo acop ftt nie
sxv anr
sxw acoo ibj
sxx acoo kon
sxy kdh
sxz acoo qkf
sya vtd iah
syb qms hk
syc bjp mlo gli gvv
syd acoq acop acoo wvp nhl
sye xfq mya sy
syf acoo wru zmg
syg acoo acop acoq nkq
syh acop acoo whm
syi vhg
syj qqi
syk acop acoq acoo tql buh hjz kcc
syl acoo acop fxt
sym acop acoo jao tat
syn acoo acop ahv rku
syo bso
syp acoo pro
syq acoo acop lop
syr acoo ovj
sys acoo acop acoq slk (mwd phm)
syt acoo fvq
syu acop acoq acoo nuz
syv acoo rhg
syw jno ude kfq
syx acop acoo ojy
syy adt (lqt ltl)
syz acoo piz kpc nds ekv aaer
sza acoo acoq acop lib pux
szb acoo xjs
szc acoo obw acfl pqn
szd acop acoo cgm efh knk
sze acoo acop cmp zii
szf acoo sqt vr sv tvs abex
szg acoo acop xgl wyf xsc uug
szh acop acoo acoq vbo acje rzt
szi acoo wfj ntd
szj acoo acop rhs reb ztx
szk cfd txu
szl acop acoo acoq abhm
szm acop acoo oag
szn ptv vdn vnr rpa aceu
szo acop acoo afa
szp acoo sei bfh omf
szq acoo szn xpm
szr acoq acop acoo qii
szs ipq
szt tem
szu acoo jpu
szv svq uek njk
szw acoo aih icn
szx pkt svg yiu
szy acoo uku acam
szz rmv
taa acoo vbz
tab acop acoo kkf
tac acoo acoq acop pve ghp gdh
tad acoq acop acoo bqs
tae acoq acoo acop oca
taf acoo acop yys uka jky
tag acop acoo nsb
tah aaqb igo
tai spx bgt sjb
taj acoo ybm ljb (aec uuh kqy)
tak acop acoo acdg aaok zsg cbz
tal acoo acoq acop uju
tam acop acoo ylq ccc lv
tan acoo htp
tao ars
tap acoo rbj orx nqa
taq mwr (mqi ahu)
tar acoo zim
tas acoo fus
tat wpp xtr lyn
tau tyq
tav acoo cks xpc
taw acop acoo uzx ptb
tax acoo acoq acop udm
tay acoo rrt iic
taz acoo acop dor
tba acoo dkv aall aky fdr
tbb acoo aup
tbc acop acoo acoq cdx dpw (gco sqf)
tbd acoo abok
tbe acop acoo pgw
tbf acoo lib kjg pkr
tbg acop acoq acoo acei aajn qjp
tbh bfd yqg
tbi acoo acoq acop ejv yk
tbj acoo acop zvd
tbk acoq acop acoo frn
tbl acoo ltq
tbm acoo acop vtg aaeg
tbn acoo acoq acop znq
tbo acoo jjh ksf rxh wan
tbp acop acoo yir
tbq cun (pho anp)
tbr yfv vqt uag qep
tbs geh eq tmt
tbt vlb abzj oes
tbu acoo acoq acop wdc
tbv nlv
tbw abuw emd
tbx fci
tby rke fbw dlk
tbz acoo acop abju fzk ksc
tca acoo pdw fdp ktn isq
tcb cdt
tcc acoq acoo acop etr pmk (vce hbq)
tcd acoo acop epq fon sjp ucy lxd
tce rnz
tcf hgr
tcg acop acoo ifk
tch wby wjt
tci acoo acop atq rlq
tcj fhz qai abzd
tck acoo abpw
tcl acoo ekh
tcm arj ioa
tcn acoo acop sc
tco acoo aun
tcp acoo acop ove aaty eil
tcq acoo rql
tcr acoq acoo acop kgd
tcs acoo hmb
tct gz
tcu acoo acop tjb
tcv acoo aez zvb
tcw acoo lsy dje stc agh
tcx acoo aasz
tcy acop acoq acoo mam
tcz acop acoo acoq aadj wno
tda acoo fqp
tdb gyf
tdc acop acoo bfp
tdd ekt ozi (bbt isl iix)
tde acoo acop sno abod bvr ylo
tdf acoo hgt
tdg acoq acop acoo hyj
tdh acop acoo mwo
tdi acoo acop ya xfk
tdj thy
tdk acoo acop khf hzn
tdl acoq acoo acop suy
tdm wn
tdn aaw
tdo acoo dyo lug zzn
tdp acop acoo acoq isw
tdq acoo bab
tdr acoo yy
tds acop acoo dld
tdt acop acoo cji kvc
tdu acop acoo laf
tdv acop acoo ypr hjg
tdw acoo thq jrx ppk
tdx acoo acop huf (bbf kw)
tdy acoo qsg
tdz acop acoo cay
tea acoo dse
teb sey xkr zee
tec acoo owt dtg
ted myd
tee acoo yd pfd cgu
tef acoq acop acoo nxx
teg acoo gvi
teh hmh
tei acoo acop mai
tej acoo zt
tek acgv
tel acop acoo acoq vcw xpo (kjo set)
tem acoq acoo acop cyr
ten icd
teo acop acoo cha esj xfy
tep acoo cnz
teq acoq acop acoo fvx jby nhn zic
ter acoo acop acoq bnt ieb
tes acoo mhk cvz
tet acoo vlm
teu mxd
tev acop acoo pkw
tew acop acoo acoq zwy umy
tex ehs aatv
tey acoo acop uxv
tez rkg
tfa acop acoo fzn aasb vtp
tfb acoo acop igb rpg jfy tar
tfc byo exd qwt
tfd gtv
tfe acop acoo acoq mji (nha mxl)
tff acoo acop acoq wm mvb
tfg shb
tfh acoo acop okm nnn eoo
tfi acop acoq acoo nkt
tfj gjj xhg
tfk abty
tfl acoo chy blg hzr
tfm acoo qom
tfn acoq acoo acop uxg bem
tfo acop acoo lgk tti yrw
tfp acoo max (jtw srb dcl)
tfq acoo acop abtg rdl
tfr acop acoo bpf
tfs ihm bup
tft acop acoo acoq jit irq kzr vpx
tfu acoo ero
tfv zil etw
tfw acoo acop acoq abhe
tfx acoo acop qeg zop (pxz ouf)
tfy acoo gin tnu jri
tfz acoq acoo acop od cpd
tga bxy
tgb acop acoo viw
tgc acoo acop zxa xaj ng qra okj
tgd acoo fup
tge acoo ytz
tgf acop acoq acoo abwk
tgg bev oaw acfd
tgh acoo uxv rjj zmc qsx
tgi acoo aamg zpw
tgj mee
tgk acoq acoo acop pwn
tgl acoo acop ubz
tgm acop acoo wxo
tgn abvh xgo
tgo acoq acop acoo dqt cs tb
tgp acoo dl
tgq acop acoo pgh
tgr aajf
tgs acop acoq acoo nfj uyq
tgt swz
tgu acoo acop acoq cuk jqa aafo goa
tgv acoo cda gid
tgw yez lhm
tgx acoo acop acoq dmu yzy
tgy acoo acop rx lma
tgz acoq acop acoo qyg sis
tha acop acoo vpp
thb skj yqm
thc acoo acop maj
thd acoq acop acoo urk
the acoo acop nlf
thf acoo acop rws
thg acoo acop aih wtd usl
thh gqm uls
thi acoo acoq acop fmp (ndd lxl pby)
thj acop acoq acoo qff pbd
thk acop acoo dyn
thl acoo qxy
thm acop acoo acoq awx evo acbl
thn acoo dfg
tho acoo acop zne
thp acoo gce skn
thq acoo nyj (iva ahs)
thr acoo lfy wwf har vi ntx
ths mwk dxi
tht acoo acop drf
thu tsk nqs
thv acoo yah pka
thw acoo acop fod
thx xcr
thy acoo acop cii abkh sbr
thz acop acoo gew
tia acoq acop acoo dws did
tib acoo acoq acop uce (wnr kma)
tic hyw
tid acoo acop lun
tie acoo acoq acop dra uxb asr tul psn
tif acoo qtg ihu puz
tig acoo qvb
tih gzg
tii acoq acop acoo aced grn
tij acoo acop gmp aog bvw
tik acoo acop acoq hir
til acop acoo acoq oqa abtn uhb czi cjy
tim acop acoo bgj wby
tin acoq acoo acop sdy
tio acop acoq acoo wmk
tip acoo jtm
tiq acoo acop gcc vhp
tir acop acoq acoo aadq
tis acoo zrn
tit acoo uek xus
tiu acop acoq acoo nsw
tiv acoo acop acoq yud utp
tiw acoo acoq acop zmz poq cwl
tix acoo blp
tiy acoo acop acoq zyo
tiz uwh jsv pqx
tja acoo wcf jb
tjb acoo acop jov
tjc vpa
tjd acop acoo avd
tje kqd
tjf acoo rmj
tjg smr qwc csk
tjh acoo acop td luy
tji acoq acoo acop wnl
tjj acop acoo rii xrg
tjk acoo acop acoq qjc
tjl fae
tjm jcl wfz ver rhk
tjn acoo amx
tjo acop acoo xgc
tjp acoq acop acoo ugy
tjq acoo cti gvq oxx
tjr akn
tjs wrk lao
tjt acoo bal
tju acoo kui kxh
tjv acoo abqe cis
tjw acop acoo zpp hra
tjx acoo mcn
tjy cnj wds tdj gbn
tjz acoo jjg
tka acoq acoo acop qoc rpm
tkb acoo koq cpq fmj dja
tkc acop acoo hdx
tkd acoo fdm nfd ujd gpn
tke aamd rif
tkf acoo gww qbt
tkg acoo qqw uo
tkh acop acoo fxk
tki acoo acoq acop xxz
tkj acoo ekp sul
tkk acop acoo lju vit ypc qpw tgg
tkl hhx ilq
tkm acoo acoq acop gag viu
tkn xar
tko acoo vwx mji grv lac
tkp acop acoo uou zau
tkq acoo cbn vpm kix zud
tkr acop acoo xdh qnr acja (ttr pnj)
tks acoo vvh
tkt acoq acoo acop alu onl
tku acoo achx
tkv aig anc
tkw acoo wg
tkx acoo lak mjj uyj
tky acoo acop jzj czo
tkz acop acoo xlv ioc
tla acoo bsq luv cmm gyi uhp
tlb acop acoo acoq zyn
tlc prf
tld uya kj jdv
tle acop acoo acoq anx
tlf acoo uys
tlg acoo acop nzi
tlh acop acoo acoq abzi hkw ife
tli aee rfs mmf cqf
tlj gei
tlk acoo acop ldc asd
tll acoo seq edl
tlm acoo acoq acop dom
tln ede
tlo acop acoo ymd
tlp acop acoo djn pjz aaen ttk
tlq acoq acoo acop sqa tri aapn
tlr ynn abuo ukt
tls acoq acop acoo abgi cqg nmg rpo
tlt acoo abyk giu
tlu lou fut
tlv acoo hjj
tlw mid gsq aazr
tlx ouo mtq
tly acoo kyf
tlz aabb
tma acoo tvl sxk
tmb ikm
tmc acoq acoo acop nwg
tmd acoo nez fgr
tme acoo acop cjy lzf hey
tmf acop acoq acoo zvg
tmg acoo acop nzp
tmh abrz nio ycn uhk
tmi acop acoq acoo qyn
tmj acop acoo vzh wbx gkd pak epu
tmk acoo acop kyd
tml acoq acop acoo abab
tmm acop acoo acoq xot
tmn acoo lnd khi
tmo acoo vfb
tmp yrt
tmq acop acoo akx
tmr imb
tms xts
tmt acoo aacd
tmu icv zhn uak
tmv acoo dlj oir yfr rzz
tmw acoo fwt ggx
tmx acop acoo fkr
tmy acop acoq acoo gkc
tmz acoo acop pwx tpy tij idt
tna hij hpg iqs rma
tnb acoo laz
tnc acoq acop acoo kpz btv azs
tnd acoo hwu vso
tne acop acoo acoq xwg
tnf acoo acop qdl efe vux
tng acoo acop rg jbk
tnh acop acoo jvz
tni acoo dnv
tnj acop acoo acoq mlh
tnk acoo voc
tnl acoo acfy
tnm acoo zrh kik
tnn acop acoo acoq zgt
tno acoo qin
tnp acoo acop fke
tnq gdy ybn jq
tnr rcy ndu kct
tns acoo kdd ox moz gbb
tnt acop acoo acoq awm ifu jxo
tnu acoq acoo acop abbv ktr wfb
tnv acop acoo ndh ioa
tnw acoo jw
tnx acoo acoq acop pcq voo
tny acoo qrj
tnz acoq acoo acop akj ckx pyq t
toa acoo aawj
tob acoo gur jiq
toc oru ghk
tod acop acoo lli
toe acoq acop acoo fq
tof spi
tog acoq acoo acop faz
toh acoo mfg mgh hfp bcv
toi axu
toj acoo dfu
tok acoq acoo acop zyg ktq
tol acoo jj
tom acop acoq acoo dho
ton acoq acoo acop yba
too hlz hlk jii abdl
top acoo acop acoq whd sds
toq acoo acop xqp foa dqu ppj
tor acoo exj
tos acoo aaew
tot acoo abwf
tou dic
tov acoo imx
tow acop acoo acoq cji
tox cun
toy ubc zgh
toz acoo ywv
tpa acoo zps
tpb acop acoq acoo jxn alm koy mum
tpc acop acoo acoq iox win fbt gdg ahu
tpd cvf nen ont
tpe acoo aatt jds hkg
tpf acoo acop acoq jpj
tpg acoo uyi jkn
tph rgj wum
tpi huv dae swn
tpj acoo zar
tpk wpo
tpl ixj xca tnm gag imo
tpm acoo dgj
tpn acoo rfi
tpo acop acoo qsx
tpp qqo xqf hnd mcr
tpq abxx
tpr acop acoo jci
tps acoo zbe ril ngf
tpt acoq acop acoo acew
tpu gba
tpv vgk upj ykl
tpw acoo tuo
tpx ozb
tpy acoo grm fff bom wwp
tpz pwz
tqa acop acoq acoo cvl
tqb acoq acop acoo qat
tqc acoo iqa
tqd rtc
tqe acoo frq qtv sdr xuu
tqf acoq acoo acop aze vlp
tqg acoo lod
tqh acoo zbb
tqi acop acoo zap jax
tqj nqj
tqk acoo ueo
tql acop acoo acoq sdz ykm
tqm acoo acop wza aahi
tqn acop acoo uiu ham
tqo acoo acoq acop qni zvu
tqp tjx wcd
tqq acop acoq acoo vbx
tqr abnt khk
tqs acoo nwm
tqt acoq acoo acop gwi
tqu acoo idn
tqv kyr
tqw acoo acop ajh ag
tqx twp ekv uwf
tqy acoo acop akc kbt
tqz kys cyq
tra vvb oo pqi
trb acoo zqq igp hyv iyw
trc acoo tbk ablr fvu
trd vnp
tre acoo acop fho
trf acop acoo vsw cro (fjd hst)
trg acop acoo lpi ppe
trh cdq
tri acop acoo qh
trj acoo acop wek
trk acoo dhh lhw
trl acoo acop aaj
trm acop acoo lls
trn abqp xqb
tro acoo acoq acop mix trj pwi
trp acoo iyp dua
trq acoo acop mtu
trr vjj uxy fji eac
trs acoo acop jei
trt acoo ffb
tru jmx
trv acop acoo vyk
trw acoo acop kul ppl
trx edo ysr dsv
try acoo acoq acop saz
trz acoo acop acoq swn
tsa acop acoq acoo xtz unt
tsb abnv
tsc vcb
tsd vad
tse acop acoo uhw
tsf acoo acop ngj xkg
tsg acop acoo gpj qt boo ped rvi
tsh acoo yil
tsi acoo acop gqs yhl
tsj acoq acop acoo qjd jbw
tsk lgn
tsl acoo ycv
tsm acoo jye udu
tsn acoo pmb pkq dxf
tso acop acoo acoq njj
tsp acoo acop acoq nyr
tsq acoo zxc dxq
tsr acop acoo aaef cbd
tss uhn xsw rex
tst acoo fvh gks
tsu acoo acop acoq kmi
tsv klx
tsw xbr
tsx acoo abay
tsy rfm
tsz acoo acoq acop mhi uob ibr
tta acop acoo xbl
ttb mrv
ttc acoo acop mxy
ttd acoo acoq acop ori
tte mwl lff
ttf acop acoo ahr uyn
ttg acoq acoo acop mvk jut
tth acoo acop ubm
tti acoo acop wog jfb
ttj acoo ydx
ttk acoo acop vlq mnk tdr
ttl acoo acop xps
ttm glu
ttn acoo new
tto abti
ttp acop acoo khl
ttq acoo qbl
ttr aaah
tts acoo acop rdj
ttt acoo oyh acfq
ttu acoo acop abie absn
ttv acoo rjv xbc zpq frk myc
ttw acoo zac
ttx acoo sat
tty acoo fca kxz
ttz acop acoo acoq gfw uwn asg
tua ppa hpp qss abjj djj
tub acop acoo snu mjm
tuc acoo abuc qqy tco
tud acoo acop dnn
tue acop acoq acoo wk rsv zxi
tuf tir
tug acoq acoo acop gzv dgr zfz
tuh acoo osy
tui acoq acoo acop rzt mfc mqq
tuj sgf
tuk acoo acoq acop rjx
tul acoo bxf hhe vbw dfr
tum acop acoo acoq cgp ptr abes aavl kdt
tun wdj sfp vwi
tuo acoq acop acoo amn utt yue
tup acoo acop kuv
tuq acoo acop jjf
tur acop acoq acoo crg
tus acop acoo acoq lu
tut acoo ayy
tuu acop acoo abix cba cpf
tuv acoo aahp
tuw acop acoq acoo zqv
tux fki
tuy acoo khf
tuz acoo xgu
tva odz abus
tvb ujs
tvc acoq acop acoo aawp
tvd acoq acoo acop seq
tve uln
tvf acoo dxp (fog avp)
tvg acoo acoq acop zgy
tvh ten gcn rbg
tvi yjd hvy
tvj wgg
tvk acoo nif nhc
tvl achb eyp ukq
tvm ddy jow glz
tvn ejg xhm
tvo acoo acop acoq trc
tvp uyq acdz jvz fgc
tvq hdg
tvr acoq acop acoo unz
tvs acoo cv ylu
tvt acoo acop jxc kak
tvu acoo vpk
tvv acoq acop acoo aagg zpv twl
tvw acoo acoq acop rdt
tvx acop acoo aaix
tvy acoq acoo acop abpg zaz urr
tvz acoo mrl
twa who
twb uzx aaoy
twc acoo iij
twd acoo zgb
twe vmh
twf acop acoo aku idq ppc aai
twg acoq acop acoo ubf
twh tab
twi mfp dxp qya jae
twj acop acoo hxz
twk acoo edj gxf kyi abzl
twl acop acoo bui djf (cz bwi)
twm acoo acop nmi srt
twn acoo ir
two acoo qof
twp uoo aem mv
twq ags ika wfm
twr acoo sfb
tws acoq acop acoo bun sae
twt ewj
twu acoo acop fbe
twv acop acoo gkc
tww acoq acop acoo cti ci dqh ewb
twx acoo acoq acop xsy
twy acoo acoq acop pjp
twz abkx yga
txa acoo acop dzb
txb acoo ysu lgg qql
txc acoo xdl accu iet
txd acoo njp jyx pmt lak
txe qwo wph fhj
txf acop acoq acoo fns say iuu p
txg ztw
txh kmo aafm
txi acop acoo acoq iyy ery gwk ilp
txj acoq acop acoo nnu
txk acop acoo nej
txl aaii wps aalt mdq
txm osq
txn acoq acop acoo esw uxx
txo acop acoo acoq aaea
txp acoq acoo acop fvo
txq acoo acop acoq pkv
txr acoo acoq acop ptf
txs acoo acop acoq ygv
txt acoo wll
txu acop acoo inx
txv acoq acop acoo kjf
txw acoo zmy
txx sly
txy coo
txz acop acoo acoq txf ejb
tya acoo acoq acop web yoq klz dlt
tyb acoo ygw sod wzg ulf
tyc acoq acop acoo edf eey
tyd acop acoo ggh
tye mqo
tyf acoo hgy (gwx abgv dqx)
tyg acoo acop acoq dez
tyh acoo sxq
tyi acoo int
tyj acoq acoo acop kqc
tyk acop acoo cti
tyl acoq acop acoo foj
tym acoo acop acoq krx
tyn acop acoo ght
tyo acoo acop acoq aavm
typ aaqz tlb accr bei jsw
tyq acoo qfz jkx
tyr acop acoo itw ynr gdr
tys acop acoo eur ufp
tyt acoo phb cqw xgn
tyu acop acoo acoq rsc nzx bvo
tyv stx
tyw acoo abjv cue ugp
tyx acoo hbd
tyy acop acoq acoo ona
tyz acoo acop acoq oqq
tza acoo acoq acop yjj cfw vht zqm
tzb acoo absb
tzc acoq acop acoo apa
tzd duq
tze bmb
tzf acoo acop acoq ibx uxw
tzg acoo abne fsh aceu
tzh absb
tzi wqj
tzj acoq acop acoo ywb bjd nln xny zfe
tzk acoo aatg azs
tzl acoq acoo acop szy dmu eei abzx
tzm cvv
tzn acop acoo acoq ikc
tzo acop acoq acoo pc
tzp acoo acop acoq toa
tzq acoq acop acoo viy
tzr acoq acoo acop bjh luq
tzs acoo dzn
tzt acoo acoq acop mdh
tzu acoq acop acoo dnm
tzv gjh zj
tzw qyk qzw
tzx acoo acop zoz
tzy acop acoo abem kkh
tzz acoo acop wop
uaa tjh
uab acoo pta
uac acoo mkv tra
uad acoo ablz (odm sdi phc)
uae acoo acop qlo
uaf acoo acop eyo
uag acoo idb wqi
uah acop acoo acoq beu
uai acop acoo itc trd xgl
uaj acop acoo mrv
uak acoo hnh
ual acoo acop acoq abir
uam acop acoq acoo zuf ine acnj
uan btn
uao swm akf
uap zit
uaq acoq acoo acop cns
uar acoo acop rtj abv qfx lpl
uas acoo ywe
uat acoo glk
uau sdk
uav iko
uaw acop acoo egx wks
uax acoo swv prw dkd kcz
uay acop acoo acoq iii
uaz acoo acoq acop aben
uba acoq acop acoo lad
ubb acoo bfr pjk sgy
ubc acoo nsk eqm rao
ubd acoo acoq acop beb
ube acfp (rnb vkj tek)
ubf cha
ubg ksj tes qfl gmx
ubh ich acas
ubi acop acoo acoq shx osv xay
ubj pnz
ubk acoo acop boi
ubl uur
ubm acoo acop rnx qhp tej
ubn acop acoo nky
ubo acoo aaeb yxp omp
ubp ablt mgg dfz xsl
ubq jpx rzt (ceo fdu)
ubr acoo ziw ext uof
ubs acoo acoq acop afb
ubt acoo acop acoq acee lte
ubu juh
ubv acoo acop acoq wcs
ubw xna pcu
ubx kqm
uby acoq acop acoo tkc
ubz acoo acop qxt fdf abex
uca acoo jtz
ucb acoo acop ywt rdj kaw abwq tzs
ucc ur fbc
ucd ldx
uce acoo smm
ucf acop acoo oak
ucg acoo gls
uch acop acoo acoq jws
uci acoq acop acoo cob
ucj acop acoo pyy
uck acop acoo bvb
ucl fnb
ucm acoo acoq acop zvd xkp kww
ucn acoo acoq acop apn
uco acoq acoo acop dae ufz ryq
ucp acoo wry kqj txu vaa uno
ucq iw
ucr acoo acop bet
ucs vdp
uct veh fjn iua ltl qog
ucu acoq acoo acop dgd
ucv acop acoo tqn orn not zrg ttv
ucw acoo acoq acop ubg rig (ro xmo) jdi
ucx acoq acoo acop acmo
ucy acoq acoo acop hlv
ucz acoo acop cbv vfk
uda htt
udb acoo ecn
udc acoo acop acoq aaag ica
udd zhq
ude acoo acop acoq kwo ads owz
udf acoo acop psy
udg acoo aade izm
udh acoo rgl
udi acop acoo smi
udj ubv svo mpz ugv ujm
udk acoo acop uvn
udl acoo acop acoq abpq
udm ulc
udn acoo geu (zlk acl)
udo swf xxr
udp wqd
udq acop acoq acoo aab
udr ziu
uds acoo zmi klk
udt aeo cpu
udu uce cdj
udv acoo gux xni hfp
udw lad
udx acop acoo jbd
udy acoo imx
udz bdd
uea acoo acoq acop mxq jfk
ueb acoo acop rbq aboy iup
uec acoo mzt lie
ued acoo acop qpp
uee acoo gmz
uef acop acoo cze
ueg acop acoq acoo jph qtg pnq
ueh acoq acop acoo vz
uei acoo zjg bsv jma
uej acoo jzn irk skc ucq
uek acoo guh zbj pwd
uel acoo acop vwl ltr zfl odr
uem xvc
uen acoq acoo acop oxj
ueo acoo dhr med jdu
uep acoq acoo acop crw
ueq xwz ndn
uer acoq acop acoo uqn
ues acoq acoo acop jhf txm
uet acoq acop acoo gts
ueu acop acoo ara
uev acop acoo aatk jsj
uew acop acoo acoq qpw
uex acoo acop wss
uey hfe abmj gzg
uez abtm
ufa acop acoo xza qov abfl
ufb acd kdt vlp hxi tza
ufc flr
ufd acoo acop fpm
ufe acoo acop wou kzx
uff acoo jlr ctc auk rzc
ufg acoo acop rik
ufh acop acoo weu ief aajm iju vce
ufi acoo qmb
ufj acop acoo tvu
ufk acoo acoq acop uwj (nyu wsu)
ufl ntz
ufm acop acoo bem
ufn acoo abko okv
ufo acop acoo acoq ixg yxh
ufp acoo acop erx
ufq acoo acop acoq dmd
ufr acoo acop jda
ufs acop acoo tiw lbm bxz
uft acoo myi
ufu acoo eww
ufv acoo kpm
ufw acoo acop acoq dny
ufx iex
ufy acoo nkv (rke qtx wqd zbj)
ufz acoq acop acoo loc aawr xeg iba
uga acoo opc iga nqu aago
ugb acoo acop acoq jjg
ugc acoo acop jrd
ugd acoo acop wwj
uge acoo iat
ugf acoo acop rgn abrb
ugg acop acoq acoo bke eu
ugh acoo ayn bjb
ugi acoo gna
ugj acop acoo acoq dmb
ugk acoq acop acoo acfb xls
ugl acop acoo din
ugm zom
ugn acoo ekv aadh
ugo acop acoo ujm
ugp iew vtg ytb spu
ugq mnw abej opp
ugr acoo glu ysa
ugs vvg
ugt acoo acoq acop sii atb pog zaj
ugu rfa nkn pmp ackk
ugv acoo fnw csy zff cum
ugw acoq acoo acop eih xto enr gij pqf
ugx buu
ugy acoo aasy ewl
ugz acoo kop
uha acop acoo qme (rxj jjj)
uhb acoo acoq acop nef
uhc god dtl yxh
uhd acoo acop nnz
uhe acoo acop qeq
uhf acoq acoo acop ckg
uhg aaav
uhh acoo lej
uhi acoo acop pse
uhj bxy
uhk acoo zej
uhl xez fpm bgc pip
uhm acoo acop gcz
uhn acoq acoo acop ltm
uho acoo gth gya
uhp acoo zdh
uhq acop acoo acoq qle zry
uhr naz rtu jj
uhs acoo tyj
uht acop acoo gab ou lkg
uhu yan
uhv rgg der wqa
uhw acoo eje
uhx acoo acop ine
uhy ofe (cis hnb) cnw
uhz acoo zw
uia acoo acop wfp ryu ebc
uib acop acoo acoq bws
uic acoo vlm dhx
uid ilq
uie acoo acop qop
uif ksi
uig rwu
uih acop acoo pvf ozk isl sfl
uii acoo lhf aair
uij acoq acop acoo tcn
uik rjn
uil scc jxj dnr
uim acoo acop ifq
uin acoo cbj mzz fkt
uio acoo acoq acop dio
uip xqu
uiq acop acoo aq
uir acoo ubd
uis acoo acop acoq sma emw dfv
uit acop acoo ajs ilk
uiu acop acoo qio
uiv tpj
uiw acoo acop acoq gyd ena
uix acoo acoq acop qwt ccj abzb
uiy acop acoo ivx
uiz acoo acop qlw zgt pgn
uja gyp sqp abxe
ujb acop acoq acoo ods
ujc ilj
ujd acoo acop col
uje acoo acop dux
ujf acop acoo sqo
ujg acoo zdd
ujh acop acoo cpy
uji acop acoo ajj
ujj acop acoo tiy
ujk acoq acoo acop hmz abiu
ujl acop acoo llt aapm sin
ujm aye ifh kha
ujn acoo acop dwn
ujo qlo emh
ujp apo
ujq acoo acop acoq igd
ujr lfg
ujs iod mxk pwr qum fkt
ujt acop acoo acoq dur
uju acoo wzt ta wat
ujv ifn
ujw acoo acop bur yh
ujx acoo vbo wzo yqd
ujy acop acoo guv
ujz tru sup aatn
uka acec
ukb acoo nxe
ukc acop acoq acoo pen
ukd lsf dej
uke acoo abvz
ukf acoq acop acoo xou
ukg acoo aaow
ukh acoo acop qpb
uki acoo vir
ukj acoo ysj
ukk acop acoo acoq dnj
ukl acoo acop acoq ayw
ukm acoo acop tid
ukn acop acoo acoq nos myn scl sd
uko acop acoo acoq rgd aalk
ukp ohs tux
ukq acoo acop eqk
ukr acoq acoo acop yzi
uks acoo acop mpn
ukt acop acoo zyc
uku acop acoo oib
ukv acoo acop abei
ukw acop acoo acoq rfv ablp swl tkm
ukx acoo tv krq qqy
uky acoo acop qju (djd jih)
ukz acop acoo kcy zfm
ula acoq acoo acop oes nzm qqm pbq
ulb acoq acop acoo dxk
ulc acop acoo un
uld jif atd vfa
ule acoq acop acoo tsq
ulf acoo acop abcc
ulg acoo acop bps xby
ulh acoo lof oih inz
uli xtu
ulj acoq acoo acop syd dfw zep
ulk acoo acoq acop apg and ecq
ull acop acoo jrr rdc
ulm pdf
uln acoo tpj
ulo acoo acop ktb
ulp yjq syx moq vsr
ulq acoo reu pdt wgu
ulr abgp
uls acoo vkz jjl li
ult acoo ujv gsz bkt fti
ulu acoo jwf ojd adm
ulv rsx
ulw acop acoo acoq mxu
ulx wwy
uly tvr abdf
ulz acoq acoo acop ccg
uma acop acoo acoq dxt
umb acoo acop acoq ovt ogl aaa
umc acoo acop aamu ler isn kdq
umd hys tay izr
ume jop
umf acoo xug
umg acoo xqh
umh acop acoo zwq oiq
umi acaj hpb
umj acoo mts
umk acoo jhg yjq lxt
uml acoo acoq acop zyd gmc
umm acop acoo beg nyi
umn acop acoo acoq aqv mad ixd gwx
umo acoo acop klr
ump pvd
umq twy dhd
umr acoo acop qr
ums acop acoq acoo bbd
umt acoo gos
umu acoo acop acoq kva aawp myt jkh
umv acoo acop acoq aagc tkg
umw oyl
umx acoo acop acoq kmw
umy kny sec
umz acoq acop acoo rqq
una acoq acoo acop hbg
unb acop acoo acoq mon kvv
unc aha
und acoo gqs hkh quc
une acoo acop mpe
unf bov g hlz aca hjc
ung acoo acop ijq dbx fio kwv
unh pmc xvv shf afv
uni acoo acop yfz jul
unj acoq acoo acop xxi
unk acoo acoq acop xpc kbq ewe
unl acop acoo acoq pef ufw
unm acoo pmq
unn acop acoo acoq gjs rii
uno acop acoo tbx
unp acoo acop acoq uat
unq acoo acop acml dqp
unr acop acoo acoq lyv
uns acoo acop fht
unt acoo yzc
unu acoo aabd
unv acoq acoo acop whl vme qrq skq
unw acoo acop was
unx acop acoo xkh
uny acoo ejb
unz yrq
uoa acoo eyw jfa miw
uob acoo acop wev ygi
uoc acop acoo acoq fcz aahb
uod acoo orz abun
uoe bqf jpn
uof rjp vrq idn cpf
uog acoq acop acoo xwj qod
uoh acoo acop acoq qii kio wgu
uoi acop acoq acoo zgt
uoj acop acoo acoq jku
uok vob
uol acoo acoq acop gui
uom acop acoo kaj
uon acoo acoq acop wye nbk
uoo acoo oqn
uop ftw
uoq hbw smo mah
uor acop acoo dfm hbk
uos rmw nhb
uot acoo say
uou acoo acop abbf
uov acoo aajr
uow acoo acop idb dae
uox acoo acop acoq tbo
uoy acoo kb
uoz acoq acop acoo aaxe
upa pu tqe rba
upb acoo acop elh
upc acoo czo
upd acoo cvv oil
upe acoo acop ove sha hjc
upf acoq acop acoo ulr zrc boz
upg acoo acop xsa
uph acoq acop acoo boe ybk
upi acoo acop ulr hm
upj acoo acop uue
upk acoq acoo acop qto bi unm
upl acoo hyj pd fkx cjh
upm foz
upn ypi
upo acop acoo kex gbg
upp acoo acop aapj
upq acop acoo hks (jfi aazn lkl sin)
upr rig hat mli
ups acoo acop can
upt acoo acoq acop ulg kyp xit mc
upu acoo ksc
upv acoo acop jvv
upw acop acoo dgp
upx acop acoo ybr
upy acoo acop sdu udh eyi fdt
upz acoo acop uix oeg yov
uqa acoo acop ivv
uqb acoo acop abak hdg
uqc acoo acoq acop nzk
uqd nwv
uqe acoo acop acoq qyb hfv aqn
uqf lgm
uqg acop acoo abxq
uqh vlu
uqi nyk (kxi gdi eqb)
uqj acop acoo fmx
uqk acop acoo acoq isv xoe lrl
uql acop acoq acoo coy
uqm acoq acoo acop aadp iol bga hqf
uqn acoo acop zpa
uqo pqn ggb mxm dnn
uqp zeh bac muo aatg zj
uqq acoo nwh kat bqi vha
uqr gvn auv wrk
uqs acop acoo jfn
uqt byx abtr egc
uqu acoo acoq acop sei zxc
uqv acoo afz uio
uqw acop acoq acoo bfm
uqx acoo acop gbf cdy wqh gyj lxc
uqy acoo ubx
uqz acop acoo acoq mjq pqu xmk akr
ura cml
urb cpf
urc acoo hfo
urd acop acoo aagv
ure xjf
urf acoo acop acoq fyr ajv sel
urg acoo wul
urh lkj xpx txh
uri bd ofi
urj acoo zon vtr xcv
urk acoo pea slf
url acoo acop zqa
urm abbk fif
urn acoo acop acoq swp
uro acop acoo ppk
urp acoo kzq
urq acoq acop acoo ykn
urr hyl
urs jzg
urt acoo bch
uru acop acoo cnc
urv acop acoq acoo sox kri
urw gwc abgp veg
urx ddf
ury acoq acop acoo fmk jxd kas
urz uap
usa acop acoo acoq ipc
usb acoo acop nvx bea
usc uip bvn
usd acoo efv
use acoo ylf oxo fss jno
usf enh
usg kpn aow
ush acoo xaf mrl
usi acoo bdr cjp whm
usj acoo maa
usk pwr
usl acoo zcb
usm acop acoq acoo aacr
usn acoq acoo acop rky
uso aakg iyu kyh
usp acoo acop azh wgx
usq hen het bdu
usr acoo txr
uss acoo sqt aafd
ust acoo acop cyv
usu acoo acop acoq pal gz gqu
usv acoo dqb vkq
usw iqh
usx acoo idg abyx
usy acop acoo aane
usz ryt
uta acop acoq acoo pml
utb acoo acop mmp
utc psn ncq
utd acoo acop acoq fhc
ute acoq acop acoo gea
utf paw
utg jgl
uth vaj
uti acoo acop acoq il tuh jbc pem
utj hck
utk acoo acop zxo
utl acoo jrp
utm acop acoo evq jrb
utn ngl
uto acoo vmo
utp bat
utq gwy dph iho
utr acoq acoo acop ikm
uts acop acoo dlt
utt acoo aaiu
utu acoo fif
utv acoo utj
utw acop acoo zqb
utx acoo acoq acop bw rgv acju
uty acoo acoq acop mpc pjo
utz acoo ppm
uua rqq
uub acoo gku
uuc acoo acop acdo iut wzo dsx
uud acoo buv cfy spt
uue aakg
uuf acoo msb
uug acoo acop acoq ltu
uuh acoo acop acoq rsy
uui acoo fsa jdf lng nnz
uuj pbi
uuk xil
uul acho (xje kai)
uum myl
uun acoo yx
uuo acop acoo xjk sgx gfl
uup acop acoo aauo
uuq acoo ssl
uur ces eyk aath
uus acop acoo cip
uut acop acoo khe frj
uuu mzu eao acgc
uuv acoo acoq acop egs
uuw gon dpj
uux acoo sj
uuy acoo vun
uuz eus
uva acoq acoo acop abhh
uvb acoo jiz
uvc acoo acoq acop zis
uvd zrn
uve txk
uvf acoo xrr
uvg acop acoq acoo mvj lkm cgh
uvh acoo xpn aasl
uvi acoo ecl
uvj vxb
uvk gra qaf qdt tgd
uvl acop acoo hxt
uvm jo xpi wkk
uvn acop acoq acoo kmr wdp qax ksc aazi
uvo acoo mny mhp als
uvp rfj
uvq acop acoo eab urk alh byw
uvr frr
uvs acop acoo acoq xrg
uvt hoe myd
uvu acoo acop eib tdw
uvv acoo acop otk dzp
uvw seh
uvx acop acoo acoq pex jge achw
uvy acoq acop acoo blq
uvz acoo acop vsz
uwa acop acoo wys
uwb acoo bct
uwc acoo pgz
uwd acoo wwj
uwe zbu
uwf aqp
uwg acoo acop euj acax aadb
uwh acoo nxo
uwi acop acoo axo
uwj abyr awk euq
uwk ifx
uwl acoo vxi
uwm acop acoo ota bql zbd
uwn acoo veo
uwo ecy
uwp acoo acop xt ydn
uwq acoo kdd
uwr acoo acoq acop acmx
uws acop acoo vme xos aqq emu
uwt acoo acop yfa
uwu evw tlh
uwv acop acoo gnj
uww acoo tfd
uwx acoo acoq acop hut
uwy acoo aaal czp xvn uaq
uwz pne
uxa acoo qft
uxb acoo acop acoq ini ibj aacy
uxc lrk
uxd acoo acop bbd
uxe acoo acop abos
uxf acoo acoq acop ssl
uxg acop acoo xpq nsc zdn
uxh acoo acoq acop tyk
uxi acoo ymp
uxj acop acoo acoq shr kvz
uxk vzb bke rka crt
uxl acoq acop acoo qhr
uxm acoo jxx fpt czc
uxn acoo acop acoq nhr
uxo aari tqt
uxp acoo taz zcc
uxq acoo aado
uxr acoo mjk
uxs acoo ffw
uxt acop acoo fcx edf
uxu acoq acoo acop ora
uxv acop acoq acoo xys
uxw acoo acop acoq qva
uxx acoo acop xrs
uxy ued qvi
uxz acoo mpb
uya acoo acop kfe
uyb acop acoo acoq rpa lzz tpg twj nzz
uyc acoo ajk bmd qtx ziq
uyd acoq acoo acop abkn xhv
uye acoo uwc
uyf acoo acop udj kwz
uyg jui few
uyh acoq acoo acop xcr
uyi acop acoo abhc
uyj acoo pby
uyk acoo acop thp
uyl acoq acoo acop ablb
uym acoo gzq kmi
uyn acoo aamm
uyo egx
uyp xwi lha
uyq sdz
uyr acoq acop acoo jiy aarf jgs
uys rev kcg
uyt acoo vjq cpv rol
uyu kx cqf sdm
uyv rof (zog szt)
uyw acoo acop rre tey ewq oky
uyx acoo acop acoq oei vig muc
uyy acoo acop xdm wnc iim
uyz acoq acop acoo owc
uza fvj ipg reu zwv
uzb acoo dpn
uzc acoq acoo acop bkx ablp xmh sce
uzd ifv
uze acoo epg oru
uzf elw
uzg acoo ooc pbs qtz
uzh acoo ikz
uzi acoo ipm
uzj acoo acop kqm bqd acgp zpg rnw
uzk acop acoq acoo wwf
uzl acoo gko
uzm acop acoo zkf ojn
uzn whl
uzo acoo jcc
uzp acoo abml ipc
uzq acop acoo qhw yei gqi
uzr acoq acoo acop tfn jhe aabx
uzs acoq acop acoo ehc
uzt acoo suk
uzu acop acoo fqz
uzv acoo rhy edp (zjd gyv) hcv
uzw acoo ssp aans cvz
uzx acop acoo dmd
uzy uvr xob
uzz hat (iwi ktt)
vaa qhl
vab acoq acop acoo hfb arf
vac acop acoq acoo iai
vad acoo acoq acop lal
vae moo
vaf aahf vny jjj
vag bqs (eec kjr)
vah acoo erm
vai acoo cuc
vaj acoo awv
vak acoo acop zni sju mmn
val acoo fdh
vam acoo vx
van acoq acoo acop aatp
vao acoo vtv
vap acoo acop acoq jbe ajc
vaq acoo acop bxp
var acop acoo acoq wcr nar
vas ejp gss
vat acoo byk
vau acoo ilo
vav acoo dvg (br atd)
vaw acoq acop acoo abnw
vax acoq acoo acop oir ablg ufr
vay acoo acop acoq cu
vaz rlz
vba acop acoo buf
vbb acoo hwd mwn gtc
vbc acoo ixw dnl cwv
vbd acoo acop mkw
vbe hxz owu tro
vbf acop acoo tkr
vbg zn oih
vbh kdk
vbi acoq acoo acop flk iax
vbj acop acoo zcu
vbk acop acoq acoo acec hll oau
vbl acoo nvl vvd ptr
vbm acoq acop acoo kkc
vbn acoo acce
vbo acoo rik ysg
vbp acoq acop acoo zwt
vbq acoo acop aabz fqt efr cab
vbr hic
vbs kc
vbt acop acoo vmx
vbu acop acoo njx
vbv tis qqk xun
vbw acoo abim
vbx acoo acop lgg
vby acoo rvg uzc jvb
vbz acoo yze
vca acoq acop acoo aata
vcb acoo iyd xkx dxd
vcc acop acoo acoq aboh
vcd sfb mcz kpr
vce acoo uyl ltc vwf
vcf acoo weu ckw (ywi ywr hlx)
vcg acoq acoo acop pe evv asq
vch acoo fnm wbl
vci acoo pdn mbm hk
vcj acoo acop ztr (abeo xcu)
vck dlv
vcl acoo upw liw jog uyz
vcm acoo acop rxr
vcn nan nxr dpe
vco acoq acoo acop mvx
vcp acoo erz
vcq acoo ajn mus
vcr acoo acop pvx cj cyr
vcs wov
vct acoq acoo acop anc (wxn yxi)
vcu acoo abfl zif (abxq fng)
vcv ydl
vcw aagr hjs
vcx acoo acop gkv
vcy acoo cjo xnh
vcz usg
vda acoo acop esd
vdb acoo hpg vaj bxp
vdc qfo hav
vdd acoo fpc
vde acoo acop mti
vdf acoo acoq acop ari
vdg dhz igu (abbp alr)
vdh acoo ico ssp gcf
vdi ajr
vdj xhs
vdk acoo acop acoq xwq
vdl acoo acop acoq dfp
vdm acoo acop acoq abbz aum
vdn acoo acop acoq vyp (hlr pvo vww)
vdo lva
vdp wwv
vdq acoo acop acoq ijo spi
vdr bbw geb iok
vds acoo xk
vdt acoo ujb
vdu acoo acop hat
vdv acop acoo rpo
vdw zje bel
vdx bqu sup xsm
vdy zop acfk mei
vdz wkp ccz vgj
vea acop acoo qvf
veb tkc omm
vec oc rve fbv
ved acoo pud yyg
vee ayo aabt sgp
vef acop acoo acmz jzi kqo
veg acoo acop acoq abmw xak
veh acoo acop abm
vei acoq acop acoo nmg
vej bes
vek acop acoo acoq xvl pbw xl
vel zak jej de
vem acoq acoo acop bxq
ven acop acoo egv
veo acoo qhm
vep acoo acdb
veq waj
ver iyu
ves acoo jyv
vet acop acoo acoq abfv
veu khx axq
vev acoo azl wyt nxb
vew yno
vex acop acoo acoq and
vey acop acoo pxf yhe
vez acoo igj
vfa acoo ren yq
vfb acoo ics
vfc acoo acop jbg
vfd xat cyy
vfe twx
vff acoo mmu azx jkg hue nsf
vfg acop acoo lyb ueo
vfh acoo acop fhd bid wex
vfi zhz uqf
vfj acoq acop acoo acew
vfk acoo acop lxf bxg vdp iev
vfl pyk
vfm acoo xmo
vfn acoo ooj
vfo acoo acop acoq qhv acng zxg sli lvc
vfp acoo zus aaus kcd
vfq acoq acoo acop abod
vfr acoo fxg
vfs acoo acoq acop hlh hx
vft acoo zek
vfu acop acoo acoq md ewb
vfv xke
vfw ecx tns
vfx acoo acop acoq bzg
vfy acop acoo acoq arv
vfz acop acoo cky nbe ifc rei
vga acoq acop acoo mme
vgb acoo acop rjl
vgc kub btx xqk ojy
vgd acop acoq acoo mpu
vge acoq acop acoo eih swe ysq
vgf acoo acoq acop cxu wlf
vgg wku abm
vgh acoo acop btm nv qnk
vgi acoo dte
vgj acoo mtm (eoo ct)
vgk acoo acoq acop ver
vgl acop acoo cir tsm
vgm acoo iho cze joj
vgn vcl
vgo acop acoo uhk
vgp abey
vgq acoo acop acoq abby
vgr acoq acop acoo zha
vgs acoo unk
vgt acoo vjp
vgu acoo uxa abmx obq
vgv acoq acop acoo acoe efw abzn
vgw abrr
vgx acop acoo acoq jdn
vgy aaju
vgz acoo och
vha acop acoq acoo abfl
vhb uzq
vhc acop acoo acoq njc ypv aapq
vhd acoq acoo acop yhr yxn fsz
vhe tyc lfa epu
vhf acop acoo jwj cxf epp
vhg acoo twy
vhh acoo fbn
vhi ajw ajh
vhj rar
vhk acop acoo lva
vhl acop acoo acoq oyd
vhm axb
vhn vyw
vho acoo acoq acop tbr
vhp acoo acop ksi
vhq acoo acop krs
vhr acoo umw
vhs acoo jkk
vht acoo acop anf aclp
vhu wuj
vhv acop acoo acoq dxj
vhw ahx
vhx acoo aabj
vhy acoo cde jkb hrt
vhz ikb ffw
via acoo blf
vib jxz
vic amw
vid acoo srw
vie acop acoo abyj
vif qcj olp
vig acoq acop acoo jvz
vih acoo vck
vii acoq acoo acop pdr xko
vij rnf kpz
vik acop acoo pey hwx gsx lcy
vil acoo rns msy
vim acoo bte
vin acoo skz qtm
vio acop acoo acoq xk lix
vip acop acoo acoq tyl mvl
viq acop acoq acoo fcx qwg acfe sdq
vir acoo acop xrn gsu
vis ozp
vit hct bvv god psj ayw
viu gck
viv acoo acop abee
viw acoo acop tir nxd egh yjy
vix ggk (ymy sf fud)
viy dfc zvh
viz acop acoo bgp
vja eon ljb
vjb acoq acoo acop ajm aavg
vjc acoo zrd
vjd acoo acop oof
vje hrr
vjf acoo acoq acop ujy eyc m
vjg acop acoq acoo qis
vjh acoo acop inp
vji acop acoq acoo jsn
vjj acop acoo ala oca nip
vjk acop acoo cks
vjl acoo zsw
vjm acoq acoo acop kxr
vjn acoo hfp hbb uvy upf
vjo acoo acop ctr jwe
vjp zvj
vjq qml lyy
vjr kr wff
vjs acoo acop acoq dza
vjt acop acoq acoo zqj nlq
vju acoo acop iwr urx ucj msm
vjv acoo jbo otl
vjw acoq acoo acop plo fjy
vjx oml dty fep edv
vjy acoq acop acoo xln
vjz acoo acop mdq vjt aawj
vka asu
vkb jxt ey hsa ogr
vkc acoo yay nmi ijf ipi
vkd acoo acoq acop me
vke acoq acoo acop jpk
vkf acoo acop acoq naa
vkg wiz abbu sgy aalw
vkh acop acoo acoq fjk
vki wkb
vkj acoo acop rov
vkk acoo acop viw
vkl acoq acoo acop xgm nnw
vkm acoo acop bxh akh uns
vkn acop acoo acoq gao bgw
vko acoo acoq acop dxg egb
vkp acop acoo acoq wqj lfy abu
vkq acop acoo acoq vwj fcc
vkr acop acoo acoq qyn kpc
vks acoo eeh
vkt acop acoq acoo idy
vku acop acoq acoo oce
vkv gmb wwn gfr
vkw acoo mvl
vkx acoo lfn ot enu hzo oga
vky acoo umr rok una oug gwj
vkz acop acoo gbc (jye skc hgn)
vla acoo qud cyy zov xyd
vlb acop acoo hkt
vlc acoo acoq acop nkt qng dud
vld acoo lep ija yzd gxv
vle acop acoo pvq
vlf gzl jew
vlg acoo hom
vlh ysq
vli acop acoo imi kfi pvr
vlj acoo gam
vlk fpv hhu jtp
vll acoo acop wat
vlm acoo acoq acop bv ofw
vln acoo wrc
vlo sey
vlp acoo cla abpy
vlq acoo akr
vlr acoo acop acoq hrm grp
vls acop acoo acoq absl
vlt acoo rvx
vlu acop acoo cjt
vlv acop acoo dqp pvd gxi
vlw acoo acop abuu
vlx aavx
vly acoo lsf soq jna ihk
vlz uvn com
vma acoo hjp
vmb acoo ovb
vmc acoo acop jpn
vmd acoo jmr
vme acoo onz hen
vmf acoo acop abrz
vmg umi
vmh acoo acop jja
vmi acoo cii zts
vmj xkk
vmk acoo acop dqm
vml kzp
vmm acop acoo tkp (yhw etj w vcd)
vmn acoo acoq acop skm xyc tdb
vmo yyf
vmp jrs
vmq acop acoo otb
vmr cdz
vms acoo cvo jch yyj obs kqs
vmt acop acoo yxm
vmu acoo acop jhx sbh cfc
vmv acoo rcc
vmw acoq acop acoo gog
vmx vnu
vmy dto
vmz thc
vna acoo acoq acop aey ora eql
vnb acoo kyw
vnc acoq acop acoo tfg atb apf aarm kpe
vnd axm apo
vne eae iae
vnf acoo rkj qwd aboo
vng acoo acop kwg ccq
vnh szd
vni acoo xfg ijf
vnj uf gpq jnl
vnk acop acoo acoq cyy (tvd bcw)
vnl acoo dtc
vnm nvw
vnn acoq acop acoo ejr ywm kxa abze
vno acoo pun tma zfh
vnp acoo puv
vnq hnz
vnr acoq acoo acop swp
vns acoq acoo acop erm
vnt acoq acop acoo wlq
vnu acoo ycp wrd vnl
vnv acoo zqp kiw
vnw acoo acop dps ckr cqw rqa
vnx acoo bbe igv
vny acop acoq acoo xpo swc
vnz jss
voa acoq acoo acop qnv wjg bge
vob acoo ehg mpa nu
voc acop acoo ctd xhc jbi
vod acoo acop hcj
voe acoo acop hmk wqw opb ojs
vof kce xwl
vog qil (pka uyt)
voh acoo xjr
voi udt
voj acoq acop acoo xf
vok acoo acoq acop sox syr vvu abaz
vol aaai ayz
vom acoo acop qrh
von acop acoo acoq xiz zxk paz dam
voo mpb osn zxl
vop acop acoo vvs
voq qis (uoy abt)
vor acoo acop rxn sq obq
vos acop acoq acoo vsl zeh pft
vot lz pib ctg
vou acoo acop acoq xjs ppe wdd acbi
vov acop acoo aajt
vow eaq qbl
vox acoo acop bsx
voy vrf stk ysk nim
voz acoo aazz
vpa acoo acop jcn gzt
vpb acop acoo gpb
vpc acoo acop uge
vpd acoo acop acoq suk
vpe acoo acoq acop piw vsu
vpf acop acoo nqq
vpg acoo acop wo
vph acoo acop nzv clb
vpi acop acoo bab
vpj awl
vpk acoo qb cir mmp
vpl acop acoo acoq aqd ee (hkv wtq)
vpm acoo acoq acop ebu jds
vpn acop acoq acoo pnq
vpo btz
vpp acoo acoq acop lsn dic
vpq acoo acop acoq aafe rik htb
vpr acop acoo uvw
vps acoo ptd
vpt zlg byn
vpu acoo rxz eah
vpv acoo acop acoq hza
vpw vd jlj spp
vpx acop acoq acoo bcd pmo
vpy fox ong
vpz acoo aank puq
vqa acoo mwr
vqb acoo acop rik
vqc acoo khz yyc aaz
vqd acoq acoo acop ur
vqe xju rou gxo
vqf acoq acop acoo fua
vqg acoo epn
vqh acoo ekq (jtf dqd) gsa
vqi acoo acop xbp bmg (aciu mmi)
vqj acop acoq acoo epv
vqk tfb
vql acoo rev
vqm ocd bay wru
vqn acop acoo acoq jwo abdp w
vqo acop acoo bec
vqp acop acoo tjv fyd cub
vqq acoq acop acoo mmf fby
vqr acoo rig
vqs yyp (xur vam lqv jj)
vqt acoo jks
vqu acoo acop jch aazc bdm
vqv acoo bta
vqw acoq acop acoo set
vqx qna
vqy tuk
vqz acoq acop acoo etz cqp
vra acoq acoo acop wzz juy xtw jen
vrb acoo acoq acop yzg jtd
vrc acoo acop rzo mpr drk
vrd acoo acop acoq poe
vre acoo kxj xkf
vrf kg bny gaa
vrg acoo acop acoq whn zut bev trs
vrh acop acoo acoq mnb new
vri acop acoo acoq sxt
vrj acoo acop acoq bxl rof kcs
vrk acoq acop acoo lf
vrl acoo acoq acop zda qfx
vrm acoo acop absq cku (oxe acni)
vrn acop acoq acoo yqj abdq zrx
vro acop acoo usm
vrp acoq acop acoo irr
vrq acop acoq acoo vkl oxz zvs
vrr efa wb
vrs acoo xdw
vrt acoo viz
vru acoo jem
vrv acoq acop acoo aabg
vrw toq tth tpo dui
vrx bhm gar abge
vry acoo ryu
vrz nyh odd
vsa acop acoo jim wvq djk bum
vsb acop acoo lnm
vsc acoo lwh
vsd ttk bgf ikf vdu aciu
vse acoo rev pja jjs cf
vsf acoo acoq acop zrh
vsg iaq wvg pss smk
vsh acoq acoo acop urf
vsi acoo acoq acop iks
vsj hby hvg zvv das
vsk acoo oft
vsl acoo gie
vsm acoq acoo acop wgz
vsn acoo acop vmt wma
vso acop acoq acoo gjy ixi kye
vsp vsx eef cyq (upd ozo)
vsq kfa
vsr acop acoo vkg yld
vss acoo acop abdd
vst acop acoo acoq eob
vsu acoo xth
vsv aao ucv
vsw acoo acop ogx
vsx kvn acmt
vsy acop acoo abmb jpx
vsz acoo acop uiy sqa
vta acoo acop reg bfa nac
vtb acop acoo sbc
vtc acoo lwp apx eyc
vtd acop acoo ozv
vte icg
vtf acoo bcu ues dfc rev
vtg acoo acop acoq oqw
vth acoo qbk ddw snb ljt
vti acoq acoo acop fwd mzo bbh
vtj acop acoo tia
vtk acoo llo abrg
vtl acoo acoq acop gcs
vtm acoq acoo acop xyb jo
vtn acoo heq
vto acoo ixz
vtp acoq acoo acop aajy
vtq acoo aaht yhd yfd
vtr pij
vts acoq acoo acop vys oea rhm
vtt acoo acop acoq va
vtu acop acoo sxw
vtv acoo acop rhs oji yqf uwa
vtw acoo acoq acop ozf jpt bvk
vtx acop acoo abmd nvq
vty acoo szs prj
vtz acoo lde
vua acoq acop acoo klg tlr
vub acoq acoo acop jxz
vuc acoo acop vlh
vud acoq acop acoo hap qkj fpi
vue acjw
vuf acoo vzh nsx nqu
vug acoq acoo acop frz afo
vuh acop acoo nvn
vui acoo acoq acop atg haq rqp
vuj acoo nxu edk zvp
vuk acoo jxb
vul cuq pnc
vum sym mxk xva
vun acoo tob
vuo acop acoo acoq lho lto umj fjt
vup acoo ool ilb hpc
vuq acop acoo acoq zwl
vur acoo kfs cls ajh
vus acoo mby
vut naj
vuu acop acoq acoo ixf
vuv acoo acop acoq fob
vuw tyu rwe wve tnf bzo
vux acoo acop lxp
vuy acoq acop acoo rtq
vuz acoq acop acoo ect
vva acoo acop abog nbf
vvb acoo acop bmk fat wun
vvc acoo wry
vvd aaoj fxz
vve fua ablk qle ymm
vvf alw hdg
vvg kol
vvh acoo usr txd qyh abco
vvi acoo rof cnb
vvj acoo acop jmn
vvk acoo smg acfp
vvl acoo dlp lki bzf
vvm acoo jei tyn
vvn zsb
vvo acoo acoq acop gzg
vvp acoq acoo acop gbh
vvq acoo acop pta abcz
vvr whd
vvs acoo bcx fdh
vvt acoo acop acoq akp
vvu acin
vvv acoo aamj atu
vvw acop acoo xbn
vvx nti vbi
vvy acoo dlw
vvz acoo vxk gz
vwa acoo aavj (thl (giv qba bsm))
vwb acoo mfq
vwc acoo djm hgy
vwd acoo acoq acop no
vwe acop acoo maf
vwf acoq acop acoo vkm
vwg acoo kxq ecv ggq
vwh acop acoq acoo rif
vwi acoo acop aayx fkw
vwj cnw jcl pcd
vwk acop acoo acoq wix
vwl acoq acoo acop scp
vwm acoo xxm
vwn acoo bgk
vwo acop acoo tvc
vwp acoo acop acoq mwv crt ndr
vwq acop acoo acoq pqp rsm
vwr acop acoo ixf
vws acoo ndd
vwt acop acoq acoo zxh
vwu acoo acop acoq nkv
vwv acoo tof mbn mot
vww acop acoq acoo su
vwx acoo izh (lzo ewp)
vwy acoo acop abuk
vwz lun
vxa acoo phg
vxb pgc wvu gix bqs
vxc acoo acop fzq
vxd acoo acop yqw
vxe acoo acoq acop uof omq mhz
vxf acop acoo axf
vxg xeo
vxh acop acoo acoq wzl bhh qed
vxi acop acoo pml mpj
vxj akv
vxk acop acoo abva vek
vxl khn
vxm acop acoo eyj (hpb zme irm)
vxn acoo acop abtu
vxo acoq acop acoo rak izd smv
vxp acoo acop nxa dir uul eym
vxq acoo sgf
vxr acop acoq acoo opd
vxs acop acoo jys
vxt wtu cbq acbf
vxu fsu
vxv acoo acop hjp
vxw acoo smt lcq tuk
vxx jwl ghj xyq
vxy acop acoo mlk
vxz acop acoq acoo zne fbv ntp
vya acoo acop txf pnr dbz zwu
vyb acop acoo xza
vyc acop acoo nmy pmf cpl ekf
vyd acop acoo acoq tdh
vye acop acoo btq dul
vyf acop acoo udk
vyg qlh
vyh acop acoo bek
vyi acoo vjx fkj qha
vyj acoo acop kad
vyk acoo vsx
vyl acoo acop wmo fzi
vym aayn rng
vyn acoo acop ixe mib grq keu tzq
vyo acoo acoq acop cbg
vyp acop acoo hlv ele tnp xrm pda
vyq acoo hnb
vyr acoo wky et
vys acoo mqy
vyt acoo acoq acop hmg gve wpt
vyu acoo acop acoq pvs
vyv acop acoo lxp frr gsu lwt
vyw acoq acop acoo nzx
vyx acoo bmj
vyy acop acoo xm
vyz qdy
vza acoo acop rru vlw acjn hfc
vzb acoo acoq acop ymt
vzc acoo bed iuq cod
vzd acop acoo axt
vze acop acoq acoo aacr
vzf acop acoq acoo jky
vzg acoo wl
vzh acoo ctt
vzi acop acoo acoq gnx aaar
vzj acoo acoq acop tcy qxr
vzk nl eyt lrg
vzl acop acoo acoq lau bir
vzm acoo acoq acop ekl krh
vzn etq tui
vzo aub ztj bsw
vzp aazz uxx pyr dlp
vzq acoo vjz
vzr sdm
vzs sqs pki vks rci at
vzt acoo vys ezb ipy
vzu tpc (mhr wtq)
vzv acoo acop mql skw bot
vzw qbm nxg zlv slk
vzx aakl xje onp
vzy acop acoo obb jqy gvj ctc
vzz acoo kpp
waa vmx
wab kea adk ypa
wac acoo acoq acop flz
wad aclb xrf lwb bhh ghq
wae acoo gxp
waf xmv abqf grn icx
wag acoo yvd hxu xxa stv
wah acoo acop acoq hmo
wai acop acoo scd idk hvv
waj acop acoq acoo jkb knj
wak acoq acop acoo wjz
wal acoq acop acoo vpy aabt aza
wam acop acoo acoq fqy
wan acoq acop acoo aag
wao acoq acop acoo ggi
wap uuq c cws erp
waq acoo acop xbk xkv
war acoo acop acoq ypv gjh xbz
was acoo acop rvh
wat acoo acop okx
wau acoo tqi umm
wav acoo wjl (lcc hoc dev ptn)
waw aach
wax acoq acoo acop tuw pxx
way acoq acoo acop vmx lkn
waz qps
wba acoo acop acoq tpe
wbb acoo acop gim
wbc acop acoo wip
wbd acop acoo oii
wbe acop acoo acoq cip rrg rxw
wbf acoo kd ssf ueq wcz
wbg ysp
wbh qml aku
wbi vff hyt wo
wbj xnl abes
wbk tuh aaay gnh tbu msj
wbl acoq acop acoo loi zlh dgm
wbm acoo acop iqs mbc
wbn acoo iyw aaqg vut zjm
wbo acop acoo acoq qlo
wbp kvg
wbq acoo acoq acop vwx
wbr acop acoo oma byd agd bxr
wbs xgc hrh
wbt stn wbv
wbu acoq acoo acop pwh
wbv acop acoq acoo rxo
wbw dfb
wbx acoo acoq acop eyq
wby kzl hhf
wbz acop acoq acoo puv sse
wca acoo acoq acop xpv nsm kao
wcb mvp
wcc acop acoo qun
wcd acoo djc
wce acop acoo iou
wcf acoo cpz
wcg iox enu abka
wch acoo lke
wci lpo
wcj acoo acop gyy
wck acoo frn lec
wcl acoo acop hnm
wcm aavn
wcn acoo mic
wco acoo iwl
wcp acoo aclp
wcq acoo uld osl bsc vsx gke
wcr acoo gbx
wcs acop acoq acoo cic rzl vbg lzn
wct acoo nwd adv doh
wcu acoq acop acoo fsw
wcv acoo acop ttg
wcw acoo acop rel
wcx dxf
wcy acoo acop fgl
wcz acop acoo hsl
wda acoo klk
wdb acoo ywn znk
wdc acop acoo sro xmw
wdd acoo acop him zei (cdl fjk)
wde acop acoq acoo vzg
wdf acop acoq acoo gcz
wdg ldt
wdh hgq fho hwd
wdi acop acoq acoo kda
wdj acoo mxb pir loh uza
wdk acoo acop fmf aces
wdl acoo mva
wdm acop acoq acoo mnu uei sfu mda km
wdn acoo acop sp
wdo feq acli zne (xvy bph)
wdp mce
wdq acop acoo acoq coj
wdr acoo cmn ayc abtj hsp vlc
wds acoo acoq acop elj
wdt acoo acoq acop kkg
wdu awl qve xuj hlj
wdv acoo acop acoq jqn ebe nvu ofb
wdw acoo goj czq mwx
wdx acoo zlo gco gys
wdy sjs bju
wdz acoo acop tgu und
wea acoo aauh
web acop acoo acoq acfd xdf hdf
wec acoo acop fwz
wed acoo acop srz
wee acoo foo zl
wef acoq acoo acop xe
weg acop acoo kml
weh acoo acop acoq acin
wei acop acoq acoo jjo
wej ibu
wek acoo acoq acop lph
wel acoq acop acoo msf
wem acop acoo ohv abot
wen acoo gie
weo acoo tnt drd
wep acoo acop acoq nsv
weq acop acoo zdy
wer acop acoq acoo tft sqm lgw
wes tiw its aakt zki
wet acoo acop acoq lqu
weu acop acoq acoo abfj
wev acoo rzq
wew acoo ato (rlr ufd srd)
wex acop acoo jty
wey acop acoo ays oco
wez acoq acop acoo bv
wfa qmw
wfb acoo acop acoq tzi ejn tjw
wfc yfg omf
wfd acop acoo acoq ito vqx rnv bri dfz
wfe lup wcl wae
wff uqp
wfg acoq acoo acop wri tjb
wfh acop acoo acoq zeq
wfi acop acoo tby pdl ywt
wfj acop acoo zwt
wfk acop acoo lcw
wfl acop acoo tgo
wfm viz kdw
wfn acop acoo onj
wfo acop acoo lni pad qyo onp mwx
wfp acop acoq acoo vos qtp acgl
wfq acoo acoq acop ewj mgd aamq a udt
wfr acoo acop acoq mat
wfs acoo ltj ipa kqa rqw
wft acoo acop eyu
wfu acop acoo acoq wol lnv
wfv acop acoo trs
wfw wug
wfx www
wfy acoo acoq acop luk
wfz acop acoo ryf hqq
wga acoq acop acoo pub ifs mvt nnc
wgb acoo pjm
wgc acoo ocp
wgd acoo esn uoz ymi
wge acoo aarh wbh qoy aash avu
wgf yqi
wgg acoo acop acoq vui
wgh acoo acop acoq lqg rer opa
wgi qvq twv qna
wgj acoo pd kvc iuv auv rkt
wgk acoo ggb
wgl mxh
wgm acoo acoq acop myx asf
wgn inf abjt qxw mzl vaq
wgo bjx joc
wgp acoo acop vih
wgq wtq
wgr acoo acoq acop qzc
wgs aju
wgt acoq acoo acop obu
wgu acoo bru bdn wsl bfc
wgv acoo acop acoq ulr nul
wgw oiz mpg
wgx acoo acop vbh
wgy acop acoq acoo sec ytd rsx
wgz cw ajv
wha acop acoo wwh znb
whb acoo acop iql
whc aaaz
whd acoo uva
whe acoo aog
whf acoo acop acoq haq wig
whg pfy ine
whh acoo dso
whi acoo acop acoq ngw
whj acoo gwq pwl wjf ema
whk acoo uso hej pfl
whl acoo lsi fql ppn
whm acoo acop bku xqy hzb vhp
whn acoo acoq acop wny
who accu zeb
whp acop acoq acoo nuk
whq acoo acop acoq lse
whr acoo ldy
whs acop acoo acoq wde jnv ekv jgp
wht kqx
whu acop acoo acoq bin kkn
whv acoo bqf
whw acop acoo aahu (lgt zc usy)
whx acoo fyl
why acoo acoq acop zet able zld aanl ggm
whz acoo wni
wia acoq acoo acop omt
wib acoo rlz
wic acoo acop esg lfe bkb
wid ncj
wie acoo acop sgy vyk zpg acji
wif acoo mpu euj mkw
wig acoq acop acoo jij qdj ryl snc
wih acop acoo bvr
wii acoo acop lkh ywt
wij acoo acop kko
wik ptt
wil acoo acop rpi lyi
wim acop acoo gwi
win jrt
wio oeh
wip acoo acop nnz
wiq acoo acop pjh abmd
wir acop acoo xgy ffb
wis acoo acoq acop kmn
wit acop acoo pag luk tdw
wiu ipn
wiv acop acoo chh
wiw acop acoo acoq afp
wix mra
wiy acop acoo jfv mjw buf ozj oyl
wiz acoo dyu
wja acoo acop ggh uql jlw tyd
wjb vud
wjc acop acoo fgc ruz jag
wjd ugy
wje acoo gvy dgq
wjf acop acoo trf udf
wjg tpv
wjh acoo acoq acop hvu
wji acop acoo bxt
wjj naw
wjk acoo acoq acop rtx
wjl acop acoo lom nmp iug dfs
wjm acoo hmt
wjn sbe acnz
wjo acoo col
wjp acoo acie
wjq nfs pfd
wjr acop acoo bik
wjs acoo mld
wjt acoo ihu jmp
wju acoo acop oss lut (abac vmn)
wjv acop acoo fi kuo abyk das
wjw acoo vrn
wjx acoo fq
wjy acoo fwf nbj wgc
wjz acoo tla lwj fti
wka acoo dwp gqw dop pjz src
wkb acoo ojl
wkc acoo acop aajf zch kxr
wkd acoo acop cai
wke acop acoq acoo cdn
wkf acoo vvj tnr
wkg acoo abgi
wkh acoq acop acoo ziq
wki abug
wkj acop acoo acoq gml viz
wkk acoo acop acoq kaq
wkl acoo jvf wsi
wkm acop acoo aara
wkn acop acoq acoo yso nto
wko soh
wkp acop acoo acoq fjc
wkq acop acoo acoq ogy
wkr acoo acop xfy bab niw
wks acoo gaa
wkt acoo acop bae wuf auf ucu
wku acoo fpk
wkv acoo ywc
wkw acoq acoo acop xrn
wkx acoo acop rhh pbr rvn
wky acop acoo acoq pxs wtm
wkz egl tnd
wla acop acoo tdi
wlb acoo acoq acop uuc
wlc zbu
wld acoo jtf
wle acop acoo htv fdz
wlf acoq acoo acop mnu (vdx nnb) sth
wlg acoo acop yof
wlh acop acoo pqg
wli acoo uts
wlj acoo uxd
wlk gby kft gdd
wll acoo acoq acop xls
wlm acoo acop ajy mbo
wln acoo acop mnb npa vdj awt
wlo acoo upb
wlp jxz uvd xyq
wlq xcj rlm
wlr acop acoo acoq zel tvx aclp
wls acoo abgg
wlt acoo aco
wlu acoo acop aamm
wlv acoo aatx
wlw acop acoo whr
wlx acop acoo acoq luq
wly acop acoo jda xkh
wlz iz yop
wma acop acoo wfx cfb
wmb acoo acop vxi gsn
wmc acoo acop aamm vov cnw kti
wmd acop acoo aale
wme acop acoo odr
wmf gjn ztb
wmg acoo bmz
wmh acoo dfo
wmi zjh
wmj wte sqz
wmk acop acoo acoq vvo (hwz wdd ion)
wml acoo sis
wmm acoo ngl
wmn dyf jpf
wmo acoo iqv
wmp acop acoo wmb cku
wmq acoq acop acoo qk yig jkl abrx vsh
wmr acop acoo acoq xqy qtq aaac
wms acoo lze
wmt acoo ayh
wmu acoo acop mir zbo aaco
wmv acoo wtm
wmw acoo abrx
wmx acop acoo ast nsb
wmy acop acoo acoq bum
wmz acoo tp
wna dex
wnb tqc
wnc acoo acop deg (lus hid cxs)
wnd abxu ukv
wne acoo acop jmh efa
wnf acoo uur
wng acoo whu
wnh acoo acoq acop gun
wni acoo vyd its xsd
wnj qz
wnk eel ugm aod ngo
wnl acoo acop zbi izz
wnm wte zqb
wnn acoo acop acoq ggr
wno acop acoo qgv
wnp ryx flu
wnq acoo acop qbh aall ywr umy
wnr acoq acoo acop acey bdl
wns acoo acop tob
wnt jyd
wnu acoo gui
wnv qmd
wnw wpw scw
wnx acop acoo qpw ibu itd
wny acoo acop gqd
wnz acoo deq
woa lzt lou
wob acoo acop riw
woc acop acoo prv vgi
wod acoo acop acoq zev pdb ozq bba
woe aayg acjg nnm jlu
wof acoo amh
wog acoo jwx
woh acoo txp
woi acoq acop acoo asg
woj acoo acop acoq ytw
wok acoo lwt ipc gci yxj
wol acop acoo lmp zpz
wom acoo acoq acop exk
won acoo acop gmk
woo acoo ein
wop acoo acoq acop bbo bhs acas
woq acoo xte mlh
wor acoo abjp
wos acoq acop acoo oys
wot acoq acoo acop zmp uha
wou acoq acop acoo loe
wov acoo sam
wow acoo acop wif
wox rik
woy acoo ikp utg lot kmh
woz yeu
wpa acoo acop idb
wpb acoo zfd zzy gve
wpc acoo gvc
wpd acop acoq acoo wix
wpe acop acoo tkj
wpf aanx
wpg qog jhd twn
wph acoo oso
wpi acop acoo brh
wpj hlv (ecy sxt hgp)
wpk acoo acop mth jlo aavf
wpl mfh
wpm acop acoo acoq abwl
wpn llq
wpo acoo xeq
wpp zen
wpq acoo ifi ybc
wpr acop acoo aazb
wps acoo bjn ahq (oor ofr aabo)
wpt acop acoo acoq ttu
wpu acoo jym
wpv acoo acop urq uxe zow abub
wpw acoo psu trn dwh
wpx acoo sii byi off
wpy acop acoo dlj fys
wpz acop acoo bsp
wqa acoo aclt
wqb wkw
wqc acoo acop acoq fxf yvb
wqd acop acoo dnh zqc olu
wqe acoo crb yvg
wqf acoq acoo acop xha sdf xti
wqg acop acoo pcr
wqh acoo ek
wqi acop acoo zqs (ysr yrt)
wqj acoq acoo acop jrs nau bl tas fom
wqk acop acoo yvw
wql acop acoo aape
wqm acoo apb
wqn acop acoo acoq bix
wqo hcc wtc yvr
wqp acop acoo rwu tyq ukr wje
wqq acop acoo acfe mhm
wqr acoo xy exj
wqs acop acoo oay nyg
wqt vob
wqu acoo mho
wqv acoo acop kj efy wup
wqw acoo acop acoq bek
wqx acoo acop nhi iqz abbq
wqy jho qek sbf
wqz acop acoq acoo mra
wra hjh co
wrb acoo zdy
wrc acoo acop uqz
wrd axk
wre acoo atd dzt
wrf acoq acoo acop rvg
wrg acoo aacv
wrh acoo acop hti
wri nae
wrj acoo aei wxu gzd
wrk cte jug
wrl qiv
wrm jjw psx ose
wrn acoo acop zns
wro srd
wrp acop acoo iei
wrq acoq acop acoo fbt oxm
wrr acoo huk
wrs acoo ydm yxz ppg mig
wrt acoo ffw
wru xel
wrv acoo acop ztc
wrw acoo acop rgb
wrx acoo acop cf xnc gbz geo
wry xxl uvx dvs tob
wrz qvc huu
wsa bzf
wsb acoo acop ihd
wsc acop acoo qzu ese
wsd acoo yic
wse acop acoo acoq wjo
wsf acoo skx kbs cfc
wsg acoo uaz
wsh kfi
wsi ski ejr
wsj vb sym yaf
wsk acoq acop acoo uwd
wsl acbr
wsm acop acoo tqz
wsn bap
wso acoo ofa hnf
wsp acop acoo psk hxb hkc
wsq acoo mps
wsr jhi
wss acoo bpo
wst acop acoo abna
wsu acop acoq acoo aajv
wsv wrt
wsw acoo acop kzt arf abl
wsx acoo yru mzq jhy
wsy acoo fcn hkh
wsz acoo acop mpz lqb
wta acoo acop ppb pvm ivd
wtb acoo acop xwj
wtc ecb tsy
wtd acoo abdx
wte acoq acop acoo thk
wtf acoo uiu kry fty
wtg acoo acop acoq pww bap yyo
wth j cwv ovs
wti acop acoo ouw vpa
wtj acoq acop acoo lia
wtk acoo acop acoq abnt
wtl acoo acop acoq hge
wtm acoo aakr
wtn acoo euh
wto acoo wlv
wtp acoq acoo acop kny
wtq acoo acop acoq kbf aadm
wtr cli acg
wts acoo xbk wby
wtt plk cyn sws
wtu acoo acop ulz
wtv abg
wtw acop acoo acoq sns xac slz
wtx esy (wmy mnz)
wty acoo acop mxl ikv
wtz acoo lrp app xvf
wua acop acoo ael ric gpo
wub acoq acop acoo aaou
wuc acoo acop jnv
wud acoo aaev
wue acoo yog
wuf acoo trk
wug acop acoo acoq abol
wuh acoo vct (abmg bun)
wui acoo acoq acop ekp
wuj xtb
wuk scr
wul acoq acoo acop vhp
wum acop acoo acoq vks aayc qga huu
wun atf nrv
wuo acop acoo acoq vwh
wup acoq acoo acop qpl
wuq acop acoo rvh yzp aait ilt
wur aakf ksm
wus acop acoo acoq apc bya aakc wip
wut acop acoo tri
wuu acop acoo uyw
wuv acoo bfd
wuw acoq acop acoo piv
wux acoo acop acoq sug odb
wuy acoo etz
wuz acop acoq acoo cu wll
wva acoo acoq acop pim
wvb acoo gst
wvc ghb rzh fwc abcm fqb
wvd acop acoo zzl
wve acoo acop rlx
wvf acoo tgh isv vif
wvg acoq acop acoo gpq
wvh acoo acop acoq akq wwi
wvi acoo acop okw
wvj acoq acop acoo fhu bax oir
wvk vum abbo
wvl acoo tss
wvm acoq acoo acop xgr
wvn acop acoo fzj ycx
wvo acoo klx dbj
wvp acop acoo gqr
wvq acoo acop acoq ekp
wvr irk
wvs acop acoo acnv itq
wvt yep
wvu iaq abiz cxn qkt
wvv acoo zov
wvw acoo dcf
wvx mxh
wvy acoq acop acoo zdi tfm
wvz acoo pbl
wwa acoo acop ca
wwb acoo acop cfu
wwc acop acoo ieg
wwd acoo qqh
wwe acoo cxj
wwf lsz ppi pyh hmr dwq
wwg acoo wse ksy ttm edu
wwh acoq acop acoo hw
wwi acoq acop acoo zco cyo
wwj acoq acoo acop oyk
wwk htx
wwl acoo abv qnb
wwm acoo ayi
wwn acop acoo acoq btw
wwo acoo fwr
wwp acoo kqs ooe
wwq acop acoo acoq ilx ihl heb
wwr acoo xnw
wws acoo acop jov
wwt acoq acoo acop onn lwi bjq
wwu acop acoo fsb
wwv hou
www acoo acop ttz abxb
wwx acoq acop acoo cfn ls ysm
wwy acoo acop gkw
wwz acoo bsj
wxa acoo dze pju
wxb acoo acop acoq vid
wxc acop acoq acoo tdj
wxd acop acoo x
wxe acoo acoq acop zaz ljw
wxf pjg vsw
wxg acoq acop acoo ey did wsa
wxh acoo acoq acop qds
wxi acoo ocq
wxj acop acoo acoq tkt vvj szv
wxk acoo acop aapw mls lgk
wxl acoo acop acoq qzp
wxm acop acoo yjx
wxn vox
wxo esh soo qdb
wxp noe (rju ovh)
wxq zkl
wxr wpi
wxs acop acoo aki tlw zbm
wxt acop acoo ncg lnm ozx
wxu njf
wxv acoo acop wck soo
wxw acoo acop ddy dck kej
wxx acoo agc
wxy acds
wxz ekr
wya acop acoq acoo ibj bzs llh ytn
wyb acoo acop bss
wyc acoo acop acoq xmk
wyd acoo acop acoq fdf rhn
wye euj
wyf acoo kft
wyg acoq acoo acop mvu
wyh acoq acoo acop drg
wyi acoo rjc
wyj jti
wyk acoo acoq acop ugd luq
wyl acoo yfp gbe suh
wym acoo acop acoq xpr
wyn rhc (acmz xqp)
wyo tdo
wyp wma vco gik
wyq acop acoq acoo zlg iyk wuh pee
wyr rom ogk zsr say
wys acop acoo rvc
wyt acoo acop bqd aaiv
wyu acoo acop kpg
wyv jdj
wyw rzk
wyx acoo acop abty iyt
wyy acoo fmd et
wyz nge
wza uxn
wzb acoo ajb zjn
wzc qeo
wzd acoo acop umj
wze acoq acop acoo mzf (wwg qwh)
wzf acop acoo uvq
wzg acop acoq acoo aki hmm (dqr muo npb)
wzh acoo meg
wzi acoo acop ftg pek wjf mj
wzj acop acoo zlo
wzk ehp
wzl coz rfw igs aawo vwx
wzm pe qwz uuz wsl
wzn acop acoo raf
wzo acop acoo acoq yfz hxl uif ywu
wzp acoo acop awq stk yve hzw aaxz
wzq acoo acop vqz
wzr acoo abev vnh
wzs acoo apo lhj flr
wzt acoo zzd iar
wzu acoo zdf
wzv acoo acop jrx
wzw acoo acop yfh
wzx acoo cdk jvs dii ode
wzy acop acoo abgb tex aaub
wzz acoo luc cvb irk
xaa acoq acop acoo aaij
xab acop acoq acoo jvy
xac acoo avm pyj
xad acoo lkg
xae acop acoq acoo abto
xaf wpz
xag hdk
xah acoo wic nna
xai acoo acop fiw
xaj acop acoo edm kow xrm
xak acop acoq acoo nea jdt
xal asi
xam acoo dax
xan qqy
xao acoo acop acoq owg sy
xap wzk
xaq acop acoo acoq szw odj
xar zqn blp qsf
xas acoo acoq acop rtk avo
xat acoo acop dqp
xau acop acoo ihj uru oks
xav acop acoo wrl gtw
xaw acoo acop acoq tls aapx lnd
xax acoo ljb
xay acoo acop jfa
xaz acoo acop vtv
xba acoo acop kqw
xbb acoo acoq acop aajw aky ogk
xbc acop acoo aayx
xbd acop acoo acoq wwd
xbe acop acoo aaxi
xbf vry
xbg kti tyl iym
xbh acop acoo kib
xbi acoq acop acoo iii jno gkb
xbj acoo acop acoq abq ycn
xbk pm
xbl acoq acop acoo trd
xbm acoo wxy
xbn acop acoo dic fnb
xbo wsp hcd
xbp acop acoo phs
xbq acoo ffj
xbr acoo acop tdf vou tnb
xbs acoq acop acoo fwx
xbt ggh lff
xbu eiz dvw
xbv acoo tjo
xbw sme kpu
xbx acoo mtb
xby acoo wss
xbz acoo ecp
xca acoq acoo acop xyd opx (aajs nkv) abym
xcb acoo aaix qsx
xcc acoo ablo
xcd acoq acoo acop nbb
xce acoo nsv egx nzg bfe ajn
xcf acoo vce
xcg aavh
xch wva
xci acop acoo hsd suj sbx
xcj acno
xck qxu (nzs ubs)
xcl oob
xcm vne phk
xcn acop acoo ckv
xco acoo acop ztq tym blp usv hym
xcp acoo uqu
xcq acoo acop wgs nvh car
xcr acop acoo bwx cyg gky fps
xcs acoo acop xmv lsl phl
xct pwc
xcu fvy isf
xcv acoo nyg xeg
xcw xht
xcx acop acoo xjw
xcy acop acoo avb
xcz acoo nsy
xda rgs
xdb acoo jwl
xdc acoo sfm dmm
xdd acoo acop bnf
xde acoq acoo acop cfg acbf rdk
xdf acoq acoo acop itw
xdg kme
xdh acoo acop lpp elv
xdi acoo acop ujj
xdj acoo cnp
xdk acoq acop acoo dua
xdl acoo acop acoq yxi
xdm acoo lon ils
xdn acoq acoo acop nwl
xdo km
xdp acoo wzp dez atc
xdq acoo acop ryv
xdr acop acoo iht
xds acoo acoq acop ltc ran
xdt acoo fuj omh
xdu acoo acoq acop aagx (gsu cst)
xdv acoo abam
xdw ryy zsm
xdx ix
xdy aga
xdz rl man rav jwu
xea acop acoo gxs vyn xdt
xeb wwb jav bzy shv
xec acoq acop acoo sje
xed acoo acop oay acaq
xee abmm
xef rta bov acbz
xeg zrg
xeh acoq acop acoo equ
xei acop acoo hfh qyt nza
xej acoo xre
xek acoo acop acoq kda zwm
xel acoq acoo acop vwe
xem sxz
xen acoo acop bdx gvv
xeo acop acoo xhj
xep acoq acoo acop abco pfq
xeq zuh
xer acoo acop kfj fxk hqf
xes gmh
xet acoo pth
xeu acoo acop mur
xev acoo acop prh
xew acop acoq acoo uvv
xex phg aabo
xey acoo acoq acop baq
xez acoo acop dsg gkh
xfa acoo aapj
xfb acoo acop tvg grw
xfc acop acoo tfd
xfd acoo kod hei ysb pel
xfe acop acoo acoq grm
xff acop acoo qry
xfg lqj
xfh acoo fyx ztf
xfi hvn znp
xfj acoq acoo acop kmg
xfk acop acoo acoq lge wms nko dxe
xfl acoo aaub aayz
xfm acoo plv hfd lsq
xfn acop acoo acoq vqx tzd
xfo acoo abiq ion
xfp acoo acop fae oke
xfq dal
xfr acop acoo lku qoz
xfs acoo acop acoq kig skh zon tnn
xft acoo oxt
xfu acoo ozs aabg ibo
xfv vfb
xfw emp lsy ftk
xfx acop acoo acoq mzx
xfy acoo acop och ygw dcv duj
xfz acoq acoo acop ezf
xga acoo dxq hhd tbx
xgb fdj cjo ezy uwb
xgc zur gbq duj
xgd acoo spi pgu
xge ddt nsp dnq kqn ngi
xgf ljv kvu
xgg acoo nbh tcv acr erq
xgh vod csq he
xgi bwm
xgj lax
xgk acoo zhs
xgl acop acoo oin dzb aavo
xgm acop acoo acoq fer oml bpe pfr
xgn jkn
xgo acoo ldx jnm blo
xgp acop acoq acoo gkl
xgq pfl
xgr acoo acop acoq ols
xgs acoo olq eiz xjv ztb
xgt iya aabs cyb
xgu acoo acop aaah rkw
xgv acoq acop acoo brx nml (dki plf)
xgw acop acoo sok gm
xgx yvq
xgy acoo acop acoq ngj
xgz acop acoo acoq rux
xha acoo hgc
xhb acop acoo uzb bec dcg
xhc acoq acop acoo aals iie
xhd acop acoq acoo abdp dod
xhe acoo kwu
xhf acoo uly shn
xhg acoo acoq acop wwu
xhh acoo uzj
xhi acop acoq acoo vat ggr grx ovm
xhj acop acoo acoq mzg dlj wir
xhk acoo acop sxe tkj qfm sva
xhl szi (bdh sts)
xhm acoo acop hbn cdf (mcz prc)
xhn uwa
xho acoo acoq acop vur
xhp acoo ddd
xhq aaaz ukx
xhr acoo acop rsj pps kid npn dih
xhs acoq acoo acop kgz
xht acop acoq acoo slt
xhu ee yun
xhv evh
xhw acoo vos jyg abpg
xhx acoo acop zxh
xhy acop acoo lk hiv fvh pjp
xhz asu juw
xia acoo hah
xib acoo acoq acop aaxu
xic acoo aavn gcp eqf
xid acop acoo otu
xie acoo lsg qu brj
xif rky mdd ree bib kg
xig acoo azr dkl oxa
xih paf
xii acop acoo acoq rlg
xij acoo acop aaju lbx aabd mo sc
xik acoo fja
xil acoo tmq
xim acoo acop kac
xin acoo acoq acop zza
xio ohk
xip acoo acop acoq lfa uow tmb vdq
xiq acoo osp epk wue fud
xir acoo acop htx hce
xis acop acoq acoo yqo
xit tfa
xiu ipt czf
xiv acoo uxj
xiw acoo acop mqb fhb eqg aaqe
xix acop acoo acoq aady
xiy acno ez epk
xiz acoo acop acoq qqa
xja acoo oud
xjb acoo acoq acop jhg thf rif
xjc acoq acoo acop hdx
xjd acop acoq acoo psh imv
xje acop acoo acoq rvz
xjf acop acoo pdj mpx ffd rjh accm
xjg acoq acop acoo abyf
xjh jjl iev (nqp hlu)
xji acoo acop vek kue mwd
xjj acoq acop acoo mdh
xjk acoo acop owq bow
xjl acop acoo yg
xjm acop acoo eit
xjn acop acoo jhk
xjo acoo acop acoq neq
xjp acoo acop hdz
xjq acoo xav
xjr abwh
xjs acoq acoo acop dti jdd
xjt acoq acop acoo zec ugv aagi
xju zwy
xjv acop acoq acoo rzj
xjw sio
xjx acoo acop rir
xjy acop acoq acoo won
xjz acoo ibv kkm yyu
xka jku (dwl aqf ldk xxm)
xkb acop acoo jhw
xkc poq
xkd acoo igj rot
xke acoo acoq acop lxi
xkf plq ekm
xkg acoq acoo acop qob
xkh acoo yto
xki acoo acop pph aceo
xkj muh hs mov sq
xkk acoo tdk
xkl acop acoo acoq haz
xkm acop acoo sc ckt hyg agc
xkn acop acoq acoo wcd
xko acoo jjc pbi mat py
xkp acoo acop eeu
xkq acop acoo xxz lxc
xkr acop acoo kat wnc jug xmv
xks lqh
xkt apu
xku acop acoo rku
xkv acop acoo tri
xkw acop acoo prg pua dcz
xkx acoo pdb
xky acoo acop ram krh xy aaci
xkz npt nee
xla acop acoo bzb
xlb tcr
xlc acop acoo put ptg
xld acoo wmu (tgv twx)
xle ddy gqf mah gh
xlf acoo acop iby
xlg acop acoo acoq abia xxo oxn fnr
xlh acoq acop acoo mjv
xli acoo acop oba
xlj acoo acop lmo
xlk acoo pda es
xll acop acoo cfq odb jtz iay ore
xlm tdx
xln ehd ilb
xlo acop acoq acoo ufo lty
xlp acoo acoq acop kac
xlq acoo gua
xlr acop acoo wya arm
xls acoo pvj uwt oje gao
xlt acop acoq acoo evh
xlu acoo aaqt (mwh ufn absd)
xlv ibg aajp ycj zlc mwc
xlw mot
xlx acoq acoo acop zsq
xly acoo acop acoq asp
xlz acoo ytw aahp rss fvo
xma acop acoo sfk
xmb acoo cnu
xmc acoq acop acoo lmn sdv
xmd acop acoo keu maf
xme acoo acoq acop pck
xmf acoq acop acoo kxs rrk abml
xmg acop acoo xhs lmc
xmh jxx
xmi acop acoq acoo pfq
xmj acoo acop jwj
xmk acoo acop ixx mgk (zem pbj)
xml acoo uw
xmm gxo
xmn ukp qwn
xmo acoo tnj
xmp acoo hvg
xmq acoo acop up
xmr acoo ohd
xms acoo mai
xmt dsp
xmu acoo aaqu
xmv gpw ggb ly doc
xmw acop acoo kjg lrv
xmx acoo acop blg
xmy pnf
xmz acop acoo aaev qou irc
xna oew
xnb acoo acop acoq iwr
xnc acop acoo sbb
xnd acoo acop hdp qnr gik zba hka
xne vvn
xnf dow
xng ymh
xnh ovy wxs
xni acoo acop omq (yt quj)
xnj acoo aayz
xnk acoo acop dkj
xnl acop acoo acoq nef
xnm acoo whf
xnn acoo acop xxw huj cen vih
xno acoo ypb
xnp acoo acop jcq
xnq acop acoo acoq olv vww eje emc
xnr acoo acop fj
xns acop acoo acoq mcu edb pkk
xnt acoo kub xeo ifo
xnu acop acoo acoq ide
xnv acop acoo eyc ruw ein aabu ytv
xnw wem
xnx acoo acop acoq abdj
xny nf uip
xnz fse
xoa acoo acop hpb abux jhg
xob acop acoo ufb bwu wom
xoc acoo acoq acop npc
xod acop acoo hxr
xoe acoo acoq acop ryz aafa
xof acop acoo acoq qrk zzf tzo obs
xog acoo acop uzu
xoh acop acoo urr
xoi acop acoo yfq hcd qxh mmx jyn
xoj ant pxi
xok acoo gsj
xol acoo acop aakx
xom acop acoo bxh acgl acgu
xon acoq acoo acop gvh
xoo acop acoo hmn
xop acoo mas ocv
xoq mit
xor acoo irx zxv
xos acoo qn vna
xot acoo acop acoq djg xya
xou acoo acop yzr lsv kjz
xov acoo mdl
xow wgt jti
xox qgw
xoy acop acoo qwg
xoz acoo acop tpp
xpa acoo dfw
xpb cqi viz
xpc acoo pq
xpd ull
xpe pnr bdq
xpf acoo pnz
xpg acop acoo uvm
xph acop acoo guw vqk qee
xpi acoo acop acbc
xpj acop acoo rty
xpk acoo vyf xyt xmt ylc aamr
xpl acop acoq acoo wio
xpm nyo
xpn acoo acop vg
xpo acop acoo frd
xpp acoo abdd tmk pgo opj
xpq acoo acop acoq joz ik tid zfe
xpr acoo acop phq
xps xsb bgs zy
xpt acoq acoo acop rea khl vft hgm
xpu acop acoo xzc abzt
xpv acoo dft
xpw acop acoo lfa
xpx acoo acop lyi
xpy acoo acop sfy uvx tbz
xpz acop acoo acoq aabj
xqa acoq acop acoo uht
xqb acoq acoo acop skm
xqc acoq acop acoo ufr
xqd acoo yot ko (dwy h)
xqe pic hzt wzs
xqf xzk
xqg mpt ptk mte
xqh acop acoo nqd
xqi acoo nvn
xqj acoq acop acoo byc awt
xqk acoo qqw fxr
xql acop acoo acoq egj qdj zyb rbd
xqm acoo ocm hzx
xqn fly
xqo ojh ooe
xqp acoq acoo acop zfe
xqq ark ppx hlp nxu
xqr acoo acop acoq res
xqs haf
xqt aclm flf jrc
xqu acop acoo mha nln
xqv acoq acoo acop acct
xqw acoq acop acoo gex
xqx acop acoo mbh
xqy vg jbq
xqz acoq acoo acop abni
xra acoo jpn
xrb acoo acop aamh rol unp uax
xrc acoo hjp
xrd acop acoo acoq pxl pwf ypc
xre acoo acop wvk gxl
xrf acoq acoo acop qpz
xrg aawg
xrh acoo acop rns
xri acoo acop sbe
xrj acop acoo cqt
xrk acoo abeq
xrl acop acoo acoq ytt aiw zrj tul zov
xrm acop acoq acoo jyt
xrn acop acoq acoo nbo hds
xro acoo pgw
xrp acoo acop acoq ajq
xrq acoq acop acoo spr
xrr acoo ylk
xrs acoo xlu
xrt acop acoo was qje dvd
xru acoo aapl yzl oue
xrv jkc
xrw acop acoo aawk aald rfv bdq
xrx acoo aapo wxt wvf
xry acoo zex pmz
xrz acop acoo esq
xsa acoq acop acoo nav gvf
xsb acoq acoo acop iuo mje cde
xsc acop acoo acoq kvz
xsd acop acoq acoo pnf
xse acoq acoo acop yxo lgk bqu vjx
xsf gmp
xsg igk kji soz uti
xsh acoo acoq acop keu
xsi acoo qzf
xsj acoo vdh aank
xsk acoo acop vua exa
xsl zii khw vno nru
xsm acoo acop iyj osw rgp
xsn acop acoo qzi
xso acop acoq acoo wov
xsp acoo abve
xsq acoo accq zwr
xsr acoo jgb gkn
xss acoo acop acoq hoi
xst rja bqd ojb
xsu acoo acop cra okn aanw
xsv yle
xsw acop acoo acoq dea
xsx acop acoo auz
xsy acoo acop wge
xsz acoo gqb
xta yel hdi
xtb acoo ftn
xtc acoo acoq acop xvz nw
xtd acop acoo nrn ect abzd kwh ajb
xte acoq acop acoo zsw
xtf acop acoq acoo xs (gem aclw vvt) kua
xtg acoq acop acoo oup
xth acoo kou bfa vdp mwk
xti acop acoo yvl zmf jbc
xtj acoo acop aua
xtk yin
xtl acoo acoq acop nrh
xtm acoo icr
xtn acoq acop acoo whu
xto acoo dgb
xtp acoo zmx
xtq fqs
xtr acoo acop fxm
xts acoo xqj fom cmd
xtt acoo aaiq
xtu acoo uzw
xtv acop acoq acoo fal
xtw acoo xml wzd
xtx acoo acop hpn xiq
xty acop acoo ppo kij sep zhh
xtz acop acoo czb
xua acop acoo zez
xub acoo aaxq
xuc acop acoq acoo qnh oje mqu
xud acoo acop meg jzz gez
xue acoq acoo acop aazw mak qxk wwo
xuf acoo acop lcf
xug acoo acoq acop ftg bcx (hul aaqp)
xuh acop acoq acoo aadw fdn
xui am nfk
xuj acoo xxl
xuk acoo acop acoq tcg (jsa jok)
xul acoo qzq ygh nxx xcs
xum acoq acop acoo hwf jpb tkj
xun acoo jmm
xuo slm aqu ocv lkv sin
xup acoo acoq acop una
xuq acoo eff kea ntz
xur acoq acop acoo ftv
xus acoo acop acoq yqs
xut kqy
xuu acoo pyr vhj
xuv acoo acoq acop gmi
xuw acoo bbg
xux xtu ehl
xuy gfy
xuz acoq acop acoo jro
xva acop acoq acoo sv jub oud
xvb acoq acoo acop avy
xvc acoo odv
xvd acoq acoo acop hba
xve qfo
xvf acoq acop acoo aaxv
xvg acoo acoq acop xuw
xvh acop acoo oda pto
xvi acop acoo acoq bts aclv
xvj vrw
xvk acoo hdw urn
xvl acoo acop acoq uek rde vvc
xvm acoo hzb ctw
xvn ajl
xvo acoo acop hrg qtx
xvp acoo jpt wdk hpg jxf
xvq acoq acoo acop njf
xvr ong smh ewu cbh
xvs hjr hnc
xvt acoo acop acoq izi
xvu aclr
xvv acoq acoo acop fvr
xvw taf bcs
xvx azl ofj
xvy acop acoq acoo aayo ehi rte ttt
xvz acoo urk
xwa duw bfi vmm
xwb acoq acop acoo uwq jjh azk zxv
xwc acoo jkc
xwd acoo acoq acop abkr
xwe acop acoq acoo mry oiq psf
xwf acop acoo mzm
xwg acoo wdr
xwh acoo acop acoq ocl
xwi acoo spz zzo
xwj acoo gpc
xwk igj
xwl acoo ngs
xwm acoo kor
xwn acoo rqs
xwo acop acoo acoq ugc ftt xhl
xwp acop acoo eif
xwq acoo acop lup
xwr wns
xws jjk
xwt sel wpy
xwu acoo acop ffh
xwv acoo acop acoq ldk ynk nik hjx
xww wjq
xwx acoo wok lgg
xwy acoo clb lze
xwz zfj
xxa acoo ypw dqj ifv aabd
xxb acoo ols
xxc acoo nzi pdw ypz
xxd acoq acoo acop lng
xxe hii
xxf acoo acop acoq nsd bhi saj
xxg acop acoq acoo lqx
xxh acoo xdk mlk
xxi mum
xxj acoo acop acoq qtx
xxk acop acoo rtw
xxl dky
xxm acop acoq acoo y
xxn psh
xxo acop acoq acoo ffz jds uax
xxp pto rys apy
xxq acoo jiq
xxr acoo acop hxi
xxs njh zcp jzi
xxt acoo acop uec nb znx uho
xxu acop acoo sqb
xxv acoo xfv
xxw acea
xxx acoo bon vze pgl
xxy acoo acop wj
xxz aal stg
xya pzq eln
xyb aabl
xyc krb tfb
xyd acop acoo pse opy atj aea
xye acoo vai
xyf acop acoq acoo oqg
xyg acoo acop acoq ang
xyh acop acoo acoq iyx zle hia vxu sxb
xyi acoq acop acoo pmf kma aceg vnr lki
xyj ede
xyk acoo mza
xyl acop acoo eld
xym qhc
xyn acoo guy
xyo gkb uqj ujo ndz
xyp acop acoq acoo iug
xyq acop acoo aafz
xyr acoo whh
xys acoo zxw oom
xyt acop acoo vnk
xyu wej
xyv acoo rai
xyw acoo acoq acop oov
xyx acop acoo acoq qpf (eie hlz)
xyy acoo acop vrf aazj qdl
xyz acop acoo jqw
xza acop acoo acoq imp gr
xzb acop acoo gqf byx ahh dlv
xzc acoo acop qow exr wks kbb
xzd acop acoo aafm kip mtq
xze acoo acoq acop vda
xzf acoo sba
xzg acoo kea bno ohg gqy eky
xzh acoo acoq acop cbm
xzi acoo acop acoq ebu
xzj acoo iiq acfh kay
xzk acoo acop bbq
xzl acop acoo lkp
xzm acop acoo acoq xfn
xzn ya
xzo acop acoo acoq rzu acjy
xzp acoo qfq zbw wgq jun
xzq acop acoo chb bpk bsv
xzr zkr qcx
xzs acoo acop fxy
xzt acop acoo jvl
xzu acop acoo hzj
xzv acop acoo aasl
xzw acoo vke
xzx acoo fmt
xzy acoo luq
xzz acoo aafw acbs
yaa ril cia cdc
yab acop acoo pti
yac acoo fsu
yad acoo qev
yae xqn
yaf acop acoq acoo oux
yag acoq acoo acop qgr zza
yah acop acoo acoq led
yai nfy iwb
yaj acoo eol
yak acoo mgj vpk rkg rhp
yal acoo vvv
yam riq
yan jdh qnr jnp cca aamr
yao acoq acop acoo dbi pwj
yap acoq acop acoo nas aao
yaq acop acoo zew
yar acoo uax wq
yas acoo uov
yat acoo acop acoq abhf
yau acop acoo mlb
yav rlq
yaw cva
yax acop acoo gai
yay acop acoo acoq abia wix aals kqm sqr
yaz acop acoo soq
yba acoo iad ejn
ybb acop acoo acoq ybh
ybc acoo acop ooz
ybd wjc
ybe uqf (rtb cam) due
ybf acoo acoq acop slf ed
ybg acoq acop acoo aaww uzb beb
ybh acop acoo acoq acea wib iwb
ybi tha
ybj aacc ayk bfw
ybk acoq acop acoo tkr
ybl ygd
ybm acoo pju gjv qkv
ybn acoq acop acoo nzo (nad acdv)
ybo acoo acop dno
ybp vla
ybq acop acoq acoo gca dfw
ybr aala
ybs acoo esu
ybt acoo acoq acop thx lfh ulm
ybu vpu
ybv qam
ybw bkf
ybx acop acoq acoo qji
yby acop acoo acoq nac
ybz acop acoo ovw
yca roo eay rim aapj
ycb acoo acop ekk pif nxm
ycc acop acoo aaij
ycd acoq acop acoo ixu
yce acop acoo yhc np
ycf acoo acha
ycg acoo acop uag
ych acoo acoq acop lfp
yci acoo jtf
ycj acop acoq acoo bqn bfe
yck acoo acop acoq vhr jhz
ycl acop acoo yiu
ycm wzl yxr
ycn jfy
yco acop acoo ysm
ycp acoo ixk
ycq acoo acop rik
ycr acoo acop acoq aajp
ycs zbh
yct acop acoo aadn
ycu acoq acoo acop lmx puy
ycv acoo acop she kk abkb aajs
ycw acop acoq acoo adw
ycx acoo acop qds fps
ycy yqe
ycz acop acoq acoo fmc ffz
yda acoo mhl jcw krj hgn
ydb acoo zdr
ydc acoq acop acoo phw
ydd acop acoo rzd
yde acoo acop acoq mag
ydf acop acoq acoo ghz
ydg acoq acop acoo fkp
ydh acoo yqy
ydi acoo acop accw
ydj acoq acop acoo xbh (yoh buk)
ydk wol
ydl acoo lhu zrf
ydm acoq acop acoo hjz ufe ipg
ydn acop acoo acoq njy
ydo acoo acop ezn mfe
ydp acop acoo kkj cdq xfx ygv fq
ydq nla vcp
ydr acoo bgs
yds acop acoq acoo brd
ydt oky
ydu acoo acop lvl
ydv acop acoo qdm mra uvz aams rup
ydw lcc
ydx acoo acop acoq yaw
ydy acoq acoo acop sxe sqx abr iuz
ydz acoo hvg
yea wxw khz aah
yeb fbt
yec acoo qeb
yed acoo kvz
yee yxz (aaar wdt)
yef acoo acoq acop av
yeg acoo ulm
yeh acoo aanc
yei acop acoo acoq uvp
yej acoo acop vqq
yek acop acoo kdt
yel acoo blx
yem lhn xrk uj sld
yen acop acoo bnt
yeo acoo acoo
yep dqw
yeq acop acoo snw
yer acoq acop acoo pgy
yes acoo acop pqw cck
yet acoo acop emg ocz
yeu acoo hqy
yev yce tgx rex
yew acoo acop aaem
yex acop acoo mfa pii ojy
yey acop acoq acoo kaw
yez acop acoo acmp xyt
yfa acoo acop nfn
yfb acoo yob yxx
yfc acoo acop bew jss
yfd acop acoo tds qal wdy ufg
yfe acoq acoo acop gbb
yff acoo acop oba
yfg acoo tli
yfh acoo alt
yfi acoo acop osi
yfj acop acoo acoq stn ylp xkh
yfk suv
yfl acop acoo gdq
yfm acoo zr
yfn acoq acop acoo abqe lpn
yfo acoo abcf xeo mhf xdv
yfp zkk qkn
yfq tba sbf svp hbe fes
yfr aawr pxr rym qpj
yfs acoo acop abfu
yft acoo jaq
yfu acop acoo nln kie
yfv acop acoq acoo cpu
yfw phd nik
yfx acop acoo gxi
yfy acoo acop bng nkv
yfz acoo acop wtr
yga uwg
ygb lgo nyj vwj
ygc acop acoo fl
ygd acoo acop yve
yge acoo iik oba qcz bm pjx
ygf vpw
ygg acoo bhv
ygh acoo acop guh
ygi acoo acop xwl
ygj acoo oil
ygk cco
ygl acop acoo acoq mdl
ygm acoo hfv
ygn acop acoq acoo wqi itv wxy m
ygo kwz
ygp acop acoo oqo
ygq aia qvt
ygr oyj my irp
ygs acoo acoq acop isq tuu
ygt acoo eiv hh
ygu acop acoq acoo abms
ygv acop acoo acoq jge
ygw acoo fsl
ygx acoo acop acoq nro
ygy acoq acoo acop ack
ygz kzr
yha acoo acop jda
yhb kiu
yhc acoq acoo acop ecj aks
yhd acoo acoq acop ube rr
yhe uyy
yhf acoo lex lai kth aanw
yhg jqa
yhh acop acoo auj yyv gtw
yhi acoo idd lzm vzl
yhj acoo acop fci rjz rrc hcm
yhk acoo acop jyz dcx
yhl raj
yhm acoq acoo acop xff
yhn acop acoo llz abpq bth
yho acoo acop acoq aaik wva
yhp acoo acop oon jph fac
yhq acop acoo lke nfg
yhr aaeh
yhs acop acoo wbt
yht acoo rle
yhu acoo ufq isf xas zpk
yhv nqg
yhw acoq acoo acop no fge abrs snl
yhx wix
yhy absz iex ugp
yhz acoo acop ccb kje raw
yia acoq acop acoo wsy (paj ed)
yib acoq acop acoo rtr
yic acoo vkb
yid acoo vps
yie acoo wzf mef
yif acop acoo acoq gym fjt
yig acoo jyq
yih acoo acoq acop qya
yii acoo gxx
yij acoo uog ncb
yik acoo aamr
yil acoo acoq acop yas xnq
yim acoq acop acoo xgi
yin acoq acop acoo ham onk
yio acop acoo acoq rhs bvf pdb
yip acop acoq acoo vth fsl
yiq acop acoq acoo tdy
yir acop acoo tqm xjf
yis acoo acoq acop sqb
yit acoo cdi
yiu acoo se gho aahd
yiv acoo swl lut
yiw acoo hxa kdb knl ixx
yix xic acej
yiy acoo plf
yiz acoo oxn bgz xgq lkx uuu
yja acop acoo acoq yve
yjb acoo ehy
yjc acoq acop acoo coc pun
yjd xoy
yje eff
yjf acoq acop acoo zqo lfu
yjg acoo xyy r
yjh acop acoo bfz
yji acoo mtd rki tru
yjj ctk
yjk acoo mdt jzo
yjl aalh
yjm acoo acop pws aaek
yjn tey
yjo acop acoo aon abmw
yjp cap
yjq abff bwn
yjr acoo dpu kec
yjs acoo acop acoq qbm
yjt acoo qrb
yju acoo acop enm
yjv acoo ecj new
yjw acop acoo ndn okj
yjx vah rhh vsz
yjy abnc
yjz acoo vuc gyt
yka acop acoo qnn
ykb acoo acop vow wya vry
ykc tjw bph abbk
ykd acoo jqd
yke acop acoo acoq win
ykf acoq acop acoo bth accp dgi abth qub
ykg acoo acop rqq abbs
ykh aayj
yki acoo pgh
ykj jwd lrm
ykk acop acoo nlv
ykl njq
ykm acop acoq acoo qcy
ykn gj wrv qkt
yko acoo acf xjp drn vps
ykp bqu
ykq gqz
ykr acoo rwd
yks acoo faz tyd
ykt voc ons
yku vzv
ykv yrl
ykw acoo gnj
ykx acop acoo acoq yxm
yky acoo acop vpf uxx
ykz acoo dbr
yla acoo ble
ylb gxh
ylc acoo acop zdr
yld acoo acop acoq jys
yle acoo pic cgf
ylf acop acoq acoo qcd
ylg cr jw wir oxn
ylh acoo cll abcu
yli acop acoo dvp
ylj acoo acoq acop kuf vza lil
ylk acoq acop acoo vdo
yll kzo mfn xuc lad
ylm acop acoo oji
yln jck ype
ylo acoo ixe jbq
ylp vpq pyl (ruh yzd ikd)
ylq fez uex
ylr zsb
yls pne
ylt acop acoq acoo zqb
ylu acop acoo jmn ajm pua
ylv abir
ylw acoq acop acoo ypz wso tsz jkk
ylx acop acoq acoo git
yly acoo iwd
ylz acoq acop acoo bux gxp asm
yma acoo acoq acop bqi
ymb acoq acoo acop dmw
ymc acoo rop acb abij
ymd acoq acoo acop ind lhz
yme brd dvt cdk
ymf acoo rjf idk kmw
ymg acoo fwf ulc abhh mce
ymh acoo acoq acop bnv
ymi acop acoo cjc
ymj ttg gyj
ymk acoo owb
yml acoo acop vpg wbu ugk
ymm acoq acoo acop aka
ymn acoo abgq
ymo acoo acop acoq oth
ymp xws ilz qhz
ymq acoo acop acoq tbk
ymr acoo awu
yms arw abze wbr
ymt acoo acop hvc
ymu acop acoo acoq acl emp akx
ymv acoo acoq acop tfp
ymw acoo acop sgp
ymx acoo acop zqn yjk ofi
ymy gsm
ymz acoo acop rjr
yna vdg rqi gl wu
ynb acop acoo acoq mgy rsx
ync acoo njs
ynd acoo wrq
yne acoo rjd
ynf acoo acop snl
yng rtr ito oy
ynh acoo acop xpa qwg
yni abbt sun ndp zxk
ynj acoo acop kol efy twn
ynk acoo acop hzv aaos soz
ynl acop acoo abpa pus
ynm acoo acop twn jnp (vyh jbn)
ynn acop acoq acoo aaby
yno aoz
ynp pxq acjo acmm
ynq acop acoo acoq men lit hjd
ynr abtq
yns bxi
ynt acoo acop qfj
ynu abny
ynv acop acoo sft djr yxg
ynw acop acoo pws (vwj wix) mny wvg
ynx acoo eio dsb
yny mmv gjg trk
ynz acoo acop klt
yoa aakt achp ibw
yob acoo acop acoq naw
yoc acop acoo acoq aaaf
yod acoo ifp
yoe acoq acop acoo ysl
yof oaw
yog acoo iwe
yoh kze
yoi acoq acop acoo aaez ewd
yoj acoo acop vce
yok acoo rdu mdb
yol acoo qke
yom acop acoo acoq smu
yon acoo nfk ypx mlj yfn
yoo acoo acop ngi
yop acop acoo acoq omd
yoq acoo acop nz
yor acoo iir fnv bmb
yos acoo esy iln
yot yfq
you acoo evx lgd xll
yov acoq acop acoo csx
yow mjs
yox tmz ieg
yoy acop acoq acoo fcr udf
yoz acoo acop acoq coe
ypa acoo lsd
ypb cea
ypc acoo rnf pqq ugk pyn
ypd hmw zhq gxn
ype acoq acoo acop cy mdz rju
ypf acoo acop ztr abkh xvv
ypg qvk
yph acop acoq acoo cie
ypi acop acoo aahw
ypj acoo acop acoq qqt
ypk acoo aaqx
ypl acoo acoq acop ihx
ypm acoo tlk
ypn acoo imi pic rco sbs
ypo rpd
ypp vud
ypq acop acoo acoq tlc pcs
ypr acop acoo loc
yps acoq acoo acop bph
ypt acoo xip
ypu acoo wkn
ypv gxm
ypw acoo bns
ypx acoo acop qxl lmz ksy
ypy azz
ypz acoq acop acoo smi naa nts
yqa acoo uzi
yqb acop acoq acoo tro
yqc acoo acoq acop ikt
yqd acoo llx
yqe acoo gmc
yqf acoo xsd
yqg acop acoq acoo bam ury dvy dgn
yqh gps
yqi pll
yqj acoo svz
yqk acoo acop csc lbu
yql acoo acop acoq goq
yqm acop acoo aani oyy
yqn acoo acoq acop tos zjv abnh ppi
yqo acop acoo vtw
yqp abev
yqq uuc fnq qee
yqr acop acoq acoo aamn
yqs acoo acoq acop nne
yqt acoq acop acoo seq zwp
yqu acoo jhb egc
yqv neu orq
yqw lzf upg zrm ide
yqx acoo dlz wxo tpw
yqy acoo mxb
yqz acoo acop acoq xgw rfs kcs zwp
yra acop acoo fgx brt abpo
yrb acop acoo bpn hcc dif
yrc acoo acop nzo yki
yrd opl
yre acoo acop acoq crl
yrf acoo ygy lgt aast odt
yrg acoq acop acoo vnv
yrh acop acoo qqo
yri acoo szj
yrj pq gem bgt wns ehe
yrk acoo wrd
yrl acop acoo fuu
yrm acoo nv
yrn acoo wrf
yro acoo owc
yrp acoo acop jyb
yrq acoo acop acoq sqa
yrr roy zka
yrs acoq acoo acop hsr
yrt acoq acop acoo les
yru acop acoo gek rzw dsp zgn
yrv acoo acop ifb nwt dxk
yrw acoo acoq acop rlp otl
yrx acoq acop acoo ezt
yry acoq acop acoo nbf (yac fgw zom)
yrz acoo bef
ysa acoo acoq acop yht
ysb acoo acop rcz
ysc acoo acoq acop nsk
ysd acoo niq xrj pta ism
yse vrg
ysf wpu
ysg acoo acop acoq xwd
ysh acoo hqy
ysi acop acoo tbd djr
ysj nbx
ysk acoo acop ppr
ysl acoo raw ied
ysm acop acoo pkd xjl
ysn acoo acop czj
yso acoo snx abad aawe
ysp acop acoo gde
ysq acop acoq acoo fnq
ysr acop acoo acoq xho sli abvj
yss acoq acop acoo aavu xgi hak
yst tor
ysu acoo acoq acop hdx
ysv acoo acop ler
ysw acoq acoo acop nxc qzy ppr
ysx gr
ysy acop acoo jhh ijd
ysz acoo htl (nlq nqg)
yta acop acoo apf ygq
ytb acop acoo uss lyn ovc
ytc acoo vch
ytd irm hlf (jqf wux)
yte kid
ytf acoo iea
ytg acoq acoo acop ab nlf syn
yth acop acoo pv
yti acoo ffa
ytj acop acoo fwk umy
ytk acoo ebn ib
ytl acoo acop qfr
ytm acoo acop owf
ytn acoo acoq acop cfh qan
yto acoo acop abfr
ytp acoo ehf uue tne
ytq acoo acop fez bzk
ytr acoo skf ppw vwf
yts acoo acop qdi
ytt acoo acop wfu
ytu acop acoo yvq
ytv acoo gql
ytw ndw
ytx acoo ubh
yty giw qec
ytz acoo ytc rre
yua acop acoq acoo ajx
yub abeo diq
yuc acoo acop zlb
yud acop acoo acoq mq
yue plj
yuf acoo mrf
yug acoo acop sj xkr mkr
yuh acoo acop oue vv qkk xfr
yui acoo acop upq xgd tkq
yuj acoo khp
yuk acop acoo ife
yul acoo obc aauv
yum vfb jfx vgc
yun acoq acop acoo wyx zxv wgw
yuo acoo fza gtp
yup las iyj
yuq acoo twj
yur mvq
yus acoo cbl dgh
yut gge
yuu acoo cbm
yuv acop acoq acoo bvr fwd hqt
yuw czn
yux hdi
yuy acoo zwd
yuz yct yod tfv
yva aatm tic
yvb acoo acop lzk uas
yvc ehi
yvd acop acoo aapa abqn cif mlw
yve acop acoo rxs
yvf acoo acop owm puo
yvg acoo acop qsf obu lxz auk hix
yvh acop acoo tpf
yvi acop acoq acoo ihl
yvj red xoy
yvk acoo acop lgi abds
yvl acoq acoo acop aaes rzp
yvm acop acoo yze
yvn acoo acop bmo koi
yvo acoo hvr una eq loz fuq
yvp txg
yvq acop acoo kup tjm wxx odx vxf
yvr acoo gxv
yvs hnt
yvt acoo acop acoq dhy qgc
yvu wnb kkg tii abbj aapn
yvv acoo acop acoq ucz tiy ncl hji
yvw acoo gai
yvx acoo wzt psf
yvy acoo zrj
yvz acoo zta
ywa cxz
ywb acoo hhl kys
ywc acoo abnt (ytf yzt xpf)
ywd acoo acop abgn
ywe acoo acop acoq sna
ywf acoo abio qov
ywg acop acoo pnd
ywh acoo zmq gua
ywi acoo wwj
ywj acoo acop mdk
ywk acop acoq acoo abme
ywl acoo acoq acop sgy rmj
ywm aaxw
ywn acoo gqv
ywo acoo acop acoq yap
ywp acoo acop fqy tnj
ywq acoo bgz
ywr etc
yws unw
ywt ynw lpr mvy loc
ywu acop acoo wop
ywv acoo acop pba gqe aamf
yww acoo xdo aahi
ywx bqa tbh w
ywy acoo acop acoq dxs
ywz acoq acoo acop pnw
yxa acop acoo xiw
yxb izr gee
yxc zmp ojj pbj wt
yxd acoq acoo acop stf
yxe acoo ehm
yxf acop acoq acoo fde kwe
yxg acoo acop acoq vnz
yxh acoq acoo acop ucn izg jcx
yxi acoo acop njq
yxj acoo acop xtx hns kpr acog koi
yxk acop acoo uje
yxl acoo ori jjr
yxm acoo acop vqr ngh ptb tgx
yxn acop acoo gbe qle ablx ode
yxo acop acoo clq
yxp acop acoq acoo buq
yxq acoo mgd uob irb nup
yxr acoo vpq ajq vxe
yxs acop acoq acoo wuu
yxt acoo aaff
yxu acoo acop acoq der gtf
yxv gag
yxw acop acoq acoo abt yjc
yxx acop acoo abd on czi vfe
yxy acoq acop acoo bqm juj mrv
yxz acoo sid uob qtx
yya acoo njs abyg
yyb hnz qlh rdt
yyc clm mml
yyd acoo voh
yye acop acoo deq swn
yyf acoo hdj
yyg acoo qjd
yyh acop acoo wcq
yyi acop acoq acoo abqm qqj lva
yyj acoq acop acoo jt
yyk acoq acoo acop aaxv
yyl acoo dzk
yym acoo acop acoq ick
yyn acoo acop mcc mxl
yyo acoq acop acoo kxx
yyp acoo abgl
yyq czg cjk any xwk
yyr bgy end ehm
yys acoo dbk
yyt dwk
yyu acop acoo acoq zpc
yyv acoo acop fxc
yyw acoo acop tda
yyx rqv acgy fgz sjw ldo
yyy lkc gkp abre phb
yyz acoq acop acoo dws
yza acoq acop acoo sjl
yzb acoo mqi
yzc hdy xmv eq
yzd acop acoo acoq hjz oxw
yze acop acoo acoq tvp (ycd las)
yzf acoq acoo acop efd
yzg acoo ddq
yzh mbh
yzi hsu
yzj acoo acoq acop epa yea
yzk fdo
yzl aaqc wwc fyh
yzm acoq acop acoo ztj bqg fnz
yzn acop acoo zdx
yzo acop acoo wgc
yzp acoo acop acoq khj efi
yzq acop acoo acoq abdx biy
yzr acoo agn gqa
yzs acoq acoo acop cur ccg
yzt acoo ugm nlj
yzu nld
yzv acoo kyr
yzw acoo nio pzi clg
yzx acop acoo acoq acjf
yzy acoo acop acoq plb
yzz ont jdx orq kzn
zaa acoo uzi
zab acoo xsx
zac acoq acop acoo jog
zad acop acoo ntx
zae acoo cmm bep
zaf acop acoo bax
zag acoo acoq acop ekl ikj
zah aug
zai acoo acop acoq acac tzz
zaj acoq acoo acop yio
zak acoo acoq acop aadl
zal acoq acop acoo zf abax
zam qiu
zan acoo qpk abbq
zao acoo acop yra ktn
zap acoo owh lyz ssi
zaq acop acoo acoq orq
zar acoq acop acoo tck (uue pae mbo)
zas rtf
zat acoo acop cm avf pae
zau acoo dvn soe
zav acoo acop acfh lpf fho vcb
zaw acoo lus
zax acoo pul thz pnt
zay acoo acop ajm
zaz acoo jji td waa scf ynl
zba por gqi
zbb acoo acop acoq ghe ktb iam
zbc acoo acop xqk
zbd acoq acop acoo byf
zbe acoo acop vkn
zbf acop acoo cwv zdr
zbg acoo cxc bdh abij
zbh acop acoq acoo dzo
zbi acoo zqh
zbj agn bfu egc
zbk acoo rhg ypu
zbl agg tby
zbm acoo kyp
zbn acoo pje toa
zbo acop acoo hnz
zbp mre
zbq acoq acop acoo jfh
zbr acoo acop acoq zxn yhz evh
zbs wbl leb tcu
zbt acoo acoq acop mw
zbu acoq acoo acop tvy
zbv acoo acop jfn
zbw jle
zbx acoo hdc aeh noe
zby acop acoo ndj ipq
zbz upp
zca acoo tri
zcb uxw ynk mla
zcc acop acoo wq swj
zcd acoo acoq acop loq
zce acoo zvv
zcf acop acoo acoq jym
zcg acoo acop rro
zch acoo nza
zci acoo abtz abku
zcj acop acoo mud
zck ngt
zcl rwe abqn jyy
zcm acoo acop aack jns
zcn acoo rek tmv w
zco hkr
zcp rgy dra
zcq mln
zcr acop acoq acoo cfu
zcs acop acoo qkg yld
zct acoo acop nwb ij zaf
zcu acoq acoo acop pdm
zcv acop acoq acoo xfd ijx
zcw acop acoo acoq rmq
zcx acoo whp
zcy acoo blv
zcz acoo ney hnw
zda acoo iyo lvi aid
zdb acoo acop ngu
zdc nmg
zdd acoo ino tlp wmo haq
zde acoo acop rds
zdf acop acoq acoo ahu
zdg acop acoo jmo vo edp fo
zdh acoo acop acoq itm uxs lru
zdi acoo acop scy tvx qcv off
zdj acoo flq
zdk veu jja
zdl acoo acop akt tal
zdm acoo acop aamv
zdn acoo acop acjv djy wkl
zdo acoo nrg cdb
zdp dew aqb kgw uly ykv
zdq acoo aavg nhc rzm
zdr acop acoo byy sxl xi
zds acoo hhr
zdt acop acoo zvm ewe utj
zdu acoo gqu
zdv acop acoo cef
zdw acop acoo acoq abun bke
zdx abnt ggf xqw ilm
zdy kld
zdz pge
zea acoo zwh
zeb acoo iey
zec vuz
zed acoo acop ohr efj
zee acoo tei ayg
zef acoo wfn cgj aba
zeg acoq acoo acop atj
zeh acoq acop acoo dlz
zei acoo hmf jfp qkh
zej kty acr (mqo jm)
zek acoo zqa
zel acoo vwi (abo dhu)
zem acoo uzd
zen acoo acop acoq sck oyy
zeo aawh bco
zep acop acoo pye ywi jyy zag
zeq acoo bcc aacz
zer acop acoo dic sga
zes acoo hhm
zet ios absd muz ysr
zeu acoo elh fod
zev acoo bbh uze qpz anb
zew acoq acoo acop hqa
zex aaun
zey acoo smu aaza
zez acoq acop acoo ntu tib qgj xzb
zfa acoo aaax pdk
zfb ska
zfc acoq acoo acop wus
zfd acop acoq acoo arf
zfe acoo acoq acop brg
zff acoo nou
zfg acop acoo abbn
zfh oab efw wby gsq
zfi srh
zfj acoo oyn
zfk acoo mfu
zfl acoq acop acoo txl
zfm acop acoq acoo ojv (aciz meg) bpx
zfn acoo rxn
zfo lfh
zfp cuo
zfq acoo atk
zfr hsl mjd
zfs acop acoq acoo ymc lkr
zft pye acjp
zfu acoo rno aif ckf
zfv acoo fub
zfw acop acoo mdl
zfx acop acoo lml hqt
zfy lxj iyv jql whq fdt
zfz acoq acoo acop duo
zga acoo shu
zgb acop acoo wyk hvk poz nan
zgc acoo aapz ppu ajs
zgd acoo acop acoq xvv
zge acoq acoo acop kxf yzf
zgf acop acoo acoq jek acfg
zgg skb
zgh acoo acop acoq vcc qhq
zgi acoo acop kor
zgj xri uhj vec bdd
zgk gak
zgl acop acoq acoo ifl
zgm dvp
zgn acoo uzs otq grd
zgo acoo aapd
zgp acoo igs mlb abde
zgq acoo pur
zgr acoo acoq acop vyh uaf ul qsd
zgs acop acoq acoo xcf
zgt acoo ezg fnw soe
zgu acoo aaff
zgv acoo mhm fdi
zgw acoo acoq acop zen gjn
zgx acoo acop vqu qtp luf
zgy acoo acop jvx
zgz aapn omt irp
zha dxu
zhb lr aiy
zhc acoo tkf
zhd cre wfl hpu ltk usa
zhe acoo plc mdp
zhf acop acoo jmx azn ptn jjc
zhg acop acoo fxz
zhh acoo kgg
zhi xqh nqp ssn
zhj elj iut
zhk acoo acop lsm
zhl acop acoo pps
zhm kjt arz
zhn acop acoo acoq rbo
zho acoo acop npj vah
zhp acoq acop acoo yrk dol
zhq acop acoo nqw
zhr acoo ttp
zhs acop acoq acoo chr
zht acoo acop acoq lxz
zhu acoo oqs jg
zhv acoo acop achg fam
zhw acoo acop jhl qrk nus
zhx acoo zlz
zhy acoo acop jre
zhz iri
zia acoo nht
zib lbi yms fju
zic acop acoo yth
zid acoo acop acoq irn ydw
zie aajb zlw iik byd ztz
zif acoo wyr
zig fwk xa
zih acoo acop acoq ghu
zii acoo acoq acop muc dun
zij acop acoo xwg (sjl pdc)
zik aazn
zil acop acoo kje
zim acop acoo glk
zin fff
zio acoq acop acoo wmd
zip acoo uab
ziq acoo fwe gkz
zir kbe fou upy
zis acoo acop acoq cgo
zit acoo vvz
ziu acoo puy
ziv acoo glb xjc
ziw acoo acop sel rme xk fkq pad
zix acoo acop jze bze nzd jyb
ziy acoo acop acoq wgh lxt
ziz acoq acop acoo yps ria koq abkb
zja acoo acop bik
zjb mlq
zjc acoo hxg
zjd acop acoo kvc
zje acoo nkd fyf
zjf acop acoo prh
zjg xtv
zjh mxs
zji acop acoo cop
zjj acoo acop acoq ive
zjk ghb
zjl acoo uyk acbt cyx
zjm acop acoo xro bpg nrr
zjn acoo yrz
zjo acop acoo acoq jqc zbx
zjp zjv aee
zjq acoq acoo acop aahf
zjr acoo nnd
zjs acop acoo kgz qtv
zjt acoo fpb
zju jsi
zjv acoo acop mpf qtd akd
zjw acoo cge
zjx acoo bah dzj
zjy acoo acop uel pmv pmg
zjz acoo acop bll fdn abzv
zka acop acoo wgg
zkb acop acoo hkb abhl anb rt
zkc acoo ohl fna (wdg ywd)
zkd acoo acff
zke rl (uhk cmw dgp) nkt
zkf coa
zkg acop acoo hqu
zkh acop acoo wkf
zki vgb
zkj feu bqv oej
zkk acoo acop iht
zkl acoo iqx iov
zkm acoo xru
zkn acop acoo acoq qvw
zko acoo acop bad
zkp cap
zkq acop acoq acoo fxg rfu lwq
zkr bit abat bqk
zks acop acoo acoq sak
zkt coc
zku acoo acop bjq wzx
zkv acop acoo dto uel (okq lgy)
zkw acoo acar
zkx acop acoo ola
zky ytl obi lqo zex
zkz acop acoq acoo aahv kty tko
zla eiw
zlb acoo hgy
zlc acoo vro
zld acoq acop acoo aaxg
zle acoo rrz
zlf acoo acop jgv
zlg acoo acop zbs
zlh grh
zli pvh
zlj acoo tnb
zlk aclt
zll xfb
zlm acoo bnt vkl eh
zln acoo zjy eia
zlo acoo acoq acop zvu
zlp acoo acop yvg agp
zlq acoo eua qdw hnn fvq
zlr acop acoq acoo omg
zls acoo sid
zlt achs qxa ckq tkh
zlu acoo nzv mzk
zlv acop acoq acoo poc
zlw zie mhr pjp
zlx aboh nuw
zly acoo etg lnv
zlz acoq acoo acop acjr cur
zma acoo acop aapg
zmb acoo acoq acop xrl oeb wow avz abwk
zmc acoo acop pfl gkd le
zmd acoo acop rnj
zme acoo uic
zmf acoo xga aaiy
zmg acop acoq acoo vju
zmh yvz iwd kfv kgp
zmi aao
zmj soy
zmk tge keh
zml acop acoo acoq nte
zmm acoo qxa umz
zmn acoq acop acoo fts
zmo acoo pfi
zmp acop acoo fda
zmq acop acoo fiu yff lxx dvv
zmr acoo odm tpr
zms acoq acoo acop ceo
zmt acoo ncz hle
zmu rkb (kdn xtr) bos
zmv acoo acoq acop jsw
zmw acoo acop evq
zmx qnh lcs
zmy acop acoo sza usw (srd fhw ebh)
zmz acoo acop nlt
zna acoq acop acoo pfw
znb gfi
znc neu
znd acop acoo njy xhc
zne acop acoq acoo ybs kum zso
znf acoo aavn
zng acoo sdh
znh acoo acop acoq kgj uqd bub wny
zni acop acoo zmg
znj acoo osr
znk acoo acop bau yjp eai cia
znl eyv
znm acoq acoo acop fel san
znn acoo mkd abqt dha boo
zno acop acoq acoo jmd jzr acep
znp acoo acop acoq kzx (fzh ubt) vk
znq hqr
znr wzx
zns acop acoo acnq fir
znt fgi aaqz
znu acoo fgo lvm dnq yqt
znv acoo acop fkb
znw ypn lrd ackq
znx acop acoq acoo fzk
zny acop acoo acoq sa
znz acop acoo acoq kun
zoa acoo kwa
zob acoo acop jxf qoo aaer
zoc acoo xqr
zod rhs lav
zoe acop acoo azz zpm tvd icg
zof acoo acop acoq bor
zog acoo djk
zoh qgr lkx aaeq
zoi acoo acoq acop nyb qok
zoj wbe
zok acoo sld
zol acoo acop acoq fnw fb tng imf
zom acoo svn
zon acop acoq acoo prt
zoo acop acoq acoo xdc
zop ebs sdt
zoq acoo eky
zor acop acoo acoq bys
zos acoo acop nzy cyz beo oup rug
zot acoo tmc dpk cti wql
zou acop acoo acoq fcv
zov bmx
zow acoo abvw zac (hjx qua)
zox aacm fup
zoy acop acoo acoq rxh
zoz acoo nfy gcl mfl wan
zpa acoo vus hpj rhr
zpb acoo acop rpl ibu pwc
zpc acop acoo jkp
zpd xvb bcg
zpe teu
zpf acoo xjv
zpg acop acoo ozb aagx
zph acoo acop acoq ter abto acb
zpi acoo acop dhh ory (sjy nla)
zpj pno twh sgc
zpk acoo acop hnu
zpl acoq acoo acop tqv oei dkx
zpm acoq acoo acop zvt zij
zpn acoo cgx
zpo acoo acop dzo
zpp acop acoq acoo cak
zpq acop acoo acoq bro
zpr acoq acop acoo drt
zps upn oft fod
zpt dmx
zpu acoo acoq acop tnh snm
zpv abla gvs
zpw pbk
zpx acoo acop zfa
zpy acoo lpx frb
zpz acop acoo sok
zqa acoq acop acoo ikh lnw
zqb acoo ocb jsb
zqc acop acoo beb
zqd acoo acop ew
zqe acoo acop abom
zqf acoq acop acoo ymd
zqg auo uvc
zqh acoo acop vit
zqi acoq acop acoo uwb
zqj xcp (eyx snv)
zqk acoo gm omz avq
zql acop acoo qnt
zqm acop acoo xwz (ncn ylh ts tsm)
zqn acop acoo acop
zqo acoo mcg sdc
zqp acoo jgu
zqq acop acoo etw
zqr acoo acop jv
zqs acoo kio adn
zqt acoo acop acoq wpf
zqu acoq acoo acop ykz wfu
zqv acop acoo acoq bcc
zqw acop acoo dkk
zqx acoq acop acoo jtq
zqy acop acoo acoq dyp uwv llr
zqz acop acoo abqu acap
zra acoo vew aaru
zrb acop acoo hrc achr lcg
zrc bem
zrd acoq acoo acop pls
zre acoo rrx rmy jcq
zrf acoo cyd
zrg acoo iyv rtp uov way
zrh acoq acop acoo yzd qbb (upr iss vyu)
zri acop acoq acoo tvu
zrj acoo vaw ijw
zrk acop acoo aaix
zrl acop acoo acoq omf
zrm acop acoo gbd jhq qcp
zrn acoo acop abiw
zro acoo acop qku
zrp acoo acoq acop ibf
zrq acop acoo acoq cmc
zrr npr qaq
zrs acop acoq acoo ltt tmj
zrt acop acoq acoo ycz exb
zru acoo aafi
zrv acoo lfq
zrw acoo hpp uvo qal
zrx acoq acop acoo ovt
zry acoo acop xtd pim aey
zrz acop acoq acoo uay
zsa acoo oua
zsb acoo acop cht
zsc acop acoq acoo bsr aht r
zsd acoo acop lwo
zse acoo la
zsf acoo vsw pyh aake wry txk
zsg acoo acop abgo nqj lov
zsh acop acoo ihv
zsi acoo abuz
zsj acop acoo eoe
zsk acoo jks isa (aahk bq pws)
zsl acoo amp
zsm acop acoo hos whz ifh
zsn acoo acop qpb
zso acop acoo ipv
zsp acop acoq acoo wet pot yir
zsq acoo acoq acop wli acht jkp pmf mfx
zsr acoo vlx dbz
zss acoo acop acap
zst acoo acop rzq ria
zsu acop acoo acoq acle
zsv nht
zsw acoo zwj
zsx acoo acoq acop jwm lzt tfh mxx
zsy wcf rab
zsz acop acoo acjs
zta acop acoo acgu
ztb acoo sih
ztc acoo acoq acop ors yym hja
ztd acop acoo jlj
zte vvz
ztf acoo xtj
ztg acoo acop acbz
zth acoo acop acoq cba (gpf euc)
zti acoo bsp
ztj acoo acop jpp azv
ztk acop acoq acoo ijf oge
ztl acoq acop acoo cme juy lci fz
ztm acoo acop dsa
ztn acop acoo wsp gmm
zto acoo acop lpd ssf oun
ztp psr (mjm wdk)
ztq acoo acoq acop mpr zst aaij xki
ztr acoo acop nam
zts iis
ztt acoo dkk
ztu acoo acoq acop rhq
ztv acop acoo acoq ljx zlx lkt
ztw xjq gwr
ztx acoo acoq acop yeo
zty acop acoo acoq xzr
ztz acoq acop acoo pro
zua acop acoq acoo vsc
zub xkx cik mqh
zuc acop acoo qat bcb ybr zof
zud acoo aavm
zue acoq acoo acop osm veh
zuf acoq acop acoo ikd
zug ynu
zuh acoo acop brq tin aio
zui krj ouf
zuj abgl lqj som be
zuk acoo acop f
zul fd
zum acop acoo cxh
zun acop acoo acoq rep
zuo acoo mds
zup acop acoo hga
zuq abff
zur evi zja mhb
zus acoo abdt
zut acoo acop aaud nik thg
zuu acop acoo qgv
zuv urq
zuw dkr
zux acop acoo eyg
zuy acoo acoq acop tqp
zuz acoq acop acoo gjq
zva abfq
zvb acoo acop len
zvc acop acoo lpa
zvd acoo acop acoq aaon
zve acoq acop acoo dwd deq
zvf acoo msk
zvg pph
zvh acoq acoo acop vnb gzl acfb ziy cme
zvi acoo acop bkd aauy
zvj acoo wob
zvk acoo xof
zvl acoo xiq rbx
zvm acoq acop acoo hiw
zvn aavl
zvo acoo jhk wbp wsk
zvp acoq acoo acop yvd
zvq dwm nhl rtb vrz
zvr acop acoo acoq qdi
zvs acoq acop acoo wcz oio
zvt acop acoo piu
zvu acoo acop mmx rkk zqw
zvv acoq acoo acop env
zvw awl
zvx acoo qks
zvy tim hqt tfr
zvz acoo aakm ix
zwa auv adr ygk
zwb qha
zwc ofr
zwd acoq acoo acop xed
zwe acoo krl
zwf acoo kd
zwg acop acoo cma
zwh acoo acop acat
zwi fgi
zwj acoo kqc
zwk zot
zwl acoo acop acoq csi yjy abqw acgh
zwm acoo acnd qfm
zwn eie
zwo acoo ksi esg rtm zdc usj
zwp suk
zwq gjc
zwr acop acoo abq
zws acoo acop uhp
zwt rmy
zwu acop acoo qir ktb
zwv acoo gfd
zww acoo acoq acop hm dc yct
zwx acoo acop iuz
zwy zlh
zwz acoo kli fwd zen ojg
zxa acoo acop acoq lzi hco aaii kwe
zxb acoo fe cgu
zxc ngx
zxd acoo nuh
zxe rmz
zxf acoo xkx
zxg acop acoo mkz ocy (vtf xdr) gca
zxh acop acoo zhh
zxi acop acoo aadd
zxj acoo urt
zxk lmr bha
zxl acoo wva
zxm ipt aact
zxn acop acoq acoo yaf
zxo acop acoq acoo wqm
zxp aahp
zxq acoo acop acoq qts
zxr nvg
zxs acoo tzf qdu
zxt acop acoo bkt ivx
zxu acoo kli
zxv acoo acoq acop xwy
zxw hhq wbh
zxx acop acoo cka mrb lod
zxy acoo nix
zxz acoo acop vbx rph
zya acoo acop uav
zyb aaln
zyc acoo acop hde
zyd acoq acop acoo luk
zye llt wkq daa
zyf oue
zyg acoo acop jft
zyh acoo acop vvy
zyi acoo acop abdh
zyj acoo bgd pix
zyk acoo acop ixq ecv aaus
zyl acop acoo acoq vgb k
zym acoq acoo acop dwp ehk ogx zft
zyn tg
zyo acoo bnm
zyp acoo byq
zyq irb
zyr jla qrj
zys zxo enc
zyt acoo ablk
zyu cax
zyv acoo irj
zyw ipn
zyx acop acoo iqp
zyy acop acoq acoo dqa oat
zyz acop acoo acoq aiq xgc awi
zza yoo
zzb acoo skb
zzc acoo acoq acop uch
zzd acoo jsw
zze blb
zzf acoo ioa
zzg acoo acoq acop acei ivh ijd
zzh thm lph
zzi wlx iup kcc zxa
zzj pnf
zzk xsf
zzl aajf fqu
zzm ear
zzn acoq acop acoo muw
zzo acoo nvi lxn ndm
zzp acop acoo tqj
zzq acoo mll phe qce
zzr acoo adw
zzs acoo acoq acop sro cpz
zzt zgg
zzu acoo acop enz
zzv ita dhs
zzw lfo jvx tgz
zzx acoo gcj
zzy okl
zzz aare uvk bou ldl
aaaa acoo acop lfe acoo
aaab pzd
aaac acoo acop lrb eji
aaad acop acoo rov aavb
aaae cta izd zwl
aaaf acop acoo acoq ow tnh jqe fou vjp
aaag acop acoo ohr
aaah mnz
aaai acoo acop gir wng
aaaj acop acoo frd snm
aaak acoo irp
aaal rxu rnp
aaam acoo kku gxm zaq
aaan acoo nsa kvy xdr
aaao duf mpn
aaap adc qio
aaaq acop acoo acoq aanb
aaar acoo evu smv accn
aaas acop acoo wop haz
aaat acop acoq acoo stp
aaau mjw
aaav acoo fwh lkk kvn spl
aaaw bco dkl
aaax psq
aaay acop acoo imu
aaaz xvk log ana
aaba ylo
aabb acop acoo lvd
aabc acop acoo pge ehf ztu
aabd acoo acoq acop ego dli
aabe acop acoo acoq lht tff zde exo ubi
aabf vul
aabg acoo acoq acop vll
aabh acoq acoo acop fmx zpr aafm
aabi acoo acop vab
aabj rtx
aabk acoo acop gro agh
aabl acop acoo tdx
aabm acoo wom
aabn acoo ahm
aabo acoo acop ydy mlz vbh
aabp acoo acop wyu aail (grq rgv)
aabq acoo fpe
aabr acoo acop qih
aabs sos
aabt acoo acoq acop fxn jnx ydr
aabu acoo acop acoq byc
aabv acop acoo ymz ytq
aabw rer
aabx acop acoq acoo pse
aaby acoo acop ern
aabz acoq acop acoo fwc
aaca acop acoq acoo vru
aacb acop acoo acoq yiv
aacc acoq acop acoo brg
aacd acop acoo fvm wgf
aace acoo acop xsl
aacf acoo acop acoq sdt
aacg veg
aach acop acoo acoq zaq
aaci acoo acop acoq kog
aacj acop acoq acoo nlf
aack acoo acop acoq yyq
aacl acoo acoq acop jhj ig
aacm acop acoo jrv crs jix
aacn acop acoo sdc
aaco acoo kbe
aacp acoo lte
aacq acoo bsb
aacr acoo acop acoq bce lx ngq
aacs acoo nhi azo
aact acoo acop oim
aacu irr
aacv acoo acop asi
aacw shw xis nig
aacx acoq acoo acop zde
aacy acoo acop acd
aacz acoo yaf
aada acoo acop pbi
aadb acoo acoq acop adi qya
aadc acoo acop acoq sjf
aadd okr
aade zim
aadf gub abes
aadg acop acoq acoo shw
aadh acoo acmn abqx
aadi acoo acop xua
aadj acoo acoq acop pno sil
aadk acoo aaxk
aadl acoo xjv cgn
aadm gne
aadn abpe ijo
aado abcn
aadp acoo acoq acop mcr
aadq acoo ixm rof
aadr ixg
aads vq
aadt acop acoo vik
aadu acop acoo abhe zvc
aadv aarr
aadw ety
aadx mjo vch zgk
aady acoo ott csr
aadz acop acoo aakn
aaea rkl
aaeb acoo acoq acop cnn
aaec acoq acop acoo jdr
aaed acoo acop zbr
aaee acoo acop aapi
aaef acoo acoq acop ctm
aaeg acoo acop acoq cfe
aaeh acoo oqf
aaei acoq acoo acop acjb
aaej vla (nul otr)
aaek acoo eth ljm dlc
aael acop acoo rpx
aaem acoo gij spv qmq npq uje
aaen acoo acoq acop abej
aaeo acop acoo zwo
aaep acop acoo acoq wec
aaeq acoq acoo acop sem aavi lax ijd pul
aaer acoo acop uwe wlc
aaes acoq acoo acop aadd fwc gex
aaet acoq acoo acop boz
aaeu acoo acoq acop luy fsj (bu qgu qq)
aaev acop acoo zyw acaz
aaew acoq acoo acop qtn
aaex acoo zro ach rfg
aaey acoo acop elp
aaez acoo acop acoq hnf abvx yns
aafa acoo rgg
aafb acoo acop acoq gmj
aafc acoo uoi
aafd prw (rs wvr dwf) ubg
aafe acoo jei tg
aaff acop acoo hgt
aafg acoo abux
aafh ppt oqc tjy psk
aafi acoo acop acoq guq (abyu abrl)
aafj acop acoq acoo cko
aafk acoq acoo acop mpt
aafl acop acoo acoq oq kng az zko
aafm akn ahm tnr
aafn acoo acop tqe fdt eaf
aafo acoo ayu
aafp acoo ysx wuv
aafq acop acoo acoq wcv
aafr oyy uvk xog
aafs acoo ark woq
aaft acoo acoq acop ivg zqj
aafu acoo lnw xzb
aafv acop acoo acoq wjz nxj
aafw acop acoq acoo jrn
aafx acoo nve
aafy acoo ed (rin xbt jla)
aafz acoo acop ikp xpq ftm npl
aaga acop acoo acoq yqw
aagb acoo tvd xid
aagc acoo aalw qfh
aagd acoq acop acoo uvh
aage j
aagf acoo abwi flz
aagg acoo acop acoq abwd
aagh acoo ana mbg
aagi mpz aajr kgr mcc
aagj acop acoo aaum eqy
aagk xoz lwp
aagl acoo acop acoq ing
aagm vmq bqm
aagn acoo acop msp
aago acop acoq acoo pcl vru
aagp acoo acop abyv eor acjs xza
aagq acoq acoo acop bcr
aagr acop acoo dcw
aags acoo vow iqy qwj
aagt acoo acop vxv amj
aagu acoo xnl vvd
aagv acop acoq acoo qrn pmi tbi ssl
aagw acoq acop acoo haw
aagx acoo bzb
aagy acop acoq acoo ufk
aagz acoo acop oua hjy peo
aaha acoo aie
aahb acoo ode
aahc acoq acoo acop atq
aahd acoo kpw
aahe acoo acop xye
aahf sxm
aahg acoo aapc
aahh eyf
aahi acop acoo iz ckq
aahj tsi
aahk acop acoq acoo yqk
aahl acop acoo zlm abxj
aahm acoo gja
aahn nv (jvv cat)
aaho eex
aahp rdm
aahq acoq acop acoo tqk oyl rsq
aahr acoo acop eg
aahs acop acoo xvm
aaht fdk aqd znq
aahu acop acoo acoq cmy
aahv acoo acop aaqj
aahw acoo abbe
aahx acop acoo acoq say ehy
aahy acop acoq acoo jka
aahz kni xhh bg
aaia xww yrc abvf
aaib acoo bbo rhz
aaic xtn
aaid acoo acop acoq vn jgr
aaie acoo gjt xym vnc lde
aaif uuz gnm
aaig acop acoo hoy ofn umm
aaih acoo mmp
aaii acoo acop fsl qkt dxh
aaij jkq abpx esn
aaik acop acoo zse
aail acoo acop wqn (yqi fep bll)
aaim acoo ipw
aain acoo vdj
aaio acoo usn bif
aaip dpo
aaiq acop acoo bfu
aair acop acoo acoq oka
aais acop acoo acoq oyz vem
aait acoo aces
aaiu wra
aaiv acop acoq acoo acg ayi
aaiw cnj
aaix acoo mfm
aaiy acop acoo acoq wdi
aaiz acoo acop msn
aaja acoo acop acoq kvr hzv oji nal
aajb acoq acoo acop vgh rlu byt zoe
aajc acoo acoq acop ijv
aajd acoo uay
aaje acoo acop plh pde
aajf acop acoo acoq jwv eoj rch
aajg acoo tlc hhn
aajh acoo aapl orx
aaji acoo acop mck uck
aajj acoo hmt
aajk hwe
aajl acop acoq acoo xmj
aajm acop acoo acoq vgu
aajn acop acoo acoq ept
aajo acoo acop zde ytm cnv
aajp acoo acop vgi auy
aajq acoo acop tcs (jhd zxz zax)
aajr acoo aazi ego
aajs acop acoo abzm bzo tnz muj
aajt ycr fhp jcn
aaju wle
aajv acoo acop lqv
aajw acoo acop tgx auj
aajx acoo acop jml
aajy acop acoo toh wvs
aajz zrg
aaka acoo acop puf
aakb acoq acop acoo vz wkn
aakc acoo jcl
aakd pko
aake acoo acop vqz
aakf acoo wvm
aakg pyo
aakh acop acoo kvz mdi
aaki acoo acop mnm
aakj acoo bdv zhc xjk
aakk acoo acoq acop ffb
aakl acoo tbe hkg
aakm acoo ree xsa
aakn acoo qfl ghv
aako acoo bbs (dtq qci)
aakp acoo fmh
aakq acoo kpj
aakr acoo acop acoq eyr
aaks acoo acoq acop ecp rad dtk
aakt acop acoo szr
aaku acoo aur
aakv acoo ufp
aakw acoo rjv qdz
aakx acoo xs okb zin mcn
aaky acop acoq acoo fxp
aakz abdk rzg
aala acoo xpe bgm oyf
aalb acop acoo snj szl
aalc acoo qhs qsp hlc
aald acop acoo uwx
aale acoo acop blj dml umh
aalf aarg oi cqm tvm tbs
aalg acoo kaa
aalh acop acoo abag iyv oqk
aali acoo kbf
aalj acoo iqg wwx
aalk acoo sww
aall acoo ana aayp xzr
aalm fxw
aaln acoo ezt hz glr
aalo acoo rsi tat
aalp acoo qfk
aalq acoo acop abzq mbo yfn von ezz
aalr aaqm
aals acoo rod
aalt acop acoo cus
aalu kfw
aalv acoo acop wx
aalw acoo acop aapw wmz (qrb gac pfx)
aalx npy ass jrh
aaly acce
aalz acoo acop hat
aama acop acoo acoq rwt
aamb acop acoo psk
aamc acoo acoq acop oja
aamd ycg
aame acoo acop yri
aamf acoo wf qap est
aamg acoo vuc afe
aamh acoq acoo acop zur abvv tjh
aami acoo mya t
aamj acoo itv er
aamk qjl ugr
aaml acoq acoo acop hw
aamm dgw abba zms igf
aamn acoo acop knj
aamo acoo acop sgv
aamp acoo acop ssc xnd epl
aamq acoo acop kdw
aamr acop acoo obm bry iaw hqk
aams acoo acop acoq dig ase orp
aamt acoq acoo acop teh abkm
aamu acoo acoq acop izq
aamv acop acoo kdv
aamw acop acoo qwk
aamx acop acoo nzl dzk dcw tfa
aamy acop acoo czm
aamz acoo acop frk lrw drv caj
aana acoo ecv zop emr xtr
aanb abij
aanc acoo dtf
aand acoo acop euj uix
aane apa
aanf acoq acop acoo gea
aang irl
aanh nzt
aani acoo acop uqr
aanj rsr env abiu
aank acoo acop cyw yxm pdd acei
aanl acoo acop acoq nt
aanm acop acoo acoq ibm
aann acop acoo abey mwg duh
aano acop acoo knn jzv
aanp adb eed kjs
aanq acoo cbg
aanr acop acoo acnh
aans acop acoo skh aayl zxn
aant acoo tzt
aanu acop acoo aako (lua wlo)
aanv acoo acop waw
aanw zje
aanx acoo ssh
aany pii
aanz acop acoo ikg
aaoa acoo acop lxz
aaob ibz
aaoc acoo ied aclb slk
aaod acoq acoo acop ktc
aaoe ewi
aaof acoo qnz wdb inj
aaog acoo acop pxk
aaoh acop acoo acoq wgw
aaoi acop acoq acoo iti
aaoj acoq acoo acop ysz wrl acga
aaok acoo acop qgy sfb
aaol acoo ygu htt byq
aaom odj mhl
aaon abuv
aaoo acoo acop rae
aaop acoo acoq acop eua
aaoq acop acoo yia fgu aht
aaor acoo fjz
aaos acoo abfx
aaot acoo aask
aaou acoo acop acoq aajz kje rty abkt
aaov azy
aaow acop acoo sdt
aaox acoo qbf iql put jbj bje
aaoy acoo ytk twz
aaoz acop acoo box
aapa acoq acop acoo aayn
aapb shd
aapc pvh quq
aapd gzm
aape acop acoo xsx
aapf acop acoo mpt
aapg acoo acoq acop thc
aaph axf
aapi acoo acop acoq mqa
aapj acoo ict
aapk rsp
aapl acoo acop ilk kfe dfv
aapm mfb xzg axt fed nka
aapn acoq acoo acop ury tsp nri iih
aapo acoo vet ncv zrc rnz
aapp acop acoo ahz aaby acav okm
aapq jzi opo
aapr acoo lsx (biy abtj) zut
aaps acop acoo eaa
aapt woy
aapu acoo imy
aapv yvk
aapw tte
aapx acoo cbf
aapy acoo ldh agd vxf acgu xeh
aapz acop acoo lsb
aaqa acoo acoq acop jie gsc
aaqb acop acoo cld fuf yqx vyx
aaqc acoo acoq acop vsn
aaqd acoo jsg
aaqe acoo acop nrw rwg
aaqf acoo kqe
aaqg acop acoo uvr
aaqh acoo acop ynf kuk
aaqi cjd
aaqj acoq acoo acop gkq xtx bgo
aaqk acoo acop abkq hmm
aaql acoo wkc
aaqm acop acoq acoo abzq bga hbk
aaqn acoo acop asr
aaqo acop acoo acoq umi
aaqp acoo nco gkg xxq
aaqq qsh yuf
aaqr aaib due pco
aaqs imh (hcm zqt)
aaqt acop acoo acoq iuf
aaqu bae mgp wzg
aaqv acop acoq acoo arw pbw vmz xpt
aaqw wsi
aaqx acoo acop yqy qyh
aaqy acoo acop yby
aaqz acoo acop abfb
aara acoo acop acoq ney vxw zns
aarb acoo acop jqe vgo abbk
aarc uar
aard acoo acoq acop uhu jor
aare acoo acop xiq
aarf acoq acop acoo ygw kzb abxj abrj
aarg acop acoo ztu wrw
aarh acoo wna qum
aari acoo qup hdk hxb
aarj acoo ngo hjj jvo abql
aark tpm abmu xem
aarl acop acoo piq
aarm acoq acoo acop zjg tge
aarn acoo acop est
aaro acop acoo efp
aarp acoo zdp bvv cxj amq
aarq wdq
aarr zac
aars acoq acoo acop zbh ruq
aart acoo acop hpi
aaru acop acoo ajl heu
aarv acop acoo ojl
aarw acop acoo nzo oxg zcw acgh
aarx acoo xhj pif
aary acoo bwa bkh dnt
aarz acoq acop acoo qiy lmn
aasa yfu
aasb acoq acoo acop rin wmg
aasc frr ogg wfr
aasd acop acoo zmc
aase acop acoo acoq crc oal abwk
aasf acoo pwb
aasg isq hew
aash acdl
aasi acoo xwq nyz crr osa
aasj acoo acoq acop nno
aask acop acoo rme fpg uha
aasl acoo bxs wsi
aasm acoo ablb
aasn acoo acop tff dmr gsr rad
aaso acop acoo abvz (jbr eng)
aasp mom
aasq acoo cts
aasr acoo acop acoq xyu wd jub
aass acoo acoq acop vfq tww
aast acoo acop fws wcl
aasu acoo mko fcx
aasv acoo acop abzi qml
aasw acoo inv
aasx acoo xbi
aasy imn gbj
aasz acoo sqc apx (ia gho)
aata acop acoo azr cbk
aatb kal
aatc rxi lwo waw
aatd acop acoo rgh
aate dkc gbw
aatf acop acoo acoq lx jab fou hpw
aatg acoq acoo acop duc aaul
aath acoo tps wtb ibh
aati acoo usy ris
aatj acoq acoo acop ygb fhs
aatk acoo acop vvr aasd
aatl acoo acop abum
aatm acoo acoa ukr
aatn acop acoq acoo fhz kdu
aato acoo bfe
aatp acoo acoq acop nrg ney ued rjz
aatq qte
aatr acoq acop acoo nhj scl sfx
aats acoo acop jxu
aatt acoo swj dka
aatu cuq
aatv acoo egs
aatw acop acoo acoq mhp out
aatx acoo mlm
aaty acoq acoo acop mom qnm aapy
aatz acoo acop kre
aaua acoo acoq acop qvp abpg bvv kuh nny
aaub imu yfu xnj
aauc zre
aaud acoq acoo acop msa gvq
aaue acoo acop acoq joa
aauf zla
aaug gcj
aauh acoo acop acoq fkg
aaui acoo acop xnj
aauj ogl
aauk acnt me ntf
aaul acoo acop acoq seq aaip bzc lhw
aaum prl vai jqw
aaun acop acoq acoo aarm vou
aauo acop acoo acoq nxn
aaup acoo abdz flc
aauq acoo rjr jjd upv
aaur acoo hgd
aaus tut krc wph phf
aaut acop acoo woi qgp zsy
aauu acoo lwx qas aayt
aauv acoo aano oq
aauw aajs
aaux lkg
aauy acoo hbu
aauz ijj acb xhl
aava acoo fvc jhv
aavb acop acoo raj gla
aavc acoo byj
aavd acop acoo lib
aave acop acoo acoq jwc
aavf acoo wck bpe ory
aavg cwi inw
aavh acop acoo acoq sue
aavi acoo acop acoq xvb
aavj acoq acop acoo vzo
aavk acoo aaoe
aavl acop acoo mr
aavm acoo xzk fqp
aavn acoo abug
aavo acoo msk
aavp acoq acop acoo fck iji
aavq acoq acoo acop kgs
aavr noy
aavs acop acoo dnd
aavt acoo acoq acop jgi
aavu jil
aavv acoo acop di khh ovp yzk
aavw acop acoo acoq fbh kpl fqd ils xbe
aavx acop acoo acgz
aavy acoo acoq acop zoy fwr ken
aavz pyz
aawa acoo acoq acop aclz
aawb aauk
aawc acop acoo acoq qzf aaov
aawd acop acoo abmi
aawe acoo ips
aawf acoo acop hxh ablq
aawg vvf zft udk
aawh kch
aawi mlh
aawj acop acoo nmr
aawk acoo acop acoq aba
aawl acoo acop cvk jrr pie
aawm acoo cwt
aawn acoo acgg enp yez zag
aawo bmg
aawp acoo acop hfn
aawq acop acoq acoo arq kpt
aawr acop acoo zmt
aaws acop acoo jyu nre
aawt oex
aawu zbe
aawv acoq acoo acop hxb
aaww acoo upl
aawx hsj
aawy yln
aawz acoo dxz jyr tht
aaxa acoo ktb jxa
aaxb acoo vrz
aaxc acop acoo yfj yvj
aaxd acoo kio zfu
aaxe acoe
aaxf acop acoo acoq nci
aaxg fpv
aaxh acoo acop vjl
aaxi acoo fqy ka oas
aaxj acoo edf
aaxk acoo vc lxe afb
aaxl acoo kue lsc oqh qdz aali
aaxm acoo yrp pmf
aaxn acoo xxp qwt
aaxo aaoo
aaxp acoo gge ca kaw
aaxq acoo bzn
aaxr ona
aaxs acoo bzd
aaxt acoo xxz jbb abyq abqj
aaxu acoo asq abbs
aaxv acop acoo sxf
aaxw yfn saf
aaxx acoo pjq
aaxy acoo acop acoq liy
aaxz abcr
aaya acoo acop gme
aayb acoo ric fcj abzz jdb ojq
aayc acoo acop awi snj
aayd acoo gql xyx jqr
aaye hvo ota qcv svy
aayf acoo acop ziw gqt cje
aayg acop acoq acoo aati
aayh xjd
aayi acoo flt tpw bfr
aayj acop acoo bzq
aayk acoq acop acoo ipq hva hrh
aayl rfn
aaym acoo mrk
aayn acoq acop acoo ujp
aayo acoq acop acoo wxg esj
aayp aapf
aayq acoo xzu cjn
aayr acoo hdv fif ablv wiw
aays acoq acop acoo xez azf pov
aayt acoo acop beh ppq (ha wqs) jcv
aayu yel nsv
aayv acoo acop pzz (ozt cmo)
aayw acop acoo oqc boc
aayx acop acoo acoq hkv raa gdq
aayy hoq
aayz sxr
aaza acoo acop acoq acn rhh aabe
aazb acop acoo itm ijw
aazc acop acoo bqj
aazd acoo acop jmv
aaze acop acoo acoq tbl
aazf acoq acoo acop rwd
aazg rgo
aazh acoo bhw
aazi acoo acop pog acf
aazj acop acoo acoq yxx
aazk acop acoq acoo ino
aazl acop acoo khq
aazm acoo fcg rpc
aazn acoo dcj jaj
aazo acoo aceu
aazp jfx jjr
aazq acoo fha
aazr acoo xnr
aazs acoo acop nab
aazt acoo ejw vds
aazu acop acoo aavj
aazv acop acoo acoq mgl
aazw acop acoq acoo csj
aazx egt
aazy kmi
aazz acoo acop bte wls
abaa acoo aark qkm hjf
abab qml aawh
abac acoo opl
abad hgj
abae acoo rqg
abaf acoo acoq acop sti dpz
abag acoo acop abys
abah acop acoo ads
abai aalb
abaj ecu ffr
abak acoo acoq acop riu fuc
abal acoo acop bbp
abam fej
aban h eqs hou wfs csj
abao aqp ret abkv qrt
abap acop acoo rei npn
abaq acoo acop lkq qkk
abar lwf
abas acop acoo tqi bqg
abat acoo lmr
abau acoo hyn ptn efn hbv
abav acoo acop prm gyi
abaw acoo cki
abax acoq acop acoo cof akn
abay acoo acop emr bqk
abaz acoo acop ejg
abba acoo ssv snc
abbb qti fsk okt mkw
abbc acoq acoo acop dxp
abbd acoo wcf
abbe clg ecg tyd dlc
abbf abal
abbg acop acoo oxq
abbh acoo acop nom
abbi rsh npl lyo
abbj acoq acop acoo byz sqv gko
abbk acoo mao (kri acac cei)
abbl acoo eyv
abbm aciy
abbn acop acoo emx
abbo acop acoo tpk kgh
abbp acop acoo cjl rhe aahj fqy
abbq acoo js
abbr acop acoq acoo bsj
abbs acoo tgm
abbt wka ackn lyv
abbu acoo acop pho
abbv abol izu akk ouq
abbw acoo acop acoq qwm
abbx acoo acop aaoy
abby acoq acoo acop mif
abbz acoo acop acoq oe
abca acoo dox
abcb acop acoq acoo qql
abcc abbk eib
abcd acoo aaun dkd gnm
abce nfb
abcf acoo acop bpe
abcg acoo rpv aaxz hvb
abch acop acoq acoo tuq yd krh
abci acoo ton (jdw abiu yyn)
abcj ijn abag sdh cgg
abck evo kpg
abcl acoo acop pbw jca
abcm acop acoo acoq jdq
abcn acoo acop dsm
abco acoo acop kih vhu dih jjo
abcp uhv gkh xkv
abcq acoo rmr
abcr qoo
abcs acoo wfn
abct acoo roq
abcu acoq acop acoo tro
abcv acoo acop aapc
abcw acoq acop acoo hrn qcw nnx
abcx acoq acop acoo ytn
abcy acoo acoq acop dgm
abcz acoo acoq acop qkl
abda sts
abdb acoo hse
abdc acoo acag
abdd acoo wnv eii soa
abde acoo acoq acop enx dyp
abdf acoo bmo aaqm
abdg acoo acop jsx
abdh acoq acoo acop aauj
abdi acoo acop oae shw
abdj acoo acoq acop fry
abdk acoq acop acoo mep fba uoc
abdl acoo acfa
abdm acop acoo qkk
abdn acop acoo acoq uv bca
abdo acop acoo qxy pgg
abdp xaj
abdq acoo acop uzi
abdr acoo acop acoq giv
abds ftl rph bxz
abdt lbe
abdu acop acoo acoq adc jj
abdv boy sub kyv (kwv dto)
abdw acop acoo acoq dnv prc tgj wwb
abdx acop acoo acoq wyg achp ske
abdy sog
abdz acoo acop bro
abea acoo acop acoq qti
abeb acoq acoo acop sra (acbb gzj) yeq
abec kwd
abed acoo acop acoq fkt oda cyc
abee acoq acoo acop yvm
abef acoo cum vtr qgi
abeg acop acoo goq
abeh acoo acop acoq tov ldu qve
abei acoo mqj
abej sws
abek acop acoo acoq kbc
abel acoo gdf
abem acoo kdc vth abrq
aben acoo fom jhz vut
abeo acop acoo kw
abep acoo acop acoq jhy
abeq acoo abvw
aber vzh
abes acoo mdd
abet mqp
abeu acop acoo ia
abev acoo acop acoq jjp
abew acoo acop acoq ygd ojw zfx
abex agx
abey acjx
abez acop acoo ybi
abfa acoo oxj xzl kmy hnf
abfb jmr hqn hst mit zgh
abfc acoo acop acoq gwk
abfd dhd hwz mnr
abfe bqh
abff sny
abfg acoo pdp
abfh oqm
abfi lqd pdt an
abfj zkl btm aauv wpe
abfk acop acoq acoo pbr tkk
abfl acoo acoq acop ac bvu stl
abfm acop acoo acoq mmu cus
abfn tfl
abfo acoq acoo acop ral
abfp uzm pxq tby
abfq acoo acop chs abuy hxm
abfr acop acoq acoo abju
abfs acop acoo aagx zui
abft cgr rzz
abfu acoq acop acoo rzy abgb
abfv acoo gxo
abfw acop acoo ydj
abfx bms
abfy acop acoo ecw
abfz acoo acoq acop rjr
abga acoq acop acoo hqp ben rvd
abgb acoo acoq acop lfz
abgc acoo acop lmt cqy jux dnl
abgd acoo abdb ndn bmj nlo
abge acoo acop rx kqd svm
abgf dds mux
abgg acoo tvp xxn
abgh xif
abgi acoo acoq acop mnt wym ccs iut zzy
abgj acoo pfe
abgk acoo acop aajl
abgl acoo acop acoq lek
abgm acoo hml
abgn acoo sjf kve lsr
abgo wni
abgp acoq acop acoo dvh
abgq acoo acop xea wzb fkv dat
abgr acop acoq acoo aaey ahh jzl jhm
abgs acoo acop acnl pyv
abgt acoo afu
abgu acoo acop eeb hkn
abgv acoo owh
abgw acoo acop mnw
abgx acop acoo jrz
abgy acop acoo qem vgn acfp
abgz hny
abha acoo ywq imk dfe
abhb acoq acop acoo gef
abhc acoo anz (aayz ah qpl)
abhd tcf gxo
abhe acop acoo mpt
abhf acoo acop aasf
abhg acoq acoo acop emm
abhh acoo ofa yre
abhi acoo acop acoq fgb
abhj acoo odz emg dcg
abhk acoo ivr s
abhl acoo qij aagc
abhm acop acoq acoo fad
abhn acoo gig
abho acoo acop acoq qzd nuo
abhp acop acoq acoo ajf
abhq hbj
abhr acoq acoo acop pbn abpc
abhs acoo rh
abht acop acoq acoo xx
abhu acoq acoo acop ackj
abhv vfm
abhw acoo lus ywv xuy had
abhx acoo acop hoe
abhy acoo nuc
abhz nbf
abia acoo nzy
abib acop acoo ihb
abic acop acoo lil tey mvf
abid acoo acop kjj fxx iju
abie acop acoq acoo kjj elo
abif acoo zwe
abig acop acoq acoo rmq
abih acop acoo acoq kuv
abii acoo mdg riy
abij acop acoo pxz idg mmp mrz gpj
abik acoo tev
abil acop acoo acoq accy
abim acoq acoo acop rhv evo epk ajb yto
abin acoo pwi
abio acop acoo odv pnw
abip acoo acoq acop psg (pkr nzk)
abiq acoo svu
abir peg
abis vyn tjb
abit hrm acm
abiu obx
abiv acoo tsj
abiw acoo acoq acop acag
abix acoo krz
abiy acoo acop mld ssa aaze cbc skg
abiz rpp gks xmu cqh
abja acoo djj
abjb acop acoo joy bsw aalv
abjc gsv jjq lar lnr
abjd kts lty
abje bku cok rol uds
abjf jlx vlv bde
abjg haw uir abtj
abjh acoo acew hnv
abji acoo acop els
abjj acop acoo vjy
abjk acoq acop acoo akm dke aatv it ngq
abjl acoo acop hgu
abjm acoo acop dbc opb cpv
abjn acop acoo acoq jvh
abjo acop acoo xpt
abjp acoo acop hrl wyp
abjq pbn
abjr acoq acoo acop bhg hjg lss
abjs fim
abjt acoo ara
abju acoq acoo acop eft ynt
abjv acoo acop jce yxy wdd bku
abjw acoq acoo acop abls
abjx acop acoq acoo mse
abjy acop acoo juz dio fla
abjz acop acoo eqy
abka acoo acoq acop kqy lza
abkb acop acoo cpe (fxp yis)
abkc etz ablq
abkd acoo acoq acop cht
abke dkw aaid
abkf dis xjq
abkg obq uao yrm
abkh acop acoo kfz stw
abki acop acoo rbs
abkj yki iao
abkk acoo wdh esy xym eua
abkl acoo acop acoq dnd
abkm acop acoo aasw
abkn acoo vam
abko vtv
abkp ubg
abkq acoo acop zlj kqg
abkr acoq acop acoo pcj
abks ybn
abkt acop acoo aus
abku acop acoo kjb
abkv acoo tmc
abkw acop acoo raz
abkx acoo acop zxq nmv
abky acoo dny
abkz acop acoo acoq hme
abla tn
ablb acoo cjx
ablc abjx
abld xuj
able acoq acop acoo kzf gnb gxl
ablf acoq acop acoo diy
ablg tav
ablh acop acoq acoo abnp ebt
abli acop acoo pwn hyc doh aavy
ablj acop acoq acoo sak
ablk lar
abll ca
ablm acop acoo ec
abln acop acoo yrz
ablo pra
ablp acoo abxg
ablq acop acoo bjk dub
ablr acop acoo wax
abls acop acoo bny (ebw abaf)
ablt acoo huq
ablu acoo abay tur
ablv gpe
ablw acop acoo acoq mnq
ablx acoo eji eec zws tmp
ably jtt abkp mcj (wg aanl)
ablz acoo acoq acop abm hsr
abma acoq acop acoo aiz
abmb acoq acop acoo aayj
abmc pav
abmd acoo ygi
abme mhw
abmf acoo acop iuz
abmg acoo acop ppk
abmh xxf
abmi acoo aoh nzu qbs abar
abmj fzt
abmk acoo acop jjj
abml acoo acop mqu
abmm abnz qqo yxb
abmn acoo acop acoq ghe aanp aboc
abmo acoq acop acoo dhj
abmp vkt lrh jpq
abmq acoo rpp xfa gsx vlq
abmr zsk
abms acop acoo acoq eju dbw
abmt acoo acop ioz qxk
abmu acop acoo nyt wgj
abmv acoo acop abqu
abmw soi
abmx vmj xzr
abmy yfa ym
abmz acoo acop esj goa
abna pkn jou
abnb acoo bqm scf
abnc acoo acop acoq pxq sks qwo mry
abnd zpt
abne acoo qbz wdr mtf avn
abnf acoo acop acoq kre qvj
abng acoo rsu (qtc acw)
abnh acoo qkv
abni jdd smk moy
abnj acoo cwa cxy
abnk acop acoo muq
abnl acop acoo huf tmr kk
abnm acoo acop acoq bff opf tih rof
abnn acop acoq acoo iwn
abno sbx
abnp rwa lbj
abnq zma
abnr acoo cqq yex
abns acop acoo osl
abnt acop acoq acoo vvc lsv
abnu acoo acop foy
abnv bkl
abnw tff
abnx acoo ebi
abny acoo acop skm vgz ceq
abnz ogt mlj
aboa kv
abob acoo acop acoq ltu tit
aboc acoo acoq acop wyc
abod acoo kwo zpr
aboe acop acoo bkk
abof acop acoo jpb toe ddw
abog acoo acop acoq rxi
aboh abjh
aboi acoo xjd lnu
aboj acoq acop acoo jca jal npg
abok acoo efo abdx
abol nvs
abom acoo aly
abon bgt
aboo acoo acop ldi yyq xbi dqm
abop acoo eqs jak
aboq acoq acop acoo ldm
abor acoo acop kyq tle
abos acop acoo zsb
abot acoo aar xhz
abou acop acoo ueg
abov ycw qog uei
abow acoo dzv abey
abox acoo acop gqg nxr ljn
aboy ooq sou nqe sqw
aboz acoo rpi
abpa acop acoo wil wkb
abpb acfm
abpc acoo acop kol
abpd hpf
abpe acoo aau
abpf acoo acoq acop bvj
abpg acop acoo acoq sty
abph acoo acop ffv
abpi acoo aafg
abpj acop acoq acoo qms
abpk acoo zmq
abpl aakk aadz
abpm acoo acop arh
abpn wjh uuy dcj
abpo acoo acop acoq ablt ggc
abpp ekm
abpq acoq acop acoo abmh wpp qws hqb
abpr poh
abps acoo acop hbi
abpt acoo acop leo
abpu acop acoo jxf jvz
abpv acop acoo lnl gha
abpw xao utm
abpx acop acoo vgs lit
abpy gcc
abpz acoo zkf wpb
abqa acoo acop ogj irz
abqb acoo rus
abqc zie
abqd acoo iij
abqe iro
abqf acoo acop acoq rlb
abqg acoq acop acoo yhj yjv
abqh bej
abqi acoo acop acoq aaco cxj achn
abqj mrj
abqk hhk
abql acoo rk
abqm acoo acop yfm yzi
abqn acoo ggx tka
abqo acop acoo lsy
abqp acoo van
abqq acoo gcd
abqr acoo acoq acop cpw mrs
abqs zsf
abqt acoq acop acoo aabn acci fxb
abqu xkl
abqv acop acoq acoo gtq (tba utm)
abqw acop acoo kxe
abqx acop acoo txk
abqy wwa xzn hnx uzw
abqz inv
abra wtx
abrb acoo uxy
abrc acoo acop gpx nij
abrd acoo rbx uab zdp sjp
abre acoo bsl
abrf acoo acop jfc
abrg acoo acop rqp
abrh acoo acop fvd bzh fnb
abri acoo acop qkt
abrj acoo acop qmo abnq
abrk acoo nuk
abrl acoq acop acoo dab absk
abrm acoo omq
abrn acoo dql hfl hfb lv
abro acoq acop acoo dsd hhe
abrp acoo cdn
abrq acoq acoo acop ydm acne
abrr abcl
abrs acoo acop lzp
abrt ehg uon
abru acoo acop acoq ddj
abrv acoo aayf
abrw acoo acop sjd
abrx acoo abzh ywn (jls ziv) kkl
abry acoo acoq acop vga
abrz acoo ult qos bcg
absa acoo bzn qns
absb acoo acop thn
absc ssb voe jqq
absd vqh
abse acop acoo acoq ehc
absf acoo yyi
absg acoo acoq acop bkr
absh acoo acoq acop gtr zxn jhm
absi acoo eee
absj acop acoo acoq qng
absk acoo wuc
absl acop acoq acoo dfh
absm acoo qyw
absn acop acoq acoo aclr mpc twg
abso acoo acoq acop dtd dqx jcf
absp acoo coo
absq acoq acop acoo qjx xhp
absr acoq acop acoo flq xoy
abss acoo wpa
abst acoo acop acoq aaay zpd
absu qhx
absv hal
absw acop acoo dnb aacf
absx kho
absy acop acoo acoq slc
absz acoo acop acoq hiz bfn abee wmu
abta acoo fzj nfm xgj
abtb acop acoo uzd bqi
abtc acop acoo acoq usu
abtd acoo acop acoq dbj
abte acoo irm ade
abtf acoo acop acoq ozv
abtg acoo lwe
abth acop acoo bnl
abti osi
abtj acoo acop wmo
abtk acoo acop acoq aaeo
abtl umo
abtm kao bjt
abtn zdy dph xjn bzw
abto acoo lnw txw
abtp acoo acop oyq izp
abtq acoo acop wyb
abtr acop acoo ttb
abts mqp moo beu
abtt acoq acoo acop abba vxu
abtu hvr ohg
abtv acop acoo bra
abtw acoo acop oic ras jma hfz
abtx gss
abty acoo vxs
abtz acoq acop acoo mfp lda aakn gio
abua cuu
abub acoo rxg nba vje
abuc vqv veb psw ydi
abud acop acoq acoo gxd
abue acoo wtb nad ips
abuf acoo acop acoq hfm
abug acoo acop oet
abuh etg
abui hpb bqd
abuj acoo acop acoq gls
abuk acop acoo rie
abul acop acoo okf
abum acoo cbm
abun zjp ytr cel
abuo cxa
abup acoo acop nww
abuq acoo jpp
abur aclz
abus auh vrj
abut acoo acop teq
abuu gpj tmp
abuv acoo wur
abuw acop acoo yns
abux acoo aazs aaer ldc
abuy acop acoq acoo acmq abkv
abuz acop acoo acoq dqa
abva acop acoo qzx
abvb acoo dby
abvc sfl
abvd acoo ux
abve acoo acoq acop osy nop
abvf acoo acop acoq ovy
abvg rc fzi (cr liu) lhv
abvh qgw msq imz
abvi pfx
abvj acoo knn
abvk acoo acoq acop xvy abix
abvl eph
abvm acop acoo vxn
abvn acop acoq acoo hym
abvo liv cjq ogk
abvp uny qva
abvq acoo acop vzv
abvr acai
abvs acoo acop gyh
abvt ihh gzg
abvu abar
abvv fpa tpp fih
abvw acoo wbt
abvx acop acoo eo (abxj gfh)
abvy acoo umz
abvz ajg usy io mwl
abwa acop acoo qxn
abwb rgl
abwc acoo acop abui
abwd acop acoo xpx
abwe acoo avm tq tnr
abwf acop acoq acoo hls abso
abwg acoo acop ime gze
abwh acoo rbr
abwi acoo acoq acop opq ats tbg
abwj acop acoo pqj ydn acop
abwk acop acoo dq
abwl acoq acoo acop sz
abwm acoq acop acoo aamx
abwn acop acoo mbx
abwo cuu
abwp gwl zyu
abwq acoo ool diy
abwr ies lzy idy
abws whp
abwt imi
abwu acoq acoo acop ext nom hxe jap
abwv acoo acoq acop bsm hbt gbx mpo
abww xb
abwx acop acoo qja cmo xe
abwy svk
abwz tvx fqy
abxa acoo yeu (mpn lnw)
abxb acoo abee
abxc acop acoq acoo run
abxd acop acoo yed
abxe tjy unp icy rfd
abxf acoq acop acoo onl
abxg acoo ablk
abxh acop acoo nuf (gjw ktz absj)
abxi acop acoq acoo jys
abxj acoo yex ablj loq
abxk acoo ipe
abxl lui (vcg awx)
abxm xph
abxn nuu
abxo acoo hzo
abxp acoo acop hrk zdj neg
abxq mzl
abxr acoo qij npw nzg
abxs acop acoo acoq vjj
abxt acoo acop sjc vla abnb iqr wer
abxu aajr
abxv acop acoq acoo eil
abxw mto
abxx acoo kaz
abxy acop acoo acoq hp kum vfh vjx
abxz acop acoo acoq mlt kw
abya acop acoo gnp
abyb zpb
abyc acoo hiy by bdj
abyd acoo guz ncr
abye acoq acoo acop kjz ebu olw obo ppi
abyf oaf bao
abyg acoo vkt nyv
abyh acoo acop jpr
abyi acoo acop lly
abyj acoq acop acoo rch
abyk acoo ddf
abyl acoo acop xfq
abym acoo bbz
abyn biy
abyo acoo hyj
abyp acoq acop acoo qxf xso
abyq hsw gwf acmp
abyr acoo acop acoq wwp abfk
abys whb
abyt acoo acop acoq esu hhg
abyu acoq acoo acop htr
abyv acoq acop acoo ims
abyw acoo acop fpm
abyx qzy
abyy fuv iuo
abyz acoo acoq acop nqc bfi ijt vwd
abza acoo acop vfy
abzb acop acoo wad hiv
abzc acop acoo gua (tai msf)
abzd acop acoo ybw uyt
abze acop acoo acoq bvx
abzf acop acoo uys odt
abzg acoo acop acoq iza
abzh acoo acop ykq jor yhj azt
abzi acoo edy
abzj acid
abzk acbn
abzl acoo abfr
abzm acoo acop aazt oxj qef
abzn acop acoq acoo kld
abzo acoo acop acoq aanv
abzp acoo acop itt
abzq acop acoo ihu
abzr aaoz
abzs ihz
abzt acoo eou
abzu acoo acoq acop acej
abzv acop acoo ilo wxh
abzw acoo fut osr
abzx acoo rff
abzy aarz
abzz acoq acop acoo tuo
acaa acoo sgg mch
acab acoq acop acoo znc
acac acop acoo tkn
acad hcq
acae acoo erk gqc
acaf abxp
acag acoo acop tno
acah zzs
acai acoo mpa
acaj acoo acop acoq aasr sto law cbz
acak acoq acoo acop wrv
acal zfy kme hgq
acam acoo acop czu
acan cft
acao acop acoo acoq cot arh ckg hnm
acap acoq acoo acop iet
acaq acoo acoq acop xsc abul
acar acoo abel
acas acoo acoq acop dis xjk
acat acoo acop acoq cgf
acau acop acoq acoo sef
acav acoo jhl
acaw acop acoo acoq jkv
acax acoo acop acoq acmo
acay yrz
acaz dgx
acba acop acoo xwx
acbb acop acoo vpj
acbc acoo hrg
acbd acoo bvv
acbe cjz
acbf yfo
acbg acoo sia lhg mwq
acbh acoo ofb czh
acbi acop acoq acoo iff
acbj acoq acoo acop pjc uhb yyb axv
acbk abok
acbl acop acoo acoq aamh
acbm acoq acoo acop hjp
acbn acop acoo kee
acbo acoo qid
acbp yzf gou iht
acbq acoo acop dmc
acbr acop acoo acoq qkn
acbs acoo tjf
acbt acoo hnd
acbu acoo acop ngb gby
acbv acoo jqe
acbw acoo dsq xsv ebp obe
acbx acoo acop wlc xyq
acby aoq
acbz acoo acop acoq dfq
acca acoo aau
accb jfy
accc acoo nps
accd acoo acop ils elq
acce acop acoo nwe
accf acop acoo fmo
accg acop acoo acoq gcr
acch acop acoq acoo tiy rjb tun
acci acop acoo acoq qhr
accj acoo acop hqd
acck acop acoo acoq jby (lma ablw mpn)
accl acoo acop ymd heo
accm acoq acop acoo sqy
accn acoo acop fpa cha xyp yor vbp
acco acoo acop gdb
accp acop acoo ztt jbz boa
accq acoo acop qgt
accr acop acoq acoo abwq vxg pnf
accs acoq acop acoo tig
acct acoq acop acoo wo jqg
accu acoo abtj
accv pfg hma btk
accw acop acoo xxg
accx acop acoq acoo bin pmz dsr
accy acoo acop acoq ant
accz acoo oax (fhr ugf)
acda kkn
acdb yxu
acdc kin
acdd acop acoo acoq oes ake yeo
acde acop acoq acoo bbq
acdf acop acoo jwo adc
acdg acoq acop acoo zeg
acdh acoq acoo acop lbq
acdi acoo ndl
acdj acoo koy hoi gdk omp
acdk acop acoo mic kvd
acdl acoo acop qff bej mqe
acdm acoq acop acoo gmm
acdn acoq acoo acop bww
acdo acop acoo abvs
acdp acoo acop mnr
acdq glx abch uik
acdr acoo tni
acds sxk pli
acdt acop acoq acoo ebl
acdu acoo wiq (ucl lsq zuk)
acdv acop acoo oum
acdw acoo acop fup
acdx acoo xbu vek jqy
acdy acoo ahc
acdz acop acoo jyf ldn tmh apg ghs
acea acoo tac
aceb acoo acop acme
acec acoo acop ccn
aced acoo drp
acee acoo xxx
acef wxw (nsk aapb yxm)
aceg acop acoo aawi lcj
aceh acoo acop acoq absf egv btj
acei acoo mmg
acej bxn hmi rqk
acek kio aayz
acel jgm
acem acoo ncd
acen acoq acoo acop cbb kod uwf iov
aceo acoo acop idq
acep acoo xva
aceq uyp
acer acoo acop hou
aces acoq acop acoo tdn
acet acoo acop jle wxc djb
aceu acoo jek
acev gbd emy
acew juk xja
acex acoo snk (iun pg)
acey acoo acoq acop gox ijv ute
acez tby
acfa acoo dth dxq
acfb acoo lnt
acfc acoo acop qbr qni nim
acfd dnd lcc fyj
acfe acoo acop acoq tit mnm
acff acop acoo sjh
acfg acoo acoq acop pjn xdl
acfh acoo eue
acfi acop acoo bvd abtb (byi etd)
acfj acoo yjr vgv (egb bys)
acfk acop acoo hrs yzn kfh
acfl oqi
acfm acoq acop acoo nup
acfn acoo acop acoq dyt
acfo acoo acop twb
acfp acop acoq acoo yoz
acfq acoo wsr aatz jzh qjn aeg
acfr apb
acfs acoq acoo acop nlu pam
acft kpu
acfu acoq acoo acop hal
acfv acoo dnw
acfw acoo acop lro fli
acfx acoo jgt kid fmw ql
acfy acoo acop vkh xfg ymo cum
acfz rwx
acga acoo pmi
acgb acoo vpg
acgc nak
acgd acoo atc ksc
acge acoo ety abiw
acgf sys iko abcn
acgg acoo twn uew
acgh acoo gtu (nbj wlc ydf oig)
acgi acoo acop zss bjn
acgj acop acoo sgy
acgk ole jmg
acgl acoo toc
acgm elk
acgn acop acoo xxn
acgo acoo dkl spa
acgp acoq acop acoo wse
acgq acop acoo hrh
acgr acoo acop mtd
acgs kxb rjs
acgt acop acoo aash kml
acgu acoo acop acoq qrr
acgv acoo acop yhn ebb bza tzy
acgw nsv
acgx cwd
acgy acop acoo acoq njs
acgz acoo acop absx rrl rcq rw
acha qay qge
achb uwd unw bah abvd
achc acoo xpk
achd acop acoq acoo cie
ache acoo acoq acop fj tst trp
achf dt
achg acoo hep uus
achh acoo qro eoa yyl fde
achi acoq acop acoo lcl
achj acop acoq acoo dnk
achk acoq acoo acop mzh
achl acoo bff
achm acoo xwv kgy
achn jrw asb
acho acoo abmj nso gau
achp qiz abjx vtn xav
achq oej
achr izb
achs acoq acoo acop giz
acht acoq acoo acop mrh aawz
achu afs hnn zpd pwg wdw
achv acop acoq acoo bol cpk
achw acoo yl jza inr
achx acop acoo xan gbe
achy acoq acoo acop mcs
achz acop acoo fcl
acia acoo acoq acop oww
acib acoq acop acoo cre aane
acic acoo aclf rcc
acid acoq acoo acop fhr acnt
acie acop acoo acoq bbt
acif acop acoo sjx
acig acoo kwt aadp aaoi
acih acop acoo nry
acii acoo acop mns
acij acoo acop acoq kxj acbe xsi qsl
acik acoo fwi
acil acoq acop acoo aalx mw
acim acop acoq acoo sul
acin yq
acio aym
acip oul (pyc tze)
aciq acoo gvt
acir acoo acop acoq fjz smz
acis acop acoo wwa jsq ecl
acit acoo acoq acop kfk
aciu acoo wa
aciv nfm yev mzy
aciw acop acoo evu
acix wku
aciy acoo zmw vjx rrg eff
aciz acoo qrv fpd hoj
acja acoo vnm fup
acjb acoo gyp
acjc xvi goq
acjd zen tew whv
acje hjl
acjf acoq acop acoo bdg
acjg acoo xgw exy sli oys she
acjh acop acoo acoq nwf
acji acoq acop acoo dug
acjj acoo klx
acjk gjg ode fqw aaoo
acjl acop acoo au
acjm bop
acjn acoq acoo acop achv
acjo acoo acop acoq rfw cem cvw
acjp acoo vbd
acjq acoo jh (hel kld zhq)
acjr acop acoo juc nk
acjs acoo ldm
acjt acoo twm
acju acoq acoo acop jne ofd
acjv acoo acoq acop iim
acjw zqs zzg
acjx acoo frk rxm
acjy fda
acjz acop acoq acoo wcq nwd
acka acoo ymj udi
ackb acop acoo lgh
ackc acoo mbz nau wjk noi
ackd acoq acoo acop vdh
acke lee mst
ackf acoo ant
ackg acop acoo aany
ackh acoo acop acoq pnq sq euu udz
acki ukq
ackj acop acoo teg
ackk acoo xxj
ackl acop acoo aapm
ackm acoq acop acoo yic
ackn wjs
acko acoq acoo acop snh ah gjh gii ffs
ackp acoo sta
ackq acoo iit wqd tbc
ackr hck jlv mjp
acks aasx
ackt acop acoo xfj oin
acku krm
ackv acoq acoo acop lhu
ackw acoo oce
ackx pku
acky acop acoo acoq xmd
ackz acoq acop acoo aauq
acla acoo qqd
aclb zhv
aclc acoo qdq
acld acoo acop acoq ntl tje cvx
acle acoo zfh czj xey (jcx gbr)
aclf acoq acoo acop tbx
aclg acoo joi aawp
aclh obf
acli rwn fro abts acit ihz
aclj acoo kvc
aclk acoo mt
acll acoq acop acoo doz yut
aclm acop acoo acoq dxw jhe uam
acln fye
aclo acoo acop acoq aauw
aclp aaac
aclq acoo acop nys
aclr acoo acoq acop aacr
acls oti
aclt acoo aaji aazh
aclu acop acoo bag
aclv acoo acop lar
aclw acoo cmc nng
aclx acoo abwu
acly acoo who
aclz acoo acop vmz ndy wgs
acma acoo miw
acmb acoo wef nhm paj
acmc xgg
acmd acop acoq acoo dkw
acme acoo hyd
acmf acop acoo acoq aaio
acmg acoo kti
acmh acoo orv usi acgv cls
acmi acoo mil
acmj acoo ablo abij hxz ogh
acmk acoo orj nhe
acml gut
acmm acoo izs tmx
acmn acop acoo zcx ops abkv idk
acmo acoq acoo acop gav abvb
acmp acop acoo mjb ayf yed
acmq acoo nr edl bxr kuj
acmr qrd
acms acoo omq
acmt acoo acop ebe sxw
acmu acoq acoo acop zce
acmv acop acoo ivm
acmw jlw abvt
acmx acop acoq acoo vff
acmy xzm
acmz acoo vib
acna abns rqw
acnb acoo acop vsr
acnc acoo nji
acnd kjl hbz aaks
acne acoo iwb
acnf acoo acop acoq aaoy
acng acoo acop acoq tca
acnh acoo gfc
acni acoo acop acoq oyl
acnj aacg
acnk acop acoo mir
acnl acoo acop nun jjz eaz
acnm acop acoq acoo wzi ckc
acnn acoq acoo acop pld
acno acop acoo vgt rgo lpq
acnp acoo acop acoq oak
acnq acoo acop exx
acnr acoo cxj efm sao
acns acoo lqh
acnt acop acoo lfo cfp
acnu acoo uaz
acnv acop acoo tts
acnw acoo kjn
acnx hak
acny acoo acop dpx ezz
acnz acop acoq acoo aajd qay rka
acoa acoo oon uso nds
acob tsw
acoc acop acoo acoq aaih lcr
acod acoo vmb btc rsw
acoe acoo jrk wos pmf fj
acof acop acoo paf
acog acoo zpr
acoh acop acoo bab
acoi acoo eem zmx yft ffu
acoj acoq acop acoo abd
acok acoo vwm bns
acol acoo acop abuh aaxd
acom tyf gea nnc
acon acoq acop acoo jmb kyk
main abuo A B cbf dfq C zzx cel mkp aasf D (fuq (E eri) cdk gew F G vmb) zsp H ppt (fdo kku aok) (qsu wbi I dun rhj w iyi lqg gee) nra J K L avk mow M N (cch wlx) htn xlb oke O wyw uon P wgk achw Q aaxk R S sqq T aatx U hdq hsf V W X dln Y Z sbv nnc lxp AA amp AB AC qzh tzt msu AD ifm (AE lrp AF slc kft arw) oap grn AG tre ijb (AH fux uko ktg tgd) ibk AI AJ AK AL tnw AM AN AO dfl rfz AP AQ AR pob AT cgd pru AU (onp ajh) AV AW bty qly AX noj yqx (ekj sll tmk) tb AY (pdv AZ) iw BA BB hol dwi mun BC dnm usc kjj spg (gnq khn rrl aq) cet (BD ncx wsj lnx jrj (tjd ksh gwb)) BE BF BG yw aac BH wvm BI uul txd BJ BK (nbx vud twv BL pou (BM awv BN (BO BP (hjn BQ (BR dtz aqy xjf BS)) BT zgp acks pzv) BU pag aop igt) vwe ywm) BV BW BX BY qco lpo xao BZ CA aagb iki CB CC ktf ozr aafs ekn CD ynm ydn (CE CF CG CH CI mhe (kuq esv) sef (CJ fda dmv lwx) lxf) ocu (ybu abat mlg (CK abob) abeb glx kan) CL CM mn CN CO cow zti pbi htz udr (zbk xvu CP rpw) oqm ci vzn aao (CQ gtf) hge gpp CR CS hjr dhm CT (yzw abja bmw ga) CU gkk jea aga CV (ixe ude ssg fiy ackz ezl (CW CX CY (CZ bbl ujx) kkn abda (DA DB kfv raf aakr fnd uub) (DC qzh)) hsb lif dsf) DD rvk DE yek dcn DF tjw opq cdc DG DH cyd bzr hen dvz DI ache ibd lpf td DJ (ojt mgp pgb tlf DK) kwt bsh bxf fiv DL pvn jsa DM xpk (DN (DP DQ jif aql med yfl zkz DR) DS vtq odw) bex DT DU acch (jsl (DV aaqc nyr aase aavu DW) msq xho yvb DX ccu) DY aalh dgq DZ EA qea EB (EC pik gol jjt btq (rhj fwm) ED wro EE EF) kmo fty EG jgf rlp EH poj (rgd iyc) nqe (aait pw (aark (EI EJ EK xcx aaud mqv)))
------------------------------------------------------------
abuo A B cbf dfq C zzx cel mkp aasf D (fuq (E eri) cdk gew F G vmb) zsp H ppt (fdo kku aok) (qsu wbi I dun rhj w iyi lqg gee) nra J K L avk mow M N (cch wlx) htn xlb oke O wyw uon P wgk achw Q aaxk R S sqq T aatx U hdq hsf V W X dln Y Z sbv nnc lxp AA amp AB AC qzh tzt msu AD ifm (AE lrp AF slc kft arw) oap grn AG tre ijb (AH fux uko ktg tgd) ibk AI AJ AK AL tnw AM AN AO dfl rfz AP AQ AR pob AT cgd pru AU (onp ajh) AV AW bty qly AX noj yqx (ekj sll tmk) tb AY (pdv AZ) iw BA BB hol dwi mun BC dnm usc kjj spg (gnq khn rrl aq) cet (BD ncx wsj lnx jrj (tjd ksh gwb)) BE BF BG yw aac BH wvm BI uul txd BJ BK (nbx vud twv BL pou (BM awv BN (BO BP (hjn BQ (BR dtz aqy xjf BS)) BT zgp acks pzv) BU pag aop igt) vwe ywm) BV BW BX BY qco lpo xao BZ CA aagb iki CB CC ktf ozr aafs ekn CD ynm ydn (CE CF CG CH CI mhe (kuq esv) sef (CJ fda dmv lwx) lxf) ocu (ybu abat mlg (CK abob) abeb glx kan) CL CM mn CN CO cow zti pbi htz udr (zbk xvu CP rpw) oqm ci vzn aao (CQ gtf) hge gpp CR CS hjr dhm CT (yzw abja bmw ga) CU gkk jea aga CV (ixe ude ssg fiy ackz ezl (CW CX CY (CZ bbl ujx) kkn abda (DA DB kfv raf aakr fnd uub) (DC qzh)) hsb lif dsf) DD rvk DE yek dcn DF tjw opq cdc DG DH cyd bzr hen dvz DI ache ibd lpf td DJ (ojt mgp pgb tlf DK) kwt bsh bxf fiv DL pvn jsa DM xpk (DN (DP DQ jif aql med yfl zkz DR) DS vtq odw) bex DT DU acch (jsl (DV aaqc nyr aase aavu DW) msq xho yvb DX ccu) DY aalh dgq DZ EA qea EB (EC pik gol jjt btq (rhj fwm) ED wro EE EF) kmo fty EG jgf rlp EH poj (rgd iyc) nqe (aait pw (aark (EI EJ EK xcx aaud mqv)))
cxa A B cbf dfq C zzx cel mkp aasf D (fuq (E eri) cdk gew F G vmb) zsp H ppt (fdo kku aok) (qsu wbi I dun rhj w iyi lqg gee) nra J K L avk mow M N (cch wlx) htn xlb oke O wyw uon P wgk achw Q aaxk R S sqq T aatx U hdq hsf V W X dln Y Z sbv nnc lxp AA amp AB AC qzh tzt msu AD ifm (AE lrp AF slc kft arw) oap grn AG tre ijb (AH fux uko ktg tgd) ibk AI AJ AK AL tnw AM AN AO dfl rfz AP AQ AR pob AT cgd pru AU (onp ajh) AV AW bty qly AX noj yqx (ekj sll tmk) tb AY (pdv AZ) iw BA BB hol dwi mun BC dnm usc kjj spg (gnq khn rrl aq) cet (BD ncx wsj lnx jrj (tjd ksh gwb)) BE BF BG yw aac BH wvm BI uul txd BJ BK (nbx vud twv BL pou (BM awv BN (BO BP (hjn BQ (BR dtz aqy xjf BS)) BT zgp acks pzv) BU pag aop igt) vwe ywm) BV BW BX BY qco lpo xao BZ CA aagb iki CB CC ktf ozr aafs ekn CD ynm ydn (CE CF CG CH CI mhe (kuq esv) sef (CJ fda dmv lwx) lxf) ocu (ybu abat mlg (CK abob) abeb glx kan) CL CM mn CN CO cow zti pbi htz udr (zbk xvu CP rpw) oqm ci vzn aao (CQ gtf) hge gpp CR CS hjr dhm CT (yzw abja bmw ga) CU gkk jea aga CV (ixe ude ssg fiy ackz ezl (CW CX CY (CZ bbl ujx) kkn abda (DA DB kfv raf aakr fnd uub) (DC qzh)) hsb lif dsf) DD rvk DE yek dcn DF tjw opq cdc DG DH cyd bzr hen dvz DI ache ibd lpf td DJ (ojt mgp pgb tlf DK) kwt bsh bxf fiv DL pvn jsa DM xpk (DN (DP DQ jif aql med yfl zkz DR) DS vtq odw) bex DT DU acch (jsl (DV aaqc nyr aase aavu DW) msq xho yvb DX ccu) DY aalh dgq DZ EA qea EB (EC pik gol jjt btq (rhj fwm) ED wro EE EF) kmo fty EG jgf rlp EH poj (rgd iyc) nqe (aait pw (aark (EI EJ EK xcx aaud mqv)))
ykq (qir dyf) qgm cbf dfq C zzx cel mkp aasf D (fuq (E eri) cdk gew F G vmb) zsp H ppt (fdo kku aok) (qsu wbi I dun rhj w iyi lqg gee) nra J K L avk mow M N (cch wlx) htn xlb oke O wyw uon P wgk achw Q aaxk R S sqq T aatx U hdq hsf V W X dln Y Z sbv nnc lxp AA amp AB AC qzh tzt msu AD ifm (AE lrp AF slc kft arw) oap grn AG tre ijb (AH fux uko ktg tgd) ibk AI AJ AK AL tnw AM AN AO dfl rfz AP AQ AR pob AT cgd pru AU (onp ajh) AV AW bty qly AX noj yqx (ekj sll tmk) tb AY (pdv AZ) iw BA BB hol dwi mun BC dnm usc kjj spg (gnq khn rrl aq) cet (BD ncx wsj lnx jrj (tjd ksh gwb)) BE BF BG yw aac BH wvm BI uul txd BJ BK (nbx vud twv BL pou (BM awv BN (BO BP (hjn BQ (BR dtz aqy xjf BS)) BT zgp acks pzv) BU pag aop igt) vwe ywm) BV BW BX BY qco lpo xao BZ CA aagb iki CB CC ktf ozr aafs ekn CD ynm ydn (CE CF CG CH CI mhe (kuq esv) sef (CJ fda dmv lwx) lxf) ocu (ybu abat mlg (CK abob) abeb glx kan) CL CM mn CN CO cow zti pbi htz udr (zbk xvu CP rpw) oqm ci vzn aao (CQ gtf) hge gpp CR CS hjr dhm CT (yzw abja bmw ga) CU gkk jea aga CV (ixe ude ssg fiy ackz ezl (CW CX CY (CZ bbl ujx) kkn abda (DA DB kfv raf aakr fnd uub) (DC qzh)) hsb lif dsf) DD rvk DE yek dcn DF tjw opq cdc DG DH cyd bzr hen dvz DI ache ibd lpf td DJ (ojt mgp pgb tlf DK) kwt bsh bxf fiv DL pvn jsa DM xpk (DN (DP DQ jif aql med yfl zkz DR) DS vtq odw) bex DT DU acch (jsl (DV aaqc nyr aase aavu DW) msq xho yvb DX ccu) DY aalh dgq DZ EA qea EB (EC pik gol jjt btq (rhj fwm) ED wro EE EF) kmo fty EG jgf rlp EH poj (rgd iyc) nqe (aait pw (aark (EI EJ EK xcx aaud mqv)))
gqz (qir dyf) qgm cbf dfq C zzx cel mkp aasf D (fuq (E eri) cdk gew F G vmb) zsp H ppt (fdo kku aok) (qsu wbi I dun rhj w iyi lqg gee) nra J K L avk mow M N (cch wlx) htn xlb oke O wyw uon P wgk achw Q aaxk R S sqq T aatx U hdq hsf V W X dln Y Z sbv nnc lxp AA amp AB AC qzh tzt msu AD ifm (AE lrp AF slc kft arw) oap grn AG tre ijb (AH fux uko ktg tgd) ibk AI AJ AK AL tnw AM AN AO dfl rfz AP AQ AR pob AT cgd pru AU (onp ajh) AV AW bty qly AX noj yqx (ekj sll tmk) tb AY (pdv AZ) iw BA BB hol dwi mun BC dnm usc kjj spg (gnq khn rrl aq) cet (BD ncx wsj lnx jrj (tjd ksh gwb)) BE BF BG yw aac BH wvm BI uul txd BJ BK (nbx vud twv BL pou (BM awv BN (BO BP (hjn BQ (BR dtz aqy xjf BS)) BT zgp acks pzv) BU pag aop igt) vwe ywm) BV BW BX BY qco lpo xao BZ CA aagb iki CB CC ktf ozr aafs ekn CD ynm ydn (CE CF CG CH CI mhe (kuq esv) sef (CJ fda dmv lwx) lxf) ocu (ybu abat mlg (CK abob) abeb glx kan) CL CM mn CN CO cow zti pbi htz udr (zbk xvu CP rpw) oqm ci vzn aao (CQ gtf) hge gpp CR CS hjr dhm CT (yzw abja bmw ga) CU gkk jea aga CV (ixe ude ssg fiy ackz ezl (CW CX CY (CZ bbl ujx) kkn abda (DA DB kfv raf aakr fnd uub) (DC qzh)) hsb lif dsf) DD rvk DE yek dcn DF tjw opq cdc DG DH cyd bzr hen dvz DI ache ibd lpf td DJ (ojt mgp pgb tlf DK) kwt bsh bxf fiv DL pvn jsa DM xpk (DN (DP DQ jif aql med yfl zkz DR) DS vtq odw) bex DT DU acch (jsl (DV aaqc nyr aase aavu DW) msq xho yvb DX ccu) DY aalh dgq DZ EA qea EB (EC pik gol jjt btq (rhj fwm) ED wro EE EF) kmo fty EG jgf rlp EH poj (rgd iyc) nqe (aait pw (aark (EI EJ EK xcx aaud mqv)))
zbf cbf dfq C zzx cel mkp aasf D (fuq (E eri) cdk gew F G vmb) zsp H ppt (fdo kku aok) (qsu wbi I dun rhj w iyi lqg gee) nra J K L avk mow M N (cch wlx) htn xlb oke O wyw uon P wgk achw Q aaxk R S sqq T aatx U hdq hsf V W X dln Y Z sbv nnc lxp AA amp AB AC qzh tzt msu AD ifm (AE lrp AF slc kft arw) oap grn AG tre ijb (AH fux uko ktg tgd) ibk AI AJ AK AL tnw AM AN AO dfl rfz AP AQ AR pob AT cgd pru AU (onp ajh) AV AW bty qly AX noj yqx (ekj sll tmk) tb AY (pdv AZ) iw BA BB hol dwi mun BC dnm usc kjj spg (gnq khn rrl aq) cet (BD ncx wsj lnx jrj (tjd ksh gwb)) BE BF BG yw aac BH wvm BI uul txd BJ BK (nbx vud twv BL pou (BM awv BN (BO BP (hjn BQ (BR dtz aqy xjf BS)) BT zgp acks pzv) BU pag aop igt) vwe ywm) BV BW BX BY qco lpo xao BZ CA aagb iki CB CC ktf ozr aafs ekn CD ynm ydn (CE CF CG CH CI mhe (kuq esv) sef (CJ fda dmv lwx) lxf) ocu (ybu abat mlg (CK abob) abeb glx kan) CL CM mn CN CO cow zti pbi htz udr (zbk xvu CP rpw) oqm ci vzn aao (CQ gtf) hge gpp CR CS hjr dhm CT (yzw abja bmw ga) CU gkk jea aga CV (ixe ude ssg fiy ackz ezl (CW CX CY (CZ bbl ujx) kkn abda (DA DB kfv raf aakr fnd uub) (DC qzh)) hsb lif dsf) DD rvk DE yek dcn DF tjw opq cdc DG DH cyd bzr hen dvz DI ache ibd lpf td DJ (ojt mgp pgb tlf DK) kwt bsh bxf fiv DL pvn jsa DM xpk (DN (DP DQ jif aql med yfl zkz DR) DS vtq odw) bex DT DU acch (jsl (DV aaqc nyr aase aavu DW) msq xho yvb DX ccu) DY aalh dgq DZ EA qea EB (EC pik gol jjt btq (rhj fwm) ED wro EE EF) kmo fty EG jgf rlp EH poj (rgd iyc) nqe (aait pw (aark (EI EJ EK xcx aaud mqv)))
cwv zdr C zzx cel mkp aasf D (fuq (E eri) cdk gew F G vmb) zsp H ppt (fdo kku aok) (qsu wbi I dun rhj w iyi lqg gee) nra J K L avk mow M N (cch wlx) htn xlb oke O wyw uon P wgk achw Q aaxk R S sqq T aatx U hdq hsf V W X dln Y Z sbv nnc lxp AA amp AB AC qzh tzt msu AD ifm (AE lrp AF slc kft arw) oap grn AG tre ijb (AH fux uko ktg tgd) ibk AI AJ AK AL tnw AM AN AO dfl rfz AP AQ AR pob AT cgd pru AU (onp ajh) AV AW bty qly AX noj yqx (ekj sll tmk) tb AY (pdv AZ) iw BA BB hol dwi mun BC dnm usc kjj spg (gnq khn rrl aq) cet (BD ncx wsj lnx jrj (tjd ksh gwb)) BE BF BG yw aac BH wvm BI uul txd BJ BK (nbx vud twv BL pou (BM awv BN (BO BP (hjn BQ (BR dtz aqy xjf BS)) BT zgp acks pzv) BU pag aop igt) vwe ywm) BV BW BX BY qco lpo xao BZ CA aagb iki CB CC ktf ozr aafs ekn CD ynm ydn (CE CF CG CH CI mhe (kuq esv) sef (CJ fda dmv lwx) lxf) ocu (ybu abat mlg (CK abob) abeb glx kan) CL CM mn CN CO cow zti pbi htz udr (zbk xvu CP rpw) oqm ci vzn aao (CQ gtf) hge gpp CR CS hjr dhm CT (yzw abja bmw ga) CU gkk jea aga CV (ixe ude ssg fiy ackz ezl (CW CX CY (CZ bbl ujx) kkn abda (DA DB kfv raf aakr fnd uub) (DC qzh)) hsb lif dsf) DD rvk DE yek dcn DF tjw opq cdc DG DH cyd bzr hen dvz DI ache ibd lpf td DJ (ojt mgp pgb tlf DK) kwt bsh bxf fiv DL pvn jsa DM xpk (DN (DP DQ jif aql med yfl zkz DR) DS vtq odw) bex DT DU acch (jsl (DV aaqc nyr aase aavu DW) msq xho yvb DX ccu) DY aalh dgq DZ EA qea EB (EC pik gol jjt btq (rhj fwm) ED wro EE EF) kmo fty EG jgf rlp EH poj (rgd iyc) nqe (aait pw (aark (EI EJ EK xcx aaud mqv)))
oul zzx cel mkp aasf D (fuq (E eri) cdk gew F G vmb) zsp H ppt (fdo kku aok) (qsu wbi I dun rhj w iyi lqg gee) nra J K L avk mow M N (cch wlx) htn xlb oke O wyw uon P wgk achw Q aaxk R S sqq T aatx U hdq hsf V W X dln Y Z sbv nnc lxp AA amp AB AC qzh tzt msu AD ifm (AE lrp AF slc kft arw) oap grn AG tre ijb (AH fux uko ktg tgd) ibk AI AJ AK AL tnw AM AN AO dfl rfz AP AQ AR pob AT cgd pru AU (onp ajh) AV AW bty qly AX noj yqx (ekj sll tmk) tb AY (pdv AZ) iw BA BB hol dwi mun BC dnm usc kjj spg (gnq khn rrl aq) cet (BD ncx wsj lnx jrj (tjd ksh gwb)) BE BF BG yw aac BH wvm BI uul txd BJ BK (nbx vud twv BL pou (BM awv BN (BO BP (hjn BQ (BR dtz aqy xjf BS)) BT zgp acks pzv) BU pag aop igt) vwe ywm) BV BW BX BY qco lpo xao BZ CA aagb iki CB CC ktf ozr aafs ekn CD ynm ydn (CE CF CG CH CI mhe (kuq esv) sef (CJ fda dmv lwx) lxf) ocu (ybu abat mlg (CK abob) abeb glx kan) CL CM mn CN CO cow zti pbi htz udr (zbk xvu CP rpw) oqm ci vzn aao (CQ gtf) hge gpp CR CS hjr dhm CT (yzw abja bmw ga) CU gkk jea aga CV (ixe ude ssg fiy ackz ezl (CW CX CY (CZ bbl ujx) kkn abda (DA DB kfv raf aakr fnd uub) (DC qzh)) hsb lif dsf) DD rvk DE yek dcn DF tjw opq cdc DG DH cyd bzr hen dvz DI ache ibd lpf td DJ (ojt mgp pgb tlf DK) kwt bsh bxf fiv DL pvn jsa DM xpk (DN (DP DQ jif aql med yfl zkz DR) DS vtq odw) bex DT DU acch (jsl (DV aaqc nyr aase aavu DW) msq xho yvb DX ccu) DY aalh dgq DZ EA qea EB (EC pik gol jjt btq (rhj fwm) ED wro EE EF) kmo fty EG jgf rlp EH poj (rgd iyc) nqe (aait pw (aark (EI EJ EK xcx aaud mqv)))
guj gce xro cel mkp aasf D (fuq (E eri) cdk gew F G vmb) zsp H ppt (fdo kku aok) (qsu wbi I dun rhj w iyi lqg gee) nra J K L avk mow M N (cch wlx) htn xlb oke O wyw uon P wgk achw Q aaxk R S sqq T aatx U hdq hsf V W X dln Y Z sbv nnc lxp AA amp AB AC qzh tzt msu AD ifm (AE lrp AF slc kft arw) oap grn AG tre ijb (AH fux uko ktg tgd) ibk AI AJ AK AL tnw AM AN AO dfl rfz AP AQ AR pob AT cgd pru AU (onp ajh) AV AW bty qly AX noj yqx (ekj sll tmk) tb AY (pdv AZ) iw BA BB hol dwi mun BC dnm usc kjj spg (gnq khn rrl aq) cet (BD ncx wsj lnx jrj (tjd ksh gwb)) BE BF BG yw aac BH wvm BI uul txd BJ BK (nbx vud twv BL pou (BM awv BN (BO BP (hjn BQ (BR dtz aqy xjf BS)) BT zgp acks pzv) BU pag aop igt) vwe ywm) BV BW BX BY qco lpo xao BZ CA aagb iki CB CC ktf ozr aafs ekn CD ynm ydn (CE CF CG CH CI mhe (kuq esv) sef (CJ fda dmv lwx) lxf) ocu (ybu abat mlg (CK abob) abeb glx kan) CL CM mn CN CO cow zti pbi htz udr (zbk xvu CP rpw) oqm ci vzn aao (CQ gtf) hge gpp CR CS hjr dhm CT (yzw abja bmw ga) CU gkk jea aga CV (ixe ude ssg fiy ackz ezl (CW CX CY (CZ bbl ujx) kkn abda (DA DB kfv raf aakr fnd uub) (DC qzh)) hsb lif dsf) DD rvk DE yek dcn DF tjw opq cdc DG DH cyd bzr hen dvz DI ache ibd lpf td DJ (ojt mgp pgb tlf DK) kwt bsh bxf fiv DL pvn jsa DM xpk (DN (DP DQ jif aql med yfl zkz DR) DS vtq odw) bex DT DU acch (jsl (DV aaqc nyr aase aavu DW) msq xho yvb DX ccu) DY aalh dgq DZ EA qea EB (EC pik gol jjt btq (rhj fwm) ED wro EE EF) kmo fty EG jgf rlp EH poj (rgd iyc) nqe (aait pw (aark (EI EJ EK xcx aaud mqv)))
cts pky abzq xuq mkp aasf D (fuq (E eri) cdk gew F G vmb) zsp H ppt (fdo kku aok) (qsu wbi I dun rhj w iyi lqg gee) nra J K L avk mow M N (cch wlx) htn xlb oke O wyw uon P wgk achw Q aaxk R S sqq T aatx U hdq hsf V W X dln Y Z sbv nnc lxp AA amp AB AC qzh tzt msu AD ifm (AE lrp AF slc kft arw) oap grn AG tre ijb (AH fux uko ktg tgd) ibk AI AJ AK AL tnw AM AN AO dfl rfz AP AQ AR pob AT cgd pru AU (onp ajh) AV AW bty qly AX noj yqx (ekj sll tmk) tb AY (pdv AZ) iw BA BB hol dwi mun BC dnm usc kjj spg (gnq khn rrl aq) cet (BD ncx wsj lnx jrj (tjd ksh gwb)) BE BF BG yw aac BH wvm BI uul txd BJ BK (nbx vud twv BL pou (BM awv BN (BO BP (hjn BQ (BR dtz aqy xjf BS)) BT zgp acks pzv) BU pag aop igt) vwe ywm) BV BW BX BY qco lpo xao BZ CA aagb iki CB CC ktf ozr aafs ekn CD ynm ydn (CE CF CG CH CI mhe (kuq esv) sef (CJ fda dmv lwx) lxf) ocu (ybu abat mlg (CK abob) abeb glx kan) CL CM mn CN CO cow zti pbi htz udr (zbk xvu CP rpw) oqm ci vzn aao (CQ gtf) hge gpp CR CS hjr dhm CT (yzw abja bmw ga) CU gkk jea aga CV (ixe ude ssg fiy ackz ezl (CW CX CY (CZ bbl ujx) kkn abda (DA DB kfv raf aakr fnd uub) (DC qzh)) hsb lif dsf) DD rvk DE yek dcn DF tjw opq cdc DG DH cyd bzr hen dvz DI ache ibd lpf td DJ (ojt mgp pgb tlf DK) kwt bsh bxf fiv DL pvn jsa DM xpk (DN (DP DQ jif aql med yfl zkz DR) DS vtq odw) bex DT DU acch (jsl (DV aaqc nyr aase aavu DW) msq xho yvb DX ccu) DY aalh dgq DZ EA qea EB (EC pik gol jjt btq (rhj fwm) ED wro EE EF) kmo fty EG jgf rlp EH poj (rgd iyc) nqe (aait pw (aark (EI EJ EK xcx aaud mqv)))
hqc acix xuq mkp aasf D (fuq (E eri) cdk gew F G vmb) zsp H ppt (fdo kku aok) (qsu wbi I dun rhj w iyi lqg gee) nra J K L avk mow M N (cch wlx) htn xlb oke O wyw uon P wgk achw Q aaxk R S sqq T aatx U hdq hsf V W X dln Y Z sbv nnc lxp AA amp AB AC qzh tzt msu AD ifm (AE lrp AF slc kft arw) oap grn AG tre ijb (AH fux uko ktg tgd) ibk AI AJ AK AL tnw AM AN AO dfl rfz AP AQ AR pob AT cgd pru AU (onp ajh) AV AW bty qly AX noj yqx (ekj sll tmk) tb AY (pdv AZ) iw BA BB hol dwi mun BC dnm usc kjj spg (gnq khn rrl aq) cet (BD ncx wsj lnx jrj (tjd ksh gwb)) BE BF BG yw aac BH wvm BI uul txd BJ BK (nbx vud twv BL pou (BM awv BN (BO BP (hjn BQ (BR dtz aqy xjf BS)) BT zgp acks pzv) BU pag aop igt) vwe ywm) BV BW BX BY qco lpo xao BZ CA aagb iki CB CC ktf ozr aafs ekn CD ynm ydn (CE CF CG CH CI mhe (kuq esv) sef (CJ fda dmv lwx) lxf) ocu (ybu abat mlg (CK abob) abeb glx kan) CL CM mn CN CO cow zti pbi htz udr (zbk xvu CP rpw) oqm ci vzn aao (CQ gtf) hge gpp CR CS hjr dhm CT (yzw abja bmw ga) CU gkk jea aga CV (ixe ude ssg fiy ackz ezl (CW CX CY (CZ bbl ujx) kkn abda (DA DB kfv raf aakr fnd uub) (DC qzh)) hsb lif dsf) DD rvk DE yek dcn DF tjw opq cdc DG DH cyd bzr hen dvz DI ache ibd lpf td DJ (ojt mgp pgb tlf DK) kwt bsh bxf fiv DL pvn jsa DM xpk (DN (DP DQ jif aql med yfl zkz DR) DS vtq odw) bex DT DU acch (jsl (DV aaqc nyr aase aavu DW) msq xho yvb DX ccu) DY aalh dgq DZ EA qea EB (EC pik gol jjt btq (rhj fwm) ED wro EE EF) kmo fty EG jgf rlp EH poj (rgd iyc) nqe (aait pw (aark (EI EJ EK xcx aaud mqv)))
imp aasf D (fuq (E eri) cdk gew F G vmb) zsp H ppt (fdo kku aok) (qsu wbi I dun rhj w iyi lqg gee) nra J K L avk mow M N (cch wlx) htn xlb oke O wyw uon P wgk achw Q aaxk R S sqq T aatx U hdq hsf V W X dln Y Z sbv nnc lxp AA amp AB AC qzh tzt msu AD ifm (AE lrp AF slc kft arw) oap grn AG tre ijb (AH fux uko ktg tgd) ibk AI AJ AK AL tnw AM AN AO dfl rfz AP AQ AR pob AT cgd pru AU (onp ajh) AV AW bty qly AX noj yqx (ekj sll tmk) tb AY (pdv AZ) iw BA BB hol dwi mun BC dnm usc kjj spg (gnq khn rrl aq) cet (BD ncx wsj lnx jrj (tjd ksh gwb)) BE BF BG yw aac BH wvm BI uul txd BJ BK (nbx vud twv BL pou (BM awv BN (BO BP (hjn BQ (BR dtz aqy xjf BS)) BT zgp acks pzv) BU pag aop igt) vwe ywm) BV BW BX BY qco lpo xao BZ CA aagb iki CB CC ktf ozr aafs ekn CD ynm ydn (CE CF CG CH CI mhe (kuq esv) sef (CJ fda dmv lwx) lxf) ocu (ybu abat mlg (CK abob) abeb glx kan) CL CM mn CN CO cow zti pbi htz udr (zbk xvu CP rpw) oqm ci vzn aao (CQ gtf) hge gpp CR CS hjr dhm CT (yzw abja bmw ga) CU gkk jea aga CV (ixe ude ssg fiy ackz ezl (CW CX CY (CZ bbl ujx) kkn abda (DA DB kfv raf aakr fnd uub) (DC qzh)) hsb lif dsf) DD rvk DE yek dcn DF tjw opq cdc DG DH cyd bzr hen dvz DI ache ibd lpf td DJ (ojt mgp pgb tlf DK) kwt bsh bxf fiv DL pvn jsa DM xpk (DN (DP DQ jif aql med yfl zkz DR) DS vtq odw) bex DT DU acch (jsl (DV aaqc nyr aase aavu DW) msq xho yvb DX ccu) DY aalh dgq DZ EA qea EB (EC pik gol jjt btq (rhj fwm) ED wro EE EF) kmo fty EG jgf rlp EH poj (rgd iyc) nqe (aait pw (aark (EI EJ EK xcx aaud mqv)))
ysg ete ayx zuu ceg zsp H ppt (fdo kku aok) (qsu wbi I dun rhj w iyi lqg gee) nra J K L avk mow M N (cch wlx) htn xlb oke O wyw uon P wgk achw Q aaxk R S sqq T aatx U hdq hsf V W X dln Y Z sbv nnc lxp AA amp AB AC qzh tzt msu AD ifm (AE lrp AF slc kft arw) oap grn AG tre ijb (AH fux uko ktg tgd) ibk AI AJ AK AL tnw AM AN AO dfl rfz AP AQ AR pob AT cgd pru AU (onp ajh) AV AW bty qly AX noj yqx (ekj sll tmk) tb AY (pdv AZ) iw BA BB hol dwi mun BC dnm usc kjj spg (gnq khn rrl aq) cet (BD ncx wsj lnx jrj (tjd ksh gwb)) BE BF BG yw aac BH wvm BI uul txd BJ BK (nbx vud twv BL pou (BM awv BN (BO BP (hjn BQ (BR dtz aqy xjf BS)) BT zgp acks pzv) BU pag aop igt) vwe ywm) BV BW BX BY qco lpo xao BZ CA aagb iki CB CC ktf ozr aafs ekn CD ynm ydn (CE CF CG CH CI mhe (kuq esv) sef (CJ fda dmv lwx) lxf) ocu (ybu abat mlg (CK abob) abeb glx kan) CL CM mn CN CO cow zti pbi htz udr (zbk xvu CP rpw) oqm ci vzn aao (CQ gtf) hge gpp CR CS hjr dhm CT (yzw abja bmw ga) CU gkk jea aga CV (ixe ude ssg fiy ackz ezl (CW CX CY (CZ bbl ujx) kkn abda (DA DB kfv raf aakr fnd uub) (DC qzh)) hsb lif dsf) DD rvk DE yek dcn DF tjw opq cdc DG DH cyd bzr hen dvz DI ache ibd lpf td DJ (ojt mgp pgb tlf DK) kwt bsh bxf fiv DL pvn jsa DM xpk (DN (DP DQ jif aql med yfl zkz DR) DS vtq odw) bex DT DU acch (jsl (DV aaqc nyr aase aavu DW) msq xho yvb DX ccu) DY aalh dgq DZ EA qea EB (EC pik gol jjt btq (rhj fwm) ED wro EE EF) kmo fty EG jgf rlp EH poj (rgd iyc) nqe (aait pw (aark (EI EJ EK xcx aaud mqv)))
xwd ceg zsp H ppt (fdo kku aok) (qsu wbi I dun rhj w iyi lqg gee) nra J K L avk mow M N (cch wlx) htn xlb oke O wyw uon P wgk achw Q aaxk R S sqq T aatx U hdq hsf V W X dln Y Z sbv nnc lxp AA amp AB AC qzh tzt msu AD ifm (AE lrp AF slc kft arw) oap grn AG tre ijb (AH fux uko ktg tgd) ibk AI AJ AK AL tnw AM AN AO dfl rfz AP AQ AR pob AT cgd pru AU (onp ajh) AV AW bty qly AX noj yqx (ekj sll tmk) tb AY (pdv AZ) iw BA BB hol dwi mun BC dnm usc kjj spg (gnq khn rrl aq) cet (BD ncx wsj lnx jrj (tjd ksh gwb)) BE BF BG yw aac BH wvm BI uul txd BJ BK (nbx vud twv BL pou (BM awv BN (BO BP (hjn BQ (BR dtz aqy xjf BS)) BT zgp acks pzv) BU pag aop igt) vwe ywm) BV BW BX BY qco lpo xao BZ CA aagb iki CB CC ktf ozr aafs ekn CD ynm ydn (CE CF CG CH CI mhe (kuq esv) sef (CJ fda dmv lwx) lxf) ocu (ybu abat mlg (CK abob) abeb glx kan) CL CM mn CN CO cow zti pbi htz udr (zbk xvu CP rpw) oqm ci vzn aao (CQ gtf) hge gpp CR CS hjr dhm CT (yzw abja bmw ga) CU gkk jea aga CV (ixe ude ssg fiy ackz ezl (CW CX CY (CZ bbl ujx) kkn abda (DA DB kfv raf aakr fnd uub) (DC qzh)) hsb lif dsf) DD rvk DE yek dcn DF tjw opq cdc DG DH cyd bzr hen dvz DI ache ibd lpf td DJ (ojt mgp pgb tlf DK) kwt bsh bxf fiv DL pvn jsa DM xpk (DN (DP DQ jif aql med yfl zkz DR) DS vtq odw) bex DT DU acch (jsl (DV aaqc nyr aase aavu DW) msq xho yvb DX ccu) DY aalh dgq DZ EA qea EB (EC pik gol jjt btq (rhj fwm) ED wro EE EF) kmo fty EG jgf rlp EH poj (rgd iyc) nqe (aait pw (aark (EI EJ EK xcx aaud mqv)))
abkr ppt (fdo kku aok) (qsu wbi I dun rhj w iyi lqg gee) nra J K L avk mow M N (cch wlx) htn xlb oke O wyw uon P wgk achw Q aaxk R S sqq T aatx U hdq hsf V W X dln Y Z sbv nnc lxp AA amp AB AC qzh tzt msu AD ifm (AE lrp AF slc kft arw) oap grn AG tre ijb (AH fux uko ktg tgd) ibk AI AJ AK AL tnw AM AN AO dfl rfz AP AQ AR pob AT cgd pru AU (onp ajh) AV AW bty qly AX noj yqx (ekj sll tmk) tb AY (pdv AZ) iw BA BB hol dwi mun BC dnm usc kjj spg (gnq khn rrl aq) cet (BD ncx wsj lnx jrj (tjd ksh gwb)) BE BF BG yw aac BH wvm BI uul txd BJ BK (nbx vud twv BL pou (BM awv BN (BO BP (hjn BQ (BR dtz aqy xjf BS)) BT zgp acks pzv) BU pag aop igt) vwe ywm) BV BW BX BY qco lpo xao BZ CA aagb iki CB CC ktf ozr aafs ekn CD ynm ydn (CE CF CG CH CI mhe (kuq esv) sef (CJ fda dmv lwx) lxf) ocu (ybu abat mlg (CK abob) abeb glx kan) CL CM mn CN CO cow zti pbi htz udr (zbk xvu CP rpw) oqm ci vzn aao (CQ gtf) hge gpp CR CS hjr dhm CT (yzw abja bmw ga) CU gkk jea aga CV (ixe ude ssg fiy ackz ezl (CW CX CY (CZ bbl ujx) kkn abda (DA DB kfv raf aakr fnd uub) (DC qzh)) hsb lif dsf) DD rvk DE yek dcn DF tjw opq cdc DG DH cyd bzr hen dvz DI ache ibd lpf td DJ (ojt mgp pgb tlf DK) kwt bsh bxf fiv DL pvn jsa DM xpk (DN (DP DQ jif aql med yfl zkz DR) DS vtq odw) bex DT DU acch (jsl (DV aaqc nyr aase aavu DW) msq xho yvb DX ccu) DY aalh dgq DZ EA qea EB (EC pik gol jjt btq (rhj fwm) ED wro EE EF) kmo fty EG jgf rlp EH poj (rgd iyc) nqe (aait pw (aark (EI EJ EK xcx aaud mqv)))
pcj nra J K L avk mow M N (cch wlx) htn xlb oke O wyw uon P wgk achw Q aaxk R S sqq T aatx U hdq hsf V W X dln Y Z sbv nnc lxp AA amp AB AC qzh tzt msu AD ifm (AE lrp AF slc kft arw) oap grn AG tre ijb (AH fux uko ktg tgd) ibk AI AJ AK AL tnw AM AN AO dfl rfz AP AQ AR pob AT cgd pru AU (onp ajh) AV AW bty qly AX noj yqx (ekj sll tmk) tb AY (pdv AZ) iw BA BB hol dwi mun BC dnm usc kjj spg (gnq khn rrl aq) cet (BD ncx wsj lnx jrj (tjd ksh gwb)) BE BF BG yw aac BH wvm BI uul txd BJ BK (nbx vud twv BL pou (BM awv BN (BO BP (hjn BQ (BR dtz aqy xjf BS)) BT zgp acks pzv) BU pag aop igt) vwe ywm) BV BW BX BY qco lpo xao BZ CA aagb iki CB CC ktf ozr aafs ekn CD ynm ydn (CE CF CG CH CI mhe (kuq esv) sef (CJ fda dmv lwx) lxf) ocu (ybu abat mlg (CK abob) abeb glx kan) CL CM mn CN CO cow zti pbi htz udr (zbk xvu CP rpw) oqm ci vzn aao (CQ gtf) hge gpp CR CS hjr dhm CT (yzw abja bmw ga) CU gkk jea aga CV (ixe ude ssg fiy ackz ezl (CW CX CY (CZ bbl ujx) kkn abda (DA DB kfv raf aakr fnd uub) (DC qzh)) hsb lif dsf) DD rvk DE yek dcn DF tjw opq cdc DG DH cyd bzr hen dvz DI ache ibd lpf td DJ (ojt mgp pgb tlf DK) kwt bsh bxf fiv DL pvn jsa DM xpk (DN (DP DQ jif aql med yfl zkz DR) DS vtq odw) bex DT DU acch (jsl (DV aaqc nyr aase aavu DW) msq xho yvb DX ccu) DY aalh dgq DZ EA qea EB (EC pik gol jjt btq (rhj fwm) ED wro EE EF) kmo fty EG jgf rlp EH poj (rgd iyc) nqe (aait pw (aark (EI EJ EK xcx aaud mqv)))
wnp nhw K L avk mow M N (cch wlx) htn xlb oke O wyw uon P wgk achw Q aaxk R S sqq T aatx U hdq hsf V W X dln Y Z sbv nnc lxp AA amp AB AC qzh tzt msu AD ifm (AE lrp AF slc kft arw) oap grn AG tre ijb (AH fux uko ktg tgd) ibk AI AJ AK AL tnw AM AN AO dfl rfz AP AQ AR pob AT cgd pru AU (onp ajh) AV AW bty qly AX noj yqx (ekj sll tmk) tb AY (pdv AZ) iw BA BB hol dwi mun BC dnm usc kjj spg (gnq khn rrl aq) cet (BD ncx wsj lnx jrj (tjd ksh gwb)) BE BF BG yw aac BH wvm BI uul txd BJ BK (nbx vud twv BL pou (BM awv BN (BO BP (hjn BQ (BR dtz aqy xjf BS)) BT zgp acks pzv) BU pag aop igt) vwe ywm) BV BW BX BY qco lpo xao BZ CA aagb iki CB CC ktf ozr aafs ekn CD ynm ydn (CE CF CG CH CI mhe (kuq esv) sef (CJ fda dmv lwx) lxf) ocu (ybu abat mlg (CK abob) abeb glx kan) CL CM mn CN CO cow zti pbi htz udr (zbk xvu CP rpw) oqm ci vzn aao (CQ gtf) hge gpp CR CS hjr dhm CT (yzw abja bmw ga) CU gkk jea aga CV (ixe ude ssg fiy ackz ezl (CW CX CY (CZ bbl ujx) kkn abda (DA DB kfv raf aakr fnd uub) (DC qzh)) hsb lif dsf) DD rvk DE yek dcn DF tjw opq cdc DG DH cyd bzr hen dvz DI ache ibd lpf td DJ (ojt mgp pgb tlf DK) kwt bsh bxf fiv DL pvn jsa DM xpk (DN (DP DQ jif aql med yfl zkz DR) DS vtq odw) bex DT DU acch (jsl (DV aaqc nyr aase aavu DW) msq xho yvb DX ccu) DY aalh dgq DZ EA qea EB (EC pik gol jjt btq (rhj fwm) ED wro EE EF) kmo fty EG jgf rlp EH poj (rgd iyc) nqe (aait pw (aark (EI EJ EK xcx aaud mqv)))
ryx flu nhw K L avk mow M N (cch wlx) htn xlb oke O wyw uon P wgk achw Q aaxk R S sqq T aatx U hdq hsf V W X dln Y Z sbv nnc lxp AA amp AB AC qzh tzt msu AD ifm (AE lrp AF slc kft arw) oap grn AG tre ijb (AH fux uko ktg tgd) ibk AI AJ AK AL tnw AM AN AO dfl rfz AP AQ AR pob AT cgd pru AU (onp ajh) AV AW bty qly AX noj yqx (ekj sll tmk) tb AY (pdv AZ) iw BA BB hol dwi mun BC dnm usc kjj spg (gnq khn rrl aq) cet (BD ncx wsj lnx jrj (tjd ksh gwb)) BE BF BG yw aac BH wvm BI uul txd BJ BK (nbx vud twv BL pou (BM awv BN (BO BP (hjn BQ (BR dtz aqy xjf BS)) BT zgp acks pzv) BU pag aop igt) vwe ywm) BV BW BX BY qco lpo xao BZ CA aagb iki CB CC ktf ozr aafs ekn CD ynm ydn (CE CF CG CH CI mhe (kuq esv) sef (CJ fda dmv lwx) lxf) ocu (ybu abat mlg (CK abob) abeb glx kan) CL CM mn CN CO cow zti pbi htz udr (zbk xvu CP rpw) oqm ci vzn aao (CQ gtf) hge gpp CR CS hjr dhm CT (yzw abja bmw ga) CU gkk jea aga CV (ixe ude ssg fiy ackz ezl (CW CX CY (CZ bbl ujx) kkn abda (DA DB kfv raf aakr fnd uub) (DC qzh)) hsb lif dsf) DD rvk DE yek dcn DF tjw opq cdc DG DH cyd bzr hen dvz DI ache ibd lpf td DJ (ojt mgp pgb tlf DK) kwt bsh bxf fiv DL pvn jsa DM xpk (DN (DP DQ jif aql med yfl zkz DR) DS vtq odw) bex DT DU acch (jsl (DV aaqc nyr aase aavu DW) msq xho yvb DX ccu) DY aalh dgq DZ EA qea EB (EC pik gol jjt btq (rhj fwm) ED wro EE EF) kmo fty EG jgf rlp EH poj (rgd iyc) nqe (aait pw (aark (EI EJ EK xcx aaud mqv)))
rmm cyk uni nhw K L avk mow M N (cch wlx) htn xlb oke O wyw uon P wgk achw Q aaxk R S sqq T aatx U hdq hsf V W X dln Y Z sbv nnc lxp AA amp AB AC qzh tzt msu AD ifm (AE lrp AF slc kft arw) oap grn AG tre ijb (AH fux uko ktg tgd) ibk AI AJ AK AL tnw AM AN AO dfl rfz AP AQ AR pob AT cgd pru AU (onp ajh) AV AW bty qly AX noj yqx (ekj sll tmk) tb AY (pdv AZ) iw BA BB hol dwi mun BC dnm usc kjj spg (gnq khn rrl aq) cet (BD ncx wsj lnx jrj (tjd ksh gwb)) BE BF BG yw aac BH wvm BI uul txd BJ BK (nbx vud twv BL pou (BM awv BN (BO BP (hjn BQ (BR dtz aqy xjf BS)) BT zgp acks pzv) BU pag aop igt) vwe ywm) BV BW BX BY qco lpo xao BZ CA aagb iki CB CC ktf ozr aafs ekn CD ynm ydn (CE CF CG CH CI mhe (kuq esv) sef (CJ fda dmv lwx) lxf) ocu (ybu abat mlg (CK abob) abeb glx kan) CL CM mn CN CO cow zti pbi htz udr (zbk xvu CP rpw) oqm ci vzn aao (CQ gtf) hge gpp CR CS hjr dhm CT (yzw abja bmw ga) CU gkk jea aga CV (ixe ude ssg fiy ackz ezl (CW CX CY (CZ bbl ujx) kkn abda (DA DB kfv raf aakr fnd uub) (DC qzh)) hsb lif dsf) DD rvk DE yek dcn DF tjw opq cdc DG DH cyd bzr hen dvz DI ache ibd lpf td DJ (ojt mgp pgb tlf DK) kwt bsh bxf fiv DL pvn jsa DM xpk (DN (DP DQ jif aql med yfl zkz DR) DS vtq odw) bex DT DU acch (jsl (DV aaqc nyr aase aavu DW) msq xho yvb DX ccu) DY aalh dgq DZ EA qea EB (EC pik gol jjt btq (rhj fwm) ED wro EE EF) kmo fty EG jgf rlp EH poj (rgd iyc) nqe (aait pw (aark (EI EJ EK xcx aaud mqv)))
jfh cyk uni nhw K L avk mow M N (cch wlx) htn xlb oke O wyw uon P wgk achw Q aaxk R S sqq T aatx U hdq hsf V W X dln Y Z sbv nnc lxp AA amp AB AC qzh tzt msu AD ifm (AE lrp AF slc kft arw) oap grn AG tre ijb (AH fux uko ktg tgd) ibk AI AJ AK AL tnw AM AN AO dfl rfz AP AQ AR pob AT cgd pru AU (onp ajh) AV AW bty qly AX noj yqx (ekj sll tmk) tb AY (pdv AZ) iw BA BB hol dwi mun BC dnm usc kjj spg (gnq khn rrl aq) cet (BD ncx wsj lnx jrj (tjd ksh gwb)) BE BF BG yw aac BH wvm BI uul txd BJ BK (nbx vud twv BL pou (BM awv BN (BO BP (hjn BQ (BR dtz aqy xjf BS)) BT zgp acks pzv) BU pag aop igt) vwe ywm) BV BW BX BY qco lpo xao BZ CA aagb iki CB CC ktf ozr aafs ekn CD ynm ydn (CE CF CG CH CI mhe (kuq esv) sef (CJ fda dmv lwx) lxf) ocu (ybu abat mlg (CK abob) abeb glx kan) CL CM mn CN CO cow zti pbi htz udr (zbk xvu CP rpw) oqm ci vzn aao (CQ gtf) hge gpp CR CS hjr dhm CT (yzw abja bmw ga) CU gkk jea aga CV (ixe ude ssg fiy ackz ezl (CW CX CY (CZ bbl ujx) kkn abda (DA DB kfv raf aakr fnd uub) (DC qzh)) hsb lif dsf) DD rvk DE yek dcn DF tjw opq cdc DG DH cyd bzr hen dvz DI ache ibd lpf td DJ (ojt mgp pgb tlf DK) kwt bsh bxf fiv DL pvn jsa DM xpk (DN (DP DQ jif aql med yfl zkz DR) DS vtq odw) bex DT DU acch (jsl (DV aaqc nyr aase aavu DW) msq xho yvb DX ccu) DY aalh dgq DZ EA qea EB (EC pik gol jjt btq (rhj fwm) ED wro EE EF) kmo fty EG jgf rlp EH poj (rgd iyc) nqe (aait pw (aark (EI EJ EK xcx aaud mqv)))
acfr K L avk mow M N (cch wlx) htn xlb oke O wyw uon P wgk achw Q aaxk R S sqq T aatx U hdq hsf V W X dln Y Z sbv nnc lxp AA amp AB AC qzh tzt msu AD ifm (AE lrp AF slc kft arw) oap grn AG tre ijb (AH fux uko ktg tgd) ibk AI AJ AK AL tnw AM AN AO dfl rfz AP AQ AR pob AT cgd pru AU (onp ajh) AV AW bty qly AX noj yqx (ekj sll tmk) tb AY (pdv AZ) iw BA BB hol dwi mun BC dnm usc kjj spg (gnq khn rrl aq) cet (BD ncx wsj lnx jrj (tjd ksh gwb)) BE BF BG yw aac BH wvm BI uul txd BJ BK (nbx vud twv BL pou (BM awv BN (BO BP (hjn BQ (BR dtz aqy xjf BS)) BT zgp acks pzv) BU pag aop igt) vwe ywm) BV BW BX BY qco lpo xao BZ CA aagb iki CB CC ktf ozr aafs ekn CD ynm ydn (CE CF CG CH CI mhe (kuq esv) sef (CJ fda dmv lwx) lxf) ocu (ybu abat mlg (CK abob) abeb glx kan) CL CM mn CN CO cow zti pbi htz udr (zbk xvu CP rpw) oqm ci vzn aao (CQ gtf) hge gpp CR CS hjr dhm CT (yzw abja bmw ga) CU gkk jea aga CV (ixe ude ssg fiy ackz ezl (CW CX CY (CZ bbl ujx) kkn abda (DA DB kfv raf aakr fnd uub) (DC qzh)) hsb lif dsf) DD rvk DE yek dcn DF tjw opq cdc DG DH cyd bzr hen dvz DI ache ibd lpf td DJ (ojt mgp pgb tlf DK) kwt bsh bxf fiv DL pvn jsa DM xpk (DN (DP DQ jif aql med yfl zkz DR) DS vtq odw) bex DT DU acch (jsl (DV aaqc nyr aase aavu DW) msq xho yvb DX ccu) DY aalh dgq DZ EA qea EB (EC pik gol jjt btq (rhj fwm) ED wro EE EF) kmo fty EG jgf rlp EH poj (rgd iyc) nqe (aait pw (aark (EI EJ EK xcx aaud mqv)))
apb K L avk mow M N (cch wlx) htn xlb oke O wyw uon P wgk achw Q aaxk R S sqq T aatx U hdq hsf V W X dln Y Z sbv nnc lxp AA amp AB AC qzh tzt msu AD ifm (AE lrp AF slc kft arw) oap grn AG tre ijb (AH fux uko ktg tgd) ibk AI AJ AK AL tnw AM AN AO dfl rfz AP AQ AR pob AT cgd pru AU (onp ajh) AV AW bty qly AX noj yqx (ekj sll tmk) tb AY (pdv AZ) iw BA BB hol dwi mun BC dnm usc kjj spg (gnq khn rrl aq) cet (BD ncx wsj lnx jrj (tjd ksh gwb)) BE BF BG yw aac BH wvm BI uul txd BJ BK (nbx vud twv BL pou (BM awv BN (BO BP (hjn BQ (BR dtz aqy xjf BS)) BT zgp acks pzv) BU pag aop igt) vwe ywm) BV BW BX BY qco lpo xao BZ CA aagb iki CB CC ktf ozr aafs ekn CD ynm ydn (CE CF CG CH CI mhe (kuq esv) sef (CJ fda dmv lwx) lxf) ocu (ybu abat mlg (CK abob) abeb glx kan) CL CM mn CN CO cow zti pbi htz udr (zbk xvu CP rpw) oqm ci vzn aao (CQ gtf) hge gpp CR CS hjr dhm CT (yzw abja bmw ga) CU gkk jea aga CV (ixe ude ssg fiy ackz ezl (CW CX CY (CZ bbl ujx) kkn abda (DA DB kfv raf aakr fnd uub) (DC qzh)) hsb lif dsf) DD rvk DE yek dcn DF tjw opq cdc DG DH cyd bzr hen dvz DI ache ibd lpf td DJ (ojt mgp pgb tlf DK) kwt bsh bxf fiv DL pvn jsa DM xpk (DN (DP DQ jif aql med yfl zkz DR) DS vtq odw) bex DT DU acch (jsl (DV aaqc nyr aase aavu DW) msq xho yvb DX ccu) DY aalh dgq DZ EA qea EB (EC pik gol jjt btq (rhj fwm) ED wro EE EF) kmo fty EG jgf rlp EH poj (rgd iyc) nqe (aait pw (aark (EI EJ EK xcx aaud mqv)))
swa avk mow M N (cch wlx) htn xlb oke O wyw uon P wgk achw Q aaxk R S sqq T aatx U hdq hsf V W X dln Y Z sbv nnc lxp AA amp AB AC qzh tzt msu AD ifm (AE lrp AF slc kft arw) oap grn AG tre ijb (AH fux uko ktg tgd) ibk AI AJ AK AL tnw AM AN AO dfl rfz AP AQ AR pob AT cgd pru AU (onp ajh) AV AW bty qly AX noj yqx (ekj sll tmk) tb AY (pdv AZ) iw BA BB hol dwi mun BC dnm usc kjj spg (gnq khn rrl aq) cet (BD ncx wsj lnx jrj (tjd ksh gwb)) BE BF BG yw aac BH wvm BI uul txd BJ BK (nbx vud twv BL pou (BM awv BN (BO BP (hjn BQ (BR dtz aqy xjf BS)) BT zgp acks pzv) BU pag aop igt) vwe ywm) BV BW BX BY qco lpo xao BZ CA aagb iki CB CC ktf ozr aafs ekn CD ynm ydn (CE CF CG CH CI mhe (kuq esv) sef (CJ fda dmv lwx) lxf) ocu (ybu abat mlg (CK abob) abeb glx kan) CL CM mn CN CO cow zti pbi htz udr (zbk xvu CP rpw) oqm ci vzn aao (CQ gtf) hge gpp CR CS hjr dhm CT (yzw abja bmw ga) CU gkk jea aga CV (ixe ude ssg fiy ackz ezl (CW CX CY (CZ bbl ujx) kkn abda (DA DB kfv raf aakr fnd uub) (DC qzh)) hsb lif dsf) DD rvk DE yek dcn DF tjw opq cdc DG DH cyd bzr hen dvz DI ache ibd lpf td DJ (ojt mgp pgb tlf DK) kwt bsh bxf fiv DL pvn jsa DM xpk (DN (DP DQ jif aql med yfl zkz DR) DS vtq odw) bex DT DU acch (jsl (DV aaqc nyr aase aavu DW) msq xho yvb DX ccu) DY aalh dgq DZ EA qea EB (EC pik gol jjt btq (rhj fwm) ED wro EE EF) kmo fty EG jgf rlp EH poj (rgd iyc) nqe (aait pw (aark (EI EJ EK xcx aaud mqv)))
vju avk mow M N (cch wlx) htn xlb oke O wyw uon P wgk achw Q aaxk R S sqq T aatx U hdq hsf V W X dln Y Z sbv nnc lxp AA amp AB AC qzh tzt msu AD ifm (AE lrp AF slc kft arw) oap grn AG tre ijb (AH fux uko ktg tgd) ibk AI AJ AK AL tnw AM AN AO dfl rfz AP AQ AR pob AT cgd pru AU (onp ajh) AV AW bty qly AX noj yqx (ekj sll tmk) tb AY (pdv AZ) iw BA BB hol dwi mun BC dnm usc kjj spg (gnq khn rrl aq) cet (BD ncx wsj lnx jrj (tjd ksh gwb)) BE BF BG yw aac BH wvm BI uul txd BJ BK (nbx vud twv BL pou (BM awv BN (BO BP (hjn BQ (BR dtz aqy xjf BS)) BT zgp acks pzv) BU pag aop igt) vwe ywm) BV BW BX BY qco lpo xao BZ CA aagb iki CB CC ktf ozr aafs ekn CD ynm ydn (CE CF CG CH CI mhe (kuq esv) sef (CJ fda dmv lwx) lxf) ocu (ybu abat mlg (CK abob) abeb glx kan) CL CM mn CN CO cow zti pbi htz udr (zbk xvu CP rpw) oqm ci vzn aao (CQ gtf) hge gpp CR CS hjr dhm CT (yzw abja bmw ga) CU gkk jea aga CV (ixe ude ssg fiy ackz ezl (CW CX CY (CZ bbl ujx) kkn abda (DA DB kfv raf aakr fnd uub) (DC qzh)) hsb lif dsf) DD rvk DE yek dcn DF tjw opq cdc DG DH cyd bzr hen dvz DI ache ibd lpf td DJ (ojt mgp pgb tlf DK) kwt bsh bxf fiv DL pvn jsa DM xpk (DN (DP DQ jif aql med yfl zkz DR) DS vtq odw) bex DT DU acch (jsl (DV aaqc nyr aase aavu DW) msq xho yvb DX ccu) DY aalh dgq DZ EA qea EB (EC pik gol jjt btq (rhj fwm) ED wro EE EF) kmo fty EG jgf rlp EH poj (rgd iyc) nqe (aait pw (aark (EI EJ EK xcx aaud mqv)))
iwr urx ucj msm M N (cch wlx) htn xlb oke O wyw uon P wgk achw Q aaxk R S sqq T aatx U hdq hsf V W X dln Y Z sbv nnc lxp AA amp AB AC qzh tzt msu AD ifm (AE lrp AF slc kft arw) oap grn AG tre ijb (AH fux uko ktg tgd) ibk AI AJ AK AL tnw AM AN AO dfl rfz AP AQ AR pob AT cgd pru AU (onp ajh) AV AW bty qly AX noj yqx (ekj sll tmk) tb AY (pdv AZ) iw BA BB hol dwi mun BC dnm usc kjj spg (gnq khn rrl aq) cet (BD ncx wsj lnx jrj (tjd ksh gwb)) BE BF BG yw aac BH wvm BI uul txd BJ BK (nbx vud twv BL pou (BM awv BN (BO BP (hjn BQ (BR dtz aqy xjf BS)) BT zgp acks pzv) BU pag aop igt) vwe ywm) BV BW BX BY qco lpo xao BZ CA aagb iki CB CC ktf ozr aafs ekn CD ynm ydn (CE CF CG CH CI mhe (kuq esv) sef (CJ fda dmv lwx) lxf) ocu (ybu abat mlg (CK abob) abeb glx kan) CL CM mn CN CO cow zti pbi htz udr (zbk xvu CP rpw) oqm ci vzn aao (CQ gtf) hge gpp CR CS hjr dhm CT (yzw abja bmw ga) CU gkk jea aga CV (ixe ude ssg fiy ackz ezl (CW CX CY (CZ bbl ujx) kkn abda (DA DB kfv raf aakr fnd uub) (DC qzh)) hsb lif dsf) DD rvk DE yek dcn DF tjw opq cdc DG DH cyd bzr hen dvz DI ache ibd lpf td DJ (ojt mgp pgb tlf DK) kwt bsh bxf fiv DL pvn jsa DM xpk (DN (DP DQ jif aql med yfl zkz DR) DS vtq odw) bex DT DU acch (jsl (DV aaqc nyr aase aavu DW) msq xho yvb DX ccu) DY aalh dgq DZ EA qea EB (EC pik gol jjt btq (rhj fwm) ED wro EE EF) kmo fty EG jgf rlp EH poj (rgd iyc) nqe (aait pw (aark (EI EJ EK xcx aaud mqv)))
rms urx ucj msm M N (cch wlx) htn xlb oke O wyw uon P wgk achw Q aaxk R S sqq T aatx U hdq hsf V W X dln Y Z sbv nnc lxp AA amp AB AC qzh tzt msu AD ifm (AE lrp AF slc kft arw) oap grn AG tre ijb (AH fux uko ktg tgd) ibk AI AJ AK AL tnw AM AN AO dfl rfz AP AQ AR pob AT cgd pru AU (onp ajh) AV AW bty qly AX noj yqx (ekj sll tmk) tb AY (pdv AZ) iw BA BB hol dwi mun BC dnm usc kjj spg (gnq khn rrl aq) cet (BD ncx wsj lnx jrj (tjd ksh gwb)) BE BF BG yw aac BH wvm BI uul txd BJ BK (nbx vud twv BL pou (BM awv BN (BO BP (hjn BQ (BR dtz aqy xjf BS)) BT zgp acks pzv) BU pag aop igt) vwe ywm) BV BW BX BY qco lpo xao BZ CA aagb iki CB CC ktf ozr aafs ekn CD ynm ydn (CE CF CG CH CI mhe (kuq esv) sef (CJ fda dmv lwx) lxf) ocu (ybu abat mlg (CK abob) abeb glx kan) CL CM mn CN CO cow zti pbi htz udr (zbk xvu CP rpw) oqm ci vzn aao (CQ gtf) hge gpp CR CS hjr dhm CT (yzw abja bmw ga) CU gkk jea aga CV (ixe ude ssg fiy ackz ezl (CW CX CY (CZ bbl ujx) kkn abda (DA DB kfv raf aakr fnd uub) (DC qzh)) hsb lif dsf) DD rvk DE yek dcn DF tjw opq cdc DG DH cyd bzr hen dvz DI ache ibd lpf td DJ (ojt mgp pgb tlf DK) kwt bsh bxf fiv DL pvn jsa DM xpk (DN (DP DQ jif aql med yfl zkz DR) DS vtq odw) bex DT DU acch (jsl (DV aaqc nyr aase aavu DW) msq xho yvb DX ccu) DY aalh dgq DZ EA qea EB (EC pik gol jjt btq (rhj fwm) ED wro EE EF) kmo fty EG jgf rlp EH poj (rgd iyc) nqe (aait pw (aark (EI EJ EK xcx aaud mqv)))
aaoj M N (cch wlx) htn xlb oke O wyw uon P wgk achw Q aaxk R S sqq T aatx U hdq hsf V W X dln Y Z sbv nnc lxp AA amp AB AC qzh tzt msu AD ifm (AE lrp AF slc kft arw) oap grn AG tre ijb (AH fux uko ktg tgd) ibk AI AJ AK AL tnw AM AN AO dfl rfz AP AQ AR pob AT cgd pru AU (onp ajh) AV AW bty qly AX noj yqx (ekj sll tmk) tb AY (pdv AZ) iw BA BB hol dwi mun BC dnm usc kjj spg (gnq khn rrl aq) cet (BD ncx wsj lnx jrj (tjd ksh gwb)) BE BF BG yw aac BH wvm BI uul txd BJ BK (nbx vud twv BL pou (BM awv BN (BO BP (hjn BQ (BR dtz aqy xjf BS)) BT zgp acks pzv) BU pag aop igt) vwe ywm) BV BW BX BY qco lpo xao BZ CA aagb iki CB CC ktf ozr aafs ekn CD ynm ydn (CE CF CG CH CI mhe (kuq esv) sef (CJ fda dmv lwx) lxf) ocu (ybu abat mlg (CK abob) abeb glx kan) CL CM mn CN CO cow zti pbi htz udr (zbk xvu CP rpw) oqm ci vzn aao (CQ gtf) hge gpp CR CS hjr dhm CT (yzw abja bmw ga) CU gkk jea aga CV (ixe ude ssg fiy ackz ezl (CW CX CY (CZ bbl ujx) kkn abda (DA DB kfv raf aakr fnd uub) (DC qzh)) hsb lif dsf) DD rvk DE yek dcn DF tjw opq cdc DG DH cyd bzr hen dvz DI ache ibd lpf td DJ (ojt mgp pgb tlf DK) kwt bsh bxf fiv DL pvn jsa DM xpk (DN (DP DQ jif aql med yfl zkz DR) DS vtq odw) bex DT DU acch (jsl (DV aaqc nyr aase aavu DW) msq xho yvb DX ccu) DY aalh dgq DZ EA qea EB (EC pik gol jjt btq (rhj fwm) ED wro EE EF) kmo fty EG jgf rlp EH poj (rgd iyc) nqe (aait pw (aark (EI EJ EK xcx aaud mqv)))
ysz wrl acga htn xlb oke O wyw uon P wgk achw Q aaxk R S sqq T aatx U hdq hsf V W X dln Y Z sbv nnc lxp AA amp AB AC qzh tzt msu AD ifm (AE lrp AF slc kft arw) oap grn AG tre ijb (AH fux uko ktg tgd) ibk AI AJ AK AL tnw AM AN AO dfl rfz AP AQ AR pob AT cgd pru AU (onp ajh) AV AW bty qly AX noj yqx (ekj sll tmk) tb AY (pdv AZ) iw BA BB hol dwi mun BC dnm usc kjj spg (gnq khn rrl aq) cet (BD ncx wsj lnx jrj (tjd ksh gwb)) BE BF BG yw aac BH wvm BI uul txd BJ BK (nbx vud twv BL pou (BM awv BN (BO BP (hjn BQ (BR dtz aqy xjf BS)) BT zgp acks pzv) BU pag aop igt) vwe ywm) BV BW BX BY qco lpo xao BZ CA aagb iki CB CC ktf ozr aafs ekn CD ynm ydn (CE CF CG CH CI mhe (kuq esv) sef (CJ fda dmv lwx) lxf) ocu (ybu abat mlg (CK abob) abeb glx kan) CL CM mn CN CO cow zti pbi htz udr (zbk xvu CP rpw) oqm ci vzn aao (CQ gtf) hge gpp CR CS hjr dhm CT (yzw abja bmw ga) CU gkk jea aga CV (ixe ude ssg fiy ackz ezl (CW CX CY (CZ bbl ujx) kkn abda (DA DB kfv raf aakr fnd uub) (DC qzh)) hsb lif dsf) DD rvk DE yek dcn DF tjw opq cdc DG DH cyd bzr hen dvz DI ache ibd lpf td DJ (ojt mgp pgb tlf DK) kwt bsh bxf fiv DL pvn jsa DM xpk (DN (DP DQ jif aql med yfl zkz DR) DS vtq odw) bex DT DU acch (jsl (DV aaqc nyr aase aavu DW) msq xho yvb DX ccu) DY aalh dgq DZ EA qea EB (EC pik gol jjt btq (rhj fwm) ED wro EE EF) kmo fty EG jgf rlp EH poj (rgd iyc) nqe (aait pw (aark (EI EJ EK xcx aaud mqv)))
htl (nlq nqg) acga htn xlb oke O wyw uon P wgk achw Q aaxk R S sqq T aatx U hdq hsf V W X dln Y Z sbv nnc lxp AA amp AB AC qzh tzt msu AD ifm (AE lrp AF slc kft arw) oap grn AG tre ijb (AH fux uko ktg tgd) ibk AI AJ AK AL tnw AM AN AO dfl rfz AP AQ AR pob AT cgd pru AU (onp ajh) AV AW bty qly AX noj yqx (ekj sll tmk) tb AY (pdv AZ) iw BA BB hol dwi mun BC dnm usc kjj spg (gnq khn rrl aq) cet (BD ncx wsj lnx jrj (tjd ksh gwb)) BE BF BG yw aac BH wvm BI uul txd BJ BK (nbx vud twv BL pou (BM awv BN (BO BP (hjn BQ (BR dtz aqy xjf BS)) BT zgp acks pzv) BU pag aop igt) vwe ywm) BV BW BX BY qco lpo xao BZ CA aagb iki CB CC ktf ozr aafs ekn CD ynm ydn (CE CF CG CH CI mhe (kuq esv) sef (CJ fda dmv lwx) lxf) ocu (ybu abat mlg (CK abob) abeb glx kan) CL CM mn CN CO cow zti pbi htz udr (zbk xvu CP rpw) oqm ci vzn aao (CQ gtf) hge gpp CR CS hjr dhm CT (yzw abja bmw ga) CU gkk jea aga CV (ixe ude ssg fiy ackz ezl (CW CX CY (CZ bbl ujx) kkn abda (DA DB kfv raf aakr fnd uub) (DC qzh)) hsb lif dsf) DD rvk DE yek dcn DF tjw opq cdc DG DH cyd bzr hen dvz DI ache ibd lpf td DJ (ojt mgp pgb tlf DK) kwt bsh bxf fiv DL pvn jsa DM xpk (DN (DP DQ jif aql med yfl zkz DR) DS vtq odw) bex DT DU acch (jsl (DV aaqc nyr aase aavu DW) msq xho yvb DX ccu) DY aalh dgq DZ EA qea EB (EC pik gol jjt btq (rhj fwm) ED wro EE EF) kmo fty EG jgf rlp EH poj (rgd iyc) nqe (aait pw (aark (EI EJ EK xcx aaud mqv)))
eyx (nlq nqg) acga htn xlb oke O wyw uon P wgk achw Q aaxk R S sqq T aatx U hdq hsf V W X dln Y Z sbv nnc lxp AA amp AB AC qzh tzt msu AD ifm (AE lrp AF slc kft arw) oap grn AG tre ijb (AH fux uko ktg tgd) ibk AI AJ AK AL tnw AM AN AO dfl rfz AP AQ AR pob AT cgd pru AU (onp ajh) AV AW bty qly AX noj yqx (ekj sll tmk) tb AY (pdv AZ) iw BA BB hol dwi mun BC dnm usc kjj spg (gnq khn rrl aq) cet (BD ncx wsj lnx jrj (tjd ksh gwb)) BE BF BG yw aac BH wvm BI uul txd BJ BK (nbx vud twv BL pou (BM awv BN (BO BP (hjn BQ (BR dtz aqy xjf BS)) BT zgp acks pzv) BU pag aop igt) vwe ywm) BV BW BX BY qco lpo xao BZ CA aagb iki CB CC ktf ozr aafs ekn CD ynm ydn (CE CF CG CH CI mhe (kuq esv) sef (CJ fda dmv lwx) lxf) ocu (ybu abat mlg (CK abob) abeb glx kan) CL CM mn CN CO cow zti pbi htz udr (zbk xvu CP rpw) oqm ci vzn aao (CQ gtf) hge gpp CR CS hjr dhm CT (yzw abja bmw ga) CU gkk jea aga CV (ixe ude ssg fiy ackz ezl (CW CX CY (CZ bbl ujx) kkn abda (DA DB kfv raf aakr fnd uub) (DC qzh)) hsb lif dsf) DD rvk DE yek dcn DF tjw opq cdc DG DH cyd bzr hen dvz DI ache ibd lpf td DJ (ojt mgp pgb tlf DK) kwt bsh bxf fiv DL pvn jsa DM xpk (DN (DP DQ jif aql med yfl zkz DR) DS vtq odw) bex DT DU acch (jsl (DV aaqc nyr aase aavu DW) msq xho yvb DX ccu) DY aalh dgq DZ EA qea EB (EC pik gol jjt btq (rhj fwm) ED wro EE EF) kmo fty EG jgf rlp EH poj (rgd iyc) nqe (aait pw (aark (EI EJ EK xcx aaud mqv)))
xoc gxx mv htn xlb oke O wyw uon P wgk achw Q aaxk R S sqq T aatx U hdq hsf V W X dln Y Z sbv nnc lxp AA amp AB AC qzh tzt msu AD ifm (AE lrp AF slc kft arw) oap grn AG tre ijb (AH fux uko ktg tgd) ibk AI AJ AK AL tnw AM AN AO dfl rfz AP AQ AR pob AT cgd pru AU (onp ajh) AV AW bty qly AX noj yqx (ekj sll tmk) tb AY (pdv AZ) iw BA BB hol dwi mun BC dnm usc kjj spg (gnq khn rrl aq) cet (BD ncx wsj lnx jrj (tjd ksh gwb)) BE BF BG yw aac BH wvm BI uul txd BJ BK (nbx vud twv BL pou (BM awv BN (BO BP (hjn BQ (BR dtz aqy xjf BS)) BT zgp acks pzv) BU pag aop igt) vwe ywm) BV BW BX BY qco lpo xao BZ CA aagb iki CB CC ktf ozr aafs ekn CD ynm ydn (CE CF CG CH CI mhe (kuq esv) sef (CJ fda dmv lwx) lxf) ocu (ybu abat mlg (CK abob) abeb glx kan) CL CM mn CN CO cow zti pbi htz udr (zbk xvu CP rpw) oqm ci vzn aao (CQ gtf) hge gpp CR CS hjr dhm CT (yzw abja bmw ga) CU gkk jea aga CV (ixe ude ssg fiy ackz ezl (CW CX CY (CZ bbl ujx) kkn abda (DA DB kfv raf aakr fnd uub) (DC qzh)) hsb lif dsf) DD rvk DE yek dcn DF tjw opq cdc DG DH cyd bzr hen dvz DI ache ibd lpf td DJ (ojt mgp pgb tlf DK) kwt bsh bxf fiv DL pvn jsa DM xpk (DN (DP DQ jif aql med yfl zkz DR) DS vtq odw) bex DT DU acch (jsl (DV aaqc nyr aase aavu DW) msq xho yvb DX ccu) DY aalh dgq DZ EA qea EB (EC pik gol jjt btq (rhj fwm) ED wro EE EF) kmo fty EG jgf rlp EH poj (rgd iyc) nqe (aait pw (aark (EI EJ EK xcx aaud mqv)))


