a acop acoo = jze zkj kur
b acop acoq acoo = cua dde tjy rkc jtj
c = xp ydj vvi
d acoo = abdf
e acoq acop acoo = vkk
f acoo = wcf aol jbj
g acoq acoo acop = oop
h = lvu mes yns
i acoo = smz tsq
j acoo acop = pya
k acoo = xej oqw
l acoq acoo acop = tah
m = aaxa
n acoo = xoq hgk nfh
o acop acoo = qei vcs yjb pkg
p = urp
q acoq acop acoo = epv aagq lmb
r = yjv
s acoq acop acoo = ldy lad
t acoo acop = vji fyz mtn oxy
u acoo = qzt xtx
v acoo = qoq fzh
w = row
x acoo acop = sco xdb
y acop acoo = loq
z acop acoo acoq = daw
aa acoo = clj
ab acoo acop = qfc tgb
ac acoo = soe acle ggd
ad = sef
ae = aeb
af = qdo kcd kes
ag acop acoo = aci hcg roj
ah acoo = gmt uum ucm wfo
ai = abxr doz awy
aj = fdf svr fhq woa
ak acop acoo = abpi
al acoo = abka vwm
am acoo = esi
an = nfk udf dlk
ao acoo = tsu bmp drr bcp
ap acoo acoq acop = quq
aq acoo = qly
ar acoq acop acoo = jhm izv
at acoo = vrj
au = qvw mil lek
av acoo = jaj
aw acoo = isa
ax = duu pmv jrx
ay = rrk or
az acoq acop acoo = fbh
ba acoo acop acoq = tep
bb acoo = kwr por
bc acoo acoq acop = xv alb
bd = leg
be acop acoo = udu
bf = jks umu xdo
bg = oer
bh acoo = rhe jnk hsi
bi acoo acop acoq = xya (scy pjv)
bj acoo acop acoq = ymb lxm dux ucc
bk acop acoo = rqd bnj opj qjd ngj
bl acop acoo = ieg eyi aawu
bm acoq acop acoo = qkl yyn
bn acoo = aoy skg
bo acop acoo = bcu
bp acoo acop = kbe
bq acop acoo = cbr
br acoo = cmu
bs acoo = acex
bt acoo acoq acop = aaix
bu acoo = uhs
bv acoo = jfi
bw acoo = abgv xqw rqw tzz
bx acoo = ydw byi abzl
by acoo = aarx vjd czu zse bkm
bz acoo acop acoq = bpy vgv oba tup
ca acoo acop = owr nzh (pts wdk) mqh
cb acop acoq acoo = tkr ocf
cc acoo = kii
cd acop acoo = zx tdp zkd
ce acop acoo = bxz cdh nvh zbo
cf = ucc
cg acoo acop = wwr
ch acoq acoo acop = pwr erq qlc
ci acoo acop acoq = isr
cj acoo acop acoq = nsr oqv
ck acoo = amv ger
cl acoo = doy pfb
cm = abzo
cn acop acoo = slo
co acoo acop = usm
cp acoo = zfe (izi gfi nch) zkh
cq acop acoo = abcz (bua fkh)
cr acop acoq acoo = iem vgl efa doc
cs acoo = dfv lvm
ct = nro
cu acoo = ymr
cv = pzk vnj
cw acoo acoq acop = rai gxw hja
cx acop acoo acoq = acdb
cy = umq
cz = odk
da acoo = enu
db acoo acoq acop = rgc
dc = qqf
dd = acat
de acoo = mmf cee oqf
df = qbc
dg acop acoo acoq = mak fvb
dh acoo = ynn tnr
di acoo = etv
dj acoo = vmb (jxw geu)
dk acoo = sof
dl acoq acop acoo = hdi ikq
dm acoo acoq acop = kgw
dn acoo acop = qbu rzt yqn iwj
dp acoo = abi hgc tjc pki qgx
dq acoo acop = cda
dr acop acoq acoo = loa
ds acoo = dbm
dt acop acoo = xfj
du acop acoq acoo = org wgi lxg
dv acoo acop = lzo
dw = rgn hll qbo
dx acoo acop = frp
dy acoo = ulc btt
dz acop acoq acoo = sgh
ea = yyf
eb acoo acop = she
ec = lxp
ed acoo = abbj wrk db tbg
ee acop acoq acoo = qxs zcf
ef acoo = xdw
eg acop acoo = dpm
eh acop acoo acoq = sip yhm
ei acoo = ffi
ej = tbs jdg jul
ek acoo acop = uji
el acoo acop = rzr ss
em acoo = qfh cvg mzu
en = wrs
eo acop acoo acoq = abar fdu jzc
ep = iyy abmf
eq acop acoo = omd
er = eis
es = vpb evl hsr rkg xdg
et acoo = abay fbs
eu = yiv
ev = ppk sbe mbe
ew = isa bsn
ex acoo acop = aot xcu
ey acop acoo = sua
ez acoq acop acoo = ckm
fa acoo acop = ocz
fb acoo = loz
fc = kfz
fd = sqo
fe = aafl
ff acoo = efa iqe ofe
fg acoo = aih
fh acoq acoo acop = aceq hwz
fi acoo = dzk daz
fj = zge
fk acop acoq acoo = gxl cvn bs fzp
fl = alu
fm acoo = kcx
fn acoo = upb
fo acop acoo = ikz
fp = azo
fq = tif
fr = tfq
fs acoo = vwc
ft acoo = klm
fu acop acoo acoq = ogp hlq ackd
fv acop acoo = twl
fw acop acoo = uvc
fx acop acoq acoo = etd
fy = jky
fz acoq acoo acop = lkb
ga acop acoo acoq = dpt eoh rmq peu
gb acoo = abwg
gc acop acoo = achq
gd acoo = yuw vmz
ge = abye qjf
gf = mtb
gg acoo acoq acop = tle lxi jgw udb
gh acop acoq acoo = mzt vbn
gi = eys
gj acoo = tch xfa
gk = mts niq
gl acoo acop = abt
gm = sag
gn acop acoo = ctj
go acop acoo = ecp
gp acop acoo = gsa psl
gq = obd
gr acoo acop acoq = abgh vcv gwl ygo vnf
gs acop acoo acoq = cgj
gt acoo acop = uhl vgt
gu = giq wcf acfs uzq
gv acoo acop = olt
gw acoo acop acoq = zpv kjo aawb
gx acop acoo = opy uav
gy = eiw
gz acoq acop acoo = tri yny xwm abzv
ha acoo acop = mlv
hb = duw
hc acoo acop = bso
hd = pmp uac idt
he = sam
hf acop acoq acoo = zhl
hg acoo = dws qim
hh = iwl
hi acoo acop = hhu
hj acoo acop = rjy vtn
hk acop acoo acoq = eev
hl acop acoo = okx
hm acoo acop = le
hn acoo acop = wzh
ho acop acoo = ueo wsx
hp acoq acop acoo = vof dsh
hq acoo acop acoq = iqv
hr acop acoq acoo = but xns oqh aty
hs acoq acop acoo = fsy
ht acop acoq acoo = plo
hu acoo acop = jjh chr ljk
hv acoo = aajx znl
hw = jfx jqq bgl
hx acoo = vvr
hy acoo acop = grs
hz = htc
ia = smq
ib = xbq rio ewx
ic acoo acop acoq = ovi
id acop acoo = ccn
ie acoo acop = doa aha
ig acoo = ufg jun
ih acop acoo = aeh dgf fqq kpe str
ii acop acoq acoo = ils
ij = ymj
ik acop acoo = jit
il acop acoo = ky ozt
im acop acoq acoo = al ugj
io acop acoo = urh wbf kxq
ip = yec gym
iq acoo acop = gcz scn ewm
ir acoo = achw
is = acok
it acop acoo = ahx nxs
iu acop acoq acoo = sge yfv
iv acoo acop acoq = aqt
iw = lng
ix acoo acop acoq = en
iy acoo acoq acop = diy
iz acoo acop acoq = yog obt tic irx
ja acoo = gho
jb acoo = cvd
jc = ork
jd acoo = mck cpx
je acoo acop = ezz
jf = dhs
jg acoo acop = men
jh acoq acoo acop = rbe aarf
ji acop acoo acoq = ktz
jj acop acoq acoo = pol rgi xmi hnf
jk acoo = ysu abzd
jl acoo = inb uhu isx jrd
jm acoo = osw pvx mji yxl kyi
jn acop acoo acoq = jlb (twu rlm)
jo acoo = wkc swt mwz
jp acoq acop acoo = bjh zzs qfx rdu ama
jq = ion fdk
jr acoo acoq acop = afi
js acoo acoq acop = eph vxl evx
jt = ros igr
ju acoq acop acoo = qfi
jv acoo = mdh
jw acoo = hhw
jx acoo acop acoq = kyj
jy acoo acop acoq = aaro jww skx
jz = taw
ka acoo acoq acop = cjf
kb acoo = kmz ass jgs
kc acop acoo acoq = bnh ltr eql
kd acoq acop acoo = goa sgo pwh
ke = yos
kf acoo = abdg
kg acoq acop acoo = xma
kh acop acoo = swr
ki = uqf
kj acoo acop = hxh zze
kk acop acoo = htr
kl acoo = aacf ulm
km = dtg kuh achu uey
kn acop acoo acoq = bwp
ko acop acoo acoq = pho
kp = ewp
kq acop acoo acoq = aaos
kr acop acoo = apc fkv
ks acop acoo acoq = tma
kt acoq acop acoo = tpr
ku acoo acop acoq = pcs slg hcu
kv = zwj (fyt ccg)
kw acoq acop acoo = wxp meq enp
kx = wvu
ky = bga
kz acoo = fgi
la acoo = qnj udx (oam lww)
lb acop acoq acoo = tuo rfi sxc
lc = sgr abjs rur
ld acoq acoo acop = aazb
le acop acoo = siw
lf = blp
lg = cpr
lh acoo acop = fdq vxs tdr
li acoo acop = ltc
lj = ywf
lk = cbb
ll acoq acop acoo = awl
lm acoq acop acoo = xzv
ln acoo acoq acop = abla opo byk
lo acoo acop acoq = zjc wvu hdn
lp = ipx kso
lq acoo acoq acop = qvs tnp
lr acoo = ixe
ls acoo = ygh
lt acoo = xzf
lu = joc
lv acoq acop acoo = fia
lw acoo = ixo ggl aaxa
lx = asj
ly acoo acop = rzi aana
lz = seh
ma acoo = fs aabn
mb acoo = skd ydg
mc acop acoo = fyi
md = aasy
me = gzk
mf acoq acop acoo = zsr mrs
mg acoo acop = xcr
mh = zlz qmz rnz (spk xvk)
mi acoo = abc oab
mj acop acoo = lxd jsn
mk acoo acop = fe
ml acoo = wyw djj dcr
mm acoo = flk awb vte
mn acoo = sxk
mo = ket
mp = vaq tsh pmu vv
mq acoo = pbj tke gro
mr acoo = stn jty
ms acoo acop = fzu vvd
mt acop acoo = hnq tql
mu = xwf asf
mv acoo acop = zcl
mw acoo acoq acop = fim
mx acoo acop = abxs
my = kpw kcb dm fy
mz acoo = pkp
na acoq acop acoo = slo oru aank aanx
nb = aclx lft zdd
nc acoq acoo acop = epq tvy kkc
nd acoo acop = absq aadu
ne acoo = koo hb xyv ifz yix
nf acoo = tj
ng acoo acop acoq = xdo
nh acoo acop acoq = yrm
ni acoo = pht aasf
nj acoo acop = cuq
nk = hek uri
nl acoo acop = al sde
nm acoo = fgv
nn acoo = ybe
no acoo acop = jed abi
np acoo acop = bkc
nq acoo acop = jw
nr acoo acoq acop = imx
ns acoo acop acoq = tvt abve twa chy
nt acoo acop = edk dbw sug yxm
nu acop acoo = aaws
nv = wdy
nw acoo = bsx
nx acoo = upg wbb
ny = awv npl
nz acoo = ssf uys bhi
oa acoo = clq czk
ob acoo = vlo faq
oc acoq acop acoo = arj jqb ubx qvy
od = pik
oe acop acoo = jbl zsa
og = abke
oh acoo acop = thy
oi acoo = sgv qtj yyi
oj acop acoo = ubk
ok = abcn
ol acoo = ynx
om = rqh
on acoo acoq acop = pru
oo acoo acop acoq = giu
op = gyz (x dsr)
oq acoo = vbv cdx
or acoo = aabe ps nkp
os acoo acop = fwq ube ghx sfu
ot = iry
ou = jfy
ov acoo acop = wrl
ow = azh nfe scb
ox = ixx rfa
oy acoo = huf
oz acoo acoq acop = aaqx
pa = wsx
pb = abdy
pc = wre
pd acoo = gca
pe = kuw
pf acoo acop = pxd
pg acop acoo = aahn jux
ph acoo acop = dwk
pi = aamg
pj acop acoo = gtd
pk acoo acop acoq = hij rmc zyj rdj
pl acoo = fs
pm = lix vwr
pn acop acoo = aaac
po = gxq jkz ows
pp acoo = evp zjf ide ydz
pq = nie
pr acoo acop acoq = abwy cdr
ps acop acoo = tf ekl hjc
pt = ozt
pu acoo = npd
pv acop acoo = gqj
pw = knc
px = abfg
py acoq acop acoo = olo gqx
pz acoo = aacm hbr hki
qa acop acoo = qwe
qb acoq acop acoo = aape hli
qc = abgj otd ukn
qd acoo = yiz
qe acoo acop = qxf
qf acop acoo = ynr
qg acoo acop acoq = acjw (fwj jqi ose)
qh acoo acop = pij iee iaa mgt
qi = mwy qtc ndt
qj acoo acop = xgh yid vkz
qk = jbq
ql acoo acop = ryh hlv accc aoa
qm acoq acoo acop = onm
qn = yxo acaj
qo acoo acop acoq = li hbg ttp ackt
qp acoo = gbn
qq = uzv
qr acoo = mip tsc
qs acoo acop = xbp
qt = peo
qu acop acoo acoq = ynx
qv acop acoo acoq = bux jzf pbh ujz
qw acop acoo acoq = nkx vab
qx acoo acop = ext
qy = abyx
qz acoo acop = gr
ra acop acoo = ytj
rb acoo = zhe
rc acop acoo acoq = ggl aaro
rd acoo acop acoq = hrd lxf txp
re acop acoo = xvc
rf acoo = emu
rg acoo acop = zqd
rh = wcb
ri = dgl
rj acop acoo = gwm (nek lrd rbb)
rk acoo = eki
rl acoq acoo acop = rsx
rm = aclg
rn acop acoo acoq = hbq yzq com
ro acop acoq acoo = uoa
rp acop acoo = ndp
rq = vsh qma
rr acop acoo acoq = ysm ujl mfz
rs acoo = wci
rt acoo = ied njg
ru acoo = abvo
rv = zbs jlj abky eyv
rw = syd rqc
rx acoo = abca
ry = oqg
rz acop acoo acoq = wkf
sa acoo acop = xkk
sb acoo = ric aarn fm
sc = axw
sd acoo = ptf
se acoo = spv
sf = bod yup rho
sg = bnf
sh = pzv
si acoo acop acoq = rjc
sj acop acoo = mvh
sk acoo = qlp
sl = qci
sm acop acoq acoo = vzt dh
sn acop acoo = hvk mfa dwe
so = kze qrw zpa sve
sp acop acoq acoo = fbc
sq acoo = sbn
sr acoo = ibc
ss = vjg
st acoo = icl
su acoo = nkm
sv = dqv
sw acop acoo = vvj
sx acoo = waf
sy = aaww qzh ksx
sz acoq acoo acop = ewx
ta = vcs mdv dhx
tb acoo = nmw
tc acoo = ycj
td acop acoo acoq = hcw gzs qcv
te acop acoq acoo = eru abmr zsc
tf acoo acoq acop = dno
tg acoo acop acoq = ubx
th acoo = qju
ti acop acoo = aany btg rpo dba
tj acop acoo = upv
tk acop acoo = ubt bel aaqu abqf wwi
tl acop acoo = ydx
tm acoo acop = okf
tn acoo acop = ackm
to = uvt
tp acoq acop acoo = vk eou
tq acop acoo = tjn (kno hd) cvk
tr = ppi vle
ts acoo acop acoq = aasw
tt acoo acop acoq = fxq
tu = csp ow abex
tv acoo acop = zmd abqh
tw acop acoo = iy kxr qvt
tx acoo acop = yxu wsz
ty = gcq bgv aii
tz = way pxz ylb
ua acop acoo acoq = jzk
ub acop acoo = jgi
uc acop acoo acoq = wrb unu aaik abza
ud acoo acoq acop = rmg
ue acoo = deg ccq
uf = aacj
ug acoq acoo acop = ftc
uh acoo acop = emv kob acjk
ui acoo = syq
uj = kki cjf
uk acoo acop = qhw yle
ul acop acoo = zks pld
um acoo = byx
un = uvu sfr
uo = mwa
up acoq acop acoo = bgj
uq = djv pez
ur = vep
us acoq acop acoo = atx yho
ut = jfg
uu acoo = oqv fwq
uv acoq acop acoo = lka kvx rsq vbc
uw acoq acoo acop = omm mfp
ux acop acoo = aamc oul
uy acoo acop = tgi dnc ljg
uz = lvm vuo
va acoo acop = lvr glu (ntd myu)
vb acoo = ndf
vc acoo = dgl
vd acop acoo = hwr
ve acoo = fyp
vf = pat ogo
vg acop acoq acoo = cxm aavo tol
vh acoo acop = nik
vi acoo acop = ed uyn
vj acoo acoq acop = ajq
vk = ovz fqw
vl acoo acop = ags
vm acoq acop acoo = hga
vn acoo acop = jvz
vo acoo = nfz
vp acoo acop acoq = fml
vq acoq acop acoo = xtf (tiq yjs)
vr acop acoo = qii
vs acoo acop acoq = aoj jpj
vt acoo = yhw
vu acoo = asl
vv acop acoo = gcq acds rml gnk
vw acoq acop acoo = khg
vx = gro
vy acoq acop acoo = pnj
vz acoo = qko
wa acoq acoo acop = bbz cza
wb = yqm qsq nrg
wc = nzq fle kxx
wd acop acoo = psd
we = bni zqk fyo ukk
wf = qzo foi ufo
wg acop acoo = hrd sia xwz
wh acoo acop = rxd vkb
wi = vtg lts ouw ezq
wj acop acoo = vxj
wk acoo acop acoq = kev
wl acoq acoo acop = nuj
wm = ajf
wn acop acoo acoq = jph
wo acoo = twh kdb sk bse
wp acoq acop acoo = geo
wq acoo = ubh
wr acoo = wcr pqa qdk
ws = rcv vne
wt acoo acop = xtt ixr hwh
wu = oai
wv acop acoo acoq = rfu
ww = yp
wx = ahu icf (ifs fol)
wy = rnx accu cfb
wz acoq acop acoo = gva
xa acoo = jlt lbu
xb acop acoo acoq = rds qfp
xc acoo acop acoq = acfo fhi iaj rdi
xd = vcu
xe acoo acoq acop = pwd
xf acoo = clh cid rgb abrj
xg acoo = kc
xh acoo acop = zer hzq
xi acoo = kvm qbk
xj acop acoo = wco uuw zcz
xk acoo = hyf zqr shu acaw
xl acop acoo = vuq
xm = goq
xn acop acoo = acbi lzi
xo = sgh
xp acop acoo = qso
xq acoo = tpm
xr acoo = dlj ivl nyo
xs acoo acop acoq = jiq
xt acoo = djt
xu acoo = jxa
xv acoo = aug zah
xw acoo = szc
xx = qbm ji
xy acoq acop acoo = var
xz acoo = dxr
ya acoo acop = ike
yb acoo acop = iml
yc acop acoo = abjw vmb
yd = aabi xmg aase ccf
ye acoo acop = uaa
yf acoo acoq acop = acmu ytl hqp rxq br
yg acop acoo = rhd
yh acoo acoq acop = dib
yi acop acoo = tbw
yj acop acoo = fvp
yk acoo acoq acop = hyj
yl acoo acop = ghl
ym acoo acop acoq = jxh
yn = abyo jja pud lll aans
yo acoo = ncj v
yp acoo = aaxd
yq acoo = fbu
yr acoq acop acoo = czx wxw tvd
ys acoq acop acoo = uok
yt acoo = fpa
yu = bsp
yv acop acoo acoq = pfa
yw acoo = llz
yx acoo acoq acop = jay
yy acop acoo = xco
yz acop acoo = peh te pzl
za acoo acop = bqq onb
zb acoo = abml vwz
zc acoq acoo acop = hua tjy
zd = asp tnj
ze acoo acop = cih jzl qsg
zf acop acoo = accu gcl mjt szc
zg = imm
zh acoo = fpi
zi = ogn
zj acop acoo acoq = fwl
zk acop acoo acoq = lwg
zl acoo acop acoq = avs
zm = vpg kio mif
zn acoo = abyo aaxe
zo acop acoo = fet
zp acoo = rls abya
zq acoo = xyb
zr = dqw
zs = sxc rn
zt = wrl
zu acop acoq acoo = wci
zv acoo = lpd
zw acoo = llt
zx = jlu abrs mby fsf
zy acoo = vqb cka
zz acoo = aawf vrl
aaa = gql efj
aab acoq acoo acop = qke aaxx jcm
aac = dzy
aad = ich
aae acop acoo = lrp
aaf acoo acop acoq = jut
aag = nfe
aah acoo = bpl
aai = zsz bgv acjj
aaj acoo acop acoq = odg
aak acop acoq acoo = kyo
aal = xwo
aam acop acoo = tre cda
aan acoo acop acoq = ldf tnv kms
aao acoo acop = aazd
aap acoo = fyr
aaq = bfp cft oiq abze taf
aar = eju
aas = jfl
aat acoo = eqc hlb
aau = vdg abno
aav acoo = xu egz hej
aaw acoo acop acoq = nsa
aax acoo = bby aii
aay = ygo
aaz acoo = exa
aba acoo = joj zxv tko vqf achn
abb acoo = np
abc acoo = mzp
abd acoo = gtr
abe acoo = abhs bka fof
abf acoo = pog hbg
abg acop acoo = xkp
abh acoq acop acoo = goh uav
abi acop acoo = nwt
abj acop acoq acoo = acae
abk = lmt
abl = acfj qow bqa vxw
abm = fpw
abn acoo = jyc
abo = vug
abp acoq acoo acop = aayf
abq acoo acoq acop = whc acjx pnd
abr acoo = sjk mpp igi bnk qzk
abs acoo acop acoq = fhh
abt = nb okk
abu acop acoo = irb nfa fr ceo
abv acoo acop = tqr abml hox
abw acoo acoq acop = qxv ujg gyu
abx = eot
aby acoo = ggu
abz acoo acop = tep
aca = jvo htq rvg
acb acoo acop = bud vaw jd uyb
acc acop acoo = sd
acd acop acoo = yaw (aacm rqt)
ace = shc
acf = tou pqw zvh
acg acoo acop acoq = oqc
ach = kop (qhj bjf)
aci acop acoo = acaf sut
acj acop acoo = gzz abdb
ack acoq acoo acop = ivt jqs
acl = rng
acm acoo = ekq
acn acoo = stq
aco acoo = nis
acp acoo = hxf
acq acoo acop = gfq
acr acop acoo = tpa
acs = fjc ist aq
act = fvr (uux jsn)
acu acop acoo = pdl
acv acoo acoq acop = kkc
acw acoo = wsw abei jiz
acx acoo acop acoq = ojz ssp jbk (rxc syq)
acy acoo = lsi
acz = jmx
ada acoq acoo acop = fsr
adb acoo = ljt
adc acoo acop = mtc scu
add acoo = rti fkc pdu
ade acoo = auo qko
adf acoo = pxd aarr ftu
adg acop acoo = sdr
adh acoo = sep
adi acop acoq acoo = skl mky wsg zen
adj acoo = zef jyd
adk = qpp
adl acoq acop acoo = fbs
adm = rtq
adn acop acoo = sid
ado acoo = nsd
adp acop acoo = bnh qls
adq acoo = abgp
adr = dpi tut
ads acop acoo = aazv
adt acoo acop = alc
adu acoo = pmc ajp vha ali
adv acoo = epw chq
adw = aasb zlo
adx acoo acop = vdo
ady = aamp wog zwq
adz acoq acop acoo = aayk lsa
aea acoo acop = hbf yne ppx
aeb acoo acop = xgg ouy ezg kak jxe
aec acoo = oif
aed = ykq
aee acop acoq acoo = mep pfp aalm
aef acoo = qrg
aeg acoo = yw
aeh = ues
aei acoo = kso
aej = xpg
aek acoo = yhv
ael acop acoo = hys ml jmf lnz
aem acop acoo = row aqv
aen = khz xah mby zmp
aeo acoo acop = erh
aep acop acoq acoo = nsi acbi
aeq acoo = yyv
aer acoo acoq acop = yzo
aes acoo = aqt igf
aet acoo acop = mgn
aeu = crl znc
aev acoo = aqi juu dfp ibm ljf
aew acoq acop acoo = zng
aex acoo acop acoq = dif
aey acoo acoq acop = gzx
aez acoo = edu
afa acoo acop = eer (pqt abeh)
afb = xtj
afc acoo = yem (jj obh)
afd = oye
afe = ikv nhk xbq
aff = oow
afg = aabm nmh
afh acop acoq acoo = mjw tkg qzy
afi acoo = cpc
afj = rsf
afk acoo acoq acop = oxy
afl acoo = gxm
afm = oij
afn acoo acop acoq = sqt
afo acoo acoq acop = hxd
afp acoo = nhu vgv
afq acoo acop = dut lfz pnl cxd
afr = aacy yh udm
afs acoo acop = qxn gyp pny qtw
aft acoo = uua
afu acoo = xce bft
afv = lvo amt qyh
afw acoo acoq acop = ihh zrz
afx = abgx
afy acoo = jtf
afz acoo acoq acop = eqs
aga = fss wkm
agb = acii
agc acoo acoq acop = yas okz
agd acoo acoq acop = fvu
age acoo = imq brs
agf acoo = omk accm
agg = epy
agh acoo = kyz rzu acbg
agi acoo = jlh ntq tae
agj acoq acoo acop = pyt yzo aaet
agk acop acoo = abek dfw xrk
agl = aaet
agm acoo acoq acop = ksr
agn acop acoo = uli vev uxn
ago acoo acop = kyy nvt isz
agp acop acoo acoq = umy
agq acoo = adk ggm gyj
agr = zhz
ags acoo = ywa
agt acoq acoo acop = yjp
agu acop acoo = aagn
agv acoo = acmo ukn abhy
agw = ovr
agx acoo acop acoq = isw (puk ii)
agy acop acoo = qoj aaxq
agz acoq acop acoo = zzh
aha acoo = pkq egp
ahb acop acoq acoo = wtw
ahc acop acoo = piu lx
ahd acoo acop acoq = nvr wyh znp
ahe acoo = gcc
ahf acop acoo = uxz
ahg acoo acop = amq llx
ahh acoo = flp
ahi = mrn
ahj = abqa
ahk = icd
ahl acoo acop = rdz aahb
ahm = ytm sqk aceu
ahn acoo acoq acop = rmr
aho acoo acop = aar
ahp acoo acop acoq = emt
ahq acoo acop acoq = lfs
ahr = jdz
ahs acop acoo = nzi
aht acop acoo acoq = kbe
ahu acoo acoq acop = ozp
ahv = f psy bpt tn
ahw acoo = fyi
ahx acoo = kbz lgz fqs
ahy acoo = rle
ahz acoq acoo acop = scz ufr
aia = dfx
aib = edn
aic acoq acoo acop = jk
aid acoo acop = xle
aie acoo acoq acop = smr qhp
aif = bmy odz
aig = izj
aih acop acoq acoo = kme
aii = acw ems
aij acop acoo = uom xrq
aik = bxx
ail acop acoo = hcq
aim acoo = zag
ain = oxf
aio acoo = nvj qqp
aip acoo acoq acop = zdn
aiq acoo acop = ysy mxy ecr
air acop acoo = sxj bfq nrl
ais acoo acop = rvg dwm
ait = ric
aiu acoo acop = gmk
aiv acop acoo acoq = mnh
aiw acoo acop = oaw bfb jdb vio xcz
aix = rxt rqa rlc
aiy acoo = ao hxv abwn
aiz acop acoq acoo = kvn
aja acoo = ggs
ajb acop acoo = jce
ajc acoo = tfq ihj
ajd acoo = tud
aje acoq acop acoo = jsw
ajf = xfl ocy bot
ajg acop acoo = vzv (pmf xsy)
ajh = acal
aji acop acoo = aj
ajj acoq acop acoo = uqx
ajk acoo = cun
ajl acoo = ues aarz wpi djz
ajm acoq acoo acop = gy kqn
ajn acoo = idk axa (fjh blk)
ajo acop acoo = gne
ajp acoo acop acoq = fql
ajq acoo acoq acop = xsd
ajr acop acoo = jcf
ajs acop acoq acoo = rlf ilz wzy
ajt acop acoo acoq = ogb ths
aju acop acoo = an
ajv = qlo
ajw acoq acop acoo = tbd fmk
ajx acoq acop acoo = msh dfk exs
ajy acop acoo = wgc
ajz acoo = uvc pko qrg
aka acoo = ed (nkb ekt) pfw
akb acop acoo acoq = ytn iso kep tvd
akc acoo = aaaw ste
akd acoo acop = tpg
ake acop acoo acoq = ekd ztx
akf acop acoo = pir
akg = ben
akh acop acoo acoq = ackf ljy nay
aki acoo acop = lze gas
akj acoo = lxh
akk = hfp jcr eqf
akl acoo = vfv
akm acoo = rhx
akn acoo = psn qfb
ako = abbt arw eqz up
akp acop acoo acoq = rio nwx
akq acop acoq acoo = vmp eyn
akr acoo acop acoq = gof abdb
aks = yux kre qxx
akt acoo = alr
aku acoo acoq acop = xty
akv acoo acop = jzb
akw acoo acop = ayb
akx acoo acop = pto
aky acoo acop = aaxs
akz = qag pbf qrv
ala acop acoo = oio mmg xmn tzi zjs
alb acoo acop = tkc
alc acoo acop = qzh
ald acoo = fen
ale acoo acop = gkr
alf = veh qxz
alg acoo = rym
alh acoo acoq acop = vgu qiv abhq (okt qnk)
ali = bwv
alj = ivq
alk acoo acop acoq = nul
all acoo = wjk
alm acop acoo = pbz
aln acoo acop = bnx ayx
alo acoo = hx fdn
alp acoo = zhy
alq acop acoo = hpt tke xya uyu
alr acoo = mgq eiw awv
als acop acoo = ghv jlt fvc wgo
alt = vzk
alu acop acoo = axh
alv acoo = swd wiy jyu
alw acop acoo = blf
alx = aaza
aly acop acoo acoq = cz
alz acoo = pnx gks
ama acoq acop acoo = wnu jjq zda gad
amb acoq acoo acop = qrr
amc acoo acop = qrg
amd acoo acop = nbt pph
ame acoo acop = ulc
amf acoq acoo acop = cvn
amg acoo = aqh (gpb sar ezz)
amh = bht
ami acoo acop = ujb fqh nte
amj acoq acop acoo = qtv lgj ptx
amk acoo = czr bba
aml acoo = lqs
amm acoo acop = duk
amn = aasb
amo acoq acoo acop = luj yid accr
amp acoo = kvd
amq acoo acoq acop = ump
amr acoo = kmo jpg
ams acoo = tve cgi hqd
amt = qfy
amu = xlk exp abaz
amv acoo acop acoq = ofc
amw acoq acoo acop = xok
amx acoo = acla ook
amy acoo = ylb vll
amz = jlg tue
ana acoo = aard qis shy (cay aapb)
anb = gvo
anc acop acoo = tki
and = wjq
ane = sof
anf acop acoo = cup
ang acoo acop = aapb (xsz ryh)
anh = iip
ani acop acoo = hpf
anj acoq acoo acop = nxj xma
ank acop acoq acoo = ably
anl acoo acop = zax sbp
anm acoo acop = nzx
ann acoo = twh
ano acoo acop = ous
anp acop acoo = kxq
anq acoo = fry
anr acop acoo = zfe txn agx nci
ans = wen
ant acoo acop = zxb
anu = opc atz xeu aciz
anv = xbz
anw acop acoo = lvc
anx acop acoo = pdo
any acop acoo = dbm kbh
anz acoo = kvq jnf fxx
aoa acoo = ujr lmb
aob acop acoo = bym
aoc acoo = gns evu
aod = abhd yef dac cuc
aoe acoo = xpl xuj
aof = sek cxh odq svx
aog = tdd edb uwt
aoh acoo = abu
aoi = oxb accg
aoj acoo acop = lbf
aok acop acoq acoo = hxl lnp wtm
aol acop acoo = bcv
aom acoo acop acoq = prh lpj
aon acoo acoq acop = xe
aoo acoo acop = sei
aop = qox aazr
aoq acoo = fjb
aor acop acoo = sjo hai
aos acoo = tfp kju
aot acop acoo = yot
aou = lny
aov acoo acoq acop = ndm piq dzi tcw
aow = xqg tjo abnf wdl
aox acoo = dvn
aoy acoo = fav
aoz = vuj cxb
apa acoo = ane
apb acoo acop acoq = rtq
apc acop acoo = hhs gik
apd acop acoo = irk
ape = ebk xdu uev
apf acop acoo acoq = iai qhg bme
apg = jvi zee svv amx
aph acoq acop acoo = pcq aack lof
api acop acoo = cju
apj acoq acop acoo = abxy
apk = euo
apl acoo = exg
apm acop acoo = usp
apn acoo = fml
apo = psh spe hfk
app = aayp
apq acoo acop = iqn ltg
apr = lov
aps acoo = bir
apt = ukn (rca arl aaaj)
apu = teu aclh jlt
apv acoo acop = blf
apw acoo = fdh kas ssm
apx acoo acop = ljd
apy acop acoo = njh wet
apz acop acoo = mn ecd ywn
aqa acoo = ohv wks
aqb acoo = tyz
aqc acoq acoo acop = aaiw vlt yna ied
aqd acoo = kjn
aqe acop acoo = ted
aqf = wuy
aqg acoo acop = wpm sth ilu
aqh = abkf hyg rsn
aqi = leu
aqj acop acoo = ttb siv djn ablw
aqk acoq acop acoo = zra mkt
aql acop acoq acoo = zrr
aqm = ztz yme
aqn acop acoo = ixx nxw wen
aqo acoo = bhi
aqp acop acoo acoq = pxi
aqq acoo = iyu
aqr acop acoo = sni
aqs acop acoo = aaib
aqt acoo acop acoq = qcj bdj zhc kdo
aqu acoo acop acoq = aasf utf pli
aqv acoo acop acoq = az
aqw acoo acop = yxc png
aqx = ohq
aqy = acah
aqz acoo acop = waj gyr gdw
ara acoo = qfr
arb = abht
arc acoo acop = mdg tzu wiw aals
ard acop acoo = abn
are acop acoo = sph xwz isd tiw
arf acoo = aahn dsi uiq
arg acoo = aawv fwy lge
arh acoo acop = oos
ari = xgi
arj acoo = gyh
ark = bpq
arl acoo acop = ulg
arm = acob
arn acoo acoq acop = jqo
aro = tbd pnv
arp = qwx erw
arq acoo acop = zdv
arr acoo acop = ifs
ars acop acoq acoo = qtx ack svm tdc
art = zod sna yvo iwn
aru acoo = abbo
arv acoo acop = xbs
arw = khu aazg
arx acop acoo = wri
ary acoo acop acoq = qkc hvn
arz acop acoo acoq = abvb ort abpl
asa acoo = hgz
asb = rvi
asc acoo = igz
asd = gbk jrn hau
ase = ebv
asf = thz
asg = txy
ash = upo
asi acoq acoo acop = sgr
asj acop acoo = kvg
ask acoo acop acoq = hbk
asl = fo
asm acop acoo = vnt bgv
asn acoo = dot
aso acoo acoq acop = ula
asp acoq acop acoo = mbw hkt
asq acoo = uzq hlg abjn wcs
asr acop acoo = gzw
ass = aaqo
ast acoo = aoi
asu = ree
asv acoo acoq acop = zuq uyy byk
asw acoq acop acoo = edc
asx acop acoo = qok nrd
asy acoo = bve
asz acoo acop = nfk ocq zro
ata acop acoo acoq = eeq lqa vwj
atb acoo = qys ei
atc acoq acop acoo = gy
atd acop acoq acoo = odo abic tuj slq
ate = jkq
atf acoo acop = lmi
atg = qut acgt rjw
ath acop acoq acoo = npv
ati = qfe
atj acoo acop = mrp acnv
atk acoo = lmq rck
atl acoq acoo acop = tbw
atm = djb
atn acoo = cmu
ato acoo acop = cny exa pxe orz
atp = kpe
atq acoo = xup
atr = lws
ats acoo acoq acop = lzv ipu
att acoo acop = orl
atu = iae
atv acoo = cxy ofb
atw acop acoq acoo = nus
atx acoo acoq acop = jin
aty acop acoo acoq = dcm sjs aawp
atz acoo = wvm xrm xyq cyu vyy
aua acoo = bne (htm szj cjp)
aub = pzq
auc acoo acop = iae ibj
aud acoo = abyd sdh
aue = pad
auf = osn
aug acoq acoo acop = urh ocz
auh acoo = qom
aui acoo = qwz bzp
auj acoo acoq acop = fjs lqq (jbq abxk)
auk acoo acop = mko tfg
aul = ogz
aum = niy dl gjf
aun acoo = wlk fbn
auo acoo = vgf fey kie
aup = rxl rbz maa vqk
auq = gm
aur acoo = aop
aus = hsk
aut acoq acop acoo = rqr
auu acoo acop = ebn
auv acoo acop acoq = aasj
auw acoo acop = fdj
aux = lpg
auy = fwh
auz acoq acop acoo = nat udl
ava acop acoo = zja
avb acoo = bzr euh fuz aaoj swl
avc acoo acop = ovj hvh abyq
avd = fmd zwb ysq
ave acoq acoo acop = ehj
avf = aaoq lmp wgm
avg acoo = abz xxf czf
avh acoo = i
avi acoo acop = llg
avj acoo acop = mrw
avk = two
avl = eqo
avm acoo acoq acop = xtz rty
avn acoo = lzs
avo acoo acop = gva enl ruj
avp acop acoo = xya
avq acoo = bph
avr acoo acop = aazk
avs acoo acop = aasa lml cga
avt acoo = eyy
avu acoo = fvp ntt
avv = kub
avw = vhb dlf
avx acoo = tpu te aao aboc
avy acoo = jln
avz acoq acop acoo = gph (gfw cks rnm)
awa acoq acoo acop = gp hpv tmr
awb = amh
awc acoo = aafx
awd acoo = rct
awe acoo = cbk vjx
awf acoo = csh sye kec xtn
awg acoo acop acoq = qvm
awh = flo
awi acoq acop acoo = dds
awj acoo = fuo
awk acoo = uin ybn cxe
awl acoo = cfg jxy zjt
awm acoo = oto ngy
awn acoo = bsa tog iqv eqh
awo acoo = vca ucs gpf
awp acoo acop = hgg
awq = vrm
awr acoo = nlp
aws acop acoq acoo = ixq
awt acoo acop acoq = juw
awu = xbu acbz jsl
awv = rvy
aww acop acoq acoo = zli xji abam czj
awx acoq acoo acop = ehj ngt
awy acoo = duf
awz acoo = rsb
axa acop acoo acoq = nvd (oq jzz)
axb acoq acop acoo = xqt wfq
axc acoo = xqh
axd = clk exo
axe acoo = yxd
axf acoo acop = zjw
axg = qlh
axh acoo = vxy bza wsp
axi = pki qyw
axj acoo acoq acop = kiz anv
axk acoo = aclz
axl acop acoo = caj dxv ieb ejw
axm acoo = ais
axn acoo acop = cpc
axo acop acoo = nme
axp acoo acop acoq = aars
axq = abqt giu god
axr acop acoo = snz umc zdv
axs acoo acop = ulq tjn pd lxz sbx
axt = acfr
axu acoo = brg
axv acoq acop acoo = ocb
axw = acem pme
axx acop acoo = fcs grm
axy acoo = aall hbu ycq dst ioj
axz = nrc
aya acoo = vro
ayb acop acoq acoo = yrr
ayc acoo acop = nrf
ayd acoo = vwe
aye acoo = jbw itu
ayf acoo acop = kjh
ayg acoo = csq yjp wwh
ayh acop acoq acoo = dew
ayi acoq acoo acop = cwg
ayj acoo = rqe
ayk acop acoo = nrr jzy
ayl acoo = qbg rlv aahf
aym = rvi
ayn = bhb axd dwf cgb jyl
ayo acop acoo acoq = jot
ayp acoo = ftm cvx fez aawp
ayq acoq acop acoo = ydi
ayr = obs (fyy je ng abtq)
ays acoo = mtu
ayt acoo acop = es
ayu acoo = ivc jwo
ayv acop acoo = zba
ayw acoo = vgk fmg cr
ayx = txp tbd hsg xho
ayy = jcx
ayz acoo acop = bam ncl
aza acop acoo = yml
azb acoo = qhf
azc acoo = oks (jjq bre)
azd acoo = aaat shd rsx
aze = ric
azf = pz
azg acoo acop = jzg
azh = ult
azi acoo = owb put
azj acop acoo = qhd vqr
azk acoq acoo acop = ihx
azl acoo = dxo
azm acoo acop = rrv xh
azn = dgh
azo acop acoo = ogg
azp acoo acop = xnz tgz pbl
azq acoo = wpx
azr acoq acop acoo = tcy ipj qrq pbt gen
azs acoo = zip kjr
azt acop acoq acoo = tvh ehw khq
azu acoo = yze os
azv acoo acop = vwc (zdf vwv)
azw acoo acop = jla
azx acoo acop = wcq
azy acop acoo acoq = ma ipc aaqx ror krc
azz acoo = dwb
baa = ygo lpc
bab acoo = t miq emj rwk
bac acop acoo = zqr
bad acoo acoq acop = yak vme
bae acop acoo = ksv
baf acoq acoo acop = pvk bql wty kxl hym
bag = ulk
bah acop acoo acoq = sqb vqo
bai acop acoo = seb dut
baj acoo acop = ccq (yfr xrg)
bak acoq acop acoo = abwg
bal acop acoo acoq = siu (qkg rsg) pqn
bam = oja
ban = uqr jfi
bao acoo = cxa abyu acle zaw
bap acoo = kcn
baq acop acoo acoq = hwx
bar acop acoo = sxi
bas acoo = ttl
bat acoo acop = qyc sqy
bau acoo = kvl
bav = ukk
baw acoo acop acoq = tyf
bax acoo = nvy nbn lot hhq czr
bay acoq acop acoo = wxw qvi aiz kca
baz acoo acop acoq = njl pvx acdb
bba acoq acoo acop = qns
bbb acop acoo = jag azt eyg
bbc acop acoo acoq = jif
bbd acoo acoq acop = lrc qjo
bbe acoo acoq acop = fac orx
bbf acoo acop = viv
bbg acoq acop acoo = vth
bbh = kww mqm rdk
bbi = cfs swx rjk vuk lqx
bbj acoq acoo acop = acfi wxm
bbk = lva grj
bbl acop acoo acoq = aacf vup
bbm = cpn
bbn acoo acoq acop = rzx lva obj
bbo = lux tyl (tpy ipd)
bbp = dzu
bbq = xdn
bbr acop acoo = uow ywa jvz liq
bbs = jpz
bbt = jea (egl kkb)
bbu acoq acop acoo = glz
bbv = jvp
bbw acop acoo = hkq
bbx acop acoq acoo = ioa tie aaio jbg
bby acoo acop = hcu nzk
bbz acoo acoq acop = gbn gwy azd
bca acoo acop = wuw
bcb = tvv tbo
bcc acoo acop = xrp bxg qjo bdq vqf
bcd acoo acop = rnd qmb ksi
bce acoo = aavg (gyx tvl)
bcf acoq acoo acop = ohu
bcg acoo = abb
bch = vzu
bci acoo acoq acop = bey
bcj acoo acoq acop = mnk
bck = ojv
bcl acop acoo = ovc
bcm acoo acop = eck
bcn acop acoq acoo = xfg for
bco = yd
bcp acoo = qyc
bcq = jy dpo hmw qgi
bcr = aazr vvi
bcs = acdj
bct acoo = vhj
bcu = oyd (kcm dbq)
bcv = bes
bcw acoo = ynv
bcx = gpn
bcy acop acoo = adl lry
bcz acoo = cej
bda = iwe
bdb acoo = iws
bdc = kwg
bdd = atb
bde acoo acoq acop = ybd ffv exj
bdf acoo = voo
bdg acoq acop acoo = abgn
bdh acoo acop acoq = zcd
bdi = abfy spt dpy dlu
bdj acoo acop = lvu
bdk = dny fyn
bdl acoo acop acoq = bj qvq
bdm acoo acop = jju
bdn acoq acoo acop = trg
bdo acop acoo = srp
bdp = xcb
bdq = ysy
bdr acop acoo = rzw
bds = pmp
bdt acoo = cea
bdu acoo acop acoq = rwk
bdv acoq acop acoo = nwj qij
bdw = wjm mha
bdx acoo acop = ony
bdy = poh emq kzm
bdz acop acoq acoo = awr
bea = yck
beb = qgw kdg
bec acoo = lqg
bed acoq acoo acop = rib aazi
bee acop acoq acoo = nsg
bef = wtf hrs
beg acoo = yns
beh acoo acoq acop = nrb
bei = zeb
bej acoq acop acoo = idk
bek acoq acoo acop = mfr
bel acoo = qbc
bem acoo acop = yrq hxp jph
ben = okt
beo acop acoo = dcf
bep acoo = zqp
beq acoq acop acoo = gmd wel fgf
ber acop acoo acoq = edp tlq
bes acoo acop = ekz
bet acoo acoq acop = ra uou
beu acop acoo = ytn
bev acoo acop acoq = xwr aio acal
bew = cf
bex = gam
bey acop acoq acoo = aafx
bez acop acoo = utq gmq
bfa acop acoo = klw vev
bfb acop acoo acoq = xdl uks dab
bfc acoo = bue aaqi qyn px
bfd acoo acoq acop = aaqz
bfe acoo = wdc
bff acoo = oee qvu cos jof kut
bfg acoq acoo acop = gjh
bfh acop acoq acoo = ipr fop hdu
bfi acop acoo = rvu
bfj acoo acop acoq = aakt
bfk = vbo lhp
bfl acop acoo acoq = fnw
bfm acoo = tgi
bfn acoo acop = btc ije mr
bfo acop acoo = dma gjv
bfp acop acoo acoq = maf
bfq acoq acoo acop = acaa
bfr acoo acop = zim
bfs = pej sqj
bft = nvu
bfu acoo = zaj
bfv acoo = wtd
bfw = cin cvo
bfx acoo acop acoq = ydi sql
bfy acop acoo = wjb txw
bfz acoo acop = lpa rgb bji
bga = cij mux (uzd ycc)
bgb acoo acop = vhk bwu
bgc acop acoo = xnm
bgd acoo acop = fmn xlz gyb
bge acop acoq acoo = nxy wil pkm aakx
bgf = ciy mgb bzm
bgg acoq acop acoo = abed mjk
bgh acoq acop acoo = tnm apb
bgi acoo acop = eym
bgj acoo = slz
bgk acoo = srr
bgl = qna
bgm = wps
bgn acoo acop = dqv
bgo acoo = qfj esh
bgp acoq acop acoo = tgf
bgq = bsg
bgr acop acoo acoq = mwl
bgs acoo = llw brk
bgt acoo acoq acop = ywu ably rkj
bgu acoo acop = dxm qvy
bgv = jwh jeo bfe cen ugs
bgw = rgg fnk ihy agg vyt
bgx acoo acop = geu nxh
bgy acoo = ate
bgz acoo = gkm
bha acoo = faa (io nuu)
bhb acoo acop = uya
bhc = dul
bhd = wqn rkp pzp abax
bhe acoo = qlu
bhf acop acoo = ihr
bhg acop acoo = bwe
bhh acoo = psm ugx ztq oam
bhi acop acoo = mam
bhj acoo = ilt hol
bhk acop acoo = ouz
bhl acop acoo = wrp noh spm
bhm acop acoo = glc isb ahn
bhn = wuu
bho acop acoq acoo = ryb uku dbd
bhp acoo acop = bsc
bhq acoo acop = boz
bhr acop acoo = ikd
bhs acoo acoq acop = tzn lco
bht = tfi
bhu acoo = ksv
bhv acoo = oql
bhw acoo = aof abra lcq
bhx = knf gxe gzy yen dbg
bhy acoo acop acoq = wur
bhz acoq acoo acop = wgz
bia acop acoo = uyo acnx vbi aavd
bib acop acoq acoo = tdo
bic = aaoq
bid = tkf unx
bie acoo = bsy (ama vrk)
bif acoo acop = kmi ohm jzq
big = xb
bih = abkh oyz
bii acop acoo = vug
bij acop acoo = aal kfg
bik acop acoo = nkt
bil acoo = kbt (abqh buh)
bim acoo = egm
bin acoo = lgf
bio acoo = abbr eeu
bip acoo acoq acop = vma
biq acoo = itk
bir acoo = mpr
bis acoo = noo
bit acoo acop = avy dp rgc osg
biu acoo acop acoq = nsx ydu
biv acoq acoo acop = pbo
biw acoo = swg (xjt qvh znk)
bix acoo = vep
biy = wut
biz acoo = pxb
bja = nit
bjb acoo = bfs
bjc acop acoq acoo = yew
bjd acoo = fyh
bje acoo acop = vtt xko
bjf = dxw
bjg = fpj ia
bjh acoo acoq acop = zy xt
bji = nam (qit acfi)
bjj acoo acop = vzo dth
bjk acoo acop = otv
bjl acoo acop = qjg
bjm = aadq okr abqk
bjn acop acoq acoo = prd snn cya gvo
bjo = wsp
bjp acop acoo = duj els
bjq = kwy urn rmb
bjr acoo = igp
bjs acoo = yy
bjt acop acoo = axx
bju acoo acop = aya
bjv acoo acoq acop = xex jel sgg nkr
bjw acoo acop acoq = fdq
bjx = abuf aajo ppf wqn prt
bjy acoo acop = yvi
bjz acoo acop = zpi cjd mdu lam
bka acoq acop acoo = gmv
bkb acoq acop acoo = gwc
bkc = xpo
bkd = znh kcm fmy
bke acoo acoq acop = jns
bkf acoo = xxn izq
bkg acoo = uxs ail
bkh acop acoo = inh nxl djy jzu
bki acop acoo = oce
bkj = gll pdd lvh
bkk acoo = oyo
bkl acoo = frj
bkm = tmw
bkn acoo = lqy zpy uzv
bko acoo = lkn jiq
bkp acoo = iqw nkm
bkq = vhb eik pds
bkr = gbk
bks acoo = zyz lup
bkt acoo = fgo
bku acoo acop acoq = qdx
bkv acop acoq acoo = kyl
bkw = tty
bkx acoo acop = abpa fzx
bky = jyj
bkz acoo = blo
bla acop acoo acoq = rig
blb = xmb
blc acoo = rky
bld acoo acoq acop = kdt gdy abom
ble acop acoo = jxf ykx pzp
blf = p
blg acoo = ymt
blh acoo acoq acop = osd
bli = abdm
blj acoo = dtu
blk acoo = iel dle
bll acop acoo acoq = vjs
blm acoo = jqt
bln acoq acop acoo = frt
blo acoo = cih (xve vnp)
blp acop acoo = rme apo
blq acop acoo = cka
blr acoo = daq
bls acoq acoo acop = dbi
blt = xcf
blu = aaqz
blv acop acoo = xri qva ett
blw acoo acop = nvo
blx = ucb
bly acop acoo acoq = rrf
blz acop acoo = qjp mif fmt nuw
bma = kle
bmb = kep
bmc acoo = krt sis yph
bmd acoo acop = rpw
bme acop acoo = hwl sgp zjq ibv tjy
bmf acoo = nyp tps
bmg = exz
bmh = evi dyh
bmi = abo
bmj acoo acop acoq = dnh
bmk acoo = jtp
bml acoq acop acoo = ckj
bmm acoo = uqe
bmn acop acoo = nby abvv
bmo = pxn
bmp acoo = abux (xnq pij xvz wre)
bmq = dxd
bmr = esr dfa
bms = oah
bmt acoo acop = rjw zsv bli tbw
bmu = ojl
bmv acoq acoo acop = ugz (afn wms tgk)
bmw acoo = aao urs acmf
bmx acoo = sgb unf
bmy acoo = fqv
bmz acop acoo = pey kqv ztu srd
bna acop acoo = aaxv
bnb = aali gan
bnc acoo = aqi vai
bnd acoo acoq acop = kbq rlb
bne = ljd (iiy vdt)
bnf = qlz xwm aew
bng acoo acoq acop = pdp
bnh = jiz vdl elg
bni acop acoo = guz ama
bnj = gmt
bnk acop acoo = ofa
bnl acoo = wmg
bnm acoo = poh mow aals zkt
bnn acoo = dqp
bno = lzj waf rwy
bnp = anq gbd nsb iiv
bnq acoo acop acoq = oei
bnr = jah
bns = atg wbj
bnt = hkx
bnu = jtp lov
bnv acoq acop acoo = dqe pfo
bnw = tur rey
bnx = hqr
bny acop acoo = aaog
bnz acoq acop acoo = lpt
boa acoq acoo acop = pr
bob acoq acoo acop = lqt xjk ykp
boc acop acoo acoq = abhk
bod acoo = hvm vfn
boe acoo acop = aaoo ctd kdw fqq
bof acoo = dta rdj oxf hox oke
bog acoo acoq acop = aats
boh acop acoo acoq = yje vtm
boi acoo acoq acop = jvk
boj acoq acop acoo = acgm
bok acoo = sij
bol = qco
bom = aahj
bon acoo acop = zua efd ndk gxq
boo = pnx cbu abgy eic kpo
bop acoo acop = nwj sbs upz
boq acop acoo = rtm
bor acoo = kgf
bos acoo acop = laq
bot acoq acoo acop = xrt cn jes
bou acoo = drf tjh
bov acoo = tcz
bow acoo = uoe
box acoo = rxo
boy acop acoo = tgy vvv
boz = aakh
bpa acoq acoo acop = utt
bpb acoo acoq acop = tue cme
bpc = vhf
bpd = yri
bpe acoq acop acoo = xzt
bpf acoo acop = qnk cwn
bpg acop acoo = nmn
bph = cuk
bpi acoo acop = aas ljh vzq ukh
bpj acoq acoo acop = xwl
bpk acoo = jqz
bpl acoo acop = vlj mrd
bpm acoo = wrp hjk (aawj rok)
bpn acoo acop = abkv
bpo acoo = ydf
bpp acoo = acaw oad lmk rvn
bpq acoo acoq acop = zi
bpr acoo acop acoq = hen
bps acoo acop = abnl
bpt acoo = aaie
bpu acoo = pxn bsz aaby zbi
bpv acoo = uey
bpw = abfw fwq
bpx = opz
bpy acop acoq acoo = hfv
bpz acop acoo = qzh
bqa = qie accm
bqb = hpw
bqc acop acoo acoq = khd gaq
bqd = hup
bqe = alw fyg aarj smi
bqf = aalc ttu
bqg = bry
bqh acop acoo acoq = skl jae
bqi acop acoo acoq = qkd
bqj acoo acop = fj
bqk acop acoq acoo = hqz
bql acoo acop acoq = owm
bqm = ond (oco ehw bpc)
bqn acop acoo = qrm zgy
bqo acop acoo = vp brz
bqp = wnp chd
bqq acop acoq acoo = kpo
bqr acoo acoq acop = agm
bqs acoo acop acoq = wcm
bqt acoo acop = uzv
bqu acop acoo acoq = evh
bqv acop acoo acoq = yvd
bqw = wd
bqx acoo = hjs aapu wrg ssc
bqy acoo acop = syn dra lxl
bqz acop acoo = qxd
bra = vkh kwx
brb acoq acoo acop = dln lwv
brc acop acoo = vbx mnh
brd acoo acop = hwn btz
bre acoo acop = isb
brf acop acoo acoq = sah
brg = tmq
brh acop acoo = krm qta
bri acoo acop = orq
brj = cwk
brk acoo = xn aaxg sel kog
brl acoq acoo acop = mgf (tos ujq yhd)
brm = vmp
brn acop acoo = yxo
bro acoq acop acoo = uew
brp = roy kme pip
brq = acbk
brr acop acoo acoq = sje abmk
brs acop acoq acoo = yxu
brt acoq acop acoo = gvl fqg
bru acop acoq acoo = vsy lep
brv acoo = eqs
brw acoo = swl iar hnw rrb
brx acop acoo acoq = esf
bry = ofl
brz acoo acop = vud
bsa = bym msz mut cou
bsb acoo acop = aq xtj eag
bsc = odh aair goa hah
bsd acoo = iuh aanb
bse = kyv
bsf acoq acoo acop = rza fuw lcq pxk
bsg acoo acoq acop = aauq
bsh = mhn xql abb
bsi acoo acop = kjr bjx
bsj acoo acop = lgb
bsk acoo acop = kbo
bsl = ndh
bsm = nzv
bsn = hih baq sld
bso acoo = ost
bsp acoo = vbi xdm pjn jkn vll
bsq acoo = oig
bsr = pdu mta
bss = cit
bst = myw ilj vnp
bsu acoo = eej wui
bsv acop acoq acoo = aant cig
bsw = gfp abvg
bsx acop acoq acoo = accz
bsy acoo = stx
bsz acop acoo = abt
bta acoo acop = omo
btb acoq acop acoo = rmb
btc = fqo rsc umm dbc
btd acoo = nko
bte = abpu bus abdo
btf acoo acop acoq = qgy zjk
btg = srt efi
bth = psc fdr uou vey pvp
bti = rlc
btj = cdd ahr
btk = aayg
btl acoq acoo acop = qis yqk pzc
btm = pka
btn = ygi
bto acoo acop = ozy (ivp bqi jds udl)
btp acoo acop acoq = bqy acoo bnx
btq acoo acop = fjb gav
btr acop acoo = mtg
bts acoo = xuh
btt acoo = aatr adu
btu = aju
btv acoo = tbo
btw acoq acoo acop = aaog csa
btx acoo = acnz
bty acoo acop = oyw nfi
btz = ypa zhy
bua = vzl
bub acoo = cpu
buc acop acoo = bw hyq
bud = idq ehz
bue acoo acoq acop = kja tfw
buf acoo = uah
bug acop acoo acoq = lis
buh acop acoo = aazg
bui acop acoo = aaka
buj acoo acoq acop = mn iyp sii vbc ane
buk acoo acop acoq = lfz
bul = aahx
bum acop acoo acoq = qis
bun acoo acop = tun aac (rxb fst)
buo acop acoq acoo = gtl
bup = uwl
buq = xob
bur = ofi dnb
bus acop acoo = xuj qpl zer
but acoo = oqo
buu acoo = hhu
buv acoo = nmc hcl fid
buw acoo = xnx
bux = ood vpn ziv
buy acop acoo acoq = yta
buz = yzr aom udd
bva acop acoo = pbt
bvb = pdw cck
bvc acoo = bvj pah
bvd acoq acoo acop = mlw
bve acoq acoo acop = lej
bvf acoq acop acoo = ygt acki
bvg acoo = ojw
bvh acoo = zsu
bvi = xjt rjr abrv
bvj = gre kyg kjl
bvk acoq acoo acop = nr abmi
bvl acoo = skx
bvm acop acoo = mdy
bvn acoq acoo acop = bnc
bvo acoo acoq acop = lcz fti
bvp = wot qit oli
bvq acoo = riw abw mbg
bvr acop acoo = kfl jlf
bvs = iuy
bvt = imo fpq abmu lwe nka
bvu acop acoo acoq = abji ohb aaud xsw hze
bvv acoo acop acoq = qce jai
bvw acoq acop acoo = rqi
bvx = sbq reg hrm
bvy = lof
bvz acop acoo = ghi
bwa = sss zke xtk
bwb acop acoo = qey ami lbs
bwc acoo = egk
bwd acoo acop = tsy
bwe acoo = fr tz vwd woo
bwf acoo acoq acop = gfr glc knw
bwg = jlj fdv edp
bwh acoo acop acoq = ggn aahu ykg
bwi acoo = gbu
bwj acoo acop = llx
bwk acoo = zoa nur
bwl = hco dos abja
bwm = sup cnk neb
bwn acoo = wow eza msr
bwo acoo = sjj cta com
bwp acoo acop = iiy
bwq = hri lnh vig ubs
bwr acop acoo = lkg giw
bws acoq acoo acop = mta acoo
bwt = ler
bwu acop acoo acoq = tzj
bwv = ozr wjm nmf hzg
bww acop acoo = axj
bwx acop acoo = fqf
bwy acoo = txh kou
bwz acoq acoo acop = lrd
bxa acoq acoo acop = qxh jcc evg
bxb = ywm
bxc = lha kmi nmi
bxd = gcn mut
bxe acoo acop = dnm
bxf = axb nyu
bxg acop acoo = hwt klr qqi hnk bbp
bxh acop acoo acoq = jrm nwm ucc kaj
bxi acop acoo = aza day bds niv
bxj = vng qyh qhv cuc
bxk acoo acoq acop = exl
bxl = anf
bxm acop acoo = kju nix yei afr
bxn = bzo
bxo = ojg
bxp acoo acoq acop = ujw
bxq acop acoo = ykd
bxr = tja
bxs acoq acop acoo = ykh
bxt acoq acop acoo = pyy xvk knl pfe fis
bxu acoo acop = rwv
bxv acoo = qjj acdo tqt
bxw acoo = wzh qje pby eat
bxx = egp sc
bxy = kwa
bxz acoo acop = ltk
bya acoo acop = pnd
byb = aaig hqz
byc acoo = aakn
byd acoo = sar
bye acoo acop acoq = joj
byf = brb aix pxe
byg acoq acop acoo = pfw eyh rvf aajo
byh acoo = ofr
byi acop acoo acoq = poc
byj acoo = ocu
byk = rkn
byl acoo = aart
bym = rdi
byn acoq acoo acop = zsa
byo acoo acoq acop = acnj
byp = qrz
byq = kjc kxj
byr = iib
bys = mom
byt acop acoo = zrn
byu acop acoo = acmw gat ydu
byv = abjm
byw = yhg
byx = ffm xsu qex wwr
byy = nlv pki wto (zba vqx)
byz acop acoo = djk
bza acop acoo acoq = aayj bdp fal
bzb acoo = piy dpz wlv
bzc acoo = aafo
bzd acoo acoq acop = acka aabc
bze acoo = wme acio env
bzf acoo = fxd swk
bzg acoq acop acoo = fbc mip cdw
bzh acoo = akp
bzi = dmu exp
bzj = oaj
bzk acoo = arz xmz
bzl acoo = pmz
bzm acop acoq acoo = abdu
bzn = cij
bzo acoo acop = hmp ist
bzp acoo acop acoq = abuh
bzq acoo = wji ncx jly umb
bzr acoq acop acoo = ablx zpq
bzs acoq acoo acop = coa qai
bzt acoq acop acoo = aamq opb
bzu acop acoo = xnf
bzv acoo acop = rld yym acfs
bzw acoo = wav qiz gpo mhg
bzx = ixu asq
bzy acop acoo = soo dqe
bzz acoo acop = kqx
caa = mqy xya qjh
cab acoo acop acoq = zwx dkz jo
cac acoo = ysx
cad = mps myy
cae acoo acop = oev tbk
caf = tkz
cag acoo acop acoq = uwv pk
cah = gya
cai acop acoo acoq = oiz jao wkz
caj acop acoo = gml xod
cak acoo acop = tir
cal = iok iwt igb gss
cam acoo = acoj
can acop acoo = sre lkr
cao acop acoo = wye
cap acoq acoo acop = cfj lom pop
caq = wnl
car acop acoo = vju dwn trt
cas = qzi mcm yru
cat acoq acop acoo = lcn fdl
cau = abhd ang hda
cav acoo acop = zyb
caw acop acoo = ozv rfj
cax acop acoo = kou ryz
cay = bwg nuc
caz acoo acop = wxm yfx abti jqo
cba = cbo
cbb acop acoo = hnl
cbc = oef imh ehl
cbd acop acoo acoq = ksq ujw aazq
cbe acop acoo = dlz cpl
cbf acoo = img
cbg acoo = zag pys
cbh = fkn
cbi acoo acop = qgf
cbj = afa
cbk acop acoo = lj
cbl = lg lze wnz krz
cbm acop acoo = lla
cbn acoo = zdx xj air
cbo = kej
cbp acoo = avq dsy ryr
cbq acop acoo = lyg ynl hdu yrd pyy
cbr acoo = jw
cbs = jzf
cbt = fof haz
cbu acoo acop = irg dlq aif
cbv acoo = oyo aaph
cbw acoo = eif
cbx = lda
cby acoo = drx qko
cbz = sac
cca acop acoo = inx
ccb acoo acop = qgs cwf
ccc acop acoo = fcg
ccd acoq acoo acop = tbf aaa mcm
cce acoo = abwv
ccf acoo = zid
ccg acoo = jpd
cch acoo = dyb
cci acoo = qsm
ccj acoo = abiq ukj aayd
cck acop acoq acoo = zmz dba re
ccl acoo = eho jds rtl
ccm acoo = quz
ccn acop acoo = bxe
cco = qhn
ccp acoo acop = kmr
ccq acoo acoq acop = xvz
ccr acoo acoq acop = dm hup
ccs acop acoo acoq = dou
cct acop acoo = qnx dyo
ccu acoo acoq acop = cxh pwc
ccv acoq acoo acop = mvd qhz dsh
ccw acoo acop = ksb
ccx acoo acop = nfa
ccy acoo = gcl rgu aawr
ccz acop acoo = vet
cda acoq acoo acop = hpi npi jzl abgi
cdb acop acoo = zzt
cdc acoo acop = tzj aast jbf
cdd = xmw
cde acoo acoq acop = csn mmy ehp vmn rnz
cdf acoo acop = abzn
cdg acoo acop acoq = ovd aaaf
cdh = dqq
cdi acoo acop acoq = aazr
cdj = jm qil
cdk = lis kjy
cdl acop acoo = ackj
cdm acoo acop acoq = abei ppk qet wvp qgc
cdn = aeg
cdo acoo = nje ifq ltg mhn vdo
cdp acoo = ruh akl
cdq = xvg kkv
cdr = pkb
cds acop acoo = pdz (sro px)
cdt acop acoo = mqq
cdu acoo acop = pwr
cdv acop acoo = dah achp
cdw acoo acop = lmt cyl
cdx = yt tun rrh
cdy acop acoo = esv
cdz acoo = hzt zif
cea acop acoo = ssp
ceb acoo acop = wwy
cec acoo acop = zcb jja
ced acoo = mfy dmu ktu (uwp ewb)
cee acop acoo = nhy
cef acoq acop acoo = abhc
ceg = ppm
ceh acop acoo = esh
cei acoo = qji
cej acop acoo acoq = fga
cek acoo = jaq uub
cel acoo = brg
cem acoo = sev tmi
cen acoo acoq acop = spx
ceo = ubd
cep acoo = lbg rfy
ceq acoo acoq acop = aoi
cer = xoz
ces = egq
cet = vze ljg abuj
ceu acoo = jta
cev acoo = klc
cew acoo = yqv
cex = zhy abrv
cey acoo = aapa
cez = nli
cfa acop acoq acoo = xwa
cfb acoo acop = aafo mm eau
cfc = kad
cfd acoo = tbj jhp
cfe acoo acop acoq = absi
cff acop acoo acoq = eqz h nev
cfg = obc dzr ioy ohs
cfh = acfi
cfi acoo acop = ivx tdz yro
cfj = uec
cfk = odf
cfl acop acoo = hda aaqb
cfm acoo acop = yux ulo aamg lrh
cfn acop acoo = acmz vxt vmh
cfo acoo acop = uir gm
cfp acoq acoo acop = aet
cfq acop acoq acoo = bsy
cfr acoo = aayk aazd
cfs = quu shy
cft acop acoq acoo = lls
cfu acoo acoq acop = xvc
cfv acoo acop = swv fze
cfw acoq acoo acop = jjz wsa
cfx acoo = zck
cfy = saz
cfz acoo = xiw dyz
cga = tsh rwu
cgb acoo acop = fvp
cgc acoo = iqw
cgd acop acoo = abzf
cge acoq acoo acop = llr yut oag
cgf acop acoo = emo
cgg acoq acop acoo = mic mmx ieh uao bhr
cgh acoq acop acoo = zcy qfe rjx xes
cgi acoo = gef hhf
cgj acoo acop acoq = pgo
cgk = txf
cgl acoo acop = nsi
cgm = zvm
cgn acoq acoo acop = cso hjw
cgo acoo = wkt wrz
cgp acoo = yvz dcn
cgq acoo acoq acop = byf
cgr acoo = dfh txf
cgs acop acoo acoq = fql
cgt = dks jit mmc jxv wuz
cgu acop acoo = vlo jtw km
cgv = ujo (rsz xnk jys)
cgw = rut
cgx acoq acop acoo = acha
cgy acoo = gka
cgz acop acoo = gfr
cha acop acoo = jok
chb acoo acop = yga jty dfm
chc = jsd
chd acoo = kwa
che acoo = bbd ued
chf = aari
chg acoo = wqw
chh acoo acoq acop = nyr (wou rkz)
chi acop acoo = ivf
chj acop acoq acoo = kdy aks
chk acoo acop acoq = qyl
chl acoo = ujz evo oeq
chm acop acoo = lnz puk
chn acoo acop = fvd
cho = rce
chp acoo = acok wqq
chq acop acoo = ve pfz
chr acoo acop = djx eqa dpq
chs = nvz
cht = mvy vpn arh
chu acoo acoq acop = wad aaeg cuh tkf jvq
chv acoo acoq acop = mdf aagp xf cnp
chw acoo acop = xwq prr ilv yiv
chx acop acoq acoo = amt
chy acop acoo = pkb aft
chz acoo = sgw
cia acop acoo = bxc qkj
cib = gxc mtf dov
cic acop acoo = hlg pkz
cid = aaza abaa
cie acoo acop = mds
cif acoo acop = yuf
cig acop acoo acoq = hms
cih = ivz seu aaam
cii acoo = fpd bkc
cij acoo acop = tgy xwg koq
cik acoo = wty
cil acop acoo = rxb
cim acoo acop = inz yse
cin acoo = uqf
cio = slw
cip acoo acop = rle uhc
ciq acoo acop = aaab sgg
cir = eew dhq
cis acoo = bhq (xxi mog vlb)
cit acoo acoq acop = cdr
ciu acop acoo = yaf
civ acoo acop = cai abtg
ciw acoo acop acoq = alk eoz iev
cix acop acoq acoo = gan
ciy acoo acoq acop = wwt
ciz = vtu
cja acoo acop = tfx
cjb acop acoq acoo = lad
cjc acoo acop = rso
cjd acoo = hth rnb tjm kbj
cje acoo acop acoq = dza
cjf acoo = ijl
cjg acoo acop = kei aru
cjh acoo = ozr ows rxc
cji acoq acoo acop = gkr
cjj = acde
cjk acop acoo acoq = pwb rjg
cjl = zff jnq
cjm acop acoq acoo = uon
cjn = tkz hos aaia
cjo = abka
cjp acoo = trf
cjq = lgx nrz qjr
cjr = aop
cjs acop acoo = oyy
cjt = moc
cju acop acoq acoo = oqi
cjv acop acoo = sku
cjw acop acoo acoq = pcy
cjx acop acoo = sbh wbx aclk
cjy acoq acop acoo = auh
cjz acoo acop acoq = adg
cka acoq acoo acop = oal
ckb acoo acop acoq = abus
ckc = kja
ckd acoo acop acoq = tqc
cke = fsk fev aasw ue
ckf = exh
ckg acoo acoq acop = mhi
ckh = sfx
cki acoo acop acoq = qso
ckj acop acoo acoq = xuf
ckk = wh
ckl = zlu
ckm = cry
ckn acoo = he
cko acoq acoo acop = vih yvx hjd
ckp acoo = luf
ckq = qun
ckr acoq acop acoo = mea
cks acoo = jjy (vwy sud cof)
ckt = reo ast oak
cku acop acoo = eja wvf wtz hom
ckv acoo acop = pze
ckw acoq acoo acop = bsp
ckx acoo = cks
cky = sum npo
ckz acoo = tmv
cla acoo = cte
clb acop acoo = accl aaez abtc
clc acoo acop = qkq tdv vfp atx
cld acop acoo = bwp (itt njh tev) vuy
cle = pga
clf acoo acoq acop = xwm
clg acop acoq acoo = swk
clh acoo = pjy kjo
cli acoq acop acoo = uwk dbp
clj acoo acoq acop = wgc roj tyv
clk acoo = nol
cll = acg
clm acoo acop = gpi (cvh obb)
cln acoo acop = tis
clo acoq acoo acop = mpy
clp acop acoo = gci cwr zut
clq = swi ed
clr = acby
cls = bkb bch bgc lxd rp
clt acoo = kyz fue
clu = cis cgr iyr ecm
clv acop acoo acoq = gfg
clw = lay
clx acoo = uya
cly = pkw plv ubc
clz acoq acoo acop = lql
cma acoo = zfy
cmb acoo = vdl
cmc = nvc
cmd acoo acop = kzy sps tby
cme acop acoo = tuj
cmf acop acoo = rbx
cmg acop acoo = nmm
cmh = jxb
cmi = nny kcz ahh hlb
cmj acoo acoq acop = cqm
cmk acoo = oyk
cml acoo acop = bmz qdw
cmm = syx
cmn acoo acop = gnb acdv vgv ghb
cmo acoo acop acoq = ujb
cmp acoo = ajq rja snt oxs
cmq = bhb
cmr acoq acop acoo = orq dts qir
cms acop acoo = kgb
cmt acoo acop = eom
cmu acoo = abto
cmv = jzf yl hdy wfd
cmw acop acoo = nmw aaqv
cmx acop acoo = jwe
cmy acop acoo = oyo
cmz = pwk qfh p
cna acoq acoo acop = yxr
cnb = cpz yfv
cnc acoo = xbu is ypr
cnd acop acoq acoo = aaff
cne = ttt zoe
cnf acoq acop acoo = mwf
cng acop acoo = abuy hvs abx
cnh acoq acop acoo = wkp
cni acop acoo = zts
cnj acop acoo = yze abog bdv
cnk acop acoo = akp isz crk
cnl acoo = buh mtm
cnm = pgo
cnn = mdf aafo
cno acop acoq acoo = erw ywf
cnp acop acoo = pis
cnq = sby edo
cnr acop acoq acoo = fss
cns = ocl cmz wmj sth aal
cnt = aawr
cnu = yeg hpj
cnv acoo = pdc vkx
cnw = mjw wvt moo mkw rbz
cnx acoq acoo acop = uao acdf fjg
cny = en fql
cnz acoo acoq acop = eyr
coa acoo = aaoa
cob = qoe
coc acoo acoq acop = int rdb lzi
cod acoo = ngy
coe acoo = aach
cof acoo = eww
cog acoo acop = tu
coh = qoz
coi acop acoq acoo = pxs tqe gqh
coj = wji xvf abow
cok acoq acop acoo = uvu acjp cit
col = zkh
com = qcj
con acoo = twu
coo = kfc
cop = ede
coq acoo acop = zun cgk
cor acoo acop = hhp
cos acop acoo = oib
cot acoo acop = oas
cou acop acoo = aapx
cov acoq acop acoo = otq
cow acoo = qsw
cox acoo acop = dnl lju
coy acoo = sul
coz = wsu
cpa acop acoo = ft kit gxg
cpb acop acoq acoo = nwx gej kck
cpc = mja
cpd acoo = abxm
cpe acoo = zzo bbo ywx aayo
cpf = bbb
cpg acoo = si vie
cph acop acoo = qov
cpi acop acoo = xdi
cpj acoo acop acoq = hag
cpk acoo acop = han
cpl acop acoo acoq = nxm acnt fxf
cpm acop acoo = yfj aazm emp hz
cpn = nza
cpo acop acoo = oaz siz uex xhe
cpp acop acoo = qxu
cpq acoo = bma yvn
cpr acoo acop = ulr
cps acoo acop acoq = fis
cpt = lad
cpu acoo acop = mkj
cpv acop acoq acoo = xje fvv
cpw acoo acop = wzs uqj vwf
cpx = abla
cpy acoo acoq acop = abox xzw gyo
cpz = yoe zwf
cqa acoo = skv jfj poe obu
cqb acop acoo = abup (olk mlu wyl)
cqc = mfn dtb
cqd = wfy oqo zjf
cqe = rms
cqf = ixr hzd
cqg = daw hdr kbu
cqh acop acoo = aaw qyd
cqi acop acoo = ltw
cqj acop acoo = vpz
cqk acoo = dfy jqt rdg
cql acop acoo acoq = apa (mrq mtf)
cqm acoo = ms
cqn acop acoo = tma mam kqf lw bcq
cqo acoo = yqc
cqp acoq acoo acop = sph dwo
cqq acop acoo = kqy ram
cqr = hqb aajy vqo
cqs acop acoo = czh qqo
cqt acoo = lft aati xhz
cqu = xyq pwl tjs
cqv = bgi
cqw acop acoo acoq = cek
cqx acoo = xht acea asl waq
cqy acoo acop acoq = nfq
cqz = abyo aur rpg
cra acoq acop acoo = dec
crb = bv
crc acoo = cht vow
crd acoo = xui aayn
cre acop acoo acoq = otm
crf acoo = nqj
crg = pzd
crh acoq acop acoo = vwk (enl pdr yps) lyf
cri acop acoo = kni (aqa aaxb)
crj acoo = aayr
crk acoo = cpt
crl acoo acop = qpv
crm acoo acop = kon
crn acoo acop = aaeh dur
cro acoq acop acoo = rpl
crp acoo = jtd
crq acoo = faq
crr acoo = xdu
crs acoq acop acoo = her emv
crt acop acoo = kya acjj
cru acoo acop = mry
crv acop acoq acoo = haj muz
crw acoo = zjp
crx acop acoo acoq = ejt
cry acoo = zlz (jgw hdy) vyt abrj
crz acoo = rix
csa = lyh nsz
csb acop acoo = clb vqt
csc acop acoo = aazz kis gzd abaa wlh
csd acoo acop acoq = lki hid
cse acop acoo = bzj hnt wqa
csf = vvq wnj
csg = qho
csh acoq acop acoo = vgn fcd lwv xsr
csi acoo = ukw hdv jbs
csj acoo = dqn sch ru udr
csk acoo = yht (ohw abws)
csl acoq acop acoo = eoh zwp (njd aage)
csm = dzz
csn acop acoo = aaai
cso acoo = hgn
csp acoo = hmd
csq = fkd
csr = yhb uav rz pvc
css acop acoo = wxj
cst acoo = nha
csu acoo acop acoq = ezc
csv acoo = qro yxh cmy
csw = hrl ixf hkv epl
csx acoo = gfi edf jwe
csy acoo = qfy
csz acoo acop = oqx
cta = mxt
ctb = xmj
ctc acoq acop acoo = wio azr
ctd acoo acop = mgp olv
cte acop acoo = jlu
ctf acoo = lxp
ctg acoo = pjk
cth acop acoo = zmo
cti acoo acop acoq = vnl
ctj acoo acoq acop = dkd
ctk acop acoo = lnf
ctl acoo acop = cph dhi nqo lxw
ctm = aoa gmv
ctn acoo = rwq
cto = uas
ctp acoo acop = meh
ctq acoo = dmj
ctr acoo = uzb
cts acoo acop = ume
ctt = acgn zhy yid eeu gab
ctu acoq acop acoo = lhe
ctv = tbl
ctw = pjp wij
ctx acoo = zhc vls cwb abqs
cty acoo = hru
ctz = psl
cua acoq acop acoo = eoo
cub = aaef
cuc acop acoo = xoc
cud = ds
cue acop acoo = aajo
cuf = rpz
cug acoo = xnq
cuh acop acoo = yif ktm vmo arw
cui = uxe rxl lan
cuj = pmg kvf
cuk acop acoo = qkp abhj mhy ewv
cul acop acoo = fqs
cum acoo acop acoq = bey
cun acoo = tvf
cuo = oaj
cup acoo = abj bre
cuq acop acoo acoq = osa wfm
cur acop acoo = kcp
cus = ksw em hfo jgd
cut acop acoo = unx tsl
cuu acoo acop acoq = jyy
cuv acoo = dxl
cuw = lxu
cux acoo = him
cuy acoo = fcn
cuz acop acoq acoo = kna rl ee
cva = pfu bf vsx
cvb acoo acop = pvs hui hek vi
cvc acoo = ydt xwv
cvd acoo acop = sfb
cve = ebm
cvf acoo = rd pnq wgz
cvg acoo = hov zil et ksn
cvh = wpi
cvi acoo acop = xez
cvj acop acoq acoo = syn gca tw ysk
cvk acop acoo = lpo tly
cvl acop acoo acoq = euw kgs
cvm acoo = acoo
cvn acoo acop = aii
cvo = ebh
cvp acoo acop = ac
cvq = czk
cvr acoq acoo acop = wcb
cvs = qru
cvt acoq acoo acop = qrr
cvu acoo = abtl gcy hpz fds qpr
cvv = nvm
cvw acoo acop = xbd ywq ucx
cvx acoo acop = wyr fqb pop
cvy acop acoo = nfz
cvz acoo = aig ste ehz
cwa acoq acop acoo = ueq zdq jki
cwb acoo acoq acop = acjq
cwc acoo = wwu
cwd acoo acop = nrq
cwe acoo = iku acjk
cwf acop acoo = aatj
cwg = qic buy (gta ajp kgq)
cwh = eah ucr
cwi = zjk
cwj acop acoo = tik
cwk acop acoo = ejr
cwl acop acoo = vlq
cwm = bkq
cwn acoo = xvz (s bbg pcl syk)
cwo = ryb
cwp acoo = ccf axj
cwq acoo acop = jjq arj qat
cwr acoo acop acoq = nwv
cws acoo = lhg jxf qgt
cwt acoo = pme dop
cwu = qv
cwv = wqk gic gxq abwg
cww acoo = yhq
cwx = ezn knu
cwy acop acoo acoq = qq
cwz acoo acoq acop = pgb
cxa acoo acop = opd pgx fti ufi
cxb = jqp
cxc acop acoo = abzd
cxd acop acoo = qly jvb eow
cxe acoo = aciy akg
cxf = ugk
cxg = cxi
cxh acop acoo = lst
cxi acop acoo = ypj
cxj acoo = kmn zdy xxy uyv
cxk acoo acoq acop = kaz
cxl acop acoo = qca
cxm acoo = zuu kgb dsu sho
cxn acop acoq acoo = jgj
cxo acoo = eta
cxp acoo acop = hat
cxq = rwl nho
cxr acoo = bpl
cxs acoq acoo acop = cze
cxt acoo = qzn
cxu acoo = klu
cxv acop acoo = xsx wvi
cxw acoo acop = ss jwv tfi
cxx acoo = oga lol hyk
cxy = hvc
cxz acoo acop = nyr vsq
cya acop acoo = sjz
cyb acoo = kmz uxo
cyc acoo acoq acop = idu deh ezc
cyd = yqf
cye acoo acop = mtd pdf
cyf acop acoo = jwn
cyg acoo = nsd
cyh = uyy
cyi acop acoo = xuy
cyj acoo = xod (aaat xqo dj)
cyk acop acoo = crw
cyl = zsq achm vn cmw xtb
cym = uue (mcz lei) hrx
cyn acoo acop = mqe wcs ijl
cyo = yvw
cyp acop acoq acoo = pec oem aawc
cyq acoq acop acoo = aagg
cyr = faa
cys acop acoo = qbo
cyt acop acoo = amd
cyu acoo acoq acop = uhh ouy suf
cyv = yzv
cyw acoo = bfu
cyx = yvg
cyy = gin
cyz acoo = zss
cza acoo = dnu
czb acop acoo = fox vtt nse (apo kd)
czc acop acoo = pl
czd acoo = ayg
cze acoo = nmh
czf acop acoo = cpu jeg
czg acoq acop acoo = jef
czh acoo acop acoq = vpo wty
czi = pss lys
czj = qwd jdh quj
czk acoo = aky
czl = pqw
czm acoo = owi
czn acoo = fon
czo = ukd cni
czp = rxy
czq acoo acop = wyr xoy fir
czr = kfh xox
czs acoo acop = ggo iml
czt acoo = abrq
czu = bxf
czv acoo = hyq xmj
czw acoo = fnj
czx = uor
czy acop acoq acoo = dua vjr
czz acop acoo = abru vle fpt ozq
daa acoo acop = kaw mpa
dab acoo = mrb
dac = fzo
dad = nnm has bzz
dae acoo = ysi
daf acoq acop acoo = cm
dag acoo = ablh ano
dah acoo = jpf
dai acop acoo acoq = aatv
daj acoo = brp iot zbb
dak acoo acoq acop = qor xfv onu
dal acoo = uef
dam acoo = foj wcy
dan acoo acop acoq = kfo (abak irt)
dao = ryv ofs vai
dap acop acoo = mud
daq = jec zov
dar acoo = cmf nsl
das = xug
dat acoq acop acoo = may qyn can
dau acoo = ugl wbl upa
dav acoo = lfg
daw acop acoo acoq = lsi
dax acop acoo = nmd
day acoo = kkw qev dxx
daz acoq acoo acop = dir
dba = ncu
dbb acoo acop = wdk
dbc = czh kqz hec qwz erc
dbd acoo acoq acop = jpy
dbe acoo acop = iaa
dbf = afy ylh euq
dbg acop acoo = uqw
dbh acoo acop = sgy yfv
dbi acoo acop = nqj
dbj acoo acop acoq = xty
dbk acoo acop = zqo
dbl acoo = mff njb
dbm acoo = abrb
dbn = vwk prn
dbo acoo = tbs
dbp acoo acoq acop = aclx kdb umi
dbq acoo acop = fyn
dbr acop acoo acoq = qwk yij hs
dbs = rym
dbt acoq acop acoo = erf
dbu = gjb aar
dbv acoo acop = aciv
dbw acoo = hfw
dbx acoo = ule acfd
dby = gkp laa thy nby
dbz acoo = abtb
dca acop acoo acoq = zh
dcb acoo acop acoq = bcn yrx
dcc acoo = wvu yqa
dcd acoo = pfo acnt con eqz
dce acop acoq acoo = gdl
dcf acoo acop = idl
dcg acoo = wuv
dch acoo = byl
dci acop acoo = hpe rur
dcj acoo acop acoq = sua
dck acop acoo = rqe ylu
dcl acoo = acmk (vzv gkt amd)
dcm acop acoo acoq = xhd
dcn acoo = jxd
dco acop acoo = mcs
dcp = ruf
dcq acoo acop = zc soq
dcr acop acoo = aaua hzt he sug
dcs acoo acoq acop = spd xni ehy
dct acop acoo = uyw ifg rmm
dcu acoo = alx
dcv = zjl hcy rav ggh
dcw acoo acoq acop = mvi
dcx acoo acop = rgi gcn fz
dcy acop acoo = jud
dcz acop acoo acoq = inq
dda acoo = xhr rwn
ddb acop acoo = fni aax
ddc acop acoo = zie
ddd acoo acoq acop = cez
dde acoq acop acoo = fwl wrk myx
ddf acop acoo acoq = vpj
ddg acoo = miy
ddh acoo = knq
ddi acoo = zig
ddj = ywp
ddk acoo acop = isq uhc jgt sdh hxa
ddl acoo acop = cdo
ddm acoo acop = kej jno
ddn acoo acop = wie yvv mjq vqq
ddo = fnb
ddp acoo acoq acop = uxe
ddq acoo acop acoq = zq fz
ddr acop acoo = iwe
dds = obd chj kth
ddt = bgx
ddu acop acoo = yxa
ddv acop acoo = aafh
ddw acoo = zis
ddx acop acoo = lcy
ddy = woy
ddz = wbq kah
dea acoo acop = okv onp mrx
deb acoo = hhs
dec acoo acop = isz
ded acop acoq acoo = mlf
dee acoq acoo acop = qop
def acoo = erf ai
deg acoo = zlu
deh acoo = sgd
dei acop acoq acoo = zzj qtf jea
dej acoo = cec
dek acoo = ee dfg otz rbp
del acoo acop = qxp
dem acop acoo = acnt
den = zuh
deo = qdg
dep acoo acop acoq = kjf
deq = gsa iti qov bnm
der acop acoo = kbc pvi
des acoq acop acoo = okj xph xty
det = hfk pdx
deu = aaxb tyi ofa hrw
dev acoo = tjs
dew acoo = jia bqg
dex = qqm dvu
dey acop acoq acoo = fyk kap imm jde
dez acoo acop = aaut
dfa acop acoo acoq = isz emd
dfb = qyo
dfc acoo acop = lwo rpw nsb
dfd = pxa
dfe acoq acop acoo = acf
dff acoo acop acoq = kse
dfg acoo acop = nyg
dfh acoo = hha (usg cce upj)
dfi acop acoo = pbu
dfj acoo acop = zhs efh bqc
dfk = aayk
dfl acoo acop = abqz
dfm = cs
dfn acop acoo acoq = mmn
dfo acop acoo = aacl
dfp acoo = wca
dfq acop acoo = bxp lzi
dfr acoq acop acoo = vmp
dfs acoo = wjm
dft acoo = lnq
dfu acoo acoq acop = odo
dfv acoo = qbw
dfw = rhl
dfx acoo acop acoq = gwh mtq pnc
dfy acop acoq acoo = tpg mpe xmk
dfz acoo acop = ztb dtk
dga acop acoo = jwi
dgb = urs
dgc acoo acop = ghw
dgd acoo = ydq
dge acoq acop acoo = yth lcz
dgf = clo
dgg acop acoo acoq = veb
dgh acoo acop acoq = czc
dgi acop acoo = vft
dgj = kna mou jwo
dgk acoo = zhn svy
dgl acop acoo = bko
dgm = lyt xlb
dgn acoo acop = chd
dgo = rlv syl
dgp acoo acop = pvt wyu
dgq acoo = vej
dgr acoo = xle
dgs acoo = mti bzi zcf nwk btw
dgt acoo = kdc
dgu = vok phq xjq
dgv acoo = dwg ord rvf
dgw acop acoo = uhu
dgx = abiu rfe
dgy = ybc oev abhe
dgz acoq acop acoo = wub
dha acoo = ixq pfg
dhb acoo acop acoq = jcf ngv
dhc acoo = uus twm
dhd acop acoo = ezr abng jts
dhe = zif
dhf acop acoo = xjd
dhg acoo = mzt xei (ulw xyw)
dhh acoq acoo acop = go kek aazo dxr
dhi acoo = ffe kcc kft aux
dhj acop acoo = qmh irl
dhk acop acoo = hpu hcx cpx
dhl acoo acop acoq = aabh abvx uzs mvj
dhm acoo = fps
dhn acoo = mtt
dho = kdp
dhp acop acoo = dqi kmb (acat dzf ego)
dhq acop acoo acoq = ega aaus
dhr acop acoo = dfk
dhs = rhh
dht acop acoo = tdj
dhu acoo = fqk
dhv = rtb
dhw acoo acoq acop = uwy
dhx acoo acop = aajl ggb wyn
dhy acoo = rhr jwq
dhz = jib evm
dia acop acoo = ldw lbq qfv
dib acop acoo = raf fey sez
dic = obd
did acop acoo = skb
die = mdv
dif = cez
dig acoo acop = lje ujb
dih acop acoo acoq = vdh
dii acop acoo acoq = tvj
dij = szi
dik acoo = wbz
dil acoq acoo acop = sib hyz ryf zsp
dim acop acoq acoo = olr pfh
din acoo = shb
dio acoq acop acoo = omh afq
dip acoo = wuu yar
diq acoo acop = pfk unl bal syn
dir acoq acop acoo = twu
dis acoo = ln cbk aatg
dit = fve
diu acoq acop acoo = ldr (hsl aaor qyx)
div acoo = dyd
diw acop acoo = xql
dix acoq acop acoo = tlj
diy acop acoo acoq = qif gyl mnk rug
diz acoo = nlk
dja = wur
djb acoo acop acoq = mgu
djc acoo acop = fdf
djd acoo acop = yah huv vul
dje acoo = ttq nna sfu
djf acoo acop acoq = aago
djg acop acoo = uuz
djh = ppk ckx
dji acoo = gku
djj = fhz
djk = tzt
djl acoo = euc
djm acoo acop = jim
djn acop acoo = njf
djo acop acoq acoo = qkw
djp = accx
djq = svv hoh vvx aasj xew
djr acoo = mbq
djs acop acoo = lzx
djt acoo = yyc
dju = guu
djv = hdr qlj
djw = rpu mtc izv ije
djx acoo = mqi
djy acop acoo = mti tob
djz acoo acop = jev hww
dka acop acoo acoq = rhl
dkb acoo = vyf
dkc acoo = cog isp ukc qmy
dkd acoo = yij si
dke acoo acop = wnh (mef aafj) xco
dkf = tdy uy ssd
dkg acop acoo acoq = fgc
dkh = jgk
dki = qfd
dkj acoo = rtp
dkk acoo acop acoq = xic
dkl acoq acop acoo = wwj iwo (ikr atu)
dkm = mga
dkn acoq acoo acop = xpw
dko = ni
dkp acoo = hjr mpo
dkq = hpe
dkr acoo acoq acop = txh acnn
dks acoo acop = aabo kyy
dkt acop acoo = mdz yrc
dku acop acoo = lvb
dkv acoo = atg
dkw = nns
dkx acoo = san wde rmz
dky = aaqb
dkz = xub
dla = abuf hyb eg
dlb acoo = gvg
dlc acoq acoo acop = fbu
dld acoo = lsf
dle = rkc
dlf = qn tk xoj
dlg = mpb
dlh acoo acoq acop = muq vsq
dli acop acoq acoo = aml
dlj acoo acop acoq = bnr ryp
dlk acoo acop = eau qnh
dll = aacu
dlm acoq acop acoo = accs
dln acoq acoo acop = tjs
dlo = kbe jzc
dlp acop acoo = nun
dlq acoo = oob aym zon
dlr acop acoo acoq = mkq hcs zjm
dls acop acoo = afy
dlt acoq acoo acop = qzb
dlu acoo = vus
dlv acoo = vhq aadx
dlw acoo = el abuq
dlx = bkz
dly = efx
dlz acoo acop = jli (yog kwr fvx)
dma acoo acop = tan
dmb acoo acop acoq = nmc sus tvr hre
dmc acoo = abcj
dmd = tpf
dme = uvi
dmf acoo = vzw acfu
dmg acop acoo = jmb sdy jlf gqq xet
dmh acoo acop = rli irm
dmi acoo acop = kjo
dmj acoo acop = gxh
dmk acoq acop acoo = mbq
dml acoo = avv ctl
dmm acop acoo = tfe
dmn acoo acoq acop = lpc
dmo acoo = eww ron vl mgo
dmp acoo = ojq
dmq acoo acoq acop = wpy
dmr = eqp ron
dms acoo = pak kkn
dmt = tbp
dmu acop acoq acoo = zjm abma alk
dmv acop acoo = qll
dmw acoo = jud
dmx acop acoo acoq = hma bbp
dmy acoo = sez sgi aah abhs
dmz = dav
dna acop acoq acoo = fzj
dnb = fnl bbj vyx dem aur
dnc = xpb
dnd acoo acop acoq = afc qoj
dne acoo = hxi
dnf acoo = rnx
dng acop acoo = wfr
dnh acop acoq acoo = amb
dni = ovr
dnj acoo = xui tzq (oun lxd)
dnk = toa ihv cav
dnl acop acoq acoo = jao (an ana)
dnm acoo = guo
dnn acoo acop acoq = wmu
dno acop acoo = odq aec aala
dnp acoo = ygr ewy kjb aamx
dnq acoo = eun
dnr acoq acop acoo = kqw gbb
dns acoo = aass jkd abrn
dnt acop acoo acoq = fgk
dnu acoo = pko kq (ojx lcv)
dnv = xqs
dnw acoq acoo acop = jie
dnx acoo = mxs udr
dny acoo = rbh zje auj abvo
dnz acoo = lov
doa = xxd
dob acoo acop = qcb aamp djo
doc acoo = ufc
dod acop acoo acoq = mux rjm
doe = pt
dof acop acoq acoo = dov
dog acoo acop = joq
doh acoo acop acoq = kgy zdj (snv cua)
doi acoo = hiz
doj acoo acop = ogb
dok = ukg
dol acop acoo acoq = yai pnk wnj
dom = duo cjb meg
don acoo = tem
doo = lrf
dop acoo acop acoq = fcv
doq acoo acop = tuv
dor = ydl eyp
dos acop acoo = rsc cca
dot acoo acop = twp ocs wsd
dou = pkg mkc
dov acoo acop acoq = iso xul
dow = jfs
dox acoo acop = vgo pfj end gbq
doy = kv
doz acoo = kql lht hbx
dpa acop acoq acoo = vvw
dpb = abnr aou
dpc acoo = bye glr xzf
dpd acop acoo = srx
dpe = vmh bfw
dpf acoo = gvc
dpg acoo = mxg
dph = shv
dpi acoo = bmk uhf lsx
dpj = hly blu kch ttu
dpk acop acoq acoo = sts
dpl acoo = lcz lya uca
dpm acoo acop = pns
dpn acop acoo = rsl
dpo acoo = ipx
dpp acoo = uuo ckn evl xmi
dpq = ndi tye
dpr acop acoo = njk
dps acoo = kag efj
dpt acoo = zgj
dpu = wty
dpv = fkb
dpw acoo = eld
dpx acoo = qql
dpy acoo acoq acop = ktu aawx
dpz acoo = aaoz
dqa acop acoo = nxi tro slw
dqb acoq acoo acop = wpr
dqc = qnl
dqd acoo = kzc iog hxu aye
dqe acoq acop acoo = azx nxk abce
dqf acop acoo acoq = dhi vgo qil
dqg acop acoo = gfs
dqh acoq acop acoo = crw
dqi acop acoo = yac idb
dqj = vhq ins
dqk acoo = bqk
dql = aats eqo
dqm acoq acoo acop = zkg dnz
dqn acoo = mgu
dqo acoo = cal mod
dqp acoo = ckq dgu
dqq acop acoo = llq
dqr acoo acop = xgd
dqs acop acoq acoo = iqu
dqt acop acoo = bw
dqu acoo acoq acop = yqa
dqv acoo = ofq
dqw acop acoo = acls absa
dqx acoo = ogd gqc yvq bae sxd
dqy acoo acop = gru
dqz = ahq
dra = wps dqr lz gpb
drb = yqq
drc = vxk
drd = abjt ngv
dre acoo = cbc gke jhj
drf acoo acop = fnt ts uoh
drg acoo = lob vtb au qll
drh acop acoq acoo = gkd mwy mzq
dri acoo acop acoq = hck aaml
drj acoo = dmd
drk = srs
drl acoo = qqm
drm acoo acop acoq = jof kbr cun aavd
drn acoo acop acoq = qmb
dro = aabt (yze wzw) aadc gdr
drp acoo = zmw
drq acoo = khz hbo
drr acoo = bvl
drs = ckp bfw cnh
drt = lxi
dru = abgr wcn acat
drv acoo acop = aclp
drw acop acoq acoo = xeo xvj uhk
drx acop acoq acoo = mgu
dry acoo = cjk vfq xkc
drz acoq acoo acop = ypt
dsa acop acoo = wqp oug
dsb = wqa szd
dsc acop acoo acoq = cgg
dsd acoo acop = ww (uwi mfu)
dse = ute qdt kgu
dsf = wlt kuh
dsg = yxt
dsh acoq acop acoo = aauo (rrc opz udz)
dsi acoo = hut aasc uei mxn ozb
dsj acop acoo = ahk abiz
dsk acoo acop acoq = zou
dsl acoo = vqm (hg yfb)
dsm acoo = elk (ayp vub)
dsn = vdp
dso acoo acop acoq = oeu aaav jgc
dsp acoo = tem
dsq acoo = kqu
dsr acoo = xxw
dss acoo acoq acop = nea
dst acoo = cr urd
dsu acoo = wse
dsv acoo = gnc dka
dsw acoq acop acoo = udy
dsx acop acoo = ewy
dsy acoq acoo acop = fdv
dsz acoo = hzu
dta = eiv
dtb = tof wqp pak
dtc acoo acop = tsd
dtd acoo acop = ehc
dte acoq acop acoo = wan
dtf acoo = uei
dtg acoo acop = kga lok
dth = jfm cwq mui eyq
dti = uqb
dtj = nka
dtk acoo acop acoq = ebm gmo qxc
dtl acoo acop = dpp
dtm acop acoo = tsf ift izh wiw
dtn = whp voz
dto acop acoo = coa
dtp acoo = qzk
dtq acop acoo = tjn
dtr acoo = hda som
dts = tzh
dtt acop acoo = lyf lbs ywr
dtu acop acoq acoo = bd lhj
dtv acoq acoo acop = big und kws jbw
dtw acop acoq acoo = sij
dtx acoq acop acoo = unn
dty acop acoo = aazz
dtz acoo = apx
dua acoo acop acoq = iqq ocm gps
dub acoo = byd yxl
duc acoo = lsf
dud = frf
due acoo acop = tew
duf acoo acop acoq = qzi
dug acop acoo = fin
duh acoo = czx
dui acop acoo = jys
duj acop acoo acoq = acfb deo
duk acoo = abyc
dul acoo = fql
dum acop acoq acoo = rkv bvs wbn
dun acop acoo = shx
duo acoo = aauh
dup acop acoo = lcv absx hej
duq acoq acoo acop = xxj
dur acoq acoo acop = rla qjl
dus acoo acop = bnu cmc
dut acoq acop acoo = pfh uky ppg
duu = rlu
duv acoo acop acoq = dgj
duw acoo acop acoq = lhu
dux = wut uai
duy acoo acop = wve
duz acop acoo = gho
dva acop acoo = pkc accm
dvb = bko
dvc acoo = wut
dvd acoo acop = dvy qwi
dve = jvq srs
dvf acop acoo = wme ven vcs
dvg = ivo
dvh acoq acoo acop = hiu
dvi = imu owo
dvj acoo = uqz olw
dvk = qka
dvl = mkz kka bnu gn
dvm = bap
dvn acoo acop = wqd rnz ewi
dvo acoo = vvb
dvp acoo acop = dnl vwu
dvq acop acoq acoo = aarf
dvr acoo acop = fed
dvs acop acoq acoo = acjc ywp ygt fnw
dvt = kdz
dvu = tda
dvv = zfu ccm axu
dvw acoo acop = lmz zhb cys
dvx acoo acoq acop = so
dvy acoo = fvc
dvz acoo = gds
dwa acoo acop = nql
dwb acoq acoo acop = df qdj
dwc acop acoo = zno xcs wom nep
dwd acoo = aadw
dwe = lms upb ikj
dwf acoo = bwn olb
dwg acoo = rlx
dwh = kpb
dwi acop acoo = lcz
dwj acoq acoo acop = ubq mex
dwk = bba
dwl acop acoo acoq = bzq
dwm acoo acop acoq = yof bsa
dwn acoo = ick
dwo = reh mou
dwp acop acoo acoq = fxm
dwq acoo acop = ats
dwr acop acoo = ped mif
dws = ggk
dwt = hdo
dwu = yjn kff gdi abdw lvz
dwv acoq acoo acop = vqc
dww acop acoo = aayw
dwx = qac
dwy acoo acop = xyh acnw swh fum
dwz acop acoq acoo = lja
dxa acop acoo = tit zfo lkj
dxb = lvu hhs zte dwt nby
dxc acoq acoo acop = gdu abof
dxd = qdt omf
dxe acoo acop = gzg
dxf = jyx (quz ila)
dxg acoo = koz
dxh acop acoo acoq = rze qky apg gyi
dxi = ynf syb fjo yfd
dxj acoq acop acoo = uua
dxk acop acoo = nmz
dxl = ikb
dxm acop acoq acoo = ayz
dxn acoo acoq acop = yzk asw
dxo acoo = aapy zxh
dxp acop acoo = jjl bwk
dxq acop acoq acoo = eai
dxr acoo acoq acop = wrn dfz
dxs acoo acop = yhv ahg nbo
dxt acoo = rba (kfg (aaqh qff) ee)
dxu acoo acop = aacy
dxv acoo acop = fja onw
dxw = iei
dxx = keh
dxy acoo acop acoq = yov
dxz acop acoo = bge acek fuh
dya = jko tkv
dyb acop acoo = aboo
dyc acop acoo acoq = aaue
dyd acoo = psq (kuf ldf sft esb)
dye acoo = ggx
dyf acop acoq acoo = azg
dyg acoo = aapz
dyh acoo = zkt
dyi acoq acoo acop = tfw
dyj = pgx
dyk acoo acop = tjm
dyl acop acoq acoo = akn
dym acop acoo acoq = xye
dyn acop acoo = deu
dyo acoo = evx (xu jkd)
dyp = ces zbx lrv
dyq acoo = ste aadu wye mjj
dyr acop acoq acoo = qhv
dys acoo = hoz
dyt acop acoo = fyo
dyu acop acoo acoq = yvu woy egj swr
dyv acoo = crs
dyw acoo = ypx
dyx acoq acoo acop = vgb aayo
dyy = qys
dyz acoo = ebd cfr sit mhk
dza = bat
dzb acop acoo = odt cae
dzc acoo acoq acop = klb (abcj leq tsi) ogs
dzd acop acoq acoo = acjd
dze = gyn
dzf = aep uzx
dzg = zub
dzh acoo acop acoq = aabs
dzi = vco
dzj = mvb jnm sqx
dzk = qsk tap
dzl acoq acoo acop = bql
dzm acoo = hxa pot
dzn acoo = hdk
dzo acoo acop acoq = aaow pmy ypr hup
dzp acoq acop acoo = qxk tpz
dzq acoo acop acoq = bci
dzr acop acoo = uim
dzs acoo = flb
dzt acoq acop acoo = hld
dzu acoo acop = ciz jzu dcl
dzv acoo acop acoq = onu
dzw acoo acoq acop = bcm
dzx acop acoo = mbh prp qix ych
dzy = yaf
dzz acop acoo = rsa yxc
eaa acoo = lrs
eab acoo acoq acop = yz kne dlg rcn
eac acoq acop acoo = pic abtp
ead acoo = rdc
eae acop acoo = wjo
eaf = qnp ggw wwn
eag acoo acoq acop = dnv ykh
eah acoo acop = jqx pym
eai acoq acoo acop = zpp tvd
eaj acoq acop acoo = hfg xzg hya
eak = sbq
eal acoo acop = rtf
eam acop acoo = dfn xtp opt aeg
ean acoo acop = byz wqa mnc
eao acoo acop = opo
eap acoq acop acoo = url hwu yqa
eaq acoq acop acoo = fby
ear acop acoo = hvv
eas acoq acoo acop = oxx
eat acoo = uye weo jpj
eau acop acoo = nid
eav acop acoo = nvn cax cuw
eaw acop acoo = qbh vwb udf bif abct
eax = bjw whl cer
eay acoo = kol acla abqd kiq
eaz = kyi
eba acoq acop acoo = qje jpo xvh qzr
ebb acop acoo = jcu
ebc acoo = or
ebd acoo = fhq
ebe acop acoo = avz dxs flr
ebf = naw
ebg acop acoq acoo = dld
ebh acoo = oys
ebi acop acoo = hab
ebj = uqn hqb
ebk acoo = edb
ebl = aacr pat tek
ebm acop acoq acoo = bbb
ebn acoo acoq acop = uhe qbj dga gzm
ebo acoo = aiv
ebp = viq
ebq acop acoo acoq = raf gjf zth
ebr = dbt sgo
ebs acoo acop acoq = ehm
ebt acoo = vsk
ebu acoo acop = qgd vvp
ebv acoo = kze oll fov
ebw acoo = chl
ebx acop acoo acoq = inr
eby = kor
ebz acop acoo acoq = svr nix
eca acoo = vok
ecb acoo = igq
ecc = jow
ecd = zgb qzg
ece acoo acop acoq = uom jvl
ecf = yad ryt rdr tta
ecg acoo acop = rop umw
ech acoo acop = vpn vzc gob bnd lca
eci acop acoq acoo = aaou
ecj acoo = wvb
eck acoo = egg
ecl = tdh qjs kvf
ecm acop acoo = bwo
ecn acoo = ulj
eco = dmw
ecp acop acoo acoq = akv
ecq acoo = izx fpt vbi
ecr acoo acoq acop = vcb
ecs acoo = zda bep
ect acoq acop acoo = fec
ecu = fng
ecv acoo = bht
ecw acoo = inv hfi
ecx acoo = jok
ecy acoo = kzr
ecz acoo = hhw rcr kyt tez abin
eda acoo = aazc
edb acoo = lql
edc acoo = bex
edd acoo = abba
ede acoo acop = yad
edf acoo acop acoq = xzi cze egr faw
edg acop acoo = aarp
edh acoq acoo acop = wal cgz dqv rgr
edi acoo acop = qak chd llq
edj = ajq
edk acoo acop acoq = esd
edl = zis ujm
edm = txj geo ryi ej
edn = nbq
edo = j
edp acoo = cyh
edq acop acoo = pqa
edr acop acoq acoo = cde
eds acoo = ohz
edt acoo = xba fnd shb qjn pis
edu acoo = pur
edv acoq acoo acop = ibu
edw = owc aaiq trb jip
edx acoo = iyf
edy = cln rnq
edz acop acoo = uck
eea acoo acoq acop = vzw znu zto aann
eeb acoo acop = ndw
eec acoo = vvy qnq
eed = acfg
eee = tyz yaf
eef acop acoo = kbo
eeg acoo = jvr xou
eeh acoo = aajc zvc rby
eei = szr
eej acoo acoq acop = jwj
eek acoo acoq acop = fdp
eel acoo = abko
eem acoo acop = aabo dmx yrx acmz
een acop acoq acoo = dyc rwv
eeo acop acoo = ied gca aast mub ssi
eep acoo acop = rwt
eeq acoo = aaib
eer acoq acoo acop = mme uis ewc sdx
ees acoq acoo acop = pej
eet acoo acop = wux
eeu acop acoo acoq = aata
eev acoo acoq acop = nrj ojy gk phh
eew acoo acoq acop = fdk
eex acoo = vco rfm fgt
eey acoo = lfg
eez = mgv lfe
efa acop acoo = aaex
efb acoo = acmw
efc acoo acop = xgg
efd acoq acop acoo = xjo
efe acop acoq acoo = vea rrk khb
eff acoq acop acoo = zkw qxu
efg acop acoo = uip
efh acoo = nrq
efi = xfn
efj acoq acop acoo = lvu
efk acoo = bkq
efl acoo acop = vjz
efm acoo acoq acop = dri
efn acoq acop acoo = gcy har
efo = hho
efp acoo = tsk mbe
efq acoo = yhf
efr acoo = abt
efs = zlh absv
eft = kse
efu acop acoq acoo = rkc rbb
efv = mjo aek
efw acop acoo = fvd
efx = uml
efy acoo = au aaes tym
efz = lxt
ega acoo acop = hzm yeu ekt
egb = bwq iwz ffv jig
egc acoo = lhr abfp
egd = owz phw
ege = nda veo
egf acop acoo = fd
egg acoo acop = knp
egh acoq acop acoo = syp
egi acoo = abai
egj acoo acop = joi xso
egk acoq acoo acop = nlg
egl acoo = ety lgc
egm acop acoo acoq = eub
egn acoo = sgn
ego acoq acoo acop = owg
egp acoq acoo acop = atx
egq acoo acop acoq = aafx ieo wph cjb
egr acoo = nqy
egs = swb
egt acoo acoq acop = obd
egu acoo acop = fgv rcr
egv acoo = nym dfn rxi
egw acoq acop acoo = aahm suo
egx = nzb uzg vwl
egy acoo acop = naf
egz acoo acop = fve xpv
eha acoo = ldi qki smh
ehb acoo acop = tkx
ehc acoo acop = act
ehd acop acoo = mfx
ehe acoo = vng abkb
ehf = bm inz tzc
ehg acop acoo = xuy fjh
ehh = nzp
ehi = fdy
ehj = mmb
ehk = jzo igy ivn ywd
ehl acop acoo acoq = xfx
ehm acoo acop = vim
ehn acoq acop acoo = udh ngm ptz
eho = zyb
ehp acop acoo = uah
ehq acoo acop acoq = btk cfe
ehr = sng xha
ehs acoq acop acoo = dhv dak
eht acoq acoo acop = bpr
ehu acoo = hv abr kkz
ehv acop acoo = qsv jyi aadu
ehw acop acoo acoq = xc
ehx acoo = lbz
ehy acop acoq acoo = acgy
ehz = lws yfi xdi
eia acoo = sug fk dlj kku
eib acop acoq acoo = usi
eic = yzx
eid acop acoo acoq = kyn
eie acop acoo = kiq dfy snw
eif acop acoo = odd nwq giz
eig = luz
eih acoo acop = ipr
eii acop acoq acoo = whm
eij acoq acoo acop = sfu pha spm prv
eik = zem abai
eil = gtj
eim = fw
ein acoq acoo acop = vlu uqp
eio acop acoo = y
eip acoo acop = abih sfy
eiq acop acoq acoo = dew tkr ucb
eir acoo = pho maf zzi
eis acoq acop acoo = qvl kan oay mto abvp
eit acop acoq acoo = alj
eiu acoo acop = rdy
eiv acop acoo acoq = ydd
eiw acop acoo acoq = rbx wmb sus quv
eix acoo acop = yed
eiy = rvn ceu blm aarl whl
eiz acoo acoq acop = wla
eja = fwg
ejb acoo = aqp mlu ilz
ejc = neh wem
ejd acop acoo = kfx (ool jg dlm)
eje acoo acop acoq = abjf
ejf acoo acoq acop = tqn
ejg acop acoq acoo = nye f
ejh acop acoo = yxu pyw pp
eji acoo acop acoq = vy yti abti abls
ejj acoo acop = gqz
ejk acoo = tuf xda
ejl acoo acop = jxa kia
ejm = avj yad wjd nla aob
ejn acoo = avr
ejo = vxo
ejp = aclh
ejq acoo acop = zub lyt kny
ejr = mzs
ejs acop acoo = dwg
ejt acoo = bnm
eju acop acoo acoq = dvs aaen qtn
ejv acop acoo acoq = fub
ejw acoo = frv mve
ejx acop acoo = tdc onl ffk hdr
ejy = rpj npt qai
ejz acop acoo = aavc
eka acoo acop = nwn vsi
ekb acoo = pup
ekc acoo acop acoq = vdh
ekd acoo = xjy
eke acop acoq acoo = xaj qoj
ekf acoo = nlg
ekg acoo acop = aqs
ekh acoo = aqx mjh
eki = kqi glp egh enf xng
ekj = vap
ekk acop acoo = ukp (jdp sbt hyi)
ekl = qva abqj
ekm acop acoq acoo = r woh ivb zty
ekn acoo = wcb rrd dhd zsu
eko = ufl pvg
ekp acop acoo acoq = yab
ekq acoo = mwg
ekr acop acoo = qht hzh
eks = lld bup me
ekt acoo = ifr
eku = abgg jgf gux
ekv acoq acop acoo = acce
ekw acoo = ogv acjk abeb iyk
ekx acoo = bny
eky acoo = ngk wei
ekz = zdl als wgf ljp
ela acop acoo = acq
elb acoo acoq acop = ddy
elc = feq lkk nis
eld acoo acop = eed
ele acoo = cxm
elf acop acoo = tkg
elg = kep
elh = dou
eli acoo acop = ast
elj acoo = tia
elk = uby grt
ell = ackf vqm mde mmu caj
elm = aaul uvf
eln acoo = zvk wej vew
elo acoq acop acoo = le
elp acoo = wob
elq = yns
elr acoo acop acoq = acjq nkk oas
els acop acoq acoo = jdr
elt = mbn
elu acoo = nbo
elv acoo acoq acop = tea nid
elw acoo = buq iie
elx = tyu rku
ely acoo acop acoq = hzc
elz = aft
ema = mfc etw
emb acop acoo = bxo (ifb eau) fqm uhh
emc = vxx fzb aadt nlt
emd = hbr
eme = xba
emf acoo acop = rrk
emg = abwo
emh acoq acoo acop = jqp
emi acoo = mnp eur oh
emj acoo = egb aacc jqe
emk acoo acop acoq = fqi
eml = ylb
emm acoo = wcq xso lts
emn = iy zvh fzh
emo acoo = elx
emp = vox aadh rwk
emq acoo = xfw
emr acop acoo = jlm wvs
ems acoo = qno
emt acoo = owc
emu acoo acoq acop = qrl
emv acoo acoq acop = uar fnb
emw acoq acop acoo = ys
emx acoo = iyj
emy = lwq vg pdi mqt
emz = vku
ena acoo = qrc kfl acjl
enb acoo acop = wr
enc acop acoq acoo = aku
end acoo acop = gix igu zdo fvs
ene = bva fpz
enf = kox olg
eng acop acoo acoq = xp
enh acop acoo acoq = sqp aake
eni = xo ozb
enj acoq acop acoo = xck pwm rmp glf
enk acop acoo = akj
enl acoq acoo acop = ysb
enm acop acoo acoq = lir wyb mut
enn acoo acop acoq = abvi
eno acoq acoo acop = glc
enp = lmc dlc feb
enq acop acoo acoq = akw
enr acoo acop acoq = pcr
ens acoo = nwq
ent = lvo
enu acoo = rnt
env acoo = api
enw acop acoo = obb
enx acoo acoq acop = ifr ybh
eny acoo = bpj
enz acoo = opt thw dny
eoa acop acoo = jui
eob = gpf ds vcu
eoc acoo acop = hvf azf ccd
eod acoq acoo acop = zad umz gev
eoe acop acoq acoo = kdv zyp hnn tzc
eof acop acoo = bwh pnd xva
eog = hsh
eoh acop acoq acoo = rtg
eoi acop acoo = aclg tr
eoj acop acoo = ckk acoo
eok acop acoo = zwf qyw
eol acoo = tkw kpu pl
eom acop acoo = yxx
eon acoo acop = cup cjp oer qsi
eoo acoo = rwm
eop acoq acop acoo = zik
eoq acoo = vlk
eor = fke mdj vem
eos = inn
eot acoo = xy vzr pyv
eou acop acoo = gbh stm zpr
eov = ig
eow = abjb
eox acop acoo = utl
eoy acoo = olc oxs
eoz = ume
epa = gmp
epb acoo = mrj bnp qez var
epc acoq acop acoo = rss trq
epd acoo acoq acop = vbb
epe acoo = ydj sro
epf acop acoo acoq = qwy
epg acoq acoo acop = muj ecy ddt
eph acoo acop acoq = acip lsd
epi acoo acop = wxb (apo brx)
epj acoo = han igw tzb
epk acop acoo acoq = esn avt (osb aagj)
epl acoo acoq acop = uzu
epm acoo acoq acop = fht
epn = sit uyj
epo acoo = ufl
epp = abxl uvz
epq = isz cuf djj
epr acop acoo = cly
eps acoo acop = drl yey dbi
ept acoq acop acoo = lri
epu = zdh ddk
epv = abcy ajr
epw acoo acoq acop = nep azm
epx acop acoo = inp
epy acoo = sn
epz acoo acop acoq = udp
eqa acoo acop = szy abra
eqb acop acoo = wql
eqc acoo acoq acop = aami (pph cbk)
eqd acoo acop = abph glk
eqe acoo acop = oth rja ah aaru
eqf acoo = wd ipv ppy
eqg acop acoo = sya
eqh = tbd (hjj yqj)
eqi acoo acop = ukc oyd pax (mmt yel)
eqj = aacw
eqk acop acoo acoq = tps
eql = rfv
eqm acoo acoq acop = jqi
eqn acoq acoo acop = acbi
eqo acoo = tdh mcz kol
eqp acoo acop acoq = qbl mmj lna
eqq acoo acoq acop = kkt uks
eqr acop acoo = zwn
eqs acop acoo = xwp
eqt acoo acoq acop = oko rzp
equ acoq acoo acop = oqn ygj cua gug
eqv acop acoo = wjk
eqw acoo = dhm
eqx acoq acop acoo = brx oyc ezl (owr gr)
eqy acoo = zna
eqz acoo = tvo aaeb
era acop acoq acoo = ioy
erb = vah clk bsa
erc acoo = qol
erd = cwo
ere acop acoq acoo = dkc poc fam
erf acoo = qoy
erg = uig (hsb abra)
erh = mbn fxp
eri acoo = ciu rtv aair
erj = wyn
erk = pem abkd
erl = nfn acfe
erm acop acoo acoq = unf vzc qwq
ern acop acoo = bfr
ero acoq acoo acop = ade
erp acoo acop = qpg
erq = zpb sxi puh
err acoo = kpk oga pru (ybi ina)
ers acoq acoo acop = dve mjy zrv sgt
ert acoo = mkp ytb gag xci
eru acoo acop = tdy
erv acoo = zhq
erw acoo = ejg
erx acoo = kvt abxc
ery acop acoq acoo = ilj mwu pve qnl
erz acoo = fav idi
esa acoo = qsy udm
esb acoq acoo acop = xof kb
esc acop acoo = voc
esd acop acoo = teh sbl
ese acoo acop = xni
esf acoo = wpu nxs ovj aeu
esg acoo = aair
esh acoo = jqm phg
esi acoo acop = vtt mib cke uvg
esj acop acoo = deq
esk acoo acop acoq = dtk
esl acop acoq acoo = bhp
esm = uyz
esn acoo acop = nko uqs
eso = nef
esp acop acoq acoo = mzn
esq = zll dzz
esr = zrz izx abto
ess acoo = bwp
est acoo = aud oyw lam
esu acop acoo = vxq tob
esv = jnk
esw acop acoo = hwm
esx = lhm
esy acoo = yc
esz acoo = xvx
eta acop acoo = jzx
etb acop acoo = xfn zrw vty
etc acop acoq acoo = ugj
etd acoo acoq acop = kfw
ete acoo = dxa
etf acoo = srw
etg acoo acop = bxq
eth acoo = rtd ma nlr
eti = zdl
etj acoo = vwo irr
etk acop acoo = wmg
etl acoo = isj egv fdz hou
etm = xn uqo ohy
etn acoo = gfr uyz
eto acoo acop = kgw
etp acoo acop = udk
etq acoo = amu
etr = qim
ets acoo = uhq dth fmn
ett acoo = tuq aaft acdj aqu
etu = gzv
etv acoo acop acoq = lix twm rjo ent
etw acoo = tsq
etx acop acoq acoo = vif
ety = hvt bnj put
etz acoq acop acoo = aajt
eua acoo = nqg
eub acop acoo = rlo
euc acoo acop = jml dkt
eud = tyo
eue = aafw
euf = xgo
eug acoo acop acoq = vub
euh acoo = cwz wew
eui acop acoo acoq = sku vgy afc
euj = xnu
euk = cnd yhd tzv
eul acoq acoo acop = oxs fox
eum acoo acoq acop = vha
eun = cbc epe abqa acho
euo acoq acoo acop = lip
eup acop acoo acoq = acgr
euq acoo acop = egh abfo
eur acop acoo acoq = qpf
eus acoo acop = gvk mdc
eut acop acoo = dab
euu acoo acop = lyb nzn
euv acoo = hfb nw hms
euw = hyt
eux acoo = ukn
euy acoq acoo acop = nxi
euz = jhd
eva acoq acoo acop = apa
evb = zvf
evc = pyk
evd = goo
eve acoq acop acoo = iqg aut jdt xnk qtv
evf acoo acop = cfq
evg acoo acop = cvs
evh = kac kvo
evi = sie
evj acoo acoq acop = ret tbo
evk acop acoo = uaf rng ksj
evl acoq acoo acop = zgc
evm acoo = ltq hum up
evn acoo acop = kka
evo acoo = atz
evp acoo = aij
evq = imm aaqs
evr acoo = jfw
evs acop acoq acoo = foa
evt acop acoo = xhf rum ttu
evu acoo = fvt
evv acop acoq acoo = acx
evw acop acoo acoq = xjo
evx acoo acop = aow ypz fpj
evy acop acoo = wjn
evz acoo = wpv
ewa acop acoo = duh
ewb = ubo ruk kna
ewc = abus ark
ewd acoo acop = aasb pum hlk abhb
ewe acoo = jfy
ewf = abyw
ewg acop acoo = aabb sgb
ewh acoq acop acoo = rem
ewi acoo = dkh kcq acnh bqu
ewj acop acoo = ewe abhq
ewk = fws mrj pmk aahv sih
ewl = zti
ewm acoo acop = uve
ewn acoq acop acoo = kno
ewo acoo = ogb xwh
ewp = jca
ewq acop acoo = rkx ixj nea atp
ewr = nfv
ews acoq acop acoo = khz fpm vln
ewt = czd tqm
ewu acoo acop acoq = tni
ewv acoo acop = kpe
eww = acnk
ewx acoo = uyo
ewy acoq acoo acop = gvq
ewz acop acoq acoo = lxn bfh
exa acoo = jrp lio
exb acoo = xsj
exc = hgf ugx rkp
exd acop acoo acoq = wkr
exe acoo = rok
exf acoo acop = aabj
exg acoo acoq acop = fwx
exh acoq acop acoo = uxe
exi acop acoo acoq = rfj
exj acoo = rvd
exk acoo acop = pfm
exl acoo = iug
exm acoo acop = dhd mbw qyl
exn = dve
exo acoo acop = cjo ejs pvc
exp = ifz bms
exq acoq acoo acop = nnr
exr acoo = far
exs = kzs
ext acoq acop acoo = ght jcv fbf
exu acoo = olh
exv acoo acop = tml ejy pyh ppj
exw = rhp lio
exx = tzc (xef yna hwk)
exy acoo acop acoq = nqw
exz acoo = ykn aaej xzt edg
eya acoo acop acoq = lao
eyb acop acoo = ino
eyc acoo = mmb xwj nkf
eyd acop acoo = ipy uof
eye acop acoo = aqi
eyf acop acoo = zps
eyg acoo acop acoq = npi (iqn acih)
eyh = edk
eyi = aats lqo
eyj acop acoq acoo = rwi
eyk = sfg
eyl = xlh jxt bob ros
eym = rbw
eyn acoo acop = rll
eyo acop acoo acoq = ckb
eyp = sfy
eyq acoo = fkc
eyr acoo = bgr
eys acoo = fhy
eyt acop acoq acoo = crv acev hlt
eyu = uyd
eyv acoo = vmg zgx
eyw acoo acop acoq = pfp
eyx acoo acop = xjt
eyy = cpc dyu
eyz = lfk abtv
eza acoo = hiq rrs
ezb acoo acop = hop
ezc acoo acop = tyg
ezd acop acoo = hdk
eze = acbb
ezf = vgi une
ezg acop acoo = kyh aatw zge oup
ezh = dos klx xtd zsv
ezi acoo = pgc
ezj acoo acop acoq = yla
ezk acoo acop = iyb
ezl acoo = nlw xmf
ezm acop acoo = otu now
ezn acoo = hti
ezo acop acoq acoo = mtv zmm
ezp acop acoo = zbe iuz qsl
ezq acoo = yk fuh aaqx
ezr acoq acop acoo = lkf axl can
ezs acoo = lwz pse izr
ezt acoo acop = emb ksv sjs
ezu acoo acoq acop = mcg dus pmf
ezv acoo acop = kqc ablt
ezw acoo = zpv
ezx = kbg qxh npv
ezy acoo acop acoq = eag
ezz acop acoo = wxh bkx
faa acoq acop acoo = tvn
fab = acgr whf rry ncn cdv
fac acoo = daw
fad = plw plc
fae = tnw ruw qnt syc
faf = noo
fag = ien
fah acoq acop acoo = qox (tks ibv) yrm jfz
fai acoo acop = udj
faj = els sjy
fak acoo = rnd
fal acop acoo = abbj erb zle zde tgf
fam acoo acop = hxf
fan acoo = uzs ezr
fao acop acoo = nuw
fap = itg kew
faq = ecy glq tcs
far acoo acop = nfn qpp
fas acoo = gxk
fat acoo = gmf
fau = ljp
fav = cgq iqd azx
faw = gzf aug
fax acoo = dcp cf
fay acoo = hlq vgg mrg
faz = yro
fba acop acoq acoo = udp eoo
fbb acoo acop acoq = dhi glv
fbc = eyi
fbd acoo = zyv xgd grc
fbe acoo = ufz je wlk la
fbf acop acoo = idx hvf
fbg = niu
fbh = lva
fbi acoo = crv
fbj acoq acoo acop = wey tbt
fbk = gle
fbl acoo = vfl
fbm acop acoq acoo = gsr abgm
fbn acoo acop = qtd dku
fbo = spq nas zhy abqn
fbp acoo acop = pdq
fbq = btj po
fbr acoo = ufg fsi
fbs acop acoo acoq = aamq
fbt acoo = hxy hpe
fbu acop acoo = zkj
fbv acoo = ird mlz ulo
fbw = kxn
fbx acoo = wrw
fby acoq acoo acop = mbb
fbz acoo acop = jee
fca acoq acop acoo = glh
fcb acoq acop acoo = hwr
fcc acoo acop = lyy
fcd = qhl lsx nyb ubv
fce acoo acop = abxb
fcf acoo = bdu
fcg acop acoq acoo = nwn
fch acoq acoo acop = hgn rom ism mjq
fci acop acoo = fhv nvg abvi uf
fcj = vqg xdu
fck acoq acop acoo = jqj zkk diy kpr
fcl acop acoo = xbl
fcm = vzn xam efs
fcn acoo acop = xyp pmf
fco = uhd
fcp acoq acop acoo = rjy
fcq acoo = hln
fcr = rch yeo
fcs acoo = npu acoc aakp
fct = kfc
fcu acoo = aqo qlu
fcv = afe
fcw acop acoo acoq = jsa
fcx acop acoo = wwl
fcy acop acoo acoq = ssk absi abdw
fcz acoq acoo acop = zwh
fda acoo = sge ouw qfc
fdb acoo = acmf uhp
fdc acoo = iar
fdd acoo acop = vdm
fde = lqh jwv
fdf acoo = stl
fdg = qsl
fdh acop acoq acoo = vez njx lew sgb
fdi acop acoq acoo = ocw
fdj acoo acop = azk
fdk acoo = rvf pap mqw
fdl = oz
fdm acop acoo = ucn snj qge
fdn = jls
fdo acop acoo = kvm
fdp = vim
fdq acoo = bkr
fdr = frw
fds = chf gxs
fdt acoq acoo acop = fii abdi tct
fdu acoo acop = oye (aaso ez) unt
fdv acoo acop = accy uwq
fdw acop acoq acoo = lot dqg
fdx = llp yvj aaed
fdy acop acoo = mdw aara
fdz acoo acop acoq = ube
fea acoo acop = aalz
feb = slh
fec acoo = jpt
fed acoo = lwb (vjz aafx)
fee acoq acoo acop = aagg
fef = fhn
feg acoo acop acoq = xjc
feh = ted
fei = lqh
fej acoo = enb
fek acop acoq acoo = hef
fel acoo = zjt
fem acoq acop acoo = abwt j
fen acoo = acah
feo acoo = ajr
fep = uok
feq acoo = hbx nmi
fer acoo acop acoq = bhl
fes acoo acoq acop = gjc hyo
fet acoo = fem
feu acoo = vgx
fev acoo = qqz
few acoo acop = hkz svl auk
fex = lms ec
fey acop acoo = vpt qno
fez acoo = nhn
ffa acop acoo = smf
ffb acoo acop = uuj ccj
ffc acoo acop = acmv
ffd = vyx
ffe acoo acoq acop = acei zmt xrf yib
fff = gbu mrq
ffg acoo = puc hnr
ffh = aabk cov
ffi acop acoq acoo = lge
ffj acop acoo acoq = uck
ffk acoq acoo acop = kym
ffl acoo acop = yhb
ffm acoo = yck mzv
ffn = acbu
ffo acop acoq acoo = qzd fdz mnn
ffp acoo = gcb dhs
ffq acoo acop = egw nfr
ffr acoo = bth yyr
ffs acoo = bvx
fft acoo acop acoq = suw lae vwd vtg
ffu acoo = mtk kpq qsd izq
ffv = rhx sav dqv rjd
ffw = yjn aawo yva
ffx acop acoo = aarc ltg
ffy acoo acoq acop = efa
ffz acoo = jye pgz mut
fga acop acoo acoq = eln nne soy igv
fgb = ona bzr
fgc acoo = dfb hij spl
fgd acoq acop acoo = xcb (egc db)
fge = huz abig qfe cxr
fgf acoq acop acoo = evf lup
fgg = loo
fgh acoo = ldf
fgi acop acoo = phs mur zet
fgj acoo = acoo qfi mnp gxb
fgk acop acoo = ptt lie
fgl acoo acop = ror zqn qwa
fgm acoo = uz
fgn = qsh qcl
fgo = xzw
fgp acoo acop = ioh
fgq acoo = abml acfr
fgr = uml
fgs acoo = eat
fgt = yuq
fgu acop acoo acoq = vbf goi
fgv acoq acoo acop = ozn
fgw = obm
fgx acop acoo = hoz got mmv
fgy acoo = um gox
fgz acoq acop acoo = acnp
fha acoo acop acoq = wlx bwl
fhb acop acoo = oak
fhc acoo = usf
fhd acoo = yza
fhe acop acoo = acnx nru
fhf acoo acop = vss
fhg acoo acop = sdk
fhh acop acoo = aaqa
fhi acoo = sgi abnu rpx
fhj acoo = aaxr yhh
fhk acoo acop = hbm
fhl acop acoo = pqc
fhm = kuw
fhn acop acoq acoo = bec ote kld
fho = tav jge abum
fhp acop acoo = iax nkg
fhq acoo acop = owo
fhr acoo acoq acop = u dws
fhs = wws uxp
fht acop acoo = mzv omd acne
fhu acop acoo = seo bxf urw quq
fhv acoo acop = ige
fhw acop acoq acoo = ije
fhx acoo = xmy
fhy acoo acoq acop = aacn bcn
fhz = qni lob
fia acoo acop = ylm
fib acoo acoq acop = voc hvd ztx
fic acoo = zbh glr wyy
fid acoo = em jnh
fie acoo = twe
fif acoo acoq acop = hse
fig = jzy
fih = sym vvw abho
fii acoq acop acoo = fmo ke aakh
fij acoo = abpp
fik acop acoq acoo = ppb
fil acoo acoq acop = cav
fim acop acoo = fzk
fin acoq acoo acop = hyg
fio acoq acop acoo = qbj ihs jiv
fip acoo acop acoq = vfe jso
fiq acoo acop acoq = ackj
fir acop acoo acoq = vis bra
fis = qbw pvq tco mgj tut
fit = ablw
fiu = tyw
fiv = abbf
fiw acoq acop acoo = bxl
fix acop acoq acoo = vbn fzz
fiy acop acoq acoo = duf
fiz acoo = sfi
fja acoo acoq acop = vaj
fjb acoo acop = aapr
fjc = flg
fjd = egv
fje acoq acop acoo = bxs ypa
fjf acoo acop = foa
fjg = aazm
fjh acoo acoq acop = mya
fji acoo = qoy tgz bqx
fjj acop acoo = khp
fjk acoo acop = jzy jku ilp
fjl acop acoq acoo = hoa
fjm acoq acoo acop = zjp
fjn acoo acop = kha ota
fjo = emp
fjp acoo acop = rck ibb
fjq = kmh
fjr acop acoq acoo = qgw
fjs acoo acop acoq = prn mvk
fjt acop acoo = aate
fju acop acoo = aakn cov dfs
fjv acoo acop acoq = zjr
fjw = rjn
fjx = qba
fjy acop acoo acoq = acjm
fjz acoo acop = pca
fka = ynr
fkb acop acoo = qfc aaqd (sad nrp)
fkc = jds
fkd acoo acop = bbf
fke acop acoo acoq = ygt
fkf acoo acop = npn zzl cgc
fkg acoo acop = vkg
fkh = ljt
fki acoq acoo acop = ian lyd ubc isq
fkj = rss (ojt pia cqn ybt)
fkk acop acoq acoo = sts phh jfm uer
fkl acoo acop = acky fxh
fkm acoq acoo acop = pp
fkn acoo = ggz inh
fko = sin
fkp = aoc ugw tdk
fkq acoo = hsg
fkr acoq acop acoo = iue
fks = paa qmx acab
fkt = tnb aauc abal gyq bui
fku acoo acop acoq = iqo zur
fkv acoo acoq acop = ytm abee mbf
fkw = vuk
fkx = rki
fky acoo acop = qln iif
fkz acoo acoq acop = idc
fla acoq acop acoo = abju
flb acoo = olk
flc = zhm
fld = uta bh
fle = geh tlt aahi
flf acoo acoq acop = egx
flg = pxe pft
flh acop acoo = zae
fli = mmp (riu rwk)
flj acop acoo = qzm
flk acoo = vxr
fll acoo acop = itn uhr hsb ljq
flm acop acoo = tlt wlh
fln acoo = mlz
flo acop acoq acoo = qmu sna
flp = ama
flq = bdl
flr acoo acop = tuu
fls acop acoo = rzp ryn aia
flt acoo = vpu aclx
flu acop acoo = unh
flv = adh
flw acop acoq acoo = bmw
flx acoo = piv qhb
fly acoo acop = ndj
flz acoo = ack
fma = mxk
fmb acoo = veg ogx
fmc acop acoo = gpy
fmd acoo acoq acop = mjf
fme acop acoq acoo = tez ouk opr
fmf acoo = ncq
fmg acop acoo = rob
fmh acoo acop = rlb aces
fmi acoo acoq acop = cge akx
fmj = rij
fmk acoo = aoz mzd abuj
fml acop acoo = aaop
fmm = mmy syn dxz
fmn acoo = gud
fmo = ajd
fmp acoo = absa sjj
fmq = mrv
fmr acoo = pzp
fms = kwv
fmt acop acoo = vxt
fmu acop acoo acoq = aced ejh
fmv acoo = qzz
fmw acop acoq acoo = hcw
fmx = cmr (aul hqi)
fmy acoo = szb rza
fmz acoq acop acoo = qak
fna acoo acoq acop = rkc
fnb = wlu
fnc acop acoo acoq = brw aur rzg
fnd acoo = vjw
fne acoq acoo acop = zla
fnf acoo = gbu
fng acoo = prb abgl tsh pdp
fnh = aadj yfm vbg
fni acoq acop acoo = wqi xkx dpn maf qy
fnj acop acoo acoq = aalp rkw
fnk = xze iyf
fnl acop acoo = ryh
fnm acoo acop = gei
fnn acoo = hkw get lby
fno = dex
fnp acoq acop acoo = aa aayh huo (rtn nqg)
fnq acoo acop acoq = yts
fnr acop acoo = uzu bdc
fns acop acoo = hvv whc
fnt acoo = sdw
fnu acoo = uvr
fnv = irr
fnw acoo acop = cfi gsu jxk fsh
fnx = rdk
fny acoo acop = uxt
fnz acop acoo = vzl
foa = qmr oym
fob acop acoo acoq = qzd
foc acoo acop = abtq
fod = gma
foe = rnj
fof acop acoq acoo = fyx
fog acop acoo = ova bai ass vx hvh
foh acop acoo = vjp
foi acoo acop = eyg
foj acoq acoo acop = jth
fok acop acoo acoq = oxj qky gjb
fol acop acoo acoq = swf xsj car
fom acoo = twb
fon acoo = fkv
foo = dtq vlm
fop acoo = xpa
foq acop acoo = pgg za
for = tir xzf
fos acoo acop = uqg zjt cds
fot acoo acop = bkp
fou acoo = crj xry hhp czq
fov acoo = dly
fow = gef
fox = skl htn
foy acop acoo = bug dfz
foz = abvp idl qom pad cmv
fpa acoo = vce
fpb acop acoo = gib
fpc acoo acop acoq = ogp pxe
fpd = dbg mys
fpe acoo acop acoq = sde
fpf acoq acop acoo = kom
fpg acop acoo acoq = ucr
fph acoo = txg
fpi acoo = oqb
fpj acoo acop = jmz kda qbl et
fpk acop acoo = aaph tyb qos
fpl acoo = hau enx
fpm acoo acop = mcl
fpn acoo acop acoq = oqt
fpo acoo = sqj
fpp acop acoo = lps tcl
fpq acoq acop acoo = qvc (xpq tad zgw)
fpr = vmn
fps = crw yf
fpt acoo acop = ogw
fpu = bwl qno
fpv = xhg veo
fpw acoo acop = yxn epb
fpx acop acoo acoq = abct
fpy = mwl
fpz acop acoo = yvv
fqa acoo = fqg
fqb acoo acop = zxh
fqc = wwp
fqd acoo acop = esu nlm
fqe acoo = vcf
fqf = absw
fqg acoo = acci
fqh acoo = xva
fqi acoo = osx ciz
fqj = peb whm urs ebl
fqk acoo acoq acop = cov
fql acoo acop acoq = xzj
fqm acop acoo = cyq hr
fqn acop acoo = exe
fqo = aavs
fqp acoo acop = rdx
fqq acop acoo acoq = bos
fqr acoo acop = big rxz lzj
fqs acoo = mgl rbf
fqt acoq acoo acop = rsh abin xhv
fqu acoo acop = hda rya gbv
fqv acop acoo acoq = sxp
fqw acoo acop = zsl
fqx acoq acop acoo = vgc aant pgd xon
fqy = achu vfn cvb opr
fqz acoq acoo acop = fxm
fra acoo = wgj
frb acoq acoo acop = wch
frc acoo acop = bru
frd = ackb
fre acoo = aait
frf acoq acoo acop = pgc
frg acoo acop = uiz nwa
frh = cwu qba
fri = abhf
frj acoo acop = weq
frk = acnb ttl hvm
frl acoo acop = cwy gvi
frm acoo acoq acop = ney
frn acoo = aahg
fro acop acoq acoo = umy szk
frp acoo = yru ijv (vvu erk)
frq acoq acop acoo = eie
frr = fiw
frs acop acoo acoq = kgv
frt acoo = wrg
fru acoo = uam lwo
frv = vxb
frw acoo = wes
frx acoo acop = fxe weq
fry = xih
frz acoo = ouv
fsa = urf zme
fsb acoo = umt
fsc acoo acop = aclg inr
fsd acop acoq acoo = pxl obe
fse acoo acoq acop = fho
fsf = xoe yjd
fsg acoo acop acoq = uia vmd
fsh acoq acop acoo = aboi (lki inj)
fsi = zck
fsj acop acoo = hcx
fsk acoq acoo acop = nuu
fsl acoo = esb mcl nsc
fsm acoo acop = acei
fsn acop acoo acoq = xad
fso acoo acop acoq = mbk
fsp acoo = wvw
fsq = xa qic czw
fsr = aclm
fss = yfw uif wqd
fst = fph
fsu acoo = abci
fsv acoo acop = wtm
fsw = krm kee maw
fsx = biu cda
fsy = jfk
fsz acoo acop = lnm
fta = gi bud fbi
ftb = cfn
ftc acoo acop = xae
ftd acoo = uj czy
fte = dgb abqu xlc rps hyb
ftf acoo acop = aij
ftg = hgv
fth acoo = ep
fti acoo = wpl isp (ufb vff)
ftj = krq
ftk acoo = qov kwu abek sfo
ftl acoo = wnl hao
ftm acoo = aair evi
ftn acoo acop = pqx oyl
fto acoo = aci
ftp acoq acop acoo = jlr
ftq acoo = fpu sbk
ftr acop acoo = vtb
fts acoo = dnj dyt te
ftt = gbj
ftu acop acoo = ihw
ftv acoq acop acoo = abvo jdj
ftw = aajd
ftx acoo = erq qso (ryz s) zqf
fty acoo acop = fff
ftz acoo = ysy mzj
fua acoo = jxg
fub acoo = bwr
fuc acoo = lwm
fud = ljn
fue acop acoo = bpt vpl
fuf acoq acop acoo = pid grl gth oqa
fug = myn
fuh acoo acop acoq = bts vdz ssv
fui acoo = fdq
fuj acoo acoq acop = abks
fuk acop acoo = phm
ful acop acoo = mfn
fum acoo = wrg wkk rri fdx nuk
fun acop acoo = pbu tgh
fuo acoo = jxh
fup acop acoq acoo = ypm
fuq = fws hwh tlq
fur = fhm qgd
fus = qjx
fut = zhs
fuu acoo = sbl
fuv acoo acop acoq = upe
fuw = mzo
fux acoo = car olo
fuy = qxa hgy
fuz acoq acoo acop = kfl
fva acop acoo = smo
fvb acoo acop acoq = abta xqu
fvc = hqj
fvd acoo acop = kcm
fve = mzv kqh acjo aaqw
fvf acop acoo acoq = gyc mxo poa obb qgg
fvg = twb
fvh = aatl
fvi acoo = ixm
fvj = obz nqe abus
fvk = ztq iqu hiu qyn
fvl = qny
fvm acop acoo = okc fb usb vsl
fvn acoo acoq acop = nsa cgy
fvo = zok gfg tpn gem
fvp = opm
fvq = abod lfc
fvr acoo = mcb
fvs acoo = npm
fvt = acak irh rwz
fvu acop acoo = cjh
fvv = hdf
fvw acoq acoo acop = wrg ltn
fvx acoo = aaea (koi usv)
fvy acoo = vlp bdj
fvz = fif
fwa = rvm
fwb acoq acoo acop = jal
fwc = rpk acex
fwd = ark abng
fwe = acif
fwf acoo acop acoq = jgz
fwg = abkm
fwh acoo = ovc
fwi acoq acop acoo = vpw
fwj acoq acoo acop = bzx aarz
fwk acoo acop acoq = lvg
fwl acoo acop = hpf
fwm acoo = vyv
fwn acoo acop = um
fwo acoq acop acoo = dcj uzw dgc
fwp acoo = ogh wso
fwq acoo acop = ilk
fwr acoo acop = rwa xwt ixy taq
fws = vvj
fwt acoo acop = zah
fwu acoo = wtl uvi
fwv acoo = lsw
fww acoo acop = wqk
fwx acoo = abuc
fwy acop acoo acoq = hro fsw hjs
fwz acoo acop acoq = njp fmq ory bpv
fxa acoo = inq ehb
fxb acoq acop acoo = ira
fxc acoo = cbu
fxd acoq acop acoo = zac
fxe acoq acop acoo = eex ybb obt
fxf acoo = jvh ylf
fxg acoo = abza
fxh acoo acop = vnm sye
fxi acoo = cim
fxj acoq acoo acop = ax btz
fxk = lmv mtz
fxl acoq acoo acop = epw
fxm acoo acop acoq = xbo ne
fxn acoo acop acoq = acaj
fxo acoq acop acoo = lxb fed abzu
fxp acop acoo = mct
fxq acoo = ouj
fxr acoo acoq acop = qkb nce achu
fxs = abqc
fxt acop acoo = tkt stn
fxu acoq acoo acop = uzz
fxv acoq acoo acop = ipj acfd xcz poy
fxw = vdw
fxx = qiw
fxy acoo = aaa kac
fxz acoo acop acoq = rdq xvb
fya = abie xsf abek
fyb acop acoo = vl art
fyc acoq acop acoo = acfw aabu
fyd = xnb abdn
fye acop acoq acoo = aym
fyf = tod
fyg = aarg mwl pgf
fyh acoo acop acoq = pig oth qus kor
fyi = vrh
fyj acoo acop = zbs qsn aalz
fyk acop acoo = bkj hyj pdi aamg hvy
fyl acoo = jmu
fym acoo = jtp
fyn acop acoo = yqt wmx
fyo = fkp
fyp = xrh cio
fyq acop acoq acoo = wdj gb xeh wda
fyr acop acoo = qhl
fys = aff (fyp tia asb)
fyt acoo acop acoq = oz
fyu acoq acop acoo = lrl
fyv = vsa nlm
fyw acop acoo = wmz zgq aams
fyx acoo = pz kex
fyy acoo acop = qtb srt jqz wzv
fyz acoo acop = xif
fza = cbz zjy qos vxt
fzb acop acoo = spi qfi
fzc acop acoo = lci
fzd acoo acop = mpc
fze acoo = emr
fzf acoo = kbl dvg tof
fzg acop acoq acoo = abkl xcv sat pns
fzh acoo = jpc
fzi acoq acop acoo = cjt jia urk
fzj acoo = tqy
fzk = wko
fzl acoo acop = kra wpf
fzm acop acoq acoo = ftc
fzn acop acoo = lat
fzo acop acoq acoo = fzu
fzp acoo acop acoq = ycb
fzq acoo acop = fgi ojk aaft mqk
fzr acoo = qdp
fzs acoq acoo acop = yqy gvl (jfk xsj gqt)
fzt acoq acoo acop = aara eas mlu
fzu acop acoo acoq = oxl acge acdo
fzv acop acoo = wbo
fzw acop acoo = pum mub
fzx = ymx
fzy acoo acop = hxt
fzz acoo = tpr
gaa acoo acop = xcw
gab acoo = gsq zre lus lkl
gac = bfk
gad acoo acop = sjv ugm acno
gae acoo = yrj jfx
gaf acoo acop acoq = sc hfd mor qed
gag = ablb
gah acoo = rpb
gai = okc yv
gaj acop acoo = bzc pyt jzx
gak acoq acoo acop = uef ojg
gal acoo = zbe imn xri
gam acop acoo acoq = vkb iqz ioe jtx ivv
gan acoo acop acoq = jjb
gao acoo = huq aapa ctm
gap = dms tvc
gaq = zjh
gar = run
gas acoo acoq acop = hiq egz
gat = beq
gau acoo = xhy
gav acoo acop = mcn cje aate (les jsc)
gaw = xbe rye fma eve yzo
gax acop acoo = nlq
gay = fiq
gaz acoo acop acoq = cin
gba = mvu
gbb = dli
gbc acoo = bqe
gbd acoq acop acoo = hqf ajj
gbe acoo = mci
gbf acop acoo acoq = ies acfz
gbg acoo acop = oeo aasp
gbh acop acoq acoo = mc xrq
gbi acop acoo = ryc pkt
gbj acoo = ekw
gbk acoo = jdf
gbl acoo = rcm
gbm acop acoo = ucv
gbn = kwj
gbo acoq acop acoo = nec
gbp acop acoq acoo = pge fvu
gbq = xri
gbr acoo = zzi
gbs acoo acop = jkl
gbt acop acoq acoo = wqx hql (bzc xia aadd)
gbu acop acoo = aanw lvx
gbv acoq acop acoo = qor tsv
gbw = yxy xbz ysc swd
gbx acoq acop acoo = acjr
gby = zvd bww dqh mut zni
gbz acoo = wha qly
gca acop acoo = rgm
gcb acop acoq acoo = ozl
gcc = isn
gcd = als qxl xqz
gce acoo = eba
gcf acoo = vpe sq
gcg acoq acop acoo = vak gch
gch acoo acop acoq = pvw yv ude
gci acoo acop acoq = jdi
gcj acop acoo = tcq
gck acoq acop acoo = qze xek vbn
gcl acoo acop = djl lju
gcm acoo = ywu
gcn acoo = cqq acjs zcf
gco acoo = ilg
gcp acop acoo acoq = mxg xpj
gcq acop acoo = cyl
gcr acop acoo acoq = pvm
gcs acop acoq acoo = ggo
gct acoq acop acoo = uix jks
gcu acoo acop = mfk kon
gcv acoo acoq acop = iku
gcw acop acoo = ubl
gcx acoo = tvw
gcy acoo acop = rlx
gcz acoq acop acoo = ips
gda = vzt eky
gdb acoo = eov muo
gdc acop acoo = bnr oca zqa
gdd acoq acop acoo = mai
gde acoo = oob fyv
gdf acoo acoq acop = pks
gdg acop acoq acoo = anp
gdh acoq acop acoo = tao
gdi acoo = pmo aano aio acdf
gdj acoo = zxh
gdk acoo = wzn kdw yzy
gdl acoo = dgj
gdm acop acoo = aym
gdn acop acoq acoo = aajk jvv ffz
gdo acoo acop = bvp
gdp = sf
gdq acoq acop acoo = qcj qof ose hwr
gdr acop acoo acoq = gw
gds acoo = qus jfw ak
gdt acoo = zdc
gdu acoo = dhv yap
gdv acop acoo = dtc
gdw acop acoq acoo = rpo
gdx acoq acoo acop = fkd hrg iah
gdy acop acoq acoo = nkl
gdz acop acoo acoq = dhk aciq vkk uhi
gea acoo = zgc
geb acop acoo = hqy lew
gec acop acoo = gcp
ged acop acoo = qba
gee acoo = svu
gef acoq acop acoo = pes mvw
geg = ibx
geh acoo = nqd kyd iyd
gei acop acoo acoq = cyn gjf
gej acoq acoo acop = kuk zar zio
gek = xoj
gel acoo = ybi xgy wue
gem = dhi abft
gen acoo acop = fhw
geo acoo = csa meo gcr
gep = zso pua
geq = doq lfj abuv wsh
ger acop acoo = gnj
ges = mkg
get = brs
geu acoo acop = cpf rjg opi hxg
gev = aauj
gew acoo acop = sle
gex acoo = hxl cib zlr nsb pfb
gey acoo acoq acop = lth
gez acoo = ipt
gfa acoo = yre
gfb acoo = mor emj
gfc acop acoo = vmi
gfd = dyt
gfe acoo = vg
gff acop acoo acoq = dwp qem
gfg acoo acop acoq = cfe abvx
gfh = aa
gfi acoo acoq acop = abpv
gfj acoo acop acoq = sys
gfk = abeu szl
gfl = qbq
gfm acoo = thi opu
gfn acoo = pfu
gfo acoo = qoe lyp
gfp acoo acop = hfe
gfq = iks
gfr = mrj
gfs acop acoo = abem rx eaw
gft = eii
gfu acoo = nrt
gfv = vkn
gfw acoo = yaf aax fqp
gfx acoo = oza
gfy acoo = hfa
gfz acop acoo = abrl v
gga acop acoq acoo = klh
ggb = idv ggt zhk uqn aaqb
ggc acoo = abvr
ggd = jww
gge acop acoq acoo = abdu cwr
ggf acoo = xde lyi
ggg acoo acoq acop = dww
ggh acoo = zrc ejd
ggi = tzk
ggj = xcl kff wwh bmw
ggk = aaua pro pmm
ggl acoo acop = jqe pwx
ggm acoq acoo acop = ovh wff aaou
ggn = pzn olu kkp evz
ggo acoo = mha
ggp = kjn
ggq = pza
ggr acop acoq acoo = lnn
ggs = gdb han
ggt acoo = hqc
ggu acop acoo = acjs ja
ggv = tlr htk lge
ggw acoo = wtq
ggx acop acoq acoo = efg aakc
ggy acoo = srj npm aafv mz
ggz acop acoq acoo = wmz (xjp kho) nxc
gha acoo acoq acop = pjn
ghb = wzv
ghc acoo = kio
ghd acop acoo = oaz
ghe acoo acop = hfs qqg
ghf acop acoo = rme txv mce tir
ghg acoo = xiv aahe
ghh = hdb
ghi acoo acop = dgh
ghj acoq acop acoo = ljc
ghk = vxr ecr
ghl = tve
ghm acoo = hzg
ghn acoo = ykk fhe
gho acop acoo acoq = imm
ghp acoq acoo acop = lky gih oax
ghq acop acoo = yzx
ghr acop acoo = hin
ghs acop acoo acoq = cak ymy
ght acop acoo = yfs dav
ghu = iln
ghv acoq acop acoo = btq
ghw = oel aaba
ghx acoo acoq acop = ucg
ghy acoo acop acoq = mmq wen uml
ghz acop acoo = hbf mud nad
gia acop acoo = aeq
gib acoo = qau jjx
gic acoo acop acoq = wge
gid acoq acop acoo = vjv
gie acoo = abdg
gif acop acoq acoo = wmy nnn
gig = fhm
gih acoo acop = qvs
gii acoo acop = xdy jqy ewl oub
gij = tlv jhd aaax eic
gik acop acoo acoq = ksy scb
gil acop acoq acoo = asb kfq
gim acoq acop acoo = aaul
gin acoo acop = jx
gio acoq acoo acop = mtz
gip = ufv
giq acoq acop acoo = gid
gir acoo acop acoq = isg
gis acoo acop = npv abzf
git = mtr
giu acoo acop = nbd
giv acoo acop = lmc
giw acoo = jhf yhx omw
gix = vtk
giy acoo = jiz yig ztg
giz = aagd vuc wcu
gja acoo = qrz ff
gjb acoo acop = gyn jb
gjc acop acoo = drm hvv mnx cvo
gjd acoo acop = pes
gje acoo acop = aaqn
gjf = xto
gjg acoo = lsv jnl
gjh acoo = dgq
gji acoq acoo acop = abuu myi acbu
gjj acop acoo acoq = sdy (div kcx pyp)
gjk acoo acop acoq = qfw oug
gjl acoo = lmk aci (eph zux)
gjm = hti elc
gjn = xhk qrv otq wcp ujl
gjo acop acoo acoq = jgt
gjp acop acoo = tnr jzh
gjq acoo acop = abll
gjr acoo = mdw
gjs acop acoo = ifg kix
gjt acoo acop acoq = ewi rch nrg
gju = wug
gjv = fhk
gjw acoo acop = nnq
gjx acoo = iuh
gjy = ozw
gjz = ati kmo yrd
gka acoo = zyw ome
gkb acoo = syi
gkc acop acoo = ltr
gkd acoo acop = qqj
gke acoo = zkq
gkf = cth tnf for
gkg acoq acoo acop = ytd
gkh acoo = ackl
gki = yhy xzy eoo jnt
gkj = hwj ofg igj ktk
gkk acop acoo = fl
gkl = was
gkm acop acoo = fut
gkn acoq acoo acop = zlu irt qrc
gko acop acoq acoo = efk
gkp = bja yzc
gkq acoq acoo acop = egz
gkr = toe
gks = lha aawu
gkt acoo acop = cau oeq cmz aqh
gku = aaqq
gkv acop acoo acoq = zcp
gkw acoo acop = abrx lhs
gkx acop acoq acoo = kzz wem aawn jpp
gky acoo acop acoq = bpc aayc aavu eiy
gkz acoo acoq acop = xps
gla acoo = kph
glb acoo = mxu
glc acoo = ivh
gld acoo acop acoq = nmn
gle acoo = eiw ehp ovu
glf acoo acop acoq = nle
glg acoo = tyr
glh acop acoq acoo = pbo cby
gli acoq acop acoo = ldc
glj acoo acoq acop = gnj
glk acop acoq acoo = acgv
gll acoo = hwd
glm = tuu wix
gln = ckd
glo = xev
glp acoo = xrx
glq acoo acop = hvo
glr acoo = xde zdd
gls acoo acoq acop = xsj ohq
glt acoo = rgy pla
glu acop acoo = myu
glv acop acoo = om
glw acoo acop acoq = zhl rwr iqv iga
glx acoo = ylv grj mns kjw
gly = acdb azl kzl
glz = aaee abza zhd frm lbz
gma acop acoo = wvx scm
gmb = leb
gmc = rus
gmd acoo = rpz
gme acoo acop = bau nzv ptp yiq
gmf acoo acop = ffd
gmg acoo acop = aie zyj ier nts
gmh acoo = om nwr
gmi acoo acop = itw
gmj = xgd
gmk acoo = onh
gml = mtc
gmm acoo acoq acop = vtj
gmn = ijf
gmo = qmd auf
gmp = opr
gmq acop acoq acoo = lrc
gmr acop acoo = fks
gms acop acoq acoo = fvl
gmt acoo = ndt aaul
gmu acoo = aalg wep
gmv acoo acop = ecn ugw rfn tit oxn
gmw acoo = vuy
gmx = wnq
gmy acop acoo = qrm myh
gmz acoq acop acoo = ccf
gna = rst
gnb acoo = kro xwk kvr
gnc = etb
gnd = vim abao gdh
gne acoo = fyp
gnf acop acoo = juz
gng acop acoo = dad oko mng ffh
gnh acoo acop = glr
gni acop acoo acoq = nfr
gnj = ixy
gnk acoo = tce kqn fyc ret xwr
gnl acop acoo = fgr
gnm acop acoo = dta
gnn acoo acop = aaob acgn
gno acoo = aapx
gnp acop acoo = ezf scp
gnq acoq acop acoo = pii vjz acay
gnr acoo acop = abez ijq
gns acoo = uri
gnt acop acoo acoq = kgt aabc zuj
gnu acoq acoo acop = oct sdb
gnv acoo = vok
gnw = dyd odr sbt bna
gnx acoq acop acoo = lob
gny acoo = xfp
gnz acoo acop acoq = ibv
goa acoo = why
gob acoo acop acoq = icq
goc acoo = acha
god acoo acop = qov
goe acoo = acif iox
gof acoo = hz
gog acoo = shx
goh acoq acop acoo = pei (lbi krt)
goi = wjn vzn ktg
goj acoo acop acoq = ibn hyt oxn odo
gok = nvm
gol acoo = jqv
gom acop acoo acoq = abfc (dfv odo)
gon acop acoo = eyh
goo acop acoo = fqo
gop acoo acop = req
goq acop acoq acoo = sun
gor acoo acoq acop = aacb
gos acoo = okm hcm (ocs vbw)
got = od
gou = yln
gov = tyu
gow = aaev rax
gox acoo acop acoq = aaim reb
goy acop acoo = acey zfc
goz acoo = xxu
gpa = aaza
gpb acoo = sxf hqm
gpc acoo = jw dsa (iky ss)
gpd acoo acop = reb mie mns ska
gpe acoo = apy
gpf acoq acoo acop = qld
gpg acoo = rsd
gph acop acoo = zwx
gpi acoo = dum
gpj = iyz abep xne
gpk acoo acop = opt
gpl = phf
gpm acop acoq acoo = ag nmb qxo
gpn = nng
gpo acop acoo = zms
gpp acoo = wfs
gpq acoo acop acoq = dvf
gpr acoo = uo
gps acop acoo = sjq
gpt acoq acoo acop = lpc
gpu acoo acop = myw lyf vqk rtw
gpv = wiy iip nll
gpw acoo acop = ptz rev
gpx acop acoo = ven ihu bca
gpy acop acoo = zrb
gpz acoo = ys
gqa acoo acop acoq = mxf
gqb acoo = uhe
gqc acop acoo = oeg tkc sff acbo abdo
gqd acop acoq acoo = yvj oaa roa dkc
gqe acoo acop acoq = ymw
gqf = ftp
gqg acop acoq acoo = qof sbz
gqh acop acoq acoo = rxz
gqi acop acoo = cus blv
gqj acoo acop acoq = tow ztb cmh
gqk acop acoo = blm
gql acoo acoq acop = pdr oib (cil cqj) zgj
gqm = ackc
gqn = tby qgv csc
gqo acop acoo = eba
gqp acoo = zmz
gqq = sr
gqr acoo = cjf lhy
gqs = sar
gqt = qyr
gqu = vzz juv tub
gqv = ozn
gqw acoo = nh
gqx = fnc dtf
gqy acoo acoq acop = rwv kgu
gqz acoo acoq acop = xiz
gra acoq acoo acop = hiw
grb acop acoo acoq = xxx
grc acoo acop = ubq
grd acoq acoo acop = ngt
gre acoo = fcm
grf = saa mdm sis unt
grg = ram
grh acoo = wgx
gri = ave jvn yjf
grj acoo = mlj abot vyx
grk acoo = fye fhe vvc eze uug
grl acoo acoq acop = sug
grm acoo acop = aadl
grn acoq acop acoo = ply zxq vzj gkp kzp
gro acoo acop = ebg
grp acoo = yco zks
grq = yfp
grr acop acoo = riu
grs acop acoo acoq = iav acop
grt acoo acop = hnd
gru acoo acop = yvu
grv = abi
grw acoo = rkx wjf
grx acoq acoo acop = prx pke
gry acop acoo acoq = qyj ebh elb
grz acoo = aadd
gsa acop acoo = asc zkt czg dzh
gsb = wyl
gsc acoo acoq acop = lai
gsd acoo = qd dxh (sgk gbk) wlw
gse acoo = cuu
gsf = bix fhy
gsg = nyc
gsh acoo = cyi ngt
gsi = zck oqe
gsj = mdp
gsk acop acoq acoo = fsy
gsl acoq acop acoo = ezg dmr
gsm acoo = odx
gsn acoo = mzn
gso acoo acop = vjr abjk rbe
gsp acop acoo = pah ymf
gsq = wuu
gsr acoo = acjc
gss = sei
gst acop acoo = itg
gsu = hli jqo mwv
gsv acoo acop = igi dne
gsw acoo acop = xvj rek aapf
gsx acoo = ngf jpg
gsy = hli
gsz acop acoo = ppq epj slu aml
gta = hns
gtb acoo = xk rda ghe
gtc acop acoq acoo = ikq
gtd acoo = ahz
gte acoo acop = lcv rtw alv
gtf acoo = fpj
gtg acop acoo = npz
gth = kgy
gti acop acoo = hxf jym uro
gtj acoo acoq acop = rcf
gtk acop acoo = jhe
gtl acoo = aaqz
gtm acoo acoq acop = psj
gtn = zfv
gto acop acoq acoo = zue
gtp = nag hft qey
gtq acop acoo = qxy
gtr acoo = itg
gts acoo = tpq
gtt acoo = ben
gtu acoq acop acoo = fpr
gtv acop acoq acoo = qvj lpv
gtw acoo = xl ugp
gtx acop acoo = xdy
gty acoo = scd
gtz acoo acop acoq = vae abml
gua acop acoo = zio iy
gub acoo = aayc
guc acop acoo = xmk gmi
gud acop acoo = lpm
gue acoo = zdl
guf = sqd (bne ydn lyq)
gug acoo = gsz (xhe vsx)
guh acop acoo = nrc jvq
gui = zpg mwg
guj = mae
guk acoo acop = xwj
gul acoo acop = gvk
gum acop acoo = lvy
gun acoq acoo acop = ows etj
guo acop acoo = bmf
gup acoq acop acoo = rfr
guq acoo acop = acop
gur acoo acop acoq = abwj
gus acop acoo acoq = zjc
gut acoo acop = uig
guu = qsi
guv acoo = vzp
guw acoo = dkh
gux acoo = rxk
guy acoo = mgs aaje mzf
guz acoo = ulo
gva = cuo
gvb acoo acoq acop = ehe unp
gvc acoo = zgl
gvd = aazi pnv lor aaqr
gve acoo = ptj abfp
gvf acop acoo = yxj bhh rsh
gvg = crz
gvh acoo = lxh achy
gvi acoo = nvt pyn
gvj = kzu abuz own
gvk acoo = ibp lrm
gvl = qll
gvm = luu aafu
gvn acoo = hid
gvo acoo = utw
gvp = erj tho aalf bfb lka
gvq acoo acop = gre
gvr acop acoo = cga naz jyx
gvs = fja
gvt acoo = xvi qdn abqu
gvu = vdx
gvv acoo = eci
gvw = aiu pfz jhr
gvx acoo = qxa
gvy acoo = for abuu yyb
gvz acoo = cyp
gwa acoo acoq acop = abcu
gwb acop acoo acoq = pjf
gwc acop acoo = yge hye sjj
gwd = egs
gwe acoq acop acoo = byd
gwf acop acoo = jbx
gwg acop acoo = bbd vke xto
gwh acoo = shg gys
gwi acoo acop acoq = uog
gwj acoo = gjr xep
gwk = ndv xri oba cmg
gwl = nsv
gwm acoo = abuk
gwn = xho
gwo acoo = pil sve
gwp = cdx agh
gwq acop acoo = kcj fxl epb
gwr acoq acoo acop = cqq
gws acop acoo = mhs
gwt acoo acop = jnk
gwu acoo = hex
gwv acop acoo = pgf
gww acop acoq acoo = tvy
gwx acop acoo = are jzp
gwy acoo = zcu due tkm fsw
gwz = rya exk oug
gxa acoo acoq acop = uio
gxb acoo = acfg ezq tza
gxc acoo = shj dzb nie aaqo
gxd = mxd igx thx
gxe = hbr ejg nql zfk
gxf = aavh
gxg acoo acoq acop = iu
gxh acoo = ol jpg yo nir
gxi = zmq
gxj = wea frk hey
gxk acoo = yeh
gxl = ryg aakq
gxm acoo acop = gtx
gxn acoo = qnl
gxo = sur iby
gxp = abaa mdd xqi
gxq = ltv
gxr acop acoq acoo = qyq
gxs acoo = fae
gxt = vvk edm dim luc
gxu acoo = ert
gxv acop acoo = vce bhy
gxw acoo = zae
gxx acop acoq acoo = gsv qjt hvs aasw yjh
gxy acoo acop = pen quk gon cav
gxz acoo = zod njt
gya acoo acop = cwz
gyb acop acoq acoo = hjp
gyc = kin
gyd = fyp xei
gye acop acoo acoq = mig ggn mwx
gyf acoo acop acoq = aafh
gyg acoo acop = lwc zuu te
gyh acoo acop = pod
gyi = tfd deo
gyj acoo = mhk (foa mhe) msu gur
gyk = czz
gyl acoq acoo acop = rxy kbb abid
gym acop acoo = ymg
gyn acop acoo = kzm xmn
gyo acoo = udl xky axk xbd
gyp = jvt (uqy eut)
gyq acoq acop acoo = zsw
gyr acop acoo acoq = jha
gys acop acoq acoo = meh smn
gyt acoo acop acoq = ubd
gyu = vlf
gyv acoo acop = ruk
gyw acoq acop acoo = kkm ihi oct yxw
gyx = vso
gyy acoq acoo acop = lxi
gyz acoo acop acoq = akq ipo omh
gza acop acoo = orc
gzb acoo = thu
gzc acoo acoq acop = zna
gzd = kox ymq
gze acoo = zec
gzf acoo = ev
gzg = vca
gzh acop acoq acoo = xpt ryd gf elf
gzi acoo = ig
gzj acop acoo = qmc kvf pqv
gzk acoo acop = brm eex (vug aazf)
gzl acoo = vor
gzm acop acoo = eyr
gzn = euo
gzo acoo = aboz
gzp = xed
gzq acoo acop = wgv
gzr acoo = qrk etd
gzs acop acoo = svx
gzt acoo acop = wbv
gzu = scu
gzv = fst ctm
gzw = ego
gzx acoo acop = rhl
gzy acoq acoo acop = apz
gzz acoo = rtp ote
haa acop acoo = eva ptk wko
hab acoo = qph
hac acoo = joc
had acop acoo = acbo abor pzv
hae acoo acop = aaga cah
haf acop acoo acoq = ablm
hag = dph
hah = mkm kpc ptg
hai acoo acop = uuy rta
haj acoq acop acoo = abcb
hak acoo = aaon
hal = tzc
ham = vpq
han acoo = mbx
hao acoo = rxk
hap = epd
haq acop acoo = yqy
har = imu
has acoo = ivh
hat = azd (acnz nuj tjk)
hau acoo = knp
hav = uth htd dkv
haw acop acoo = sje
hax acoo = djj
hay acop acoo = akc
haz acoo acop = jxe vsp dlm
hba acoo = pto yte uwt
hbb acop acoo acoq = fsx wjz jrx ekt
hbc = mct jkj
hbd acop acoo = jjy
hbe acoo = moa
hbf acop acoo = iie
hbg acop acoo = jqg
hbh acop acoo acoq = qeh
hbi acoo acop acoq = fpe
hbj = epe (kvs dyg)
hbk acop acoo = hkq
hbl acoo = nyb
hbm acoo acop = hun ucs ihk
hbn = nfv
hbo acoo acoq acop = wlk ackc zdw abbd
hbp acoo = adp
hbq = spn htj
hbr = eeg
hbs acoq acop acoo = pqs ign mac
hbt acoo acop = dlh
hbu = abgh lon frd
hbv = umh adn ynu
hbw acop acoo = ccr
hbx acop acoo = eur
hby acoo = stp
hbz acoo = wtp
hca acop acoo = zcq
hcb acop acoo = qk fqd zee pwl
hcc acoo = ujb
hcd acop acoq acoo = zvq
hce acoo acop = zej
hcf acoo = kwk qbs sdx abhx
hcg = xcq
hch acoo = wcu egg
hci acoo = yma
hcj acop acoo = tdn
hck acop acoo acoq = tcx koo
hcl = acfw gog vjy
hcm = sqj tpi
hcn = waa
hco acop acoo acoq = hdc acbw
hcp = bip lea
hcq = gvs
hcr = anw cbw tsw cgg
hcs acoo = wpr
hct acoo acop = lwn zxs xxm
hcu acoo = acla shv lem pvz lro
hcv acop acoq acoo = wtv
hcw acoq acoo acop = cyc
hcx acoq acop acoo = wck
hcy = krl abuc (uu kri)
hcz = gnl xzg prz
hda acoo = zzi bxp
hdb = lue vwj gy
hdc = ahd trd
hdd acop acoo = aof phd
hde acoo = vrj ebz
hdf acop acoo = gsr abhc
hdg = exw
hdh acop acoo = zhe
hdi = jja
hdj = ytl vfn reg eoa
hdk acoo = ic
hdl acop acoq acoo = fdr
hdm acoo acop = bda
hdn = hah
hdo = sob (dxr opn)
hdp acop acoo = dad
hdq acoo = hze
hdr acoo acop = lbe jm
hds acop acoq acoo = ybz
hdt acop acoo = bwh
hdu acoo acop = acly pvm
hdv acop acoo acoq = jck aarl vrs etw bgj
hdw acoo acop = qpc
hdx acoo acop = slj
hdy acoo acop acoq = rps
hdz acoo = ule acir qpw
hea = jaj
heb acoo acop = iju odm cfr
hec acoo acoq acop = xgc
hed acoo acoq acop = azj
hee acoo acoq acop = pla
hef acoo = qaa xhj
heg acop acoo = qmz
heh = zgd hic
hei acoo = lhj acim
hej = axt
hek acoo = fwh pbk
hel acop acoq acoo = wnk sje jnv skm
hem acop acoo = zjm
hen acop acoo = ias
heo acop acoo = cau mja
hep acoo = umd
heq acoo acop = zav
her acop acoo = ftd (ux xwz)
hes acop acoo = fzi
het acoo = gnz rb
heu acoo acop = cos sms (rxu vxs)
hev acoo = wrs acjr ang egc
hew acoo acop = eoy bis
hex acop acoo = wjd ixz hly
hey = vwi
hez acoo = zhw
hfa acoo = map
hfb = drl
hfc acop acoq acoo = ifj
hfd = iuf
hfe acoo = gjc (opw gpy tqo)
hff acoq acop acoo = rql
hfg acoo = aak
hfh acop acoo acoq = iqo zps
hfi acoo acop = xgh
hfj = iiq os
hfk acoq acop acoo = qas tgo
hfl = gve
hfm acop acoo = mjw
hfn acop acoo acoq = sjl
hfo acoo = mkw rlw acoo wvu fb
hfp acop acoo = tcm aapu
hfq = gt cqb
hfr = nmz msu cfi
hfs = oth
hft acoo = kwz
hfu = zwr
hfv acoo = uhb jqq abhm
hfw = toi oef
hfx acoo acop acoq = rgt
hfy acoo = ooz zqb
hfz = fap
hga acop acoo = vaq qvf
hgb = adb bnv pzq nes
hgc acoo acop = ckz
hgd acoq acop acoo = pak wq gga
hge = ulq rui
hgf acoo = qjk
hgg acop acoo = cth
hgh acoo acop acoq = rpo wvx dkh fcu
hgi = azd dhh
hgj acoo = cmt
hgk = pdr
hgl acoq acop acoo = jma
hgm acoq acop acoo = kpk
hgn acop acoo = new
hgo acop acoq acoo = llv mxz flz cmk
hgp acop acoo = bcj kkl mrp ablq
hgq acoo acop = ieg zct gvb
hgr acoo = dgm
hgs acoo acop = aaex gbb
hgt acoo = cvt
hgu = cxk
hgv acoo acop acoq = irq juw lxg
hgw = dai yul whl ksi
hgx acoq acop acoo = vaj hpr
hgy = epy
hgz acoo acop = aaaj
hha acop acoo = mtw ju
hhb = nyo led ksb
hhc acop acoo = xxb qoe
hhd acoo acop = tkm
hhe acoo = fzc
hhf acoq acoo acop = ysm aatv yud
hhg acoo = smb vmu
hhh acop acoo = kcu jhd (sby dwf) mxo
hhi = abjq
hhj acoo = xfs tme
hhk = mbf
hhl acop acoo = aaus
hhm acoo = xeh
hhn acoo acoq acop = mgx
hho acoo acop = sdl e
hhp = aais
hhq acop acoo = bn
hhr = eeq zfy hnu
hhs acoo = ick dym
hht acoo = xto
hhu = nni wsv naf ore
hhv acop acoo = aajf
hhw = zfr
hhx acoq acoo acop = hk
hhy acoo acop = vyr uff qll
hhz acoo acop acoq = cnw
hia = wai
hib acoo acop = zdd
hic acop acoo = aags
hid = acfn
hie acoo = xxg
hif acoo acop = rcx
hig = aly
hih acoo = nvv
hii acoo acop = la
hij = hzu bui bhv ycd
hik = bie
hil acop acoo = wbg srr cqa
him acoo = jox
hin = hhe cko
hio acoo = ctz
hip acop acoq acoo = qiw
hiq acop acoq acoo = onz ssf
hir = oac byp fkb
his = zwt oni men ses abrz
hit = kjp klt uxb ata
hiu acoo acoq acop = jvi jby ddn
hiv acoo = fxt (njb qsk sfv)
hiw acoo acop = qeg ndy
hix = aaar ppd
hiy acoo acop = gvk
hiz acoo acop = vdx
hja = hqh
hjb = glc mgl
hjc acoo = elg abow
hjd acoo acop acoq = aaub
hje = bkd abvp
hjf = eni jbd np
hjg acoq acoo acop = pke
hjh acop acoq acoo = rsi
hji acoo acoq acop = sua dfi qsu us yut
hjj = ljz ffi ddd
hjk acoo acop = ljh ywd
hjl = lwp jnp isr czm xzh
hjm = cms feo
hjn acop acoo = bon
hjo acoo = egw
hjp acop acoq acoo = aajx zvk pbf ede
hjq acoq acop acoo = egi szq vxi
hjr acop acoo = rgo
hjs = hln
hjt acoq acoo acop = ywo wcz
hju = iki
hjv acop acoo = zfu
hjw acoo = eod abbu gkw tiu izz
hjx acop acoo = fv
hjy acoo = aajm
hjz acoo acop = tda jlt agd ufx
hka acoo acop = mit
hkb acoo = acjd
hkc acoq acop acoo = bqf aaqt awq
hkd = aafq aaec
hke acop acoo = yej
hkf = rhl txw
hkg acoq acoo acop = aagl
hkh = rny
hki acoo = pkb
hkj acoo = ffh ett
hkk = ihz cot bul
hkl acoo acop acoq = jgk
hkm acop acoo = gjj
hkn acoo acop = uop zxn
hko acoo acop = jbn dvt
hkp acoo = gia
hkq acoo acop = epb yuh
hkr acoo = vsu
hks acoo acop acoq = xxk jrb zey
hkt acoo = abeh
hku = jdj pin cww aaod
hkv acoo = acmb
hkw acoo = xof vqi
hkx acoo = ucm cze aare
hky acoq acoo acop = jiu
hkz acoo acop = zto
hla = luw
hlb acoo = ngt
hlc = frn
hld acoo acop = wgz
hle acoo acop = mhy
hlf = aavh
hlg acoo acop = xjs
hlh acop acoo = lpx
hli acop acoo = wkk jcj
hlj acoo acop = aalw row
hlk acoo acop = xdu
hll acoo acop acoq = aabp
hlm acoo = hef eou
hln = vgd
hlo acop acoo = aac
hlp acoo acoq acop = nqk o
hlq acop acoq acoo = abms
hlr acoo = xol
hls acop acoo acoq = lta cgw
hlt = zop jcd vlk frb
hlu acoo = oyp aasa
hlv acoo = jfy rat
hlw acoo = lvg
hlx acop acoo = gis
hly = abjd jwm
hlz = cce
hma acoo acop acoq = shp
hmb acoo acop = abjy
hmc acoo = oou rar psk
hmd acoo acop acoq = ayw
hme = zxj
hmf = drw ufd jci
hmg acop acoo = gmj nuf
hmh acoo acop = yyt reb qoy
hmi acop acoq acoo = fna
hmj = jpi
hmk acoo = zal
hml = vxf rqd
hmm acoo acop = sqc msn jdc
hmn = ckj
hmo = sqx
hmp = hvn kp ucm pri aaxg
hmq acop acoq acoo = uo
hmr acoo = zsq zus abyi abdt
hms acop acoo acoq = rtr gug
hmt acoo acop acoq = abjz euv
hmu acop acoq acoo = ibs
hmv acoo acop = acle
hmw acoo = fub
hmx = jhs dnn
hmy = pdj
hmz acoq acop acoo = yej
hna acoo = alz iwh qys
hnb acoo = ocp
hnc acoo = yb dkw gwa
hnd acoo = bco abu tcc
hne acoo = nsi
hnf = mlh jhl sd
hng acop acoo = iqx
hnh acoo = xiv
hni acop acoo = zfk bon ojr ygp
hnj = fis izu
hnk acoo acop = ghh
hnl acoo = ogz bsb
hnm acoo acop = dvk yum lme xsm wo
hnn = wqn meb
hno acoo acop acoq = oaa pyq ewz
hnp acoo = aagg
hnq acop acoo = vyc vfg vft qiy
hnr acoo = uns pnv (zsr cpn)
hns = jcd mms
hnt acop acoo acoq = pyt
hnu acop acoo = acbq tun abvd tyt
hnv acop acoo acoq = hoi hgx lrg
hnw acoo = rqh wbq acmb wfi
hnx acoo = vtx
hny acoo acop = dpf
hnz acoo = gjo
hoa acoq acop acoo = qqw ooj
hob acoq acop acoo = mas klr qnq
hoc acoo = uan wyx
hod acoo = wgb
hoe acoo = owd
hof acop acoo acoq = kee mog
hog = bda
hoh acoo acoq acop = qag maq spc
hoi acoo = csd (uqy nqk)
hoj acoo acop = riq
hok acoo acop acoq = ybn abic
hol acoo acoq acop = pds etp (eya zmd)
hom acoo = zsb aavl
hon = abxs
hoo acoq acoo acop = pya
hop = ikt
hoq = fgx owx nbh rfg tym
hor acoo = vbd
hos = aapf aapc
hot acoo = itn
hou = hlx owr tzp gve ari
hov acoo acoq acop = zxt absl ypy
how acoo acoq acop = fkb wmq
hox acoq acop acoo = ofv uqi
hoy acop acoq acoo = oow xpn
hoz acoo acop = xyi uz lle fet
hpa acoo = oni (dek xrc)
hpb = yki gdr aavr
hpc acoo acop = hnq
hpd acoo = tay
hpe acop acoo = pib
hpf = deg wee
hpg acoo acop = fia
hph = uxh (hfd wlt kps)
hpi = scf
hpj acoo = wkn
hpk acop acoo acoq = ygf
hpl acoo acop acoq = kdm hbv
hpm acoo = aaue
hpn acoo = jdm
hpo acop acoo acoq = lai
hpp acoo = ppm
hpq acop acoq acoo = eyg
hpr = gjd orw
hps acoo acop = nmn sbf
hpt acoo = hui
hpu acop acoq acoo = yrr go
hpv acop acoq acoo = ey
hpw acoo acop = avj
hpx acop acoo = abhw
hpy = ydm
hpz = iiq
hqa acoo acop = pcm
hqb acoo acop acoq = mfa
hqc acoo = mhc
hqd acoo = rwp vml ztx mew
hqe acoo = whr (tqf tjc dti)
hqf acoo = gph gor
hqg acop acoo = fot hst maw
hqh acop acoo = hbp oqs ham
hqi acop acoo = sst
hqj acoo = djq xsi
hqk acoo = jce pkf
hql = abgx uns mzk (ckx lvo)
hqm = zub
hqn acoo = aava xwq zqj
hqo = uew
hqp acoo = ttx
hqq = eto
hqr acoo = zjl
hqs acoq acop acoo = pat
hqt acoo = yng
hqu = pf
hqv acoo acop = hei obh
hqw = drv
hqx acoo = drw
hqy = abre
hqz = tao hin
hra acoq acop acoo = wzg
hrb acop acoo acoq = pkx
hrc acoo = nv
hrd acop acoo = oxc
hre = nuy
hrf acoq acop acoo = gbj dfd rrr
hrg acoo acop = xne
hrh acoo acop = aajl gss gkd abxw
hri = jsr zke bxx eyw
hrj = aawv hat
hrk acoo = vhg
hrl = lmj
hrm acoo = xhc
hrn acop acoo = pd
hro acop acoq acoo = nlv
hrp acoo acop = pek
hrq acoq acop acoo = tuy byp ktv
hrr acop acoo = bkb
hrs = wjj
hrt acop acoo = zuu
hru = czf goj
hrv acoo acop = e nyk
hrw acoo acop = rrk
hrx acoo acop acoq = iiv
hry acop acoq acoo = olk
hrz acop acoo = sgy cvf ypb bso
hsa acoo = nmm zdr
hsb = hjg tsd
hsc acoo = lne
hsd acoo acop = eqr kwb
hse = cxi
hsf acoo acop acoq = hzp
hsg acoo = abyi
hsh acop acoo = aboo xeh lgf
hsi acop acoo acoq = mlg
hsj acoo acoq acop = yvu eoe qfw
hsk acop acoo = iav
hsl acoo acop = rwl pho aase hdy
hsm = oop
hsn = abgi eum
hso acoo acoq acop = jzd qzz
hsp acoo = aid ssc caa bid
hsq = pgz
hsr = toe
hss acoo = pln
hst = ksf iot
hsu = qzy
hsv acop acoo acoq = cdu tut
hsw = fhi orv hlx
hsx = lne
hsy acoo = jvi hah
hsz acop acoq acoo = lvl vkg
hta acoo = cru
htb acop acoo acoq = aadj gdd bjg npd
htc acoo = uws
htd acoq acoo acop = mle
hte acop acoo = kux
htf acoo = zwi (oia lck)
htg acoq acop acoo = aaes lom mpa pvq
hth acoo = vnj
hti acoo acop = esp
htj acop acoo = mfz
htk acop acoo = wbk lhw zdk
htl = ayq (abmy zbs) nlr
htm = ffx
htn = tok
hto acoq acoo acop = xhb aame
htp = xug
htq acoo = toi
htr acoo = chd
hts acoo acoq acop = tkr mks hhm dpz
htt = iwx cix
htu acop acoo = ckw
htv = ljd
htw = wci
htx acoo = fhp gzm ltm
hty acoq acop acoo = epc
htz acoq acoo acop = fkp ise
hua = yjy
hub = hgy
huc acoo = qpb
hud acoo acop = rga
hue acoo acoq acop = pq
huf = zgs sig
hug acoo = aazf
huh acoo = cki
hui = io zak gmb
huj acop acoo = bhp
huk acoo acop = xxf qfg
hul acop acoo acoq = jbh pdy
hum = acja
hun acoo = pxo
huo = zom
hup = yfo
huq acop acoo = bcs
hur = xqs
hus acoo = nfw qfq
hut acoo acop = uce
huu = hsr sow
huv acoo acop = gpk
huw acoo acop = yc abao
hux = rbc mjw tzw
huy acoo = achi qwn acbk
huz acoo acop = owq heb foh dcp iyj
hva acoo acop = xle
hvb acop acoo acoq = ablx jxf
hvc acoo acop acoq = nky
hvd acoo acoq acop = ucb
hve acoo acoq acop = rcd lhh
hvf acoo acop = aabg
hvg = clv
hvh = wlv mug ejv
hvi acop acoo = syu
hvj acop acoo = rfo
hvk acop acoo = fsz
hvl = sku
hvm acoo = sid bqo
hvn acop acoo = bro
hvo acop acoo = ggu
hvp acoo acop acoq = ybw dwb
hvq = jaq
hvr acoq acoo acop = ihq tdp vnr
hvs acop acoo = uap
hvt acoq acoo acop = eig eot aaph
hvu acop acoo acoq = mgp
hvv acop acoo acoq = rgs
hvw acop acoo acoq = gtm
hvx acop acoo acoq = zqe lkq
hvy acop acoo = hsv rbd bqq hep
hvz acoo acop = foa iih
hwa = xqz xkh
hwb acoo = lif
hwc = uuy
hwd acoo acop = zwj
hwe acop acoo = are
hwf acoo acop = yek
hwg acoo acop acoq = toq iqr (xps pil)
hwh acoq acoo acop = kbt
hwi = iph iph hxs ueb bt
hwj acoq acoo acop = wfz
hwk acoo = seb
hwl = fmu
hwm = wvw
hwn acop acoo acoq = mpk
hwo acoo = frn (gow thz)
hwp acoo acop = pii
hwq acoo acop = eiy
hwr acoo acop = dle
hws = aatc knp lgt shb
hwt acop acoo = fll aaom riq vjz
hwu acoo = oeq
hwv acoo acoq acop = xyd
hww acop acoo = aahu
hwx acoo = gpu ypd vyz xqq
hwy = ahz
hwz = kor
hxa acoo = kar
hxb = yrv thq
hxc = grj
hxd acoo = bpw jts
hxe acoo = qut ljr nht
hxf = kta
hxg acop acoo = jnh
hxh acoo acop acoq = pwr
hxi acoo = fut epz ngd epv eeu
hxj = vqx
hxk acoo = ytn vut abvi
hxl acoo = pbb fle xuv mzb
hxm acoo acop = gmb
hxn acop acoo acoq = stq
hxo acop acoq acoo = jbr
hxp acoo = ofv yny
hxq acoo acop = hv
hxr acop acoo = vlk
hxs acop acoo acoq = woy
hxt acoo acop = lqz
hxu acop acoq acoo = bmt
hxv acoo acop = vai
hxw = ycs gzh
hxx acoo = dd
hxy acoq acop acoo = hjm gfp ykh cjx
hxz acoo acop = doz rhw xgq nvi
hya = sgh
hyb acoo acop = czv
hyc acop acoq acoo = wlq
hyd acoo = acew buf
hye = tx
hyf acoo = abuz
hyg acoo = kkj wdu
hyh = sqn
hyi acoo acoq acop = dvz
hyj acoq acop acoo = oah
hyk acoo = alp
hyl = xz pko ackt
hym acoo acop = abue iac
hyn acoo acop acoq = vze
hyo acoo acop = tal
hyp acoo acop = erk ybr bmy dua
hyq acoo = lla
hyr = uvf krp ytg bue sot
hys acoo acoq acop = boo
hyt = ret
hyu acoo = cyg vnh
hyv = pbg lmm
hyw acoo = ebi
hyx = jps jh vqm dyj
hyy acop acoo = dsq
hyz = nal fck csq aug
hza acoo = zkf mhj n
hzb acoo acop = ucj fkj qzx ibe
hzc acoo = fod
hzd = uyk
hze = ajj tqn ykd
hzf acop acoq acoo = sdq res ksy
hzg = too
hzh acoo acop = csc
hzi = mxg gew en
hzj acop acoo = omd
hzk acoo acoq acop = ald aape njn px
hzl acoo acop acoq = qhr
hzm acoo acop = nps
hzn acop acoo = ueo boy nda
hzo = abkt rts qu
hzp acoo = rhi abro
hzq acop acoo = hcr
hzr acop acoo = qjh
hzs acoq acoo acop = ape fep ohn
hzt acoo = qx
hzu = mxu
hzv acop acoo = rzg
hzw acop acoo = eps
hzx acoo = vvg
hzy acoo acop = mwe
hzz acoq acoo acop = lgr
iaa acop acoo acoq = tnj pqo piv swq
iab acop acoo = dgr
iac acoo acop = qei fp usi flf
iad = aahp
iae acoo acoq acop = khd bqc wcq
iaf = pfw
iag acoq acop acoo = djm zas
iah acop acoo = qyw yxr
iai acoo = jil
iaj acoo = prp
iak acoo = hpw mgu udx gzy fe
ial = suk vlm gee hek xjq
iam = dfj
ian acoo = slc stx
iao acoo = nea ose qrf
iap acoo = bil
iaq acoo acop acoq = aawn z
iar = psd
ias acoo acoq acop = puz
iat acoo = oor mcm urx
iau acoo acop = gje
iav = isv
iaw acop acoo acoq = uig uoh
iax = flb
iay acoo = vue
iaz = brh kmx
iba acoo = nvi
ibb acoq acoo acop = elt
ibc acoo = fhr
ibd acoo = ytq
ibe acoo acoq acop = kdm
ibf acoo acoq acop = ypq
ibg acop acoq acoo = rft yil
ibh = vdd
ibi = lbg
ibj acoq acop acoo = gbj lhy
ibk acop acoo acoq = abhb idv dls
ibl = aoz kzo hdd
ibm acoo acop = ldb pja vmk
ibn acoo acop = yhr
ibo acoo = oog fpr
ibp acop acoo acoq = yfk
ibq = vqi
ibr = kbt
ibs acoo acop = hza
ibt acoo = pea
ibu = ruv tyt
ibv acop acoq acoo = ooo qdd
ibw acoo = iwp jmv
ibx acoo = hbn
iby acoo acop = uoo
ibz acoo acop = aasi glv
ica = mmn aafq ghd
icb = qza
icc = rke
icd acop acoo acoq = aamz uyr occ tew
ice acoq acoo acop = cbs dp
icf acop acoq acoo = gni
icg = yxx dlw
ich = flq zzv
ici acoo = pjn
icj acop acoo = acis
ick acoo = xba
icl acoo = jcl
icm acoq acop acoo = tsa
icn = des
ico acoo = qch
icp acop acoo = uvq
icq acoo acop = pua cir
icr acoo acop acoq = abvr nmq
ics acoo = gdv vun abkh
ict acoo = kap
icu acop acoo acoq = zqq
icv = bxc inf
icw acop acoo = aun
icx acoo acoq acop = wvy cyh dhr eeo
icy = kdz ijf sez sgu mer
icz acoo acop = mrc
ida acop acoo acoq = ejm
idb acoo acop acoq = vbs
idc acoo = iwf pux
idd acoo acop acoq = nnk
ide acoo = rcs
idf acop acoo = abjq
idg acoq acoo acop = yhy
idh = yoi nwp rdg
idi = fvi
idj acoq acoo acop = ycq
idk acop acoo acoq = dik
idl acoo = inw
idm acop acoo = wap pms slz foa
idn acoo = inp abia ddr dek
ido acoo = vbw kpw uuf
idp acop acoo = cjr
idq acoo = vgf
idr acoo acop = mpj
ids acop acoq acoo = cni izi
idt acop acoo = ohd xxf xib
idu acoo = bti iyc qll
idv = gnc
idw acoo acop = tgi yvf
idx acop acoo = gpq klr dcc
idy acop acoo = fvw psw utt
idz acoo acop acoq = khm
iea acop acoo = jwx koq abvt lrt
ieb acoo acop acoq = sef
iec = jjy jxe
ied = anh yhq
iee = pkz azu qwp
ief = gil clt
ieg acoo = ycb
ieh = rmu iio aawx zab
iei acoo = ljb
iej = ilf
iek acoo acop = ckv
iel acop acoo = cqq
iem acoo = ibj
ien acoo acop = eqy
ieo = qhj zlj
iep acoo acop acoq = mwp pya
ieq acop acoo acoq = owk
ier acop acoo = zgb elg
ies acop acoo = rfl cbc
iet acop acoo = vab
ieu acop acoo = acei
iev = ciu
iew = abgt ftv aahq sen wiy
iex acoo = gua ira
iey acoo = achy rit
iez acoo = lsq
ifa acoo = kha
ifb = zju whi
ifc = jlu xcw
ifd acoo = kzf
ife acoo acop acoq = vja ump qlm ebr abyn
iff acop acoo acoq = lbw apr ved ztl
ifg acop acoo acoq = gsa
ifh acoo acop acoq = trs
ifi acoq acoo acop = vll
ifj = pur
ifk acoo = mnf fok vtz (qmr irv)
ifl acop acoo = ooz xfx
ifm acop acoo = ywz uvv oim nl yyw
ifn acoo acop = xak acep gno
ifo = xyt ybx olx
ifp acoo = lfd ozb
ifq acoo acoq acop = lvs (yao qdc)
ifr = vdb wam ojj xqf hnx
ifs acoo = jnz
ift acoo = gkl
ifu = kym
ifv acoo = def
ifw acoo = hdr tfj
ifx acoq acoo acop = qfm
ify acop acoo = kgm (biu wes)
ifz acoo = wtj kgg xmd bzl
iga acop acoq acoo = czq
igb acoq acop acoo = tiz
igc = ovc
igd acop acoo acoq = xzc
ige = kcn
igf acop acoo acoq = aaen oni arf
igg acoo acop = aanc
igh acop acoo = doo kid wlm
igi = tvg acjq hkf
igj acoo acop acoq = rdb
igk acoo acoq acop = oxd
igl = aaem phr
igm acoo acop = eex
ign acop acoo acoq = mhd ken
igo acoo = uht
igp acoo = zew qsv tpv
igq acop acoo = phn
igr acoo acop = prd
igs acoq acoo acop = vrf
igt acoo = absf dvj job
igu = per zst pqs gva
igv acop acoq acoo = abuc pfe
igw acoo = zar spw
igx = txh mfo ilr wyh bbq
igy acoq acoo acop = llw
igz acoo = qym
iha acop acoq acoo = wxl xfq
ihb acoq acoo acop = mjw qwc
ihc acoo = lnu
ihd acoo acop = bzv cmq
ihe acoo acop acoq = hlu abb ffu
ihf acop acoo = dlf frn qke zta
ihg = abtf
ihh acoo = hgz bqe
ihi = fva zza
ihj acoo acoq acop = hfg rvm
ihk = qzl
ihl = how
ihm = bnt
ihn acoq acoo acop = yqy whq
iho acop acoo = dzs qen tin
ihp acoo = pa
ihq acoo = etk
ihr acoq acoo acop = vzz fse dhq tya
ihs acoo = lwl qaq acfr
iht acoo = cyc aamm qqy
ihu acop acoo = jxu utk yrs zwr
ihv = deg eyv pqq
ihw acop acoq acoo = idy yyf vyx fef
ihx acop acoo = rvo
ihy = ifo xir vgh fnw
ihz acoo = ojh
iia acoo = aok tzp
iib acop acoo = dac pqw zlk aaam
iic acop acoo = acle emd
iid acoo acop acoq = wva awh
iie acoo = xyw gal
iif acop acoq acoo = wqi abnf
iig acoo acop = vqn pfv
iih = dhz tmb vsv fph upj
iii acoo = unm pve
iij acoo = cyo
iik = gfw
iil = eqw
iim acoo = psb cxd
iin = qpi
iio acop acoo = bgk uzd
iip acop acoo = okd zfs
iiq acoq acoo acop = fhv iyu vem
iir acop acoo acoq = vee enj ant cmw
iis acoo acop = cdu qjh
iit acoo acop = cqp
iiu acoo acop = hwd
iiv = bxh
iiw acoo = hjl gbi fog aafx
iix = abcq
iiy acop acoo = zah
iiz acoo acop acoq = kc
ija acoo acop = ezu
ijb acop acoo = paq
ijc acoq acoo acop = stl eet
ijd acop acoq acoo = npt
ije = aalf abge tpd
ijf = xgo (ofl kfd)
ijg acoo = doe
ijh acop acoq acoo = gmm omc
iji = ejv
ijj = kjy npl aaeq
ijk acop acoo = acii
ijl = mle mnz
ijm acoo acop = cas nwv xgh lgz
ijn acoo acop acoq = xfl lxs
ijo acoo = nea pvb qyh
ijp acop acoq acoo = dgu
ijq = vrw zjf
ijr acoo acop acoq = fbp wpq
ijs acoo = mqr
ijt acoo acop acoq = abtl qly mpx
iju = fcb
ijv acop acoo = aee
ijw acoo = uxh
ijx acoo = ngg njp
ijy acoo = qpg eeg wvv bfj lsd
ijz acoo = dyo
ika = gso
ikb acoo acop acoq = abey
ikc acoo = ctx
ikd = qri
ike acoq acop acoo = pwn fkp
ikf = voz
ikg = ndj sbo kgq cpq
ikh acoo acop acoq = eld
iki acoo acop = goh
ikj acop acoq acoo = ixt
ikk acoq acop acoo = abdh
ikl = nhs
ikm acoo = hdf dnd hwx
ikn acoo = rbp kch wra aahn jqr
iko acoq acop acoo = pnn fko wrv hio faw
ikp acop acoo = ocl
ikq acoo = yaf
ikr acoq acoo acop = vir nsd
iks acop acoo = vht qxx smd
ikt acop acoo acoq = uif
iku acop acoo = guz tgz
ikv acoo acop acoq = gmr
ikw acoo acop = ivg
ikx acoo = ntx jsc
iky acop acoo = bez
ikz acop acoo = gnw
ila = iad
ilb acoo acop acoq = ibb
ilc acoo acop = ehy
ild acoo acop = qtz
ile acoo acop = acoe ryc kec sgz
ilf acoo acoq acop = acoq
ilg acop acoo = fsz
ilh acop acoo = wcl mpr
ili acop acoo acoq = ban
ilj acop acoo = bgj hco vum ddg
ilk acoq acoo acop = rhv
ill = dqq
ilm = rys pum
iln acoo acop acoq = quk szt vcm
ilo = ngx nqs
ilp = dvw
ilq acoo = bbz
ilr acoo = lcp pot rzw
ils acop acoo acoq = epg fop yge
ilt acoo = ypj
ilu acoo acop = tfw
ilv acop acoo = sea otq hfo
ilw acop acoo = szs wnm trn
ilx acoo = aaje
ily acoo = kcf
ilz acop acoo = rrl ahg euc
ima = okq
imb acoo = cvu www ktt
imc acop acoq acoo = aad
imd acoo acop = vnt
ime = zht bcn
imf acoo acoq acop = niw
img acoo = qas oyt
imh = dw cje psa etw
imi = xiy hbc eiu
imj acop acoo acoq = tyt tw
imk acoo acop acoq = buu lyj
iml = xqy
imm acoo acop = zaw qmb ica acma
imn = nsm zet gdz
imo = ej
imp = pgh
imq acop acoo = acew fay
imr = ud qce skz
ims acop acoo = jc
imt acoo = lic ywq
imu acoo = ueu lzv
imv acop acoq acoo = mvb nha
imw acoq acoo acop = aarr
imx = klq
imy = gjx
imz acoo acop acoq = ebc
ina = ave qqt qec
inb acop acoo = dma wxd
inc acop acoo acoq = jpc yn emt
ind = xro
ine acoo acop = smx wgv xao dgf
inf = xrq
ing acoo = abzd
inh acop acoo acoq = hou
ini = wtf
inj = aard
ink = vmf
inl = oot
inm acop acoo acoq = aart
inn acoo = aaaf wjk ynt
ino acoo = vpc
inp acoq acoo acop = vfd
inq acop acoo = mvp
inr = aaiw ren ghp
ins acoq acoo acop = pja aavs gdt
int acoo acop = onr
inu acoo = ims
inv acoo acop = rci qgo
inw acop acoo = mor
inx = tma (mpe xre spg)
iny acop acoq acoo = zge
inz acop acoo = aajr
ioa acoo acop = acln
iob acoo acop acoq = abcs fdc aazh
ioc acop acoo = awu
iod = dit nnj
ioe acoo = poe
iof acoq acoo acop = kdq
iog acoo acop acoq = wjf
ioh = wye
ioi acoo acoq acop = mux kwv
ioj acoo = rsq
iok acoo acoq acop = jle otf xsv
iol acoo = aij
iom = uoq jzo
ion acoo = zzh mis cig eog vbi
ioo acop acoo = txd pgi
iop acoo acop = kvg
ioq = aqy
ior acop acoo = aaxk
ios acop acoo = xcp pn
iot = kyi jsk hwg jui
iou = kwx
iov acoo = akj crc xwi
iow = azt
iox acoo = ygb
ioy acoo acop = kzb pug
ioz acop acoo acoq = ilz chh ggy abtj
ipa acoo = wek
ipb acoo = kgo jzh mbz
ipc = ttk
ipd acoq acoo acop = evc irl
ipe acoo = sqo aafr
ipf = achw epf map xbv
ipg acop acoo acoq = aaa
iph acoo acop = baq jyy nak
ipi acoo acop acoq = sqo acdf nvb
ipj acoq acop acoo = mrd eqq
ipk acoo acop = jys (afs kbn mgu)
ipl acop acoo = xas
ipm acop acoq acoo = kyx
ipn acoo acop acoq = kij
ipo acoo acop acoq = pnh grv aa
ipp acoo = svp vkz
ipq acoo acoq acop = cai fhd mbn cpo
ipr acoo acop = aazd
ips acop acoq acoo = xlq hme oad ovo wwy
ipt acoo acop acoq = aayy aqu feq
ipu acoo acoq acop = din rqy
ipv acop acoo = bzk tm
ipw acoo = tho zex
ipx = aasx
ipy acoo acop = bdq
ipz acoq acop acoo = rra nbn
iqa = aber fqz
iqb = mrr nvx aip
iqc acoo acop = awf
iqd acoo acop = aayz
iqe = wfy
iqf acoo = bjm sfu zeg
iqg acoo = nqq
iqh = acjk cca iqe naa jfw
iqi acoo = tjc abpe iy vyq fkh
iqj = byb
iqk acoq acoo acop = wbn
iql acop acoo = xij aazs lta
iqm acop acoo = lin nrw
iqn acoo = dil nbw lf tgd
iqo acoo = nsh aaed
iqp acoo acop = iqf
iqq acoo acop = aaxg whx
iqr acoo = abcw
iqs = kdm tit ikr wmy
iqt = hnu
iqu acoq acoo acop = wqa
iqv acoo = acbs qlm hft
iqw acop acoo = vyy qhp
iqx acoq acop acoo = hvj
iqy = goh
iqz acoo = tui
ira acoo = uca rhl dkw pks
irb acoo acoq acop = acdz
irc acoo = edv ro yhd
ird acoo acop acoq = ej uvn aix dce
ire acoo acop acoq = dql
irf acop acoq acoo = eld
irg acop acoq acoo = abxk abcx
irh acop acoo = dqx
iri acoo acop = yea
irj acoo acop acoq = eja
irk = vlm kam zvc iae
irl = nqj gui
irm acop acoo = ywu
irn acoo = oll zze qja
iro acoq acop acoo = awn
irp acoq acoo acop = eey
irq acoo acoq acop = efj gke udc iuo
irr = vau
irs acoo acop = aaoj
irt = dgu (bss aark)
iru acoo acop = vwi
irv acoo = abav acjb
irw acoo = zbm dep
irx = dbn zup aboa
iry = pqx lpl ifw eon
irz acoo acop acoq = xxz
isa acop acoo acoq = tqs (tzm enm exw)
isb = ilm
isc acop acoo = bij
isd acoo acop = lai hye khj
ise = ald
isf acoq acoo acop = wmh
isg acoo = stz
ish acop acoo = tbw tsn
isi acop acoo = bmb
isj acop acoo = hlo zuq mcj
isk acoo = yeb
isl acoq acop acoo = ljm
ism acop acoo = ykw
isn acoo = awr now pzi iru woj
iso acop acoo = gje kmz
isp acoo acop = lnm trf
isq acop acoq acoo = zyg dyo ema
isr acoo = aaw xiv ctl
iss acop acoo = kcr zyu
ist acoo acoq acop = y ttl bbi
isu = uts
isv acoo = gfl pqc
isw = uta qfn
isx acoq acop acoo = vmv
isy acoo acop = afv acex lru jaw
isz acoo acop acoq = pwy
ita = qzs
itb acoo acop = hia
itc acoo = hqj
itd = rij
ite acoo = abvm
itf acoo = abpq
itg acop acoo acoq = onz abaw
ith = iqc
iti = vep
itj acop acoo = xjm iub zze
itk = vot fdz ybw czh
itl = zxn
itm acoq acop acoo = odf
itn acoo acoq acop = gsm qba
ito acop acoq acoo = yrk
itp acoo = rim
itq acoo acop = aav
itr acoo = nlt
its acoo acoq acop = abmi
itt acop acoo = achp
itu acoo = ache aalo xze lgb kwe
itv acoo = lvo abfh sje ufd
itw acoo acop acoq = qli
itx acoo acop = avg
ity acoo = hye
itz acop acoq acoo = hvj fig ihi boe
iua acoo acop = xnq
iub acop acoo = gcl
iuc = qxo fgx pkl
iud acop acoo = gom xnv dan ackm
iue acoo acoq acop = xbg
iuf acoo acop = alg
iug = srl
iuh acoo = gpx hws
iui acoo acop = vpa
iuj acop acoo = sdt
iuk = fjg
iul = rox
ium acoo = sgj ong xfz xmy
iun acop acoo = ldt
iuo acoo acop acoq = oku
iup acop acoo acoq = abcm
iuq acoo acop = cuu
iur acoo acop = kyy (mnf yim tnn)
ius acoo = ea
iut = kuh
iuu acoo = xeq jlf
iuv acop acoo = wut
iuw acoo = mdx
iux = sna acgp (nxf achg)
iuy acoo acop = ptc
iuz = lvz fit slc twr
iva = aana aml wu vrf
ivb acop acoo acoq = nwq vte tvi
ivc acoo = abxg dek sek boc
ivd acoo = jhf ekw yvt uoh
ive acop acoo acoq = abt
ivf = mvq aceh
ivg = aani
ivh acoo = xme
ivi acoo = bpq njd
ivj acop acoo = qgu
ivk acop acoq acoo = trn (bnl xim)
ivl = zdf lew exh cbc
ivm acoo acop = jle bot ope ackk
ivn acop acoo acoq = blv aie
ivo acoo = iam bso
ivp acop acoq acoo = ahz nem
ivq = usg ccg
ivr acoo = cg
ivs acoo acop = tbh
ivt = gwa
ivu = grp woq
ivv acoo acop acoq = ebw
ivw = syp egv
ivx acoo = suh
ivy acoo = tdt
ivz acoq acop acoo = abjo
iwa = ackz
iwb acoo = fny
iwc = rsk mwn fex
iwd = vdq
iwe acop acoo = oln
iwf acoo = ctv
iwg acoo = emg
iwh acop acoq acoo = bve ndf yuu
iwi acoo = kmv
iwj acop acoo = aajw (phv zbo pdx)
iwk acoq acop acoo = gk xnl
iwl acoq acop acoo = dqd
iwm = sxt ozr
iwn acoo = qie pjd
iwo acop acoo = aho
iwp acoo acop acoq = doy
iwq acoq acoo acop = psa
iwr acoo acoq acop = rda bgz
iws = dmb
iwt acoo = zad
iwu = jlo
iwv = wfc smy acaa lxl
iww acop acoq acoo = ulx tsw hkw
iwx = jhr ksz
iwy acoo acop acoq = oet
iwz acoo = njx zdn mwi
ixa acop acoq acoo = abpm
ixb acoo acop = xkw
ixc acoo = uok
ixd = sth
ixe acop acoq acoo = abbv zva
ixf acop acoo = otw ibw whq
ixg acop acoo acoq = xqk
ixh acoo = igk
ixi acop acoq acoo = uml ezw dcl sjc
ixj acoo acop = lnw
ixk acop acoq acoo = rap
ixl = zov ohm
ixm = aaqi emh kis elq
ixn acoo = xwi
ixo acoo = loc cy vfe jgb
ixp = ose hrd syw wln
ixq = sys abmw xxv
ixr = chc xgt fi
ixs acoo = glv
ixt = jwf
ixu = xun (acmd oyr tff)
ixv = wvz
ixw acop acoo = otu oua
ixx = jhz abxa aaip
ixy acoo = abev abaz
ixz = ghe
iya acop acoo acoq = fki afw iax zi
iyb acoo acop = ill
iyc acoo acop = lnj
iyd acoo = kml ojn fqg
iye acop acoq acoo = acop
iyf acoo acop = mn kje
iyg acoo = fvi
iyh acoo = ctl
iyi acoo = dow
iyj acop acoo acoq = bq dre xwp
iyk acop acoq acoo = rhl rkw
iyl acoo acoq acop = dvv
iym acoo acop = aalz yoc
iyn acoo = sxk
iyo acoo acop acoq = rzd
iyp acoq acop acoo = vbe uht
iyq acoo = dji
iyr = rqa
iys = pvg ovz lep nrp
iyt = lgx
iyu acoo acop acoq = wua
iyv = fvr
iyw acop acoo acoq = ago
iyx acoo = qxu
iyy acoo = yod abvx ovu
iyz acoo acop = cyi apt ehe mid acmo
iza acoo = nho xkw gjh
izb = nvj
izc acoo acop = reh brc
izd acop acoo acoq = knl jct
ize = aum ill qmh
izf acoo = abjx pqh
izg acoo = lhc xoy iuu
izh = bxe
izi = tkn rbk
izj acoo acoq acop = ulh hpb oa
izk acoo = ijn
izl acop acoo = jxp xvv hxa rqy ivv
izm = hff
izn acoq acoo acop = ifx uqc
izo acoo = dzh lxe (bf pes)
izp = nui cxl (gsx aqn)
izq acop acoq acoo = vfn pjm
izr acoo = hih
izs acoo = byy
izt = sph
izu = jgz dek
izv acoo = ute
izw acoo = aauw
izx acop acoq acoo = ufv ypq fah iio rvm
izy acoo = nye
izz acoo = nza syd aio fmg mjf
jaa acoq acop acoo = dsb
jab acoo = xbl
jac acoo = aox cmc
jad acoo = swh
jae acoq acoo acop = tfw
jaf acop acoo acoq = zno
jag acop acoq acoo = rmu vgf unf ymc
jah acop acoq acoo = zzy
jai acoq acoo acop = wwb
jaj acop acoo = pps
jak = vnl
jal acoo = nii aacs
jam acoo = vny tnc
jan acoo = tzi
jao acop acoo = gxu
jap = aabo
jaq acoo = rye
jar acoo acop = dmo
jas acoo acop acoq = idz
jat = rgx
jau = xbi sko
jav acoo = cfn
jaw = iny gag zzh
jax acop acoq acoo = wjh
jay acoq acoo acop = cis nvq mcl ejl qrj
jaz acoo = ivt
jba acoo = qdi
jbb acoo acop = dwp
jbc = dv
jbd acop acoo acoq = bvt lkb dmi
jbe acop acoo = ukp
jbf = ydv
jbg acoo acop = cxa asl ppx kvl
jbh acoq acop acoo = hpw (dex aeg)
jbi acoo = mgn wxa qsx
jbj acoo = tob
jbk acoo acop = kyk
jbl acoo = slb jvh
jbm acop acoo = nla
jbn acoo = xle cno
jbo acoo acoq acop = vfp
jbp = zxc
jbq acoo = cxo
jbr = isi tsw
jbs acoo = fhh
jbt acop acoo = cvi
jbu = nzr
jbv = gbl
jbw acop acoo = tfy opl
jbx = msb
jby acoo = hsj (rnx zjb)
jbz acop acoo = dzq vip tkj jxi
jca acoq acop acoo = abmj
jcb acoo = xxk
jcc acoo acoq acop = apm
jcd acop acoo = nbn
jce acoo = ana
jcf acoo = lmh
jcg acoq acop acoo = yxb
jch acoo = aaux apx
jci acoq acoo acop = xht
jcj acoo acop acoq = cmf
jck = xcn abmp
jcl = xey
jcm = tiq
jcn = efa
jco acoo = bzq
jcp acop acoo = gmu
jcq acoo acoq acop = oya kcd hko
jcr = nuy tca aapx
jcs acop acoo = abxt
jct acoo acop acoq = rfh
jcu acop acoo = pnk nwp mtk abad
jcv acop acoo = roa urn
jcw = zrn
jcx acop acoo = fxs nba yif dfi
jcy acoo acop = lvn vza
jcz acop acoo = fvk syh lvz cpa
jda acoo acop = ah cfa dde ute bjn
jdb = kob qmt
jdc acoo = aaev iss ump
jdd acoo acop acoq = sgs
jde acoo = dvc
jdf = wnx acdf cm
jdg acoq acop acoo = kzp
jdh acoo acop acoq = abb uee
jdi acoo = olt
jdj acop acoq acoo = abpb
jdk acoo = vyt
jdl acoo acop acoq = tym
jdm = aasz
jdn acoo = xju mqm
jdo acoo acop acoq = bca fuj oiq
jdp acop acoo = grp rjo
jdq acop acoo = qmu
jdr = vfk
jds acop acoo = dgp qfc qwl (aalz qxa)
jdt acop acoq acoo = eor
jdu acoo = qmi pn
jdv = ehi
jdw = hep
jdx acoo = yqn
jdy acoo = gwy srk ecq aqp rvi
jdz acoo acop acoq = nfn
jea acoo acop = xyr
jeb acoq acoo acop = gvs
jec = ihc
jed acoo acop = lu
jee acoo = yvo led dzk fbz
jef acop acoo = ovm
jeg acop acoo = nlk lac
jeh acoo = aagg
jei = jet aog
jej acoo acop = jam
jek acop acoq acoo = efv
jel acoo = qbh
jem = fis
jen acoq acoo acop = kvn gln
jeo acop acoo acoq = yjr pqp
jep acoo = sdt ulm kqb
jeq acoo = iwq
jer acoq acop acoo = bei dxl nas gac
jes acop acoo = ipz
jet acop acoo = sig vmk dlu
jeu acop acoq acoo = iz tfd hdv nwm
jev = axq
jew acoq acoo acop = tfv oqd
jex acoo acop = vbm
jey acoo = jvr
jez acoq acoo acop = dod
jfa = moe
jfb = joi
jfc acoo = tvz yqx aty svz
jfd acoo acop acoq = wk
jfe acoo = wor dor sis
jff acoo = nik qmm
jfg = pyk onv
jfh acoo acoq acop = qrb edm whj
jfi acoo = qkw zbh phc anq wpw
jfj acoo acop = abty
jfk acoo acop = mjp fwb
jfl acop acoq acoo = tbo ycm ww nkb
jfm acoo = vya
jfn = rud pap (lkc zof)
jfo acoo = fgm vyl
jfp = bvl ih
jfq acop acoo acoq = aacu
jfr acoo acop = rhj hwd jez fan zqd
jfs acoo = nrk hw kmi
jft = dbs
jfu acop acoo = zml
jfv acoq acop acoo = tsl
jfw acoo = ljg ipw jwz
jfx acop acoq acoo = jzp
jfy acoo = afj cwl
jfz acoo = bqz
jga acoo acop = aawj
jgb acoo acop = qky ibw tbg
jgc = wzh
jgd = ogm
jge acop acoo = tcb uia
jgf acoo = dnq
jgg acop acoq acoo = ohz
jgh acoq acoo acop = gut
jgi acoo = wtq egf
jgj = bvl
jgk = bst nji
jgl acop acoo acoq = lhn gfa
jgm acop acoo acoq = rxg
jgn = lpo
jgo acoq acoo acop = bwd dqo
jgp = don
jgq acoo acop = rxf
jgr = aain
jgs acoq acop acoo = m
jgt acoo = ith eyi
jgu = nqu
jgv acoo acop = ayf
jgw acoo acoq acop = ppe xkt
jgx acoo = xzf
jgy acoo = btl
jgz acoo acop acoq = ori
jha acoq acoo acop = rkv ogd edy iic
jhb acoq acop acoo = pxh avc bif
jhc acoo = cwr acdk gtt
jhd acop acoo = qrx eqz yqg
jhe acoo acop = nkt afd
jhf = ei
jhg acoo = xvt
jhh acoo = hhk utx
jhi = gpp mpq
jhj acoo = hnf tyh aaf tds
jhk acoo = nje
jhl acoo = gcb
jhm acop acoo = asm hzq
jhn = mpw
jho acoo = iyh
jhp acop acoo = ax
jhq acoo acop = qaq akd ahg uxt
jhr = goc
jhs acoo acop = les xlt fse evb
jht acop acoq acoo = ch iun ln
jhu acoo acop acoq = dnu
jhv acoo = ylx
jhw acoo acop = kpv (ypa auy)
jhx acop acoo = out kga ht
jhy = xry ilx dgf tah
jhz = toq
jia acoo acop = hqy
jib acoo = mcv rgn mca
jic acoo = aciq
jid acoo acop = gwr
jie acop acoo = vri
jif acoo acop acoq = bf xxx
jig acoq acoo acop = cch
jih acoo acop = dtv pxy
jii = vwk
jij acoo = dsw
jik acop acoo = ghq
jil = kf
jim acop acoo = aant
jin acoo acop = vrp
jio acoo acoq acop = wag
jip acoo acop = war
jiq acoo acop = abhq
jir acop acoo = laq
jis acop acoo = evk
jit = evg
jiu = drr
jiv acoo = epr
jiw acop acoo acoq = jim
jix acoo acop = ibg kan ctl
jiy acop acoo = czt aash sus bhz
jiz acoo acop = htx aadi qrz
jja = aahq
jjb = abdy
jjc acoo = vls
jjd acop acoq acoo = jhs
jje acop acoo = mvg
jjf acoo = aanx
jjg acop acoo = aatj
jjh acoq acop acoo = oil kac
jji = mva
jjj = vcl
jjk acoo = acko ekg (ozq lpl)
jjl = lxh dvy
jjm acoo acop = cry flr (tbs kuk)
jjn acop acoq acoo = off
jjo acop acoo = usu ill sue elb
jjp acop acoo acoq = qre
jjq acoo = pmy cz cgj (hsz pye)
jjr acoo = jzp
jjs acoo acop = cyd pzg ssh qog
jjt acop acoo acoq = bet pjv
jju acoo = kyy
jjv = moc
jjw acop acoo = yev
jjx acoo = mtw mej tbo
jjy = xiv
jjz = zmv
jka = fu
jkb acoo = erz
jkc acoq acop acoo = ocr
jkd acoo = lso isc zos gcm aapi
jke = dob
jkf = rcb
jkg acoo = lcx
jkh = heo gli fze
jki acop acoq acoo = dwf
jkj acop acoo = cje kok vwk ecj
jkk acoo = dfk
jkl acop acoo = fwy owg yon
jkm acop acoo = syf
jkn acoo = abvh
jko = aaa
jkp acoq acoo acop = oix fyy iry
jkq acop acoo = ibp lmn
jkr acop acoo acoq = ibp
jks acoq acop acoo = xva
jkt acoo = vmn
jku = aazm uxn ybv pmz vqv
jkv acoo acop = imf
jkw acoo = aadi czh hrm yvq
jkx = xak
jky acop acoq acoo = lct
jkz = fxf
jla acop acoo = zlj
jlb = uoe
jlc acop acoo = uvb abd aadb sdi hme
jld acoo = kcy yas
jle acoo acop = xz jry pja
jlf acoo = aacy dhv ytu
jlg = aon
jlh acop acoo = fuc
jli = qro aaju
jlj = jl
jlk = rrh wad ixt gxe ffv
jll acop acoo = qvo
jlm = vwx
jln acoo = dtm
jlo = ktw oap
jlp acop acoq acoo = ovy dgf
jlq = ddr imj mcs rev
jlr = abfu
jls = fek
jlt acoo = yym ukf orp ckd
jlu acoo = abxl
jlv acoo = vwd mgy ifv uya
jlw acop acoo = cmo
jlx = nlw
jly acoo = bgz
jlz = xrb
jma acop acoo = jmr kyw ofu
jmb acoo = izi nhs
jmc acoo = lze arh mqm oi
jmd acoo = keh
jme acoo = vlr nht
jmf acoo = dyy
jmg acoo acop = bxt oqe aawx
jmh acop acoo = fbn
jmi acoq acoo acop = eiy rqc gps
jmj acoq acop acoo = nej yrh trx
jmk = ttv
jml acop acoo = jua pye iln
jmm acoo acop = rsg ruz skw qmq ljy
jmn acoo acop = ctj (xig uiy)
jmo acoq acop acoo = acdw bbe pds
jmp = wqj
jmq acoo = wqu
jmr acoo = uhp
jms acoo acop = mgm sfq qdd
jmt acop acoq acoo = iob
jmu acoo acop acoq = kcy jzt
jmv acoo = ouo bkz
jmw acop acoo = exk uet ruz ret
jmx acoo acoq acop = kcg
jmy = abfz (pmb vet)
jmz acoo = qro
jna = vlv alc mbh pyl
jnb acoo acop = mda
jnc acop acoo = hyw tmp nat
jnd acoo = vlq
jne = vpy dve lug
jnf acoq acop acoo = vil dqc
jng acoo acop = di re
jnh acop acoq acoo = abci wsv
jni acoo = num
jnj acoo acop = idn
jnk = myu
jnl = glo (abkq ywy xxa)
jnm acop acoo = tug
jnn acoo acop acoq = ple
jno = lfu avc
jnp acoo acop acoq = ltd dui phi
jnq acoo acop acoq = zuj
jnr acoq acop acoo = ixj
jns acoo = mvr
jnt acoo = swo qcm
jnu acoo = xal
jnv = dsh
jnw acoo = kly
jnx acoo = tm
jny = qmb xeo
jnz acoo acop = jso
joa = pow aaev ole
job acop acoo = qwx qgv lzn
joc acoo acop = tdr
jod acoo = qrn
joe acoo = yhn
jof acoq acoo acop = hbl aags
jog acoo acop acoq = etb
joh acoo acoq acop = lht abog
joi = aclq
joj acoq acop acoo = pko pld nbj hgx xdo
jok acop acoo = lcg
jol = mjq
jom acoq acoo acop = ytj
jon acoo acop = zsm orn nnw
joo = kmw xmx dam npi
jop acop acoq acoo = acaz
joq acoo = wtr pys
jor = htg jjh
jos acoo = baz yso qum
jot acoq acoo acop = abcx iei
jou acoq acop acoo = oza
jov = aayf tce
jow = pyt nva
jox acop acoq acoo = qpj bkg
joy acoo = wss qsr iod jyr ttc
joz acoo = ezs
jpa acoo acop acoq = cyl
jpb = ffs kmz axt
jpc acoo acop = kfc
jpd acoo acop = xqq
jpe = ckj
jpf acoo acop = bsw one vij
jpg = lei
jph = aanw wmw dkc pmk fif
jpi acoo = aarq gnl wlh qrc
jpj acoo acoq acop = aanq
jpk acoo acop = kyp awk (oco fio)
jpl acoq acop acoo = erh
jpm acoq acoo acop = abvs abr
jpn acoo acop = trm
jpo acoo = jvo ygy esj
jpp acoo acop = srk
jpq acop acoo = dkm
jpr acoo = aafa aazk
jps acoo = ikv
jpt = azn kgz
jpu acoo = upn png
jpv = ihs
jpw = png
jpx acoo = aaua pdd rjz
jpy acoo = aaeh xtq avx
jpz acoo = ee
jqa = sup
jqb acop acoo acoq = bjb jxw gxq
jqc acoo = yhw
jqd acoo acop = abik
jqe acop acoo = zne
jqf acoo = gyp dww qcl
jqg acoo = xv (hpe (aaku til) bxq)
jqh acoq acop acoo = ablg oap
jqi acoo = bbr
jqj = rnl
jqk = mao
jql acoo acoq acop = pnx
jqm acoo = aboz eez api
jqn acoo acop = jfl tfq
jqo = lhm
jqp acoo acop = ozd
jqq acop acoo = waq
jqr acop acoo acoq = mhl
jqs acop acoo acoq = its
jqt acop acoo = abxp (krs hnd) gfq
jqu acoo acop = lee ttp dvo
jqv acop acoo = ifx
jqw acoo acoq acop = hqo
jqx acoo = iod msl ght aj
jqy acop acoo = bzq dpb abix
jqz acoo acop = hma cqx
jra = dur
jrb = hpx wqn aaoc aayz
jrc = laf
jrd acop acoo = hcy nyk
jre acoo = jhv kmv
jrf = aakf phi nbo
jrg acoq acoo acop = xes
jrh acoo = abwr vvh abwy iyl
jri = rxq
jrj = ecl
jrk acop acoq acoo = pyb
jrl acoo acop acoq = itd gcu
jrm acop acoo = cwo (ocx wjs) urf acn
jrn acop acoq acoo = ycz ukq ypm
jro = quf ajh ypv
jrp acop acoo = pvi
jrq acoo acop = bgq fy
jrr acoo acop = trn
jrs acoo acop = xkq abot jbh
jrt acoo acoq acop = zre
jru acoq acoo acop = ssw
jrv acoo = vvk zsd
jrw acoo acop acoq = uvf
jrx acop acoq acoo = tqb
jry acoo = djn ut xby sii ltr
jrz = knd
jsa acoq acoo acop = yfm
jsb acop acoo = ggd
jsc acop acoo = nit kbx
jsd = wpr
jse acop acoq acoo = ena acgn fzn
jsf = fxw
jsg = tgk
jsh acop acoq acoo = owm
jsi acoo = fnh
jsj acoo acop acoq = aank
jsk acoo = dzz
jsl acoo acop = jzy ppv brw vzg
jsm acoo = otc xbv
jsn = bzv vcz ayo wdl
jso = wiy qeh
jsp acop acoo = ryf
jsq acoo acop = xkg
jsr acoo acop = hym
jss = nnk aacz qaz
jst = vqr
jsu acop acoo = bwx zzh
jsv acoq acop acoo = zib
jsw acoo = zzm
jsx acoo acop = ilo wsw
jsy = qum bgy iqi wmy abid
jsz acoo = rdj
jta acoo acop acoq = ofy pir uos
jtb = ymh
jtc acop acoo = fvg
jtd acop acoo acoq = zrw
jte acoq acop acoo = niw
jtf = dgs scl sia
jtg acoo = cef
jth acop acoo = rdf
jti acoq acop acoo = kyp
jtj acoo = wyl
jtk acoo acop = msf zic grk
jtl acoo acop acoq = kwc fgo
jtm = dm uvs
jtn acop acoo acoq = ee
jto acoo = ntv
jtp = vvu
jtq acoq acop acoo = hks
jtr acoo = puy qle
jts acop acoo = yjj aaii
jtt acoo acoq acop = dqe
jtu acop acoo = sgp
jtv = abeh
jtw = xhl
jtx acoo = dik ias
jty = udn
jtz = tax
jua = bjr
jub = gsi
juc acop acoq acoo = tap inx
jud = jno
jue acoq acoo acop = amn kbi
juf = yrb
jug acop acoo = ovd
juh = wjh
jui acoo = ere pys
juj = vxs acdb
juk acoq acoo acop = sun aadl cao egu
jul acop acoo = qzu
jum acop acoo = aaua
jun = aala
juo acoo = wlq srz zep tqk lqu
jup = ywy
juq = qke aavx
jur acoo = hyj dzl srd
jus acoo = mri
jut acoo = acat
juu = kpa
juv = vge
juw acop acoo acoq = dqm bzj zdi
jux = ekt
juy acoq acoo acop = vuv
juz = sze ogt
jva acoo acop = nnl ows
jvb acoo acop = hyp
jvc = npd fjh ktr ptj
jvd = zcc
jve = jmh
jvf = qao
jvg acop acoq acoo = aald
jvh acoo acop = uj
jvi acop acoo = znr acq
jvj acoq acoo acop = kda
jvk acoo acoq acop = nly
jvl acoo acop = jvk
jvm acoo acop = tad jq
jvn acoo = epo
jvo = hjc
jvp acop acoo = xsq abxt
jvq = qhz
jvr acop acoo = rae
jvs acoo = qrh (hvu ted)
jvt acop acoq acoo = hzs vkc
jvu acoo = hdv vkw chx
jvv acoo acop = ezc
jvw acop acoo = fxo gpx
jvx acop acoo = kky
jvy acoo acop = jul
jvz = rvp
jwa acoo = axq
jwb acoo = ijc uxb
jwc acoo = kgz
jwd = vxv
jwe acop acoo = pxa ckb zbv pxo qva
jwf acoo acop = wn uzq
jwg acoo acop = yce yao
jwh acop acoo = sch slp cjk smw sx
jwi acoo = hcp lsx srx
jwj acoo = xlh
jwk acoo acoq acop = hu
jwl acoo = muu abng
jwm acop acoo = wnu qrk jyx ntw
jwn acoq acop acoo = aacc gr
jwo acop acoo acoq = iot kgr
jwp acoo = aapm
jwq acoo acop acoq = gvr
jwr acoo = tmm tkm
jws acop acoq acoo = rse
jwt acoo = aasp
jwu acoo acoq acop = kgi
jwv acoo = nkq
jww = kja
jwx = hzt snu
jwy acoo acop acoq = jlf
jwz acoq acoo acop = auf
jxa acop acoo = udr
jxb acop acoq acoo = snd
jxc acoo = qbj
jxd acop acoo = bop
jxe acop acoo = dgf
jxf = dzh
jxg acoo = wbz rqw xxw
jxh acop acoq acoo = xhv
jxi acoo acoq acop = ymx
jxj acoo = tzb
jxk = kjv wpb lso
jxl acoo = idh
jxm acoo acop acoq = pmc frz fwq
jxn acoo = uno
jxo acoo acoq acop = zpw yi
jxp = pc
jxq = mgv
jxr acoo = doh xg
jxs acoo = er
jxt acop acoo = vkb ynj crs rdx
jxu acop acoo acoq = loa
jxv acoo = qnd
jxw acoo = rmb uwk dae
jxx acop acoo = uwq
jxy acoo = qgn vsu lvi prn
jxz acoo acoq acop = ipk
jya acoo = jgm ong tba
jyb acoo acop = aadl suz acjb eu rdy
jyc = mfa zsh
jyd = dci eka qkb
jye = aahm iu urr
jyf acop acoq acoo = tav
jyg acoq acoo acop = tey hqh hgu cjo
jyh = sik zb
jyi = krx
jyj acop acoo = lcs jjf
jyk = mgo
jyl acoo = abth
jym acoq acoo acop = amk ppi
jyn acoo = nmp
jyo acop acoo acoq = yiv
jyp acop acoo = ynw nbr
jyq = gxh sis rie
jyr acop acoo = bhd esp iom
jys acop acoo acoq = aanx qav vgp drw
jyt = epe aazz vwp ort qu
jyu = ujr xju vlx eom
jyv = kjn
jyw acop acoq acoo = aho
jyx acop acoo acoq = sli
jyy = egv
jyz acoo = swg
jza acop acoq acoo = fzz iq fli
jzb = abna jpj ggs aaxw
jzc acoo acop acoq = vaz
jzd acop acoo acoq = ltp
jze acoo = iuz
jzf acoq acoo acop = wtf
jzg acoo acop acoq = sbl
jzh = gah
jzi = qbu (pxa gke)
jzj acop acoo acoq = nov ihr
jzk = lob aavf
jzl acoo = aij gxh mco uui
jzm acoo = acej xsb olw ago
jzn = bob kao
jzo = zhd
jzp acoo = kds
jzq acoq acoo acop = abl hfv wyh
jzr acoq acoo acop = hmx jgh
jzs acoo = uio
jzt acoo = oj
jzu acoo acop = ptu fvs
jzv = aase qab
jzw acop acoo = wn
jzx = abub
jzy acoo = wlb qjv uxr
jzz = hsr whr
kaa = qfl aao qyd
kab acop acoq acoo = ibw hto tbj
kac acoo = awn
kad acoo = zyu ubs
kae acoo acop = ypd
kaf = bav
kag = aho
kah = pjf usp
kai = etw nel
kaj acoo acop = pxi
kak acop acoo = nry
kal = ngd
kam acop acoq acoo = qqn gyb
kan acoo acop = mvx fil
kao = sid
kap acoq acop acoo = xqz
kaq acoo = dki zfh kyy evp
kar acop acoo acoq = zrz bdh cbg zij qqd
kas = qdg rae
kat acoo = ukr
kau acoo acop = abqs
kav acop acoo acoq = gmf
kaw acoo = liq
kax acoo acoq acop = pya
kay = wsi
kaz acoo acoq acop = uom
kba acoo = mng vcm whm
kbb acoo acop = hwf
kbc acoo = klt
kbd = vaq
kbe acoo = rrs nit
kbf acop acoo acoq = svi
kbg = gng (wut eoh vav) tjm
kbh acoo = kuh
kbi acoq acoo acop = ynq
kbj acoq acop acoo = baa
kbk acoo = nsq
kbl acoo = mph
kbm acoo acop acoq = bwp
kbn acoq acoo acop = fru
kbo acoo acop acoq = zwc ayo igg
kbp acop acoo acoq = ipp npq
kbq acoo acop = uue jpe
kbr acoo = syr
kbs = jao
kbt acop acoq acoo = qik
kbu acop acoo = mew lnx
kbv acop acoo = aasx
kbw = xaq kbp
kbx acoo acop acoq = hdx
kby = uqf
kbz acoo acoq acop = xax
kca = ahd htt
kcb acop acoo = lqx
kcc acoo acoq acop = amo
kcd acoq acoo acop = eha acgt
kce acoo acop acoq = opz
kcf acop acoo acoq = mcx rbx atq
kcg = nqc
kch acoo = aazc siv
kci acop acoo = mhf cpb uoq
kcj acoo = uva jap izy wwu
kck acop acoo acoq = bl
kcl acoo = uv vgb
kcm acoo acop = acis ppo
kcn = mss gxx
kco acop acoo acoq = dvf
kcp acop acoo = uqc
kcq acoo acop = rol
kcr acop acoo acoq = ukd
kcs acoo = drp
kct = kgf hzn kcl ema
kcu = nqo cs
kcv acop acoo = hnh
kcw acoo acoq acop = rdc gzv sml abdg kvg
kcx acoo = abtp
kcy acoo = nao
kcz acoo acop = hmm plb
kda acoq acop acoo = rlz
kdb acoo acop = gt
kdc = aabe
kdd acoo = kgk yzo
kde acoq acop acoo = nhe
kdf acop acoo = ens (qvg nie)
kdg = rhd euq ogy yev wgd
kdh acoo = lco etc ljd
kdi acop acoq acoo = otv
kdj acoo acop = dtj vxy qic rbg
kdk acoo = abpu
kdl acop acoo acoq = ncl
kdm acoo = xfh
kdn = dmq
kdo acoo acoq acop = pjb kcl okr qpy
kdp acop acoo = koc pnc zfw jgw
kdq acop acoo = kz evf
kdr acoo = jly
kds acoq acoo acop = aacs
kdt = bzy jwf
kdu acop acoo = dpy
kdv = sdh vqe mpd
kdw acoo acoq acop = udq
kdx = nrt
kdy = cfe aauh
kdz acoo = abzn fji
kea = dro ezg nvb ary
keb = yyo eaa
kec = mm
ked acop acoo = fdz
kee acop acoq acoo = tjr yxo mio
kef acoq acoo acop = ojv jst lae ghz
keg = yjm
keh acop acoq acoo = fne
kei acoo acop = piu
kej = kaa
kek = vik
kel = ued ury
kem acoq acoo acop = hiu
ken acoo = bpy
keo acoq acop acoo = tee
kep = qhn
keq acoo = ljc aor
ker acop acoo acoq = ylo ssv tin
kes acoo = vhw
ket acoo = pae snp
keu = gnd
kev = acjo tdm qtk
kew = bmz scz
kex = mpg uso aed
key acoo acop acoq = hyg
kez acoo acoq acop = cay
kfa acoo = epw bgg rfx
kfb acoo = ebc nbk gmq
kfc acoo = fuf
kfd = rtb
kfe = ftp
kff = hci lqq rqy ox jdg
kfg = vkw
kfh acoo = eoq
kfi acoo acoq acop = asx uqp
kfj = xkk axz accu
kfk acoo acop = abqh aafd
kfl acoo = ljp
kfm acop acoo = xfo ypy yeg
kfn acoo acop = y
kfo acoo = accj
kfp acop acoo = kiu
kfq acoo = kzt ucs elm cvi
kfr acoo acop acoq = rzx
kfs = dqn fea ud
kft acoo = qrh mpe udc fd ghj
kfu acop acoq acoo = abiv abzp exu kym
kfv acoo = jkx abop twi
kfw acop acoo = dru
kfx acoo acoq acop = kds
kfy acop acoo = hzs
kfz acoo = pdh acle
kga = tpw rvm
kgb acoq acoo acop = tsd vtz aaaj wab arl
kgc acoo = rvh
kgd acop acoo = wqw yra rqu
kge acoo = uit
kgf acoo acop = fxi tmm
kgg = ui rei wjm
kgh acoo acop = aahd
kgi = sck
kgj acop acoo = wqb ymh ftm
kgk acoq acoo acop = ngs
kgl acoo = sok mwf tos
kgm acop acoo = ayl
kgn acoq acop acoo = yjm
kgo acoo acop = drs acfc
kgp = jik
kgq acoo acoq acop = suu acjo yjx tss pos
kgr acoo = yhb
kgs = srt
kgt acoo acoq acop = muf
kgu = fzj
kgv acoq acoo acop = gig
kgw acoo = fpi pga
kgx acoo = wvp
kgy acoo acop = czg
kgz = lmi
kha acoo = bqs
khb acoo = wzo
khc acoq acoo acop = acbb
khd acoo acoq acop = dri
khe acoq acop acoo = tke
khf acoo acop = cit
khg = cgh yfz
khh acop acoo = qkv
khi acoq acoo acop = asg
khj acoo = acez
khk = aga (uix xit)
khl acoo acop = ata
khm acoo = toa
khn = omr
kho acoo acop = wkr
khp acoo acop acoq = gpz gib
khq acoo = bya riz
khr = wyw
khs acop acoo = wxl fja
kht acop acoq acoo = mkj
khu acoo acop = str lhf irl
khv = xd lbd
khw acoo acop = pg dwj
khx acoo = acic
khy acoo = rrg
khz acoo = bdg
kia = nkr aavf vsz
kib = bon cjp tqk nql
kic acoo acop acoq = uel
kid acoo = oaj
kie acoo acop = wug
kif acoo = zgc
kig acoo = dbd paw
kih acoo acop acoq = wfv
kii acop acoo acoq = mef qjm
kij acop acoo acoq = ijd
kik = cwj
kil acoo acop = ho
kim acoo acop = tup qff
kin acoq acoo acop = ez
kio acop acoo acoq = jjg
kip acop acoq acoo = onn
kiq acop acoo = ajg jsg ffn
kir acoq acop acoo = cwn
kis acoo = qsz
kit acoo = wcr
kiu = ohi
kiv acoo acop = rxz
kiw acop acoo acoq = pfg
kix acoo acop = sjz
kiy acoo = xzl
kiz acoq acop acoo = vtr uuw gmr
kja acoq acoo acop = mjo abhd
kjb acoo acop acoq = acs cef
kjc = ant jyd
kjd acoo = gti yhs abld nco
kje acoo = fea
kjf = mex zlt
kjg acoq acoo acop = fzf xaj kee
kjh acop acoo = xfj qqa try
kji acoo acop = ikr zts
kjj acop acoo = xnx
kjk acoo acop acoq = yqq
kjl = lid
kjm = ggy nop kkk odc
kjn = aatq
kjo acoo acop = qgz
kjp acoq acoo acop = mwt
kjq = jzy (fws lyy ywd)
kjr acoo = gij
kjs acoo acop = fbj
kjt acop acoo = oap glk fso zpr vfk
kju acoq acop acoo = ivu npj
kjv acoo = egu kpw
kjw = rsf ovl tmy mho
kjx acoo = hzp
kjy = eak dgs
kjz acop acoq acoo = acap cgp
kka acop acoq acoo = udb
kkb = ugc
kkc acoo = kfd
kkd = mrd
kke acoo = ceg bpk vkb kmk
kkf acoo acoq acop = oqo cny
kkg acoo acop acoq = yzu
kkh = yoj cew
kki = ltn wex nbg zii
kkj acoo acoq acop = nra bmd qer
kkk acoo = ggj ser lud
kkl = aff oxm dbs dlp hni
kkm acoo acoq acop = fkk aapn mij wrs
kkn acop acoo = bks iaq
kko acoo = tdb
kkp = vkx
kkq = ftv szw
kkr = eeo
kks acoo acop = zqy ljz xpn
kkt acop acoq acoo = abeh aci gsq ssw
kku acoo = uqy
kkv acop acoq acoo = kui
kkw = uzp odg mor aatx
kkx = ygk mee kvg
kky acoo = nd gkc
kkz acoo = ylv
kla acoo = lzr fl aazk
klb = dxd (ipu (mcr xye moh))
klc acop acoo = uhc eht
kld = yna ndv
kle = heu
klf acoo = ocv usl
klg acoo = rig
klh acoo acop acoq = ablu
kli acoo acop = klb
klj acoo = xed abep cof
klk = rja
kll acoo = rbc
klm acop acoq acoo = dck
kln acoo = cmq
klo acoo = xqy
klp acop acoo = xpf
klq acoo acop = qt
klr acoo acop = zqz mvr
kls = rwy
klt acop acoq acoo = uxu
klu = ljt
klv acop acoo = dwu
klw acoo acop acoq = vry
klx acop acoq acoo = eiz
kly = skf
klz acoo acop = ggi
kma acoo = buc jat aawi tsf zgl
kmb = mon
kmc acoo = hs
kmd = tdq
kme = oaz abed hir tmy ftd
kmf = y
kmg acoo = bgp
kmh acoq acoo acop = qsl
kmi acoq acop acoo = nyf
kmj acoo acop = jqp
kmk = lrf (cpv qmn)
kml acoo acop = wtn lpg
kmm = nxa
kmn = aade uiq ycl
kmo acop acoo acoq = llr zay tyt
kmp acop acoo = cwf
kmq acoo = yq bqd
kmr acoo acop = czy
kms acop acoo acoq = qta fxl eiy bcl
kmt acop acoo = rne
kmu acoo acop acoq = knc
kmv acoo acop = fve
kmw = pg
kmx acoq acoo acop = cfw ngc
kmy acoo acop acoq = nst brv aamn mve gno
kmz = aakq
kna = ugd aadb
knb acoo = pwx
knc acoo = vgq
knd = hzt ngg
kne acoo acoq acop = wju
knf acoo acop = dfq zmg
kng acop acoo = fsd zbi
knh acop acoo = lao
kni acop acoo = edz bno msl
knj = jft kkl zoa
knk = lcs
knl acoo acop = yea mut uzu
knm acoo = yxh
knn acoq acop acoo = jgn zyq fdw
kno acoo = tff xgz (zcg lly)
knp acop acoo = xhp xyh
knq acoo = mbs
knr acop acoo = nyu
kns acoo acop = doy
knt = zvi
knu acop acoo = pte
knv acoq acoo acop = wmn
knw acoo acop = hun edh abpe
knx acoo acop = pkp
kny = eql
knz acoo = zje ury (gqk osx hie)
koa = acdw
kob acoo acoq acop = tab
koc acoo acop = qui
kod acoo acop = rix
koe = usp
kof acop acoq acoo = aadr
kog acoo acop acoq = hkg
koh acoo = elz mki
koi acoo = idf xrx
koj acoo acop acoq = bbg
kok = xvx nbi lys
kol acop acoo = igv mwl rwa abat
kom acoo = ssn
kon = hpv
koo acop acoo = ivo (rsv mbd)
kop = rkb
koq acop acoq acoo = uf
kor acoo acoq acop = sbg ofo
kos acoo = ejt
kot acoq acoo acop = sbi
kou acoo acop = tpb utm
kov acop acoo acoq = lzn vkg
kow = ila
kox acop acoo = aqi dga
koy acop acoo = bsn
koz = io hc fkn
kpa acoo = jld
kpb acoo acop acoq = gkr sui hkm otf
kpc acoq acop acoo = asj
kpd = dyf ph
kpe acop acoq acoo = nnk utd ifd
kpf acop acoq acoo = ejd
kpg acop acoq acoo = acgb
kph acoo = wiu bdf aawr
kpi acop acoo acoq = vai
kpj acoo = cet
kpk acop acoq acoo = otz gwq
kpl = aml
kpm acoo acop = oth eoz
kpn acop acoo = jjd pdr
kpo acoo = wge
kpp acoo = nlq aatf iqa
kpq acop acoo acoq = cqq jyz tbs
kpr = sfe hxq uny
kps acoo = abgk
kpt acoo = qtu dec
kpu acop acoo = rcu cin
kpv acoo acop = dau abyi aayf tro
kpw acoo = acec
kpx acop acoo = qts kza fda wyc
kpy = mzj
kpz acoo = bsa igj rcd
kqa acoo = abuv ecj ycx
kqb acoo = obe vyz
kqc acop acoo = frd
kqd = pob pbo
kqe acop acoq acoo = qle
kqf acoo = zss
kqg acoq acop acoo = csr
kqh acoo = vat (zks fnl aaui uiv)
kqi acoo acop = lri
kqj acoo acop acoq = thq
kqk acop acoq acoo = acgh oln
kql = xjy fzt wjx
kqm acoo acop acoq = ovj
kqn acoo = ikm th nd
kqo acoq acop acoo = sqi
kqp acop acoo = acgu
kqq acop acoo = mly
kqr = ysl
kqs = tlv
kqt = vvx
kqu acoo = lao zek
kqv acop acoq acoo = jpo
kqw acoo = omv
kqx acoo = uwi
kqy acoo = vap
kqz acoo = abzz omz
kra = ihs nzf
krb = ais
krc acoo acop acoq = sqk
krd acop acoq acoo = anb ydl
kre acop acoo = rrc
krf acop acoo = ips msu
krg = accq pmr
krh acop acoq acoo = zqi
kri = zpt
krj acoo acop = ty
krk acoo acop = siv
krl acoo acop acoq = eyg
krm acoq acop acoo = hku zri jcy
krn acoo acop = oyr ajz uhz
kro acoq acoo acop = sv kpx dt
krp = yxt mdj ykc
krq acoq acoo acop = ofs
krr = krx
krs acoo = hit
krt acoo acop acoq = tka
kru acop acoo acoq = apb bco abll fei
krv = ww
krw = xqu
krx acop acoo acoq = vps
kry acoo acop acoq = gdt czn
krz = stj gkf
ksa acoo = lhi
ksb acoo acop = abnu
ksc acop acoo acoq = rio abeu
ksd = rjt
kse acop acoo = ftk abst
ksf acoq acop acoo = apz
ksg = abpb
ksh acop acoo = du
ksi acoo = wyw
ksj acoo = zbw (vej ui)
ksk = ycn
ksl acoo acop = aed jlp kki
ksm acoo = fsz ytb yss fnw
ksn acop acoo acoq = awd
kso = mmq
ksp acoo = skq
ksq = ull
ksr acoo = qkn kts xjq
kss acoo = mrb
kst acop acoo acoq = aast cgz pug
ksu acoo acop = mjf
ksv acoq acoo acop = wrm
ksw acoo = lac mmq
ksx acoo acop acoq = hdo
ksy acoo acoq acop = cqa bap
ksz = xjr vst
kta acoo = iky
ktb acoo acop = enh xax
ktc = wlx nha
ktd acoo = tgr
kte acoo acop acoq = brf
ktf acoo = btx fvp
ktg acoo = ptn
kth acop acoo = scx
kti = dek
ktj acoo acop acoq = vnv rbg
ktk acoo = eay lkr zbn kjt
ktl acoo acop = vcm pw
ktm acoo acop acoq = xqs
ktn = qpg
kto acoo = wnw iwa xdi mwz xig
ktp = abnh
ktq acoo acop = abae
ktr acoo acoq acop = bsk
kts acoq acoo acop = alu
ktt acoo = kfh ahd xwy ucb
ktu acoo acop = fp aez djt yck gwn
ktv = xxa
ktw acoo acop = nxk slj
ktx acop acoo = ktm
kty = rvc
ktz acoo acop = zm
kua acoo = jsf abmh (ezh sgh)
kub = fal ekw
kuc acoq acop acoo = ssf iqm
kud acoo = guz lkq diy kni
kue = accw kns hyw bnn xl
kuf acoq acoo acop = mni
kug = jyg xsr dil mgs gny
kuh acoo = ydp
kui = aaxs nej
kuj acop acoq acoo = dkn
kuk acoo = axd
kul = aabb
kum = wfs
kun acop acoo = jhb aatt
kuo acoq acoo acop = sna
kup acoo acop = sxs
kuq acoo acop = aasl alu
kur acoo = gml kvo
kus acop acoo acoq = cfl ikb tzl
kut acoq acoo acop = wsj
kuu acoo = dej kog
kuv acop acoo = gmk
kuw acoo acop = srl oxc mh ljg
kux acoq acoo acop = wvt
kuy = yl hyu bwp yjc
kuz acoo acop = std
kva acoq acop acoo = sc ccf hva aae
kvb = njk onp wap
kvc acop acoo = iau
kvd acoq acop acoo = vc
kve acoo = sqn
kvf = rlm xwx bit quw
kvg acoo acop acoq = fsj skh hsb
kvh = izp
kvi acoo = lzw
kvj acop acoo = ywd ukr
kvk acoo acop = kqj wao (gbn mhq)
kvl acop acoo = kpu
kvm acoo = ylj fsu amu uhn ssi
kvn acoo = acoo cgb
kvo acoo = ttz tjk vqi oy
kvp = idz
kvq = glr tfk faq
kvr acoo acop = jkv
kvs acop acoo acoq = kdy tfh neb etn hnd
kvt acoo = snh bms qmp
kvu acoo = szm nmo zgs
kvv acoo = adp
kvw acoo acop = acv
kvx = cxn
kvy = vbm
kvz acoq acop acoo = iak sso
kwa acoq acoo acop = mma nbe zng
kwb acoo = zrx
kwc acoo acoq acop = vec aack
kwd acoo = osm
kwe acoo = hyj
kwf acop acoo = fej rbz
kwg = xft wjy fno
kwh acoq acop acoo = tkx box (hkm cl)
kwi acop acoo = pxn vtp
kwj acop acoo = urg uqa azo krg
kwk = dxi
kwl = umq onx ofp
kwm acoo = acmj
kwn acoq acop acoo = rpf
kwo acop acoo = zjl
kwp acoq acoo acop = irc wqd
kwq acop acoo = zha kkc
kwr acoo acop = ubp ryf
kws = mqa
kwt acoo = ozz kii
kwu acoo acop = s wkk
kwv = ewp mmf xad
kww acoq acop acoo = sfk
kwx = img pxf
kwy acoo acop acoq = dbz acoo
kwz acop acoo = wvv
kxa acop acoo = ibe ddf aaas
kxb = erd pwz vau
kxc = lsr dhm hnd
kxd acoo = ywv
kxe acoo = lev tfn dub bqa
kxf acoo = shd
kxg acop acoo = jm
kxh acoo acop = itz nlg vsh
kxi acoo acoq acop = eod
kxj acoo acoq acop = ctm
kxk acop acoo = nfl
kxl acoo = ffl
kxm acoo = hod
kxn acoo = wvb
kxo = bby ahn dsm
kxp = cou
kxq acop acoo = aaai
kxr acoo = sno
kxs acoq acop acoo = zao lrs qwg
kxt acoo acop acoq = fj
kxu acoo = xmk
kxv = roh hhz lil abix
kxw = ayq
kxx = fzf
kxy acoo acop acoq = ackp unk
kxz acoo = wyh
kya acoo acop = jvu dbq soi gaz ftr
kyb = hyn eox
kyc acoo acop acoq = osf jdm
kyd acop acoo = akn jui izm dfy xuh
kye = ozm
kyf acop acoo = abom
kyg acoq acoo acop = dav hik
kyh acoo acop = tnh
kyi acop acoo = zlw
kyj acoo acop = wx
kyk = vvt bnp
kyl acoo acop = abkp hbg (cuu lgt)
kym acop acoo = rmd
kyn acoo = ert
kyo acoo acoq acop = ocz
kyp acoo acop = cme
kyq acoo = eet
kyr acoo acoq acop = zzo
kys acoq acop acoo = sna mbq yni
kyt = hhy
kyu acop acoo = fpb
kyv = dmg hjc xsn
kyw = tbt
kyx acop acoo = srr
kyy acoo acop = tgw
kyz acoo acop = hpp
kza = biz
kzb acop acoo = zaj
kzc acoq acop acoo = quy prq tpf
kzd acop acoo = abfa
kze acoo = zyf twj lyw
kzf acoo = ysf
kzg acop acoo = ywz
kzh acoo acoq acop = acav
kzi acoo = mci aave tnt
kzj acop acoo = sar
kzk acoo = vup
kzl acop acoo acoq = hxi
kzm acop acoo = cgc (mow dvp)
kzn = lte
kzo = aats
kzp acoo acop = gsd
kzq acoo = smn foo rxb ikw
kzr = iar guw
kzs acoo acop = hq skw gey
kzt = trp
kzu acoo acop = wgw rft
kzv acoo acop = abqw xub acdp ugv
kzw acoo = acoo qsd igf
kzx acoo = fxk
kzy = biq
kzz acoo = tqm
laa acoq acoo acop = pbz
lab acoo acop = pkb
lac acoo = abji ulx
lad acoq acop acoo = sbe aaop
lae = ftk pms
laf acoo acop = qyi
lag acoo acoq acop = imb (lyc pyq)
lah = emh yxh ypf
lai acoq acoo acop = mkb
laj acoo = gja
lak acoo acop = ox
lal = osb tac ran yue
lam = wyz zrh
lan acoo = sha urm
lao acoq acoo acop = mef ivd itn jic
lap acop acoo = xqq afx
laq acoq acop acoo = erk
lar acoo = hwb
las acop acoo acoq = xyo
lat = czj
lau acop acoo = tjn oto bxm
lav acoo = uym abwn
law acoo = ess
lax acoo acop acoq = ebw vam msh
lay = exm
laz = pyy qps
lba acop acoo = aamd nng
lbb acoo = psn fob esq pld
lbc acoo = ilf gch
lbd acoo acoq acop = szo
lbe acop acoo = eqy dfr wfj
lbf acoo acop acoq = yhf oor
lbg = wxt
lbh acoo acop = yvx
lbi acoq acop acoo = fzj uqj
lbj = jon
lbk acoo acoq acop = abdt
lbl acoo = cs
lbm acop acoo = uvr stj bom tba
lbn acoo = ijf
lbo acoo = aazc yzc vwn
lbp acop acoo = tvb mfy hqi acok
lbq acoo = dzr
lbr = dsi dci hfw due
lbs acoo = euw
lbt = zlw dhs rbo
lbu acoo acop acoq = ncr
lbv = ipn aabi pqb px
lbw acop acoo = mne byt
lbx acop acoo = icl
lby acop acoo acoq = yuf khz
lbz acoo acop = gjh sve
lca acoo acop = oyp
lcb = slb
lcc acop acoo = rni gzs
lcd = wjw
lce acoq acoo acop = abvk
lcf acop acoo = ucg
lcg acop acoo = vcc ui
lch acop acoo = zwj
lci acop acoo = xdf
lcj acoo = nxu
lck acop acoo = vet
lcl = rsv
lcm acoo = bci
lcn acop acoo = xyl
lco acop acoo acoq = tfv
lcp acoo = aajw
lcq = eej ohx usa
lcr acop acoo acoq = ud
lcs acoo acop = ysx um abvm
lct acoo acop acoq = kvv
lcu acop acoo = tsf abrf
lcv acop acoo = ahi
lcw acop acoo = rhu hjp
lcx acop acoo = gmc abln yxw
lcy acoo acoq acop = uj
lcz acoo acop = hhq
lda acoo acoq acop = ffv
ldb acop acoo acoq = aik achs kzy nqq
ldc acoo = aabe
ldd = twz (nat avu)
lde = zkv
ldf acoo = mdc
ldg acop acoo = zfj
ldh = zfh
ldi acoo = yan lne vcf
ldj = fi
ldk = awb ably zqg
ldl acop acoo acoq = feg
ldm acoo acoq acop = vuf vmo
ldn acoo acop = ulf
ldo acoo acop = nuv
ldp acop acoo = zxd
ldq acoo acop = dda
ldr acoq acoo acop = dgi
lds acoo acop = dlc vhz zgd hid
ldt acop acoo = hxx
ldu acoo = ymn wkv
ldv = jjy (eit zit)
ldw acop acoo acoq = arf aow
ldx acoo = dcb
ldy acoo acoq acop = lav did wqn
ldz = pxj mxn
lea acoo acop = abve uos
leb acoo = nao upc leq
lec acop acoo = pqs
led acoo acop = dxw
lee acop acoq acoo = xcd ars aabk
lef acoo acop = ard
leg acoo acop = xhq fe
leh = cuj gls rsm
lei = glf xzf
lej acoo = dib prk npm jmw rne
lek acop acoo = rvy
lel acop acoo = uvi luh cz fzo jzw
lem acop acoo = fmo
len = eun sni cnd
leo acoq acoo acop = ryi
lep = axc gxn vy
leq acoq acop acoo = aaur
ler acoo acop = abij
les acoo acoq acop = bhd ejo
leu acop acoq acoo = mhj dbu wbs luj
lev acop acoo = dly
lew = gwk
lex acoo acop = mgu
ley = inh
lez acop acoo acoq = yoe kmo kxc
lfa acoq acoo acop = ako
lfb = fcx nun zae
lfc acoo = rvh
lfd acoo = het
lfe acop acoo = wel rcp
lff acoo acop = cqk
lfg acoo = zpz
lfh acoo acop = ylf
lfi = zus
lfj = jhw
lfk acoo = dcp
lfl acoq acoo acop = ajg
lfm acop acoo = gtk
lfn = bju
lfo acoo acop = aahf
lfp acoq acoo acop = pqa xy
lfq acop acoo = abxu qft
lfr acoo = pmi
lfs acop acoo = acjq aij
lft acoo = ttj cwk
lfu = syp
lfv = fqm vzz jbf
lfw = yfk wyz gq cui rjm
lfx = fqs
lfy acop acoo acoq = aou ab
lfz acoq acoo acop = nmz
lga acoo acop = lcz
lgb = dnu
lgc = efw wia blm kzc
lgd = brz kqp
lge = dys
lgf = absb
lgg acop acoo = cym usl yta snb
lgh acoo = ixn
lgi acoo acoq acop = mon ira mlw
lgj acoo = hwg
lgk = ge
lgl acop acoo = nvr hij acl
lgm acoo = zdt hds ogq hdx
lgn acoo acop = abwj bvt
lgo = sdy aamn
lgp acop acoo acoq = lrv oet
lgq = ulv
lgr = svo mfv ihl abuv dyk
lgs acoq acop acoo = guu ual
lgt = vnn
lgu acoo acoq acop = wzi
lgv acoo acoq acop = qnn abof
lgw = dx
lgx acoo = slx
lgy = rxk
lgz acoo acoq acop = ag
lha acop acoo acoq = rhv
lhb acoo = naj (zom pxs)
lhc acop acoo = ezl cmd bxr
lhd acoo acop = hid
lhe acop acoo = pgz mp lyu
lhf acoo = khl
lhg acop acoo = aath nwy
lhh = fce
lhi acoo acop = abrf qpf xyk
lhj = bdb oyf jgf
lhk acoo = acdl rem
lhl acop acoo = abey stw
lhm acoo acop acoq = fva
lhn acop acoo acoq = wnz
lho acoo acop = fwr
lhp acoq acoo acop = fwj abgt fso
lhq = bls kct
lhr acoo = exq veg
lhs acoo = hlq rac aced
lht acoq acoo acop = jdk cbo aart zah
lhu acoo = lxo may hal afb rfw
lhv acoo = eji bzc
lhw acop acoo = xjv aacx aagg fkg
lhx acop acoq acoo = uag jpx
lhy = jwu
lhz acoq acop acoo = weh
lia = acml jmb
lib acoq acoo acop = ara
lic acoo = jal abht pmk
lid acoo = cc
lie acoo = pag
lif = doc
lig = tvj
lih acoo acoq acop = mwi xcv min
lii acoq acop acoo = abqd
lij acoo acop = zpk
lik acoo = epr
lil = ijw
lim acoo acop = zeh acag
lin acop acoo = zgb
lio acoo = bvl achj jcq
lip acoo acoq acop = uxi
liq acop acoo acoq = utn
lir acoo acop = kaq abxh
lis acoo = szv fcu
lit acop acoo = fks ifg brx
liu acoo = sgb
liv = gqs gy dju
liw acoo acop acoq = pvt dpf ull
lix acop acoo acoq = gbq
liy acoo = poe
liz acoo acop = ackq zrc
lja acoq acoo acop = eeq aoo jlo
ljb acop acoo = vak
ljc acoo = goj fwq zlq rux
ljd acop acoo acoq = mec pdg wnl
lje acoo acop = att dar vjd waf
ljf acoo = drz
ljg acop acoo = msp
ljh = ieu
lji acoo acoq acop = zuz
ljj acoo acop acoq = dqu
ljk acoo acop = dmr
ljl acoo = fvy wbu
ljm acop acoo = grk
ljn acop acoo = iix abxh
ljo acoq acop acoo = kln wpc kts
ljp = fud mcy
ljq acop acoo = zmm mtf
ljr acoo = lgn (vw bxc) veu
ljs acoo = kkt
ljt acoo acop = wkc stj
lju = njf uzr
ljv acop acoo = ksh eev
ljw acop acoo = zql
ljx acoq acop acoo = nbs zvb
ljy = qqa
ljz acop acoq acoo = ofl
lka acoq acop acoo = dkc
lkb = ffg igh
lkc acoo = two
lkd acoo acop = dfa
lke = auj
lkf acoo = fzd
lkg acoq acop acoo = ymv
lkh acoo acoq acop = cwz
lki = jin msa pih
lkj = kgb ycn hie
lkk acoo = svo yeh
lkl acoo = dbk
lkm acop acoo acoq = gop
lkn acoo acop acoq = cva
lko = doz
lkp acop acoo = wfe
lkq acoo acop acoq = gio fxp aaqz rdk
lkr acoo acop = mic
lks = xes (bkw jrw aarb)
lkt acop acoo = zod (cpw svt)
lku acoo acop acoq = bza vfu
lkv = agm
lkw acoo = vcs prn uhu
lkx acoq acop acoo = nme
lky acoo = abrr
lkz = aace
lla acoq acoo acop = gve
llb acoq acoo acop = rdj cfy
llc = aajf
lld acoo acoq acop = abfr eop reb fhx
lle acoo = abab grf
llf = pqc
llg acoo acop = scu
llh acoo acop = zrx
lli = ufa
llj acop acoo = yyv rou wid
llk acop acoq acoo = bua
lll acoo acop = sgy nlq eig
llm acoo = kps (wqr ecr) voh mnw
lln acoo = aij jij
llo acoq acop acoo = hbh
llp = jxt
llq acoo acop = ufo
llr acoo = wzu gyv kfb
lls acoo acop = oqx
llt acoo = aavl aait qwp
llu acop acoo acoq = jsl uir
llv acop acoq acoo = awi
llw acoo acop = amp pdq
llx acoo = kxw
lly acoo = abgq baj
llz acoo = aauj
lma = tjg
lmb = lsm
lmc acop acoo = jtk esu wpr abx vvi
lmd acoq acoo acop = nks fyd zne dfa
lme acop acoo = iqt
lmf acoq acop acoo = accd tuo dkd
lmg acoo acop = ets
lmh = jda
lmi acoo acop acoq = kyr
lmj = wjj
lmk acop acoo = srx qog trx zwz
lml acoo = mtf cex
lmm = dbx
lmn acop acoq acoo = acm
lmo acoo = kgj
lmp acoo acop = zpw
lmq = eu
lmr acoo acop = kxw
lms acoo = qcs (kjm wih)
lmt acoq acoo acop = jps wgz
lmu acoo acop = zub
lmv acoo acop = med
lmw acoo acop = rsw
lmx = xyf vlk wiz bqj xny
lmy acoo acop = oya
lmz acoq acop acoo = lfp
lna = ezo
lnb = uca hnl fox
lnc acoo acop = iot
lnd acop acoq acoo = lhe rcd
lne acoo = achm
lnf acoo = zj
lng = iel jwh cpk fmg jwx
lnh = jco
lni acoo acop = bxg
lnj = gkd
lnk acoo acop = bvu
lnl = tuk abws
lnm acop acoo = fyd kim
lnn acoo acop = ycy
lno acoo = voi har qtf yme
lnp acop acoq acoo = iht
lnq acop acoo = qvq
lnr acoo acop acoq = qnz
lns acoo = eag
lnt acop acoq acoo = vuz hpc
lnu = pgr blv
lnv acoq acoo acop = bzb
lnw acop acoo = uky cpo
lnx acoo = onx
lny = ozx
lnz acop acoo = zaa
loa acoo = fqa
lob acop acoq acoo = pjc ttm
loc acoo = abco
lod = aayh bne
loe acoo acop = xfv
lof acoq acop acoo = abwi ruv
log acoo = iqq aabq
loh acoo acop = zc nju
loi acop acoo = fpx
loj acoo acop = xfg
lok acoo acop = vep upx
lol acop acoq acoo = isk ncb
lom acoq acoo acop = nle ods
lon acoo = kff cfv abkc ehk
loo = nft
lop = rne
loq acoq acop acoo = wub
lor = hso
los acoo = nmr zej
lot acoo = fhs
lou = nrq
lov = rer
low acop acoq acoo = uwv
lox acoo = abi yhu ba mjs hma
loy acop acoo = aapv tpk rmf
loz = iri zdp
lpa acoq acop acoo = mxp ock dut
lpb acoo acoq acop = nfy
lpc acoo = doh
lpd acop acoo = usr
lpe acop acoq acoo = gwo
lpf acop acoo = hzy aalb abon fdv
lpg = ibi
lph = mdk
lpi acoo acop acoq = flv
lpj acop acoo = abvc
lpk acoo acoq acop = gra
lpl acoo = zff
lpm acoo acop acoq = dpy twz abnw
lpn = ntq
lpo = kqd pei
lpp acop acoq acoo = zyv
lpq acoo = hcz xym fmp
lpr acoo = op
lps acop acoo = iiv yfj acnp nox
lpt acoo = csy zsd nuo otf
lpu = xzj
lpv acop acoo = eyf
lpw acoo = abbf
lpx acop acoo = gmr wco ajp drb
lpy acoo acop = kbn twd
lpz = wlf
lqa acop acoq acoo = oll
lqb acop acoo = yga zcz
lqc = yum
lqd acop acoo acoq = enw
lqe acoo acoq acop = dbo fda
lqf = dok
lqg acoo acoq acop = gqp
lqh acoo = szw
lqi = aaqj aawc
lqj = lhi wob hvz
lqk = cdx abxv ues
lql acoo = eqv
lqm = ilm
lqn = fet toj
lqo acoo = khl
lqp acoo = hzv jtp
lqq acoo = gpe trn
lqr acoo acop = kuj
lqs acoo acop acoq = erb
lqt = zka
lqu = tsp
lqv = amw bvx
lqw acoq acoo acop = crr
lqx acoq acop acoo = uhu ndf acmt
lqy acoo acop = aza abvs anu
lqz = atv kle
lra acoo = whb mjk
lrb acoq acop acoo = acbj cxj
lrc acoo acoq acop = gal whr
lrd = qns
lre acop acoo = acmp
lrf = uqu
lrg = tgh
lrh acoo acop acoq = swi qxp ooz
lri acoo acop = ksr vsa
lrj acoq acop acoo = qco
lrk acop acoo = way
lrl acop acoo = bia wrl
lrm acop acoq acoo = vkt ngr esa omu
lrn acop acoo = yjy fcv twh
lro acoo acoq acop = jfj nhh mju lbl
lrp acoo = abem
lrq acoo acop = dig
lrr acop acoo = jgc
lrs acoo = udt
lrt acoq acop acoo = pbe
lru acop acoq acoo = lun
lrv = emh
lrw = oyh
lrx acoo acop = wmq esv bxb ior
lry = aati
lrz = rfy
lsa acoo = aht
lsb acoo = hid
lsc acoo = gmi
lsd acop acoo = ic
lse acop acoo = clm nkl
lsf acop acoq acoo = lrm vtl pqo lea
lsg = vvx
lsh = ytn
lsi acoo = abdo
lsj = aayl
lsk = uaz
lsl acop acoo acoq = aame hjj
lsm = idy jnq
lsn acoo acop acoq = enm rvt
lso acoo acop = dji
lsp acoo = aadw
lsq acoq acop acoo = wm
lsr acop acoo = tlw (jfd uwq)
lss acoo acop = nzm vj rsh absy
lst acop acoo = tij
lsu acop acoo = nqo
lsv acoo = jaf rlc
lsw acoo acop = aed
lsx acoo acop = nxf kyn
lsy acop acoo = kdp
lsz acoo acop = fsb
lta = wr hff pcv
ltb acoo = wmq lve bma
ltc acoo = ard xak vuf
ltd acop acoo = lee
lte = jnf thu
ltf = etb
ltg acoq acoo acop = zpj
lth acoo = bej
lti = rfc
ltj = ovf
ltk acoo = rlz nbf
ltl = vst aahn mvh
ltm acoq acop acoo = jgd vvx
ltn acoo = cg
lto acoo acop acoq = gzq
ltp = ekk udy
ltq acop acoo = ilc
ltr acop acoo = qah eta zyf qvb
lts acop acoo = xmy abwo
ltt acop acoq acoo = acd
ltu acoo acop = aafw
ltv = weu
ltw acop acoo = zqv gny qng
ltx acoo acoq acop = xjj
lty = ein
ltz acop acoo = aafi zvf
lua acop acoo acoq = rie
lub acoo = qxi
luc = sjm (fdi oha phz) llg
lud acoq acop acoo = qwh smy abwr wjy fli
lue acoo acop acoq = vca mbs rlp
luf acop acoq acoo = inz uwi
lug = absd abpq
luh acop acoo acoq = uke
lui = qlo
luj acop acoq acoo = cw
luk acoq acop acoo = wxz xbb
lul acoo = sax yof ffs
lum = dgq
lun acoo acop acoq = aue ppu
luo acoo acop = pbx
lup acoo acop = ged wbf aakg
luq acop acoo = akn
lur acop acoo = nqi
lus acoq acop acoo = hzn ndg odx
lut acop acoo = amn
luu = ugb
luv acop acoo = gvv
luw acoo = gkk (wcm ucb)
lux acoo acop = zir
luy = oiu
luz acoo acop = aarf
lva acoo = qiu
lvb acoo = rpg
lvc acop acoq acoo = abjp otn
lvd = hlu
lve acop acoo = nru isa bdb
lvf = jkt elm sub
lvg = hn
lvh = nfr
lvi acoo acop = mnf ufi ruz
lvj acoo = ulh oub jfc
lvk acoo = l vga
lvl acoo = xrv pno hwx
lvm acoo = yjk vxe jsk
lvn acoo = vyg heb
lvo acoo acop = hss
lvp = abou
lvq acoo = dva tve htp thx qqg
lvr acop acoo = act ith njg
lvs acoo = xka
lvt acop acoo = qxh
lvu acoo acop = cym vwn
lvv acoo = ufq yck fqd
lvw acop acoo acoq = irw
lvx acoo acop = ule ipr vxt
lvy acoq acop acoo = bu
lvz acop acoo = soe
lwa acop acoo acoq = acgw aacq
lwb acoo = uor aez
lwc acoo = aau
lwd acop acoo = vle uar bwt
lwe acoo acop = iub
lwf acoo = qz
lwg acoo = nha ptp
lwh = vhq
lwi acop acoo = hqi
lwj acoq acop acoo = obx
lwk acoo = cpy gmj tzx
lwl acoo = hfd
lwm = ofm
lwn acop acoo = tfn
lwo = zva
lwp acoo = aafc
lwq acoo acop = ctr
lwr acop acoo = ouk
lws acop acoo acoq = zmu
lwt = ucq (jzp oyc)
lwu acoq acoo acop = nqn upc tjf
lwv acoo acop = qsr
lww acoo acop acoq = yks rnx
lwx acoo acop = les
lwy acoo = aapm
lwz acoo acop = oxp
lxa acoo = ino
lxb = izo
lxc acoo acop = yzn
lxd acop acoq acoo = foy
lxe = vnz zab
lxf acoo acop = geh mxr
lxg acoo = idy abxk (mnz grl cbn)
lxh acoo acop = eqy
lxi acop acoq acoo = lr yea
lxj acoo = ksa
lxk acoo = oie
lxl acoo = taf dud
lxm = yxu
lxn = tfn
lxo = enh
lxp acoo acoq acop = apu
lxq acoo = sym
lxr = hid
lxs = wut ohv ka
lxt = nqj zrr
lxu acoo acop acoq = zbx wrl tpu abad
lxv = tyj aaao
lxw acop acoo = alw
lxx acop acoo = ujc
lxy = wth
lxz = run
lya acop acoq acoo = uio
lyb acop acoo acoq = pt lz aaeh zsu
lyc acoo acop = vta tjc xjc
lyd acoo = fmb vaf
lye = ugk dtn nxx
lyf acoo acop = kzn ovb qjj
lyg acoo = wqk
lyh acoo acoq acop = mlk
lyi acoo acop = dmt
lyj acoo = bwj
lyk acoo = pnu
lyl acoq acop acoo = cwd
lym = aki pgq jzx
lyn acoo acop acoq = gzs jao akb
lyo acoo = woz
lyp acoq acoo acop = cd xju
lyq acoo acop = xsg shx
lyr = muo
lys acop acoo = acjj
lyt = ksl urg
lyu acoo acoq acop = eol xqz
lyv = ca
lyw acoo = xgd
lyx acoo acop = vue
lyy = xpg
lyz acoo = vwm
lza acoo acop = biz qhr
lzb acoo = wlu izk yqg
lzc acoo acop = tpp mhm luo
lzd acoo = ynu koz jbu ftq
lze acoo acop = lfo
lzf acop acoq acoo = zgs aln mdm
lzg acoo = dyt
lzh acoo acop = gim
lzi acoo = esp hye tvv poq
lzj acoo = gnz
lzk acoo = kwz whg jjx
lzl acoo acoq acop = auc (gpb xgk hrz)
lzm acoo = nom
lzn acoq acop acoo = ooi
lzo acoq acop acoo = cos
lzp = eqr
lzq = abvu mgq
lzr acop acoo = kya
lzs acoo acop = abtu
lzt acoo = kcy
lzu = ufb
lzv acoo = dcp
lzw acoo = abzu myt aalp zkv
lzx acoo = foc
lzy acoo = ynu itv bxq
lzz acop acoo = olx
maa acoo acop = achv ukw
mab acoq acoo acop = gl gce pta
mac = apx
mad acoq acoo acop = zzs
mae acoo acop = iqg
maf acoo = hig ipp hvp hfv
mag acoq acoo acop = egs
mah = jso
mai = vl (yqh zgf bla)
maj acoo acop = ocs
mak = wmz icf lgt
mal acop acoo = uqt
mam acoo acoq acop = wsv rcm
man acoo acop = toh abno xhh nyd
mao = uwh
map acoo = unf cks pfl xgi
maq acoo acoq acop = hbf qze tix gkr esy
mar = bww xlm aatm
mas acoq acoo acop = dud neo (cyd xot)
mat acop acoo = mji
mau acop acoo = nod tzx
mav = mwg yqv
maw = pxh
max acop acoo = ttd zj
may acoo acop = hws
maz acoo acop = hwu
mba acop acoo = xwe
mbb = qmx gcp (zjn vry) ddz
mbc acop acoo acoq = qiu
mbd acoq acop acoo = unv ott ead
mbe = ifr cqm sxt aaic
mbf acop acoo = szy pni
mbg acop acoq acoo = umo ici sdt
mbh acoo = fne fkk
mbi acop acoo = odl
mbj = kgy ylh pqa caw
mbk = gmn
mbl acop acoo = grb
mbm acoo = ycy yil pi ams
mbn acoo acop = sss
mbo acoo = mbi fqz
mbp = abt jyg dhp
mbq acoo acop = koo ntj lwk pbv zdm
mbr acoo = nuf rih xxf
mbs acoo acop = ybq
mbt acop acoo = mht xbc
mbu acoo = wxj
mbv = alu
mbw acoo acop acoq = iar nab
mbx acoo acop = lbq ykc
mby = vng
mbz acop acoo = eob
mca acoo = nb
mcb = oqc
mcc = ywc
mcd acop acoo = epp
mce = inw
mcf acop acoq acoo = hcn
mcg = qfk
mch acoo acop = byc (zhx zv wia)
mci acoo = cdk
mcj acoo acoq acop = lka olv
mck acoo acoq acop = zvm
mcl acoo = mgn
mcm acop acoo acoq = wwb kqa ygo
mcn acoo acop acoq = gzy (oqe eiq uth)
mco acoo acop = bxz eqp abys
mcp = tif dvi imo acng
mcq acoo acop = ora iep
mcr acoo acop = abkw mq
mcs = fpv
mct acop acoq acoo = aro fdc hcn
mcu acoo = bvr
mcv = wlo sed ypx
mcw acop acoo acoq = bjh
mcx = lg zoa dmw
mcy = aif qmj gey
mcz = jen
mda acop acoo = aare ecq csd
mdb acoo acop = xnn gwz
mdc = onr
mdd acop acoo acoq = aaap
mde acoo = onz ozu
mdf acoo = absg abha lwy vmt
mdg acop acoo = nfp
mdh = pth ctk ras
mdi = ssm
mdj = cnm
mdk = wfl (ldc aadv elt abl)
mdl acoo = iwq abnd tup npe nis
mdm acoo = acmp
mdn = pwf
mdp = aabx
mdq acoq acoo acop = ldy pah edg xso
mdr acop acoo = qjm nkz
mds acoq acop acoo = kbq ppy
mdt = xlf
mdu acop acoo = jqc lwc dio uts
mdv acoq acoo acop = lrc lno abij tlu gth
mdw = xnh er abmc lej
mdx acop acoo = ssa
mdy acop acoo = ew vca oec
mdz acop acoo = asp
mea acoo = huu
meb = ctq hec iqr ymb
mec acoo acop = dio rzw gyi
med acoo = xcs
mee = zye qaa ebe
mef acop acoo = ruj
meg acoo acop acoq = hwp
meh acoo = aagq
mei acoo = rpw
mej acop acoo = fua rbk igf
mek acoo acop = ptf
mel acop acoo = ivl
mem = qrf
men = ujr
meo acoo acoq acop = aje lt
mep acop acoo = abgr
meq acoo acop = kke
mer = how
mes acoo acop acoq = qql
met acoo acop = xaj
meu acop acoo acoq = bzc
mev = zfk
mew acoo acoq acop = oor hbb aaty
mex = epe
mey acop acoo = sqr yze crl
mez acoq acoo acop = vbz
mfa acoo = pnj
mfb acoq acop acoo = ukf
mfc acoo = fbn
mfd acoo acop acoq = lcl tls gpm mxf
mfe acoo = nuf
mff = fv
mfg acop acoo = ypd qur vxz dvz
mfh = nio (axc hvc)
mfi acop acoo = kdg
mfj = ezj
mfk acoq acoo acop = vhp hwo lit
mfl = htv
mfm acop acoo = iif
mfn acop acoo acoq = rgs wav
mfo acoq acop acoo = yvs
mfp = aaea
mfq acoo = uyw
mfr = pm
mfs = jsm
mft acoo acop = ss cle vhv tze
mfu acoo acop = psf
mfv acoo acoq acop = fei
mfw = szu hqm mwz wwk nun
mfx acoo = hvu
mfy acop acoo acoq = ozl
mfz acop acoo = fkm
mga acoq acoo acop = abbt lsj
mgb acoo = tjs
mgc = tai kmh
mgd acoo = odj
mge acoo acop acoq = xca pwn kev
mgf acoo = ewx tzx qqs
mgg acoo = pwu
mgh acoo = dxv mff wox
mgi acoo acop acoq = mrr
mgj acoo = ual vue kzd
mgk acop acoo = fbz rg
mgl acoo acoq acop = zcr
mgm = hw djf (gwh ira)
mgn acoo = vba joe sxb
mgo acop acoo = xia
mgp acoo = cgv ojg
mgq acoo = dgt
mgr acoq acoo acop = mtm guz vhm
mgs acop acoq acoo = isg
mgt acoq acoo acop = otk
mgu acoo acop = gny
mgv acoo acop = pyi
mgw acoo = acbh hir vrk
mgx acoo = pkh
mgy acoo acoq acop = ziz
mgz acoo = znc
mha acop acoo = jlc
mhb acoo acop = bmh jek iri onl
mhc acoo = dde
mhd acoo = zkm dhe qxd znn
mhe acoo acop = eiv lhw slz kt
mhf = aaoj
mhg = vxl
mhh acoo acop acoq = abrd
mhi = xh
mhj acoo = abjb frf omo
mhk acop acoo = glj
mhl acop acoq acoo = yai
mhm acop acoo = cbr
mhn acop acoo = wbp fkq
mho acoo = vjj
mhp acop acoo = rrj
mhq acop acoo = hwo
mhr acoo = dzb
mhs acoo = bpa
mht acoo = dth
mhu acoo acop = ugd gnb kqz
mhv acoo acop = lze yoy
mhw = xrl
mhx acop acoo = kvi eik
mhy acoo acoq acop = pxm aahg fic klk wic
mhz acoo acop = oik
mia acoo acop = zpp
mib acoo = qnr
mic acoo = fyr
mid acoq acoo acop = ibw abwc mto
mie acoo = dsh
mif acop acoo = dtr
mig acoo acop = pgl
mih acoo = aald
mii acoo = pla zig xda
mij acoo = coh
mik acoq acop acoo = jgc
mil = mqi
mim = ohq zmg ced
min acop acoo = wst (pgv asf)
mio acop acoo = aho
mip acoq acop acoo = ljp fly
miq = hfy
mir acop acoo = ydv bsy
mis acoo = lab klo
mit acoo = gns
miu acop acoo = ngh
miv = owh
miw acoq acop acoo = fpz
mix acoq acop acoo = gyk
miy = dek
miz acoo = seu
mja acoo = suw
mjb acoo = guo ltv kss
mjc acoo acop = gol mti gva
mjd acoq acop acoo = auy bup xgy zn
mje acoo acop acoq = tut
mjf acop acoo = abht ips
mjg acoo = onz
mjh acoo = kem ozh dsm
mji acop acoq acoo = kec ahp zdk
mjj = nbv
mjk = wdw
mjl acop acoo = duk
mjm acoo = smd
mjn acoo acoq acop = vnz
mjo = aapw zis
mjp = znu eme
mjq acop acoo acoq = tjq
mjr acoq acop acoo = aajw
mjs acop acoq acoo = gau
mjt acoo acoq acop = fyv qnu kwy
mju acop acoo acoq = owu
mjv acoo acoq acop = nfs
mjw = hvn um
mjx acoo = cpd
mjy acoo acop = vsj
mjz acoo = gpq aagc
mka acop acoo = abem
mkb acoo = kqj
mkc = aclj kyz
mkd acoo = hii xut acmu
mke acoo = duo
mkf = utx
mkg acoq acoo acop = zdc ekj nkp
mkh acoo = kto aww amf
mki acoo acoq acop = wry
mkj acop acoo acoq = hoh uax
mkk acoq acop acoo = eps auo xxl doy
mkl acoo = rvu
mkm acoo = beo wfn abfb wxu
mkn acop acoo acoq = accj
mko acoq acop acoo = bvk zwx spi kpv
mkp acoo = abb tyl yrp
mkq acoo = dyq
mkr = bev
mks acop acoq acoo = abeu
mkt acoo acop acoq = aawk abzm
mku acop acoo = uic
mkv = sqq
mkw acoo = hoj
mkx acoo = vzg
mky acop acoo = aqt
mkz = tzj toy
mla acoo acop acoq = kzz
mlb acop acoo = zmt wkv
mlc acoo acop acoq = vkn wxj ymk
mld acoo = oxx
mle acop acoq acoo = aakt jbx
mlf acoo = rsg
mlg acoo = soj
mlh acop acoq acoo = kim
mli = zwx
mlj acoo acoq acop = pml dgl mri oja
mlk acoo = nrn nyv abvv vmj
mll acoq acop acoo = eyn ooo
mlm acoo acop = gzx wbo eoo nzo
mln = rgs aahl
mlo acop acoo = le aart
mlp acoo = aaoz oxh
mlq acoo acoq acop = yjt eqg dik q
mlr acop acoo acoq = abtg gnn aaoj
mls = hpm abgb
mlt acoo = ejm
mlu acop acoq acoo = avy
mlv acop acoo = kq hds sff
mlw acoo = acca
mlx acoo acoq acop = enb
mly = nhz
mlz acoq acop acoo = dqs aara hpi zkc
mma acoo = dii
mmb acoq acoo acop = xc dbs
mmc acoo = zpt zwr
mmd acoq acop acoo = wdh
mme acoo acop = sqm iuh
mmf acoo acop acoq = abtx aaji
mmg acoo acop = yan
mmh acop acoo = vlc cqg wzo mrc
mmi acoo acop = pua xax wyp qzd
mmj acoo acop = tdb
mmk = cpa
mml acop acoo = nso
mmm acoo = dbd
mmn acop acoo = fxo
mmo acoo acoq acop = owq zvm aacr
mmp acoq acop acoo = gia
mmq acoo = jsv
mmr acoo = qbg vmn abez wlw
mms acoo = jnm
mmt acoo = brj
mmu acoo = wau
mmv acoo = gga zla
mmw acop acoq acoo = ydc
mmx = aark
mmy acoo = bil avj jil ngb
mmz acoo = abky
mna acoo acop acoq = mlj
mnb acoo = ai mqy yyd eut fxo
mnc acoo = yyo
mnd acoo = dmj jxm ache mya
mne acop acoo acoq = lde
mnf acoo = vtm fof (jnn abbf epg)
mng = phc oyx abij
mnh acop acoo = osi doj
mni acop acoo = djs uzs
mnj acoo acoq acop = vdv
mnk acoo = boi
mnl acoq acoo acop = xqm
mnm = ybq fpr
mnn acop acoo acoq = maz vwt fzl (aalo uzi)
mno acoo = liq zqh
mnp acoo = xmf rzz pjz ldo
mnq acoo = cwu
mnr acoo = xsx gqu
mns acoo = pun
mnt acoo = imv vz
mnu acoo acop = kzp
mnv acoo acop = oyk
mnw acoo acop = npc
mnx = seh
mny acoo acop = exe
mnz acop acoo = rny fkw yoi
moa acoo acop = hvj lqx
mob acoo = lct oxb
moc acoo = oru
mod = yhp
moe = srm
mof acoo = znv
mog acop acoo = hto
moh acoo acop acoq = dtm cne
moi acoo acoq acop = acga esl efn rgz
moj acop acoo = piy idu
mok acoo acop acoq = rld
mol acoq acop acoo = bfb
mom acoo acop = mro
mon = xhd
moo = gqu
mop acop acoq acoo = upd ujy
moq = dsc
mor = gck
mos = aaok owl kjc aj aawq
mot acoo = aqq (tdd mzc)
mou = szy krf
mov = nee wel rqs
mow acoo acop = aev
mox acop acoo = qtj
moy = gwc
moz acoo = gmo zhd cad
mpa acoo = inw
mpb acoo = wtc
mpc acoo = xzd
mpd = pvv yav
mpe acoo = njd kvy
mpf acop acoo acoq = hmk vwm
mpg = aarw npy xbm yvr
mph acoo acop = oll
mpi acoo acop = dxr
mpj acop acoo = rfu
mpk = omv zgq
mpl acop acoq acoo = top
mpm acop acoq acoo = odp aapq sic xtr
mpn acoq acoo acop = rei
mpo acoo = zly
mpp acop acoo acoq = mtp hav lol
mpq acop acoo = rcb nem jkh wqn
mpr = xjo
mps acop acoo = emo fod fkh
mpt = yyq
mpu acop acoo acoq = ncj
mpv acoo acop acoq = acdv
mpw acoo = raf
mpx = pxk gxz
mpy = ytk bu abua
mpz acoo = vgs ivu
mqa = aayx
mqb acoo = iew
mqc acoo = pog
mqd acoq acoo acop = gwx
mqe acoo = vag
mqf acoq acop acoo = iux jyc
mqg acoo acop = jil dod
mqh acop acoo = fro aatc
mqi acoo acop = fwk
mqj = jne gja
mqk acop acoo acoq = bly mkn lzo
mql acoo = fnu
mqm acoq acoo acop = rtj rrd hfc
mqn acoo = xxx
mqo = ioi
mqp acop acoq acoo = aagr tlg lrk
mqq = skm
mqr = aoe
mqs acop acoo acoq = bkt
mqt acop acoo = mkx vgj hmp
mqu = shg
mqv acoq acoo acop = mq sxn uzu
mqw acoo = lyp exa qsu
mqx acoo = atb
mqy acoo acop = zjo
mqz acoo = ehf zmj sik bmp
mra = bvw xog xkk
mrb acoo acoq acop = xkd
mrc = tzj xuv
mrd acoq acop acoo = ljy
mre = dlz wob vuj
mrf acoo = aqs
mrg acop acoo = dsm
mrh acoo acop acoq = acoc acns
mri acop acoo acoq = cee njt nxh
mrj acoo = pyl
mrk acop acoo = xta aagy
mrl acoq acop acoo = acoo
mrm acoq acoo acop = ulb
mrn acop acoo = olh
mro = sqx
mrp acop acoo = itv uts jrx wie
mrq acoo acop = vhc
mrr acoq acoo acop = vpn
mrs acoo acop acoq = kcv
mrt acoo acop = yra
mru acoo = gmk lzj
mrv acoo = icp
mrw acoo acop = zup hox zsx cto
mrx acoq acoo acop = pen zwz
mry acop acoo = xpq ywp
mrz acop acoo acoq = fsf
msa = daq
msb acoo = ndx aazd
msc acoo acop = ocg
msd = zbl
mse = ixs
msf = lhm aafr uay
msg acoo = acoo bkn
msh = aafo (svo kck)
msi acoq acop acoo = lnd
msj = pqz lhl (uhe rdg)
msk acop acoo = iq ocp
msl = aaej
msm acop acoq acoo = avz tuj weh vyx
msn acoo = rmv
mso = kfu
msp acoo = ncr
msq = rhm
msr acoo = qrj
mss acoo acop = uel
mst = oxp
msu acoo acop = itq
msv acoo = abvp izb
msw = abck
msx = kpf
msy acoo = hda
msz acoo acop acoq = rsk
mta acoo = occ
mtb acoo = syd qmb
mtc = zbu
mtd = cuv kho
mte acoo acop = kvz
mtf acoo acop = fhn
mtg acop acoo = abtd jrb abbw tsf
mth acoo acop = dvt wlx
mti acoo = pda
mtj = soq
mtk = fvi dtm
mtl acoq acop acoo = vqr
mtm acoo = rbt
mtn acoo = ylh
mto acoo acop = otw
mtp acoq acop acoo = pjt yma evv
mtq acoo = inv mzc djf lcy
mtr acop acoo = pvl ycn cac
mts acoo = aakv
mtt = tui
mtu acop acoo = kvd ryg
mtv acop acoo = mxb rm jyy
mtw acop acoo acoq = sp aahg kri
mtx acoo = lvq nfp
mty acoo = dje ilc tbp
mtz acop acoo = zrb
mua acop acoq acoo = aaqy
mub acoo acop = smp vky
muc acoo acoq acop = ayh tlx
mud acop acoq acoo = urg
mue acoo = upq
muf acoo acop = ojx kfq fkz gml
mug acoq acop acoo = abxm
muh acoo acop = haw ggw vnp
mui = rup
muj acoo = fza
muk acop acoo = xze myp abkz usb
mul acop acoo = dch
mum = mc xbc bks
mun acoo = wce smy
muo acop acoo = mhr dtj
mup = qki
muq acop acoo = q
mur = pyv
mus acoo = xgx yff pzf uth
mut acoo acop = sqm gvi rvl
muu acoo = xhr
muv acoo = his
muw acoo = iav
mux = dqa
muy acoo acop = rn qvn
muz = ehg
mva acoo acoq acop = jik
mvb = khy
mvc acoq acop acoo = cwl fno zqc
mvd = jbg
mve = zfd
mvf acoq acoo acop = pm
mvg acoo = ahe
mvh = ijd
mvi acoo = jqk
mvj = ypv
mvk acoo = dqb dvl ovj zkj
mvl acop acoo = vch
mvm acop acoo = acca yvd wfz
mvn acoo acop acoq = qru qqn adw vgy
mvo acoo = mic lts abuc
mvp acop acoo acoq = ocv
mvq acop acoo acoq = nwv
mvr acoo = aaok eei
mvs = ouv
mvt acoo = qrj dla iwn aqu nua
mvu acoo acoq acop = ojt cjd vik lfn jzu
mvv acoq acoo acop = hrd
mvw acop acoo = uc abow vln tua
mvx acop acoo = ghe
mvy acoo acop = aayl
mvz = rwq
mwa = hdi yfx oxu wpq
mwb = zts
mwc = esx
mwd acop acoo = zpm
mwe = wti hge
mwf acop acoo = rwz
mwg acoo acop = grq
mwh acoo acop = wkq iht
mwi acoo acop acoq = achp
mwj acoo acoq acop = zyz zeo
mwk = akf
mwl = kuu
mwm = pva
mwn = xey
mwo acoo acop acoq = vwp acoc doh
mwp = rna
mwq = xqy
mwr acop acoo = lun xun tpw
mws acoo acop = smc
mwt acoo = jpj
mwu = fmv mrf aazc
mwv acoo acop = rvv zvs ahc
mww = alj pvb
mwx acoo acop = atl
mwy acop acoo = oxy tmq kng
mwz acop acoo = rsh
mxa = ngg
mxb = oww
mxc = lwn
mxd = nyg
mxe acoo acop = ilc aahk db
mxf = fwb
mxg acoo = izp
mxh acop acoo acoq = mxa cts ably imj
mxi acoo = akx
mxj acoo acop = gkp
mxk acoo = ecv
mxl acoo = lna
mxm = pxn nxh
mxn = xdy orb accl
mxo = swm drt mgj ppm
mxp = qto vpy kjk
mxq acoo = kfv
mxr acoq acop acoo = bqy asl
mxs acoo = obx mow itd
mxt acoo acop acoq = ebd
mxu acoq acoo acop = mpl
mxv acoo = nzp hhp
mxw acop acoo = lei
mxx acoq acoo acop = lcr
mxy acoo = zju loe
mxz acop acoq acoo = ceu
mya acoq acoo acop = nbe grf
myb acoq acop acoo = ghi qqw fyo
myc acoo acop = xds
myd = abhm
mye = nwx
myf = mhs achg
myg = rzd joz acag
myh acoo acop acoq = fjm
myi = cu
myj = oam
myk acop acoo = yvb
myl = ayx blo orc dkm
mym acoo acop acoq = qxd
myn acoo = cha (acdu abbo qvu sph)
myo acoq acop acoo = ngy bpj lfy
myp acoo = fzv
myq acop acoo acoq = abib
myr acoo = hyj uxu
mys acoq acop acoo = eqp oxk
myt acop acoo acoq = nhd
myu = omc
myv acoo acop = xes
myw acoo = cvl
myx acoo acop = hrl abdl
myy acop acoo = ezc dhv (ibo aec vxu)
myz acop acoq acoo = jyq jbo
mza acoo = eux rqw udj
mzb = ewc dsy
mzc acoo = lgr
mzd acop acoo acoq = mma
mze acoo = eqz xzu
mzf acoo = yxs cnn
mzg acoo acop acoq = vsq
mzh acoq acoo acop = jsa ttv
mzi = zmk
mzj acop acoo = zyz
mzk = abql
mzl acop acoo = dyv
mzm = hlk vqr ibh
mzn acoo acop acoq = bfk
mzo = mhe deq zxz
mzp acoo acoq acop = ezj
mzq = pdh
mzr acoq acoo acop = xht vqy
mzs = wri
mzt acoo acop = aaiw bvn zzj
mzu acoo = nlm
mzv = zvp gvi vbi
mzw acoo acoq acop = llj
mzx acoo acop acoq = alz aatb bgp
mzy acoo = kyj wuo
mzz = jqs
naa = wpf (cex aawp neo)
nab = mzn
nac acop acoo acoq = iwk lse abww xa yzb
nad = xux eyw
nae acoo = abxd jom gaq ddi
naf acop acoo = lew qjk
nag = urv ssn
nah acoo acop = prx
nai acoo acop = cpo
naj acoo = whh ffb
nak acop acoo = khn nqb mju
nal = yuo cur isz
nam acoo acop = abru jnl
nan acoo = rwt
nao acoo acop = gqo aand ur
nap acoq acop acoo = ueu
naq acoq acoo acop = ske tyh sng jhz
nar acoo = ebf
nas acoo = ars eij
nat = owm
nau = kvj
nav acoq acoo acop = fak wnj pnf amb
naw acop acoo = fvq
nax = bua
nay acoo = xcp vzm qts au
naz acop acoo = tsf rrf xrg jmm gst
nba acoo = mrs
nbb acoo = rcp abzd
nbc acoq acoo acop = tuc aazd
nbd acoo acop = qqj ast aaxe dxr wgo
nbe acoo = bob
nbf = evl dbk
nbg acoo = god
nbh acoo = aalc gek cez
nbi = emh qzp
nbj acoo = gnt mes
nbk acop acoo acoq = cvs jxa
nbl acop acoo = jek llc zxs
nbm acoo acop acoq = wwg aadt jsy iaa mih
nbn acop acoo acoq = osk lxn aceu
nbo = mqq okh efj wzq
nbp acoo acoq acop = tsp
nbq acoo = gdv
nbr = tgn
nbs acoo acoq acop = yvi
nbt = pln ptc mw
nbu acoo = sjt
nbv acoo acop = yhw bjp
nbw acop acoo acoq = mwo wjc
nbx acoq acop acoo = glg
nby acop acoo = vcr ieq so hlg
nbz = aqs
nca = cer dcs fti
ncb = tch
ncc acop acoq acoo = ebk
ncd = mye
nce acoo = hlu
ncf = bwu
ncg acoo = lrs jln
nch = cec
nci = ueo xpd nhz
ncj acop acoo acoq = tqn
nck acoo = usc
ncl acoo acop = wmx
ncm acoo acop acoq = kqp
ncn acoq acop acoo = orz
nco acoo = rsz
ncp acoq acoo acop = abgz
ncq acoo = ntu xnd
ncr = acmh jsg awc vg
ncs = npc
nct acoo = ptr
ncu = uyf
ncv = cpw abzg scs ob
ncw acoo = vzq
ncx acoo = oiy
ncy acop acoo = iiy dem vdj
ncz acop acoo = da aws
nda acoo = fys
ndb acoo = hbf dob iwd (nnh snt)
ndc acop acoq acoo = w pxt abpy
ndd acoo acop = emg tdr ili whk
nde acop acoo = duu
ndf acoo = eae zhq gjd yol cka
ndg acoo acop acoq = acbg
ndh acoo acoq acop = ovs
ndi acoo acop = owh
ndj acoo = nvd rew csn vvb
ndk = nmy cqz odu yje
ndl acoo acop acoq = ibr
ndm = bxl
ndn = xlk
ndo acoo acop = qnp
ndp acop acoo = oay
ndq acop acoo = ijk
ndr acoq acop acoo = pyx bhi
nds acoo acop acoq = nca xmy jw gfm
ndt acoo = kfd
ndu acop acoo = efp
ndv acop acoq acoo = xum
ndw acoo acop = abru prv
ndx acoo = az
ndy = rqc
ndz = tom stg
nea = apj xzn
neb acoo = jfj
nec acoo = okh
ned acoo = lx
nee = wot ujj olv
nef = uwd jiw bje
neg acop acoq acoo = nrj
neh acoo acop = nsn ypm
nei = fto vwi uof
nej = byp
nek acoo acop = xwu
nel acop acoo = mdb
nem acop acoo = za gig abdo
nen = dvc
neo acop acoo acoq = tnu
nep = qnr
neq acoo acop = wmv
ner acoo acop = xbc mle
nes = tbi zht cdl hpg
net acoo acop = hyg osq vjy pys
neu acop acoq acoo = aafm cgd quz
nev acop acoo = vqk absa acfd
new = grk mfp jtq
nex = gqp
ney = tyv
nez acop acoo = vtn
nfa acop acoq acoo = isq
nfb acop acoo = vgn ods
nfc acoo = wrn
nfd = jde
nfe acoo = xme yyp
nff acoo = ysb rsc xnq
nfg = wio
nfh acoo = bou
nfi acoo acop = cxe abur
nfj = hbh
nfk acoo acop = bn aazs
nfl acoo = otx
nfm acop acoq acoo = abfr
nfn acoo = xup
nfo = aayg lkb
nfp acoo = aare
nfq = eqe
nfr acoo acoq acop = oot nzu
nfs acoo acop = hqo
nft acoo = abnx huw pej rjn
nfu acoq acop acoo = yrk
nfv = xoc
nfw acop acoo = aaph asc
nfx acoo acop = sba abfg
nfy = fgy
nfz acop acoo = abvv ftq ycz
nga acop acoo acoq = acbe spp
ngb acoo acop = sno
ngc acoo acop = pxr
ngd acoo acop = fkw phx
nge acoo = fag
ngf = pbx riv
ngg = ifd eou
ngh acoo = bxa
ngi acoo = aact
ngj acoo = lgp acs
ngk acoo = nfn ojr hac yyk
ngl = mzz xtc
ngm = czr
ngn acoo = gku
ngo acoo = nej aaft hrh
ngp acoo = vdv
ngq acoo acop = absh tzs pbe
ngr acoo = num ftl cjf
ngs acop acoo = xrt
ngt acoo acop = aclh aaia
ngu acop acoo acoq = eaj
ngv acoo = xcn
ngw acoo = iai
ngx acop acoo = jwz itz gnz
ngy acoo acop = hib
ngz acoo acop = hbj
nha acop acoo = yjq
nhb acoo acop acoq = lov nyv tyi
nhc = lce sqs nrg
nhd acop acoq acoo = aago absa dcs
nhe acop acoo = aazt xqu rp
nhf acoo = bcw
nhg acoo = abid
nhh acoo = axk lmb
nhi = aaib
nhj acoo = klf
nhk = cxr kem
nhl = dva
nhm acoo acop = fwm
nhn acoo acop = vwc wzx
nho acoo = yfx
nhp = aca
nhq acoq acop acoo = mjk msj ivo
nhr = wob ekx
nhs = khg ayv ucj
nht = ldi
nhu = gve xdl
nhv acoo acop = abnt
nhw acop acoo acoq = zlv hyf
nhx acop acoo = wyw qul hxh tbh
nhy acoo = tnv ghy
nhz = gy
nia acoo acop = cwg
nib acoo acop acoq = zda eqf
nic = vup anl fmh abdp
nid = lxv jpi
nie acoo = abkz
nif acoo = itz ych rmy kdi
nig acoo acoq acop = hlp
nih = tbv
nii acoq acoo acop = lme uic vai
nij acop acoq acoo = bxf
nik = vjz ukd
nil acoo = fnc thz fty
nim acoo acoq acop = tmx kox
nin acoq acoo acop = kus
nio acoq acoo acop = kwg
nip acoo = shu iwd
niq acoq acoo acop = bov
nir acoq acoo acop = vey
nis = dx vgw
nit = xqk
niu = vim acle zql
niv acoo = tqr
niw acoo acop acoq = acfm
nix = beu cop
niy acoo acoq acop = ntb fhd
niz acoo = nkv
nja acop acoq acoo = ccw
njb = wce
njc acoo = ixn bdc yvd
njd acoo acop acoq = aabw bks
nje acoo = xlt
njf acop acoo = vgq
njg acoo = kmh
njh = fjk bhr jsa idj
nji = elm rda wsg pvw
njj acoo = iy
njk acop acoo = aqi
njl acoo = pfn fgn
njm = kub
njn acoq acoo acop = mpu
njo acoo = uzx sj
njp acop acoo = qfa
njq acop acoo = azx arh abwj pjr
njr acop acoq acoo = cwl czk
njs acop acoo = cal
njt acoo = mzm
nju = mhs ackv
njv = mdz mdz ccv
njw acoo acoq acop = gzl kus uzx
njx = cn kup sus sli
njy acop acoo = aol
njz acoo = yqe
nka acop acoq acoo = epd
nkb acop acoo acoq = dsm xhy uhl wpf meq
nkc acop acoo = ukq enr
nkd = mmd
nke = khw tpw aavg
nkf = fyp xaa dkf
nkg = ps
nkh acoo acop = abkh jdu
nki acoo acop = uwn
nkj = zwi
nkk acoo acoq acop = fje obw
nkl acop acoo = qj cqr nxb
nkm acop acoo acoq = rct zse msn
nkn acop acoo = ckh oag
nko acoo = oqu
nkp acoo = dfm kmq
nkq acoo acop = fww
nkr acoo acop = jp
nks acoo acop = dgb wor
nkt = neb nxp ppv
nku acoo = opw ldj ham glv
nkv acoo = enj
nkw = xhh fjv eli
nkx = arp cxb
nky acoo acoq acop = vqq
nkz acoo = jdf dyn
nla acoo = ofk
nlb acoq acop acoo = tkn
nlc acoo = udy acn kpd fur
nld acoo acop = fif yse
nle acoo acop = fml
nlf acoo acop acoq = pnh
nlg acoo = akv abbt led ojq dwl
nlh acoo acop = kqk nep
nli acop acoo acoq = trz
nlj acop acoo = di bdj ikz
nlk acoq acoo acop = tez tcd cfx
nll = zov
nlm = fkt vy cop
nln acoq acop acoo = ecu sxk jmb
nlo acop acoo = jst ork ucj ucu
nlp acop acoo = rif dur
nlq acop acoq acoo = pge
nlr acoo = aalz
nls acoo acop = wso
nlt acoo = dla llv llf
nlu acoo acoq acop = ccr goi pco dal
nlv acoq acop acoo = aadm
nlw = ize
nlx acoo acop = ujl yzb wdo tpg
nly = abbq
nlz acoo acop = juf eli
nma acoo = eaz uip cuo abyi
nmb acoo = bvj wxm dkn ntq
nmc acoo = hsl
nmd acoo = abxx abph wga fkt
nme acop acoo = zwf moc iyg abzn szb
nmf acoo = jmv
nmg = pkp dbz
nmh acoo acop acoq = brg
nmi acoo acoq acop = yih czo vwe
nmj acop acoo acoq = ljq oom jjz
nmk acoo = qtp qvc ywt llk
nml = iwm
nmm = nqi
nmn = rxe
nmo acoo = umz
nmp acoo acoq acop = hmx
nmq acoo = xir
nmr acoo = qmr ydv
nms acoo acoq acop = hvc qjv
nmt = wvo ouf cqr
nmu = iie
nmv acop acoo = ent
nmw = yrg
nmx acoo = tfy
nmy acoo acop = ssz
nmz = njj
nna acoo acop = hmn o
nnb acoo acop = aajq
nnc = abgq
nnd = ibg yyk
nne acoo = yyx
nnf acop acoo = joc
nng acoo acop acoq = fok
nnh acop acoo = sig ftg
nni acoo acop = wbm
nnj acoo = fkj ply plv cgn
nnk acoo = fxn
nnl acoq acoo acop = hta
nnm acoo acop = dpl
nnn acoo = lrs fqi nra achv eip
nno acoq acop acoo = ovb
nnp = yfn
nnq acoo = cgc
nnr acoq acoo acop = orl
nns acoo acop acoq = gze
nnt acoo = sod (yqc hlx) hzy
nnu acoo = wgm
nnv = jra
nnw acop acoo = pcu yhh
nnx acop acoq acoo = kcn
nny acoo = aaqr flj
nnz acoo acop acoq = lgo
noa acoo acop = nyi
nob acoo = btw
noc acop acoo = kyt abms bix
nod = rvj kwy yua
noe = lhp
nof acoq acop acoo = sfq gwb
nog acoo acop = ody fp
noh acop acoq acoo = hwk abjp
noi acop acoo = crp fjr
noj acoo acop acoq = gnf
nok acoo = xha
nol = vuy xek
nom acoo = zaq wsf
non acoq acoo acop = eqt kaa
noo acoo acop = xxa joy anc itm wdt
nop acoo acop = aue
noq acoo = gus
nor acoq acop acoo = ddj xul
nos = pny ulr abki aes jg
not = pkh aalx
nou acoo acop = cmd
nov acop acoo = aaan yu vzo wnu mzs
now acoo acoq acop = rjx ams
nox acoo = hxj
noy acoo = mzz hat
noz acoo acop acoq = tcx qlf xt
npa acoo acoq acop = tqp
npb acoo = qlw
npc acop acoo = ich
npd acoo acop acoq = uog vjo
npe acoq acoo acop = ubw fhr exr
npf acop acoo = bfu
npg acoo = abkj
nph = twx (gun acmm ctu)
npi acop acoo = ggr qjs gwd
npj acop acoo = wqd
npk = jzz
npl acoo acop acoq = acem sqk
npm acop acoo = abzr mcs
npn acoq acop acoo = mow imt jxv
npo acop acoq acoo = asx aacw
npp acoo = ntu
npq acop acoo = cjr
npr = acjc xth tex
nps acop acoq acoo = rch
npt = ghg dly tke
npu acoq acop acoo = fpo
npv = e jfb
npw = uto
npx acop acoo acoq = vhg nhg ytv
npy acop acoq acoo = fej
npz acoo = pdv
nqa = aavk
nqb acoo acoq acop = kbm
nqc = odc dnq acb
nqd = kes
nqe acoq acoo acop = ejg
nqf acoq acop acoo = agd gso igq xhd nhj
nqg acop acoo = ynf
nqh acoo = smp rba okl
nqi acoo acop = abqy glj
nqj acoo = jpx vhs jrf rru zmu
nqk acoo = tr gze mpp
nql acoq acoo acop = qsx
nqm acoo acop acoq = mpu
nqn acoo acop = wtj sxf zaw
nqo acop acoo = aclr btl sjj cuj deh
nqp acoo acop = lfw
nqq = yts
nqr = dlz vou iwm
nqs = zqd pww mhm
nqt acoo acop acoq = nnc
nqu acoq acoo acop = qrt oct
nqv acoo = pdw lmt fey uhr
nqw = cyi
nqx acoo = mnl iao amo
nqy acop acoo acoq = xxt
nqz acoo acop = kjw gtx
nra = hms aaby
nrb = qux
nrc acoo = dyo dcr (pik fgg)
nrd acoo = kz xip abdm
nre acoo = rpn
nrf acoo acop = kek
nrg acoo = pck
nrh = ablb
nri = coi
nrj acop acoo = aafy
nrk acoq acop acoo = mqh
nrl = wxh uom
nrm acoo acop = aafk xnn aasl
nrn = clf hwd
nro acoq acop acoo = abrf
nrp = fhp krg dor bot
nrq acoo = uwc
nrr acop acoo = imz pdl pit mp
nrs = gpr dxy nty
nrt = bhu
nru = ctk vny
nrv acoo acoq acop = pbs
nrw acop acoq acoo = ii wgo
nrx acoo acop acoq = xce
nry = uud
nrz = vus
nsa acoo acop = abqr kqr vya aakz
nsb acoo = got
nsc acoq acoo acop = els
nsd acoo acop acoq = bpe zfn
nse = aatc
nsf = yng
nsg acoo acop = mkf
nsh = fqo abzk
nsi acoo = gkl
nsj acoq acop acoo = gok
nsk acoo = zaq nuh
nsl acoo = wpo
nsm = mbr
nsn = abeb
nso acoo = owg
nsp acoo acoq acop = gtn lun tkt re
nsq acoo acop = zdv
nsr acoo = kcn vug
nss = pmw fbe ojq
nst acoo = qfs
nsu acoo acop = lvx
nsv = gby
nsw acoq acop acoo = mjs (bnq sit)
nsx acoo = mwz mwu
nsy acoq acop acoo = yl
nsz acoo acop = wbi
nta acop acoq acoo = ewr ljf
ntb acop acoq acoo = jbe
ntc acoo = fao
ntd acoq acoo acop = fsh xgx
nte = tnt
ntf acop acoq acoo = bou abjf ihr
ntg acop acoo = aamz lex
nth acoo acop = uin cri
nti acop acoo acoq = cin
ntj = riy
ntk acoq acoo acop = nfr
ntl acoo = otk kpx
ntm acop acoo = nyq iai jbo pxd rny
ntn acoo = bjw ivi ywl aaew
nto acoo acop = dmw
ntp acoo acop = goc
ntq acoo = zyk
ntr acoo = hkz hrb
nts = mzj
ntt acop acoo = jua
ntu acop acoo = icn
ntv acoo = std
ntw = bfi ymb cju
ntx acoo = znn hu
nty = qyy vvt
ntz = mso wjl hwe ygz
nua = yib ipg
nub acoq acoo acop = ogz kwg jii ukk
nuc = ttg bof wgf
nud acoo acop acoq = bon (fxm rtd cdh)
nue acoo = aakc byd
nuf acoq acop acoo = jiw
nug acoo acop = chc hpk
nuh acoo = zbo rzs
nui acoo = zjm eqh ouc
nuj = wsj
nuk acop acoq acoo = o agt
nul acoo = aboi aath
num acop acoo acoq = syh
nun acoo = gkw
nuo acoo acop = qvp
nup acoo acoq acop = hca
nuq acoo = rta
nur acop acoo = hqn zyu
nus acoo = iuj
nut acoo acop = dsg
nuu = mwe tbl
nuv acop acoq acoo = iuc
nuw acoo acoq acop = abxo
nux acop acoo = dki
nuy acoo acop = ztv nrq osw cpz
nuz acoo acop = kxu
nva = iad nyq ydd hul qxf
nvb acoo = kxs
nvc = kry tug
nvd acoq acoo acop = sy
nve = tmr hps
nvf = npm kut abzo
nvg = fkh
nvh acoo acop = qv
nvi acoo = uwn
nvj acoo = kbt
nvk acoq acop acoo = jsn
nvl acoq acoo acop = doq
nvm = mcc mwf
nvn = mba
nvo acoo = hwy uoa
nvp = apn
nvq acoo = xxo atf rvy
nvr acoo = jze
nvs acop acoo = gvd
nvt acoo = imw
nvu acoo acop = qkg
nvv acoo = czn
nvw acoo = kfg
nvx acop acoo = uqx
nvy acoo acoq acop = bj uax
nvz = nq
nwa acop acoo = txr
nwb = tlk vdd uft
nwc = ley wfk
nwd acoo acop acoq = yow
nwe acoo acop = dtl da
nwf = aob
nwg = rlu
nwh = ame
nwi acoo acop = gyr
nwj = gru dck
nwk acoo = abuf abdg
nwl = gtl
nwm = odr cge wme bnk
nwn acoo = jaa
nwo acoo acop acoq = pwy
nwp = qmc xkm
nwq acop acoo acoq = ixj mbq
nwr acoo acoq acop = cus
nws acop acoo = kpw qca guw btf
nwt acoo = zrn
nwu acoo = wnv
nwv acop acoo = eru
nww acop acoo acoq = kol
nwx = qtt
nwy = gci
nwz acoo acoq acop = yvj awd skn
nxa acoo acoq acop = odu (xeg src)
nxb acop acoo = fpc
nxc acoo acop = lng eri yak
nxd acop acoo = ntw irm dmc doj
nxe acoo acop acoq = olp
nxf acoo = lco
nxg acoq acop acoo = mfw nbg ukw peh
nxh acop acoo = iuw
nxi acoo acoq acop = xva xkp
nxj acoo acop = bwb vst
nxk acoo = ttd
nxl acoo acop = azh
nxm acoo acop acoq = abiz
nxn acop acoo = bs
nxo acoo acop acoq = brm
nxp = fz
nxq = ga
nxr acop acoo acoq = ixs mnh aauw
nxs = pvm
nxt acoo acoq acop = ubk
nxu acoo acop acoq = lwm
nxv acoq acoo acop = xlv uf
nxw acop acoo = dhi rjw
nxx acop acoo acoq = yo usv dcf
nxy acoq acoo acop = nqf
nxz = rcn pvh vcf azn mme
nya acop acoq acoo = rxd
nyb acoo = akb
nyc acoo acop = xby
nyd acop acoo = wvb
nye acoo = tnf
nyf acoo acop = kfx
nyg acoo acop = absu
nyh = acmo
nyi = slb znh
nyj acoo acop = zbh vfq ew dzd
nyk acoo acoq acop = vaj
nyl acop acoo = aaud
nym acoo acop = exa bad sno
nyn acoo acop = dcm eyf
nyo = nba
nyp acop acoo = bfm wnh asu
nyq = szf
nyr = ydt
nys = ibf
nyt acoo = abhj
nyu = mm achd vaz egx
nyv acoo = rvp
nyw acoq acoo acop = mxi kdb
nyx acop acoo = zqc
nyy acoo = giz
nyz acoo = cmz cte
nza acop acoq acoo = swj ymo
nzb acoo = lon
nzc = qqv abwx unc
nzd acoo acop = bgi
nze acoo acop = dez
nzf acoo = uqt xsj
nzg acoo acop = lla vfa aazp
nzh acoo = zeu
nzi acoo acop = pjg xe
nzj acop acoq acoo = bwh wsb usk ueu
nzk = luf
nzl acoo acop = ckw yqj wfr
nzm acoo acoq acop = pbk
nzn = ndk rmt
nzo acoo = wjy afk
nzp acoo acop acoq = zpd
nzq = ycl odd
nzr acop acoo = aady gqk fdw sku
nzs acoo = abxz xk scj
nzt = vdh
nzu acoo = abtk
nzv acop acoq acoo = bzx
nzw acop acoo acoq = aart zzd aazr
nzx acoo = wlm
nzy = urk
nzz = aug
oaa acoo acoq acop = fvc wn
oab acop acoo = aht tzd jhr ndf
oac acoo = xpq rhf
oad acoq acop acoo = xpo nrq
oae = zto sgy
oaf = kdk
oag acoq acoo acop = bus
oah acoq acop acoo = vgm
oai acoo acop acoq = abxq
oaj acoo acop = qmx abhe ljo uao
oak = oxz
oal acoo = hiw eoj
oam = ozj
oan acoo = zjs woe
oao = mmt oli adp
oap = aajc sii uyv xcr xeu
oaq acoo acop = bjr mnk
oar acop acoo = zsn
oas acoo acop acoq = jph svg kuj
oat acoo acoq acop = acni tyg npf tvq
oau = azz
oav acoo acop = qbp usx pdk
oaw acoo = twf ivo
oax acoo acoq acop = vau
oay acop acoq acoo = un dvr
oaz acoq acop acoo = pvi
oba acop acoo acoq = jrv rfs
obb acoo acop = wwe
obc acoo = wl pba spp abku
obd = wxw
obe acoo = sws
obf acop acoo = dj
obg acoo = snk (rut aas wyz tiz)
obh acoo = vrm pnu
obi acop acoo = ooo
obj acoo acop = dpn hcs neq
obk acoo = abxw
obl acop acoo = abnu
obm = iyf
obn acoo acop = abd lmx kmo lbl
obo acoo = xfb olm voo
obp acop acoq acoo = achk
obq = gxn hhu
obr acoo = npw
obs acoo acop = acaz gty axj
obt acoo = oog
obu acoo = vhe raj aahd fon
obv acoo acop = eyq jdy czw
obw = abss
obx = jly
oby acoq acop acoo = abaz
obz acoq acoo acop = jht
oca acoo acop = alv
ocb acoo acop acoq = yqu
occ acoo = vba
ocd acoq acop acoo = gvn
oce = uax atn
ocf = acdn
ocg acoo = mcl
och acop acoo acoq = lmv
oci acoo = zlt
ocj acop acoq acoo = tin
ock acoo = idv
ocl acoo = ylh nux yns aed ldv
ocm acoo = kma
ocn acoo = drp
oco acop acoo acoq = wlr
ocp acoo acop = mvo koh
ocq acoo acop = abso
ocr acop acoq acoo = htk
ocs acoo acop = roy
oct acoq acoo acop = aasn vgo
ocu acoo acop = gkg aawz qrf olq
ocv = yft aavb
ocw acoo = qvy
ocx = onc
ocy acop acoo acoq = abxy pal
ocz = tic
oda = ablb eww ako kwo acaw
odb acop acoo = lov
odc acoo = abdv
odd acoq acop acoo = aanc
ode = kch
odf acoo acop acoq = ifj
odg acoo = iek
odh = eou
odi acoq acop acoo = abun vji
odj acoo = jir ikd
odk acoq acop acoo = lxp
odl acoo acop acoq = oeo huc
odm acoq acoo acop = hcx kgg dof zyk
odn acop acoo = ubw
odo acoo = cwy
odp = pee
odq acop acoo = btm
odr = pfp
ods acoo acop = mur
odt acop acoq acoo = jnv yyp ypf
odu acop acoo = iis
odv acop acoo = kof djw
odw acoo = ajg
odx = nsm
ody acoo acoq acop = aahj kde (sqk jdl)
odz = pkr
oea = wfe abyv ccc aafv
oeb acop acoo = ymd hvd euz wlp
oec = xke hbg
oed acop acoo = zxs
oee = qas ldc
oef acop acoo acoq = irt
oeg = qjn
oeh = aid nlc adh taa
oei = aaok dqo zfa rdw jmu
oej acoo acop acoq = ned abxz
oek acoo acoq acop = wxc
oel acop acoo acoq = tlv ysy awb dfb bqq
oem acoo acop acoq = zwb ykz
oen acoo = ftn
oeo = mmx
oep = rod
oeq acoq acop acoo = jhz
oer acop acoo = aahq djf mhf
oes = vwd
oet acoo acop = zim
oeu = nfr cli syb abic
oev acoo = hsb
oew acoo = acnt
oex = mzr pug
oey = xqz
oez acoo = sif
ofa = fey ljn tgx
ofb acoo = gti ele
ofc acoo = ldc
ofd acoq acoo acop = lom
ofe acop acoo = ydx
off = xbm
ofg acoo acop = hvw
ofh acop acoo acoq = lho
ofi = ecj geg
ofj = aact
ofk acoq acop acoo = kh
ofl acoo acop acoq = riu
ofm = esf
ofn acoo acoq acop = lpm
ofo acoo acop acoq = ixf
ofp acoo = hdr
ofq acoo = acfr
ofr acop acoo = vai abiy
ofs = vht
oft acoo = wqj
ofu acop acoo acoq = kkk msi tjp xmg
ofv acoo = yib
ofw acoo = sun rn yyd
ofx = epv
ofy acoo = xcn
ofz = onb kkh cmx
oga acoo = czi
ogb acoo = wva
ogc acoq acop acoo = ysk
ogd acoo = uyd jbu
oge acoo acoq acop = acl
ogf acop acoo = rhj
ogg acop acoq acoo = kil
ogh = eaj (kox epp)
ogi acoo = foj niu
ogj acoo acop = frq hex sst ozp
ogk acoo acop acoq = tlt
ogl = lvj
ogm = iov
ogn acoq acop acoo = jce szi mts
ogo acop acoo = gml eqf
ogp = wrn
ogq acoo = ezq pfk
ogr = taq
ogs acoo = kgv
ogt acoo acop = ael xrf
ogu = cvl
ogv acoq acoo acop = pnl
ogw acoo acoq acop = qis
ogx = mro
ogy acoo = ihv
ogz acoq acoo acop = jyi
oha acoo = klx
ohb = stm
ohc = fto
ohd acoo = qnk (giv brc iui)
ohe = lxw mpw tcv bvl
ohf acoq acoo acop = aaqg mij
ohg acop acoo = rnk
ohh = maf
ohi acop acoo = gwt
ohj acoo acop = pcv
ohk acoo acoq acop = jbf
ohl acoo = lzo
ohm acoo = nhw qww ihs
ohn = dnd gab
oho = gdb
ohp acoo = rtm acbv zs six
ohq acop acoq acoo = fcq
ohr acoo acop acoq = abrj aarn bdc
ohs acoo acop = rku
oht acoo = ify
ohu acop acoo = cak fyk eqb
ohv acop acoo = asm
ohw acop acoo = lxc
ohx acop acoo = tgq
ohy = rwj khb
ohz acoo acop = ds acln
oia acoo acop = lpo
oib acoq acop acoo = mtu vfp
oic acoo = mxg vbo
oid acop acoq acoo = xxe
oie acoo acop = yfm asu jmc aaii
oif acoo = hnc
oig acoo = reb hsu
oih = fvd did
oii acoo = mvl fxk
oij = paq td syd
oik acop acoo = frj
oil acoq acop acoo = hq
oim acoq acoo acop = bsx stz ihw pwm
oin acoo = lyk vhd kks
oio acop acoo = bss
oip = boe
oiq acoo acop = mwn
oir acop acoo acoq = asa
ois = ofc
oit acoo acop = jcb xvu
oiu acoo acop = lcf
oiv acoo = soz
oiw = kup
oix acoo = fee
oiy acop acoo = qnc
oiz acop acoo = cfr htx qcy qwg hhm
oja acoo acoq acop = bsd
ojb acoo = jpy
ojc acoo acop = zxp
ojd = myt zsf
oje acoo acop acoq = kii
ojf acop acoo = qgo
ojg acop acoo = hpw loo uyt uwn gkk
ojh acoo acop = kwx
oji acop acoo = pfz abfg
ojj acop acoo = rpw (uln rkb)
ojk acoo acop = yk
ojl acop acoq acoo = jym
ojm = ujw
ojn acoo = aol tin mae
ojo acoo = tx
ojp acoo acop acoq = iux efj hku
ojq acoo = rtk ssh abuc
ojr acop acoo acoq = shs srz hng
ojs = hhy akm zba
ojt acoo = nlw
oju acoo = kvl
ojv = crd esu hxw abde
ojw acoo = hr
ojx acoo = bdd
ojy = fra rid btm nqs
ojz acoo = syx
oka acoo = khs
okb acop acoo = yoc zpz brp dtv
okc acoo acop acoq = tsw iag
okd acoq acop acoo = qtx ppj ldn
oke acop acoo = gex qaz jsr
okf acop acoq acoo = xba (abyt dsy vhu)
okg = toz zzg ie vet
okh acoo = dbe ajq llc
oki acoo acoq acop = dxi
okj acoo acop = azo
okk = new
okl acop acoo acoq = wmt
okm acop acoo acoq = jop shc ztt
okn = tto
oko acop acoo = pv jfg
okp acop acoo = rrf
okq = yfj
okr acoo = gna trq
oks acoo acop = tzp jko gpi
okt acoo = vao
oku acoq acop acoo = jng sfj
okv acoo acoq acop = acel gim
okw acoo = qtq
okx acoo = ser daw rdx qqw
oky acop acoq acoo = bgf yyo fi
okz acoo = hhv ldp eul
ola acoo = hmf
olb acoo = dpm hdf
olc acoo acoq acop = ayw
old acop acoo = kan vvs qfd aee
ole = jyy rgi svc
olf acoo = mpl
olg acop acoq acoo = chp
olh acoo = yga
oli = abup fxo deo
olj acoo acop = kix wcc
olk acop acoo = hlu jwd
oll acoo = njq wps
olm acoq acoo acop = bwa
oln acoo = rjh aqx wum fnk
olo = clk
olp acoo acop acoq = lbf
olq acoo = dyb le kgy
olr acoo acoq acop = mpi
ols acop acoo acoq = lkx abwz
olt acoo acop acoq = xff
olu = lrv
olv acop acoo = okd aann
olw acoq acoo acop = acew nmg
olx = pkl
oly = cuv
olz = iif
oma acoo acop = vpt dmg qgz
omb = abca nvu
omc = jgb vvk
omd acoo = bqf psq mns
ome = eci flr
omf acoo = lvh
omg acoo = guo
omh acoo = frw
omi acoo acop acoq = kjt
omj acoo = hnf
omk acop acoo = nhi
oml acop acoo = brt
omm acoo acoq acop = tsm aais lbu vff
omn = tsf hql ubb
omo acop acoo acoq = kgl fvy
omp acop acoo = snm epv bvw vus
omq acoo = sug qch
omr = ctj ukr
oms acoo = bbb jzv
omt = pbi
omu acoo acop = uoq nlf dbl ewi
omv acoq acop acoo = yic sdk
omw acoo = aly
omx = fnc yeo ocf
omy acoo = pcj
omz acoo acop = rdq
ona acop acoq acoo = kdy wlf tp mbe
onb acop acoq acoo = mls nzk
onc acoo = gte zy nuv
ond acop acoo = xgv osf dek yyo
one acop acoo = mvu fio das kka nvm
onf acoq acop acoo = xof
ong acoo = uqa fzd
onh acoo = vbl
oni acoo = khj
onj acop acoo = qbm
onk acoo = faz
onl acoo acop = mxx
onm = abmt
onn acoo acop = aabb
ono = doa
onp acoo = nrr
onq acoo = syx zae llx
onr acoo acop = hir
ons = zdr
ont = ablf
onu acoo acop = ltq
onv acoo acop = cwk
onw acoo = shs rnn
onx acoo = up ryq
ony acoo = rnm
onz acop acoo = quf oyq
ooa = ypw
oob acoo = cfn
ooc = aavc iiu (glr yyp lgb)
ood acoo acop = jin gxh
ooe acop acoq acoo = tnm ica llf yzl
oof acoo = mfw twc
oog acoo acop = yhk vos psv usc lyb
ooh acoo = ilw
ooi acoo = swl qsr wds yog
ooj acoo = cks
ook = abil
ool = wo
oom acoq acop acoo = acjx
oon acoo acop = pkv
ooo = bqq
oop = ntj
ooq acoo = tji
oor acoo = chc kts
oos acop acoo = yxv
oot acoo = xud
oou acop acoo = ypp ulw ju
oov acop acoo = klt dbg
oow acoo acop = mia roi
oox = nhq vfk dyg
ooy acoq acoo acop = jzu xng fr
ooz acoo acoq acop = ynd
opa acop acoo = vbg ykg lhw
opb acoo = ih
opc acoo = jdd azt mqb zta ryq
opd acoo = kuj
ope = njo
opf = mbp
opg = gqe
oph acoo = pnk
opi acoo = htl
opj = ipz dcs
opk acop acoo = ypg
opl = zsw
opm = yax nxp pil axh
opn acop acoo acoq = yqt gej
opo acoo acop acoq = jtu oio
opp acoo acop = aawq bfi lgw
opq acop acoo acoq = whp
opr acop acoq acoo = mpx
ops = hnr
opt acop acoo = ilw qrk
opu acop acoo = vhc
opv acop acoo = ahx acbf
opw acoo = hgn
opx acoo = pfd jfq
opy acop acoo = wfc cuu
opz acoo = yfh
oqa acop acoo = kim tpp
oqb = rfd
oqc = wgt
oqd acoo acop = aadm (enk zv jty)
oqe = jzz
oqf acoo acop = cir
oqg acop acoo = hnb
oqh acoo = vek jht kgs
oqi acoo = dwq cjf (zcy tph bkn)
oqj acoq acoo acop = oj tlq acjj gt
oqk acoq acoo acop = zkt
oql acoo acop = acoo bop zaw
oqm = cvv cqi
oqn acoo acop = lxx
oqo acop acoo acoq = pqv
oqp acoo acop = qoz
oqq = mkg
oqr acoo acoq acop = ewo
oqs acoo acoq acop = tnf
oqt acoo = ayh qls wrq ncs
oqu acoo acop = wrv
oqv acoo acoq acop = abav
oqw = ezh kek
oqx acoo acop = svq abd dwq
oqy acoo acop = jvo aoi
oqz acoo acop = hrd sku
ora acoo = xrs
orb acoo acop = zjg
orc acoo acop acoq = huk wwu obj
ord acop acoq acoo = abnr
ore acoo acop = acoo
orf = tce
org = ims lhw
orh acoo = dqm
ori acop acoo = xiz
orj acoo acop acoq = mu
ork = nfa tdr nkf zjq
orl acoo acoq acop = vny zbp dsj ilg
orm acoo acoq acop = fhz svn rfo aqr
orn acoo acop = rrf
oro acoo = vsb fke
orp acoo acop = jss
orq acop acoo = qhl
orr acoo acop = vly tfk aaaz ycy lhk
ors acoo acop = dhy
ort acoo = uux kk
oru acop acoo acoq = it
orv = ild epq
orw = tfi
orx = cgb rod
ory = swb qeb
orz acoo = obu
osa acoq acoo acop = dxw bqi iaw
osb acoo acop = iqo
osc acoo = rpp sep ivd
osd acoq acoo acop = gyt ztb acgi mtw mnu
ose acoo acop = qxq
osf = ukc
osg acoo = wfs
osh = iys
osi acoo acoq acop = tdp
osj acoo = vul yyx jdg
osk = ekb
osl acoo = zvx cvm rnx rkd
osm acoo acoq acop = ybd
osn = ldn qse
oso acoo = lof
osp acoo acop = ywq
osq acop acoo = trx
osr acoo = nzo
oss acoq acoo acop = ffs iko kko abyq wxp
ost acop acoo acoq = rap
osu acoo = tly erc
osv acoo = rse
osw acop acoo = iwp lyi roa
osx acop acoo = yhl
osy acoo = uem fjo
osz acoo acop acoq = vyk kzf xmh et
ota acop acoq acoo = abuh zrk
otb = kur
otc acoo acop acoq = myx
otd acoq acoo acop = shd xfh znc (piy mec)
ote = uzj lim
otf = wnp dot
otg acoo acop = pvb
oth acop acoq acoo = kaq vky
oti acop acoo = mhp acft
otj = cq qky fdy hyo wsa
otk = atf szy xyu
otl acop acoo acoq = vim qcl vaw
otm = aaso ygt
otn acop acoq acoo = jpm aaye xbg
oto acop acoq acoo = jju wnl
otp acoo acop acoq = acni
otq acop acoo acoq = hlu
otr acop acoo = abow
ots acoo acop = aaqj ksx awk
ott acoo acop = abpc
otu acoo = her
otv = qcs
otw acoo = gyh
otx acoq acop acoo = eig
oty acop acoo = ackw vuq
otz acoo acop = np
oua acop acoo acoq = ihx gky nii
oub acop acoq acoo = ewx uig rxe
ouc acoo = jhw
oud acoo acop = snp
oue acoo acoq acop = jmk min evt wgv
ouf acop acoo = cyq
oug = ukg
ouh = vme
oui = ueo
ouj acoo = zfo uit gxc ewo
ouk = itm pru
oul acoo acop = pnj xnb
oum acoo = wyt
oun acop acoo = fuo
ouo = mie qwg wbo zeg
oup = bmn
ouq acoo = dci
our acoo acop = abai koj aaiw
ous acop acoo = bhv
out acop acoo = wqw
ouu acop acoo = lvs
ouv acoo acop = tbx evp
ouw acoo = cgc gvw
oux acoo = nxn
ouy = ynx yzb (tzr ckk ezc)
ouz acop acoo acoq = gfc go
ova acoo acop = lan itk wzv
ovb = hln
ovc acoo acop = wqc che
ovd acop acoo = uqe msk
ove acoo acop = ejj cch gdn rst
ovf acoo = oo yfj (amy adp)
ovg acoo acop = pmh abux
ovh acoo acoq acop = xmg
ovi acop acoq acoo = og
ovj acop acoq acoo = naq
ovk acop acoo = ne
ovl = ofg
ovm acoo = qwk
ovn acoo = aaxs
ovo acop acoo = pkb
ovp acoo = iyu
ovq acoo acop acoq = abqb
ovr acoo = yrh
ovs acoo = aw
ovt acoo = aza (wbh sew)
ovu = zxw pyh
ovv acoo = abdu
ovw acoo acop = vtl
ovx acoo acoq acop = hol fkx
ovy acoo = vhj
ovz acop acoo = ark
owa = prp
owb acoq acoo acop = avi kcr
owc acop acoo = ixm olg
owd acoo acop = lkt soi
owe acop acoo = hrb gez
owf acoo = opm gll wyj
owg = vlx mfk
owh = qah
owi acoq acoo acop = yqu
owj = slt nvr fzp iow
owk acop acoo = abih dpg
owl = fcf vqw
owm acop acoo acoq = acnr
own acoo acop = scf
owo acoo acop = kqf heb fxl gzs
owp acoo acop = nyv
owq acoq acoo acop = zck glw
owr acoo = hko
ows acop acoo = spm
owt acoo = xvq kwt
owu acop acoo = bro
owv acoo = wyx
oww = llb nav
owx acoo acop acoq = sjz
owy = zot ccv abxu wfv
owz acoo acop = lyg
oxa acoo acop acoq = svz pqv
oxb acoo acop = jhn
oxc acoo = apr (jsh lwv boj)
oxd acoo = ijv
oxe acoo acop = xab eli
oxf acoq acoo acop = bwq
oxg acoo acoq acop = rbv xdr nky
oxh = xpn bze
oxi = abil
oxj acop acoo = myx pbo
oxk = btk
oxl acoo = nzf
oxm acop acoo = qmf
oxn acoo = swq
oxo acop acoo = whj rhz ejh bgq
oxp acoq acoo acop = zju qqs
oxq = cd tyh
oxr = ign
oxs acoo acop = tem
oxt acoo acop = jzn ckf
oxu acoo = abkc accq mca
oxv acoo = vcy nws ciq oap
oxw = dim
oxx = fqr tij abii
oxy = nta mpr
oxz acoo acop = gtf
oya acop acoo = rsb hnb hoc
oyb acop acoo = zlg hjo
oyc = bst
oyd acop acoo acoq = kng qrf aclq wne
oye acoq acoo acop = hc zmf
oyf acoq acop acoo = gbr bdg
oyg acoo acop = mrv
oyh = thj
oyi acop acoo acoq = frx ml yef tvx abam
oyj = arn qhw ng
oyk acop acoq acoo = ttq
oyl acoo = klt
oym acoo = dqj
oyn acoo = ox
oyo acop acoo = ely
oyp acop acoq acoo = ejx
oyq acop acoo acoq = sf kxn
oyr acop acoq acoo = vwq
oys = mpr
oyt = hwo
oyu acoo acoq acop = nx (aayq etx) nyv
oyv = wpx dxu
oyw acoo acop = lof
oyx acoo = eqv
oyy acoo acop = aala
oyz acoo = ryh
oza = tdc
ozb acoo = zyg
ozc acoo = uji oy ams
ozd = gbx dqj
oze acoo = ryv fwh lzu
ozf acoq acoo acop = rey tov goj fce
ozg acop acoo = hek xjv
ozh acoq acoo acop = jvv
ozi acop acoq acoo = mpr okq uji
ozj = nqu cfi
ozk acoo acop = uxx hqz yku
ozl acoo = rh
ozm acop acoo = khv
ozn acop acoo = txs
ozo = ksy
ozp acoo acoq acop = ccz tml acax
ozq = zvl
ozr acoo acoq acop = iya
ozs = jrz
ozt = flr fsh
ozu acoo = meu qsh jmi qof
ozv acoq acoo acop = amm awc
ozw acoo = stw
ozx = yxm
ozy acoo acop = ckh (dfk jgg jgp qzl)
ozz = xpt roc
paa acoo acoq acop = abbd csg adx cuk
pab acoq acoo acop = axm vag vbu
pac acoo acop = abpl xxv
pad acoo = pdb dm
pae acop acoo = yhn
paf acoo acop acoq = vrh zgr bzi
pag = rew
pah = chf
pai = etx
paj acoo acop = aasx mvm
pak acoo = txm wzz sul
pal acoo = aalb rrs ske fbs
pam acoo acop acoq = bbj
pan = whf
pao acoq acop acoo = abbm hnw mvy
pap acoo acop acoq = ips azh
paq acoo = agq
par acoo = oq czr aabt
pas acoo acop acoq = pde bqx ltv
pat acop acoo = fdw
pau acoo = lxh
pav acop acoo = dzv abhr viy
paw = aajs
pax acoo = aaur
pay acop acoo = nsa absq
paz acop acoo acoq = jel
pba acop acoo = aarj
pbb = djs
pbc acoo acoq acop = omb wag
pbd = whw iih
pbe = gpy
pbf acoo = tio
pbg = aalt iki
pbh acoo = ibq
pbi acoo = acek (jhi iel all)
pbj = aqe
pbk acoo = kxd
pbl = fsc
pbm acop acoo acoq = vnt auw fdb
pbn = jsr zzp dag
pbo acoo = kzd
pbp acop acoo = abvz (tsj urt)
pbq acoo = wvs bgp zao
pbr acop acoo acoq = yep beb ilq
pbs acop acoo = ztx eaf lom
pbt = ffr accn
pbu = aml rsi jkp
pbv acoq acoo acop = oqg sxj
pbw acop acoo acoq = bzj yuj
pbx acoq acoo acop = htp
pby = wfw
pbz acoo acop = qbj zhb jwv
pca acop acoq acoo = gwo
pcb = kau aajq
pcc acoo = sql
pcd acoo = xgh
pce acop acoo = laf zig
pcf = bls
pcg = bf
pch acoo = aaqd zrp
pci acoo = qgv
pcj = ied gci
pck acop acoq acoo = cxy
pcl acop acoo acoq = enw sgk
pcm acoo = pjw rju
pcn acoo acop = zmf myj
pco acop acoq acoo = red jce hyr eox
pcp acoo = vsl ljp alf
pcq acoo = vpv
pcr acop acoo = wwm syd yrc
pcs acoq acoo acop = vhe pqj fww
pct = zzc ghq cqx abwb
pcu acoq acoo acop = wzx
pcv = iaj
pcw acoo = hvt msg kup
pcx acop acoo = tcf fva sgx oom
pcy = vdj ubz rqi
pcz acoq acoo acop = ype ieb pxp mes be
pda acoo = cqj uyz mgo
pdb = cib
pdc acop acoq acoo = dqh sav
pdd acop acoo = cvw
pde = tom ssd
pdf acoo = jty
pdg = hmy jwf cim
pdh = ycr aju mkn yul zam
pdi acoq acop acoo = yfs bnw
pdj acoo acop = iwa bqu aakh vw
pdk acoo = fke rtm
pdl acop acoo = aayr
pdm acoo = drm
pdn acoo = eke oyo kbu bid
pdo acoo acop = eiq yfp hrf vnr
pdp acoo = abj
pdq acoo = wyu
pdr acoo = crj dau tji
pds acoo acoq acop = re
pdt acoo acoq acop = ryz
pdu acoq acoo acop = myv sjh
pdv acop acoq acoo = gfb
pdw acoo acop = noc
pdx acoq acoo acop = zmd
pdy = aar
pdz = tur
pea acoo = acg oss afv txh
peb acop acoq acoo = asv ic
pec acoo acop = bzo
ped acoo acoq acop = zkt
pee = btq
pef = abln
peg acoo acop = jmn
peh acoo acop = gve lyx
pei acop acoo acoq = gga
pej acoo acop = bft
pek = tmo
pel = xxu qlt
pem acop acoo = vft ake bmc
pen = gwi mr
peo acoq acoo acop = bsi
pep = pdq
peq acoo acop = pwa
per = pls
pes = iis syz nio kvf
pet acoo = ouw
peu = thz szp bpo jyn sur
pev acop acoo = kqb
pew acop acoo = aaqg
pex = wxx acnf jmg
pey acoo = wbi urf
pez acoq acoo acop = yip
pfa acop acoo = uw
pfb acoo acop acoq = zkk
pfc acoo = kbl yow
pfd acoo acop = oev (kfz mtz)
pfe = pbr zuo mzu
pff acoo = rtk
pfg acoo = ijb
pfh acop acoo acoq = ddq
pfi acoo acop = zdf
pfj acop acoo acoq = ggs
pfk acop acoq acoo = fek ylr
pfl acoo acop acoq = lze ezb
pfm acoo acop = plo (cnu aayd)
pfn acop acoo acoq = qot
pfo acop acoo = ilt
pfp = aaet
pfq acoo acop = mus
pfr acoo acoq acop = ew
pfs acoo = rqp has eeq
pft acop acoo = xnt
pfu acoo acop = hzs lnl ecc bhm otr
pfv = mmo efd ksb aboq
pfw acoo = abyw
pfx acoo acoq acop = rvm kkd acli
pfy acop acoo = eln
pfz = hyx
pga acoq acoo acop = ymu qfw
pgb acop acoq acoo = nfr (pum xph)
pgc acoo = ctq
pgd acoo = lny
pge acop acoq acoo = ick
pgf = hyw dig
pgg acoq acop acoo = gdq
pgh acoo acop acoq = are nlp
pgi acoo acop = fja
pgj = vam
pgk = aajc vxc
pgl acoo = qgu rl
pgm acoo acop = bns vje (zlx ktu)
pgn acoo acop = fjm iea yar kob
pgo acoo = hzf kpr hwz zmw
pgp acoo = ejo abmc mpb
pgq acoo acoq acop = vmn
pgr acop acoo acoq = gas dlx rml
pgs acop acoq acoo = pzl
pgt acoo acop = tiq
pgu acoo = abtp
pgv acop acoq acoo = accr
pgw acoo acoq acop = kkb ldi
pgx = hdw vdc
pgy acoq acoo acop = epe qqa vvj
pgz = yhj ock
pha acoo acoq acop = ywo
phb acoo = rhi
phc = afy pij oy gvx
phd acoo = arw
phe = rkx
phf acop acoo = zos
phg acoo = icg
phh acoq acop acoo = acnp
phi = smv
phj = jrm
phk = yws
phl = sfd vdy lrh rug
phm acop acoo = acax
phn = dck
pho acoo acop = hif jf
php acop acoo = klk
phq acop acoo = gav dsa
phr acop acoo acoq = xae bny
phs acoq acoo acop = xgs ito
pht = xjq
phu acoo acop acoq = kj
phv = rhu pwt fnz fjo
phw = tli
phx acoo acop acoq = pkh
phy acoo acop = hnt rwf kzf
phz acop acoo = wlv
pia acop acoq acoo = xnf
pib acoo = zzn
pic acoo = afu
pid acoo = uvp
pie acop acoo = xwa
pif acop acoq acoo = crq
pig acoo acop = wks ism thk dch
pih acoo acop = dly
pii acoo = blb
pij acoo acop acoq = jsn
pik acoo = psw
pil acoo acoq acop = yzg abmj
pim acop acoo = uye
pin acop acoo = zyx
pio acop acoq acoo = zdz moy nqd
pip acoo acop acoq = tdc lch
piq = klm
pir acop acoo = fro aarb pwh cgv yng
pis acoo acop = xzr
pit acoo acop = pkr
piu = mid acbe voi jqc
piv = kzj zfj hog
piw acoo = zqd lhl
pix acoo = vmj
piy acop acoq acoo = mjd
piz acoo = tdl
pja acoo acop acoq = ebo iww rci wtr uzg
pjb = cer kan fqj
pjc acoq acoo acop = aaty alq dno
pjd acoo acoq acop = aahr
pje acop acoo = aabo
pjf acoq acoo acop = xth cux
pjg acop acoo acoq = fyb
pjh acoo = foh
pji = wmz
pjj acoo = hii dsj
pjk acoq acop acoo = vem adh xlk
pjl acop acoo acoq = fmy
pjm acoo = yhw xgv fex uah
pjn acoq acoo acop = cs (abrf rld)
pjo acoo acop acoq = hyl
pjp acop acoo acoq = uj
pjq acoo = rre gep
pjr = qvw
pjs = itj aboe absw
pjt acop acoo = nmv
pju acoo = xhl sjx aaqt
pjv = ii jfl
pjw acoo = vdo zz szb zgc
pjx = zki
pjy = pow
pjz acoo acop = uem
pka acop acoq acoo = ryz usl lru eyj abjx
pkb acoo = rwv
pkc acoo acop acoq = rqb cmb nst mhb
pkd acoo acop = puu
pke acoq acoo acop = dzp
pkf = ylc
pkg = suj
pkh acoo = ogb cgb
pki = rro
pkj acop acoo = arm ouc
pkk acop acoo acoq = qay spm
pkl acoo acop acoq = cyx
pkm acop acoo = jtq
pkn = cun
pko acoo acop = gcg iff
pkp = fyq xud
pkq acop acoo = abic cup
pkr = xk hko
pks acop acoo acoq = rub eyq
pkt acoo acop acoq = jti ovv fna
pku acoo acop = cgr
pkv acoo acop = ecu fmv
pkw acoq acop acoo = jjm qze
pkx acoo acop = wwl
pky acoo = aaa pkm wic tmm
pkz acoo = zqq
pla acoo = uhu apj zxl abu
plb = qbt
plc acoo = ibl
pld = usl
ple = hpk
plf acoo = fll bky erv joq
plg acoq acop acoo = hte
plh acoq acoo acop = hiw
pli acoo acop acoq = xft
plj acoo = faz
plk = yhr
pll acoo = oix ued qc
plm = fsn
pln = efk uui bcn
plo acoo = abyv
plp acop acoo = kgg
plq acoo = xzn
plr acoq acop acoo = fcv bkz rnm
pls = kek xgw aalj sdy qme
plt acoq acoo acop = abgh
plu acoo = aaju qbj btz
plv acoo = hly
plw = its
plx acoo = ypf
ply = abqg
plz acoo acoq acop = bpy ojr dtp aux ocv
pma acop acoo = qeg
pmb acoq acoo acop = kbi dup
pmc acoo acoq acop = ncu mlz wow hnz zwk
pmd acoo = lvl
pme = kcz
pmf acoo acop = roz
pmg acop acoo = nnu
pmh acoo = fht
pmi acop acoo = vub yzr
pmj acoq acop acoo = kik
pmk acoo = ldv
pml = emm fsl
pmm = die nnn
pmn = trn (zfr acgo)
pmo = ojs
pmp = lkm
pmq acop acoo acoq = utx
pmr acop acoq acoo = uze rxz
pms = bec
pmt acop acoo acoq = vjy nza
pmu acop acoo = ivv
pmv acop acoo acoq = dde
pmw acoo acop = ffn yus
pmx acop acoo acoq = igz vyp
pmy = dzs vzz
pmz acop acoq acoo = nyx aasn njq
pna acop acoo = lrx aapp
pnb = abjp
pnc acoo = jdl wcy vwm
pnd = dmb ejq khc
pne acoo = qxq bbp
pnf acop acoo = nkt
png = aqw gif zpr
pnh acoo = pme
pni = hdu
pnj acoo = ujl
pnk = hdp duy
pnl = eho
pnm = lku vys
pnn acoo acop acoq = ymu
pno acop acoo acoq = eai abjr eic
pnp acoo = gep dbn thb
pnq acoo = bjf
pnr acop acoo = ymv aajb
pns = xtv
pnt acoo acop = hsm exd tno rav
pnu acop acoo = pay (xxv wyh) yyt afi
pnv = bgy
pnw acoo = abuf jv hqm
pnx acoo acop = abrf zm naq
pny acoo acop = kee mgg snv
pnz = cfw
poa acoq acop acoo = ebl
pob acoo acop = uuo
poc = jij (fjw vpy) qcg
pod acoo = ugb
poe = gvw
pof acoq acop acoo = mti ktu
pog acop acoo = lyv
poh = cgz hcp
poi acop acoo = zaq
poj acoq acop acoo = pad
pok acop acoo = qsx
pol acoo = ueo
pom acoo acop = vnc ygw dmz qof
pon acoq acoo acop = bmd
poo = olv
pop acoo = fmu jmg
poq acop acoo = dvu
por acoo = acct
pos acop acoo = cul
pot acoq acop acoo = lxp
pou = tzq rk
pov acoo acop = rzz ute
pow = jsu
pox acoo acop = vzp
poy acoo = fvu
poz acop acoo = mc xaf cuj
ppa acoo = gmk
ppb acoo acoq acop = tjb aaps hzz vxd
ppc acoo = wro iis mnq rb
ppd acoq acoo acop = iib
ppe acop acoo = kau
ppf acoo acop = ykk
ppg acoo = yva
pph = twx hzb kbq aajg
ppi acoo acop = wps rot sav sve
ppj acoo = hgt
ppk acoo = dkm
ppl acop acoo = wrn
ppm acoo = oqy amn
ppn acoo acop = aafg rct
ppo = qmz gkk
ppp acop acoo = zio
ppq acoo acoq acop = mnw
ppr acoo = fhe aqy hxn ucb klj
pps acoo acop = kmy bs
ppt acoo acop = voc llk
ppu acoo acoq acop = ere aavs
ppv acoo acop = biz
ppw acoq acop acoo = elg
ppx acop acoo acoq = qdb qok
ppy = dhn
ppz = lhh
pqa acoo acop acoq = abgl
pqb acoo = axe
pqc acoo acop = accn gdd ukn
pqd = at
pqe acop acoo = ftb zpc
pqf acoo = gnh zfx qlx mrp abdy
pqg = iff
pqh acoo = duz
pqi acoo = cwh
pqj acoo = ddt
pqk acop acoo acoq = ytw
pql = adn grq
pqm = yhf
pqn acoo = nlq
pqo acoo = ryn
pqp acop acoo acoq = xen
pqq acoo = ppv
pqr = lc
pqs acop acoo = aqa moh aauh lfl
pqt acoo = kjc lzo fox
pqu acoo acop acoq = tme fge
pqv acoq acop acoo = fyg kyp aoo jnp age
pqw acoo = gvi aek
pqx acoo acop = aawm
pqy acoo = utd
pqz acoo = cas dgj
pra = yui
prb acoq acop acoo = rnh
prc acop acoq acoo = pge
prd acoq acop acoo = esh shu
pre acoo = cpg
prf acoo acop = ioi
prg = qvq
prh = abe ycz ipy
pri acoq acoo acop = ant
prj acoo = kxj
prk acop acoo acoq = xle
prl acoq acop acoo = kdv
prm acoo = ee
prn acoo = hsz kvr
pro = ntz
prp acop acoo = fau xad abce
prq acoo acop = tuo pur
prr acoo acoq acop = elv
prs acoo = cxq
prt = scq
pru acoo = mtd
prv acoq acoo acop = skz jqq qdr aqq
prw acoq acop acoo = wic koo sxp
prx acoo = htx
pry = hxv
prz acop acoo = raj
psa acoq acoo acop = qnu siy
psb acoo = acbi
psc acoo = ovh
psd acoo acop acoq = yrs
pse = rwy
psf acop acoo = uzt gam vgn
psg acoq acop acoo = fvt gjy
psh = pgf pru iaj zeq awe
psi = qya ksx xua
psj = rzr ddt yfe hy qdo
psk acoo = tzr
psl acoo = dpz
psm = wwe
psn acoo = daa fyc
pso acoo acop = yyt
psp acoo acop = kpk
psq acoo = lnt dbx abiw
psr acop acoo = ruk
pss acoq acoo acop = rnb ltc vzx
pst acoo acop = fiy
psu acop acoq acoo = ojv vkp tsz qzp
psv acop acoo = twb
psw acoo acop = lwn ooq
psx acoo = kjo lpp
psy = pcq
psz acoo acoq acop = rap yzm vrj (abac elb)
pta acoo acop acoq = wjq lvs joa
ptb acop acoo = qbs chg
ptc acoo = abre gic cuj
ptd acoo = ugs ya
pte acoq acop acoo = fpe
ptf acoo acop = qje ivq vlb
ptg acop acoq acoo = eue fhx hnj
pth acoo = gyj jby htb qmz
pti = ltn xzp ng
ptj acoo = df fbp
ptk acop acoo = cfa
ptl acoo = aamn
ptm = epw szr dls
ptn = mgc
pto = jbb abde
ptp acop acoo = edd
ptq acoo = swr
ptr acoq acop acoo = izx rbe jma nxi ghs
pts = qyf kub nzp
ptt acoo acop acoq = gfk doe gpr aavz
ptu acoo = fui
ptv acop acoo = lrh qes aoi vbb
ptw acoo acop = tr
ptx = chs
pty acoo = aaod jmp slc hsm
ptz acoq acop acoo = ylb
pua acoo acoq acop = tet
pub = abyq xkx ull ibs
puc = fdk
pud acoo = vfg
pue acop acoo acoq = wbh
puf = tum
pug acop acoo = tmy
puh acoo = ivz
pui acoq acoo acop = szj
puj acoo acop = tid
puk = jbw
pul acop acoo = wvm kdy
pum acoo = ric
pun acop acoo = f
puo acoo = ugv
pup = nzk
puq acop acoo = qpi bxz
pur = fmw
pus acoo = fjl
put = pkb
puu = aafi
puv = fhu dl (ukn wqh)
puw = tcw
pux = lbo
puy acop acoo = gwn lbw
puz acop acoo = rib
pva acop acoo = aus
pvb acop acoo acoq = ler
pvc acop acoq acoo = zzd kqm kwl ejg
pvd acoo = aauc jew
pve acoo acop = cit
pvf acop acoq acoo = abjr
pvg acoo = xwx
pvh = sle
pvi acoo = wqh
pvj acoo = ilm (nun gbg gaf)
pvk = acjo bdw akq alw
pvl = l lve
pvm acoo acop = tfs
pvn acop acoo acoq = fnv qhp (xkp jcu)
pvo acoo = rvl
pvp acop acoo = icx bti kua lpq
pvq acoo = aclj
pvr = ncz aaob fum
pvs = gew abcq
pvt = ayq
pvu acoo = ywp bqg
pvv acoo = xow
pvw acoo acop = sud gvk
pvx = vpm mwz aajl
pvy acop acoo = yza fwg aajp
pvz = drz
pwa acoo acop acoq = att crn drw zsc
pwb acoo = ueo
pwc acoo = qjd xae dym
pwd acoq acop acoo = mwt
pwe = yjw
pwf = acob ackt jbu
pwg acoo acop = fhh rus
pwh acop acoo = uwl
pwi acoo acop = bpe
pwj acop acoq acoo = uud
pwk acoq acop acoo = zqt rbq
pwl acoo = ak
pwm acoq acoo acop = ugi
pwn acoo = pqa
pwo acoo acop = wtt
pwp = wea
pwq acoo acop = yne
pwr acoo acop acoq = abpj nsd
pws acoo = acjq qbr
pwt acop acoo = mkv
pwu acop acoq acoo = qhw
pwv acoo = wmk
pww = ntb rgw sih
pwx = usn rnz
pwy acop acoo acoq = jya
pwz acop acoo acoq = wmq ssi iky
pxa = ddh cfd bsm
pxb acoo acoq acop = aanc mhs tvb
pxc acoo acop acoq = lyt xgz txn
pxd acoo = bpe
pxe acoo = hnx
pxf = zlc
pxg acop acoo = cwh ncx tqy owt
pxh acoo = yat
pxi acoq acoo acop = zor
pxj = crt
pxk acoq acoo acop = fw
pxl acop acoo = feu wcf
pxm acoo = shr
pxn acop acoo = pgp acdo
pxo = lzr yyc gla cyc
pxp acop acoo = qez yba
pxq acoo acoq acop = ejn
pxr acop acoq acoo = owx
pxs = aaxc
pxt acoq acop acoo = dem qqc
pxu = alz
pxv acoq acoo acop = ots
pxw acoo = sos nrf uji
pxx acoo acop = ret
pxy acop acoo = aka
pxz acoo acop = zy
pya = hzj aew
pyb = aavx mpl iem
pyc acoo = abjd dbu
pyd = dlg
pye acoq acoo acop = me
pyf acoo acop acoq = rqf fay rpk crh
pyg acoo acop acoq = qwc vbh srj
pyh acop acoo acoq = gxf gga
pyi acop acoo = dzl
pyj = cpj sbh
pyk acop acoo acoq = fln ctj
pyl acoo acop = hza
pym = vsk muw tdx kad
pyn acoo = abho
pyo = mwm (aaor ofy) lbh
pyp acoq acop acoo = vow
pyq = hkf fik
pyr acoo = mhd gki lyp spv kdk
pys acoq acop acoo = acoi
pyt acop acoo acoq = qzz
pyu acop acoo acoq = mby
pyv acop acoo acoq = ecn yvb
pyw acoo acoq acop = axm
pyx = zkq
pyy acoo = dui
pyz acop acoo acoq = whe
pza = lrd
pzb acoq acop acoo = oay
pzc acop acoo = tlv yzb
pzd = uac qli
pze acoo acop = yhr
pzf acoo acop = ehp
pzg acoo = nfy mjf
pzh = mth
pzi acoo = ipd dzi aang ylk
pzj acop acoo acoq = yml use
pzk acoo = ece abor nhh
pzl acoo acoq acop = tfj pbw
pzm acop acoq acoo = nfn acce
pzn acoo acoq acop = chz nhf
pzo acop acoq acoo = xql
pzp acoo acop = lok
pzq acop acoo = mit
pzr acoo acop = jlo
pzs acoo = cld xnn
pzt acoo acop = ojp (fh mjb)
pzu acop acoo acoq = tny
pzv acoo acop = aaoj
pzw acoo = vjr
pzx acoo acop = hap
pzy = rzz
pzz acoo acop = vtl
qaa acop acoo = oh
qab = yvu
qac = vmu
qad = zfq
qae acop acoo = hdr lwn wnn
qaf = ghw
qag acoo acoq acop = yqq
qah = vvm pja kok
qai acoo = iio
qaj acop acoo = eib apo ptn
qak acop acoo acoq = abci
qal acoq acoo acop = gax pzr
qam acoo acop = pfz
qan acoo = tqh
qao acop acoo = ktz lld dyy ggu
qap acop acoq acoo = suq zsa
qaq acop acoo = lao qcy
qar = rcv gfe
qas acoo acop = hei
qat acoo = bur
qau acop acoo = cjx wb
qav acoo = gza
qaw acop acoo = fno wuc rbq txj
qax = jtp
qay acoo = dut cqk uyv
qaz acop acoo acoq = abmj
qba acoo acoq acop = jsc ajr mkr
qbb acop acoo = nbw
qbc acoo = prl
qbd acoo acop acoq = acoj
qbe acoo acop = ayy voh
qbf acop acoo = wwn
qbg = glx aadq uxp
qbh acoo acop = hkh
qbi acoo = fnn erw mko eql
qbj = zgy
qbk acoq acoo acop = avl
qbl acoo = ffh uta vbj osp
qbm acop acoo = qus aath gwo yrn
qbn acoo acop = umg
qbo acoo acoq acop = voz
qbp acoo acop = mpp vj kjk
qbq acoo acop = fai rgq
qbr acop acoo = aaen
qbs = qgs llp
qbt acoo = m xjr abrj
qbu acop acoo acoq = enp
qbv acoq acop acoo = aajs dbz uao
qbw = vgs btf nui
qbx = lro
qby acop acoo = abtm aamc
qbz acop acoo acoq = ref
qca acop acoo = xci
qcb acoo = anl eaw
qcc acop acoo acoq = egg
qcd acoq acoo acop = ewx ackd
qce acoo acop = fmk roc mcy
qcf = tc
qcg acoo acop acoq = igi um zjd
qch = hnk
qci = iwy
qcj acoo = mob
qck acoq acop acoo = svr
qcl acoo = odt lkh ezm
qcm acoo = axs
qcn = ivn vsz wmj kko
qco acoo = ilq zfx
qcp = vbj abki
qcq acoo = mvf rhq
qcr acoo = abio vdu abrr
qcs = icn tzs qnk
qct acoo acoq acop = ytg
qcu = rgg xbw
qcv = foh fqm
qcw = lia kks ocv
qcx acoo acoq acop = guc
qcy = trl (cll cqh)
qcz acoo = dju
qda acoq acop acoo = aclw
qdb = nwz
qdc acop acoo = ctb
qdd acoq acoo acop = ckv fao aboi
qde = hxd
qdf acoo acop = ufl bny
qdg acoq acoo acop = iur
qdh acoo = ffs
qdi = tlx
qdj = qng
qdk = hhv
qdl acoo = nhi lnz
qdm acoo = zjs
qdn acoo acop = uyr iio ewa
qdo acoo acop = mfy cgm vhn
qdp acoo acop acoq = ae wkl abcm sot
qdq acoo = pyx kku
qdr = abwf bkx hee abgx
qds acoq acop acoo = hmv itf egl
qdt acoo = abrn vgw
qdu acoq acoo acop = jkx zwt jit
qdv acoo = ffc
qdw acoq acop acoo = vu ngh
qdx acop acoo = tiy
qdy acoo = ablc idd
qdz = eq ohy kzb
qea acoo = vsy wre aqq
qeb acoo acop = luv uoe ani
qec acoo acop = awk
qed acoo acoq acop = upc kzz (zkg oyr)
qee = jkc
qef acop acoo = wkh
qeg acoo = wg bds (sbc mcj)
qeh = tha
qei acoo acop = vhb
qej acoo = bgf
qek acoo = iod (aeq act poh)
qel acop acoo = aags gak
qem = eod
qen = vce dmr
qeo acoo acop = gwg ecj ffo wqu xyv
qep = zfj smm aaef
qeq acoo acoq acop = upq
qer acoq acop acoo = ndu
qes acop acoo acoq = nrr abhu
qet acop acoq acoo = yol
qeu = cac shq zbf
qev = vtj
qew acoq acoo acop = teu
qex acop acoq acoo = bzp
qey acop acoo acoq = xpq koj fqu
qez acop acoq acoo = gxe
qfa acoo acop = bwp wnf gnr
qfb acop acoq acoo = spx
qfc = aard osy hyw
qfd acoo = gfv azw
qfe acop acoo acoq = our htu
qff acoo = cyn kgp
qfg acoo acop = dtu iiq
qfh acoq acoo acop = kdt
qfi acop acoo = ehv xta liy mci
qfj acoo = jvx
qfk acop acoo = av
qfl acoo acop = acne
qfm acoo = yq ogn xiu
qfn acoo = aazn
qfo acoo = ids
qfp acop acoo acoq = zzi ooy xtj
qfq acoo acop = wgu
qfr = mua
qfs acoo = flp wzn
qft acoo = luw acem abig
qfu = fea qrf
qfv acop acoo acoq = zmr
qfw = kba hjk
qfx acoo = inq bwl uvu iaq qce
qfy acoo = twu
qfz acop acoo = jab
qga acoo acop = lqg
qgb = wyf
qgc acop acoq acoo = grg acbs
qgd = ymb
qge = iwh
qgf acoo acop = kza
qgg = aev xqk
qgh acoo acop acoq = flt
qgi acoo = fdb
qgj acoo = nzs
qgk acoo acop = xov
qgl acoq acop acoo = orj pqy
qgm = lss
qgn acoq acop acoo = zns zqn
qgo acoq acop acoo = rsa xys aaek ftg
qgp acop acoq acoo = ide
qgq acoo acop acoq = xlm
qgr acoo = keu
qgs acoo acop = fuq beo
qgt = ouu tqx xx dfo
qgu acoo acop = ful
qgv acoq acop acoo = ypt voc pnn
qgw acop acoo = amw rea een tny
qgx = qsd
qgy acoo acop = eto
qgz = aaxw
qha = fcu aayi
qhb = var bib
qhc acop acoo = krx
qhd = rss
qhe acoo = abjr
qhf = dgz
qhg acoo = hep dth
qhh acoo = aayw
qhi = tvk
qhj acoq acop acoo = pii pnc roi ulf
qhk = ala fdi xle
qhl acoo acop = cbb plf r abfp
qhm = acna aaho olg
qhn acop acoo = ngf ssu
qho = kxb
qhp acop acoo = vgi hnk
qhq acoo acop = kvv
qhr acoo = aadg kg
qhs = hoi (daq dct bte)
qht acoq acop acoo = hdd
qhu acop acoo acoq = oqo bom
qhv = aboq
qhw = acht
qhx acop acoo = brh
qhy acoo = adk
qhz acoo = wop
qia acop acoo acoq = sxm fdv
qib = rcg
qic acoo acoq acop = aart
qid acoo acop acoq = ecv
qie acoo acop acoq = cww abld aclk
qif = acgx
qig = chp (mgo cfr)
qih acoo = ybz
qii acoo = gpr
qij = lka jfr zjp
qik = dgv
qil acoo = cdj hjm
qim acoo acop = fyv ese doc
qin acoq acoo acop = whq dlp uxe dnx nbc
qio = ablb
qip acoo = abog
qiq = bwu fdq
qir acop acoo = nqx jds ikh eci
qis acoo acop = ecx adh fng
qit = miv ca gbd
qiu acoo = ezj
qiv acop acoo = jdn
qiw = jfa (zyp aanc)
qix acoo acop = wdl
qiy acoq acop acoo = pkr
qiz = zsj
qja acoo = lsi abkl xbf lvi rop
qjb acoo acop = mry
qjc acop acoq acoo = wgn
qjd acoo = uet wnb
qje = lfs muk ojw iam
qjf acop acoo = abhp ygl bql
qjg acop acoo = elw zip
qjh acoo = bdd nhs
qji acoo acop = ati acof acee
qjj = skf
qjk acop acoo = kci cas
qjl acop acoo = cbk apb
qjm acoo acop = hua uqr xgb pfc xan
qjn = hbw
qjo = achz acgy
qjp acop acoo = shq hhj cho ymm
qjq acoo = umr nve phf lpe
qjr = wye
qjs acop acoo = tsa
qjt acoo acop = anc
qju acoo = joc rfp pbk
qjv acoq acop acoo = vjp
qjw = qul
qjx acop acoo = hxk
qjy = wpj rbl
qjz acop acoo = lau
qka acoo = hjy
qkb acop acoo acoq = yot uzs
qkc = spp yqc vbl
qkd = mmc (fkf bzl)
qke acoo = qly plt sbx
qkf acoq acoo acop = qio
qkg acoq acoo acop = alu kqx qbs axz wdl
qkh = yyx
qki acoo acop acoq = pbm
qkj acoo = abue rb rii ywm
qkk acoq acop acoo = oqj
qkl acoo acop = icm wlx nuk
qkm acoo acop acoq = vyr btk
qkn acop acoq acoo = kux
qko acoo acop = rgu ofb vlc
qkp acoo = acjb
qkq = wqz
qkr acoo = doc kpu hua abvi cht
qks acoo acoq acop = iky nja dxo car iht
qkt acoo acop = pac scy yiv zmr
qku acop acoq acoo = dzb
qkv acoo = vee
qkw acoo = ipq oga
qkx = ajv yfl apm
qky acoo = aafl igg
qkz = akl
qla acoq acop acoo = ncx hae
qlb acoo acop acoq = amw xco lla
qlc = atf bac
qld = wpx vgd vyo
qle acoq acoo acop = sx
qlf acoo acop acoq = wmk
qlg acop acoo = rrr wrx cki wqp
qlh acoo = cac
qli = usx
qlj acoo = fxr
qlk acop acoo = gii
qll acoo acop = pio
qlm = ips acgj igg
qln acoo acop acoq = agz pzz
qlo acoo = abdv gzl
qlp acoq acop acoo = orw
qlq acoq acoo acop = ahj acjh
qlr acop acoq acoo = qvb mfj
qls acoo acoq acop = achb
qlt acoq acop acoo = blr
qlu acop acoo = xwn
qlv acop acoq acoo = iof
qlw acoo = yvc loe
qlx = dgk
qly acop acoo acoq = iub
qlz acoo acop acoq = bni
qma acop acoo = xxo
qmb = fhu fvq
qmc = fkl
qmd acoo acop = dbx aex
qme acoo = accs
qmf = cie
qmg acoq acoo acop = gqs gmh
qmh acoo acop = aapy tlc bhb
qmi acoo = ael avv
qmj acop acoo = vvc dfn wal dzp
qmk = abud
qml = xwb
qmm acop acoo = lrb
qmn = luu aanu
qmo = uvt
qmp = edo
qmq acoo = qgh
qmr acoo acop = eed ylb ety
qms acoo = mcg vfj
qmt = abxa
qmu acoo = rv
qmv = jr
qmw = qfh
qmx acoo = dps vqm
qmy acop acoq acoo = hly
qmz acoo = hba
qna acoo acop = xou dmb
qnb acoo acop = nqx
qnc = ty acgs
qnd acoq acop acoo = sq ftp
qne acoq acoo acop = lze
qnf acoo acop = unf aazy
qng acop acoo = jws
qnh acoo acop = hay
qni acoo acop = cyo
qnj acoo acop = avm
qnk = wpy hci
qnl acoo = aben
qnm acop acoo = vsn
qnn acoo = dta
qno acoo = abtx jpr
qnp acop acoo = pcr lmt
qnq acoo = vun
qnr acoo = fug
qns acoo acop = hhc
qnt acoq acoo acop = sai xiq szs uei wbv
qnu acoo acop acoq = uco
qnv acoo = lmm wro jjz
qnw acoo acop acoq = rgj
qnx acop acoo acoq = roh
qny acop acoo = zyp
qnz = abfq
qoa acoo = fie ctl
qob acoo = ukm
qoc acoo = cgt pcl wdz fdq
qod acoq acoo acop = cng (vyu aazc)
qoe acoo = umq
qof acoo = jac
qog acoq acoo acop = jqt
qoh acoo = kto qjk umo
qoi acoo = pxm (pon mgs esi)
qoj acoo acoq acop = fid (mdz vpt)
qok acoq acoo acop = xry
qol acoq acop acoo = gdu
qom acoo acoq acop = faw
qon acoo acop = itw car
qoo = cbn
qop acoq acoo acop = emc bhx
qoq acoo = dlo loj
qor acoo acoq acop = auv yof
qos = wjp
qot acop acoq acoo = acbv
qou acoo = zfa
qov acoo = qck ioq nx
qow acoo acop acoq = ygq
qox acoo acop = cxr aq
qoy = fek
qoz acop acoo = iux
qpa acoo acop = acoi
qpb acoo acoq acop = qyh axl
qpc acoo acop acoq = rpc
qpd acoo = fux cxq cvq tcu
qpe acoo acop = cvv
qpf acop acoo = num
qpg = spr uqu (mqc ekf)
qph acop acoo = lpw gld wza acoo
qpi = fes fgu sqz thh
qpj acoo = bqo
qpk acoo = gbu
qpl acoo = rmd
qpm = cbr lpz dok tbd
qpn acoo = wfw
qpo acoo acop = ukg
qpp = aajp xhk
qpq acop acoo = uqa
qpr = efq vmo
qps = fwb izo
qpt acoo = yes
qpu acoo acop = laz pox btk bhv
qpv acoo = abwf
qpw = lyv
qpx acop acoq acoo = elt
qpy acop acoo = chu ipd xzl
qpz = vvn rdc pjg
qqa acop acoo acoq = ygy
qqb acoq acoo acop = ulv
qqc acoo = qcq bbo tqb ktf hfs
qqd = yj dcs kjn
qqe = xtk
qqf acop acoo acoq = rst
qqg = fix uzx sxi
qqh acoq acop acoo = bvq
qqi acoo = hpx ufq
qqj acop acoo = zdj bge hjh
qqk acoo acop = iyk dlc sdl
qql = pkw
qqm acoo = vwl
qqn = uaj lxi djz
qqo acoq acoo acop = aclp
qqp acoo = zls
qqq acoo acop acoq = owx qzv twa
qqr acoo = acbg mgd
qqs acop acoq acoo = aclr hnf
qqt acoo acop = etp mi wet
qqu acop acoo = taa
qqv acoo = bmg
qqw = udl gnm
qqx acoo acop acoq = vcg sby lis hbf
qqy acoo = tdq aas ssw
qqz = mhi zmd zpz hz
qra = mqw
qrb acoo acop = awp
qrc acop acoq acoo = ryx yvv
qrd acop acoq acoo = agt
qre = nkw
qrf acoq acoo acop = kqm qro rre wuk
qrg acoo = abbh
qrh = hop
qri acop acoo = hdf
qrj = gdd
qrk acoo acop = accr dgd
qrl acoq acop acoo = bsz
qrm = wqv
qrn = nup
qro acoo = iqh vcc
qrp = aul
qrq = tqs
qrr acoo = srx
qrs = abpa
qrt acop acoo acoq = uae ysq lga
qru acop acoq acoo = jib ktc (msl vyz)
qrv acoo = ijj
qrw acoo acop = tqp
qrx acoo acop = fzs
qry = nrh
qrz = ilc
qsa acoq acoo acop = hmn vdy qrq rra
qsb = tof
qsc acoo acop acoq = lmy
qsd acoo acoq acop = wkr
qse acoo = hml
qsf acoo acop acoq = fm maj
qsg acoq acop acoo = aex svk tp aaub
qsh acop acoo = dqs xqf uat
qsi acoo = kys slw
qsj acoo = ikx rxz
qsk acoo = ubx
qsl acop acoo acoq = aarv
qsm acop acoo = omh cg aeq bsv
qsn acoq acop acoo = hnu vyi absv
qso acoo = huj gip ibh sk
qsp acoo acop = aaxx
qsq acoo acoq acop = oly wzj dlg
qsr = aatr mxd
qss = luk vvh
qst acoo = acjq
qsu acoo acop acoq = ebv tnc
qsv acoo = izi
qsw acoo = elu
qsx acoo = bho
qsy acoo acop = exs zit abqp cge
qsz acoo = mrw
qta acop acoo = kld
qtb acoo acoq acop = umn jjr ygf
qtc = qer hdv
qtd acoo acop = kqg suc
qte acoo acop = epl acmx
qtf acoo = tud huu bks
qtg acoo = dwy
qth acop acoo = acaf pes
qti acop acoq acoo = hdl
qtj acoo acop = mzw (bma tbl)
qtk acop acoo = lfa
qtl acoq acoo acop = dlq twd jkq
qtm acoo = jae zwt nto
qtn acop acoo = djh
qto acoo = aavv cka
qtp acoo = owh
qtq acop acoo acoq = zwa scf npv
qtr acoo = hi fni lwr kah
qts acoo = grw
qtt = rtm hnn
qtu = abid wtk cjf atp
qtv acoo acop acoq = mvq
qtw acoq acop acoo = rdp pdw qfz
qtx acop acoo = ufc
qty = uzi
qtz = lom elz
qua = erd
qub = nad
quc acoo acop = kyv
qud acoo acoq acop = fmr hrl ldi npp hat
que acoo acop = dqo ro
quf acoo = bes (yrf oo)
qug acoo acop acoq = wlp ldz (qnm mev)
quh acoo = ltv uqz qoo
qui = du eu jnq aazd
quj acoo = abre
quk acoo acop = llz
qul = bvk
qum acop acoq acoo = acaf sfg
qun acoo = gdb up khv aacq
quo acoo acop = erq kai rny soo
qup acop acoo = rfb
quq acoq acop acoo = ces
qur acoo = hku
qus acoo = dve
qut acoo = brp
quu = ptm
quv acoo acop = nxw
quw acoo = mnh sav
qux acoo = dhk
quy acoo = pjt abew
quz = qbi
qva acop acoq acoo = ogm fkq
qvb acop acoq acoo = srg
qvc acop acoq acoo = spj
qvd acop acoo acoq = jqt
qve = tcb
qvf acoo = sdy cke
qvg acoq acoo acop = meo
qvh acoo acoq acop = aaoo qju mkk ehx iii
qvi acoo = dza (ykz mrr)
qvj = lgr
qvk acoo = aatz
qvl acoq acoo acop = cwv
qvm = yxv
qvn acoq acop acoo = afi
qvo acoo = rcn krd pid ruq
qvp acoo acop = hml vcw fwx
qvq acop acoo = pun (mkn iaw)
qvr acoq acoo acop = hlk
qvs acoo = aayx
qvt = rcs zzl wmk
qvu acoo = qfe arf
qvv acoo acop = wud wbh
qvw acoo acop acoq = aahu rwz
qvx acop acoo = zuf
qvy acoo = abmw
qvz acop acoq acoo = osj
qwa = sbc
qwb = jis
qwc acoo = cpv oaw
qwd acop acoo = oop wyg ghm
qwe acop acoq acoo = ufg ogc
qwf acop acoo = ejp eqw sus rfz
qwg acoo acoq acop = aajf gpc
qwh acoo = thm rrk abqg aanr
qwi = hzm
qwj acoo = squ ftp
qwk = dio hig pmd uhf
qwl acop acoo acoq = sgq
qwm acoo acoq acop = qge wry
qwn acoo acoq acop = cel
qwo = xmd
qwp = mub
qwq acoq acoo acop = ehl
qwr acoo = ouz
qws acop acoo = avv
qwt = abnd lxl wzc gbv
qwu = zjz
qwv acoo acop = ehj zxt
qww acoo = vad
qwx acoo = rqp
qwy acop acoo = abkh aaoy ehy
qwz acoo = kuv gkh ucv
qxa acoo = pwn vmo
qxb acoo acop = nq ckx vtu
qxc acoo = ibw vii bvr
qxd acop acoo = bgi
qxe = cdy
qxf = xui
qxg acoo acop = pzc xiu tnj
qxh acoo acoq acop = znl bgn
qxi acoq acop acoo = pty hul zyr
qxj acoo acop = sjm
qxk acoo = nuh
qxl acoo acop acoq = iyt
qxm acop acoo = dzn
qxn acoo acop = xqs ywv
qxo acoo = vvf
qxp = ljp
qxq acoq acoo acop = xes
qxr acoo acop = blk
qxs = jzn
qxt acoo acop = lbu
qxu acoo = yzv
qxv acop acoo = exr
qxw acoo acoq acop = ssx
qxx acoo = dgz shx
qxy acoq acop acoo = hzr
qxz acoo acop = xto
qya acoo acop = vev
qyb acoo acoq acop = lei
qyc acoo = rlf lfb (abvp bix)
qyd acoo acop acoq = grb nec (iaq sku) ngo
qye acop acoo acoq = cin
qyf acoo acop = qwj
qyg acoo = jxn yud
qyh acop acoo = jqp zeh
qyi acop acoo = ogh
qyj acoq acoo acop = njr gdv
qyk acoo acop = lzi abm
qyl acoq acoo acop = afq
qym acop acoo = ehs cwy ruj bpu
qyn acop acoo = bdd
qyo acop acoo = fcz
qyp acoo = ycx fyu jmr
qyq = fka bdn
qyr acoo = zyl
qys acoo acop = dnw wjq vwo
qyt acoo = wdy
qyu = yyx alk vfx xhd fqn
qyv acop acoo = mgb qnj
qyw acop acoo = abrp xis
qyx acoo = pig ndr sqh nbe
qyy acop acoo acoq = aayb gea dco
qyz = zss
qza = ows
qzb acop acoo = xtx
qzc acoo = aazf aoz pgr
qzd acoo = cro fvj
qze = aaph dqr zhl
qzf acoo acoq acop = gah vok
qzg acoo acoq acop = aazj vxc vby td
qzh acop acoo = uxz
qzi acoo = fbw
qzj acop acoo = cdl dvk
qzk acoo = wlc sks hrx zqn
qzl acoo = nuz ags
qzm acoq acoo acop = kek
qzn = mvz aae
qzo acoo acop = tyx
qzp acoo = ydb cjo uil wpa
qzq acop acoo acoq = ruv
qzr acoo acoq acop = acnn
qzs acop acoo = eem wxh gsd
qzt = cjk axa mif dto
qzu = knx
qzv acoo = zba
qzw = hel izw
qzx acop acoq acoo = ohq abrj typ
qzy = dgz dvk
qzz = yja
raa acoo = lvj tis zvi
rab acoq acoo acop = tvg paj
rac acoo = awi jka pob rem
rad acop acoq acoo = fjo
rae = kbe
raf acop acoo = onk xex hea yat
rag acoo = eyn
rah acop acoq acoo = abyn
rai acoo acop acoq = cwy
raj = yjk
rak = wha
ral acop acoo acoq = kke exa
ram acoo = wyg
ran = lrk
rao acoo = wrc
rap acop acoo = ccc nmz
raq = aaen rer
rar acop acoq acoo = dcu ucb acnz mpn
ras = mba
rat = blo
rau acop acoq acoo = hqg bms
rav acop acoq acoo = zqe
raw acoo acoq acop = xvl
rax acop acoq acoo = msz
ray acoo acop = cft
raz acoo acop acoq = bqg
rba acop acoo = htn
rbb = bim
rbc acoo acop = xlu mtq
rbd = mcl
rbe acoq acoo acop = djw
rbf = yam
rbg acoo acoq acop = qvg
rbh = cdy
rbi acoo = ltl
rbj acoo acop = ijx
rbk acoo acop = oec
rbl acop acoo = ojd icl aqd
rbm acoo acop = tpu zae
rbn acoo acop acoq = vcb
rbo acop acoo = nmm
rbp acop acoq acoo = cev ym
rbq acoq acoo acop = pvi sgj xma ipj
rbr acoq acoo acop = lww
rbs acoo acop = ein bdn
rbt acop acoo = pvr
rbu = vgm
rbv acoo = ygs gze dlr
rbw = lmg sgd
rbx acoo acop acoq = bvz
rby acoo acop = ckm rpx ejc
rbz acoo acop = zrp hxy
rca acoo = ikj lbb ihn vzr sav
rcb acoo acop = syz
rcc = luu
rcd acoo acop acoq = fjf utf
rce acoo acop acoq = qeo
rcf acoo acop = yrw muy
rcg acop acoo = ine xod pnj
rch acop acoo = byw mxt abbi hbu
rci acop acoo = uku
rcj acoo acop = mky
rck acoo = uun ytz
rcl acop acoo acoq = abdo
rcm acop acoo acoq = obb gsv abdm ltt
rcn acoo = pbg
rco acop acoq acoo = bl
rcp = acab mgm
rcq acoo acoq acop = mfa (rxb acu)
rcr acoo acop = lld
rcs = nha
rct acoo = abxa gyu xuj gel
rcu acoo = wan
rcv acoo = eaq
rcw acoo = xwr
rcx = ovi
rcy acoq acoo acop = abea ahm
rcz = hzq eoe aanv xyi
rda acoo = lkm
rdb acop acoo = nqu
rdc acop acoo acoq = oqu
rdd acoo acop = hzq igr eig
rde acoo acop = sei
rdf = vzi
rdg = thl
rdh = hjb
rdi acoo acop = aaxp lso
rdj = hme txx
rdk acop acoo = raj
rdl acoo = abnx
rdm = yxj smo tkv
rdn acop acoo = bkc wba
rdo = aaoq
rdp acoo acop acoq = aagt
rdq = hia bdu gfc
rdr acoo = use abnt gew orz
rds acop acoo acoq = ywe kzb uuq
rdt = znr ljw acdt
rdu acoo = azh
rdv acoo = pkl
rdw acoo = vvs
rdx acoq acop acoo = axz
rdy acoq acop acoo = hhz
rdz acop acoo = sx erh
rea acoq acoo acop = vei
reb acoo = aso gns
red acoq acoo acop = ami aqv wfd
ree acoo = abyk nxg
ref = xgj
reg = frv
reh acoo acop = iwk esd ell
rei = abwx acoa
rej acoq acop acoo = fyh zhy cdp
rek = grs ebi
rel acoo = aalw abov unv
rem = vix
ren = cjo acbs aawt
reo acoo = nsi dum det
rep acop acoo acoq = amf
req acoo acop acoq = iar aadj dvx hao
rer acoo = zbn
res acoo = tbu
ret acoo acoq acop = qqz
reu = ojn mml si gad aaen
rev acop acoo = uwt ackr
rew acoo acop = qrh
rex = tty
rey acoo acop acoq = aasa (ycs xgu jri)
rez acoo acop = diz wbb
rfa acoo acop = qfa
rfb acoo = dfc
rfc acoo = vb ptq wiz
rfd acoo acop = sly wcs piz ydd
rfe = dwi hti
rff = acit
rfg acoo = wpo cs jwj
rfh acoo = lbf hqn bjr
rfi acop acoq acoo = nch rra yld hgi egn
rfj acop acoo = kuq yzi the kra
rfk acoq acoo acop = xxp
rfl acoo = mpf
rfm acop acoo = rny
rfn acoo = zwk qwg yav pnx
rfo acop acoo = aank
rfp acop acoo = qbn ojh
rfq acop acoq acoo = aboy pnp tvw
rfr = odu eav pyi
rfs acoo = wfe mjz
rft acoo acop = qde znk
rfu acop acoo = ddn
rfv acop acoq acoo = igx
rfw acoq acop acoo = pxc aajb
rfx acoq acop acoo = iqk woa dta xww vsr
rfy acoo acoq acop = ada
rfz acoo = sck
rga acoo acop acoq = vvb qxh
rgb acoq acoo acop = kun
rgc = iwh
rgd = wyy
rge acoo = spo liy kmy
rgf acoq acoo acop = zje
rgg = ysv hqw mmo
rgh = yaz
rgi = mpy
rgj = iyl azf wxs
rgk = xqc
rgl = oid
rgm acop acoo = epc ot ablq alu
rgn = nfo dpy
rgo acoo = iqi
rgp acop acoq acoo = zhp gsw pzg aaox xqy
rgq acop acoo acoq = iog
rgr acoo = ehk
rgs acoo = qww ldo wzr vcz
rgt = vmx gi
rgu = abtr
rgv acoq acop acoo = ive cot uqo
rgw = vij (hso nsq)
rgx acoo = xem
rgy acop acoo acoq = spv
rgz acoo = cys nub
rha = oig
rhb acoo acop acoq = okh
rhc acoq acoo acop = ttv
rhd acoo acoq acop = acee wbs
rhe = lwf ebk xjb
rhf acoo acop = lma
rhg acoo = dga qcf
rhh acoo = abzy
rhi = rdf
rhj acoo acop = dcf igk fuk
rhk acoo = aayy ywu oyg
rhl = pzk
rhm acoo = bfj
rhn = ief
rho = cqy
rhp = qkm ows
rhq acoo acop acoq = lym xrr
rhr acop acoo = zlj accb (ivw hci)
rhs acoo acop = zyg
rht = hmi (zss mfo)
rhu acoo acop = oi vrg
rhv acoo acop = soo abfx
rhw acoo acop = wwv
rhx = oxa
rhy acoq acop acoo = ioh
rhz acop acoo = qiv
ria acop acoq acoo = pky
rib acoo acop = bvh xnx tfy mym gq
ric = zhj
rid = alm ing
rie acoo = absv abud rzb mnx
rif acop acoo acoq = czp myh
rig acoo = bac dvj aacv
rih acoo = hak yhu qqa
rii acoq acoo acop = vii
rij acoo acop = eoj jyk abzv
rik acoo = unh
ril acop acoo = hrt
rim acoo = skk agk lts
rin acop acoo = zro mrg
rio = igi iky jav
rip acop acoq acoo = iis
riq acoo = vsg bvu
rir = ackv
ris acop acoo = jnp rmh
rit acoo = dr kbu
riu acoo = ihl zwr djh
riv acoo acop = qfr ddi
riw acop acoq acoo = dua
rix acop acoq acoo = soq
riy = aoj ros grg gfe
riz = dcy
rja acoo = cjb xi
rjb = vpq bsj
rjc acoo = arx
rjd acoo acop acoq = cmr
rje acop acoo acoq = mbu fxb
rjf = gq
rjg = rhj
rjh = aamg kxd
rji = qft
rjj acoo = qyo ksl aaoi
rjk = bvr wkt acgm qai
rjl acop acoq acoo = svx jwm
rjm = yaa zsm ujx pml wwd
rjn acoq acoo acop = h oww nwe achh
rjo acoo = vav
rjp acop acoq acoo = glg
rjq acoo = rxc xym abz dee
rjr acoo acop = ltw
rjs = xbd rfa
rjt acop acoq acoo = ejt khy
rju acop acoo acoq = wii
rjv acoo = f eol csn
rjw acoq acop acoo = mla
rjx = sxx nrl
rjy acoo acop = mku
rjz acoq acoo acop = ops oou mib
rka acop acoo acoq = abkc
rkb acoo acop acoq = aals
rkc acoo = vnq rze
rkd acoo = akf
rke acoo acop = aapi
rkf acoo = doa
rkg = gvg oai
rkh acoo = cyx
rki = pfl (rxu gig)
rkj acoo acoq acop = uqq
rkk = iyp
rkl acoo = pcz
rkm acop acoo acoq = eff
rkn acop acoo = nzs
rko acoo = cpj pyl
rkp = hb
rkq = end rre kpi ber
rkr acoo acop = qct ngu r
rks = lpj
rkt = wvi fvy xsv hfs
rku acop acoo = xmb hot
rkv acop acoq acoo = kle
rkw acop acoo = hbu gsj
rkx acoo = ndo dwv
rky acop acoo = gjd
rkz acoo acop acoq = vxc atq aawi ann qdk
rla acop acoq acoo = aaub
rlb = fof
rlc acoo = abxo nvu
rld acoo = qcg pkd
rle = nbd
rlf = ren
rlg acop acoo acoq = dgk exs
rlh = vvy
rli acop acoq acoo = qvh tst
rlj acoo = fbi
rlk acoq acop acoo = tzd fdv iqq dwa
rll acoo = ihk ipj wqc
rlm = aaeb
rln acoo acop = yac
rlo acop acoo acoq = dpy
rlp acoo = vmg aaqa liy
rlq acoo acop = yib
rlr acop acoo = vtu
rls acop acoq acoo = coi
rlt acoo = abwk
rlu acoo acop = vwe auc nft
rlv acoo acop acoq = kpy dja
rlw acoo acop = xqp
rlx acoq acop acoo = es
rly acoo = wzf
rlz acop acoo = wbu thb ikg thr cri
rma acoo = kih
rmb acop acoo acoq = fdt phm amk aju
rmc acoo acoq acop = aeh
rmd acoo acop = vux jgf
rme acoo acop = qee
rmf acop acoq acoo = ein
rmg acoo acop = yee ija jyi mvq
rmh = epi
rmi = ubt
rmj acoq acop acoo = slv
rmk acop acoo = ihv
rml acoq acop acoo = atx
rmm acop acoq acoo = zay
rmn = hni
rmo acop acoo = xza
rmp = qbu rno
rmq = uea oli acj
rmr = mnr
rms acoo acop acoq = flt
rmt acop acoo = abqo
rmu = uvr
rmv = kcy nei
rmw = huf
rmx = rbd
rmy acoo = rsk woe cwp
rmz acoo = jfj
rna acoo = aqg
rnb acoo = xsy myv aayp
rnc acoo = pkd (mxr jdc)
rnd acoo acop = grr zxw
rne acop acoq acoo = rgv
rnf acoo acoq acop = pfv abys xra
rng = kkk gzy plz ytd pwq
rnh acoo = rah
rni acop acoq acoo = cmi hgg
rnj acoo acop = bsb
rnk = spj sqq iln
rnl acop acoo = idl
rnm acoq acoo acop = kfk
rnn acoo acop = umo
rno acoo = vwz
rnp acoo acop = ubt vwz
rnq acoo = oml ena vvf
rnr = tgd
rns = xtj
rnt acop acoo acoq = yae
rnu acoo = ivf abon
rnv acoo acop = lru qkv
rnw acoo acoq acop = bao
rnx acoo = cqh
rny acoo = kxm
rnz acoo = abbu iqj opx
roa acop acoo = buz
rob acoo acop = aarx dyh fcv les
roc acoq acoo acop = ipx
rod acoo = dzx pej
roe acoo = dwi
rof acoo acop acoq = blz
rog = jtb btb brn apk
roh = ayl dvk flz yvk rom
roi acoo = rgq zsf wnq
roj acoo acoq acop = scw cwe bed pun
rok = accf vao fih
rol = kry
rom acoo = kjy nxc xjh
ron acoq acop acoo = gop
roo acoq acop acoo = xrf
rop acoo acop acoq = pvt
roq acop acoq acoo = ugu pbl tva (vli hrg)
ror acoo acop = sad
ros = aatz jzq yid
rot acoo = nbx prp
rou acoo = wsx acjy
rov acoo = jgn
row acop acoo acoq = pds zic
rox acoo = xlo rdb
roy acoo = ejr
roz acoo acoq acop = ubg
rpa acop acoo acoq = jpd
rpb = pvn hhz sef
rpc acop acoo acoq = vq wtl
rpd acoo = lek
rpe acop acoq acoo = sds vta lse
rpf acoo = ykq (cjh siu fok)
rpg acop acoo = srd
rph acoo acop = kkr niq kye abms pge
rpi acoo = gey ajf ewz
rpj acoo acop acoq = pmn zyf aax
rpk = lot dez glz
rpl acoo = qiw
rpm acoo acop = fjb fls nkc
rpn = tlh
rpo acoo = nqr zjj aajb (mgy fwb)
rpp acoo = vii
rpq acoo = tbe
rpr acop acoo = wdz
rps acoo acop = fpm paf ccr zqa
rpt = wii
rpu acop acoo acoq = abpt iqq oum
rpv = ofz xhz
rpw acoo = wny
rpx = aapq rbx
rpy acoq acop acoo = ozr
rpz acoq acoo acop = hif mvr
rqa acoq acop acoo = wjs
rqb acop acoq acoo = rpe
rqc acoo acop acoq = jnw
rqd = erk xsc abiy
rqe acop acoq acoo = yiw
rqf = jxw
rqg acoo = xnt yyr eoi mqs
rqh = chs sx hfo qfz smm
rqi acop acoo = gju rzq
rqj = aaxv
rqk acoo = hlx rnp jbw
rql acoo acop acoq = mmr
rqm acop acoo = ckt whf zqr
rqn acoo = mxa
rqo acoo = nip
rqp = fad
rqq = hxr
rqr acop acoo = gcs ubc
rqs acop acoq acoo = ivr wpn
rqt acop acoo = bow mep
rqu acoo acop = sxi kgo
rqv acoo = rke dbh
rqw acoo = id
rqx acoo acop = dzb
rqy = abvm fn
rqz acoo acop = unv
rra acoo = hxw cfp
rrb acoo = rcp
rrc acop acoo = ohz avq njl lbg
rrd acop acoq acoo = abha
rre acoo = ois hnx
rrf = klb
rrg acoo = ihi
rrh acoo acop = dzg
rri acop acoo acoq = cqw hwu fwz cds thr
rrj acoq acoo acop = ofa zvy
rrk acop acoo = tbt (dop cwd)
rrl acop acoo = pqy
rrm acoq acop acoo = ola
rrn acoo = xzk idz vvh hma
rro acoo = woi
rrp acoo = xee
rrq = bol deu mkc qqz kti
rrr acoo acop = dnl acht ary
rrs acoo = iiv tel
rrt acoo = mku gzg
rru = vcg
rrv acoo = scx aclm
rrw = vl
rrx acoo acop = ise
rry = wtn
rrz acop acoq acoo = bgh
rsa acop acoo = kta tcf
rsb acoo = lrc kwr sro
rsc acoo = brc
rsd acoo acop = ago qul bjq
rse = oki
rsf acop acoo = aclr
rsg acop acoo = vwm
rsh acoo = mug
rsi acoo = djh
rsj acoo = iev fvr azh nfz
rsk acoo = poa
rsl acoo acoq acop = aawa
rsm acoo = nvq
rsn acop acoo = yus
rso acoo acoq acop = nml
rsp acoq acop acoo = bwn
rsq acoq acoo acop = kkg ori ppq
rsr = wua pgg qbw jfe
rss acoo acoq acop = sro wgg lld vtg
rst acop acoo acoq = syz qsu aaxh
rsu acoo = igp
rsv acoo acop acoq = gxv ackr dsl gnz tjd
rsw acoo acop = qtp
rsx acoq acop acoo = zqr
rsy acop acoq acoo = wmo
rsz = slw
rta acoo = zrm
rtb = avp
rtc acoo = jcv
rtd acoq acop acoo = tfa
rte acoo acop = imv
rtf = qhl
rtg acoo acoq acop = zja bsu ern aoc
rth acop acoo acoq = adt rcx zlw yg
rti = dgk jyr jed okw
rtj acoo = aqc
rtk acop acoo = wtx wun
rtl acoq acoo acop = hox xng
rtm acoq acoo acop = vi xwb uyy
rtn acop acoq acoo = ulk
rto = abgf cji rwf pja
rtp acoq acoo acop = xqo
rtq acoo = lrx sev
rtr acoo = aakn wps rhy plw
rts acoo = des et
rtt = itz
rtu acop acoo acoq = sgg
rtv acoo acop = gr
rtw = vsk wqu aabq
rtx = gnm
rty = tvr
rtz acoq acoo acop = aek zcl qew
rua = blc jud
rub acoo = abcm ipu jnz
ruc acoo = sxy
rud = glc adj
rue acoo = vzs nzk
ruf acop acoo = ackm
rug acoo = dbi
ruh acoo acop = lar asc mrs fow
rui acop acoo = zll
ruj acoo acop = wnj
ruk acoo = zgz
rul acop acoo = dbq kkh ubj
rum acoo acop acoq = bno
run acop acoo = dcg svn mpo
ruo acoo acop = ueo
rup acoo = kkl
ruq acoq acoo acop = zkn
rur = wnz twt
rus acop acoo = sjl
rut = coi zwy cbh hfv
ruu = aqn beh
ruv acoo = msk
ruw acoq acoo acop = hg
rux acoo = ceg jl ufq
ruy = sfe iul
ruz acoo = fhi
rva = utt hcc
rvb acoo = diz edh gkr oqx
rvc acop acoq acoo = kkl ylt
rvd = eqb acfg
rve acoo = acan
rvf acoo acoq acop = wic
rvg acoo acop = qhu svu iux
rvh acoo = aazv
rvi acop acoq acoo = eak vfs wxe
rvj acoo = ymf acef crr
rvk = ohh
rvl acoo = iwh ujl
rvm acoo acop = uvj
rvn = qqd
rvo = tem tqq kwp hpm
rvp acop acoo = kek
rvq acop acoo = xvq aaqr
rvr = abzr
rvs acoo acop = egx bvl xkc iju abjq
rvt = zxd hwl
rvu acoo = ece
rvv = uhn bfa
rvw = xfi kem
rvx = jtn wrg
rvy acop acoo acoq = aaxz
rvz acoo = myo
rwa acoq acoo acop = fcr
rwb acoo acop = qbn anw vvj dye
rwc = seg
rwd acoo acop = azm
rwe acoo acop acoq = byx
rwf = tek dff
rwg acop acoo acoq = tso
rwh acop acoo = sgf yya
rwi acoq acop acoo = tr ewk hcw mdv
rwj acoo = lmj
rwk acoo = mjh
rwl acoo = oig
rwm acop acoq acoo = wdo lru urp cdg
rwn acoq acoo acop = achg
rwo = vzu
rwp acop acoq acoo = ujr
rwq acoo acoq acop = ybd ld duu gae
rwr acop acoo = ivl fjv accq fdy vih
rws = mzx kr
rwt = dar cdp pgm
rwu = zoy yye pxa chm
rwv acoo acoq acop = bxm cdc ixk
rww acoo acoq acop = ceo llx vwh
rwx acop acoo = vhd
rwy acop acoo = ijg aauu
rwz = efv fed lhy
rxa acoo = cuy
rxb acop acoq acoo = znz
rxc acoo = acgm
rxd acoo = afo
rxe acoo acop acoq = lzm (rvq (oqa rpi ark))
rxf acoo = bjp yfi
rxg acoo acop acoq = fvz vys sny
rxh acop acoo = nhv
rxi acoo = fow jze wkp
rxj acoo = qjo
rxk = for
rxl acop acoo = xuv ivk (aas xpv)
rxm acoq acop acoo = abxi fpu
rxn acoo = ybo aaag urk
rxo acoo acop = uf
rxp = gcx aaih
rxq acop acoo = hvs pie
rxr acop acoq acoo = lfk ihs zay
rxs acop acoo = rfm
rxt = ant
rxu acoo = rgh out qjc
rxv acoo acoq acop = b lhw
rxw = kcl
rxx acop acoo = yf nyk atc
rxy = blu uxa
rxz acoo = qzo
rya = vvz
ryb acoo = eg
ryc acop acoq acoo = iqx
ryd acop acoo = abvs xvn
rye acoq acoo acop = guy vxx
ryf acoo = aakc
ryg acoo = aadj
ryh acoo acop = tja
ryi = gyt
ryj acop acoo = mpi
ryk acoq acoo acop = prd uwn xoz gtw
ryl = yho tqq ehf
rym = bqh ngt
ryn acop acoq acoo = abeo
ryo = qpc
ryp = aaef
ryq = ueo dmf jpz
ryr acoo = xxg iwz
rys = abqt aax
ryt acoo = nwi bkv
ryu acop acoo = jft
ryv acop acoo = abkt
ryw acoo acoq acop = op (hxq kzr)
ryx acoq acop acoo = fuj jql
ryy = qhv
ryz acoo = kzh gho
rza = ke
rzb acoo = bau
rzc acop acoo = qvp ahv
rzd = qgo abcv ayr
rze acoo = yyc acdp aef inj
rzf acoq acop acoo = wvf xta ily unr
rzg acoq acoo acop = knm bsu ams
rzh acoo acoq acop = abgy gcn
rzi acoo = kln
rzj acoo acoq acop = eku
rzk = dnp
rzl acop acoo = wkt jza gsv
rzm acoo acop = boo
rzn acoo = mas
rzo acoo = cfh
rzp acop acoo = bmm aavz
rzq = ect vgy gjz fls
rzr acoq acoo acop = ijf flh tje dbu
rzs acop acoo = smt cry tza
rzt acop acoo acoq = tpo frf
rzu acoo = zgc
rzv acoq acoo acop = acku lqc xxc
rzw acoo acop = dtb tdt for
rzx acoo acop = aaln
rzy acoo = icr esb wlx aag
rzz acop acoo acoq = pnk
saa acoo acop = suf
sab acoo acop = dts
sac acoo acop = zpn alu idx
sad acoo = xsx
sae acoq acoo acop = qrt jrf
saf acop acoo = kh lup
sag acoq acop acoo = nyp
sah = hbe
sai acoo = uib
saj acop acoq acoo = rbs
sak acoo acop = qbz
sal acoq acoo acop = fxw
sam = urw
san = eae
sao = wpf
sap acop acoo = sfq
saq acoo = achg
sar acoo = ckn oie
sas acoo acop acoq = mks
sat acoo = vbi
sau = xbo
sav acoq acop acoo = dtl
saw = jtf
sax acoo acop = piu
say acoo = fxs xgh
saz = boh
sba acoo acop acoq = czj
sbb = abtd
sbc acoo acop acoq = pak
sbd acoo = bap cnq
sbe acoo = mae
sbf acoo acop = brd
sbg acoq acoo acop = pgl
sbh acoo = tsj dvu jsf
sbi acoo = kpe
sbj acop acoq acoo = agl
sbk acoo = tuy qit clx gzb
sbl acoo = uin
sbm acoo acop = kxm nol opm
sbn acoo = tof
sbo acoq acoo acop = cn
sbp acoo acop = wqj
sbq acoo = zgy fcm
sbr acoq acoo acop = qds
sbs = pvh
sbt acop acoo acoq = nnv or kdg
sbu acoo acop = fgs
sbv = ml abyd qs
sbw = ikb weh nrr kdu rju
sbx acop acoo = woy wew lel
sby acoq acop acoo = dd fhg
sbz acoo acop = iqu
sca acoo acop = rzr
scb = wah aaub aiu
scc acoo = kyt uin dvi
scd acop acoo = cae
sce = zki djm ipa mls
scf acop acoo = ciw abbi ccb
scg acoo = qhf
sch acoo = fwn ter kff
sci acoo = mmk tql
scj acoo = wfl
sck acoo = fsw
scl acop acoo = waq
scm = erv
scn = thu
sco = fgl
scp acoo acop = jpt
scq = vlj ncx bpe suj
scr = una
scs acop acoo = bmg
sct acoo = aauw
scu acoo = aakj
scv acoo = ers khs
scw acoo acop = jjy
scx = wky
scy acoo = iou
scz acop acoo acoq = hcb
sda = qvf
sdb = kif enn
sdc = vue
sdd acoo = tjd aap
sde acoo acop = ebi ktt lbp
sdf acoo = nqp
sdg = gxj
sdh acoo = fkg abjc ocn nrb
sdi acoo = hhm
sdj = pbk aamy
sdk acoo = qfz rva msb qdp
sdl acoq acop acoo = lgb yb szo
sdm acoo = jwr
sdn acoo acop = iwt ihz mju
sdo acop acoo = pai ypt tmc
sdp acop acoo = ackr
sdq acop acoo = tba
sdr acoo acop = rmv abxr jfo
sds acoo = qro ttv zrl
sdt acoo acop = edv
sdu = uni
sdv acop acoo = xvr
sdw acoo acoq acop = hae rvc
sdx acoo acop acoq = mye
sdy acoo = lpl qm abqr xtn
sdz acop acoo = yod
sea = myi
seb = lzi
sec acoo = aaer
sed acop acoo = acea
see = jhz
sef acoo acop = asq
seg = gci
seh acoo = ahu qfq
sei acoo acoq acop = doh
sej = tes
sek = gjh gej
sel = ysy aael
sem acoo acop = am
sen acop acoq acoo = sgw vdk unp yzw
seo acoo acop = nvl
sep acop acoo acoq = zqa
seq acoq acop acoo = pst
ser acoo acop = ips
ses = zjo
set acoo = qgr
seu = kjk bjr aago av
sev = yvu
sew = zug gsb hda
sex acoo acop = nwm zgw ahg
sey acoo = jwx rgf hbb
sez = oky nlb
sfa acoq acoo acop = bat
sfb acoo acoq acop = hmk khw z
sfc acop acoo = mty xus
sfd = aamu
sfe = dno
sff = kqb ojq
sfg acoq acoo acop = cw
sfh acoo acop = zsf ots
sfi acoo = wef dnw
sfj acoo = ioh km
sfk acop acoo acoq = pva
sfl acop acoo = aor yvz
sfm acoo acop = gsr xxu knr osf nrv
sfn acoo = jph
sfo acop acoo = rtg ywn ess
sfp acoq acoo acop = vbx
sfq acop acoo = mgx nuk
sfr acoo = zwi typ fog
sfs = toz ahi hof
sft acoo acop = ike
sfu acop acoo = ykv
sfv acoo acop = vns
sfw acoo = lm rlo lew
sfx acoo = dgv uwe lxt
sfy acoo = acnf hbl
sfz = mnf
sga acop acoo = dhk nwt woa
sgb acoo acoq acop = qfn ytq fqq
sgc = pev
sgd acoo acop acoq = wdf
sge = yct
sgf = tuj
sgg acoo = mxh fuh lxd
sgh acoo acoq acop = spg
sgi = fyt
sgj acoq acop acoo = ywb (ucy laf)
sgk acoq acoo acop = ghh
sgl acoo = yio
sgm acoo = but
sgn = acjt
sgo acop acoo = anz
sgp = qrw
sgq acop acoo = iqf
sgr acoo = rbw
sgs acoo = pvk abmr
sgt acoo = ote
sgu acoq acoo acop = vcg nt hhg
sgv acoq acop acoo = jbe (yyb zql nns)
sgw = jkh
sgx = cmy hcp
sgy acoq acop acoo = czq ivc wyv
sgz acop acoo = mgy
sha acop acoo = bhy
shb = aale
shc acoo = vde
shd acoo = tzb
she acoo acop = ftq
shf acoo = tfs big
shg acoo = abil qhx
shh acoq acop acoo = ryi foi vee
shi acoo acop = l aawd eaq
shj acoo acop = pni rsr
shk acop acoq acoo = eex psq noe
shl = ycf kpx hjo
shm = xez
shn acoo acop = eis
sho acop acoo = sft lel ezh hne
shp acoo acoq acop = tcp atc ozt
shq = zyz tta
shr acoo acop = epq (ppz abbd) wgg
shs acoq acoo acop = vjo
sht acoo acop = euc bjb eur
shu = abqk (yki aano)
shv acoo acop = wam
shw acoo = gbo
shx = nyi
shy acoo = nkp yey
shz acoo = aye
sia acoo = abli wwa oxn
sib = dfq
sic acoo acop acoq = hoo
sid acoo = ck
sie = pkd
sif acop acoo acoq = acop
sig acop acoo = pce
sih acoq acop acoo = rvt
sii acoo = dvo
sij acoo acop = hoa
sik acoo = gwj tfj
sil acop acoq acoo = qib
sim acoo = cvn
sin acoo = gos ybo
sio acoo = cro
sip acop acoo = cfn
siq = djy bhz
sir acop acoo acoq = ppj zot
sis acoq acop acoo = bqq
sit acop acoo acoq = nwc hku kky
siu acoo acop = uss kmf snd sue
siv acoq acop acoo = tqk
siw = jtw oon
six = qdj (edm yje)
siy acoo = abzl
siz = kaz
sja = jlq
sjb acoq acop acoo = glb
sjc acop acoq acoo = gdn
sjd = smp
sje = acmb uty col ymb
sjf acop acoo acoq = aaqz
sjg acoo = pqt ius zdq
sjh acoo acop acoq = tsj tyk
sji acoo acop acoq = abr
sjj = ivt
sjk acop acoo acoq = mbl
sjl acoq acop acoo = zrb ayy
sjm acoo acoq acop = vyr
sjn acop acoo acoq = csq qeq mv
sjo = wcf
sjp acoo acop = iu qoe
sjq acoo = ptx udg
sjr acoo = abff
sjs acoo = mqu ubf (fct zys)
sjt = zcw
sju acoo acop = ccw pcz aahh yrg
sjv = acnd mpt xvf
sjw acoo = qfe hmf kdx gcq nc
sjx = csn
sjy acop acoq acoo = mjf
sjz = abae
ska acoo = lqs
skb acoo acop = sjd zte
skc = lsv abyk
skd acoo acoq acop = ablu
ske acoo = eit ceb dqc jk
skf acop acoo = qta
skg acoo = qdf
skh acoo acoq acop = tbv
ski acoq acop acoo = klx
skj acop acoo = xun sri
skk = acng eja
skl acop acoo acoq = sng
skm acoo acop = ddc scy
skn = onc
sko acoq acoo acop = rhq aans (gci ssb bow)
skp = pgt
skq acoo = kvf abvc
skr = hmx bod yak
sks = uwu vey eq qwt
skt acoo acop = aaua siy
sku acoo = msi
skv = sfn
skw acoo = tnr
skx acoo = idn
sky acoo acop = byp
skz = abzd
sla = brm jtp zrr vpv
slb acop acoo = mzj
slc acoo = aacc jjo
sld acoq acop acoo = hei
sle acoo acop = ort qgs hxv
slf = zbb
slg acoo acop acoq = xnx
slh = imj
sli acoq acoo acop = nqz dfa
slj acop acoq acoo = zki rca jby
slk = kaj
sll = ham bez nuw
slm acop acoq acoo = xkg
sln acoo = dwh qjo jml
slo acop acoo acoq = oyd dwu ujw mhy
slp acoq acop acoo = oge
slq = vye joq
slr acoo = yqy qge
sls acoo = ogd
slt acoq acoo acop = jyc jjn
slu acoo = ege nho gpb
slv = aht
slw acoo = sox bgk
slx acoq acoo acop = ybd
sly acoq acop acoo = pos
slz acoq acop acoo = vhm
sma = dkm
smb acop acoq acoo = dtl crp xbe hhf
smc acoo = ngz
smd acoo acoq acop = kzs
sme acoq acoo acop = upu
smf acoq acoo acop = mjf
smg acop acoo acoq = zbg jfp
smh acoo = owh nvq nlo nlt
smi acoo = pfj gfr
smj acoo = gcc odw gqh p skc
smk acoo = aclx
sml acoo acoq acop = fot
smm acoo acop acoq = aayo qqy
smn acoo = moq eze
smo acoo acop = hqh
smp acoo acop = vxy
smq = lxb nkm uik
smr acop acoo = aht awi
sms acoo acop = zdd sjp
smt = ovb
smu acoq acop acoo = aor (ezq ary)
smv acoo = ehz
smw acoo acop acoq = shn aavm eak coi
smx acoo acop = jqm
smy acoq acoo acop = hal
smz acoo acoq acop = ucw qci mzn
sna acoo acop acoq = rme ptn re
snb acoq acop acoo = acnz
snc = aeb
snd acop acoo = abku wab
sne = sdh
snf = sig
sng acoo acop = du lml ngk qsq
snh acop acoq acoo = wrc
sni acop acoo = ncm
snj acoq acop acoo = ror zwj
snk acoo acoq acop = gjp msf
snl acoo = hf
snm acop acoq acoo = bin
snn acoo = yww lwf
sno acoo = ple
snp = vgm vpz
snq = nfu qdy off
snr acoo acoq acop = xvj
sns acoo acop = aanv
snt acoq acop acoo = qgq uih ojm coq kgj
snu acop acoo = xfw cot
snv = sda
snw acoo = wvl
snx acoo = osm
sny = wth
snz acoo = ujs
soa acoq acoo acop = abym
sob acoo = sub
soc acop acoo = dof
sod = abzq fpi
soe acoo acop = ubi
sof acoq acop acoo = xeb coe
sog acoo acop = htu bla
soh acoo acop acoq = vuo opg npm
soi = umw zkv pkt zkv
soj = lrh
sok acoq acop acoo = cmy
sol acoo = achx
som acoq acop acoo = jqx
son = yfl
soo acoq acoo acop = dbp jii
sop acop acoo = fow sgp
soq = qrg
sor acoo acop = fpe knj
sos acoo = jvn nhp
sot acoo = ag cmw qnz muh
sou acoo = zoj
sov = mat
sow = fsv
sox = bxv
soy = xll
soz acoo = fco
spa acoo acop acoq = npp
spb acoo = dbx iut rri
spc = now
spd acop acoo = qtf
spe = ldw zvw pgv jnn
spf acoo = dpg
spg = mmn yel aawt
sph acop acoo acoq = okw yju
spi acoo = myy mfs ppb gye pbm
spj = hqu
spk acoo = lwu jz rqx snj
spl acoo acop = ojn uyn
spm acoo = jfr
spn = rma dce
spo acoo = zzn
spp acoo acoq acop = azc
spq acoo = gjj ljo
spr acoo acop acoq = jfv
sps acoo acop acoq = tsr bhu
spt = kly gnj
spu = rfd
spv acoo acop = ssg gsc
spw acoo = wdr oct zxl
spx acop acoo = uax ifi (qcs wt vuh)
spy acoo = tle
spz acop acoo acoq = tpj
sqa acop acoo = vlb
sqb acop acoo = dat jzv
sqc acop acoo = vmw
sqd acoo acop = obo
sqe = nbm
sqf acoq acoo acop = dva
sqg acoo acoq acop = nmm
sqh acop acoo = fco
sqi = zoh
sqj acoo = nsy
sqk acoo = vwk hmp
sql acoo = xrj
sqm = vwm
sqn acoo = cvw
sqo acop acoo = vrb twe
sqp = qkm
sqq acop acoo acoq = uzg
sqr = gkx
sqs acop acoo = mdj glj bdw ypq
sqt = cui
squ acop acoq acoo = vyi
sqv acop acoq acoo = kxp
sqw acoq acoo acop = qhi
sqx acoo acop = poz
sqy acoo acop = gaj
sqz acoo acop = bbl hef jre ooj
sra = kuk wsl fry acln
srb acoo = ijr
src = djq
srd acoq acop acoo = bsc
sre acoo acop acoq = eat rkr pxt
srf = vki
srg acoq acoo acop = jtd vcy
srh acoo acop = skk
sri acoo = ovu
srj acoo acop = jen
srk acoo = ycn
srl acoo acop acoq = wdj
srm acoq acoo acop = lpx eue
srn acoo acop = suh rcb
sro acoo acop = rbf om gsk
srp acoo acoq acop = obq
srq acop acoo acoq = yiq xqa ydz pog gay
srr acoo = vnl fvl pxk
srs acop acoo = vzx yaq kxh elr aej
srt acoo acop = pus
sru = gaw pca fxm
srv acoo = htx yqw zzn xgf
srw = cjp
srx acoo acoq acop = zwo fag
sry acop acoo = wiz
srz acoo = uqv whe vpv
ssa acoo acop = ten
ssb acoo acop = abvv
ssc acoo acop = vfe
ssd acoo acop = fop
sse acoo acop = dpv
ssf acop acoo = wjo hhf
ssg = uy
ssh acoq acoo acop = sbx
ssi acoo = jwe
ssj acoo = abos nxm xy
ssk = gzn uzt
ssl = lko
ssm acoo acoq acop = ydy
ssn = qkz
sso acoo acoq acop = rsl mmc abgd
ssp = nva
ssq acoo acop = wft ud (koj tzf)
ssr acoo = nlj
sss acoo = cfg
sst = wwf
ssu acoo acop acoq = ocx abda
ssv = exq
ssw = wwc num
ssx = qnp dug
ssy = jjh
ssz acoq acoo acop = kig
sta acoo = dcm
stb acoo acop = aciz
stc acoo = jzf
std acop acoo = fmg
ste = jup
stf acoo = nxo gdj pyu scz
stg = iac
sth = oxg bkp tqc gvp dyi
sti acoo acop acoq = zkp
stj acop acoo = hiv mz
stk acoo acop = elc pys
stl acoo acop = doi oci
stm acoo acop = mvf dyj
stn acoo acop = xel
sto acoo acop = ddg aapa vpz
stp acop acoo acoq = hbv
stq acoo = uyj gco
str = swz
sts = icr
stt = dtq
stu acoo acop = imm
stv = uzv
stw acop acoo = acok
stx acoo acop acoq = qwv acjt
sty acop acoo = gwh kuv uhl
stz acoo = abhy
sua acoo = abli
sub acop acoq acoo = rfg
suc acoo acop = hxc
sud acoq acop acoo = nlt htg nkc fwh
sue acop acoo = slw
suf = znx
sug acoq acoo acop = smz ddg piv
suh acop acoo = yvk
sui acoq acop acoo = mfj
suj acoo = amp sed
suk acoq acoo acop = bvm aall
sul acoq acoo acop = sht tcb fjn syz
sum acoo = vtr eba aclz
sun acoo = kwj
suo = ygl
sup acop acoo = cfk (giu vlt) xox
suq acoo acoq acop = wdh
sur acoq acoo acop = aasn ruw
sus = imi
sut = mob abzv
suu acoo acop = war
suv acop acoo acoq = zzj (cjo tej)
suw acoo acoq acop = ltx
sux acoo acoq acop = flp
suy acoo = uyd
suz = lal
sva = qu
svb acoo = zwf qad yxr
svc acop acoo = twq fag ixu
svd = xof
sve = vza iaw
svf acoo = tnd
svg acoo = yax
svh acop acoo = vig
svi acoo = er
svj acoo acop = zuk
svk acoo acop = qxc
svl acoo = gkh
svm acoq acoo acop = nkn acia (jpw abkf nyj)
svn = zqq zkg dkf
svo acoo acop = vah (sfy zwp) xan rip
svp = uzu
svq acop acoo = qro
svr acoq acop acoo = bbm
svs acoq acoo acop = ablt
svt = eb
svu acop acoo = mkt gvm exe qql
svv acop acoo = vzs gyt
svw = abrh rxp
svx acoo acop acoq = act wwc tbl twu
svy = aaty
svz acop acoo = acgg wiy
swa acoo acop acoq = jqa cbu
swb acop acoo acoq = ed pcg zln bhx
swc = ahv
swd acoq acop acoo = aanj ldw aawq ndk
swe = nci
swf acoo = lhv
swg acoo = qft dav nro abaa vkd
swh acop acoo = moj
swi acop acoo = lkd
swj acoo = zl
swk acoo = loy
swl acoo = vqr
swm acoo acop = ate
swn = uab rr ykf
swo acop acoo = zme sxs qup
swp acoq acoo acop = pcr
swq = yls
swr = abnr
sws acoo = irm
swt = bin eez tiz acis
swu acoo = hwc atu iyi rbi
swv acoo = xhd
sww acoo = coz
swx = pxn
swy = tem vgl
swz acop acoq acoo = ynd
sxa acoo = abv swv
sxb = fka
sxc = bsm
sxd acoo acop = ajv zpb (swu uci)
sxe = tti
sxf acop acoo = uam
sxg = ogf
sxh acoo = mmg
sxi acoo = tlx kjw
sxj = puf
sxk acoo acop = apx
sxl acop acoo = gov
sxm acoo acop = opn
sxn acoq acop acoo = boz jbo pl
sxo acoo acop = cit rnh tbn
sxp = bta vrh (lka zga)
sxq acop acoo = zpj
sxr acoo acop = dm
sxs acop acoo = hdv
sxt = lbc
sxu = ewy
sxv acop acoq acoo = cmx
sxw = ouu smo
sxx = yld qvo
sxy = mtu
sxz acoq acoo acop = bto xvy yfe uak
sya acop acoo = tud
syb acoq acop acoo = plk pjn pls
syc acop acoq acoo = iwr
syd acop acoo = achq
sye acoo acoq acop = acoq
syf acop acoo = ygk tkh
syg = fep huv cpo
syh = bhl zoh mbu
syi acop acoo acoq = ukr pjv
syj acoo = hsl wvv zjt ros dim
syk acoq acoo acop = crp
syl acop acoo = sxz
sym acoo acop = ncb
syn = eas
syo = wfc tnw
syp acoo acop acoq = nvo
syq acop acoq acoo = dkz
syr acoo = ygd
sys acoq acoo acop = sul zog
syt acoq acoo acop = ip
syu acoq acoo acop = vgw sam
syv = bkz wlk jto vgq
syw acoo acop acoq = bfs ihm
syx = hoh csf
syy acoq acoo acop = txt awt
syz acoo acop = abjm
sza acoo acoq acop = abji
szb acop acoo = ate
szc acop acoo acoq = iub
szd acoo acop = ctw fxi
sze = rcg xwf
szf = dle
szg = bad lau vds xne
szh acoo acoq acop = hnw xnu lho
szi acoo = lwd
szj acoq acoo acop = mvr
szk = epk
szl acoo = puf
szm acop acoq acoo = xpz
szn acoo = abqg mpa oag
szo acoo acop = agb acnf
szp acoo = yab huk
szq = acji
szr acop acoo = dud
szs acoo acoq acop = xvc
szt acop acoo = emx
szu acop acoq acoo = eys
szv acop acoo = qv
szw acop acoo = ok
szx = yqd
szy acoo acoq acop = exo
szz acop acoo = knp
taa acop acoo = zei rnb
tab acop acoo = qvo emp fow vxh
tac acoq acoo acop = nge
tad = ghe
tae = jgz
taf = sro lgh gvc
tag acoo = ihl
tah acoo acop = slr
tai = etz
taj acoo = loy
tak acoo = euh ral abyp szs jsx
tal = yro jxf nl uwx wht
tam acop acoo = abem
tan = lit
tao acoq acop acoo = fos hsl
tap acoo = rzi czk lnk
taq acoo acop = aano abjc (abeo abnn)
tar acoo acop = qfz oqn eja
tas acop acoo = tqf
tat acoo = wui
tau acop acoo = nuj
tav acoo = ydy
taw acoq acop acoo = msk
tax acoo = orp dgt
tay acop acoo acoq = foh
taz = foh
tba acoo acop = qlf
tbb acoo acop acoq = wja
tbc acoo acop = eqb
tbd = aary cni
tbe acop acoq acoo = lav faj
tbf acoo acop = iww
tbg acoo = abpc cmh
tbh acoo = iqv aapc lqr wbc
tbi acop acoq acoo = hyw sas
tbj acoo acop = sdm nxf wd thl
tbk acoq acop acoo = jro
tbl acoq acop acoo = plu
tbm acoo acop = hak acln
tbn acop acoo = acu
tbo = msw ejn ior
tbp acoo acoq acop = the
tbq = fkx
tbr = wyj jsi
tbs acoo acop = dty
tbt acoo acop = mbf
tbu acoq acoo acop = bml
tbv acoq acoo acop = ich
tbw acoo acop acoq = oyr
tbx acop acoq acoo = als
tby = vuz emo
tbz acoq acop acoo = aqn aaax zoi krg
tca acoq acop acoo = sht
tcb acoo = kjb
tcc acoo = aadu
tcd acoo = nxa rfp ndi
tce acop acoo acoq = aciq mya
tcf acoo acop acoq = wwf raq swf
tcg acoo acop = kjj ywe eve lpc
tch = ocv
tci acoo acop acoq = yla il dxw
tcj acoo acop = ypp mmr efz
tck acoo acop acoq = sud
tcl acoo = uhb abli nud xvp
tcm acoo acop acoq = hbm
tcn = abnj
tco acoo acop acoq = snj
tcp acoo acop acoq = pht bjs srj iio
tcq acop acoo = yph qjj
tcr = qsi ajr
tcs acoo = ke zea
tct acoo = absw
tcu acoo acoq acop = smz sg
tcv = wcf
tcw acop acoo acoq = bhw kss fpc jag hx
tcx = tqq
tcy acoq acop acoo = tgr
tcz = pos
tda acoo acoq acop = fba
tdb = npk
tdc acop acoo = bvd uzq jj
tdd acoo acop = aazr
tde = vwj yqh ukl fwz fdy
tdf acop acoo = ttm bsl (gku xio)
tdg acoo = rmt
tdh = elx
tdi acop acoo = txv
tdj acoo acop acoq = dtp
tdk acoo = vnx
tdl acop acoo = gwu hcq
tdm = kci iil tyt
tdn acop acoo = pxz upl tce
tdo acoo acop = mgb rsl ttm
tdp acoo acop = zoc
tdq = tkr wff
tdr acoo acop = ovs
tds = iss
tdt acoo = tpw
tdu acoo acop = aavf zoh vho
tdv = aayh ifs aazh
tdw acop acoq acoo = qyk hye
tdx acoo = dtk
tdy acop acoo acoq = qnv
tdz acop acoq acoo = lur
tea acoo acoq acop = hwk
teb acoo acoq acop = uzc
tec acop acoo acoq = gng
ted = ucc orr
tee acoo = otx
tef acoo acop acoq = nkq sun
teg acoq acoo acop = dvs
teh acoo = hga
tei acop acoo = dra
tej acop acoo = epd
tek = plq
tel acop acoo = trb
tem acop acoo = ljb
ten acoo acop = xhe ulo
teo acoo = jy klg
tep = bml emu
teq = psh cga
ter acop acoo = vzd zpk
tes acop acoq acoo = iqu
tet acop acoq acoo = qpz
teu acoo acop acoq = pul yba alg abty ijs
tev acoo acop acoq = iut
tew acoo = jgx
tex acop acoo acoq = gzz egy snv
tey acoo = sob
tez acoo = sxk kia
tfa acoo acoq acop = hlc
tfb acoo acoq acop = thn udt ddl pbu
tfc acoo = iha
tfd acoo acop acoq = tll tsy ctp
tfe acoo = fnu gzo
tff acop acoq acoo = ama aabb lot bbq
tfg acop acoo = poy whn xhh
tfh acop acoq acoo = yxt
tfi acoq acop acoo = zae
tfj acoo = jed
tfk acoq acop acoo = tdg
tfl acoo acop acoq = csd
tfm acoo acop = ufr jxv xbj nee
tfn acoq acoo acop = bhj
tfo = qiz
tfp = gsj
tfq acop acoo = ios
tfr = abwa neo
tfs acoo = uhs
tft acop acoo = tif
tfu acop acoo = vtz
tfv acoo acop = gok
tfw acoo = buk abpe (abfk axk)
tfx = hbr lkk ulj iwe dbc
tfy acoo acop acoq = yma zsw
tfz acoo = aaia
tga acoo acoq acop = kbx jqd oxa
tgb acop acoo = ppf
tgc acoo acop = pq
tgd acoo acop = fcz
tge acoo = ejr
tgf = mxj
tgg = gts
tgh acoo = rlz
tgi = ium
tgj acop acoo = lcn ark
tgk acoo = ibk vzq
tgl = goo
tgm acoo = nct ezo hjn achf fwg
tgn = pw
tgo acoo = zh
tgp acoo acoq acop = aaqq
tgq acop acoo = ykm eeo
tgr acop acoo acoq = ryj
tgs acoo acop = vdl
tgt acoo = xmp
tgu acoo acop acoq = isb
tgv acoo acop = mmb
tgw acop acoo acoq = fmq
tgx acop acoo = kyw
tgy acoq acoo acop = zft
tgz acoo = hfg txw
tha acoq acoo acop = sze ugg
thb acoo = ddi
thc acoo = plk tih
thd acoq acoo acop = pdw
the acoo = yru lok jlv
thf acoo acop = nxg mtk
thg = sdn
thh acoq acop acoo = pij
thi acoo acop = kwv
thj acoo acop = rll mtr
thk acoo = tjf
thl = znb
thm acoq acop acoo = pn gyc imw
thn acoo acop = jjg cyr llm
tho = eko xuv klc
thp = gvg
thq acoo = stq
thr acoo acop = tla nhc amm
ths acoo acop = abaj (hge cdt)
tht acop acoo = aajm jtn
thu acop acoo = ucr
thv acoo acop = zqy
thw = amz
thx acop acoo = joy
thy acoo = axh bpy
thz acoo = mxy gqa
tia acoo = eti
tib = gmo ros hgn
tic acoo = jks
tid acoo = zun
tie = abym aahn
tif acop acoo = hho
tig acop acoo = rwx
tih acoo acop = achc sdu mbx uop
tii = xny
tij acoo acop = sxp hwd xfa fkl
tik acoo acop = obc
til acoq acop acoo = cda aot
tim acoo = en
tin = lpl msl acoc sgf
tio acoo = ygc
tip acoq acoo acop = pvw
tiq acoo = xak
tir acoo acop acoq = ryh
tis = avz
tit acoo acop = xv dml
tiu acoo = xgl
tiv acoq acop acoo = rdc
tiw acop acoo acoq = lzn khk mog loz
tix acop acoo acoq = enz
tiy acoo = vp kdg nkz iju
tiz acoo = fhn
tja acoo = bya oub
tjb acoo acoq acop = wwa uy jyy baq
tjc acoo acop acoq = nju
tjd = rnb
tje acoo acoq acop = plw
tjf = mvg
tjg = bqn
tjh acoo = pes vyg ukx
tji acoo acop = ackf
tjj = bbl rpf
tjk acop acoo = fav
tjl acoo = ekj pih
tjm acoq acop acoo = tyb
tjn = ns
tjo acop acoo = xzr
tjp = ecx
tjq = thc
tjr acoo acop = acgd
tjs = deb
tjt acoo = mp liy
tju acoo = oeq sxb qaj rta
tjv acoq acoo acop = wey
tjw acoo acop = mcw
tjx acoq acop acoo = rwb ikr iqu mpd
tjy acoo acop acoq = ffe olr lya
tjz acoo acop acoq = tzc
tka = kwh
tkb acoo = vmj ctk eoq amk
tkc = ke lly iuj kog
tkd acoo = jyx
tke acoo = pjj
tkf acoo acop acoq = hkc aec
tkg acop acoo = fdv cyz
tkh acoo = abxd
tki acoo acop = aavk igv dii ovz
tkj acoo = sj
tkk acoq acop acoo = ttv
tkl acoo = acnn
tkm acoo = sxg
tkn acop acoo = owd
tko acop acoo = lxh trs btw
tkp acoo acoq acop = wcg
tkq = kya xij
tkr acoq acoo acop = lfg abai
tks acoo = yaj
tkt = hiu pu
tku = ay pbs
tkv = asr riv qdd
tkw acop acoo = elf rtr
tkx = acfp pzc umk icd evi
tky acoo acop = abdl zhi
tkz acoo acop = dlp
tla = stc
tlb = gyr
tlc acoo = uvf
tld acoo acop = kyw ria eme fz utg
tle acoo acop = p
tlf acoo = kuo
tlg acoo = awh ytb qpk lub lwu
tlh acop acoo acoq = qiq
tli acop acoq acoo = mra
tlj acop acoo = uvk
tlk = lyo
tll acoo acop acoq = viz
tlm acoo = aapb ncr
tln = whp fhn zpo btf
tlo acop acoq acoo = rdu
tlp acoo = ohq bmo zuz
tlq acoq acop acoo = lif acnd
tlr acop acoo = pkr mg
tls acoo = vak
tlt acop acoo = obo
tlu acoo = iob lww
tlv acoo = jkh
tlw acop acoo = pkv
tlx acoo = ldx
tly acop acoo = acbb
tlz acop acoo = wde
tma = dif
tmb = jmp jfs
tmc acoo = tkw vfj
tmd = kgc
tme acop acoo = pjd rgc
tmf acop acoo acoq = jdy eed
tmg = xwv jpb vvv wzj
tmh acoo acop = emo
tmi acop acoo acoq = utd jnr dsu abbr
tmj = kph
tmk acop acoq acoo = qhi bym
tml acoo acop = sym
tmm = ysg
tmn acoo acop = dfn jnf dos lkz
tmo acoo acop acoq = sma
tmp acoo = tpk
tmq = yum
tmr = yrj oqy t gv
tms = osl aasw ltg
tmt = ivx
tmu acoo = ejo wo
tmv acoo acop acoq = vlx
tmw acoo = vfi
tmx acop acoq acoo = qbx abfe
tmy acop acoo = dum mbb pxr zbx
tmz = wmk ksz
tna acoo = xax acin
tnb = omm
tnc acoo acop acoq = zrw gpm
tnd acoq acop acoo = plc byl
tne acoo = cxa efa
tnf acoo = myo
tng acoo = rus gkr ncd txj
tnh acop acoo acoq = ldp
tni = roz cfl eay
tnj acop acoo = abwc
tnk acoq acoo acop = jtl
tnl acoo = xqt deb (rwc qml)
tnm acoo = mlp
tnn acoo = qki
tno = aatj vbp
tnp = nrh wbm noo aafd
tnq = vrq rag
tnr acop acoq acoo = aaqd
tns = uih eag kvu glz
tnt acoq acoo acop = xlo iww
tnu acoo = abfu bsd
tnv acop acoo = fij abym lro fax
tnw acoo = clb fta jki
tnx acoo = abhz
tny acoo acop = sjh
tnz = ipe kbr
toa acoo acop = jlj
tob acoo acop acoq = zbg mxg ywy jjl vmm
toc acop acoq acoo = ache
tod acop acoo = xhb svg
toe acoo acop acoq = quz bhj
tof acoo acoq acop = loj
tog acoo = qg udm iwu
toh acop acoo = ugl oks aarw
toi acop acoo = gbc
toj acoq acoo acop = vqd
tok acoo acop = irk
tol acop acoq acoo = lzs ctr jnc
tom acoo = qdm ouj
ton = fw zns
too acoo = vsv lmr
top acoo acop = abkj tti miz
toq acoo = ben
tor acop acoo acoq = onu
tos = eew
tot = uxi wwd fmo
tou acop acoq acoo = faa wof uod
tov acoo = kxw wir iua pdf gxt
tow acoo acop = kol
tox acop acoq acoo = ume
toy acoo acoq acop = ubj
toz acoo acop = ifi
tpa = acjt
tpb = yst tgz abgr
tpc = epj yqq lvo aawz
tpd = gip
tpe = fdd
tpf = rrh
tpg acoq acoo acop = cvl
tph acoo = eiv
tpi acoo acoq acop = dxs
tpj = abpe iwx
tpk acoo acop = dld
tpl = qvr
tpm acoo = rcm
tpn = gnd apx xvl
tpo acoo = fmv ngz
tpp acoo acop acoq = aew
tpq acoo acop = aaic stf fqz abda
tpr = vzt tcw lzs rqo yz
tps acoo acop = khl
tpt acop acoo = tbl
tpu acoq acop acoo = iip qnp ssx pkt
tpv = jwz zgn gku
tpw acoq acoo acop = wyv
tpx acoo acoq acop = zvq
tpy acoo acop = plc
tpz acoo = fnu qxz
tqa acoo acop = zth abdg dwa
tqb acoo = gaz
tqc acop acoo = opt vmn atf
tqd acoo acop acoq = xul
tqe acoo = yqy
tqf acoo acop = ekp
tqg acoo = deo
tqh acoo = mxh
tqi acop acoo = sdd
tqj = bau slv
tqk acop acoo = tlw
tql acop acoo = jki
tqm = tpq
tqn acoo = rsz
tqo acop acoq acoo = asb rmf bwo
tqp = aop (kjt aaaa) zjz woz
tqq = bjp
tqr = abbz
tqs = ftw
tqt = kph abgq rib dke
tqu = see efw
tqv acoo = utn aavf uhc ote
tqw acop acoq acoo = gjv
tqx acoo = vwn
tqy = lry oww txl
tqz = gpk ggy vtc rat
tra = abym
trb acop acoo = xdv ylp sjt
trc acoo acop = lef gfo
trd acoo acoq acop = mvc
tre = rrf
trf acoo = jjf ozs
trg = tnd
trh acop acoo = ixx
tri acoo acop = acmc yjc
trj acop acoo = dts sfs
trk acoq acoo acop = tys zwn ctp fyu
trl = zaf lxx fym
trm acoo acop acoq = vkz cig xat
trn acop acoo = hnm
tro acoo acop = nsm gze omm
trp acoo = orq
trq acoo acoq acop = jla
trr acoq acoo acop = vch
trs acoo acoq acop = xxk
trt acoo = pni md
tru acoo = ezm
trv acoo acop acoq = jtk mhd (jwp kbo)
trw acoq acop acoo = mym ytd cth ssa ems
trx acoq acop acoo = zdm
try acop acoo = ldr
trz acop acoo acoq = accz oye
tsa acoo = tfs
tsb acoq acoo acop = pcv shz
tsc = ujc
tsd acop acoo = rea fce
tse acoq acoo acop = pct
tsf = llu hyw wnc
tsg acoo acoq acop = cyy
tsh acoo acop = gse lga gaw abnh
tsi = isd dit (hhc ozg lor)
tsj acoo = ahk
tsk = aayq ie zeb
tsl acop acoo = uzt
tsm = rqq
tsn acoo acoq acop = owr
tso acop acoo acoq = foo inl
tsp = gxw
tsq = hut
tsr acoo = vxm bui heb
tss acop acoq acoo = xdi
tst = eif
tsu acoo = zzc zrv
tsv acoo = ktt
tsw acoo = vbm ibn dvp
tsx = ou
tsy acop acoq acoo = dw
tsz = jxq
tta = abrm
ttb acoo acop = ae fiy ogl
ttc acoo = lcm
ttd acoo acop acoq = rui zgv
tte acoo = ppd
ttf acoo acop acoq = wil (pkv tx)
ttg acoo = xtx iyl
tth acop acoq acoo = vez
tti acoo acop = abrw
ttj = jlx oma wsv
ttk = zyu
ttl acoo acoq acop = hnp kjp bfp
ttm acoo acop = jdg
ttn = doc
tto = suy zgt
ttp = yrw
ttq = jpn
ttr acoo acop = cfu aaml
tts = aanw
ttt = wox
ttu acop acoq acoo = ntc
ttv acoo acoq acop = ucz abjv
ttw acoo acop = sgu abc
ttx acop acoq acoo = dqx nuv
tty = npk vkz iya
ttz acoo = fmu abjj
tua acoq acoo acop = nfo
tub acoq acop acoo = ydf
tuc = mdb
tud acop acoo = jgj
tue acop acoq acoo = izp
tuf acop acoo = dbz
tug acoo acop acoq = rmb
tuh acoo = ssv
tui = eqk
tuj acoo acop = tqx kae
tuk acoo acop = abyy
tul = ijr saj
tum acop acoo = acjl
tun acoo = oai
tuo acoo = tea tqy wbt
tup = gfh
tuq acop acoo acoq = wlu
tur acop acoo = ivx yxd
tus = hbm
tut acoq acop acoo = pbw
tuu = accy lqw
tuv acoo = dbn
tuw acop acoq acoo = qzt
tux acop acoo acoq = bku
tuy = fzg
tuz acop acoo = qci
tva acoq acop acoo = sxg hza ablg
tvb acoo acoq acop = res (jah acfl)
tvc acop acoo = uct hmn bty
tvd acoo acop = kns
tve acoo acoq acop = xv gim mzk jqh
tvf acoo = nud chg vfb
tvg acoq acop acoo = bqt
tvh = vqq
tvi acoo = kbn (jjl dzz) (aahl qtj)
tvj acoo = aux (abgn owr)
tvk acoo acoq acop = mxi vsd
tvl = sxi
tvm acop acoo = zsn iuw oir wix
tvn acoo acop acoq = lsx twt jzn
tvo = ria
tvp acoq acop acoo = uwf eud ttc vou
tvq = tuv
tvr acoo acop = pli tgo gpw itu
tvs acoo = hqn
tvt acop acoo = pan
tvu = bsl
tvv = jmr aaez ypq sfx
tvw acoo = qyb
tvx acoo = rew
tvy acop acoo = zkd
tvz acoq acop acoo = gad
twa acoo = bgn bza oyi
twb acoo acop acoq = ymx (mpi acdl) ols
twc acoo acop acoq = dtv rdn
twd acoo acop acoq = abjr
twe acop acoo = sht fxy abos
twf acoo acop = ofr ege
twg acoo acoq acop = tvs
twh acoo = iwk teb
twi acoo = ubj
twj acoo = yqg zhv lry
twk acoo acop = xcs
twl acoo = cgv nfj
twm acop acoq acoo = ulg nod dat bwy
twn acop acoo = mfm
two acoo acop acoq = qhy
twp acop acoo acoq = voe
twq acoo acop = mr (rnc kew)
twr = abah
tws acoo = pxs heh swg qcu fqc
twt acop acoo = mzl bew
twu acoq acoo acop = jyh soh
twv = pfy
tww acoo acop = oeu
twx acoo acop = sdq
twy acoq acop acoo = ezx (hsi uaf fua)
twz = mrv
txa acoo = ifu uzq wcj
txb acop acoo = tzo
txc acoo = zo pqk
txd acoq acoo acop = wmp
txe acop acoo = gtu
txf acoq acoo acop = sfs uqe
txg acoo = vgv iwa zfu
txh acop acoo = mok hkd
txi acoo = oyt kil
txj acoo = gup
txk acoq acoo acop = up
txl acop acoo = cny
txm acoo acoq acop = vcz otw
txn = stb cl aaio
txo acoo = ava
txp acoo = uyf
txq acoo acop acoq = ze
txr = kuq
txs acoo = gnq
txt = ayl
txu acoo = gek
txv acoo acoq acop = tum byu
txw acop acoo acoq = icy vjh cyp
txx = ufq yoj ddw
txy acoo acoq acop = mmv eqk dig
txz acoo = wkb
tya acoq acoo acop = fwu wql
tyb acoo acop = aclb
tyc acop acoo = gtq
tyd acoo = wq
tye acop acoo = jlf
tyf acoo = jem
tyg acoq acoo acop = aol
tyh acop acoo = ocm
tyi acoo acop = vny
tyj = atd
tyk = gks
tyl acop acoo = wpe ci izj
tym acoq acop acoo = abvc
tyn = wov
tyo = edr
typ acoo = syt ghv gvr
tyq acoo = yny
tyr acoo = kuj rwi
tys acoo acop acoq = kji
tyt acop acoo = wma
tyu acoo = dqj
tyv = hwf
tyw acoo = bob
tyx = elq cwm
tyy acop acoo = nqt tgo csy wzt vod
tyz acoq acoo acop = lmf tuf
tza acoo = ooq wmk jnb
tzb = mbs
tzc acop acoo = abzl
tzd = fjs
tze acoq acoo acop = abdx achy
tzf acop acoo = zfu gvd accf
tzg acoo acop acoq = gkp
tzh = wui
tzi acoo acop = aajg ybo
tzj acoo = eeb
tzk acop acoo = acax
tzl acoo acop = jyd
tzm acop acoo = xsc
tzn acoo acoq acop = vai jnz
tzo acoo = jfe pmg
tzp = wfp
tzq acoo = huw vaw
tzr acoo = udl ebd
tzs acop acoo = bgd yei kzk nkf
tzt acop acoo = fql
tzu acop acoo = pjo yfe jyo aafk
tzv acoo = oor
tzw acoo acoq acop = aaph
tzx = why
tzy acoo = gsm
tzz acop acoo = iii (wo fbp xil)
uaa acop acoq acoo = fxn
uab acop acoo = wnc
uac acop acoo = esd
uad acoq acoo acop = mqj qla
uae acoo = smk
uaf acoo acop = beo
uag acop acoo acoq = heb bwv zwh
uah acoo acoq acop = xjv
uai = abng yon abpa
uaj acop acoq acoo = cfs abpr sml
uak acoq acoo acop = yac
ual = ghk
uam acoq acoo acop = aavc
uan acop acoo = voc cpk
uao acoo = aps
uap acoo = lby svx uik
uaq acoo = qvi kfp
uar acoo acop = abep
uas = ydy yoh
uat acop acoq acoo = plq jjz oso fhb ogp
uau acoo acop acoq = rda
uav acoo = ev
uaw = shp
uax acoo acop = que hsg
uay acoo = htb vaw
uaz acoo acoq acop = caa
uba acop acoo = yhu jff lqp jgs qef
ubb acop acoq acoo = vts
ubc acoo acop acoq = dis nsg gkw
ubd acoo acop = yxl
ube acoo acop = jlf
ubf acoo = nzz
ubg acop acoo = acdx wif ltl wed
ubh acoo = ffs
ubi = icf
ubj = qjy
ubk acop acoo = pvq gak
ubl acoo acop = zcr
ubm acoo = lod ppu
ubn acop acoo = pep pgn xmp
ubo acoo acop = aaqh abtm
ubp = aafn cgt utr
ubq acoo = sia
ubr acoo acop = mbm
ubs = bgs
ubt acop acoq acoo = rlu
ubu acop acoo = lby aarf
ubv acoo = pse
ubw acoo = oud
ubx = oue
uby = bqq abnm hxg
ubz acoo acop = ehq
uca acop acoo = cue
ucb acop acoq acoo = agv
ucc acoo acop acoq = nza
ucd acoo acop = vmb abrh fli ftp tma
uce acoo acop = to
ucf acoo = cdz
ucg acoo = vlh onw
uch acoo acoq acop = chn
uci acoo = lcj
ucj = dwv sg rog aadr chr
uck acoo = gew
ucl acoo acop = aclk mux msk
ucm acoq acoo acop = awy
ucn = wjh
uco acoo = uz
ucp acoo acop acoq = gjf
ucq acoo = vbr kuo
ucr acoo acoq acop = tda sgf wzn
ucs = lde
uct acoo = eue
ucu = qdc bf aags xbv pgx
ucv acoo acoq acop = qsi yzf
ucw acop acoo = go wey
ucx acop acoo = fuc
ucy acoo = zrq aaua qnp
ucz acop acoo = yty abvu
uda acoo acoq acop = qcw
udb acoo acoq acop = amm
udc acoq acoo acop = jiv pvp
udd acop acoo = nnn acgi aaef voc
ude acoo acop acoq = tyn
udf acop acoo = kdz eya rnj
udg acoo = tdk
udh acoq acoo acop = lom uoo lgg irs
udi acop acoq acoo = enj ymv sfy
udj acoo = vjt ios dnv gmg cny
udk = qwv iij tuv
udl acoo = jfo
udm acoo acoq acop = gue
udn = fyl
udo acop acoo = yax shm
udp = gon
udq acoo acop = pfe
udr = yzy
uds acoo acop = abiz (ejy czt)
udt acoo acop acoq = crp
udu = wqj
udv acoo acop = scg
udw acop acoo = qgy
udx acoq acop acoo = kme
udy acoo acop acoq = sgv
udz = wri
uea = ait
ueb acoo acop acoq = odg
uec = xbb
ued acoo = axw
uee acoo = yow
uef acoq acop acoo = aja hkq zso
ueg acoo = awx
ueh acoq acop acoo = aea
uei acoo = hpv iqc bwi abes
uej = wge (gbx abl uez)
uek acoo acop = dxt wpz on czz
uel acoo = drx
uem acoo = kuy lwl rgx elk
uen acoo acop acoq = hgm kgh vcs ktu
ueo acop acoo = qkx
uep acoo = abcr bzm (uyt gsn)
ueq acoo acop = ngq zo
uer = ekl erj
ues = mfw
uet acoo = egv
ueu acoo = wqv ogy
uev acoo acop acoq = wkx
uew acoo = tcy xoy
uex acop acoq acoo = cpr kvs ude keg ekc
uey acoo = nbj
uez acoo acoq acop = yfx
ufa acoo = aaay mnu
ufb = lqp gaf pxf
ufc acoo acop = ffs
ufd acoo acop = vny arh fvu
ufe acoo acop = sib uhe
uff = qrz mya
ufg acoo acop acoq = srj
ufh acoo = ajp mfi
ufi acoo acoq acop = bfr
ufj acop acoo = fhf
ufk acop acoo = szq
ufl = cuc rm ed
ufm acop acoq acoo = wxh isb
ufn = eny
ufo acoo acoq acop = rkj vjc
ufp acoo = men hga opl
ufq acoo acop = rfb
ufr acoo = nao
ufs acop acoq acoo = oor wvu aaaj
uft acoo = aagk ymw achv ivb xke
ufu acoo = ynp
ufv acoo = amx
ufw = gzn
ufx acop acoo = abkx noz qbl
ufy = mmu
ufz acoo = wzj ezb
uga acop acoo = tzc swm rca
ugb acoo acop = lkr xmd
ugc acoo = yeh
ugd acoo acop = dzf vzs luu
uge acoq acop acoo = fau ydq
ugf acoo acop acoq = edu
ugg acop acoo = xvv
ugh acoo acop acoq = eeg
ugi acoo = tud
ugj = xe hhs
ugk = efi
ugl acoo = pya
ugm acoo = tuq zba zon
ugn acoq acoo acop = uil
ugo acop acoo = xho fhf
ugp acoo acop = fml
ugq = vxz tyd kyq
ugr acoq acoo acop = abxx
ugs acop acoq acoo = gig aks kuz aadf
ugt acop acoo = emw
ugu acoq acop acoo = opa
ugv acoo = hrn td
ugw acoo = fqu scs cve
ugx acop acoo acoq = siq tlh
ugy acoo acop = jja
ugz acoq acop acoo = tbz
uha acoo acop = lka br nft ntx
uhb = ueq (kih zfb yrb) atd
uhc acoo = pmx lve kyh gba yys
uhd acoo acop = abuu eeo ein
uhe acoo = aawt gak
uhf = tmz
uhg acoo = iid tkj hto
uhh acop acoo acoq = veb biz dmm
uhi = omg ail ss
uhj = nen acaa rp aahe oue
uhk acoo = bnz
uhl acoq acoo acop = rpd jio
uhm = khj
uhn acop acoo = wvs ahw mgj fie
uho acoo = tth
uhp acop acoo = orb
uhq acoo acop = lkv mng
uhr = lic xck
uhs acoq acoo acop = ppu
uht acoo acoq acop = aaly
uhu acoo = ezf kpx
uhv acoo = cmz
uhw acoo = fgg tpt
uhx acop acoo = rzy
uhy acoo = pxx
uhz acop acoq acoo = coc
uia acop acoo acoq = rrf hbn
uib acoo = jsc xwn uxb
uic acop acoo = cnf acgr mdl wpy
uid acoo = hmc thx fmt dyk
uie acop acoq acoo = aahp aaa cdl
uif acoo = hqw xkm
uig acop acoo = qml crl vlu
uih acoo = dcp
uii acoo acop acoq = ywf
uij acop acoo = icc ttv iln
uik = jgw
uil acop acoq acoo = ogs
uim = vws zhi vpj uzo
uin acoo acop = jnz gdr acmi
uio acoo acop = cq zeb pxm
uip acoq acoo acop = ape lgt wjp
uiq acoo = hpq pww sjh cqs
uir acoo acop acoq = fbb
uis acop acoq acoo = aceg
uit acoo acoq acop = qcs fwa
uiu acop acoo acoq = klh
uiv acoo = ynw
uiw acoo acop acoq = irx
uix acop acoq acoo = nvs
uiy acop acoo = yqy ojy ilx mpt
uiz acop acoo acoq = jjs pja aail bxh
uja = siu
ujb acoo acop acoq = eae wvf ekt zjj viq
ujc acoo acop = xqb
ujd acop acoo = wrz sbs
uje acop acoo = fkn
ujf = pna
ujg acop acoq acoo = xvj
ujh acoo = taw
uji acop acoo = nvj wze dnz
ujj = hhq
ujk = hmz reg
ujl acop acoq acoo = bcs
ujm acop acoq acoo = z
ujn acop acoo = fdq
ujo = ea
ujp = thu ise
ujq acoo acop = nxp
ujr = lsn (aavh (uep rcn asm))
ujs acop acoq acoo = cnf
ujt acoo = oqb
uju acoo acop = hbu
ujv = ayk
ujw acoq acop acoo = obe
ujx acop acoo acoq = trh zgb
ujy acoq acoo acop = raj achu gzj rgz
ujz acop acoo = mid
uka acoq acoo acop = dal
ukb acoo acop acoq = ptu
ukc acoq acop acoo = uyv aaig
ukd acop acoq acoo = aber fml tdu
uke = accr
ukf acoo acop = nhh egm ayv
ukg = apt
ukh acoq acop acoo = fnv ulx
uki acoo acop = whd uuo
ukj acop acoo = nx
ukk acoo acop = xcm
ukl acoq acop acoo = aads
ukm = omz idr
ukn acoq acop acoo = ucc pwl
uko = jgd mgl pbk
ukp acoo = rqy
ukq acop acoo = zrk
ukr acoo = wjg
uks = xcl
ukt acoo = acfg hpn ymg
uku = wsu
ukv acoo = nxz
ukw acoo acop acoq = rpp
ukx acop acoo = rsq
uky acop acoo = qwj
ukz acoo = sda
ula acoo acoq acop = qmm
ulb = lpw
ulc acoo acop = oaw
uld acoo = cer
ule acop acoo = vwm
ulf acoo = lhm nst absv
ulg acoo = aafw fvx dhv cye
ulh acoq acop acoo = aana
uli acoo acoq acop = zde
ulj acop acoq acoo = zky jue
ulk acop acoo = acop mma oah (ufz uqj)
ull = vbs sae ash zzs
ulm acoq acoo acop = sny
uln acoq acop acoo = abpd leg
ulo acoo = zwv (acl djl)
ulp acoo = ntt
ulq = adn
ulr acoq acop acoo = rea
uls = wcx
ult acop acoo = hjh dok xhh gaf fam
ulu acoo acop = duj
ulv acoo acoq acop = abie gjd
ulw acoo = dxv fei usw
ulx = xyj uak oqe fil
uly = wex eoq
ulz = zlx fvh
uma = gzp vxp lbq
umb acoo acop = tmo kiq vop
umc acoo = jjd msd
umd acoo acoq acop = jpk
ume acoo acoq acop = rio
umf acoo acop = olz ixw
umg = kir
umh acoo = abgj
umi acop acoq acoo = wvn
umj acoo = paa
umk acoq acoo acop = xmv
uml acoo = nnf
umm acoo = wfu
umn acoq acop acoo = tmp
umo acoo = ayn rxb dmy
ump acoo acop = ljx
umq acoo acop = yal acam lkl abcn
umr acoq acop acoo = qmj
ums acoo = irk
umt acoo = hev uha
umu acoq acoo acop = ghd qkn
umv acoo acop = abkb
umw acoo = rah tii
umx = djt sr rtc yym
umy acoo = aoy vwc
umz acop acoo acoq = inn gon ftl
una acoo = xiu ocw thu
unb acop acoo = kdo
unc acoo = bmx
und acoo acoq acop = jff tiw byg
une acop acoo = umv aaqe
unf acop acoo = eqi
ung = jfj onz abhb
unh acoq acop acoo = tfr
uni acop acoo = gui
unj = rwj abyi ozs
unk acop acoq acoo = mbd (auy qi)
unl = auj wua
unm acop acoo = acfq
unn acoo acop = irw
uno acop acoo acoq = syi
unp = qmv
unq acoq acoo acop = khd acoo xkc
unr = cdl
uns = wzu
unt acoo = nmi
unu acop acoo = bvj aain
unv acoo acop = smm bnb abpz
unw acop acoo acoq = jca
unx acoq acop acoo = ikh
uny acoq acop acoo = oog ebh
unz acoo acop acoq = zz
uoa acop acoq acoo = uot giq hml
uob acoo = kau ifg (btu aiy)
uoc acoo = ofc
uod acoo = rdn puj
uoe acoo acop = anw
uof acop acoq acoo = chp utm
uog acoo = xih
uoh = accn qnb hmh wpn cqr
uoi acop acoo = aig udk aclq abuo
uoj = gjt mkd
uok acoo acop acoq = xac
uol acoo = cbh
uom = mwm
uon acop acoq acoo = jtc
uoo acoq acoo acop = bfd vyw koq
uop acop acoo acoq = agv ypy hzc
uoq = prs
uor = utg
uos = ckt
uot acoo acop = orv zis ofo eeg
uou acop acoo = acbg fhb
uov acoo = achz
uow acoo = sij
uox acoo = zqu jak suw mfh
uoy acoo acop = ivz
uoz acoo = hrv nkm abcv xem
upa acoo = ofo
upb acop acoo = tsf
upc acoo acop = mnu
upd acoo acop = lej cfi aco tlz
upe acoo = woe
upf acoo = kcf
upg acoq acoo acop = snl ctq dco (ksd kfi)
uph = cnm
upi acoq acop acoo = ohv zjj wbo
upj acop acoo acoq = cen aalv iiu
upk acoo = dxq
upl acoo = yxa cvu mqu
upm acoo = pyq
upn acoq acoo acop = tfb ogu nkq pcn
upo acop acoo = bkw
upp acop acoo = fon ifv hpx
upq = sl
upr acoq acoo acop = svo hik aclw lfl
ups acop acoo = tos
upt acoo = clv
upu acoq acop acoo = xpv ypd kns
upv acoo acop acoq = orp
upw acoo = wbw
upx = dyh
upy acop acoq acoo = qtk
upz acoo = rmp
uqa acoq acop acoo = aanp
uqb acoo = kgx
uqc acoq acoo acop = siv gsl fov grh
uqd acop acoo acoq = hvv
uqe acoq acoo acop = eca
uqf acoo = aazd vuc
uqg acoo = pqu
uqh = pql
uqi acoo = thq kxm
uqj acoo acop = zuk
uqk acoo acoq acop = kmv beq dca ova
uql acoo = xfg
uqm acop acoq acoo = kjh
uqn acoo = sye
uqo = ahb euu cxd
uqp acop acoo = ggd
uqq acoo acop = yys hrc
uqr acoo acop = cqv
uqs acop acoo = iyh
uqt acoq acop acoo = pfd
uqu acoo acop acoq = qgs
uqv = vdg
uqw = vtd
uqx acop acoo acoq = umw
uqy acop acoo = gxn gsr
uqz acoo acop = yxn axz
ura acoo = lqw kww lxy
urb acoo acop = ackh
urc acoo = sxz abuq sgx
urd = aayy ehn
ure acoo = abxi
urf acoq acoo acop = vuy (iqy qnc)
urg acoo = qqf ntx
urh = xhe vud
uri acoq acop acoo = sjp
urj acoq acop acoo = boo dsr gfu
urk acop acoq acoo = ccv abmk
url acoo = smr
urm = xvc
urn = ybh wnn
uro acoo acoq acop = elj
urp acop acoq acoo = abtl
urq acop acoq acoo = nam
urr acoo = wpj aado qvm lig
urs acoo acop = pvy
urt = tvo nep
uru acoo acoq acop = nle
urv acoo = absw guo amw
urw = avs
urx acoo acop = wgz vfs
ury = yul scy hxt
urz acoq acoo acop = aadr faz uhg aot
usa acoo acop = lxw eel eso
usb acop acoo acoq = hpi xlp gtw
usc acop acoo = szw yfk
usd = ieh lre gca
use acoo acop = kjd abvi
usf = mbd rfz udi
usg acop acoq acoo = evh
ush acoo acop acoq = ily
usi = aapg
usj acoo acop = sio ser nuh
usk acoo = ekv
usl acop acoo = tcq ewy
usm acop acoo acoq = ofg
usn acoo = nzo aaij vhd
uso = aw rwe
usp acoo = hud
usq = yhl pwe qfw
usr acoo = wtf vdj
uss acoo = gmb
ust = qtw wje
usu = yei agz xlk
usv acoq acoo acop = bpl
usw = gdz vzj
usx acoq acoo acop = kfv
usy acop acoo = xbw
usz acoo = aall dxe ojr
uta = wqj
utb acop acoo = cov fvd zrj jvn
utc = ywy fef
utd = ybr axr ywf
ute acoo = yxi
utf acoo = khs
utg = vhb aavh uts pij ttj
uth = thm ykx
uti acoo = vne
utj acoo = igz vkq
utk = waz fyc
utl acoo acop = nmy yxk zat jjr
utm acop acoo acoq = uvb epu bmf loz
utn acop acoo = zpi
uto acoo acop = abhn wfo nca wim
utp acoo acoq acop = taz em hkb
utq acop acoo acoq = si
utr = xwx
uts acop acoo = qjg map nmw
utt acop acoo = smg pmb kxk uvs
utu acop acoo = hsm
utv acoo = maw
utw acoo = idw hsi jsl asa
utx acoq acop acoo = xql
uty acoo acop = gkf nli zlf beg
utz acoo = sqm
uua = jdk
uub acoo = eru
uuc = kow
uud acoo = rgm
uue = mxz
uuf acoo acop = acmc bok bgn wzo adj
uug = wpu pqm
uuh acoo = uma hat dad cvy ddh
uui acoo acop = bmk
uuj acop acoo = fxy bjx
uuk acoo = kuj owv
uul acop acoq acoo = vyc
uum = meb
uun acop acoo = uo
uuo = acni qwe ort
uup acoq acoo acop = rtk
uuq = qbi
uur = yqi
uus acoo acoq acop = uyb
uut acoo acop = xog acoj vlr
uuu acoq acop acoo = xec pat
uuv = alg
uuw acoo acoq acop = mcj foy brz
uux acoo acop = cam
uuy acoo = fpm orq opt
uuz acoq acoo acop = fui
uva acoo = lpv tej lva
uvb acoo = abhs
uvc acoo = xnl jof iod
uvd acoo acop = jor jgc qyv bbf
uve acop acoo = plv
uvf = ptq wzc mfp
uvg acoo acoq acop = buy
uvh acoo acop = qem
uvi acoo = abov rkm
uvj = abnh rhc
uvk acoo = yhk ifn qpg pqh
uvl acoo = ujs gyg
uvm acoo acop = zdo zuu
uvn acoo acop = acli
uvo = yce abxa
uvp acoo = kxy ove zge dt
uvq acoo = acoo riz
uvr = exb ufm qkb uha
uvs = juv (acq chr)
uvt acoo = hzv
uvu acop acoo acoq = kdh ehm
uvv = hlj mvb
uvw acoo acop = sk
uvx acop acoo acoq = sid
uvy acoq acop acoo = cfn
uvz acoo acop = mlu
uwa = dcv
uwb = rz
uwc acoo = yyr
uwd acop acoo = hca
uwe acop acoo = j
uwf acoo = mp
uwg = cmw
uwh acop acoo = wji
uwi = jss
uwj acoo = guc abbq
uwk acop acoq acoo = qzt mto ot
uwl acop acoq acoo = jfy
uwm acop acoq acoo = rwh oif pjp ohr
uwn = bal
uwo acop acoo = xgo mcm
uwp acop acoo = afp
uwq = aavk qvk azz
uwr acop acoo = yvy (eac abqx) fzz rcr
uws acoo acop = jim
uwt acoo acop = hnr
uwu acop acoq acoo = lpj
uwv acoo = bzt xvi mer
uww acoq acoo acop = otg kge aach poi aaop
uwx = doy rer
uwy acoo = ywa atq bud vp
uwz acoq acoo acop = zyh
uxa acop acoq acoo = oyh
uxb acoo acop = fdm yzq trz nru p
uxc acoo acoq acop = dbg (ymn zzr) sjy
uxd acoo acop = zzo evk inr
uxe acop acoq acoo = utp
uxf acop acoq acoo = ydc
uxg acoo acop = abjr
uxh acoo = abfm
uxi acoo = mny
uxj = zhq qx
uxk acoo acoq acop = djp
uxl acoo = xir
uxm acoo acop = nfx wwt xxq
uxn acop acoo = qlu
uxo = cfw (zvf sqe htp)
uxp acop acoo = xjo jec
uxq acop acoo = xvn kum
uxr acoo acop acoq = ajk bky fyp fxa
uxs = qxt
uxt acoo acop acoq = ddc
uxu acoo = aqf
uxv acoo acop = vfx
uxw acoo acop = bpe beg
uxx acoo = vqx
uxy = nef
uxz acop acoo = aaun
uya acop acoo acoq = ewb
uyb acop acoq acoo = wkh
uyc acoo acop acoq = rpb
uyd = xo ackj zby iez
uye = btn ywz wgm
uyf acop acoo = drc
uyg acop acoo acoq = tjy dtu
uyh acoo acop = fwx
uyi acop acoo = pai
uyj acoo = bpn kas ruh
uyk acop acoq acoo = fdw
uyl acoo acop = xyv
uym = abvg
uyn acoq acop acoo = skr
uyo = ajf pac
uyp acop acoq acoo = aces
uyq = fik dui gyg
uyr acop acoo = qpn
uys acoo = aml asx cbm
uyt acoo acoq acop = thx wbp cbd mek
uyu = wwn
uyv acoo = kjw aaaw udj tit fln
uyw = waf abys gef
uyx acoo acop = whp
uyy = myz (siz xno) gkq
uyz acoo = rvs qdk ors dzw hgg
uza = euc zt
uzb acoo = nvm
uzc = ffb
uzd = meu
uze acop acoo = kz tro aaof
uzf acoo acop = aqn jyt tuh
uzg = src abfd
uzh acoo acop = zhe sxx ggg
uzi = xqj
uzj = aajm yyn zbi gvy hgv
uzk acoo = bpv aanz
uzl acop acoo = mpx
uzm = hun aais
uzn acoo acoq acop = aaln aced dqu
uzo acoo = wcr
uzp acoo acop acoq = xjl
uzq acoo acop acoq = iux xoz abei
uzr = fqd
uzs = aawg tig umr
uzt acop acoo acoq = ymz
uzu acop acoo = aayb
uzv acoo acop = uuf
uzw acop acoo acoq = vdj
uzx acop acoo = twt (amx djj)
uzy acoo = zmz
uzz = aif abza tml
vaa acoo acop = jfc
vab = iuu kuv
vac acoq acop acoo = weu
vad acoo = gc ajo
vae = axw
vaf acoo acoq acop = sii
vag = ybs
vah = smw cpr
vai acoo acoq acop = scs
vaj acoq acoo acop = wjh bwm ybl
vak acoo = xio
val = mvs
vam acoq acop acoo = otf
van acoo = men
vao acoo = ref
vap acoq acop acoo = dyp lez
vaq acoo = hbv
var = xdo
vas = gwk (ply jpk ghg)
vat acop acoo = hfa
vau acop acoo = sxe
vav = opv
vaw = osx
vax acop acoo = acah
vay acoo = zzn
vaz acoo acop = qfw
vba acoo = xwn eqr
vbb = odo
vbc acoo acop acoq = xia
vbd acop acoq acoo = lea tpm fbu
vbe acoo = svc gg tpj odt
vbf acop acoo = udt
vbg acoo = mqv
vbh acoo = nfa wv nnh
vbi = zxg sjz
vbj acoo = gd
vbk acoo acoq acop = abmn
vbl acoo acop = pjo vht
vbm acop acoo = vvc
vbn acoq acoo acop = tir
vbo acoo acop acoq = ruq toj iku
vbp acoo acop = jos acaa
vbq acoo acop acoq = lgz
vbr acoq acoo acop = jwx ey
vbs acop acoo = vdx
vbt acop acoo = zcn nah twl qvk
vbu acop acoq acoo = imy
vbv acop acoo = rfx
vbw acoo = ftc mxf cyq fur wtz
vbx = mtf
vby acop acoo = cey
vbz = abgg krt bsn
vca acoo acop = ioi mqr ilb
vcb acoo = uoi
vcc acoo acop = pxf
vcd acop acoo = dfi
vce acoo = abua
vcf acoq acoo acop = tye
vcg acoq acop acoo = kvp reo vfm
vch acop acoo = eyh
vci acoo = jay
vcj acop acoo acoq = dmt sev zub
vck acoq acoo acop = muf lsc
vcl acoo acop acoq = oql whb uso nfz
vcm acoo acop = goo
vcn = qh
vco = eex
vcp acoo acop = vcr
vcq = lgf pau gyq gyf
vcr acoo = cad abdb bqv
vcs = acan
vct acoo acoq acop = hzt acni
vcu acoq acoo acop = kns swv
vcv acoo acop = jwn lpe xh
vcw acoo acop = jqn
vcx acoo = dle glw
vcy acoq acoo acop = eqk guw
vcz acoo = nfx
vda acoo acop = ln
vdb acoo acop acoq = qcy
vdc acop acoo = abnn
vdd acoo acop = ddz
vde acop acoo = vfu ngs
vdf = nim
vdg acoo = to
vdh acoo = np
vdi acoo acop acoq = evb tag
vdj acoo acop acoq = vdk
vdk acoo = zeg wag
vdl acoo = coc
vdm = htj
vdn = laz
vdo = gqv dyd
vdp acop acoq acoo = vit
vdq acoo acop = ygy jzk etk
vdr acoo = exk jaa ubi
vds acoo = uko axw
vdt = aafr
vdu acoo = alo qtz
vdv acoo = mvz xle iis
vdw acop acoo acoq = qxv dte
vdx acoo acop = riq
vdy acoo acoq acop = ysx
vdz acoo = eew abzm yvv rqv
vea acoq acop acoo = okx
veb = psw zln
vec acoo = pwu vo
ved acoo = ozn bqj
vee acop acoo = bcq pfg
vef acop acoo = jjp
veg acoo acop = fij
veh acop acoo = tyz
vei acoq acop acoo = ugv
vej acop acoo = wt
vek acop acoo = hem
vel = ael
vem = uor wzh
ven acoo acop = sbx
veo = ndt
vep = tvp udk
veq acop acoo acoq = wkp awe
ver acoo acop acoq = gor scz sbq
ves acop acoo acoq = uai
vet acop acoq acoo = pft oxp rpu dkl
veu acoo = xtm
vev = abli
vew = sbh (eos omj wyu) kds
vex acop acoo = ikp bwr zvq
vey acoq acoo acop = oxn fcf
vez acoq acop acoo = qae
vfa = lph
vfb acop acoo = tep
vfc acop acoo acoq = ruo
vfd acoo acop = vka
vfe acoo acoq acop = iil egc acbl abgt
vff acoq acop acoo = etj
vfg acoq acop acoo = prx
vfh acoo = mlw iio
vfi acoo acop acoq = jlr jut nbp lob
vfj = aawo acat
vfk acoo acop acoq = lha
vfl acoo = oav toc
vfm acoo acoq acop = aamc
vfn acoo acop acoq = sup
vfo acop acoq acoo = gaw
vfp acoo = ire
vfq acop acoo = abyq
vfr acop acoo = aacw
vfs acoo acop acoq = gcc wdm acip
vft acop acoo = wcz xfu ewm
vfu acoo = zmf
vfv acoo = xlc
vfw acoo acop = bsf ozu aari wq
vfx acoo = vwv
vfy acoo = iuf
vfz acoo = pvs
vga acoo acoq acop = xlk
vgb = mnp abec
vgc acoq acop acoo = vuv wdg gad dnj kdm
vgd = jrp
vge acoq acop acoo = zuj oxo fvh yxh
vgf acoq acop acoo = pwl
vgg acop acoq acoo = jtp
vgh acoo acop = fzb qgd rla usi
vgi = ic
vgj acop acoo acoq = zkz
vgk acoo = chw
vgl acoo = tpj
vgm = ahq
vgn acop acoo acoq = pxy stx
vgo = miv
vgp acop acoo = kle
vgq acoo = fcu
vgr = ncl
vgs = bso
vgt acoo acop = cws
vgu = abvc
vgv acop acoo = eah rku pib
vgw acoo = igm
vgx acop acoo = ldi wgn
vgy acop acoo = qwi
vgz acop acoo = ajv
vha acop acoo acoq = gbd
vhb acoo = aadb
vhc acoq acop acoo = arf ssz
vhd acop acoo = snu
vhe acop acoo = abrb ues
vhf acoo acop = pwt
vhg acop acoo acoq = zrw
vhh acop acoo = yqe glo bef
vhi acop acoo = qdl
vhj = aaud dck aaoa qss
vhk acoo acop = achz cgk
vhl = ucr
vhm = lqp
vhn acoo acop = rlr gsf
vho = hnp
vhp acoo = ssl wbt ham
vhq = iix yxl vyg nna
vhr acoq acop acoo = zdw
vhs acoq acop acoo = cjt
vht = pqf
vhu acop acoo acoq = yqj bnx ecu bdz
vhv acoo acop = owp
vhw acoo = qat
vhx acoo = eam
vhy acoo = sub
vhz acoo acop = xxq
via acop acoo = cuc
vib = eub
vic acoo = kfs
vid acoo acoq acop = evi yzx
vie acoq acoo acop = bhe erq
vif acop acoo acoq = yfm eqo
vig acoo = miy
vih acop acoo = scs ukd
vii acoo = gyv
vij = jeo
vik acoo acop = abcs
vil acoo acoq acop = itd buj
vim = ure
vin = pzf
vio = khb
vip acoo = jne fkf pzw
viq acoo acop = dzj
vir = bsc
vis acop acoo = lda
vit acoo = jbc
viu = aa
viv acoo acop = trk
viw acoo = vwt iop
vix acoo acoq acop = myo kqc oov vng
viy acop acoo = vkr upq nvs vgl
viz acop acoo = acgq
vja = rmo
vjb acoq acoo acop = knc
vjc acoo acop = xhr
vjd acoq acoo acop = nuf dnz
vje acop acoo = vqt mvo ivf maw
vjf acoo = tbl
vjg = sbt
vjh acoo = wvg vsi vyz
vji acop acoo = bit
vjj = pj
vjk acop acoq acoo = dez
vjl = nuk
vjm acoo acop = cck izl cfx
vjn acoq acop acoo = mmb
vjo acop acoo = ltj
vjp acoo = wgy cga iva
vjq acoo acop acoq = qpz
vjr acoq acoo acop = kgz
vjs acop acoo acoq = srm pou
vjt = edh
vju acoo acop = pkv fzk
vjv = mfx
vjw = rkm eor
vjx acop acoo = mhu qwa ibx
vjy = acek
vjz acoo acop = eoz bbi mid
vka acoo acop acoq = iyw kvb abay apb
vkb = lmj
vkc = ufx ozo exz
vkd acop acoq acoo = fpq ddw rj
vke acoq acop acoo = pkl
vkf = yvr zyn
vkg = gqa iqj pld
vkh acop acoo = dqx
vki = utf
vkj acoo acop = nrb
vkk acoo = qom (vh xzz ycf)
vkl acop acoq acoo = wyn utp
vkm = oqo
vkn = mxh
vko acop acoq acoo = lcm
vkp = tri qir zag qll
vkq acop acoo = koh
vkr = rwy fib
vks = ysn epx
vkt acoq acop acoo = ubu lh
vku = rnu
vkv acoo acop = ey
vkw acoq acoo acop = taf wtj aakv ucq yp
vkx acop acoo = xmp
vky acoo = krd
vkz = ols
vla acoq acoo acop = dxv
vlb acop acoo acoq = mbg
vlc acoq acoo acop = phr jdj
vld acoo acop = zrq qzv mow
vle acoq acoo acop = dez rvs bmv
vlf acop acoo acoq = agf
vlg acoo = awy
vlh acoo = vuz (odz yx gny)
vli = noe
vlj = woc
vlk = mxh
vll acoq acoo acop = rtu
vlm acoo = sim yff
vln acoq acop acoo = rqv
vlo = yws
vlp acoo = bim grv
vlq acoo acop = min ltx
vlr acop acoo acoq = xko
vls = wqe
vlt = egs
vlu acoo acoq acop = mng gqc
vlv acop acoo = cte
vlw acoq acoo acop = pwh bsj
vlx acoq acoo acop = nod
vly acop acoo = rav
vlz acoo = qke
vma = xtk
vmb acop acoo = xtb
vmc acoo = yrg tyl uwt
vmd acoo = jdq qfk mzh lio
vme acoo = qpd
vmf acoo acop acoq = njl
vmg acop acoo = jgj sjt
vmh = xwd ebk lty fmk
vmi acoo acop = ao
vmj acoq acoo acop = qfm
vmk acop acoo = jra pot
vml = abzx
vmm = ulh tye ixy fnp
vmn acop acoq acoo = ecg
vmo = pgo vdf hvs zww
vmp = mop
vmq acoo = vva
vmr acoo = rmw
vms acoo acop = cvy
vmt = arz mvd ifm
vmu acoo acop acoq = cmk lri
vmv acoo = nya hid rqe
vmw acoo acop acoq = mac yxa ltb
vmx acoo = jgw xkb
vmy acoq acoo acop = hxg
vmz acoo acop = blz lym acab
vna acoo = utj mgl
vnb acoo = jrt pma
vnc acoo = nbi qjq rem ggf
vnd = ajp
vne acoo acop acoq = agi
vnf acop acoo = htc
vng acoo = fzs
vnh acoo = kh
vni acoq acoo acop = lbt
vnj acoo acop = rie
vnk = lkl
vnl acoo = ibt
vnm acoo = abkp
vnn = dkq
vno acop acoo = bmk ixx ably gto
vnp = aag
vnq acoq acoo acop = brk iad
vnr acoo = jfv
vns acoo = hpk fxq
vnt acop acoo acoq = nly
vnu = qfp
vnv acoq acoo acop = cge
vnw acop acoq acoo = flc
vnx = bmt
vny acoo acoq acop = zei wiu bdk
vnz acoo = ack
voa acoq acoo acop = tga
vob = sbp
voc = aabo ri bjo
vod acoo = ygq
voe = ado
vof = pws epq dfn bar
vog = vna
voh acop acoo acoq = ftn (eys urm)
voi acop acoo = nhm
voj acoo = vdp
vok acoo = kl
vol acoo acop = cig
vom acop acoo acoq = gjr hxt sos
von acoo acop = xkm
voo acoq acop acoo = ayh czj abfg hze
vop acoo acop = xdv
voq acoo acop = fnr bab uth mev qgh
vor acoo acop = twy
vos = cgo mvp bix kuh
vot acop acoo acoq = box
vou acoq acoo acop = ydg mhd
vov acoo = wvl
vow acoq acoo acop = wia
vox = cxa
voy acop acoo acoq = aako
voz acoo acop = kab
vpa acop acoo = acgd dmr
vpb acoq acop acoo = mru
vpc = dc
vpd acop acoo acoq = wkr dxh py
vpe acop acoo = gzz
vpf acoq acop acoo = nsd dvt tjh
vpg acoo = oqy
vph acop acoq acoo = bjf ujf dva
vpi = jof
vpj acoo = ouv
vpk acoo acop acoq = cbn
vpl acoo acop acoq = wkn
vpm acoo acop = gka
vpn acop acoo acoq = wn
vpo acoq acop acoo = igh yic qod
vpp acoo acop = xmh
vpq acoo acop = aaoy syj ljm bcg abg
vpr acoo acop = fqk
vps acop acoo acoq = bqd
vpt = son
vpu = ucm zwb
vpv acoo = nhf haq gaz
vpw acoq acoo acop = ibw hlw pzd
vpx = qtb dvq
vpy acop acoo acoq = nqs ccf wdh
vpz acoo = cir
vqa = ogo
vqb acoo acoq acop = sha
vqc = zgy
vqd acoo acop acoq = o gum
vqe acoo = wan
vqf acoo acop = onj qky
vqg acop acoo acoq = wah
vqh acoo acop = cpg
vqi = ymt jcx sby
vqj acoo = yri zoa pm
vqk acop acoo acoq = abbp vnw
vql = fgq cud xhh qkf
vqm acoo acop = xap ydr
vqn acoo acop = ybp
vqo acoo acop acoq = clb bax
vqp acoo acop = jjz
vqq acoo = ykg
vqr acoo acop acoq = axf
vqs acoo = fbf zzm gdp dkj
vqt = ljm nnb
vqu acoo acop = jdv
vqv = acjj
vqw acop acoo = rvn
vqx acoo = uxt
vqy acop acoo acoq = mls rjm
vqz acop acoq acoo = aabz
vra = zin tob onz xis
vrb acop acoo = xlc
vrc acop acoo = yvo
vrd acoo = zox kmo rof qv
vre acoo acoq acop = ugh nty lcl
vrf = reh
vrg = tpr acgd
vrh = aauk aaus nbh qtr
vri acoq acoo acop = dnq
vrj acop acoo acoq = lno
vrk acoo acop = nfo
vrl acoo acop = hpi
vrm acop acoo acoq = pbj
vrn acoo = ghk
vro = ste oaq xwk kap
vrp acoo = rwb vqe aapw tdl
vrq acoo acop acoq = zmq ibu
vrr = exk
vrs acoo = bvh
vrt acoo = jxw
vru acoo = lbp abiy
vrv acoo acop = zey vfu nvp
vrw acoo = zw
vrx acoo acop = ksd
vry acop acoo = aces
vrz = fbr
vsa acoo acoq acop = jhx qsm wbc
vsb acoo acop acoq = wsv upy ckr
vsc acoo = zmh
vsd acoo acop acoq = wdb abjj qtz
vse = ehn
vsf acoo acop = zdf
vsg acoo = cyf
vsh acop acoo = qsf vzw
vsi acop acoo = riq sgk liq
vsj acoq acoo acop = jvj
vsk = rep
vsl = gzl
vsm acoo = pdo
vsn = gfq
vso acoo acop = aclf nuv xcr
vsp acoo = ped
vsq acoo acop = aza rmr
vsr acoo acop = pus
vss acop acoo = ebt eet ssm
vst acoo acop = vsx
vsu acoo acop = szc lpw ckh kj
vsv acop acoq acoo = enx
vsw acoo = emj rye
vsx = pb nsb ijl
vsy acoo = dab abjo ato
vsz = abrs xcd
vta acoo acoq acop = lpu
vtb = xxw
vtc acoo acop = txg
vtd acop acoo = njp
vte = pwy
vtf acop acoo = mds uwx
vtg = efl
vth acoo acop = lrx mnf kzw
vti acoo acoq acop = pyv
vtj acoo = ewo wmt iro qii
vtk = avr absn (hvy aadh)
vtl acop acoq acoo = nyc
vtm acoq acop acoo = sws hy
vtn acoo acoq acop = gaf
vto acoo acop = acfa
vtp acop acoo = iux
vtq acoo acop acoq = pct
vtr acoo = om ggv ghw
vts acop acoo acoq = zjc
vtt = ftv
vtu acoo acop = qfc
vtv = duk
vtw = tit
vtx acoq acop acoo = zbe
vty acoo acop = gmb tim dbe ihu
vtz acoo = ppi
vua acoo = xgb
vub acoo = tbm
vuc acop acoo acoq = ixa jwc yf
vud = haj pz
vue acoq acoo acop = knj
vuf acoo = fzn
vug = tew abyd
vuh acop acoo = awn
vui acop acoq acoo = acoo aclo rml
vuj = nee
vuk acoo acop = gs
vul acop acoo acoq = esc
vum acoo = jdm
vun acop acoo = zjg
vuo acoo acop = uoz pnv gmj gyw
vup acoo = aadf ghj
vuq acoo = rsb
vur = lkz
vus = duz usm dll
vut acop acoq acoo = sky
vuu = pqw
vuv = dus
vuw acop acoq acoo = yaw
vux acoo = ig ypy xsp
vuy acoo acop = hjx
vuz acoo acop = ed ljq
vva = its qth njc
vvb = fpw owj rgw
vvc acoo = oov
vvd = rix
vve = jek io aqx
vvf = gcb
vvg acoo = rjg wex lti guz
vvh = qcm wiw
vvi acoo = qoz
vvj = jpj yft oeo qvy
vvk acoo = yvj abgt
vvl acoo acoq acop = cdp
vvm acop acoo = zex
vvn = acnf
vvo acoo = wvu hnv (kec sss)
vvp acop acoo = sih ihh
vvq acoo acop = jtq
vvr = xlx enk sby kdd
vvs acoq acop acoo = obd
vvt acoq acop acoo = iyk uzc
vvu acop acoq acoo = jxb aaws vla vfz
vvv acop acoo acoq = jte (ssn yrq oiq)
vvw acoo = dff
vvx acoo acop = ofh vii
vvy acoo acop = smr
vvz = hnr
vwa = qtu
vwb = aavx wit lua kjo
vwc acoo acop acoq = ctf enu
vwd acoq acoo acop = tvv
vwe = aabp
vwf = sig
vwg acoo = cor zfc
vwh = dfz
vwi = ybd kfu
vwj = ced wfc (bxm auy) rh
vwk acoo acop = auj
vwl acop acoo = bqy
vwm acop acoo = bp tny
vwn = ahk
vwo = hrg ugl ge zvz
vwp = aaid
vwq acoo acop = abzj yny
vwr = lzt
vws = ylz jn
vwt acoo acop = gvi nkj
vwu acoo acop = ypv
vwv acoo acop = llc vng
vww acoo acop = duu jhk wkj paf
vwx acoq acop acoo = jxo gx (lmq xyc)
vwy acoo = glb
vwz acoo = xqn (koy msx)
vxa acoo = mga
vxb = hza
vxc acoo = zph
vxd acoo = aeu exa dkr
vxe acoo = rmm roi txz
vxf acop acoo acoq = hva
vxg acoq acop acoo = rq byn
vxh acoo = loi
vxi = twh yib lne
vxj acoq acop acoo = nfq sdi
vxk = got
vxl acop acoq acoo = bxw
vxm acoo = ops
vxn acoo = mex
vxo acoo = phu gjk cfb
vxp acop acoo = zoa aapb
vxq = kwy
vxr = owg yiv
vxs = gkv
vxt acoq acoo acop = wsc
vxu = vpf xqb
vxv acop acoo = aet hhj
vxw = itl
vxx = aaiy
vxy acoo = qur
vxz acoo = vnz
vya acoo acop acoq = mjp
vyb = abbl
vyc acop acoo = ren
vyd acoo acop = tqt
vye acoo acop = zkl fdw
vyf = jwb
vyg = aayq
vyh = piu wrq dtn
vyi acoo = cav
vyj acoo = wwx acdk
vyk acop acoo = pgt
vyl acoo acop acoq = uvv
vym = acef
vyn acop acoo = hne kpq
vyo acoo = abwg jvy pmx hau
vyp acoo = kta bsp
vyq acoo acop = abzv gpw pqb gh hnw
vyr acoo = har arf bxh
vys acoo = pwv
vyt acop acoo acoq = ngr pwa
vyu = psb
vyv = pfd lye
vyw acoq acoo acop = uqy
vyx = tas cla
vyy acoo = axr
vyz = myg vbp zzk xnp abtm
vza = wkf aapy zgo
vzb = jcp mzn zix
vzc acoo = aaua
vzd = mhy
vze acoo = nli
vzf acop acoo = qqr
vzg acoo = bqn elg vja oxk
vzh acoo = ssj
vzi acoo acop acoq = go wdg ihc aajj lkc
vzj acoo = syv kwo
vzk acoo = lvp
vzl acoo acop = yhk ext
vzm acoo acop = abdm wwx bpr
vzn = fci yn bmz
vzo = aef pgh
vzp acoq acoo acop = ihj
vzq acop acoq acoo = szx
vzr = acci
vzs = sxa gev
vzt acop acoo = qmb
vzu = hd
vzv = vxm
vzw acoo acop = eae dl
vzx acoo acop = eqp xbu dpw ydg
vzy acoo acoq acop = zna sev
vzz acoo acop acoq = jcr tvx yol pmo
waa acoo = aasw
wab acop acoq acoo = ovu
wac = eox
wad acoo = ysp zwe ldh
wae acoo acop = eag
waf acop acoo acoq = fia zqf aaul kso
wag acop acoo acoq = wzu osa
wah acoo = kvw
wai = nls aoh oro
waj = izk lkq
wak acoo acop = ozm
wal = twv
wam acop acoo acoq = auw
wan acoq acoo acop = dgy xio
wao acoq acoo acop = rk
wap acoo acop = wtm
waq = tlz evg
war acoo = gfc aasw ijd
was acoo acop = ybs
wat acoo acop = fzu
wau acoo acop = nfv
wav = hep onn
waw acoq acoo acop = uik
wax = oct swj
way acop acoo = zxj lhp dix tsi
waz acoo = pwm lsb
wba = omz
wbb = lsu qpr cwj
wbc acoo = bcz
wbd acop acoo = jmy vxd
wbe acoo acop = rgh uzm cla
wbf acoo acop = icl eek uwt
wbg acop acoo acoq = abus
wbh acoo acop = mjj ifh abmc
wbi acoo = hbi dyn
wbj acoo = yoq
wbk acoo acop = moh
wbl = wa
wbm acoo acop acoq = pkk meq zob mlh
wbn acoo = beq sgt dv
wbo = wcp
wbp = ufx (jnp zch acmv)
wbq acoo acop = xro
wbr acoo acop = ldw ozt
wbs acoo = xet
wbt acoo acop = usl
wbu = nfz
wbv acoo = spg lbl ysb fwu
wbw acop acoo = aayh
wbx acoo = fsv vpd tno
wby acoq acop acoo = owl
wbz = eeu
wca acoo acop = euj
wcb acoo acop = jfv
wcc acoo acop acoq = nnz
wcd acoo acop = eal
wce acoo acop = pyz
wcf = syv
wcg acoo acop = xdz abnm
wch acoo acop = aee
wci acoq acop acoo = vhp
wcj acop acoo = vmk qrn mwm
wck acoo = kgi
wcl acoq acop acoo = wxg
wcm acoo = jot
wcn = cfx bwj tve wkr
wco acoo acoq acop = aawi ydv rpu mom atn
wcp acoo = aajo (ya ca fme)
wcq = fhw ackn
wcr acop acoo = jiv
wcs acoo = bez czq kkj
wct acoo acop = jfw cbk ypz
wcu = tvc
wcv = rnn
wcw = zdi ofd buy
wcx acoo acop = bax
wcy acoo acop = uqg
wcz acoo acop = pxu
wda acop acoo = ivr etk dva aact
wdb acoo = sxx
wdc = absv kaq
wdd = dfb
wde acop acoq acoo = zyn
wdf acoo = xlc
wdg acoo = puv
wdh acop acoo = aaom
wdi acoo acop = asc
wdj acoo = qjo
wdk acop acoo = agc aakl
wdl acoo acop = way
wdm acoo = kir
wdn acop acoo acoq = abxq yk
wdo = uuo
wdp acoo acoq acop = erv
wdq = abb kol
wdr acop acoo = vq rc
wds acoo acop = abct fqu
wdt acoq acoo acop = sah
wdu acoq acop acoo = zpe irt ryw yhg
wdv = lnn hok
wdw acop acoq acoo = lwy
wdx = rre heb wyq lpi
wdy = ptd
wdz acoq acop acoo = iln
wea acoq acop acoo = dqv tvm
web = asj
wec = puf
wed acoq acop acoo = nfd
wee = fzk
wef acoo acop acoq = hxr
weg = fej (aahl trm)
weh acop acoo acoq = ida
wei acoo = lev wj blf sfa
wej = fbo tgd
wek acoo acop acoq = nko tqg
wel acoo acop = yyc gsn
wem acoo = zku
wen acop acoq acoo = ncl (aaff tml fyh)
weo acop acoo acoq = abnb
wep acoo acop = ele
weq acop acoo = ovi
wer = ivh daf
wes acoo = hqk kra
wet = lky
weu acoo = ejg
wev acoo acop = lgh lwc
wew acoo = hzc xrn
wex = abtt fus
wey = aatn
wez acoo acoq acop = acej abin jbl
wfa acop acoo = whk gdb xgh
wfb = izq mnz
wfc = cch
wfd acoq acoo acop = aanp oxv umr
wfe acoo = mov naq
wff acoo = moq
wfg acoo = abpo
wfh = fv
wfi acoo = dak
wfj = wed edl
wfk acoo = hjh hfu ewm rui
wfl acop acoo acoq = zoz acee
wfm acop acoo = jvj
wfn acop acoo = fen zfe tjn vmq
wfo = abzg
wfp = uhp jli
wfq = eed tmr yxh xtw
wfr acoo acoq acop = iby ydg tsu
wfs acoo acop = uzi bdi
wft = jf mje aali
wfu acoo = abzn zki mwo ozd
wfv acoo acoq acop = mtl abnd acbl
wfw = sve
wfx acop acoo = sbk
wfy acoo = lls lst (ig sjy)
wfz acoo acoq acop = fhf pir
wga acoo acop = gft
wgb = pvo iso
wgc = zxt
wgd = zph
wge acoo = psy
wgf acoo = pjo rlr cgr mmw juy
wgg acop acoq acoo = sda
wgh acop acoq acoo = abzt tem
wgi acoq acoo acop = aqe
wgj acoo acop = gnr
wgk acoq acop acoo = orm (cpy yls)
wgl acoq acoo acop = mss
wgm acoo acop acoq = gqj okm kpo
wgn acoo = ago
wgo = vit
wgp acoo = dnc
wgq acop acoq acoo = zhq ucc uz kup
wgr = foi
wgs = vwm vea voq
wgt acoo acop = uad
wgu acoo = kwt vci
wgv = cop qvb cvh deo mkw
wgw acop acoo = xwu odf qka
wgx acoo acop = uec
wgy acoo = jeo iwh
wgz acoq acoo acop = abry
wha acoo acop = wab
whb acoq acoo acop = ypp sfw ppf fds
whc acoo acop = gyc
whd acoo acop acoq = izv
whe acoo acop = vfp efg
whf acop acoq acoo = jfj flq aaiw
whg acoo = byk (acc ackl)
whh acop acoo acoq = abkb dgj
whi = vzd iqe yxv
whj acoo = jyv
whk acoo = qof
whl acoo acop = reb dbc gym
whm = gyg (snu (isq zdg)) coh
whn acoo = rkc
who acop acoq acoo = vew
whp acop acoo = rbs
whq acoo acop acoq = orw
whr acoo acop acoq = rqs
whs = pjm
wht acoo = dva abpx tby
whu acoo acop = hzk
whv acoo acop = tui
whw acop acoo = elx sdl tqm zjz
whx acoo acop = cwo tij xuc czt
why = absz aan oxm ckg
whz = jrd
wia acop acoo = utm
wib acoo acop = esb
wic acoo = ybg vqe ayp
wid acoo = uck
wie acop acoq acoo = acdi opf
wif acoq acop acoo = fsf xsl fcn qy jjm
wig = idr bfl scx gsq
wih = zqi
wii acop acoo = dwg byu air
wij acoo = pgo acky
wik = wmr iqc
wil acoo = kmg jjs ehg
wim acoq acoo acop = jco ell vsq
win acop acoo = fui voe inh xqt
wio acop acoo acoq = hrn
wip acoo acop acoq = dit
wiq acoo acop = nfx oup jan xkp
wir acoo = chi zcc
wis acoo acoq acop = uuj
wit acop acoq acoo = zln
wiu acoq acop acoo = syo
wiv = hro
wiw acoo = xlr
wix acoo acop = wlh
wiy acop acoo = wig
wiz acoo = aaru
wja acop acoo = esn
wjb acop acoo acoq = nvz aawh kqy hgj acgg
wjc acop acoq acoo = pwt
wjd = cvu
wje acop acoq acoo = abmz
wjf acoq acop acoo = hbk
wjg acop acoq acoo = sip ttd abus sct
wjh acoo = jpc itm
wji acoo acop = orj
wjj = lb
wjk = rpz thl pcj
wjl = qwi wex
wjm acop acoo = ybb
wjn acoo acop acoq = hkr
wjo acoq acop acoo = iqk
wjp acoo = wpb (gkv opt)
wjq acoo acop = mty
wjr acoo = dyb
wjs = uro rrs nrz aclj
wjt acoo acop = ywq
wju acoo acop = cbr
wjv = sen sha zal lmx
wjw = dhl xxf
wjx acop acoo = abxz
wjy = ggs
wjz acoo acop = jz
wka = rvk jhq ybk nde
wkb = aclw
wkc acoo acop = zbo ufg dth
wkd acoq acoo acop = nti zab fvq
wke acoo acop = zcy wos
wkf acoo = bzk
wkg acop acoo acoq = nzb
wkh = vue
wki acop acoo = okh
wkj acoo = kwi nhh azv abzr xhp
wkk acoo = yhq awt kld hbf
wkl acoo = mff zcf pcs
wkm acoo acop acoq = wqi wbt
wkn acoo acop acoq = wcl fnr
wko = mua acee thl uqg
wkp acoo acop = tfc
wkq acoo acop = f
wkr = zdx
wks = xcw
wkt acop acoo = aalv
wku acop acoo = bn ead
wkv acop acoo = xaw
wkw acoo = fsl
wkx acop acoo = ntf
wky acoo = hye brw
wkz acop acoo = oww wgt zwj aatv
wla acop acoo = cmv egd kww jrd
wlb acoo acop = pyw
wlc acoo acop acoq = lwl nyc mbx
wld acoo acop acoq = xrv jju
wle = cft
wlf acop acoo = tbe beo thl njd
wlg acoo = mrt qli axg oem
wlh acoo acop = wrw obu
wli = bex xek ajs tns jub
wlj acoo = znk
wlk acoo acop = qoi vdr
wll = hov
wlm acoo acop acoq = kfe
wln acop acoo = trz
wlo acoo acop acoq = abtz
wlp acoo = jtm akz acjw
wlq acoo acop = lac
wlr acoo acop acoq = ikp avq rrj
wls acoo acop acoq = lmh usq
wlt acoo = mor avw fq bws
wlu acoo = wno
wlv = bcd
wlw acoo = eol koa aru bqs cfa
wlx acoq acoo acop = jzv cwg
wly = qib
wlz acoo acop acoq = ylb
wma acoo = llv abqq juj
wmb acoo acop = wdy
wmc acoq acop acoo = xro
wmd = luy
wme = wka lmm nja
wmf acoo = aarm gwx dta zrr
wmg acoo = nko cpb
wmh acoo acop = tlf fka
wmi = ibx abuw yki hnw alj
wmj = acel mmt
wmk acop acoo = eor
wml acoq acoo acop = vyj uno nzj cny lge
wmm acoo acop acoq = xpz hqe
wmn = kww tax fcj
wmo acoq acop acoo = xft abw
wmp acoo acop = ackh ku cdi
wmq = old
wmr acop acoo acoq = wqr
wms acoo = tou
wmt acop acoo = viv
wmu acoo = xku
wmv acoo acop = abri gmd dey
wmw acop acoo = dvi
wmx = ncb
wmy acoo = tie xch
wmz = arp zeb
wna = dra
wnb acoo acop = hup fbv
wnc acoo acoq acop = uqq wpj jgg
wnd acoo = qpg
wne acoo acop = yij vnf wju
wnf acoo = kri coj nnz
wng acoo acop = bxu
wnh acoq acoo acop = hhs
wni acoo acop = fss
wnj = tdc isc
wnk acoo acop acoq = wey
wnl acop acoq acoo = ggy
wnm acoo acop = flt
wnn acoo = aaiq
wno acoo = ovo hzu ozh
wnp acoo = alg
wnq acop acoq acoo = vhl
wnr acoo acop acoq = ptn
wns = uef
wnt acoo = ney cqb
wnu = uyu dev
wnv acoo = ltb fqg ftp
wnw = egu ash zmd moy
wnx acoo = hs aws
wny acoo = gjw
wnz acoo = ohl
woa acoo acop = hwb laz
wob acoo acop acoq = tox zgg ajx
woc = smg
wod = rxj aaaj grh imz
woe acop acoo = tuq zyx abqa
wof acoo = ssg
wog acoo = rpw
woh acoo acop = qul zyt ofb
woi = zwt
woj acop acoo = lmb nxj iea gzb
wok = abtb gfx rgg
wol = ipn abvo ela aana
wom acoo acop = grf tcc iqu
won acoo acop acoq = jbv oqo qlb umg
woo acop acoo = aahy yhz aazy ukq tzs
wop acoo = ima akk
woq acoo acop acoq = soq
wor acoo acoq acop = zix tvm ifk tig
wos acoo = gpn hbk mgc
wot = acbt
wou = eet
wov acop acoq acoo = dyr kog
wow = rkm yb mpx
wox acoo = bhp gnr
woy acoo = rcs
woz acoo = hei fwh dla
wpa = lcx och
wpb = jn (fcj aamg)
wpc acoo = ahr
wpd acoq acoo acop = bfo abvb acnf
wpe acop acoo = pig
wpf acoq acoo acop = fsc
wpg acop acoo = abiw glv pty
wph = phs isd
wpi acoo = ale
wpj acoo = znj
wpk acoo = vkk
wpl acop acoo = ksg
wpm = ttw awv aaek
wpn acoo = bcj
wpo acoo acoq acop = hrw
wpp acoo acop acoq = uml
wpq = hpj lms
wpr = pxl fl
wps acoo acop = ity isd
wpt acoo acoq acop = jqq
wpu = iub
wpv acoo = pob vbz rlu azs
wpw acoo acop = yjq
wpx acop acoo = odd
wpy acoo = gpk xjw
wpz acoo = xxa
wqa acop acoo acoq = mlw
wqb acoo acoq acop = nji
wqc acop acoq acoo = lik
wqd acoo = zsy hnj
wqe = aclv vet
wqf acoo = nge
wqg acoq acoo acop = pip uwp
wqh acoo acop = uby pgb
wqi acop acoo = yho
wqj acoo = vvb
wqk = gev
wql acoo acop = qtc
wqm acoq acop acoo = gls gof oze
wqn acoo acop = sgm
wqo = gso
wqp acoo = dea
wqq acoq acoo acop = dzn
wqr acoo acop = ghq lmm iog bhn
wqs acoo = ihn how
wqt = jbz achu
wqu = auj
wqv acop acoo = mos
wqw acoo = oh zar gdw reu
wqx = vwd ixl
wqy acoo acop = kpm uub
wqz acoq acop acoo = avp
wra = eys cmv jsy
wrb acoo = mbb
wrc acop acoo = ade
wrd acop acoq acoo = qmo
wre acop acoo = pnh
wrf = ctk
wrg = nek
wrh = abxr mrt
wri acoo acop acoq = ntp
wrj acoo = dac bct
wrk = glf
wrl acoq acop acoo = sd fh
wrm = suj
wrn = epw ejr yaq mgu
wro = dfo ijn gsf dqw
wrp = unn
wrq acoo = ibd rjt vvd
wrr = zpz
wrs acoo acop acoq = uys
wrt = dms
wru acoo = wtk fdk
wrv acoo = dko
wrw acoo = nvd
wrx acoo acop acoq = bcn yoo txw
wry acoo acop = tii rpu mpu
wrz acoo = qxn mhv
wsa acop acoo acoq = ijg
wsb = aii
wsc acop acoo = pfc xlp mfr
wsd = rke
wse acoo = mog
wsf acoq acop acoo = bxv
wsg acoo = pim gg
wsh = abjf
wsi acoo acop = mbz
wsj acoo = wov abmh czp
wsk acoo acop = auw lvz xuf cea
wsl acoq acop acoo = kqs qsq yke gvo
wsm acoo = rps edc aabz
wsn = wbh fbv
wso acoo = kae ifv tmy
wsp acoo = gdv
wsq acoo acop = uch
wsr acop acoo = luc dnw wip vzv
wss = gwe jvg
wst = wuw
wsu acoo = ygl
wsv acoo = dow
wsw acoo acop = qzc gnh org ltf
wsx acoq acop acoo = fzj abgd dis tuj
wsy acoo = blt
wsz acop acoo = yvi
wta = opf
wtb acoq acop acoo = ucc
wtc acoq acoo acop = aaox yll suh
wtd acop acoo = bav ehr lux
wte acoo = ackx
wtf acoo acoq acop = cu
wtg acoo acop = yxc
wth = tgo
wti acoo = oif mek acft
wtj acop acoq acoo = vgt
wtk = log wvo
wtl acop acoo = gyz
wtm = gjb
wtn = grf
wto = wlr qld lmr
wtp = ndy
wtq acoo acop acoq = dyo
wtr acoo acoq acop = dsd qrq
wts acoo acop = ih
wtt acoo = nko gbx doe cil
wtu acoo = hwx
wtv acoo acop = fji
wtw acop acoq acoo = zrg
wtx acoo = txe
wty acoo acop acoq = wcr evm ywb mir yir
wtz = peh zpf
wua = qvn
wub acop acoq acoo = aabr aaqw aazf
wuc = ggm (qxa zzq zzq)
wud = kzf
wue = pyq
wuf acoq acoo acop = arq vkf wbt ef
wug acoo acop acoq = dwt
wuh acoo = asq enl
wui = adz
wuj acop acoo = njl
wuk acoo acop = afv
wul acop acoq acoo = aawz
wum = abji bua gji
wun acoo acop = qpn
wuo acop acoo = pxj
wup acop acoo = wmd ldx
wuq acoo = bxe
wur = qbg
wus = hwk
wut acop acoo acoq = myo
wuu acoo = kgh xcq
wuv acop acoo = cge dpq
wuw acoq acoo acop = mn
wux = zci
wuy acoo acop = hku cdj
wuz = acmi
wva acop acoo acoq = rug
wvb = vmw wrk dhk
wvc acop acoo = iqm (iq pxj)
wvd acoo = mxc yvg
wve = rqk rqt qrj
wvf = flq
wvg acoo = zon ppj
wvh acoo acop acoq = hxg
wvi = krc uzz krj wqw
wvj acoo = qxg
wvk acoo = edr rjs vkb
wvl acoo acop = bcl tiv yts mpt
wvm acoo = zqr jkj
wvn acop acoq acoo = agf pam qqx ids skq
wvo acoq acop acoo = ubi
wvp acop acoq acoo = acno zxl exj
wvq = dvi azi
wvr acoo acoq acop = arq hxn kns
wvs acop acoo acoq = ojs
wvt = qzl
wvu = vof
wvv acop acoq acoo = rsd
wvw acoo acop = qvg
wvx acoo = pwg
wvy = iip lba vyo shq kmt
wvz = yaz
wwa = gim miw
wwb acoo = hud xvh lpe
wwc = kaz
wwd acoo = aahk vzv
wwe = mck
wwf = wkn
wwg acoo = dxo zno
wwh = smn byv kxj
wwi = pfn
wwj acop acoo = ywy yug qmv
wwk acoo acop = qxi ynn tra hvu
wwl = vqt
wwm = mbx iiy
wwn = xar
wwo acop acoq acoo = fy
wwp = omc ago wjx
wwq acoo acop = jqo rer
wwr = gug
wws = bqp
wwt acoo acop = trz lsw
wwu acoo = ebu
wwv acoq acoo acop = pgt
www = cmk
wwx acoo acoq acop = ndt
wwy = zit
wwz = xfu jdb
wxa = qyw krh
wxb = nym yes
wxc acoo = wmd
wxd acop acoo = gfu nhs
wxe acop acoq acoo = ckw rba
wxf = oje gzw
wxg acoo acop = elx
wxh acop acoo acoq = eiu
wxi = csi fcu
wxj acoo acop = pgq
wxk acoo = aalt
wxl acop acoo acoq = jyu
wxm acoo acop acoq = bjf
wxn acop acoo = whp nfh
wxo acoo acop = wca
wxp acoo = uxs
wxq = kdy (jfr abds bna)
wxr acoo acop = nrm
wxs acoo = btp
wxt = gtc pqi obp (bpo nfi)
wxu acoo = ajn
wxv acop acoq acoo = tsn
wxw acoo = yjr
wxx acop acoo = gsz lti doi wnn
wxy = grt vyj
wxz acop acoo = uwh avu zad zfr
wya acoo acop = ity
wyb acoq acoo acop = dcn
wyc acoo acop = ayl kuf
wyd = dht
wye acoo acoq acop = ctw
wyf acop acoq acoo = tlj
wyg acoo = xkl lab fww
wyh acoo = dkf vwb
wyi acop acoo = hkb
wyj acop acoo acoq = ozz mau
wyk = piq cqo
wyl = zfr
wym acop acoo = qif uwq
wyn acoo acop = fvh fpk tqw
wyo acoo = uir
wyp acoq acop acoo = pon abbd
wyq acop acoq acoo = upg
wyr acoo = acfv
wys acoq acop acoo = abir
wyt acop acoo = wjl rlg
wyu = cus
wyv acoo = vmx
wyw = miy cc yam
wyx acop acoo = mh
wyy acoo acoq acop = uuc
wyz acoo acop = kte
wza acoo = csr rdz
wzb acop acoo acoq = ymq rmt
wzc acoq acop acoo = pou nkd
wzd = bvt sld abtj
wze acop acoo = hgr kz
wzf acoo acoq acop = hrw vam brj
wzg acoo acop = ablt
wzh = fuu
wzi = qgk
wzj acoo = lka rsp vnl
wzk = rnf
wzl acoo acop = pfm
wzm acoo = abby
wzn acoo acop = owc ngk iez
wzo = zhr bud
wzp = klz
wzq acop acoo = hf
wzr acoo = ftm fwv wvq kah
wzs acoo acop acoq = ioe
wzt acoo acop = eip
wzu acoo = uyf yt
wzv = dig
wzw acop acoo = jca ult
wzx = aamx
wzy acoo = xr
wzz acoq acoo acop = kzf ukq
xaa = cvq
xab = owg
xac acoo acoq acop = rit
xad = aach zyb abyp
xae acoo = tmu
xaf acoo = zep
xag acop acoq acoo = oyg (pdm tvb) hpy ruy
xah = brq
xai = ojs
xaj acoo = ylo
xak acoo = okg lur
xal acoo acop = iwl
xam acop acoo = fkv
xan acoo acoq acop = szh tsv bfh
xao acoq acop acoo = zio
xap acoo = rpe
xaq acoo = hte fmr knv lpv
xar = tqc yul aaqh
xas acoo acop = wfv zht tbs
xat = zmb
xau acop acoo acoq = xgq gqc
xav acop acoo = wyq kzi
xaw acop acoo = szr jos hij
xax acoq acop acoo = sbz tgp cyv xbs
xay acop acoo acoq = moj egw
xaz = mca urd
xba acoo = tax zym
xbb acoo acop = abeq pwe
xbc acoo acop = nvv
xbd acoq acoo acop = gjn
xbe acoq acoo acop = nef acca pqd
xbf acop acoo = qge ggp pbt aaww
xbg = buk xay
xbh acop acoq acoo = zlt
xbi acop acoo = fbl
xbj = nry eza
xbk acop acoo = ywr zqk
xbl acoq acoo acop = jqh
xbm = vrl
xbn acop acoo acoq = xcy gj
xbo acoo = acgl zwd
xbp acop acoq acoo = anf nbk
xbq acoo = wxj vno
xbr acoo = dsw klp
xbs acoq acoo acop = qsi
xbt = pqw
xbu acoq acoo acop = lit
xbv = nt
xbw = qep loe kvh
xbx acoq acop acoo = ejv
xby = qyf
xbz = kem rav
xca acoo = ati
xcb acoo acop acoq = svp
xcc acop acoo = tmo
xcd acop acoo = men
xce = jgs twh
xcf acop acoo = rmk
xcg acoo = bwu yza fow jfz
xch = psr
xci acop acoo = saz
xcj acoo = bbk cuu
xck acop acoo = vej
xcl acoo acop = lwm
xcm acop acoo = gqn abba
xcn acop acoo = qbz
xco acoo = nnt
xcp acoo = ini
xcq acoo = nlw sjc mwx
xcr acop acoq acoo = fsv
xcs acoo = yed psi abjk jra
xct acoo acoq acop = map ecz
xcu acoo acoq acop = eif
xcv acoo acop = xad
xcw acoo = ablb
xcx acop acoq acoo = khe yzp uwk jrj
xcy acop acoo = cj
xcz acop acoo = ezj wri
xda = spk
xdb acoq acoo acop = kvp
xdc = aclq
xdd acoo acop = hmq cpy xmk ski
xde = fhx vwe efu
xdf acoo = qvi xvh fqr
xdg acoo acoq acop = waq
xdh = abvu
xdi acop acoq acoo = jqt
xdj acoo = xji
xdk acop acoo = xyi
xdl acoo acoq acop = yky ooe
xdm acoo acop = ozp rjj
xdn = vxv
xdo acoo acoq acop = xqs
xdp acoo = nuq vvn
xdq = pkl abcw
xdr acoo = zea abyo
xds = ohv
xdt acoo acop = lgb wfg feu
xdu acop acoo acoq = whn
xdv acoo acop = kxe
xdw acoo = aapw gjd
xdx acoo acop = jud
xdy acoo = dnr abeo xrt
xdz acop acoo = rmv
xea acoo = pjz
xeb acop acoo = dqq
xec acoo acop acoq = mie
xed acop acoo = llb
xee acoo = dec
xef acoo = ibj kha omv
xeg acop acoo = jha
xeh = vwj
xei acoo acop = vpi
xej = gvn
xek acoo acop = gad pkz
xel acop acoo acoq = lai
xem = pic (pvs acml)
xen acoo acop acoq = tbk
xeo acop acoo = lod
xep acoq acop acoo = kxi
xeq acoo acop = lnf ymx
xer acop acoo = noh
xes acoo acoq acop = rjr
xet = yji ecy aaxv
xeu acoq acoo acop = wlb
xev acoo = hgn
xew acoq acoo acop = uzv qxb vda vme maf
xex acoq acop acoo = gti kej dcn
xey = tpy
xez acoo acoq acop = vyh
xfa acoo = hju wck jms
xfb acoo acoq acop = zwb zat uzb
xfc acoq acop acoo = acll
xfd acoo acop = zqu
xfe acop acoq acoo = eos zxr
xff = yym wyb xd abfj ure
xfg acoq acoo acop = rcg sfr
xfh acop acoo = kcb kua afb waw yvq
xfi = tpg gwv ehi ysz
xfj acoo acop = arz
xfk acoo acop = uqy mou
xfl acoo = gal
xfm acoo = noe
xfn acop acoo = pku cwh qku
xfo acop acoo = wmd ijf
xfp = wsd
xfq acoo acop = myf bng cmj
xfr acop acoq acoo = xuh
xfs acop acoo acoq = vvg gml
xft = acez
xfu acop acoo = zvp
xfv acoo = ymw ozg
xfw acop acoo = smc
xfx = abho
xfy acoo acop = mpu
xfz acoo = eaw zcg
xga acop acoo = abvy
xgb acoq acoo acop = dhp
xgc acop acoo = lfy
xgd = iwk rbl
xge acop acoo = hog
xgf acoq acoo acop = hpy wgx
xgg acop acoo = cvs cow
xgh = ahb jgo
xgi acoo = gkz jov ija
xgj = hcl
xgk acoq acop acoo = mwx
xgl = lvo
xgm acop acoq acoo = npd ysu
xgn acoo = yvq jyj
xgo acoo = wkl
xgp acoo acop = cmh
xgq acoo acop acoq = flh eok ayg gir
xgr acoo = zhv
xgs acop acoo = ivs ats
xgt acoo acop = mvm jgy fej
xgu = abix aalt kwq aacz
xgv acoo acoq acop = ppl jue
xgw acoo = arw
xgx = ozz
xgy acop acoo = hyn
xgz acoo = zce
xha = nfj
xhb acop acoo acoq = oso
xhc acoo = aaev
xhd acop acoo = ackl
xhe acoo acop = gfj osm abyz
xhf = ifb jfe
xhg acoo acop = piz tlj zzh
xhh = maj uua ah
xhi = ufp onr dzm
xhj acoo acoq acop = ebp ind laz ksq
xhk acoo = kyh vzv
xhl acop acoo acoq = rbr nbd
xhm acop acoo acoq = ugm dvi ihk zsp ppu
xhn acoo acop acoq = glj dzf
xho acoo = qoc aqa
xhp acoq acoo acop = nnz
xhq acoq acoo acop = zqm
xhr acoo = nrf
xhs = abxx xry (zwo row)
xht acoo = ets
xhu acoo = npi abco
xhv acoo acop = xbk
xhw acop acoo = nrl
xhx = vlq acbq
xhy = otd rxs
xhz acoq acoo acop = jcl umc
xia = bkw
xib acoo = lgo
xic acop acoo acoq = lyr gqq
xid = xgh
xie acoo acop = yxu
xif = jpp
xig acoo = avg
xih acop acoo = gsz ywz nkw nyr
xii = ygz nvi obj dgb
xij = zta rjo lwb abxn
xik acop acoo = gce aari fzf vnr
xil acoq acop acoo = abxy twc
xim = fpx
xin acoo acop = abzn dov ycw
xio acop acoo = aaqi
xip = abig anf
xiq acoo acoq acop = zom wyw fxr
xir acoq acoo acop = abvt iit
xis acoo = fng
xit acop acoo = zrv
xiu acoo acop acoq = tbp
xiv acoo = snu
xiw acop acoo = vog
xix = qlw
xiy acoo = qcw
xiz = adw
xja acoo acop = jsd
xjb acop acoo = zgn rtz
xjc acoo = vee waf
xjd acoo acop = tyg
xje acop acoo = khf
xjf acoq acop acoo = ybr hrw wjx
xjg acoo acop = wwn udj
xjh acoo acop = kwe
xji acoo = cqq
xjj = gfc
xjk = ijt
xjl acoo acoq acop = aale
xjm acop acoq acoo = vao
xjn acop acoo = esg
xjo = rit
xjp acoq acop acoo = bme
xjq acoo acop = rqw bac
xjr acop acoq acoo = nzg
xjs = ooj kdb
xjt acoo acop acoq = dhi yfh
xju acoo = ssk
xjv acoo acop = pok xqe
xjw acoo acop = nbp mid
xjx acoo = aauy ktl
xjy acop acoo = acle zfv
xjz acoo acop = qoc dlq
xka acop acoo = kfy yst nww
xkb acoq acoo acop = vpf vxl nsg dub
xkc acop acoq acoo = whb
xkd acoo = agl abxj fnj
xke acoo = igy
xkf acop acoo = aw gvi qml omf
xkg acoq acop acoo = mpw
xkh acop acoo acoq = ddo
xki acop acoq acoo = sar nak
xkj acop acoo = gjq
xkk acoq acoo acop = bkz sxg
xkl acoq acop acoo = rqd how wwy
xkm acop acoq acoo = qct etu bav onr
xkn acoo acop = accp
xko acoo acop = atf
xkp acoo acop = saz ftr
xkq acoo = kqn nhw
xkr acoo = aec
xks acoo = dsl
xkt acop acoo = tmw hai
xku acoo acop acoq = msy
xkv acoo = ldz
xkw acoo = cza
xkx = sxy xeq jye
xky acoo = usu wep dzz ilb
xkz = qhw
xla = hdj orv gwe
xlb acoo acop = bet xoi
xlc acop acoo acoq = ooh
xld acoo acop = foz abaa
xle = aaaq cyh ynr zvr
xlf = zis
xlg = abrj prw
xlh acoq acop acoo = bac
xli = wdg gal dxj
xlj acoo = apa
xlk acop acoo = ghj
xll = vub pcw wxq uez
xlm acoo = jx absw zxx
xln acoo = aaos gcz zio
xlo acoq acoo acop = mbv pfr
xlp acoo = omv
xlq acoo = jur mxf pzu
xlr = tpl
xls acoo acop = xqn kqk trb
xlt acop acoo = bih zuc jl
xlu acoo = ioe cus qsw qaq
xlv = pji
xlw acoq acoo acop = rwn raj mno
xlx = uew
xly acoo = dty eot
xlz acoo = vbb
xma acoq acop acoo = znc
xmb acoo = trd
xmc acoo acop = bkt oeb cxs
xmd = xmx
xme acop acoq acoo = rhy mrj f
xmf acop acoo = abjf biv aazl
xmg acoo acop = otp azm
xmh acoo acoq acop = tau
xmi acoo = ivu uxt inv tta
xmj acop acoo acoq = aaop nzi
xmk acop acoo = kvp
xml = fry wdi aceb grl
xmm acoo = qln
xmn = ncm
xmo acop acoo = wmm zko aank aax
xmp acop acoo = hqd tbs bxu inm
xmq acop acoq acoo = msz oua aauc qxo
xmr acop acoo acoq = njp kap
xms acoo acop acoq = qva ddj dju
xmt acoo acop = dnu cmq wvz
xmu acoo = whe
xmv acop acoq acoo = tfa iab csx
xmw acoo = jiy
xmx acoq acop acoo = tu
xmy acop acoo acoq = atl
xmz = bda dl duc cnf
xna = mgo ykk yxu sru
xnb = aav
xnc acoq acoo acop = vdt (ybf psw)
xnd acop acoo = grp abxx abrr ful
xne acop acoq acoo = acgl abqh yzk
xnf acoq acop acoo = eyv
xng acoq acop acoo = emj
xnh acoo = tvg
xni acoo = qlw tqd
xnj acoo = rjb
xnk = hab
xnl = sva pxa zbc ucd
xnm = oou boj qye xk eiw
xnn acoo = yvy
xno acop acoo acoq = aab bhl ycm
xnp acoo = cet abiq dnd uvi
xnq acoo acop acoq = tns
xnr acoo acop = lpo aaes xjm
xns acoo = kll
xnt acoo acop = fnt ait
xnu = fpm ykj
xnv = ckm
xnw acoq acoo acop = nbs
xnx = yhk
xny = ocm cay
xnz acop acoq acoo = qyg
xoa = zwp
xob acoo = kgy wjd
xoc acop acoo acoq = nnz
xod acoo = fae
xoe acop acoo = ink
xof = abmd
xog acop acoq acoo = aon
xoh acoo acop = uas
xoi acoo acop acoq = afx cbh umg
xoj acop acoo = abxm
xok = qsc
xol acoo acop acoq = ruq ont
xom acop acoo = otz
xon acoo = wgh mcu
xoo acoo = rtm bnj qlv
xop acoo = lwg
xoq acoo = mvr
xor acoo acop acoq = abik (ujn ejh) abed
xos acoo = uga jms
xot = scc
xou = ude
xov = ayu qzb
xow acoo = qcj aaft pm
xox acoo = yz
xoy acop acoo = kmo
xoz acoo = yfe
xpa acop acoo = yxw
xpb = ddw
xpc acoo = fxl dje fjd
xpd acoo = am
xpe acoo acop = sxx xnq
xpf = aalb nzz qbf
xpg acop acoo = xgl
xph = xea ocy rwx hbd
xpi acop acoo = mra yzr
xpj acop acoo acoq = lcb lzf
xpk acoo acop = fsn
xpl acop acoo = xof
xpm acoo acop = qwf
xpn = pnw
xpo acop acoo = tcg ufl muv kyb
xpp acoo = pxe rgi acgq ual
xpq acop acoq acoo = nah wy
xpr acoo = vfk imy
xps acoo = xhg txn
xpt acop acoo = ohf
xpu acop acoq acoo = ctd
xpv acop acoo acoq = ibu qtx hly aara
xpw acoo acop = bfc
xpx = fcq egt htw
xpy acoo = wrh
xpz = szr
xqa acoo = bne nnx rxa abty
xqb acoq acop acoo = ad
xqc acoo = abxf
xqd acoo = zvt
xqe acoo acoq acop = ljj
xqf acop acoo = aeg
xqg = aakl
xqh acop acoo acoq = ak pfl
xqi acoo acop acoq = vua
xqj acoo = ahs igq
xqk acoo acop acoq = kdr
xql acoo acop = njr lsi
xqm = mlv ark qzi imk
xqn acoq acop acoo = xcg
xqo = hji eeo cgk
xqp acoq acoo acop = ofa nlo
xqq acop acoo = fdf
xqr acoo acop = tia
xqs = yz
xqt acoq acop acoo = vwy
xqu acoo = wnp axi wej dhk
xqv acoo acop = tiv
xqw = xhx
xqx acoo = sex qtb bem
xqy acop acoo acoq = ygd
xqz acoo acop = kbo exo
xra acop acoo acoq = wmd daz
xrb acoo = zom
xrc acop acoo = xbn
xrd acoo acop = hnl krm
xre acoo = kcg (ene bgw etg)
xrf = xyp
xrg = sqh obd
xrh = jdo fpl swk
xri = smg wiw bco
xrj acoo = klz
xrk acoo = luc
xrl acop acoo = aazn
xrm acop acoq acoo = aaoy
xrn = acew
xro acoo acoq acop = iex hvv yc isj
xrp = aape ed
xrq acoo acop = aaya
xrr = ihm syy (btj bpw obm)
xrs acoo = fbq
xrt acop acoo = swc
xru = yrj
xrv acoq acoo acop = dux aaxf vgz
xrw acoo acop acoq = ein ukk vph zpt
xrx acoq acoo acop = zpe opv imi omq oye
xry acoo = qsh fni jpg
xrz acoq acoo acop = acev
xsa acop acoo acoq = nfw (bfq hel zqr)
xsb acoo acop acoq = wpp
xsc acoq acoo acop = iat
xsd acop acoo = pvw nzs way
xse acoo = sdb oij
xsf acoo acop = jfs
xsg = xce
xsh acoo = zse
xsi acop acoo = wfy jlz
xsj acoo = dpy
xsk acoo = bbh
xsl = zml
xsm acoo = crq ojz cus byp
xsn acoo = xiy
xso = fte kep acfc coc
xsp acoo acoq acop = tyw iry
xsq acoq acoo acop = ipj
xsr acop acoo acoq = mlx qxc bco
xss acoo = hrh
xst acoo acop acoq = lxv
xsu acoq acop acoo = abu knl
xsv acoo = vag ked
xsw acoo acop = vmb
xsx acop acoo acoq = atv avc
xsy acoq acop acoo = abqy hyi
xsz = ikr rcr
xta = fqf
xtb acop acoo = khs nxb ba qvl
xtc acoo = fxs
xtd = mrg lum
xte acoo = sxc
xtf acoo acop = abgj wvl bdu abeo jix
xtg acoq acoo acop = bms hzk
xth acoo = txr
xti acoo acop = cmr
xtj acoo = bxf
xtk = qpc lxl aanq nev
xtl acop acoq acoo = achf cbn (yii ikz)
xtm acoo = mzj wwr mzb
xtn acop acoo acoq = nfz iza zov vov mv
xto acoo acop = ceo
xtp acop acoo = xtn
xtq acoo = zuu wq ble xjt
xtr acoo = muu
xts acoo = mtt
xtt acoo = dml
xtu acoo acoq acop = byq onz
xtv acop acoo = ful lca
xtw acoo acoq acop = abut hjj
xtx = lws mxr
xty acoo = zdc
xtz acoo = ovl
xua acoo = vlp
xub acoq acoo acop = qua wru
xuc acoq acop acoo = his vuw vst ija
xud = gwq
xue acoo acop = cok
xuf = lns wzd att
xug = hqa eox abxr abbf
xuh acop acoo acoq = plf achs kpg
xui = bvv
xuj acoo acop = hop hin stg
xuk acoo acop = olc
xul acop acoq acoo = pyx
xum = accf
xun acoo = bgn rkq amr
xuo = tbn
xup acoo acop = mof
xuq acop acoo = gls
xur = cmn
xus acoo = pzx eux ach
xut = zov
xuu acoo acop acoq = abbb mcg
xuv acoo = wzr
xuw acoo acop acoq = olg (yon iwo dmy)
xux acoo acop = wkk
xuy acoq acop acoo = sck
xuz acoo = ecf (lnd nix)
xva acoo = nzh tpk vdu
xvb acoq acop acoo = nas yyp
xvc acop acoq acoo = sjt
xvd = kmf
xve acoo = yad ccb
xvf acop acoo = acmx bcl ixo arv
xvg acoo = wse
xvh = pnl tpg
xvi = pc pmd
xvj acop acoq acoo = fax
xvk acoo acop = ecl
xvl acoo = hsf
xvm acoo acoq acop = klc gmd vdd opf
xvn acop acoo = rlb
xvo acoo = xjx obs voh fwj
xvp acop acoo = aafz
xvq acoo = gwp
xvr acoo acop = fht
xvs = dgs
xvt acop acoq acoo = wnr wod
xvu acoo = aaqa ixd
xvv acoq acoo acop = yck gyd aaob vfy
xvw acop acoo = tdj
xvx acoq acop acoo = ablt vuc
xvy acoo acop acoq = diz aciu
xvz acoo = kmy
xwa acoo acop acoq = cvw hsa woe
xwb = mle
xwc acoo acop acoq = squ
xwd acoq acop acoo = nkc
xwe acoo acop acoq = trs
xwf acoo acop = zuj rf aaso
xwg = ouq
xwh acoo acop = ltw jvm npn
xwi = cpc
xwj acoo acoq acop = eez
xwk = ixd twj
xwl acoo acop acoq = bhg
xwm acoo acop = tec
xwn acoq acoo acop = pxt gyp eyj
xwo acoo acop acoq = ykm
xwp = ldz rfd
xwq acoo = nwh
xwr acoo = rnp wjl
xws acop acoo acoq = vdi ckf pcq
xwt acoo acop acoq = abjy
xwu acoo = gmu
xwv = stg
xww = nhf jls moc
xwx = twm
xwy acoo acop acoq = cue
xwz acoo acop acoq = ity suy iet bjr
xxa = abtr
xxb acoo = xxs wrr rnu
xxc acoo = abdq etk
xxd = kxg
xxe = ilq
xxf acoo acop = vhj fiu xrd
xxg acop acoo = snz rcu vq
xxh = hkj
xxi = uhv
xxj acop acoo acoq = ahh
xxk = wpg nru jlt
xxl acop acoq acoo = xbg vtc oqi
xxm acop acoo = txy jjs
xxn acoo = ogn
xxo acoo acop = qzp
xxp acop acoo = kem
xxq acoo = imu tmh
xxr = ewb bhh gxn umr
xxs acop acoo = fnw
xxt acoo acop acoq = ghc rxw xbj lpv yvu
xxu = lfx
xxv = cnp
xxw = gej
xxx acoo = dib
xxy acoo acop = pbv lrd jct
xxz acop acoq acoo = gqc aciq
xya acoo acop = dxn
xyb acop acoo = xdc
xyc = qpq
xyd = bzx
xye acoo = vjs
xyf = rko uoz iyr mdm
xyg acoo = jb sqx
xyh acop acoo = olk (vqf iqn)
xyi acoo acop = rpb
xyj = vsj
xyk acoq acop acoo = aazt fnw
xyl acop acoo = jmi
xym acoq acop acoo = jsl
xyn acoo = kyz
xyo acoo acoq acop = gzj hpz ded zih
xyp acop acoo = ifx
xyq acop acoo = hji
xyr acoo acoq acop = aks (nta soh)
xys acoq acoo acop = wyj
xyt acoo = xhm
xyu acoo = ybf whu
xyv acop acoo = ysj suq hvu
xyw = jlu
xyx acoq acop acoo = dvm
xyy acoo = bxp
xyz acoo acop = wzj
xza acoo = azi
xzb acoo = rdt nck achh
xzc acoo = xeq xcm aboh
xzd acop acoq acoo = tmc
xze acoo acop = xoh tfe qzi
xzf acoo acop = fgr
xzg acop acoq acoo = srg zzf cjo
xzh acop acoo = mmz (jay ljo epq)
xzi acoo = ybe naw ct
xzj = mxz hul
xzk acop acoq acoo = ttm (zdt abyf)
xzl acop acoo = aaqz
xzm acop acoo = ztw
xzn acoo = xdr
xzo acoo acop = zbr
xzp acop acoq acoo = szq
xzq acop acoo = lin sxx ffa
xzr = unf acgb
xzs = anz
xzt acoo = swr
xzu acoq acop acoo = ctu ctm pmf aej
xzv acop acoo = cco hfh brl
xzw = rct
xzx acoo = zbm
xzy = xwv
xzz = eze
yaa acoo = nku
yab acoo = tba
yac acop acoo = pmy tox jjm
yad acoo acoq acop = ysc
yae acoo = blb
yaf acoo = qct gup
yag acop acoq acoo = iic
yah acoo = xav
yai acoo = rdy
yaj acop acoo = baa uoz xyz tis rkb
yak acop acoo = jfk pnp
yal acoo acoq acop = wdr aazm gzf
yam acop acoo acoq = ctz
yan acoo = cse
yao acoo acop acoq = jtb aayc hwv
yap acoo acop acoq = qyw
yaq = gfo qot
yar acop acoo acoq = vfn nlh
yas acoo acop acoq = osy
yat = abbu
yau acoo = fvo
yav acoo acop = tvn
yaw acop acoo = yrn
yax acoq acoo acop = urk
yay acoo acop = aamh
yaz acop acoo = qg oqq xvs
yba acoq acoo acop = ksf mbh
ybb acoo = csv
ybc acoo = dxd
ybd acoo acop = orv
ybe = wac zlt
ybf = tpt tko
ybg acoq acop acoo = qmf
ybh = gxl via pni tjq
ybi acoo = kkh
ybj acoo = hxj
ybk acoo = aarc
ybl acoq acoo acop = xja npx kiu ogc yri
ybm acoo = srj krs
ybn acoo = rjr
ybo = rbw oxg vhd ecu
ybp acop acoq acoo = mdi gbk iye
ybq acop acoo = cpl rfq
ybr acoo acop acoq = joj tsf
ybs acop acoo = gmb
ybt = pve
ybu = yvh
ybv acop acoo = fwb
ybw acoo = jze rgx aarr uro oty
ybx acoo = zcy
yby = orr
ybz acoo acoq acop = vdj
yca acop acoq acoo = ptn
ycb acoo acop = xhl
ycc = vxy ybu hpi
ycd acop acoo = acgh rop
yce acoo = acen
ycf acoo acoq acop = cxg
ycg acoo = oas nwp ujr
ych = ezy bhx ybm
yci acoo acop = wvg niz
ycj acop acoq acoo = qht bud ktw eiu haq
yck acoo acoq acop = zh
ycl acoo = lgq
ycm acoo = dit
ycn acop acoq acoo = is csp ndq
yco acoo = aaey
ycp acoo = vfi
ycq acoo = rsz fsu
ycr acop acoo = dtd nr kti
ycs = lqk stk qgs
yct acoo acop acoq = qzp
ycu acop acoo = acb
ycv acop acoo = cna fmu vha
ycw acop acoo = klr ucm bhr
ycx acoo acop acoq = qjp
ycy acop acoo = ind med tsi
ycz = cs svy
yda = rmk
ydb acop acoo = rlj
ydc acoo = vfe
ydd acoo = esz djs
yde acoo acoq acop = on
ydf acoo acoq acop = iud
ydg = umh
ydh = gte
ydi acoo = eai
ydj acoo acop acoq = uxh
ydk acop acoo = hdi
ydl acop acoo = fat
ydm acoo = wea
ydn acoo = ehq sxq
ydo = liw ymv
ydp acop acoq acoo = fmn
ydq = wkc
ydr acoq acoo acop = umf vyu
yds acoo = kh
ydt acop acoq acoo = mpr xl
ydu acoo acop acoq = len kax
ydv = zkv ujk abyx
ydw = loa
ydx acoo = kfb gar wbn abiw
ydy acoo = hbz dpp
ydz acoo acop = abvq
yea acop acoo = set quq ncp
yeb acoo acop = lmd (wrs aaee)
yec acoo = yah (kky iwe)
yed acoq acoo acop = smr tux zdh
yee acoo = eyh
yef = hwq
yeg acoo = tec acdn
yeh acoo = qjr
yei acop acoq acoo = jlw jvw
yej acop acoo = yfl
yek acoo acop acoq = lpx
yel = kju
yem acoo acop = cxx pwk rxu
yen acoo acoq acop = abxu bhf kbp
yeo acoq acop acoo = sew
yep acoo = poy
yeq acop acoo = aj (aqb zed mzx)
yer acoo = ehz
yes = uga tkv
yet acop acoo acoq = oxo abnd hve
yeu = mbw oay acnp
yev acop acoo = ias mdu zri acif
yew acoo = zhm
yex acop acoo = gvw
yey = bjw dws
yez acoo = fqs wji
yfa acoo acop = on wdv pyt
yfb = oxq hgq jky cql aw
yfc acoo acoq acop = vrd ibw waq
yfd = cbr rlp nkf
yfe acoq acoo acop = kpt
yff acoo = pxs
yfg acop acoo = bdr ydh ppu df
yfh acoo = mca acmr
yfi acoo = flb
yfj = zqq aaaa xsr tcw zab
yfk = rev
yfl acoo acop = ewr
yfm acoq acoo acop = jdb
yfn acoo = ykg rpk
yfo acop acoq acoo = lum abcf
yfp acoq acoo acop = dlx
yfq acoo acop acoq = vjo dud
yfr = bwi
yfs acoo = jlz
yft acoo = ouq (dvn wxd)
yfu acoo = wpv svg
yfv acoo acoq acop = gkh egv aafa
yfw acoo acop acoq = fzh cjl eih hpv
yfx acop acoq acoo = vfc
yfy acoo acop acoq = bnp abxo dhx
yfz acoo = nef
yga acoo acop = atb dee
ygb acoo acop = abvv dpk vtw
ygc = juh abti
ygd acoo = pao tmk
yge acop acoo acoq = tp
ygf acop acoo = uqd
ygg acop acoo = khg aaqj aawn
ygh = prd cfm vxa
ygi acop acoo = voe qtl bof
ygj acop acoq acoo = skt absd
ygk acoo acop = ppt
ygl acoo acop = ott
ygm = jjq
ygn acoo = foi
ygo acoo = mql
ygp acoo acop acoq = aats
ygq acop acoq acoo = npr ygy geu equ
ygr acop acoq acoo = qwf rve hiu uft
ygs acoo acop acoq = jsn
ygt = jys odg (fa ckv)
ygu acoo = lcd (gmh upz hrb aawj)
ygv acoo acop = abv
ygw = cqk wge fps
ygx acop acoo acoq = lgh
ygy acop acoo = pvm
ygz acoo acop = inh uik
yha = gmv
yhb acoo acop = syw tjy rty
yhc acoq acop acoo = vmo
yhd acoo acoq acop = rbi uag bik
yhe acoo = xfk
yhf acoo = rxf abzm
yhg = xek
yhh acoo acop acoq = zvx
yhi acoo = abnc
yhj acoo acop acoq = mqb dgx oiv
yhk acoo = rfr
yhl = qag
yhm acoo acoq acop = jrj
yhn acoq acoo acop = zl
yho = aavk
yhp acoo acoq acop = zgw
yhq acoo acop = qxw mxk ugx pev
yhr acop acoo = pqa deh
yhs acoo acop = vcq
yht acop acoo acoq = smv rsk knp
yhu = fhk ezb (jja zgr)
yhv acop acoq acoo = oxc upz jas
yhw acop acoo = iuu
yhx acoq acop acoo = zlj fli ixo sbu
yhy = ylr
yhz acoq acoo acop = wpf uom pir omu
yia = vj fmt gyo sva yvc
yib acop acoo = fqu alr
yic = osc
yid acop acoo acoq = gna
yie acoo acop acoq = zbe
yif acoo = fay aapa yq
yig acoq acoo acop = xsx
yih acoo acop acoq = ssq
yii acop acoq acoo = qgp
yij acoq acop acoo = iix myc zkk
yik acoo acop acoq = ksw acfw fpn
yil acoo acop = lsh irv ymj ime
yim = vta lil
yin acoq acoo acop = tfr aea aada
yio = ugy hfh fsh (qzx ppd)
yip acop acoo acoq = dwk jac svf
yiq = kcq aaqc xci ysl
yir acoo = aow
yis acoo = dgc
yit acop acoo = dvp
yiu = acls
yiv acoo = ytp
yiw acoo = fdi
yix acop acoo = rmu
yiy = zmd
yiz acop acoo acoq = vry
yja acoo = xyq
yjb = zel yzw aacq cqq
yjc = qlb rue
yjd acoo acop acoq = yhr gwv nfd jbq cnz
yje acoo acop = vfr qzf
yjf acoo = dpn
yjg = pqu
yjh acoo acop acoq = xal bho
yji acoo = hyv
yjj acoo = rls
yjk acop acoo = kig loe fbd qcf
yjl acoq acoo acop = kcu
yjm = ldx
yjn acoo = tzr lus hbt yad
yjo acoo = zpz
yjp = ouw qjv kdj knw
yjq acoo acop = hvn hnf hsc
yjr acoo acop = jhj
yjs acoo acop = epv zjb (ozq ffy)
yjt acoo = abxw ojb usn
yju acop acoo = nod
yjv acoo = aoh mls
yjw = yiz abvu mvu
yjx acoo acop = iry pyp syc bzh
yjy acoq acop acoo = abej
yjz acop acoo = abrj
yka acoo acop acoq = ivu
ykb = zcz cse dne
ykc acoq acoo acop = vgt vyr sgk
ykd acoo acoq acop = itm cko mjy idm lsl
yke acoq acoo acop = yhw
ykf acoo = txn
ykg acoo = rpk
ykh = lmk pcm
yki acoo acoq acop = hto ipq nal
ykj acoo = env sgj
ykk = uxe dwq tas kzp
ykl acoo = kam ode
ykm acoq acop acoo = oii
ykn acoo = xmo szl otf
yko acoq acoo acop = kcp
ykp acop acoo = tlh fsb
ykq = tom
ykr acop acoo = krf
yks acop acoo = abnv cax
ykt acop acoo = iey
yku = fly kqu ifv maj
ykv acoo acop = ojw
ykw acoo = urp uje kax ogl mdf
ykx acop acoo = yyk yiq iih pvl
yky acoo = abed
ykz acoo acop acoq = ynu
yla acoo acop = nyi hba hpm xmq
ylb acoo = rjd
ylc acoo = jew
yld acoo = bva len ons kql
yle acoo = rji
ylf acoo = oai acfg xuo jqw
ylg acoq acoo acop = iym
ylh acop acoo = xqx rzn fso zyp
yli acoq acop acoo = xmr
ylj acoo = wkv
ylk acoo = njr mhg oef
yll = xz
ylm = mzp
yln acoo = utm
ylo acoo = jyt lin ets
ylp = czn
ylq acoo = ipg wvo
ylr acop acoo = xld nba bhe leb guc
yls acop acoo = qyp qfl awx kh
ylt acoo acop acoq = ier
ylu acoo = lsx
ylv acop acoq acoo = muk hg
ylw acoo acop acoq = bng vrb sej
ylx = mqe
yly acop acoo = abuf
ylz = xii
yma acoo = lig
ymb acoo acop = nms mmq
ymc = nlw gmk
ymd acop acoo = kgm
yme acoo = usm
ymf acoo = abuq bek klw sal jzw
ymg acoo = guc frv
ymh acoo = rxm rfg
ymi acoo acop = sme
ymj acoo acop = ulj
ymk acop acoo = zff
yml = yee teq
ymm = bo qqr
ymn = xjw
ymo = aaaq ksn wvp
ymp = pdk
ymq = bto qji
ymr acoo = xxq
yms acoo acoq acop = dxk ghn ioh
ymt acoo = bzp
ymu acop acoo = fcz
ymv acop acoo acoq = kls
ymw acoo acop = wnz
ymx acop acoo = hbr
ymy = hvq cdh ysd mhr bxy
ymz acoo acoq acop = huj
yna acoo = evd
ynb acoo = ejh go rit
ync acoo acop = yel xty
ynd = ui etp xos mks
yne = xg
ynf acoo = ssy mkk
yng acop acoo = qhr (lqd nli)
ynh acoo = bgi
yni acoo acop acoq = oqn kju
ynj acoo acop = abxs yaq lty qpl ajf
ynk = dup (abma rys)
ynl acoo acop acoq = poy khk
ynm acoo acop = kvq tln
ynn acop acoo = jfm
yno = mbm aaeu fdg
ynp = nft hdm ybh
ynq acoo = oey xzw
ynr = abwq
yns acoo = agu
ynt acop acoo = aawk
ynu acop acoo = vff yyz zou kbm
ynv = gf
ynw acoo acop acoq = avz
ynx acoo = ablp rcy hsv
yny acop acoo = ldy acla
ynz acop acoo = poh tob
yoa acoq acop acoo = sr
yob acoo acoq acop = emu zba
yoc acop acoo = uwl
yod = ajf
yoe acoo acop acoq = nat aaid eot dzx
yof acop acoo acoq = zwv
yog acoq acop acoo = ufl
yoh acop acoo = wtk llh
yoi = xdq qix
yoj acop acoo = xda
yok acoo = ayv
yol acoo acop = lod lry
yom acoq acop acoo = oyh xdp
yon acoo acoq acop = abna nn opq
yoo acoo acop = bze gww tyq xyd
yop acop acoo = sbz
yoq acoq acoo acop = ukx
yor = wlw mmh
yos = ehm qln vep gzb jnf
yot acop acoo = oot
you acoo = nbc
yov = abwu wkm
yow acop acoo = dyh kbb aee
yox = ibx dik xfg
yoy acoo acop = jgt
yoz = yjp
ypa = abkj yzh
ypb acoo acop = tu
ypc acop acoo = vvq
ypd = sud eua ssn
ype = gto
ypf acop acoo = xpp
ypg acoo = qwb pts rio mxj
yph = fxf
ypi acoo acop = ablp ill sfy usp zob
ypj = qww
ypk acop acoq acoo = fun aaec cts vvp
ypl acoo = qyu
ypm acoo = acik
ypn acoo = hin
ypo acoo acoq acop = deh
ypp acoo = wj eeu oox sew
ypq acoo acoq acop = aoh
ypr acop acoo acoq = rfv aasa qud
yps acoq acop acoo = acka
ypt acop acoq acoo = nnb xrm
ypu acop acoo = yks wop wyz
ypv acoo acop = bqc sgt iiz
ypw acoo acoq acop = qld
ypx acoq acoo acop = bu eat
ypy acoo = aaxd vhe ouv nea gly
ypz acop acoq acoo = alw
yqa acoo acop = tgg oua ucy ob
yqb acoo = ngk hwo eyb
yqc acoo = vnx
yqd = ond
yqe acoo = vhc aclb twe
yqf acoo = isg
yqg acoo = aiu dnp aami
yqh acoo acop = lfv
yqi acop acoo = qdu
yqj acoo = zqh zpe idq iwn abkl
yqk acoo = apw aww bzs
yql acop acoo = eyn
yqm acoo acop = zsl tmf
yqn = sme
yqo acop acoo acoq = nws aik
yqp acop acoq acoo = fvm
yqq acoo acop = rae
yqr acoo = aasj zbv
yqs acoo acop = jyz
yqt acoo = rvu
yqu acoo = uxn jik zps
yqv acoo = utu sly ftn
yqw acop acoq acoo = ouz
yqx = nqi owq joz fhb
yqy = ybp qpz oah
yqz acop acoo = eiu
yra = nef
yrb acoo = dhu oau yoy
yrc acoo = fef
yrd acoq acop acoo = ytm
yre = yxt syq iru (ojj atw)
yrf = gto
yrg = cwl
yrh acoq acoo acop = voz
yri acoo acop = njr
yrj acoo = ce tjp
yrk acoo acop = giz
yrl = ghh
yrm = oae
yrn = abbq flh
yro acoo = osc
yrp acop acoo = dkb
yrq = aem
yrr = zol acz
yrs acoq acoo acop = syn umy
yrt acop acoo = vqx
yru acoo = jll ljw
yrv acop acoo = pqq cyt vlz
yrw acop acoq acoo = abke pue
yrx = acfy
yry = pmj
yrz = oxb
ysa acoo = ftj
ysb acop acoo = avh bjb sqb
ysc = qzj es bpm hgy
ysd acop acoo = tsy
yse acoo acop = whv
ysf acoo = jqe
ysg acop acoo = hoa
ysh acop acoo = xeo
ysi = uzp umi lie
ysj = kpt
ysk = klz
ysl = abbj
ysm acoo = lmx jzc obh fr
ysn acop acoq acoo = twa xoe acfh sic
yso acoo acop = pky jpt
ysp = wpc
ysq = akd ujn dqw pla
ysr acop acoo = yba
yss acoo acoq acop = puy glc aajt hvq
yst acoo acop = lpz yzo
ysu = wyz
ysv acop acoo = acdd dcz
ysw acop acoo = ogg wwf
ysx acop acoo = gkn abmc
ysy acoo acoq acop = abgl
ysz acoo acop = abym
yta acop acoo = aaeg qni qgj gze
ytb acop acoo = kxv absd nxx bcc shf
ytc = okb xgb
ytd = hie
yte acop acoo = wgn aaab
ytf acoo acop = tqj npp
ytg acoo acop = aaud rjm gcu
yth acoo = rno
yti acoo acoq acop = vxb wqq
ytj acoq acoo acop = uqn oda zxs
ytk = bme
ytl acoo = thf
ytm acoq acoo acop = xew uyw
ytn acop acoo = kmy xda
yto acop acoo = qzh zhy drn qgs
ytp acop acoo = eee
ytq = qwi eba
ytr = ipn shm
yts acop acoo = jqg
ytt = kkq
ytu acoo = zxg
ytv acop acoq acoo = aau
ytw acop acoo = ckc
ytx acoq acop acoo = cbx cbw mwz
yty acop acoo = krm hkf
ytz acoo acop = geb
yua acop acoo acoq = absb
yub acoo = ttt
yuc acoo = zbf
yud acop acoo = kck gyo pii ynr cgo
yue acop acoo = qre bvq gsq
yuf acoo acop = hkj
yug acoo acop = toy
yuh = efa zkf
yui acoq acop acoo = sjv asf
yuj acoo acop = yma
yuk acoo = pbh hme
yul acoo = esp oye
yum acop acoo = wjw msi
yun acoo = vcq gnq
yuo acoo = acll
yup acoo acop = acid
yuq = amh two ygv
yur acop acoo acoq = ade
yus = orl
yut acop acoo = abcy vva
yuu acop acoo = iot
yuv acoo = jbh prr
yuw acoo acop = ign nxg tj
yux acoo acoq acop = kuu
yuy acoo acoq acop = yyo ha
yuz acop acoo = kke
yva acoo acoq acop = wgs oxa oam
yvb = rts ppn
yvc acoo = oal tww gkc
yvd acoo acop = mxw
yve acoq acop acoo = iyf
yvf = egn vqc
yvg = fqm
yvh acoo = wkq
yvi acop acoo = tmk rrm caj fhq
yvj acoo = xly
yvk acoo = oiv
yvl acoq acoo acop = eqe
yvm acoq acoo acop = rlm
yvn acoo acop = cgh
yvo acop acoo acoq = fpw
yvp acoo acop = vni
yvq = mpy abz
yvr = qg voi gkp
yvs = kcx iqz wpg gpp
yvt = lol
yvu acoq acop acoo = kfz ajc cpm
yvv acop acoo = ajn jbz aakp
yvw acop acoo = mjo
yvx acop acoo acoq = fez rft aaaq
yvy acoo = gnq ebt
yvz = pa
ywa acoo acop = fug
ywb acoo acoq acop = hvs
ywc acop acoo = bpz
ywd acoq acoo acop = phm
ywe = rsm
ywf acoo acop acoq = xkh
ywg = die
ywh = keb tjw
ywi = jsf aajl
ywj acoo acop = aceg bjr fsv
ywk acoo acop = txu
ywl acoo = qcr hao
ywm = kcg rxj wwq
ywn acop acoo = gne abbc
ywo = cty oef
ywp acoo = znq
ywq acoo = ar
ywr = awp
yws acoo = uze
ywt = gqc
ywu acoo = aeh
ywv acoo acop = bde absx zho wbr
yww acoo acop acoq = xca
ywx acoo = khx uli ecm ntx
ywy acoo = nzk cly acar udg
ywz acop acoo = abvg
yxa acoq acop acoo = qkd
yxb acoo = gvw att zoy
yxc = xk
yxd acoo acop = vig
yxe acoo acop = ivb
yxf acoq acop acoo = xhi
yxg acop acoo acoq = aatb
yxh = abhw
yxi acoo acop = tfb
yxj acop acoq acoo = yrx aafq ccz chj
yxk acop acoo = xic
yxl = nbc
yxm acoo acoq acop = nmc aced vit
yxn acoo acop = ghs vew cwu
yxo = vr ics
yxp acoo acop = dmr
yxq acoo acop acoq = euc ile
yxr acoo = kmd gpn fzw jid
yxs = rmt
yxt acoo acop = azi
yxu acop acoo acoq = wpa
yxv acoo = rsu nzk byz
yxw acoo = jaf
yxx acoo acop acoq = lkq
yxy acoo = exf
yxz = dyr lwx hnj
yya acoo acop = aanf
yyb acoq acop acoo = mqd svh
yyc acoo acop acoq = jhb
yyd acoq acop acoo = csb yvc kfv
yye acoo acop acoq = seu avl
yyf = vgd
yyg acop acoq acoo = acab ryo ffd ueg
yyh = quv
yyi = dad aann abud
yyj = wql
yyk acoo = krt jeo
yyl acoq acop acoo = iin fv mxk guq
yym = yyk biu bgx
yyn acop acoo = cvx pxe ukf
yyo = alp
yyp = cdj
yyq acoo = mui abop abcm dur
yyr = reh
yys acoo acop = uqw ifd
yyt acoo = igw wd
yyu acop acoq acoo = vjt acco juk
yyv acoo acop = qao
yyw acop acoo acoq = oze djf
yyx = coe bt
yyy = dmu xhk
yyz acop acoo = yjc sqa dbe
yza = ipc qjo wgc
yzb = ujk
yzc acoo acop = mjt gty qeu oyh
yzd acoo acop acoq = krt
yze = yae fpc kew
yzf = wyt uvb bej jwe
yzg acop acoo acoq = bel
yzh acoo = bir bpb
yzi acoo = rpc
yzj = prl ubs aom
yzk acoo acop acoq = bgi uop
yzl = jkc eee nlf
yzm acop acoo acoq = zva qzn ojt xmv
yzn acoo = fce bfw
yzo acop acoo = oen ablc van fxl
yzp acoo = iyc
yzq acoo = ebg zhp
yzr = hhq
yzs acoo acop = loo
yzt acoo = xfn lip
yzu acop acoq acoo = tdh
yzv acoo = zmu
yzw = wtz yej qot
yzx acoo = yhy vpu zue
yzy acoo = bbc esv
yzz acoo = fiz
zaa acop acoo = aarj
zab = xuc aagw
zac acoo acop = njw fnz eyz
zad = abhe
zae = axh acmn fww lgp mfy
zaf acoo = fil
zag = qxy
zah = eef
zai = zde
zaj acoo acop = bnm abbm
zak acoo acoq acop = gjj
zal = lmu
zam acoo = acmr
zan acoo = wtv faf
zao acop acoo = yag
zap acoo = abap njp olg
zaq = akq
zar acoo acop = rvk
zas = abkl rfp (off mkx)
zat = luq
zau acop acoo = vni jzd
zav acoo = vn
zaw acop acoo acoq = rwt
zax acoq acoo acop = hmr
zay acoo acoq acop = ozv
zaz acoo acoq acop = hvo
zba acop acoo = lwe
zbb acoo = byk
zbc acoo = iwn
zbd acoo = qnu
zbe acop acoq acoo = ogr ama ioh aang
zbf acop acoo acoq = cok
zbg acoo = ijq
zbh acoo acoq acop = gxk hqb bfu
zbi = rhl grg
zbj = qzc
zbk acoo acop = col rgt cpl zfa
zbl = yok
zbm = aadk hsm
zbn acoo = kjm pbc uey
zbo acop acoo = obc
zbp acop acoo = for
zbq acoo acop acoq = dug qmc glj
zbr = xng
zbs acop acoo = iea
zbt acoo = ytg ouc eyb
zbu acoq acop acoo = zai ugi
zbv acop acoo = uby
zbw acoo acop = ljh
zbx acoq acoo acop = sxj
zby acop acoo = pfh
zbz acoo acop acoq = ay
zca acop acoo = abzy
zcb acop acoo acoq = jmi
zcc = dds
zcd acoo = cfi
zce acop acoo acoq = nmi
zcf acoq acop acoo = pqr
zcg acoo = cvg tsk ablr zpy
zch = mqj
zci acoo acop = xrs
zcj acoo acop acoq = hhi uoy
zck = aeb
zcl = bqe
zcm acop acoo = zck
zcn = tmv
zco = anz
zcp acoo = qfp
zcq acoo = cqk
zcr acop acoo = wfg
zcs = mky
zct acoo = fiv kiy vub
zcu acoo = sej
zcv acoo = bjz
zcw acoo = ywn fuk dap
zcx acoq acop acoo = vcw
zcy acoo acop acoq = nik bly
zcz = yas
zda acoo acop acoq = maw aaxj
zdb = osx uls
zdc acop acoq acoo = ruk thf
zdd acoo acop acoq = ebc aakj
zde = lrr lhi ezk
zdf = xew
zdg acoo acop = usk
zdh acop acoo = abph
zdi = lgk
zdj acop acoo = gkx kla
zdk acoo acop = aabv
zdl acoq acoo acop = tho
zdm = me
zdn acoo acop acoq = vrv nki
zdo = sus
zdp = acaf
zdq acop acoo acoq = tgh nqx
zdr = qmj
zds acoq acop acoo = rbm eck
zdt acoq acoo acop = xvr pkq
zdu acop acoo acoq = tl
zdv acoo acop = aayg
zdw acoo acop = vdg
zdx acop acoo = abzr
zdy acoo acop acoq = rru rcf
zdz = szg ujl yfp
zea acop acoo acoq = niq yie xyw ksf
zeb = qt ojy abca iwe
zec = abqq kly
zed acop acoo = mts gjh
zee acoo = twu
zef = vxa krm suv uhl kwr
zeg acoq acop acoo = rjq kiu spz tmv
zeh acop acoo acoq = wal qyo abkr
zei = gey abyc mwb aamu
zej = nsc
zek acoo acoq acop = auc
zel = kwh
zem acoq acop acoo = xcd mcf
zen = gwt
zeo = aaht cly
zep = gat zq dmk
zeq = ppj
zer acoo acop = tcu
zes = muv
zet acoo = mtd kzn ieo ott
zeu = zuc
zev acoo acop = nzp rjs kbc chq
zew acoo = xkl
zex acop acoq acoo = imw aov dvh
zey acoo acop acoq = lev bso
zez acoo = hbc oyi xaw
zfa = eat
zfb acoo acop acoq = umh cfh abot
zfc acop acoo = aaxr rdc
zfd acoo acop acoq = yki amv xiz ioq vyk
zfe = qyt ruq tqj
zff acoo acop = bba
zfg acoo acop = ukt
zfh acoo acop = tv
zfi acoo acoq acop = fmu
zfj acop acoq acoo = ert dy
zfk acop acoq acoo = ad dmp vma
zfl acoo acop = jkv luq pjl
zfm acoo acop = hgg
zfn = zux
zfo acoo acop = bao
zfp acoq acop acoo = sol edh akb
zfq acoo = aajy
zfr acoo acop = krx
zfs = vdx hlt swg
zft acoo acop = kka
zfu acop acoo = hnk
zfv acop acoo = jyj fsn
zfw acop acoo = jfk
zfx acop acoo = grm dfv
zfy acoo acop = ikk jhz aw lm
zfz = abcl
zga acoo acoq acop = oxt
zgb acoo = mrz
zgc acop acoo = tts
zgd acoo = aara
zge acop acoo = achq aacm
zgf acoo acop acoq = qwn vyd dsi odw blg
zgg acoo = uvi iej rvq zik
zgh acop acoo = phc
zgi acoo acop = abla vrw jej
zgj acoo acop = fsi yut
zgk acoq acop acoo = zho yos
zgl = pom mxb
zgm = dnu
zgn acoo = sgw
zgo = wru bmx
zgp acoq acoo acop = ith
zgq acop acoo = yxk
zgr = jtx aew (ho qcz zpd)
zgs = aclf wlz eym eus
zgt = rie sgu gjf
zgu acoo = kxl pya
zgv acoq acop acoo = nwk
zgw = vzz
zgx = aavf
zgy acoo acoq acop = qiq qma
zgz acoo acop = xdi
zha acoo acop = avz oyb abwc jha bxm
zhb acoo = ysc aaub qyq
zhc acop acoo = yzn
zhd = mta
zhe acoo = wzw
zhf acop acoo = cts oej gpj
zhg acoo = xim
zhh acoq acop acoo = rvj
zhi acoq acoo acop = bze
zhj acoo = nnj gxf (rak cvo)
zhk = sgl
zhl acop acoo = urm owl
zhm = lzi
zhn acoo = aarb
zho acoo acop = kog amd zyg
zhp acop acoq acoo = meo
zhq = ncj edd emo
zhr acop acoq acoo = acmr
zhs acoo = aayw
zht acoo acoq acop = vil
zhu acoq acoo acop = qge
zhv acoo acoq acop = abcz
zhw acoo acop = aafn
zhx acoo = llv acmg iri
zhy acop acoo acoq = oxo
zhz = ejo
zia = ezw
zib = wbl adp utp wte aao
zic = zet
zid = yqg fcm nay ton
zie acoo = vzg lub zrx
zif acoo acop acoq = jbh
zig acop acoo acoq = twx ujw biy
zih acop acoo = aari
zii acoo acop = tbk
zij acoo acoq acop = jxc
zik = aauy
zil = kvz
zim = nqx
zin acop acoo = bg aaxj
zio acoq acop acoo = lhh
zip = ktv
ziq acoq acoo acop = sob
zir acop acoo = dsp ilu fbq
zis acop acoo = pkf
zit = hmg
ziu acop acoo acoq = mcr
ziv = mtx
ziw = fyw kxv
zix acoq acoo acop = ope apx xcl
ziy acoo acop = rpp yyz
ziz acoo = nun esx aakw tvf aagq
zja acoo = kqc vdz
zjb acop acoo = nwv fml
zjc acop acoo = pqm gzh
zjd acoo = wnh fix abxs keh
zje acoo = oxo asi vrl
zjf acop acoo = jsz
zjg acoq acop acoo = aaoe
zjh acoo acoq acop = xwh zrg en
zji acoo acop = omd nhg ywq gdo
zjj acoo = ypc
zjk acoo acoq acop = nmj
zjl acoo acoq acop = zgr
zjm acoo = acbe tvg hvb
zjn acoo acoq acop = ktl
zjo acoo = gtl
zjp acoo = aum mz qgv
zjq acoo = bop
zjr acoo acoq acop = yra dc yml
zjs = cet qlw
zjt acoq acoo acop = rkq
zju acop acoo = idf abmw
zjv = lod
zjw = tkc
zjx acop acoo = blk njs
zjy acoo acoq acop = abpc
zjz acoq acoo acop = ulc
zka = axx hcg wdo
zkb acoo acop = vib
zkc acoo = hgm
zkd acop acoq acoo = wgz
zke acop acoo acoq = xyi
zkf acoo = qtt
zkg acoo = qrc
zkh acoo = owr
zki acoo = qbo zuu idt
zkj acop acoo = rcw fki
zkk = fc
zkl acop acoq acoo = aara
zkm acoo = etm sql abf
zkn = lxm xpp jm
zko acoq acop acoo = fjb
zkp acoo = hdl
zkq acop acoq acoo = epz xvi eyo
zkr = jxt
zks acop acoo = cfl nuo abmk
zkt acoq acoo acop = acja
zku = abpl jbq
zkv acoo acop = qvr
zkw acop acoq acoo = rle
zkx = dbx ao
zky acop acoo = isv bjc xjk owp
zkz acop acoo = bmk
zla acoo = msh
zlb acoo = fhf qvs khj zui
zlc acoo = nc
zld acoo = jli
zle acoo acop = brj
zlf acoo = tel yjl db awu
zlg acoo = elo
zlh acop acoq acoo = abpx
zli = btq abxx
zlj = mp cvf
zlk acoo = wvm
zll acoo acop = pzb (bzj qpx dzi fxv)
zlm = qag
zln acoo = lmm
zlo acop acoo acoq = evr
zlp acoo acop acoq = exg
zlq acoo = ztq acjp dye abts
zlr acoo acop acoq = tum
zls acoo acop acoq = awt yhm
zlt = joe wyr bsd
zlu acop acoo = ypr zin wqe
zlv acoo = pyl ozv ybi
zlw acop acoq acoo = xfd (tmh tsr ackt)
zlx acoo acop = yf
zly = aahy
zlz acoo acoq acop = sgu aaxo dnu zpi xft
zma acoo acop = chb ozi efq
zmb = jpg
zmc acoo = eej
zmd = imc dhc
zme = fdl
zmf acoq acoo acop = bvq tkz
zmg = crf zkt orm
zmh acoo acop acoq = mn xbx dah
zmi acop acoo = bbw
zmj acoo acop = xin
zmk acoo acop = fex
zml acop acoo = vfs isd
zmm acoo acoq acop = met
zmn acop acoo = glj
zmo = xdi
zmp = izf twv qvs
zmq acop acoo = ola
zmr acoo = kuz
zms acoq acop acoo = eum lfo
zmt acop acoq acoo = ogw
zmu acop acoo = vah
zmv acop acoq acoo = xei
zmw acoo = mvx
zmx acoo = abop zye aahq
zmy acop acoq acoo = esw kvh rfy
zmz acoo acoq acop = lgq dxn ybs
zna acoq acoo acop = gqr
znb acoo = ksc
znc acoo = onl
znd acoo = ohl
zne acoo = sns
znf acop acoq acoo = ocs
zng acoo = ryu
znh = fvl aadq
zni acoo acoq acop = hal
znj acop acoq acoo = ozn mab bnw
znk = hem rbz
znl acop acoo = skl
znm acop acoo acoq = blg
znn = njd nic gwx apm
zno = rfx
znp acoq acoo acop = sal uhq eym
znq acoo = jnj
znr acoo = abst vtf
zns acoo = fxj zrh
znt acoo = jkw aez
znu acoq acoo acop = abxm wvm plb
znv acop acoo = abqh nzt uiq mzj zbr
znw acoo = qz mho crs
znx acop acoq acoo = zbd
zny acoo = ablz kux ozt eqa
znz acoo = sro
zoa = pcx asm vju
zob = bth faz (mfi kvx)
zoc acoo = iha uam
zod acoo = jzy czm
zoe acoq acoo acop = yij fsm kfx
zof acoq acop acoo = gpy
zog acop acoo = laj ecd niy
zoh acoq acop acoo = xmn
zoi = ca
zoj acoo acop = sbg
zok acop acoo = cfh xsj kxd
zol acoq acoo acop = fac hdz
zom acoo = aatp
zon acoo acop acoq = adn
zoo = szv roi hla stc
zop acoo acop acoq = ffb muv
zoq = lhf ryq
zor acoo acop = mtf
zos = fkk
zot = xtg bwa ihr
zou acoo = tlf vet xge
zov = zue
zow acoo acop acoq = wxr
zox acoo acop = pri ajk
zoy = hso
zoz acoo acop = abcj
zpa acoo acoq acop = nve
zpb = nhx aciy acif ias
zpc acoq acoo acop = kfr nld
zpd = sgd kmv
zpe acoo = izv
zpf acoo = qjx hhv
zpg acoo = absc
zph acoo acop acoq = ef
zpi acoq acoo acop = bje
zpj acoq acoo acop = pxg fwc sua
zpk acoo = ewn cbc imh
zpl acoo = yvr
zpm = mvz jsz
zpn acoq acoo acop = ngk
zpo acoo acoq acop = jpf dxg
zpp acoq acop acoo = mid lwx khu apo
zpq acoo = qlk
zpr acop acoq acoo = hnl rxv
zps acoq acop acoo = aki
zpt = awl add
zpu = jrz jaw
zpv acoo = hbw achi
zpw = mxu vj ohb phy lbv
zpx acoq acop acoo = qui
zpy acoq acop acoo = qnu
zpz acoo = aavy pap
zqa acop acoo = jul
zqb = gje
zqc acop acoo = orv
zqd = yrt
zqe acoo acop = liv
zqf acop acoo = aavv xit
zqg acoo = xll iqg
zqh acoo acop = uen
zqi acoo acop acoq = loq
zqj acop acoq acoo = xkn
zqk acoo acop = jji (jzp abfh)
zql acoo = kte jvs bpl
zqm acop acoo acoq = tsl ejf
zqn = qfp
zqo = uvw
zqp = kru q
zqq acoq acop acoo = qji
zqr = aclw rsx (dav zgd sts)
zqs acoo = wwc aclv oif hkk
zqt acoq acop acoo = deg xnx
zqu acop acoo acoq = cwm
zqv acoo acop = wew
zqw acoo acop acoq = fyx egl aaxp ubf
zqx acop acoo = fxr
zqy acoo = osc qjw
zqz acoo acop = tno
zra = whn
zrb acop acoq acoo = rlv pab
zrc = fhz
zrd acop acoo = iqj
zre acop acoo = udo
zrf acoo acop acoq = aiy al abfb ijf alb
zrg acoq acoo acop = ura (jqs hif) xil
zrh acop acoq acoo = mxp xgd
zri = naa
zrj acoq acop acoo = kqj abpg bsq
zrk acoo acoq acop = abwj abyr uyr
zrl acoo acop = jyf rzj aak wmt qkk
zrm = eod
zrn = fbg
zro = vpm nui rho
zrp = hrh lgf prn dfo
zrq acoo acoq acop = wii
zrr acoo = fue dcz mrb
zrs = lvq
zrt acop acoo = jnl mhl rox zvn
zru acoo = kfr
zrv acoo acop acoq = len
zrw = aarm
zrx acop acoo = dwd tjh
zry acop acoo = otm xzx
zrz = vs nyd aclo
zsa acoo = crr
zsb = pzm
zsc acop acoo = iga
zsd acoo = aoo
zse acoo = tnq
zsf = qhp xfr abxe skb
zsg acop acoo = zay
zsh = bvz
zsi acoo = nsr
zsj = iva rzi erz xy
zsk = wzv
zsl = aacr mfj pis
zsm acoo acop acoq = ykh odq nai kat rga
zsn acop acoo = akz (pb zvp)
zso acoo = aans cax
zsp acop acoo = ppj
zsq acoo acop = swp
zsr acoo acop = brn dli
zss acop acoo = aarc rdr
zst = abba
zsu acop acoo = rvw oui epc ele wuk
zsv acop acoo = tlc wjx
zsw acoo = abdw mlb grt
zsx acop acoo = lka
zsy = aafk
zsz = jyc bgq kqb
zta acoo = nzr
ztb acop acoo = achi
ztc acop acoo = mnc
ztd acoq acop acoo = wpx
zte acop acoo = llb
ztf acoo acop = oin od
ztg = icw
zth acoo acoq acop = vkx
zti = npt
ztj acoo acoq acop = bol oxz
ztk = xax bjj xka
ztl acop acoo acoq = rpm
ztm acoo = ckr pca bwb cr
ztn acoo acoq acop = mso
zto = wdc ztl iaw chf luy
ztp = qbl dzi
ztq acop acoo = klv
ztr acoo = hxd
zts = bqe
ztt acoo = dlc wjl
ztu acoo acop acoq = hwg lys xru
ztv acoq acop acoo = vo
ztw acoo = stn wal sjk
ztx acoo = wxq ept lxo
zty = nht
ztz acoq acop acoo = qlz (tht qzd)
zua = fqk
zub acop acoq acoo = vjd ykg eoz
zuc acop acoo = dsm
zud = qvx
zue acop acoo = ipy
zuf acop acoo acoq = uev
zug acoo = vny
zuh = viq
zui acoo acop acoq = spz sfn yg
zuj acoo acoq acop = wlk nrw xwi
zuk acoo = ndo ktq
zul acop acoo = zjm
zum acoo acop = cbw aso
zun acoo = diw
zuo = loc dzy
zup acoo = acdi
zuq acoq acop acoo = zfz ppd cjs
zur acoo = pfx abyh
zus acop acoq acoo = rfs
zut acoq acop acoo = acgb gyb bmy
zuu acop acoo = abga pab abmg
zuv acoo = vqc
zuw = aaov
zux = mzk
zuy acoq acoo acop = fsk zzh
zuz = nbt
zva = www clk
zvb acoo = pmt
zvc acoo = zpz pcn uos
zvd acoo acop = yue mwm
zve = phk
zvf = vgh uov isg lll
zvg acoo acop = ifw bma
zvh = qsq
zvi acoq acoo acop = hic abld
zvj acop acoo = ldl
zvk acoq acop acoo = hht ule nkv kfu
zvl acop acoq acoo = iyr gia
zvm acoo acop acoq = gzb sif jzm
zvn = dvz pxr (hxu xpb fwv)
zvo acop acoq acoo = mlh abxb cxc bci nzi
zvp = rfd ijq
zvq acoo acop = hbb
zvr = ogu fpp (fjy gwr)
zvs acoo = twr
zvt = lyr vck xzt acdz
zvu acoo = mla wsy
zvv acoo acop = gtl
zvw acoq acop acoo = svc zbt
zvx acoo = vbs zpw
zvy acoo = aqb
zvz acoq acoo acop = dee
zwa = xdl
zwb acoq acop acoo = tzu apa
zwc acoo acop = apd
zwd acoo acop acoq = tia
zwe acoq acoo acop = mrd fuk ywc
zwf acop acoo acoq = nmt ij woj
zwg = wgo
zwh acoo = xeb wzc
zwi = aalt pns mck
zwj acop acoo = arh
zwk acop acoo = teo
zwl acoo = qcs vya ajg
zwm = uwg
zwn acop acoo acoq = gk mey
zwo acop acoo = yvb dxo lhw yng
zwp = gnh
zwq acoo acoq acop = kbo
zwr = hlt
zws acop acoq acoo = oye
zwt = hvj fsk olo
zwu acop acoo = onh dyx nnp gm bwe
zwv = wln
zww acop acoo = ejv
zwx = hyk
zwy acoo = aacn
zwz acoo acop acoq = iun abvg abck
zxa acoo = ltu rse zjv
zxb acoo acop acoq = xei bai
zxc acoo = pyv xai
zxd acoo = tew
zxe = rsz
zxf acoq acop acoo = wmt abby
zxg acop acoo acoq = gmw
zxh acoo = lib wwi ltu abpm
zxi = jv
zxj acoo = ihn wgz bcc
zxk acoo = xpl dkn
zxl = abfn fnq iwq
zxm = acnz
zxn acop acoq acoo = prv
zxo acop acoq acoo = nwu
zxp acop acoo = iiq
zxq acoo acop acoq = qax
zxr acoq acoo acop = acgn vw
zxs acoo acop = orr
zxt = wpm (rhe cnk)
zxu acoo = vob
zxv acoo = fts
zxw acoo = ids
zxx acoo = mlh vao
zxy acoo acop = fgs abtr gp
zxz acop acoo acoq = aavu fie
zya acoo acop = zoi icl hwd
zyb = xvn nwz vsv
zyc acop acoo = xaz
zyd = cx (tes jea) unu
zye acop acoo = oki
zyf acoo acop = utn hjv
zyg acoo = ljz (erd jqy nna)
zyh = aasl
zyi acop acoo = da
zyj = kc
zyk = nub scw
zyl acoo = fep
zym acoq acop acoo = aasu
zyn acop acoo = yfu
zyo = vjj
zyp acop acoq acoo = ryi efh
zyq acop acoo acoq = dtx
zyr acoo acop = ayu
zys acoo = tcv
zyt acop acoo acoq = fnx
zyu acoo acop acoq = ham qku lxa
zyv acoo acoq acop = zb (abmw nbq)
zyw acoo acop = bcy dmh
zyx = fzj
zyy = dkr
zyz acoo acop acoq = fiy abfz qzc sac
zza acop acoq acoo = xgy
zzb = iep thi
zzc acoo acop = eiq
zzd = dxe
zze acoo = ezv tdx
zzf acoo = hpm ges
zzg acoo = nzj
zzh acoo = bod vgn zwv
zzi = tqt
zzj acoo = lic bnp aaky
zzk acoo acop = ybb qh vfh
zzl acop acoo = yr
zzm acoo = aayi dhe ish zkj
zzn = xvb rsy imk
zzo = udj
zzp acoo acop = pz
zzq acoq acop acoo = xzy esg
zzr acoo = nrz
zzs = lha ztb jaj xkh khb
zzt = tdj
zzu = abdi xqv aasb qhg koh
zzv acoo acop = ablm ynw bas bym
zzw acoo acop = tnf
zzx = hra
zzy acop acoo = gox hci
zzz acop acoo = enx yts
aaaa = zps
aaab acoo acoq acop = jcn hvi iat ayy
aaac acoo acop = ous abmr
aaad acoo = tqk
aaae = had jsz
aaaf = isq
aaag acoo = rks aahh
aaah acoo acop = aqj
aaai acop acoo = pbr
aaaj acoo = bpm
aaak acop acoo = kvy fpd hcg pqr
aaal acoo = pv
aaam acop acoq acoo = gaw
aaan acoo = sae
aaao acoq acoo acop = oxo
aaap acoo = ubk zzw
aaaq acoo = nkw sfy lfo rbf
aaar acoo = wqt
aaas acop acoo acoq = itq
aaat acoo = otq vii
aaau acop acoq acoo = fgu
aaav acoq acoo acop = yvr pmb keu
aaaw = my fri
aaax = abdm rbc
aaay acoo acop = shg ces sbw bq
aaaz = usx vnu ijq
aaba acoo = deh
aabb acoo = iuk
aabc = mqa czm nvf lch
aabd acoq acop acoo = tuk
aabe acop acoo = cgy
aabf acoo acop acoq = aalj
aabg acop acoo = ctw (yhm jwt)
aabh acoo acop acoq = fsf kag cxe
aabi acop acoq acoo = acim
aabj acoq acop acoo = vfb
aabk acoo acop = nmm
aabl = gap abgt acdx sor
aabm acop acoo = cwv
aabn = zqh rku
aabo acoo acop acoq = qkq sjt ytb
aabp acoo acop = jkf bjz thf
aabq acoo = ydz tck
aabr acoo = hup lnp
aabs acop acoo acoq = wzw ackz
aabt = nfy
aabu acop acoo = xkd
aabv acop acoo = evb
aabw acoo = pdl tme hjy
aabx = yjh ucb absr uov
aaby acoo acop acoq = vzf
aabz acoo = wxl
aaca acoo = ske
aacb acop acoo = acif
aacc acoq acoo acop = aji jlg esl
aacd acoo = abvv
aace = rys
aacf acop acoo = rem uwz bji
aacg = tyg ykm (zok aafx)
aach acoo = cje
aaci acoo acop = iyz vef csc
aacj = rqk
aack acoo = ksl
aacl = ozn
aacm acoo = vau nmf zgk
aacn acop acoo = tuz dsb
aaco acoo = hyg
aacp acop acoo = cyt (ucj aol) rqo zxn
aacq acoo acop acoq = fru kfj
aacr acoq acop acoo = tmk wli wbg bth
aacs acop acoo = jjo
aact acoo = xuz lcs
aacu acop acoo = tmy
aacv acop acoo acoq = hvd
aacw = xgk
aacx acoo acop = api fgt fty wfm
aacy acop acoo acoq = frk my
aacz acoo = qum
aada acop acoo = ftk
aadb acoo acop = hez
aadc acoo = vck
aadd = prb
aade acoo acop acoq = qmh (dta aaqv) ukq
aadf acoq acoo acop = sym hrq
aadg acoo = dou
aadh acop acoo = ffb
aadi acoo acop = dfk
aadj acop acoo acoq = ogz utz jmu
aadk acop acoo = dca pfs
aadl acop acoo = npk xrv osl
aadm acoo acop = hwn
aadn acop acoo = erx sbg ikt
aado acoo acop acoq = cow
aadp acoq acop acoo = kzv (zvp caw)
aadq acoo = krs
aadr = zar
aads = uuh qdo rtz
aadt acoo = sjg szc kpl
aadu acoo acop = teh gso lmm
aadv acoo = acjk poa
aadw acoo = jec
aadx acoo acop acoq = ahf xyj
aady acop acoo = nuo cgr yjy
aadz acoo acop acoq = uqi tdm srv aace
aaea acoo = kdb
aaeb = lew
aaec = nhv
aaed acoo acop acoq = ihb
aaee acoo = jkk jko tqt aani
aaef acoo = ei aaye zz czr
aaeg acoo acoq acop = iri
aaeh acoo acoq acop = abux nwg fc
aaei acoo = zdm
aaej acop acoo = xbk
aaek = xvf lzb
aael acoo = abex
aaem acoo acoq acop = ysq
aaen acop acoo = sur
aaeo acop acoo acoq = mzl
aaep acoq acoo acop = owj spd aabg
aaeq acop acoo = xsr
aaer acop acoo = oe abx frd xwv uvc
aaes acop acoo acoq = qym xxk hrs
aaet acoo = rg
aaeu = mma
aaev acoq acop acoo = les
aaew acoo acop = oqk key
aaex acop acoq acoo = dwc gyv ymo rus
aaey acop acoo = rft
aaez acoq acoo acop = hjd lcv
aafa = kfm
aafb acoo acop = gzr kww
aafc acoo = pnd
aafd = bvt
aafe acoo = wgw
aaff acop acoo = ums
aafg = xm hxg
aafh acoo = itf vxm
aafi acop acoq acoo = etj
aafj = xdb wpx
aafk acoo acop = bbg wli ttg
aafl acoo acop = epd
aafm acop acoo acoq = qb
aafn acoo = wgo sjf
aafo = xdx
aafp acoo = xyk
aafq = bxn aafi
aafr = zyj
aafs acoq acoo acop = xvo
aaft acop acoq acoo = cmw maj klx
aafu = xnk
aafv acoo = aany wqh xsj
aafw = vce wrh
aafx acoo acop = dwv gv alm sfh
aafy = sjm
aafz acoo acoq acop = gpw
aaga acop acoq acoo = abtt
aagb acop acoo = aamg nvn
aagc acoo acop = xaq hge fku
aagd = jmn uwf
aage acoo acop acoq = quj
aagf acoo acop = pja voj dzl xqw
aagg acoo acop acoq = acgb
aagh acop acoo acoq = ldd
aagi = wnj
aagj acoo acop = dvy xdk pga
aagk acoo = unm lnq idc
aagl = gww
aagm acoo = jnh fss qsb iiq
aagn = mfz ynj
aago acoo acop = ipg
aagp acoo acoq acop = nmu tgj
aagq acop acoq acoo = nib
aagr = nnc
aags = gyu
aagt acoo acop = xzb
aagu acoo acop = ablu
aagv acop acoq acoo = jsm
aagw acoo acop = ijz mbc
aagx acop acoo = bve
aagy acop acoo = xje
aagz acoo acoq acop = uyl cbi
aaha acop acoo = yzg mwv xkj usz
aahb acoo = wbp nko
aahc = acax
aahd acoo acop = hlo
aahe acoo acoq acop = fwn
aahf = tel
aahg acop acoo = zyr
aahh = wig ph dlc rcx
aahi = rov
aahj acoo = twl
aahk acop acoo acoq = pra
aahl acop acoo = kvj
aahm = wlq aail
aahn = kdz
aaho acoo acoq acop = tul ccn wyl
aahp acoo acop = kqv aalt xic
aahq acoo acop acoq = aog
aahr acop acoo = egp iyl
aahs = glm bjf znb
aaht acoo acop = grs
aahu acoo = rod
aahv = pzj yvh
aahw acop acoo = achg ust
aahx = anf moh
aahy acoo = gig
aahz acoo acop = rst
aaia acoo acop = yjv
aaib = hok
aaic acop acoo = rch
aaid = zjq
aaie acoq acoo acop = cki
aaif acop acoo acoq = qrp
aaig acop acoo = xgv fkn
aaih acoo acop = abhz
aaii acop acoo = uvs
aaij acoo = you
aaik = ftf
aail acoq acoo acop = hvx
aaim acoo = lhb
aain = vsz axi
aaio = ygu wls jlq
aaip = rnk
aaiq acop acoo acoq = def mgi kua
aair acoo = pac
aais acoq acoo acop = pny
aait acop acoo acoq = mtk
aaiu acop acoo = shb rvh
aaiv acop acoo acoq = rhn
aaiw acop acoo = hq jfd hqc
aaix acoo acop = mol
aaiy acop acoo = gor
aaiz acop acoo acoq = trk epw
aaja acop acoo acoq = rnw
aajb acoo = rlt zyf
aajc = fgx ons
aajd acop acoq acoo = svy
aaje = kta
aajf = xpj
aajg = dbt
aajh = pat xdr pex vnv
aaji acop acoq acoo = euv zrn xlf
aajj acoo = euh
aajk = sre
aajl acop acoo = czw
aajm acop acoq acoo = wo axn
aajn = dpg
aajo acoo acop acoq = usl
aajp acoq acop acoo = dlm tog
aajq acoo acop = rwp
aajr acoo acop = pur
aajs acoo acop = cfb
aajt acoo acoq acop = hjy fam
aaju acop acoo = jop aanp abyw lqh
aajv acoo acop acoq = gqu khw
aajw acoq acoo acop = zci dpq xrx
aajx = fkk
aajy acoo acop = cgl
aajz acoo acop = gno
aaka = rts
aakb acoo = mik gtb
aakc acoo acop acoq = qyy
aakd acoo acoq acop = gjw
aake acoo = hxp dwf
aakf acop acoo acoq = zsf
aakg acoo = nhq
aakh acoo acop = hhb mky
aaki acoo = iet
aakj acoo = oih
aakk acoo = qwp
aakl acoo acop = ith
aakm acop acoq acoo = coj
aakn acoo acop = abic aarz
aako acop acoo = pnq
aakp acop acoo = jwz wkx stx
aakq acop acoo = inp
aakr acop acoo = vnn mex swq
aaks acoo = ilr
aakt acoq acop acoo = eqh bwv
aaku acoq acoo acop = yea xfr wdq nqi oib
aakv = aux uzq rdg
aakw = sxi ota pcu
aakx acop acoq acoo = fxe
aaky acoo acop = lsj muf wby
aakz acoo = jml
aala = zhy
aalb acoo acop = iip yul bjd
aalc acop acoo acoq = sgh wgn
aald acoo = uyp fjt rvn
aale acoo = rrz kdq
aalf acop acoo = ysd
aalg acoo = kpe
aalh acop acoo = tku
aali acop acoo = sff
aalj acoo = dlg gfe eaw rrx
aalk acoo acop = jpt
aall acoo = rid
aalm acoo acoq acop = cyi osi vdv
aaln = qif yhu
aalo = wvw mgb rbw
aalp = afo bjh cuv
aalq acoo = xws dx aabz ckr
aalr acoo = tou dvs fnu
aals acoo acop = ean
aalt acoo acop acoq = rww kjn pwo
aalu = owp nyd wtq gsa qja
aalv = xzi
aalw = yae
aalx = yvo
aaly acoo acop = xnl sxg axn agx
aalz acop acoq acoo = pwf
aama acop acoq acoo = sde rex
aamb acoo acoq acop = jvd
aamc acop acoo = krd
aamd acoo acoq acop = wss hkl peo pnu
aame acoo = qhs
aamf acoq acoo acop = fag
aamg acoo = xdk uxk
aamh acoo acop acoq = fce
aami acoo = fty jlc kij azb
aamj acoo = ujm wvc
aamk = jaq
aaml acoo = yfw olh owq
aamm acoo = yfa zhp jxd
aamn = gpj
aamo acoo acop = uen icx
aamp = sej
aamq acoo = swd
aamr acoo acoq acop = noe
aams acop acoo acoq = jxf
aamt acop acoq acoo = acfx
aamu acoo acop = trk
aamv = hyf ivs abeu aciv
aamw = uoq kra
aamx acoo acop = qas rmh nir
aamy acop acoo = zvd krt
aamz acoq acoo acop = ywn
aana acoo = rly
aanb acoo = vds aahd
aanc acop acoo = aws nty wjz
aand acoo acoq acop = ovb
aane = muf
aanf acoo acop = itq
aang acoq acoo acop = vzs
aanh = abul zoy
aani acoq acop acoo = tdk
aanj acoq acoo acop = aaqh gjw
aank acop acoo = lxq nto
aanl acoo = otl
aanm acoo = hzs
aann = zkq ugo abzf
aano acoo = aasl zxv
aanp acoo = pbq yhz fqg ngu
aanq = oux itg
aanr acoo = ypq uch cyz xwv
aans = mbq qbz nzv bdj abrg
aant = aaku
aanu = kid ruy nbg
aanv acoq acoo acop = tbo
aanw acoq acop acoo = erw fkw wuv nwg
aanx = km
aany acoo acop = cjl
aanz = lpj (sjq wsu)
aaoa acoo = hai
aaob = aaah
aaoc acoo acop acoq = ynj bha abmn
aaod acop acoo = wej zfw
aaoe acop acoo = cuy
aaof acop acoo = abtw (qjj hkg) ctv
aaog acop acoq acoo = nih
aaoh acoo acoq acop = abvs
aaoi = oko
aaoj acop acoq acoo = fjf
aaok acop acoo acoq = adf grg pgd zms
aaol acoo acop acoq = qsv ofe
aaom acoq acop acoo = yyk
aaon acoo acop = abtt
aaoo acoo = iea
aaop acop acoo = wuj kmr flo
aaoq = jwi
aaor acop acoo acoq = djx
aaos acop acoq acoo = zoj
aaot acoo = wbc gwf ill hlm
aaou acoo = pmy xkv
aaov acoo acop = nbu dgr
aaow acoq acop acoo = vzc wpz edz ymi
aaox acoq acoo acop = mzr
aaoy acoo = pzm
aaoz acoq acop acoo = vlt
aapa acop acoo = zyk
aapb acoo = rqt ivy uai jtc
aapc = fko cil aayx
aapd acop acoo = ajo ixp
aape = wpl zhu
aapf acop acoo = mex uqo ptx dft
aapg = wqt tjx zjj
aaph acop acoo = abzi
aapi acop acoo acoq = jql abtw dyj
aapj acoo acoq acop = mds (mpj lpb)
aapk = oha
aapl acoo acop = oid
aapm acoo acoq acop = sx
aapn acoo acop = afo afd vfw
aapo acoo acop = jca
aapp = uqr
aapq acoq acoo acop = abdt
aapr acoo acop = lfn
aaps = leq
aapt acoo = jeq rqx xkc fai guc
aapu acop acoo = qpm nxv nha
aapv acoo = mbq dod qhd
aapw = zsp ghy
aapx acoo = ikh iue csu
aapy acoo acoq acop = nzh rcb adl
aapz = vat
aaqa acoo acop = iyh
aaqb acoq acop acoo = sm eet npt
aaqc acop acoq acoo = hro
aaqd = vgp omg abkm
aaqe = wur myd tss
aaqf acoo = abeo xdz
aaqg acoo = wpy
aaqh = jdv voh
aaqi acoo = xxd dvv
aaqj acoo acop acoq = fud hgy ukb pwe
aaqk acop acoo = smu zvy mxb
aaql acoo acop = uga eou qrz dlk qcw
aaqm acoo = pnl
aaqn acoo acop acoq = rkk
aaqo acop acoo = oya
aaqp = aaxe
aaqq acoo acop acoq = oke
aaqr acop acoo = uxd
aaqs acop acoo = lah efp bqo
aaqt = goa wba
aaqu acop acoo = yjs
aaqv acoo = al
aaqw acop acoo = std nkq nfi
aaqx acop acoo = aafh
aaqy acop acoo = tas dfz
aaqz acoo acop = sjj
aara = xrr foy vkc
aarb = bu qpa bhe ego
aarc acoo = zws
aard acoo acoq acop = ove ndb bef nmj xnw
aare acoo = bvw
aarf acop acoo = hpv quf opn
aarg acoo acoq acop = fzr
aarh = hgo rbh aanw
aari acoo = lyp aayj fhg fot
aarj acop acoq acoo = jos bwo xnp
aark acoo acop = kks
aarl acoo = ogm
aarm = nej
aarn = yiq zaa
aaro = dqr qlj bvn
aarp acoo = jfv
aarq = aea
aarr acop acoo = jmx
aars acoo acop acoq = sql
aart = jhn
aaru acop acoo = kos
aarv = hpc
aarw acoo = xk aaxi mif
aarx acoo acop = oye aake xtm aabh
aary acoo acop = ackr
aarz = hmk
aasa acoq acoo acop = rgz eje sdt
aasb acop acoo = vvn
aasc = jlr
aasd = aaih
aase acoo acop = rcz
aasf acoo acoq acop = ulc rsh hci xol
aasg acop acoo = ycy
aash = ykp oml
aasi acop acoq acoo = sqm wbt
aasj acoo = ejj axk rwj xhg
aask = kzf glv wgf ymq
aasl acoo = czo
aasm acoq acop acoo = hse
aasn acop acoq acoo = jof wtn nyg
aaso acoo acop = aaxg trw
aasp acop acoo = aapr
aasq acoo = ckh qky
aasr acop acoo = abqv
aass acoo = avq wlp hto esz
aast acop acoo = bxo
aasu acop acoo = bct
aasv acop acoo = aans
aasw acoo = pre jxm
aasx acoo = tgs
aasy acoo = ybe lsk eob
aasz acoo = xst
aata acop acoo = anl ypf qjb
aatb acop acoo = ky acaj lab
aatc acoo = pdj
aatd acop acoo = iwz yhb pjc
aate acoo = zku
aatf acoo = hss dwt xzx
aatg acoo = yob
aath acoq acop acoo = tui
aati acoo = iap
aatj acoo = ime
aatk acop acoo = szs
aatl acoo = nmq yxn nyf
aatm acop acoq acoo = ablc
aatn acoo = xbr
aato = exl
aatp acoo acop acoq = uzz brs (urn zet)
aatq acop acoq acoo = jfv nh abhj
aatr = toz yas
aats = kkv
aatt acoo acoq acop = ehz
aatu = rvt rex exr nev
aatv acoq acoo acop = dyt zna vw
aatw acop acoq acoo = wuk
aatx = ycd acfp uvs
aaty = frc ybc aawz
aatz acoo = dbe
aaua acoo = ezm smo
aaub = amt
aauc acoo acop acoq = obp
aaud acoo = aajx wgg awf sao xmm
aaue acoo = khk
aauf acoo = ilv goq
aaug acop acoq acoo = roj
aauh acoo acop = krd
aaui acoo acoq acop = wyj bkt
aauj acoo = pdb
aauk acoo acop acoq = xbe
aaul acop acoo = zqd qro dqv
aaum acoo acoq acop = sum bil mhn zoj zcl
aaun acoo acop = wqv
aauo acop acoo = fxe
aaup acoo = jlc
aauq acop acoo acoq = tdn zrw
aaur acoq acop acoo = xb
aaus = qy zrm
aaut acoo = nel
aauu = xly
aauv acoo = wte
aauw = ale
aaux acoo acop = zqy acks acoe
aauy acop acoq acoo = fpm hdo
aauz acoo acop acoq = dcy apq kre
aava = onr nyx
aavb acoo = jbe xsg
aavc acoo = acld
aavd acoo acop = ddi tad aoh
aave = hpy
aavf acoo = lix fvk gkj swt
aavg acop acoo = ybo
aavh acoo acop = qot tsi acmd
aavi = acex yfn
aavj acoq acoo acop = znj pha iis
aavk acop acoq acoo = xmk
aavl acoo = upo
aavm acop acoq acoo = kfk rkp
aavn acoo acop = azp qyy okz zvz
aavo acoo = hbi gtu aafa zfq
aavp = opt cjl
aavq acoo = mao
aavr acoo acoq acop = tbw cdb iak rkq
aavs acoo acoq acop = bwr
aavt = muo abzp
aavu acoo acop acoq = gin
aavv acop acoo = vgi xkl kpz
aavw acoo = wkv isg sq rac
aavx acoq acop acoo = ten
aavy acoo acop = yxo mxx qax wdc krb
aavz = ejr (tqf zir wbg)
aawa = cpi
aawb = pux
aawc acoo acop = azv di kee awg
aawd acop acoo = bib vnt
aawe acop acoo = zmg
aawf acop acoq acoo = jsh dcl asq aoh
aawg acop acoo = yzn
aawh acop acoo = abps
aawi acoo acop = ezp cva zzb
aawj acoo acop = bgo abdf ik
aawk acop acoo = uxg
aawl acoo = wtq
aawm = aatw trp
aawn acoo = yqq
aawo acoo acop = gpv fsb
aawp = tlu fww
aawq acoo = xjp aox
aawr acoo acop = hpa
aaws acop acoo = hil
aawt = tee
aawu = ifz myj
aawv acoo acoq acop = iyd jag (mzf oeg)
aaww = vph
aawx acoo acop = wgx zic hag zqs
aawy acoo acop = rsn
aawz acop acoo = obl
aaxa acoo = wep
aaxb acop acoo = wvt kkx tlg vtt
aaxc acoo acop acoq = abfo nlb
aaxd acoo acop = rfa
aaxe acoo = mwb
aaxf = abtm
aaxg acop acoq acoo = boe
aaxh acoo = ypt
aaxi = aats ndq
aaxj acop acoo = uvn vnn
aaxk acop acoq acoo = hfj ackc
aaxl acoq acoo acop = bqg arb pfy cpf hp
aaxm acoo = oqf zdx acoo
aaxn acoo = fjn dzh
aaxo acoo acoq acop = ixq
aaxp = brn
aaxq acop acoo = dtf
aaxr = xij qul
aaxs acoo = aciv
aaxt acoo = xia uhb
aaxu = tta
aaxv acop acoo = suh cfz aok
aaxw acoq acop acoo = zqx
aaxx = qzf lmq iqp yld
aaxy = qjp
aaxz acoo = aaxb
aaya acop acoo = fqv
aayb = nym
aayc acoo acop acoq = tgk
aayd acop acoo = xcr fbs (oae uij)
aaye acoo = abed
aayf acoo = hrl csq
aayg acoo acop = yti dkf qhr
aayh acop acoo = vmy kei
aayi acoo = dwv qzo
aayj acop acoo acoq = zdn
aayk acoo = rur
aayl acoo = wsz
aaym acop acoo = kyb eqi ouj
aayn = jlu kkp
aayo acoo acop = qee
aayp acop acoo acoq = guk
aayq acop acoq acoo = una ekb
aayr acop acoq acoo = ava
aays acoo = fnz
aayt acoq acop acoo = llo ysl bkx ouf
aayu acop acoo = jte
aayv acoo = exl
aayw acoo = sgv kuz
aayx acoo acop = gok
aayy acop acoq acoo = gqm
aayz acoo acop acoq = uin ktk
aaza acop acoo = uk
aazb acop acoq acoo = xwt
aazc = zdp
aazd acop acoo acoq = aafr cjq
aaze = ynk xfk
aazf acoq acop acoo = kma
aazg acoo = cyj
aazh acop acoo acoq = acbl
aazi acoo = mki hii qjg
aazj = kfi
aazk acoo = uqd
aazl acoo acop = fcx dgb dqv
aazm acoo acop = wdn
aazn = kbk
aazo acoo acoq acop = absf
aazp acop acoo = wmg
aazq = jzk
aazr acop acoo = qci
aazs acoo = xqy
aazt acop acoo = uwj
aazu acoo acop = acg ozc onc
aazv acoq acoo acop = acdn
aazw = ncz
aazx = eoj iiw
aazy acoq acoo acop = voc xgf
aazz acoo = cru
abaa acoo acop = ry
abab acop acoo = mcd
abac acoo acop = aagz dtx qwl uzx
abad acoo = mnp sew
abae acop acoo = cov
abaf acop acoo = bii
abag acoo acop = bxd
abah acoo = aaft
abai acoo acop = qrb
abaj = abih abkn
abak = gzm gdn
abal acoq acop acoo = zwm yjd aaxq
abam = tfm (kes cje)
aban acoo acop = cau
abao acoo = usl
abap acoo acoq acop = pie
abaq acop acoo = wgo
abar = ija dux xai
abas acoo = urt ayi uzi
abat acoo = acft vbz tqk
abau acoo = aagv gwl
abav acoo = jpr
abaw acop acoo acoq = ilp (usl pnk) prf
abax acoo acop = dfb zkl
abay = moi
abaz acoo acop = ckz
abba = qdp
abbb = zad
abbc = aaws
abbd = kqu
abbe acop acoq acoo = ntc fob weh
abbf acoo acoq acop = xji
abbg acoo = pbp
abbh acoo = abaz
abbi acop acoo = vsr mur lfz mau mxq
abbj acoo = epg duh geg aanf
abbk acoo = vdm acas prc
abbl acoo = dqb
abbm = xfv
abbn = bmg gdx
abbo acoo = int
abbp acoq acoo acop = hhr
abbq acoo acop = acay
abbr = abxk
abbs acoo = gaq
abbt = fbi sxf
abbu acoo acop acoq = lal svp dyw oso
abbv = qlz
abbw acoo = aanz
abbx acoo = sgv
abby = qtj
abbz acoq acop acoo = swx ntj
abca acop acoo = ackh
abcb acoo acop acoq = wfc
abcc acoo = tid (qck bcd pdy aaeg)
abcd = ktr lwx
abce = iin oya kac abjq nki
abcf acoo = fyj
abcg acoq acoo acop = zqs vxt xxc clh
abch acoo acoq acop = dsu
abci acoo acoq acop = krm
abcj = weq bao ablp
abck acoo acop = ncb ljx
abcl = ark
abcm acoo acoq acop = ury elv sft eya udc
abcn acoo = fat
abco acoo acop acoq = ggd (esb pwf)
abcp acoo = ibx
abcq acop acoo = qho kms rsj kac byl
abcr acoo acop = cif
abcs acoo acop = nnq wtg
abct = odf (absu pyj)
abcu acoq acoo acop = jtf
abcv acop acoo = acnn hj
abcw acop acoo acoq = geq xss
abcx acoo = aakt jvz
abcy = mtv zak jsq
abcz = ymz nvf kod sbm
abda acoo = aatk jdp mor
abdb = paj
abdc acoq acop acoo = loz
abdd acoq acop acoo = spd
abde acop acoq acoo = slw
abdf acoo = xui
abdg acoo = svr
abdh acoq acoo acop = gjz akt
abdi acoo acoq acop = aaga
abdj acop acoq acoo = qvy lex
abdk acoo acoq acop = feu
abdl acoq acoo acop = rmm
abdm acoo acop = akx
abdn acoo = thi nre
abdo acop acoo = knv fux
abdp acoo = xmd
abdq = wfb cxj
abdr = qpx gdq sam aawl
abds acoo = abyk
abdt acoo = pkl
abdu acoo = ssn xb emn
abdv = aavi
abdw acop acoo acoq = vuq acr wnt ddi
abdx acoo = pjt acge
abdy = jvv yah
abdz acoo acop = clx lbo nzl qrm
abea = umb qw
abeb = tlc ywe
abec acop acoo acoq = jin pon zoi ayp
abed acoo = rke
abee acoo = yom nbn
abef acop acoq acoo = lck
abeg acoq acoo acop = rgp tgb
abeh acoo acop = oy
abei acoo acop acoq = wax
abej acop acoo acoq = scz
abek = wrr uxu
abel acoo = cf
abem acoq acoo acop = djt
aben acoo acoq acop = acjk (hyf ezo)
abeo acoo = sqi aavj
abep = shc
abeq acop acoo = tsi
aber acoo acop acoq = iti
abes acoq acoo acop = zbs yzx wdf jfw
abet acoo = abva rzy jfw
abeu = bor boe
abev acoo = twd
abew acoo = tsk
abex acoo acop = qwe akc
abey = ewy
abez acoo = cdu
abfa acop acoq acoo = dur
abfb acoo = huy xpc
abfc acoq acop acoo = abtz absa
abfd acop acoo acoq = cci gfx muo etv
abfe acoo = owr vjl dzh ici
abff acoq acop acoo = euk
abfg acoq acoo acop = mqb jgu
abfh = vqu
abfi acoq acop acoo = dno
abfj = xcj
abfk acoo = jkj (rsg quc ald)
abfl acoq acop acoo = jww aapl
abfm acoo acoq acop = qfv
abfn = jha
abfo = hcg kzi
abfp acoo acoq acop = kub
abfq acoo acop acoq = txb dkg
abfr = aain
abfs acoo acop acoq = gtn
abft acoo = zlu
abfu acop acoo = icy
abfv acoo = hqb
abfw acoo = acns
abfx acop acoo acoq = acm (tjn brx)
abfy = yex
abfz acoo = lmt wag
abga acoo = obz
abgb acoo = vav
abgc acoo = yf
abgd acop acoo = zbb zgq
abge = vfy
abgf acoo acoq acop = ebj
abgg acop acoo = bgo
abgh = sgj
abgi acoo = utc
abgj acoo = bnu
abgk acop acoo = doz jaj
abgl acoq acop acoo = eci nef yse khh
abgm = wew qmu
abgn acoo = wh
abgo acoo acop = abym
abgp acop acoo acoq = jrg
abgq acoo acop = eqj
abgr acoo acop = kuw
abgs = plo
abgt acop acoq acoo = aasl kas jaa
abgu acoo acop = hpx ctk
abgv = zor
abgw acoo acop = wi
abgx = sxg aif
abgy acop acoo = gvw pch yys
abgz acoo acoq acop = rbj
abha acop acoq acoo = rep gts wyr wcx lef
abhb acop acoo = hnz rca
abhc acoq acop acoo = nrq wvm owd
abhd acoo = kaq
abhe = yof
abhf acop acoo = bpr nqf zie
abhg = jod
abhh = aahj
abhi = ymr
abhj = acfp
abhk acop acoo acoq = ngg
abhl acop acoo acoq = fbd crs xjn
abhm = ejc sji
abhn acoq acoo acop = ntd
abho = wjq ona awt
abhp = aaad tss
abhq = edz pn dzg ane
abhr = fbs
abhs acoo = tmm
abht acoo = byx
abhu acoo = aavb
abhv acoo acop acoq = feq
abhw acoo acop = abjh
abhx acop acoo = ztq jot knf
abhy acoo acoq acop = abdf
abhz acoo = yob
abia = zxq hdh
abib acoo acop = kzn
abic = cio
abid acoo acop = cpj
abie = igm
abif acop acoo = avh
abig acoo acoq acop = wko
abih acoo = oau wrg (lxg zxx ucw)
abii acoq acoo acop = kqf aqk tbc
abij acoo = nyt
abik acoo acoq acop = dqv
abil acoo = rkf hpm
abim = otg mzy koy bnz
abin acoq acoo acop = lgg
abio acoo = acol
abip acoo = qqs
abiq acop acoo = sus
abir acoo = ltf fgq
abis acoo acop = nnz
abit = ode rka
abiu acop acoo = ucc
abiv acop acoo acoq = igm hqg abcb
abiw acoo = tgx (rmw hyk exk)
abix acoo = waw thu nlp
abiy acoo = giq
abiz = usm xqe xem
abja acoo acop acoq = ijg
abjb acop acoo = rxp
abjc = paq
abjd acop acoo = dht
abje acoo acop = zfb jtv
abjf acop acoo = acnq aadc
abjg acoq acop acoo = aaoi
abjh = ztz
abji acoo acoq acop = tnn
abjj acop acoo = moz
abjk acoo acop acoq = vlq
abjl acoo = piw
abjm acoo acop acoq = zmn
abjn acoq acoo acop = aaxk rmd aciy
abjo acoo acop = aacl
abjp = qsz
abjq acop acoo acoq = wkc
abjr acop acoo = nqy
abjs acoo acop = fly
abjt acop acoo acoq = ted cyu ggu
abju acop acoo = kzs erc nbz
abjv = xam jpi ackl kmm phe
abjw acoo acoq acop = bwu
abjx acoo acop = fpa yre qvo
abjy acoo = dwn
abjz = gmg
abka = fxh
abkb = svb rvk
abkc acoo acop acoq = ttc byo nfj
abkd = mrp
abke acop acoo = hqn vtt nev
abkf acoo = yet
abkg = oik
abkh acoo acop = xsu
abki acoo acop acoq = eip
abkj acoo acop = syn
abkk = vmg
abkl acoo = acbm uqw tuj
abkm acoo acop = baj
abkn acop acoo = iow
abko acoo = rpj
abkp acoo acop = aavf
abkq acoo acop = lvc
abkr acop acoq acoo = yx
abks acoo = paq gas
abkt acoo acop = aclv icz qwg ro
abku = ift omp
abkv = qtb kfa zrk pcc
abkw acoo = tab
abkx acoo = vms
abky acop acoq acoo = isj
abkz acoo = vh kdt lfu
abla = dse hmj
ablb acoo acop acoq = kqm dhj tab fco ycu
ablc acoo = eqe
abld acoo acop = rcw mdt hww
able acoq acop acoo = jnb zwz
ablf acoo = tac luv
ablg acoo acop = cvo
ablh acoo acop = ldy mwv cwa phq
abli acoo = irl
ablj acoo acop = tcq
ablk acoo acoq acop = phb
abll acoo = ocl irm
ablm = vtd jyj viy
abln = tp
ablo acoo = mou
ablp acoo = gmt dpv ihl
ablq acop acoo = rkt
ablr acop acoo = ikh
abls acoo = xxr
ablt = nzt
ablu acop acoo = jjn
ablv = okm
ablw = rho abgk pdc
ablx acop acoo = kpa jdx
ably acop acoo = rgr ith bbl
ablz acoq acop acoo = mgz dju ing
abma = ovj
abmb acoo = fjy abrg
abmc acoo = bbt jzp
abmd acop acoo acoq = fgt tit
abme acop acoo acoq = kkw
abmf acop acoo = irs
abmg = kce mke
abmh = wzy huo
abmi = hod
abmj acoo = nft
abmk acop acoo = mdf
abml acop acoo = yan
abmm acoo = wcx
abmn acoo = zam
abmo acoo = tgl
abmp = wot mj
abmq = qpw
abmr acoo acop acoq = cqf rw aayk
abms acoo acoq acop = gaq
abmt acop acoo acoq = ao
abmu acoo acop = ucz xtp acim htg
abmv = nvy
abmw acoo = riw
abmx = ekr
abmy acop acoo acoq = jcz
abmz acop acoo = nqt
abna = omp
abnb acoo acop = lov
abnc = uzk laq
abnd acoo acop = glx
abne acoq acoo acop = ymi aakr hxs
abnf acoq acop acoo = aalp
abng acoo acoq acop = jxr
abnh = mid
abni acoo = zhx qdk
abnj acop acoo acoq = vpj
abnk = ysn
abnl acoo = ixq
abnm = ozq ziv ewa rkw
abnn acoo acop = pex zgq gdn
abno acop acoo = mgk czu
abnp = ofm
abnq acoo = zlv liy vss exq
abnr = ofn
abns acoo acop = dqn
abnt acop acoq acoo = ukq
abnu acoo = ppt
abnv acoo = plt ihn
abnw acoo = cjy
abnx acoo = ygh
abny = mmw dqi qmz
abnz acoo = dad iqj rrt
aboa acoo = bnx
abob acoo = hkh jdu juq hjk ioh
aboc = unt
abod = ond
aboe acoo acoq acop = usd
abof acoo acoq acop = hzf
abog acop acoo = kpy oex rfw peg
aboh = uwf han xcf
aboi acoo = doq
aboj acop acoo = vzb
abok acop acoo = eih
abol = vqc mdj yrh
abom acoo = zxs
abon = lcl kmm
aboo acoq acop acoo = ijg
abop acoo acop = cxl
aboq = jvu
abor acoq acoo acop = baz
abos acoq acop acoo = gqt lbq
abot acoo = acfi
abou = uvv
abov acoq acoo acop = ezr aarf abcn
abow = zgn vt
abox = dbk etg wbg yt yyo
aboy = dru krp dqt udl
aboz acoo acop = woj
abpa acoq acop acoo = ryb
abpb acoq acoo acop = sbf
abpc acop acoo acoq = jym
abpd = abmz hry
abpe acoo acop acoq = rwt nxh
abpf acoo = otc
abpg acoo acop acoq = hyc
abph = tur zma vfr wsi
abpi acoq acop acoo = mcf
abpj acoo = cah
abpk acoo acop = aawb
abpl acop acoo = vjf
abpm = abpz
abpn acoo acop = fcx
abpo acoo = nlk
abpp acoo acop = hsl
abpq = ieu
abpr acop acoo = vrb vqy
abps acop acoo acoq = htu
abpt acoo acop = abnh aid
abpu acoo acop = tle
abpv acoo = hog aauk cko
abpw acoo = flm
abpx acoo = cpv
abpy = szo
abpz acoo = uva hve cnk upf
abqa acoo acop = tdn
abqb acoo acop = iab bfn abqx
abqc = jun ecr
abqd = fow
abqe acoo = qp hw ypp (xuk zmq)
abqf = nam yfi zrv
abqg acoo = mzi
abqh acoo = bfh
abqi acoo acoq acop = lno pmc
abqj acoo = ana
abqk acoo = qo
abql acoo acop = ane
abqm acop acoo = ved w aahs
abqn acop acoo = qym
abqo acoo = tyd zew srk
abqp = abbn sig lqy ltk
abqq acop acoo = pmq
abqr = err
abqs = lte
abqt acop acoo = eur
abqu acoo acop = qko
abqv = zng
abqw acop acoo acoq = cbe
abqx acoo = xfr
abqy acoo = kxg zmy psk
abqz acoq acoo acop = raw
abra acoq acop acoo = ucn
abrb = eub
abrc acoo = ekq
abrd acoo = bwr npq
abre acop acoo = hvx
abrf acoo acop = och
abrg acoo acop = kkv
abrh acoo = hcr
abri acop acoo = xgo
abrj = mer ovx flj
abrk = lan bsd k
abrl acoq acoo acop = vyw
abrm acoo = urq
abrn acop acoq acoo = tnc
abro acoo acop acoq = vxl gxj ubq
abrp acop acoq acoo = ctl
abrq = kgq
abrr acoo acop = j absv
abrs acoo acop acoq = abkn fjm llo zsd
abrt acop acoo = rxm
abru acoo acop = fpa
abrv = zqn nyr gjx
abrw = swc
abrx = dws nhf mor
abry acoo = bno
abrz = lzj
absa acoo acop = cwz absk
absb acoo = ify
absc acoo = kge
absd = tzy
abse acoo acop acoq = nsw
absf acoq acop acoo = tya kuu
absg = aoa
absh acoo acoq acop = snu
absi acoq acop acoo = uty thw xyd wba
absj acoo = vyd
absk acop acoo = jeg
absl acoq acop acoo = qlx
absm acoo = ycn
absn acop acoo = rvg wjr
abso acoo = zio
absp acop acoo = scp
absq acoo = skq abaj tbz
absr acoq acoo acop = uub
abss = jks idy ajq
abst acoq acoo acop = achs xug rs
absu = hpk jbr (uce pyp)
absv = jnx
absw acoo acop acoq = tom sjd pug
absx acoo = znv nbb
absy acoo acop = ihe jfg ybv evp
absz acop acoq acoo = agj
abta acoo acoq acop = uqb oen
abtb = wsx
abtc acoo acop = wga mnr
abtd = ovu mxi
abte acoo acoq acop = ymn
abtf acoo = rsu eq djq
abtg acoo = esb pmo
abth acoq acoo acop = fgo rin lml
abti acop acoo = jwn
abtj acop acoo acoq = rqv fpi
abtk acoo acop = maa
abtl acoo acop acoq = rmz
abtm = yuc
abtn = ymx
abto = nfv
abtp = ndy
abtq acoo acop = qz
abtr acoo = vja
abts acoo acoq acop = lel
abtt acoo = zps lvy fyn qef qqt
abtu acoo acop acoq = aaji
abtv acoo = uyf apj
abtw = qzu
abtx acoo acop = lhc abol xua uts jgi
abty = ubi
abtz = uzn
abua acop acoo = aaoc
abub acop acoq acoo = aww
abuc acop acoo acoq = bte
abud acop acoq acoo = nl
abue acoo = wvh
abuf = zfd
abug acop acoo = fvl
abuh acoo = xpu uel sup
abui = rql
abuj = pk
abuk acop acoq acoo = yfa sbv aew
abul = wji
abum acoo acop acoq = mmf cjm fqe wdm
abun acoo = wym
abuo acoo acop acoq = aarn
abup acoo = lwe
abuq acoo = znr ue
abur acoq acoo acop = jhz lds
abus acoo = ftu sxi vdy pcx
abut = abja
abuu acoo = nkn
abuv acoo = bpf hzu
abuw acoo acop = fhl
abux = ncy
abuy acop acoo = ffo vlb rpk qbb
abuz acoq acop acoo = kvn
abva = yyk
abvb acop acoo = qgh ogy
abvc acop acoo = swc cxs rba cna
abvd acoo = lac
abve acoo acop = uqa
abvf = zmp
abvg acoo acop acoq = mjl jz eij
abvh acoo = cgl vvw
abvi acoo = abkm
abvj acop acoq acoo = zqy
abvk acoo = mwr
abvl = swi aapz
abvm = nmf
abvn acoq acoo acop = uox
abvo acop acoo = nbj aaxm
abvp = dsb
abvq = gut
abvr acop acoq acoo = swt wxc
abvs acoo = ycy
abvt = ybr
abvu acoo = bix
abvv acoo acoq acop = fbr
abvw acoo = qzm ii tem
abvx = dvf
abvy acoo = zcn
abvz = ysy
abwa = gm
abwb = aces seg ino
abwc acop acoo = aaai fel
abwd acoo = mgo aarj
abwe acoo = wov jcg ndk
abwf acoo acop acoq = eqn
abwg acoo = hsg
abwh acoo = hqb
abwi acop acoo = aagw adi
abwj acoq acoo acop = bej
abwk acoo acop acoq = twh
abwl acoo acop = gbz ccc nhs noe
abwm acoo = yli pjr (ksu qyx)
abwn acoo = ywu abz ekg
abwo acoo = zoa
abwp acop acoo = stb wbr
abwq = rtn
abwr acoo = sbg
abws acop acoo = lxz
abwt acop acoo acoq = abnb yjx pmh
abwu acoo = eos
abwv acop acoo = aauv
abww = vrr
abwx acoo = xgl zqg hii
abwy acop acoo = abmr war mon
abwz = gjc
abxa = cdq
abxb acoq acop acoo = sxq vud
abxc = fsf
abxd acoo = mhz uxv
abxe = dwb
abxf acoo acop = acfc
abxg acoo = fht
abxh acoo = gro
abxi acop acoo = rnw
abxj acop acoo acoq = yun
abxk acop acoq acoo = gfl hvj hur
abxl acoo = abcn ynm gef
abxm acoo = vwg
abxn acoq acop acoo = ruj
abxo acop acoo = lah leb acay sxu
abxp acop acoo = kpg som
abxq acoo = ueh
abxr = ami
abxs acop acoq acoo = ncs
abxt acoo = enj
abxu acoo = dyt
abxv acoo = foy yqd acoo gnp
abxw acoo acop acoq = mca
abxx acoo acoq acop = nyx
abxy acop acoo = mrb
abxz acoo acop = skr (tpw dkq ydg zri)
abya acoo = mis
abyb = qay rwh ubg
abyc acoo = irh
abyd acoo = aex tiu
abye acop acoo = djq ehb
abyf acop acoo acoq = cun
abyg = mur
abyh acoo acop acoq = qbs cpx
abyi acoo acop = aon
abyj acop acoo = afc acbg
abyk acoo = xhp vjk
abyl acop acoo = tts aaif qff
abym acoo = phq
abyn = vpy gud mup
abyo acoo acoq acop = rsw ytr
abyp = dbu ffo mmv
abyq acop acoo = jlo sqf rbi
abyr = gnw
abys acop acoo = itf
abyt acoo acop acoq = fph (mxe hea)
abyu acoq acoo acop = oht
abyv acoo acop = frk khv
abyw acoq acoo acop = ixf zho
abyx = jht
abyy acoo = dtt pdu
abyz = ibl ucg pbk
abza = smd
abzb = wfw qsn
abzc acoo = coy tda fey
abzd acop acoq acoo = uis
abze acop acoo = oeu ibs gpu
abzf acop acoo = ujw jbi
abzg acop acoo = fro
abzh = fwp jck
abzi = hyx abvz
abzj acop acoo = lcy (pzk baf)
abzk acoo acop acoq = czf
abzl = aabw
abzm acoo acop = say bgn wdi naw cgc
abzn = vul
abzo acoq acoo acop = quz
abzp acop acoo = bmw wis
abzq acop acoq acoo = rmt nra jrr ozs
abzr acoo = zzf
abzs acoq acoo acop = spc
abzt acoo = jlu
abzu acoo = vfk
abzv acoq acoo acop = gim
abzw acoq acop acoo = npr
abzx acoo = ljb smx
abzy acoq acop acoo = uxj aagv
abzz acop acoo = gjm
acaa acoo acop acoq = wpo
acab acop acoo = wfy jwk kty czj
acac acop acoo = wst mjz ieu
acad acoo = wrs
acae acoo = fcl oik
acaf acoo = xvx
acag = owl
acah acop acoq acoo = ugo
acai acop acoo = rdb
acaj acoo = wyv
acak acoq acop acoo = hns yeu
acal acoo acop = knm
acam acoo acop = ola
acan = fmi
acao acoo acop = pho zym iqp aasx
acap = gwf
acaq acoq acop acoo = aajd ob yln wgs
acar = uok owb
acas acoo acop = goa
acat acoo acop acoq = npp
acau acop acoo = acmz
acav = wov twh (gsy yri)
acaw acoo = nxw nqn
acax acoo acop acoq = yhz
acay acop acoo = dfd
acaz acoo = dni
acba acoo acop = ztk xcm oeu jer
acbb acop acoo = jvd
acbc = jqa fyu
acbd = umz tvm aih pnr tdf
acbe = knq
acbf acoo = znc
acbg acoq acop acoo = wmg uba
acbh acoq acop acoo = szk
acbi = xji gll xl
acbj acop acoo = aasn
acbk acoo = emq keo qvg jqu
acbl acoo = ywo hyo ail
acbm acop acoo = dtq
acbn acoo = jfb
acbo acoo = aadp
acbp acoo acop = pap rxq
acbq acoo = eyd uyn
acbr acoo acop = ikg
acbs = vqo hmc pob
acbt acop acoo = irs
acbu acoq acoo acop = jnc bcs
acbv acoo acop acoq = mkp
acbw = abtq ayu lyy
acbx = xle
acby acoo = qck abui
acbz acop acoo = jje
acca acop acoo = uvk
accb acoo acop acoq = dhp
accc acoo acop = rys dt vii zvl thp
accd acop acoo = oaq
acce = bl
accf acoo acop = yoy lnw
accg acoo = yok tvu rjz
acch acoo = ysw gmn
acci acoq acoo acop = fzg skf dmp dd
accj acoo = zmk
acck acoo = ogc jon hql
accl acoo = ioe bng old
accm = yrb swx
accn acoo acop = pqe aarj qvg
acco = rwo
accp acoo = jnx yb
accq acoo = wsn rfa luw sdj
accr = vse
accs = sca anz dmd
acct acoo = bul aavi
accu acop acoq acoo = nrz
accv acoo = shs lif
accw acoo acop = nw
accx acop acoo = qkv nct rgt yki
accy acoo acop acoq = abhu vwn eva vpv
accz acoo = ghz
acda acoo acop = nhb rxi
acdb = prl
acdc acoo acop = qft
acdd = xcx
acde = kjc glh aamk wth
acdf acoo acop acoq = aali
acdg = fwm
acdh acoo acop = ulw owb umi mwd
acdi acoo acop = qtu
acdj acoo acop = zvs mas
acdk acoq acop acoo = vmp
acdl acoo = mg
acdm = gxx
acdn acop acoo acoq = fzs
acdo = rhw qid tem
acdp = ghb iqb
acdq acop acoo = bum
acdr acop acoo = ugb
acds acop acoo acoq = gre
acdt = bef fjn ckm whn
acdu acop acoo = gaf exf
acdv acoo acop = oke
acdw acoo = kvw pty
acdx acoo = huu
acdy acoo acoq acop = oef
acdz acoo = rlf
acea = eeq
aceb acoo acop = ifq fxi
acec acoo = nun sum haz sp
aced = aki
acee acop acoo = jmy
acef acoq acop acoo = cqc
aceg acoq acoo acop = aaui zkj fmb mbw jrq
aceh acoo = eol
acei acop acoq acoo = yjw
acej = wll
acek acop acoo = imp
acel = tcn vmj
acem acoo = ovf yow jzo
acen acoo acoq acop = axu ztf
aceo acoo = rpb noy
acep acop acoo acoq = euy aajp
aceq acoo = hzz
acer acop acoo = thk
aces = gyv aasc zcs
acet acoo acop acoq = rix aq aavx
aceu = ex bek
acev acoo = uqm
acew = tpb psi
acex = drm
acey acoo = det
acez acop acoo = pol dph
acfa acop acoq acoo = box
acfb acoo acop = ofz
acfc acop acoo = abpa xog wyy
acfd acoo = nfh
acfe = xkz mlh rge
acff = cbh rpc paa
acfg acoo = qpm qqv
acfh = aaet udf aayl
acfi = hik
acfj acoo acoq acop = xbk
acfk acop acoo = ayo
acfl acoo acop acoq = hef
acfm acoo = pnv acde mtg hpg
acfn = upy
acfo acoo acop acoq = orj
acfp acop acoo = kgw bak ray arv
acfq acop acoo = bag dpa
acfr = oab
acfs = ukv nhd hpj
acft = acy
acfu acoo = wqh
acfv acop acoo = tcn ids ltp ipg cqp
acfw acop acoo = uwk
acfx acop acoo acoq = opk zpa ill xec
acfy acoq acop acoo = hgv tzy
acfz acoo acop = bfj
acga acop acoq acoo = ich btf jws lar
acgb acoq acoo acop = aoa
acgc acop acoq acoo = qdc
acgd = uao
acge = ubs
acgf acoo = rfq abwb pfq
acgg = xye
acgh acop acoo = ehr
acgi = gon ogk zzc
acgj acoo = jcy
acgk acop acoo = gwe cok
acgl acoo = pid
acgm acop acoq acoo = bkb aceo chm ksk
acgn acoo = dwk
acgo acoo acop = abfp ecy
acgp acop acoo = ysc aadq yrs
acgq = crl
acgr acoo = zvp ibp hvn
acgs acoo acop = imc znx bnj cwe
acgt acoo = uds
acgu = gbr wsg
acgv acoo = gpr
acgw acoo = lax ulv
acgx = ama faj
acgy acoo = cno uqn rwp
acgz acop acoo = kdj
acha = bmr jxh
achb acoo = ked
achc acoo = tlj vvd kw ijn
achd = gup
ache = nwa hpi
achf = mai ydu
achg acoo = vob
achh = jro
achi acop acoq acoo = deg
achj = dki
achk acop acoo acoq = vlv pdv
achl = izx ejh qfm zjt
achm = ntp
achn acoo = lqf
acho acop acoo acoq = ako
achp acop acoo = wfz ydq lou
achq acoo = nhk
achr acoq acoo acop = yzg agr ikc
achs acoo = dti jad qug
acht acoo = tvj
achu acoq acoo acop = suy
achv = llm
achw acoo = rfj vsk
achx acop acoo = ufu mhz nki uml
achy acoo acop = egf vkl kdg
achz acoq acop acoo = lui
acia = hgx
acib acoq acoo acop = bjt lss
acic acoo = hwp
acid acoo acop acoq = rxl
acie acoq acop acoo = vvu
acif acoq acop acoo = pyc
acig acoo = joe
acih acop acoq acoo = gn
acii acoo = adr
acij acoo acoq acop = hkf
acik acoo acop = pq
acil acoo = uec ere
acim = bxw acda kgp
acin acop acoo = accc
acio = twb
acip acoo acop acoq = osf irc
aciq acop acoo = xiu
acir = qfj lvi
acis = abrz lzp jge
acit = rci
aciu = yqu
aciv = yfn jha xpv tzi
aciw acoo = leb qia
acix acoo = aakk zvo
aciy acoo = kka tdg gns
aciz = air
acja acoo = aagt
acjb acoo acop = qho
acjc acoo acop = nkq (qlr wsx)
acjd acoo acop acoq = pvp yqb
acje acoo = ewq gw xoi gcq abkg
acjf acoo = fob qme
acjg acoo acop = ndk
acjh = cdz fuq ggf
acji = pze
acjj = kec
acjk acoo = nda
acjl = bwx fjs hgc
acjm acop acoq acoo = ztz ka
acjn acoo = hwr
acjo acop acoo acoq = kjy
acjp acop acoq acoo = lu dtt abad
acjq acoo = kvz
acjr = abgl ejl gfx wjl
acjs = aakn
acjt = spa
acju acoo = acaa
acjv acoq acoo acop = abce
acjw acoq acoo acop = sjm (pkz eyq)
acjx = nly mbs iru faa htw
acjy acop acoo acoq = rwl
acjz acop acoq acoo = auv
acka acoo = thv
ackb acoo acop = ftn oig
ackc acoo = orj
ackd acoo acoq acop = qjg sac
acke acop acoo = abaf cme eky jgn
ackf acoq acoo acop = ackl
ackg = abby
ackh acoo acop = qn
acki acop acoo = nid
ackj acoo acop = szq svk
ackk acoo acop = ahl
ackl acoo acop = xqe (ulv yhn hp)
ackm acoo = abpp ayr pg
ackn acoo = gjx
acko = tro
ackp acoo = wiy
ackq acop acoo = bhp
ackr acoo acop = afp
acks acoo = abck
ackt acoo acop acoq = hob
acku = usb
ackv acoo = nud
ackw acop acoq acoo = ayt
ackx acoo = awz moc
acky = fea
ackz acoo = aaew
acla acop acoo = iix abhl wtb wkg
aclb acoo acop acoq = acex
aclc acop acoo = tkt
acld = ldb
acle acoo = hsz yyx rcs
aclf acop acoo acoq = wir
aclg acoo acop = xdi fah oos
aclh acoo = awm
acli acoq acoo acop = vgn wyr nbh
aclj acoo acop acoq = fby abpl
aclk acoo acoq acop = vsv gbh
acll acoo = enk
aclm acop acoo = obn rb
acln acoq acoo acop = njo
aclo = ind bte ll ymo jji
aclp acoo = bxx sey ylp vrn
aclq = oyo wfu fen hac
aclr acop acoo acoq = zoi ozz
acls = ocy xuo
aclt acoo acop = jyp eep (pdf uog)
aclu = fxy
aclv = pzl aii
aclw acoq acop acoo = acfk rgl
aclx acoo = pux
acly acoo = abou
aclz = qlz xpx
acma = kyd
acmb acoo acop = kxe (aayb grc) zef
acmc acoo = nqk
acmd acoo acop = osr
acme acoq acoo acop = aanl
acmf = tbc hvs
acmg acoo = pqs
acmh = pqs
acmi acop acoo = gy
acmj acop acoo = xov
acmk acop acoq acoo = vbi
acml acoo = pkt
acmm acoo = abvh
acmn = oeh
acmo acoo acop = nly
acmp acop acoo = jzm
acmq acoo acop = nkj wfh hth boa
acmr acop acoo = rcy
acms acoo acop = djy uyt
acmt acoq acop acoo = abdo (uak mc)
acmu acoo acop = acjt
acmv acoo = bqe dke gxs rw
acmw acoq acop acoo = fvq
acmx acoo = dvd
acmy = foh
acmz acoo acop acoq = knj qio ndt chg uzv
acna acoq acoo acop = ky
acnb acoo = acbx
acnc acoo = lwp fib abkn
acnd acoo acoq acop = ablq vzh dat o
acne acop acoo = jpv mwv
acnf acoo acop = lpv
acng = mho apc
acnh acop acoo = rlw
acni acoq acoo acop = zdp acmq
acnj = kgj
acnk acoo = gpi zhq oog zbp
acnl = dpx qeg gsc hpa
acnm acoq acoo acop = abhg
acnn acoo = djb acly png pjd
acno acop acoo = vzy
acnp = pkr
acnq acoo acop acoq = lmg kfo
acnr acoo = acgz
acns = ukc
acnt acop acoo acoq = pjg
acnu acoo acoq acop = itt gxr mxi qnt
acnv acoo acoq acop = cpl yse
acnw acoo acop = ysv
acnx acop acoq acoo = mhq zjt
acny acoq acoo acop = xb
acnz = vzn
acoa acoo = jlh kso
acob = abgr bjl
acoc acoq acoo acop = rov abg abap
acod acoo acoq acop = prl
acoe acoo = xay
acof = ruu
acog = vi
acoh = aalw
acoi acop acoo = xvq
acoj acoo acop = qwx hsw
acok acop acoq acoo = achh
acol acoo = mh
acom acoo = wjp
acon acoo acop = ovs
main = A B C oog dxn mol D psu nta E F G H boi I uoc wuk (J K zgq gwe L hum M) ixs acao N O aahs xgl P rgv mxy bwi Q R S geb T gbq (ehv oin epo sjr glp qyd wnr) U oqf V dci W (X bvv (wja frx xwn n Y frh) get bv pub cij ndw Z) AA AB AC mhl eja AD rmx AE (awu haw) AF dcr rfk abvd AG pm AH AI cuu xif AJ AK mcl AL bbg abx neg xny AM ekh bva AN AO ekt AP osl (ljf (AQ AR AT AU yxh fbq (AV uxw AW wuc acar AX btb xko hyo gne abk kdg xrm eyz (AY AZ qig) vcm geq idb BA) rcd lco tmk vdp (djr zuv) (mdr dag hvr aoe (BB aamk yqc hug qmd inl) kbb BC vig vrz opg) ibp sxg pye ezf) efp jjg BD) rre wmd mde (BE BF BG ery mde) dla abdi BH qxy gj ksf mkx dz xrg BI BJ ryx kfv BK BL BM BN aazu BO BP ryd qwd ynj BQ hac BR (nkq ckq BS xrv) lgx qkb wry (nkd huq slc) mvl lvb BT BU BV BW fsp vwe hwq (vje zey (BX BY pkl) wkv ksa BZ jfa) fzx CA nlu CB CC (azp wcw CD vqh CE fuv rbd) qlu CF jar ces kvd zqt CG CH CI CJ xup CK krh CL zdz ehh CM (uom kny kms) zjt CN qed qhm nya (lya idz) (wgq tpb) abpu fep CO CP wvp fft CQ CR ab tdb CS swv CT CU CV zdb eps CW tqr mdb zri CX xti CY ygp syv abiu kmm gon CZ DA aqn DB kmp utz mpg vyv DC yus DD DE DF rcm isc ynl chr DG flx DH DI DJ DK DL DM DN nkg DP DQ nzz skj hbr DR pqq biz DS DT DU peo nmb (DV jor (DW fcq ury lgw gpf ezp) (vgj achp idn aaaw)) bpp DX (DY DZ fvw uw (vjb ces) pxr yua) umh EA abpg EB EC ED EE EF bas EG EH mpq EI sia lks EJ EK EL EM qa qjk evh hfx wbx EN EO xkb waq wap mso EP huq abfn ios EQ (absc ER nhp rry ES ekn abib yoy) wcb ET EU EV sxf
------------------------------------------------------------
A B C oog dxn mol D psu nta E F G H boi I uoc wuk (J K zgq gwe L hum M) ixs acao N O aahs xgl P rgv mxy bwi Q R S geb T gbq (ehv oin epo sjr glp qyd wnr) U oqf V dci W (X bvv (wja frx xwn n Y frh) get bv pub cij ndw Z) AA AB AC mhl eja AD rmx AE (awu haw) AF dcr rfk abvd AG pm AH AI cuu xif AJ AK mcl AL bbg abx neg xny AM ekh bva AN AO ekt AP osl (ljf (AQ AR AT AU yxh fbq (AV uxw AW wuc acar AX btb xko hyo gne abk kdg xrm eyz (AY AZ qig) vcm geq idb BA) rcd lco tmk vdp (djr zuv) (mdr dag hvr aoe (BB aamk yqc hug qmd inl) kbb BC vig vrz opg) ibp sxg pye ezf) efp jjg BD) rre wmd mde (BE BF BG ery mde) dla abdi BH qxy gj ksf mkx dz xrg BI BJ ryx kfv BK BL BM BN aazu BO BP ryd qwd ynj BQ hac BR (nkq ckq BS xrv) lgx qkb wry (nkd huq slc) mvl lvb BT BU BV BW fsp vwe hwq (vje zey (BX BY pkl) wkv ksa BZ jfa) fzx CA nlu CB CC (azp wcw CD vqh CE fuv rbd) qlu CF jar ces kvd zqt CG CH CI CJ xup CK krh CL zdz ehh CM (uom kny kms) zjt CN qed qhm nya (lya idz) (wgq tpb) abpu fep CO CP wvp fft CQ CR ab tdb CS swv CT CU CV zdb eps CW tqr mdb zri CX xti CY ygp syv abiu kmm gon CZ DA aqn DB kmp utz mpg vyv DC yus DD DE DF rcm isc ynl chr DG flx DH DI DJ DK DL DM DN nkg DP DQ nzz skj hbr DR pqq biz DS DT DU peo nmb (DV jor (DW fcq ury lgw gpf ezp) (vgj achp idn aaaw)) bpp DX (DY DZ fvw uw (vjb ces) pxr yua) umh EA abpg EB EC ED EE EF bas EG EH mpq EI sia lks EJ EK EL EM qa qjk evh hfx wbx EN EO xkb waq wap mso EP huq abfn ios EQ (absc ER nhp rry ES ekn abib yoy) wcb ET EU EV sxf
A B C oog dxn mol D psu nta E F G H boi I uoc wuk (J K zgq gwe L hum M) ixs acao N O aahs xgl P rgv mxy bwi Q R S geb T gbq (qsv jyi aadu sjr glp qyd wnr) U oqf V dci W (X bvv (wja frx xwn n Y frh) get bv pub cij ndw Z) AA AB AC mhl eja AD rmx AE (awu haw) AF dcr rfk abvd AG pm AH AI cuu xif AJ AK mcl AL bbg abx neg xny AM ekh bva AN AO ekt AP osl (ljf (AQ AR AT AU yxh fbq (AV uxw AW wuc acar AX btb xko hyo gne abk kdg xrm eyz (AY AZ qig) vcm geq idb BA) rcd lco tmk vdp (djr zuv) (mdr dag hvr aoe (BB aamk yqc hug qmd inl) kbb BC vig vrz opg) ibp sxg pye ezf) efp jjg BD) rre wmd mde (BE BF BG ery mde) dla abdi BH qxy gj ksf mkx dz xrg BI BJ ryx kfv BK BL BM BN aazu BO BP ryd qwd ynj BQ hac BR (nkq ckq BS xrv) lgx qkb wry (nkd huq slc) mvl lvb BT BU BV BW fsp vwe hwq (vje zey (BX BY pkl) wkv ksa BZ jfa) fzx CA nlu CB CC (azp wcw CD vqh CE fuv rbd) qlu CF jar ces kvd zqt CG CH CI CJ xup CK krh CL zdz ehh CM (uom kny kms) zjt CN qed qhm nya (lya idz) (wgq tpb) abpu fep CO CP wvp fft CQ CR ab tdb CS swv CT CU CV zdb eps CW tqr mdb zri CX xti CY ygp syv abiu kmm gon CZ DA aqn DB kmp utz mpg vyv DC yus DD DE DF rcm isc ynl chr DG flx DH DI DJ DK DL DM DN nkg DP DQ nzz skj hbr DR pqq biz DS DT DU peo nmb (DV jor (DW fcq ury lgw gpf ezp) (vgj achp idn aaaw)) bpp DX (DY DZ fvw uw (vjb ces) pxr yua) umh EA abpg EB EC ED EE EF bas EG EH mpq EI sia lks EJ EK EL EM qa qjk evh hfx wbx EN EO xkb waq wap mso EP huq abfn ios EQ (absc ER nhp rry ES ekn abib yoy) wcb ET EU EV sxf
A B C oog dxn mol D psu nta E F G H boi I uoc wuk (J K zgq gwe L hum M) ixs acao N O aahs xgl P rgv mxy bwi Q R S geb T gbq (izi aadu sjr glp qyd wnr) U oqf V dci W (X bvv (wja frx xwn n Y frh) get bv pub cij ndw Z) AA AB AC mhl eja AD rmx AE (awu haw) AF dcr rfk abvd AG pm AH AI cuu xif AJ AK mcl AL bbg abx neg xny AM ekh bva AN AO ekt AP osl (ljf (AQ AR AT AU yxh fbq (AV uxw AW wuc acar AX btb xko hyo gne abk kdg xrm eyz (AY AZ qig) vcm geq idb BA) rcd lco tmk vdp (djr zuv) (mdr dag hvr aoe (BB aamk yqc hug qmd inl) kbb BC vig vrz opg) ibp sxg pye ezf) efp jjg BD) rre wmd mde (BE BF BG ery mde) dla abdi BH qxy gj ksf mkx dz xrg BI BJ ryx kfv BK BL BM BN aazu BO BP ryd qwd ynj BQ hac BR (nkq ckq BS xrv) lgx qkb wry (nkd huq slc) mvl lvb BT BU BV BW fsp vwe hwq (vje zey (BX BY pkl) wkv ksa BZ jfa) fzx CA nlu CB CC (azp wcw CD vqh CE fuv rbd) qlu CF jar ces kvd zqt CG CH CI CJ xup CK krh CL zdz ehh CM (uom kny kms) zjt CN qed qhm nya (lya idz) (wgq tpb) abpu fep CO CP wvp fft CQ CR ab tdb CS swv CT CU CV zdb eps CW tqr mdb zri CX xti CY ygp syv abiu kmm gon CZ DA aqn DB kmp utz mpg vyv DC yus DD DE DF rcm isc ynl chr DG flx DH DI DJ DK DL DM DN nkg DP DQ nzz skj hbr DR pqq biz DS DT DU peo nmb (DV jor (DW fcq ury lgw gpf ezp) (vgj achp idn aaaw)) bpp DX (DY DZ fvw uw (vjb ces) pxr yua) umh EA abpg EB EC ED EE EF bas EG EH mpq EI sia lks EJ EK EL EM qa qjk evh hfx wbx EN EO xkb waq wap mso EP huq abfn ios EQ (absc ER nhp rry ES ekn abib yoy) wcb ET EU EV sxf
A B C oog dxn mol D psu nta E F G H boi I uoc wuk (J K zgq gwe L hum M) ixs acao N O aahs xgl P rgv mxy bwi Q R S geb T gbq (tkn rbk aadu sjr glp qyd wnr) U oqf V dci W (X bvv (wja frx xwn n Y frh) get bv pub cij ndw Z) AA AB AC mhl eja AD rmx AE (awu haw) AF dcr rfk abvd AG pm AH AI cuu xif AJ AK mcl AL bbg abx neg xny AM ekh bva AN AO ekt AP osl (ljf (AQ AR AT AU yxh fbq (AV uxw AW wuc acar AX btb xko hyo gne abk kdg xrm eyz (AY AZ qig) vcm geq idb BA) rcd lco tmk vdp (djr zuv) (mdr dag hvr aoe (BB aamk yqc hug qmd inl) kbb BC vig vrz opg) ibp sxg pye ezf) efp jjg BD) rre wmd mde (BE BF BG ery mde) dla abdi BH qxy gj ksf mkx dz xrg BI BJ ryx kfv BK BL BM BN aazu BO BP ryd qwd ynj BQ hac BR (nkq ckq BS xrv) lgx qkb wry (nkd huq slc) mvl lvb BT BU BV BW fsp vwe hwq (vje zey (BX BY pkl) wkv ksa BZ jfa) fzx CA nlu CB CC (azp wcw CD vqh CE fuv rbd) qlu CF jar ces kvd zqt CG CH CI CJ xup CK krh CL zdz ehh CM (uom kny kms) zjt CN qed qhm nya (lya idz) (wgq tpb) abpu fep CO CP wvp fft CQ CR ab tdb CS swv CT CU CV zdb eps CW tqr mdb zri CX xti CY ygp syv abiu kmm gon CZ DA aqn DB kmp utz mpg vyv DC yus DD DE DF rcm isc ynl chr DG flx DH DI DJ DK DL DM DN nkg DP DQ nzz skj hbr DR pqq biz DS DT DU peo nmb (DV jor (DW fcq ury lgw gpf ezp) (vgj achp idn aaaw)) bpp DX (DY DZ fvw uw (vjb ces) pxr yua) umh EA abpg EB EC ED EE EF bas EG EH mpq EI sia lks EJ EK EL EM qa qjk evh hfx wbx EN EO xkb waq wap mso EP huq abfn ios EQ (absc ER nhp rry ES ekn abib yoy) wcb ET EU EV sxf
A B C oog dxn mol D psu nta E F G H boi I uoc wuk (J K zgq gwe L hum M) ixs acao N O aahs xgl P rgv mxy bwi Q R S geb T gbq (owd sjr glp qyd wnr) U oqf V dci W (X bvv (wja frx xwn n Y frh) get bv pub cij ndw Z) AA AB AC mhl eja AD rmx AE (awu haw) AF dcr rfk abvd AG pm AH AI cuu xif AJ AK mcl AL bbg abx neg xny AM ekh bva AN AO ekt AP osl (ljf (AQ AR AT AU yxh fbq (AV uxw AW wuc acar AX btb xko hyo gne abk kdg xrm eyz (AY AZ qig) vcm geq idb BA) rcd lco tmk vdp (djr zuv) (mdr dag hvr aoe (BB aamk yqc hug qmd inl) kbb BC vig vrz opg) ibp sxg pye ezf) efp jjg BD) rre wmd mde (BE BF BG ery mde) dla abdi BH qxy gj ksf mkx dz xrg BI BJ ryx kfv BK BL BM BN aazu BO BP ryd qwd ynj BQ hac BR (nkq ckq BS xrv) lgx qkb wry (nkd huq slc) mvl lvb BT BU BV BW fsp vwe hwq (vje zey (BX BY pkl) wkv ksa BZ jfa) fzx CA nlu CB CC (azp wcw CD vqh CE fuv rbd) qlu CF jar ces kvd zqt CG CH CI CJ xup CK krh CL zdz ehh CM (uom kny kms) zjt CN qed qhm nya (lya idz) (wgq tpb) abpu fep CO CP wvp fft CQ CR ab tdb CS swv CT CU CV zdb eps CW tqr mdb zri CX xti CY ygp syv abiu kmm gon CZ DA aqn DB kmp utz mpg vyv DC yus DD DE DF rcm isc ynl chr DG flx DH DI DJ DK DL DM DN nkg DP DQ nzz skj hbr DR pqq biz DS DT DU peo nmb (DV jor (DW fcq ury lgw gpf ezp) (vgj achp idn aaaw)) bpp DX (DY DZ fvw uw (vjb ces) pxr yua) umh EA abpg EB EC ED EE EF bas EG EH mpq EI sia lks EJ EK EL EM qa qjk evh hfx wbx EN EO xkb waq wap mso EP huq abfn ios EQ (absc ER nhp rry ES ekn abib yoy) wcb ET EU EV sxf
A B C oog dxn mol D psu nta E F G H boi I uoc wuk (J K zgq gwe L hum M) ixs acao N O aahs xgl P rgv mxy bwi Q R S geb T gbq (lkt soi qyd wnr) U oqf V dci W (X bvv (wja frx xwn n Y frh) get bv pub cij ndw Z) AA AB AC mhl eja AD rmx AE (awu haw) AF dcr rfk abvd AG pm AH AI cuu xif AJ AK mcl AL bbg abx neg xny AM ekh bva AN AO ekt AP osl (ljf (AQ AR AT AU yxh fbq (AV uxw AW wuc acar AX btb xko hyo gne abk kdg xrm eyz (AY AZ qig) vcm geq idb BA) rcd lco tmk vdp (djr zuv) (mdr dag hvr aoe (BB aamk yqc hug qmd inl) kbb BC vig vrz opg) ibp sxg pye ezf) efp jjg BD) rre wmd mde (BE BF BG ery mde) dla abdi BH qxy gj ksf mkx dz xrg BI BJ ryx kfv BK BL BM BN aazu BO BP ryd qwd ynj BQ hac BR (nkq ckq BS xrv) lgx qkb wry (nkd huq slc) mvl lvb BT BU BV BW fsp vwe hwq (vje zey (BX BY pkl) wkv ksa BZ jfa) fzx CA nlu CB CC (azp wcw CD vqh CE fuv rbd) qlu CF jar ces kvd zqt CG CH CI CJ xup CK krh CL zdz ehh CM (uom kny kms) zjt CN qed qhm nya (lya idz) (wgq tpb) abpu fep CO CP wvp fft CQ CR ab tdb CS swv CT CU CV zdb eps CW tqr mdb zri CX xti CY ygp syv abiu kmm gon CZ DA aqn DB kmp utz mpg vyv DC yus DD DE DF rcm isc ynl chr DG flx DH DI DJ DK DL DM DN nkg DP DQ nzz skj hbr DR pqq biz DS DT DU peo nmb (DV jor (DW fcq ury lgw gpf ezp) (vgj achp idn aaaw)) bpp DX (DY DZ fvw uw (vjb ces) pxr yua) umh EA abpg EB EC ED EE EF bas EG EH mpq EI sia lks EJ EK EL EM qa qjk evh hfx wbx EN EO xkb waq wap mso EP huq abfn ios EQ (absc ER nhp rry ES ekn abib yoy) wcb ET EU EV sxf
A B C oog dxn mol D psu nta E F G H boi I uoc wuk (J K zgq gwe L hum M) ixs acao N O aahs xgl P rgv mxy bwi Q R S geb T gbq (zod (cpw svt) wnr) U oqf V dci W (X bvv (wja frx xwn n Y frh) get bv pub cij ndw Z) AA AB AC mhl eja AD rmx AE (awu haw) AF dcr rfk abvd AG pm AH AI cuu xif AJ AK mcl AL bbg abx neg xny AM ekh bva AN AO ekt AP osl (ljf (AQ AR AT AU yxh fbq (AV uxw AW wuc acar AX btb xko hyo gne abk kdg xrm eyz (AY AZ qig) vcm geq idb BA) rcd lco tmk vdp (djr zuv) (mdr dag hvr aoe (BB aamk yqc hug qmd inl) kbb BC vig vrz opg) ibp sxg pye ezf) efp jjg BD) rre wmd mde (BE BF BG ery mde) dla abdi BH qxy gj ksf mkx dz xrg BI BJ ryx kfv BK BL BM BN aazu BO BP ryd qwd ynj BQ hac BR (nkq ckq BS xrv) lgx qkb wry (nkd huq slc) mvl lvb BT BU BV BW fsp vwe hwq (vje zey (BX BY pkl) wkv ksa BZ jfa) fzx CA nlu CB CC (azp wcw CD vqh CE fuv rbd) qlu CF jar ces kvd zqt CG CH CI CJ xup CK krh CL zdz ehh CM (uom kny kms) zjt CN qed qhm nya (lya idz) (wgq tpb) abpu fep CO CP wvp fft CQ CR ab tdb CS swv CT CU CV zdb eps CW tqr mdb zri CX xti CY ygp syv abiu kmm gon CZ DA aqn DB kmp utz mpg vyv DC yus DD DE DF rcm isc ynl chr DG flx DH DI DJ DK DL DM DN nkg DP DQ nzz skj hbr DR pqq biz DS DT DU peo nmb (DV jor (DW fcq ury lgw gpf ezp) (vgj achp idn aaaw)) bpp DX (DY DZ fvw uw (vjb ces) pxr yua) umh EA abpg EB EC ED EE EF bas EG EH mpq EI sia lks EJ EK EL EM qa qjk evh hfx wbx EN EO xkb waq wap mso EP huq abfn ios EQ (absc ER nhp rry ES ekn abib yoy) wcb ET EU EV sxf
A B C oog dxn mol D psu nta E F G H boi I uoc wuk (J K zgq gwe L hum M) ixs acao N O aahs xgl P rgv mxy bwi Q R S geb T gbq (jzy czm wnr) U oqf V dci W (X bvv (wja frx xwn n Y frh) get bv pub cij ndw Z) AA AB AC mhl eja AD rmx AE (awu haw) AF dcr rfk abvd AG pm AH AI cuu xif AJ AK mcl AL bbg abx neg xny AM ekh bva AN AO ekt AP osl (ljf (AQ AR AT AU yxh fbq (AV uxw AW wuc acar AX btb xko hyo gne abk kdg xrm eyz (AY AZ qig) vcm geq idb BA) rcd lco tmk vdp (djr zuv) (mdr dag hvr aoe (BB aamk yqc hug qmd inl) kbb BC vig vrz opg) ibp sxg pye ezf) efp jjg BD) rre wmd mde (BE BF BG ery mde) dla abdi BH qxy gj ksf mkx dz xrg BI BJ ryx kfv BK BL BM BN aazu BO BP ryd qwd ynj BQ hac BR (nkq ckq BS xrv) lgx qkb wry (nkd huq slc) mvl lvb BT BU BV BW fsp vwe hwq (vje zey (BX BY pkl) wkv ksa BZ jfa) fzx CA nlu CB CC (azp wcw CD vqh CE fuv rbd) qlu CF jar ces kvd zqt CG CH CI CJ xup CK krh CL zdz ehh CM (uom kny kms) zjt CN qed qhm nya (lya idz) (wgq tpb) abpu fep CO CP wvp fft CQ CR ab tdb CS swv CT CU CV zdb eps CW tqr mdb zri CX xti CY ygp syv abiu kmm gon CZ DA aqn DB kmp utz mpg vyv DC yus DD DE DF rcm isc ynl chr DG flx DH DI DJ DK DL DM DN nkg DP DQ nzz skj hbr DR pqq biz DS DT DU peo nmb (DV jor (DW fcq ury lgw gpf ezp) (vgj achp idn aaaw)) bpp DX (DY DZ fvw uw (vjb ces) pxr yua) umh EA abpg EB EC ED EE EF bas EG EH mpq EI sia lks EJ EK EL EM qa qjk evh hfx wbx EN EO xkb waq wap mso EP huq abfn ios EQ (absc ER nhp rry ES ekn abib yoy) wcb ET EU EV sxf
A B C oog dxn mol D psu nta E F G H boi I uoc wuk (J K zgq gwe L hum M) ixs acao N O aahs xgl P rgv mxy bwi Q R S geb T gbq (wlb qjv uxr wnr) U oqf V dci W (X bvv (wja frx xwn n Y frh) get bv pub cij ndw Z) AA AB AC mhl eja AD rmx AE (awu haw) AF dcr rfk abvd AG pm AH AI cuu xif AJ AK mcl AL bbg abx neg xny AM ekh bva AN AO ekt AP osl (ljf (AQ AR AT AU yxh fbq (AV uxw AW wuc acar AX btb xko hyo gne abk kdg xrm eyz (AY AZ qig) vcm geq idb BA) rcd lco tmk vdp (djr zuv) (mdr dag hvr aoe (BB aamk yqc hug qmd inl) kbb BC vig vrz opg) ibp sxg pye ezf) efp jjg BD) rre wmd mde (BE BF BG ery mde) dla abdi BH qxy gj ksf mkx dz xrg BI BJ ryx kfv BK BL BM BN aazu BO BP ryd qwd ynj BQ hac BR (nkq ckq BS xrv) lgx qkb wry (nkd huq slc) mvl lvb BT BU BV BW fsp vwe hwq (vje zey (BX BY pkl) wkv ksa BZ jfa) fzx CA nlu CB CC (azp wcw CD vqh CE fuv rbd) qlu CF jar ces kvd zqt CG CH CI CJ xup CK krh CL zdz ehh CM (uom kny kms) zjt CN qed qhm nya (lya idz) (wgq tpb) abpu fep CO CP wvp fft CQ CR ab tdb CS swv CT CU CV zdb eps CW tqr mdb zri CX xti CY ygp syv abiu kmm gon CZ DA aqn DB kmp utz mpg vyv DC yus DD DE DF rcm isc ynl chr DG flx DH DI DJ DK DL DM DN nkg DP DQ nzz skj hbr DR pqq biz DS DT DU peo nmb (DV jor (DW fcq ury lgw gpf ezp) (vgj achp idn aaaw)) bpp DX (DY DZ fvw uw (vjb ces) pxr yua) umh EA abpg EB EC ED EE EF bas EG EH mpq EI sia lks EJ EK EL EM qa qjk evh hfx wbx EN EO xkb waq wap mso EP huq abfn ios EQ (absc ER nhp rry ES ekn abib yoy) wcb ET EU EV sxf
A B C oog dxn mol D psu nta E F G H boi I uoc wuk (J K zgq gwe L hum M) ixs acao N O aahs xgl P rgv mxy bwi Q R S geb T gbq (pyw wnr) U oqf V dci W (X bvv (wja frx xwn n Y frh) get bv pub cij ndw Z) AA AB AC mhl eja AD rmx AE (awu haw) AF dcr rfk abvd AG pm AH AI cuu xif AJ AK mcl AL bbg abx neg xny AM ekh bva AN AO ekt AP osl (ljf (AQ AR AT AU yxh fbq (AV uxw AW wuc acar AX btb xko hyo gne abk kdg xrm eyz (AY AZ qig) vcm geq idb BA) rcd lco tmk vdp (djr zuv) (mdr dag hvr aoe (BB aamk yqc hug qmd inl) kbb BC vig vrz opg) ibp sxg pye ezf) efp jjg BD) rre wmd mde (BE BF BG ery mde) dla abdi BH qxy gj ksf mkx dz xrg BI BJ ryx kfv BK BL BM BN aazu BO BP ryd qwd ynj BQ hac BR (nkq ckq BS xrv) lgx qkb wry (nkd huq slc) mvl lvb BT BU BV BW fsp vwe hwq (vje zey (BX BY pkl) wkv ksa BZ jfa) fzx CA nlu CB CC (azp wcw CD vqh CE fuv rbd) qlu CF jar ces kvd zqt CG CH CI CJ xup CK krh CL zdz ehh CM (uom kny kms) zjt CN qed qhm nya (lya idz) (wgq tpb) abpu fep CO CP wvp fft CQ CR ab tdb CS swv CT CU CV zdb eps CW tqr mdb zri CX xti CY ygp syv abiu kmm gon CZ DA aqn DB kmp utz mpg vyv DC yus DD DE DF rcm isc ynl chr DG flx DH DI DJ DK DL DM DN nkg DP DQ nzz skj hbr DR pqq biz DS DT DU peo nmb (DV jor (DW fcq ury lgw gpf ezp) (vgj achp idn aaaw)) bpp DX (DY DZ fvw uw (vjb ces) pxr yua) umh EA abpg EB EC ED EE EF bas EG EH mpq EI sia lks EJ EK EL EM qa qjk evh hfx wbx EN EO xkb waq wap mso EP huq abfn ios EQ (absc ER nhp rry ES ekn abib yoy) wcb ET EU EV sxf
A B C oog dxn mol D psu nta E F G H boi I uoc wuk (J K zgq gwe L hum M) ixs acao N O aahs xgl P rgv mxy bwi Q R S geb T gbq (pyw wnr) U oqf V dci W (X bvv (esn n Y frh) get bv pub cij ndw Z) AA AB AC mhl eja AD rmx AE (awu haw) AF dcr rfk abvd AG pm AH AI cuu xif AJ AK mcl AL bbg abx neg xny AM ekh bva AN AO ekt AP osl (ljf (AQ AR AT AU yxh fbq (AV uxw AW wuc acar AX btb xko hyo gne abk kdg xrm eyz (AY AZ qig) vcm geq idb BA) rcd lco tmk vdp (djr zuv) (mdr dag hvr aoe (BB aamk yqc hug qmd inl) kbb BC vig vrz opg) ibp sxg pye ezf) efp jjg BD) rre wmd mde (BE BF BG ery mde) dla abdi BH qxy gj ksf mkx dz xrg BI BJ ryx kfv BK BL BM BN aazu BO BP ryd qwd ynj BQ hac BR (nkq ckq BS xrv) lgx qkb wry (nkd huq slc) mvl lvb BT BU BV BW fsp vwe hwq (vje zey (BX BY pkl) wkv ksa BZ jfa) fzx CA nlu CB CC (azp wcw CD vqh CE fuv rbd) qlu CF jar ces kvd zqt CG CH CI CJ xup CK krh CL zdz ehh CM (uom kny kms) zjt CN qed qhm nya (lya idz) (wgq tpb) abpu fep CO CP wvp fft CQ CR ab tdb CS swv CT CU CV zdb eps CW tqr mdb zri CX xti CY ygp syv abiu kmm gon CZ DA aqn DB kmp utz mpg vyv DC yus DD DE DF rcm isc ynl chr DG flx DH DI DJ DK DL DM DN nkg DP DQ nzz skj hbr DR pqq biz DS DT DU peo nmb (DV jor (DW fcq ury lgw gpf ezp) (vgj achp idn aaaw)) bpp DX (DY DZ fvw uw (vjb ces) pxr yua) umh EA abpg EB EC ED EE EF bas EG EH mpq EI sia lks EJ EK EL EM qa qjk evh hfx wbx EN EO xkb waq wap mso EP huq abfn ios EQ (absc ER nhp rry ES ekn abib yoy) wcb ET EU EV sxf
A B C oog dxn mol D psu nta E F G H boi I uoc wuk (J K zgq gwe L hum M) ixs acao N O aahs xgl P rgv mxy bwi Q R S geb T gbq (pyw wnr) U oqf V dci W (X bvv (nko uqs frh) get bv pub cij ndw Z) AA AB AC mhl eja AD rmx AE (awu haw) AF dcr rfk abvd AG pm AH AI cuu xif AJ AK mcl AL bbg abx neg xny AM ekh bva AN AO ekt AP osl (ljf (AQ AR AT AU yxh fbq (AV uxw AW wuc acar AX btb xko hyo gne abk kdg xrm eyz (AY AZ qig) vcm geq idb BA) rcd lco tmk vdp (djr zuv) (mdr dag hvr aoe (BB aamk yqc hug qmd inl) kbb BC vig vrz opg) ibp sxg pye ezf) efp jjg BD) rre wmd mde (BE BF BG ery mde) dla abdi BH qxy gj ksf mkx dz xrg BI BJ ryx kfv BK BL BM BN aazu BO BP ryd qwd ynj BQ hac BR (nkq ckq BS xrv) lgx qkb wry (nkd huq slc) mvl lvb BT BU BV BW fsp vwe hwq (vje zey (BX BY pkl) wkv ksa BZ jfa) fzx CA nlu CB CC (azp wcw CD vqh CE fuv rbd) qlu CF jar ces kvd zqt CG CH CI CJ xup CK krh CL zdz ehh CM (uom kny kms) zjt CN qed qhm nya (lya idz) (wgq tpb) abpu fep CO CP wvp fft CQ CR ab tdb CS swv CT CU CV zdb eps CW tqr mdb zri CX xti CY ygp syv abiu kmm gon CZ DA aqn DB kmp utz mpg vyv DC yus DD DE DF rcm isc ynl chr DG flx DH DI DJ DK DL DM DN nkg DP DQ nzz skj hbr DR pqq biz DS DT DU peo nmb (DV jor (DW fcq ury lgw gpf ezp) (vgj achp idn aaaw)) bpp DX (DY DZ fvw uw (vjb ces) pxr yua) umh EA abpg EB EC ED EE EF bas EG EH mpq EI sia lks EJ EK EL EM qa qjk evh hfx wbx EN EO xkb waq wap mso EP huq abfn ios EQ (absc ER nhp rry ES ekn abib yoy) wcb ET EU EV sxf
A B C oog dxn mol D psu nta E F G H boi I uoc wuk (J K zgq gwe L hum M) ixs acao N O aahs xgl P rgv mxy bwi Q R S geb T gbq (pyw wnr) U oqf V dci W (X bvv (oqu frh) get bv pub cij ndw Z) AA AB AC mhl eja AD rmx AE (awu haw) AF dcr rfk abvd AG pm AH AI cuu xif AJ AK mcl AL bbg abx neg xny AM ekh bva AN AO ekt AP osl (ljf (AQ AR AT AU yxh fbq (AV uxw AW wuc acar AX btb xko hyo gne abk kdg xrm eyz (AY AZ qig) vcm geq idb BA) rcd lco tmk vdp (djr zuv) (mdr dag hvr aoe (BB aamk yqc hug qmd inl) kbb BC vig vrz opg) ibp sxg pye ezf) efp jjg BD) rre wmd mde (BE BF BG ery mde) dla abdi BH qxy gj ksf mkx dz xrg BI BJ ryx kfv BK BL BM BN aazu BO BP ryd qwd ynj BQ hac BR (nkq ckq BS xrv) lgx qkb wry (nkd huq slc) mvl lvb BT BU BV BW fsp vwe hwq (vje zey (BX BY pkl) wkv ksa BZ jfa) fzx CA nlu CB CC (azp wcw CD vqh CE fuv rbd) qlu CF jar ces kvd zqt CG CH CI CJ xup CK krh CL zdz ehh CM (uom kny kms) zjt CN qed qhm nya (lya idz) (wgq tpb) abpu fep CO CP wvp fft CQ CR ab tdb CS swv CT CU CV zdb eps CW tqr mdb zri CX xti CY ygp syv abiu kmm gon CZ DA aqn DB kmp utz mpg vyv DC yus DD DE DF rcm isc ynl chr DG flx DH DI DJ DK DL DM DN nkg DP DQ nzz skj hbr DR pqq biz DS DT DU peo nmb (DV jor (DW fcq ury lgw gpf ezp) (vgj achp idn aaaw)) bpp DX (DY DZ fvw uw (vjb ces) pxr yua) umh EA abpg EB EC ED EE EF bas EG EH mpq EI sia lks EJ EK EL EM qa qjk evh hfx wbx EN EO xkb waq wap mso EP huq abfn ios EQ (absc ER nhp rry ES ekn abib yoy) wcb ET EU EV sxf
A B C oog dxn mol D psu nta E F G H boi I uoc wuk (J K zgq gwe L hum M) ixs acao N O aahs xgl P rgv mxy bwi Q R S geb T gbq (pyw wnr) U oqf V dci W (X bvv (oqu frh) get bv pub cij ndw Z) AA AB AC mhl eja AD rmx AE (xbu acbz jsl haw) AF dcr rfk abvd AG pm AH AI cuu xif AJ AK mcl AL bbg abx neg xny AM ekh bva AN AO ekt AP osl (ljf (AQ AR AT AU yxh fbq (AV uxw AW wuc acar AX btb xko hyo gne abk kdg xrm eyz (AY AZ qig) vcm geq idb BA) rcd lco tmk vdp (djr zuv) (mdr dag hvr aoe (BB aamk yqc hug qmd inl) kbb BC vig vrz opg) ibp sxg pye ezf) efp jjg BD) rre wmd mde (BE BF BG ery mde) dla abdi BH qxy gj ksf mkx dz xrg BI BJ ryx kfv BK BL BM BN aazu BO BP ryd qwd ynj BQ hac BR (nkq ckq BS xrv) lgx qkb wry (nkd huq slc) mvl lvb BT BU BV BW fsp vwe hwq (vje zey (BX BY pkl) wkv ksa BZ jfa) fzx CA nlu CB CC (azp wcw CD vqh CE fuv rbd) qlu CF jar ces kvd zqt CG CH CI CJ xup CK krh CL zdz ehh CM (uom kny kms) zjt CN qed qhm nya (lya idz) (wgq tpb) abpu fep CO CP wvp fft CQ CR ab tdb CS swv CT CU CV zdb eps CW tqr mdb zri CX xti CY ygp syv abiu kmm gon CZ DA aqn DB kmp utz mpg vyv DC yus DD DE DF rcm isc ynl chr DG flx DH DI DJ DK DL DM DN nkg DP DQ nzz skj hbr DR pqq biz DS DT DU peo nmb (DV jor (DW fcq ury lgw gpf ezp) (vgj achp idn aaaw)) bpp DX (DY DZ fvw uw (vjb ces) pxr yua) umh EA abpg EB EC ED EE EF bas EG EH mpq EI sia lks EJ EK EL EM qa qjk evh hfx wbx EN EO xkb waq wap mso EP huq abfn ios EQ (absc ER nhp rry ES ekn abib yoy) wcb ET EU EV sxf
A B C oog dxn mol D psu nta E F G H boi I uoc wuk (J K zgq gwe L hum M) ixs acao N O aahs xgl P rgv mxy bwi Q R S geb T gbq (pyw wnr) U oqf V dci W (X bvv (oqu frh) get bv pub cij ndw Z) AA AB AC mhl eja AD rmx AE lit AF dcr rfk abvd AG pm AH AI cuu xif AJ AK mcl AL bbg abx neg xny AM ekh bva AN AO ekt AP osl (ljf (AQ AR AT AU yxh fbq (AV uxw AW wuc acar AX btb xko hyo gne abk kdg xrm eyz (AY AZ qig) vcm geq idb BA) rcd lco tmk vdp (djr zuv) (mdr dag hvr aoe (BB aamk yqc hug qmd inl) kbb BC vig vrz opg) ibp sxg pye ezf) efp jjg BD) rre wmd mde (BE BF BG ery mde) dla abdi BH qxy gj ksf mkx dz xrg BI BJ ryx kfv BK BL BM BN aazu BO BP ryd qwd ynj BQ hac BR (nkq ckq BS xrv) lgx qkb wry (nkd huq slc) mvl lvb BT BU BV BW fsp vwe hwq (vje zey (BX BY pkl) wkv ksa BZ jfa) fzx CA nlu CB CC (azp wcw CD vqh CE fuv rbd) qlu CF jar ces kvd zqt CG CH CI CJ xup CK krh CL zdz ehh CM (uom kny kms) zjt CN qed qhm nya (lya idz) (wgq tpb) abpu fep CO CP wvp fft CQ CR ab tdb CS swv CT CU CV zdb eps CW tqr mdb zri CX xti CY ygp syv abiu kmm gon CZ DA aqn DB kmp utz mpg vyv DC yus DD DE DF rcm isc ynl chr DG flx DH DI DJ DK DL DM DN nkg DP DQ nzz skj hbr DR pqq biz DS DT DU peo nmb (DV jor (DW fcq ury lgw gpf ezp) (vgj achp idn aaaw)) bpp DX (DY DZ fvw uw (vjb ces) pxr yua) umh EA abpg EB EC ED EE EF bas EG EH mpq EI sia lks EJ EK EL EM qa qjk evh hfx wbx EN EO xkb waq wap mso EP huq abfn ios EQ (absc ER nhp rry ES ekn abib yoy) wcb ET EU EV sxf
A B C oog dxn mol D psu nta E F G H boi I uoc wuk (J K zgq gwe L hum M) ixs acao N O aahs xgl P rgv mxy bwi Q R S geb T gbq (pyw wnr) U oqf V dci W (X bvv (oqu frh) get bv pub cij ndw Z) AA AB AC mhl eja AD rmx AE lit AF dcr rfk abvd AG pm AH AI cuu xif AJ AK mcl AL bbg abx neg xny AM ekh bva AN AO ekt AP osl (drz efp jjg BD) rre wmd mde (BE BF BG ery mde) dla abdi BH qxy gj ksf mkx dz xrg BI BJ ryx kfv BK BL BM BN aazu BO BP ryd qwd ynj BQ hac BR (nkq ckq BS xrv) lgx qkb wry (nkd huq slc) mvl lvb BT BU BV BW fsp vwe hwq (vje zey (BX BY pkl) wkv ksa BZ jfa) fzx CA nlu CB CC (azp wcw CD vqh CE fuv rbd) qlu CF jar ces kvd zqt CG CH CI CJ xup CK krh CL zdz ehh CM (uom kny kms) zjt CN qed qhm nya (lya idz) (wgq tpb) abpu fep CO CP wvp fft CQ CR ab tdb CS swv CT CU CV zdb eps CW tqr mdb zri CX xti CY ygp syv abiu kmm gon CZ DA aqn DB kmp utz mpg vyv DC yus DD DE DF rcm isc ynl chr DG flx DH DI DJ DK DL DM DN nkg DP DQ nzz skj hbr DR pqq biz DS DT DU peo nmb (DV jor (DW fcq ury lgw gpf ezp) (vgj achp idn aaaw)) bpp DX (DY DZ fvw uw (vjb ces) pxr yua) umh EA abpg EB EC ED EE EF bas EG EH mpq EI sia lks EJ EK EL EM qa qjk evh hfx wbx EN EO xkb waq wap mso EP huq abfn ios EQ (absc ER nhp rry ES ekn abib yoy) wcb ET EU EV sxf
A B C oog dxn mol D psu nta E F G H boi I uoc wuk (J K zgq gwe L hum M) ixs acao N O aahs xgl P rgv mxy bwi Q R S geb T gbq (pyw wnr) U oqf V dci W (X bvv (oqu frh) get bv pub cij ndw Z) AA AB AC mhl eja AD rmx AE lit AF dcr rfk abvd AG pm AH AI cuu xif AJ AK mcl AL bbg abx neg xny AM ekh bva AN AO ekt AP osl ypt rre wmd mde (BE BF BG ery mde) dla abdi BH qxy gj ksf mkx dz xrg BI BJ ryx kfv BK BL BM BN aazu BO BP ryd qwd ynj BQ hac BR (nkq ckq BS xrv) lgx qkb wry (nkd huq slc) mvl lvb BT BU BV BW fsp vwe hwq (vje zey (BX BY pkl) wkv ksa BZ jfa) fzx CA nlu CB CC (azp wcw CD vqh CE fuv rbd) qlu CF jar ces kvd zqt CG CH CI CJ xup CK krh CL zdz ehh CM (uom kny kms) zjt CN qed qhm nya (lya idz) (wgq tpb) abpu fep CO CP wvp fft CQ CR ab tdb CS swv CT CU CV zdb eps CW tqr mdb zri CX xti CY ygp syv abiu kmm gon CZ DA aqn DB kmp utz mpg vyv DC yus DD DE DF rcm isc ynl chr DG flx DH DI DJ DK DL DM DN nkg DP DQ nzz skj hbr DR pqq biz DS DT DU peo nmb (DV jor (DW fcq ury lgw gpf ezp) (vgj achp idn aaaw)) bpp DX (DY DZ fvw uw (vjb ces) pxr yua) umh EA abpg EB EC ED EE EF bas EG EH mpq EI sia lks EJ EK EL EM qa qjk evh hfx wbx EN EO xkb waq wap mso EP huq abfn ios EQ (absc ER nhp rry ES ekn abib yoy) wcb ET EU EV sxf
A B C oog dxn mol D psu nta E F G H boi I uoc wuk (J K zgq gwe L hum M) ixs acao N O aahs xgl P rgv mxy bwi Q R S geb T gbq (pyw wnr) U oqf V dci W (X bvv (oqu frh) get bv pub cij ndw Z) AA AB AC mhl eja AD rmx AE lit AF dcr rfk abvd AG pm AH AI cuu xif AJ AK mcl AL bbg abx neg xny AM ekh bva AN AO ekt AP osl ypt rre wmd mde (BE BF BG ery mde) dla abdi BH qxy gj ksf mkx dz xrg BI BJ ryx kfv BK BL BM BN aazu BO BP ryd qwd ynj BQ hac BR (fww xrv) lgx qkb wry (nkd huq slc) mvl lvb BT BU BV BW fsp vwe hwq (vje zey (BX BY pkl) wkv ksa BZ jfa) fzx CA nlu CB CC (azp wcw CD vqh CE fuv rbd) qlu CF jar ces kvd zqt CG CH CI CJ xup CK krh CL zdz ehh CM (uom kny kms) zjt CN qed qhm nya (lya idz) (wgq tpb) abpu fep CO CP wvp fft CQ CR ab tdb CS swv CT CU CV zdb eps CW tqr mdb zri CX xti CY ygp syv abiu kmm gon CZ DA aqn DB kmp utz mpg vyv DC yus DD DE DF rcm isc ynl chr DG flx DH DI DJ DK DL DM DN nkg DP DQ nzz skj hbr DR pqq biz DS DT DU peo nmb (DV jor (DW fcq ury lgw gpf ezp) (vgj achp idn aaaw)) bpp DX (DY DZ fvw uw (vjb ces) pxr yua) umh EA abpg EB EC ED EE EF bas EG EH mpq EI sia lks EJ EK EL EM qa qjk evh hfx wbx EN EO xkb waq wap mso EP huq abfn ios EQ (absc ER nhp rry ES ekn abib yoy) wcb ET EU EV sxf
A B C oog dxn mol D psu nta E F G H boi I uoc wuk (J K zgq gwe L hum M) ixs acao N O aahs xgl P rgv mxy bwi Q R S geb T gbq (pyw wnr) U oqf V dci W (X bvv (oqu frh) get bv pub cij ndw Z) AA AB AC mhl eja AD rmx AE lit AF dcr rfk abvd AG pm AH AI cuu xif AJ AK mcl AL bbg abx neg xny AM ekh bva AN AO ekt AP osl ypt rre wmd mde (BE BF BG ery mde) dla abdi BH qxy gj ksf mkx dz xrg BI BJ ryx kfv BK BL BM BN aazu BO BP ryd qwd ynj BQ hac BR (fww xrv) lgx qkb wry (mmd huq slc) mvl lvb BT BU BV BW fsp vwe hwq (vje zey (BX BY pkl) wkv ksa BZ jfa) fzx CA nlu CB CC (azp wcw CD vqh CE fuv rbd) qlu CF jar ces kvd zqt CG CH CI CJ xup CK krh CL zdz ehh CM (uom kny kms) zjt CN qed qhm nya (lya idz) (wgq tpb) abpu fep CO CP wvp fft CQ CR ab tdb CS swv CT CU CV zdb eps CW tqr mdb zri CX xti CY ygp syv abiu kmm gon CZ DA aqn DB kmp utz mpg vyv DC yus DD DE DF rcm isc ynl chr DG flx DH DI DJ DK DL DM DN nkg DP DQ nzz skj hbr DR pqq biz DS DT DU peo nmb (DV jor (DW fcq ury lgw gpf ezp) (vgj achp idn aaaw)) bpp DX (DY DZ fvw uw (vjb ces) pxr yua) umh EA abpg EB EC ED EE EF bas EG EH mpq EI sia lks EJ EK EL EM qa qjk evh hfx wbx EN EO xkb waq wap mso EP huq abfn ios EQ (absc ER nhp rry ES ekn abib yoy) wcb ET EU EV sxf
A B C oog dxn mol D psu nta E F G H boi I uoc wuk (J K zgq gwe L hum M) ixs acao N O aahs xgl P rgv mxy bwi Q R S geb T gbq (pyw wnr) U oqf V dci W (X bvv (oqu frh) get bv pub cij ndw Z) AA AB AC mhl eja AD rmx AE lit AF dcr rfk abvd AG pm AH AI cuu xif AJ AK mcl AL bbg abx neg xny AM ekh bva AN AO ekt AP osl ypt rre wmd mde (BE BF BG ery mde) dla abdi BH qxy gj ksf mkx dz xrg BI BJ ryx kfv BK BL BM BN aazu BO BP ryd qwd ynj BQ hac BR (fww xrv) lgx qkb wry (mmd huq slc) mvl lvb BT BU BV BW fsp vwe hwq (vqt mvo ivf maw wkv ksa BZ jfa) fzx CA nlu CB CC (azp wcw CD vqh CE fuv rbd) qlu CF jar ces kvd zqt CG CH CI CJ xup CK krh CL zdz ehh CM (uom kny kms) zjt CN qed qhm nya (lya idz) (wgq tpb) abpu fep CO CP wvp fft CQ CR ab tdb CS swv CT CU CV zdb eps CW tqr mdb zri CX xti CY ygp syv abiu kmm gon CZ DA aqn DB kmp utz mpg vyv DC yus DD DE DF rcm isc ynl chr DG flx DH DI DJ DK DL DM DN nkg DP DQ nzz skj hbr DR pqq biz DS DT DU peo nmb (DV jor (DW fcq ury lgw gpf ezp) (vgj achp idn aaaw)) bpp DX (DY DZ fvw uw (vjb ces) pxr yua) umh EA abpg EB EC ED EE EF bas EG EH mpq EI sia lks EJ EK EL EM qa qjk evh hfx wbx EN EO xkb waq wap mso EP huq abfn ios EQ (absc ER nhp rry ES ekn abib yoy) wcb ET EU EV sxf
A B C oog dxn mol D psu nta E F G H boi I uoc wuk (J K zgq gwe L hum M) ixs acao N O aahs xgl P rgv mxy bwi Q R S geb T gbq (pyw wnr) U oqf V dci W (X bvv (oqu frh) get bv pub cij ndw Z) AA AB AC mhl eja AD rmx AE lit AF dcr rfk abvd AG pm AH AI cuu xif AJ AK mcl AL bbg abx neg xny AM ekh bva AN AO ekt AP osl ypt rre wmd mde (BE BF BG ery mde) dla abdi BH qxy gj ksf mkx dz xrg BI BJ ryx kfv BK BL BM BN aazu BO BP ryd qwd ynj BQ hac BR (fww xrv) lgx qkb wry (mmd huq slc) mvl lvb BT BU BV BW fsp vwe hwq (ljm nnb mvo ivf maw wkv ksa BZ jfa) fzx CA nlu CB CC (azp wcw CD vqh CE fuv rbd) qlu CF jar ces kvd zqt CG CH CI CJ xup CK krh CL zdz ehh CM (uom kny kms) zjt CN qed qhm nya (lya idz) (wgq tpb) abpu fep CO CP wvp fft CQ CR ab tdb CS swv CT CU CV zdb eps CW tqr mdb zri CX xti CY ygp syv abiu kmm gon CZ DA aqn DB kmp utz mpg vyv DC yus DD DE DF rcm isc ynl chr DG flx DH DI DJ DK DL DM DN nkg DP DQ nzz skj hbr DR pqq biz DS DT DU peo nmb (DV jor (DW fcq ury lgw gpf ezp) (vgj achp idn aaaw)) bpp DX (DY DZ fvw uw (vjb ces) pxr yua) umh EA abpg EB EC ED EE EF bas EG EH mpq EI sia lks EJ EK EL EM qa qjk evh hfx wbx EN EO xkb waq wap mso EP huq abfn ios EQ (absc ER nhp rry ES ekn abib yoy) wcb ET EU EV sxf
A B C oog dxn mol D psu nta E F G H boi I uoc wuk (J K zgq gwe L hum M) ixs acao N O aahs xgl P rgv mxy bwi Q R S geb T gbq (pyw wnr) U oqf V dci W (X bvv (oqu frh) get bv pub cij ndw Z) AA AB AC mhl eja AD rmx AE lit AF dcr rfk abvd AG pm AH AI cuu xif AJ AK mcl AL bbg abx neg xny AM ekh bva AN AO ekt AP osl ypt rre wmd mde (BE BF BG ery mde) dla abdi BH qxy gj ksf mkx dz xrg BI BJ ryx kfv BK BL BM BN aazu BO BP ryd qwd ynj BQ hac BR (fww xrv) lgx qkb wry (mmd huq slc) mvl lvb BT BU BV BW fsp vwe hwq (grk ivf maw wkv ksa BZ jfa) fzx CA nlu CB CC (azp wcw CD vqh CE fuv rbd) qlu CF jar ces kvd zqt CG CH CI CJ xup CK krh CL zdz ehh CM (uom kny kms) zjt CN qed qhm nya (lya idz) (wgq tpb) abpu fep CO CP wvp fft CQ CR ab tdb CS swv CT CU CV zdb eps CW tqr mdb zri CX xti CY ygp syv abiu kmm gon CZ DA aqn DB kmp utz mpg vyv DC yus DD DE DF rcm isc ynl chr DG flx DH DI DJ DK DL DM DN nkg DP DQ nzz skj hbr DR pqq biz DS DT DU peo nmb (DV jor (DW fcq ury lgw gpf ezp) (vgj achp idn aaaw)) bpp DX (DY DZ fvw uw (vjb ces) pxr yua) umh EA abpg EB EC ED EE EF bas EG EH mpq EI sia lks EJ EK EL EM qa qjk evh hfx wbx EN EO xkb waq wap mso EP huq abfn ios EQ (absc ER nhp rry ES ekn abib yoy) wcb ET EU EV sxf
A B C oog dxn mol D psu nta E F G H boi I uoc wuk (J K zgq gwe L hum M) ixs acao N O aahs xgl P rgv mxy bwi Q R S geb T gbq (pyw wnr) U oqf V dci W (X bvv (oqu frh) get bv pub cij ndw Z) AA AB AC mhl eja AD rmx AE lit AF dcr rfk abvd AG pm AH AI cuu xif AJ AK mcl AL bbg abx neg xny AM ekh bva AN AO ekt AP osl ypt rre wmd mde (BE BF BG ery mde) dla abdi BH qxy gj ksf mkx dz xrg BI BJ ryx kfv BK BL BM BN aazu BO BP ryd qwd ynj BQ hac BR (fww xrv) lgx qkb wry (mmd huq slc) mvl lvb BT BU BV BW fsp vwe hwq (fye fhe vvc eze uug maw wkv ksa BZ jfa) fzx CA nlu CB CC (azp wcw CD vqh CE fuv rbd) qlu CF jar ces kvd zqt CG CH CI CJ xup CK krh CL zdz ehh CM (uom kny kms) zjt CN qed qhm nya (lya idz) (wgq tpb) abpu fep CO CP wvp fft CQ CR ab tdb CS swv CT CU CV zdb eps CW tqr mdb zri CX xti CY ygp syv abiu kmm gon CZ DA aqn DB kmp utz mpg vyv DC yus DD DE DF rcm isc ynl chr DG flx DH DI DJ DK DL DM DN nkg DP DQ nzz skj hbr DR pqq biz DS DT DU peo nmb (DV jor (DW fcq ury lgw gpf ezp) (vgj achp idn aaaw)) bpp DX (DY DZ fvw uw (vjb ces) pxr yua) umh EA abpg EB EC ED EE EF bas EG EH mpq EI sia lks EJ EK EL EM qa qjk evh hfx wbx EN EO xkb waq wap mso EP huq abfn ios EQ (absc ER nhp rry ES ekn abib yoy) wcb ET EU EV sxf
A B C oog dxn mol D psu nta E F G H boi I uoc wuk (J K zgq gwe L hum M) ixs acao N O aahs xgl P rgv mxy bwi Q R S geb T gbq (pyw wnr) U oqf V dci W (X bvv (oqu frh) get bv pub cij ndw Z) AA AB AC mhl eja AD rmx AE lit AF dcr rfk abvd AG pm AH AI cuu xif AJ AK mcl AL bbg abx neg xny AM ekh bva AN AO ekt AP osl ypt rre wmd mde (BE BF BG ery mde) dla abdi BH qxy gj ksf mkx dz xrg BI BJ ryx kfv BK BL BM BN aazu BO BP ryd qwd ynj BQ hac BR (fww xrv) lgx qkb wry (mmd huq slc) mvl lvb BT BU BV BW fsp vwe hwq (aym uug maw wkv ksa BZ jfa) fzx CA nlu CB CC (azp wcw CD vqh CE fuv rbd) qlu CF jar ces kvd zqt CG CH CI CJ xup CK krh CL zdz ehh CM (uom kny kms) zjt CN qed qhm nya (lya idz) (wgq tpb) abpu fep CO CP wvp fft CQ CR ab tdb CS swv CT CU CV zdb eps CW tqr mdb zri CX xti CY ygp syv abiu kmm gon CZ DA aqn DB kmp utz mpg vyv DC yus DD DE DF rcm isc ynl chr DG flx DH DI DJ DK DL DM DN nkg DP DQ nzz skj hbr DR pqq biz DS DT DU peo nmb (DV jor (DW fcq ury lgw gpf ezp) (vgj achp idn aaaw)) bpp DX (DY DZ fvw uw (vjb ces) pxr yua) umh EA abpg EB EC ED EE EF bas EG EH mpq EI sia lks EJ EK EL EM qa qjk evh hfx wbx EN EO xkb waq wap mso EP huq abfn ios EQ (absc ER nhp rry ES ekn abib yoy) wcb ET EU EV sxf
A B C oog dxn mol D psu nta E F G H boi I uoc wuk (J K zgq gwe L hum M) ixs acao N O aahs xgl P rgv mxy bwi Q R S geb T gbq (pyw wnr) U oqf V dci W (X bvv (oqu frh) get bv pub cij ndw Z) AA AB AC mhl eja AD rmx AE lit AF dcr rfk abvd AG pm AH AI cuu xif AJ AK mcl AL bbg abx neg xny AM ekh bva AN AO ekt AP osl ypt rre wmd mde (BE BF BG ery mde) dla abdi BH qxy gj ksf mkx dz xrg BI BJ ryx kfv BK BL BM BN aazu BO BP ryd qwd ynj BQ hac BR (fww xrv) lgx qkb wry (mmd huq slc) mvl lvb BT BU BV BW fsp vwe hwq (rvi uug maw wkv ksa BZ jfa) fzx CA nlu CB CC (azp wcw CD vqh CE fuv rbd) qlu CF jar ces kvd zqt CG CH CI CJ xup CK krh CL zdz ehh CM (uom kny kms) zjt CN qed qhm nya (lya idz) (wgq tpb) abpu fep CO CP wvp fft CQ CR ab tdb CS swv CT CU CV zdb eps CW tqr mdb zri CX xti CY ygp syv abiu kmm gon CZ DA aqn DB kmp utz mpg vyv DC yus DD DE DF rcm isc ynl chr DG flx DH DI DJ DK DL DM DN nkg DP DQ nzz skj hbr DR pqq biz DS DT DU peo nmb (DV jor (DW fcq ury lgw gpf ezp) (vgj achp idn aaaw)) bpp DX (DY DZ fvw uw (vjb ces) pxr yua) umh EA abpg EB EC ED EE EF bas EG EH mpq EI sia lks EJ EK EL EM qa qjk evh hfx wbx EN EO xkb waq wap mso EP huq abfn ios EQ (absc ER nhp rry ES ekn abib yoy) wcb ET EU EV sxf
A B C oog dxn mol D psu nta E F G H boi I uoc wuk (J K zgq gwe L hum M) ixs acao N O aahs xgl P rgv mxy bwi Q R S geb T gbq (pyw wnr) U oqf V dci W (X bvv (oqu frh) get bv pub cij ndw Z) AA AB AC mhl eja AD rmx AE lit AF dcr rfk abvd AG pm AH AI cuu xif AJ AK mcl AL bbg abx neg xny AM ekh bva AN AO ekt AP osl ypt rre wmd mde (BE BF BG ery mde) dla abdi BH qxy gj ksf mkx dz xrg BI BJ ryx kfv BK BL BM BN aazu BO BP ryd qwd ynj BQ hac BR (fww xrv) lgx qkb wry (mmd huq slc) mvl lvb BT BU BV BW fsp vwe hwq (eak vfs wxe ksa BZ jfa) fzx CA nlu CB CC (azp wcw CD vqh CE fuv rbd) qlu CF jar ces kvd zqt CG CH CI CJ xup CK krh CL zdz ehh CM (uom kny kms) zjt CN qed qhm nya (lya idz) (wgq tpb) abpu fep CO CP wvp fft CQ CR ab tdb CS swv CT CU CV zdb eps CW tqr mdb zri CX xti CY ygp syv abiu kmm gon CZ DA aqn DB kmp utz mpg vyv DC yus DD DE DF rcm isc ynl chr DG flx DH DI DJ DK DL DM DN nkg DP DQ nzz skj hbr DR pqq biz DS DT DU peo nmb (DV jor (DW fcq ury lgw gpf ezp) (vgj achp idn aaaw)) bpp DX (DY DZ fvw uw (vjb ces) pxr yua) umh EA abpg EB EC ED EE EF bas EG EH mpq EI sia lks EJ EK EL EM qa qjk evh hfx wbx EN EO xkb waq wap mso EP huq abfn ios EQ (absc ER nhp rry ES ekn abib yoy) wcb ET EU EV sxf
A B C oog dxn mol D psu nta E F G H boi I uoc wuk (J K zgq gwe L hum M) ixs acao N O aahs xgl P rgv mxy bwi Q R S geb T gbq (pyw wnr) U oqf V dci W (X bvv (oqu frh) get bv pub cij ndw Z) AA AB AC mhl eja AD rmx AE lit AF dcr rfk abvd AG pm AH AI cuu xif AJ AK mcl AL bbg abx neg xny AM ekh bva AN AO ekt AP osl ypt rre wmd mde (BE BF BG ery mde) dla abdi BH qxy gj ksf mkx dz xrg BI BJ ryx kfv BK BL BM BN aazu BO BP ryd qwd ynj BQ hac BR (fww xrv) lgx qkb wry (mmd huq slc) mvl lvb BT BU BV BW fsp vwe hwq (sbq vfs wxe ksa BZ jfa) fzx CA nlu CB CC (azp wcw CD vqh CE fuv rbd) qlu CF jar ces kvd zqt CG CH CI CJ xup CK krh CL zdz ehh CM (uom kny kms) zjt CN qed qhm nya (lya idz) (wgq tpb) abpu fep CO CP wvp fft CQ CR ab tdb CS swv CT CU CV zdb eps CW tqr mdb zri CX xti CY ygp syv abiu kmm gon CZ DA aqn DB kmp utz mpg vyv DC yus DD DE DF rcm isc ynl chr DG flx DH DI DJ DK DL DM DN nkg DP DQ nzz skj hbr DR pqq biz DS DT DU peo nmb (DV jor (DW fcq ury lgw gpf ezp) (vgj achp idn aaaw)) bpp DX (DY DZ fvw uw (vjb ces) pxr yua) umh EA abpg EB EC ED EE EF bas EG EH mpq EI sia lks EJ EK EL EM qa qjk evh hfx wbx EN EO xkb waq wap mso EP huq abfn ios EQ (absc ER nhp rry ES ekn abib yoy) wcb ET EU EV sxf
A B C oog dxn mol D psu nta E F G H boi I uoc wuk (J K zgq gwe L hum M) ixs acao N O aahs xgl P rgv mxy bwi Q R S geb T gbq (pyw wnr) U oqf V dci W (X bvv (oqu frh) get bv pub cij ndw Z) AA AB AC mhl eja AD rmx AE lit AF dcr rfk abvd AG pm AH AI cuu xif AJ AK mcl AL bbg abx neg xny AM ekh bva AN AO ekt AP osl ypt rre wmd mde (BE BF BG ery mde) dla abdi BH qxy gj ksf mkx dz xrg BI BJ ryx kfv BK BL BM BN aazu BO BP ryd qwd ynj BQ hac BR (fww xrv) lgx qkb wry (mmd huq slc) mvl lvb BT BU BV BW fsp vwe hwq (zgy fcm wxe ksa BZ jfa) fzx CA nlu CB CC (azp wcw CD vqh CE fuv rbd) qlu CF jar ces kvd zqt CG CH CI CJ xup CK krh CL zdz ehh CM (uom kny kms) zjt CN qed qhm nya (lya idz) (wgq tpb) abpu fep CO CP wvp fft CQ CR ab tdb CS swv CT CU CV zdb eps CW tqr mdb zri CX xti CY ygp syv abiu kmm gon CZ DA aqn DB kmp utz mpg vyv DC yus DD DE DF rcm isc ynl chr DG flx DH DI DJ DK DL DM DN nkg DP DQ nzz skj hbr DR pqq biz DS DT DU peo nmb (DV jor (DW fcq ury lgw gpf ezp) (vgj achp idn aaaw)) bpp DX (DY DZ fvw uw (vjb ces) pxr yua) umh EA abpg EB EC ED EE EF bas EG EH mpq EI sia lks EJ EK EL EM qa qjk evh hfx wbx EN EO xkb waq wap mso EP huq abfn ios EQ (absc ER nhp rry ES ekn abib yoy) wcb ET EU EV sxf
A B C oog dxn mol D psu nta E F G H boi I uoc wuk (J K zgq gwe L hum M) ixs acao N O aahs xgl P rgv mxy bwi Q R S geb T gbq (pyw wnr) U oqf V dci W (X bvv (oqu frh) get bv pub cij ndw Z) AA AB AC mhl eja AD rmx AE lit AF dcr rfk abvd AG pm AH AI cuu xif AJ AK mcl AL bbg abx neg xny AM ekh bva AN AO ekt AP osl ypt rre wmd mde (BE BF BG ery mde) dla abdi BH qxy gj ksf mkx dz xrg BI BJ ryx kfv BK BL BM BN aazu BO BP ryd qwd ynj BQ hac BR (fww xrv) lgx qkb wry (mmd huq slc) mvl lvb BT BU BV BW fsp vwe hwq (qiq qma BZ jfa) fzx CA nlu CB CC (azp wcw CD vqh CE fuv rbd) qlu CF jar ces kvd zqt CG CH CI CJ xup CK krh CL zdz ehh CM (uom kny kms) zjt CN qed qhm nya (lya idz) (wgq tpb) abpu fep CO CP wvp fft CQ CR ab tdb CS swv CT CU CV zdb eps CW tqr mdb zri CX xti CY ygp syv abiu kmm gon CZ DA aqn DB kmp utz mpg vyv DC yus DD DE DF rcm isc ynl chr DG flx DH DI DJ DK DL DM DN nkg DP DQ nzz skj hbr DR pqq biz DS DT DU peo nmb (DV jor (DW fcq ury lgw gpf ezp) (vgj achp idn aaaw)) bpp DX (DY DZ fvw uw (vjb ces) pxr yua) umh EA abpg EB EC ED EE EF bas EG EH mpq EI sia lks EJ EK EL EM qa qjk evh hfx wbx EN EO xkb waq wap mso EP huq abfn ios EQ (absc ER nhp rry ES ekn abib yoy) wcb ET EU EV sxf
A B C oog dxn mol D psu nta E F G H boi I uoc wuk (J K zgq gwe L hum M) ixs acao N O aahs xgl P rgv mxy bwi Q R S geb T gbq (pyw wnr) U oqf V dci W (X bvv (oqu frh) get bv pub cij ndw Z) AA AB AC mhl eja AD rmx AE lit AF dcr rfk abvd AG pm AH AI cuu xif AJ AK mcl AL bbg abx neg xny AM ekh bva AN AO ekt AP osl ypt rre wmd mde (BE BF BG ery mde) dla abdi BH qxy gj ksf mkx dz xrg BI BJ ryx kfv BK BL BM BN aazu BO BP ryd qwd ynj BQ hac BR (fww xrv) lgx qkb wry (mmd huq slc) mvl lvb BT BU BV BW fsp vwe hwq (bwu fdq qma BZ jfa) fzx CA nlu CB CC (azp wcw CD vqh CE fuv rbd) qlu CF jar ces kvd zqt CG CH CI CJ xup CK krh CL zdz ehh CM (uom kny kms) zjt CN qed qhm nya (lya idz) (wgq tpb) abpu fep CO CP wvp fft CQ CR ab tdb CS swv CT CU CV zdb eps CW tqr mdb zri CX xti CY ygp syv abiu kmm gon CZ DA aqn DB kmp utz mpg vyv DC yus DD DE DF rcm isc ynl chr DG flx DH DI DJ DK DL DM DN nkg DP DQ nzz skj hbr DR pqq biz DS DT DU peo nmb (DV jor (DW fcq ury lgw gpf ezp) (vgj achp idn aaaw)) bpp DX (DY DZ fvw uw (vjb ces) pxr yua) umh EA abpg EB EC ED EE EF bas EG EH mpq EI sia lks EJ EK EL EM qa qjk evh hfx wbx EN EO xkb waq wap mso EP huq abfn ios EQ (absc ER nhp rry ES ekn abib yoy) wcb ET EU EV sxf


