a ami alx ama amc amh alz alu amb alw amf alr als aly amj alt ame alv amd amg = ajk gp ik ajo fl gq aem vc aak wi my yh go
b alu ame amg alt alv amj ama amc alr amd alx ami alz amb amh als aly alw amf = ca tz sx kn ji ajq bd z alb tq dv adr zh
c alt alr alw als alx alu alv = acl agc ai fh to agf gc aep akd uw cc es
d amf alv amc ame amb ami alw alu alx alz amd alt aly amg amh ama alr als = aac ni agz acw ve acf ks me aip aeh ow il wj sz
e amc amd alw alr alt aly ama ame amb alu alx als alz alv = ajx pm sn hm qs aic
f als alr alt = ks
g alu als alr alt = ahh jg fs wf me aim lw (aiw db oi ahd tr mw km)
h alu amh alx amb amd amf amc alt ame alw ama als amg alz alv aly alr = te gp aey abg abk ow hv un bx rn iz gz adc aan mp t ef ea nk su
i alr alt als = xn wh kd js xo zd ns aba yw rd adc pf (aeh ol bf)
j alu amd aly alr alv alt alz alx als ama alw amc amb = jj im (kg (zu (aeq iw (yu ky qn aky fg aaq))))
k alr als alv alw alt alu = aaq vg ge ahh ve jz xp oh (abg cg dt)
l alr = mp lk qe
m ama alv alx amg ame amc als amd aly amj amh ami alu alr amb amf alt alz alw = ajw se ic oo uc aic ajp (bl abh ou ew aei hj agd zt oe air od)
n alr als = ahm hg ol at io aes aho zn acr vu ks abr pw aav mj abo
o amc als alu alw aly ama amb alz amf amg ame amd alr alv alx alt = oj pz akw mj lg aic xt be aem ek mc yj (ul ow adz afq)
p alt als alr alu = gp zn ade xu eq aiv
q alt alx alr als alw alu alv = jg jf aw
r alz alr amg alx amb amf alu aly amd alt ama alw amc ame als alv = iq
s alu alw ama amh alx ame ami amb aly alr alz amg amf amc amd alt als alv = alo lx aet su adf (en we cd aak rx aia en) ar nh vh rv
t alu amb als aly alv ama alx alr alt alw alz = akl qk fq sk tm kt
u alv alw alu als alt alr = gj acz og ot za aen bq om
v alx alu aly als alt alw alr alv = aef uf ba ais hn tm ahy pr aeo hf pj (bb aez mb (alq uh ft))
w amh aly alt amf alu alr amc amj amg ame alz ami als amd amb alx alw alv ama = my ade kt abq qa agn alk aco (rz u by no)
x alw aly alt alv alr amb als ama alx alz alu = acb abr ajy en
y alw amf als alu alr ama alx alz alt amb amg ame aly amd alv amc = aav kf ako abb ka iq
z amc ame alt ama als alx alw aly alr alv alz amb amd alu = av ja xw
aa alz aly ama alr alt als alv alx alu alw = kb lf cc
ab alt als alu alw alv alr alx = hx ws et yg oy gw
ac = jz ahu tz kg u hp
ad amd amj ami alt ama alr alz amg alx aly alu amf alw amb amh als alv amc ame = afu pz agw gu fj afg jr agt hi ef alm uw vl th qj zd
ae als alz alv aly ama alt alu alw alx alr = wk aad fa aai qg iw cn bb ln aau ajj wt ej eh aji
af alu alt als alr = fd zh qi qa tb qc tj da lz abl
ag alx als ama alu alw amc amb alt alz aly alr alv = dq cc abf aje rr aid tq xt uk fg nq bx (ca agb) mb aav aw
ah alr als alx amd alw amc alu ama alt alv aly alz amb = aej gb xi gz aji ags
ai als alr = zr acd oc
aj aly amh ama alu amc ame alz amd als ami alx alt amb amf amg alw alv alr = ff akx ads zf ow (bp aij acq akm ady) acd afd
ak alr alv alu als alt = ma du oe aeb ahw (aw ct qp xm (akd qo da aho afb iw aam aiv qz sq wj))
al aly alw alr amb alz alt alu ama amd alx amc alv als = adn qr adc gs wr yj abs ail
am als alr alt alu alw alv = es
an aly alx alu alz alw alr amg alv ame alt ama amf amd als amb amc = ma adi dh jb en aaf akb
ao als amc alx alt alv ama alr alw aly alz amb alu = dz sg mk ry qw agm id aga ut kn am aad io rt kw td ml
ap alt alr alu alv alw als = aeu wq aej acl ah yt aer aln mu
aq ama amc alu aly amb alt alv alx als alw alz alr = ab yf rk ir ub th r ed aki (akw aby qy)
ar alt aly alr alx alw alz alv als alu = ck afg zn yt qq aeo xv eu zu (gg aef) fd
at alt alv alu als alw alx alr = vj cb afg nm aae ahq eg wv ze mm abx
au alz amh amc amd alr ami alx alt amb ama ame alu amg alw amf als aly alv = sj sc fq abm alf nu aju cv aix dj mw tm
av alr alt als = gj u ck rr uy tr (kz yg fa) (tl ni hf da x aak) pn aku
aw = tv adg mm abf acf hf
ax amd als amf alz alr alv alw alu amc amg aly alt ama alx amb ame = abr xk tc co ze wi pl bq zg aal ais cx cs ft ey oy tl
ay alr aly alv alu alw ama amb alx amf amc amd alt als alz ame = aab adi gd ags hi mr ajb yh gd lx zm ff (aat ale xo nm fg) ahd mg aw
az alr als = pw aec td cn ul wc afz ut aev gu aht ahq hb ajt fd agh rx tr
ba als alr alt alw aly alu alv alx = lx vt ajk wg qc ahs al add ql ada rs
bb alw alv alr alt alx alu als = pe vm (ah ga ey cb) hf cp gn qv rk v (xv (aaj acs) ce hg)
bc alw alv als alt ama alr alx aly alu alz = aav ahf aee jp
bd amb alt alw alx alu ama alr alz als aly alv = lj (adj adg mu mo pn ahe aaz aky aje a aku dc pq abz ht)
be amg amd alv alw amf alx aly amj alt als amh ame alr ami alu amb amc ama alz = vh abo ck iz k dc pb ahr ru aep
bf = gl dn gs akr vq ta ml ads
bg alr ama alt aly amf ami alv amj alu ame amg amh amd alx alz amc alw als amb = ez mj afu wj bt kv av tm eq
bh alv alu alt alr als = ajp ph f hz sr wz aeq aac wp aca ajg ahx ji
bi alu alv alt als alr alw = wk
bj alz aly alt alw ama alx alu alr alv als = pi aiv ue tv eq tw abz ms gt ce aeu (afx bb)
bk amd ame amb amf amg amc ama alr alu aly als alw alx alt alz alv = aer lz oq qh sz oj nj ra alp rz nw mo qs kb tl (gw vh) abe kc
bl alr amg amf amc alx alw aly amb als alt ame amd alu amh alz alv ama = nu zt ahs
bm als alr = ei sg akf sx vc wa vr bb ca bv bj afe se yy bv ts ahn
bn amg alr amd aly ame alv alu amf amc alw als alx alt alz amb ama = aff de ia qq
bo ama amd alv aly alr alz alx alt amc amb als alu alw = fl aif wi ix wa (uf bx jz jn oi) wj bj aiv gc
bp alt alx ama amc aly amb alv alz alw alu alr als = agt di bv
bq alv alr als alw aly alu alx alt = adi agd ec gz qn ks nh wh alm aik afc
br alt alv ama als alu aly alr alz alw alx = aef aln kt ajn uv vo h fr ro ala mr act eg ahd za cf f ei zy sh
bs alx alw alz amh alv amf alu aly ama amb ami als amg alt amc ame alr amd = uw qq rf
bt = hw acp
bu alu als alv amh amd alx ame alz amb amf amg alw alt aly ama amc alr ami = ahr gm tr ain nz hb bn afn nj (co ih it aky)
bv alu alt alz alr alw ama amb alv aly alx als = qd afa pa mq rk cg km (agu agt) hf ko st ajc os ama rb ago
bw alv alr alz alt alw alx als alu aly = rg fo zg gw cf
bx alu alt als alr = acp ap
by alw amh ami alv alx amc ama amd alr amj ame amb alu aly amf alz alt amg als = zk
bz alr alw alt als alv alu = uc aes ck ep acm cy aek jq lr kx akm wz aaf afb ve dt afp
ca amd alx als amc alz ama aly alr ame alu amb alv amg amf alt alw = agw acz gr tj sb zw dn ff kp
cb als alr = acw yl aho uz xt pw de qj fg mm adg abo kf lg alp sf qz rb oz
cc alt als alu alr = wk rl li als tj pl uw uy xu aik ha uw
cd aly ama alv alu alz als alt alr amb alx alw = lo ace
ce amb amd als alv aly amc alw alu ame alt alx alz ama alr = aks ta iv alf qk yc od uv kb
cf amc als alu alw alt alv amb ama aly alx alz alr amd = ke zy lf tw pe en afz zy tt dk afn (kl ff afq dx jy gl uk)
cg alu alr alt als = qf mu dz yu ajo kh mg ajz rx xb wv zr gk po agw
ch amg alw alx ama alz alu amf amj alr amk aly amc ame alv ami amh amb amd als alt = da
ci als alv alz alt amc alr alw alu amb ama aly alx = ij d ht pz aau ru vg aiy gs
cj amb alx amh alv alt amd amf alr ama amc alu als ame aly alz amg alw = aes wc yz kd ic g uz qg
ck alr amc ama alv amf ame alz amb alw als alt amg amd alu amh alx aly = tg (gw rv gm aja xn ev aju) yg
cl = za ajf aky
cm aly alz amc amh als ame alv alw alt amb ama ami amj amf alu amg amd alx alr = ms yz aet akr ads da zm jc vm (g lz yq ue) ajv wp sh ek xw ajr
cn alv ama alt aly als alr amc amb alz alw alu alx = agu tt l jh di agk (xe (o ua abn xt bi yt ahi ds aen kd))
co amd alv alt amb amc alu alw ama ame amf alx aly alz als alr = ajx zx ads la
cp alv als alu alr alt alw = adf aej cl kq co yp adq fe xo y ajv ps lj hx pg rs iu sp at
cq alz alu alx als amb alv alw ama aly alr alt = up
cr alt als alv alr alu = ln wz k ov ez cn vo
cs alt alu als alr = alm tf li qq (aal acm or gk oe ey ew (n ba kc acj xq mq cd fe))
ct amb aly alz alr amd alu alw alx ama amc alt alv als = cu ajd zg aeb hx ajv mn pw
cu alv als amf amd aly alz amc alr ami amh ama amg alw alu alt amb alx ame = f jq f kp wo sn zp qk wl nw bl qv re pw sv
cv alu alv als alx alw alt alr = afn afc
cw alr = yw se alo
cx alr = acs qr dq rw cw agu en tz ahy gm q
cy aly alu alx alz als ama alw alt alv alr = ig ahe bz iz adl (nd fq) (akp abt oc ale aku uk jk xz aii aad (jb wf aao))
cz alu als alr alt = qs qk my zu fi vs abw lw ef akx ug aen vm pk afn lc wd iz ako
da alr alu alv alw als alx alt = xm xu lo ne alg aj ajh uz abo
db alv alw als alu alt alr = cf ada ack ml tp aeg kw wu ph qm wr xq afq jf
dc als alt alr = oz lb aib
dd als alr aly alz ame amd alw amg amf alt alu amc ama amb alx alv = be ak aah ed lf kn yb od xr aac
de als alt alr = so fv aeu bh acy ahx yt yz bp aa rx qv mb
df alx alv alr amj amk alw ami als ama alu amc alz amf aly amd alt amg ame amh amb = pf ajx np aam qs qf mw ajk dh g qn xb wb ib ajo
dg alw amh amf alu amb alr als ama alz amg amc alv amd aly alx ame alt = ss xk
dh alu alv amc als alr amd alt alz ama alw ame aly alx amb = ru acm fr qq aac hi f
di alu amb ama alx alw als aly alv alr alt alz = dw og afi vz dh uj eo ajm ud rh yv ly agz aan eq
dj alx amh alz ama ame amg alw amd alr amc alu amb amf alv alt aly als = dc aj fo
dk alr als = agj (gy abj o aba) dt s aeq ig ajq vu agx ef xk ze vl aco ip abn
dl amc alu als alr ama alt alw amd aly amb ame alz alv alx = ada qy yf ue du iv add kk lk afx rv aih vn aax alp ro afn alk ajm hc
dm alw aly amb alu amh amf alz amd alr amc ama alv ame ami amj alx als amg alt = rz fx ge (fp kx aep hf bw aib ip afo lp az er)
dn alr = ale lx xv
dp alv alt als alr alw alx alz aly alu = nk ahs mc ahd abz ajo (rj wl zq acz q rb) ek yf
dq alv ama amg amh alu aly alr amb ame alt amc amd amf als alx alw ami alz = iz sl act bq afo yy zc ty gs aio iq
dr amf aly alr als ama alt amd alx amh alz ami alu amb alw ame amg alv amc = c js gf ajo gp ace afe agm we akz ahh km adc dn
ds alu als alx alv alr alt alw = ahb db tx di ais jc bb
dt alt als alr = qe nc
du alu alz amb alw alt ama alx alv alr amd als amc aly = aar em tu
dv alu alv alr alw alx als alt = alh ia gc gj aad ej acb si afd
dw alr alu als alt = ju ay nx aji adi nj afu ic (kb ig)
dx alr als amc amd alt aly amb ama alu ame alz alx amf alw alv = acm
dy amd alw ame amb ama alv aly alt als amg alr amc alx alu amf alz = ly aap
dz alz alw ami ama amb amg amd als amf alu amc amh alt aly ame alr alv alx = ach dv xv rn ew bu xv akf ys (pc hw xf wv aid (ajm ep) agx afa)
ea amg aly alu alw ame amc amf alv alr als amb amd ama alz amh alx alt = ajb
eb alt amb aly alx als amc alv ama alw amd alr alu alz = xe gg eu tg alb en aif fu
ec amc amd alw alr amb ame alx ama aly alv alz alt alu als amf = rk pz jn dk ay abt acy aht bk nk gk aco ajd qr qm aic yr afm kx acn
ed amh amd ami amg alx amf als amb ama alt ame alv alw alr aly alu amc alz = sb t xi ago hz aac pt agh kp yw ws jh alc nm qd
ee = yb ls
ef alv alu als alr alw alt = oh ajm tu ahp alh ov acm aag akf rt hl dd fj aix vv afp
eg als alt alu alr = fr qe dh abc jq cs b ahf oh afu bm dw wd (bj ay at gv) zm
eh als alu alv alt alr = cf aak tb hh lz en lq (alf pl ge fj ul aq ge abb iy zq) nd pu
ei alw alu alx als alt alr alv aly = bi ek h abd i abr afq qi sg
ej alr alu alt als = yn jp ca ajt tq mt ry oh aed af wu abm w wz aim dv (ajp cl) yt gv
ek = ajt ade akc
el alz alv alu alr alt amb aly alx als amd ami amg ame amh alw ama amc amf = im ua cw or mm uz co ys fp kp aib aab hw yi
em alw ama amb amg alu alx amd alr alz alv aly alt ame amf amc als = nx akj aie agp (xj wg wi wv tp mw pf jq ajy aac)
en alu ama amg alt aly amc alv alr alz amb alx amd alw als ame amf = ej xx akl mg abh ly
eo alu als alx aly alv alt alw alr = ms ry fw ahj akg va acx mk afn ajh qd aao tj (xi ug ox)
ep amf ama amd amb alz amg alv alt alu aly ame alr als alw amc alx = er aed ajj zi aaw cp agg ak aco ajd adc agj ue dw (mx aae ar) uq qc
eq amf alr alv amb alx alu alw amc alz amd alt als aly amg ama ame = qo afa afb aaw (pt fm qm iq ajo) eu hs af ae pq ny aet dn ao r
er = ew qh ij xj wq ns abq dy ri fb agx ajz zt afl de y zp b rk fr
es = wv th tn aeg agz (jl alf yw gg fl aat bg yp bn) xe
et als alt alr = xd ow jv su
eu alt alx als alw alu alv alr = akh mb alp aw wa akq lq so xp ky alc ri ly afk zi
ev alt als alu alr = yd
ew alz alv alw amc als alr ama alx alt aly alu amb = fe abi ahj yt xq aer
ex aly amb alu alx amd ame alt als amf alr amc ama alw alv alz amg = d
ey alw alv als alt alu alr = ny og ba
ez alr als = ajp wx mr
fa alt alr als = abb ur
fb alt alu alv als alr = ald nv gc ahi ut zw afl aba pj pl adn v (es hn z iw afr vc xj)
fc aly als alx alt alu alw alr ama amb alv alz amc = gs qi qc (aco y gn wh hm go yq aaj dh hq) se
fd aly alx ami ame alw alr amh alu alt alz ama amj amd amb amf amk amg alv amc als = ff xw bd sq ta i fh y ap ea qu aet agi lc lq
fe alv alu amd ame amg ama alw amj alz ami aly amc als amh alx amk alt amf amb alr = fd ik ags zt
ff ama alu alx amb amd alv alt als alr alz aly alw amc = xj ol (akd kz akd akz aba gn zq ja qa cp ri) af yb ar lu
fg als alr = mf fc ako agt fd
fh alr als = on rs lm vl uj qk yr acy
fi alz amb alt alw alx amd aly amc alr als alu ame ama alv = pk (mm pg am aao)
fj alr = zp zs (wx agz) st ej iv (aks kp jc jl (fg ys ky pb) abr agq (n aid ma))
fk amb amk als aly alu ame ama amg ami amh amd alx amf alw alz alv amj alt amc alr = ach wu ahj hx aho akg ir agy at yu agf
fl ame alt amh ama amf als amg alw alv alz amb amd amj aly alu alx amc alr ami = oh dz wx il sl ahq jj oi ph lm y pl kf xo ail aig io pq kr ch
fm amh alv ama alr alu alz als alx ami aly alt amc alw amb ame amd amj amk amg amf = mv
fn alu als alv alt alx alw alr aly = ns eo qa bt (wc rp aiz iq wc ajl)
fo aly alx alr amd amc alt amb ame alz alv als ama alu alw = aia tt ig aky eh afq rm qo da
fp als alr = xz sk jf mn jb pm lp acj
fq alr alt als alu = ut ajc aaw (lo ku gm abh gc cu akj sf) pu rd ju
fr alv alu alr als alt alx aly alw = pe akz ae fk xi on aev afo jp dj tn tv abx gw zf acf uc
fs alt als alv alr alu = qj vc jy fq (agf vs gc wc) cb aff jb xi np rb aeo ajt zr all
ft alx alu amh alr ame alw aly amd amb amg alz alt alv amc amf ama als ami = ii dr et wy mp
fu aly alw alz alr alx alv alu alt als = aba wo lr eu od afk ahs qb sk aco fj eg abz pf
fv alv aly als alr amg alz amd alw ama amc ami ame amh alu alx amf amb alt amj = gm (jk aiz adc) ci rk og tm xu ahs aee acr ag rs aag rb fh zr xa rb
fw alr alx alv alu alw alt als = aez he afy (ys cm th df aem id vh) ie alq ale adi ll
fx alr als = afk aea dk sp yw
fy alt als alr = wr li ny akr aen ace qx vk bw wx ym adv
fz als alr = akm qy (abn l rc ej adh adb tk ak (abt jq gq))
ga alu alt ama als alx aly alz alw alv alr = xo
gb amj alt amg alr amf ame amc amh ama aly alx ami amk amd amb als alu alz alw alv = ajm bx ge gv rt tm ud vy km afk ps ms abe all
gc als alv alu alr alt = afk alm zj eu alo lu jc zl zj my yg tk aer ht aif sg wy
gd alr alt als = ke
ge alw aly alu alx amc ama alz amb alt als amd alv alr = agy fv an bv (ajy tc xt ax) aeu ts akr
gf alr als = be fs ry akl ky zx uf vw oa ald hh ya km za jz rr ub ej
gg = al aai abj bx xb ch rr ke age cg be
gh aly alx alv alw alr als alu alt alz = abp
gi ame ama alv alu aly alx alw amb alz als alt amd amc alr = kv mq uv sl tw ks ve zm aii ib xt vt acn aq sd et
gj als alv alu alw alr alz alx ama aly alt = nm m np rh (aeq ku ah av gm aby)
gk amb alx aly alw als ama alu ame amf alz alt amd amc alv alr = ajo aeq ly
gl amh als amc alu alv alz aly amb alx amf alt ama alr amd ame amg alw = hy ke bn jq (xd re alh) ahd fz fd
gm als alr = aca ju air yt (tw afa aaa (acx aff afw uv afd ie ev))
gn aly amh alu alt alr alw alx amg amd ama amf ame als alv amb alz amc = qr uu mg jk ub qc
go alw als alr alt aly alu alv alx alz = mg ba f
gp alw amh alr amg amc alv alx alu aly alt amf ama alz als amd ame amb = ge dn agh sk (akd vv) bq aen ip to je alg
gq alv alt alw alr alx alu aly als = ss gt ic aly lj zu zh ahq uy agw akf ov ae tq
gr alv als alr alu alw alt = kc b
gs alr = aej dh j qr alm o ajl acx ahs adt yk ah aiy aeq ace akn ahk
gt als alw amd amc amg alx ame ama alr alv alu amf ami amh alz amb aly amj alt = yz rx wd agy ahx acb qk nq lx jk ih fu aig ajn ob vd
gu alu alr alt als = l ct mb aas cp xg uh rx ef hz jw afk zi fc agv qp pt ho
gv alv ama amb alx amd alr ame aly amc als alz alw alt alu = ce dq (bv bx acf um (nw uo ado) ade alf ee sb ho)
gw als aly ame alv amc alr amd alz alu alt amb alx alw ama = vk ky cs ro wu ady agh acq ot afv ez abc sw xb
gx alw als alv ama alx alz aly amb alr alt alu = ld ael an zg ey rz ajp hw iy aek wa yk je bd ya afg za dc dv
gy als alr = aco
gz alr alw amd alt alv alu amf amb amg als ama alz amk amh amc ame aly alx amj ami = kv yl
ha amg alw amf alu als alz aly amb amc ame alr amh ami alt amk ama alx amj amd alv = aja iq eo po jt aij kr aep eb agg t jh bp
hb ame alx ama alr aly alv amg alu amb als amh alw amf amd alz amc alt = agz v vj akm ps id ahk abb ada oh fu
hc alt alr als = rp pt ahf aio
hd alt alw alv alx als alu alr = aau
he amb aly als alv alw alx alt alr ama alu alz = aax ay zy
hf alr alx aly alu alt alw alv als = zv ch iu ahh fg wv po vh ajx adf db
hg amf alv amd alz amh alw amg ama alu amc ami aly ame alt amb alr alx als = aio ot ek zv akg agx mj v amg agv wx ot vg rm acn
hh ama amc amf aly als alz alx amd amb ame alw alr alt alu alv = aac abv acr ady aet
hi = re gj y ex yf afk acx uu acb (oq co) oa ga wq vo qw
hj = jd is ahq aky
hk alw alt alz ama alx als alr aly alv alu = ft aag (mh oo ox) ug ns acw uy fv gj ao aji
hl alr = ys aw rz dq cq im nu za py qb h cr wo ll ahj
hm alu als alx alt alz alw alr amb aly alv ama = oa akh sn rw cf up eu il wx zb ww zu kn ahk ym uz ef abw aei ajd
hn als alw amd amf aly alu alv alz amb alr ama amc ame alx alt = ra aby fu gq uh abc aaw agd lv vg ef ak agm ot xa ahm ajo
ho ama alv alw alx alr alz alt amb als aly alu = yk
hp alv alw alr alt als alu = sn ahr abk adr ge qr aej ep dn va
hq amb alz ama als alr amf ame alu alt aly amd amc alw alv alx = akl fu age w fy aci he lm tn ol hf
hr ama alt aly amc alr alv alu alx alz amb alw amd ame als = cf bx afy qp oz en jx
hs alu alw alr aly alt als alx alv = abc nd wb agq adc ew nz dp ajx wg abk uj aba bx ex xi
ht alv als alu alr alt = aii qd aip fq ahc akb acd ajy xl
hu ama alx alr alt amc alz amb amf alv ame alu aly amd als alw = bo sg yw lw tp aex dq vh fq kx f afd bo jm aq
hv alw ame ama amd amb als amc alu alx alz alt alr alv amf amg aly = rf cz adu lh (te tg aed akb ix) akl en bg aiz aab hf zm acv aid zy ale
hw ame alx alt amd amb alw aly alv alu ama alr alz amc als = ahd
hx alz alu als alx alr aly alt alw amb ama alv = abd v su akp rs ahn ny aad (aay wa zl fh wg ma vn ea ahh aec)
hy alx alt alz alr als amb aly alv alw amd amc ama alu = ik km (eh alj afw td pj aix adx)
hz alx amb als alz alu aly alt amc alw ama alv alr = agu cf uv aet vj ox ajp ajm
ia alr alt als = di (vk qe) rf sq lq aa
ib alr als alv alu alt = qy
ic alr alt als alv alu = ym ke kj afe dd ahe bl an lh em bj afb
id alx aly amd ama alu amc alw als amg ame alr amb alt amf alv alz = jt (st mt (agk agj gi dh aao bl acv aax aib fd aby vz))
ie alt alu amc alr alx alz amb amd als alw aly ama alv = aka fi xw aar qo db alg yv kb rv (aka adq ak al abg)
ig alx alr ama als alt alv alw alz aly alu = na aad kr an alb acr hw um uy wl js afk nr aew acz aja gm aep
ih alt alx alr alu amg aly ame alw ama amb alz amd amf als alv amc = tl de
ii alt alv als alr alw alu = kp aft ju sx ds cf
ij alu alr alt als = hd fk
ik als alu amg amc amb alw amf alv alx aly ame alt alr ama alz amd = wp ud adt adg vo tp mj sn bi
il alz amf ami amh als amc ama alr amb alv alt amd ame alw alu aly amg alx = ahp zq (adx kh zl) agx vn ux jx zh el
im alr aly alu alw alv alt als alx = aga kq
io alt als alw alu alr alv = afx xr aev ail uy ih ahy gk
ip amf als amb alt alv amj ami amd alr alu amc amg alx alz aly ama ame amk amh alw = tx ajd ahv agd aki id hw hl ju ep ib
iq alv alr alt alu alw als = hn aa wg fe ake ail wr wu aai aak aao alh pi s
ir alv als alr aly alx alu alw alt = tv aff sd go abf ok akh (akr fc pv aau)
is alv ama aly alt alx amc amd amb alw alu alr alz als = eh zb wr ta aje nx akz ahx
it alr alw als alv alu alt = ft aaf ze yv aki qe ay py ne agp mt oq yv akl vh ct agg zu
iu ama alt amg amh aly alz amc alr alu alw alv amd amf alx als amb ame = qd ael sh aeo tk mf bz nf
iv alv alu alt als alr = yz vb abr ahf je or vy zm pw wt acb fw adi yg im abn aja ei agc
iw alz ame alv amc ama alr amb alt aly alx alu alw amd als = kh tb ahg bw tb tf ld (ags zh)
ix ama als alw alt amb alr alv alx alz alu amc aly = rb rn zc u yn dk da akd ah
iy amc amb alx amh als amf ame amg alr amd alv alw alz alt ama aly alu = aet dw ny mb ait abj (cv le u agz akc sj lo ov nw fd sw acy dw aht)
iz alz ama aly alt alw als alu alr alx alv = ty tx tw rk gb (ki hi ku ajf ahw)
ja amf alw alr alt amh aly amb ame amd amg alv alx ama alu als amc alz = acf lt
jb alt alr als = ahj nn oi lp cs ala bt aw du hd de na ds ajw aje mp yv ge rk
jc aly alr amh alx alt amk amd als amb amg amf ama ami alv amc amj ame alz alu alw = wt q ake os (acv se adb afi ro (ui zo ago aco) lz ds kk) fs fa
jd alz alx ame amh alr ama amj alv amb alt amc amg ami alw alu amd amf aly als = oj cg hc xp vh akq qt nm
je alr = nc aep nh v ajt bf wz ne aac ko adp sl g lb my sj alb b pa
jf alw alu alt alr alz aly als alv alx = yd dh cp
jg alt alu alx als alw aly alr alv alz = nj cn fy air sw qq od gr lv bn aa abp em vv il
jh amh ami amd alt amf amb alr ame alw alz amc ama alv alx amj alu als aly amg = lx (qn cy) ty mo xx uj wl abu
ji als alv amb alw alx alt aly ama alu alz alr = nh yz
jj aly alu ama alr als alz alx amb alv alw alt = agi aim aib acz rs adx qe
jk alz alw amd alx amg als aly amf alt amh ame ami amb alu ama alr alv amc = ajf mp adx ir xc bt (ls qr ags cu io)
jl alu alt alr alx alw alv alz aly als = ll wo zk aff alk u ala dq ke aff is
jm alz amb alr aly amf alt ama alw amc alu ame alx amd als alv = kw km akc vs ajf mr mu az du
jn alx alu alw alt alr alv als = agv (el pp aiv aay zk me ys og aar pf h pl (an (gc akb) un sf))
jo amb amc ama als amd amg alr aly amj alu ami alv alx alz amh ame alw amf alt = ul qo pz pc iv aif kw aga pt sl cw gq yz bn he
jp alx alt alw alz ama alv als aly alr amb alu = tm yd mi aiv abd agp at akn ae cc hu wu
jq amc alz alv alx als alt aly ama amb alu alr alw = ali
jr als aly alz amb ama alw alv alr alu alt amc alx = ahj ahl jc xa vf
js amc alw amb aly alu amd alr alt alz alx alv ama als = xx afs hr abc kh rg all agb ij
jt ama amf alu aly amc amh amb als alz alr alv amg alt alw amd alx ame = bq aab aao
ju als alr = adb dl oj
jv alr alu amb alv aly als alz alw ama alt alx = adb ks zi fj aix pq (aah akh to g eo) ui aht iq akk
jw alt alv als alu alx alr alw = aij ew aeu vg fa aev agn ow ri mx (jd dm (is uh lh wy) vv hd aaq)
jx = agj oj tc it ai le gl ny
jy amc alt amb ama aly alv alr alw als alz alu alx = nj ahl cy agv es
jz alw alt alu alr alx ama alz alv aly als = dt un oh ld
ka alz alu alt alr aly alw alx als alv = af aa fy sk ue zx abf vn xm fq ajq tm abp aib mx vf
kb alu alw amb ama aly alv alx alr als alz alt = fg
kc als amc aly alw alx alv alu alt alz amb ama alr = ne im (gt abi qq an afx agu) lw ahl
kd alu alz alw alt alx alr aly als alv = td eo ajo (afg rz adj bx alu ip cq aq akh)
ke alr als = ahz add vq oz ng fh my ags adr jm acb ado sw og rn zt hz dc
kf ami amh alx amc alz amj amd alt ama aly amf amg alu als amb ame amk alw alr alv = tr
kg alu alt als alr = aaa agp ae afd
kh amh aly amc amd ama amg alw alv alr alu alt ame alz alx als amf amb = eu rt tl akg ty ls
ki als alr = ir abj dz gw abk ake pn
kj alw alu alr als alv alt = c sr xx pk alh
kk amd alu alr als ama alw ame amb aly alt amg amc alx amh alv alz amf = akt yh nw ahd sp abr tb dw mi bh nz ahn
kl alt alu amg aly alz alw amf alv amb als alx ame amc amd alr ama = jt agu hs lx kv pw zv ain ahj wm aan bd (ali so) rw (fu afd ac akl afc)
km alt alz alw amd alv amf amg amh ame amc aly als alx alu ama alr amb = acv aaq amg ym uw et ahl my gy wu rd afs uv ajr
kn alz amd amc alr alv als alw alx alt amb aly ame alu amf ama = abz dj afh afo adz za akw
ko alr = akw ew (adh qt oh ut mv afz bb ii)
kp alz amd alt alu alw alx als amg amh ame alr amf ama ami amc alv aly amb = fi dh dc ja ali age aaa ng bg
kq aly alx alu alw alv alr alt als = dr oh aca (aid aib) et hv ahh abs ajs zi gz
kr alr als alt alu = agh cd akl agm (alb kh rc uw bf mr df)
ks ame amb alv aly alz alu alt amc amd ama alr als alx alw = ro sw ajn oh jj wf dc mh afq no
kt ama alz alt amb amd aly als alr alu alx alv alw amc = td xi adq wt adg lh ahy
ku alr aly alx alv als alw alu alt = yp fg aw we abw wn aaf nw sq me ns tb mm lp jl aks hb qi rv
kv ama amh amc alz aly alr amd ami als alv amf ame alt amg alw alx alu amk amb amj = kh aih cf
kw amd amh als alr aly amb alw ame ama alz amg amf alx amc amj alt ami alu alv = la ww ahk afc db cf mr qp acu br
kx alr = ait adf tt rw oj wg aex adk ajh yq ade xy
ky als alv alu alt alr = kv aej
kz alw amj alr amg amh amf alv amb ame ami aly amc ama alz alt alx als alu amd = ahd acv ds vl adz zw vd av wo bh ajg aab acd agf rw am
la = mf aiv tu du abo cx ady su bs agp id wx sb adb agq ob fp gv ajr abw
lb alr als = aaq agi fy qu
lc = ld
ld alr als alt = co gt fg dr lj lb
le aly amh ama alv alz amb ami alt amd alw als amk alu amj alx ame amf amc amg alr = ahp bx
lf alr alt als = fi fu dn mk alh
lg alu alw alx als alr alv alt = ba jj pk agh ub
lh alu alz amd alt als alw amf alx amb ame aly amh ama alr amg alv amc = aam sp
li amf als amc alw alt ame alx alr ama amb amd alu alz alv aly amg = acl
lj alt alr als alx alv aly alz alu alw = agm pm agj jp md ahe wn uq ago bm ck gv cw zx b hk
lk alr als = dn lc ajc ahk nn agu fa zf qj akp aho
ll alr alt als alv aly alu alw alx = wk aej abo aw
lm alr als alt = ake abl xv aeg jk ur xl wv nf ahj df hn ag es
ln alu alr alt als = rb aed qb nn aai adr pp uf
lo alr = afq abh aew aka agj nx si ajy abp fw nc alr bi akl sx dt pg
lp alz alx amf als amb alu alw amc alt ama amd alr alv amg amh aly ame = ai abv lu ab ahv eu agy yx yb yi id rd ali aig abs da vh
lq alr amb amc ame als amg alw alx aly alu alz ama alt alv amd amf = abj (le (si ax lv ajl xo))
lr alz ame amd amh amb alv amf alt ama amc alu amg alw alr als aly alx = up z aib px agw zt
ls = hz ald qw
lt aly alw alt amh amg ame amc amk amd alz ami amf alu als alv amj alr ama amb alx = na te qd np aim aaf pp yr mo aiv alc er om ao bw xu aen kn jk mw
lu alt alx ama amd alw alv amc amb alz als alr alu aly = cr fp akr wr ue pk aid at rz ajk ajt ni (sw hx no cx)
lv alw amb alt ama alr alv alx als alu aly alz = air lf yc aen adg afa zp aen ako qv kp pd io ob aic ac akq o
lw alw aly als alv alu ama alr alz alx alt = zw fj sh alo mp ux xv sw fg aie ei agg acw alm
lx amg alr amf alv amk als amj aly ami alt amd amc alx amh alw alu alz ame ama amb = ai yz bq dv fn aeg
ly alw alv alz alu alx aly alr alt ama als = ay ml pa eu (abu kt ady dw rf akh zn aen dj) hs jf ago wb akt
lz amb alr alx alt alz alw aly ama als alv alu = ahx kl akh bz iw mp
ma alr als = xx
mb alt als alv alr alw alx alu = ie oz alq aeq ro dn aal rs jm pj aao
mc alu alr alt als alv = fb yw adg qh jg ln abm adu hb hh xy yw kl xv iv vo mt wk mq lb
md alu alt alv als alr = aev bu bz cg alm ajy ags adk va yl cn xw xq rh ct xy
me alu alt alw alx als alr alv = aez xr vi qg p na acr sh ajw px ajc
mf alw alt amc als alr alv alx alu aly amb alz ama = aet wk zm fu ajy k
mg als alw alu alv alt alr = us (aif vu k mk vt sz ajq tj aam bl alp hf xc ec xy cu l)
mh alu als alr alt = tm wv
mi alv alu alr alt als = afs si u gf qo hx za gc dc mr kn bs adl
mj als alr alu alt = ha (ag aiu abc pw aee zt em aey) gj
mk alw alu amc alr amb alt alx ama als alv aly alz = ye tl xi (pn ade kl oq ga abu cz ge xe (ali acr) acx ajs rz vv)
ml alt alu amb aly alx ama alw alz alr alv als = aju
mm alu alr als alv alt = xb so ahw afn me
mn alu amb alr aly als alz alv ama alt amc alx alw amd = uk pg zg aew lf afc hd ae vo yk kg akk agx
mo alx als alr alw alt alv alu = acf ako (aix aic ml) akh xu wn acj agg afg mm
mp alv als alt alr alu = kp ht ew rr sz ale ale gg kx gu abf akn ali us ahv aho mm uh wc
mq = ni
mr alu alr alv alt als = jw (nc ahy et jb abb) akh (aib dv vq kj wy aio aas) ow aiv
ms alr als alt = gw yx aak afo aej rl aeq
mt alu alr alz amb amc alx als alv aly ama alw alt = aff (ej hl hc) adl x aad vt g ip rv f oo di ael
mu ame alt alv alr amc alw alz alx ama alu amd amb aly als = afd py
mv alr alx ama alw alu alv als alz amb aly alt = dy gf aif agh nn ahh kv adz rx ajd nw zp afq tt abd su ajx ahc jh
mw alw alr alt alv alu alx als = ko so abg ak oc yj ar lh yt rf rk vv aca aga sf tp aev aco
mx alt alw als alr alv alu = vj oa oo ahz ado ac aw
my als alu alt alr = agq ol acj ep mk vk rr dd agz
mz amb amk amg alz alv ami amj amh alx ama alw alr aly amc als ame alu amf amd alt = wf ahc ajk adu zp ij jl bq eh sv o pb qj add xu agj
na ame alv amd alt ama amg alr alu amh amj alz als amf alx alw amb amc ami aly = adk aet yp
nb alr amc amd alx ame alz alw alu amb aly ama alv als alt = abc cl ale nc
nc alx alw alt alz ama alu aly alv als alr amb = od (adc dk es ajo za sz gu mt hg bi mv abt akh pf)
nd alw amb ama alv alx als amc aly alu alz amd alt alr = or nm wn aij pi lv abe afi zk si zi aga pj
ne alz ama alu alt alv als alw aly alr alx = mq lc
nf alr alt als = agr aed ta eg nc aga sw g zv km akj zo j hn de mn qa cs vr
ng alw amb als alt alu alx alv aly ama alz alr = vd xv uy ek lt aeb abe abm afy vy pk sb
nh alv alu alt als alw alr aly alx = jp hm hj vr xw tq bk gk zs ahm w zr wz gp zi
ni amb aly alz amc alx alu alr als alv alw alt ama = ms iz vn y qa vx ig mi bt te op ga afg ui
nj amj als alu amb amf alw ame amh alz aly alt alr ama amc alx amd amg ami alv = wx
nk alr = th aeu aar bp ls sz xs acd nq ko
nl alu alz alr alw als amb alt amd aly alx amc ame alv ama = abt ue qh ni
nm = rv
nn alr = ahb pz jj agt
no als alr = ks acu (akq f) aey afs db fi aic mu aku afq ob m yf abr aak
np alr alt als = adi is iu yy ji vh jf qm dc ce uq ya u
nq alt als alx alv alu alr aly alz alw = ads rw aev (aec (als akv uv nw es hv akc e ot h gq abp))
nr alr als = tx aju aff
ns alz alt als alr alw alu alx aly alv = age lp kk b pp
nt ama alz amb als alw alu alt aly alv alx alr = tl ae ru cc sw (bm (ed iu ach ack aen adu ajo))
nu alx alv aly amc alr ame alu alw alt amg alz amf amd amb als ama = alg aln
nv als alt alv alr alu = up
nw aly alx alu alw alr alz als alt amc amb amd ama alv = j agw (mu agb ox (sm ala sr mw) kq ca rl)
nx alr alt als = aki cj zq lg cq jf mh
ny amb amd alz ama alu aly als alr alx alv alw alt amc = cn kp hl rk abi un ki adw an en ba lb dy bg qt akp ib
nz amb alu als alw amj aly amf ami amh amd alt alz ama alv amg alr alx amc ame = kx nr w xh (ij adn)
oa alr als = gf v zt my at aiu jr hk yl nj gw om uv sa afq xr li
ob alr = vg km dy
oc als alr alw alx alt alv aly amd amc ame amb alz alu ama = hd add fj lz acn (jq aka hg jy aeg i wz)
od alr alz amc ama alu alw amb aly alx alt alv als = akh me ka lt
oe alt alu alv alr als = op ahr (er yw) agd ig gu bg fp abu
og alt alw alx alu als aly alv alr = ao zl hk ba aig oy ajn uk ac zk sb kl jl
oh alr als = ly
oi alv alt alu alr als aly alx alw = jz yz bb jg go
oj amf ame alt amc alu alz alw alr alx amd amb alv aly ama als = ju eq
ok alu alt alr als alv = ahz zr vc mz tc fk
ol aly amf als alu alz alx alt amb alr amh ama ame alw alv amc amg amd = sc abb akt nt za gf aad aca ajf gm qw am nm dq sv dj j qi rq
om als alr = qr ei cy yc so aiv oa gu
on alv alu alt alr als = iz kr aiz th gv ft fk vr mw db ts gu
oo alz amc ama als amd alw alr alu alx aly alt amb alv = vk ls hh adz tp alo ay alf alw aif gh ro abg xg aej nh
op alv ame alx ami amb als alt alu aly amd amh amf amg amj alw alr ama alz amc = mv x bg ze age oa rj sv aeq adp cl tv afs aim afe jv
oq alv alr als alu alt = ajf i rd aau (qj eh to afq wg)
or alx ama alr alu alw alz als amb alv aly alt = mv
os aly ama ami amc amk amb ame alw alx alz alr amd alu amh amg alt alv amf als amj = abv av rz oz bb xb kx zc (adn aln ah wd akb od fr yd ahu)
ot alu aly alv alt alr als alw alx = aju xd kv zb fr ho ahr xg ah vk ajo bb ab de kg tb
ou alx alv amb aly amd alr alz als amc alt alu alw ama = oy aki (jj ds nn wg ib) cy id zk ax en gb aen alo (fl lq)
ov alr als = ry wa pg um eg kn py b wu
ow ame amc ami alv alr alu alx amd ama alt aly amb amf amg als amh alz alw = dw ey
ox amc amd aly alw amb ama alv alz als alx alr alu alt = lp zd (afl (ek ou rj pi im ajg))
oy ama alv alw alz alx als alr alt alu aly = v (aaj lv) (agc nn kw dl vx) afe t kz (akc aar co aed afi bh)
oz amh alx ame ama amb alt amc alu alv amd aly ami alw alr amf amg alz als amj amk = pa
pa alr als alt alu = k rp (mv tn ks afg qe acj jq abw xh aez gy ey qw (fl ajj abe ahj cz))
pb amh alt alr alu amg amj amc amd alv ame aly als ami amf amk alx ama alw amb alz = xo ew nt
pc alu alr amd alv amb alx ame ama amf als amc aly alw alz alt = adm cl zh jo vl ts wl dw iu (zp aei)
pd alw alx amd amb ama alr als ame alt alv amc alz aly alu = wn ale mg
pe alv amg amh aly amc alz alu alx ami alw amf amj ama alt amb als amd ame alr = ajs ah wv
pf alt amc alr alw alv als alx amb aly alu alz ama amd = vs km kg uw (th adk ln zx)
pg alt alw amf aly alz ame ama alr als alu alx amd amc alv amb = gu be (aj ls) qo li aie wz ru ahz ev he i cv mt jd qi adq
ph aly amc alz ama alr als alv alt alu alx amb alw = akv ajp up sd agf gb abd dg lx alp agf im hd rw wf kk ait fp acd ake
pi alx alv alr alu alw als alt = tj
pj = agz wh aey aki kt kr ajz alb aki ri alf fp sp (sq ajo jy) wc gj iv ahg
pk = tp aih tz (aic kd ic hz dh rc aag bm vy)
pl = fc eq acv os (et aeb uk bd acl ahf iq adx kn uu afu ym)
pm alr = aek
pn alr ama ame aly alt amg amd ami amb als alw amh amf alz amc alu alv alx = aie ex lq agz we afu wd gg na aka bp gu
po als amd ame alv alw alu alr amb alz amc aly ama alt alx = qc wf lo uj acd ja ew gu mh agv acf (uw ku pu wy kl zu)
pp als alr = fs yz im wr qi rh w ci abi akm acl aeo jw px fp hq
pq = em ie yp rd adx
pr alx ama alz aly amc alr alw ame alu amb alv als alt amd = rv jv rm ah fc (akl xy abv (g lw sw aek))
ps alr = hw eu wp nn acq (acn abj ms akg afa agq vg aec ha) add yw zw fd zn aae
pt aly als alv alz alu alx alw alr alt = mh sv wz (pv po xn) afj aed tv aeq alw oh ps
pu alv aly alz alu amc alt ama amb alx als alr alw amd = ajl ad ux zd lm ov vi agr ajj mw (aez ds aji ij)
pv ama alw alr alz aly alu alx alt alv als amb = aba ajt ol dj (qp uw) agq ql mb aw
pw alr = ah n jw mw abd adm abx afa kq ajo zs uw acl yf
px alw aly alr alu als alx alv alt = wo
py als alt alu alr = ei
pz ama alz alx amj ame amc ami alt amf amg amd amb aly als alu alr alw amh alv = sz gf xr alc (ji adw rd kg tg)
qa amc alz alt alr aly als alv alu ama alw alx amb = ajj gs
qb amc alz alx amd ame alt aly alr alw ama als amb alv alu = alf oi mx agv ald acw sz acd aic ajb
qc = xr fw adb bm vx oa mc vr agi afk yn afm aiu aeb agp vr
qd = wp rx afh akz bf akg ud
qe alr alt als = xz
qf ami amj alu aly alz als ama alw ame amb amc amg alt amh amd alr alx alv amf = afk il vh (ajj (kr ahe aih akk kg ahi hb ei) aao alf (ne zc ey) rp g)
qg alu als alt alr = ajs ax co tv alc os (adt uv sb afz th ic mi)
qh amj amk als amb aly alr alu alz ama amc amh alw alv ami ame alx amd amg amf alt = og je sy
qi amd alr alv amc alt alx alu als amb ami alw ama alz ame aly amg amf amh = xj acq (zs (mk an le ly pb akf ajh afk acd ud agl br))
qj als amb aly amd alz alw alu ama ami amc amg alx amf ame alv alt amh alr = pq
qk alx alu als alw alt alv alr aly = iy adx
ql alv alr alz alt alx ama aly amb alu alw als = abg
qm alr alv als alt alu = ml rh aim aaw dz
qn alu alt alv aly als alx alw alr = cr ya ge (abe w) sm nr ix lj ae oc sn aer qc bp ajg bq aar abf
qo alr als = gr aii akc acj gd os qc ci ajn vn zj aaa ns (cu vp no ou)
qp aly ama alr ame amc alt amb alu alw alx alz amf amd alv als = nz id sm by
qq als alr = jx ahd aio we (b je tu qv ou gt ub agz je aeh jb gb yv)
qr als alw alu alr alv alt = mh rs
qs alu aly alv als alt alx alr alw = gh ra cg agn ahb ip
qt alr als = bz pf acn xq
qu alr alv amd alx alz aly ame alu amc alt alw amb als ama = cv ie afe py ri rw ai oh gm adm ahp hl agr dd (ahk cd np)
qv alw alt alv als alx alu alr = ep
qw alw alt amh alz alx amf ami alu alv amb amj als amg ama alr ame aly amc amd = adv ou ga akp wx gg (akm fb ip gm fq) up xj aen ft ot
qx als amf aly amg alw alu alx ame alz alr amd alt ama amh amb alv amc = nk agz ny zr aer akk (pg ax um js)
qy alt als alu alv alw alr = xu bs acl dv ajw sa uw pi act zg h ake akd
qz alw alv als aly alu alx alz alt alr = eg aej ek cd aax
ra alr als alu alx alw alt alv aly = rh lg abq
rb alt ama alv alz als alx alr alu aly alw = afk lr aff hr dk ag md afu bb qs zj sp bz ab nr ajn agl (km sm)
rc alt alr alv alx als alw alu = nm afd
rd alt als alr alw alu alv alx = adj jo zk h hz na acv gc vf
re alt als alv alu alr = aai lx aif (lb vu abr ajr) sx uc yc lc ks afy di sm cb
rf alu alw als alx alv alt alz amb aly alr ama = s (q ub fe ij afd hm am xj cj cs gw vj acr afh mi ea gh mp ms)
rg alw alt alv aly alx amb alu als ama alr alz = ui vw cg ahh afz wa adk la aku dl df m dp op (ma vo)
rh = si bw abz yk adw za pn iy yx sz bx fg
ri = ue cl adh agg aji ql
rj als amd amc alw amf alv aly amg ama alz ame alx alu amb alt alr = cy adi zs aes tw dm aao ge sj aec (ph zn) ip ajr
rk = cp mh pm qo ahu ap ix tm rj adf aem acp adf cw hw sh gd
rl alv als aly amb alx ama alz alt alr alw alu = ry gb yr pf kt
rm ame alu amg alx amf amc alr alw als amb alz ama alv aly amd alt = akl adt zb zo ahn wz
rn alv als alu alr alt = hd ym (gr ka ait ol aal zq de akl bu ajq xe ix tz) xo yg (on md) aew
ro amc alr alz amb alv amg aly alu ama als ame amh amd alw alx amf alt = uy agm akk
rp alr als alt = vp hi
rq als alr = aaa xx ke op
rr = qt adj xs vp (tk (sp cr pc agr ec agv ms rj dc aje px))
rs ama als amb aly alu alr alz alw amc alt alx alv = pa (kz an (dz cq sz ak pv eg ajf))
rt alv alw alu als alt alr = jw i adk tz ex kt qd w xn op gt (hv ws bh vw sj agv akg aga ps)
ru alr als = aec
rv alr alu amc ama als alv alw alz alt alx amb aly = yk aih rz mo sf xz cj oy sf
rw alx ame alv alw alz amc amd amb alu amg alr als aly amf ama alt = dn gm zf pw td eu akf
rx alv alr amb aly als alz alw alu ama alx alt amc = afu hh
ry amf alt amd alu amh ami alr amb ame amg als alv alw ama alx amj amk aly alz amc = zm qb xg (xc yw yh ada yx g agx qa fs)
rz alr alt alw alv als alu = lu
sa amh amd alx ami als alv alr alw amg amj amb ame aly alt amf amc alz alu ama amk = ic afz adp iv ew qa ako qb az lr ajw
sb alu amc alr alt alv amb amd aly alz amf amg amh ama alx ame alw als = fo (ahj agw kc wn) adx gc
sc alr als alu alx alt ama amd aly alv amc amb alw alz = tu
sd alt alr alu als = ul zr
se als alr = ay aii alo
sf alr = akr ajf pi cg agj ph aee ahy qb zt ad lt zn at bs
sg alr alu als alt alw alv = agj si adg jj
sh ama alw amc amd alu alx als amf alt alz alv ame alr amb amg aly = vz cs jn agn br adz ahr v fj fl ff ahu yd aak
si amc amb amf amh alx amj alr amk alw amd alu alt amg ami aly ama ame alv alz als = aje ve afl (abj bv ij) zd ahb
sj amc amf alv alt alu als alr alx ame alz amb amd alw ama aly = mt u xf ws
sk als alr amd alt aly alx alu amc alv alz ama alw amb = ad lb pa xz ml aaz yt agv ky acd ih fx rv co dj kb lw nl amb
sl alr als alt = yf hx pm hs px
sm aly alr alt als alv alw alx alu alz = vr iz he agc pt df bg hg (ahe acj se aje)
sn als alv alu alr alt = vt wr bc ak ajf aau
so amj alr ame amb ama alx alv alw ami alz aly amf alu amh als amg amc alt amd = hj aap ev aks aft sl qa wt ahf oa
sp aly alt als alr alu alw alx alv = ajr tc (sc ky ake acx (no mp fy kb ly bm tr agl ahb ux oy nn))
sq alv alx alw aly alt alu als alz alr = wb qw abd aeg hl bl adg xn lb gc bq uv aal gm dt og afb me acu aer
sr alu alw als alr alv alt = oy an gg bg ha po aaf cm yy
ss amb amc alu aly alt amd alw alx alv alz als alr ama = td ft rm aie (aih agg hv)
st amb ama ame amf amd amc alz alv aly als alu alx alt alr alw amg = aag aji fq fe aeg qd zx vg je akt re jh abr ml agv qs ig vr
su alv als alt alr alu = rf dr aaz nr aih al aiw
sv amg alx ama amc amh alz alw alr ame alu als ami alv alt amf amd aly amb = ot ta od sp wy ahm abw zj ve jm kk hd ac akw go yr pv ago kz ms
sw alw als aly alu alt alr alv alx alz ama = ud aea t oi wi adm uj iw qf jx aht pp pi ls
sx alu als alv alt alw alr = wm ar ve afz pd lh zw mg zw
sy amf alt amg ama amc alx ame alr amd alw amh alv alu aly alz amb als = aga ade pf td alm ia ax
sz alu ama alx alt alw aly alz amb alv als amc alr = iq ahz va hh aks hl mm wm gj iz
ta alr = at akl aah ajw uw qc (z alm e acn) ij alh
tb alv alz alx als aly alw amc alt alu alr ama amb = fq abs sd (mh cb ajx hl yg) fg ke ej alk kz df r dx aei kd
tc alt als alr = cl ady ajz aej akh gx vm df v aaq xv eo zl agc
td ama amd alt amc alv alu alx ame alz als amb alw aly amf alr = uf wb aes wn za (aif (ahn adn agv kn) ld um ale aki afo (ado acj ahk ajh))
te alv amb aly alz alu alw alt ame amc ama amd alx alr als amf = aju aki nk ahk (oy yi aha ng zy)
tf aly amc alr alt alx alw alz alu amb als alv amd ama = ady aaj tq qq vt ut jh uy ap vz lq xf akb aby (acm aha gz de aim)
tg als alx alr alu alt aly alw alv alz = agq aag uj wz (adt lg)
th alr = gi
ti alr alv alx als alu alt alw = fz akc ajq ut dc agx qa agw aas aeq vj dw
tj alr = g ala all ajp sl sw ads agn jx
tk alu alr alt als = oj (th za) acb gb aci fg qo ue du lb yn dh wt lb uw yr
tl amh alr aly alt alx alu amb ame ama alz alv als amd amf alw amc amg = n he adb aij lx xl afq afk ne cm
tm alu amd amb alt amc alr als amf amg alz alw alv ame ama aly alx = adn agn (v io) mg ef so wp xp qo
tn alw als alt aly alr alx alu alv = ahp
to = agi (ut ko ck ail ahg kn akn aee du zl aij yd) yn (aez ca gw ig)
tp alr als alt = ba aaf ez ms afu acd (rb ls qn yi)
tq alt alz aly alu alr als alv alw alx = afx dv ald ok c kt tp d lp td az adp nr vc
tr alv als alu alx aly alr alw alt = fl gc (aim hn sn) oo aky ko ags da wo acw akt
ts alr alw alu alx aly alv alt als ama alz = aku oc lg aco uj op ah cb afk agh jm rt gi la fg afg
tt als alu alr alv alt = agg uq fy la afp bc ub sr kz ajo mp kb zz
tu alr ame als amc amj amf amd alt amg alx ami amh aly amb alv alz alw alu ama = xz qa kx so
tv alu alr alv als alt = mo (zo xt kv u gn wq jr) pu
tw ame amb alr aly amf alz amd als alu alv ama alw alx alt amc = ada lj hm be rp aiu jt qj zk mq nm nq ib
tx alt amg ame ama alu alx aly amf amd amb als alv amc alr alz alw = dq aaw
ty ama alx aly als alu alz alv alr alt alw = gi akk eq fh fl akw zj lj
tz alr als = gc
ua amc ami amf amh als alw ama alr amd amk amj alx aly alt ame amg alv alu alz amb = qz xl ahy mb hv aaq aho gu iv
ub alr = aaq we bv akh zu uf aao kq uz kd ade ajj
uc alr alv alz alu aly ama als alx alw amb alt = aga gp li ad ad ti cf
ud alv als aly alu alr alt alx alw = ix up gx abl yd me tm nu lv agj vj aaa ain
ue amd aly alw ama als alt alv alu amc amb alx alr alz = aes
uf amb amh amc amd alv alr ame alx amj alt als aly amk alu amf alz amg ami alw ama = agn kp we ub (alu agd rr uh ro aae nd kz oa rs) acl
ug alu alv amh amc amb alt als aly alx amd alw ama alr ame alz amf amg = fq aap
uh amb aly alv alz als alr alx alw ama alu alt = nr adk ep aef ade an acf yk ajo
ui alw alu als alt alv alr alx aly = ahc or jf h qq lx aha aco fs ul yw abt
uj amc alt amh amb alr alv ama amg als ame alx ami alz alw amf amd aly alu = acu zh agv als gx sh aln (abz sy wn ye ga tp)
uk ama alr alw alx alu alz als alv aly alt = hm kr aen zo rz s ajw yu em aga dt qr aha j ov cu aeg
ul alw alu alr alv alx aly als alt = fd ie vs ws afi agw aaa qc afe ly ago wc ho
um alz alu aly amc alr ama ame als alw alt amd alv amf alx amb = fx ns
un alv alr alz alw alx alt ama aly als alu = ek ajd aeb kj fy aja (ajk sx) p (ajd rd)
uo alr alw alx alv alu als aly alz alt = df
up ame alt alv ama aly alu amf ami amc amh als alx alz amb alr alw amg amd = aaj xp ue pb hc v aeu
uq amc alx alu aly amb alw als alz alv alr amd ama amf ame alt amg = aav abl pg yr om xu afg ui ts xb md pq wj sl
ur amb ama alx alw als amd alv ame alz alr alt alu aly amc = aga yc abz fg
us alx aly alu alv alt als alr alw = tc
ut alv alt alr alw amc ame alz amb als alu ama alx aly amd = xu vh mn kh agu x bl jb (lt (aby bf op pu) z abo pv sx dm afl)
uu alr als alt = ls cn
uv alz alu alv als alr ame ama alt amd alw alx amc amb aly = ez (ql ajg (acx ib aez fs))
uw alw alr als alv alu alt = hc alm
ux als alt alr = sk ea vw ji ky ajg po ot yb ym hy kg tm ha
uy alv alt alw als alr alu = aed qj ss rv l alp
uz alu alr als alw alt alv = ahr abn
va als alv alu alr alt = dd ar ji (nl acl) by ei yh (bm jl) kj nf jg sx (ahz xl)
vb amf amc amh alw amd ama ami alx amb amj alt aly als alz alv alr ame amg alu = ahi jk (ace nq nz ti)
vc alw als alv alt alu alx alr = afk hc ajj ha
vd alu alr ami alt amd amg alv amh amf alw alx ame amb ama amc als aly alz = ajd ay os
ve als aly alt alx ama alr alw alv alu alz = ct so acb hh ft
vf aly alt alv alw alz alx ama als alu amb alr = adg agh qi ti dd acy yn re gm qz cx zu jp kn aah
vg alx alr alu alv amc amb ama alt alw alz als aly = aas fs sv aej aiq f z vw mr tz adw aef eg di uu
vh alw amc alv ame alu ama alx alz als alr alt aly amb amd = kd ku lk v vv zy fy acx ei ajc
vi alv alz ama amc als alu alw alt alx amd aly amb alr = sd pm ahv gu ajo ac aab pe act afc yl aej
vj alr als = vl abk ip afk pz aao wv aai dy rt ahq nv afu abj adl yf jj (acf acl la)
vk alt alw alv aly alz ama als alx alu alr = dl ki aac pc aes abr wd kh abi aho ajg an px
vl alr = qx ahc li ce ce
vm ama als alt ame amf amg amh aly alr alw alx amc alz alv alu amb amd = alf tc m adf zy acg adu fe aft zk tk ob lv ql fl gh vw yv ajb si
vn amg alw alv alx ami amh amd alr alu ame alz amc aly amf als alt ama amb = aes zl fi ajo ahi pj nb aie (yj mi sc wj ks act) fu abc ajr nl yf ix
vo = aku we (xz gk xa aaw pj mz ia ahy aeo aiz pv dh (ael vw zm))
vp = ahg afo om xq gq (vi abn) tl rs (np sz ait un)
vq alv ama alu aly alx alt alz alr alw als = af c ald ky qd ye jl op a (at ud aiw ua qs xy vm zm lk)
vr alv alw alr alt alu aly alx als = afq oj cl jm (ada tv (so jj ow ago be aky os aht mv ng acy))
vs alt alx alv alw als ama alu alz aly alr = akz
vt als alu alw alt alv alr = yy abw fm abk lp ahz zd fu ml co vh
vu als ame amc alx amg alz ami alr alt alu aly amj amd alw amh alv amb amf ama = fb ahg adq aid ke ahk kr
vv amb aly amc als alx alt alu alw alr ama alv alz = agi nb df zl il akh tz rf oe sv mw rm aet ack va ahm rp aiy fn
vw amb alu alt alv alx amg als alr aly amc ama amf alz amd ame alw = tw kg aku xb c aea jn jh vu pt ajc aat rs abh
vx alv alx alz als amc alr alt amb ama alu amd ame aly alw = l nq tm adz qe te dh di td or zp ji aex aiy afp
vy amc alr ama amb als alz amd aly alu alv alw ame alx alt = acm ii akz acb akw mh hw jj ts
vz alw ame amc aly amd amb alx amf ama alv alz alt alr alu als = ma hh wi (fu so (vj ael or) xr kn pt)
wa alw alv alt als amf amg amd amb alu amh ama ame aly amj amc alr ami alx alz = alg xu ev fl uo dv mg en tt pw vw un fh
wb alv alr als alt alu = afp akq (iz rc) pf acl
wc alt amd amb alu amc alv ama als alw alr alx aly alz = abs acr mg fj adn (jn up)
wd aly als alx amd alz alu ama alv alw alt amb alr amc = wg tu bu vz aw ajr aja ajz um agd aau
we alw alt alv alu als alr = rm ajp pv ada aki ec us ha alm kj (yx acp rx om sa a alc)
wf alv als alr alt alu = yk ly aeg kw aq wy ajq acx xf gv aid ajg ahs ajz mq xq xj dw oy
wg alz alv alr ama aly alu alx alt alw als = adz zt qp acz an xv
wh alv alt alw alu als alr alx = ht ob gs ww lw
wi alv alr ama alz aly amc alw alx als amb alt alu = za afr jz qb nh agx iq hv qt akd alm az (vl n) qj alr
wj alx alv alr aly amd als alz amc amb alu alt alw ama = aln h nw un ws aen zl ai (ajw zy tn cs akq fs) rv
wk als alt alr = afd (aki ago vh)
wl ama alx amb alz als aly ame amc amf alw alt alr alv amd alu = agz abr ahf ajr ek ud nm aht aat eq aiu
wm als alv alt alu alr = zb
wn amg alz amc aly ame amb alw alv als alr amf ama alt alu amd amh alx ami = gx vq agi
wo amb ame amd alw ama amc alx alr aly als alv amf alz alt alu = zy sx
wp alt alw amc amg alz amb ame als alv amf alu alx alr amd ama aly = acd mc agj jg rz
wq amf alz alv ama ame aly alt amd alx amc alr alw amb als alu = ds ld acm ja xf cr
wr als alt alu alr = aak abc afj lg je bp pu ph rs e jy alm nd co fi nf ob
ws alr = xu qn acy tg abz vk zv re sk ik
wt als alw alu alv alr alt = rl
wu alz alt alr aly alv alu alx ama alw als = sk aki li aih
wv ama amf amb als alx amc alz aly amg alv ame alw alt amd alu alr = aez l nb jc
ww amd ame amc amf alx amb als amj alv alr ami alu alz alw ama alt amk amg amh aly = xv wo m yr ld ahb kb hd
wx alx alv alz ama aly alu als alt alr alw amb = ael qb gx aek cn rx kp wl mc (uk ix ahj od vx ahn to zg nt) abe bs
wy alv alr als alu alt = ie ags kr bg akm at kk am kj abu agi (gj abc abs t acl ga qm)
wz alx amd alz alw amg amb alv aly alr amc alt ama als ame amf alu = ey qc aak pu (akc acm zy)
xa alt als alr = ex ado kl aes akq mu xw
xb alt amj amb als alv alz amd ama amc alu ami alr ame amh amk aly amf alw amg alx = sy tu acb
xc amh alv amb alw alx alu ami aly amj ama amg amc alr alt alz als ame amd amf = agd aeq ahz jt
xd ama als alr ame amd amc alv alt aly alz alx amb alw alu = ae wr tz alj zc wu qz hh ay aam nh aas oc gm
xe alr = od (aka nm au hv br xj agl ss afm)
xf alv alx alr alu ama alw alt aly alz als amb = py ajw ty lu acv (zi (afx es) wq zg ef ge abh py)
xg alw alr als alu alx alv alt = sy ie ql du ty wh ako yu ale zf adl aih qb aan
xh als aly alt alu amc alr ama amd alv alx amb alz alw = r ju
xi ama amd als amc alz alv ame alu amb alr alw alt alx aly = yy afi z yl dk hm nv (pa oz qj rv pu at)
xj amd alw alu alx als aly alr ame amg alt amb alz amf amc alv ama = ip oh rs ale jl sl alh (sx tz em ln vl kw wi)
xk als alr alu alv alt = wz dm nb abu qc aff fj vu qz afr acb aks ro qc gq ba (alf ph)
xl ama als alw alu alt alr alx alz aly alv = tp ki fv ob be hy xt ka (wd (tg za pt vl og kl aez afr lb tb)) aw
xm als amg alv alr amc ame alz alu alt aly alx ama amh alw amb amf ami amd = kf zs zk ra at abn nx ru afb gq fs ajh afu ahr
xn alt alx alu aly alr alw alz als alv = fv
xo ame ama amg alz amf amb alx alr amd aly alv alu als amc alw alt = adh aem go (be lg ze agx wq uq aek (kx (le (bi (ww ah afd nc aky jp hx)))))
xp ama alt als alx alu alw alr alv aly alz = ds il (ajw akk sf)
xq aly amg amb alv alz amh ami alx amf alt alu alw ama als alr amc amd ame = dv wc agc oe s no abz (gk acg ij tp) rp akj afa
xr alt aly alv alr alz alw als alx alu = ue tc zj zi acz dg v afy bl hj fz de
xs alt als alr = wd (ajj ds p)
xt alt alr als alu = agb zm jw aiz na vy zy aco aiq aec ng aho pu kd aag sy cs g xk
xu alz alt alr alx als amj alv amb aly ami amk ame alw ama alu amh amd amc amf amg = ap lt
xv aly alz ama als alw alv amc amb amd alt alu alx alr = adt ho xy
xw aly alv alz alt alw alx alu alr als ama = acf wq ji wd il
xx amg alw amf alt alz ama alr aly amd alu amc alv ame amb alx als = abf (alp rc gr)
xy alr = rx ug xc ba xw
xz alt alw alx alv alr alu als = en aif tb
ya als alt alw alv alu alx alr = aq ae ahp et
yb alt als alv alr alu alx alw = ajq ny afo qm nv cy
yc amb alz alr alu amc als amh aly alw amd alt alv ama alx amg amf ame = acw jt qv av aap zn abq afs adq yv fk sh
yd ame amb ama amd alt amg als alz alr amk amj alu ami amc alw amh alx amf aly alv = fr akj aht ajs kr adf xh ajn aad
ye alr aly alz amb alx alu alw ama als alv alt = akw (ade vy afg rh) ajc pg kj ep mr aep md aht ale qk aec dt ru qv
yf alu alt amh ama alv als alr amc amd amg aly amb alz amf ame alw alx = bp acc dt adk eg ail
yg alr als alt = sg aej adi ahq pg (an pq pe zr zi akv hu ada)
yh = eh qw
yi alr alt amb alx amd amg alv als alz amf aly alw ama alu amh ame amc = sr
yj alw amd ame alv ami alz amj als ama amh alr alx alt alu amg amc amb aly amf = eh qi no acw yu agh mh (alq agp) rl
yk alt alr alx alv alu aly als alw = ae yf ais cl (aeu tb zw tj aka cd aht pi ado gx)
yl amg amf als amh alx amd ame alz alw aly amb ama alu alv alt amc alr = aas ajg (ve kt bc aal ob l zq vw)
ym alv alr alt alu als = vk ia (gr (kd age afq ou))
yn alv alw als alt alu alx alz amc ama aly alr amb = gl co
yo alr alt alx als alv alw alu = xo (vf hy vg qg nh rr acz aax (ahr aft de aae sb ags hh adc cy aii aep))
yp alx alt amd amc amb aly alz alr ama ame als alu alw alv amf = dj aih oo ci (qa a)
yq alr = oz u oy xa
yr ame aly amc ama als alr alt alv amb alz amd amg alu alw alx amf = su aba xt oo jg aie wb py ph he acx ic xw aa gr qn
ys ama alr alv alt alz aly alu alw alx amb als = rl aaj ft cp yy ta bo (oc br u akd)
yt alt alr als = by ys bs gw qq w ns ye
yu amh alt alw aly alu amc als alz amf ama alv amb amd alr ame amg alx = agk e acv agu
yv alx als aly alt alv alw alu alr = ki acy (qm lf)
yw = pf wc la dd nl dp vx ut fo
yx ame amg amj amc ami amh ama amf aly alv alw alt amd alr als alz amb alu alx = mx cy akw ac ew n alb tt nc th
yy alx aly alw ama amg amd alu als amc alv amb amf alt ame alz alr = y sl agq uz akb zr yu pw vg alm mw pt hy abh
yz alz alr amc amd amf amb alw alx aly ame amg ama alt als alu amh alv = wg dq afg
za amf ame amb alv alz alw amc alu amd alt ama alx aly alr als = z aip je ake
zb alw alt alr alu alv als = adp hs qj akm ajg se
zc alr amh alt amd aly alx ami amf amg alv alu als ama amc alw amb alz ame = vd ja tq bd sd di nk
zd aly alz amc ama alw ame alr alv alu amb alt alx als amd = pw
ze alv aly alx als ama alr amd alu alw amc alt amb alz = air ij um ha aat aiq ei ek vy ix ali aeh lg abv aco
zf alv amc alx alz alt ama aly amb alr als alu alw = aai aia vz ajy ace jb fd
zg als alr = zk aaj abj (ca alk)
zh alu aly alr alv als alx alz ama alt alw amb = xj az up aal aim bf (rh nx vj acr) ai yv pf alb adq aih acm jz acr iu
zi alr als alt = qa aab ajr kj (ahk cp)
zj alt alr alu als = nm ajw yn yr td kq (wp uv acz alu)
zk alu alz alt alx als alr aly alw alv = uv
zl alr als = ee akr vx sx aag mc ih afq xn ip alq ajx ajo sv pc pa gc dr afd aet
zm ama alx amb alw alv alr alz alt als ame aly amd amf alu amc = yc qu jr xe oe ain
zn amb alx ame alr aly als alu alz amg amc alw amf alt ama alv amd = jj aah hq zt qw vq adv hz hf
zo alz amd aly alr alw alx alt amb alv ama amc alu als = em ui dr (kg aa) afl jl ri ex ajl gy jv (tt ie ru aip aio) jy sh
zp alr als = acu zl rh da gb aha da sw or agq bu ia (ea akj hx yp) ju uk
zq alx amb alu alz amf ama alt alr als amd ame amg aly amc alv alw = ck qi qo nl aez y gg ake acb zt ku mt agh
zr alt als alu alv alr = gt aeu afg adq ais ade it ac afd we
zs alt alr als alu alv = pt hr rz fb aaa
zt alr alu als alt = gw abo mx ya yf lv pg bk qp vo abo ke jb aig adr nj aho
zu aly alz amf als alt alr ame amk amd alv amh amj alu alx alw ama amc amg amb ami = afi hx aev gq ahd ub eu aje abl de acy kf
zv alr als = al aay akf
zw ame alv alz ama alt alu alx alr amf amc alw aly amh als amg amd amb = vw
zx alv alr alw alu alt als = uk aaq gh fw bh jz la akb et au
zy alr = adz bu jn dk agq po act ahs ps wy adz aka
zz aly als alu ama amf ame alx alt alz amg alv alw amb alr amc amd = gi lp alp mu (agv pl tk akq vf dr jx qm ajr dd ci aee ur)
aaa alt alr ama alz aly alx alv alw als alu = bd ff zu ai r ai po ce
aab alr amj ame alu alz amc alw als amf ama amh alx aly amg amd ami alt alv amb = ajb m ajk zt el mb fv xg b akc aem pu ado
aac als alv aly alt alw alr alx alu = vl bj nz
aad ama amb aly alt alz amd alv alw als alr amc alx alu = afn air
aae alr alu alw alt als alv = abt yk fw go aki aka jo aiy agl
aaf ama alv amd alt alz ame amg alr alu amc amf amb aly alx als alw = ajg ox amd o (afn ajt bz ge cj)
aag alr als = aaq aco li afl abx afn ahd agb aem xg yv
aah amb alw alt aly alr alv als alu ama alz alx = pp
aai alt alx aly amf amb ame alr alv amg alu amc alw als alz amd ama = aae cg air
aaj alt als aly alz alw alv alr alu ama alx = gw fp aef
aak amc amg amh amb ami amd ame alw alu alr als alx alv amf aly amj alz ama alt amk = hx
aal alt als alr = ry adh akr
aam amd alz aly amg alv alx alt amh alu alr amf alw amb als ame ama amc = xt bj ha akk ob aht wm nu qa tl
aan ama amk ami amd als amg alz alw amb alx alr amf ame alt alv amj amh alu aly amc = fg akx akq aah ajc mg xk kp pu alq kk tk vw ou ako na xx
aao alv alw alx alt alu als alr = ajd ajn lv gt adl aim pq yt aab ap ap
aap alr alt als alu = rp od cx aka sj
aaq alr = wu ds adn jo lq eh
aar als alr = et yb aig ue ahh ii vd
aas alu alr alt als = ev aka fh ku ak ba
aat amg alx amf aly amh ame alz alu alr amb amd alv alw ami amk alt amj als amc ama = ds jr aia (wg agg zf te wl gy acw xe acd op (gh (iw iy s ui)))
aau als alr alt = f xz iw ahm aip jy
aav als alr alt = aah r ca ade qt ry sp tx kn (pf aes)
aaw = agv yl lv alf ud wy vd qb ti abl ua agj kz
aax amg amd alw amc alz ame amj ama ami amh amb alv alu alr alt aly als alx amf = xh w
aay alr alu alt als = abv
aaz als alv alr alu alt = mm ra ajb m ud wz
aba alw aly alu als alt amb alr alz alv ama alx = jc adv qh
abb alr = wg ig aea bq hx
abc alr als = agl gv aw ah zq st pe ko sa ais aah or kp
abd amb alw amc alv alr amd ame aly als ama alx alu alt amf alz = aey fb abr em zn ys j aea ako afd aic fl adu fs
abe ame alu amf ami aly alx alt alw alr ama alv als alz amg amc amh amd amb = ais cn ga sb ce (abq my vi fl aga)
abf alu alt alv als alr alw = hr (hd na) akd ah dz cb (pz nr f ahl)
abg ama amh als alx amd alu ami alt alz alr amg amb alv alw amf amj ame aly amc = pa cb act bc pg av ajp (ads alh el jw rt qr oc aja)
abh alv als alr alt alu = wc
abi amf alt alr amd als alw amh alv amc amj amb alz ame aly amg ami ama alx alu = aie oh xp ga te ri x th ajl pi nb aev xd ix afw alj afs abb pq up
abj amf alt als alz amd ame aly ama amg alu alr alw amb alx alv amc = zp act lm eb s afr abg
abk ame alw amh alu amg amc amd ama alt alx aly als alz alv alr amf amb = aez
abl amd alw amj aly alr alt amb alx amk alz amg amf ama amh alv amc als alu ami ame = agq du qt fp alk ack on ox kh
abm alv alx ame ama alz amc amd amb alw alu alt als alr aly = afb zy ep sy yt na sp kq
abn als alt alr = abj add ajr qv ew nw ov agz fv
abo als alt alu aly alv alr alx alw alz = xn aga yp ap aae ahf
abp ama alt alx aly alw alr ami als amd alv amc alu amh amb ame alz amg amf amj = age cs ct ip abv jp ng ci ze ahm eq jy iz qe es fo wq bh
abq alv alt alu als alr = fo sn dp yq tv yt sv gq qf sz kq uu aea bd gw acw gi sy ahd
abr als alr = ags akw akv c kx an aid aeg all
abs amg amh alw alz alr amb ami als alx ama aly amj ame alv amf amc amk alu alt amd = akc ach zn ue ajt tb hs yx ml fn ahx ek abg uu un zs
abt amg ama alz als amb alr amd aly alu amf amc amh alt alw ame alv alx = po hc iv ly aka nm a ii ie ahe alb afg vk qq aae u age dc ub
abu alt ame alw amc amj alr amd ama amg amf alu ami amb alz alv alx aly als amh = xd ub
abv amh alx alz amf als alu alt amc amg ama amb alw ame aly amd alr alv = jg bs wn jv fh aee acw ahu gz gq au alh cd zz aak tv mp ajl
abw alw alv amb amd aly alu alt ame als alz ama amc alr alx = yp pf aag av re kx ala cf sh agj bw acx vq abt
abx alu aly alr alz alv als alw alx alt = ada vo gq ajx ec ol ez ot lm ags ahd dr ti to
aby amd aly alt amf ame alr als amb alx amg alz alu amc alw ama alv = h hf ia lk xt bo rw abm ct p aho am ng az fp pz
abz alu alt alr als alv alw = ag mu qz ads
aca alu aly alw alt alr alz alx alv als = te nk jl ahm agr lm su vj akd pp uj pt ek vd
acb alx alu amc alr ama als alw aly alv alt alz amb = agv is lm he fp hp ak pi acx lv hh zg vh
acc alu amh alz alv alx ama amf alw als amb amc aly amd alr alt ami amg ame = ee aha ld ago wy zz yc da aev
acd aly alx amb amc alv alt alu alz ama alw alr als = act
ace alv ama alw aly amb als alu alr alt amd alx amc alz ame = vb md ajy ahr
acf amc alu alz amb alw alt aly alv als amd alr alx ama = bm agt sk yt
acg amg ama alv alu amf alw aly amb alz amc alr amd als alt alx amh ame ami = pz v cm ju m ajn lq zn
ach alu amd alw ama alt amc alz aly alr alv amb als alx = fi dy e vj lb agr wk afb age pu ex sm dy pk to pn abp abs (mt akk)
aci alr ama alv als alx amb alw alt alu amc aly alz = ng mz akh yf aem xb kq
acj alw ama alv aly alu alz als alt alr alx = pu tt vt ff afn vp zt akg
ack alv alu alw aly alz alx amb ama alr alt als = af aix fw qw aaa
acl alu amb alx amf als aly ama alw alr alz amc alv amd ame alt = mm fs acq ajy ae ajy ags zi
acm alr als alu alv alw alt = b adi cf ft aiy qz qh acy nj adl tu aaq aep fv kk
acn alr amf ame amg amc alw als alv amh alt aly alx alz amd amb alu ama = ec tm qr km an rq rl aa
aco alv amf alr alz alt amc alw amb amd aly alx ame ama alu als = mj xs ag xf oo ua gb im abj
acp alz alv ama alt aly amb amf ame alu amc alr alw amd als alx = vv sf ey xz ai k
acq alt alu alr als alw alv = zd bt sv adt ks hi vc pz sb x se aiq abu
acr alt als alr = ri akg (kp vb (db aje h ut acf st ve y aao))
acs amd als ama alx amg amc aly amb alz alw amf alu alr alv alt ame = vo ace ack akm ahi ti pq aaa aam aet ox
act als alw ama alx alv alr alu alz aly alt = cz bk lq gf ro fw aat zz hf
acu als alt alv alw alu alr = kg fh oo hq ja aeh akf hn ag tb xm v de aio
acv alz alx alt ama alv alr amc als alw alu aly amb = lv co ai (us vx acj lm afh sp akk)
acw als amg amd alu amf amc alr ame ami ama alw amj aly amb amh alx alz alt alv = lg agd cy
acx alu alz alr alv ama alt alx alw aly amb als = sg uw pk xk adt aal nh ahm fx
acy als alr = th io aen fa wp aeg aep nx ye
acz als amc amb ama alr aly amd alv alw alt alu alx alz = jy zu tf (adr aef ml lu alm) os afq mp qv aji bf afq ao pk gx jp
ada alt alr aly amc alw alv amd alx alu amb ama alz als = abz aep fq eh ht rd up dq
adb alr = cr yb mc
adc alr alz alv als alw aly alu alt alx = ia en vs ow aiz uh mi agz afa agf wv
add alx als alt alu amd alr alv alz ame aly alw amc amb ama = aks
ade alt alr alu alv als = pf gn ue ri tk cm hj lg aha
adf alw alu alr als alt alv = abp aks j alu aby
adg aly alu alt alv alr alw alx amd als amc amb alz ama = oy ahe ps
adh amb aly alz amc ame alv alr amd alu ama alx alt als alw = sf my ahd jv
adi alu alt alr als = afy aje zn kc vo aaa wi kx akh pc
adj alv als alu alr alt = bw f gr my (qs sl xj ako iy za acf eg zc aew dd tq x) abu yj aiy
adk alr alt alv aly alu alw amd als alz ama alx amc amb = zu rv hl vg ng aez vv hv
adl amc alw aly alr alv amb als alt amd alz alx alu ama = ajs ajj vb
adm alx als alz alv amb alu ama alr amc aly alw alt = akr abe cl abw alp zz ie zk ek aex na yq wd aas
adn alt aly als alw alr alv alz alx alu = fd cg wx adw bh lh mn abz vc wd jb ie tp aax kh vc vi gn ael gh
ado alr = abw fb
adp aly amc alu alx alr amg amd alt amh ame ama als alw amb amf alz amj ami alv = yd vf xc o us wf aef fe nr jw ajx ji ws od te bj jg sg
adq aly amd ame alv alw alx alz ama als alr alu alt amb amc = se hz eb afj aeg xd gn ain ag aaw aes mv vd (ajy jy)
adr alt alw alu alx alv alr als = ahr at he gy aeo jd tf fl aas
ads alu als alt aly alw alx alr alv = pv ajq fz j sa
adt amc alt alv alw amf amd alz alx ame als amh aly alr alu amb amg ama = lp aes ox bn wd vu sq ac us pu (ia aki abs) go alm ds cc
adu alr = qe abo ahv cb lp abs (aee ik um qa cy ka)
adv alz amc alx alr alv alu amb als amd ama alt aly alw = ajt ld
adw alr alz alt alu aly amj amh alx amc als amf amb ama amd amg ame alw ami alv = agu akw km (vq k pl io (ln adk pt ao wi pt ala pg kr vh oj yq))
adx alu alx alr alv alz aly alt alw als = hm ip lk xq adt ale fg ru afx ac yw rw abt aii
ady alw alr amf als amc amb amd alt aly ame alx alv ama alz alu = zo we adh yd adc kf act af ri aez zt
adz alz aly alx alt alw alu alr ama alv als = aie
aea alr = eg aex my abz ai ahy adm aav ng vw my akq
aeb alv alx alt ama amd aly alr amg alu amf ame amh amb amc ami alw alz als = fe jx acb aaj fk abg
aec alr alt als aly alx ama alu alz alw alv = jw
aed amc alu als amd alw alt ama alv alr amg aly ame amb amf alx alz = ro adw xo am hd adf py (jg aka ail p m rn)
aee alt als alu alr alv = jm aht cl
aef alv amb aly amh alt als ame ami alr alz alw ama amf amd amc alx amg alu = abu
aeg als alr alu alt = aix i nj adt aln me
aeh alr alx amd alt ame alu alw amf amb ama alv alz aly amc als = mu nh ez sk
aei = re
aej ama alu alv alz als alt alr aly alx alw = bp zk ki mk afj aam (abm n ck ta iz) me
aek alx alu alw aly alt als alr alv = aaz aka ce (nj ca) ahr jn adk
ael alr als = sd jc ahm ako ahk (es ra akm ee ak gc ws my mb ca) ald
aem = rb
aen amd ama ame alt amf amg als amc alz alw alv alx aly alu alr amb = acw cq ka bc lr aem fy nu alg sy ge cl gq nk ki
aeo alv amb alx alu amc ama amd alz amf alw amh amg alt ame alr aly als = ld adg nm
aep amd alt ame amb alu aly als alr amf amc alw alx alz ama alv = on (gf jb bh ux fz (ce ajf fv))
aeq alv alw als alz alx amf ama ame amg amb alr aly amc alu alt amd = aex aev fl ah ap wg lo gb wj
aer amb amf ame ama alr amd alz amh alw alt alv amg ami alx alu amc als aly = tq zz nm xu ajk x aee zn pf lu vl hx mg br eo pk od ahy aff kz
aes alr alu als alt = qw vi ahi zj agf fs (mx adk abz xh mq mc agd sf)
aet alv alr ama alz als alu alw amd ame alx amc amf aly alt amb = act jo he fo ahc qy act ax jd tg wu aia aeh akx
aeu alx als alz amc amb alr alu alt alw alv amd ama aly = ma ab mo agn aib gn uk aao akl ach aes aiy aju aas dp mv
aev amb ama alr alu aly alv alt alw alx als alz = sb tp afs ba (yz qm fz)
aew als alu alv alw alt alx aly ama alz alr = fx mo ha tu ux (aab aac ahe akv) bb agi kv jy hf
aex aly amb amc alw alu alr alx als ame alt alv alz ama amd = qf jm uy ic
aey alr = y adp a aiw akp xa afv te pc jh
aez alv als alt alx ama amd amb alr alw alu aly amc alz = nw kg tf zt ahk je ahj le lv bu ef aha aav zn bp
afa alz alt amb alv ame als amc alr ama alu amd aly alw alx = aeg xd agn ajg yx vl adu wg afz aak ahh ym vx adq
afb als alv alw alt alr alx alu = abn du qr wf y adg kk bt jp sl
afc alz alr alw alt ama amd amh ami amb ame als alu alx aly amf alv amc amg = pb ay bg vj is kz rg
afd alr = akc gj mh acn fy hy az qj qv
afe als alt alv alu alr = gx alj vi xc abf eh sd aag acw ajg aex kk fd iz abf ox
aff als alt alx alw ama alr alv aly alu alz = hb sx np jx ua ep mx abt agt wt
afg alr alv als alu alt = et ch sf vg ty so aex (aad agv db ahu rl (ahd ny nl zq))
afh alu amg aly alv amj alw ami ame alr ama alx amb alz amc amd amh amf als alt amk = cw ajn aaf ajt agc fh (ym acu) afw ue aaz aeu zr va rr rw qe aic
afi amf als aly amd alt amc alv alw alu ame ama alz alr amb amg alx = ku vs qd
afj als alv alr alt alu = kq ade wx abw (kq lg)
afk alx als alr amc alu amd alw amb ama aly alz alt alv = nw ye akj ly afo pz wr aax aaj acf mv aie agd ajh uv (kj ahf)
afl alr alt als alu = vq op ts ahc fh ux acr va aan alg xf io
afm als alr = vi al bn agd aay ji xk vy aez ali
afn = gv akx yc hv it pj ad (aje ts xp afb aci jl aah)
afo alu amg amh aly alw alr ama amc amf alt ame alz amj amd ami alx alv als amb = xc g d le ci al adp ahn vo aez aca ul sw vg rn aea xk ko ne
afp alz alx aly alw alr als ama amb amc alt amd alv alu = qm aey
afq als alr alt = pd h acc pa ux sw kg (aas jw acp xq ahw) re afn jd xo nz im tu
afr = tm aeu ait
afs alt alr als amd amh aly amf amg amc alv ama alx amb ame alz ami alu alw = vv qj at
aft alt als alr = ip dj cj pz mo yq adc az
afu amb amd ama alw aly alz als alu alx amc alv alt alr = it fm aiv tx (kf vm abx) wo fq sy ajo bo jn aar vx pz
afv aly amg amb ame amd alz als alr ama alv amf alw amc alx alu amj alt amh ami = alp ua el hd lv agj pv gw ec ais acb aim ai aih
afw alw alu alx alr alt alv als = nf (jh hv fx afv vz aic kn) (ji eb ev aji qg uy aje bt) nu nq ao
afx alu alr als alt alv = bx adx ja nl xh alb add ic kx
afy als alr = qo oz bn n rh cl ajl agm hq aj yd sh ada aep ws
afz alr alt alu als = fa abs tj ft am qi pm akr ns mh aje ahs zj
aga alw alx alv alu ama alz alr als aly alt = dm akf ahq oe ou fp qa ady dc
agb amd ame amb alt aly alw alu alx ama alr als alv alz amc = adf lh zh go aip aau no aah cd na pu (cj kh lq aen)
agc ame amh alu aly amb amc alw amd amf als alr alx ama amg alz alv alt = io fp aaw jx
agd aly alt alx als amb alz amc alw alv alr amd ama alu ame = bo cl acj zw v abo si yg
age amf amc alu ama amd alw ame alx aly alv alr amb amh alz alt als amg = acz ahd jf zf ep ht abc nn js hf
agf alw amc alz amh ama amf amj alr ami amd alt amg alv amb als alu alx ame aly = gk aei aeh aac tb on lb th ni kc wh lv ke bh vs (qw aei lz mh)
agg als amb amc ama alv alx alz alw alt alr alu amd aly = akj gp aji aij uu ln
agh alr als = ht ala wl aev zy fo pa akt ke (aaw sc qe wc bf vt (yw gg nq))
agi alw alr alt alv alx alu als = agy
agj = qz aij vv zq cb qd
agk alx alz alr aly als alt alu alw alv = agi aen adp aad abs agf age abq bk zw
agl als alr alt alu = oz da aim v by wa kk
agm alr alx alu alt alw aly als alv = us sx yh (aja he tt)
agn aly alr amc alv als amb ama alu alz alw alt alx = qe kj d xi jx vx zm ik hx
ago amd alw amc aly alv als alz ama alr alu amb alx alt = ex kd tu pw
agp amb alw alv als ama alu alx aly alr alt amc alz = c agn ub afs (fy im abr (aq aer wy))
agq = tv te aek rl dq ke ck
agr alt alx alw ama ame amf aly alv amb amc alu alr als amd alz = aed pn acp nf oc qn zu uj bf jy
ags amb amj alx amh alv ama amc ame ami als amk amd alt alr alw aly amg amf alu alz = ahr aji act tv xg ts fv pz
agt amf alw alt amd alu amb aly amc als alv alz ame ama alx amh amg alr = kj
agu als alv alu ama alt alw alz alr alx aly = fk cl aw agi ahh akt age ace ha aw cf
agv amd als ame alr alz amf alw ama alt amg alx alu amb amc alv aly = nj ahe sf agq ui
agw ame alt ama alu alr amd alx amf alw aly alv als amg alz amc amb = ef
agx alu alv alr alw alt als aly alx = aim wp wb aic agj eb hw oa (ed av qn ze jm (iz it vl hj wa id))
agy alu alt amc amf aly ame als alv alr amd alz ama alw amb alx = bn
agz alz alv ama alr alt alx alw als alu aly = ajl jc ny adp (fe gu rs ye abu vo nz ahj kb pc) (aej ax wg bs ahw alh)
aha als alt alz alw alx aly alr alv alu = us wc afu za hb aau hm aju abm zh aje le ajt fl ads dy (vm afo ql)
ahb alt alv alu als alr = zi mc xc xr ahv abk abz af wi afh fd er rv aer
ahc alr alw alx alu alv ama aly alt alz als = kc akr aek te hs
ahd amc ami alx als alu aly amj amf alz amh ame amb alv amg alr amd alw amk ama alt = xm
ahe alr als alt alu = zr gl aki aam ru abf (rt afk) wz ix qr
ahf alr = ajo aft
ahg alv alt alr alu als = aja agt xd vi xj ajp aeo iz
ahh als ama alw alx aly alu alz amc alr amb alv alt = ju uv
ahi als alu alw alt alx alr alv = xz hn oi co ey akw hy vx rd (ahm cc) kv ev adw
ahj ama amc alu amg ame alv amf amd alt alz als amb alr alx aly alw = ajj cu
ahk alu aly amc alx alv alt amd amb ama alz alr alw als = zb ej acv qp g fe (sg ahn akg ed mn vl oc vu)
ahl alz alv aly ama als amj ame alw amd alt amc ami alr amb amg amh alx alu amf = acq aaq fx aar af ms dt adp ach akg gv
ahm alv alr als alt alw alu = gy ct mh am ajn vm
ahn alz ama alv alw als aly alt amb alx alr amc alu = aek mi aal uw dh sx aea fd nv na
aho alr = ti hz xm is ef ada
ahp als aly alt alw ama alr alv alu alz alx amb = hn yz sj abf aap acn ob js tr sj us se
ahq alw als alt alr alv alu = xa bh im zw akp bd alu kq pf sh hr hb agv ld yo tv ww zn
ahr amd amj alr alx amc amh aly amb ama amg alz alt als alw amf alv ame alu ami = za (aga ahc ale jw aft mx abo js js abo us (ys lq xz) tr ug afl) aja
ahs alu alv alt alx alw als alr = ae
aht alr alt als alu = afc kz sh xh
ahu alt amc alu als aly alz alx alv amd ama alw ame alr amb = vv og aix ua zr dv cd nj ee akm
ahv alt als alv alr alu = nh xf ue mu tk (br sr agj vx aea qw uy alp) eq afi ahl tq ack o adr
ahw amh amb ame alt amc alu alv aly alx ama amd als alr amg amf alw alz = qe ako akv
ahx alz amg alw amf alu alv als ama alr amd aly amb ame amc alx alt = aid ada lr ux (jk alh)
ahy amc alz alr als amb ama alt alx alu aly alv amd alw = aac te
ahz alx amf ame ama alr alt alu als aly alz alv amb amc alw amd = aik hp lb gb ua rm (to a)
aia amj alt amd amc alx ama alr alw amh amb aly alv amg ami amf alz alu als ame = aim
aib alu alv als alr alw aly alt alx = kj akc tq ady adh us sm yd zn (aer ap ach)
aic alu alr alx aly amd amc ame als alv ama alw alt alz amb = rl aij bu (ia ja aek ly aep rj ly d ail aeg ajk)
aid alu amc alt alw amf alz ame alv alr aly als amb alx ama amd = ag rb abg jr oj ut xg ln py
aie alr als alv amf ame amb amj alw amc alz alt ama aly alx amh alu amd ami amg amk = oq aar nf yb xm ua ie ca hd abu aab zb
aif als alr = qn py wi acl (qc mh me cp aat)
aig alr alx ama aly alu alz alv alw als alt = aby cu zv mh abr bh gm tu ajg ut gl (aeh ku aav ags be (rf alj ln yl))
aih als alt alr alw alu alv = rw (jj sh afl)
aii aly alr alz alt amb alw ama alv alu als alx = aey akf (aga z xf uz alf) da acu (ajt hs fd gb ahb la)
aij alu alx aly alr amc alz alv alt ama amf als alw amd ame amb = vk od wd
aik als alw amb ama amc amg amf alt alu alx alz amd alr ame alv aly = ud acj ai abd adr vf po aax fm vi ajx yo rk ul
ail alt alw alr als alu alv = oj ahh fj ain adt ca alk hp adw alh tb qw oq nb ey adl gc
aim amb alz amc amg ama alx alv ami amj amh alr amd amf alt alu alw aly als ame = oy sz ahc jd kv yv me wl uy abn (ft fp zv) agk le dl abq xe
ain aly alv alw alr als alt alu alx = nu fe nd np zf
aio alr = xj aid nc hd afw acy mu abt rs lb ks ce aep alc sx tt sc hi oc aeh
aip alr = aic akw hg hi pt ct ahi zj sg aja qw qn ea aci (oq tx uv ou kf abz)
aiq als alv alx amb alr alt aly alw alz alu ama = q xp
air als alt ame amh amb alv amg alu ama amf alx alw alz alr amc aly amd = afu ahb or qw so afy abz qj ako nn
ais alr = xl aec ajr oe kw aey ahv aii ou oe vj ca dc ss
ait alr als = xw
aiu alr alt alx aly als alu alv alw = agv tk fm dc aft zv jv afx
aiv alu alr alv alw alx als alt = aha ph kt x acm afu (jr ais nu ra aei ir afy alq)
aiw alr aly amb alu alx als alw alt alz ama alv = fg vh mv cg ag ym ala ml om (aer cm b ait hw yo aai ti)
aix alt alx alz aly alu amc ama amb alw als alr alv = wy yf (zc tb qx) ahp ia zg aim agh (agy ajg rr aco)
aiy alt alr alz alu alx als alv alw aly = vf
aiz = abe zn
aja alu als alx alv alw alt alr = aho adr ay aae aht ahe acs vi acg pp lr pf acq ra jx (xh akb ali az)
ajb alt alr amf alw ama als alv amc alu ame amd amg aly alx amb alz = xy
ajc = os io eb es je xh abj pa agp lp yg fb (afe pl yi aih)
ajd alt alz alx alu aly ama amb alr als alw alv = x fq oz kz dv aag aki ke gm fb rb aec aaj gj
aje alz alr als alx alw aly alu alv alt = qs iu ah nt js iq nq
ajf alr = ahq xt ks pr px ja xv adc gk eo abr q adi
ajg aly als alv alr alw alz alt alx ama alu amb = ks pj adk wx km ne ez aan yg ag
ajh amg alr alu amh ami amf ama alt aly als ame amb alw amd alv alz amc alx = sm zd ei ajs lb alm lp tl bw qz aii jm acz
aji ama ame aly als alz alu alr alv alx amb alw amc alt amd = hz pu aff tg (aah ud ip bm df sy aq)
ajj als alr = ao aky cd cw by py wl lc
ajk alr = ail am d ic g yq wa ee bo agv vd je aao (aik xo mp) acn sn xh je
ajl alz aly alw ami alt amb amh alu ame alr amd amc amf amg als alv alx ama = aeg aki uc
ajm alr = jl cs ex aat ali ub abu agy aax
ajn alr = ale ok aga gu aev le ahm
ajo als alr = agi (qw (cv v ll ajz qq dp (zs mb aew ago)))
ajp amb alt alr alw aly amc alz amd alx ama alv als alu = me bw mo t bh pt wv (qj tw)
ajq als alt alr = kt rx aab ad qa
ajr alu amb ami amd alz amh ame alx amg alv amc ama amf alt alw alr als aly = aht zb dc xu (f gv uk nt alk) wo mc ps ch ii mt
ajs alz alw als alt amb amd amc alv alr ama alu alx aly = xe acn bh ajk bp uq ac sf afu (vg (se mx qn se ml ag ahx alk gz qo))
ajt alt alz alr alx als alv ama alw aly alu amb = r yt aki aah jv akl th wt ln afx ie vh
aju alr = up
ajv amf amb alz aly alt alx amc ama amg alv alu amh alw als alr ame amd = jb fk jw mh hh yv aba ly acr no adp
ajw alr = ajx aiw yo oc
ajx alv als alt alu alr = au vs co mx ahe tm ail ack ro qt aar an abi aiv eo ai
ajy = wr ac rf afq agn vf ye po adw xa bh kl ic
ajz alu als alr alt alx alv alw = aja abs afz aer nf hj ahh cv je acp acq mf at zv ek yd to
aka alw alz als ami ama amh alt amc amf alr aly amb alu ame alv amd amg alx = an adv adv qz alt aiv afh yx lb
akb alv aly alw alr alx als alz alu alt = ui ws ez hu dv dn jj fm pn
akc alr als = uf
akd alz ame alw alr alx amd ami amb amf alt alv amg ama aly amh alu als amc = fr abt agy dk fd agc ahi v ib zd
ake amj alu amb ame als alz alw alv amd amh ama alt alx amg aly ami alr amk amf amc = xo tl xe adt me fw aef ih sk bl aeu f yk aak so acm yk go hq yl
akf alr alw alv aly alz alx alt als alu = jp aew f afm bp adl ev qr adv zg ml fx
akg alu alz alw amd aly alv als alx alr alt amc ama amb = abi uz rq fh np alf dp cl (cw aec nn)
akh alt alu alw alv als alr = hk cq ni kt vq lr (alc ei jh pk) fz adl akt jv
aki als alu alr alt = dy
akj amc alx amd alt als alv amb ame alu amf alz alw ama amh amg ami aly alr = s (xo wm ds fk xm)
akk alu ama alx als alw alt alz alr aly alv = zb aai ia sp wu zk hn wp ty alm
akl aly alt alv alu ama alz alx alr alw als = ajy cf ku
akm ami alr aly alu amc ame ama alw amh als amg alt alx amd alz alv amf amb = yp ii nj ub od
akn alu amb alv als alr ame alx alw amc amd alt alz ama aly = nm sx ajl dm ajn ja lo ej xq ajz wd ali pr yb afa (fs lp xc sa up)
ako alv als alw alr alu aly alt alx = qi ye b fn ze fi vf vy jn (bn aed aga) ry alf wi cg
akp amh amf ame amc amg alw alu amd alv aly alr amb alx amj alt alz ami als ama = ph dq gj abg va za l vr bj ii qh qp mq ahy (tv agl zm ou rq)
akq alx alr alt amb alv alu amc aly alz ama alw als amd = em le sw (br aa abl tw aef) ig l agy alc kp
akr alt alr als alu = je
aks alr als = aj
akt alu aly alx alw alv alt alr als = rl ajk gr akx ob (ady aiz to fg)
aku als alr alv alx alt alw alu = xx oy an wn tj ali kk lp abv yo akg (ala abg ey kn) ajd
akv alz alt amb alw als ama amd amc alv alu alx aly alr = gs ala mk zn adz vh xm dg abn uz afs aeb wm ee acb vu ahi am mg
akw alt alv alu als alw alr = tz
akx amb alv amf alt amc amd als alu ama alx amg alz alr ame alw aly = ace iz aim ada fp iq xe
aky alt als alr = nw az xk az by hh ih agu ic nc (bm ph ij adj oa sm gg ws) fc ue
akz alu alw alv alx amf alr amc amb ame alz amh aly alt ama amd amg als = ajx alg abx
ala alw alu alv amb aly alx amd alr alt alz als amc ama = sz yo acs py oy akl xq vd th am zz ym vl abx yw uj aju dq ahk
alb = ij zi aal dk bz agk
alc = nm hk oi eu abs zd (jm jt)
ald amg amb alu aly alz amh amf ama amc alx ami als alv alr alt alw ame amd = jf (kt qa tx adv (dq vv aei nv))
ale amd amc alr als aly alu alx ame amb alt alz alw ama alv = xa acp tg aiu ajm (ps akw)
alf als alr aly alw alt alx alu alv alz = wi fu df rw aeq pl gn zl ajn hk yr acq y sw yi hw kp
alg alr = tl acx afz ahg aij aky iz vs nm t ru (agu ajq ajd) cz ec aal yk vt nb
alh als alr = agi ff aby aip ag jr aez cy tr it xv bi wi mi hx adj hh uu op cg
ali alz alv alt alw amh amc aly alr amf amg amb alx als ame alu ama amd = id
alj alx amb alw alr amd amc als aly ame alt alv ama alz alu = ahc afx agy
alk alr als = aik cx tz dt kc alp ia mh h akx abm mg lf aes ajh
all alx alv alu als alw alr alt = i xx aju ajs ahc alq agh qf vn (qy (ajy hx abo ur aag))
alm aly ama amf amc alw alt als alv alr alz amb amd alx alu ame = agx gm aht hu jo zo kt fl
aln alv als aly alz alw alt ama alr alu alx = np ry dp jb te aki (vc ne qp kb)
alo als alr alt = ac et ij
alp amb alv alt alz amc amf alr ame ama alx als alu amd aly alw = ph yw aib (ed mc ack)
alq amc aly ame amb alt als amd ama alz alr alw alu alx alv = agl rr mi ahj l fx aaf qr ru
main = A (agw ack B (ale rb uf C agu adq D px akw E F G (hm aho) H I kq ci aas wp md abj yt eo ws aib sb zp zw qj tm J za) pw b kf K lz L M akl aby mi N vt sa abh ajd vs qd) ef di O ri pg P is abm ii lh abe gm Q xv nb adu agb afz ajb aer h R ph az bf be nw db tq (S iz (afv acb)) rs (T U bn cz cd ui V abg W ee qa abq X nz nl abq om) je nm ajm oy qm ch Y Z aec agp xg AA bs ao mu nu (td aes AB AC afs vc all AD mb) AE xh aho AF AG AH qy dr (pd (py fe a ajn abv agv vh) ro rl aga uf qe uq aci xd nl ok yj bq AI AJ yz abz ie AK (AL ng) (ad aea AM qp jf AN eu akt AO iu (w ge) AP vx AQ vm adq ajq acj AR) adz ajd wj yq y ej bg (td (aiw qa ub aad gi gc nf xi AT AU aee AV ok ft cz (aw my AW) ain AX xo aju abv afa AY AZ BA BB bu BC pz ao ti BD akz c BE acp ly eb qx (BF rd BG c aed add iw) ar akm (kr pr aby) ahn xn rb) gc (alo aga zq ra hg lr) pt aau aht BH gu)) aes dn os ajp ky BI ala ya BJ go BK ue BL dn aaz r uw ali fj ik st ux tk BM to a aji eu BN ajf je afn ahc acr BO tx BP cv mr aik akk dm (xl BQ gl ahy gy hm akw ahf ez mr ajk BR hu) BS aiq BT zr ma be BU yc aka gr xz qc ags BV rs ac ht BW BX BY aah BZ fx g sj da al wf hi CA adx aif adv CB agn pd tx ed ajr hg dt CC fq ph CD acy ug CE lb vc CF pb CG uf aiw aha afr CH CI CJ CK CL kf mx akr CM jm aiz ky aiq CN CO nu aeo CP aav CQ vt age tv vz CR CS
------------------------------------------------------------
A (agw ack B (ale rb uf C agu adq D px akw E F G (hm aho) H I kq ci aas wp md abj yt eo ws aib sb zp zw qj tm J za) pw b kf K lz L M akl aby mi N vt sa abh ajd vs qd) ef di O ri pg P is abm ii lh abe gm Q xv nb adu agb afz ajb aer h R ph az bf be nw db tq (S iz (afv acb)) rs (T U bn cz cd ui V abg W ee qa abq X nz nl abq om) je nm ajm oy qm ch Y Z aec agp xg AA bs ao mu nu (td aes AB AC afs vc all AD mb) AE xh aho AF AG AH qy dr (pd (py fe a ajn abv agv vh) ro rl aga uf qe uq aci xd nl ok yj bq AI AJ yz abz ie AK (AL ng) (ad aea AM qp jf AN eu akt AO iu (w ge) AP vx AQ vm adq ajq acj AR) adz ajd wj yq y ej bg (td (aiw qa ub aad gi gc nf xi AT AU aee AV ok ft cz (aw my AW) ain AX xo aju abv afa AY AZ BA BB bu BC pz ao ti BD akz c BE acp ly eb qx (BF rd BG c aed add iw) ar akm (kr pr aby) ahn xn rb) gc (alo aga zq ra hg lr) pt aau aht BH gu)) aes dn os ajp ky BI ala ya BJ go BK ue BL dn aaz r uw ali fj ik st ux tk BM to a aji eu BN ajf je afn ahc acr BO tx BP cv mr aik akk dm (xl BQ gl ahy gy hm akw ahf ez mr ajk BR hu) BS aiq BT zr ma be BU yc aka gr xz qc ags BV rs ac ht BW BX BY aah BZ fx g sj da al wf hi CA adx aif adv CB agn pd tx ed ajr hg dt CC fq ph CD acy ug CE lb vc CF pb CG uf aiw aha afr CH CI CJ CK CL kf mx akr CM jm aiz ky aiq CN CO nu aeo CP aav CQ vt age tv vz CR CS
A (ef abh ajd vs qd) ef di O ri pg P is abm ii lh abe gm Q xv nb adu agb afz ajb aer h R ph az bf be nw db tq (S iz (afv acb)) rs (T U bn cz cd ui V abg W ee qa abq X nz nl abq om) je nm ajm oy qm ch Y Z aec agp xg AA bs ao mu nu (td aes AB AC afs vc all AD mb) AE xh aho AF AG AH qy dr (pd (py fe a ajn abv agv vh) ro rl aga uf qe uq aci xd nl ok yj bq AI AJ yz abz ie AK (AL ng) (ad aea AM qp jf AN eu akt AO iu (w ge) AP vx AQ vm adq ajq acj AR) adz ajd wj yq y ej bg (td (aiw qa ub aad gi gc nf xi AT AU aee AV ok ft cz (aw my AW) ain AX xo aju abv afa AY AZ BA BB bu BC pz ao ti BD akz c BE acp ly eb qx (BF rd BG c aed add iw) ar akm (kr pr aby) ahn xn rb) gc (alo aga zq ra hg lr) pt aau aht BH gu)) aes dn os ajp ky BI ala ya BJ go BK ue BL dn aaz r uw ali fj ik st ux tk BM to a aji eu BN ajf je afn ahc acr BO tx BP cv mr aik akk dm (xl BQ gl ahy gy hm akw ahf ez mr ajk BR hu) BS aiq BT zr ma be BU yc aka gr xz qc ags BV rs ac ht BW BX BY aah BZ fx g sj da al wf hi CA adx aif adv CB agn pd tx ed ajr hg dt CC fq ph CD acy ug CE lb vc CF pb CG uf aiw aha afr CH CI CJ CK CL kf mx akr CM jm aiz ky aiq CN CO nu aeo CP aav CQ vt age tv vz CR CS
A (ef abh ajd vs (wp rx afh akz bf akg ud)) ef di O ri pg P is abm ii lh abe gm Q xv nb adu agb afz ajb aer h R ph az bf be nw db tq (S iz (afv acb)) rs (T U bn cz cd ui V abg W ee qa abq X nz nl abq om) je nm ajm oy qm ch Y Z aec agp xg AA bs ao mu nu (td aes AB AC afs vc all AD mb) AE xh aho AF AG AH qy dr (pd (py fe a ajn abv agv vh) ro rl aga uf qe uq aci xd nl ok yj bq AI AJ yz abz ie AK (AL ng) (ad aea AM qp jf AN eu akt AO iu (w ge) AP vx AQ vm adq ajq acj AR) adz ajd wj yq y ej bg (td (aiw qa ub aad gi gc nf xi AT AU aee AV ok ft cz (aw my AW) ain AX xo aju abv afa AY AZ BA BB bu BC pz ao ti BD akz c BE acp ly eb qx (BF rd BG c aed add iw) ar akm (kr pr aby) ahn xn rb) gc (alo aga zq ra hg lr) pt aau aht BH gu)) aes dn os ajp ky BI ala ya BJ go BK ue BL dn aaz r uw ali fj ik st ux tk BM to a aji eu BN ajf je afn ahc acr BO tx BP cv mr aik akk dm (xl BQ gl ahy gy hm akw ahf ez mr ajk BR hu) BS aiq BT zr ma be BU yc aka gr xz qc ags BV rs ac ht BW BX BY aah BZ fx g sj da al wf hi CA adx aif adv CB agn pd tx ed ajr hg dt CC fq ph CD acy ug CE lb vc CF pb CG uf aiw aha afr CH CI CJ CK CL kf mx akr CM jm aiz ky aiq CN CO nu aeo CP aav CQ vt age tv vz CR CS
A (ef abh ajd vs (wp rx afh akz (gl dn gs akr vq ta ml ads) akg ud)) ef di O ri pg P is abm ii lh abe gm Q xv nb adu agb afz ajb aer h R ph az bf be nw db tq (S iz (afv acb)) rs (T U bn cz cd ui V abg W ee qa abq X nz nl abq om) je nm ajm oy qm ch Y Z aec agp xg AA bs ao mu nu (td aes AB AC afs vc all AD mb) AE xh aho AF AG AH qy dr (pd (py fe a ajn abv agv vh) ro rl aga uf qe uq aci xd nl ok yj bq AI AJ yz abz ie AK (AL ng) (ad aea AM qp jf AN eu akt AO iu (w ge) AP vx AQ vm adq ajq acj AR) adz ajd wj yq y ej bg (td (aiw qa ub aad gi gc nf xi AT AU aee AV ok ft cz (aw my AW) ain AX xo aju abv afa AY AZ BA BB bu BC pz ao ti BD akz c BE acp ly eb qx (BF rd BG c aed add iw) ar akm (kr pr aby) ahn xn rb) gc (alo aga zq ra hg lr) pt aau aht BH gu)) aes dn os ajp ky BI ala ya BJ go BK ue BL dn aaz r uw ali fj ik st ux tk BM to a aji eu BN ajf je afn ahc acr BO tx BP cv mr aik akk dm (xl BQ gl ahy gy hm akw ahf ez mr ajk BR hu) BS aiq BT zr ma be BU yc aka gr xz qc ags BV rs ac ht BW BX BY aah BZ fx g sj da al wf hi CA adx aif adv CB agn pd tx ed ajr hg dt CC fq ph CD acy ug CE lb vc CF pb CG uf aiw aha afr CH CI CJ CK CL kf mx akr CM jm aiz ky aiq CN CO nu aeo CP aav CQ vt age tv vz CR CS
A (ef abh ajd vs (wp rx afh akz (gl dn gs akr vq ta ml ads) akg ud)) ef di O (ue cl adh agg aji ql) pg P is abm ii lh abe gm Q xv nb adu agb afz ajb aer h R ph az bf be nw db tq (S iz (afv acb)) rs (T U bn cz cd ui V abg W ee qa abq X nz nl abq om) je nm ajm oy qm ch Y Z aec agp xg AA bs ao mu nu (td aes AB AC afs vc all AD mb) AE xh aho AF AG AH qy dr (pd (py fe a ajn abv agv vh) ro rl aga uf qe uq aci xd nl ok yj bq AI AJ yz abz ie AK (AL ng) (ad aea AM qp jf AN eu akt AO iu (w ge) AP vx AQ vm adq ajq acj AR) adz ajd wj yq y ej bg (td (aiw qa ub aad gi gc nf xi AT AU aee AV ok ft cz (aw my AW) ain AX xo aju abv afa AY AZ BA BB bu BC pz ao ti BD akz c BE acp ly eb qx (BF rd BG c aed add iw) ar akm (kr pr aby) ahn xn rb) gc (alo aga zq ra hg lr) pt aau aht BH gu)) aes dn os ajp ky BI ala ya BJ go BK ue BL dn aaz r uw ali fj ik st ux tk BM to a aji eu BN ajf je afn ahc acr BO tx BP cv mr aik akk dm (xl BQ gl ahy gy hm akw ahf ez mr ajk BR hu) BS aiq BT zr ma be BU yc aka gr xz qc ags BV rs ac ht BW BX BY aah BZ fx g sj da al wf hi CA adx aif adv CB agn pd tx ed ajr hg dt CC fq ph CD acy ug CE lb vc CF pb CG uf aiw aha afr CH CI CJ CK CL kf mx akr CM jm aiz ky aiq CN CO nu aeo CP aav CQ vt age tv vz CR CS
A (ef abh ajd vs (wp rx afh akz (gl dn gs akr vq ta ml ads) akg ud)) ef di O (ue (za ajf aky) adh agg aji ql) pg P is abm ii lh abe gm Q xv nb adu agb afz ajb aer h R ph az bf be nw db tq (S iz (afv acb)) rs (T U bn cz cd ui V abg W ee qa abq X nz nl abq om) je nm ajm oy qm ch Y Z aec agp xg AA bs ao mu nu (td aes AB AC afs vc all AD mb) AE xh aho AF AG AH qy dr (pd (py fe a ajn abv agv vh) ro rl aga uf qe uq aci xd nl ok yj bq AI AJ yz abz ie AK (AL ng) (ad aea AM qp jf AN eu akt AO iu (w ge) AP vx AQ vm adq ajq acj AR) adz ajd wj yq y ej bg (td (aiw qa ub aad gi gc nf xi AT AU aee AV ok ft cz (aw my AW) ain AX xo aju abv afa AY AZ BA BB bu BC pz ao ti BD akz c BE acp ly eb qx (BF rd BG c aed add iw) ar akm (kr pr aby) ahn xn rb) gc (alo aga zq ra hg lr) pt aau aht BH gu)) aes dn os ajp ky BI ala ya BJ go BK ue BL dn aaz r uw ali fj ik st ux tk BM to a aji eu BN ajf je afn ahc acr BO tx BP cv mr aik akk dm (xl BQ gl ahy gy hm akw ahf ez mr ajk BR hu) BS aiq BT zr ma be BU yc aka gr xz qc ags BV rs ac ht BW BX BY aah BZ fx g sj da al wf hi CA adx aif adv CB agn pd tx ed ajr hg dt CC fq ph CD acy ug CE lb vc CF pb CG uf aiw aha afr CH CI CJ CK CL kf mx akr CM jm aiz ky aiq CN CO nu aeo CP aav CQ vt age tv vz CR CS
A (ef abh ajd vs (wp rx afh akz (gl dn gs akr vq ta ml ads) akg ud)) ef di O (ue (za ajf aky) adh agg aji ql) pg P is abm ii lh abe gm Q xv nb adu agb afz ajb aer h R ph az (gl dn gs akr vq ta ml ads) be nw db tq (S iz (afv acb)) rs (T U bn cz cd ui V abg W ee qa abq X nz nl abq om) je nm ajm oy qm ch Y Z aec agp xg AA bs ao mu nu (td aes AB AC afs vc all AD mb) AE xh aho AF AG AH qy dr (pd (py fe a ajn abv agv vh) ro rl aga uf qe uq aci xd nl ok yj bq AI AJ yz abz ie AK (AL ng) (ad aea AM qp jf AN eu akt AO iu (w ge) AP vx AQ vm adq ajq acj AR) adz ajd wj yq y ej bg (td (aiw qa ub aad gi gc nf xi AT AU aee AV ok ft cz (aw my AW) ain AX xo aju abv afa AY AZ BA BB bu BC pz ao ti BD akz c BE acp ly eb qx (BF rd BG c aed add iw) ar akm (kr pr aby) ahn xn rb) gc (alo aga zq ra hg lr) pt aau aht BH gu)) aes dn os ajp ky BI ala ya BJ go BK ue BL dn aaz r uw ali fj ik st ux tk BM to a aji eu BN ajf je afn ahc acr BO tx BP cv mr aik akk dm (xl BQ gl ahy gy hm akw ahf ez mr ajk BR hu) BS aiq BT zr ma be BU yc aka gr xz qc ags BV rs ac ht BW BX BY aah BZ fx g sj da al wf hi CA adx aif adv CB agn pd tx ed ajr hg dt CC fq ph CD acy ug CE lb vc CF pb CG uf aiw aha afr CH CI CJ CK CL kf mx akr CM jm aiz ky aiq CN CO nu aeo CP aav CQ vt age tv vz CR CS
A (ef abh ajd vs (wp rx afh akz (gl dn gs akr vq ta ml ads) akg ud)) ef di O (ue (za ajf aky) adh agg aji ql) pg P is abm ii lh abe gm Q xv nb adu agb afz ajb aer h R ph az (gl dn gs akr vq ta ml ads) be nw db tq (S iz (afv acb)) rs (T U bn cz cd ui V abg W (yb ls) qa abq X nz nl abq om) je nm ajm oy qm ch Y Z aec agp xg AA bs ao mu nu (td aes AB AC afs vc all AD mb) AE xh aho AF AG AH qy dr (pd (py fe a ajn abv agv vh) ro rl aga uf qe uq aci xd nl ok yj bq AI AJ yz abz ie AK (AL ng) (ad aea AM qp jf AN eu akt AO iu (w ge) AP vx AQ vm adq ajq acj AR) adz ajd wj yq y ej bg (td (aiw qa ub aad gi gc nf xi AT AU aee AV ok ft cz (aw my AW) ain AX xo aju abv afa AY AZ BA BB bu BC pz ao ti BD akz c BE acp ly eb qx (BF rd BG c aed add iw) ar akm (kr pr aby) ahn xn rb) gc (alo aga zq ra hg lr) pt aau aht BH gu)) aes dn os ajp ky BI ala ya BJ go BK ue BL dn aaz r uw ali fj ik st ux tk BM to a aji eu BN ajf je afn ahc acr BO tx BP cv mr aik akk dm (xl BQ gl ahy gy hm akw ahf ez mr ajk BR hu) BS aiq BT zr ma be BU yc aka gr xz qc ags BV rs ac ht BW BX BY aah BZ fx g sj da al wf hi CA adx aif adv CB agn pd tx ed ajr hg dt CC fq ph CD acy ug CE lb vc CF pb CG uf aiw aha afr CH CI CJ CK CL kf mx akr CM jm aiz ky aiq CN CO nu aeo CP aav CQ vt age tv vz CR CS
A (ef abh ajd vs (wp rx afh akz (gl dn gs akr vq ta ml ads) akg ud)) ef di O (ue (za ajf aky) adh agg aji ql) pg P is abm ii lh abe gm Q xv nb adu agb afz ajb aer h R ph az (gl dn gs akr vq ta ml ads) be nw db tq (S iz (afv acb)) rs (T U bn cz cd ui V abg W (yb (hz ald qw)) qa abq X nz nl abq om) je nm ajm oy qm ch Y Z aec agp xg AA bs ao mu nu (td aes AB AC afs vc all AD mb) AE xh aho AF AG AH qy dr (pd (py fe a ajn abv agv vh) ro rl aga uf qe uq aci xd nl ok yj bq AI AJ yz abz ie AK (AL ng) (ad aea AM qp jf AN eu akt AO iu (w ge) AP vx AQ vm adq ajq acj AR) adz ajd wj yq y ej bg (td (aiw qa ub aad gi gc nf xi AT AU aee AV ok ft cz (aw my AW) ain AX xo aju abv afa AY AZ BA BB bu BC pz ao ti BD akz c BE acp ly eb qx (BF rd BG c aed add iw) ar akm (kr pr aby) ahn xn rb) gc (alo aga zq ra hg lr) pt aau aht BH gu)) aes dn os ajp ky BI ala ya BJ go BK ue BL dn aaz r uw ali fj ik st ux tk BM to a aji eu BN ajf je afn ahc acr BO tx BP cv mr aik akk dm (xl BQ gl ahy gy hm akw ahf ez mr ajk BR hu) BS aiq BT zr ma be BU yc aka gr xz qc ags BV rs ac ht BW BX BY aah BZ fx g sj da al wf hi CA adx aif adv CB agn pd tx ed ajr hg dt CC fq ph CD acy ug CE lb vc CF pb CG uf aiw aha afr CH CI CJ CK CL kf mx akr CM jm aiz ky aiq CN CO nu aeo CP aav CQ vt age tv vz CR CS
A (ef abh ajd vs (wp rx afh akz (gl dn gs akr vq ta ml ads) akg ud)) ef di O (ue (za ajf aky) adh agg aji ql) pg P is abm ii lh abe gm Q xv nb adu agb afz ajb aer h R ph az (gl dn gs akr vq ta ml ads) be nw db tq (S iz (afv acb)) rs (T U bn cz cd ui V abg W (yb (hz ald qw)) qa abq X nz nl abq om) je rv ajm oy qm ch Y Z aec agp xg AA bs ao mu nu (td aes AB AC afs vc all AD mb) AE xh aho AF AG AH qy dr (pd (py fe a ajn abv agv vh) ro rl aga uf qe uq aci xd nl ok yj bq AI AJ yz abz ie AK (AL ng) (ad aea AM qp jf AN eu akt AO iu (w ge) AP vx AQ vm adq ajq acj AR) adz ajd wj yq y ej bg (td (aiw qa ub aad gi gc nf xi AT AU aee AV ok ft cz (aw my AW) ain AX xo aju abv afa AY AZ BA BB bu BC pz ao ti BD akz c BE acp ly eb qx (BF rd BG c aed add iw) ar akm (kr pr aby) ahn xn rb) gc (alo aga zq ra hg lr) pt aau aht BH gu)) aes dn os ajp ky BI ala ya BJ go BK ue BL dn aaz r uw ali fj ik st ux tk BM to a aji eu BN ajf je afn ahc acr BO tx BP cv mr aik akk dm (xl BQ gl ahy gy hm akw ahf ez mr ajk BR hu) BS aiq BT zr ma be BU yc aka gr xz qc ags BV rs ac ht BW BX BY aah BZ fx g sj da al wf hi CA adx aif adv CB agn pd tx ed ajr hg dt CC fq ph CD acy ug CE lb vc CF pb CG uf aiw aha afr CH CI CJ CK CL kf mx akr CM jm aiz ky aiq CN CO nu aeo CP aav CQ vt age tv vz CR CS
A (ef abh ajd vs (wp rx afh akz (gl dn gs akr vq ta ml ads) akg ud)) ef di O (ue (za ajf aky) adh agg aji ql) pg P is abm ii lh abe gm Q xv nb adu agb afz ajb aer h R ph az (gl dn gs akr vq ta ml ads) be nw db tq (S iz (afv acb)) rs (T U bn cz cd ui V abg W (yb (hz ald qw)) qa abq X nz nl abq om) je rv ajm oy qm ch Y Z aec agp xg AA bs ao mu nu (td aes AB AC afs vc all AD mb) AE xh aho AF AG AH qy dr (wn ale mg AJ yz abz ie AK (AL ng) (ad aea AM qp jf AN eu akt AO iu (w ge) AP vx AQ vm adq ajq acj AR) adz ajd wj yq y ej bg (td (aiw qa ub aad gi gc nf xi AT AU aee AV ok ft cz (aw my AW) ain AX xo aju abv afa AY AZ BA BB bu BC pz ao ti BD akz c BE acp ly eb qx (BF rd BG c aed add iw) ar akm (kr pr aby) ahn xn rb) gc (alo aga zq ra hg lr) pt aau aht BH gu)) aes dn os ajp ky BI ala ya BJ go BK ue BL dn aaz r uw ali fj ik st ux tk BM to a aji eu BN ajf je afn ahc acr BO tx BP cv mr aik akk dm (xl BQ gl ahy gy hm akw ahf ez mr ajk BR hu) BS aiq BT zr ma be BU yc aka gr xz qc ags BV rs ac ht BW BX BY aah BZ fx g sj da al wf hi CA adx aif adv CB agn pd tx ed ajr hg dt CC fq ph CD acy ug CE lb vc CF pb CG uf aiw aha afr CH CI CJ CK CL kf mx akr CM jm aiz ky aiq CN CO nu aeo CP aav CQ vt age tv vz CR CS
A (ef abh ajd vs (wp rx afh akz (gl dn gs akr vq ta ml ads) akg ud)) ef di O (ue (za ajf aky) adh agg aji ql) pg P is abm ii lh abe gm Q xv nb adu agb afz ajb aer h R ph az (gl dn gs akr vq ta ml ads) be nw db tq (S iz (afv acb)) rs (T U bn cz cd ui V abg W (yb (hz ald qw)) qa abq X nz nl abq om) je rv ajm oy qm ch Y Z aec agp xg AA bs ao mu nu (td aes AB AC afs vc all AD mb) AE xh aho AF AG AH qy dr (wn ale mg AJ yz abz ie AK (AL ng) (ad aea AM qp jf AN eu akt AO iu (w ge) AP vx AQ vm adq ajq acj AR) adz ajd wj yq y ej bg (td (fg vh mv cg ag ym ala ml om (aer cm b ait hw yo aai ti) ok ft cz (aw my AW) ain AX xo aju abv afa AY AZ BA BB bu BC pz ao ti BD akz c BE acp ly eb qx (BF rd BG c aed add iw) ar akm (kr pr aby) ahn xn rb) gc (alo aga zq ra hg lr) pt aau aht BH gu)) aes dn os ajp ky BI ala ya BJ go BK ue BL dn aaz r uw ali fj ik st ux tk BM to a aji eu BN ajf je afn ahc acr BO tx BP cv mr aik akk dm (xl BQ gl ahy gy hm akw ahf ez mr ajk BR hu) BS aiq BT zr ma be BU yc aka gr xz qc ags BV rs ac ht BW BX BY aah BZ fx g sj da al wf hi CA adx aif adv CB agn pd tx ed ajr hg dt CC fq ph CD acy ug CE lb vc CF pb CG uf aiw aha afr CH CI CJ CK CL kf mx akr CM jm aiz ky aiq CN CO nu aeo CP aav CQ vt age tv vz CR CS
A (ef abh ajd vs (wp rx afh akz (gl dn gs akr vq ta ml ads) akg ud)) ef di O (ue (za ajf aky) adh agg aji ql) pg P is abm ii lh abe gm Q xv nb adu agb afz ajb aer h R ph az (gl dn gs akr vq ta ml ads) be nw db tq (S iz (afv acb)) rs (T U bn cz cd ui V abg W (yb (hz ald qw)) qa abq X nz nl abq om) je rv ajm oy qm ch Y Z aec agp xg AA bs ao mu nu (td aes AB AC afs vc all AD mb) AE xh aho AF AG AH qy dr (wn ale mg AJ yz abz ie AK (AL ng) (ad aea AM qp jf AN eu akt AO iu (w ge) AP vx AQ vm adq ajq acj AR) adz ajd wj yq y ej bg (td (mf fc ako agt fd cg ag ym ala ml om (aer cm b ait hw yo aai ti) ok ft cz (aw my AW) ain AX xo aju abv afa AY AZ BA BB bu BC pz ao ti BD akz c BE acp ly eb qx (BF rd BG c aed add iw) ar akm (kr pr aby) ahn xn rb) gc (alo aga zq ra hg lr) pt aau aht BH gu)) aes dn os ajp ky BI ala ya BJ go BK ue BL dn aaz r uw ali fj ik st ux tk BM to a aji eu BN ajf je afn ahc acr BO tx BP cv mr aik akk dm (xl BQ gl ahy gy hm akw ahf ez mr ajk BR hu) BS aiq BT zr ma be BU yc aka gr xz qc ags BV rs ac ht BW BX BY aah BZ fx g sj da al wf hi CA adx aif adv CB agn pd tx ed ajr hg dt CC fq ph CD acy ug CE lb vc CF pb CG uf aiw aha afr CH CI CJ CK CL kf mx akr CM jm aiz ky aiq CN CO nu aeo CP aav CQ vt age tv vz CR CS
A (ef abh ajd vs (wp rx afh akz (gl dn gs akr vq ta ml ads) akg ud)) ef di O (ue (za ajf aky) adh agg aji ql) pg P is abm ii lh abe gm Q xv nb adu agb afz ajb aer h R ph az (gl dn gs akr vq ta ml ads) be nw db tq (S iz (afv acb)) rs (T U bn cz cd ui V abg W (yb (hz ald qw)) qa abq X nz nl abq om) je rv ajm oy qm ch Y Z aec agp xg AA bs ao mu nu (td aes AB AC afs vc all AD mb) AE xh aho AF AG AH qy dr (wn ale mg AJ yz abz ie AK (AL ng) (ad aea AM qp jf AN eu akt AO iu (w ge) AP vx AQ vm adq ajq acj AR) adz ajd wj yq y ej bg (td (aet wk zm fu ajy k ft cz (aw my AW) ain AX xo aju abv afa AY AZ BA BB bu BC pz ao ti BD akz c BE acp ly eb qx (BF rd BG c aed add iw) ar akm (kr pr aby) ahn xn rb) gc (alo aga zq ra hg lr) pt aau aht BH gu)) aes dn os ajp ky BI ala ya BJ go BK ue BL dn aaz r uw ali fj ik st ux tk BM to a aji eu BN ajf je afn ahc acr BO tx BP cv mr aik akk dm (xl BQ gl ahy gy hm akw ahf ez mr ajk BR hu) BS aiq BT zr ma be BU yc aka gr xz qc ags BV rs ac ht BW BX BY aah BZ fx g sj da al wf hi CA adx aif adv CB agn pd tx ed ajr hg dt CC fq ph CD acy ug CE lb vc CF pb CG uf aiw aha afr CH CI CJ CK CL kf mx akr CM jm aiz ky aiq CN CO nu aeo CP aav CQ vt age tv vz CR CS
A (ef abh ajd vs (wp rx afh akz (gl dn gs akr vq ta ml ads) akg ud)) ef di O (ue (za ajf aky) adh agg aji ql) pg P is abm ii lh abe gm Q xv nb adu agb afz ajb aer h R ph az (gl dn gs akr vq ta ml ads) be nw db tq (S iz (afv acb)) rs (T U bn cz cd ui V abg W (yb (hz ald qw)) qa abq X nz nl abq om) je rv ajm oy qm ch Y Z aec agp xg AA bs ao mu nu (td aes AB AC afs vc all AD mb) AE xh aho AF AG AH qy dr (wn ale mg AJ yz abz ie AK (AL ng) (ad aea AM qp jf AN eu akt AO iu (w ge) AP vx AQ vm adq ajq acj AR) adz ajd wj yq y ej bg (td (act jo he fo ahc qy act ax jd tg wu aia aeh akx AZ BA BB bu BC pz ao ti BD akz c BE acp ly eb qx (BF rd BG c aed add iw) ar akm (kr pr aby) ahn xn rb) gc (alo aga zq ra hg lr) pt aau aht BH gu)) aes dn os ajp ky BI ala ya BJ go BK ue BL dn aaz r uw ali fj ik st ux tk BM to a aji eu BN ajf je afn ahc acr BO tx BP cv mr aik akk dm (xl BQ gl ahy gy hm akw ahf ez mr ajk BR hu) BS aiq BT zr ma be BU yc aka gr xz qc ags BV rs ac ht BW BX BY aah BZ fx g sj da al wf hi CA adx aif adv CB agn pd tx ed ajr hg dt CC fq ph CD acy ug CE lb vc CF pb CG uf aiw aha afr CH CI CJ CK CL kf mx akr CM jm aiz ky aiq CN CO nu aeo CP aav CQ vt age tv vz CR CS
A (ef abh ajd vs (wp rx afh akz (gl dn gs akr vq ta ml ads) akg ud)) ef di O (ue (za ajf aky) adh agg aji ql) pg P is abm ii lh abe gm Q xv nb adu agb afz ajb aer h R ph az (gl dn gs akr vq ta ml ads) be nw db tq (S iz (afv acb)) rs (T U bn cz cd ui V abg W (yb (hz ald qw)) qa abq X nz nl abq om) je rv ajm oy qm ch Y Z aec agp xg AA bs ao mu nu (td aes AB AC afs vc all AD mb) AE xh aho AF AG AH qy dr (wn ale mg AJ yz abz ie AK (AL ng) (ad aea AM qp jf AN eu akt AO iu (w ge) AP vx AQ vm adq ajq acj AR) adz ajd wj yq y ej bg (td (cz bk lq gf ro fw aat zz hf aia aeh akx AZ BA BB bu BC pz ao ti BD akz c BE acp ly eb qx (BF rd BG c aed add iw) ar akm (kr pr aby) ahn xn rb) gc (alo aga zq ra hg lr) pt aau aht BH gu)) aes dn os ajp ky BI ala ya BJ go BK ue BL dn aaz r uw ali fj ik st ux tk BM to a aji eu BN ajf je afn ahc acr BO tx BP cv mr aik akk dm (xl BQ gl ahy gy hm akw ahf ez mr ajk BR hu) BS aiq BT zr ma be BU yc aka gr xz qc ags BV rs ac ht BW BX BY aah BZ fx g sj da al wf hi CA adx aif adv CB agn pd tx ed ajr hg dt CC fq ph CD acy ug CE lb vc CF pb CG uf aiw aha afr CH CI CJ CK CL kf mx akr CM jm aiz ky aiq CN CO nu aeo CP aav CQ vt age tv vz CR CS
A (ef abh ajd vs (wp rx afh akz (gl dn gs akr vq ta ml ads) akg ud)) ef di O (ue (za ajf aky) adh agg aji ql) pg P is abm ii lh abe gm Q xv nb adu agb afz ajb aer h R ph az (gl dn gs akr vq ta ml ads) be nw db tq (S iz (afv acb)) rs (T U bn cz cd ui V abg W (yb (hz ald qw)) qa abq X nz nl abq om) je rv ajm oy qm ch Y Z aec agp xg AA bs ao mu nu (td aes AB AC afs vc all AD mb) AE xh aho AF AG AH qy dr (wn ale mg AJ yz abz ie AK (AL ng) (ad aea AM qp jf AN eu akt AO iu (w ge) AP vx AQ vm adq ajq acj AR) adz ajd wj yq y ej bg (td (qs qk my zu fi vs abw lw ef akx ug aen vm pk afn lc wd iz ako fw aat zz hf aia aeh akx AZ BA BB bu BC pz ao ti BD akz c BE acp ly eb qx (BF rd BG c aed add iw) ar akm (kr pr aby) ahn xn rb) gc (alo aga zq ra hg lr) pt aau aht BH gu)) aes dn os ajp ky BI ala ya BJ go BK ue BL dn aaz r uw ali fj ik st ux tk BM to a aji eu BN ajf je afn ahc acr BO tx BP cv mr aik akk dm (xl BQ gl ahy gy hm akw ahf ez mr ajk BR hu) BS aiq BT zr ma be BU yc aka gr xz qc ags BV rs ac ht BW BX BY aah BZ fx g sj da al wf hi CA adx aif adv CB agn pd tx ed ajr hg dt CC fq ph CD acy ug CE lb vc CF pb CG uf aiw aha afr CH CI CJ CK CL kf mx akr CM jm aiz ky aiq CN CO nu aeo CP aav CQ vt age tv vz CR CS
A (ef abh ajd vs (wp rx afh akz (gl dn gs akr vq ta ml ads) akg ud)) ef di O (ue (za ajf aky) adh agg aji ql) pg P is abm ii lh abe gm Q xv nb adu agb afz ajb aer h R ph az (gl dn gs akr vq ta ml ads) be nw db tq (S iz (afv acb)) rs (T U bn cz cd ui V abg W (yb (hz ald qw)) qa abq X nz nl abq om) je rv ajm oy qm ch Y Z aec agp xg AA bs ao mu nu (td aes AB AC afs vc all AD mb) AE xh aho AF AG AH qy dr (wn ale mg AJ yz abz ie AK (AL ng) (ad aea AM qp jf AN eu akt AO iu (w ge) AP vx AQ vm adq ajq acj AR) adz ajd wj yq y ej bg (td (gh ra cg agn ahb ip akx ug aen vm pk afn lc wd iz ako fw aat zz hf aia aeh akx AZ BA BB bu BC pz ao ti BD akz c BE acp ly eb qx (BF rd BG c aed add iw) ar akm (kr pr aby) ahn xn rb) gc (alo aga zq ra hg lr) pt aau aht BH gu)) aes dn os ajp ky BI ala ya BJ go BK ue BL dn aaz r uw ali fj ik st ux tk BM to a aji eu BN ajf je afn ahc acr BO tx BP cv mr aik akk dm (xl BQ gl ahy gy hm akw ahf ez mr ajk BR hu) BS aiq BT zr ma be BU yc aka gr xz qc ags BV rs ac ht BW BX BY aah BZ fx g sj da al wf hi CA adx aif adv CB agn pd tx ed ajr hg dt CC fq ph CD acy ug CE lb vc CF pb CG uf aiw aha afr CH CI CJ CK CL kf mx akr CM jm aiz ky aiq CN CO nu aeo CP aav CQ vt age tv vz CR CS
A (ef abh ajd vs (wp rx afh akz (gl dn gs akr vq ta ml ads) akg ud)) ef di O (ue (za ajf aky) adh agg aji ql) pg P is abm ii lh abe gm Q xv nb adu agb afz ajb aer h R ph az (gl dn gs akr vq ta ml ads) be nw db tq (S iz (afv acb)) rs (T U bn cz cd ui V abg W (yb (hz ald qw)) qa abq X nz nl abq om) je rv ajm oy qm ch Y Z aec agp xg AA bs ao mu nu (td aes AB AC afs vc all AD mb) AE xh aho AF AG AH qy dr (wn ale mg AJ yz abz ie AK (AL ng) (ad aea AM qp jf AN eu akt AO iu (w ge) AP vx AQ vm adq ajq acj AR) adz ajd wj yq y ej bg (td (abp pk afn lc wd iz ako fw aat zz hf aia aeh akx AZ BA BB bu BC pz ao ti BD akz c BE acp ly eb qx (BF rd BG c aed add iw) ar akm (kr pr aby) ahn xn rb) gc (alo aga zq ra hg lr) pt aau aht BH gu)) aes dn os ajp ky BI ala ya BJ go BK ue BL dn aaz r uw ali fj ik st ux tk BM to a aji eu BN ajf je afn ahc acr BO tx BP cv mr aik akk dm (xl BQ gl ahy gy hm akw ahf ez mr ajk BR hu) BS aiq BT zr ma be BU yc aka gr xz qc ags BV rs ac ht BW BX BY aah BZ fx g sj da al wf hi CA adx aif adv CB agn pd tx ed ajr hg dt CC fq ph CD acy ug CE lb vc CF pb CG uf aiw aha afr CH CI CJ CK CL kf mx akr CM jm aiz ky aiq CN CO nu aeo CP aav CQ vt age tv vz CR CS
A (ef abh ajd vs (wp rx afh akz (gl dn gs akr vq ta ml ads) akg ud)) ef di O (ue (za ajf aky) adh agg aji ql) pg P is abm ii lh abe gm Q xv nb adu agb afz ajb aer h R ph az (gl dn gs akr vq ta ml ads) be nw db tq (S iz (afv acb)) rs (T U bn cz cd ui V abg W (yb (hz ald qw)) qa abq X nz nl abq om) je rv ajm oy qm ch Y Z aec agp xg AA bs ao mu nu (td aes AB AC afs vc all AD mb) AE xh aho AF AG AH qy dr (wn ale mg AJ yz abz ie AK (AL ng) (ad aea AM qp jf AN eu akt AO iu (w ge) AP vx AQ vm adq ajq acj AR) adz ajd wj yq y ej bg (td (age cs ct ip abv jp ng ci ze ahm eq jy iz qe es fo wq bh ao ti BD akz c BE acp ly eb qx (BF rd BG c aed add iw) ar akm (kr pr aby) ahn xn rb) gc (alo aga zq ra hg lr) pt aau aht BH gu)) aes dn os ajp ky BI ala ya BJ go BK ue BL dn aaz r uw ali fj ik st ux tk BM to a aji eu BN ajf je afn ahc acr BO tx BP cv mr aik akk dm (xl BQ gl ahy gy hm akw ahf ez mr ajk BR hu) BS aiq BT zr ma be BU yc aka gr xz qc ags BV rs ac ht BW BX BY aah BZ fx g sj da al wf hi CA adx aif adv CB agn pd tx ed ajr hg dt CC fq ph CD acy ug CE lb vc CF pb CG uf aiw aha afr CH CI CJ CK CL kf mx akr CM jm aiz ky aiq CN CO nu aeo CP aav CQ vt age tv vz CR CS
A (ef abh ajd vs (wp rx afh akz (gl dn gs akr vq ta ml ads) akg ud)) ef di O (ue (za ajf aky) adh agg aji ql) pg P is abm ii lh abe gm Q xv nb adu agb afz ajb aer h R ph az (gl dn gs akr vq ta ml ads) be nw db tq (S iz (afv acb)) rs (T U bn cz cd ui V abg W (yb (hz ald qw)) qa abq X nz nl abq om) je rv ajm oy qm ch Y Z aec agp xg AA bs ao mu nu (td aes AB AC afs vc all AD mb) AE xh aho AF AG AH qy dr (wn ale mg AJ yz abz ie AK (AL ng) (ad aea AM qp jf AN eu akt AO iu (w ge) AP vx AQ vm adq ajq acj AR) adz ajd wj yq y ej bg (td (acz ahd jf zf ep ht abc nn js hf ao ti BD akz c BE acp ly eb qx (BF rd BG c aed add iw) ar akm (kr pr aby) ahn xn rb) gc (alo aga zq ra hg lr) pt aau aht BH gu)) aes dn os ajp ky BI ala ya BJ go BK ue BL dn aaz r uw ali fj ik st ux tk BM to a aji eu BN ajf je afn ahc acr BO tx BP cv mr aik akk dm (xl BQ gl ahy gy hm akw ahf ez mr ajk BR hu) BS aiq BT zr ma be BU yc aka gr xz qc ags BV rs ac ht BW BX BY aah BZ fx g sj da al wf hi CA adx aif adv CB agn pd tx ed ajr hg dt CC fq ph CD acy ug CE lb vc CF pb CG uf aiw aha afr CH CI CJ CK CL kf mx akr CM jm aiz ky aiq CN CO nu aeo CP aav CQ vt age tv vz CR CS
A (ef abh ajd vs (wp rx afh akz (gl dn gs akr vq ta ml ads) akg ud)) ef di O (ue (za ajf aky) adh agg aji ql) pg P is abm ii lh abe gm Q xv nb adu agb afz ajb aer h R ph az (gl dn gs akr vq ta ml ads) be nw db tq (S iz (afv acb)) rs (T U bn cz cd ui V abg W (yb (hz ald qw)) qa abq X nz nl abq om) je rv ajm oy qm ch Y Z aec agp xg AA bs ao mu nu (td aes AB AC afs vc all AD mb) AE xh aho AF AG AH qy dr (wn ale mg AJ yz abz ie AK (AL ng) (ad aea AM qp jf AN eu akt AO iu (w ge) AP vx AQ vm adq ajq acj AR) adz ajd wj yq y ej bg (td (jy zu tf (adr aef ml lu alm) os afq mp qv aji bf afq ao pk gx jp c BE acp ly eb qx (BF rd BG c aed add iw) ar akm (kr pr aby) ahn xn rb) gc (alo aga zq ra hg lr) pt aau aht BH gu)) aes dn os ajp ky BI ala ya BJ go BK ue BL dn aaz r uw ali fj ik st ux tk BM to a aji eu BN ajf je afn ahc acr BO tx BP cv mr aik akk dm (xl BQ gl ahy gy hm akw ahf ez mr ajk BR hu) BS aiq BT zr ma be BU yc aka gr xz qc ags BV rs ac ht BW BX BY aah BZ fx g sj da al wf hi CA adx aif adv CB agn pd tx ed ajr hg dt CC fq ph CD acy ug CE lb vc CF pb CG uf aiw aha afr CH CI CJ CK CL kf mx akr CM jm aiz ky aiq CN CO nu aeo CP aav CQ vt age tv vz CR CS
A (ef abh ajd vs (wp rx afh akz (gl dn gs akr vq ta ml ads) akg ud)) ef di O (ue (za ajf aky) adh agg aji ql) pg P is abm ii lh abe gm Q xv nb adu agb afz ajb aer h R ph az (gl dn gs akr vq ta ml ads) be nw db tq (S iz (afv acb)) rs (T U bn cz cd ui V abg W (yb (hz ald qw)) qa abq X nz nl abq om) je rv ajm oy qm ch Y Z aec agp xg AA bs ao mu nu (td aes AB AC afs vc all AD mb) AE xh aho AF AG AH qy dr (wn ale mg AJ yz abz ie AK (AL ng) (ad aea AM qp jf AN eu akt AO iu (w ge) AP vx AQ vm adq ajq acj AR) adz ajd wj yq y ej bg (td (nj ahl cy agv es gx jp c BE acp ly eb qx (BF rd BG c aed add iw) ar akm (kr pr aby) ahn xn rb) gc (alo aga zq ra hg lr) pt aau aht BH gu)) aes dn os ajp ky BI ala ya BJ go BK ue BL dn aaz r uw ali fj ik st ux tk BM to a aji eu BN ajf je afn ahc acr BO tx BP cv mr aik akk dm (xl BQ gl ahy gy hm akw ahf ez mr ajk BR hu) BS aiq BT zr ma be BU yc aka gr xz qc ags BV rs ac ht BW BX BY aah BZ fx g sj da al wf hi CA adx aif adv CB agn pd tx ed ajr hg dt CC fq ph CD acy ug CE lb vc CF pb CG uf aiw aha afr CH CI CJ CK CL kf mx akr CM jm aiz ky aiq CN CO nu aeo CP aav CQ vt age tv vz CR CS
A (ef abh ajd vs (wp rx afh akz (gl dn gs akr vq ta ml ads) akg ud)) ef di O (ue (za ajf aky) adh agg aji ql) pg P is abm ii lh abe gm Q xv nb adu agb afz ajb aer h R ph az (gl dn gs akr vq ta ml ads) be nw db tq (S iz (afv acb)) rs (T U bn cz cd ui V abg W (yb (hz ald qw)) qa abq X nz nl abq om) je rv ajm oy qm ch Y Z aec agp xg AA bs ao mu nu (td aes AB AC afs vc all AD mb) AE xh aho AF AG AH qy dr (wn ale mg AJ yz abz ie AK (AL ng) (ad aea AM qp jf AN eu akt AO iu (w ge) AP vx AQ vm adq ajq acj AR) adz ajd wj yq y ej bg (td wx gc (alo aga zq ra hg lr) pt aau aht BH gu)) aes dn os ajp ky BI ala ya BJ go BK ue BL dn aaz r uw ali fj ik st ux tk BM to a aji eu BN ajf je afn ahc acr BO tx BP cv mr aik akk dm (xl BQ gl ahy gy hm akw ahf ez mr ajk BR hu) BS aiq BT zr ma be BU yc aka gr xz qc ags BV rs ac ht BW BX BY aah BZ fx g sj da al wf hi CA adx aif adv CB agn pd tx ed ajr hg dt CC fq ph CD acy ug CE lb vc CF pb CG uf aiw aha afr CH CI CJ CK CL kf mx akr CM jm aiz ky aiq CN CO nu aeo CP aav CQ vt age tv vz CR CS
A (ef abh ajd vs (wp rx afh akz (gl dn gs akr vq ta ml ads) akg ud)) ef di O (ue (za ajf aky) adh agg aji ql) pg P is abm ii lh abe gm Q xv nb adu agb afz ajb aer h R ph az (gl dn gs akr vq ta ml ads) be nw db tq (S iz (afv acb)) rs (T U bn cz cd ui V abg W (yb (hz ald qw)) qa abq X nz nl abq om) je rv ajm oy qm ch Y Z aec agp xg AA bs ao mu nu (td aes AB AC afs vc all AD mb) AE xh aho AF AG AH qy dr (wn ale mg AJ yz abz ie AK (AL ng) (ad aea AM qp jf AN eu akt AO iu (w ge) AP vx AQ vm adq ajq acj AR) adz ajd wj yq y ej bg (td wx gc (ac et ij hg lr) pt aau aht BH gu)) aes dn os ajp ky BI ala ya BJ go BK ue BL dn aaz r uw ali fj ik st ux tk BM to a aji eu BN ajf je afn ahc acr BO tx BP cv mr aik akk dm (xl BQ gl ahy gy hm akw ahf ez mr ajk BR hu) BS aiq BT zr ma be BU yc aka gr xz qc ags BV rs ac ht BW BX BY aah BZ fx g sj da al wf hi CA adx aif adv CB agn pd tx ed ajr hg dt CC fq ph CD acy ug CE lb vc CF pb CG uf aiw aha afr CH CI CJ CK CL kf mx akr CM jm aiz ky aiq CN CO nu aeo CP aav CQ vt age tv vz CR CS
A (ef abh ajd vs (wp rx afh akz (gl dn gs akr vq ta ml ads) akg ud)) ef di O (ue (za ajf aky) adh agg aji ql) pg P is abm ii lh abe gm Q xv nb adu agb afz ajb aer h R ph az (gl dn gs akr vq ta ml ads) be nw db tq (S iz (afv acb)) rs (T U bn cz cd ui V abg W (yb (hz ald qw)) qa abq X nz nl abq om) je rv ajm oy qm ch Y Z aec agp xg AA bs ao mu nu (td aes AB AC afs vc all AD mb) AE xh aho AF AG AH qy dr (wn ale mg AJ yz abz ie AK (AL ng) (ad aea AM qp jf AN eu akt AO iu (w ge) AP vx AQ vm adq ajq acj AR) adz ajd wj yq y ej bg (td wx gc (jz ahu tz kg u hp et ij hg lr) pt aau aht BH gu)) aes dn os ajp ky BI ala ya BJ go BK ue BL dn aaz r uw ali fj ik st ux tk BM to a aji eu BN ajf je afn ahc acr BO tx BP cv mr aik akk dm (xl BQ gl ahy gy hm akw ahf ez mr ajk BR hu) BS aiq BT zr ma be BU yc aka gr xz qc ags BV rs ac ht BW BX BY aah BZ fx g sj da al wf hi CA adx aif adv CB agn pd tx ed ajr hg dt CC fq ph CD acy ug CE lb vc CF pb CG uf aiw aha afr CH CI CJ CK CL kf mx akr CM jm aiz ky aiq CN CO nu aeo CP aav CQ vt age tv vz CR CS
A (ef abh ajd vs (wp rx afh akz (gl dn gs akr vq ta ml ads) akg ud)) ef di O (ue (za ajf aky) adh agg aji ql) pg P is abm ii lh abe gm Q xv nb adu agb afz ajb aer h R ph az (gl dn gs akr vq ta ml ads) be nw db tq (S iz (afv acb)) rs (T U bn cz cd ui V abg W (yb (hz ald qw)) qa abq X nz nl abq om) je rv ajm oy qm ch Y Z aec agp xg AA bs ao mu nu (td aes AB AC afs vc all AD mb) AE xh aho AF AG AH qy dr (wn ale mg AJ yz abz ie AK (AL ng) (ad aea AM qp jf AN eu akt AO iu (w ge) AP vx AQ vm adq ajq acj AR) adz ajd wj yq y ej bg (td wx gc (jz ahu tz kg u hp et ij hg lr) pt aau aht BH gu)) aes dn os ajp ky BI ala ya BJ go BK ue BL dn aaz r uw ali fj ik st ux tk BM (agi (ut ko ck ail ahg kn akn aee du zl aij yd) yn (aez ca gw ig)) a aji eu BN ajf je afn ahc acr BO tx BP cv mr aik akk dm (xl BQ gl ahy gy hm akw ahf ez mr ajk BR hu) BS aiq BT zr ma be BU yc aka gr xz qc ags BV rs ac ht BW BX BY aah BZ fx g sj da al wf hi CA adx aif adv CB agn pd tx ed ajr hg dt CC fq ph CD acy ug CE lb vc CF pb CG uf aiw aha afr CH CI CJ CK CL kf mx akr CM jm aiz ky aiq CN CO nu aeo CP aav CQ vt age tv vz CR CS
A (ef abh ajd vs (wp rx afh akz (gl dn gs akr vq ta ml ads) akg ud)) ef di O (ue (za ajf aky) adh agg aji ql) pg P is abm ii lh abe gm Q xv nb adu agb afz ajb aer h R ph az (gl dn gs akr vq ta ml ads) be nw db tq (S iz (afv acb)) rs (T U bn cz cd ui V abg W (yb (hz ald qw)) qa abq X nz nl abq om) je rv ajm oy qm ch Y Z aec agp xg AA bs ao mu nu (td aes AB AC afs vc all AD mb) AE xh aho AF AG AH qy dr (wn ale mg AJ yz abz ie AK (AL ng) (ad aea AM qp jf AN eu akt AO iu (w ge) AP vx AQ vm adq ajq acj AR) adz ajd wj yq y ej bg (td wx gc (jz ahu tz kg u hp et ij hg lr) pt aau aht BH gu)) aes dn os ajp ky BI ala ya BJ go BK ue BL dn aaz r uw ali fj ik st ux tk BM (agi (ut ko ck ail ahg kn akn aee du zl aij yd) yn (aez ca gw ig)) a aji eu BN ajf je (gv akx yc hv it pj ad (aje ts xp afb aci jl aah)) ahc acr BO tx BP cv mr aik akk dm (xl BQ gl ahy gy hm akw ahf ez mr ajk BR hu) BS aiq BT zr ma be BU yc aka gr xz qc ags BV rs ac ht BW BX BY aah BZ fx g sj da al wf hi CA adx aif adv CB agn pd tx ed ajr hg dt CC fq ph CD acy ug CE lb vc CF pb CG uf aiw aha afr CH CI CJ CK CL kf mx akr CM jm aiz ky aiq CN CO nu aeo CP aav CQ vt age tv vz CR CS
A (ef abh ajd vs (wp rx afh akz (gl dn gs akr vq ta ml ads) akg ud)) ef di O (ue (za ajf aky) adh agg aji ql) pg P is abm ii lh abe gm Q xv nb adu agb afz ajb aer h R ph az (gl dn gs akr vq ta ml ads) be nw db tq (S iz (afv acb)) rs (T U bn cz cd ui V abg W (yb (hz ald qw)) qa abq X nz nl abq om) je rv ajm oy qm ch Y Z aec agp xg AA bs ao mu nu (td aes AB AC afs vc all AD mb) AE xh aho AF AG AH qy dr (wn ale mg AJ yz abz ie AK (AL ng) (ad aea AM qp jf AN eu akt AO iu (w ge) AP vx AQ vm adq ajq acj AR) adz ajd wj yq y ej bg (td wx gc (jz ahu tz kg u hp et ij hg lr) pt aau aht BH gu)) aes dn os ajp ky BI ala ya BJ go BK ue BL dn aaz r uw ali fj ik st ux tk BM (agi (ut ko ck ail ahg kn akn aee du zl aij yd) yn (aez ca gw ig)) a aji eu BN ajf je (gv akx yc hv it (agz wh aey aki kt kr ajz alb aki ri alf fp sp (sq ajo jy) wc gj iv ahg) ad (aje ts xp afb aci jl aah)) ahc acr BO tx BP cv mr aik akk dm (xl BQ gl ahy gy hm akw ahf ez mr ajk BR hu) BS aiq BT zr ma be BU yc aka gr xz qc ags BV rs ac ht BW BX BY aah BZ fx g sj da al wf hi CA adx aif adv CB agn pd tx ed ajr hg dt CC fq ph CD acy ug CE lb vc CF pb CG uf aiw aha afr CH CI CJ CK CL kf mx akr CM jm aiz ky aiq CN CO nu aeo CP aav CQ vt age tv vz CR CS
A (ef abh ajd vs (wp rx afh akz (gl dn gs akr vq ta ml ads) akg ud)) ef di O (ue (za ajf aky) adh agg aji ql) pg P is abm ii lh abe gm Q xv nb adu agb afz ajb aer h R ph az (gl dn gs akr vq ta ml ads) be nw db tq (S iz (afv acb)) rs (T U bn cz cd ui V abg W (yb (hz ald qw)) qa abq X nz nl abq om) je rv ajm oy qm ch Y Z aec agp xg AA bs ao mu nu (td aes AB AC afs vc all AD mb) AE xh aho AF AG AH qy dr (wn ale mg AJ yz abz ie AK (AL ng) (ad aea AM qp jf AN eu akt AO iu (w ge) AP vx AQ vm adq ajq acj AR) adz ajd wj yq y ej bg (td wx gc (jz ahu tz kg u hp et ij hg lr) pt aau aht BH gu)) aes dn os ajp ky BI ala ya BJ go BK ue BL dn aaz r uw ali fj ik st ux tk BM (agi (ut ko ck ail ahg kn akn aee du zl aij yd) yn (aez ca gw ig)) a aji eu BN ajf je (gv akx yc hv it (ajl jc ny adp (fe gu rs ye abu vo nz ahj kb pc) (aej ax wg bs ahw alh) fp sp (sq ajo jy) wc gj iv ahg) ad (aje ts xp afb aci jl aah)) ahc acr BO tx BP cv mr aik akk dm (xl BQ gl ahy gy hm akw ahf ez mr ajk BR hu) BS aiq BT zr ma be BU yc aka gr xz qc ags BV rs ac ht BW BX BY aah BZ fx g sj da al wf hi CA adx aif adv CB agn pd tx ed ajr hg dt CC fq ph CD acy ug CE lb vc CF pb CG uf aiw aha afr CH CI CJ CK CL kf mx akr CM jm aiz ky aiq CN CO nu aeo CP aav CQ vt age tv vz CR CS


